num.trans.involved.in,sample,peak
30,Sample_S19S_0078_Sed,241.03537
3,Sample_S19S_0078_Sed,241.0466195
17,Sample_S19S_0078_Sed,241.0717422
10,Sample_S19S_0078_Sed,241.1081087
7,Sample_S19S_0078_Sed,241.1193918
9,Sample_S19S_0078_Sed,241.1445007
8,Sample_S19S_0078_Sed,242.0670034
15,Sample_S19S_0078_Sed,242.139775
5,Sample_S19S_0078_Sed,242.1761465
41,Sample_S19S_0078_Sed,243.0510224
12,Sample_S19S_0078_Sed,243.0873816
9,Sample_S19S_0078_Sed,243.1237626
20,Sample_S19S_0078_Sed,243.1601665
29,Sample_S19S_0078_Sed,243.1965883
18,Sample_S19S_0078_Sed,244.1190458
8,Sample_S19S_0078_Sed,244.1302798
2,Sample_S19S_0078_Sed,245.0489119
62,Sample_S19S_0078_Sed,245.0666847
54,Sample_S19S_0078_Sed,245.1030642
4,Sample_S19S_0078_Sed,245.1142776
25,Sample_S19S_0078_Sed,245.1394342
8,Sample_S19S_0078_Sed,246.1095509
8,Sample_S19S_0078_Sed,246.134683
56,Sample_S19S_0078_Sed,247.0823368
7,Sample_S19S_0078_Sed,247.0935696
49,Sample_S19S_0078_Sed,247.0975945
46,Sample_S19S_0078_Sed,247.118733
13,Sample_S19S_0078_Sed,248.1139872
1,Sample_S19S_0078_Sed,249.0227066
44,Sample_S19S_0078_Sed,249.0404675
54,Sample_S19S_0078_Sed,249.0768527
20,Sample_S19S_0078_Sed,249.1132224
32,Sample_S19S_0078_Sed,249.1496147
8,Sample_S19S_0078_Sed,250.1448617
37,Sample_S19S_0078_Sed,251.0197332
25,Sample_S19S_0078_Sed,251.0560986
1,Sample_S19S_0078_Sed,251.0785764
78,Sample_S19S_0078_Sed,251.0925063
5,Sample_S19S_0078_Sed,251.1037616
38,Sample_S19S_0078_Sed,251.1289035
32,Sample_S19S_0078_Sed,251.1652673
43,Sample_S19S_0078_Sed,253.0353983
75,Sample_S19S_0078_Sed,253.0717756
20,Sample_S19S_0078_Sed,253.1081345
46,Sample_S19S_0078_Sed,253.1445337
52,Sample_S19S_0078_Sed,255.0510433
3,Sample_S19S_0078_Sed,255.0622462
81,Sample_S19S_0078_Sed,255.0874163
23,Sample_S19S_0078_Sed,255.1237776
46,Sample_S19S_0078_Sed,255.1602018
32,Sample_S19S_0078_Sed,255.1965909
15,Sample_S19S_0078_Sed,255.2329705
47,Sample_S19S_0078_Sed,257.030304
23,Sample_S19S_0078_Sed,257.0455598
59,Sample_S19S_0078_Sed,257.0666765
5,Sample_S19S_0078_Sed,257.0779166
41,Sample_S19S_0078_Sed,257.1030521
57,Sample_S19S_0078_Sed,257.1394516
34,Sample_S19S_0078_Sed,257.175834
26,Sample_S19S_0078_Sed,257.2122374
16,Sample_S19S_0078_Sed,258.1347123
16,Sample_S19S_0078_Sed,258.145966
13,Sample_S19S_0078_Sed,258.1711136
54,Sample_S19S_0078_Sed,259.0459547
65,Sample_S19S_0078_Sed,259.0823405
56,Sample_S19S_0078_Sed,259.1187072
14,Sample_S19S_0078_Sed,259.1299532
46,Sample_S19S_0078_Sed,259.1551113
24,Sample_S19S_0078_Sed,259.1914889
32,Sample_S19S_0078_Sed,261.040468
47,Sample_S19S_0078_Sed,261.0980071
4,Sample_S19S_0078_Sed,261.1244971
51,Sample_S19S_0078_Sed,261.1343647
1,Sample_S19S_0078_Sed,261.9555802
19,Sample_S19S_0078_Sed,263.019721
48,Sample_S19S_0078_Sed,263.0561329
30,Sample_S19S_0078_Sed,263.128908
4,Sample_S19S_0078_Sed,263.1401424
34,Sample_S19S_0078_Sed,263.1652771
1,Sample_S19S_0078_Sed,264.0473979
43,Sample_S19S_0078_Sed,265.0353938
52,Sample_S19S_0078_Sed,265.0717855
66,Sample_S19S_0078_Sed,265.1081545
3,Sample_S19S_0078_Sed,265.1194378
3,Sample_S19S_0078_Sed,265.1479151
8,Sample_S19S_0078_Sed,265.1575521
16,Sample_S19S_0078_Sed,265.1809039
3,Sample_S19S_0078_Sed,266.089493
12,Sample_S19S_0078_Sed,266.1246093
60,Sample_S19S_0078_Sed,267.0510336
4,Sample_S19S_0078_Sed,267.0735078
72,Sample_S19S_0078_Sed,267.0874299
71,Sample_S19S_0078_Sed,267.123805
40,Sample_S19S_0078_Sed,267.1601848
36,Sample_S19S_0078_Sed,267.1965985
35,Sample_S19S_0078_Sed,269.0303205
69,Sample_S19S_0078_Sed,269.0666802
66,Sample_S19S_0078_Sed,269.1030627
1,Sample_S19S_0078_Sed,269.131214
55,Sample_S19S_0078_Sed,269.1394657
45,Sample_S19S_0078_Sed,269.1758579
30,Sample_S19S_0078_Sed,269.2122378
10,Sample_S19S_0078_Sed,270.2074858
35,Sample_S19S_0078_Sed,271.0459737
52,Sample_S19S_0078_Sed,271.0823212
74,Sample_S19S_0078_Sed,271.118718
46,Sample_S19S_0078_Sed,271.1551343
42,Sample_S19S_0078_Sed,271.1914941
26,Sample_S19S_0078_Sed,271.227892
11,Sample_S19S_0078_Sed,272.1504094
11,Sample_S19S_0078_Sed,272.1615976
30,Sample_S19S_0078_Sed,273.040478
42,Sample_S19S_0078_Sed,273.061591
67,Sample_S19S_0078_Sed,273.0979879
48,Sample_S19S_0078_Sed,273.1343844
49,Sample_S19S_0078_Sed,273.1707658
13,Sample_S19S_0078_Sed,274.0932637
12,Sample_S19S_0078_Sed,274.1408667
51,Sample_S19S_0078_Sed,275.1136274
48,Sample_S19S_0078_Sed,275.1500444
14,Sample_S19S_0078_Sed,276.108923
47,Sample_S19S_0078_Sed,277.0354157
53,Sample_S19S_0078_Sed,277.0717892
59,Sample_S19S_0078_Sed,277.1081544
39,Sample_S19S_0078_Sed,277.1293085
43,Sample_S19S_0078_Sed,277.1445377
3,Sample_S19S_0078_Sed,277.1558147
1,Sample_S19S_0078_Sed,278.0630512
10,Sample_S19S_0078_Sed,278.0881845
4,Sample_S19S_0078_Sed,278.1146622
40,Sample_S19S_0078_Sed,279.0874539
7,Sample_S19S_0078_Sed,279.0986672
45,Sample_S19S_0078_Sed,279.1238221
2,Sample_S19S_0078_Sed,279.135075
14,Sample_S19S_0078_Sed,279.1449966
5,Sample_S19S_0078_Sed,279.1562152
43,Sample_S19S_0078_Sed,279.160186
3,Sample_S19S_0078_Sed,279.1635618
11,Sample_S19S_0078_Sed,280.1038615
37,Sample_S19S_0078_Sed,281.0303339
64,Sample_S19S_0078_Sed,281.0666829
32,Sample_S19S_0078_Sed,281.1030502
62,Sample_S19S_0078_Sed,281.1394597
37,Sample_S19S_0078_Sed,281.1758716
3,Sample_S19S_0078_Sed,282.0844159
60,Sample_S19S_0078_Sed,283.0459554
35,Sample_S19S_0078_Sed,283.0823169
80,Sample_S19S_0078_Sed,283.118715
2,Sample_S19S_0078_Sed,283.1373752
48,Sample_S19S_0078_Sed,283.1551309
24,Sample_S19S_0078_Sed,283.1915306
2,Sample_S19S_0078_Sed,283.2642602
11,Sample_S19S_0078_Sed,284.1616007
42,Sample_S19S_0078_Sed,285.0616357
20,Sample_S19S_0078_Sed,285.0980306
7,Sample_S19S_0078_Sed,285.1262347
55,Sample_S19S_0078_Sed,285.1343948
50,Sample_S19S_0078_Sed,285.17075
10,Sample_S19S_0078_Sed,285.2071124
14,Sample_S19S_0078_Sed,286.1772587
61,Sample_S19S_0078_Sed,287.0772537
63,Sample_S19S_0078_Sed,287.1136282
61,Sample_S19S_0078_Sed,287.150015
46,Sample_S19S_0078_Sed,287.1864124
20,Sample_S19S_0078_Sed,287.2228145
4,Sample_S19S_0078_Sed,288.1565445
38,Sample_S19S_0078_Sed,289.0354029
50,Sample_S19S_0078_Sed,289.0929075
57,Sample_S19S_0078_Sed,289.1292776
50,Sample_S19S_0078_Sed,289.1656738
1,Sample_S19S_0078_Sed,289.9868879
17,Sample_S19S_0078_Sed,290.1245994
53,Sample_S19S_0078_Sed,291.0510416
46,Sample_S19S_0078_Sed,291.0874132
41,Sample_S19S_0078_Sed,291.1085682
42,Sample_S19S_0078_Sed,291.1237966
11,Sample_S19S_0078_Sed,292.1038307
8,Sample_S19S_0078_Sed,292.2129776
43,Sample_S19S_0078_Sed,293.0303357
54,Sample_S19S_0078_Sed,293.0667099
77,Sample_S19S_0078_Sed,293.1030793
6,Sample_S19S_0078_Sed,293.1143295
33,Sample_S19S_0078_Sed,293.1242316
63,Sample_S19S_0078_Sed,293.1394564
3,Sample_S19S_0078_Sed,293.1507244
9,Sample_S19S_0078_Sed,293.1757942
13,Sample_S19S_0078_Sed,294.1195199
45,Sample_S19S_0078_Sed,295.0459444
82,Sample_S19S_0078_Sed,295.0823376
80,Sample_S19S_0078_Sed,295.1187213
4,Sample_S19S_0078_Sed,295.137392
26,Sample_S19S_0078_Sed,295.1398774
53,Sample_S19S_0078_Sed,295.1550986
40,Sample_S19S_0078_Sed,295.1914926
46,Sample_S19S_0078_Sed,297.0616262
45,Sample_S19S_0078_Sed,297.0980154
40,Sample_S19S_0078_Sed,297.1344063
4,Sample_S19S_0078_Sed,297.1529844
30,Sample_S19S_0078_Sed,297.1707937
2,Sample_S19S_0078_Sed,297.1860581
14,Sample_S19S_0078_Sed,297.2071894
21,Sample_S19S_0078_Sed,297.2435585
8,Sample_S19S_0078_Sed,298.177245
32,Sample_S19S_0078_Sed,299.0408894
58,Sample_S19S_0078_Sed,299.0772616
72,Sample_S19S_0078_Sed,299.1136455
71,Sample_S19S_0078_Sed,299.1500243
44,Sample_S19S_0078_Sed,299.1864335
19,Sample_S19S_0078_Sed,299.2228305
22,Sample_S19S_0078_Sed,300.1816868
2,Sample_S19S_0078_Sed,300.1929428
36,Sample_S19S_0078_Sed,301.0565488
27,Sample_S19S_0078_Sed,301.071792
48,Sample_S19S_0078_Sed,301.092932
48,Sample_S19S_0078_Sed,301.129318
56,Sample_S19S_0078_Sed,301.1656955
44,Sample_S19S_0078_Sed,301.202066
19,Sample_S19S_0078_Sed,302.1245742
13,Sample_S19S_0078_Sed,302.1357844
14,Sample_S19S_0078_Sed,302.1721713
37,Sample_S19S_0078_Sed,303.0874395
58,Sample_S19S_0078_Sed,303.1085414
58,Sample_S19S_0078_Sed,303.1449308
40,Sample_S19S_0078_Sed,303.1813306
23,Sample_S19S_0078_Sed,303.2177327
14,Sample_S19S_0078_Sed,304.1402446
36,Sample_S19S_0078_Sed,305.0303157
56,Sample_S19S_0078_Sed,305.0666877
53,Sample_S19S_0078_Sed,305.1030852
31,Sample_S19S_0078_Sed,305.1242388
12,Sample_S19S_0078_Sed,306.1195211
10,Sample_S19S_0078_Sed,306.155916
6,Sample_S19S_0078_Sed,306.192305
59,Sample_S19S_0078_Sed,307.0459779
40,Sample_S19S_0078_Sed,307.0823737
34,Sample_S19S_0078_Sed,307.1187572
39,Sample_S19S_0078_Sed,307.1551342
5,Sample_S19S_0078_Sed,307.1585022
33,Sample_S19S_0078_Sed,307.1915179
3,Sample_S19S_0078_Sed,307.194883
8,Sample_S19S_0078_Sed,308.098784
10,Sample_S19S_0078_Sed,308.1351748
4,Sample_S19S_0078_Sed,308.2079497
39,Sample_S19S_0078_Sed,309.0252469
71,Sample_S19S_0078_Sed,309.0616036
65,Sample_S19S_0078_Sed,309.0979773
5,Sample_S19S_0078_Sed,309.1013433
3,Sample_S19S_0078_Sed,309.1092661
65,Sample_S19S_0078_Sed,309.1343649
4,Sample_S19S_0078_Sed,309.1530159
52,Sample_S19S_0078_Sed,309.1707647
3,Sample_S19S_0078_Sed,309.1741269
23,Sample_S19S_0078_Sed,309.2071806
4,Sample_S19S_0078_Sed,310.1144501
15,Sample_S19S_0078_Sed,310.1508222
40,Sample_S19S_0078_Sed,311.0408991
60,Sample_S19S_0078_Sed,311.0772659
91,Sample_S19S_0078_Sed,311.1136352
71,Sample_S19S_0078_Sed,311.1500195
19,Sample_S19S_0078_Sed,311.2228309
1,Sample_S19S_0078_Sed,312.9846454
40,Sample_S19S_0078_Sed,313.0565398
54,Sample_S19S_0078_Sed,313.0929245
57,Sample_S19S_0078_Sed,313.1293014
40,Sample_S19S_0078_Sed,313.2020808
24,Sample_S19S_0078_Sed,313.2384778
23,Sample_S19S_0078_Sed,314.1609464
11,Sample_S19S_0078_Sed,314.1721852
10,Sample_S19S_0078_Sed,314.1973467
39,Sample_S19S_0078_Sed,315.0721791
57,Sample_S19S_0078_Sed,315.1085755
61,Sample_S19S_0078_Sed,315.1449559
11,Sample_S19S_0078_Sed,315.1674271
50,Sample_S19S_0078_Sed,315.1813307
38,Sample_S19S_0078_Sed,315.217727
13,Sample_S19S_0078_Sed,315.2541325
25,Sample_S19S_0078_Sed,316.1402237
13,Sample_S19S_0078_Sed,316.1514197
15,Sample_S19S_0078_Sed,316.1878305
28,Sample_S19S_0078_Sed,317.0303382
46,Sample_S19S_0078_Sed,317.0666936
51,Sample_S19S_0078_Sed,317.124227
40,Sample_S19S_0078_Sed,317.1394552
56,Sample_S19S_0078_Sed,317.1606071
43,Sample_S19S_0078_Sed,317.1969836
2,Sample_S19S_0078_Sed,317.2446454
13,Sample_S19S_0078_Sed,318.1194966
26,Sample_S19S_0078_Sed,318.1558543
12,Sample_S19S_0078_Sed,318.1671021
9,Sample_S19S_0078_Sed,318.2286611
7,Sample_S19S_0078_Sed,319.0460069
50,Sample_S19S_0078_Sed,319.0823624
43,Sample_S19S_0078_Sed,319.139868
8,Sample_S19S_0078_Sed,320.0987676
25,Sample_S19S_0078_Sed,320.1351354
4,Sample_S19S_0078_Sed,320.2442999
47,Sample_S19S_0078_Sed,321.0616406
28,Sample_S19S_0078_Sed,321.0980285
51,Sample_S19S_0078_Sed,321.1343949
36,Sample_S19S_0078_Sed,321.1707672
1,Sample_S19S_0078_Sed,322.1508517
5,Sample_S19S_0078_Sed,322.1872255
35,Sample_S19S_0078_Sed,323.0408542
67,Sample_S19S_0078_Sed,323.0772527
36,Sample_S19S_0078_Sed,323.1136726
53,Sample_S19S_0078_Sed,323.1500462
49,Sample_S19S_0078_Sed,323.1864241
14,Sample_S19S_0078_Sed,324.1300834
15,Sample_S19S_0078_Sed,324.1664479
8,Sample_S19S_0078_Sed,324.2028461
52,Sample_S19S_0078_Sed,325.0565425
63,Sample_S19S_0078_Sed,325.0928926
63,Sample_S19S_0078_Sed,325.1292996
47,Sample_S19S_0078_Sed,325.1657004
1,Sample_S19S_0078_Sed,325.1842438
52,Sample_S19S_0078_Sed,325.2020573
10,Sample_S19S_0078_Sed,326.2085635
42,Sample_S19S_0078_Sed,327.0722018
54,Sample_S19S_0078_Sed,327.1085831
64,Sample_S19S_0078_Sed,327.1449492
4,Sample_S19S_0078_Sed,327.1636073
1,Sample_S19S_0078_Sed,327.1801504
7,Sample_S19S_0078_Sed,327.2177565
2,Sample_S19S_0078_Sed,328.1878731
19,Sample_S19S_0078_Sed,329.0514722
58,Sample_S19S_0078_Sed,329.0878075
55,Sample_S19S_0078_Sed,329.1242163
1,Sample_S19S_0078_Sed,329.152419
64,Sample_S19S_0078_Sed,329.1605843
45,Sample_S19S_0078_Sed,329.1969687
27,Sample_S19S_0078_Sed,329.2333488
14,Sample_S19S_0078_Sed,330.1670892
14,Sample_S19S_0078_Sed,330.192266
10,Sample_S19S_0078_Sed,330.2034832
22,Sample_S19S_0078_Sed,331.0459941
38,Sample_S19S_0078_Sed,331.0823608
38,Sample_S19S_0078_Sed,331.1034998
41,Sample_S19S_0078_Sed,331.1187275
19,Sample_S19S_0078_Sed,331.1399002
58,Sample_S19S_0078_Sed,331.1762541
8,Sample_S19S_0078_Sed,331.1915481
8,Sample_S19S_0078_Sed,331.2126721
2,Sample_S19S_0078_Sed,331.2239268
3,Sample_S19S_0078_Sed,331.2490738
17,Sample_S19S_0078_Sed,332.0987468
17,Sample_S19S_0078_Sed,332.1351167
6,Sample_S19S_0078_Sed,332.2079509
9,Sample_S19S_0078_Sed,333.0252702
16,Sample_S19S_0078_Sed,333.0616512
49,Sample_S19S_0078_Sed,333.0980074
10,Sample_S19S_0078_Sed,333.1191757
22,Sample_S19S_0078_Sed,333.1344131
23,Sample_S19S_0078_Sed,333.1707943
47,Sample_S19S_0078_Sed,333.1919042
19,Sample_S19S_0078_Sed,333.2071238
3,Sample_S19S_0078_Sed,333.2395661
5,Sample_S19S_0078_Sed,333.2565676
10,Sample_S19S_0078_Sed,334.1144217
11,Sample_S19S_0078_Sed,334.1508295
5,Sample_S19S_0078_Sed,334.2235949
23,Sample_S19S_0078_Sed,335.0409093
62,Sample_S19S_0078_Sed,335.0772597
22,Sample_S19S_0078_Sed,335.1136067
43,Sample_S19S_0078_Sed,335.150042
31,Sample_S19S_0078_Sed,335.1864245
22,Sample_S19S_0078_Sed,335.2227808
12,Sample_S19S_0078_Sed,335.2358032
1,Sample_S19S_0078_Sed,335.2552472
5,Sample_S19S_0078_Sed,336.1301036
15,Sample_S19S_0078_Sed,336.1664659
24,Sample_S19S_0078_Sed,337.0564852
11,Sample_S19S_0078_Sed,337.0695448
65,Sample_S19S_0078_Sed,337.0929176
76,Sample_S19S_0078_Sed,337.1292866
27,Sample_S19S_0078_Sed,337.1504428
9,Sample_S19S_0078_Sed,337.1616901
47,Sample_S19S_0078_Sed,337.1656867
12,Sample_S19S_0078_Sed,338.1456998
3,Sample_S19S_0078_Sed,338.1488116
10,Sample_S19S_0078_Sed,338.182098
67,Sample_S19S_0078_Sed,339.0721726
79,Sample_S19S_0078_Sed,339.1085453
23,Sample_S19S_0078_Sed,339.1449816
2,Sample_S19S_0078_Sed,339.1635623
4,Sample_S19S_0078_Sed,339.1999929
31,Sample_S19S_0078_Sed,339.2177427
4,Sample_S19S_0078_Sed,340.1613194
5,Sample_S19S_0078_Sed,340.2241932
37,Sample_S19S_0078_Sed,341.0514621
67,Sample_S19S_0078_Sed,341.0878109
23,Sample_S19S_0078_Sed,341.12425
54,Sample_S19S_0078_Sed,341.1606173
7,Sample_S19S_0078_Sed,341.179252
2,Sample_S19S_0078_Sed,341.1831094
50,Sample_S19S_0078_Sed,341.1969848
6,Sample_S19S_0078_Sed,341.2334189
31,Sample_S19S_0078_Sed,342.155837
9,Sample_S19S_0078_Sed,342.1670651
33,Sample_S19S_0078_Sed,343.067113
76,Sample_S19S_0078_Sed,343.1034685
12,Sample_S19S_0078_Sed,343.1399075
53,Sample_S19S_0078_Sed,343.1762631
1,Sample_S19S_0078_Sed,343.1987828
37,Sample_S19S_0078_Sed,343.2126496
20,Sample_S19S_0078_Sed,343.2490426
2,Sample_S19S_0078_Sed,344.1350437
19,Sample_S19S_0078_Sed,344.1715382
8,Sample_S19S_0078_Sed,344.1827031
4,Sample_S19S_0078_Sed,344.1997897
10,Sample_S19S_0078_Sed,344.2191371
20,Sample_S19S_0078_Sed,345.0252491
23,Sample_S19S_0078_Sed,345.0463327
36,Sample_S19S_0078_Sed,345.0616254
34,Sample_S19S_0078_Sed,345.0827674
35,Sample_S19S_0078_Sed,345.0980089
43,Sample_S19S_0078_Sed,345.1191373
8,Sample_S19S_0078_Sed,345.1344288
31,Sample_S19S_0078_Sed,345.1555412
20,Sample_S19S_0078_Sed,345.170772
11,Sample_S19S_0078_Sed,345.177989
8,Sample_S19S_0078_Sed,345.1919508
34,Sample_S19S_0078_Sed,345.2282779
23,Sample_S19S_0078_Sed,346.1507606
4,Sample_S19S_0078_Sed,346.1619628
18,Sample_S19S_0078_Sed,346.1871921
3,Sample_S19S_0078_Sed,346.2154294
31,Sample_S19S_0078_Sed,347.0408756
59,Sample_S19S_0078_Sed,347.0772564
19,Sample_S19S_0078_Sed,347.0903002
22,Sample_S19S_0078_Sed,347.1136821
24,Sample_S19S_0078_Sed,347.1348045
46,Sample_S19S_0078_Sed,347.1500262
39,Sample_S19S_0078_Sed,347.1711801
5,Sample_S19S_0078_Sed,347.1864695
14,Sample_S19S_0078_Sed,348.1300774
20,Sample_S19S_0078_Sed,348.1664038
12,Sample_S19S_0078_Sed,348.2028318
5,Sample_S19S_0078_Sed,348.231087
4,Sample_S19S_0078_Sed,348.2755625
24,Sample_S19S_0078_Sed,349.0201636
20,Sample_S19S_0078_Sed,349.1059291
53,Sample_S19S_0078_Sed,349.129303
9,Sample_S19S_0078_Sed,349.2021049
17,Sample_S19S_0078_Sed,350.1457077
13,Sample_S19S_0078_Sed,350.1821173
10,Sample_S19S_0078_Sed,350.2184616
34,Sample_S19S_0078_Sed,351.0357871
40,Sample_S19S_0078_Sed,351.0721501
29,Sample_S19S_0078_Sed,351.121581
30,Sample_S19S_0078_Sed,351.2177372
1,Sample_S19S_0078_Sed,351.2210572
13,Sample_S19S_0078_Sed,351.2307319
4,Sample_S19S_0078_Sed,351.2500934
13,Sample_S19S_0078_Sed,352.1613622
22,Sample_S19S_0078_Sed,353.0514753
72,Sample_S19S_0078_Sed,353.0878166
14,Sample_S19S_0078_Sed,353.1008561
54,Sample_S19S_0078_Sed,353.124233
34,Sample_S19S_0078_Sed,353.1605629
23,Sample_S19S_0078_Sed,353.1736275
43,Sample_S19S_0078_Sed,353.1970034
3,Sample_S19S_0078_Sed,353.2003494
16,Sample_S19S_0078_Sed,353.2099396
15,Sample_S19S_0078_Sed,353.2333297
22,Sample_S19S_0078_Sed,355.0306981
43,Sample_S19S_0078_Sed,355.0671162
76,Sample_S19S_0078_Sed,355.1034699
20,Sample_S19S_0078_Sed,355.1164999
11,Sample_S19S_0078_Sed,355.1399086
59,Sample_S19S_0078_Sed,355.1762476
11,Sample_S19S_0078_Sed,355.2126797
33,Sample_S19S_0078_Sed,356.1715182
16,Sample_S19S_0078_Sed,356.207852
23,Sample_S19S_0078_Sed,357.046323
26,Sample_S19S_0078_Sed,357.061636
49,Sample_S19S_0078_Sed,357.0827228
18,Sample_S19S_0078_Sed,357.1110353
68,Sample_S19S_0078_Sed,357.1191097
70,Sample_S19S_0078_Sed,357.1554992
58,Sample_S19S_0078_Sed,357.191896
3,Sample_S19S_0078_Sed,357.2144125
43,Sample_S19S_0078_Sed,357.2282738
16,Sample_S19S_0078_Sed,358.1871972
13,Sample_S19S_0078_Sed,358.1983945
28,Sample_S19S_0078_Sed,358.2235211
7,Sample_S19S_0078_Sed,359.0409252
31,Sample_S19S_0078_Sed,359.077285
20,Sample_S19S_0078_Sed,359.0984239
43,Sample_S19S_0078_Sed,359.1347452
9,Sample_S19S_0078_Sed,359.1572531
52,Sample_S19S_0078_Sed,359.1711775
8,Sample_S19S_0078_Sed,359.1936001
16,Sample_S19S_0078_Sed,359.2074846
32,Sample_S19S_0078_Sed,359.2439319
3,Sample_S19S_0078_Sed,360.1299489
24,Sample_S19S_0078_Sed,360.1664452
13,Sample_S19S_0078_Sed,360.1776328
2,Sample_S19S_0078_Sed,360.1946802
4,Sample_S19S_0078_Sed,360.2027516
26,Sample_S19S_0078_Sed,361.056505
7,Sample_S19S_0078_Sed,361.069538
17,Sample_S19S_0078_Sed,361.077621
49,Sample_S19S_0078_Sed,361.0929312
53,Sample_S19S_0078_Sed,361.1292859
35,Sample_S19S_0078_Sed,361.1423317
49,Sample_S19S_0078_Sed,361.1504109
26,Sample_S19S_0078_Sed,361.1657046
42,Sample_S19S_0078_Sed,361.186829
12,Sample_S19S_0078_Sed,361.2151155
37,Sample_S19S_0078_Sed,361.2231964
3,Sample_S19S_0078_Sed,361.2878733
15,Sample_S19S_0078_Sed,362.1821174
33,Sample_S19S_0078_Sed,363.0357881
25,Sample_S19S_0078_Sed,363.0722122
50,Sample_S19S_0078_Sed,363.108539
23,Sample_S19S_0078_Sed,363.1215932
26,Sample_S19S_0078_Sed,363.1449786
12,Sample_S19S_0078_Sed,363.1812892
20,Sample_S19S_0078_Sed,363.1943423
14,Sample_S19S_0078_Sed,364.1613157
3,Sample_S19S_0078_Sed,364.200847
6,Sample_S19S_0078_Sed,364.2259804
10,Sample_S19S_0078_Sed,365.0513776
53,Sample_S19S_0078_Sed,365.0878382
24,Sample_S19S_0078_Sed,365.1008669
23,Sample_S19S_0078_Sed,365.1241727
27,Sample_S19S_0078_Sed,365.137244
37,Sample_S19S_0078_Sed,365.1969623
29,Sample_S19S_0078_Sed,365.2100088
15,Sample_S19S_0078_Sed,366.1769935
22,Sample_S19S_0078_Sed,367.0306865
54,Sample_S19S_0078_Sed,367.0671094
71,Sample_S19S_0078_Sed,367.1034613
18,Sample_S19S_0078_Sed,367.1165264
5,Sample_S19S_0078_Sed,367.1399195
35,Sample_S19S_0078_Sed,367.1762158
26,Sample_S19S_0078_Sed,367.189277
10,Sample_S19S_0078_Sed,367.1973448
42,Sample_S19S_0078_Sed,367.2126519
3,Sample_S19S_0078_Sed,367.2255178
1,Sample_S19S_0078_Sed,368.1117355
8,Sample_S19S_0078_Sed,368.1562607
15,Sample_S19S_0078_Sed,369.0463181
51,Sample_S19S_0078_Sed,369.0827443
13,Sample_S19S_0078_Sed,369.1190631
22,Sample_S19S_0078_Sed,369.1321274
59,Sample_S19S_0078_Sed,369.1555194
27,Sample_S19S_0078_Sed,369.1685393
17,Sample_S19S_0078_Sed,369.1837969
17,Sample_S19S_0078_Sed,369.1918398
41,Sample_S19S_0078_Sed,369.2282876
11,Sample_S19S_0078_Sed,371.0408802
40,Sample_S19S_0078_Sed,371.0620102
17,Sample_S19S_0078_Sed,371.0983408
52,Sample_S19S_0078_Sed,371.1347918
49,Sample_S19S_0078_Sed,371.171134
37,Sample_S19S_0078_Sed,371.2075705
28,Sample_S19S_0078_Sed,371.2439257
30,Sample_S19S_0078_Sed,372.1663973
16,Sample_S19S_0078_Sed,372.2028242
11,Sample_S19S_0078_Sed,372.2140099
3,Sample_S19S_0078_Sed,372.3038234
30,Sample_S19S_0078_Sed,373.0565482
17,Sample_S19S_0078_Sed,373.0776886
28,Sample_S19S_0078_Sed,373.09294
23,Sample_S19S_0078_Sed,373.1059583
32,Sample_S19S_0078_Sed,373.1140108
16,Sample_S19S_0078_Sed,373.1504711
8,Sample_S19S_0078_Sed,373.1729074
41,Sample_S19S_0078_Sed,373.1867821
43,Sample_S19S_0078_Sed,373.2231881
5,Sample_S19S_0078_Sed,373.287836
24,Sample_S19S_0078_Sed,374.1456527
11,Sample_S19S_0078_Sed,374.1820296
19,Sample_S19S_0078_Sed,374.2184652
8,Sample_S19S_0078_Sed,375.0358416
38,Sample_S19S_0078_Sed,375.0721973
17,Sample_S19S_0078_Sed,375.0852221
28,Sample_S19S_0078_Sed,375.1297066
54,Sample_S19S_0078_Sed,375.1449442
33,Sample_S19S_0078_Sed,375.1579842
17,Sample_S19S_0078_Sed,375.1660121
37,Sample_S19S_0078_Sed,375.194367
30,Sample_S19S_0078_Sed,375.2024285
7,Sample_S19S_0078_Sed,375.230771
11,Sample_S19S_0078_Sed,375.2387855
14,Sample_S19S_0078_Sed,376.1249335
15,Sample_S19S_0078_Sed,376.1976905
7,Sample_S19S_0078_Sed,376.2260146
37,Sample_S19S_0078_Sed,377.0514538
1,Sample_S19S_0078_Sed,377.0856228
31,Sample_S19S_0078_Sed,377.0877952
16,Sample_S19S_0078_Sed,377.100823
56,Sample_S19S_0078_Sed,377.1241915
24,Sample_S19S_0078_Sed,377.1372608
33,Sample_S19S_0078_Sed,377.1735945
11,Sample_S19S_0078_Sed,377.1969233
18,Sample_S19S_0078_Sed,377.2099902
16,Sample_S19S_0078_Sed,377.2463996
5,Sample_S19S_0078_Sed,378.2052199
3,Sample_S19S_0078_Sed,378.2164385
8,Sample_S19S_0078_Sed,378.2416575
25,Sample_S19S_0078_Sed,379.0307221
13,Sample_S19S_0078_Sed,379.0670295
5,Sample_S19S_0078_Sed,379.0800689
74,Sample_S19S_0078_Sed,379.1034645
22,Sample_S19S_0078_Sed,379.1165229
29,Sample_S19S_0078_Sed,379.1528588
35,Sample_S19S_0078_Sed,379.1892722
20,Sample_S19S_0078_Sed,379.2256462
1,Sample_S19S_0078_Sed,380.1116712
3,Sample_S19S_0078_Sed,380.1593778
1,Sample_S19S_0078_Sed,380.1957164
6,Sample_S19S_0078_Sed,380.2208704
34,Sample_S19S_0078_Sed,381.0463502
16,Sample_S19S_0078_Sed,381.0826619
8,Sample_S19S_0078_Sed,381.095685
75,Sample_S19S_0078_Sed,381.1191186
23,Sample_S19S_0078_Sed,381.1321708
69,Sample_S19S_0078_Sed,381.1555031
24,Sample_S19S_0078_Sed,381.1684945
37,Sample_S19S_0078_Sed,381.1918695
15,Sample_S19S_0078_Sed,381.204939
6,Sample_S19S_0078_Sed,381.2411757
4,Sample_S19S_0078_Sed,382.1273741
14,Sample_S19S_0078_Sed,383.0619616
74,Sample_S19S_0078_Sed,383.0983806
4,Sample_S19S_0078_Sed,383.1113231
17,Sample_S19S_0078_Sed,383.1266887
21,Sample_S19S_0078_Sed,383.1347075
25,Sample_S19S_0078_Sed,383.1477567
22,Sample_S19S_0078_Sed,383.184187
46,Sample_S19S_0078_Sed,383.2075249
8,Sample_S19S_0078_Sed,383.2204433
27,Sample_S19S_0078_Sed,383.2439132
30,Sample_S19S_0078_Sed,384.1664077
12,Sample_S19S_0078_Sed,385.0564963
49,Sample_S19S_0078_Sed,385.0776412
14,Sample_S19S_0078_Sed,385.1139909
21,Sample_S19S_0078_Sed,385.1423072
26,Sample_S19S_0078_Sed,385.1503825
15,Sample_S19S_0078_Sed,385.1634062
49,Sample_S19S_0078_Sed,385.1868285
16,Sample_S19S_0078_Sed,385.2231361
29,Sample_S19S_0078_Sed,385.2595906
33,Sample_S19S_0078_Sed,386.1820531
18,Sample_S19S_0078_Sed,387.0358113
5,Sample_S19S_0078_Sed,387.0721252
13,Sample_S19S_0078_Sed,387.0932457
45,Sample_S19S_0078_Sed,387.1085636
65,Sample_S19S_0078_Sed,387.1296791
25,Sample_S19S_0078_Sed,387.1579654
6,Sample_S19S_0078_Sed,387.1659841
29,Sample_S19S_0078_Sed,387.19436
41,Sample_S19S_0078_Sed,387.2024406
26,Sample_S19S_0078_Sed,387.2388297
3,Sample_S19S_0078_Sed,388.2987452
19,Sample_S19S_0078_Sed,389.051417
40,Sample_S19S_0078_Sed,389.0878118
17,Sample_S19S_0078_Sed,389.1008827
1,Sample_S19S_0078_Sed,389.1135404
54,Sample_S19S_0078_Sed,389.1242045
25,Sample_S19S_0078_Sed,389.1372295
11,Sample_S19S_0078_Sed,389.1452618
32,Sample_S19S_0078_Sed,389.1736085
19,Sample_S19S_0078_Sed,389.1816725
32,Sample_S19S_0078_Sed,389.2180886
1,Sample_S19S_0078_Sed,390.2132816
1,Sample_S19S_0078_Sed,390.3143698
20,Sample_S19S_0078_Sed,391.0670531
19,Sample_S19S_0078_Sed,391.1034381
2,Sample_S19S_0078_Sed,391.1105459
30,Sample_S19S_0078_Sed,391.1398852
23,Sample_S19S_0078_Sed,391.1528412
20,Sample_S19S_0078_Sed,391.1892281
8,Sample_S19S_0078_Sed,391.2256863
11,Sample_S19S_0078_Sed,391.2620068
1,Sample_S19S_0078_Sed,391.2982703
10,Sample_S19S_0078_Sed,392.1198706
10,Sample_S19S_0078_Sed,392.2209084
1,Sample_S19S_0078_Sed,392.2320869
1,Sample_S19S_0078_Sed,392.2572106
16,Sample_S19S_0078_Sed,393.0463154
51,Sample_S19S_0078_Sed,393.0827628
56,Sample_S19S_0078_Sed,393.1191285
22,Sample_S19S_0078_Sed,393.1321265
19,Sample_S19S_0078_Sed,393.1554711
24,Sample_S19S_0078_Sed,393.1685262
1,Sample_S19S_0078_Sed,393.1907448
26,Sample_S19S_0078_Sed,393.2049392
2,Sample_S19S_0078_Sed,393.2161336
18,Sample_S19S_0078_Sed,393.2412462
5,Sample_S19S_0078_Sed,393.2776995
3,Sample_S19S_0078_Sed,394.1750252
5,Sample_S19S_0078_Sed,394.2001939
5,Sample_S19S_0078_Sed,394.2364931
20,Sample_S19S_0078_Sed,395.0619708
29,Sample_S19S_0078_Sed,395.0984243
18,Sample_S19S_0078_Sed,395.1114167
84,Sample_S19S_0078_Sed,395.1347697
28,Sample_S19S_0078_Sed,395.1477706
32,Sample_S19S_0078_Sed,395.171191
15,Sample_S19S_0078_Sed,395.2075813
23,Sample_S19S_0078_Sed,395.2205826
2,Sample_S19S_0078_Sed,395.2317962
6,Sample_S19S_0078_Sed,396.1430161
6,Sample_S19S_0078_Sed,396.1875433
12,Sample_S19S_0078_Sed,397.0775828
11,Sample_S19S_0078_Sed,397.1059758
41,Sample_S19S_0078_Sed,397.1140135
17,Sample_S19S_0078_Sed,397.1270557
66,Sample_S19S_0078_Sed,397.1504225
23,Sample_S19S_0078_Sed,397.1634297
19,Sample_S19S_0078_Sed,397.1867602
15,Sample_S19S_0078_Sed,397.1997808
41,Sample_S19S_0078_Sed,397.2232052
1,Sample_S19S_0078_Sed,397.2265763
3,Sample_S19S_0078_Sed,398.1222468
6,Sample_S19S_0078_Sed,399.0568344
32,Sample_S19S_0078_Sed,399.0932727
39,Sample_S19S_0078_Sed,399.1296635
14,Sample_S19S_0078_Sed,399.1579458
2,Sample_S19S_0078_Sed,399.1603437
4,Sample_S19S_0078_Sed,399.1659287
13,Sample_S19S_0078_Sed,399.1790309
18,Sample_S19S_0078_Sed,399.1943775
40,Sample_S19S_0078_Sed,399.2024375
18,Sample_S19S_0078_Sed,399.2388025
3,Sample_S19S_0078_Sed,399.2751285
55,Sample_S19S_0078_Sed,401.1453284
22,Sample_S19S_0078_Sed,401.1736033
16,Sample_S19S_0078_Sed,401.1816514
1,Sample_S19S_0078_Sed,401.204141
28,Sample_S19S_0078_Sed,401.2100146
33,Sample_S19S_0078_Sed,401.2180808
18,Sample_S19S_0078_Sed,401.2544603
37,Sample_S19S_0078_Sed,403.0671122
36,Sample_S19S_0078_Sed,403.1034476
15,Sample_S19S_0078_Sed,403.1164656
26,Sample_S19S_0078_Sed,403.1529106
19,Sample_S19S_0078_Sed,403.1609357
36,Sample_S19S_0078_Sed,403.1973716
18,Sample_S19S_0078_Sed,403.2256482
11,Sample_S19S_0078_Sed,403.2336971
1,Sample_S19S_0078_Sed,403.3347743
20,Sample_S19S_0078_Sed,404.1926065
27,Sample_S19S_0078_Sed,405.0463718
23,Sample_S19S_0078_Sed,405.0827082
16,Sample_S19S_0078_Sed,405.1190623
29,Sample_S19S_0078_Sed,405.1321292
30,Sample_S19S_0078_Sed,405.1685606
17,Sample_S19S_0078_Sed,405.2048711
12,Sample_S19S_0078_Sed,405.2412525
10,Sample_S19S_0078_Sed,405.2776864
9,Sample_S19S_0078_Sed,406.2364932
3,Sample_S19S_0078_Sed,406.3092961
6,Sample_S19S_0078_Sed,407.0255705
27,Sample_S19S_0078_Sed,407.0620299
59,Sample_S19S_0078_Sed,407.0983755
1,Sample_S19S_0078_Sed,407.1054532
11,Sample_S19S_0078_Sed,407.1113661
46,Sample_S19S_0078_Sed,407.1347505
28,Sample_S19S_0078_Sed,407.1477958
4,Sample_S19S_0078_Sed,407.1712237
25,Sample_S19S_0078_Sed,407.2205546
11,Sample_S19S_0078_Sed,407.2568891
6,Sample_S19S_0078_Sed,408.1776232
9,Sample_S19S_0078_Sed,409.0412228
11,Sample_S19S_0078_Sed,409.07757
59,Sample_S19S_0078_Sed,409.1140221
23,Sample_S19S_0078_Sed,409.1270356
68,Sample_S19S_0078_Sed,409.1504235
13,Sample_S19S_0078_Sed,409.1633923
9,Sample_S19S_0078_Sed,409.1787026
11,Sample_S19S_0078_Sed,409.1867344
12,Sample_S19S_0078_Sed,409.1997594
4,Sample_S19S_0078_Sed,409.2110293
43,Sample_S19S_0078_Sed,409.2231724
16,Sample_S19S_0078_Sed,409.236154
7,Sample_S19S_0078_Sed,410.1221742
5,Sample_S19S_0078_Sed,410.1586186
8,Sample_S19S_0078_Sed,411.0568579
45,Sample_S19S_0078_Sed,411.0933142
56,Sample_S19S_0078_Sed,411.1296933
28,Sample_S19S_0078_Sed,411.1426758
19,Sample_S19S_0078_Sed,411.1579879
1,Sample_S19S_0078_Sed,411.1603771
34,Sample_S19S_0078_Sed,411.1660419
22,Sample_S19S_0078_Sed,411.1790746
3,Sample_S19S_0078_Sed,411.2022993
23,Sample_S19S_0078_Sed,411.2154903
6,Sample_S19S_0078_Sed,411.2235497
31,Sample_S19S_0078_Sed,411.2388467
2,Sample_S19S_0078_Sed,412.137911
16,Sample_S19S_0078_Sed,413.1008794
42,Sample_S19S_0078_Sed,413.1089345
20,Sample_S19S_0078_Sed,413.1452768
8,Sample_S19S_0078_Sed,413.1583079
23,Sample_S19S_0078_Sed,413.1736056
4,Sample_S19S_0078_Sed,413.1759958
6,Sample_S19S_0078_Sed,413.1816156
13,Sample_S19S_0078_Sed,413.1946295
15,Sample_S19S_0078_Sed,413.2100122
18,Sample_S19S_0078_Sed,413.2180661
23,Sample_S19S_0078_Sed,413.2544798
4,Sample_S19S_0078_Sed,415.080159
13,Sample_S19S_0078_Sed,415.1164835
20,Sample_S19S_0078_Sed,415.1245406
10,Sample_S19S_0078_Sed,415.1529316
43,Sample_S19S_0078_Sed,415.1609859
36,Sample_S19S_0078_Sed,415.1973464
10,Sample_S19S_0078_Sed,415.219815
15,Sample_S19S_0078_Sed,415.2256541
13,Sample_S19S_0078_Sed,415.2336924
21,Sample_S19S_0078_Sed,415.2701205
1,Sample_S19S_0078_Sed,416.1571431
11,Sample_S19S_0078_Sed,416.1925804
14,Sample_S19S_0078_Sed,417.0463346
13,Sample_S19S_0078_Sed,417.0826722
29,Sample_S19S_0078_Sed,417.1321667
27,Sample_S19S_0078_Sed,417.1402188
34,Sample_S19S_0078_Sed,417.1685514
16,Sample_S19S_0078_Sed,417.1765666
14,Sample_S19S_0078_Sed,417.2048604
8,Sample_S19S_0078_Sed,417.2128787
11,Sample_S19S_0078_Sed,417.2493486
17,Sample_S19S_0078_Sed,419.0619721
7,Sample_S19S_0078_Sed,419.0982983
3,Sample_S19S_0078_Sed,419.1113471
56,Sample_S19S_0078_Sed,419.1347745
21,Sample_S19S_0078_Sed,419.1478319
26,Sample_S19S_0078_Sed,419.1711927
35,Sample_S19S_0078_Sed,419.1842051
2,Sample_S19S_0078_Sed,419.1921608
18,Sample_S19S_0078_Sed,419.2205119
8,Sample_S19S_0078_Sed,419.2285513
2,Sample_S19S_0078_Sed,419.3296987
6,Sample_S19S_0078_Sed,420.2521315
4,Sample_S19S_0078_Sed,420.2885838
12,Sample_S19S_0078_Sed,421.0412704
5,Sample_S19S_0078_Sed,421.0777047
58,Sample_S19S_0078_Sed,421.1140346
14,Sample_S19S_0078_Sed,421.1270174
1,Sample_S19S_0078_Sed,421.1552081
32,Sample_S19S_0078_Sed,421.1634511
7,Sample_S19S_0078_Sed,421.1868654
3,Sample_S19S_0078_Sed,421.2265386
17,Sample_S19S_0078_Sed,421.2362004
5,Sample_S19S_0078_Sed,421.2724896
10,Sample_S19S_0078_Sed,422.2031632
28,Sample_S19S_0078_Sed,423.0569089
14,Sample_S19S_0078_Sed,423.093231
70,Sample_S19S_0078_Sed,423.1296813
16,Sample_S19S_0078_Sed,423.1426961
30,Sample_S19S_0078_Sed,423.179095
21,Sample_S19S_0078_Sed,423.2154249
2,Sample_S19S_0078_Sed,423.2387546
5,Sample_S19S_0078_Sed,423.2517315
3,Sample_S19S_0078_Sed,425.0724714
26,Sample_S19S_0078_Sed,425.1089252
6,Sample_S19S_0078_Sed,425.1453873
22,Sample_S19S_0078_Sed,425.1583275
40,Sample_S19S_0078_Sed,425.1816982
20,Sample_S19S_0078_Sed,425.1947046
3,Sample_S19S_0078_Sed,425.2178813
18,Sample_S19S_0078_Sed,425.2311014
27,Sample_S19S_0078_Sed,425.2544996
11,Sample_S19S_0078_Sed,425.2675075
12,Sample_S19S_0078_Sed,427.1165345
51,Sample_S19S_0078_Sed,427.1245871
2,Sample_S19S_0078_Sed,427.1610597
32,Sample_S19S_0078_Sed,427.1973395
20,Sample_S19S_0078_Sed,427.2103578
29,Sample_S19S_0078_Sed,427.2337286
20,Sample_S19S_0078_Sed,427.2701368
19,Sample_S19S_0078_Sed,429.067488
47,Sample_S19S_0078_Sed,429.1402424
7,Sample_S19S_0078_Sed,429.1555582
28,Sample_S19S_0078_Sed,429.1685491
20,Sample_S19S_0078_Sed,429.1765924
9,Sample_S19S_0078_Sed,429.1896712
10,Sample_S19S_0078_Sed,429.1990848
27,Sample_S19S_0078_Sed,429.2129876
4,Sample_S19S_0078_Sed,429.2355333
27,Sample_S19S_0078_Sed,429.2494299
3,Sample_S19S_0078_Sed,429.2857157
13,Sample_S19S_0078_Sed,430.2083192
21,Sample_S19S_0078_Sed,431.0620177
39,Sample_S19S_0078_Sed,431.098388
8,Sample_S19S_0078_Sed,431.1113826
25,Sample_S19S_0078_Sed,431.1477957
16,Sample_S19S_0078_Sed,431.1558407
19,Sample_S19S_0078_Sed,431.1922364
8,Sample_S19S_0078_Sed,431.2147537
5,Sample_S19S_0078_Sed,431.2206124
19,Sample_S19S_0078_Sed,431.2286229
6,Sample_S19S_0078_Sed,431.264934
8,Sample_S19S_0078_Sed,432.1876103
33,Sample_S19S_0078_Sed,433.077665
14,Sample_S19S_0078_Sed,433.1139658
6,Sample_S19S_0078_Sed,433.1269982
28,Sample_S19S_0078_Sed,433.1634586
14,Sample_S19S_0078_Sed,433.1714809
7,Sample_S19S_0078_Sed,433.1998888
23,Sample_S19S_0078_Sed,433.2079014
3,Sample_S19S_0078_Sed,433.2208714
13,Sample_S19S_0078_Sed,433.2361951
9,Sample_S19S_0078_Sed,434.2677929
14,Sample_S19S_0078_Sed,435.0569041
46,Sample_S19S_0078_Sed,435.093324
15,Sample_S19S_0078_Sed,435.1296329
11,Sample_S19S_0078_Sed,435.1426364
1,Sample_S19S_0078_Sed,435.1552854
2,Sample_S19S_0078_Sed,435.160379
14,Sample_S19S_0078_Sed,435.1659973
31,Sample_S19S_0078_Sed,435.1790631
15,Sample_S19S_0078_Sed,435.2155119
19,Sample_S19S_0078_Sed,435.25188
6,Sample_S19S_0078_Sed,436.1742724
9,Sample_S19S_0078_Sed,437.072483
14,Sample_S19S_0078_Sed,437.1088959
39,Sample_S19S_0078_Sed,437.1453651
25,Sample_S19S_0078_Sed,437.158378
39,Sample_S19S_0078_Sed,437.1817485
24,Sample_S19S_0078_Sed,437.1946984
17,Sample_S19S_0078_Sed,437.2310601
2,Sample_S19S_0078_Sed,439.051737
43,Sample_S19S_0078_Sed,439.0882098
51,Sample_S19S_0078_Sed,439.1246064
9,Sample_S19S_0078_Sed,439.1375419
20,Sample_S19S_0078_Sed,439.1609425
19,Sample_S19S_0078_Sed,439.1892886
1,Sample_S19S_0078_Sed,439.1916893
16,Sample_S19S_0078_Sed,439.1973056
9,Sample_S19S_0078_Sed,439.2103099
4,Sample_S19S_0078_Sed,439.246834
7,Sample_S19S_0078_Sed,440.1692728
13,Sample_S19S_0078_Sed,441.0674409
37,Sample_S19S_0078_Sed,441.1402285
14,Sample_S19S_0078_Sed,441.168514
18,Sample_S19S_0078_Sed,441.1765589
10,Sample_S19S_0078_Sed,441.1895875
14,Sample_S19S_0078_Sed,441.2129575
8,Sample_S19S_0078_Sed,441.2494531
15,Sample_S19S_0078_Sed,441.2858146
12,Sample_S19S_0078_Sed,443.0830557
12,Sample_S19S_0078_Sed,443.0984287
12,Sample_S19S_0078_Sed,443.1114516
41,Sample_S19S_0078_Sed,443.119518
6,Sample_S19S_0078_Sed,443.1478565
46,Sample_S19S_0078_Sed,443.1558944
26,Sample_S19S_0078_Sed,443.1841796
11,Sample_S19S_0078_Sed,443.1922057
12,Sample_S19S_0078_Sed,443.2205255
6,Sample_S19S_0078_Sed,443.2285235
23,Sample_S19S_0078_Sed,443.2650816
4,Sample_S19S_0078_Sed,444.2099819
18,Sample_S19S_0078_Sed,445.0776178
7,Sample_S19S_0078_Sed,445.1139537
9,Sample_S19S_0078_Sed,445.127011
2,Sample_S19S_0078_Sed,445.1350548
29,Sample_S19S_0078_Sed,445.1634705
38,Sample_S19S_0078_Sed,445.1715289
32,Sample_S19S_0078_Sed,445.2079177
14,Sample_S19S_0078_Sed,445.2304198
22,Sample_S19S_0078_Sed,445.2362316
23,Sample_S19S_0078_Sed,445.2442897
4,Sample_S19S_0078_Sed,445.2805849
9,Sample_S19S_0078_Sed,446.2031197
25,Sample_S19S_0078_Sed,447.1427418
29,Sample_S19S_0078_Sed,447.179104
2,Sample_S19S_0078_Sed,447.1869913
12,Sample_S19S_0078_Sed,447.2154152
5,Sample_S19S_0078_Sed,447.2234126
14,Sample_S19S_0078_Sed,447.2518394
7,Sample_S19S_0078_Sed,447.2598855
9,Sample_S19S_0078_Sed,449.0724952
53,Sample_S19S_0078_Sed,449.1089599
45,Sample_S19S_0078_Sed,449.1453221
34,Sample_S19S_0078_Sed,449.1583358
2,Sample_S19S_0078_Sed,449.1735875
13,Sample_S19S_0078_Sed,449.1816462
12,Sample_S19S_0078_Sed,449.1946593
18,Sample_S19S_0078_Sed,449.2310912
5,Sample_S19S_0078_Sed,450.1898917
15,Sample_S19S_0078_Sed,451.0881744
32,Sample_S19S_0078_Sed,451.124616
22,Sample_S19S_0078_Sed,451.1376081
17,Sample_S19S_0078_Sed,451.1609528
14,Sample_S19S_0078_Sed,451.1739524
2,Sample_S19S_0078_Sed,451.1916101
10,Sample_S19S_0078_Sed,451.2103087
4,Sample_S19S_0078_Sed,451.2280387
15,Sample_S19S_0078_Sed,451.2467303
14,Sample_S19S_0078_Sed,452.1692639
7,Sample_S19S_0078_Sed,453.0673983
3,Sample_S19S_0078_Sed,453.1037558
5,Sample_S19S_0078_Sed,453.1321972
21,Sample_S19S_0078_Sed,453.140211
15,Sample_S19S_0078_Sed,453.1532352
26,Sample_S19S_0078_Sed,453.1896338
15,Sample_S19S_0078_Sed,453.2259797
4,Sample_S19S_0078_Sed,453.2492245
26,Sample_S19S_0078_Sed,455.0831528
17,Sample_S19S_0078_Sed,455.1194736
4,Sample_S19S_0078_Sed,455.1558023
6,Sample_S19S_0078_Sed,455.1921775
18,Sample_S19S_0078_Sed,455.2052634
4,Sample_S19S_0078_Sed,455.2285132
16,Sample_S19S_0078_Sed,455.2416675
23,Sample_S19S_0078_Sed,455.2650512
5,Sample_S19S_0078_Sed,457.1270095
18,Sample_S19S_0078_Sed,457.1634444
27,Sample_S19S_0078_Sed,457.1715231
11,Sample_S19S_0078_Sed,457.1998933
31,Sample_S19S_0078_Sed,457.2079257
14,Sample_S19S_0078_Sed,457.2362399
12,Sample_S19S_0078_Sed,457.2442623
7,Sample_S19S_0078_Sed,457.280565
9,Sample_S19S_0078_Sed,459.0932353
26,Sample_S19S_0078_Sed,459.142719
24,Sample_S19S_0078_Sed,459.1661042
32,Sample_S19S_0078_Sed,459.1872169
14,Sample_S19S_0078_Sed,459.2235091
7,Sample_S19S_0078_Sed,459.2598321
9,Sample_S19S_0078_Sed,461.0725007
10,Sample_S19S_0078_Sed,461.1452647
27,Sample_S19S_0078_Sed,461.1583343
7,Sample_S19S_0078_Sed,461.1948089
9,Sample_S19S_0078_Sed,461.2027689
30,Sample_S19S_0078_Sed,461.2311454
10,Sample_S19S_0078_Sed,461.2391228
4,Sample_S19S_0078_Sed,461.2674378
18,Sample_S19S_0078_Sed,463.0881954
3,Sample_S19S_0078_Sed,463.124491
2,Sample_S19S_0078_Sed,463.1375144
10,Sample_S19S_0078_Sed,463.1739081
2,Sample_S19S_0078_Sed,463.1865864
32,Sample_S19S_0078_Sed,463.210366
23,Sample_S19S_0078_Sed,463.2467901
21,Sample_S19S_0078_Sed,465.1532935
29,Sample_S19S_0078_Sed,465.1896305
3,Sample_S19S_0078_Sed,465.207298
13,Sample_S19S_0078_Sed,465.2259434
15,Sample_S19S_0078_Sed,465.2623148
22,Sample_S19S_0078_Sed,467.0831629
26,Sample_S19S_0078_Sed,467.1195422
15,Sample_S19S_0078_Sed,467.1478261
18,Sample_S19S_0078_Sed,467.1558326
18,Sample_S19S_0078_Sed,467.2052403
5,Sample_S19S_0078_Sed,467.2229454
24,Sample_S19S_0078_Sed,467.2416996
8,Sample_S19S_0078_Sed,469.0986993
22,Sample_S19S_0078_Sed,469.2078959
20,Sample_S19S_0078_Sed,469.2209608
28,Sample_S19S_0078_Sed,469.2442937
10,Sample_S19S_0078_Sed,469.2806636
18,Sample_S19S_0078_Sed,471.1790652
17,Sample_S19S_0078_Sed,471.1871307
9,Sample_S19S_0078_Sed,471.2001285
21,Sample_S19S_0078_Sed,471.2235442
7,Sample_S19S_0078_Sed,471.2598467
3,Sample_S19S_0078_Sed,471.2961918
10,Sample_S19S_0078_Sed,473.1452829
10,Sample_S19S_0078_Sed,473.1582831
10,Sample_S19S_0078_Sed,473.1946924
9,Sample_S19S_0078_Sed,473.2027392
31,Sample_S19S_0078_Sed,473.2311386
21,Sample_S19S_0078_Sed,473.2392065
21,Sample_S19S_0078_Sed,473.2756478
20,Sample_S19S_0078_Sed,475.1376596
44,Sample_S19S_0078_Sed,475.1609843
26,Sample_S19S_0078_Sed,475.1739813
9,Sample_S19S_0078_Sed,475.2103074
3,Sample_S19S_0078_Sed,475.2546749
1,Sample_S19S_0078_Sed,476.2499866
13,Sample_S19S_0078_Sed,477.0674882
7,Sample_S19S_0078_Sed,477.1531747
10,Sample_S19S_0078_Sed,477.1895617
1,Sample_S19S_0078_Sed,477.2072691
27,Sample_S19S_0078_Sed,477.2260597
17,Sample_S19S_0078_Sed,477.262427
18,Sample_S19S_0078_Sed,479.1194663
38,Sample_S19S_0078_Sed,479.1559168
8,Sample_S19S_0078_Sed,479.1689644
28,Sample_S19S_0078_Sed,479.2053091
23,Sample_S19S_0078_Sed,479.2416827
1,Sample_S19S_0078_Sed,479.277834
9,Sample_S19S_0078_Sed,480.151082
4,Sample_S19S_0078_Sed,480.1640335
13,Sample_S19S_0078_Sed,480.2005188
41,Sample_S19S_0078_Sed,481.1351677
11,Sample_S19S_0078_Sed,481.1634867
1,Sample_S19S_0078_Sed,481.2020555
12,Sample_S19S_0078_Sed,481.2208584
16,Sample_S19S_0078_Sed,481.2572296
6,Sample_S19S_0078_Sed,482.1797251
25,Sample_S19S_0078_Sed,483.1144642
15,Sample_S19S_0078_Sed,483.2001521
7,Sample_S19S_0078_Sed,483.2234722
17,Sample_S19S_0078_Sed,483.2364995
4,Sample_S19S_0078_Sed,483.259746
8,Sample_S19S_0078_Sed,483.2963101
11,Sample_S19S_0078_Sed,485.2158694
4,Sample_S19S_0078_Sed,485.2390821
4,Sample_S19S_0078_Sed,485.275439
5,Sample_S19S_0078_Sed,487.2104698
19,Sample_S19S_0078_Sed,487.2184679
20,Sample_S19S_0078_Sed,487.254845
2,Sample_S19S_0078_Sed,487.2911792
12,Sample_S19S_0078_Sed,489.1402055
18,Sample_S19S_0078_Sed,489.1532671
8,Sample_S19S_0078_Sed,489.1895365
6,Sample_S19S_0078_Sed,489.2259164
7,Sample_S19S_0078_Sed,489.2623275
2,Sample_S19S_0078_Sed,491.0830123
10,Sample_S19S_0078_Sed,491.1558203
20,Sample_S19S_0078_Sed,491.1689084
5,Sample_S19S_0078_Sed,491.2053832
1,Sample_S19S_0078_Sed,491.2230199
5,Sample_S19S_0078_Sed,491.2417678
8,Sample_S19S_0078_Sed,491.2780744
1,Sample_S19S_0078_Sed,492.2448676
3,Sample_S19S_0078_Sed,493.1270629
45,Sample_S19S_0078_Sed,493.1351653
5,Sample_S19S_0078_Sed,493.1846305
24,Sample_S19S_0078_Sed,493.2209368
16,Sample_S19S_0078_Sed,493.2572378
1,Sample_S19S_0078_Sed,493.2935422
2,Sample_S19S_0078_Sed,495.1427989
15,Sample_S19S_0078_Sed,495.1638346
13,Sample_S19S_0078_Sed,495.2001254
12,Sample_S19S_0078_Sed,495.2365338
1,Sample_S19S_0078_Sed,495.2541845
8,Sample_S19S_0078_Sed,496.1953999
6,Sample_S19S_0078_Sed,497.2157304
2,Sample_S19S_0078_Sed,497.2390455
9,Sample_S19S_0078_Sed,497.2522001
4,Sample_S19S_0078_Sed,497.2754084
3,Sample_S19S_0078_Sed,497.3118372
12,Sample_S19S_0078_Sed,498.1617513
18,Sample_S19S_0078_Sed,499.2104255
14,Sample_S19S_0078_Sed,499.2184243
5,Sample_S19S_0078_Sed,499.2546595
17,Sample_S19S_0078_Sed,501.2705063
6,Sample_S19S_0078_Sed,501.3067877
7,Sample_S19S_0078_Sed,503.2051842
1,Sample_S19S_0078_Sed,503.2130913
6,Sample_S19S_0078_Sed,503.2415628
6,Sample_S19S_0078_Sed,503.2779927
10,Sample_S19S_0078_Sed,505.1350781
12,Sample_S19S_0078_Sed,505.1846129
8,Sample_S19S_0078_Sed,505.221033
16,Sample_S19S_0078_Sed,505.2573293
1,Sample_S19S_0078_Sed,505.293641
22,Sample_S19S_0078_Sed,507.1144464
16,Sample_S19S_0078_Sed,507.2001826
12,Sample_S19S_0078_Sed,507.2364864
7,Sample_S19S_0078_Sed,507.2728559
15,Sample_S19S_0078_Sed,509.0937287
3,Sample_S19S_0078_Sed,509.1219812
9,Sample_S19S_0078_Sed,509.1947371
15,Sample_S19S_0078_Sed,509.2157568
13,Sample_S19S_0078_Sed,509.2522003
3,Sample_S19S_0078_Sed,509.2755137
11,Sample_S19S_0078_Sed,510.2111059
3,Sample_S19S_0078_Sed,511.1375472
6,Sample_S19S_0078_Sed,511.2183807
11,Sample_S19S_0078_Sed,511.231412
6,Sample_S19S_0078_Sed,511.2547768
10,Sample_S19S_0078_Sed,511.2678647
5,Sample_S19S_0078_Sed,511.2911339
3,Sample_S19S_0078_Sed,513.1531789
5,Sample_S19S_0078_Sed,513.233912
5,Sample_S19S_0078_Sed,513.2470326
6,Sample_S19S_0078_Sed,513.2704612
8,Sample_S19S_0078_Sed,513.3068739
7,Sample_S19S_0078_Sed,515.2052029
4,Sample_S19S_0078_Sed,515.213195
5,Sample_S19S_0078_Sed,515.2495874
9,Sample_S19S_0078_Sed,515.3225486
11,Sample_S19S_0078_Sed,517.2208996
7,Sample_S19S_0078_Sed,517.2652212
11,Sample_S19S_0078_Sed,519.1507584
25,Sample_S19S_0078_Sed,519.2002386
7,Sample_S19S_0078_Sed,519.2366622
7,Sample_S19S_0078_Sed,519.2730269
3,Sample_S19S_0078_Sed,521.2157156
17,Sample_S19S_0078_Sed,521.2521448
6,Sample_S19S_0078_Sed,521.288516
11,Sample_S19S_0078_Sed,523.195055
15,Sample_S19S_0078_Sed,523.231536
13,Sample_S19S_0078_Sed,523.2678897
5,Sample_S19S_0078_Sed,525.2106012
13,Sample_S19S_0078_Sed,525.2470626
5,Sample_S19S_0078_Sed,525.270299
6,Sample_S19S_0078_Sed,526.1929575
4,Sample_S19S_0078_Sed,527.2495897
5,Sample_S19S_0078_Sed,527.28601
5,Sample_S19S_0078_Sed,527.3224375
3,Sample_S19S_0078_Sed,529.2652092
7,Sample_S19S_0078_Sed,529.3017656
1,Sample_S19S_0078_Sed,531.1597187
1,Sample_S19S_0078_Sed,531.2727826
4,Sample_S19S_0078_Sed,531.280929
4,Sample_S19S_0078_Sed,533.2156961
3,Sample_S19S_0078_Sed,533.25209
4,Sample_S19S_0078_Sed,533.2884424
17,Sample_S19S_0078_Sed,535.1951076
9,Sample_S19S_0078_Sed,535.2314389
16,Sample_S19S_0078_Sed,535.2677938
5,Sample_S19S_0078_Sed,537.247225
6,Sample_S19S_0078_Sed,539.2859556
3,Sample_S19S_0078_Sed,541.3015887
2,Sample_S19S_0078_Sed,542.1433378
4,Sample_S19S_0078_Sed,542.1878502
4,Sample_S19S_0078_Sed,543.3173823
1,Sample_S19S_0078_Sed,545.2523758
5,Sample_S19S_0078_Sed,545.2967065
15,Sample_S19S_0078_Sed,547.2315171
16,Sample_S19S_0078_Sed,547.2678735
1,Sample_S19S_0078_Sed,547.3041247
1,Sample_S19S_0078_Sed,548.2345584
7,Sample_S19S_0078_Sed,549.2470293
4,Sample_S19S_0078_Sed,549.283364
5,Sample_S19S_0078_Sed,551.2262635
3,Sample_S19S_0078_Sed,553.2418178
1,Sample_S19S_0078_Sed,556.1224728
3,Sample_S19S_0078_Sed,557.2602406
4,Sample_S19S_0078_Sed,557.3328937
3,Sample_S19S_0078_Sed,561.2469764
3,Sample_S19S_0078_Sed,561.2834147
10,Sample_S19S_0078_Sed,563.2263607
13,Sample_S19S_0078_Sed,563.2627092
10,Sample_S19S_0078_Sed,565.2420146
10,Sample_S19S_0078_Sed,565.278449
3,Sample_S19S_0078_Sed,571.3487705
1,Sample_S19S_0078_Sed,575.2625924
4,Sample_S19S_0078_Sed,589.2783211
1,Sample_S19S_0078_Sed,591.2938715
1,Sample_S19S_0078_Sed,599.0778381
1,Sample_S19S_0078_Sed,603.2941965
1,Sample_S19S_0078_Sed,612.9490855
1,Sample_S19S_0078_Sed,612.9854639
