num.trans.involved.in,sample,peak
18,Sample_S19S_0041_Sed,241.0717422
11,Sample_S19S_0041_Sed,241.1081087
6,Sample_S19S_0041_Sed,241.1193918
11,Sample_S19S_0041_Sed,241.1445007
29,Sample_S19S_0041_Sed,241.1809156
7,Sample_S19S_0041_Sed,242.0670034
14,Sample_S19S_0041_Sed,242.139775
4,Sample_S19S_0041_Sed,242.1761465
15,Sample_S19S_0041_Sed,243.0873816
10,Sample_S19S_0041_Sed,243.1237626
20,Sample_S19S_0041_Sed,243.1601665
29,Sample_S19S_0041_Sed,243.1965883
3,Sample_S19S_0041_Sed,245.0489119
63,Sample_S19S_0041_Sed,245.0666847
55,Sample_S19S_0041_Sed,245.1030642
3,Sample_S19S_0041_Sed,245.1142776
25,Sample_S19S_0041_Sed,245.1394342
8,Sample_S19S_0041_Sed,246.134683
57,Sample_S19S_0041_Sed,247.0823368
5,Sample_S19S_0041_Sed,247.0935696
46,Sample_S19S_0041_Sed,247.118733
35,Sample_S19S_0041_Sed,247.1339672
7,Sample_S19S_0041_Sed,247.1703275
14,Sample_S19S_0041_Sed,248.1139872
24,Sample_S19S_0041_Sed,249.1132224
39,Sample_S19S_0041_Sed,249.1496147
8,Sample_S19S_0041_Sed,250.1448617
18,Sample_S19S_0041_Sed,251.0560986
2,Sample_S19S_0041_Sed,251.0594793
1,Sample_S19S_0041_Sed,251.0785764
75,Sample_S19S_0041_Sed,251.0925063
3,Sample_S19S_0041_Sed,251.0958765
39,Sample_S19S_0041_Sed,251.1289035
68,Sample_S19S_0041_Sed,253.0717756
4,Sample_S19S_0041_Sed,253.0829986
22,Sample_S19S_0041_Sed,253.1081345
51,Sample_S19S_0041_Sed,253.1445337
41,Sample_S19S_0041_Sed,253.1809275
48,Sample_S19S_0041_Sed,255.0510433
2,Sample_S19S_0041_Sed,255.0622462
11,Sample_S19S_0041_Sed,255.0663123
88,Sample_S19S_0041_Sed,255.0874163
26,Sample_S19S_0041_Sed,255.1237776
52,Sample_S19S_0041_Sed,255.1602018
37,Sample_S19S_0041_Sed,255.1965909
18,Sample_S19S_0041_Sed,255.2329705
55,Sample_S19S_0041_Sed,257.0666765
42,Sample_S19S_0041_Sed,257.1030521
57,Sample_S19S_0041_Sed,257.1394516
35,Sample_S19S_0041_Sed,257.175834
29,Sample_S19S_0041_Sed,257.2122374
16,Sample_S19S_0041_Sed,258.1347123
62,Sample_S19S_0041_Sed,259.0823405
56,Sample_S19S_0041_Sed,259.1187072
10,Sample_S19S_0041_Sed,259.1299532
48,Sample_S19S_0041_Sed,259.1551113
47,Sample_S19S_0041_Sed,261.0768598
41,Sample_S19S_0041_Sed,261.0980071
54,Sample_S19S_0041_Sed,261.1343647
1,Sample_S19S_0041_Sed,261.9555802
15,Sample_S19S_0041_Sed,262.1660448
33,Sample_S19S_0041_Sed,263.0561329
19,Sample_S19S_0041_Sed,263.0924815
30,Sample_S19S_0041_Sed,263.128908
41,Sample_S19S_0041_Sed,263.1652771
1,Sample_S19S_0041_Sed,264.0473979
17,Sample_S19S_0041_Sed,264.1605215
43,Sample_S19S_0041_Sed,265.0717855
3,Sample_S19S_0041_Sed,265.07514
74,Sample_S19S_0041_Sed,265.1081545
42,Sample_S19S_0041_Sed,265.1445692
3,Sample_S19S_0041_Sed,265.1479151
8,Sample_S19S_0041_Sed,265.1575521
19,Sample_S19S_0041_Sed,265.1809039
2,Sample_S19S_0041_Sed,266.089493
54,Sample_S19S_0041_Sed,267.0510336
2,Sample_S19S_0041_Sed,267.0735078
64,Sample_S19S_0041_Sed,267.0874299
75,Sample_S19S_0041_Sed,267.123805
49,Sample_S19S_0041_Sed,267.1601848
39,Sample_S19S_0041_Sed,267.1965985
66,Sample_S19S_0041_Sed,269.0666802
69,Sample_S19S_0041_Sed,269.1030627
61,Sample_S19S_0041_Sed,269.1394657
48,Sample_S19S_0041_Sed,269.1758579
33,Sample_S19S_0041_Sed,269.2122378
53,Sample_S19S_0041_Sed,271.0823212
79,Sample_S19S_0041_Sed,271.118718
45,Sample_S19S_0041_Sed,271.1551343
43,Sample_S19S_0041_Sed,271.1914941
26,Sample_S19S_0041_Sed,271.227892
16,Sample_S19S_0041_Sed,272.1504094
41,Sample_S19S_0041_Sed,273.061591
66,Sample_S19S_0041_Sed,273.0979879
48,Sample_S19S_0041_Sed,273.1343844
48,Sample_S19S_0041_Sed,273.1707658
55,Sample_S19S_0041_Sed,275.0772487
56,Sample_S19S_0041_Sed,275.1136274
43,Sample_S19S_0041_Sed,275.1500444
20,Sample_S19S_0041_Sed,275.1652622
15,Sample_S19S_0041_Sed,276.108923
64,Sample_S19S_0041_Sed,277.1081544
51,Sample_S19S_0041_Sed,277.1445377
1,Sample_S19S_0041_Sed,278.0630512
10,Sample_S19S_0041_Sed,278.0881845
31,Sample_S19S_0041_Sed,279.0510516
35,Sample_S19S_0041_Sed,279.0874539
4,Sample_S19S_0041_Sed,279.0986672
43,Sample_S19S_0041_Sed,279.1238221
2,Sample_S19S_0041_Sed,279.1562152
53,Sample_S19S_0041_Sed,279.160186
3,Sample_S19S_0041_Sed,279.1635618
1,Sample_S19S_0041_Sed,280.0600822
61,Sample_S19S_0041_Sed,281.0666829
30,Sample_S19S_0041_Sed,281.1030502
66,Sample_S19S_0041_Sed,281.1394597
43,Sample_S19S_0041_Sed,281.1758716
46,Sample_S19S_0041_Sed,283.0459554
31,Sample_S19S_0041_Sed,283.0823169
85,Sample_S19S_0041_Sed,283.118715
5,Sample_S19S_0041_Sed,283.1373752
49,Sample_S19S_0041_Sed,283.1551309
26,Sample_S19S_0041_Sed,283.1915306
3,Sample_S19S_0041_Sed,283.2642602
32,Sample_S19S_0041_Sed,285.0616357
21,Sample_S19S_0041_Sed,285.0980306
7,Sample_S19S_0041_Sed,285.1262347
49,Sample_S19S_0041_Sed,285.1343948
54,Sample_S19S_0041_Sed,285.17075
12,Sample_S19S_0041_Sed,285.2071124
15,Sample_S19S_0041_Sed,286.1660572
61,Sample_S19S_0041_Sed,287.0772537
66,Sample_S19S_0041_Sed,287.1136282
61,Sample_S19S_0041_Sed,287.150015
47,Sample_S19S_0041_Sed,287.1864124
20,Sample_S19S_0041_Sed,287.2228145
48,Sample_S19S_0041_Sed,289.0929075
58,Sample_S19S_0041_Sed,289.1292776
47,Sample_S19S_0041_Sed,289.1656738
25,Sample_S19S_0041_Sed,289.1809407
1,Sample_S19S_0041_Sed,289.9868879
17,Sample_S19S_0041_Sed,290.1245994
14,Sample_S19S_0041_Sed,290.197347
43,Sample_S19S_0041_Sed,291.0874132
48,Sample_S19S_0041_Sed,291.1237966
39,Sample_S19S_0041_Sed,291.1449729
42,Sample_S19S_0041_Sed,291.1601932
4,Sample_S19S_0041_Sed,291.1635897
34,Sample_S19S_0041_Sed,291.1965973
11,Sample_S19S_0041_Sed,292.1038307
8,Sample_S19S_0041_Sed,292.2129776
35,Sample_S19S_0041_Sed,293.0667099
71,Sample_S19S_0041_Sed,293.1030793
1,Sample_S19S_0041_Sed,293.1143295
66,Sample_S19S_0041_Sed,293.1394564
8,Sample_S19S_0041_Sed,293.1757942
38,Sample_S19S_0041_Sed,293.2122379
11,Sample_S19S_0041_Sed,294.1195199
34,Sample_S19S_0041_Sed,295.0459444
74,Sample_S19S_0041_Sed,295.0823376
83,Sample_S19S_0041_Sed,295.1187213
2,Sample_S19S_0041_Sed,295.137392
64,Sample_S19S_0041_Sed,295.1550986
45,Sample_S19S_0041_Sed,295.1914926
34,Sample_S19S_0041_Sed,295.227888
32,Sample_S19S_0041_Sed,297.0616262
40,Sample_S19S_0041_Sed,297.0980154
42,Sample_S19S_0041_Sed,297.1344063
4,Sample_S19S_0041_Sed,297.1529844
34,Sample_S19S_0041_Sed,297.1707937
16,Sample_S19S_0041_Sed,297.2071894
21,Sample_S19S_0041_Sed,297.2435585
52,Sample_S19S_0041_Sed,299.0772616
69,Sample_S19S_0041_Sed,299.1136455
75,Sample_S19S_0041_Sed,299.1500243
45,Sample_S19S_0041_Sed,299.1864335
19,Sample_S19S_0041_Sed,299.2228305
11,Sample_S19S_0041_Sed,299.2592121
22,Sample_S19S_0041_Sed,300.1453117
21,Sample_S19S_0041_Sed,300.1816868
18,Sample_S19S_0041_Sed,301.071792
42,Sample_S19S_0041_Sed,301.092932
49,Sample_S19S_0041_Sed,301.129318
54,Sample_S19S_0041_Sed,301.1656955
45,Sample_S19S_0041_Sed,301.202066
21,Sample_S19S_0041_Sed,302.1245742
4,Sample_S19S_0041_Sed,302.1357844
21,Sample_S19S_0041_Sed,302.1609828
2,Sample_S19S_0041_Sed,303.0834122
59,Sample_S19S_0041_Sed,303.1085414
61,Sample_S19S_0041_Sed,303.1449308
41,Sample_S19S_0041_Sed,303.1813306
22,Sample_S19S_0041_Sed,303.2177327
16,Sample_S19S_0041_Sed,304.1038383
20,Sample_S19S_0041_Sed,304.1402446
5,Sample_S19S_0041_Sed,304.1766628
19,Sample_S19S_0041_Sed,305.0303157
44,Sample_S19S_0041_Sed,305.0666877
30,Sample_S19S_0041_Sed,305.1242388
40,Sample_S19S_0041_Sed,305.1758605
10,Sample_S19S_0041_Sed,306.1195211
7,Sample_S19S_0041_Sed,306.192305
32,Sample_S19S_0041_Sed,307.0459779
33,Sample_S19S_0041_Sed,307.0823737
37,Sample_S19S_0041_Sed,307.1187572
41,Sample_S19S_0041_Sed,307.1551342
5,Sample_S19S_0041_Sed,307.1585022
38,Sample_S19S_0041_Sed,307.1915179
7,Sample_S19S_0041_Sed,308.1351748
4,Sample_S19S_0041_Sed,308.2079497
58,Sample_S19S_0041_Sed,309.0616036
61,Sample_S19S_0041_Sed,309.0979773
6,Sample_S19S_0041_Sed,309.1013433
2,Sample_S19S_0041_Sed,309.1092661
74,Sample_S19S_0041_Sed,309.1343649
5,Sample_S19S_0041_Sed,309.1530159
61,Sample_S19S_0041_Sed,309.1707647
4,Sample_S19S_0041_Sed,309.1741269
22,Sample_S19S_0041_Sed,309.2071806
12,Sample_S19S_0041_Sed,310.1508222
24,Sample_S19S_0041_Sed,311.0408991
44,Sample_S19S_0041_Sed,311.0772659
97,Sample_S19S_0041_Sed,311.1136352
79,Sample_S19S_0041_Sed,311.1500195
1,Sample_S19S_0041_Sed,311.1686157
52,Sample_S19S_0041_Sed,311.186419
20,Sample_S19S_0041_Sed,311.2228309
28,Sample_S19S_0041_Sed,313.0565398
45,Sample_S19S_0041_Sed,313.0929245
55,Sample_S19S_0041_Sed,313.1293014
7,Sample_S19S_0041_Sed,313.1479364
42,Sample_S19S_0041_Sed,313.2020808
25,Sample_S19S_0041_Sed,313.2384778
13,Sample_S19S_0041_Sed,314.1973467
32,Sample_S19S_0041_Sed,315.0721791
50,Sample_S19S_0041_Sed,315.1085755
56,Sample_S19S_0041_Sed,315.1449559
50,Sample_S19S_0041_Sed,315.1813307
5,Sample_S19S_0041_Sed,315.1966265
41,Sample_S19S_0041_Sed,315.217727
5,Sample_S19S_0041_Sed,315.2290147
14,Sample_S19S_0041_Sed,315.2541325
28,Sample_S19S_0041_Sed,316.1402237
9,Sample_S19S_0041_Sed,316.1514197
11,Sample_S19S_0041_Sed,316.2130272
44,Sample_S19S_0041_Sed,317.124227
43,Sample_S19S_0041_Sed,317.1394552
50,Sample_S19S_0041_Sed,317.1606071
12,Sample_S19S_0041_Sed,317.2122753
2,Sample_S19S_0041_Sed,317.2446454
18,Sample_S19S_0041_Sed,318.1194966
22,Sample_S19S_0041_Sed,318.1558543
11,Sample_S19S_0041_Sed,318.2286611
35,Sample_S19S_0041_Sed,319.0823624
41,Sample_S19S_0041_Sed,319.139868
45,Sample_S19S_0041_Sed,319.1551015
9,Sample_S19S_0041_Sed,320.0987676
23,Sample_S19S_0041_Sed,320.1351354
17,Sample_S19S_0041_Sed,320.1715427
3,Sample_S19S_0041_Sed,320.2442999
27,Sample_S19S_0041_Sed,321.0616406
28,Sample_S19S_0041_Sed,321.0980285
47,Sample_S19S_0041_Sed,321.1343949
45,Sample_S19S_0041_Sed,321.1707672
17,Sample_S19S_0041_Sed,321.2201744
12,Sample_S19S_0041_Sed,322.1144282
2,Sample_S19S_0041_Sed,322.1508517
5,Sample_S19S_0041_Sed,322.1872255
62,Sample_S19S_0041_Sed,323.0772527
37,Sample_S19S_0041_Sed,323.1136726
56,Sample_S19S_0041_Sed,323.1864241
17,Sample_S19S_0041_Sed,324.1664479
8,Sample_S19S_0041_Sed,324.2028461
29,Sample_S19S_0041_Sed,325.0565425
63,Sample_S19S_0041_Sed,325.0928926
60,Sample_S19S_0041_Sed,325.1292996
50,Sample_S19S_0041_Sed,325.1657004
1,Sample_S19S_0041_Sed,325.1842438
58,Sample_S19S_0041_Sed,325.2020573
30,Sample_S19S_0041_Sed,327.0722018
52,Sample_S19S_0041_Sed,327.1085831
63,Sample_S19S_0041_Sed,327.1449492
3,Sample_S19S_0041_Sed,327.1636073
1,Sample_S19S_0041_Sed,327.1801504
9,Sample_S19S_0041_Sed,327.2177565
28,Sample_S19S_0041_Sed,327.2540983
18,Sample_S19S_0041_Sed,328.1766323
62,Sample_S19S_0041_Sed,329.0878075
19,Sample_S19S_0041_Sed,329.1030905
53,Sample_S19S_0041_Sed,329.1242163
1,Sample_S19S_0041_Sed,329.152419
23,Sample_S19S_0041_Sed,329.1758446
47,Sample_S19S_0041_Sed,329.1969687
27,Sample_S19S_0041_Sed,329.2333488
25,Sample_S19S_0041_Sed,330.1194763
4,Sample_S19S_0041_Sed,330.1670892
17,Sample_S19S_0041_Sed,330.192266
13,Sample_S19S_0041_Sed,331.0459941
33,Sample_S19S_0041_Sed,331.1034998
22,Sample_S19S_0041_Sed,331.1399002
53,Sample_S19S_0041_Sed,331.1762541
12,Sample_S19S_0041_Sed,331.1915481
8,Sample_S19S_0041_Sed,331.2126721
4,Sample_S19S_0041_Sed,331.2239268
4,Sample_S19S_0041_Sed,331.2490738
17,Sample_S19S_0041_Sed,332.1351167
7,Sample_S19S_0041_Sed,332.2079509
4,Sample_S19S_0041_Sed,333.0252702
15,Sample_S19S_0041_Sed,333.0616512
12,Sample_S19S_0041_Sed,333.1191757
23,Sample_S19S_0041_Sed,333.1344131
23,Sample_S19S_0041_Sed,333.1707943
25,Sample_S19S_0041_Sed,333.2071238
3,Sample_S19S_0041_Sed,333.2395661
7,Sample_S19S_0041_Sed,333.2565676
13,Sample_S19S_0041_Sed,334.1144217
8,Sample_S19S_0041_Sed,334.1508295
7,Sample_S19S_0041_Sed,334.2235949
13,Sample_S19S_0041_Sed,335.0409093
47,Sample_S19S_0041_Sed,335.0772597
25,Sample_S19S_0041_Sed,335.1136067
47,Sample_S19S_0041_Sed,335.150042
41,Sample_S19S_0041_Sed,335.1864245
24,Sample_S19S_0041_Sed,335.2227808
15,Sample_S19S_0041_Sed,335.2358032
1,Sample_S19S_0041_Sed,335.2552472
3,Sample_S19S_0041_Sed,336.1301036
19,Sample_S19S_0041_Sed,336.1664659
17,Sample_S19S_0041_Sed,337.0564852
49,Sample_S19S_0041_Sed,337.0929176
78,Sample_S19S_0041_Sed,337.1292866
51,Sample_S19S_0041_Sed,337.1656867
7,Sample_S19S_0041_Sed,337.2021218
32,Sample_S19S_0041_Sed,337.238454
16,Sample_S19S_0041_Sed,338.1245766
11,Sample_S19S_0041_Sed,338.1456998
16,Sample_S19S_0041_Sed,339.0357996
57,Sample_S19S_0041_Sed,339.0721726
83,Sample_S19S_0041_Sed,339.1085453
27,Sample_S19S_0041_Sed,339.1449816
49,Sample_S19S_0041_Sed,339.1813533
3,Sample_S19S_0041_Sed,339.1999929
33,Sample_S19S_0041_Sed,339.2177427
9,Sample_S19S_0041_Sed,339.2541495
10,Sample_S19S_0041_Sed,340.1249861
66,Sample_S19S_0041_Sed,341.0878109
25,Sample_S19S_0041_Sed,341.12425
51,Sample_S19S_0041_Sed,341.1606173
55,Sample_S19S_0041_Sed,341.1969848
7,Sample_S19S_0041_Sed,341.2334189
34,Sample_S19S_0041_Sed,342.155837
5,Sample_S19S_0041_Sed,342.1670651
23,Sample_S19S_0041_Sed,343.067113
76,Sample_S19S_0041_Sed,343.1034685
15,Sample_S19S_0041_Sed,343.1399075
52,Sample_S19S_0041_Sed,343.1762631
42,Sample_S19S_0041_Sed,343.2126496
22,Sample_S19S_0041_Sed,343.2490426
2,Sample_S19S_0041_Sed,344.1350437
21,Sample_S19S_0041_Sed,344.1715382
4,Sample_S19S_0041_Sed,344.1827031
6,Sample_S19S_0041_Sed,344.1997897
19,Sample_S19S_0041_Sed,345.0616254
44,Sample_S19S_0041_Sed,345.1191373
34,Sample_S19S_0041_Sed,345.1555412
22,Sample_S19S_0041_Sed,345.170772
10,Sample_S19S_0041_Sed,345.1919508
31,Sample_S19S_0041_Sed,345.2282779
22,Sample_S19S_0041_Sed,346.1507606
3,Sample_S19S_0041_Sed,346.1619628
20,Sample_S19S_0041_Sed,346.1871921
6,Sample_S19S_0041_Sed,346.2154294
44,Sample_S19S_0041_Sed,347.0772564
18,Sample_S19S_0041_Sed,347.0903002
20,Sample_S19S_0041_Sed,347.1136821
21,Sample_S19S_0041_Sed,347.1348045
48,Sample_S19S_0041_Sed,347.1500262
35,Sample_S19S_0041_Sed,347.1711801
7,Sample_S19S_0041_Sed,347.1864695
29,Sample_S19S_0041_Sed,347.2228007
17,Sample_S19S_0041_Sed,348.1300774
20,Sample_S19S_0041_Sed,348.1664038
17,Sample_S19S_0041_Sed,348.2028318
7,Sample_S19S_0041_Sed,348.231087
7,Sample_S19S_0041_Sed,349.0564693
19,Sample_S19S_0041_Sed,349.1059291
47,Sample_S19S_0041_Sed,349.129303
15,Sample_S19S_0041_Sed,349.2021049
17,Sample_S19S_0041_Sed,350.1457077
14,Sample_S19S_0041_Sed,350.1821173
12,Sample_S19S_0041_Sed,350.2184616
25,Sample_S19S_0041_Sed,351.121581
31,Sample_S19S_0041_Sed,351.2177372
2,Sample_S19S_0041_Sed,351.2210572
14,Sample_S19S_0041_Sed,351.2307319
3,Sample_S19S_0041_Sed,351.2500934
19,Sample_S19S_0041_Sed,352.1613622
1,Sample_S19S_0041_Sed,352.1978012
15,Sample_S19S_0041_Sed,353.0514753
63,Sample_S19S_0041_Sed,353.0878166
14,Sample_S19S_0041_Sed,353.1008561
51,Sample_S19S_0041_Sed,353.124233
38,Sample_S19S_0041_Sed,353.1605629
22,Sample_S19S_0041_Sed,353.1736275
43,Sample_S19S_0041_Sed,353.1970034
5,Sample_S19S_0041_Sed,353.2003494
18,Sample_S19S_0041_Sed,353.2333297
2,Sample_S19S_0041_Sed,354.09608
11,Sample_S19S_0041_Sed,354.1406185
8,Sample_S19S_0041_Sed,354.1922902
24,Sample_S19S_0041_Sed,355.0671162
71,Sample_S19S_0041_Sed,355.1034699
20,Sample_S19S_0041_Sed,355.1164999
15,Sample_S19S_0041_Sed,355.1399086
65,Sample_S19S_0041_Sed,355.1762476
16,Sample_S19S_0041_Sed,355.1892674
14,Sample_S19S_0041_Sed,355.2126797
13,Sample_S19S_0041_Sed,355.2489795
36,Sample_S19S_0041_Sed,356.1715182
17,Sample_S19S_0041_Sed,356.207852
47,Sample_S19S_0041_Sed,357.0827228
71,Sample_S19S_0041_Sed,357.1191097
75,Sample_S19S_0041_Sed,357.1554992
63,Sample_S19S_0041_Sed,357.191896
44,Sample_S19S_0041_Sed,357.2282738
6,Sample_S19S_0041_Sed,358.1507103
21,Sample_S19S_0041_Sed,358.1871972
3,Sample_S19S_0041_Sed,358.1983945
26,Sample_S19S_0041_Sed,358.2235211
19,Sample_S19S_0041_Sed,359.0984239
43,Sample_S19S_0041_Sed,359.1347452
41,Sample_S19S_0041_Sed,359.1500213
48,Sample_S19S_0041_Sed,359.1711775
17,Sample_S19S_0041_Sed,359.2074846
2,Sample_S19S_0041_Sed,360.1299489
28,Sample_S19S_0041_Sed,360.1664452
9,Sample_S19S_0041_Sed,360.1776328
2,Sample_S19S_0041_Sed,360.1946802
14,Sample_S19S_0041_Sed,360.2391994
8,Sample_S19S_0041_Sed,360.2674679
15,Sample_S19S_0041_Sed,361.056505
5,Sample_S19S_0041_Sed,361.069538
30,Sample_S19S_0041_Sed,361.0929312
37,Sample_S19S_0041_Sed,361.1140532
62,Sample_S19S_0041_Sed,361.1292859
34,Sample_S19S_0041_Sed,361.1423317
48,Sample_S19S_0041_Sed,361.1504109
29,Sample_S19S_0041_Sed,361.1657046
39,Sample_S19S_0041_Sed,361.186829
12,Sample_S19S_0041_Sed,361.2151155
6,Sample_S19S_0041_Sed,361.2878733
10,Sample_S19S_0041_Sed,362.1093336
21,Sample_S19S_0041_Sed,362.1821174
9,Sample_S19S_0041_Sed,362.246738
18,Sample_S19S_0041_Sed,363.0357881
15,Sample_S19S_0041_Sed,363.0722122
45,Sample_S19S_0041_Sed,363.108539
22,Sample_S19S_0041_Sed,363.1215932
23,Sample_S19S_0041_Sed,363.1449786
17,Sample_S19S_0041_Sed,363.1812892
21,Sample_S19S_0041_Sed,363.1943423
7,Sample_S19S_0041_Sed,363.2670624
13,Sample_S19S_0041_Sed,364.1613157
8,Sample_S19S_0041_Sed,364.2259804
7,Sample_S19S_0041_Sed,364.2340853
10,Sample_S19S_0041_Sed,365.0513776
39,Sample_S19S_0041_Sed,365.0878382
24,Sample_S19S_0041_Sed,365.1008669
27,Sample_S19S_0041_Sed,365.1241727
26,Sample_S19S_0041_Sed,365.137244
15,Sample_S19S_0041_Sed,365.1606438
43,Sample_S19S_0041_Sed,365.1969623
27,Sample_S19S_0041_Sed,365.2100088
13,Sample_S19S_0041_Sed,366.1769935
5,Sample_S19S_0041_Sed,366.2497563
30,Sample_S19S_0041_Sed,367.0671094
70,Sample_S19S_0041_Sed,367.1034613
16,Sample_S19S_0041_Sed,367.1165264
12,Sample_S19S_0041_Sed,367.1246205
2,Sample_S19S_0041_Sed,367.1399195
39,Sample_S19S_0041_Sed,367.1762158
26,Sample_S19S_0041_Sed,367.189277
43,Sample_S19S_0041_Sed,367.2126519
4,Sample_S19S_0041_Sed,367.2255178
2,Sample_S19S_0041_Sed,368.1117355
8,Sample_S19S_0041_Sed,368.1562607
42,Sample_S19S_0041_Sed,368.1714856
40,Sample_S19S_0041_Sed,369.0827443
10,Sample_S19S_0041_Sed,369.1190631
17,Sample_S19S_0041_Sed,369.1321274
60,Sample_S19S_0041_Sed,369.1555194
27,Sample_S19S_0041_Sed,369.1685393
15,Sample_S19S_0041_Sed,369.1837969
17,Sample_S19S_0041_Sed,369.1918398
45,Sample_S19S_0041_Sed,369.2282876
1,Sample_S19S_0041_Sed,370.130589
2,Sample_S19S_0041_Sed,370.2882172
26,Sample_S19S_0041_Sed,371.0620102
15,Sample_S19S_0041_Sed,371.0983408
46,Sample_S19S_0041_Sed,371.1347918
49,Sample_S19S_0041_Sed,371.171134
38,Sample_S19S_0041_Sed,371.2075705
31,Sample_S19S_0041_Sed,371.2439257
28,Sample_S19S_0041_Sed,372.1300076
32,Sample_S19S_0041_Sed,372.1663973
21,Sample_S19S_0041_Sed,372.2028242
8,Sample_S19S_0041_Sed,372.2140099
4,Sample_S19S_0041_Sed,372.3038234
11,Sample_S19S_0041_Sed,373.0776886
21,Sample_S19S_0041_Sed,373.1059583
31,Sample_S19S_0041_Sed,373.1140108
1,Sample_S19S_0041_Sed,373.1338584
17,Sample_S19S_0041_Sed,373.1504711
2,Sample_S19S_0041_Sed,373.1729074
40,Sample_S19S_0041_Sed,373.1867821
43,Sample_S19S_0041_Sed,373.2231881
8,Sample_S19S_0041_Sed,373.287836
26,Sample_S19S_0041_Sed,374.1456527
11,Sample_S19S_0041_Sed,374.1820296
22,Sample_S19S_0041_Sed,374.2184652
16,Sample_S19S_0041_Sed,375.0852221
28,Sample_S19S_0041_Sed,375.1297066
51,Sample_S19S_0041_Sed,375.1449442
31,Sample_S19S_0041_Sed,375.1579842
16,Sample_S19S_0041_Sed,375.1660121
18,Sample_S19S_0041_Sed,375.1812892
34,Sample_S19S_0041_Sed,375.194367
30,Sample_S19S_0041_Sed,375.2024285
10,Sample_S19S_0041_Sed,375.230771
10,Sample_S19S_0041_Sed,375.2387855
15,Sample_S19S_0041_Sed,376.1249335
2,Sample_S19S_0041_Sed,376.1895594
16,Sample_S19S_0041_Sed,376.1976905
7,Sample_S19S_0041_Sed,376.2260146
18,Sample_S19S_0041_Sed,377.0514538
25,Sample_S19S_0041_Sed,377.0877952
15,Sample_S19S_0041_Sed,377.100823
57,Sample_S19S_0041_Sed,377.1241915
23,Sample_S19S_0041_Sed,377.1372608
32,Sample_S19S_0041_Sed,377.1735945
18,Sample_S19S_0041_Sed,377.2099902
31,Sample_S19S_0041_Sed,377.2333521
17,Sample_S19S_0041_Sed,377.2463996
5,Sample_S19S_0041_Sed,378.2052199
2,Sample_S19S_0041_Sed,378.2319507
10,Sample_S19S_0041_Sed,378.2416575
10,Sample_S19S_0041_Sed,379.0670295
5,Sample_S19S_0041_Sed,379.0800689
71,Sample_S19S_0041_Sed,379.1034645
21,Sample_S19S_0041_Sed,379.1165229
67,Sample_S19S_0041_Sed,379.1398402
27,Sample_S19S_0041_Sed,379.1528588
65,Sample_S19S_0041_Sed,379.1762343
35,Sample_S19S_0041_Sed,379.1892722
24,Sample_S19S_0041_Sed,379.2256462
13,Sample_S19S_0041_Sed,379.2620178
6,Sample_S19S_0041_Sed,380.2208704
9,Sample_S19S_0041_Sed,381.0826619
10,Sample_S19S_0041_Sed,381.095685
71,Sample_S19S_0041_Sed,381.1191186
23,Sample_S19S_0041_Sed,381.1321708
73,Sample_S19S_0041_Sed,381.1555031
23,Sample_S19S_0041_Sed,381.1684945
44,Sample_S19S_0041_Sed,381.1918695
14,Sample_S19S_0041_Sed,381.204939
35,Sample_S19S_0041_Sed,381.2282913
1,Sample_S19S_0041_Sed,381.2316122
3,Sample_S19S_0041_Sed,381.2411757
5,Sample_S19S_0041_Sed,382.1273741
10,Sample_S19S_0041_Sed,383.0619616
69,Sample_S19S_0041_Sed,383.0983806
4,Sample_S19S_0041_Sed,383.1113231
15,Sample_S19S_0041_Sed,383.1266887
17,Sample_S19S_0041_Sed,383.1347075
24,Sample_S19S_0041_Sed,383.1477567
29,Sample_S19S_0041_Sed,383.1711132
24,Sample_S19S_0041_Sed,383.184187
50,Sample_S19S_0041_Sed,383.2075249
33,Sample_S19S_0041_Sed,383.2439132
1,Sample_S19S_0041_Sed,384.1462425
31,Sample_S19S_0041_Sed,384.1664077
29,Sample_S19S_0041_Sed,384.2027906
44,Sample_S19S_0041_Sed,385.0776412
15,Sample_S19S_0041_Sed,385.1139909
20,Sample_S19S_0041_Sed,385.1423072
29,Sample_S19S_0041_Sed,385.1503825
14,Sample_S19S_0041_Sed,385.1634062
1,Sample_S19S_0041_Sed,385.1702723
45,Sample_S19S_0041_Sed,385.1868285
11,Sample_S19S_0041_Sed,385.2151169
14,Sample_S19S_0041_Sed,385.2231361
28,Sample_S19S_0041_Sed,385.2595906
35,Sample_S19S_0041_Sed,386.1820531
65,Sample_S19S_0041_Sed,387.1296791
22,Sample_S19S_0041_Sed,387.1579654
6,Sample_S19S_0041_Sed,387.1659841
25,Sample_S19S_0041_Sed,387.19436
44,Sample_S19S_0041_Sed,387.2024406
32,Sample_S19S_0041_Sed,387.2388297
5,Sample_S19S_0041_Sed,388.2987452
12,Sample_S19S_0041_Sed,389.051417
18,Sample_S19S_0041_Sed,389.1008827
1,Sample_S19S_0041_Sed,389.1135404
53,Sample_S19S_0041_Sed,389.1242045
21,Sample_S19S_0041_Sed,389.1372295
9,Sample_S19S_0041_Sed,389.1452618
29,Sample_S19S_0041_Sed,389.1736085
18,Sample_S19S_0041_Sed,389.1816725
32,Sample_S19S_0041_Sed,389.2180886
8,Sample_S19S_0041_Sed,389.2827541
2,Sample_S19S_0041_Sed,389.3191703
1,Sample_S19S_0041_Sed,390.2132816
2,Sample_S19S_0041_Sed,390.3143698
18,Sample_S19S_0041_Sed,391.1034381
1,Sample_S19S_0041_Sed,391.1105459
25,Sample_S19S_0041_Sed,391.1398852
21,Sample_S19S_0041_Sed,391.1528412
26,Sample_S19S_0041_Sed,391.1762035
21,Sample_S19S_0041_Sed,391.1892281
31,Sample_S19S_0041_Sed,391.212612
11,Sample_S19S_0041_Sed,391.2256863
9,Sample_S19S_0041_Sed,391.2620068
1,Sample_S19S_0041_Sed,391.2982703
9,Sample_S19S_0041_Sed,392.1198706
12,Sample_S19S_0041_Sed,392.2209084
1,Sample_S19S_0041_Sed,392.2572106
10,Sample_S19S_0041_Sed,393.0463154
26,Sample_S19S_0041_Sed,393.0827628
47,Sample_S19S_0041_Sed,393.1191285
19,Sample_S19S_0041_Sed,393.1321265
24,Sample_S19S_0041_Sed,393.1554711
25,Sample_S19S_0041_Sed,393.1685262
17,Sample_S19S_0041_Sed,393.1919402
25,Sample_S19S_0041_Sed,393.2049392
2,Sample_S19S_0041_Sed,393.2161336
19,Sample_S19S_0041_Sed,393.2412462
5,Sample_S19S_0041_Sed,393.2776995
2,Sample_S19S_0041_Sed,394.1637274
6,Sample_S19S_0041_Sed,394.2001939
4,Sample_S19S_0041_Sed,394.2364931
12,Sample_S19S_0041_Sed,395.0619708
20,Sample_S19S_0041_Sed,395.0984243
78,Sample_S19S_0041_Sed,395.1347697
28,Sample_S19S_0041_Sed,395.1477706
33,Sample_S19S_0041_Sed,395.171191
21,Sample_S19S_0041_Sed,395.2075813
22,Sample_S19S_0041_Sed,395.2205826
2,Sample_S19S_0041_Sed,395.2317962
7,Sample_S19S_0041_Sed,396.1430161
4,Sample_S19S_0041_Sed,396.1875433
11,Sample_S19S_0041_Sed,397.0775828
37,Sample_S19S_0041_Sed,397.1140135
15,Sample_S19S_0041_Sed,397.1270557
66,Sample_S19S_0041_Sed,397.1504225
18,Sample_S19S_0041_Sed,397.1634297
22,Sample_S19S_0041_Sed,397.1867602
13,Sample_S19S_0041_Sed,397.1997808
3,Sample_S19S_0041_Sed,397.2151289
42,Sample_S19S_0041_Sed,397.2232052
4,Sample_S19S_0041_Sed,398.1222468
26,Sample_S19S_0041_Sed,399.0932727
41,Sample_S19S_0041_Sed,399.1296635
13,Sample_S19S_0041_Sed,399.1427258
12,Sample_S19S_0041_Sed,399.1579458
5,Sample_S19S_0041_Sed,399.1659287
11,Sample_S19S_0041_Sed,399.1790309
16,Sample_S19S_0041_Sed,399.1943775
41,Sample_S19S_0041_Sed,399.2024375
20,Sample_S19S_0041_Sed,399.2388025
25,Sample_S19S_0041_Sed,401.0878209
31,Sample_S19S_0041_Sed,401.1089631
56,Sample_S19S_0041_Sed,401.1453284
1,Sample_S19S_0041_Sed,401.1651827
20,Sample_S19S_0041_Sed,401.1736033
14,Sample_S19S_0041_Sed,401.1816514
1,Sample_S19S_0041_Sed,401.204141
25,Sample_S19S_0041_Sed,401.2100146
35,Sample_S19S_0041_Sed,401.2180808
18,Sample_S19S_0041_Sed,401.2544603
3,Sample_S19S_0041_Sed,402.2779887
15,Sample_S19S_0041_Sed,403.1164656
54,Sample_S19S_0041_Sed,403.1398463
25,Sample_S19S_0041_Sed,403.1529106
21,Sample_S19S_0041_Sed,403.1609357
35,Sample_S19S_0041_Sed,403.1973716
19,Sample_S19S_0041_Sed,403.2256482
12,Sample_S19S_0041_Sed,403.2336971
1,Sample_S19S_0041_Sed,403.3347743
21,Sample_S19S_0041_Sed,404.1926065
1,Sample_S19S_0041_Sed,404.2937097
18,Sample_S19S_0041_Sed,405.0827082
14,Sample_S19S_0041_Sed,405.1190623
25,Sample_S19S_0041_Sed,405.1321292
29,Sample_S19S_0041_Sed,405.1685606
15,Sample_S19S_0041_Sed,405.2048711
11,Sample_S19S_0041_Sed,405.2412525
10,Sample_S19S_0041_Sed,405.2776864
9,Sample_S19S_0041_Sed,406.2364932
6,Sample_S19S_0041_Sed,406.3092961
11,Sample_S19S_0041_Sed,407.0620299
49,Sample_S19S_0041_Sed,407.0983755
10,Sample_S19S_0041_Sed,407.1113661
50,Sample_S19S_0041_Sed,407.1347505
26,Sample_S19S_0041_Sed,407.1477958
15,Sample_S19S_0041_Sed,407.2075913
20,Sample_S19S_0041_Sed,407.2205546
13,Sample_S19S_0041_Sed,407.2568891
4,Sample_S19S_0041_Sed,407.2932755
6,Sample_S19S_0041_Sed,408.1776232
5,Sample_S19S_0041_Sed,409.07757
57,Sample_S19S_0041_Sed,409.1140221
22,Sample_S19S_0041_Sed,409.1270356
68,Sample_S19S_0041_Sed,409.1504235
13,Sample_S19S_0041_Sed,409.1633923
12,Sample_S19S_0041_Sed,409.1867344
8,Sample_S19S_0041_Sed,409.1997594
3,Sample_S19S_0041_Sed,409.2110293
48,Sample_S19S_0041_Sed,409.2231724
17,Sample_S19S_0041_Sed,409.236154
10,Sample_S19S_0041_Sed,409.2725381
6,Sample_S19S_0041_Sed,410.1221742
6,Sample_S19S_0041_Sed,411.0568579
35,Sample_S19S_0041_Sed,411.0933142
50,Sample_S19S_0041_Sed,411.1296933
27,Sample_S19S_0041_Sed,411.1426758
17,Sample_S19S_0041_Sed,411.1579879
38,Sample_S19S_0041_Sed,411.1660419
20,Sample_S19S_0041_Sed,411.1790746
4,Sample_S19S_0041_Sed,411.2022993
2,Sample_S19S_0041_Sed,411.2037713
21,Sample_S19S_0041_Sed,411.2154903
37,Sample_S19S_0041_Sed,411.2388467
5,Sample_S19S_0041_Sed,412.137911
14,Sample_S19S_0041_Sed,413.1008794
44,Sample_S19S_0041_Sed,413.1089345
9,Sample_S19S_0041_Sed,413.1372735
18,Sample_S19S_0041_Sed,413.1452768
20,Sample_S19S_0041_Sed,413.1736056
6,Sample_S19S_0041_Sed,413.1816156
1,Sample_S19S_0041_Sed,413.2015356
12,Sample_S19S_0041_Sed,413.2100122
22,Sample_S19S_0041_Sed,413.2180661
26,Sample_S19S_0041_Sed,413.2544798
23,Sample_S19S_0041_Sed,415.0881916
11,Sample_S19S_0041_Sed,415.1164835
15,Sample_S19S_0041_Sed,415.1245406
11,Sample_S19S_0041_Sed,415.1529316
44,Sample_S19S_0041_Sed,415.1609859
35,Sample_S19S_0041_Sed,415.1973464
7,Sample_S19S_0041_Sed,415.219815
14,Sample_S19S_0041_Sed,415.2256541
13,Sample_S19S_0041_Sed,415.2336924
21,Sample_S19S_0041_Sed,415.2701205
11,Sample_S19S_0041_Sed,416.1925804
8,Sample_S19S_0041_Sed,417.0463346
11,Sample_S19S_0041_Sed,417.0826722
44,Sample_S19S_0041_Sed,417.1191101
28,Sample_S19S_0041_Sed,417.1321667
26,Sample_S19S_0041_Sed,417.1402188
31,Sample_S19S_0041_Sed,417.1685514
14,Sample_S19S_0041_Sed,417.1765666
14,Sample_S19S_0041_Sed,417.2048604
7,Sample_S19S_0041_Sed,417.2128787
11,Sample_S19S_0041_Sed,417.2493486
10,Sample_S19S_0041_Sed,419.0619721
3,Sample_S19S_0041_Sed,419.0982983
3,Sample_S19S_0041_Sed,419.1113471
51,Sample_S19S_0041_Sed,419.1347745
21,Sample_S19S_0041_Sed,419.1478319
22,Sample_S19S_0041_Sed,419.1711927
34,Sample_S19S_0041_Sed,419.1842051
2,Sample_S19S_0041_Sed,419.1921608
18,Sample_S19S_0041_Sed,419.2205119
12,Sample_S19S_0041_Sed,419.256939
3,Sample_S19S_0041_Sed,419.3296987
6,Sample_S19S_0041_Sed,420.2521315
5,Sample_S19S_0041_Sed,420.2885838
2,Sample_S19S_0041_Sed,421.0777047
54,Sample_S19S_0041_Sed,421.1140346
14,Sample_S19S_0041_Sed,421.1270174
1,Sample_S19S_0041_Sed,421.1552081
29,Sample_S19S_0041_Sed,421.1634511
4,Sample_S19S_0041_Sed,421.2265386
15,Sample_S19S_0041_Sed,421.2362004
11,Sample_S19S_0041_Sed,422.2031632
18,Sample_S19S_0041_Sed,423.0569089
11,Sample_S19S_0041_Sed,423.093231
67,Sample_S19S_0041_Sed,423.1296813
14,Sample_S19S_0041_Sed,423.1426961
16,Sample_S19S_0041_Sed,423.1661225
29,Sample_S19S_0041_Sed,423.179095
52,Sample_S19S_0041_Sed,423.2024382
20,Sample_S19S_0041_Sed,423.2154249
3,Sample_S19S_0041_Sed,423.2387546
5,Sample_S19S_0041_Sed,423.2517315
3,Sample_S19S_0041_Sed,425.0724714
21,Sample_S19S_0041_Sed,425.1089252
6,Sample_S19S_0041_Sed,425.1453873
21,Sample_S19S_0041_Sed,425.1583275
43,Sample_S19S_0041_Sed,425.1816982
19,Sample_S19S_0041_Sed,425.1947046
2,Sample_S19S_0041_Sed,425.2178813
16,Sample_S19S_0041_Sed,425.2311014
32,Sample_S19S_0041_Sed,425.2544996
11,Sample_S19S_0041_Sed,426.153527
10,Sample_S19S_0041_Sed,427.1165345
51,Sample_S19S_0041_Sed,427.1245871
1,Sample_S19S_0041_Sed,427.1610597
33,Sample_S19S_0041_Sed,427.1973395
18,Sample_S19S_0041_Sed,427.2103578
33,Sample_S19S_0041_Sed,427.2337286
20,Sample_S19S_0041_Sed,427.2701368
1,Sample_S19S_0041_Sed,429.1039457
47,Sample_S19S_0041_Sed,429.1402424
6,Sample_S19S_0041_Sed,429.1555582
27,Sample_S19S_0041_Sed,429.1685491
24,Sample_S19S_0041_Sed,429.1765924
30,Sample_S19S_0041_Sed,429.2129876
3,Sample_S19S_0041_Sed,429.2355333
26,Sample_S19S_0041_Sed,429.2494299
20,Sample_S19S_0041_Sed,430.1354817
16,Sample_S19S_0041_Sed,430.2083192
30,Sample_S19S_0041_Sed,431.098388
8,Sample_S19S_0041_Sed,431.1113826
23,Sample_S19S_0041_Sed,431.1477957
13,Sample_S19S_0041_Sed,431.1558407
21,Sample_S19S_0041_Sed,431.1922364
6,Sample_S19S_0041_Sed,431.2147537
6,Sample_S19S_0041_Sed,431.2206124
19,Sample_S19S_0041_Sed,431.2286229
4,Sample_S19S_0041_Sed,431.264934
5,Sample_S19S_0041_Sed,432.1876103
10,Sample_S19S_0041_Sed,433.1139658
7,Sample_S19S_0041_Sed,433.1269982
26,Sample_S19S_0041_Sed,433.1634586
8,Sample_S19S_0041_Sed,433.1998888
23,Sample_S19S_0041_Sed,433.2079014
11,Sample_S19S_0041_Sed,433.2361951
10,Sample_S19S_0041_Sed,434.2677929
14,Sample_S19S_0041_Sed,435.1296329
11,Sample_S19S_0041_Sed,435.1426364
1,Sample_S19S_0041_Sed,435.160379
9,Sample_S19S_0041_Sed,435.1659973
29,Sample_S19S_0041_Sed,435.1790631
42,Sample_S19S_0041_Sed,435.2024665
14,Sample_S19S_0041_Sed,435.2155119
18,Sample_S19S_0041_Sed,435.25188
6,Sample_S19S_0041_Sed,436.1742724
13,Sample_S19S_0041_Sed,437.1088959
6,Sample_S19S_0041_Sed,437.1219003
30,Sample_S19S_0041_Sed,437.1453651
25,Sample_S19S_0041_Sed,437.158378
36,Sample_S19S_0041_Sed,437.1817485
23,Sample_S19S_0041_Sed,437.1946984
14,Sample_S19S_0041_Sed,437.2310601
2,Sample_S19S_0041_Sed,437.2674258
2,Sample_S19S_0041_Sed,439.051737
34,Sample_S19S_0041_Sed,439.0882098
45,Sample_S19S_0041_Sed,439.1246064
10,Sample_S19S_0041_Sed,439.1375419
2,Sample_S19S_0041_Sed,439.1553158
22,Sample_S19S_0041_Sed,439.1609425
2,Sample_S19S_0041_Sed,439.1916893
12,Sample_S19S_0041_Sed,439.1973056
3,Sample_S19S_0041_Sed,439.246834
4,Sample_S19S_0041_Sed,440.1328082
6,Sample_S19S_0041_Sed,440.1692728
35,Sample_S19S_0041_Sed,441.1402285
14,Sample_S19S_0041_Sed,441.1765589
13,Sample_S19S_0041_Sed,441.2129575
11,Sample_S19S_0041_Sed,441.2494531
13,Sample_S19S_0041_Sed,441.2858146
8,Sample_S19S_0041_Sed,442.1484515
12,Sample_S19S_0041_Sed,443.0984287
11,Sample_S19S_0041_Sed,443.1114516
40,Sample_S19S_0041_Sed,443.119518
7,Sample_S19S_0041_Sed,443.1478565
45,Sample_S19S_0041_Sed,443.1558944
23,Sample_S19S_0041_Sed,443.1841796
10,Sample_S19S_0041_Sed,443.1922057
8,Sample_S19S_0041_Sed,443.2285235
23,Sample_S19S_0041_Sed,443.2650816
7,Sample_S19S_0041_Sed,443.3014797
10,Sample_S19S_0041_Sed,445.127011
16,Sample_S19S_0041_Sed,445.1503907
27,Sample_S19S_0041_Sed,445.1634705
37,Sample_S19S_0041_Sed,445.1715289
3,Sample_S19S_0041_Sed,445.1940666
32,Sample_S19S_0041_Sed,445.2079177
18,Sample_S19S_0041_Sed,445.2362316
23,Sample_S19S_0041_Sed,445.2442897
2,Sample_S19S_0041_Sed,446.0728598
8,Sample_S19S_0041_Sed,446.2031197
6,Sample_S19S_0041_Sed,447.09323
23,Sample_S19S_0041_Sed,447.1427418
51,Sample_S19S_0041_Sed,447.1660641
27,Sample_S19S_0041_Sed,447.179104
1,Sample_S19S_0041_Sed,447.1869913
8,Sample_S19S_0041_Sed,447.2154152
7,Sample_S19S_0041_Sed,447.2234126
10,Sample_S19S_0041_Sed,447.2518394
7,Sample_S19S_0041_Sed,449.0724952
49,Sample_S19S_0041_Sed,449.1453221
31,Sample_S19S_0041_Sed,449.1583358
2,Sample_S19S_0041_Sed,449.1735875
11,Sample_S19S_0041_Sed,449.1946593
15,Sample_S19S_0041_Sed,449.2310912
13,Sample_S19S_0041_Sed,451.0881744
25,Sample_S19S_0041_Sed,451.124616
19,Sample_S19S_0041_Sed,451.1376081
20,Sample_S19S_0041_Sed,451.1609528
13,Sample_S19S_0041_Sed,451.1739524
1,Sample_S19S_0041_Sed,451.1916101
4,Sample_S19S_0041_Sed,451.1972791
9,Sample_S19S_0041_Sed,451.2103087
2,Sample_S19S_0041_Sed,451.2280387
7,Sample_S19S_0041_Sed,451.2336787
14,Sample_S19S_0041_Sed,451.2467303
14,Sample_S19S_0041_Sed,452.1692639
1,Sample_S19S_0041_Sed,453.1037558
21,Sample_S19S_0041_Sed,453.140211
16,Sample_S19S_0041_Sed,453.1532352
45,Sample_S19S_0041_Sed,453.1766436
23,Sample_S19S_0041_Sed,453.1896338
12,Sample_S19S_0041_Sed,453.2259797
5,Sample_S19S_0041_Sed,453.2492245
3,Sample_S19S_0041_Sed,454.1484722
7,Sample_S19S_0041_Sed,454.1849077
16,Sample_S19S_0041_Sed,455.1194736
4,Sample_S19S_0041_Sed,455.1558023
6,Sample_S19S_0041_Sed,455.1921775
17,Sample_S19S_0041_Sed,455.2052634
4,Sample_S19S_0041_Sed,455.2285132
22,Sample_S19S_0041_Sed,455.2650512
2,Sample_S19S_0041_Sed,455.3012986
5,Sample_S19S_0041_Sed,457.1270095
16,Sample_S19S_0041_Sed,457.1634444
12,Sample_S19S_0041_Sed,457.1998933
34,Sample_S19S_0041_Sed,457.2079257
12,Sample_S19S_0041_Sed,457.2442623
5,Sample_S19S_0041_Sed,457.280565
25,Sample_S19S_0041_Sed,459.142719
21,Sample_S19S_0041_Sed,459.1661042
31,Sample_S19S_0041_Sed,459.1872169
10,Sample_S19S_0041_Sed,459.2155229
10,Sample_S19S_0041_Sed,459.2235091
4,Sample_S19S_0041_Sed,459.2598321
1,Sample_S19S_0041_Sed,460.1823248
9,Sample_S19S_0041_Sed,461.0725007
23,Sample_S19S_0041_Sed,461.1583343
8,Sample_S19S_0041_Sed,461.1948089
29,Sample_S19S_0041_Sed,461.2311454
8,Sample_S19S_0041_Sed,461.2391228
3,Sample_S19S_0041_Sed,461.2674378
17,Sample_S19S_0041_Sed,463.0881954
3,Sample_S19S_0041_Sed,463.124491
2,Sample_S19S_0041_Sed,463.1375144
2,Sample_S19S_0041_Sed,463.1608564
8,Sample_S19S_0041_Sed,463.1739081
30,Sample_S19S_0041_Sed,463.210366
23,Sample_S19S_0041_Sed,463.2467901
13,Sample_S19S_0041_Sed,465.1038259
22,Sample_S19S_0041_Sed,465.1532935
28,Sample_S19S_0041_Sed,465.1896305
2,Sample_S19S_0041_Sed,465.207298
10,Sample_S19S_0041_Sed,465.2259434
13,Sample_S19S_0041_Sed,467.1558326
3,Sample_S19S_0041_Sed,467.1921933
14,Sample_S19S_0041_Sed,467.2052403
3,Sample_S19S_0041_Sed,467.2229454
31,Sample_S19S_0041_Sed,467.2286363
22,Sample_S19S_0041_Sed,467.2416996
3,Sample_S19S_0041_Sed,468.1640569
4,Sample_S19S_0041_Sed,469.0986993
27,Sample_S19S_0041_Sed,469.2078959
21,Sample_S19S_0041_Sed,469.2209608
32,Sample_S19S_0041_Sed,469.2442937
10,Sample_S19S_0041_Sed,469.2806636
7,Sample_S19S_0041_Sed,471.093255
3,Sample_S19S_0041_Sed,471.1506882
17,Sample_S19S_0041_Sed,471.1790652
14,Sample_S19S_0041_Sed,471.1871307
7,Sample_S19S_0041_Sed,471.2155389
23,Sample_S19S_0041_Sed,471.2235442
5,Sample_S19S_0041_Sed,471.2598467
7,Sample_S19S_0041_Sed,473.0726032
9,Sample_S19S_0041_Sed,473.1452829
10,Sample_S19S_0041_Sed,473.1582831
10,Sample_S19S_0041_Sed,473.1946924
9,Sample_S19S_0041_Sed,473.2027392
22,Sample_S19S_0041_Sed,473.2392065
41,Sample_S19S_0041_Sed,475.1245966
19,Sample_S19S_0041_Sed,475.1376596
46,Sample_S19S_0041_Sed,475.1609843
25,Sample_S19S_0041_Sed,475.1739813
8,Sample_S19S_0041_Sed,475.2103074
3,Sample_S19S_0041_Sed,475.2546749
1,Sample_S19S_0041_Sed,476.2499866
5,Sample_S19S_0041_Sed,477.1531747
4,Sample_S19S_0041_Sed,477.1765167
7,Sample_S19S_0041_Sed,477.1895617
26,Sample_S19S_0041_Sed,477.2260597
19,Sample_S19S_0041_Sed,477.262427
17,Sample_S19S_0041_Sed,479.1194663
8,Sample_S19S_0041_Sed,479.1689644
23,Sample_S19S_0041_Sed,479.2053091
16,Sample_S19S_0041_Sed,479.2416827
16,Sample_S19S_0041_Sed,480.2005188
11,Sample_S19S_0041_Sed,481.1634867
9,Sample_S19S_0041_Sed,481.2208584
9,Sample_S19S_0041_Sed,481.2572296
4,Sample_S19S_0041_Sed,482.1797251
13,Sample_S19S_0041_Sed,483.2001521
7,Sample_S19S_0041_Sed,483.2234722
3,Sample_S19S_0041_Sed,483.259746
7,Sample_S19S_0041_Sed,485.1584131
6,Sample_S19S_0041_Sed,485.2390821
5,Sample_S19S_0041_Sed,485.275439
4,Sample_S19S_0041_Sed,485.3118215
25,Sample_S19S_0041_Sed,487.18211
21,Sample_S19S_0041_Sed,487.2184679
3,Sample_S19S_0041_Sed,487.2410284
20,Sample_S19S_0041_Sed,487.254845
13,Sample_S19S_0041_Sed,489.1402055
11,Sample_S19S_0041_Sed,489.1895365
9,Sample_S19S_0041_Sed,489.2259164
4,Sample_S19S_0041_Sed,489.2623275
5,Sample_S19S_0041_Sed,491.2053832
4,Sample_S19S_0041_Sed,491.2417678
1,Sample_S19S_0041_Sed,492.2448676
19,Sample_S19S_0041_Sed,493.2209368
9,Sample_S19S_0041_Sed,493.2572378
16,Sample_S19S_0041_Sed,495.1144449
2,Sample_S19S_0041_Sed,495.1427989
27,Sample_S19S_0041_Sed,495.1507984
12,Sample_S19S_0041_Sed,495.1638346
10,Sample_S19S_0041_Sed,495.2001254
8,Sample_S19S_0041_Sed,495.2365338
10,Sample_S19S_0041_Sed,496.1953999
6,Sample_S19S_0041_Sed,497.2157304
3,Sample_S19S_0041_Sed,497.2390455
8,Sample_S19S_0041_Sed,497.2522001
2,Sample_S19S_0041_Sed,497.2754084
2,Sample_S19S_0041_Sed,497.3118372
12,Sample_S19S_0041_Sed,499.2184243
3,Sample_S19S_0041_Sed,499.2546595
1,Sample_S19S_0041_Sed,499.3274236
21,Sample_S19S_0041_Sed,501.1896846
17,Sample_S19S_0041_Sed,501.2341074
15,Sample_S19S_0041_Sed,501.2705063
2,Sample_S19S_0041_Sed,502.2292793
8,Sample_S19S_0041_Sed,503.2051842
8,Sample_S19S_0041_Sed,503.2415628
5,Sample_S19S_0041_Sed,505.1350781
11,Sample_S19S_0041_Sed,505.1846129
8,Sample_S19S_0041_Sed,505.221033
15,Sample_S19S_0041_Sed,507.2001826
11,Sample_S19S_0041_Sed,507.2364864
7,Sample_S19S_0041_Sed,507.2728559
2,Sample_S19S_0041_Sed,509.1219812
8,Sample_S19S_0041_Sed,509.179341
7,Sample_S19S_0041_Sed,509.1947371
11,Sample_S19S_0041_Sed,509.2157568
6,Sample_S19S_0041_Sed,509.2391011
11,Sample_S19S_0041_Sed,509.2522003
3,Sample_S19S_0041_Sed,509.3766895
2,Sample_S19S_0041_Sed,511.1375472
6,Sample_S19S_0041_Sed,511.2547768
5,Sample_S19S_0041_Sed,511.2911339
10,Sample_S19S_0041_Sed,512.1903568
1,Sample_S19S_0041_Sed,513.233912
2,Sample_S19S_0041_Sed,513.2704612
5,Sample_S19S_0041_Sed,513.3068739
3,Sample_S19S_0041_Sed,515.213195
5,Sample_S19S_0041_Sed,515.2416147
8,Sample_S19S_0041_Sed,517.1846401
8,Sample_S19S_0041_Sed,517.2572088
24,Sample_S19S_0041_Sed,519.2002386
6,Sample_S19S_0041_Sed,519.2366622
8,Sample_S19S_0041_Sed,519.2730269
3,Sample_S19S_0041_Sed,521.2157156
6,Sample_S19S_0041_Sed,521.288516
7,Sample_S19S_0041_Sed,523.195055
3,Sample_S19S_0041_Sed,523.2910766
11,Sample_S19S_0041_Sed,524.1903581
7,Sample_S19S_0041_Sed,525.2340332
8,Sample_S19S_0041_Sed,525.2470626
1,Sample_S19S_0041_Sed,525.270299
5,Sample_S19S_0041_Sed,527.2132606
4,Sample_S19S_0041_Sed,527.2495897
8,Sample_S19S_0041_Sed,531.2001725
5,Sample_S19S_0041_Sed,531.280929
2,Sample_S19S_0041_Sed,533.2156961
1,Sample_S19S_0041_Sed,533.25209
1,Sample_S19S_0041_Sed,533.2884424
7,Sample_S19S_0041_Sed,535.2677938
11,Sample_S19S_0041_Sed,537.2835599
3,Sample_S19S_0041_Sed,538.2059118
6,Sample_S19S_0041_Sed,539.2496267
1,Sample_S19S_0041_Sed,542.1433378
1,Sample_S19S_0041_Sed,545.2523758
1,Sample_S19S_0041_Sed,545.2602726
13,Sample_S19S_0041_Sed,547.2678735
5,Sample_S19S_0041_Sed,549.2106406
9,Sample_S19S_0041_Sed,549.2470293
4,Sample_S19S_0041_Sed,557.2602406
5,Sample_S19S_0041_Sed,561.2834147
9,Sample_S19S_0041_Sed,563.2263607
4,Sample_S19S_0041_Sed,573.2914942
4,Sample_S19S_0041_Sed,573.3278766
1,Sample_S19S_0041_Sed,581.4341369
5,Sample_S19S_0041_Sed,589.2783211
4,Sample_S19S_0041_Sed,597.4291056
2,Sample_S19S_0041_Sed,601.3227706
2,Sample_S19S_0041_Sed,603.2941965
1,Sample_S19S_0041_Sed,612.9490855
1,Sample_S19S_0041_Sed,612.9854639
