num.trans.involved.in,sample,peak
8,Sample_S19S_0076_Sed,241.0466195
13,Sample_S19S_0076_Sed,241.0717422
8,Sample_S19S_0076_Sed,241.0829909
12,Sample_S19S_0076_Sed,241.1081087
9,Sample_S19S_0076_Sed,241.1445007
34,Sample_S19S_0076_Sed,241.1809156
11,Sample_S19S_0076_Sed,242.0670034
19,Sample_S19S_0076_Sed,242.139775
6,Sample_S19S_0076_Sed,242.1761465
37,Sample_S19S_0076_Sed,243.0510224
11,Sample_S19S_0076_Sed,243.0873816
10,Sample_S19S_0076_Sed,243.1237626
10,Sample_S19S_0076_Sed,243.1350273
20,Sample_S19S_0076_Sed,243.1601665
36,Sample_S19S_0076_Sed,243.1965883
23,Sample_S19S_0076_Sed,244.1190458
52,Sample_S19S_0076_Sed,245.0666847
58,Sample_S19S_0076_Sed,245.1030642
3,Sample_S19S_0076_Sed,245.1142776
25,Sample_S19S_0076_Sed,245.1394342
6,Sample_S19S_0076_Sed,246.1095509
54,Sample_S19S_0076_Sed,247.0823368
9,Sample_S19S_0076_Sed,247.0935696
52,Sample_S19S_0076_Sed,247.118733
7,Sample_S19S_0076_Sed,247.1703275
19,Sample_S19S_0076_Sed,248.1139872
38,Sample_S19S_0076_Sed,249.1496147
8,Sample_S19S_0076_Sed,250.1448617
2,Sample_S19S_0076_Sed,251.0594793
2,Sample_S19S_0076_Sed,251.0785764
64,Sample_S19S_0076_Sed,251.0925063
3,Sample_S19S_0076_Sed,251.0958765
40,Sample_S19S_0076_Sed,251.1289035
35,Sample_S19S_0076_Sed,251.1652673
12,Sample_S19S_0076_Sed,252.0877348
53,Sample_S19S_0076_Sed,253.0717756
8,Sample_S19S_0076_Sed,253.0829986
20,Sample_S19S_0076_Sed,253.1081345
53,Sample_S19S_0076_Sed,253.1445337
3,Sample_S19S_0076_Sed,255.0622462
74,Sample_S19S_0076_Sed,255.0874163
24,Sample_S19S_0076_Sed,255.1237776
56,Sample_S19S_0076_Sed,255.1602018
45,Sample_S19S_0076_Sed,255.1965909
20,Sample_S19S_0076_Sed,255.2329705
23,Sample_S19S_0076_Sed,256.1190609
2,Sample_S19S_0076_Sed,257.0415582
2,Sample_S19S_0076_Sed,257.048925
49,Sample_S19S_0076_Sed,257.0666765
7,Sample_S19S_0076_Sed,257.0779166
40,Sample_S19S_0076_Sed,257.1030521
17,Sample_S19S_0076_Sed,257.1143128
59,Sample_S19S_0076_Sed,257.1394516
38,Sample_S19S_0076_Sed,257.175834
35,Sample_S19S_0076_Sed,257.2122374
22,Sample_S19S_0076_Sed,258.0983343
22,Sample_S19S_0076_Sed,258.1347123
57,Sample_S19S_0076_Sed,259.0823405
57,Sample_S19S_0076_Sed,259.1187072
12,Sample_S19S_0076_Sed,259.1299532
53,Sample_S19S_0076_Sed,259.1551113
30,Sample_S19S_0076_Sed,259.1914889
23,Sample_S19S_0076_Sed,260.1139812
42,Sample_S19S_0076_Sed,261.0980071
3,Sample_S19S_0076_Sed,261.1244971
59,Sample_S19S_0076_Sed,261.1343647
34,Sample_S19S_0076_Sed,261.149632
14,Sample_S19S_0076_Sed,263.0924815
35,Sample_S19S_0076_Sed,263.128908
41,Sample_S19S_0076_Sed,263.1652771
1,Sample_S19S_0076_Sed,264.0473979
15,Sample_S19S_0076_Sed,264.1089388
5,Sample_S19S_0076_Sed,265.0578564
29,Sample_S19S_0076_Sed,265.0717855
5,Sample_S19S_0076_Sed,265.07514
66,Sample_S19S_0076_Sed,265.1081545
43,Sample_S19S_0076_Sed,265.1445692
2,Sample_S19S_0076_Sed,265.1479151
18,Sample_S19S_0076_Sed,265.1809039
3,Sample_S19S_0076_Sed,266.089493
12,Sample_S19S_0076_Sed,266.1246093
4,Sample_S19S_0076_Sed,267.0735078
51,Sample_S19S_0076_Sed,267.0874299
70,Sample_S19S_0076_Sed,267.123805
50,Sample_S19S_0076_Sed,267.1601848
47,Sample_S19S_0076_Sed,267.1965985
19,Sample_S19S_0076_Sed,268.08266
51,Sample_S19S_0076_Sed,269.0666802
64,Sample_S19S_0076_Sed,269.1030627
63,Sample_S19S_0076_Sed,269.1394657
55,Sample_S19S_0076_Sed,269.1758579
39,Sample_S19S_0076_Sed,269.2122378
50,Sample_S19S_0076_Sed,271.0823212
79,Sample_S19S_0076_Sed,271.118718
16,Sample_S19S_0076_Sed,271.1299759
51,Sample_S19S_0076_Sed,271.1551343
46,Sample_S19S_0076_Sed,271.1914941
33,Sample_S19S_0076_Sed,271.227892
24,Sample_S19S_0076_Sed,272.1139554
60,Sample_S19S_0076_Sed,273.0979879
16,Sample_S19S_0076_Sed,273.109239
51,Sample_S19S_0076_Sed,273.1343844
54,Sample_S19S_0076_Sed,273.1707658
40,Sample_S19S_0076_Sed,273.2071526
14,Sample_S19S_0076_Sed,274.0932637
56,Sample_S19S_0076_Sed,275.1136274
35,Sample_S19S_0076_Sed,275.1288873
43,Sample_S19S_0076_Sed,275.1500444
15,Sample_S19S_0076_Sed,276.108923
53,Sample_S19S_0076_Sed,277.1081544
48,Sample_S19S_0076_Sed,277.1445377
42,Sample_S19S_0076_Sed,277.1809457
1,Sample_S19S_0076_Sed,278.0630512
32,Sample_S19S_0076_Sed,279.0874539
8,Sample_S19S_0076_Sed,279.0986672
42,Sample_S19S_0076_Sed,279.1238221
52,Sample_S19S_0076_Sed,279.160186
50,Sample_S19S_0076_Sed,279.1965926
1,Sample_S19S_0076_Sed,280.068733
16,Sample_S19S_0076_Sed,280.1038615
1,Sample_S19S_0076_Sed,281.0528323
44,Sample_S19S_0076_Sed,281.0666829
1,Sample_S19S_0076_Sed,281.0891978
29,Sample_S19S_0076_Sed,281.1030502
68,Sample_S19S_0076_Sed,281.1394597
46,Sample_S19S_0076_Sed,281.1758716
1,Sample_S19S_0076_Sed,283.0684737
29,Sample_S19S_0076_Sed,283.0823169
80,Sample_S19S_0076_Sed,283.118715
2,Sample_S19S_0076_Sed,283.1373752
55,Sample_S19S_0076_Sed,283.1551309
27,Sample_S19S_0076_Sed,283.1915306
16,Sample_S19S_0076_Sed,283.2279218
30,Sample_S19S_0076_Sed,284.1503618
6,Sample_S19S_0076_Sed,284.1616007
24,Sample_S19S_0076_Sed,285.0616357
20,Sample_S19S_0076_Sed,285.0980306
14,Sample_S19S_0076_Sed,285.1092216
7,Sample_S19S_0076_Sed,285.1262347
53,Sample_S19S_0076_Sed,285.1343948
14,Sample_S19S_0076_Sed,285.1456166
55,Sample_S19S_0076_Sed,285.17075
12,Sample_S19S_0076_Sed,285.2071124
19,Sample_S19S_0076_Sed,286.1660572
46,Sample_S19S_0076_Sed,287.0772537
67,Sample_S19S_0076_Sed,287.1136282
16,Sample_S19S_0076_Sed,287.1248864
65,Sample_S19S_0076_Sed,287.150015
26,Sample_S19S_0076_Sed,287.1652948
51,Sample_S19S_0076_Sed,287.1864124
24,Sample_S19S_0076_Sed,287.2228145
42,Sample_S19S_0076_Sed,289.0929075
57,Sample_S19S_0076_Sed,289.1292776
36,Sample_S19S_0076_Sed,289.1445478
53,Sample_S19S_0076_Sed,289.1656738
31,Sample_S19S_0076_Sed,289.1809407
22,Sample_S19S_0076_Sed,290.1245994
39,Sample_S19S_0076_Sed,291.1237966
38,Sample_S19S_0076_Sed,291.1449729
44,Sample_S19S_0076_Sed,291.1601932
39,Sample_S19S_0076_Sed,291.1965973
13,Sample_S19S_0076_Sed,292.1038307
8,Sample_S19S_0076_Sed,292.2129776
26,Sample_S19S_0076_Sed,293.0667099
7,Sample_S19S_0076_Sed,293.1143295
65,Sample_S19S_0076_Sed,293.1394564
13,Sample_S19S_0076_Sed,293.1757942
43,Sample_S19S_0076_Sed,293.2122379
14,Sample_S19S_0076_Sed,294.1195199
55,Sample_S19S_0076_Sed,295.0823376
74,Sample_S19S_0076_Sed,295.1187213
1,Sample_S19S_0076_Sed,295.137392
66,Sample_S19S_0076_Sed,295.1550986
50,Sample_S19S_0076_Sed,295.1914926
42,Sample_S19S_0076_Sed,295.227888
9,Sample_S19S_0076_Sed,296.0775656
25,Sample_S19S_0076_Sed,297.0616262
1,Sample_S19S_0076_Sed,297.0663566
38,Sample_S19S_0076_Sed,297.0980154
37,Sample_S19S_0076_Sed,297.1344063
4,Sample_S19S_0076_Sed,297.1529844
33,Sample_S19S_0076_Sed,297.1707937
19,Sample_S19S_0076_Sed,297.2071894
23,Sample_S19S_0076_Sed,297.2435585
24,Sample_S19S_0076_Sed,298.1296449
37,Sample_S19S_0076_Sed,299.0772616
12,Sample_S19S_0076_Sed,299.0902587
60,Sample_S19S_0076_Sed,299.1136455
77,Sample_S19S_0076_Sed,299.1500243
53,Sample_S19S_0076_Sed,299.1864335
21,Sample_S19S_0076_Sed,299.2228305
22,Sample_S19S_0076_Sed,300.1453117
23,Sample_S19S_0076_Sed,300.1816868
39,Sample_S19S_0076_Sed,301.092932
49,Sample_S19S_0076_Sed,301.129318
58,Sample_S19S_0076_Sed,301.1656955
52,Sample_S19S_0076_Sed,301.202066
19,Sample_S19S_0076_Sed,302.1245742
11,Sample_S19S_0076_Sed,302.1357844
23,Sample_S19S_0076_Sed,302.1609828
58,Sample_S19S_0076_Sed,303.1085414
60,Sample_S19S_0076_Sed,303.1449308
43,Sample_S19S_0076_Sed,303.1813306
25,Sample_S19S_0076_Sed,303.2177327
25,Sample_S19S_0076_Sed,304.1402446
4,Sample_S19S_0076_Sed,304.1766628
25,Sample_S19S_0076_Sed,305.0666877
28,Sample_S19S_0076_Sed,305.1242388
42,Sample_S19S_0076_Sed,305.1394662
43,Sample_S19S_0076_Sed,305.1758605
13,Sample_S19S_0076_Sed,306.1195211
9,Sample_S19S_0076_Sed,306.155916
6,Sample_S19S_0076_Sed,306.192305
44,Sample_S19S_0076_Sed,307.1551342
43,Sample_S19S_0076_Sed,307.1915179
9,Sample_S19S_0076_Sed,308.098784
5,Sample_S19S_0076_Sed,308.2079497
36,Sample_S19S_0076_Sed,309.0616036
50,Sample_S19S_0076_Sed,309.0979773
6,Sample_S19S_0076_Sed,309.1013433
2,Sample_S19S_0076_Sed,309.1092661
70,Sample_S19S_0076_Sed,309.1343649
6,Sample_S19S_0076_Sed,309.1530159
63,Sample_S19S_0076_Sed,309.1707647
2,Sample_S19S_0076_Sed,309.1741269
27,Sample_S19S_0076_Sed,309.2071806
5,Sample_S19S_0076_Sed,310.1144501
18,Sample_S19S_0076_Sed,310.1508222
19,Sample_S19S_0076_Sed,311.0408991
30,Sample_S19S_0076_Sed,311.0772659
79,Sample_S19S_0076_Sed,311.1136352
80,Sample_S19S_0076_Sed,311.1500195
1,Sample_S19S_0076_Sed,311.1686157
63,Sample_S19S_0076_Sed,311.186419
22,Sample_S19S_0076_Sed,311.2228309
37,Sample_S19S_0076_Sed,313.0929245
58,Sample_S19S_0076_Sed,313.1293014
67,Sample_S19S_0076_Sed,313.1656688
2,Sample_S19S_0076_Sed,313.1729347
5,Sample_S19S_0076_Sed,313.1809708
49,Sample_S19S_0076_Sed,313.2020808
25,Sample_S19S_0076_Sed,313.2384778
31,Sample_S19S_0076_Sed,314.1245573
25,Sample_S19S_0076_Sed,314.1609464
8,Sample_S19S_0076_Sed,314.1721852
14,Sample_S19S_0076_Sed,314.1973467
1,Sample_S19S_0076_Sed,315.0146824
22,Sample_S19S_0076_Sed,315.0721791
45,Sample_S19S_0076_Sed,315.1085755
58,Sample_S19S_0076_Sed,315.1449559
54,Sample_S19S_0076_Sed,315.1813307
8,Sample_S19S_0076_Sed,315.1966265
48,Sample_S19S_0076_Sed,315.217727
15,Sample_S19S_0076_Sed,315.2541325
6,Sample_S19S_0076_Sed,316.1150331
28,Sample_S19S_0076_Sed,316.1402237
14,Sample_S19S_0076_Sed,316.1514197
21,Sample_S19S_0076_Sed,316.1766274
43,Sample_S19S_0076_Sed,317.124227
35,Sample_S19S_0076_Sed,317.1394552
53,Sample_S19S_0076_Sed,317.1606071
45,Sample_S19S_0076_Sed,317.1969836
16,Sample_S19S_0076_Sed,317.2122753
36,Sample_S19S_0076_Sed,317.2333758
2,Sample_S19S_0076_Sed,317.2446454
17,Sample_S19S_0076_Sed,318.1194966
27,Sample_S19S_0076_Sed,318.1558543
14,Sample_S19S_0076_Sed,318.2286611
9,Sample_S19S_0076_Sed,319.0857041
40,Sample_S19S_0076_Sed,319.139868
41,Sample_S19S_0076_Sed,319.1551015
43,Sample_S19S_0076_Sed,319.1762558
7,Sample_S19S_0076_Sed,319.2278385
24,Sample_S19S_0076_Sed,320.1351354
23,Sample_S19S_0076_Sed,320.1715427
5,Sample_S19S_0076_Sed,320.2442999
40,Sample_S19S_0076_Sed,321.1343949
45,Sample_S19S_0076_Sed,321.1707672
13,Sample_S19S_0076_Sed,321.2201744
1,Sample_S19S_0076_Sed,322.0966597
17,Sample_S19S_0076_Sed,322.1144282
2,Sample_S19S_0076_Sed,322.1508517
6,Sample_S19S_0076_Sed,322.1872255
40,Sample_S19S_0076_Sed,323.0772527
27,Sample_S19S_0076_Sed,323.1136726
52,Sample_S19S_0076_Sed,323.1500462
65,Sample_S19S_0076_Sed,323.1864241
21,Sample_S19S_0076_Sed,323.2228388
13,Sample_S19S_0076_Sed,324.1300834
21,Sample_S19S_0076_Sed,324.1664479
11,Sample_S19S_0076_Sed,324.2028461
24,Sample_S19S_0076_Sed,325.0565425
49,Sample_S19S_0076_Sed,325.0928926
54,Sample_S19S_0076_Sed,325.1292996
53,Sample_S19S_0076_Sed,325.1657004
1,Sample_S19S_0076_Sed,325.1842438
62,Sample_S19S_0076_Sed,325.2020573
16,Sample_S19S_0076_Sed,326.1457187
18,Sample_S19S_0076_Sed,326.160977
22,Sample_S19S_0076_Sed,327.0722018
12,Sample_S19S_0076_Sed,327.0851879
42,Sample_S19S_0076_Sed,327.1085831
60,Sample_S19S_0076_Sed,327.1449492
64,Sample_S19S_0076_Sed,327.1813344
11,Sample_S19S_0076_Sed,327.2177565
23,Sample_S19S_0076_Sed,328.140231
10,Sample_S19S_0076_Sed,328.1514425
18,Sample_S19S_0076_Sed,328.1766323
2,Sample_S19S_0076_Sed,328.1878731
49,Sample_S19S_0076_Sed,329.0878075
52,Sample_S19S_0076_Sed,329.1242163
1,Sample_S19S_0076_Sed,329.152419
22,Sample_S19S_0076_Sed,329.1758446
50,Sample_S19S_0076_Sed,329.1969687
30,Sample_S19S_0076_Sed,329.2333488
12,Sample_S19S_0076_Sed,330.1670892
16,Sample_S19S_0076_Sed,330.192266
30,Sample_S19S_0076_Sed,331.1034998
56,Sample_S19S_0076_Sed,331.1762541
11,Sample_S19S_0076_Sed,331.1915481
10,Sample_S19S_0076_Sed,331.2126721
2,Sample_S19S_0076_Sed,331.2490738
12,Sample_S19S_0076_Sed,332.0987468
22,Sample_S19S_0076_Sed,332.1351167
31,Sample_S19S_0076_Sed,332.171516
5,Sample_S19S_0076_Sed,332.2079509
8,Sample_S19S_0076_Sed,333.1191757
22,Sample_S19S_0076_Sed,333.1707943
25,Sample_S19S_0076_Sed,333.2071238
3,Sample_S19S_0076_Sed,333.2395661
13,Sample_S19S_0076_Sed,334.1144217
11,Sample_S19S_0076_Sed,334.1508295
23,Sample_S19S_0076_Sed,334.187185
5,Sample_S19S_0076_Sed,334.2235949
43,Sample_S19S_0076_Sed,335.150042
44,Sample_S19S_0076_Sed,335.1864245
27,Sample_S19S_0076_Sed,335.2227808
11,Sample_S19S_0076_Sed,335.2358032
6,Sample_S19S_0076_Sed,336.1301036
21,Sample_S19S_0076_Sed,336.1664659
12,Sample_S19S_0076_Sed,336.2028546
8,Sample_S19S_0076_Sed,337.0564852
11,Sample_S19S_0076_Sed,337.0695448
34,Sample_S19S_0076_Sed,337.0929176
65,Sample_S19S_0076_Sed,337.1292866
52,Sample_S19S_0076_Sed,337.1656867
6,Sample_S19S_0076_Sed,337.2021218
36,Sample_S19S_0076_Sed,337.238454
5,Sample_S19S_0076_Sed,338.1093609
11,Sample_S19S_0076_Sed,338.1456998
17,Sample_S19S_0076_Sed,338.182098
11,Sample_S19S_0076_Sed,338.2184824
65,Sample_S19S_0076_Sed,339.1085453
19,Sample_S19S_0076_Sed,339.1449816
47,Sample_S19S_0076_Sed,339.1813533
3,Sample_S19S_0076_Sed,339.1999929
36,Sample_S19S_0076_Sed,339.2177427
11,Sample_S19S_0076_Sed,340.1249861
37,Sample_S19S_0076_Sed,340.1401964
20,Sample_S19S_0076_Sed,341.0514621
51,Sample_S19S_0076_Sed,341.0878109
19,Sample_S19S_0076_Sed,341.100854
16,Sample_S19S_0076_Sed,341.12425
51,Sample_S19S_0076_Sed,341.1606173
62,Sample_S19S_0076_Sed,341.1969848
8,Sample_S19S_0076_Sed,341.2334189
37,Sample_S19S_0076_Sed,342.155837
10,Sample_S19S_0076_Sed,342.1670651
21,Sample_S19S_0076_Sed,343.067113
58,Sample_S19S_0076_Sed,343.1034685
10,Sample_S19S_0076_Sed,343.1399075
54,Sample_S19S_0076_Sed,343.1762631
49,Sample_S19S_0076_Sed,343.2126496
21,Sample_S19S_0076_Sed,343.2490426
3,Sample_S19S_0076_Sed,344.1350437
25,Sample_S19S_0076_Sed,344.1715382
7,Sample_S19S_0076_Sed,344.1827031
4,Sample_S19S_0076_Sed,344.1997897
23,Sample_S19S_0076_Sed,345.0827674
38,Sample_S19S_0076_Sed,345.1191373
31,Sample_S19S_0076_Sed,345.1555412
25,Sample_S19S_0076_Sed,345.170772
36,Sample_S19S_0076_Sed,345.2282779
20,Sample_S19S_0076_Sed,346.1143644
25,Sample_S19S_0076_Sed,346.1507606
5,Sample_S19S_0076_Sed,346.1619628
22,Sample_S19S_0076_Sed,346.1871921
4,Sample_S19S_0076_Sed,346.2154294
16,Sample_S19S_0076_Sed,347.0903002
22,Sample_S19S_0076_Sed,347.1348045
37,Sample_S19S_0076_Sed,347.1711801
7,Sample_S19S_0076_Sed,347.1864695
33,Sample_S19S_0076_Sed,347.2228007
21,Sample_S19S_0076_Sed,348.1300774
25,Sample_S19S_0076_Sed,348.1664038
17,Sample_S19S_0076_Sed,348.2028318
5,Sample_S19S_0076_Sed,348.231087
19,Sample_S19S_0076_Sed,349.1059291
16,Sample_S19S_0076_Sed,349.2021049
18,Sample_S19S_0076_Sed,350.1457077
17,Sample_S19S_0076_Sed,350.1821173
11,Sample_S19S_0076_Sed,350.2184616
13,Sample_S19S_0076_Sed,351.1085115
26,Sample_S19S_0076_Sed,351.121581
3,Sample_S19S_0076_Sed,351.1344703
22,Sample_S19S_0076_Sed,351.1449775
49,Sample_S19S_0076_Sed,351.1813076
33,Sample_S19S_0076_Sed,351.2177372
12,Sample_S19S_0076_Sed,351.2307319
2,Sample_S19S_0076_Sed,351.2500934
21,Sample_S19S_0076_Sed,352.1613622
1,Sample_S19S_0076_Sed,352.1978012
7,Sample_S19S_0076_Sed,353.0514753
42,Sample_S19S_0076_Sed,353.0878166
14,Sample_S19S_0076_Sed,353.1008561
41,Sample_S19S_0076_Sed,353.124233
32,Sample_S19S_0076_Sed,353.1605629
20,Sample_S19S_0076_Sed,353.1736275
48,Sample_S19S_0076_Sed,353.1970034
15,Sample_S19S_0076_Sed,353.2099396
18,Sample_S19S_0076_Sed,353.2333297
12,Sample_S19S_0076_Sed,354.1406185
5,Sample_S19S_0076_Sed,354.1922902
50,Sample_S19S_0076_Sed,355.1034699
19,Sample_S19S_0076_Sed,355.1164999
1,Sample_S19S_0076_Sed,355.1294217
11,Sample_S19S_0076_Sed,355.1399086
65,Sample_S19S_0076_Sed,355.1762476
12,Sample_S19S_0076_Sed,355.2126797
11,Sample_S19S_0076_Sed,355.2489795
26,Sample_S19S_0076_Sed,356.1350838
35,Sample_S19S_0076_Sed,356.1715182
17,Sample_S19S_0076_Sed,356.207852
37,Sample_S19S_0076_Sed,357.0827228
16,Sample_S19S_0076_Sed,357.1110353
60,Sample_S19S_0076_Sed,357.1191097
2,Sample_S19S_0076_Sed,357.1450925
70,Sample_S19S_0076_Sed,357.1554992
67,Sample_S19S_0076_Sed,357.191896
50,Sample_S19S_0076_Sed,357.2282738
26,Sample_S19S_0076_Sed,357.2646796
7,Sample_S19S_0076_Sed,358.1507103
21,Sample_S19S_0076_Sed,358.1871972
8,Sample_S19S_0076_Sed,358.1983945
30,Sample_S19S_0076_Sed,358.2235211
7,Sample_S19S_0076_Sed,359.0442657
17,Sample_S19S_0076_Sed,359.0984239
40,Sample_S19S_0076_Sed,359.1347452
49,Sample_S19S_0076_Sed,359.1711775
17,Sample_S19S_0076_Sed,359.2074846
39,Sample_S19S_0076_Sed,359.2439319
2,Sample_S19S_0076_Sed,360.1299489
28,Sample_S19S_0076_Sed,360.1664452
11,Sample_S19S_0076_Sed,360.1776328
6,Sample_S19S_0076_Sed,360.2027516
6,Sample_S19S_0076_Sed,360.2674679
32,Sample_S19S_0076_Sed,361.1423317
47,Sample_S19S_0076_Sed,361.1504109
25,Sample_S19S_0076_Sed,361.1657046
29,Sample_S19S_0076_Sed,361.2020508
11,Sample_S19S_0076_Sed,361.2151155
41,Sample_S19S_0076_Sed,361.2231964
20,Sample_S19S_0076_Sed,362.1821174
22,Sample_S19S_0076_Sed,363.1215932
16,Sample_S19S_0076_Sed,363.1449786
15,Sample_S19S_0076_Sed,363.1812892
20,Sample_S19S_0076_Sed,363.1943423
41,Sample_S19S_0076_Sed,363.2177281
16,Sample_S19S_0076_Sed,364.1613157
6,Sample_S19S_0076_Sed,364.2259804
7,Sample_S19S_0076_Sed,364.2340853
26,Sample_S19S_0076_Sed,365.0878382
24,Sample_S19S_0076_Sed,365.1008669
18,Sample_S19S_0076_Sed,365.1241727
27,Sample_S19S_0076_Sed,365.137244
46,Sample_S19S_0076_Sed,365.1969623
24,Sample_S19S_0076_Sed,365.2100088
19,Sample_S19S_0076_Sed,365.2334124
14,Sample_S19S_0076_Sed,366.1769935
21,Sample_S19S_0076_Sed,367.0671094
50,Sample_S19S_0076_Sed,367.1034613
15,Sample_S19S_0076_Sed,367.1165264
38,Sample_S19S_0076_Sed,367.1762158
23,Sample_S19S_0076_Sed,367.189277
49,Sample_S19S_0076_Sed,367.2126519
8,Sample_S19S_0076_Sed,367.2489513
3,Sample_S19S_0076_Sed,368.1117355
8,Sample_S19S_0076_Sed,368.1562607
42,Sample_S19S_0076_Sed,368.1714856
23,Sample_S19S_0076_Sed,369.0827443
6,Sample_S19S_0076_Sed,369.1190631
19,Sample_S19S_0076_Sed,369.1321274
15,Sample_S19S_0076_Sed,369.1837969
16,Sample_S19S_0076_Sed,369.1918398
52,Sample_S19S_0076_Sed,369.2282876
15,Sample_S19S_0076_Sed,371.0620102
7,Sample_S19S_0076_Sed,371.0983408
2,Sample_S19S_0076_Sed,371.1243249
40,Sample_S19S_0076_Sed,371.1347918
16,Sample_S19S_0076_Sed,371.1460121
50,Sample_S19S_0076_Sed,371.171134
40,Sample_S19S_0076_Sed,371.2075705
35,Sample_S19S_0076_Sed,371.2439257
36,Sample_S19S_0076_Sed,372.1663973
20,Sample_S19S_0076_Sed,372.2028242
12,Sample_S19S_0076_Sed,372.2140099
2,Sample_S19S_0076_Sed,372.3038234
18,Sample_S19S_0076_Sed,373.1059583
29,Sample_S19S_0076_Sed,373.1140108
2,Sample_S19S_0076_Sed,373.1399865
11,Sample_S19S_0076_Sed,373.1504711
5,Sample_S19S_0076_Sed,373.1729074
40,Sample_S19S_0076_Sed,373.1867821
48,Sample_S19S_0076_Sed,373.2231881
27,Sample_S19S_0076_Sed,374.1456527
15,Sample_S19S_0076_Sed,374.1820296
18,Sample_S19S_0076_Sed,374.2184652
13,Sample_S19S_0076_Sed,375.0852221
23,Sample_S19S_0076_Sed,375.1297066
38,Sample_S19S_0076_Sed,375.1449442
27,Sample_S19S_0076_Sed,375.1579842
13,Sample_S19S_0076_Sed,375.1660121
32,Sample_S19S_0076_Sed,375.194367
30,Sample_S19S_0076_Sed,375.2024285
9,Sample_S19S_0076_Sed,375.230771
10,Sample_S19S_0076_Sed,375.2387855
17,Sample_S19S_0076_Sed,376.1249335
17,Sample_S19S_0076_Sed,376.1976905
11,Sample_S19S_0076_Sed,377.0514538
1,Sample_S19S_0076_Sed,377.0856228
15,Sample_S19S_0076_Sed,377.100823
20,Sample_S19S_0076_Sed,377.1372608
37,Sample_S19S_0076_Sed,377.1606102
29,Sample_S19S_0076_Sed,377.1735945
16,Sample_S19S_0076_Sed,377.1969233
17,Sample_S19S_0076_Sed,377.2099902
35,Sample_S19S_0076_Sed,377.2333521
14,Sample_S19S_0076_Sed,377.2463996
3,Sample_S19S_0076_Sed,378.2052199
8,Sample_S19S_0076_Sed,378.2416575
3,Sample_S19S_0076_Sed,379.0670295
5,Sample_S19S_0076_Sed,379.0800689
19,Sample_S19S_0076_Sed,379.1165229
58,Sample_S19S_0076_Sed,379.1398402
27,Sample_S19S_0076_Sed,379.1528588
61,Sample_S19S_0076_Sed,379.1762343
32,Sample_S19S_0076_Sed,379.1892722
37,Sample_S19S_0076_Sed,379.2126518
18,Sample_S19S_0076_Sed,379.2256462
10,Sample_S19S_0076_Sed,379.2489573
1,Sample_S19S_0076_Sed,380.1593778
16,Sample_S19S_0076_Sed,380.2078457
5,Sample_S19S_0076_Sed,381.0826619
8,Sample_S19S_0076_Sed,381.095685
51,Sample_S19S_0076_Sed,381.1191186
22,Sample_S19S_0076_Sed,381.1321708
2,Sample_S19S_0076_Sed,381.145057
62,Sample_S19S_0076_Sed,381.1555031
20,Sample_S19S_0076_Sed,381.1684945
45,Sample_S19S_0076_Sed,381.1918695
14,Sample_S19S_0076_Sed,381.204939
43,Sample_S19S_0076_Sed,381.2282913
2,Sample_S19S_0076_Sed,381.2411757
18,Sample_S19S_0076_Sed,381.2646443
6,Sample_S19S_0076_Sed,382.1507159
47,Sample_S19S_0076_Sed,383.0983806
3,Sample_S19S_0076_Sed,383.1113231
11,Sample_S19S_0076_Sed,383.1347075
18,Sample_S19S_0076_Sed,383.1477567
2,Sample_S19S_0076_Sed,383.1607409
21,Sample_S19S_0076_Sed,383.1711132
21,Sample_S19S_0076_Sed,383.184187
51,Sample_S19S_0076_Sed,383.2075249
34,Sample_S19S_0076_Sed,383.2439132
36,Sample_S19S_0076_Sed,384.1664077
34,Sample_S19S_0076_Sed,384.2027906
30,Sample_S19S_0076_Sed,385.0776412
5,Sample_S19S_0076_Sed,385.1139909
19,Sample_S19S_0076_Sed,385.1423072
24,Sample_S19S_0076_Sed,385.1503825
45,Sample_S19S_0076_Sed,385.1868285
10,Sample_S19S_0076_Sed,385.2151169
17,Sample_S19S_0076_Sed,385.2231361
34,Sample_S19S_0076_Sed,385.2595906
39,Sample_S19S_0076_Sed,386.1820531
56,Sample_S19S_0076_Sed,387.1296791
19,Sample_S19S_0076_Sed,387.1579654
24,Sample_S19S_0076_Sed,387.19436
33,Sample_S19S_0076_Sed,387.2388297
1,Sample_S19S_0076_Sed,388.2987452
19,Sample_S19S_0076_Sed,389.1372295
26,Sample_S19S_0076_Sed,389.1736085
33,Sample_S19S_0076_Sed,389.2180886
1,Sample_S19S_0076_Sed,390.2132816
17,Sample_S19S_0076_Sed,391.1398852
17,Sample_S19S_0076_Sed,391.1528412
19,Sample_S19S_0076_Sed,391.1892281
33,Sample_S19S_0076_Sed,391.212612
10,Sample_S19S_0076_Sed,391.2256863
1,Sample_S19S_0076_Sed,391.2982703
9,Sample_S19S_0076_Sed,392.1198706
4,Sample_S19S_0076_Sed,393.0463154
17,Sample_S19S_0076_Sed,393.0827628
20,Sample_S19S_0076_Sed,393.1321265
16,Sample_S19S_0076_Sed,393.1554711
25,Sample_S19S_0076_Sed,393.1685262
18,Sample_S19S_0076_Sed,393.1919402
24,Sample_S19S_0076_Sed,393.2049392
16,Sample_S19S_0076_Sed,393.2282185
15,Sample_S19S_0076_Sed,393.2412462
3,Sample_S19S_0076_Sed,393.2776995
2,Sample_S19S_0076_Sed,394.1637274
1,Sample_S19S_0076_Sed,394.1750252
4,Sample_S19S_0076_Sed,394.2001939
4,Sample_S19S_0076_Sed,394.2364931
6,Sample_S19S_0076_Sed,395.0619708
11,Sample_S19S_0076_Sed,395.0984243
19,Sample_S19S_0076_Sed,395.1114167
59,Sample_S19S_0076_Sed,395.1347697
26,Sample_S19S_0076_Sed,395.1477706
31,Sample_S19S_0076_Sed,395.171191
23,Sample_S19S_0076_Sed,395.2075813
19,Sample_S19S_0076_Sed,395.2205826
2,Sample_S19S_0076_Sed,395.2317962
13,Sample_S19S_0076_Sed,395.2438669
1,Sample_S19S_0076_Sed,396.1389084
5,Sample_S19S_0076_Sed,396.1430161
5,Sample_S19S_0076_Sed,396.1875433
19,Sample_S19S_0076_Sed,396.2028408
4,Sample_S19S_0076_Sed,397.0412485
7,Sample_S19S_0076_Sed,397.0775828
3,Sample_S19S_0076_Sed,397.1001157
25,Sample_S19S_0076_Sed,397.1140135
17,Sample_S19S_0076_Sed,397.1270557
51,Sample_S19S_0076_Sed,397.1504225
21,Sample_S19S_0076_Sed,397.1634297
18,Sample_S19S_0076_Sed,397.1867602
14,Sample_S19S_0076_Sed,397.1997808
3,Sample_S19S_0076_Sed,397.2151289
47,Sample_S19S_0076_Sed,397.2232052
13,Sample_S19S_0076_Sed,397.2361718
26,Sample_S19S_0076_Sed,397.2595669
4,Sample_S19S_0076_Sed,398.1222468
36,Sample_S19S_0076_Sed,398.1456531
35,Sample_S19S_0076_Sed,398.182038
15,Sample_S19S_0076_Sed,399.0932727
33,Sample_S19S_0076_Sed,399.1296635
13,Sample_S19S_0076_Sed,399.1427258
2,Sample_S19S_0076_Sed,399.1556054
11,Sample_S19S_0076_Sed,399.1579458
4,Sample_S19S_0076_Sed,399.1659287
12,Sample_S19S_0076_Sed,399.1790309
2,Sample_S19S_0076_Sed,399.1884911
15,Sample_S19S_0076_Sed,399.1943775
43,Sample_S19S_0076_Sed,399.2024375
17,Sample_S19S_0076_Sed,399.2388025
1,Sample_S19S_0076_Sed,399.2751285
3,Sample_S19S_0076_Sed,401.0725084
23,Sample_S19S_0076_Sed,401.1089631
49,Sample_S19S_0076_Sed,401.1453284
19,Sample_S19S_0076_Sed,401.1736033
10,Sample_S19S_0076_Sed,401.1816514
25,Sample_S19S_0076_Sed,401.2100146
33,Sample_S19S_0076_Sed,401.2180808
15,Sample_S19S_0076_Sed,401.2544603
14,Sample_S19S_0076_Sed,403.1164656
37,Sample_S19S_0076_Sed,403.1398463
19,Sample_S19S_0076_Sed,403.1529106
36,Sample_S19S_0076_Sed,403.1973716
16,Sample_S19S_0076_Sed,403.2256482
24,Sample_S19S_0076_Sed,404.1926065
20,Sample_S19S_0076_Sed,405.1321292
26,Sample_S19S_0076_Sed,405.1685606
17,Sample_S19S_0076_Sed,405.2048711
10,Sample_S19S_0076_Sed,405.2412525
8,Sample_S19S_0076_Sed,406.2364932
2,Sample_S19S_0076_Sed,406.3092961
7,Sample_S19S_0076_Sed,407.0620299
8,Sample_S19S_0076_Sed,407.1113661
37,Sample_S19S_0076_Sed,407.1347505
26,Sample_S19S_0076_Sed,407.1477958
3,Sample_S19S_0076_Sed,407.1606835
13,Sample_S19S_0076_Sed,407.2075913
20,Sample_S19S_0076_Sed,407.2205546
10,Sample_S19S_0076_Sed,407.2568891
4,Sample_S19S_0076_Sed,409.07757
37,Sample_S19S_0076_Sed,409.1140221
21,Sample_S19S_0076_Sed,409.1270356
54,Sample_S19S_0076_Sed,409.1504235
11,Sample_S19S_0076_Sed,409.1633923
12,Sample_S19S_0076_Sed,409.1997594
49,Sample_S19S_0076_Sed,409.2231724
14,Sample_S19S_0076_Sed,409.236154
22,Sample_S19S_0076_Sed,411.0933142
4,Sample_S19S_0076_Sed,411.1062526
23,Sample_S19S_0076_Sed,411.1426758
16,Sample_S19S_0076_Sed,411.1579879
1,Sample_S19S_0076_Sed,411.1603771
30,Sample_S19S_0076_Sed,411.1660419
19,Sample_S19S_0076_Sed,411.1790746
2,Sample_S19S_0076_Sed,411.192032
20,Sample_S19S_0076_Sed,411.2154903
41,Sample_S19S_0076_Sed,411.2388467
31,Sample_S19S_0076_Sed,413.1089345
6,Sample_S19S_0076_Sed,413.1372735
12,Sample_S19S_0076_Sed,413.1452768
8,Sample_S19S_0076_Sed,413.1583079
18,Sample_S19S_0076_Sed,413.1736056
6,Sample_S19S_0076_Sed,413.1816156
8,Sample_S19S_0076_Sed,413.1946295
12,Sample_S19S_0076_Sed,413.2100122
21,Sample_S19S_0076_Sed,413.2180661
26,Sample_S19S_0076_Sed,413.2544798
12,Sample_S19S_0076_Sed,415.1245406
3,Sample_S19S_0076_Sed,415.1375363
7,Sample_S19S_0076_Sed,415.1529316
40,Sample_S19S_0076_Sed,415.1609859
36,Sample_S19S_0076_Sed,415.1973464
11,Sample_S19S_0076_Sed,415.219815
14,Sample_S19S_0076_Sed,415.2256541
14,Sample_S19S_0076_Sed,415.2336924
21,Sample_S19S_0076_Sed,415.2701205
12,Sample_S19S_0076_Sed,416.1925804
25,Sample_S19S_0076_Sed,417.1191101
26,Sample_S19S_0076_Sed,417.1321667
28,Sample_S19S_0076_Sed,417.1685514
11,Sample_S19S_0076_Sed,417.2048604
5,Sample_S19S_0076_Sed,417.2128787
3,Sample_S19S_0076_Sed,418.2445926
3,Sample_S19S_0076_Sed,419.0619721
3,Sample_S19S_0076_Sed,419.1113471
14,Sample_S19S_0076_Sed,419.1478319
32,Sample_S19S_0076_Sed,419.1842051
15,Sample_S19S_0076_Sed,419.2205119
5,Sample_S19S_0076_Sed,420.2521315
2,Sample_S19S_0076_Sed,421.0412704
11,Sample_S19S_0076_Sed,421.1270174
1,Sample_S19S_0076_Sed,421.1552081
28,Sample_S19S_0076_Sed,421.1634511
3,Sample_S19S_0076_Sed,421.2265386
15,Sample_S19S_0076_Sed,421.2362004
11,Sample_S19S_0076_Sed,422.2031632
10,Sample_S19S_0076_Sed,423.0569089
5,Sample_S19S_0076_Sed,423.093231
48,Sample_S19S_0076_Sed,423.1296813
15,Sample_S19S_0076_Sed,423.1426961
30,Sample_S19S_0076_Sed,423.179095
49,Sample_S19S_0076_Sed,423.2024382
20,Sample_S19S_0076_Sed,423.2154249
1,Sample_S19S_0076_Sed,423.2387546
2,Sample_S19S_0076_Sed,423.2517315
17,Sample_S19S_0076_Sed,425.1583275
3,Sample_S19S_0076_Sed,425.1712771
39,Sample_S19S_0076_Sed,425.1816982
18,Sample_S19S_0076_Sed,425.1947046
15,Sample_S19S_0076_Sed,425.2311014
39,Sample_S19S_0076_Sed,425.2544996
38,Sample_S19S_0076_Sed,427.1245871
1,Sample_S19S_0076_Sed,427.1610597
30,Sample_S19S_0076_Sed,427.1973395
18,Sample_S19S_0076_Sed,427.2103578
31,Sample_S19S_0076_Sed,427.2337286
20,Sample_S19S_0076_Sed,427.2701368
7,Sample_S19S_0076_Sed,428.1925676
25,Sample_S19S_0076_Sed,429.1685491
21,Sample_S19S_0076_Sed,429.1765924
9,Sample_S19S_0076_Sed,429.1990848
28,Sample_S19S_0076_Sed,429.2129876
2,Sample_S19S_0076_Sed,429.2355333
31,Sample_S19S_0076_Sed,429.2494299
23,Sample_S19S_0076_Sed,430.2083192
11,Sample_S19S_0076_Sed,431.098388
24,Sample_S19S_0076_Sed,431.1477957
17,Sample_S19S_0076_Sed,431.1922364
6,Sample_S19S_0076_Sed,431.2147537
5,Sample_S19S_0076_Sed,431.2206124
16,Sample_S19S_0076_Sed,431.2286229
5,Sample_S19S_0076_Sed,431.264934
10,Sample_S19S_0076_Sed,432.1876103
6,Sample_S19S_0076_Sed,433.1269982
26,Sample_S19S_0076_Sed,433.1634586
5,Sample_S19S_0076_Sed,433.1998888
22,Sample_S19S_0076_Sed,433.2079014
10,Sample_S19S_0076_Sed,433.2361951
12,Sample_S19S_0076_Sed,435.1426364
1,Sample_S19S_0076_Sed,435.160379
25,Sample_S19S_0076_Sed,435.1790631
14,Sample_S19S_0076_Sed,435.2155119
18,Sample_S19S_0076_Sed,435.25188
8,Sample_S19S_0076_Sed,436.1742724
4,Sample_S19S_0076_Sed,437.072483
6,Sample_S19S_0076_Sed,437.1088959
6,Sample_S19S_0076_Sed,437.1219003
23,Sample_S19S_0076_Sed,437.158378
18,Sample_S19S_0076_Sed,437.1946984
14,Sample_S19S_0076_Sed,437.2310601
2,Sample_S19S_0076_Sed,437.2544148
2,Sample_S19S_0076_Sed,439.051737
29,Sample_S19S_0076_Sed,439.1246064
7,Sample_S19S_0076_Sed,439.1375419
9,Sample_S19S_0076_Sed,439.1973056
7,Sample_S19S_0076_Sed,439.2103099
4,Sample_S19S_0076_Sed,439.246834
25,Sample_S19S_0076_Sed,439.2701623
7,Sample_S19S_0076_Sed,440.1692728
1,Sample_S19S_0076_Sed,440.1772314
8,Sample_S19S_0076_Sed,441.1039049
28,Sample_S19S_0076_Sed,441.1402285
2,Sample_S19S_0076_Sed,441.1661555
8,Sample_S19S_0076_Sed,441.1765589
11,Sample_S19S_0076_Sed,441.1895875
11,Sample_S19S_0076_Sed,441.2129575
14,Sample_S19S_0076_Sed,441.2260326
13,Sample_S19S_0076_Sed,441.2494531
16,Sample_S19S_0076_Sed,441.2858146
29,Sample_S19S_0076_Sed,443.119518
5,Sample_S19S_0076_Sed,443.1478565
2,Sample_S19S_0076_Sed,443.1783373
20,Sample_S19S_0076_Sed,443.1841796
5,Sample_S19S_0076_Sed,443.1922057
15,Sample_S19S_0076_Sed,443.2052319
5,Sample_S19S_0076_Sed,443.2285235
26,Sample_S19S_0076_Sed,443.2650816
2,Sample_S19S_0076_Sed,444.2099819
7,Sample_S19S_0076_Sed,445.127011
22,Sample_S19S_0076_Sed,445.1634705
35,Sample_S19S_0076_Sed,445.1715289
7,Sample_S19S_0076_Sed,445.1940666
32,Sample_S19S_0076_Sed,445.2079177
6,Sample_S19S_0076_Sed,445.2304198
18,Sample_S19S_0076_Sed,445.2362316
6,Sample_S19S_0076_Sed,446.2031197
2,Sample_S19S_0076_Sed,447.09323
17,Sample_S19S_0076_Sed,447.1427418
25,Sample_S19S_0076_Sed,447.179104
1,Sample_S19S_0076_Sed,447.1967099
10,Sample_S19S_0076_Sed,447.2154152
4,Sample_S19S_0076_Sed,447.2234126
7,Sample_S19S_0076_Sed,447.2518394
28,Sample_S19S_0076_Sed,449.1583358
1,Sample_S19S_0076_Sed,449.1735875
11,Sample_S19S_0076_Sed,449.1946593
15,Sample_S19S_0076_Sed,449.2310912
3,Sample_S19S_0076_Sed,450.1898917
20,Sample_S19S_0076_Sed,451.1376081
14,Sample_S19S_0076_Sed,451.1739524
8,Sample_S19S_0076_Sed,451.2103087
1,Sample_S19S_0076_Sed,451.2280387
13,Sample_S19S_0076_Sed,451.2467303
13,Sample_S19S_0076_Sed,452.1692639
2,Sample_S19S_0076_Sed,453.1167686
23,Sample_S19S_0076_Sed,453.1896338
14,Sample_S19S_0076_Sed,453.2259797
3,Sample_S19S_0076_Sed,453.2492245
7,Sample_S19S_0076_Sed,454.1849077
13,Sample_S19S_0076_Sed,455.0831528
2,Sample_S19S_0076_Sed,455.1558023
5,Sample_S19S_0076_Sed,455.1921775
17,Sample_S19S_0076_Sed,455.2052634
2,Sample_S19S_0076_Sed,455.2285132
1,Sample_S19S_0076_Sed,455.2512639
22,Sample_S19S_0076_Sed,455.2650512
3,Sample_S19S_0076_Sed,457.0986905
21,Sample_S19S_0076_Sed,457.1715231
11,Sample_S19S_0076_Sed,457.1998933
30,Sample_S19S_0076_Sed,457.2079257
12,Sample_S19S_0076_Sed,457.2442623
4,Sample_S19S_0076_Sed,457.280565
1,Sample_S19S_0076_Sed,459.1300035
27,Sample_S19S_0076_Sed,459.1872169
8,Sample_S19S_0076_Sed,459.2235091
5,Sample_S19S_0076_Sed,459.2598321
1,Sample_S19S_0076_Sed,460.1823248
25,Sample_S19S_0076_Sed,461.1583343
7,Sample_S19S_0076_Sed,461.1948089
5,Sample_S19S_0076_Sed,461.2027689
26,Sample_S19S_0076_Sed,461.2311454
8,Sample_S19S_0076_Sed,461.2391228
9,Sample_S19S_0076_Sed,463.1739081
28,Sample_S19S_0076_Sed,463.210366
22,Sample_S19S_0076_Sed,463.2467901
19,Sample_S19S_0076_Sed,465.1532935
26,Sample_S19S_0076_Sed,465.1896305
1,Sample_S19S_0076_Sed,465.207298
8,Sample_S19S_0076_Sed,465.2259434
17,Sample_S19S_0076_Sed,467.2052403
25,Sample_S19S_0076_Sed,467.2286363
18,Sample_S19S_0076_Sed,467.2416996
2,Sample_S19S_0076_Sed,469.1843946
19,Sample_S19S_0076_Sed,469.2078959
18,Sample_S19S_0076_Sed,469.2209608
31,Sample_S19S_0076_Sed,469.2442937
8,Sample_S19S_0076_Sed,471.1871307
6,Sample_S19S_0076_Sed,471.2001285
20,Sample_S19S_0076_Sed,471.2235442
3,Sample_S19S_0076_Sed,471.2598467
6,Sample_S19S_0076_Sed,473.2027392
1,Sample_S19S_0076_Sed,473.2157338
1,Sample_S19S_0076_Sed,473.225266
22,Sample_S19S_0076_Sed,473.2756478
22,Sample_S19S_0076_Sed,475.1739813
1,Sample_S19S_0076_Sed,475.1819356
7,Sample_S19S_0076_Sed,475.2103074
1,Sample_S19S_0076_Sed,475.2546749
4,Sample_S19S_0076_Sed,477.1531747
8,Sample_S19S_0076_Sed,477.1895617
24,Sample_S19S_0076_Sed,477.2260597
15,Sample_S19S_0076_Sed,477.262427
7,Sample_S19S_0076_Sed,479.1689644
26,Sample_S19S_0076_Sed,479.2053091
19,Sample_S19S_0076_Sed,479.2416827
3,Sample_S19S_0076_Sed,480.1640335
5,Sample_S19S_0076_Sed,481.1634867
16,Sample_S19S_0076_Sed,481.1845085
8,Sample_S19S_0076_Sed,481.2208584
11,Sample_S19S_0076_Sed,481.2572296
15,Sample_S19S_0076_Sed,483.2001521
7,Sample_S19S_0076_Sed,483.2234722
1,Sample_S19S_0076_Sed,483.259746
12,Sample_S19S_0076_Sed,485.2158694
2,Sample_S19S_0076_Sed,485.2390821
3,Sample_S19S_0076_Sed,485.275439
4,Sample_S19S_0076_Sed,487.2104698
19,Sample_S19S_0076_Sed,487.2184679
4,Sample_S19S_0076_Sed,487.2410284
15,Sample_S19S_0076_Sed,487.254845
1,Sample_S19S_0076_Sed,489.1506834
9,Sample_S19S_0076_Sed,489.1895365
6,Sample_S19S_0076_Sed,489.2259164
20,Sample_S19S_0076_Sed,491.1689084
5,Sample_S19S_0076_Sed,491.2053832
5,Sample_S19S_0076_Sed,491.2417678
1,Sample_S19S_0076_Sed,491.3199542
3,Sample_S19S_0076_Sed,493.1846305
21,Sample_S19S_0076_Sed,493.2209368
9,Sample_S19S_0076_Sed,493.2572378
1,Sample_S19S_0076_Sed,493.3356088
1,Sample_S19S_0076_Sed,495.1427989
13,Sample_S19S_0076_Sed,495.1638346
11,Sample_S19S_0076_Sed,495.2365338
3,Sample_S19S_0076_Sed,496.1590337
6,Sample_S19S_0076_Sed,496.1953999
4,Sample_S19S_0076_Sed,497.2157304
2,Sample_S19S_0076_Sed,497.2390455
1,Sample_S19S_0076_Sed,497.2754084
8,Sample_S19S_0076_Sed,499.2184243
1,Sample_S19S_0076_Sed,499.2546595
15,Sample_S19S_0076_Sed,501.2341074
16,Sample_S19S_0076_Sed,501.2705063
1,Sample_S19S_0076_Sed,503.2860944
2,Sample_S19S_0076_Sed,505.1350781
9,Sample_S19S_0076_Sed,505.1846129
7,Sample_S19S_0076_Sed,505.221033
14,Sample_S19S_0076_Sed,505.2573293
12,Sample_S19S_0076_Sed,507.2001826
8,Sample_S19S_0076_Sed,507.2364864
11,Sample_S19S_0076_Sed,509.2157568
11,Sample_S19S_0076_Sed,509.2522003
1,Sample_S19S_0076_Sed,511.1375472
5,Sample_S19S_0076_Sed,511.2547768
3,Sample_S19S_0076_Sed,511.2911339
5,Sample_S19S_0076_Sed,515.2860627
3,Sample_S19S_0076_Sed,516.2311735
8,Sample_S19S_0076_Sed,519.2730269
2,Sample_S19S_0076_Sed,521.2157156
4,Sample_S19S_0076_Sed,521.288516
6,Sample_S19S_0076_Sed,525.2340332
8,Sample_S19S_0076_Sed,525.2470626
1,Sample_S19S_0076_Sed,531.1597187
10,Sample_S19S_0076_Sed,535.2314389
2,Sample_S19S_0076_Sed,545.2523758
11,Sample_S19S_0076_Sed,547.2678735
4,Sample_S19S_0076_Sed,551.2262635
7,Sample_S19S_0076_Sed,563.2627092
1,Sample_S19S_0076_Sed,577.2785981
2,Sample_S19S_0076_Sed,597.4291056
1,Sample_S19S_0076_Sed,811.2808271
