num.trans.involved.in,sample,peak
8,Sample_S19S_0049_Sed,241.0466195
9,Sample_S19S_0049_Sed,241.0717422
12,Sample_S19S_0049_Sed,241.1081087
12,Sample_S19S_0049_Sed,241.1193918
10,Sample_S19S_0049_Sed,241.1445007
36,Sample_S19S_0049_Sed,241.1809156
6,Sample_S19S_0049_Sed,242.0670034
14,Sample_S19S_0049_Sed,242.139775
7,Sample_S19S_0049_Sed,242.1761465
23,Sample_S19S_0049_Sed,243.0510224
8,Sample_S19S_0049_Sed,243.0622684
12,Sample_S19S_0049_Sed,243.0873816
15,Sample_S19S_0049_Sed,243.0986597
11,Sample_S19S_0049_Sed,243.1237626
19,Sample_S19S_0049_Sed,243.1601665
34,Sample_S19S_0049_Sed,243.1965883
12,Sample_S19S_0049_Sed,244.0826525
8,Sample_S19S_0049_Sed,244.1302798
48,Sample_S19S_0049_Sed,245.0666847
47,Sample_S19S_0049_Sed,245.1030642
5,Sample_S19S_0049_Sed,245.1142776
26,Sample_S19S_0049_Sed,245.1394342
8,Sample_S19S_0049_Sed,246.1095509
9,Sample_S19S_0049_Sed,246.134683
47,Sample_S19S_0049_Sed,247.0823368
49,Sample_S19S_0049_Sed,247.118733
6,Sample_S19S_0049_Sed,247.1703275
2,Sample_S19S_0049_Sed,247.9399328
20,Sample_S19S_0049_Sed,248.1139872
1,Sample_S19S_0049_Sed,249.0227066
15,Sample_S19S_0049_Sed,249.1132224
33,Sample_S19S_0049_Sed,249.1496147
26,Sample_S19S_0049_Sed,249.186019
7,Sample_S19S_0049_Sed,250.1448617
5,Sample_S19S_0049_Sed,251.0594793
3,Sample_S19S_0049_Sed,251.0785764
52,Sample_S19S_0049_Sed,251.0925063
6,Sample_S19S_0049_Sed,251.1037616
36,Sample_S19S_0049_Sed,251.1289035
32,Sample_S19S_0049_Sed,251.1652673
44,Sample_S19S_0049_Sed,253.0717756
8,Sample_S19S_0049_Sed,253.0829986
18,Sample_S19S_0049_Sed,253.1081345
47,Sample_S19S_0049_Sed,253.1445337
26,Sample_S19S_0049_Sed,255.0510433
3,Sample_S19S_0049_Sed,255.0622462
66,Sample_S19S_0049_Sed,255.0874163
25,Sample_S19S_0049_Sed,255.1237776
52,Sample_S19S_0049_Sed,255.1602018
42,Sample_S19S_0049_Sed,255.1965909
20,Sample_S19S_0049_Sed,255.2329705
2,Sample_S19S_0049_Sed,257.0415582
36,Sample_S19S_0049_Sed,257.0666765
7,Sample_S19S_0049_Sed,257.0779166
32,Sample_S19S_0049_Sed,257.1030521
20,Sample_S19S_0049_Sed,257.1143128
55,Sample_S19S_0049_Sed,257.1394516
39,Sample_S19S_0049_Sed,257.175834
33,Sample_S19S_0049_Sed,257.2122374
20,Sample_S19S_0049_Sed,258.0983343
23,Sample_S19S_0049_Sed,258.1347123
17,Sample_S19S_0049_Sed,258.145966
51,Sample_S19S_0049_Sed,259.0823405
48,Sample_S19S_0049_Sed,259.1187072
18,Sample_S19S_0049_Sed,259.1299532
56,Sample_S19S_0049_Sed,259.1551113
30,Sample_S19S_0049_Sed,259.1914889
17,Sample_S19S_0049_Sed,260.1503532
45,Sample_S19S_0049_Sed,261.0980071
5,Sample_S19S_0049_Sed,261.1244971
51,Sample_S19S_0049_Sed,261.1343647
28,Sample_S19S_0049_Sed,261.149632
2,Sample_S19S_0049_Sed,261.9555802
19,Sample_S19S_0049_Sed,262.1660448
12,Sample_S19S_0049_Sed,263.0924815
30,Sample_S19S_0049_Sed,263.128908
7,Sample_S19S_0049_Sed,263.1401424
35,Sample_S19S_0049_Sed,263.1652771
1,Sample_S19S_0049_Sed,264.0473979
3,Sample_S19S_0049_Sed,265.0578564
55,Sample_S19S_0049_Sed,265.1081545
4,Sample_S19S_0049_Sed,265.1194378
4,Sample_S19S_0049_Sed,265.1479151
7,Sample_S19S_0049_Sed,265.1575521
17,Sample_S19S_0049_Sed,265.1809039
3,Sample_S19S_0049_Sed,266.089493
13,Sample_S19S_0049_Sed,266.1246093
11,Sample_S19S_0049_Sed,266.1357844
4,Sample_S19S_0049_Sed,267.0735078
45,Sample_S19S_0049_Sed,267.0874299
65,Sample_S19S_0049_Sed,267.123805
47,Sample_S19S_0049_Sed,267.1601848
42,Sample_S19S_0049_Sed,267.1965985
44,Sample_S19S_0049_Sed,269.0666802
51,Sample_S19S_0049_Sed,269.1030627
63,Sample_S19S_0049_Sed,269.1394657
52,Sample_S19S_0049_Sed,269.1758579
39,Sample_S19S_0049_Sed,269.2122378
14,Sample_S19S_0049_Sed,271.0459737
39,Sample_S19S_0049_Sed,271.0823212
67,Sample_S19S_0049_Sed,271.118718
48,Sample_S19S_0049_Sed,271.1551343
48,Sample_S19S_0049_Sed,271.1914941
32,Sample_S19S_0049_Sed,271.227892
23,Sample_S19S_0049_Sed,272.1504094
16,Sample_S19S_0049_Sed,272.1615976
53,Sample_S19S_0049_Sed,273.0979879
15,Sample_S19S_0049_Sed,273.109239
47,Sample_S19S_0049_Sed,273.1343844
55,Sample_S19S_0049_Sed,273.1707658
40,Sample_S19S_0049_Sed,273.2071526
16,Sample_S19S_0049_Sed,274.0932637
18,Sample_S19S_0049_Sed,274.1408667
43,Sample_S19S_0049_Sed,275.1136274
46,Sample_S19S_0049_Sed,275.1500444
19,Sample_S19S_0049_Sed,276.108923
43,Sample_S19S_0049_Sed,277.1081544
7,Sample_S19S_0049_Sed,277.1194289
38,Sample_S19S_0049_Sed,277.1293085
42,Sample_S19S_0049_Sed,277.1445377
5,Sample_S19S_0049_Sed,277.1558147
1,Sample_S19S_0049_Sed,278.0630512
5,Sample_S19S_0049_Sed,278.1146622
10,Sample_S19S_0049_Sed,278.1610047
10,Sample_S19S_0049_Sed,279.0986672
5,Sample_S19S_0049_Sed,279.135075
46,Sample_S19S_0049_Sed,279.160186
4,Sample_S19S_0049_Sed,279.1635618
1,Sample_S19S_0049_Sed,280.068733
16,Sample_S19S_0049_Sed,280.1038615
10,Sample_S19S_0049_Sed,280.1514334
8,Sample_S19S_0049_Sed,280.1766592
1,Sample_S19S_0049_Sed,281.0528323
35,Sample_S19S_0049_Sed,281.0666829
23,Sample_S19S_0049_Sed,281.1030502
4,Sample_S19S_0049_Sed,281.1143409
63,Sample_S19S_0049_Sed,281.1394597
39,Sample_S19S_0049_Sed,281.1758716
14,Sample_S19S_0049_Sed,282.1194934
25,Sample_S19S_0049_Sed,283.0459554
1,Sample_S19S_0049_Sed,283.0684737
19,Sample_S19S_0049_Sed,283.0823169
64,Sample_S19S_0049_Sed,283.118715
49,Sample_S19S_0049_Sed,283.1551309
30,Sample_S19S_0049_Sed,283.1915306
15,Sample_S19S_0049_Sed,283.2279218
4,Sample_S19S_0049_Sed,283.2642602
25,Sample_S19S_0049_Sed,284.1139788
30,Sample_S19S_0049_Sed,284.1503618
13,Sample_S19S_0049_Sed,284.1616007
19,Sample_S19S_0049_Sed,285.0616357
14,Sample_S19S_0049_Sed,285.1092216
8,Sample_S19S_0049_Sed,285.1262347
52,Sample_S19S_0049_Sed,285.1343948
18,Sample_S19S_0049_Sed,285.1456166
54,Sample_S19S_0049_Sed,285.17075
13,Sample_S19S_0049_Sed,285.2071124
23,Sample_S19S_0049_Sed,286.1660572
16,Sample_S19S_0049_Sed,286.1772587
40,Sample_S19S_0049_Sed,287.0772537
60,Sample_S19S_0049_Sed,287.150015
53,Sample_S19S_0049_Sed,287.1864124
23,Sample_S19S_0049_Sed,287.2228145
4,Sample_S19S_0049_Sed,288.1565445
21,Sample_S19S_0049_Sed,288.1817132
8,Sample_S19S_0049_Sed,289.1115236
50,Sample_S19S_0049_Sed,289.1292776
53,Sample_S19S_0049_Sed,289.1656738
2,Sample_S19S_0049_Sed,289.9868879
7,Sample_S19S_0049_Sed,290.0882083
24,Sample_S19S_0049_Sed,290.1245994
16,Sample_S19S_0049_Sed,290.197347
27,Sample_S19S_0049_Sed,291.0874132
2,Sample_S19S_0049_Sed,291.0907683
8,Sample_S19S_0049_Sed,291.0986884
33,Sample_S19S_0049_Sed,291.1965973
13,Sample_S19S_0049_Sed,292.1038307
24,Sample_S19S_0049_Sed,292.1766109
8,Sample_S19S_0049_Sed,292.2129776
44,Sample_S19S_0049_Sed,293.1030793
7,Sample_S19S_0049_Sed,293.1143295
32,Sample_S19S_0049_Sed,293.1242316
57,Sample_S19S_0049_Sed,293.1394564
6,Sample_S19S_0049_Sed,293.1507244
11,Sample_S19S_0049_Sed,293.1757942
39,Sample_S19S_0049_Sed,293.2122379
16,Sample_S19S_0049_Sed,294.1195199
50,Sample_S19S_0049_Sed,295.0823376
63,Sample_S19S_0049_Sed,295.1187213
22,Sample_S19S_0049_Sed,295.1398774
56,Sample_S19S_0049_Sed,295.1550986
49,Sample_S19S_0049_Sed,295.1914926
35,Sample_S19S_0049_Sed,295.227888
18,Sample_S19S_0049_Sed,296.135165
16,Sample_S19S_0049_Sed,297.0616262
33,Sample_S19S_0049_Sed,297.0980154
31,Sample_S19S_0049_Sed,297.1344063
6,Sample_S19S_0049_Sed,297.1529844
31,Sample_S19S_0049_Sed,297.1707937
18,Sample_S19S_0049_Sed,297.2071894
22,Sample_S19S_0049_Sed,297.2435585
24,Sample_S19S_0049_Sed,298.1296449
12,Sample_S19S_0049_Sed,298.177245
10,Sample_S19S_0049_Sed,299.0408894
57,Sample_S19S_0049_Sed,299.1136455
74,Sample_S19S_0049_Sed,299.1500243
45,Sample_S19S_0049_Sed,299.1864335
21,Sample_S19S_0049_Sed,299.2228305
1,Sample_S19S_0049_Sed,300.1201703
24,Sample_S19S_0049_Sed,300.1453117
25,Sample_S19S_0049_Sed,300.1816868
4,Sample_S19S_0049_Sed,300.1929428
36,Sample_S19S_0049_Sed,301.092932
58,Sample_S19S_0049_Sed,301.1656955
50,Sample_S19S_0049_Sed,301.202066
23,Sample_S19S_0049_Sed,302.1245742
18,Sample_S19S_0049_Sed,302.1357844
26,Sample_S19S_0049_Sed,302.1609828
21,Sample_S19S_0049_Sed,302.1721713
46,Sample_S19S_0049_Sed,303.1085414
5,Sample_S19S_0049_Sed,303.1271588
57,Sample_S19S_0049_Sed,303.1449308
48,Sample_S19S_0049_Sed,303.1813306
22,Sample_S19S_0049_Sed,303.2177327
19,Sample_S19S_0049_Sed,304.1038383
5,Sample_S19S_0049_Sed,304.1302839
26,Sample_S19S_0049_Sed,304.1402446
6,Sample_S19S_0049_Sed,304.1766628
22,Sample_S19S_0049_Sed,305.0666877
27,Sample_S19S_0049_Sed,305.1242388
35,Sample_S19S_0049_Sed,305.1758605
14,Sample_S19S_0049_Sed,306.1195211
12,Sample_S19S_0049_Sed,306.155916
8,Sample_S19S_0049_Sed,306.192305
15,Sample_S19S_0049_Sed,307.0823737
20,Sample_S19S_0049_Sed,307.1187572
39,Sample_S19S_0049_Sed,307.1551342
38,Sample_S19S_0049_Sed,307.1915179
10,Sample_S19S_0049_Sed,308.098784
12,Sample_S19S_0049_Sed,308.1351748
5,Sample_S19S_0049_Sed,308.2079497
40,Sample_S19S_0049_Sed,309.0979773
7,Sample_S19S_0049_Sed,309.1013433
3,Sample_S19S_0049_Sed,309.1092661
54,Sample_S19S_0049_Sed,309.1343649
56,Sample_S19S_0049_Sed,309.1707647
3,Sample_S19S_0049_Sed,309.1741269
25,Sample_S19S_0049_Sed,309.2071806
5,Sample_S19S_0049_Sed,310.1144501
18,Sample_S19S_0049_Sed,310.1508222
28,Sample_S19S_0049_Sed,311.0772659
66,Sample_S19S_0049_Sed,311.1136352
71,Sample_S19S_0049_Sed,311.1500195
1,Sample_S19S_0049_Sed,311.1686157
55,Sample_S19S_0049_Sed,311.186419
21,Sample_S19S_0049_Sed,311.2228309
20,Sample_S19S_0049_Sed,312.1453188
24,Sample_S19S_0049_Sed,312.1817018
29,Sample_S19S_0049_Sed,313.0929245
50,Sample_S19S_0049_Sed,313.1293014
63,Sample_S19S_0049_Sed,313.1656688
43,Sample_S19S_0049_Sed,313.2020808
25,Sample_S19S_0049_Sed,313.2384778
28,Sample_S19S_0049_Sed,314.1245573
26,Sample_S19S_0049_Sed,314.1609464
16,Sample_S19S_0049_Sed,314.1721852
17,Sample_S19S_0049_Sed,314.1973467
17,Sample_S19S_0049_Sed,315.0721791
43,Sample_S19S_0049_Sed,315.1085755
1,Sample_S19S_0049_Sed,315.1295125
60,Sample_S19S_0049_Sed,315.1449559
14,Sample_S19S_0049_Sed,315.1674271
55,Sample_S19S_0049_Sed,315.1813307
6,Sample_S19S_0049_Sed,315.1966265
48,Sample_S19S_0049_Sed,315.217727
14,Sample_S19S_0049_Sed,315.2541325
28,Sample_S19S_0049_Sed,316.1402237
17,Sample_S19S_0049_Sed,316.1514197
2,Sample_S19S_0049_Sed,316.1666732
21,Sample_S19S_0049_Sed,316.1766274
14,Sample_S19S_0049_Sed,316.1878305
44,Sample_S19S_0049_Sed,317.124227
57,Sample_S19S_0049_Sed,317.1606071
47,Sample_S19S_0049_Sed,317.1969836
15,Sample_S19S_0049_Sed,317.2122753
3,Sample_S19S_0049_Sed,317.2446454
19,Sample_S19S_0049_Sed,318.1194966
28,Sample_S19S_0049_Sed,318.1558543
14,Sample_S19S_0049_Sed,318.1671021
14,Sample_S19S_0049_Sed,318.2286611
8,Sample_S19S_0049_Sed,319.0857041
43,Sample_S19S_0049_Sed,319.139868
31,Sample_S19S_0049_Sed,319.1551015
30,Sample_S19S_0049_Sed,320.1351354
25,Sample_S19S_0049_Sed,320.1715427
5,Sample_S19S_0049_Sed,320.2442999
35,Sample_S19S_0049_Sed,321.1343949
38,Sample_S19S_0049_Sed,321.1707672
13,Sample_S19S_0049_Sed,321.2201744
17,Sample_S19S_0049_Sed,322.1144282
2,Sample_S19S_0049_Sed,322.1508517
8,Sample_S19S_0049_Sed,322.1872255
1,Sample_S19S_0049_Sed,323.1096996
20,Sample_S19S_0049_Sed,323.1136726
55,Sample_S19S_0049_Sed,323.1864241
19,Sample_S19S_0049_Sed,323.2228388
15,Sample_S19S_0049_Sed,324.1300834
21,Sample_S19S_0049_Sed,324.1664479
11,Sample_S19S_0049_Sed,324.2028461
43,Sample_S19S_0049_Sed,325.0928926
47,Sample_S19S_0049_Sed,325.1292996
46,Sample_S19S_0049_Sed,325.1657004
1,Sample_S19S_0049_Sed,325.1842438
60,Sample_S19S_0049_Sed,325.2020573
25,Sample_S19S_0049_Sed,325.2384393
1,Sample_S19S_0049_Sed,326.0518083
19,Sample_S19S_0049_Sed,326.160977
11,Sample_S19S_0049_Sed,326.2085635
15,Sample_S19S_0049_Sed,327.0722018
34,Sample_S19S_0049_Sed,327.1085831
55,Sample_S19S_0049_Sed,327.1449492
60,Sample_S19S_0049_Sed,327.1813344
11,Sample_S19S_0049_Sed,327.2177565
23,Sample_S19S_0049_Sed,328.140231
19,Sample_S19S_0049_Sed,328.1514425
21,Sample_S19S_0049_Sed,328.1766323
5,Sample_S19S_0049_Sed,328.1878731
46,Sample_S19S_0049_Sed,329.1242163
1,Sample_S19S_0049_Sed,329.152419
16,Sample_S19S_0049_Sed,329.1758446
9,Sample_S19S_0049_Sed,329.1830341
48,Sample_S19S_0049_Sed,329.1969687
31,Sample_S19S_0049_Sed,329.2333488
8,Sample_S19S_0049_Sed,330.1307217
20,Sample_S19S_0049_Sed,330.1670892
21,Sample_S19S_0049_Sed,330.192266
12,Sample_S19S_0049_Sed,330.2034832
27,Sample_S19S_0049_Sed,331.1034998
16,Sample_S19S_0049_Sed,331.1399002
56,Sample_S19S_0049_Sed,331.1762541
10,Sample_S19S_0049_Sed,331.1915481
10,Sample_S19S_0049_Sed,331.2126721
3,Sample_S19S_0049_Sed,331.2490738
2,Sample_S19S_0049_Sed,332.1252263
20,Sample_S19S_0049_Sed,332.1351167
35,Sample_S19S_0049_Sed,332.171516
7,Sample_S19S_0049_Sed,332.2079509
8,Sample_S19S_0049_Sed,333.1191757
4,Sample_S19S_0049_Sed,333.1553813
49,Sample_S19S_0049_Sed,333.1919042
24,Sample_S19S_0049_Sed,333.2071238
4,Sample_S19S_0049_Sed,333.2395661
16,Sample_S19S_0049_Sed,334.1144217
13,Sample_S19S_0049_Sed,334.1508295
5,Sample_S19S_0049_Sed,334.2235949
39,Sample_S19S_0049_Sed,335.150042
27,Sample_S19S_0049_Sed,335.2227808
10,Sample_S19S_0049_Sed,335.2358032
5,Sample_S19S_0049_Sed,336.1301036
23,Sample_S19S_0049_Sed,336.1664659
54,Sample_S19S_0049_Sed,337.1292866
13,Sample_S19S_0049_Sed,337.1616901
50,Sample_S19S_0049_Sed,337.1656867
6,Sample_S19S_0049_Sed,337.1729078
7,Sample_S19S_0049_Sed,337.2021218
31,Sample_S19S_0049_Sed,337.238454
15,Sample_S19S_0049_Sed,338.1456998
4,Sample_S19S_0049_Sed,338.1488116
18,Sample_S19S_0049_Sed,338.182098
40,Sample_S19S_0049_Sed,338.1973113
52,Sample_S19S_0049_Sed,339.1085453
17,Sample_S19S_0049_Sed,339.1449816
43,Sample_S19S_0049_Sed,339.1813533
2,Sample_S19S_0049_Sed,339.1999929
33,Sample_S19S_0049_Sed,339.2177427
10,Sample_S19S_0049_Sed,340.1249861
4,Sample_S19S_0049_Sed,340.1613194
7,Sample_S19S_0049_Sed,340.2241932
42,Sample_S19S_0049_Sed,341.0878109
14,Sample_S19S_0049_Sed,341.12425
48,Sample_S19S_0049_Sed,341.1606173
8,Sample_S19S_0049_Sed,341.1831094
61,Sample_S19S_0049_Sed,341.1969848
9,Sample_S19S_0049_Sed,341.2334189
37,Sample_S19S_0049_Sed,342.155837
16,Sample_S19S_0049_Sed,342.1670651
16,Sample_S19S_0049_Sed,343.067113
50,Sample_S19S_0049_Sed,343.1034685
13,Sample_S19S_0049_Sed,343.1399075
50,Sample_S19S_0049_Sed,343.1762631
2,Sample_S19S_0049_Sed,343.1987828
43,Sample_S19S_0049_Sed,343.2126496
30,Sample_S19S_0049_Sed,344.1715382
11,Sample_S19S_0049_Sed,344.1827031
13,Sample_S19S_0049_Sed,344.2191371
36,Sample_S19S_0049_Sed,345.1191373
30,Sample_S19S_0049_Sed,345.1555412
18,Sample_S19S_0049_Sed,345.170772
9,Sample_S19S_0049_Sed,345.1919508
40,Sample_S19S_0049_Sed,345.2282779
27,Sample_S19S_0049_Sed,346.1507606
5,Sample_S19S_0049_Sed,346.1619628
27,Sample_S19S_0049_Sed,346.1871921
3,Sample_S19S_0049_Sed,346.2154294
14,Sample_S19S_0049_Sed,347.0903002
21,Sample_S19S_0049_Sed,347.1348045
38,Sample_S19S_0049_Sed,347.1711801
5,Sample_S19S_0049_Sed,347.1864695
39,Sample_S19S_0049_Sed,347.2075497
20,Sample_S19S_0049_Sed,348.1300774
25,Sample_S19S_0049_Sed,348.1664038
20,Sample_S19S_0049_Sed,348.2028318
3,Sample_S19S_0049_Sed,348.231087
15,Sample_S19S_0049_Sed,349.1059291
11,Sample_S19S_0049_Sed,349.2021049
21,Sample_S19S_0049_Sed,350.1457077
18,Sample_S19S_0049_Sed,350.1821173
12,Sample_S19S_0049_Sed,350.2184616
25,Sample_S19S_0049_Sed,351.121581
31,Sample_S19S_0049_Sed,351.2177372
11,Sample_S19S_0049_Sed,351.2307319
4,Sample_S19S_0049_Sed,351.2500934
20,Sample_S19S_0049_Sed,352.1613622
30,Sample_S19S_0049_Sed,352.1765943
32,Sample_S19S_0049_Sed,353.0878166
14,Sample_S19S_0049_Sed,353.1008561
36,Sample_S19S_0049_Sed,353.124233
1,Sample_S19S_0049_Sed,353.1484555
28,Sample_S19S_0049_Sed,353.1605629
22,Sample_S19S_0049_Sed,353.1736275
40,Sample_S19S_0049_Sed,353.1970034
3,Sample_S19S_0049_Sed,353.2003494
14,Sample_S19S_0049_Sed,353.2099396
18,Sample_S19S_0049_Sed,353.2333297
3,Sample_S19S_0049_Sed,354.09608
16,Sample_S19S_0049_Sed,354.1406185
4,Sample_S19S_0049_Sed,354.1437293
9,Sample_S19S_0049_Sed,354.1922902
13,Sample_S19S_0049_Sed,355.0671162
45,Sample_S19S_0049_Sed,355.1034699
20,Sample_S19S_0049_Sed,355.1164999
10,Sample_S19S_0049_Sed,355.1399086
66,Sample_S19S_0049_Sed,355.1762476
18,Sample_S19S_0049_Sed,355.1892674
13,Sample_S19S_0049_Sed,355.2126797
15,Sample_S19S_0049_Sed,355.2489795
36,Sample_S19S_0049_Sed,356.1715182
19,Sample_S19S_0049_Sed,356.207852
27,Sample_S19S_0049_Sed,357.0827228
2,Sample_S19S_0049_Sed,357.1085992
46,Sample_S19S_0049_Sed,357.1191097
60,Sample_S19S_0049_Sed,357.1554992
63,Sample_S19S_0049_Sed,357.191896
6,Sample_S19S_0049_Sed,357.2144125
49,Sample_S19S_0049_Sed,357.2282738
24,Sample_S19S_0049_Sed,357.2646796
8,Sample_S19S_0049_Sed,358.1507103
26,Sample_S19S_0049_Sed,358.1871972
14,Sample_S19S_0049_Sed,358.1983945
29,Sample_S19S_0049_Sed,358.2235211
13,Sample_S19S_0049_Sed,359.0984239
32,Sample_S19S_0049_Sed,359.1347452
12,Sample_S19S_0049_Sed,359.1572531
50,Sample_S19S_0049_Sed,359.1711775
11,Sample_S19S_0049_Sed,359.1936001
17,Sample_S19S_0049_Sed,359.2074846
13,Sample_S19S_0049_Sed,359.2227778
39,Sample_S19S_0049_Sed,359.2439319
32,Sample_S19S_0049_Sed,360.1664452
14,Sample_S19S_0049_Sed,360.1776328
6,Sample_S19S_0049_Sed,360.2027516
33,Sample_S19S_0049_Sed,361.1423317
42,Sample_S19S_0049_Sed,361.1504109
20,Sample_S19S_0049_Sed,361.1657046
40,Sample_S19S_0049_Sed,361.186829
12,Sample_S19S_0049_Sed,361.2151155
41,Sample_S19S_0049_Sed,361.2231964
21,Sample_S19S_0049_Sed,362.1821174
20,Sample_S19S_0049_Sed,363.1215932
14,Sample_S19S_0049_Sed,363.1660194
16,Sample_S19S_0049_Sed,363.1812892
20,Sample_S19S_0049_Sed,363.1943423
15,Sample_S19S_0049_Sed,364.1613157
3,Sample_S19S_0049_Sed,364.200847
6,Sample_S19S_0049_Sed,364.2259804
20,Sample_S19S_0049_Sed,365.1008669
26,Sample_S19S_0049_Sed,365.137244
42,Sample_S19S_0049_Sed,365.1969623
27,Sample_S19S_0049_Sed,365.2100088
18,Sample_S19S_0049_Sed,365.2334124
17,Sample_S19S_0049_Sed,366.1769935
1,Sample_S19S_0049_Sed,366.1801237
42,Sample_S19S_0049_Sed,367.1034613
14,Sample_S19S_0049_Sed,367.1165264
2,Sample_S19S_0049_Sed,367.1399195
32,Sample_S19S_0049_Sed,367.1762158
27,Sample_S19S_0049_Sed,367.189277
43,Sample_S19S_0049_Sed,367.2126519
2,Sample_S19S_0049_Sed,367.2255178
2,Sample_S19S_0049_Sed,368.1117355
9,Sample_S19S_0049_Sed,368.1562607
1,Sample_S19S_0049_Sed,368.1593344
43,Sample_S19S_0049_Sed,368.1714856
21,Sample_S19S_0049_Sed,369.0827443
7,Sample_S19S_0049_Sed,369.1190631
18,Sample_S19S_0049_Sed,369.1321274
56,Sample_S19S_0049_Sed,369.1555194
27,Sample_S19S_0049_Sed,369.1685393
16,Sample_S19S_0049_Sed,369.1837969
18,Sample_S19S_0049_Sed,369.1918398
50,Sample_S19S_0049_Sed,369.2282876
7,Sample_S19S_0049_Sed,371.0983408
1,Sample_S19S_0049_Sed,371.1243249
39,Sample_S19S_0049_Sed,371.1347918
45,Sample_S19S_0049_Sed,371.171134
35,Sample_S19S_0049_Sed,371.2075705
37,Sample_S19S_0049_Sed,371.2439257
24,Sample_S19S_0049_Sed,372.2028242
12,Sample_S19S_0049_Sed,372.2140099
2,Sample_S19S_0049_Sed,372.3038234
14,Sample_S19S_0049_Sed,373.1504711
14,Sample_S19S_0049_Sed,373.1729074
38,Sample_S19S_0049_Sed,373.1867821
47,Sample_S19S_0049_Sed,373.2231881
16,Sample_S19S_0049_Sed,373.2595428
18,Sample_S19S_0049_Sed,374.1456527
12,Sample_S19S_0049_Sed,374.1820296
22,Sample_S19S_0049_Sed,374.2184652
22,Sample_S19S_0049_Sed,375.1297066
32,Sample_S19S_0049_Sed,375.1449442
29,Sample_S19S_0049_Sed,375.1579842
13,Sample_S19S_0049_Sed,375.1660121
36,Sample_S19S_0049_Sed,375.194367
28,Sample_S19S_0049_Sed,375.2024285
25,Sample_S19S_0049_Sed,375.2177037
9,Sample_S19S_0049_Sed,375.230771
13,Sample_S19S_0049_Sed,376.1249335
15,Sample_S19S_0049_Sed,376.1976905
14,Sample_S19S_0049_Sed,377.100823
20,Sample_S19S_0049_Sed,377.1372608
31,Sample_S19S_0049_Sed,377.1735945
17,Sample_S19S_0049_Sed,377.2099902
31,Sample_S19S_0049_Sed,377.2333521
14,Sample_S19S_0049_Sed,377.2463996
7,Sample_S19S_0049_Sed,378.2416575
2,Sample_S19S_0049_Sed,379.0670295
4,Sample_S19S_0049_Sed,379.0800689
17,Sample_S19S_0049_Sed,379.1165229
25,Sample_S19S_0049_Sed,379.1528588
34,Sample_S19S_0049_Sed,379.1892722
30,Sample_S19S_0049_Sed,379.2126518
19,Sample_S19S_0049_Sed,379.2256462
10,Sample_S19S_0049_Sed,379.2489573
2,Sample_S19S_0049_Sed,380.1116712
4,Sample_S19S_0049_Sed,380.1593778
2,Sample_S19S_0049_Sed,380.1957164
16,Sample_S19S_0049_Sed,380.2078457
5,Sample_S19S_0049_Sed,380.2208704
5,Sample_S19S_0049_Sed,381.0826619
19,Sample_S19S_0049_Sed,381.1321708
23,Sample_S19S_0049_Sed,381.1684945
43,Sample_S19S_0049_Sed,381.1918695
14,Sample_S19S_0049_Sed,381.204939
38,Sample_S19S_0049_Sed,381.2282913
4,Sample_S19S_0049_Sed,381.2411757
5,Sample_S19S_0049_Sed,382.1273741
1,Sample_S19S_0049_Sed,382.1385796
7,Sample_S19S_0049_Sed,383.1347075
25,Sample_S19S_0049_Sed,383.1477567
23,Sample_S19S_0049_Sed,383.1711132
23,Sample_S19S_0049_Sed,383.184187
50,Sample_S19S_0049_Sed,383.2075249
36,Sample_S19S_0049_Sed,383.2439132
7,Sample_S19S_0049_Sed,384.1430092
36,Sample_S19S_0049_Sed,384.1664077
34,Sample_S19S_0049_Sed,384.2027906
22,Sample_S19S_0049_Sed,385.0776412
17,Sample_S19S_0049_Sed,385.1423072
23,Sample_S19S_0049_Sed,385.1503825
16,Sample_S19S_0049_Sed,385.1634062
49,Sample_S19S_0049_Sed,385.1868285
10,Sample_S19S_0049_Sed,385.2092651
10,Sample_S19S_0049_Sed,385.2151169
16,Sample_S19S_0049_Sed,385.2231361
34,Sample_S19S_0049_Sed,385.2595906
38,Sample_S19S_0049_Sed,386.1820531
21,Sample_S19S_0049_Sed,387.1579654
4,Sample_S19S_0049_Sed,387.1659841
27,Sample_S19S_0049_Sed,387.19436
40,Sample_S19S_0049_Sed,387.2024406
31,Sample_S19S_0049_Sed,387.2388297
1,Sample_S19S_0049_Sed,388.2987452
13,Sample_S19S_0049_Sed,389.1008827
18,Sample_S19S_0049_Sed,389.1372295
8,Sample_S19S_0049_Sed,389.1452618
2,Sample_S19S_0049_Sed,389.1677218
28,Sample_S19S_0049_Sed,389.1736085
20,Sample_S19S_0049_Sed,389.1816725
23,Sample_S19S_0049_Sed,389.1969883
31,Sample_S19S_0049_Sed,389.2180886
1,Sample_S19S_0049_Sed,390.2132816
1,Sample_S19S_0049_Sed,390.3143698
21,Sample_S19S_0049_Sed,391.1528412
6,Sample_S19S_0049_Sed,391.165714
19,Sample_S19S_0049_Sed,391.1892281
30,Sample_S19S_0049_Sed,391.212612
12,Sample_S19S_0049_Sed,391.2256863
7,Sample_S19S_0049_Sed,391.2620068
1,Sample_S19S_0049_Sed,391.2982703
8,Sample_S19S_0049_Sed,392.1198706
23,Sample_S19S_0049_Sed,393.1191285
17,Sample_S19S_0049_Sed,393.1321265
14,Sample_S19S_0049_Sed,393.1554711
24,Sample_S19S_0049_Sed,393.1685262
24,Sample_S19S_0049_Sed,393.2049392
15,Sample_S19S_0049_Sed,393.2282185
18,Sample_S19S_0049_Sed,393.2412462
3,Sample_S19S_0049_Sed,393.2776995
4,Sample_S19S_0049_Sed,394.1273232
4,Sample_S19S_0049_Sed,394.1637274
4,Sample_S19S_0049_Sed,394.1750252
5,Sample_S19S_0049_Sed,394.2001939
4,Sample_S19S_0049_Sed,394.2364931
1,Sample_S19S_0049_Sed,394.9051548
10,Sample_S19S_0049_Sed,395.0984243
17,Sample_S19S_0049_Sed,395.1114167
52,Sample_S19S_0049_Sed,395.1347697
25,Sample_S19S_0049_Sed,395.1477706
16,Sample_S19S_0049_Sed,395.2075813
21,Sample_S19S_0049_Sed,395.2205826
12,Sample_S19S_0049_Sed,395.2438669
7,Sample_S19S_0049_Sed,396.1430161
2,Sample_S19S_0049_Sed,396.1542305
6,Sample_S19S_0049_Sed,396.1875433
21,Sample_S19S_0049_Sed,396.2028408
3,Sample_S19S_0049_Sed,397.0775828
16,Sample_S19S_0049_Sed,397.1140135
16,Sample_S19S_0049_Sed,397.1270557
46,Sample_S19S_0049_Sed,397.1504225
20,Sample_S19S_0049_Sed,397.1634297
22,Sample_S19S_0049_Sed,397.1867602
15,Sample_S19S_0049_Sed,397.1997808
48,Sample_S19S_0049_Sed,397.2232052
28,Sample_S19S_0049_Sed,397.2595669
6,Sample_S19S_0049_Sed,398.1222468
9,Sample_S19S_0049_Sed,398.1586554
25,Sample_S19S_0049_Sed,399.1296635
12,Sample_S19S_0049_Sed,399.1579458
5,Sample_S19S_0049_Sed,399.1659287
13,Sample_S19S_0049_Sed,399.1790309
3,Sample_S19S_0049_Sed,399.1884911
15,Sample_S19S_0049_Sed,399.1943775
40,Sample_S19S_0049_Sed,399.2024375
22,Sample_S19S_0049_Sed,399.2388025
3,Sample_S19S_0049_Sed,399.2751285
5,Sample_S19S_0049_Sed,400.1378995
20,Sample_S19S_0049_Sed,401.1736033
9,Sample_S19S_0049_Sed,401.1816514
5,Sample_S19S_0049_Sed,401.204141
26,Sample_S19S_0049_Sed,401.2100146
35,Sample_S19S_0049_Sed,401.2180808
19,Sample_S19S_0049_Sed,401.2544603
6,Sample_S19S_0049_Sed,402.1994213
13,Sample_S19S_0049_Sed,403.1164656
20,Sample_S19S_0049_Sed,403.1529106
20,Sample_S19S_0049_Sed,403.1609357
36,Sample_S19S_0049_Sed,403.1973716
18,Sample_S19S_0049_Sed,403.2256482
14,Sample_S19S_0049_Sed,403.2336971
19,Sample_S19S_0049_Sed,404.1926065
21,Sample_S19S_0049_Sed,405.1321292
27,Sample_S19S_0049_Sed,405.1685606
17,Sample_S19S_0049_Sed,405.2048711
11,Sample_S19S_0049_Sed,405.2412525
8,Sample_S19S_0049_Sed,406.2364932
3,Sample_S19S_0049_Sed,406.3092961
9,Sample_S19S_0049_Sed,407.1113661
24,Sample_S19S_0049_Sed,407.1477958
22,Sample_S19S_0049_Sed,407.2205546
10,Sample_S19S_0049_Sed,407.2568891
8,Sample_S19S_0049_Sed,408.1776232
1,Sample_S19S_0049_Sed,408.1873845
2,Sample_S19S_0049_Sed,409.07757
20,Sample_S19S_0049_Sed,409.1270356
46,Sample_S19S_0049_Sed,409.1504235
14,Sample_S19S_0049_Sed,409.1633923
3,Sample_S19S_0049_Sed,409.1762635
10,Sample_S19S_0049_Sed,409.1997594
2,Sample_S19S_0049_Sed,409.2110293
47,Sample_S19S_0049_Sed,409.2231724
15,Sample_S19S_0049_Sed,409.236154
6,Sample_S19S_0049_Sed,409.2725381
8,Sample_S19S_0049_Sed,410.1221742
6,Sample_S19S_0049_Sed,410.1586186
17,Sample_S19S_0049_Sed,411.0933142
29,Sample_S19S_0049_Sed,411.1296933
28,Sample_S19S_0049_Sed,411.1426758
14,Sample_S19S_0049_Sed,411.1579879
27,Sample_S19S_0049_Sed,411.1660419
19,Sample_S19S_0049_Sed,411.1790746
4,Sample_S19S_0049_Sed,411.2022993
21,Sample_S19S_0049_Sed,411.2154903
40,Sample_S19S_0049_Sed,411.2388467
7,Sample_S19S_0049_Sed,412.137911
39,Sample_S19S_0049_Sed,412.1977027
22,Sample_S19S_0049_Sed,413.1089345
7,Sample_S19S_0049_Sed,413.1372735
10,Sample_S19S_0049_Sed,413.1452768
9,Sample_S19S_0049_Sed,413.1583079
20,Sample_S19S_0049_Sed,413.1736056
3,Sample_S19S_0049_Sed,413.1759958
5,Sample_S19S_0049_Sed,413.1816156
13,Sample_S19S_0049_Sed,413.1946295
2,Sample_S19S_0049_Sed,413.2041017
13,Sample_S19S_0049_Sed,413.2100122
22,Sample_S19S_0049_Sed,413.2180661
7,Sample_S19S_0049_Sed,413.2405484
27,Sample_S19S_0049_Sed,413.2544798
1,Sample_S19S_0049_Sed,414.1688288
9,Sample_S19S_0049_Sed,415.1529316
33,Sample_S19S_0049_Sed,415.1609859
35,Sample_S19S_0049_Sed,415.1973464
12,Sample_S19S_0049_Sed,415.219815
14,Sample_S19S_0049_Sed,415.2256541
15,Sample_S19S_0049_Sed,415.2336924
11,Sample_S19S_0049_Sed,416.1925804
19,Sample_S19S_0049_Sed,417.1191101
24,Sample_S19S_0049_Sed,417.1321667
4,Sample_S19S_0049_Sed,417.1627099
29,Sample_S19S_0049_Sed,417.1685514
10,Sample_S19S_0049_Sed,417.1765666
13,Sample_S19S_0049_Sed,417.2048604
9,Sample_S19S_0049_Sed,417.2128787
12,Sample_S19S_0049_Sed,417.2493486
2,Sample_S19S_0049_Sed,419.1113471
15,Sample_S19S_0049_Sed,419.1478319
32,Sample_S19S_0049_Sed,419.1842051
4,Sample_S19S_0049_Sed,419.1921608
18,Sample_S19S_0049_Sed,419.2205119
9,Sample_S19S_0049_Sed,419.2285513
1,Sample_S19S_0049_Sed,421.0412704
12,Sample_S19S_0049_Sed,421.1270174
1,Sample_S19S_0049_Sed,421.1552081
29,Sample_S19S_0049_Sed,421.1634511
4,Sample_S19S_0049_Sed,421.2265386
14,Sample_S19S_0049_Sed,421.2362004
9,Sample_S19S_0049_Sed,422.2031632
39,Sample_S19S_0049_Sed,423.1296813
13,Sample_S19S_0049_Sed,423.1426961
7,Sample_S19S_0049_Sed,423.1555367
29,Sample_S19S_0049_Sed,423.179095
23,Sample_S19S_0049_Sed,423.2154249
1,Sample_S19S_0049_Sed,423.2387546
23,Sample_S19S_0049_Sed,425.1583275
1,Sample_S19S_0049_Sed,425.1712771
32,Sample_S19S_0049_Sed,425.1816982
20,Sample_S19S_0049_Sed,425.1947046
16,Sample_S19S_0049_Sed,425.2311014
35,Sample_S19S_0049_Sed,425.2544996
9,Sample_S19S_0049_Sed,426.153527
39,Sample_S19S_0049_Sed,426.1769689
1,Sample_S19S_0049_Sed,426.9313713
30,Sample_S19S_0049_Sed,427.1245871
1,Sample_S19S_0049_Sed,427.1610597
31,Sample_S19S_0049_Sed,427.1973395
19,Sample_S19S_0049_Sed,427.2103578
6,Sample_S19S_0049_Sed,427.2198983
33,Sample_S19S_0049_Sed,427.2337286
2,Sample_S19S_0049_Sed,427.2561768
22,Sample_S19S_0049_Sed,427.2701368
8,Sample_S19S_0049_Sed,428.1925676
32,Sample_S19S_0049_Sed,429.1402424
23,Sample_S19S_0049_Sed,429.1685491
21,Sample_S19S_0049_Sed,429.1765924
14,Sample_S19S_0049_Sed,429.1990848
29,Sample_S19S_0049_Sed,429.2129876
7,Sample_S19S_0049_Sed,429.2355333
29,Sample_S19S_0049_Sed,429.2494299
1,Sample_S19S_0049_Sed,430.1636821
3,Sample_S19S_0049_Sed,430.194397
23,Sample_S19S_0049_Sed,430.2083192
8,Sample_S19S_0049_Sed,431.098388
21,Sample_S19S_0049_Sed,431.1477957
21,Sample_S19S_0049_Sed,431.1922364
11,Sample_S19S_0049_Sed,431.2147537
8,Sample_S19S_0049_Sed,431.2206124
22,Sample_S19S_0049_Sed,431.2286229
7,Sample_S19S_0049_Sed,431.264934
11,Sample_S19S_0049_Sed,432.1876103
26,Sample_S19S_0049_Sed,433.1634586
8,Sample_S19S_0049_Sed,433.1998888
24,Sample_S19S_0049_Sed,433.2079014
10,Sample_S19S_0049_Sed,433.2361951
6,Sample_S19S_0049_Sed,433.2441921
8,Sample_S19S_0049_Sed,435.1426364
1,Sample_S19S_0049_Sed,435.160379
29,Sample_S19S_0049_Sed,435.1790631
15,Sample_S19S_0049_Sed,435.2155119
19,Sample_S19S_0049_Sed,435.25188
6,Sample_S19S_0049_Sed,436.1742724
24,Sample_S19S_0049_Sed,437.158378
24,Sample_S19S_0049_Sed,437.1946984
15,Sample_S19S_0049_Sed,437.2310601
9,Sample_S19S_0049_Sed,438.1900158
1,Sample_S19S_0049_Sed,439.051737
21,Sample_S19S_0049_Sed,439.1246064
6,Sample_S19S_0049_Sed,439.1375419
1,Sample_S19S_0049_Sed,439.1553158
2,Sample_S19S_0049_Sed,439.1916893
8,Sample_S19S_0049_Sed,439.1973056
6,Sample_S19S_0049_Sed,439.2103099
6,Sample_S19S_0049_Sed,439.246834
7,Sample_S19S_0049_Sed,440.1692728
11,Sample_S19S_0049_Sed,441.1895875
12,Sample_S19S_0049_Sed,441.2129575
11,Sample_S19S_0049_Sed,441.2355104
11,Sample_S19S_0049_Sed,441.2494531
16,Sample_S19S_0049_Sed,441.2858146
2,Sample_S19S_0049_Sed,443.0984287
7,Sample_S19S_0049_Sed,443.1114516
4,Sample_S19S_0049_Sed,443.1478565
21,Sample_S19S_0049_Sed,443.1841796
7,Sample_S19S_0049_Sed,443.1922057
11,Sample_S19S_0049_Sed,443.2205255
7,Sample_S19S_0049_Sed,443.2285235
23,Sample_S19S_0049_Sed,443.2650816
23,Sample_S19S_0049_Sed,445.1634705
32,Sample_S19S_0049_Sed,445.1715289
6,Sample_S19S_0049_Sed,445.1940666
35,Sample_S19S_0049_Sed,445.2079177
16,Sample_S19S_0049_Sed,445.2304198
20,Sample_S19S_0049_Sed,445.2362316
24,Sample_S19S_0049_Sed,445.2442897
5,Sample_S19S_0049_Sed,446.2031197
14,Sample_S19S_0049_Sed,447.1297048
17,Sample_S19S_0049_Sed,447.1427418
27,Sample_S19S_0049_Sed,447.179104
2,Sample_S19S_0049_Sed,447.1869913
2,Sample_S19S_0049_Sed,447.1967099
12,Sample_S19S_0049_Sed,447.2154152
6,Sample_S19S_0049_Sed,447.2234126
11,Sample_S19S_0049_Sed,447.2518394
28,Sample_S19S_0049_Sed,449.1583358
1,Sample_S19S_0049_Sed,449.1735875
11,Sample_S19S_0049_Sed,449.1946593
17,Sample_S19S_0049_Sed,449.2310912
9,Sample_S19S_0049_Sed,449.267553
6,Sample_S19S_0049_Sed,450.1898917
14,Sample_S19S_0049_Sed,451.1739524
3,Sample_S19S_0049_Sed,451.1916101
10,Sample_S19S_0049_Sed,451.2103087
4,Sample_S19S_0049_Sed,451.2280387
13,Sample_S19S_0049_Sed,451.2467303
15,Sample_S19S_0049_Sed,452.1692639
7,Sample_S19S_0049_Sed,453.140211
14,Sample_S19S_0049_Sed,453.1532352
22,Sample_S19S_0049_Sed,453.1896338
15,Sample_S19S_0049_Sed,453.2259797
5,Sample_S19S_0049_Sed,453.2492245
5,Sample_S19S_0049_Sed,454.1484722
7,Sample_S19S_0049_Sed,454.1849077
5,Sample_S19S_0049_Sed,454.2671663
4,Sample_S19S_0049_Sed,455.1453733
4,Sample_S19S_0049_Sed,455.1921775
17,Sample_S19S_0049_Sed,455.2052634
5,Sample_S19S_0049_Sed,455.2285132
3,Sample_S19S_0049_Sed,455.2512639
25,Sample_S19S_0049_Sed,455.2650512
20,Sample_S19S_0049_Sed,457.1715231
31,Sample_S19S_0049_Sed,457.2079257
10,Sample_S19S_0049_Sed,457.230385
13,Sample_S19S_0049_Sed,457.2442623
7,Sample_S19S_0049_Sed,457.280565
9,Sample_S19S_0049_Sed,459.1296693
11,Sample_S19S_0049_Sed,459.1661042
27,Sample_S19S_0049_Sed,459.1872169
12,Sample_S19S_0049_Sed,459.2155229
9,Sample_S19S_0049_Sed,459.2235091
7,Sample_S19S_0049_Sed,459.2598321
1,Sample_S19S_0049_Sed,460.1823248
1,Sample_S19S_0049_Sed,460.2047692
23,Sample_S19S_0049_Sed,461.1583343
6,Sample_S19S_0049_Sed,461.1948089
7,Sample_S19S_0049_Sed,461.2027689
29,Sample_S19S_0049_Sed,461.2311454
10,Sample_S19S_0049_Sed,461.2391228
10,Sample_S19S_0049_Sed,463.1739081
29,Sample_S19S_0049_Sed,463.210366
24,Sample_S19S_0049_Sed,463.2467901
21,Sample_S19S_0049_Sed,465.1532935
28,Sample_S19S_0049_Sed,465.1896305
3,Sample_S19S_0049_Sed,465.207298
1,Sample_S19S_0049_Sed,465.2119151
12,Sample_S19S_0049_Sed,465.2259434
12,Sample_S19S_0049_Sed,465.2623148
1,Sample_S19S_0049_Sed,466.1847506
16,Sample_S19S_0049_Sed,467.2052403
4,Sample_S19S_0049_Sed,467.2229454
30,Sample_S19S_0049_Sed,467.2286363
22,Sample_S19S_0049_Sed,467.2416996
3,Sample_S19S_0049_Sed,468.1640569
4,Sample_S19S_0049_Sed,469.1843946
2,Sample_S19S_0049_Sed,469.2021467
23,Sample_S19S_0049_Sed,469.2078959
20,Sample_S19S_0049_Sed,469.2209608
31,Sample_S19S_0049_Sed,469.2442937
2,Sample_S19S_0049_Sed,469.2667234
13,Sample_S19S_0049_Sed,469.2806636
22,Sample_S19S_0049_Sed,471.2235442
7,Sample_S19S_0049_Sed,471.2598467
3,Sample_S19S_0049_Sed,471.2961918
2,Sample_S19S_0049_Sed,473.1452829
8,Sample_S19S_0049_Sed,473.1946924
8,Sample_S19S_0049_Sed,473.2027392
3,Sample_S19S_0049_Sed,473.225266
31,Sample_S19S_0049_Sed,473.2311386
22,Sample_S19S_0049_Sed,473.2392065
20,Sample_S19S_0049_Sed,473.2756478
1,Sample_S19S_0049_Sed,474.2204104
22,Sample_S19S_0049_Sed,475.1739813
9,Sample_S19S_0049_Sed,475.2103074
3,Sample_S19S_0049_Sed,475.2546749
2,Sample_S19S_0049_Sed,476.2499866
5,Sample_S19S_0049_Sed,477.1531747
8,Sample_S19S_0049_Sed,477.1895617
3,Sample_S19S_0049_Sed,477.2072691
27,Sample_S19S_0049_Sed,477.2260597
17,Sample_S19S_0049_Sed,477.262427
8,Sample_S19S_0049_Sed,479.1689644
25,Sample_S19S_0049_Sed,479.2053091
1,Sample_S19S_0049_Sed,479.2229016
19,Sample_S19S_0049_Sed,479.2416827
1,Sample_S19S_0049_Sed,479.277834
5,Sample_S19S_0049_Sed,480.1640335
16,Sample_S19S_0049_Sed,480.2005188
7,Sample_S19S_0049_Sed,481.1634867
15,Sample_S19S_0049_Sed,481.1845085
1,Sample_S19S_0049_Sed,481.2020555
11,Sample_S19S_0049_Sed,481.2208584
16,Sample_S19S_0049_Sed,481.2572296
1,Sample_S19S_0049_Sed,481.2936398
6,Sample_S19S_0049_Sed,482.1797251
13,Sample_S19S_0049_Sed,483.2001521
7,Sample_S19S_0049_Sed,483.2234722
17,Sample_S19S_0049_Sed,483.2364995
2,Sample_S19S_0049_Sed,483.259746
8,Sample_S19S_0049_Sed,483.2963101
1,Sample_S19S_0049_Sed,484.2414327
5,Sample_S19S_0049_Sed,485.2390821
5,Sample_S19S_0049_Sed,485.275439
5,Sample_S19S_0049_Sed,487.2104698
20,Sample_S19S_0049_Sed,487.2184679
2,Sample_S19S_0049_Sed,487.2315565
8,Sample_S19S_0049_Sed,487.2410284
6,Sample_S19S_0049_Sed,487.2468303
22,Sample_S19S_0049_Sed,487.254845
2,Sample_S19S_0049_Sed,487.2911792
4,Sample_S19S_0049_Sed,489.1402055
10,Sample_S19S_0049_Sed,489.1895365
8,Sample_S19S_0049_Sed,489.2259164
7,Sample_S19S_0049_Sed,489.2623275
5,Sample_S19S_0049_Sed,489.2703605
4,Sample_S19S_0049_Sed,491.1558203
17,Sample_S19S_0049_Sed,491.1689084
4,Sample_S19S_0049_Sed,491.2053832
1,Sample_S19S_0049_Sed,491.2230199
4,Sample_S19S_0049_Sed,491.2417678
9,Sample_S19S_0049_Sed,491.2780744
1,Sample_S19S_0049_Sed,492.2448676
2,Sample_S19S_0049_Sed,493.1270629
4,Sample_S19S_0049_Sed,493.1846305
21,Sample_S19S_0049_Sed,493.2209368
15,Sample_S19S_0049_Sed,493.2572378
1,Sample_S19S_0049_Sed,493.2935422
1,Sample_S19S_0049_Sed,495.1427989
13,Sample_S19S_0049_Sed,495.1638346
11,Sample_S19S_0049_Sed,495.2001254
11,Sample_S19S_0049_Sed,495.2365338
1,Sample_S19S_0049_Sed,495.2541845
2,Sample_S19S_0049_Sed,495.272735
7,Sample_S19S_0049_Sed,496.1590337
7,Sample_S19S_0049_Sed,497.2157304
2,Sample_S19S_0049_Sed,497.2390455
10,Sample_S19S_0049_Sed,497.2522001
5,Sample_S19S_0049_Sed,497.2754084
8,Sample_S19S_0049_Sed,498.1617513
8,Sample_S19S_0049_Sed,499.2184243
3,Sample_S19S_0049_Sed,499.2546595
1,Sample_S19S_0049_Sed,499.2910097
3,Sample_S19S_0049_Sed,500.2725204
17,Sample_S19S_0049_Sed,501.2341074
19,Sample_S19S_0049_Sed,501.2705063
7,Sample_S19S_0049_Sed,501.3067877
1,Sample_S19S_0049_Sed,502.2154486
9,Sample_S19S_0049_Sed,503.2051842
7,Sample_S19S_0049_Sed,503.2415628
5,Sample_S19S_0049_Sed,503.2779927
2,Sample_S19S_0049_Sed,503.2860944
2,Sample_S19S_0049_Sed,505.1350781
11,Sample_S19S_0049_Sed,505.1846129
6,Sample_S19S_0049_Sed,505.221033
14,Sample_S19S_0049_Sed,505.2573293
4,Sample_S19S_0049_Sed,505.2686063
16,Sample_S19S_0049_Sed,507.2001826
15,Sample_S19S_0049_Sed,507.2364864
6,Sample_S19S_0049_Sed,507.2728559
2,Sample_S19S_0049_Sed,509.1219812
8,Sample_S19S_0049_Sed,509.179341
16,Sample_S19S_0049_Sed,509.2157568
5,Sample_S19S_0049_Sed,509.2391011
12,Sample_S19S_0049_Sed,509.2522003
1,Sample_S19S_0049_Sed,509.3766895
10,Sample_S19S_0049_Sed,511.231412
6,Sample_S19S_0049_Sed,511.2547768
10,Sample_S19S_0049_Sed,511.2678647
6,Sample_S19S_0049_Sed,511.2911339
11,Sample_S19S_0049_Sed,512.1903568
4,Sample_S19S_0049_Sed,512.2725277
4,Sample_S19S_0049_Sed,513.233912
4,Sample_S19S_0049_Sed,513.2470326
4,Sample_S19S_0049_Sed,513.2704612
9,Sample_S19S_0049_Sed,513.3068739
4,Sample_S19S_0049_Sed,515.213195
5,Sample_S19S_0049_Sed,515.2495874
6,Sample_S19S_0049_Sed,515.2860627
8,Sample_S19S_0049_Sed,515.3225486
7,Sample_S19S_0049_Sed,516.2675677
12,Sample_S19S_0049_Sed,517.2208996
6,Sample_S19S_0049_Sed,517.2652212
25,Sample_S19S_0049_Sed,519.2002386
8,Sample_S19S_0049_Sed,519.2366622
9,Sample_S19S_0049_Sed,519.2730269
3,Sample_S19S_0049_Sed,521.2157156
17,Sample_S19S_0049_Sed,521.2521448
5,Sample_S19S_0049_Sed,521.288516
15,Sample_S19S_0049_Sed,523.231536
14,Sample_S19S_0049_Sed,525.2470626
6,Sample_S19S_0049_Sed,525.270299
2,Sample_S19S_0049_Sed,526.2881849
4,Sample_S19S_0049_Sed,527.2495897
4,Sample_S19S_0049_Sed,527.28601
6,Sample_S19S_0049_Sed,527.3224375
10,Sample_S19S_0049_Sed,529.2208396
5,Sample_S19S_0049_Sed,529.2652092
5,Sample_S19S_0049_Sed,529.3017656
1,Sample_S19S_0049_Sed,530.283129
1,Sample_S19S_0049_Sed,531.1597187
5,Sample_S19S_0049_Sed,533.2156961
3,Sample_S19S_0049_Sed,533.25209
2,Sample_S19S_0049_Sed,533.2884424
9,Sample_S19S_0049_Sed,535.2314389
16,Sample_S19S_0049_Sed,535.2677938
5,Sample_S19S_0049_Sed,537.247225
12,Sample_S19S_0049_Sed,537.2835599
5,Sample_S19S_0049_Sed,541.2652897
5,Sample_S19S_0049_Sed,541.3015887
5,Sample_S19S_0049_Sed,543.2808575
4,Sample_S19S_0049_Sed,543.3173823
6,Sample_S19S_0049_Sed,545.2967065
15,Sample_S19S_0049_Sed,547.2315171
15,Sample_S19S_0049_Sed,547.2678735
1,Sample_S19S_0049_Sed,547.3041247
8,Sample_S19S_0049_Sed,549.2470293
1,Sample_S19S_0049_Sed,549.2647371
4,Sample_S19S_0049_Sed,549.283364
6,Sample_S19S_0049_Sed,551.2262635
2,Sample_S19S_0049_Sed,551.2625265
4,Sample_S19S_0049_Sed,553.2418178
1,Sample_S19S_0049_Sed,553.2781669
6,Sample_S19S_0049_Sed,557.3328937
2,Sample_S19S_0049_Sed,561.2469764
3,Sample_S19S_0049_Sed,561.2834147
7,Sample_S19S_0049_Sed,563.2263607
14,Sample_S19S_0049_Sed,563.2627092
1,Sample_S19S_0049_Sed,563.2989277
1,Sample_S19S_0049_Sed,569.332928
4,Sample_S19S_0049_Sed,585.2915587
5,Sample_S19S_0049_Sed,585.3277951
5,Sample_S19S_0049_Sed,589.2783211
4,Sample_S19S_0049_Sed,589.3227186
2,Sample_S19S_0049_Sed,591.2938715
4,Sample_S19S_0049_Sed,597.4291056
7,Sample_S19S_0049_Sed,605.3096659
