num.trans.involved.in,sample,peak
10,Sample_S19S_0082_Sed,240.0513448
16,Sample_S19S_0082_Sed,240.0877319
42,Sample_S19S_0082_Sed,241.03537
13,Sample_S19S_0082_Sed,241.0506299
23,Sample_S19S_0082_Sed,241.0717422
11,Sample_S19S_0082_Sed,241.0829909
13,Sample_S19S_0082_Sed,241.1081087
13,Sample_S19S_0082_Sed,241.1193918
10,Sample_S19S_0082_Sed,241.1445007
21,Sample_S19S_0082_Sed,242.0670034
5,Sample_S19S_0082_Sed,242.1033669
18,Sample_S19S_0082_Sed,242.139775
4,Sample_S19S_0082_Sed,242.1761465
15,Sample_S19S_0082_Sed,243.0332768
52,Sample_S19S_0082_Sed,243.0510224
13,Sample_S19S_0082_Sed,243.0622684
17,Sample_S19S_0082_Sed,243.0873816
17,Sample_S19S_0082_Sed,243.0986597
12,Sample_S19S_0082_Sed,243.1237626
15,Sample_S19S_0082_Sed,243.1601665
19,Sample_S19S_0082_Sed,244.0826525
24,Sample_S19S_0082_Sed,244.1190458
10,Sample_S19S_0082_Sed,244.1302798
5,Sample_S19S_0082_Sed,245.0125083
8,Sample_S19S_0082_Sed,245.0489119
74,Sample_S19S_0082_Sed,245.0666847
59,Sample_S19S_0082_Sed,245.1030642
5,Sample_S19S_0082_Sed,245.1142776
23,Sample_S19S_0082_Sed,245.1394342
9,Sample_S19S_0082_Sed,246.1095509
11,Sample_S19S_0082_Sed,246.134683
7,Sample_S19S_0082_Sed,247.0281631
48,Sample_S19S_0082_Sed,247.0612011
61,Sample_S19S_0082_Sed,247.0823368
14,Sample_S19S_0082_Sed,247.0935696
45,Sample_S19S_0082_Sed,247.118733
57,Sample_S19S_0082_Sed,249.0404675
62,Sample_S19S_0082_Sed,249.0768527
21,Sample_S19S_0082_Sed,249.1132224
33,Sample_S19S_0082_Sed,249.1496147
8,Sample_S19S_0082_Sed,250.1448617
36,Sample_S19S_0082_Sed,251.0560986
12,Sample_S19S_0082_Sed,251.0594793
1,Sample_S19S_0082_Sed,251.0785764
82,Sample_S19S_0082_Sed,251.0925063
11,Sample_S19S_0082_Sed,251.0958765
6,Sample_S19S_0082_Sed,251.1037616
38,Sample_S19S_0082_Sed,251.1289035
17,Sample_S19S_0082_Sed,252.0877348
20,Sample_S19S_0082_Sed,252.9989785
60,Sample_S19S_0082_Sed,253.0353983
92,Sample_S19S_0082_Sed,253.0717756
10,Sample_S19S_0082_Sed,253.0829986
24,Sample_S19S_0082_Sed,253.1081345
45,Sample_S19S_0082_Sed,253.1445337
18,Sample_S19S_0082_Sed,254.0670222
76,Sample_S19S_0082_Sed,255.0510433
6,Sample_S19S_0082_Sed,255.0622462
93,Sample_S19S_0082_Sed,255.0874163
25,Sample_S19S_0082_Sed,255.1237776
42,Sample_S19S_0082_Sed,255.1602018
12,Sample_S19S_0082_Sed,255.2329705
22,Sample_S19S_0082_Sed,256.0826837
15,Sample_S19S_0082_Sed,256.155475
14,Sample_S19S_0082_Sed,257.012566
59,Sample_S19S_0082_Sed,257.030304
31,Sample_S19S_0082_Sed,257.0455598
19,Sample_S19S_0082_Sed,257.048925
75,Sample_S19S_0082_Sed,257.0666765
10,Sample_S19S_0082_Sed,257.0779166
46,Sample_S19S_0082_Sed,257.1030521
20,Sample_S19S_0082_Sed,257.1143128
54,Sample_S19S_0082_Sed,257.1394516
31,Sample_S19S_0082_Sed,257.175834
24,Sample_S19S_0082_Sed,257.2122374
28,Sample_S19S_0082_Sed,258.0983343
15,Sample_S19S_0082_Sed,258.1347123
13,Sample_S19S_0082_Sed,258.145966
17,Sample_S19S_0082_Sed,259.0282061
62,Sample_S19S_0082_Sed,259.0459547
78,Sample_S19S_0082_Sed,259.0823405
16,Sample_S19S_0082_Sed,259.0935801
59,Sample_S19S_0082_Sed,259.1187072
20,Sample_S19S_0082_Sed,259.1299532
43,Sample_S19S_0082_Sed,259.1551113
15,Sample_S19S_0082_Sed,260.1503532
37,Sample_S19S_0082_Sed,261.040468
15,Sample_S19S_0082_Sed,261.04386
66,Sample_S19S_0082_Sed,261.0768598
45,Sample_S19S_0082_Sed,261.0980071
53,Sample_S19S_0082_Sed,261.1343647
22,Sample_S19S_0082_Sed,263.019721
55,Sample_S19S_0082_Sed,263.0561329
20,Sample_S19S_0082_Sed,263.0924815
30,Sample_S19S_0082_Sed,263.128908
1,Sample_S19S_0082_Sed,264.0473979
54,Sample_S19S_0082_Sed,265.0353938
61,Sample_S19S_0082_Sed,265.0717855
19,Sample_S19S_0082_Sed,265.07514
77,Sample_S19S_0082_Sed,265.1081545
36,Sample_S19S_0082_Sed,265.1445692
3,Sample_S19S_0082_Sed,265.1479151
7,Sample_S19S_0082_Sed,265.1575521
3,Sample_S19S_0082_Sed,266.089493
32,Sample_S19S_0082_Sed,267.0146829
79,Sample_S19S_0082_Sed,267.0510336
9,Sample_S19S_0082_Sed,267.0663132
4,Sample_S19S_0082_Sed,267.0735078
75,Sample_S19S_0082_Sed,267.0874299
11,Sample_S19S_0082_Sed,267.0986455
73,Sample_S19S_0082_Sed,267.123805
37,Sample_S19S_0082_Sed,267.1601848
25,Sample_S19S_0082_Sed,268.08266
14,Sample_S19S_0082_Sed,269.01256
45,Sample_S19S_0082_Sed,269.0303205
90,Sample_S19S_0082_Sed,269.0666802
19,Sample_S19S_0082_Sed,269.0779259
76,Sample_S19S_0082_Sed,269.1030627
1,Sample_S19S_0082_Sed,269.131214
55,Sample_S19S_0082_Sed,269.1394657
39,Sample_S19S_0082_Sed,269.1758579
25,Sample_S19S_0082_Sed,269.2122378
26,Sample_S19S_0082_Sed,270.0619439
29,Sample_S19S_0082_Sed,270.0983057
10,Sample_S19S_0082_Sed,270.2074858
47,Sample_S19S_0082_Sed,271.0459737
19,Sample_S19S_0082_Sed,271.0645721
65,Sample_S19S_0082_Sed,271.0823212
22,Sample_S19S_0082_Sed,271.0935785
78,Sample_S19S_0082_Sed,271.118718
35,Sample_S19S_0082_Sed,271.1551343
38,Sample_S19S_0082_Sed,271.1914941
16,Sample_S19S_0082_Sed,271.227892
12,Sample_S19S_0082_Sed,272.1504094
33,Sample_S19S_0082_Sed,273.040478
19,Sample_S19S_0082_Sed,273.0438577
52,Sample_S19S_0082_Sed,273.061591
72,Sample_S19S_0082_Sed,273.0979879
17,Sample_S19S_0082_Sed,273.109239
45,Sample_S19S_0082_Sed,273.1343844
43,Sample_S19S_0082_Sed,273.1707658
7,Sample_S19S_0082_Sed,274.0391096
19,Sample_S19S_0082_Sed,274.0932637
16,Sample_S19S_0082_Sed,274.1408667
17,Sample_S19S_0082_Sed,275.0231068
24,Sample_S19S_0082_Sed,275.0594984
63,Sample_S19S_0082_Sed,275.0772487
58,Sample_S19S_0082_Sed,275.1136274
40,Sample_S19S_0082_Sed,275.1500444
15,Sample_S19S_0082_Sed,276.108923
5,Sample_S19S_0082_Sed,277.0210085
51,Sample_S19S_0082_Sed,277.0354157
66,Sample_S19S_0082_Sed,277.0717892
67,Sample_S19S_0082_Sed,277.1081544
44,Sample_S19S_0082_Sed,277.1445377
3,Sample_S19S_0082_Sed,277.1558147
1,Sample_S19S_0082_Sed,278.0630512
44,Sample_S19S_0082_Sed,279.0874539
1,Sample_S19S_0082_Sed,279.0908266
16,Sample_S19S_0082_Sed,279.0986672
47,Sample_S19S_0082_Sed,279.1238221
3,Sample_S19S_0082_Sed,279.135075
4,Sample_S19S_0082_Sed,279.1562152
40,Sample_S19S_0082_Sed,279.160186
1,Sample_S19S_0082_Sed,280.0600822
44,Sample_S19S_0082_Sed,281.0303339
88,Sample_S19S_0082_Sed,281.0666829
38,Sample_S19S_0082_Sed,281.1030502
66,Sample_S19S_0082_Sed,281.1394597
2,Sample_S19S_0082_Sed,281.1428472
33,Sample_S19S_0082_Sed,281.1758716
3,Sample_S19S_0082_Sed,282.0844159
18,Sample_S19S_0082_Sed,282.0983548
10,Sample_S19S_0082_Sed,283.0282193
74,Sample_S19S_0082_Sed,283.0459554
48,Sample_S19S_0082_Sed,283.0823169
85,Sample_S19S_0082_Sed,283.118715
41,Sample_S19S_0082_Sed,283.1551309
18,Sample_S19S_0082_Sed,283.1915306
3,Sample_S19S_0082_Sed,283.2642602
14,Sample_S19S_0082_Sed,284.0776208
9,Sample_S19S_0082_Sed,285.0438689
46,Sample_S19S_0082_Sed,285.0616357
23,Sample_S19S_0082_Sed,285.0980306
7,Sample_S19S_0082_Sed,285.1262347
53,Sample_S19S_0082_Sed,285.1343948
46,Sample_S19S_0082_Sed,285.17075
11,Sample_S19S_0082_Sed,285.2071124
11,Sample_S19S_0082_Sed,286.1772587
40,Sample_S19S_0082_Sed,287.0408776
3,Sample_S19S_0082_Sed,287.0595327
2,Sample_S19S_0082_Sed,287.0746201
74,Sample_S19S_0082_Sed,287.0772537
17,Sample_S19S_0082_Sed,287.0885054
69,Sample_S19S_0082_Sed,287.1136282
22,Sample_S19S_0082_Sed,287.1248864
60,Sample_S19S_0082_Sed,287.150015
41,Sample_S19S_0082_Sed,287.1864124
13,Sample_S19S_0082_Sed,287.2228145
1,Sample_S19S_0082_Sed,288.0586446
11,Sample_S19S_0082_Sed,288.1453272
4,Sample_S19S_0082_Sed,288.1565445
41,Sample_S19S_0082_Sed,289.0354029
18,Sample_S19S_0082_Sed,289.0387746
60,Sample_S19S_0082_Sed,289.0717704
57,Sample_S19S_0082_Sed,289.0929075
19,Sample_S19S_0082_Sed,289.1041428
20,Sample_S19S_0082_Sed,289.1115236
60,Sample_S19S_0082_Sed,289.1292776
44,Sample_S19S_0082_Sed,289.1656738
3,Sample_S19S_0082_Sed,290.0882083
11,Sample_S19S_0082_Sed,290.1245994
34,Sample_S19S_0082_Sed,291.0146759
57,Sample_S19S_0082_Sed,291.0510416
21,Sample_S19S_0082_Sed,291.0543989
51,Sample_S19S_0082_Sed,291.0874132
7,Sample_S19S_0082_Sed,291.0986884
40,Sample_S19S_0082_Sed,291.1601932
16,Sample_S19S_0082_Sed,292.1038307
4,Sample_S19S_0082_Sed,292.2129776
46,Sample_S19S_0082_Sed,293.0303357
61,Sample_S19S_0082_Sed,293.0667099
11,Sample_S19S_0082_Sed,293.0700724
79,Sample_S19S_0082_Sed,293.1030793
10,Sample_S19S_0082_Sed,293.1143295
64,Sample_S19S_0082_Sed,293.1394564
4,Sample_S19S_0082_Sed,293.1507244
9,Sample_S19S_0082_Sed,293.1757942
13,Sample_S19S_0082_Sed,294.0619153
56,Sample_S19S_0082_Sed,295.0459444
91,Sample_S19S_0082_Sed,295.0823376
87,Sample_S19S_0082_Sed,295.1187213
18,Sample_S19S_0082_Sed,295.1398774
54,Sample_S19S_0082_Sed,295.1550986
15,Sample_S19S_0082_Sed,296.0775656
12,Sample_S19S_0082_Sed,297.0438655
58,Sample_S19S_0082_Sed,297.0616262
50,Sample_S19S_0082_Sed,297.0980154
39,Sample_S19S_0082_Sed,297.1344063
4,Sample_S19S_0082_Sed,297.1529844
31,Sample_S19S_0082_Sed,297.1707937
2,Sample_S19S_0082_Sed,297.1860581
11,Sample_S19S_0082_Sed,297.2071894
22,Sample_S19S_0082_Sed,298.0932671
26,Sample_S19S_0082_Sed,298.1296449
14,Sample_S19S_0082_Sed,299.0231228
40,Sample_S19S_0082_Sed,299.0408894
76,Sample_S19S_0082_Sed,299.0772616
74,Sample_S19S_0082_Sed,299.1136455
75,Sample_S19S_0082_Sed,299.1500243
33,Sample_S19S_0082_Sed,299.1864335
14,Sample_S19S_0082_Sed,299.2228305
24,Sample_S19S_0082_Sed,300.0725
24,Sample_S19S_0082_Sed,300.1089049
2,Sample_S19S_0082_Sed,300.1201703
2,Sample_S19S_0082_Sed,300.1929428
21,Sample_S19S_0082_Sed,301.0387674
43,Sample_S19S_0082_Sed,301.0565488
28,Sample_S19S_0082_Sed,301.071792
23,Sample_S19S_0082_Sed,301.0751454
52,Sample_S19S_0082_Sed,301.092932
46,Sample_S19S_0082_Sed,301.129318
15,Sample_S19S_0082_Sed,301.1445638
47,Sample_S19S_0082_Sed,301.1656955
38,Sample_S19S_0082_Sed,301.202066
17,Sample_S19S_0082_Sed,302.1245742
19,Sample_S19S_0082_Sed,302.1357844
13,Sample_S19S_0082_Sed,302.1609828
15,Sample_S19S_0082_Sed,302.1721713
28,Sample_S19S_0082_Sed,303.0544081
1,Sample_S19S_0082_Sed,303.069525
52,Sample_S19S_0082_Sed,303.0721573
23,Sample_S19S_0082_Sed,303.0907893
66,Sample_S19S_0082_Sed,303.1085414
60,Sample_S19S_0082_Sed,303.1449308
37,Sample_S19S_0082_Sed,303.1813306
40,Sample_S19S_0082_Sed,305.0303157
64,Sample_S19S_0082_Sed,305.0666877
22,Sample_S19S_0082_Sed,305.0700613
60,Sample_S19S_0082_Sed,305.1030852
45,Sample_S19S_0082_Sed,305.1394662
5,Sample_S19S_0082_Sed,306.1195211
2,Sample_S19S_0082_Sed,306.192305
67,Sample_S19S_0082_Sed,307.0459779
46,Sample_S19S_0082_Sed,307.0823737
38,Sample_S19S_0082_Sed,307.1187572
36,Sample_S19S_0082_Sed,307.1551342
3,Sample_S19S_0082_Sed,307.194883
27,Sample_S19S_0082_Sed,308.0775973
3,Sample_S19S_0082_Sed,308.1351748
2,Sample_S19S_0082_Sed,308.2079497
83,Sample_S19S_0082_Sed,309.0616036
73,Sample_S19S_0082_Sed,309.0979773
11,Sample_S19S_0082_Sed,309.1013433
3,Sample_S19S_0082_Sed,309.1092661
73,Sample_S19S_0082_Sed,309.1343649
49,Sample_S19S_0082_Sed,309.1707647
4,Sample_S19S_0082_Sed,309.1741269
18,Sample_S19S_0082_Sed,309.2071806
23,Sample_S19S_0082_Sed,310.0932206
46,Sample_S19S_0082_Sed,311.0408991
70,Sample_S19S_0082_Sed,311.0772659
97,Sample_S19S_0082_Sed,311.1136352
69,Sample_S19S_0082_Sed,311.1500195
14,Sample_S19S_0082_Sed,311.2228309
24,Sample_S19S_0082_Sed,312.0725103
2,Sample_S19S_0082_Sed,312.9846454
23,Sample_S19S_0082_Sed,313.0387549
45,Sample_S19S_0082_Sed,313.0565398
61,Sample_S19S_0082_Sed,313.0929245
60,Sample_S19S_0082_Sed,313.1293014
30,Sample_S19S_0082_Sed,313.2020808
16,Sample_S19S_0082_Sed,313.2384778
27,Sample_S19S_0082_Sed,314.0881771
32,Sample_S19S_0082_Sed,314.1245573
11,Sample_S19S_0082_Sed,314.1721852
9,Sample_S19S_0082_Sed,314.1973467
33,Sample_S19S_0082_Sed,315.0510397
47,Sample_S19S_0082_Sed,315.0721791
14,Sample_S19S_0082_Sed,315.0873994
60,Sample_S19S_0082_Sed,315.1085755
24,Sample_S19S_0082_Sed,315.1198013
55,Sample_S19S_0082_Sed,315.1449559
11,Sample_S19S_0082_Sed,315.1674271
45,Sample_S19S_0082_Sed,315.1813307
27,Sample_S19S_0082_Sed,315.217727
10,Sample_S19S_0082_Sed,315.2541325
14,Sample_S19S_0082_Sed,316.1150331
17,Sample_S19S_0082_Sed,316.1514197
9,Sample_S19S_0082_Sed,316.1766274
12,Sample_S19S_0082_Sed,316.1878305
2,Sample_S19S_0082_Sed,317.0337185
51,Sample_S19S_0082_Sed,317.0666936
27,Sample_S19S_0082_Sed,317.0700656
36,Sample_S19S_0082_Sed,317.1030588
47,Sample_S19S_0082_Sed,317.124227
45,Sample_S19S_0082_Sed,317.1394552
44,Sample_S19S_0082_Sed,317.1606071
2,Sample_S19S_0082_Sed,317.2446454
9,Sample_S19S_0082_Sed,318.1194966
8,Sample_S19S_0082_Sed,318.2286611
7,Sample_S19S_0082_Sed,319.0460069
58,Sample_S19S_0082_Sed,319.0823624
26,Sample_S19S_0082_Sed,319.0857041
31,Sample_S19S_0082_Sed,319.103481
65,Sample_S19S_0082_Sed,319.1187158
41,Sample_S19S_0082_Sed,319.139868
39,Sample_S19S_0082_Sed,319.1551015
18,Sample_S19S_0082_Sed,320.1351354
2,Sample_S19S_0082_Sed,320.2442999
33,Sample_S19S_0082_Sed,321.0252313
46,Sample_S19S_0082_Sed,321.0616406
33,Sample_S19S_0082_Sed,321.0980285
54,Sample_S19S_0082_Sed,321.1343949
40,Sample_S19S_0082_Sed,321.1707672
7,Sample_S19S_0082_Sed,321.2105248
36,Sample_S19S_0082_Sed,323.0408542
79,Sample_S19S_0082_Sed,323.0772527
4,Sample_S19S_0082_Sed,323.0805863
40,Sample_S19S_0082_Sed,323.1136726
42,Sample_S19S_0082_Sed,323.1864241
25,Sample_S19S_0082_Sed,324.0725027
12,Sample_S19S_0082_Sed,324.1664479
15,Sample_S19S_0082_Sed,325.0387758
60,Sample_S19S_0082_Sed,325.0565425
80,Sample_S19S_0082_Sed,325.0928926
69,Sample_S19S_0082_Sed,325.1292996
2,Sample_S19S_0082_Sed,325.1842438
50,Sample_S19S_0082_Sed,325.2020573
27,Sample_S19S_0082_Sed,326.0881656
46,Sample_S19S_0082_Sed,327.0722018
30,Sample_S19S_0082_Sed,327.0874372
59,Sample_S19S_0082_Sed,327.1085831
67,Sample_S19S_0082_Sed,327.1449492
1,Sample_S19S_0082_Sed,327.1801504
6,Sample_S19S_0082_Sed,327.2177565
33,Sample_S19S_0082_Sed,328.1037984
18,Sample_S19S_0082_Sed,328.1514425
25,Sample_S19S_0082_Sed,329.0336784
19,Sample_S19S_0082_Sed,329.0514722
15,Sample_S19S_0082_Sed,329.0667319
27,Sample_S19S_0082_Sed,329.0700573
74,Sample_S19S_0082_Sed,329.0878075
33,Sample_S19S_0082_Sed,329.1030905
60,Sample_S19S_0082_Sed,329.1242163
1,Sample_S19S_0082_Sed,329.152419
40,Sample_S19S_0082_Sed,329.1969687
21,Sample_S19S_0082_Sed,329.2333488
31,Sample_S19S_0082_Sed,330.1194763
17,Sample_S19S_0082_Sed,330.1670892
21,Sample_S19S_0082_Sed,331.0459941
23,Sample_S19S_0082_Sed,331.0493372
40,Sample_S19S_0082_Sed,331.0670688
43,Sample_S19S_0082_Sed,331.0823608
38,Sample_S19S_0082_Sed,331.1034998
49,Sample_S19S_0082_Sed,331.1187275
7,Sample_S19S_0082_Sed,331.122066
50,Sample_S19S_0082_Sed,331.1762541
1,Sample_S19S_0082_Sed,331.2239268
1,Sample_S19S_0082_Sed,332.0186658
10,Sample_S19S_0082_Sed,333.0252702
18,Sample_S19S_0082_Sed,333.0616512
4,Sample_S19S_0082_Sed,333.0650225
51,Sample_S19S_0082_Sed,333.0980074
18,Sample_S19S_0082_Sed,333.1013488
9,Sample_S19S_0082_Sed,333.1191757
26,Sample_S19S_0082_Sed,333.1344131
24,Sample_S19S_0082_Sed,333.1707943
2,Sample_S19S_0082_Sed,333.2395661
3,Sample_S19S_0082_Sed,333.2565676
8,Sample_S19S_0082_Sed,334.1144217
4,Sample_S19S_0082_Sed,334.1508295
3,Sample_S19S_0082_Sed,334.2235949
23,Sample_S19S_0082_Sed,335.0409093
68,Sample_S19S_0082_Sed,335.0772597
27,Sample_S19S_0082_Sed,335.1136067
48,Sample_S19S_0082_Sed,335.150042
9,Sample_S19S_0082_Sed,335.2358032
1,Sample_S19S_0082_Sed,337.0458674
25,Sample_S19S_0082_Sed,337.0564852
11,Sample_S19S_0082_Sed,337.0695448
72,Sample_S19S_0082_Sed,337.0929176
82,Sample_S19S_0082_Sed,337.1292866
53,Sample_S19S_0082_Sed,337.1656867
18,Sample_S19S_0082_Sed,337.238454
1,Sample_S19S_0082_Sed,338.1488116
31,Sample_S19S_0082_Sed,339.0357996
2,Sample_S19S_0082_Sed,339.0428638
80,Sample_S19S_0082_Sed,339.0721726
86,Sample_S19S_0082_Sed,339.1085453
25,Sample_S19S_0082_Sed,339.1449816
8,Sample_S19S_0082_Sed,339.1660725
2,Sample_S19S_0082_Sed,339.1999929
41,Sample_S19S_0082_Sed,341.0514621
79,Sample_S19S_0082_Sed,341.0878109
23,Sample_S19S_0082_Sed,341.12425
52,Sample_S19S_0082_Sed,341.1606173
45,Sample_S19S_0082_Sed,341.1969848
11,Sample_S19S_0082_Sed,342.1670651
23,Sample_S19S_0082_Sed,343.0459579
5,Sample_S19S_0082_Sed,343.0492868
36,Sample_S19S_0082_Sed,343.067113
84,Sample_S19S_0082_Sed,343.1034685
13,Sample_S19S_0082_Sed,343.1399075
45,Sample_S19S_0082_Sed,343.1762631
29,Sample_S19S_0082_Sed,343.2126496
14,Sample_S19S_0082_Sed,343.2490426
2,Sample_S19S_0082_Sed,344.1350437
14,Sample_S19S_0082_Sed,344.1715382
9,Sample_S19S_0082_Sed,344.1827031
4,Sample_S19S_0082_Sed,344.1997897
23,Sample_S19S_0082_Sed,344.2078759
7,Sample_S19S_0082_Sed,344.2442459
20,Sample_S19S_0082_Sed,345.0252491
41,Sample_S19S_0082_Sed,345.0616254
20,Sample_S19S_0082_Sed,345.0649742
37,Sample_S19S_0082_Sed,345.0827674
41,Sample_S19S_0082_Sed,345.0980089
10,Sample_S19S_0082_Sed,345.1013399
46,Sample_S19S_0082_Sed,345.1191373
8,Sample_S19S_0082_Sed,345.1344288
31,Sample_S19S_0082_Sed,345.1555412
12,Sample_S19S_0082_Sed,345.177989
7,Sample_S19S_0082_Sed,345.1919508
26,Sample_S19S_0082_Sed,345.2282779
19,Sample_S19S_0082_Sed,346.1507606
6,Sample_S19S_0082_Sed,346.1619628
13,Sample_S19S_0082_Sed,346.1871921
3,Sample_S19S_0082_Sed,346.2154294
32,Sample_S19S_0082_Sed,347.0408756
65,Sample_S19S_0082_Sed,347.0772564
6,Sample_S19S_0082_Sed,347.0805924
23,Sample_S19S_0082_Sed,347.0903002
24,Sample_S19S_0082_Sed,347.1136821
19,Sample_S19S_0082_Sed,347.1170036
20,Sample_S19S_0082_Sed,347.1348045
53,Sample_S19S_0082_Sed,347.1500262
31,Sample_S19S_0082_Sed,347.1711801
5,Sample_S19S_0082_Sed,347.1864695
8,Sample_S19S_0082_Sed,348.1300774
19,Sample_S19S_0082_Sed,348.1664038
8,Sample_S19S_0082_Sed,348.2028318
5,Sample_S19S_0082_Sed,348.231087
24,Sample_S19S_0082_Sed,349.0201636
10,Sample_S19S_0082_Sed,349.0564693
54,Sample_S19S_0082_Sed,349.0929209
20,Sample_S19S_0082_Sed,349.1059291
63,Sample_S19S_0082_Sed,349.129303
1,Sample_S19S_0082_Sed,349.1325881
52,Sample_S19S_0082_Sed,349.1656793
11,Sample_S19S_0082_Sed,349.2021049
23,Sample_S19S_0082_Sed,350.0881844
11,Sample_S19S_0082_Sed,350.1457077
37,Sample_S19S_0082_Sed,351.0357871
48,Sample_S19S_0082_Sed,351.0721501
27,Sample_S19S_0082_Sed,351.1085115
27,Sample_S19S_0082_Sed,351.121581
36,Sample_S19S_0082_Sed,351.1449775
38,Sample_S19S_0082_Sed,351.1813076
23,Sample_S19S_0082_Sed,351.2177372
3,Sample_S19S_0082_Sed,351.2210572
9,Sample_S19S_0082_Sed,351.2307319
1,Sample_S19S_0082_Sed,351.2500934
20,Sample_S19S_0082_Sed,353.0514753
79,Sample_S19S_0082_Sed,353.0878166
1,Sample_S19S_0082_Sed,353.0911135
12,Sample_S19S_0082_Sed,353.1008561
54,Sample_S19S_0082_Sed,353.124233
37,Sample_S19S_0082_Sed,353.1605629
22,Sample_S19S_0082_Sed,353.1736275
39,Sample_S19S_0082_Sed,353.1970034
5,Sample_S19S_0082_Sed,353.2003494
14,Sample_S19S_0082_Sed,353.2333297
33,Sample_S19S_0082_Sed,354.0830704
21,Sample_S19S_0082_Sed,354.1194893
5,Sample_S19S_0082_Sed,354.1922902
44,Sample_S19S_0082_Sed,355.0671162
87,Sample_S19S_0082_Sed,355.1034699
13,Sample_S19S_0082_Sed,355.1399086
58,Sample_S19S_0082_Sed,355.1762476
8,Sample_S19S_0082_Sed,355.2126797
7,Sample_S19S_0082_Sed,356.0987693
30,Sample_S19S_0082_Sed,356.1715182
23,Sample_S19S_0082_Sed,357.046323
24,Sample_S19S_0082_Sed,357.061636
57,Sample_S19S_0082_Sed,357.0827228
27,Sample_S19S_0082_Sed,357.0979761
20,Sample_S19S_0082_Sed,357.1110353
72,Sample_S19S_0082_Sed,357.1191097
68,Sample_S19S_0082_Sed,357.1554992
53,Sample_S19S_0082_Sed,357.191896
35,Sample_S19S_0082_Sed,357.2282738
7,Sample_S19S_0082_Sed,358.1507103
15,Sample_S19S_0082_Sed,358.1871972
11,Sample_S19S_0082_Sed,358.1983945
26,Sample_S19S_0082_Sed,358.2235211
6,Sample_S19S_0082_Sed,359.0409252
12,Sample_S19S_0082_Sed,359.0442657
36,Sample_S19S_0082_Sed,359.0619959
32,Sample_S19S_0082_Sed,359.077285
19,Sample_S19S_0082_Sed,359.0984239
45,Sample_S19S_0082_Sed,359.1347452
11,Sample_S19S_0082_Sed,359.1572531
48,Sample_S19S_0082_Sed,359.1711775
9,Sample_S19S_0082_Sed,359.1936001
16,Sample_S19S_0082_Sed,359.2074846
2,Sample_S19S_0082_Sed,359.2106313
16,Sample_S19S_0082_Sed,360.1664452
14,Sample_S19S_0082_Sed,360.1776328
2,Sample_S19S_0082_Sed,360.1946802
10,Sample_S19S_0082_Sed,360.2391994
27,Sample_S19S_0082_Sed,361.056505
8,Sample_S19S_0082_Sed,361.069538
19,Sample_S19S_0082_Sed,361.077621
51,Sample_S19S_0082_Sed,361.0929312
28,Sample_S19S_0082_Sed,361.0962708
70,Sample_S19S_0082_Sed,361.1292859
35,Sample_S19S_0082_Sed,361.1423317
49,Sample_S19S_0082_Sed,361.1504109
30,Sample_S19S_0082_Sed,361.1657046
35,Sample_S19S_0082_Sed,361.186829
10,Sample_S19S_0082_Sed,361.2151155
28,Sample_S19S_0082_Sed,361.2231964
10,Sample_S19S_0082_Sed,362.1821174
31,Sample_S19S_0082_Sed,363.0357881
23,Sample_S19S_0082_Sed,363.0722122
60,Sample_S19S_0082_Sed,363.108539
21,Sample_S19S_0082_Sed,363.1215932
28,Sample_S19S_0082_Sed,363.1449786
13,Sample_S19S_0082_Sed,363.1812892
20,Sample_S19S_0082_Sed,363.1943423
3,Sample_S19S_0082_Sed,363.2670624
15,Sample_S19S_0082_Sed,364.1613157
6,Sample_S19S_0082_Sed,364.2259804
10,Sample_S19S_0082_Sed,365.0513776
61,Sample_S19S_0082_Sed,365.0878382
26,Sample_S19S_0082_Sed,365.1008669
28,Sample_S19S_0082_Sed,365.1241727
24,Sample_S19S_0082_Sed,365.137244
14,Sample_S19S_0082_Sed,365.1606438
35,Sample_S19S_0082_Sed,365.1969623
22,Sample_S19S_0082_Sed,365.2100088
3,Sample_S19S_0082_Sed,365.2367361
26,Sample_S19S_0082_Sed,366.0830912
8,Sample_S19S_0082_Sed,366.1558943
4,Sample_S19S_0082_Sed,366.2416661
24,Sample_S19S_0082_Sed,367.0306865
5,Sample_S19S_0082_Sed,367.0492837
60,Sample_S19S_0082_Sed,367.0671094
88,Sample_S19S_0082_Sed,367.1034613
17,Sample_S19S_0082_Sed,367.1165264
5,Sample_S19S_0082_Sed,367.1399195
39,Sample_S19S_0082_Sed,367.1762158
22,Sample_S19S_0082_Sed,367.189277
32,Sample_S19S_0082_Sed,367.2126519
17,Sample_S19S_0082_Sed,369.0463181
54,Sample_S19S_0082_Sed,369.0827443
12,Sample_S19S_0082_Sed,369.1190631
18,Sample_S19S_0082_Sed,369.1321274
59,Sample_S19S_0082_Sed,369.1555194
19,Sample_S19S_0082_Sed,369.1685393
17,Sample_S19S_0082_Sed,369.1837969
13,Sample_S19S_0082_Sed,369.1918398
32,Sample_S19S_0082_Sed,369.2282876
16,Sample_S19S_0082_Sed,370.0779692
27,Sample_S19S_0082_Sed,370.1507341
40,Sample_S19S_0082_Sed,371.0620102
15,Sample_S19S_0082_Sed,371.0902981
16,Sample_S19S_0082_Sed,371.0983408
51,Sample_S19S_0082_Sed,371.1347918
47,Sample_S19S_0082_Sed,371.171134
29,Sample_S19S_0082_Sed,371.2075705
22,Sample_S19S_0082_Sed,371.2439257
4,Sample_S19S_0082_Sed,372.1411992
30,Sample_S19S_0082_Sed,372.1663973
16,Sample_S19S_0082_Sed,372.2028242
11,Sample_S19S_0082_Sed,372.2140099
7,Sample_S19S_0082_Sed,372.2391498
3,Sample_S19S_0082_Sed,372.3038234
28,Sample_S19S_0082_Sed,373.0565482
19,Sample_S19S_0082_Sed,373.0776886
25,Sample_S19S_0082_Sed,373.1059583
36,Sample_S19S_0082_Sed,373.1140108
13,Sample_S19S_0082_Sed,373.1504711
10,Sample_S19S_0082_Sed,373.1729074
39,Sample_S19S_0082_Sed,373.1867821
34,Sample_S19S_0082_Sed,373.2231881
4,Sample_S19S_0082_Sed,373.287836
28,Sample_S19S_0082_Sed,374.1456527
11,Sample_S19S_0082_Sed,374.1820296
15,Sample_S19S_0082_Sed,374.2184652
1,Sample_S19S_0082_Sed,374.9635693
7,Sample_S19S_0082_Sed,375.0358416
39,Sample_S19S_0082_Sed,375.0721973
19,Sample_S19S_0082_Sed,375.0852221
28,Sample_S19S_0082_Sed,375.1297066
61,Sample_S19S_0082_Sed,375.1449442
34,Sample_S19S_0082_Sed,375.1579842
15,Sample_S19S_0082_Sed,375.1660121
36,Sample_S19S_0082_Sed,375.194367
9,Sample_S19S_0082_Sed,375.2387855
18,Sample_S19S_0082_Sed,376.1249335
2,Sample_S19S_0082_Sed,376.1895594
7,Sample_S19S_0082_Sed,376.2260146
39,Sample_S19S_0082_Sed,377.0514538
40,Sample_S19S_0082_Sed,377.0877952
15,Sample_S19S_0082_Sed,377.100823
70,Sample_S19S_0082_Sed,377.1241915
24,Sample_S19S_0082_Sed,377.1372608
29,Sample_S19S_0082_Sed,377.1735945
2,Sample_S19S_0082_Sed,377.2002574
17,Sample_S19S_0082_Sed,377.2099902
14,Sample_S19S_0082_Sed,377.2463996
7,Sample_S19S_0082_Sed,378.2052199
2,Sample_S19S_0082_Sed,378.2164385
3,Sample_S19S_0082_Sed,378.2319507
9,Sample_S19S_0082_Sed,378.2416575
25,Sample_S19S_0082_Sed,379.0307221
13,Sample_S19S_0082_Sed,379.0670295
7,Sample_S19S_0082_Sed,379.0800689
87,Sample_S19S_0082_Sed,379.1034645
23,Sample_S19S_0082_Sed,379.1165229
74,Sample_S19S_0082_Sed,379.1398402
28,Sample_S19S_0082_Sed,379.1528588
60,Sample_S19S_0082_Sed,379.1762343
31,Sample_S19S_0082_Sed,379.1892722
17,Sample_S19S_0082_Sed,379.2256462
1,Sample_S19S_0082_Sed,380.1957164
5,Sample_S19S_0082_Sed,380.2208704
32,Sample_S19S_0082_Sed,381.0463502
11,Sample_S19S_0082_Sed,381.0826619
4,Sample_S19S_0082_Sed,381.095685
82,Sample_S19S_0082_Sed,381.1191186
23,Sample_S19S_0082_Sed,381.1321708
71,Sample_S19S_0082_Sed,381.1555031
18,Sample_S19S_0082_Sed,381.1684945
35,Sample_S19S_0082_Sed,381.1918695
14,Sample_S19S_0082_Sed,381.204939
1,Sample_S19S_0082_Sed,381.2316122
6,Sample_S19S_0082_Sed,382.1507159
13,Sample_S19S_0082_Sed,383.0619616
82,Sample_S19S_0082_Sed,383.0983806
22,Sample_S19S_0082_Sed,383.1266887
19,Sample_S19S_0082_Sed,383.1347075
16,Sample_S19S_0082_Sed,383.1477567
19,Sample_S19S_0082_Sed,383.184187
40,Sample_S19S_0082_Sed,383.2075249
28,Sample_S19S_0082_Sed,384.1664077
54,Sample_S19S_0082_Sed,385.0776412
14,Sample_S19S_0082_Sed,385.1139909
22,Sample_S19S_0082_Sed,385.1423072
30,Sample_S19S_0082_Sed,385.1503825
7,Sample_S19S_0082_Sed,385.172924
40,Sample_S19S_0082_Sed,385.1868285
12,Sample_S19S_0082_Sed,385.2231361
18,Sample_S19S_0082_Sed,385.2595906
35,Sample_S19S_0082_Sed,386.1820531
20,Sample_S19S_0082_Sed,387.0358113
5,Sample_S19S_0082_Sed,387.0721252
10,Sample_S19S_0082_Sed,387.0851909
12,Sample_S19S_0082_Sed,387.0932457
52,Sample_S19S_0082_Sed,387.1085636
69,Sample_S19S_0082_Sed,387.1296791
25,Sample_S19S_0082_Sed,387.1579654
8,Sample_S19S_0082_Sed,387.1659841
25,Sample_S19S_0082_Sed,387.19436
38,Sample_S19S_0082_Sed,387.2024406
22,Sample_S19S_0082_Sed,387.2388297
3,Sample_S19S_0082_Sed,388.2987452
22,Sample_S19S_0082_Sed,389.051417
55,Sample_S19S_0082_Sed,389.0878118
2,Sample_S19S_0082_Sed,389.0911204
21,Sample_S19S_0082_Sed,389.1008827
1,Sample_S19S_0082_Sed,389.1135404
68,Sample_S19S_0082_Sed,389.1242045
22,Sample_S19S_0082_Sed,389.1372295
9,Sample_S19S_0082_Sed,389.1452618
12,Sample_S19S_0082_Sed,389.1605387
2,Sample_S19S_0082_Sed,389.1677218
29,Sample_S19S_0082_Sed,389.1736085
18,Sample_S19S_0082_Sed,389.1816725
29,Sample_S19S_0082_Sed,389.1969883
30,Sample_S19S_0082_Sed,389.2180886
1,Sample_S19S_0082_Sed,390.2132816
1,Sample_S19S_0082_Sed,390.9584863
22,Sample_S19S_0082_Sed,391.0670531
27,Sample_S19S_0082_Sed,391.1034381
2,Sample_S19S_0082_Sed,391.1105459
34,Sample_S19S_0082_Sed,391.1398852
17,Sample_S19S_0082_Sed,391.1528412
26,Sample_S19S_0082_Sed,391.1762035
15,Sample_S19S_0082_Sed,391.1892281
9,Sample_S19S_0082_Sed,391.2256863
7,Sample_S19S_0082_Sed,391.2620068
12,Sample_S19S_0082_Sed,392.1198706
10,Sample_S19S_0082_Sed,392.2209084
1,Sample_S19S_0082_Sed,392.2572106
16,Sample_S19S_0082_Sed,393.0463154
53,Sample_S19S_0082_Sed,393.0827628
60,Sample_S19S_0082_Sed,393.1191285
22,Sample_S19S_0082_Sed,393.1321265
24,Sample_S19S_0082_Sed,393.1554711
22,Sample_S19S_0082_Sed,393.1685262
1,Sample_S19S_0082_Sed,393.1907448
1,Sample_S19S_0082_Sed,393.1951707
25,Sample_S19S_0082_Sed,393.2049392
3,Sample_S19S_0082_Sed,393.2161336
13,Sample_S19S_0082_Sed,393.2412462
4,Sample_S19S_0082_Sed,393.2776995
1,Sample_S19S_0082_Sed,394.1750252
7,Sample_S19S_0082_Sed,394.2001939
5,Sample_S19S_0082_Sed,394.2268712
3,Sample_S19S_0082_Sed,394.2364931
22,Sample_S19S_0082_Sed,395.0619708
32,Sample_S19S_0082_Sed,395.0984243
15,Sample_S19S_0082_Sed,395.1114167
96,Sample_S19S_0082_Sed,395.1347697
23,Sample_S19S_0082_Sed,395.1477706
34,Sample_S19S_0082_Sed,395.171191
15,Sample_S19S_0082_Sed,395.2075813
21,Sample_S19S_0082_Sed,395.2205826
2,Sample_S19S_0082_Sed,395.2317962
14,Sample_S19S_0082_Sed,396.13006
15,Sample_S19S_0082_Sed,397.0412485
13,Sample_S19S_0082_Sed,397.0775828
15,Sample_S19S_0082_Sed,397.1059758
44,Sample_S19S_0082_Sed,397.1140135
13,Sample_S19S_0082_Sed,397.1270557
72,Sample_S19S_0082_Sed,397.1504225
18,Sample_S19S_0082_Sed,397.1634297
19,Sample_S19S_0082_Sed,397.1867602
10,Sample_S19S_0082_Sed,397.1997808
33,Sample_S19S_0082_Sed,397.2232052
2,Sample_S19S_0082_Sed,397.2265763
7,Sample_S19S_0082_Sed,399.0568344
14,Sample_S19S_0082_Sed,399.0721389
14,Sample_S19S_0082_Sed,399.085227
33,Sample_S19S_0082_Sed,399.0932727
45,Sample_S19S_0082_Sed,399.1296635
14,Sample_S19S_0082_Sed,399.1579458
3,Sample_S19S_0082_Sed,399.1659287
5,Sample_S19S_0082_Sed,399.1884911
20,Sample_S19S_0082_Sed,399.1943775
35,Sample_S19S_0082_Sed,399.2024375
14,Sample_S19S_0082_Sed,399.2388025
26,Sample_S19S_0082_Sed,401.0514549
6,Sample_S19S_0082_Sed,401.0725084
45,Sample_S19S_0082_Sed,401.0878209
37,Sample_S19S_0082_Sed,401.1089631
55,Sample_S19S_0082_Sed,401.1453284
22,Sample_S19S_0082_Sed,401.1736033
15,Sample_S19S_0082_Sed,401.1816514
4,Sample_S19S_0082_Sed,401.204141
29,Sample_S19S_0082_Sed,401.2100146
26,Sample_S19S_0082_Sed,401.2180808
15,Sample_S19S_0082_Sed,401.2544603
40,Sample_S19S_0082_Sed,403.0671122
47,Sample_S19S_0082_Sed,403.1034476
15,Sample_S19S_0082_Sed,403.1164656
59,Sample_S19S_0082_Sed,403.1398463
24,Sample_S19S_0082_Sed,403.1529106
19,Sample_S19S_0082_Sed,403.1609357
16,Sample_S19S_0082_Sed,403.1762826
33,Sample_S19S_0082_Sed,403.1973716
13,Sample_S19S_0082_Sed,403.2256482
10,Sample_S19S_0082_Sed,403.2336971
1,Sample_S19S_0082_Sed,404.1206908
20,Sample_S19S_0082_Sed,404.1926065
1,Sample_S19S_0082_Sed,404.2937097
28,Sample_S19S_0082_Sed,405.0463718
26,Sample_S19S_0082_Sed,405.0827082
1,Sample_S19S_0082_Sed,405.1083568
17,Sample_S19S_0082_Sed,405.1190623
27,Sample_S19S_0082_Sed,405.1321292
40,Sample_S19S_0082_Sed,405.1555362
29,Sample_S19S_0082_Sed,405.1685606
13,Sample_S19S_0082_Sed,405.2048711
10,Sample_S19S_0082_Sed,405.2412525
7,Sample_S19S_0082_Sed,406.2364932
3,Sample_S19S_0082_Sed,406.3092961
6,Sample_S19S_0082_Sed,407.0255705
26,Sample_S19S_0082_Sed,407.0620299
67,Sample_S19S_0082_Sed,407.0983755
11,Sample_S19S_0082_Sed,407.1113661
55,Sample_S19S_0082_Sed,407.1347505
26,Sample_S19S_0082_Sed,407.1477958
4,Sample_S19S_0082_Sed,407.1712237
1,Sample_S19S_0082_Sed,407.1953965
19,Sample_S19S_0082_Sed,407.2205546
10,Sample_S19S_0082_Sed,407.2568891
9,Sample_S19S_0082_Sed,408.1776232
12,Sample_S19S_0082_Sed,409.07757
67,Sample_S19S_0082_Sed,409.1140221
19,Sample_S19S_0082_Sed,409.1270356
77,Sample_S19S_0082_Sed,409.1504235
7,Sample_S19S_0082_Sed,409.1633923
13,Sample_S19S_0082_Sed,409.1867344
5,Sample_S19S_0082_Sed,409.1997594
4,Sample_S19S_0082_Sed,409.2110293
7,Sample_S19S_0082_Sed,411.0568579
45,Sample_S19S_0082_Sed,411.0933142
61,Sample_S19S_0082_Sed,411.1296933
19,Sample_S19S_0082_Sed,411.1426758
24,Sample_S19S_0082_Sed,411.1579879
39,Sample_S19S_0082_Sed,411.1660419
17,Sample_S19S_0082_Sed,411.1790746
18,Sample_S19S_0082_Sed,411.2154903
16,Sample_S19S_0082_Sed,413.087795
17,Sample_S19S_0082_Sed,413.1008794
51,Sample_S19S_0082_Sed,413.1089345
13,Sample_S19S_0082_Sed,413.1372735
19,Sample_S19S_0082_Sed,413.1452768
22,Sample_S19S_0082_Sed,413.1736056
6,Sample_S19S_0082_Sed,413.1816156
1,Sample_S19S_0082_Sed,413.2041017
15,Sample_S19S_0082_Sed,413.2100122
19,Sample_S19S_0082_Sed,413.2180661
20,Sample_S19S_0082_Sed,413.2544798
6,Sample_S19S_0082_Sed,415.080159
32,Sample_S19S_0082_Sed,415.0881916
38,Sample_S19S_0082_Sed,415.1034568
14,Sample_S19S_0082_Sed,415.1164835
18,Sample_S19S_0082_Sed,415.1245406
19,Sample_S19S_0082_Sed,415.1529316
45,Sample_S19S_0082_Sed,415.1609859
32,Sample_S19S_0082_Sed,415.1973464
11,Sample_S19S_0082_Sed,415.219815
10,Sample_S19S_0082_Sed,415.2336924
11,Sample_S19S_0082_Sed,417.0826722
8,Sample_S19S_0082_Sed,417.0957124
55,Sample_S19S_0082_Sed,417.1191101
30,Sample_S19S_0082_Sed,417.1321667
26,Sample_S19S_0082_Sed,417.1402188
35,Sample_S19S_0082_Sed,417.1685514
12,Sample_S19S_0082_Sed,417.1765666
10,Sample_S19S_0082_Sed,417.2048604
5,Sample_S19S_0082_Sed,417.2128787
1,Sample_S19S_0082_Sed,417.9833053
3,Sample_S19S_0082_Sed,418.1870763
2,Sample_S19S_0082_Sed,419.0442249
18,Sample_S19S_0082_Sed,419.0619721
5,Sample_S19S_0082_Sed,419.0982983
3,Sample_S19S_0082_Sed,419.1113471
66,Sample_S19S_0082_Sed,419.1347745
20,Sample_S19S_0082_Sed,419.1478319
30,Sample_S19S_0082_Sed,419.1711927
34,Sample_S19S_0082_Sed,419.1842051
11,Sample_S19S_0082_Sed,419.2205119
3,Sample_S19S_0082_Sed,420.2521315
3,Sample_S19S_0082_Sed,420.2885838
5,Sample_S19S_0082_Sed,421.0777047
71,Sample_S19S_0082_Sed,421.1140346
12,Sample_S19S_0082_Sed,421.1270174
60,Sample_S19S_0082_Sed,421.1504292
1,Sample_S19S_0082_Sed,421.1552081
28,Sample_S19S_0082_Sed,421.1634511
7,Sample_S19S_0082_Sed,421.1868654
4,Sample_S19S_0082_Sed,421.2265386
13,Sample_S19S_0082_Sed,421.2362004
6,Sample_S19S_0082_Sed,422.2031632
27,Sample_S19S_0082_Sed,423.0569089
10,Sample_S19S_0082_Sed,423.093231
2,Sample_S19S_0082_Sed,423.1061645
79,Sample_S19S_0082_Sed,423.1296813
14,Sample_S19S_0082_Sed,423.1426961
15,Sample_S19S_0082_Sed,423.1661225
24,Sample_S19S_0082_Sed,423.179095
48,Sample_S19S_0082_Sed,423.2024382
3,Sample_S19S_0082_Sed,423.2387546
12,Sample_S19S_0082_Sed,425.1008972
30,Sample_S19S_0082_Sed,425.1089252
6,Sample_S19S_0082_Sed,425.1453873
17,Sample_S19S_0082_Sed,425.1583275
43,Sample_S19S_0082_Sed,425.1816982
13,Sample_S19S_0082_Sed,425.1947046
1,Sample_S19S_0082_Sed,425.2058727
13,Sample_S19S_0082_Sed,427.1165345
58,Sample_S19S_0082_Sed,427.1245871
2,Sample_S19S_0082_Sed,427.1610597
33,Sample_S19S_0082_Sed,427.1973395
9,Sample_S19S_0082_Sed,427.22569
22,Sample_S19S_0082_Sed,427.2337286
1,Sample_S19S_0082_Sed,429.1039457
5,Sample_S19S_0082_Sed,429.1224523
49,Sample_S19S_0082_Sed,429.1402424
28,Sample_S19S_0082_Sed,429.1685491
21,Sample_S19S_0082_Sed,429.1765924
11,Sample_S19S_0082_Sed,429.1990848
28,Sample_S19S_0082_Sed,429.2129876
6,Sample_S19S_0082_Sed,429.2355333
4,Sample_S19S_0082_Sed,430.194397
45,Sample_S19S_0082_Sed,431.098388
9,Sample_S19S_0082_Sed,431.1113826
16,Sample_S19S_0082_Sed,431.1347291
26,Sample_S19S_0082_Sed,431.1477957
18,Sample_S19S_0082_Sed,431.1922364
8,Sample_S19S_0082_Sed,431.2147537
7,Sample_S19S_0082_Sed,431.2206124
15,Sample_S19S_0082_Sed,431.2286229
4,Sample_S19S_0082_Sed,432.1876103
1,Sample_S19S_0082_Sed,432.9695275
33,Sample_S19S_0082_Sed,433.077665
9,Sample_S19S_0082_Sed,433.0906617
11,Sample_S19S_0082_Sed,433.1139658
4,Sample_S19S_0082_Sed,433.1269982
12,Sample_S19S_0082_Sed,433.1503758
27,Sample_S19S_0082_Sed,433.1634586
4,Sample_S19S_0082_Sed,433.1940528
11,Sample_S19S_0082_Sed,433.1998888
8,Sample_S19S_0082_Sed,433.2361951
8,Sample_S19S_0082_Sed,434.2677929
17,Sample_S19S_0082_Sed,435.0569041
49,Sample_S19S_0082_Sed,435.093324
8,Sample_S19S_0082_Sed,435.1062764
17,Sample_S19S_0082_Sed,435.1296329
4,Sample_S19S_0082_Sed,435.1426364
13,Sample_S19S_0082_Sed,435.1659973
24,Sample_S19S_0082_Sed,435.1790631
46,Sample_S19S_0082_Sed,435.2024665
14,Sample_S19S_0082_Sed,435.2155119
17,Sample_S19S_0082_Sed,435.25188
5,Sample_S19S_0082_Sed,436.2470837
1,Sample_S19S_0082_Sed,436.9644408
9,Sample_S19S_0082_Sed,437.072483
15,Sample_S19S_0082_Sed,437.1088959
43,Sample_S19S_0082_Sed,437.1453651
22,Sample_S19S_0082_Sed,437.158378
42,Sample_S19S_0082_Sed,437.1817485
8,Sample_S19S_0082_Sed,437.2310601
46,Sample_S19S_0082_Sed,439.0882098
54,Sample_S19S_0082_Sed,439.1246064
13,Sample_S19S_0082_Sed,439.1529344
23,Sample_S19S_0082_Sed,439.1609425
21,Sample_S19S_0082_Sed,439.1892886
14,Sample_S19S_0082_Sed,439.1973056
1,Sample_S19S_0082_Sed,439.2215253
10,Sample_S19S_0082_Sed,439.2256709
3,Sample_S19S_0082_Sed,439.246834
1,Sample_S19S_0082_Sed,439.9652363
12,Sample_S19S_0082_Sed,441.0674409
40,Sample_S19S_0082_Sed,441.1402285
11,Sample_S19S_0082_Sed,441.168514
16,Sample_S19S_0082_Sed,441.1765589
12,Sample_S19S_0082_Sed,441.2129575
7,Sample_S19S_0082_Sed,441.2494531
11,Sample_S19S_0082_Sed,443.0830557
12,Sample_S19S_0082_Sed,443.0984287
14,Sample_S19S_0082_Sed,443.1114516
43,Sample_S19S_0082_Sed,443.119518
12,Sample_S19S_0082_Sed,443.1478565
46,Sample_S19S_0082_Sed,443.1558944
5,Sample_S19S_0082_Sed,443.1783373
23,Sample_S19S_0082_Sed,443.1841796
10,Sample_S19S_0082_Sed,443.1922057
5,Sample_S19S_0082_Sed,443.2285235
4,Sample_S19S_0082_Sed,444.2027089
6,Sample_S19S_0082_Sed,444.2099819
20,Sample_S19S_0082_Sed,445.0776178
9,Sample_S19S_0082_Sed,445.127011
30,Sample_S19S_0082_Sed,445.1634705
3,Sample_S19S_0082_Sed,445.1940666
27,Sample_S19S_0082_Sed,445.2079177
15,Sample_S19S_0082_Sed,445.2304198
21,Sample_S19S_0082_Sed,445.2362316
18,Sample_S19S_0082_Sed,445.2442897
5,Sample_S19S_0082_Sed,446.2031197
1,Sample_S19S_0082_Sed,447.056785
5,Sample_S19S_0082_Sed,447.09323
49,Sample_S19S_0082_Sed,447.1297048
23,Sample_S19S_0082_Sed,447.1427418
51,Sample_S19S_0082_Sed,447.1660641
27,Sample_S19S_0082_Sed,447.179104
6,Sample_S19S_0082_Sed,447.2154152
19,Sample_S19S_0082_Sed,449.1219859
58,Sample_S19S_0082_Sed,449.1453221
30,Sample_S19S_0082_Sed,449.1583358
2,Sample_S19S_0082_Sed,449.1735875
13,Sample_S19S_0082_Sed,449.1816462
6,Sample_S19S_0082_Sed,449.1946593
12,Sample_S19S_0082_Sed,449.2310912
15,Sample_S19S_0082_Sed,451.0881744
37,Sample_S19S_0082_Sed,451.124616
20,Sample_S19S_0082_Sed,451.1609528
10,Sample_S19S_0082_Sed,451.1739524
1,Sample_S19S_0082_Sed,451.1916101
4,Sample_S19S_0082_Sed,451.2103087
10,Sample_S19S_0082_Sed,451.2467303
8,Sample_S19S_0082_Sed,453.0673983
4,Sample_S19S_0082_Sed,453.1037558
25,Sample_S19S_0082_Sed,453.140211
1,Sample_S19S_0082_Sed,453.1686448
51,Sample_S19S_0082_Sed,453.1766436
21,Sample_S19S_0082_Sed,453.1896338
10,Sample_S19S_0082_Sed,453.2049759
7,Sample_S19S_0082_Sed,453.2259797
2,Sample_S19S_0082_Sed,453.2492245
26,Sample_S19S_0082_Sed,455.0831528
9,Sample_S19S_0082_Sed,455.111472
19,Sample_S19S_0082_Sed,455.1194736
5,Sample_S19S_0082_Sed,455.1558023
6,Sample_S19S_0082_Sed,455.1921775
21,Sample_S19S_0082_Sed,455.2205892
2,Sample_S19S_0082_Sed,455.2285132
18,Sample_S19S_0082_Sed,455.2650512
2,Sample_S19S_0082_Sed,457.0906483
6,Sample_S19S_0082_Sed,457.0986905
7,Sample_S19S_0082_Sed,457.1270095
8,Sample_S19S_0082_Sed,457.1350642
18,Sample_S19S_0082_Sed,457.1634444
26,Sample_S19S_0082_Sed,457.1715231
6,Sample_S19S_0082_Sed,457.1940662
17,Sample_S19S_0082_Sed,457.1998933
34,Sample_S19S_0082_Sed,457.2079257
11,Sample_S19S_0082_Sed,457.2442623
3,Sample_S19S_0082_Sed,457.280565
28,Sample_S19S_0082_Sed,459.142719
27,Sample_S19S_0082_Sed,459.1661042
31,Sample_S19S_0082_Sed,459.1872169
10,Sample_S19S_0082_Sed,459.2155229
8,Sample_S19S_0082_Sed,459.2235091
3,Sample_S19S_0082_Sed,459.2598321
3,Sample_S19S_0082_Sed,461.1088271
25,Sample_S19S_0082_Sed,461.1583343
4,Sample_S19S_0082_Sed,461.1889708
12,Sample_S19S_0082_Sed,461.1948089
29,Sample_S19S_0082_Sed,461.2311454
21,Sample_S19S_0082_Sed,463.0881954
5,Sample_S19S_0082_Sed,463.124491
2,Sample_S19S_0082_Sed,463.1608564
4,Sample_S19S_0082_Sed,463.1739081
10,Sample_S19S_0082_Sed,463.1972938
26,Sample_S19S_0082_Sed,463.210366
20,Sample_S19S_0082_Sed,463.2467901
1,Sample_S19S_0082_Sed,465.06738
2,Sample_S19S_0082_Sed,465.1686035
40,Sample_S19S_0082_Sed,465.1766182
24,Sample_S19S_0082_Sed,465.1896305
5,Sample_S19S_0082_Sed,465.2259434
20,Sample_S19S_0082_Sed,467.0831629
28,Sample_S19S_0082_Sed,467.1195422
12,Sample_S19S_0082_Sed,467.1558326
2,Sample_S19S_0082_Sed,467.1921933
8,Sample_S19S_0082_Sed,467.2052403
8,Sample_S19S_0082_Sed,467.220621
23,Sample_S19S_0082_Sed,467.2286363
9,Sample_S19S_0082_Sed,469.0986993
6,Sample_S19S_0082_Sed,469.1350525
18,Sample_S19S_0082_Sed,469.199861
22,Sample_S19S_0082_Sed,469.2078959
23,Sample_S19S_0082_Sed,469.2442937
5,Sample_S19S_0082_Sed,471.1426129
17,Sample_S19S_0082_Sed,471.1790652
14,Sample_S19S_0082_Sed,471.1871307
7,Sample_S19S_0082_Sed,471.2096566
11,Sample_S19S_0082_Sed,471.2155389
18,Sample_S19S_0082_Sed,471.2235442
16,Sample_S19S_0082_Sed,473.121993
8,Sample_S19S_0082_Sed,473.1582831
8,Sample_S19S_0082_Sed,473.1946924
6,Sample_S19S_0082_Sed,473.2027392
3,Sample_S19S_0082_Sed,473.225266
26,Sample_S19S_0082_Sed,473.2311386
15,Sample_S19S_0082_Sed,473.2392065
13,Sample_S19S_0082_Sed,473.2756478
10,Sample_S19S_0082_Sed,475.0881586
48,Sample_S19S_0082_Sed,475.1245966
19,Sample_S19S_0082_Sed,475.1376596
52,Sample_S19S_0082_Sed,475.1609843
25,Sample_S19S_0082_Sed,475.1739813
3,Sample_S19S_0082_Sed,475.2103074
11,Sample_S19S_0082_Sed,477.0674882
4,Sample_S19S_0082_Sed,477.1765167
5,Sample_S19S_0082_Sed,477.1895617
27,Sample_S19S_0082_Sed,477.2260597
10,Sample_S19S_0082_Sed,477.262427
43,Sample_S19S_0082_Sed,479.1559168
37,Sample_S19S_0082_Sed,479.1923063
21,Sample_S19S_0082_Sed,479.2053091
15,Sample_S19S_0082_Sed,479.2416827
28,Sample_S19S_0082_Sed,481.0987747
45,Sample_S19S_0082_Sed,481.1351677
12,Sample_S19S_0082_Sed,481.1634867
35,Sample_S19S_0082_Sed,481.1715313
24,Sample_S19S_0082_Sed,483.1144642
21,Sample_S19S_0082_Sed,483.1508531
17,Sample_S19S_0082_Sed,483.2154832
5,Sample_S19S_0082_Sed,483.2234722
11,Sample_S19S_0082_Sed,485.1220307
10,Sample_S19S_0082_Sed,485.1584131
13,Sample_S19S_0082_Sed,485.1948096
4,Sample_S19S_0082_Sed,485.2310607
3,Sample_S19S_0082_Sed,485.2390821
14,Sample_S19S_0082_Sed,487.1740711
17,Sample_S19S_0082_Sed,487.2184679
1,Sample_S19S_0082_Sed,487.2410284
14,Sample_S19S_0082_Sed,487.254845
15,Sample_S19S_0082_Sed,489.1402055
17,Sample_S19S_0082_Sed,489.1532671
4,Sample_S19S_0082_Sed,489.1895365
5,Sample_S19S_0082_Sed,489.2259164
9,Sample_S19S_0082_Sed,491.1558203
18,Sample_S19S_0082_Sed,491.1689084
6,Sample_S19S_0082_Sed,491.2053832
5,Sample_S19S_0082_Sed,491.2417678
50,Sample_S19S_0082_Sed,493.1351653
33,Sample_S19S_0082_Sed,493.1715856
18,Sample_S19S_0082_Sed,493.2209368
1,Sample_S19S_0082_Sed,493.2418569
2,Sample_S19S_0082_Sed,493.2572378
2,Sample_S19S_0082_Sed,495.1427989
23,Sample_S19S_0082_Sed,497.1947705
1,Sample_S19S_0082_Sed,497.2390455
15,Sample_S19S_0082_Sed,499.1740741
20,Sample_S19S_0082_Sed,499.2104255
1,Sample_S19S_0082_Sed,502.2154486
5,Sample_S19S_0082_Sed,503.2051842
7,Sample_S19S_0082_Sed,505.1350781
7,Sample_S19S_0082_Sed,505.221033
12,Sample_S19S_0082_Sed,505.2573293
5,Sample_S19S_0082_Sed,507.2364864
23,Sample_S19S_0082_Sed,509.1300451
8,Sample_S19S_0082_Sed,509.2311267
2,Sample_S19S_0082_Sed,511.1375472
3,Sample_S19S_0082_Sed,511.2547768
1,Sample_S19S_0082_Sed,519.1499273
7,Sample_S19S_0082_Sed,519.2366622
1,Sample_S19S_0082_Sed,521.3037567
13,Sample_S19S_0082_Sed,523.1820717
6,Sample_S19S_0082_Sed,523.2468227
24,Sample_S19S_0082_Sed,525.1614051
4,Sample_S19S_0082_Sed,527.2415754
1,Sample_S19S_0082_Sed,527.28601
1,Sample_S19S_0082_Sed,531.1597187
4,Sample_S19S_0082_Sed,537.2987595
1,Sample_S19S_0082_Sed,545.2523758
8,Sample_S19S_0082_Sed,547.2678735
