num.trans.involved.in,sample,peak
12,Sample_S19S_0094_Sed,241.1081087
8,Sample_S19S_0094_Sed,241.1445007
8,Sample_S19S_0094_Sed,242.139775
3,Sample_S19S_0094_Sed,242.1761465
13,Sample_S19S_0094_Sed,243.0873816
8,Sample_S19S_0094_Sed,243.1237626
12,Sample_S19S_0094_Sed,243.1601665
41,Sample_S19S_0094_Sed,245.1030642
19,Sample_S19S_0094_Sed,245.1394342
47,Sample_S19S_0094_Sed,247.0823368
38,Sample_S19S_0094_Sed,247.118733
23,Sample_S19S_0094_Sed,249.1496147
42,Sample_S19S_0094_Sed,253.0717756
35,Sample_S19S_0094_Sed,253.1445337
17,Sample_S19S_0094_Sed,255.1237776
37,Sample_S19S_0094_Sed,257.0666765
28,Sample_S19S_0094_Sed,257.1030521
42,Sample_S19S_0094_Sed,257.1394516
27,Sample_S19S_0094_Sed,257.175834
46,Sample_S19S_0094_Sed,259.0823405
44,Sample_S19S_0094_Sed,259.1187072
39,Sample_S19S_0094_Sed,259.1551113
37,Sample_S19S_0094_Sed,261.0980071
45,Sample_S19S_0094_Sed,261.1343647
2,Sample_S19S_0094_Sed,265.1479151
44,Sample_S19S_0094_Sed,267.0874299
53,Sample_S19S_0094_Sed,267.123805
28,Sample_S19S_0094_Sed,267.1601848
44,Sample_S19S_0094_Sed,269.0666802
52,Sample_S19S_0094_Sed,269.1030627
41,Sample_S19S_0094_Sed,269.1394657
31,Sample_S19S_0094_Sed,269.1758579
6,Sample_S19S_0094_Sed,270.2074858
41,Sample_S19S_0094_Sed,271.0823212
58,Sample_S19S_0094_Sed,271.118718
34,Sample_S19S_0094_Sed,271.1551343
33,Sample_S19S_0094_Sed,271.1914941
50,Sample_S19S_0094_Sed,273.0979879
36,Sample_S19S_0094_Sed,273.1343844
41,Sample_S19S_0094_Sed,273.1707658
41,Sample_S19S_0094_Sed,275.1136274
39,Sample_S19S_0094_Sed,275.1500444
31,Sample_S19S_0094_Sed,277.1445377
6,Sample_S19S_0094_Sed,278.0881845
26,Sample_S19S_0094_Sed,279.0874539
30,Sample_S19S_0094_Sed,279.160186
3,Sample_S19S_0094_Sed,279.1635618
42,Sample_S19S_0094_Sed,281.0666829
23,Sample_S19S_0094_Sed,281.1030502
28,Sample_S19S_0094_Sed,281.1758716
22,Sample_S19S_0094_Sed,283.0823169
59,Sample_S19S_0094_Sed,283.118715
3,Sample_S19S_0094_Sed,283.1373752
38,Sample_S19S_0094_Sed,283.1551309
15,Sample_S19S_0094_Sed,283.1915306
7,Sample_S19S_0094_Sed,285.1262347
45,Sample_S19S_0094_Sed,285.1343948
43,Sample_S19S_0094_Sed,285.17075
8,Sample_S19S_0094_Sed,285.2071124
46,Sample_S19S_0094_Sed,287.0772537
54,Sample_S19S_0094_Sed,287.1136282
52,Sample_S19S_0094_Sed,287.150015
35,Sample_S19S_0094_Sed,287.1864124
16,Sample_S19S_0094_Sed,287.2228145
45,Sample_S19S_0094_Sed,289.1292776
41,Sample_S19S_0094_Sed,289.1656738
14,Sample_S19S_0094_Sed,290.1245994
7,Sample_S19S_0094_Sed,292.2129776
49,Sample_S19S_0094_Sed,293.1030793
9,Sample_S19S_0094_Sed,293.1757942
52,Sample_S19S_0094_Sed,295.0823376
58,Sample_S19S_0094_Sed,295.1187213
3,Sample_S19S_0094_Sed,295.137392
42,Sample_S19S_0094_Sed,295.1550986
1,Sample_S19S_0094_Sed,296.9897231
26,Sample_S19S_0094_Sed,297.0616262
35,Sample_S19S_0094_Sed,297.0980154
4,Sample_S19S_0094_Sed,297.1529844
26,Sample_S19S_0094_Sed,297.1707937
37,Sample_S19S_0094_Sed,299.0772616
52,Sample_S19S_0094_Sed,299.1136455
57,Sample_S19S_0094_Sed,299.1500243
35,Sample_S19S_0094_Sed,299.1864335
15,Sample_S19S_0094_Sed,300.1816868
11,Sample_S19S_0094_Sed,301.071792
35,Sample_S19S_0094_Sed,301.092932
38,Sample_S19S_0094_Sed,301.129318
46,Sample_S19S_0094_Sed,301.1656955
34,Sample_S19S_0094_Sed,301.202066
50,Sample_S19S_0094_Sed,303.1085414
51,Sample_S19S_0094_Sed,303.1449308
38,Sample_S19S_0094_Sed,303.1813306
11,Sample_S19S_0094_Sed,304.1038383
16,Sample_S19S_0094_Sed,304.1402446
10,Sample_S19S_0094_Sed,306.1195211
8,Sample_S19S_0094_Sed,306.155916
4,Sample_S19S_0094_Sed,306.192305
24,Sample_S19S_0094_Sed,307.0823737
26,Sample_S19S_0094_Sed,307.1187572
8,Sample_S19S_0094_Sed,308.1351748
36,Sample_S19S_0094_Sed,309.0616036
44,Sample_S19S_0094_Sed,309.0979773
55,Sample_S19S_0094_Sed,309.1343649
4,Sample_S19S_0094_Sed,309.1530159
40,Sample_S19S_0094_Sed,309.1707647
3,Sample_S19S_0094_Sed,309.1741269
14,Sample_S19S_0094_Sed,309.2071806
31,Sample_S19S_0094_Sed,311.0772659
67,Sample_S19S_0094_Sed,311.1136352
56,Sample_S19S_0094_Sed,311.1500195
33,Sample_S19S_0094_Sed,311.186419
12,Sample_S19S_0094_Sed,311.2228309
1,Sample_S19S_0094_Sed,312.9846454
35,Sample_S19S_0094_Sed,313.0929245
49,Sample_S19S_0094_Sed,313.1293014
4,Sample_S19S_0094_Sed,313.1479364
29,Sample_S19S_0094_Sed,313.2020808
19,Sample_S19S_0094_Sed,313.2384778
19,Sample_S19S_0094_Sed,314.1609464
9,Sample_S19S_0094_Sed,314.1973467
45,Sample_S19S_0094_Sed,315.1085755
52,Sample_S19S_0094_Sed,315.1449559
43,Sample_S19S_0094_Sed,315.1813307
30,Sample_S19S_0094_Sed,315.217727
3,Sample_S19S_0094_Sed,315.2290147
17,Sample_S19S_0094_Sed,316.1402237
39,Sample_S19S_0094_Sed,317.124227
26,Sample_S19S_0094_Sed,317.1394552
45,Sample_S19S_0094_Sed,317.1606071
36,Sample_S19S_0094_Sed,317.1969836
2,Sample_S19S_0094_Sed,317.2446454
12,Sample_S19S_0094_Sed,318.1194966
6,Sample_S19S_0094_Sed,318.2286611
35,Sample_S19S_0094_Sed,319.139868
9,Sample_S19S_0094_Sed,320.0987676
15,Sample_S19S_0094_Sed,320.1351354
10,Sample_S19S_0094_Sed,320.1715427
2,Sample_S19S_0094_Sed,320.2442999
16,Sample_S19S_0094_Sed,321.0980285
25,Sample_S19S_0094_Sed,321.1707672
10,Sample_S19S_0094_Sed,322.1144282
1,Sample_S19S_0094_Sed,322.1508517
4,Sample_S19S_0094_Sed,322.1872255
41,Sample_S19S_0094_Sed,323.0772527
25,Sample_S19S_0094_Sed,323.1136726
3,Sample_S19S_0094_Sed,323.1686736
39,Sample_S19S_0094_Sed,323.1864241
9,Sample_S19S_0094_Sed,324.1300834
13,Sample_S19S_0094_Sed,324.1664479
26,Sample_S19S_0094_Sed,325.0565425
49,Sample_S19S_0094_Sed,325.0928926
49,Sample_S19S_0094_Sed,325.1292996
2,Sample_S19S_0094_Sed,325.1479013
36,Sample_S19S_0094_Sed,325.1657004
1,Sample_S19S_0094_Sed,325.1842438
46,Sample_S19S_0094_Sed,325.2020573
20,Sample_S19S_0094_Sed,327.0722018
43,Sample_S19S_0094_Sed,327.1085831
51,Sample_S19S_0094_Sed,327.1449492
3,Sample_S19S_0094_Sed,327.1636073
4,Sample_S19S_0094_Sed,327.2177565
47,Sample_S19S_0094_Sed,329.0878075
15,Sample_S19S_0094_Sed,329.1030905
45,Sample_S19S_0094_Sed,329.1242163
1,Sample_S19S_0094_Sed,329.152419
7,Sample_S19S_0094_Sed,329.1758446
35,Sample_S19S_0094_Sed,329.1969687
21,Sample_S19S_0094_Sed,329.2333488
28,Sample_S19S_0094_Sed,331.1034998
54,Sample_S19S_0094_Sed,331.1762541
5,Sample_S19S_0094_Sed,331.2126721
2,Sample_S19S_0094_Sed,331.2239268
13,Sample_S19S_0094_Sed,332.1351167
6,Sample_S19S_0094_Sed,333.1553813
2,Sample_S19S_0094_Sed,333.2395661
11,Sample_S19S_0094_Sed,334.1144217
9,Sample_S19S_0094_Sed,334.1508295
4,Sample_S19S_0094_Sed,334.2235949
35,Sample_S19S_0094_Sed,335.150042
5,Sample_S19S_0094_Sed,336.1301036
13,Sample_S19S_0094_Sed,336.1664659
37,Sample_S19S_0094_Sed,337.0929176
55,Sample_S19S_0094_Sed,337.1292866
37,Sample_S19S_0094_Sed,337.1656867
3,Sample_S19S_0094_Sed,338.1093609
7,Sample_S19S_0094_Sed,338.1456998
36,Sample_S19S_0094_Sed,339.0721726
58,Sample_S19S_0094_Sed,339.1085453
21,Sample_S19S_0094_Sed,339.1449816
2,Sample_S19S_0094_Sed,339.1635623
3,Sample_S19S_0094_Sed,339.1999929
10,Sample_S19S_0094_Sed,340.1249861
53,Sample_S19S_0094_Sed,341.0878109
20,Sample_S19S_0094_Sed,341.12425
43,Sample_S19S_0094_Sed,341.1606173
6,Sample_S19S_0094_Sed,341.179252
5,Sample_S19S_0094_Sed,341.2334189
3,Sample_S19S_0094_Sed,342.1405819
21,Sample_S19S_0094_Sed,343.067113
57,Sample_S19S_0094_Sed,343.1034685
10,Sample_S19S_0094_Sed,343.1399075
41,Sample_S19S_0094_Sed,343.1762631
32,Sample_S19S_0094_Sed,343.2126496
14,Sample_S19S_0094_Sed,343.2490426
1,Sample_S19S_0094_Sed,344.1350437
13,Sample_S19S_0094_Sed,344.1715382
6,Sample_S19S_0094_Sed,344.1997897
16,Sample_S19S_0094_Sed,345.0616254
39,Sample_S19S_0094_Sed,345.1191373
25,Sample_S19S_0094_Sed,345.1555412
7,Sample_S19S_0094_Sed,345.1919508
25,Sample_S19S_0094_Sed,345.2282779
16,Sample_S19S_0094_Sed,346.1507606
14,Sample_S19S_0094_Sed,346.1871921
7,Sample_S19S_0094_Sed,346.2154294
19,Sample_S19S_0094_Sed,347.0903002
15,Sample_S19S_0094_Sed,347.1136821
18,Sample_S19S_0094_Sed,347.1348045
32,Sample_S19S_0094_Sed,347.1711801
3,Sample_S19S_0094_Sed,347.1864695
31,Sample_S19S_0094_Sed,347.2075497
13,Sample_S19S_0094_Sed,348.1300774
16,Sample_S19S_0094_Sed,348.1664038
9,Sample_S19S_0094_Sed,348.2028318
9,Sample_S19S_0094_Sed,348.231087
25,Sample_S19S_0094_Sed,349.0929209
18,Sample_S19S_0094_Sed,349.1059291
38,Sample_S19S_0094_Sed,349.129303
14,Sample_S19S_0094_Sed,350.1457077
10,Sample_S19S_0094_Sed,350.1821173
8,Sample_S19S_0094_Sed,350.2184616
19,Sample_S19S_0094_Sed,351.1085115
27,Sample_S19S_0094_Sed,351.121581
25,Sample_S19S_0094_Sed,351.1449775
11,Sample_S19S_0094_Sed,351.2307319
3,Sample_S19S_0094_Sed,351.2500934
15,Sample_S19S_0094_Sed,352.1613622
45,Sample_S19S_0094_Sed,353.0878166
16,Sample_S19S_0094_Sed,353.1008561
43,Sample_S19S_0094_Sed,353.124233
27,Sample_S19S_0094_Sed,353.1605629
25,Sample_S19S_0094_Sed,353.1736275
35,Sample_S19S_0094_Sed,353.1970034
2,Sample_S19S_0094_Sed,353.2003494
19,Sample_S19S_0094_Sed,353.2099396
9,Sample_S19S_0094_Sed,354.1406185
15,Sample_S19S_0094_Sed,355.0671162
53,Sample_S19S_0094_Sed,355.1034699
23,Sample_S19S_0094_Sed,355.1164999
10,Sample_S19S_0094_Sed,355.1399086
52,Sample_S19S_0094_Sed,355.1762476
21,Sample_S19S_0094_Sed,355.1892674
8,Sample_S19S_0094_Sed,355.2126797
3,Sample_S19S_0094_Sed,356.1562442
26,Sample_S19S_0094_Sed,356.1715182
37,Sample_S19S_0094_Sed,357.0827228
61,Sample_S19S_0094_Sed,357.1191097
57,Sample_S19S_0094_Sed,357.1554992
53,Sample_S19S_0094_Sed,357.191896
35,Sample_S19S_0094_Sed,357.2282738
14,Sample_S19S_0094_Sed,358.1871972
24,Sample_S19S_0094_Sed,358.2235211
38,Sample_S19S_0094_Sed,359.1347452
46,Sample_S19S_0094_Sed,359.1711775
17,Sample_S19S_0094_Sed,359.2074846
25,Sample_S19S_0094_Sed,359.2439319
15,Sample_S19S_0094_Sed,360.1664452
3,Sample_S19S_0094_Sed,360.1946802
13,Sample_S19S_0094_Sed,360.2391994
6,Sample_S19S_0094_Sed,360.2674679
6,Sample_S19S_0094_Sed,361.069538
34,Sample_S19S_0094_Sed,361.1423317
43,Sample_S19S_0094_Sed,361.1504109
37,Sample_S19S_0094_Sed,361.186829
9,Sample_S19S_0094_Sed,361.2151155
31,Sample_S19S_0094_Sed,361.2231964
4,Sample_S19S_0094_Sed,361.2878733
9,Sample_S19S_0094_Sed,362.1093336
14,Sample_S19S_0094_Sed,362.1821174
6,Sample_S19S_0094_Sed,362.246738
32,Sample_S19S_0094_Sed,363.108539
24,Sample_S19S_0094_Sed,363.1215932
21,Sample_S19S_0094_Sed,363.1449786
24,Sample_S19S_0094_Sed,363.1943423
12,Sample_S19S_0094_Sed,364.1613157
12,Sample_S19S_0094_Sed,364.1896094
9,Sample_S19S_0094_Sed,364.2259804
8,Sample_S19S_0094_Sed,364.2340853
1,Sample_S19S_0094_Sed,365.0677835
32,Sample_S19S_0094_Sed,365.0878382
26,Sample_S19S_0094_Sed,365.1008669
15,Sample_S19S_0094_Sed,365.1241727
29,Sample_S19S_0094_Sed,365.137244
11,Sample_S19S_0094_Sed,365.1606438
32,Sample_S19S_0094_Sed,365.1969623
25,Sample_S19S_0094_Sed,365.2100088
1,Sample_S19S_0094_Sed,365.2657119
9,Sample_S19S_0094_Sed,366.1325089
9,Sample_S19S_0094_Sed,366.1769935
6,Sample_S19S_0094_Sed,366.2497563
28,Sample_S19S_0094_Sed,367.0671094
55,Sample_S19S_0094_Sed,367.1034613
21,Sample_S19S_0094_Sed,367.1165264
3,Sample_S19S_0094_Sed,367.1399195
34,Sample_S19S_0094_Sed,367.1762158
28,Sample_S19S_0094_Sed,367.189277
34,Sample_S19S_0094_Sed,367.2126519
5,Sample_S19S_0094_Sed,367.2255178
3,Sample_S19S_0094_Sed,368.1117355
6,Sample_S19S_0094_Sed,368.1562607
30,Sample_S19S_0094_Sed,369.0827443
11,Sample_S19S_0094_Sed,369.1190631
27,Sample_S19S_0094_Sed,369.1321274
52,Sample_S19S_0094_Sed,369.1555194
28,Sample_S19S_0094_Sed,369.1685393
13,Sample_S19S_0094_Sed,369.1837969
17,Sample_S19S_0094_Sed,369.1918398
32,Sample_S19S_0094_Sed,369.2282876
11,Sample_S19S_0094_Sed,371.0983408
44,Sample_S19S_0094_Sed,371.1347918
49,Sample_S19S_0094_Sed,371.171134
30,Sample_S19S_0094_Sed,371.2075705
25,Sample_S19S_0094_Sed,371.2439257
2,Sample_S19S_0094_Sed,372.3038234
12,Sample_S19S_0094_Sed,373.1504711
36,Sample_S19S_0094_Sed,373.1867821
37,Sample_S19S_0094_Sed,373.2231881
18,Sample_S19S_0094_Sed,374.2184652
3,Sample_S19S_0094_Sed,374.3194981
15,Sample_S19S_0094_Sed,375.0852221
25,Sample_S19S_0094_Sed,375.1297066
26,Sample_S19S_0094_Sed,375.1579842
17,Sample_S19S_0094_Sed,375.1660121
33,Sample_S19S_0094_Sed,375.194367
27,Sample_S19S_0094_Sed,375.2024285
11,Sample_S19S_0094_Sed,375.2387855
7,Sample_S19S_0094_Sed,376.1249335
3,Sample_S19S_0094_Sed,376.1895594
8,Sample_S19S_0094_Sed,376.2260146
3,Sample_S19S_0094_Sed,377.0856228
17,Sample_S19S_0094_Sed,377.100823
23,Sample_S19S_0094_Sed,377.1372608
33,Sample_S19S_0094_Sed,377.1735945
19,Sample_S19S_0094_Sed,377.2099902
7,Sample_S19S_0094_Sed,378.2052199
10,Sample_S19S_0094_Sed,378.2416575
8,Sample_S19S_0094_Sed,379.0800689
51,Sample_S19S_0094_Sed,379.1034645
24,Sample_S19S_0094_Sed,379.1165229
57,Sample_S19S_0094_Sed,379.1398402
33,Sample_S19S_0094_Sed,379.1528588
35,Sample_S19S_0094_Sed,379.1892722
19,Sample_S19S_0094_Sed,379.2256462
11,Sample_S19S_0094_Sed,380.148094
7,Sample_S19S_0094_Sed,380.2208704
10,Sample_S19S_0094_Sed,381.0826619
55,Sample_S19S_0094_Sed,381.1191186
25,Sample_S19S_0094_Sed,381.1321708
54,Sample_S19S_0094_Sed,381.1555031
24,Sample_S19S_0094_Sed,381.1684945
32,Sample_S19S_0094_Sed,381.1918695
14,Sample_S19S_0094_Sed,381.204939
4,Sample_S19S_0094_Sed,381.2411757
4,Sample_S19S_0094_Sed,382.0909883
5,Sample_S19S_0094_Sed,382.1273741
51,Sample_S19S_0094_Sed,383.0983806
6,Sample_S19S_0094_Sed,383.1113231
19,Sample_S19S_0094_Sed,383.1347075
26,Sample_S19S_0094_Sed,383.1477567
26,Sample_S19S_0094_Sed,383.1711132
25,Sample_S19S_0094_Sed,383.184187
40,Sample_S19S_0094_Sed,383.2075249
26,Sample_S19S_0094_Sed,383.2439132
12,Sample_S19S_0094_Sed,385.1139909
27,Sample_S19S_0094_Sed,385.1503825
17,Sample_S19S_0094_Sed,385.1634062
38,Sample_S19S_0094_Sed,385.1868285
14,Sample_S19S_0094_Sed,385.2231361
24,Sample_S19S_0094_Sed,385.2595906
26,Sample_S19S_0094_Sed,386.1820531
60,Sample_S19S_0094_Sed,387.1296791
23,Sample_S19S_0094_Sed,387.1579654
11,Sample_S19S_0094_Sed,387.1659841
23,Sample_S19S_0094_Sed,387.19436
35,Sample_S19S_0094_Sed,387.2024406
24,Sample_S19S_0094_Sed,387.2388297
2,Sample_S19S_0094_Sed,388.2987452
16,Sample_S19S_0094_Sed,389.1008827
20,Sample_S19S_0094_Sed,389.1372295
11,Sample_S19S_0094_Sed,389.1452618
15,Sample_S19S_0094_Sed,389.1605387
30,Sample_S19S_0094_Sed,389.1736085
20,Sample_S19S_0094_Sed,389.1816725
30,Sample_S19S_0094_Sed,389.2180886
6,Sample_S19S_0094_Sed,391.1034381
27,Sample_S19S_0094_Sed,391.1398852
24,Sample_S19S_0094_Sed,391.1528412
4,Sample_S19S_0094_Sed,391.1608948
21,Sample_S19S_0094_Sed,391.1892281
8,Sample_S19S_0094_Sed,391.2256863
5,Sample_S19S_0094_Sed,392.1198706
12,Sample_S19S_0094_Sed,392.2209084
1,Sample_S19S_0094_Sed,392.2572106
22,Sample_S19S_0094_Sed,393.0827628
36,Sample_S19S_0094_Sed,393.1191285
24,Sample_S19S_0094_Sed,393.1321265
18,Sample_S19S_0094_Sed,393.1554711
25,Sample_S19S_0094_Sed,393.1685262
22,Sample_S19S_0094_Sed,393.2049392
3,Sample_S19S_0094_Sed,393.2161336
19,Sample_S19S_0094_Sed,393.2412462
4,Sample_S19S_0094_Sed,393.2776995
4,Sample_S19S_0094_Sed,394.1637274
8,Sample_S19S_0094_Sed,394.2001939
5,Sample_S19S_0094_Sed,394.2364931
13,Sample_S19S_0094_Sed,395.0984243
19,Sample_S19S_0094_Sed,395.1114167
65,Sample_S19S_0094_Sed,395.1347697
30,Sample_S19S_0094_Sed,395.1477706
28,Sample_S19S_0094_Sed,395.171191
8,Sample_S19S_0094_Sed,395.2075813
22,Sample_S19S_0094_Sed,395.2205826
2,Sample_S19S_0094_Sed,395.2317962
11,Sample_S19S_0094_Sed,396.1430161
3,Sample_S19S_0094_Sed,396.1875433
9,Sample_S19S_0094_Sed,396.2158367
27,Sample_S19S_0094_Sed,397.1140135
20,Sample_S19S_0094_Sed,397.1270557
55,Sample_S19S_0094_Sed,397.1504225
25,Sample_S19S_0094_Sed,397.1634297
22,Sample_S19S_0094_Sed,397.1867602
15,Sample_S19S_0094_Sed,397.1997808
38,Sample_S19S_0094_Sed,397.2232052
7,Sample_S19S_0094_Sed,398.1222468
10,Sample_S19S_0094_Sed,398.1586554
14,Sample_S19S_0094_Sed,399.0932727
33,Sample_S19S_0094_Sed,399.1296635
12,Sample_S19S_0094_Sed,399.1579458
3,Sample_S19S_0094_Sed,399.1603437
5,Sample_S19S_0094_Sed,399.1659287
15,Sample_S19S_0094_Sed,399.1790309
37,Sample_S19S_0094_Sed,399.2024375
1,Sample_S19S_0094_Sed,399.2176725
19,Sample_S19S_0094_Sed,399.2388025
7,Sample_S19S_0094_Sed,400.1378995
51,Sample_S19S_0094_Sed,401.1453284
21,Sample_S19S_0094_Sed,401.1736033
14,Sample_S19S_0094_Sed,401.1816514
21,Sample_S19S_0094_Sed,401.2100146
29,Sample_S19S_0094_Sed,401.2180808
16,Sample_S19S_0094_Sed,401.2544603
4,Sample_S19S_0094_Sed,402.1405573
16,Sample_S19S_0094_Sed,403.1164656
23,Sample_S19S_0094_Sed,403.1529106
19,Sample_S19S_0094_Sed,403.1609357
34,Sample_S19S_0094_Sed,403.1973716
16,Sample_S19S_0094_Sed,403.2256482
12,Sample_S19S_0094_Sed,403.2336971
1,Sample_S19S_0094_Sed,403.3347743
15,Sample_S19S_0094_Sed,404.1926065
12,Sample_S19S_0094_Sed,405.1190623
28,Sample_S19S_0094_Sed,405.1321292
25,Sample_S19S_0094_Sed,405.1555362
29,Sample_S19S_0094_Sed,405.1685606
16,Sample_S19S_0094_Sed,405.2048711
11,Sample_S19S_0094_Sed,405.2412525
9,Sample_S19S_0094_Sed,406.2364932
2,Sample_S19S_0094_Sed,406.3092961
8,Sample_S19S_0094_Sed,407.0620299
35,Sample_S19S_0094_Sed,407.0983755
14,Sample_S19S_0094_Sed,407.1113661
40,Sample_S19S_0094_Sed,407.1347505
26,Sample_S19S_0094_Sed,407.1477958
3,Sample_S19S_0094_Sed,407.1712237
24,Sample_S19S_0094_Sed,407.2205546
12,Sample_S19S_0094_Sed,407.2568891
16,Sample_S19S_0094_Sed,408.2158005
3,Sample_S19S_0094_Sed,408.2521653
6,Sample_S19S_0094_Sed,409.07757
43,Sample_S19S_0094_Sed,409.1140221
24,Sample_S19S_0094_Sed,409.1270356
49,Sample_S19S_0094_Sed,409.1504235
16,Sample_S19S_0094_Sed,409.1633923
15,Sample_S19S_0094_Sed,409.1867344
15,Sample_S19S_0094_Sed,409.1997594
4,Sample_S19S_0094_Sed,409.2110293
17,Sample_S19S_0094_Sed,409.236154
8,Sample_S19S_0094_Sed,409.2725381
3,Sample_S19S_0094_Sed,410.0858454
7,Sample_S19S_0094_Sed,410.1221742
8,Sample_S19S_0094_Sed,410.1586186
28,Sample_S19S_0094_Sed,411.0933142
41,Sample_S19S_0094_Sed,411.1296933
32,Sample_S19S_0094_Sed,411.1426758
14,Sample_S19S_0094_Sed,411.1579879
2,Sample_S19S_0094_Sed,411.1603771
27,Sample_S19S_0094_Sed,411.1660419
24,Sample_S19S_0094_Sed,411.1790746
4,Sample_S19S_0094_Sed,411.2022993
23,Sample_S19S_0094_Sed,411.2154903
29,Sample_S19S_0094_Sed,411.2388467
7,Sample_S19S_0094_Sed,412.137911
32,Sample_S19S_0094_Sed,413.1089345
18,Sample_S19S_0094_Sed,413.1452768
10,Sample_S19S_0094_Sed,413.1583079
5,Sample_S19S_0094_Sed,413.1759958
6,Sample_S19S_0094_Sed,413.1816156
10,Sample_S19S_0094_Sed,413.1946295
1,Sample_S19S_0094_Sed,413.2124232
20,Sample_S19S_0094_Sed,413.2180661
24,Sample_S19S_0094_Sed,413.2544798
7,Sample_S19S_0094_Sed,414.1171605
4,Sample_S19S_0094_Sed,414.153523
11,Sample_S19S_0094_Sed,415.1164835
18,Sample_S19S_0094_Sed,415.1245406
38,Sample_S19S_0094_Sed,415.1609859
33,Sample_S19S_0094_Sed,415.1973464
14,Sample_S19S_0094_Sed,415.2336924
20,Sample_S19S_0094_Sed,415.2701205
8,Sample_S19S_0094_Sed,416.1925804
32,Sample_S19S_0094_Sed,417.1191101
27,Sample_S19S_0094_Sed,417.1321667
30,Sample_S19S_0094_Sed,417.1685514
15,Sample_S19S_0094_Sed,417.1765666
15,Sample_S19S_0094_Sed,417.2048604
8,Sample_S19S_0094_Sed,417.2128787
11,Sample_S19S_0094_Sed,417.2493486
3,Sample_S19S_0094_Sed,419.1113471
36,Sample_S19S_0094_Sed,419.1347745
22,Sample_S19S_0094_Sed,419.1478319
32,Sample_S19S_0094_Sed,419.1842051
4,Sample_S19S_0094_Sed,419.1921608
19,Sample_S19S_0094_Sed,419.2205119
10,Sample_S19S_0094_Sed,419.2285513
1,Sample_S19S_0094_Sed,419.3296987
7,Sample_S19S_0094_Sed,420.2521315
4,Sample_S19S_0094_Sed,420.2885838
38,Sample_S19S_0094_Sed,421.1140346
19,Sample_S19S_0094_Sed,421.1270174
1,Sample_S19S_0094_Sed,421.1552081
32,Sample_S19S_0094_Sed,421.1634511
1,Sample_S19S_0094_Sed,421.2265386
16,Sample_S19S_0094_Sed,421.2362004
5,Sample_S19S_0094_Sed,422.2031632
6,Sample_S19S_0094_Sed,423.093231
57,Sample_S19S_0094_Sed,423.1296813
17,Sample_S19S_0094_Sed,423.1426961
13,Sample_S19S_0094_Sed,423.1661225
29,Sample_S19S_0094_Sed,423.179095
44,Sample_S19S_0094_Sed,423.2024382
24,Sample_S19S_0094_Sed,423.2154249
6,Sample_S19S_0094_Sed,423.2517315
5,Sample_S19S_0094_Sed,425.1453873
24,Sample_S19S_0094_Sed,425.1583275
37,Sample_S19S_0094_Sed,425.1816982
20,Sample_S19S_0094_Sed,425.1947046
3,Sample_S19S_0094_Sed,425.2178813
19,Sample_S19S_0094_Sed,425.2311014
23,Sample_S19S_0094_Sed,425.2544996
10,Sample_S19S_0094_Sed,426.153527
43,Sample_S19S_0094_Sed,427.1245871
2,Sample_S19S_0094_Sed,427.1610597
31,Sample_S19S_0094_Sed,427.1973395
20,Sample_S19S_0094_Sed,427.2103578
27,Sample_S19S_0094_Sed,427.2337286
19,Sample_S19S_0094_Sed,427.2701368
1,Sample_S19S_0094_Sed,428.1329164
44,Sample_S19S_0094_Sed,429.1402424
7,Sample_S19S_0094_Sed,429.1555582
22,Sample_S19S_0094_Sed,429.1765924
10,Sample_S19S_0094_Sed,429.1896712
29,Sample_S19S_0094_Sed,429.2129876
22,Sample_S19S_0094_Sed,429.2494299
3,Sample_S19S_0094_Sed,430.1483983
10,Sample_S19S_0094_Sed,431.1113826
22,Sample_S19S_0094_Sed,431.1477957
21,Sample_S19S_0094_Sed,431.1922364
21,Sample_S19S_0094_Sed,431.2286229
8,Sample_S19S_0094_Sed,431.264934
6,Sample_S19S_0094_Sed,432.1876103
8,Sample_S19S_0094_Sed,433.1139658
8,Sample_S19S_0094_Sed,433.1269982
11,Sample_S19S_0094_Sed,433.1503758
29,Sample_S19S_0094_Sed,433.1634586
8,Sample_S19S_0094_Sed,433.1998888
23,Sample_S19S_0094_Sed,433.2079014
13,Sample_S19S_0094_Sed,433.2361951
6,Sample_S19S_0094_Sed,433.2441921
10,Sample_S19S_0094_Sed,434.2677929
24,Sample_S19S_0094_Sed,435.093324
11,Sample_S19S_0094_Sed,435.1062764
17,Sample_S19S_0094_Sed,435.1296329
13,Sample_S19S_0094_Sed,435.1426364
1,Sample_S19S_0094_Sed,435.160379
16,Sample_S19S_0094_Sed,435.1659973
29,Sample_S19S_0094_Sed,435.1790631
36,Sample_S19S_0094_Sed,435.2024665
14,Sample_S19S_0094_Sed,435.2155119
17,Sample_S19S_0094_Sed,435.25188
9,Sample_S19S_0094_Sed,436.1742724
10,Sample_S19S_0094_Sed,437.1088959
32,Sample_S19S_0094_Sed,437.1453651
28,Sample_S19S_0094_Sed,437.158378
34,Sample_S19S_0094_Sed,437.1817485
24,Sample_S19S_0094_Sed,437.1946984
18,Sample_S19S_0094_Sed,437.2310601
2,Sample_S19S_0094_Sed,437.2674258
12,Sample_S19S_0094_Sed,438.1900158
35,Sample_S19S_0094_Sed,439.1246064
9,Sample_S19S_0094_Sed,439.1375419
18,Sample_S19S_0094_Sed,439.1609425
2,Sample_S19S_0094_Sed,439.1916893
14,Sample_S19S_0094_Sed,439.1973056
11,Sample_S19S_0094_Sed,439.2103099
3,Sample_S19S_0094_Sed,439.246834
17,Sample_S19S_0094_Sed,439.2701623
6,Sample_S19S_0094_Sed,440.1328082
9,Sample_S19S_0094_Sed,440.1692728
30,Sample_S19S_0094_Sed,441.1402285
19,Sample_S19S_0094_Sed,441.1765589
13,Sample_S19S_0094_Sed,441.1895875
13,Sample_S19S_0094_Sed,441.2129575
17,Sample_S19S_0094_Sed,441.2260326
9,Sample_S19S_0094_Sed,441.2494531
12,Sample_S19S_0094_Sed,441.2858146
9,Sample_S19S_0094_Sed,442.1484515
7,Sample_S19S_0094_Sed,443.0984287
8,Sample_S19S_0094_Sed,443.1114516
33,Sample_S19S_0094_Sed,443.119518
1,Sample_S19S_0094_Sed,443.1348538
9,Sample_S19S_0094_Sed,443.1478565
40,Sample_S19S_0094_Sed,443.1558944
20,Sample_S19S_0094_Sed,443.1841796
12,Sample_S19S_0094_Sed,443.1922057
16,Sample_S19S_0094_Sed,443.2052319
7,Sample_S19S_0094_Sed,443.2285235
21,Sample_S19S_0094_Sed,443.2650816
6,Sample_S19S_0094_Sed,443.3014797
4,Sample_S19S_0094_Sed,444.2027089
6,Sample_S19S_0094_Sed,445.1139537
12,Sample_S19S_0094_Sed,445.127011
26,Sample_S19S_0094_Sed,445.1634705
31,Sample_S19S_0094_Sed,445.2079177
22,Sample_S19S_0094_Sed,445.2442897
4,Sample_S19S_0094_Sed,446.2031197
33,Sample_S19S_0094_Sed,447.1297048
23,Sample_S19S_0094_Sed,447.1427418
40,Sample_S19S_0094_Sed,447.1660641
28,Sample_S19S_0094_Sed,447.179104
2,Sample_S19S_0094_Sed,447.1869913
11,Sample_S19S_0094_Sed,447.2154152
8,Sample_S19S_0094_Sed,447.2234126
12,Sample_S19S_0094_Sed,447.2518394
18,Sample_S19S_0094_Sed,449.1219859
42,Sample_S19S_0094_Sed,449.1453221
34,Sample_S19S_0094_Sed,449.1583358
2,Sample_S19S_0094_Sed,449.1735875
14,Sample_S19S_0094_Sed,449.1816462
11,Sample_S19S_0094_Sed,449.1946593
16,Sample_S19S_0094_Sed,449.2310912
7,Sample_S19S_0094_Sed,449.267553
5,Sample_S19S_0094_Sed,450.1898917
23,Sample_S19S_0094_Sed,451.124616
21,Sample_S19S_0094_Sed,451.1376081
1,Sample_S19S_0094_Sed,451.1552795
16,Sample_S19S_0094_Sed,451.1609528
19,Sample_S19S_0094_Sed,451.1739524
2,Sample_S19S_0094_Sed,451.1916101
3,Sample_S19S_0094_Sed,451.1972791
12,Sample_S19S_0094_Sed,451.2103087
5,Sample_S19S_0094_Sed,451.2280387
14,Sample_S19S_0094_Sed,451.2467303
10,Sample_S19S_0094_Sed,451.2831359
10,Sample_S19S_0094_Sed,452.1328651
18,Sample_S19S_0094_Sed,452.1692639
15,Sample_S19S_0094_Sed,453.140211
17,Sample_S19S_0094_Sed,453.1532352
41,Sample_S19S_0094_Sed,453.1766436
28,Sample_S19S_0094_Sed,453.1896338
17,Sample_S19S_0094_Sed,453.2259797
8,Sample_S19S_0094_Sed,454.1484722
10,Sample_S19S_0094_Sed,454.1849077
4,Sample_S19S_0094_Sed,455.1558023
7,Sample_S19S_0094_Sed,455.1921775
18,Sample_S19S_0094_Sed,455.2052634
5,Sample_S19S_0094_Sed,455.2285132
16,Sample_S19S_0094_Sed,455.2416675
19,Sample_S19S_0094_Sed,455.2650512
1,Sample_S19S_0094_Sed,456.1642324
6,Sample_S19S_0094_Sed,457.1270095
24,Sample_S19S_0094_Sed,457.1715231
27,Sample_S19S_0094_Sed,457.2079257
13,Sample_S19S_0094_Sed,457.2442623
7,Sample_S19S_0094_Sed,457.280565
8,Sample_S19S_0094_Sed,459.1062882
19,Sample_S19S_0094_Sed,459.1296693
28,Sample_S19S_0094_Sed,459.142719
19,Sample_S19S_0094_Sed,459.1661042
27,Sample_S19S_0094_Sed,459.1872169
10,Sample_S19S_0094_Sed,459.2155229
13,Sample_S19S_0094_Sed,459.2235091
7,Sample_S19S_0094_Sed,459.2598321
9,Sample_S19S_0094_Sed,461.1452647
26,Sample_S19S_0094_Sed,461.1583343
17,Sample_S19S_0094_Sed,461.1817537
12,Sample_S19S_0094_Sed,461.1948089
10,Sample_S19S_0094_Sed,461.2027689
25,Sample_S19S_0094_Sed,461.2311454
11,Sample_S19S_0094_Sed,461.2391228
3,Sample_S19S_0094_Sed,461.2674378
4,Sample_S19S_0094_Sed,463.124491
2,Sample_S19S_0094_Sed,463.1375144
2,Sample_S19S_0094_Sed,463.1608564
10,Sample_S19S_0094_Sed,463.1739081
12,Sample_S19S_0094_Sed,463.1972938
33,Sample_S19S_0094_Sed,463.210366
22,Sample_S19S_0094_Sed,463.2467901
6,Sample_S19S_0094_Sed,463.2830341
26,Sample_S19S_0094_Sed,465.1532935
2,Sample_S19S_0094_Sed,465.1686035
34,Sample_S19S_0094_Sed,465.1766182
33,Sample_S19S_0094_Sed,465.1896305
5,Sample_S19S_0094_Sed,465.207298
13,Sample_S19S_0094_Sed,465.2259434
12,Sample_S19S_0094_Sed,465.2623148
1,Sample_S19S_0094_Sed,466.1847506
17,Sample_S19S_0094_Sed,467.1195422
16,Sample_S19S_0094_Sed,467.1558326
5,Sample_S19S_0094_Sed,467.1921933
19,Sample_S19S_0094_Sed,467.2052403
6,Sample_S19S_0094_Sed,467.2229454
29,Sample_S19S_0094_Sed,467.2286363
22,Sample_S19S_0094_Sed,467.2416996
6,Sample_S19S_0094_Sed,468.1640569
8,Sample_S19S_0094_Sed,468.2004429
4,Sample_S19S_0094_Sed,469.0986993
4,Sample_S19S_0094_Sed,469.1350525
25,Sample_S19S_0094_Sed,469.2078959
23,Sample_S19S_0094_Sed,469.2209608
27,Sample_S19S_0094_Sed,469.2442937
12,Sample_S19S_0094_Sed,469.2806636
5,Sample_S19S_0094_Sed,470.143395
9,Sample_S19S_0094_Sed,470.1798205
10,Sample_S19S_0094_Sed,471.1426129
3,Sample_S19S_0094_Sed,471.1506882
20,Sample_S19S_0094_Sed,471.1790652
17,Sample_S19S_0094_Sed,471.1871307
9,Sample_S19S_0094_Sed,471.2001285
23,Sample_S19S_0094_Sed,471.2235442
9,Sample_S19S_0094_Sed,471.2598467
6,Sample_S19S_0094_Sed,471.2961918
15,Sample_S19S_0094_Sed,473.121993
11,Sample_S19S_0094_Sed,473.1452829
7,Sample_S19S_0094_Sed,473.1582831
13,Sample_S19S_0094_Sed,473.1946924
9,Sample_S19S_0094_Sed,473.2027392
28,Sample_S19S_0094_Sed,473.2311386
22,Sample_S19S_0094_Sed,473.2392065
16,Sample_S19S_0094_Sed,473.2756478
19,Sample_S19S_0094_Sed,475.1376596
36,Sample_S19S_0094_Sed,475.1609843
28,Sample_S19S_0094_Sed,475.1739813
9,Sample_S19S_0094_Sed,475.2103074
3,Sample_S19S_0094_Sed,475.2546749
1,Sample_S19S_0094_Sed,477.1401075
8,Sample_S19S_0094_Sed,477.1531747
7,Sample_S19S_0094_Sed,477.1765167
11,Sample_S19S_0094_Sed,477.1895617
24,Sample_S19S_0094_Sed,477.2260597
16,Sample_S19S_0094_Sed,477.262427
11,Sample_S19S_0094_Sed,479.1194663
19,Sample_S19S_0094_Sed,479.1325629
30,Sample_S19S_0094_Sed,479.1559168
10,Sample_S19S_0094_Sed,479.1689644
35,Sample_S19S_0094_Sed,479.1923063
24,Sample_S19S_0094_Sed,479.2053091
1,Sample_S19S_0094_Sed,479.2229016
13,Sample_S19S_0094_Sed,479.2286027
23,Sample_S19S_0094_Sed,479.2416827
7,Sample_S19S_0094_Sed,480.151082
4,Sample_S19S_0094_Sed,480.1640335
17,Sample_S19S_0094_Sed,480.2005188
25,Sample_S19S_0094_Sed,481.1351677
8,Sample_S19S_0094_Sed,481.1634867
19,Sample_S19S_0094_Sed,481.1845085
1,Sample_S19S_0094_Sed,481.2020555
11,Sample_S19S_0094_Sed,481.2208584
13,Sample_S19S_0094_Sed,482.2161857
25,Sample_S19S_0094_Sed,483.1871699
16,Sample_S19S_0094_Sed,483.2001521
8,Sample_S19S_0094_Sed,483.2234722
14,Sample_S19S_0094_Sed,483.2364995
4,Sample_S19S_0094_Sed,483.259746
8,Sample_S19S_0094_Sed,483.2963101
8,Sample_S19S_0094_Sed,485.1584131
15,Sample_S19S_0094_Sed,485.2158694
6,Sample_S19S_0094_Sed,485.2390821
5,Sample_S19S_0094_Sed,485.275439
10,Sample_S19S_0094_Sed,487.1740711
7,Sample_S19S_0094_Sed,487.2104698
22,Sample_S19S_0094_Sed,487.2184679
20,Sample_S19S_0094_Sed,487.254845
2,Sample_S19S_0094_Sed,487.2911792
11,Sample_S19S_0094_Sed,489.1402055
2,Sample_S19S_0094_Sed,489.1765226
9,Sample_S19S_0094_Sed,489.1895365
9,Sample_S19S_0094_Sed,489.2259164
8,Sample_S19S_0094_Sed,489.2703605
10,Sample_S19S_0094_Sed,491.1558203
21,Sample_S19S_0094_Sed,491.1689084
7,Sample_S19S_0094_Sed,491.2053832
1,Sample_S19S_0094_Sed,491.2230199
6,Sample_S19S_0094_Sed,491.2417678
9,Sample_S19S_0094_Sed,491.2780744
2,Sample_S19S_0094_Sed,492.2448676
3,Sample_S19S_0094_Sed,493.1270629
34,Sample_S19S_0094_Sed,493.1351653
26,Sample_S19S_0094_Sed,493.1715856
8,Sample_S19S_0094_Sed,493.1846305
26,Sample_S19S_0094_Sed,493.2209368
13,Sample_S19S_0094_Sed,493.2572378
12,Sample_S19S_0094_Sed,494.1798099
5,Sample_S19S_0094_Sed,494.2160774
18,Sample_S19S_0094_Sed,495.1144449
3,Sample_S19S_0094_Sed,495.1427989
23,Sample_S19S_0094_Sed,495.1507984
14,Sample_S19S_0094_Sed,495.2001254
16,Sample_S19S_0094_Sed,495.2365338
1,Sample_S19S_0094_Sed,495.2541845
4,Sample_S19S_0094_Sed,495.2597197
9,Sample_S19S_0094_Sed,496.1590337
13,Sample_S19S_0094_Sed,496.1953999
6,Sample_S19S_0094_Sed,497.2157304
1,Sample_S19S_0094_Sed,497.2390455
12,Sample_S19S_0094_Sed,497.2522001
4,Sample_S19S_0094_Sed,497.3118372
9,Sample_S19S_0094_Sed,498.1617513
3,Sample_S19S_0094_Sed,498.2110253
11,Sample_S19S_0094_Sed,499.1740741
15,Sample_S19S_0094_Sed,499.2184243
4,Sample_S19S_0094_Sed,499.2546595
2,Sample_S19S_0094_Sed,499.2910097
20,Sample_S19S_0094_Sed,501.1532967
21,Sample_S19S_0094_Sed,501.1896846
17,Sample_S19S_0094_Sed,501.2341074
16,Sample_S19S_0094_Sed,501.2705063
6,Sample_S19S_0094_Sed,501.3067877
1,Sample_S19S_0094_Sed,502.2292793
15,Sample_S19S_0094_Sed,503.1195309
9,Sample_S19S_0094_Sed,503.2051842
10,Sample_S19S_0094_Sed,503.2415628
3,Sample_S19S_0094_Sed,503.2860944
5,Sample_S19S_0094_Sed,505.1350781
2,Sample_S19S_0094_Sed,505.1482794
33,Sample_S19S_0094_Sed,505.1715425
14,Sample_S19S_0094_Sed,505.1846129
10,Sample_S19S_0094_Sed,505.221033
18,Sample_S19S_0094_Sed,505.2573293
17,Sample_S19S_0094_Sed,507.2001826
12,Sample_S19S_0094_Sed,507.2364864
9,Sample_S19S_0094_Sed,507.2728559
1,Sample_S19S_0094_Sed,508.1955577
4,Sample_S19S_0094_Sed,509.1219812
7,Sample_S19S_0094_Sed,509.1947371
14,Sample_S19S_0094_Sed,509.2157568
7,Sample_S19S_0094_Sed,509.2391011
15,Sample_S19S_0094_Sed,509.2522003
2,Sample_S19S_0094_Sed,509.3766895
14,Sample_S19S_0094_Sed,510.2111059
1,Sample_S19S_0094_Sed,511.1375472
9,Sample_S19S_0094_Sed,511.231412
12,Sample_S19S_0094_Sed,511.2678647
6,Sample_S19S_0094_Sed,511.2911339
1,Sample_S19S_0094_Sed,512.1079158
6,Sample_S19S_0094_Sed,513.1531789
5,Sample_S19S_0094_Sed,513.233912
6,Sample_S19S_0094_Sed,513.2704612
7,Sample_S19S_0094_Sed,513.3068739
9,Sample_S19S_0094_Sed,515.2052029
6,Sample_S19S_0094_Sed,515.2416147
4,Sample_S19S_0094_Sed,515.2495874
9,Sample_S19S_0094_Sed,515.2860627
8,Sample_S19S_0094_Sed,515.3225486
3,Sample_S19S_0094_Sed,517.171616
13,Sample_S19S_0094_Sed,517.1846401
14,Sample_S19S_0094_Sed,517.2208996
10,Sample_S19S_0094_Sed,517.2572088
6,Sample_S19S_0094_Sed,517.2652212
4,Sample_S19S_0094_Sed,517.3015875
8,Sample_S19S_0094_Sed,519.1507584
26,Sample_S19S_0094_Sed,519.1872205
25,Sample_S19S_0094_Sed,519.2002386
9,Sample_S19S_0094_Sed,519.2366622
7,Sample_S19S_0094_Sed,519.2730269
6,Sample_S19S_0094_Sed,521.2027235
1,Sample_S19S_0094_Sed,521.2157156
17,Sample_S19S_0094_Sed,521.2521448
9,Sample_S19S_0094_Sed,521.288516
8,Sample_S19S_0094_Sed,523.1739853
10,Sample_S19S_0094_Sed,523.195055
16,Sample_S19S_0094_Sed,523.231536
15,Sample_S19S_0094_Sed,523.2678897
14,Sample_S19S_0094_Sed,524.1903581
4,Sample_S19S_0094_Sed,525.2106012
9,Sample_S19S_0094_Sed,525.2340332
11,Sample_S19S_0094_Sed,525.2470626
7,Sample_S19S_0094_Sed,525.270299
1,Sample_S19S_0094_Sed,526.1485958
5,Sample_S19S_0094_Sed,526.1929575
12,Sample_S19S_0094_Sed,527.1689685
4,Sample_S19S_0094_Sed,527.2495897
8,Sample_S19S_0094_Sed,527.28601
7,Sample_S19S_0094_Sed,529.1482589
15,Sample_S19S_0094_Sed,529.184567
7,Sample_S19S_0094_Sed,529.2652092
6,Sample_S19S_0094_Sed,529.3017656
5,Sample_S19S_0094_Sed,529.3381462
11,Sample_S19S_0094_Sed,531.1638843
10,Sample_S19S_0094_Sed,531.2001725
6,Sample_S19S_0094_Sed,531.236471
8,Sample_S19S_0094_Sed,531.280929
5,Sample_S19S_0094_Sed,531.3173436
23,Sample_S19S_0094_Sed,533.166456
13,Sample_S19S_0094_Sed,533.1795306
6,Sample_S19S_0094_Sed,533.2156961
2,Sample_S19S_0094_Sed,533.25209
18,Sample_S19S_0094_Sed,535.1951076
11,Sample_S19S_0094_Sed,535.2314389
5,Sample_S19S_0094_Sed,535.2491687
14,Sample_S19S_0094_Sed,535.2677938
21,Sample_S19S_0094_Sed,536.2267522
17,Sample_S19S_0094_Sed,537.2107257
6,Sample_S19S_0094_Sed,537.247225
15,Sample_S19S_0094_Sed,537.2835599
4,Sample_S19S_0094_Sed,539.1688297
1,Sample_S19S_0094_Sed,539.1768779
6,Sample_S19S_0094_Sed,539.2496267
6,Sample_S19S_0094_Sed,539.2859556
14,Sample_S19S_0094_Sed,541.2420761
6,Sample_S19S_0094_Sed,541.2652897
1,Sample_S19S_0094_Sed,541.3382737
3,Sample_S19S_0094_Sed,542.1433378
3,Sample_S19S_0094_Sed,542.1878502
12,Sample_S19S_0094_Sed,543.1638009
5,Sample_S19S_0094_Sed,543.2808575
3,Sample_S19S_0094_Sed,543.3173823
12,Sample_S19S_0094_Sed,545.2028931
12,Sample_S19S_0094_Sed,545.2159419
2,Sample_S19S_0094_Sed,545.2523758
1,Sample_S19S_0094_Sed,545.2602726
7,Sample_S19S_0094_Sed,545.2967065
3,Sample_S19S_0094_Sed,547.145805
1,Sample_S19S_0094_Sed,547.1952584
18,Sample_S19S_0094_Sed,547.2315171
17,Sample_S19S_0094_Sed,547.2678735
7,Sample_S19S_0094_Sed,549.2470293
5,Sample_S19S_0094_Sed,551.2262635
1,Sample_S19S_0094_Sed,551.2625265
4,Sample_S19S_0094_Sed,552.2217378
3,Sample_S19S_0094_Sed,553.2418178
1,Sample_S19S_0094_Sed,555.317208
8,Sample_S19S_0094_Sed,557.2602406
4,Sample_S19S_0094_Sed,557.3328937
1,Sample_S19S_0094_Sed,559.2316115
4,Sample_S19S_0094_Sed,559.3122783
9,Sample_S19S_0094_Sed,561.2106672
3,Sample_S19S_0094_Sed,561.2834147
13,Sample_S19S_0094_Sed,563.2627092
12,Sample_S19S_0094_Sed,565.2420146
10,Sample_S19S_0094_Sed,565.278449
6,Sample_S19S_0094_Sed,567.2576427
10,Sample_S19S_0094_Sed,567.2941333
1,Sample_S19S_0094_Sed,571.1588445
1,Sample_S19S_0094_Sed,571.2760902
3,Sample_S19S_0094_Sed,571.3124477
4,Sample_S19S_0094_Sed,573.247282
6,Sample_S19S_0094_Sed,573.2914942
6,Sample_S19S_0094_Sed,573.3278766
6,Sample_S19S_0094_Sed,575.226314
6,Sample_S19S_0094_Sed,577.3147968
6,Sample_S19S_0094_Sed,581.2733053
4,Sample_S19S_0094_Sed,585.2915587
4,Sample_S19S_0094_Sed,585.3277951
13,Sample_S19S_0094_Sed,593.2369956
1,Sample_S19S_0094_Sed,593.3098305
5,Sample_S19S_0094_Sed,597.4291056
1,Sample_S19S_0094_Sed,599.0778381
2,Sample_S19S_0094_Sed,601.3227706
2,Sample_S19S_0094_Sed,603.2941965
1,Sample_S19S_0094_Sed,615.3384583
2,Sample_S19S_0094_Sed,623.3201064
6,Sample_S19S_0094_Sed,627.4396665
5,Sample_S19S_0094_Sed,635.2840162
3,Sample_S19S_0094_Sed,641.3176725
1,Sample_S19S_0094_Sed,657.1529151
2,Sample_S19S_0094_Sed,663.3152942
