num.trans.involved.in,sample,peak
40,Sample_S19S_0020_Sed,241.03537
12,Sample_S19S_0020_Sed,241.0506299
21,Sample_S19S_0020_Sed,241.0717422
13,Sample_S19S_0020_Sed,241.1081087
10,Sample_S19S_0020_Sed,241.1445007
12,Sample_S19S_0020_Sed,242.0670034
14,Sample_S19S_0020_Sed,242.139775
4,Sample_S19S_0020_Sed,242.1761465
4,Sample_S19S_0020_Sed,243.0332768
47,Sample_S19S_0020_Sed,243.0510224
16,Sample_S19S_0020_Sed,243.0873816
10,Sample_S19S_0020_Sed,243.1237626
15,Sample_S19S_0020_Sed,243.1601665
20,Sample_S19S_0020_Sed,243.1965883
45,Sample_S19S_0020_Sed,245.0455587
2,Sample_S19S_0020_Sed,245.0489119
71,Sample_S19S_0020_Sed,245.0666847
59,Sample_S19S_0020_Sed,245.1030642
21,Sample_S19S_0020_Sed,245.1394342
1,Sample_S19S_0020_Sed,246.1095509
20,Sample_S19S_0020_Sed,247.024801
45,Sample_S19S_0020_Sed,247.0612011
63,Sample_S19S_0020_Sed,247.0823368
58,Sample_S19S_0020_Sed,247.0975945
45,Sample_S19S_0020_Sed,247.118733
11,Sample_S19S_0020_Sed,248.1139872
3,Sample_S19S_0020_Sed,249.0227066
56,Sample_S19S_0020_Sed,249.0404675
61,Sample_S19S_0020_Sed,249.0768527
51,Sample_S19S_0020_Sed,249.0979835
31,Sample_S19S_0020_Sed,249.1496147
6,Sample_S19S_0020_Sed,250.1448617
48,Sample_S19S_0020_Sed,251.0197332
32,Sample_S19S_0020_Sed,251.0560986
88,Sample_S19S_0020_Sed,251.0925063
4,Sample_S19S_0020_Sed,251.0958765
40,Sample_S19S_0020_Sed,251.1289035
28,Sample_S19S_0020_Sed,252.9989785
65,Sample_S19S_0020_Sed,253.0353983
86,Sample_S19S_0020_Sed,253.0717756
1,Sample_S19S_0020_Sed,253.0829986
22,Sample_S19S_0020_Sed,253.1081345
45,Sample_S19S_0020_Sed,253.1445337
69,Sample_S19S_0020_Sed,255.0510433
95,Sample_S19S_0020_Sed,255.0874163
24,Sample_S19S_0020_Sed,255.1237776
39,Sample_S19S_0020_Sed,255.1602018
10,Sample_S19S_0020_Sed,255.2329705
10,Sample_S19S_0020_Sed,256.0826837
56,Sample_S19S_0020_Sed,257.030304
73,Sample_S19S_0020_Sed,257.0666765
43,Sample_S19S_0020_Sed,257.1030521
55,Sample_S19S_0020_Sed,257.1394516
31,Sample_S19S_0020_Sed,257.175834
18,Sample_S19S_0020_Sed,257.2122374
31,Sample_S19S_0020_Sed,259.0248281
63,Sample_S19S_0020_Sed,259.0459547
74,Sample_S19S_0020_Sed,259.0823405
54,Sample_S19S_0020_Sed,259.1187072
42,Sample_S19S_0020_Sed,259.1551113
40,Sample_S19S_0020_Sed,261.040468
48,Sample_S19S_0020_Sed,261.061588
64,Sample_S19S_0020_Sed,261.0768598
48,Sample_S19S_0020_Sed,261.0980071
42,Sample_S19S_0020_Sed,261.1132477
54,Sample_S19S_0020_Sed,261.1343647
1,Sample_S19S_0020_Sed,261.9555802
27,Sample_S19S_0020_Sed,263.019721
54,Sample_S19S_0020_Sed,263.0561329
22,Sample_S19S_0020_Sed,263.0924815
47,Sample_S19S_0020_Sed,263.1136323
56,Sample_S19S_0020_Sed,265.0353938
58,Sample_S19S_0020_Sed,265.0717855
72,Sample_S19S_0020_Sed,265.1081545
5,Sample_S19S_0020_Sed,265.1479151
6,Sample_S19S_0020_Sed,265.1575521
10,Sample_S19S_0020_Sed,266.1246093
35,Sample_S19S_0020_Sed,267.0146829
73,Sample_S19S_0020_Sed,267.0510336
10,Sample_S19S_0020_Sed,267.0663132
1,Sample_S19S_0020_Sed,267.0735078
80,Sample_S19S_0020_Sed,267.0874299
71,Sample_S19S_0020_Sed,267.123805
37,Sample_S19S_0020_Sed,267.1601848
16,Sample_S19S_0020_Sed,268.0462977
22,Sample_S19S_0020_Sed,268.08266
46,Sample_S19S_0020_Sed,269.0303205
86,Sample_S19S_0020_Sed,269.0666802
79,Sample_S19S_0020_Sed,269.1030627
51,Sample_S19S_0020_Sed,269.1394657
37,Sample_S19S_0020_Sed,269.1758579
7,Sample_S19S_0020_Sed,270.2074858
48,Sample_S19S_0020_Sed,271.0459737
3,Sample_S19S_0020_Sed,271.0645721
63,Sample_S19S_0020_Sed,271.0823212
79,Sample_S19S_0020_Sed,271.118718
38,Sample_S19S_0020_Sed,271.1551343
37,Sample_S19S_0020_Sed,271.1914941
38,Sample_S19S_0020_Sed,273.040478
59,Sample_S19S_0020_Sed,273.061591
70,Sample_S19S_0020_Sed,273.0979879
47,Sample_S19S_0020_Sed,273.1343844
43,Sample_S19S_0020_Sed,273.1707658
36,Sample_S19S_0020_Sed,275.0197425
49,Sample_S19S_0020_Sed,275.0561155
66,Sample_S19S_0020_Sed,275.0772487
58,Sample_S19S_0020_Sed,275.1136274
45,Sample_S19S_0020_Sed,275.1500444
60,Sample_S19S_0020_Sed,277.0354157
58,Sample_S19S_0020_Sed,277.0717892
68,Sample_S19S_0020_Sed,277.1081544
40,Sample_S19S_0020_Sed,277.1293085
44,Sample_S19S_0020_Sed,277.1445377
21,Sample_S19S_0020_Sed,279.0146331
62,Sample_S19S_0020_Sed,279.0510516
39,Sample_S19S_0020_Sed,279.0874539
47,Sample_S19S_0020_Sed,279.1238221
12,Sample_S19S_0020_Sed,279.1449966
40,Sample_S19S_0020_Sed,279.160186
4,Sample_S19S_0020_Sed,279.1635618
13,Sample_S19S_0020_Sed,280.0463018
11,Sample_S19S_0020_Sed,280.1038615
3,Sample_S19S_0020_Sed,280.1402792
51,Sample_S19S_0020_Sed,281.0303339
83,Sample_S19S_0020_Sed,281.0666829
36,Sample_S19S_0020_Sed,281.1030502
65,Sample_S19S_0020_Sed,281.1394597
40,Sample_S19S_0020_Sed,283.0095898
72,Sample_S19S_0020_Sed,283.0459554
44,Sample_S19S_0020_Sed,283.0823169
87,Sample_S19S_0020_Sed,283.118715
2,Sample_S19S_0020_Sed,283.1373752
41,Sample_S19S_0020_Sed,283.1551309
17,Sample_S19S_0020_Sed,283.1915306
2,Sample_S19S_0020_Sed,283.2642602
13,Sample_S19S_0020_Sed,284.0776208
54,Sample_S19S_0020_Sed,285.0616357
3,Sample_S19S_0020_Sed,285.0745358
24,Sample_S19S_0020_Sed,285.0980306
8,Sample_S19S_0020_Sed,285.1262347
55,Sample_S19S_0020_Sed,285.1343948
46,Sample_S19S_0020_Sed,285.17075
7,Sample_S19S_0020_Sed,285.2071124
40,Sample_S19S_0020_Sed,287.0408776
73,Sample_S19S_0020_Sed,287.0772537
72,Sample_S19S_0020_Sed,287.1136282
59,Sample_S19S_0020_Sed,287.150015
38,Sample_S19S_0020_Sed,287.1864124
12,Sample_S19S_0020_Sed,287.2228145
46,Sample_S19S_0020_Sed,289.0354029
55,Sample_S19S_0020_Sed,289.0929075
63,Sample_S19S_0020_Sed,289.1292776
47,Sample_S19S_0020_Sed,289.1656738
1,Sample_S19S_0020_Sed,289.9868879
16,Sample_S19S_0020_Sed,290.1245994
39,Sample_S19S_0020_Sed,291.0146759
60,Sample_S19S_0020_Sed,291.0510416
41,Sample_S19S_0020_Sed,291.1085682
46,Sample_S19S_0020_Sed,291.1237966
33,Sample_S19S_0020_Sed,291.1449729
39,Sample_S19S_0020_Sed,291.1601932
4,Sample_S19S_0020_Sed,292.2129776
52,Sample_S19S_0020_Sed,293.0303357
58,Sample_S19S_0020_Sed,293.0667099
81,Sample_S19S_0020_Sed,293.1030793
36,Sample_S19S_0020_Sed,293.1242316
64,Sample_S19S_0020_Sed,293.1394564
9,Sample_S19S_0020_Sed,293.1757942
3,Sample_S19S_0020_Sed,293.179192
21,Sample_S19S_0020_Sed,295.0095496
59,Sample_S19S_0020_Sed,295.0459444
91,Sample_S19S_0020_Sed,295.0823376
88,Sample_S19S_0020_Sed,295.1187213
3,Sample_S19S_0020_Sed,295.137392
25,Sample_S19S_0020_Sed,295.1398774
52,Sample_S19S_0020_Sed,295.1550986
44,Sample_S19S_0020_Sed,297.025237
62,Sample_S19S_0020_Sed,297.0616262
50,Sample_S19S_0020_Sed,297.0980154
38,Sample_S19S_0020_Sed,297.1344063
3,Sample_S19S_0020_Sed,297.1529844
27,Sample_S19S_0020_Sed,297.1707937
1,Sample_S19S_0020_Sed,297.1860581
18,Sample_S19S_0020_Sed,298.0932671
47,Sample_S19S_0020_Sed,299.0408894
71,Sample_S19S_0020_Sed,299.0772616
71,Sample_S19S_0020_Sed,299.1136455
72,Sample_S19S_0020_Sed,299.1500243
33,Sample_S19S_0020_Sed,299.1864335
9,Sample_S19S_0020_Sed,299.2592121
35,Sample_S19S_0020_Sed,301.0353903
46,Sample_S19S_0020_Sed,301.0565488
30,Sample_S19S_0020_Sed,301.071792
56,Sample_S19S_0020_Sed,301.092932
47,Sample_S19S_0020_Sed,301.129318
50,Sample_S19S_0020_Sed,301.1656955
30,Sample_S19S_0020_Sed,303.0146906
67,Sample_S19S_0020_Sed,303.0721573
41,Sample_S19S_0020_Sed,303.0874395
69,Sample_S19S_0020_Sed,303.1085414
62,Sample_S19S_0020_Sed,303.1449308
37,Sample_S19S_0020_Sed,303.1813306
18,Sample_S19S_0020_Sed,304.1038383
15,Sample_S19S_0020_Sed,304.1402446
46,Sample_S19S_0020_Sed,305.0303157
64,Sample_S19S_0020_Sed,305.0666877
56,Sample_S19S_0020_Sed,305.1030852
32,Sample_S19S_0020_Sed,305.1242388
45,Sample_S19S_0020_Sed,305.1394662
12,Sample_S19S_0020_Sed,305.160638
8,Sample_S19S_0020_Sed,306.0831168
12,Sample_S19S_0020_Sed,306.1195211
3,Sample_S19S_0020_Sed,306.192305
64,Sample_S19S_0020_Sed,307.0459779
44,Sample_S19S_0020_Sed,307.0823737
4,Sample_S19S_0020_Sed,307.1585022
3,Sample_S19S_0020_Sed,307.194883
8,Sample_S19S_0020_Sed,308.098784
50,Sample_S19S_0020_Sed,309.0252469
84,Sample_S19S_0020_Sed,309.0616036
74,Sample_S19S_0020_Sed,309.0979773
71,Sample_S19S_0020_Sed,309.1343649
2,Sample_S19S_0020_Sed,309.1530159
49,Sample_S19S_0020_Sed,309.1707647
4,Sample_S19S_0020_Sed,309.1741269
12,Sample_S19S_0020_Sed,310.1508222
50,Sample_S19S_0020_Sed,311.0408991
68,Sample_S19S_0020_Sed,311.0772659
97,Sample_S19S_0020_Sed,311.1136352
66,Sample_S19S_0020_Sed,311.1500195
1,Sample_S19S_0020_Sed,311.1686157
13,Sample_S19S_0020_Sed,311.2228309
20,Sample_S19S_0020_Sed,312.0725103
1,Sample_S19S_0020_Sed,312.9846454
51,Sample_S19S_0020_Sed,313.0565398
67,Sample_S19S_0020_Sed,313.0929245
60,Sample_S19S_0020_Sed,313.1293014
31,Sample_S19S_0020_Sed,313.2020808
16,Sample_S19S_0020_Sed,313.2384778
19,Sample_S19S_0020_Sed,314.0881771
44,Sample_S19S_0020_Sed,315.035781
47,Sample_S19S_0020_Sed,315.0721791
14,Sample_S19S_0020_Sed,315.0873994
62,Sample_S19S_0020_Sed,315.1085755
60,Sample_S19S_0020_Sed,315.1449559
45,Sample_S19S_0020_Sed,315.1813307
9,Sample_S19S_0020_Sed,315.2541325
24,Sample_S19S_0020_Sed,316.1038062
21,Sample_S19S_0020_Sed,316.1402237
2,Sample_S19S_0020_Sed,316.1514197
36,Sample_S19S_0020_Sed,317.0303382
52,Sample_S19S_0020_Sed,317.0514233
53,Sample_S19S_0020_Sed,317.0666936
70,Sample_S19S_0020_Sed,317.0878157
30,Sample_S19S_0020_Sed,317.1030588
54,Sample_S19S_0020_Sed,317.124227
45,Sample_S19S_0020_Sed,317.1394552
50,Sample_S19S_0020_Sed,317.1606071
35,Sample_S19S_0020_Sed,317.1969836
2,Sample_S19S_0020_Sed,317.2446454
16,Sample_S19S_0020_Sed,318.1194966
5,Sample_S19S_0020_Sed,318.2286611
10,Sample_S19S_0020_Sed,319.0460069
51,Sample_S19S_0020_Sed,319.0823624
32,Sample_S19S_0020_Sed,319.103481
44,Sample_S19S_0020_Sed,319.139868
40,Sample_S19S_0020_Sed,319.1551015
12,Sample_S19S_0020_Sed,320.0987676
20,Sample_S19S_0020_Sed,320.1351354
1,Sample_S19S_0020_Sed,320.2442999
44,Sample_S19S_0020_Sed,321.0252313
50,Sample_S19S_0020_Sed,321.0616406
30,Sample_S19S_0020_Sed,321.0980285
51,Sample_S19S_0020_Sed,321.1343949
37,Sample_S19S_0020_Sed,321.1707672
4,Sample_S19S_0020_Sed,321.2105248
12,Sample_S19S_0020_Sed,322.1144282
1,Sample_S19S_0020_Sed,322.1508517
44,Sample_S19S_0020_Sed,323.0408542
81,Sample_S19S_0020_Sed,323.0772527
39,Sample_S19S_0020_Sed,323.1136726
51,Sample_S19S_0020_Sed,323.1500462
43,Sample_S19S_0020_Sed,323.1864241
3,Sample_S19S_0020_Sed,323.1897708
23,Sample_S19S_0020_Sed,324.0725027
13,Sample_S19S_0020_Sed,324.1300834
9,Sample_S19S_0020_Sed,324.1664479
7,Sample_S19S_0020_Sed,325.0201894
63,Sample_S19S_0020_Sed,325.0565425
81,Sample_S19S_0020_Sed,325.0928926
67,Sample_S19S_0020_Sed,325.1292996
43,Sample_S19S_0020_Sed,325.1657004
1,Sample_S19S_0020_Sed,325.1842438
49,Sample_S19S_0020_Sed,325.2020573
47,Sample_S19S_0020_Sed,327.035782
49,Sample_S19S_0020_Sed,327.0722018
57,Sample_S19S_0020_Sed,327.1085831
68,Sample_S19S_0020_Sed,327.1449492
3,Sample_S19S_0020_Sed,327.1636073
4,Sample_S19S_0020_Sed,327.2177565
16,Sample_S19S_0020_Sed,328.140231
25,Sample_S19S_0020_Sed,329.0514722
18,Sample_S19S_0020_Sed,329.0667319
79,Sample_S19S_0020_Sed,329.0878075
31,Sample_S19S_0020_Sed,329.1030905
58,Sample_S19S_0020_Sed,329.1242163
1,Sample_S19S_0020_Sed,329.152419
60,Sample_S19S_0020_Sed,329.1605843
39,Sample_S19S_0020_Sed,329.1969687
22,Sample_S19S_0020_Sed,329.2333488
27,Sample_S19S_0020_Sed,330.1194763
25,Sample_S19S_0020_Sed,331.0459941
46,Sample_S19S_0020_Sed,331.0670688
42,Sample_S19S_0020_Sed,331.0823608
46,Sample_S19S_0020_Sed,331.1034998
48,Sample_S19S_0020_Sed,331.1187275
23,Sample_S19S_0020_Sed,331.1399002
54,Sample_S19S_0020_Sed,331.1762541
17,Sample_S19S_0020_Sed,332.0987468
15,Sample_S19S_0020_Sed,332.1351167
15,Sample_S19S_0020_Sed,333.0252702
19,Sample_S19S_0020_Sed,333.0616512
27,Sample_S19S_0020_Sed,333.08277
53,Sample_S19S_0020_Sed,333.0980074
13,Sample_S19S_0020_Sed,333.1191757
24,Sample_S19S_0020_Sed,333.1344131
2,Sample_S19S_0020_Sed,333.1553813
23,Sample_S19S_0020_Sed,333.1707943
35,Sample_S19S_0020_Sed,333.1919042
2,Sample_S19S_0020_Sed,333.2395661
3,Sample_S19S_0020_Sed,333.2565676
14,Sample_S19S_0020_Sed,334.0568812
9,Sample_S19S_0020_Sed,334.0780188
11,Sample_S19S_0020_Sed,334.1144217
9,Sample_S19S_0020_Sed,334.1508295
32,Sample_S19S_0020_Sed,335.0409093
67,Sample_S19S_0020_Sed,335.0772597
26,Sample_S19S_0020_Sed,335.1136067
43,Sample_S19S_0020_Sed,335.150042
11,Sample_S19S_0020_Sed,335.2358032
1,Sample_S19S_0020_Sed,335.2552472
3,Sample_S19S_0020_Sed,336.0725571
2,Sample_S19S_0020_Sed,336.0937181
4,Sample_S19S_0020_Sed,336.1301036
13,Sample_S19S_0020_Sed,336.1664659
36,Sample_S19S_0020_Sed,337.0201415
29,Sample_S19S_0020_Sed,337.0564852
18,Sample_S19S_0020_Sed,337.0695448
71,Sample_S19S_0020_Sed,337.0929176
79,Sample_S19S_0020_Sed,337.1292866
28,Sample_S19S_0020_Sed,337.1504428
49,Sample_S19S_0020_Sed,337.1656867
12,Sample_S19S_0020_Sed,338.1456998
40,Sample_S19S_0020_Sed,339.0357996
84,Sample_S19S_0020_Sed,339.0721726
90,Sample_S19S_0020_Sed,339.1085453
28,Sample_S19S_0020_Sed,339.1449816
39,Sample_S19S_0020_Sed,339.1813533
4,Sample_S19S_0020_Sed,339.1999929
23,Sample_S19S_0020_Sed,340.1038147
4,Sample_S19S_0020_Sed,340.1613194
46,Sample_S19S_0020_Sed,341.0514621
85,Sample_S19S_0020_Sed,341.0878109
20,Sample_S19S_0020_Sed,341.100854
27,Sample_S19S_0020_Sed,341.12425
55,Sample_S19S_0020_Sed,341.1606173
5,Sample_S19S_0020_Sed,341.179252
43,Sample_S19S_0020_Sed,341.1969848
32,Sample_S19S_0020_Sed,343.0307124
38,Sample_S19S_0020_Sed,343.067113
81,Sample_S19S_0020_Sed,343.1034685
16,Sample_S19S_0020_Sed,343.1399075
52,Sample_S19S_0020_Sed,343.1762631
33,Sample_S19S_0020_Sed,343.2126496
16,Sample_S19S_0020_Sed,343.2490426
17,Sample_S19S_0020_Sed,344.0987606
2,Sample_S19S_0020_Sed,344.1350437
14,Sample_S19S_0020_Sed,344.1715382
2,Sample_S19S_0020_Sed,344.1827031
33,Sample_S19S_0020_Sed,345.0463327
43,Sample_S19S_0020_Sed,345.0616254
40,Sample_S19S_0020_Sed,345.0827674
39,Sample_S19S_0020_Sed,345.0980089
48,Sample_S19S_0020_Sed,345.1191373
9,Sample_S19S_0020_Sed,345.1344288
33,Sample_S19S_0020_Sed,345.1555412
5,Sample_S19S_0020_Sed,345.1919508
25,Sample_S19S_0020_Sed,345.2282779
23,Sample_S19S_0020_Sed,346.1143644
19,Sample_S19S_0020_Sed,346.1507606
1,Sample_S19S_0020_Sed,346.1619628
2,Sample_S19S_0020_Sed,346.2154294
40,Sample_S19S_0020_Sed,347.0408756
25,Sample_S19S_0020_Sed,347.0620279
64,Sample_S19S_0020_Sed,347.0772564
20,Sample_S19S_0020_Sed,347.0903002
26,Sample_S19S_0020_Sed,347.1136821
6,Sample_S19S_0020_Sed,347.1170036
25,Sample_S19S_0020_Sed,347.1348045
55,Sample_S19S_0020_Sed,347.1500262
39,Sample_S19S_0020_Sed,347.1711801
5,Sample_S19S_0020_Sed,347.1864695
15,Sample_S19S_0020_Sed,348.1300774
18,Sample_S19S_0020_Sed,348.1664038
10,Sample_S19S_0020_Sed,348.2028318
3,Sample_S19S_0020_Sed,348.231087
30,Sample_S19S_0020_Sed,349.0201636
8,Sample_S19S_0020_Sed,349.0564693
24,Sample_S19S_0020_Sed,349.1059291
59,Sample_S19S_0020_Sed,349.129303
52,Sample_S19S_0020_Sed,349.1656793
17,Sample_S19S_0020_Sed,350.1457077
10,Sample_S19S_0020_Sed,350.1821173
42,Sample_S19S_0020_Sed,351.0357871
51,Sample_S19S_0020_Sed,351.0721501
25,Sample_S19S_0020_Sed,351.1085115
30,Sample_S19S_0020_Sed,351.121581
33,Sample_S19S_0020_Sed,351.1449775
23,Sample_S19S_0020_Sed,351.2177372
2,Sample_S19S_0020_Sed,351.2210572
9,Sample_S19S_0020_Sed,351.2307319
2,Sample_S19S_0020_Sed,351.2500934
28,Sample_S19S_0020_Sed,353.0514753
86,Sample_S19S_0020_Sed,353.0878166
16,Sample_S19S_0020_Sed,353.1008561
60,Sample_S19S_0020_Sed,353.124233
35,Sample_S19S_0020_Sed,353.1605629
22,Sample_S19S_0020_Sed,353.1736275
1,Sample_S19S_0020_Sed,353.1791877
39,Sample_S19S_0020_Sed,353.1970034
4,Sample_S19S_0020_Sed,353.2003494
8,Sample_S19S_0020_Sed,353.2099396
4,Sample_S19S_0020_Sed,354.09608
10,Sample_S19S_0020_Sed,354.1406185
29,Sample_S19S_0020_Sed,355.0306981
16,Sample_S19S_0020_Sed,355.0459559
47,Sample_S19S_0020_Sed,355.0671162
82,Sample_S19S_0020_Sed,355.1034699
22,Sample_S19S_0020_Sed,355.1164999
15,Sample_S19S_0020_Sed,355.1399086
55,Sample_S19S_0020_Sed,355.1762476
6,Sample_S19S_0020_Sed,355.2126797
27,Sample_S19S_0020_Sed,356.1350838
28,Sample_S19S_0020_Sed,356.1715182
15,Sample_S19S_0020_Sed,357.0251986
31,Sample_S19S_0020_Sed,357.046323
27,Sample_S19S_0020_Sed,357.061636
65,Sample_S19S_0020_Sed,357.0827228
5,Sample_S19S_0020_Sed,357.0957003
16,Sample_S19S_0020_Sed,357.1110353
82,Sample_S19S_0020_Sed,357.1191097
68,Sample_S19S_0020_Sed,357.1554992
53,Sample_S19S_0020_Sed,357.191896
36,Sample_S19S_0020_Sed,357.2282738
12,Sample_S19S_0020_Sed,358.1871972
1,Sample_S19S_0020_Sed,358.1983945
21,Sample_S19S_0020_Sed,358.2235211
7,Sample_S19S_0020_Sed,359.0409252
41,Sample_S19S_0020_Sed,359.0619959
34,Sample_S19S_0020_Sed,359.077285
27,Sample_S19S_0020_Sed,359.0984239
49,Sample_S19S_0020_Sed,359.1347452
20,Sample_S19S_0020_Sed,359.1478017
42,Sample_S19S_0020_Sed,359.1500213
53,Sample_S19S_0020_Sed,359.1711775
16,Sample_S19S_0020_Sed,359.2074846
2,Sample_S19S_0020_Sed,360.1299489
19,Sample_S19S_0020_Sed,360.1664452
2,Sample_S19S_0020_Sed,360.1946802
26,Sample_S19S_0020_Sed,361.0201475
31,Sample_S19S_0020_Sed,361.056505
10,Sample_S19S_0020_Sed,361.069538
19,Sample_S19S_0020_Sed,361.077621
51,Sample_S19S_0020_Sed,361.0929312
45,Sample_S19S_0020_Sed,361.1140532
68,Sample_S19S_0020_Sed,361.1292859
28,Sample_S19S_0020_Sed,361.1423317
51,Sample_S19S_0020_Sed,361.1504109
27,Sample_S19S_0020_Sed,361.1657046
42,Sample_S19S_0020_Sed,361.186829
10,Sample_S19S_0020_Sed,361.2151155
11,Sample_S19S_0020_Sed,362.1093336
13,Sample_S19S_0020_Sed,362.1821174
43,Sample_S19S_0020_Sed,363.0357881
32,Sample_S19S_0020_Sed,363.0722122
55,Sample_S19S_0020_Sed,363.108539
22,Sample_S19S_0020_Sed,363.1215932
13,Sample_S19S_0020_Sed,363.129641
26,Sample_S19S_0020_Sed,363.1449786
14,Sample_S19S_0020_Sed,363.1812892
18,Sample_S19S_0020_Sed,363.1943423
4,Sample_S19S_0020_Sed,364.0885367
14,Sample_S19S_0020_Sed,364.1613157
6,Sample_S19S_0020_Sed,364.2259804
14,Sample_S19S_0020_Sed,365.0513776
13,Sample_S19S_0020_Sed,365.0644569
59,Sample_S19S_0020_Sed,365.0878382
23,Sample_S19S_0020_Sed,365.1008669
27,Sample_S19S_0020_Sed,365.1241727
24,Sample_S19S_0020_Sed,365.137244
14,Sample_S19S_0020_Sed,365.1606438
36,Sample_S19S_0020_Sed,365.1969623
19,Sample_S19S_0020_Sed,365.2100088
8,Sample_S19S_0020_Sed,366.1325089
32,Sample_S19S_0020_Sed,367.0306865
66,Sample_S19S_0020_Sed,367.0671094
13,Sample_S19S_0020_Sed,367.0801169
87,Sample_S19S_0020_Sed,367.1034613
18,Sample_S19S_0020_Sed,367.1165264
6,Sample_S19S_0020_Sed,367.1399195
37,Sample_S19S_0020_Sed,367.1762158
19,Sample_S19S_0020_Sed,367.189277
9,Sample_S19S_0020_Sed,367.1973448
34,Sample_S19S_0020_Sed,367.2126519
42,Sample_S19S_0020_Sed,368.0987097
5,Sample_S19S_0020_Sed,368.1117355
8,Sample_S19S_0020_Sed,368.1562607
21,Sample_S19S_0020_Sed,369.0463181
29,Sample_S19S_0020_Sed,369.061629
63,Sample_S19S_0020_Sed,369.0827443
15,Sample_S19S_0020_Sed,369.0957223
11,Sample_S19S_0020_Sed,369.1190631
17,Sample_S19S_0020_Sed,369.1321274
61,Sample_S19S_0020_Sed,369.1555194
23,Sample_S19S_0020_Sed,369.1685393
11,Sample_S19S_0020_Sed,369.1837969
17,Sample_S19S_0020_Sed,369.1918398
32,Sample_S19S_0020_Sed,369.2282876
28,Sample_S19S_0020_Sed,370.1507341
21,Sample_S19S_0020_Sed,371.0408802
49,Sample_S19S_0020_Sed,371.0620102
12,Sample_S19S_0020_Sed,371.0902981
19,Sample_S19S_0020_Sed,371.0983408
54,Sample_S19S_0020_Sed,371.1347918
47,Sample_S19S_0020_Sed,371.171134
34,Sample_S19S_0020_Sed,371.2075705
23,Sample_S19S_0020_Sed,371.2439257
14,Sample_S19S_0020_Sed,372.2028242
3,Sample_S19S_0020_Sed,372.3038234
12,Sample_S19S_0020_Sed,373.0201141
36,Sample_S19S_0020_Sed,373.0565482
23,Sample_S19S_0020_Sed,373.0776886
26,Sample_S19S_0020_Sed,373.09294
22,Sample_S19S_0020_Sed,373.1059583
42,Sample_S19S_0020_Sed,373.1140108
1,Sample_S19S_0020_Sed,373.1338584
17,Sample_S19S_0020_Sed,373.1504711
37,Sample_S19S_0020_Sed,373.1867821
35,Sample_S19S_0020_Sed,373.2231881
4,Sample_S19S_0020_Sed,373.287836
30,Sample_S19S_0020_Sed,374.1456527
13,Sample_S19S_0020_Sed,374.1820296
17,Sample_S19S_0020_Sed,374.2184652
9,Sample_S19S_0020_Sed,375.0358416
10,Sample_S19S_0020_Sed,375.0569615
47,Sample_S19S_0020_Sed,375.0721973
18,Sample_S19S_0020_Sed,375.0852221
36,Sample_S19S_0020_Sed,375.1297066
57,Sample_S19S_0020_Sed,375.1449442
25,Sample_S19S_0020_Sed,375.1579842
16,Sample_S19S_0020_Sed,375.1660121
28,Sample_S19S_0020_Sed,375.194367
26,Sample_S19S_0020_Sed,375.2024285
4,Sample_S19S_0020_Sed,375.230771
18,Sample_S19S_0020_Sed,376.1249335
15,Sample_S19S_0020_Sed,376.1976905
13,Sample_S19S_0020_Sed,377.0150486
45,Sample_S19S_0020_Sed,377.0514538
38,Sample_S19S_0020_Sed,377.0877952
15,Sample_S19S_0020_Sed,377.100823
8,Sample_S19S_0020_Sed,377.1088705
63,Sample_S19S_0020_Sed,377.1241915
22,Sample_S19S_0020_Sed,377.1372608
24,Sample_S19S_0020_Sed,377.1735945
14,Sample_S19S_0020_Sed,377.2099902
11,Sample_S19S_0020_Sed,377.2463996
16,Sample_S19S_0020_Sed,378.0831073
3,Sample_S19S_0020_Sed,378.2052199
6,Sample_S19S_0020_Sed,378.2416575
36,Sample_S19S_0020_Sed,379.0307221
12,Sample_S19S_0020_Sed,379.0670295
9,Sample_S19S_0020_Sed,379.0800689
85,Sample_S19S_0020_Sed,379.1034645
21,Sample_S19S_0020_Sed,379.1165229
25,Sample_S19S_0020_Sed,379.1528588
27,Sample_S19S_0020_Sed,379.1892722
15,Sample_S19S_0020_Sed,379.2256462
5,Sample_S19S_0020_Sed,380.1116712
41,Sample_S19S_0020_Sed,381.0463502
14,Sample_S19S_0020_Sed,381.0826619
9,Sample_S19S_0020_Sed,381.095685
81,Sample_S19S_0020_Sed,381.1191186
22,Sample_S19S_0020_Sed,381.1321708
73,Sample_S19S_0020_Sed,381.1555031
19,Sample_S19S_0020_Sed,381.1684945
33,Sample_S19S_0020_Sed,381.1918695
13,Sample_S19S_0020_Sed,381.204939
23,Sample_S19S_0020_Sed,381.2282913
1,Sample_S19S_0020_Sed,381.2316122
2,Sample_S19S_0020_Sed,381.2411757
18,Sample_S19S_0020_Sed,382.0779661
3,Sample_S19S_0020_Sed,382.0909883
5,Sample_S19S_0020_Sed,382.1273741
19,Sample_S19S_0020_Sed,383.0619616
79,Sample_S19S_0020_Sed,383.0983806
3,Sample_S19S_0020_Sed,383.1113231
17,Sample_S19S_0020_Sed,383.1266887
17,Sample_S19S_0020_Sed,383.1347075
23,Sample_S19S_0020_Sed,383.1477567
28,Sample_S19S_0020_Sed,383.1711132
20,Sample_S19S_0020_Sed,383.184187
42,Sample_S19S_0020_Sed,383.2075249
22,Sample_S19S_0020_Sed,383.2439132
12,Sample_S19S_0020_Sed,385.0412026
65,Sample_S19S_0020_Sed,385.0776412
7,Sample_S19S_0020_Sed,385.0905322
17,Sample_S19S_0020_Sed,385.1139909
3,Sample_S19S_0020_Sed,385.1269543
19,Sample_S19S_0020_Sed,385.1423072
32,Sample_S19S_0020_Sed,385.1503825
13,Sample_S19S_0020_Sed,385.1634062
1,Sample_S19S_0020_Sed,385.1702723
46,Sample_S19S_0020_Sed,385.1868285
13,Sample_S19S_0020_Sed,385.2231361
27,Sample_S19S_0020_Sed,387.0358113
12,Sample_S19S_0020_Sed,387.0568488
4,Sample_S19S_0020_Sed,387.0721252
11,Sample_S19S_0020_Sed,387.0851909
14,Sample_S19S_0020_Sed,387.0932457
50,Sample_S19S_0020_Sed,387.1085636
66,Sample_S19S_0020_Sed,387.1296791
19,Sample_S19S_0020_Sed,387.1579654
8,Sample_S19S_0020_Sed,387.1659841
18,Sample_S19S_0020_Sed,387.19436
39,Sample_S19S_0020_Sed,387.2024406
23,Sample_S19S_0020_Sed,387.2388297
2,Sample_S19S_0020_Sed,388.2987452
25,Sample_S19S_0020_Sed,389.051417
11,Sample_S19S_0020_Sed,389.0724972
46,Sample_S19S_0020_Sed,389.0878118
16,Sample_S19S_0020_Sed,389.1008827
27,Sample_S19S_0020_Sed,389.108981
66,Sample_S19S_0020_Sed,389.1242045
20,Sample_S19S_0020_Sed,389.1372295
11,Sample_S19S_0020_Sed,389.1452618
14,Sample_S19S_0020_Sed,389.1605387
25,Sample_S19S_0020_Sed,389.1736085
20,Sample_S19S_0020_Sed,389.1816725
30,Sample_S19S_0020_Sed,389.2180886
13,Sample_S19S_0020_Sed,391.0307447
25,Sample_S19S_0020_Sed,391.0670531
24,Sample_S19S_0020_Sed,391.1034381
14,Sample_S19S_0020_Sed,391.1245591
34,Sample_S19S_0020_Sed,391.1398852
20,Sample_S19S_0020_Sed,391.1528412
4,Sample_S19S_0020_Sed,391.1608948
25,Sample_S19S_0020_Sed,391.1762035
18,Sample_S19S_0020_Sed,391.1892281
2,Sample_S19S_0020_Sed,391.1972085
6,Sample_S19S_0020_Sed,391.2256863
28,Sample_S19S_0020_Sed,392.098752
1,Sample_S19S_0020_Sed,392.2572106
21,Sample_S19S_0020_Sed,393.0463154
58,Sample_S19S_0020_Sed,393.0827628
60,Sample_S19S_0020_Sed,393.1191285
21,Sample_S19S_0020_Sed,393.1321265
24,Sample_S19S_0020_Sed,393.1554711
22,Sample_S19S_0020_Sed,393.1685262
20,Sample_S19S_0020_Sed,393.2049392
3,Sample_S19S_0020_Sed,393.2776995
7,Sample_S19S_0020_Sed,394.1273232
4,Sample_S19S_0020_Sed,394.2001939
11,Sample_S19S_0020_Sed,395.0255818
28,Sample_S19S_0020_Sed,395.0619708
5,Sample_S19S_0020_Sed,395.0749518
32,Sample_S19S_0020_Sed,395.0984243
19,Sample_S19S_0020_Sed,395.1114167
96,Sample_S19S_0020_Sed,395.1347697
23,Sample_S19S_0020_Sed,395.1477706
36,Sample_S19S_0020_Sed,395.171191
13,Sample_S19S_0020_Sed,395.2075813
18,Sample_S19S_0020_Sed,395.2205826
2,Sample_S19S_0020_Sed,395.2317962
5,Sample_S19S_0020_Sed,396.1875433
19,Sample_S19S_0020_Sed,397.0412485
15,Sample_S19S_0020_Sed,397.0565368
18,Sample_S19S_0020_Sed,397.0775828
9,Sample_S19S_0020_Sed,397.1059758
50,Sample_S19S_0020_Sed,397.1140135
16,Sample_S19S_0020_Sed,397.1270557
69,Sample_S19S_0020_Sed,397.1504225
17,Sample_S19S_0020_Sed,397.1634297
23,Sample_S19S_0020_Sed,397.1867602
13,Sample_S19S_0020_Sed,397.1997808
34,Sample_S19S_0020_Sed,397.2232052
6,Sample_S19S_0020_Sed,398.1222468
39,Sample_S19S_0020_Sed,398.1456531
6,Sample_S19S_0020_Sed,399.0568344
17,Sample_S19S_0020_Sed,399.0721389
10,Sample_S19S_0020_Sed,399.085227
37,Sample_S19S_0020_Sed,399.0932727
48,Sample_S19S_0020_Sed,399.1296635
14,Sample_S19S_0020_Sed,399.1427258
12,Sample_S19S_0020_Sed,399.1579458
4,Sample_S19S_0020_Sed,399.1659287
6,Sample_S19S_0020_Sed,399.1790309
15,Sample_S19S_0020_Sed,399.1943775
40,Sample_S19S_0020_Sed,399.2024375
3,Sample_S19S_0020_Sed,399.2176725
15,Sample_S19S_0020_Sed,399.2388025
4,Sample_S19S_0020_Sed,400.1378995
32,Sample_S19S_0020_Sed,401.0514549
6,Sample_S19S_0020_Sed,401.0644945
9,Sample_S19S_0020_Sed,401.0725084
37,Sample_S19S_0020_Sed,401.1089631
61,Sample_S19S_0020_Sed,401.1453284
1,Sample_S19S_0020_Sed,401.1651827
19,Sample_S19S_0020_Sed,401.1736033
14,Sample_S19S_0020_Sed,401.1816514
25,Sample_S19S_0020_Sed,401.2180808
12,Sample_S19S_0020_Sed,401.2544603
2,Sample_S19S_0020_Sed,402.1042761
14,Sample_S19S_0020_Sed,402.1405573
1,Sample_S19S_0020_Sed,403.0305846
44,Sample_S19S_0020_Sed,403.0671122
42,Sample_S19S_0020_Sed,403.1034476
15,Sample_S19S_0020_Sed,403.1164656
11,Sample_S19S_0020_Sed,403.1245163
56,Sample_S19S_0020_Sed,403.1398463
20,Sample_S19S_0020_Sed,403.1529106
23,Sample_S19S_0020_Sed,403.1609357
35,Sample_S19S_0020_Sed,403.1973716
11,Sample_S19S_0020_Sed,403.2256482
11,Sample_S19S_0020_Sed,403.2336971
1,Sample_S19S_0020_Sed,403.3347743
20,Sample_S19S_0020_Sed,404.1926065
35,Sample_S19S_0020_Sed,405.0463718
31,Sample_S19S_0020_Sed,405.0827082
15,Sample_S19S_0020_Sed,405.1190623
26,Sample_S19S_0020_Sed,405.1321292
34,Sample_S19S_0020_Sed,405.1555362
26,Sample_S19S_0020_Sed,405.1685606
10,Sample_S19S_0020_Sed,405.1765627
13,Sample_S19S_0020_Sed,405.2048711
7,Sample_S19S_0020_Sed,405.2412525
5,Sample_S19S_0020_Sed,406.2364932
2,Sample_S19S_0020_Sed,406.3092961
5,Sample_S19S_0020_Sed,407.0255705
35,Sample_S19S_0020_Sed,407.0620299
70,Sample_S19S_0020_Sed,407.0983755
13,Sample_S19S_0020_Sed,407.1113661
55,Sample_S19S_0020_Sed,407.1347505
29,Sample_S19S_0020_Sed,407.1477958
3,Sample_S19S_0020_Sed,407.1712237
17,Sample_S19S_0020_Sed,407.2205546
8,Sample_S19S_0020_Sed,409.07757
1,Sample_S19S_0020_Sed,409.0930287
71,Sample_S19S_0020_Sed,409.1140221
20,Sample_S19S_0020_Sed,409.1270356
76,Sample_S19S_0020_Sed,409.1504235
11,Sample_S19S_0020_Sed,409.1633923
10,Sample_S19S_0020_Sed,409.1867344
6,Sample_S19S_0020_Sed,409.1997594
38,Sample_S19S_0020_Sed,409.2231724
7,Sample_S19S_0020_Sed,409.236154
9,Sample_S19S_0020_Sed,411.0568579
49,Sample_S19S_0020_Sed,411.0933142
7,Sample_S19S_0020_Sed,411.1062526
60,Sample_S19S_0020_Sed,411.1296933
23,Sample_S19S_0020_Sed,411.1426758
16,Sample_S19S_0020_Sed,411.1579879
38,Sample_S19S_0020_Sed,411.1660419
18,Sample_S19S_0020_Sed,411.1790746
3,Sample_S19S_0020_Sed,411.2022993
19,Sample_S19S_0020_Sed,411.2154903
25,Sample_S19S_0020_Sed,411.2388467
1,Sample_S19S_0020_Sed,412.137911
1,Sample_S19S_0020_Sed,413.072442
56,Sample_S19S_0020_Sed,413.1089345
7,Sample_S19S_0020_Sed,413.1218266
18,Sample_S19S_0020_Sed,413.1452768
8,Sample_S19S_0020_Sed,413.1583079
3,Sample_S19S_0020_Sed,413.1816156
1,Sample_S19S_0020_Sed,413.2015356
18,Sample_S19S_0020_Sed,413.2180661
23,Sample_S19S_0020_Sed,413.2544798
7,Sample_S19S_0020_Sed,414.1171605
12,Sample_S19S_0020_Sed,415.0306688
3,Sample_S19S_0020_Sed,415.0671726
2,Sample_S19S_0020_Sed,415.080159
38,Sample_S19S_0020_Sed,415.0881916
14,Sample_S19S_0020_Sed,415.1164835
19,Sample_S19S_0020_Sed,415.1245406
9,Sample_S19S_0020_Sed,415.1529316
48,Sample_S19S_0020_Sed,415.1609859
33,Sample_S19S_0020_Sed,415.1973464
12,Sample_S19S_0020_Sed,415.2336924
10,Sample_S19S_0020_Sed,416.1925804
10,Sample_S19S_0020_Sed,417.0674105
9,Sample_S19S_0020_Sed,417.0826722
7,Sample_S19S_0020_Sed,417.0957124
14,Sample_S19S_0020_Sed,417.1037889
49,Sample_S19S_0020_Sed,417.1191101
24,Sample_S19S_0020_Sed,417.1321667
31,Sample_S19S_0020_Sed,417.1402188
26,Sample_S19S_0020_Sed,417.1685514
14,Sample_S19S_0020_Sed,417.1765666
10,Sample_S19S_0020_Sed,417.2048604
3,Sample_S19S_0020_Sed,417.2128787
9,Sample_S19S_0020_Sed,417.2493486
24,Sample_S19S_0020_Sed,419.0619721
3,Sample_S19S_0020_Sed,419.0982983
4,Sample_S19S_0020_Sed,419.1113471
2,Sample_S19S_0020_Sed,419.1194106
16,Sample_S19S_0020_Sed,419.1478319
28,Sample_S19S_0020_Sed,419.1711927
31,Sample_S19S_0020_Sed,419.1842051
2,Sample_S19S_0020_Sed,419.1921608
12,Sample_S19S_0020_Sed,419.2205119
2,Sample_S19S_0020_Sed,419.3296987
3,Sample_S19S_0020_Sed,420.2521315
9,Sample_S19S_0020_Sed,421.0777047
14,Sample_S19S_0020_Sed,421.0906648
71,Sample_S19S_0020_Sed,421.1140346
15,Sample_S19S_0020_Sed,421.1270174
1,Sample_S19S_0020_Sed,421.1552081
29,Sample_S19S_0020_Sed,421.1634511
7,Sample_S19S_0020_Sed,421.1868654
3,Sample_S19S_0020_Sed,421.2265386
8,Sample_S19S_0020_Sed,421.2362004
6,Sample_S19S_0020_Sed,422.2031632
35,Sample_S19S_0020_Sed,423.0569089
14,Sample_S19S_0020_Sed,423.093231
80,Sample_S19S_0020_Sed,423.1296813
16,Sample_S19S_0020_Sed,423.1426961
15,Sample_S19S_0020_Sed,423.1661225
27,Sample_S19S_0020_Sed,423.179095
44,Sample_S19S_0020_Sed,423.2024382
3,Sample_S19S_0020_Sed,423.2387546
1,Sample_S19S_0020_Sed,423.2517315
19,Sample_S19S_0020_Sed,425.0361852
10,Sample_S19S_0020_Sed,425.0724714
33,Sample_S19S_0020_Sed,425.1089252
6,Sample_S19S_0020_Sed,425.1218239
8,Sample_S19S_0020_Sed,425.1453873
17,Sample_S19S_0020_Sed,425.1583275
39,Sample_S19S_0020_Sed,425.1816982
18,Sample_S19S_0020_Sed,425.1947046
1,Sample_S19S_0020_Sed,425.2026698
22,Sample_S19S_0020_Sed,425.2544996
6,Sample_S19S_0020_Sed,426.153527
4,Sample_S19S_0020_Sed,427.0307487
10,Sample_S19S_0020_Sed,427.0518808
19,Sample_S19S_0020_Sed,427.088175
61,Sample_S19S_0020_Sed,427.1245871
2,Sample_S19S_0020_Sed,427.1610597
31,Sample_S19S_0020_Sed,427.1973395
1,Sample_S19S_0020_Sed,427.2172449
24,Sample_S19S_0020_Sed,427.2337286
19,Sample_S19S_0020_Sed,427.2701368
17,Sample_S19S_0020_Sed,428.1562791
8,Sample_S19S_0020_Sed,428.1925676
14,Sample_S19S_0020_Sed,429.0463286
3,Sample_S19S_0020_Sed,429.1039457
1,Sample_S19S_0020_Sed,429.1192381
50,Sample_S19S_0020_Sed,429.1402424
24,Sample_S19S_0020_Sed,429.1765924
7,Sample_S19S_0020_Sed,429.1896712
26,Sample_S19S_0020_Sed,429.2129876
21,Sample_S19S_0020_Sed,429.2494299
26,Sample_S19S_0020_Sed,430.1354817
9,Sample_S19S_0020_Sed,431.0256563
27,Sample_S19S_0020_Sed,431.083125
44,Sample_S19S_0020_Sed,431.098388
9,Sample_S19S_0020_Sed,431.1113826
24,Sample_S19S_0020_Sed,431.1477957
12,Sample_S19S_0020_Sed,431.1558407
25,Sample_S19S_0020_Sed,431.1922364
4,Sample_S19S_0020_Sed,431.2206124
19,Sample_S19S_0020_Sed,431.2286229
5,Sample_S19S_0020_Sed,432.1876103
20,Sample_S19S_0020_Sed,433.0412948
13,Sample_S19S_0020_Sed,433.0906617
5,Sample_S19S_0020_Sed,433.0986887
6,Sample_S19S_0020_Sed,433.1139658
10,Sample_S19S_0020_Sed,433.1503758
23,Sample_S19S_0020_Sed,433.1634586
20,Sample_S19S_0020_Sed,433.1868494
5,Sample_S19S_0020_Sed,433.1998888
19,Sample_S19S_0020_Sed,433.2079014
7,Sample_S19S_0020_Sed,433.2361951
53,Sample_S19S_0020_Sed,435.093324
17,Sample_S19S_0020_Sed,435.1296329
8,Sample_S19S_0020_Sed,435.1426364
24,Sample_S19S_0020_Sed,435.1790631
45,Sample_S19S_0020_Sed,435.2024665
12,Sample_S19S_0020_Sed,435.2155119
16,Sample_S19S_0020_Sed,437.0361523
15,Sample_S19S_0020_Sed,437.1088959
41,Sample_S19S_0020_Sed,437.1453651
43,Sample_S19S_0020_Sed,437.1817485
19,Sample_S19S_0020_Sed,437.1946984
5,Sample_S19S_0020_Sed,437.2180272
1,Sample_S19S_0020_Sed,437.2674258
6,Sample_S19S_0020_Sed,439.051737
47,Sample_S19S_0020_Sed,439.0882098
52,Sample_S19S_0020_Sed,439.1246064
21,Sample_S19S_0020_Sed,439.1609425
12,Sample_S19S_0020_Sed,439.1973056
5,Sample_S19S_0020_Sed,439.2103099
3,Sample_S19S_0020_Sed,439.246834
17,Sample_S19S_0020_Sed,439.2701623
21,Sample_S19S_0020_Sed,441.1039049
43,Sample_S19S_0020_Sed,441.1402285
10,Sample_S19S_0020_Sed,441.168514
15,Sample_S19S_0020_Sed,441.1765589
6,Sample_S19S_0020_Sed,441.1895875
12,Sample_S19S_0020_Sed,441.2129575
1,Sample_S19S_0020_Sed,441.232887
9,Sample_S19S_0020_Sed,441.2494531
16,Sample_S19S_0020_Sed,443.0830557
5,Sample_S19S_0020_Sed,443.1478565
46,Sample_S19S_0020_Sed,443.1558944
12,Sample_S19S_0020_Sed,443.1922057
10,Sample_S19S_0020_Sed,443.2052319
4,Sample_S19S_0020_Sed,443.2285235
18,Sample_S19S_0020_Sed,443.2650816
6,Sample_S19S_0020_Sed,443.3014797
19,Sample_S19S_0020_Sed,445.0623769
3,Sample_S19S_0020_Sed,445.0986624
41,Sample_S19S_0020_Sed,445.1715289
30,Sample_S19S_0020_Sed,445.2079177
15,Sample_S19S_0020_Sed,445.2362316
2,Sample_S19S_0020_Sed,447.056785
49,Sample_S19S_0020_Sed,447.1297048
20,Sample_S19S_0020_Sed,447.1427418
52,Sample_S19S_0020_Sed,447.1660641
22,Sample_S19S_0020_Sed,447.179104
7,Sample_S19S_0020_Sed,447.2154152
1,Sample_S19S_0020_Sed,447.2234126
6,Sample_S19S_0020_Sed,447.2518394
19,Sample_S19S_0020_Sed,449.1219859
60,Sample_S19S_0020_Sed,449.1453221
29,Sample_S19S_0020_Sed,449.1583358
1,Sample_S19S_0020_Sed,449.1735875
5,Sample_S19S_0020_Sed,449.1946593
13,Sample_S19S_0020_Sed,449.2310912
3,Sample_S19S_0020_Sed,450.1898917
4,Sample_S19S_0020_Sed,451.0517204
15,Sample_S19S_0020_Sed,451.0881744
37,Sample_S19S_0020_Sed,451.124616
22,Sample_S19S_0020_Sed,451.1376081
21,Sample_S19S_0020_Sed,451.1609528
9,Sample_S19S_0020_Sed,451.1739524
1,Sample_S19S_0020_Sed,451.1916101
4,Sample_S19S_0020_Sed,451.1972791
8,Sample_S19S_0020_Sed,451.2103087
8,Sample_S19S_0020_Sed,451.2467303
14,Sample_S19S_0020_Sed,452.1328651
15,Sample_S19S_0020_Sed,452.1692639
8,Sample_S19S_0020_Sed,453.0673983
6,Sample_S19S_0020_Sed,453.1037558
14,Sample_S19S_0020_Sed,453.1532352
53,Sample_S19S_0020_Sed,453.1766436
20,Sample_S19S_0020_Sed,453.1896338
9,Sample_S19S_0020_Sed,454.1849077
31,Sample_S19S_0020_Sed,455.0831528
5,Sample_S19S_0020_Sed,455.111472
18,Sample_S19S_0020_Sed,455.1194736
5,Sample_S19S_0020_Sed,455.1921775
13,Sample_S19S_0020_Sed,455.2052634
22,Sample_S19S_0020_Sed,455.2650512
17,Sample_S19S_0020_Sed,457.0624071
8,Sample_S19S_0020_Sed,457.0776174
10,Sample_S19S_0020_Sed,457.0986905
11,Sample_S19S_0020_Sed,457.1350642
10,Sample_S19S_0020_Sed,457.1634444
26,Sample_S19S_0020_Sed,457.1715231
33,Sample_S19S_0020_Sed,457.2079257
12,Sample_S19S_0020_Sed,457.2362399
11,Sample_S19S_0020_Sed,457.2442623
10,Sample_S19S_0020_Sed,459.0779746
8,Sample_S19S_0020_Sed,459.1062882
12,Sample_S19S_0020_Sed,459.1143457
33,Sample_S19S_0020_Sed,459.1872169
10,Sample_S19S_0020_Sed,459.2235091
2,Sample_S19S_0020_Sed,461.1088271
22,Sample_S19S_0020_Sed,461.1583343
20,Sample_S19S_0020_Sed,461.1817537
6,Sample_S19S_0020_Sed,461.1948089
11,Sample_S19S_0020_Sed,461.2027689
24,Sample_S19S_0020_Sed,461.2311454
24,Sample_S19S_0020_Sed,463.0881954
3,Sample_S19S_0020_Sed,463.124491
4,Sample_S19S_0020_Sed,463.1739081
23,Sample_S19S_0020_Sed,463.210366
19,Sample_S19S_0020_Sed,463.2467901
5,Sample_S19S_0020_Sed,465.06738
17,Sample_S19S_0020_Sed,465.1038259
24,Sample_S19S_0020_Sed,465.1896305
30,Sample_S19S_0020_Sed,467.0831629
3,Sample_S19S_0020_Sed,467.1921933
12,Sample_S19S_0020_Sed,467.2052403
24,Sample_S19S_0020_Sed,467.2286363
2,Sample_S19S_0020_Sed,469.1843946
23,Sample_S19S_0020_Sed,469.2078959
18,Sample_S19S_0020_Sed,469.2209608
9,Sample_S19S_0020_Sed,469.2806636
22,Sample_S19S_0020_Sed,471.2235442
3,Sample_S19S_0020_Sed,471.2598467
1,Sample_S19S_0020_Sed,471.2961918
16,Sample_S19S_0020_Sed,473.0726032
22,Sample_S19S_0020_Sed,473.0937108
7,Sample_S19S_0020_Sed,473.1946924
6,Sample_S19S_0020_Sed,473.2027392
16,Sample_S19S_0020_Sed,473.2756478
16,Sample_S19S_0020_Sed,475.1376596
47,Sample_S19S_0020_Sed,475.1609843
23,Sample_S19S_0020_Sed,475.1739813
4,Sample_S19S_0020_Sed,475.2103074
19,Sample_S19S_0020_Sed,477.0674882
6,Sample_S19S_0020_Sed,477.1037802
21,Sample_S19S_0020_Sed,477.2260597
10,Sample_S19S_0020_Sed,477.262427
2,Sample_S19S_0020_Sed,479.0830028
48,Sample_S19S_0020_Sed,479.1559168
7,Sample_S19S_0020_Sed,479.1689644
41,Sample_S19S_0020_Sed,479.1923063
20,Sample_S19S_0020_Sed,479.2053091
15,Sample_S19S_0020_Sed,479.2416827
30,Sample_S19S_0020_Sed,481.0987747
7,Sample_S19S_0020_Sed,481.1634867
2,Sample_S19S_0020_Sed,481.2572296
3,Sample_S19S_0020_Sed,482.1797251
29,Sample_S19S_0020_Sed,483.1144642
25,Sample_S19S_0020_Sed,483.1871699
5,Sample_S19S_0020_Sed,483.2234722
6,Sample_S19S_0020_Sed,483.2963101
34,Sample_S19S_0020_Sed,485.1300644
6,Sample_S19S_0020_Sed,485.1584131
8,Sample_S19S_0020_Sed,487.1375846
15,Sample_S19S_0020_Sed,487.254845
19,Sample_S19S_0020_Sed,489.067487
13,Sample_S19S_0020_Sed,489.1402055
2,Sample_S19S_0020_Sed,489.2259164
2,Sample_S19S_0020_Sed,489.2623275
36,Sample_S19S_0020_Sed,491.1922945
3,Sample_S19S_0020_Sed,491.2053832
3,Sample_S19S_0020_Sed,491.2417678
47,Sample_S19S_0020_Sed,493.1351653
4,Sample_S19S_0020_Sed,493.1846305
2,Sample_S19S_0020_Sed,493.2572378
17,Sample_S19S_0020_Sed,495.0780179
2,Sample_S19S_0020_Sed,495.1427989
35,Sample_S19S_0020_Sed,495.1507984
1,Sample_S19S_0020_Sed,497.1301476
19,Sample_S19S_0020_Sed,499.1093112
11,Sample_S19S_0020_Sed,499.2104255
18,Sample_S19S_0020_Sed,501.2341074
2,Sample_S19S_0020_Sed,501.3067877
30,Sample_S19S_0020_Sed,503.1195309
12,Sample_S19S_0020_Sed,503.1558462
1,Sample_S19S_0020_Sed,503.2415628
3,Sample_S19S_0020_Sed,503.2779927
5,Sample_S19S_0020_Sed,505.221033
25,Sample_S19S_0020_Sed,507.1144464
13,Sample_S19S_0020_Sed,507.2001826
19,Sample_S19S_0020_Sed,509.0937287
15,Sample_S19S_0020_Sed,511.0729714
1,Sample_S19S_0020_Sed,511.1375472
4,Sample_S19S_0020_Sed,511.1739404
2,Sample_S19S_0020_Sed,511.2911339
9,Sample_S19S_0020_Sed,512.1903568
6,Sample_S19S_0020_Sed,513.1248843
4,Sample_S19S_0020_Sed,513.2704612
4,Sample_S19S_0020_Sed,514.2292956
15,Sample_S19S_0020_Sed,515.1042917
2,Sample_S19S_0020_Sed,515.2052029
3,Sample_S19S_0020_Sed,515.2860627
6,Sample_S19S_0020_Sed,515.3225486
2,Sample_S19S_0020_Sed,517.098859
2,Sample_S19S_0020_Sed,517.1352552
11,Sample_S19S_0020_Sed,517.2208996
4,Sample_S19S_0020_Sed,519.0779454
3,Sample_S19S_0020_Sed,519.2366622
16,Sample_S19S_0020_Sed,521.0937324
8,Sample_S19S_0020_Sed,529.2573138
4,Sample_S19S_0020_Sed,529.3017656
4,Sample_S19S_0020_Sed,531.1144803
2,Sample_S19S_0020_Sed,535.1094222
3,Sample_S19S_0020_Sed,542.1878502
1,Sample_S19S_0020_Sed,551.2625265
3,Sample_S19S_0020_Sed,559.2394801
1,Sample_S19S_0020_Sed,559.3122783
