num.trans.involved.in,sample,peak
1,Sample_S19S_0016_Sed,241.0466195
11,Sample_S19S_0016_Sed,241.0717422
9,Sample_S19S_0016_Sed,241.1081087
8,Sample_S19S_0016_Sed,241.1445007
30,Sample_S19S_0016_Sed,241.1809156
7,Sample_S19S_0016_Sed,242.0670034
13,Sample_S19S_0016_Sed,242.139775
4,Sample_S19S_0016_Sed,242.1761465
24,Sample_S19S_0016_Sed,243.0510224
9,Sample_S19S_0016_Sed,243.0873816
8,Sample_S19S_0016_Sed,243.1237626
17,Sample_S19S_0016_Sed,243.1601665
30,Sample_S19S_0016_Sed,243.1965883
6,Sample_S19S_0016_Sed,244.1302798
40,Sample_S19S_0016_Sed,245.0666847
45,Sample_S19S_0016_Sed,245.1030642
3,Sample_S19S_0016_Sed,245.1142776
24,Sample_S19S_0016_Sed,245.1394342
49,Sample_S19S_0016_Sed,247.0823368
46,Sample_S19S_0016_Sed,247.118733
17,Sample_S19S_0016_Sed,249.1132224
34,Sample_S19S_0016_Sed,249.1496147
8,Sample_S19S_0016_Sed,250.1448617
2,Sample_S19S_0016_Sed,251.0785764
33,Sample_S19S_0016_Sed,251.1289035
34,Sample_S19S_0016_Sed,251.1652673
37,Sample_S19S_0016_Sed,253.0717756
18,Sample_S19S_0016_Sed,253.1081345
50,Sample_S19S_0016_Sed,253.1445337
2,Sample_S19S_0016_Sed,255.0622462
56,Sample_S19S_0016_Sed,255.0874163
22,Sample_S19S_0016_Sed,255.1237776
47,Sample_S19S_0016_Sed,255.1602018
38,Sample_S19S_0016_Sed,255.1965909
18,Sample_S19S_0016_Sed,255.2329705
32,Sample_S19S_0016_Sed,257.0666765
2,Sample_S19S_0016_Sed,257.0779166
31,Sample_S19S_0016_Sed,257.1030521
56,Sample_S19S_0016_Sed,257.1394516
38,Sample_S19S_0016_Sed,257.175834
30,Sample_S19S_0016_Sed,257.2122374
10,Sample_S19S_0016_Sed,258.0983343
6,Sample_S19S_0016_Sed,258.145966
42,Sample_S19S_0016_Sed,259.0823405
53,Sample_S19S_0016_Sed,259.1187072
6,Sample_S19S_0016_Sed,259.1299532
50,Sample_S19S_0016_Sed,259.1551113
28,Sample_S19S_0016_Sed,259.1914889
37,Sample_S19S_0016_Sed,261.0980071
54,Sample_S19S_0016_Sed,261.1343647
1,Sample_S19S_0016_Sed,261.9555802
11,Sample_S19S_0016_Sed,262.0932448
24,Sample_S19S_0016_Sed,263.128908
34,Sample_S19S_0016_Sed,263.1652771
15,Sample_S19S_0016_Sed,264.1605215
35,Sample_S19S_0016_Sed,265.1445692
1,Sample_S19S_0016_Sed,265.1479151
19,Sample_S19S_0016_Sed,265.1809039
1,Sample_S19S_0016_Sed,266.089493
37,Sample_S19S_0016_Sed,267.0874299
62,Sample_S19S_0016_Sed,267.123805
50,Sample_S19S_0016_Sed,267.1601848
41,Sample_S19S_0016_Sed,267.1965985
37,Sample_S19S_0016_Sed,269.0666802
49,Sample_S19S_0016_Sed,269.1030627
54,Sample_S19S_0016_Sed,269.1394657
49,Sample_S19S_0016_Sed,269.1758579
36,Sample_S19S_0016_Sed,269.2122378
34,Sample_S19S_0016_Sed,271.0823212
67,Sample_S19S_0016_Sed,271.118718
46,Sample_S19S_0016_Sed,271.1551343
46,Sample_S19S_0016_Sed,271.1914941
28,Sample_S19S_0016_Sed,271.227892
52,Sample_S19S_0016_Sed,273.0979879
47,Sample_S19S_0016_Sed,273.1343844
50,Sample_S19S_0016_Sed,273.1707658
11,Sample_S19S_0016_Sed,274.0932637
35,Sample_S19S_0016_Sed,275.0772487
48,Sample_S19S_0016_Sed,275.1136274
42,Sample_S19S_0016_Sed,275.1500444
14,Sample_S19S_0016_Sed,276.108923
28,Sample_S19S_0016_Sed,277.0929294
39,Sample_S19S_0016_Sed,277.1081544
43,Sample_S19S_0016_Sed,277.1445377
34,Sample_S19S_0016_Sed,277.1809457
33,Sample_S19S_0016_Sed,279.1238221
49,Sample_S19S_0016_Sed,279.160186
2,Sample_S19S_0016_Sed,280.068733
20,Sample_S19S_0016_Sed,281.1030502
59,Sample_S19S_0016_Sed,281.1394597
41,Sample_S19S_0016_Sed,281.1758716
19,Sample_S19S_0016_Sed,283.0823169
70,Sample_S19S_0016_Sed,283.118715
48,Sample_S19S_0016_Sed,283.1551309
26,Sample_S19S_0016_Sed,283.1915306
15,Sample_S19S_0016_Sed,283.2279218
13,Sample_S19S_0016_Sed,285.0616357
13,Sample_S19S_0016_Sed,285.0980306
7,Sample_S19S_0016_Sed,285.1262347
44,Sample_S19S_0016_Sed,285.1343948
56,Sample_S19S_0016_Sed,285.17075
10,Sample_S19S_0016_Sed,285.2071124
15,Sample_S19S_0016_Sed,286.1660572
38,Sample_S19S_0016_Sed,287.0772537
55,Sample_S19S_0016_Sed,287.1136282
66,Sample_S19S_0016_Sed,287.150015
49,Sample_S19S_0016_Sed,287.1864124
21,Sample_S19S_0016_Sed,287.2228145
1,Sample_S19S_0016_Sed,288.1565445
38,Sample_S19S_0016_Sed,289.0929075
53,Sample_S19S_0016_Sed,289.1292776
49,Sample_S19S_0016_Sed,289.1656738
1,Sample_S19S_0016_Sed,289.9868879
16,Sample_S19S_0016_Sed,290.1245994
33,Sample_S19S_0016_Sed,291.1085682
32,Sample_S19S_0016_Sed,291.1237966
36,Sample_S19S_0016_Sed,291.1449729
38,Sample_S19S_0016_Sed,291.1601932
31,Sample_S19S_0016_Sed,291.1965973
11,Sample_S19S_0016_Sed,292.1038307
6,Sample_S19S_0016_Sed,292.2129776
54,Sample_S19S_0016_Sed,293.1394564
8,Sample_S19S_0016_Sed,293.1757942
37,Sample_S19S_0016_Sed,293.2122379
56,Sample_S19S_0016_Sed,295.1187213
60,Sample_S19S_0016_Sed,295.1550986
43,Sample_S19S_0016_Sed,295.1914926
34,Sample_S19S_0016_Sed,295.227888
24,Sample_S19S_0016_Sed,297.0980154
31,Sample_S19S_0016_Sed,297.1344063
4,Sample_S19S_0016_Sed,297.1529844
31,Sample_S19S_0016_Sed,297.1707937
16,Sample_S19S_0016_Sed,297.2071894
21,Sample_S19S_0016_Sed,297.2435585
24,Sample_S19S_0016_Sed,299.0772616
48,Sample_S19S_0016_Sed,299.1136455
67,Sample_S19S_0016_Sed,299.1500243
47,Sample_S19S_0016_Sed,299.1864335
19,Sample_S19S_0016_Sed,299.2228305
21,Sample_S19S_0016_Sed,300.1453117
19,Sample_S19S_0016_Sed,300.1816868
29,Sample_S19S_0016_Sed,301.092932
41,Sample_S19S_0016_Sed,301.129318
54,Sample_S19S_0016_Sed,301.1656955
48,Sample_S19S_0016_Sed,301.202066
18,Sample_S19S_0016_Sed,302.1245742
3,Sample_S19S_0016_Sed,302.1357844
18,Sample_S19S_0016_Sed,302.1609828
49,Sample_S19S_0016_Sed,303.1085414
61,Sample_S19S_0016_Sed,303.1449308
42,Sample_S19S_0016_Sed,303.1813306
23,Sample_S19S_0016_Sed,303.2177327
16,Sample_S19S_0016_Sed,304.1038383
18,Sample_S19S_0016_Sed,304.1402446
4,Sample_S19S_0016_Sed,304.1766628
27,Sample_S19S_0016_Sed,305.1242388
9,Sample_S19S_0016_Sed,306.1195211
5,Sample_S19S_0016_Sed,306.192305
35,Sample_S19S_0016_Sed,307.1551342
36,Sample_S19S_0016_Sed,307.1915179
5,Sample_S19S_0016_Sed,308.098784
36,Sample_S19S_0016_Sed,309.0979773
57,Sample_S19S_0016_Sed,309.1343649
54,Sample_S19S_0016_Sed,309.1707647
1,Sample_S19S_0016_Sed,309.1741269
24,Sample_S19S_0016_Sed,309.2071806
19,Sample_S19S_0016_Sed,311.0772659
66,Sample_S19S_0016_Sed,311.1136352
67,Sample_S19S_0016_Sed,311.1500195
52,Sample_S19S_0016_Sed,311.186419
20,Sample_S19S_0016_Sed,311.2228309
24,Sample_S19S_0016_Sed,313.0929245
47,Sample_S19S_0016_Sed,313.1293014
62,Sample_S19S_0016_Sed,313.1656688
42,Sample_S19S_0016_Sed,313.2020808
23,Sample_S19S_0016_Sed,313.2384778
20,Sample_S19S_0016_Sed,314.1609464
6,Sample_S19S_0016_Sed,314.1721852
12,Sample_S19S_0016_Sed,314.1973467
37,Sample_S19S_0016_Sed,315.1085755
55,Sample_S19S_0016_Sed,315.1449559
51,Sample_S19S_0016_Sed,315.1813307
5,Sample_S19S_0016_Sed,315.1966265
44,Sample_S19S_0016_Sed,315.217727
4,Sample_S19S_0016_Sed,315.2290147
13,Sample_S19S_0016_Sed,315.2541325
18,Sample_S19S_0016_Sed,316.1038062
25,Sample_S19S_0016_Sed,316.1402237
6,Sample_S19S_0016_Sed,316.1514197
38,Sample_S19S_0016_Sed,317.124227
27,Sample_S19S_0016_Sed,317.1394552
53,Sample_S19S_0016_Sed,317.1606071
18,Sample_S19S_0016_Sed,317.1758589
42,Sample_S19S_0016_Sed,317.1969836
14,Sample_S19S_0016_Sed,317.2122753
31,Sample_S19S_0016_Sed,317.2333758
2,Sample_S19S_0016_Sed,317.2446454
15,Sample_S19S_0016_Sed,318.1194966
11,Sample_S19S_0016_Sed,318.2286611
20,Sample_S19S_0016_Sed,319.103481
39,Sample_S19S_0016_Sed,319.139868
8,Sample_S19S_0016_Sed,320.0987676
21,Sample_S19S_0016_Sed,320.1351354
17,Sample_S19S_0016_Sed,320.1715427
4,Sample_S19S_0016_Sed,320.2442999
31,Sample_S19S_0016_Sed,321.1343949
35,Sample_S19S_0016_Sed,321.1707672
12,Sample_S19S_0016_Sed,321.2201744
11,Sample_S19S_0016_Sed,322.1144282
4,Sample_S19S_0016_Sed,322.1872255
55,Sample_S19S_0016_Sed,323.1864241
9,Sample_S19S_0016_Sed,324.1300834
16,Sample_S19S_0016_Sed,324.1664479
9,Sample_S19S_0016_Sed,324.2028461
9,Sample_S19S_0016_Sed,325.0565425
48,Sample_S19S_0016_Sed,325.1292996
43,Sample_S19S_0016_Sed,325.1657004
1,Sample_S19S_0016_Sed,325.1842438
58,Sample_S19S_0016_Sed,325.2020573
29,Sample_S19S_0016_Sed,327.1085831
57,Sample_S19S_0016_Sed,327.1449492
11,Sample_S19S_0016_Sed,327.2177565
16,Sample_S19S_0016_Sed,328.1766323
36,Sample_S19S_0016_Sed,329.0878075
40,Sample_S19S_0016_Sed,329.1242163
1,Sample_S19S_0016_Sed,329.152419
15,Sample_S19S_0016_Sed,329.1758446
47,Sample_S19S_0016_Sed,329.1969687
24,Sample_S19S_0016_Sed,329.2333488
5,Sample_S19S_0016_Sed,330.1670892
17,Sample_S19S_0016_Sed,330.192266
23,Sample_S19S_0016_Sed,331.1034998
19,Sample_S19S_0016_Sed,331.1399002
56,Sample_S19S_0016_Sed,331.1762541
10,Sample_S19S_0016_Sed,331.1915481
10,Sample_S19S_0016_Sed,331.2126721
3,Sample_S19S_0016_Sed,331.2239268
4,Sample_S19S_0016_Sed,331.2490738
10,Sample_S19S_0016_Sed,332.0987468
5,Sample_S19S_0016_Sed,332.2079509
11,Sample_S19S_0016_Sed,333.1191757
46,Sample_S19S_0016_Sed,333.1919042
21,Sample_S19S_0016_Sed,333.2071238
3,Sample_S19S_0016_Sed,333.2395661
11,Sample_S19S_0016_Sed,334.1144217
7,Sample_S19S_0016_Sed,334.1508295
18,Sample_S19S_0016_Sed,334.187185
6,Sample_S19S_0016_Sed,334.2235949
1,Sample_S19S_0016_Sed,335.103173
25,Sample_S19S_0016_Sed,335.2227808
8,Sample_S19S_0016_Sed,335.2358032
1,Sample_S19S_0016_Sed,336.0937181
4,Sample_S19S_0016_Sed,336.1301036
16,Sample_S19S_0016_Sed,336.1664659
10,Sample_S19S_0016_Sed,336.2028546
52,Sample_S19S_0016_Sed,337.1292866
42,Sample_S19S_0016_Sed,337.1656867
8,Sample_S19S_0016_Sed,337.2021218
28,Sample_S19S_0016_Sed,337.238454
13,Sample_S19S_0016_Sed,338.182098
49,Sample_S19S_0016_Sed,339.1085453
16,Sample_S19S_0016_Sed,339.1449816
41,Sample_S19S_0016_Sed,339.1813533
1,Sample_S19S_0016_Sed,339.1999929
32,Sample_S19S_0016_Sed,339.2177427
10,Sample_S19S_0016_Sed,339.2541495
5,Sample_S19S_0016_Sed,340.1977365
14,Sample_S19S_0016_Sed,341.12425
45,Sample_S19S_0016_Sed,341.1606173
55,Sample_S19S_0016_Sed,341.1969848
8,Sample_S19S_0016_Sed,341.2334189
35,Sample_S19S_0016_Sed,342.155837
3,Sample_S19S_0016_Sed,342.1670651
48,Sample_S19S_0016_Sed,343.1034685
13,Sample_S19S_0016_Sed,343.1399075
52,Sample_S19S_0016_Sed,343.1762631
41,Sample_S19S_0016_Sed,343.2126496
18,Sample_S19S_0016_Sed,343.2490426
2,Sample_S19S_0016_Sed,344.1350437
20,Sample_S19S_0016_Sed,344.1715382
5,Sample_S19S_0016_Sed,344.1827031
36,Sample_S19S_0016_Sed,345.1191373
29,Sample_S19S_0016_Sed,345.1555412
10,Sample_S19S_0016_Sed,345.1919508
34,Sample_S19S_0016_Sed,345.2282779
20,Sample_S19S_0016_Sed,346.1507606
3,Sample_S19S_0016_Sed,346.1619628
21,Sample_S19S_0016_Sed,346.1871921
4,Sample_S19S_0016_Sed,346.2154294
14,Sample_S19S_0016_Sed,347.0903002
28,Sample_S19S_0016_Sed,347.0983726
19,Sample_S19S_0016_Sed,347.1348045
34,Sample_S19S_0016_Sed,347.1711801
16,Sample_S19S_0016_Sed,348.1300774
20,Sample_S19S_0016_Sed,348.1664038
16,Sample_S19S_0016_Sed,348.2028318
4,Sample_S19S_0016_Sed,348.231087
15,Sample_S19S_0016_Sed,349.1059291
13,Sample_S19S_0016_Sed,349.2021049
17,Sample_S19S_0016_Sed,350.1457077
13,Sample_S19S_0016_Sed,350.1821173
8,Sample_S19S_0016_Sed,350.2184616
27,Sample_S19S_0016_Sed,351.121581
1,Sample_S19S_0016_Sed,351.1344703
44,Sample_S19S_0016_Sed,351.1813076
29,Sample_S19S_0016_Sed,351.2177372
3,Sample_S19S_0016_Sed,351.2500934
16,Sample_S19S_0016_Sed,352.1613622
1,Sample_S19S_0016_Sed,352.1978012
15,Sample_S19S_0016_Sed,353.1008561
29,Sample_S19S_0016_Sed,353.124233
31,Sample_S19S_0016_Sed,353.1605629
20,Sample_S19S_0016_Sed,353.1736275
11,Sample_S19S_0016_Sed,353.2099396
17,Sample_S19S_0016_Sed,353.2333297
3,Sample_S19S_0016_Sed,354.09608
5,Sample_S19S_0016_Sed,354.1922902
40,Sample_S19S_0016_Sed,355.1034699
18,Sample_S19S_0016_Sed,355.1164999
13,Sample_S19S_0016_Sed,355.1399086
60,Sample_S19S_0016_Sed,355.1762476
13,Sample_S19S_0016_Sed,355.2126797
33,Sample_S19S_0016_Sed,356.1715182
16,Sample_S19S_0016_Sed,356.207852
46,Sample_S19S_0016_Sed,357.1191097
68,Sample_S19S_0016_Sed,357.1554992
64,Sample_S19S_0016_Sed,357.191896
9,Sample_S19S_0016_Sed,357.2071705
46,Sample_S19S_0016_Sed,357.2282738
19,Sample_S19S_0016_Sed,358.1871972
5,Sample_S19S_0016_Sed,358.1983945
28,Sample_S19S_0016_Sed,358.2235211
10,Sample_S19S_0016_Sed,359.0984239
36,Sample_S19S_0016_Sed,359.1347452
4,Sample_S19S_0016_Sed,359.1572531
48,Sample_S19S_0016_Sed,359.1711775
15,Sample_S19S_0016_Sed,359.2074846
36,Sample_S19S_0016_Sed,359.2439319
2,Sample_S19S_0016_Sed,360.1299489
25,Sample_S19S_0016_Sed,360.1664452
7,Sample_S19S_0016_Sed,360.1776328
5,Sample_S19S_0016_Sed,360.2674679
32,Sample_S19S_0016_Sed,361.1423317
49,Sample_S19S_0016_Sed,361.1504109
37,Sample_S19S_0016_Sed,361.186829
11,Sample_S19S_0016_Sed,361.2151155
39,Sample_S19S_0016_Sed,361.2231964
9,Sample_S19S_0016_Sed,362.1093336
19,Sample_S19S_0016_Sed,362.1821174
21,Sample_S19S_0016_Sed,363.1215932
13,Sample_S19S_0016_Sed,363.1812892
18,Sample_S19S_0016_Sed,363.1943423
14,Sample_S19S_0016_Sed,364.1613157
6,Sample_S19S_0016_Sed,364.2259804
7,Sample_S19S_0016_Sed,364.2340853
21,Sample_S19S_0016_Sed,365.1008669
25,Sample_S19S_0016_Sed,365.137244
12,Sample_S19S_0016_Sed,365.1606438
44,Sample_S19S_0016_Sed,365.1969623
24,Sample_S19S_0016_Sed,365.2100088
17,Sample_S19S_0016_Sed,365.2334124
13,Sample_S19S_0016_Sed,367.1165264
2,Sample_S19S_0016_Sed,367.1399195
37,Sample_S19S_0016_Sed,367.1762158
24,Sample_S19S_0016_Sed,367.189277
39,Sample_S19S_0016_Sed,367.2126519
3,Sample_S19S_0016_Sed,367.2255178
3,Sample_S19S_0016_Sed,368.1117355
4,Sample_S19S_0016_Sed,368.1562607
41,Sample_S19S_0016_Sed,368.1714856
5,Sample_S19S_0016_Sed,369.1190631
20,Sample_S19S_0016_Sed,369.1321274
51,Sample_S19S_0016_Sed,369.1555194
26,Sample_S19S_0016_Sed,369.1685393
15,Sample_S19S_0016_Sed,369.1837969
17,Sample_S19S_0016_Sed,369.1918398
44,Sample_S19S_0016_Sed,369.2282876
33,Sample_S19S_0016_Sed,371.1347918
50,Sample_S19S_0016_Sed,371.171134
36,Sample_S19S_0016_Sed,371.2075705
31,Sample_S19S_0016_Sed,371.2439257
19,Sample_S19S_0016_Sed,372.2028242
9,Sample_S19S_0016_Sed,372.2140099
1,Sample_S19S_0016_Sed,372.3038234
24,Sample_S19S_0016_Sed,373.1140108
14,Sample_S19S_0016_Sed,373.1504711
4,Sample_S19S_0016_Sed,373.1729074
40,Sample_S19S_0016_Sed,373.1867821
44,Sample_S19S_0016_Sed,373.2231881
1,Sample_S19S_0016_Sed,373.262692
22,Sample_S19S_0016_Sed,374.1456527
11,Sample_S19S_0016_Sed,374.1820296
19,Sample_S19S_0016_Sed,374.2184652
23,Sample_S19S_0016_Sed,375.1297066
28,Sample_S19S_0016_Sed,375.1579842
16,Sample_S19S_0016_Sed,375.1660121
33,Sample_S19S_0016_Sed,375.194367
30,Sample_S19S_0016_Sed,375.2024285
24,Sample_S19S_0016_Sed,375.2177037
8,Sample_S19S_0016_Sed,375.230771
14,Sample_S19S_0016_Sed,376.1249335
15,Sample_S19S_0016_Sed,376.1976905
15,Sample_S19S_0016_Sed,377.100823
19,Sample_S19S_0016_Sed,377.1372608
24,Sample_S19S_0016_Sed,377.1453086
31,Sample_S19S_0016_Sed,377.1735945
15,Sample_S19S_0016_Sed,377.2099902
32,Sample_S19S_0016_Sed,377.2333521
13,Sample_S19S_0016_Sed,377.2463996
3,Sample_S19S_0016_Sed,378.2052199
6,Sample_S19S_0016_Sed,378.2416575
4,Sample_S19S_0016_Sed,379.0800689
17,Sample_S19S_0016_Sed,379.1165229
46,Sample_S19S_0016_Sed,379.1398402
29,Sample_S19S_0016_Sed,379.1528588
54,Sample_S19S_0016_Sed,379.1762343
33,Sample_S19S_0016_Sed,379.1892722
30,Sample_S19S_0016_Sed,379.2126518
16,Sample_S19S_0016_Sed,379.2256462
5,Sample_S19S_0016_Sed,380.1116712
11,Sample_S19S_0016_Sed,381.095685
39,Sample_S19S_0016_Sed,381.1191186
19,Sample_S19S_0016_Sed,381.1321708
58,Sample_S19S_0016_Sed,381.1555031
20,Sample_S19S_0016_Sed,381.1684945
41,Sample_S19S_0016_Sed,381.1918695
13,Sample_S19S_0016_Sed,381.204939
37,Sample_S19S_0016_Sed,381.2282913
3,Sample_S19S_0016_Sed,381.2411757
6,Sample_S19S_0016_Sed,382.1273741
12,Sample_S19S_0016_Sed,383.1347075
21,Sample_S19S_0016_Sed,383.1477567
21,Sample_S19S_0016_Sed,383.1711132
20,Sample_S19S_0016_Sed,383.184187
51,Sample_S19S_0016_Sed,383.2075249
32,Sample_S19S_0016_Sed,383.2439132
32,Sample_S19S_0016_Sed,384.1664077
29,Sample_S19S_0016_Sed,384.2027906
5,Sample_S19S_0016_Sed,385.1139909
21,Sample_S19S_0016_Sed,385.1503825
45,Sample_S19S_0016_Sed,385.1868285
11,Sample_S19S_0016_Sed,385.2151169
13,Sample_S19S_0016_Sed,385.2231361
32,Sample_S19S_0016_Sed,386.1820531
47,Sample_S19S_0016_Sed,387.1296791
19,Sample_S19S_0016_Sed,387.1579654
7,Sample_S19S_0016_Sed,387.1659841
25,Sample_S19S_0016_Sed,387.19436
45,Sample_S19S_0016_Sed,387.2024406
29,Sample_S19S_0016_Sed,387.2388297
1,Sample_S19S_0016_Sed,388.2987452
3,Sample_S19S_0016_Sed,389.051417
12,Sample_S19S_0016_Sed,389.1008827
19,Sample_S19S_0016_Sed,389.1372295
10,Sample_S19S_0016_Sed,389.1452618
27,Sample_S19S_0016_Sed,389.1736085
20,Sample_S19S_0016_Sed,389.1816725
33,Sample_S19S_0016_Sed,389.2180886
1,Sample_S19S_0016_Sed,390.2132816
3,Sample_S19S_0016_Sed,391.1034381
18,Sample_S19S_0016_Sed,391.1528412
3,Sample_S19S_0016_Sed,391.1608948
19,Sample_S19S_0016_Sed,391.1892281
11,Sample_S19S_0016_Sed,391.2256863
10,Sample_S19S_0016_Sed,392.1198706
19,Sample_S19S_0016_Sed,393.1321265
16,Sample_S19S_0016_Sed,393.1554711
24,Sample_S19S_0016_Sed,393.1685262
23,Sample_S19S_0016_Sed,393.2049392
1,Sample_S19S_0016_Sed,393.2161336
11,Sample_S19S_0016_Sed,393.2412462
3,Sample_S19S_0016_Sed,393.2776995
8,Sample_S19S_0016_Sed,394.1273232
3,Sample_S19S_0016_Sed,394.1637274
2,Sample_S19S_0016_Sed,394.9051548
19,Sample_S19S_0016_Sed,395.1114167
47,Sample_S19S_0016_Sed,395.1347697
28,Sample_S19S_0016_Sed,395.1477706
24,Sample_S19S_0016_Sed,395.171191
17,Sample_S19S_0016_Sed,395.2075813
21,Sample_S19S_0016_Sed,395.2205826
2,Sample_S19S_0016_Sed,395.2317962
5,Sample_S19S_0016_Sed,396.1066573
9,Sample_S19S_0016_Sed,396.1430161
17,Sample_S19S_0016_Sed,397.1270557
46,Sample_S19S_0016_Sed,397.1504225
22,Sample_S19S_0016_Sed,397.1634297
19,Sample_S19S_0016_Sed,397.1867602
13,Sample_S19S_0016_Sed,397.1997808
4,Sample_S19S_0016_Sed,397.2151289
42,Sample_S19S_0016_Sed,397.2232052
6,Sample_S19S_0016_Sed,398.1222468
26,Sample_S19S_0016_Sed,399.1296635
14,Sample_S19S_0016_Sed,399.1427258
11,Sample_S19S_0016_Sed,399.1579458
4,Sample_S19S_0016_Sed,399.1659287
15,Sample_S19S_0016_Sed,399.1943775
42,Sample_S19S_0016_Sed,399.2024375
18,Sample_S19S_0016_Sed,399.2388025
41,Sample_S19S_0016_Sed,401.1453284
18,Sample_S19S_0016_Sed,401.1736033
16,Sample_S19S_0016_Sed,401.1816514
25,Sample_S19S_0016_Sed,401.2100146
34,Sample_S19S_0016_Sed,401.2180808
16,Sample_S19S_0016_Sed,401.2544603
10,Sample_S19S_0016_Sed,402.1405573
13,Sample_S19S_0016_Sed,403.1164656
20,Sample_S19S_0016_Sed,403.1529106
19,Sample_S19S_0016_Sed,403.1609357
36,Sample_S19S_0016_Sed,403.1973716
17,Sample_S19S_0016_Sed,403.2256482
11,Sample_S19S_0016_Sed,403.2336971
19,Sample_S19S_0016_Sed,404.1926065
25,Sample_S19S_0016_Sed,405.1321292
26,Sample_S19S_0016_Sed,405.1685606
12,Sample_S19S_0016_Sed,405.1765627
17,Sample_S19S_0016_Sed,405.2048711
9,Sample_S19S_0016_Sed,405.2412525
17,Sample_S19S_0016_Sed,407.0983755
9,Sample_S19S_0016_Sed,407.1113661
26,Sample_S19S_0016_Sed,407.1477958
12,Sample_S19S_0016_Sed,407.2075913
19,Sample_S19S_0016_Sed,407.2205546
23,Sample_S19S_0016_Sed,409.1270356
44,Sample_S19S_0016_Sed,409.1504235
13,Sample_S19S_0016_Sed,409.1633923
11,Sample_S19S_0016_Sed,409.1867344
9,Sample_S19S_0016_Sed,409.1997594
48,Sample_S19S_0016_Sed,409.2231724
26,Sample_S19S_0016_Sed,411.1426758
14,Sample_S19S_0016_Sed,411.1579879
1,Sample_S19S_0016_Sed,411.1603771
29,Sample_S19S_0016_Sed,411.1660419
20,Sample_S19S_0016_Sed,411.1790746
3,Sample_S19S_0016_Sed,411.2022993
19,Sample_S19S_0016_Sed,411.2154903
35,Sample_S19S_0016_Sed,411.2388467
4,Sample_S19S_0016_Sed,412.137911
11,Sample_S19S_0016_Sed,413.1452768
9,Sample_S19S_0016_Sed,413.1583079
19,Sample_S19S_0016_Sed,413.1736056
5,Sample_S19S_0016_Sed,413.1816156
9,Sample_S19S_0016_Sed,413.1946295
12,Sample_S19S_0016_Sed,413.2100122
21,Sample_S19S_0016_Sed,413.2180661
24,Sample_S19S_0016_Sed,413.2544798
6,Sample_S19S_0016_Sed,414.1171605
8,Sample_S19S_0016_Sed,415.1034568
7,Sample_S19S_0016_Sed,415.1529316
33,Sample_S19S_0016_Sed,415.1609859
38,Sample_S19S_0016_Sed,415.1973464
7,Sample_S19S_0016_Sed,415.219815
13,Sample_S19S_0016_Sed,415.2256541
13,Sample_S19S_0016_Sed,415.2336924
9,Sample_S19S_0016_Sed,416.1925804
24,Sample_S19S_0016_Sed,417.1321667
28,Sample_S19S_0016_Sed,417.1685514
17,Sample_S19S_0016_Sed,417.1765666
11,Sample_S19S_0016_Sed,417.2048604
6,Sample_S19S_0016_Sed,417.2128787
10,Sample_S19S_0016_Sed,417.2493486
2,Sample_S19S_0016_Sed,419.1113471
23,Sample_S19S_0016_Sed,419.1347745
13,Sample_S19S_0016_Sed,419.1478319
11,Sample_S19S_0016_Sed,419.1558387
31,Sample_S19S_0016_Sed,419.1842051
2,Sample_S19S_0016_Sed,419.1921608
13,Sample_S19S_0016_Sed,419.2205119
7,Sample_S19S_0016_Sed,419.2285513
3,Sample_S19S_0016_Sed,420.2521315
12,Sample_S19S_0016_Sed,421.1270174
1,Sample_S19S_0016_Sed,421.1552081
30,Sample_S19S_0016_Sed,421.1634511
1,Sample_S19S_0016_Sed,421.2265386
13,Sample_S19S_0016_Sed,421.2362004
10,Sample_S19S_0016_Sed,422.2031632
3,Sample_S19S_0016_Sed,423.093231
36,Sample_S19S_0016_Sed,423.1296813
17,Sample_S19S_0016_Sed,423.1426961
27,Sample_S19S_0016_Sed,423.179095
48,Sample_S19S_0016_Sed,423.2024382
18,Sample_S19S_0016_Sed,423.2154249
1,Sample_S19S_0016_Sed,423.2387546
4,Sample_S19S_0016_Sed,424.1378327
5,Sample_S19S_0016_Sed,425.1453873
21,Sample_S19S_0016_Sed,425.1583275
38,Sample_S19S_0016_Sed,425.1816982
18,Sample_S19S_0016_Sed,425.1947046
2,Sample_S19S_0016_Sed,425.2178813
14,Sample_S19S_0016_Sed,425.2311014
36,Sample_S19S_0016_Sed,425.2544996
5,Sample_S19S_0016_Sed,426.1172003
11,Sample_S19S_0016_Sed,426.153527
1,Sample_S19S_0016_Sed,426.9313713
1,Sample_S19S_0016_Sed,427.1610597
33,Sample_S19S_0016_Sed,427.1973395
17,Sample_S19S_0016_Sed,427.2103578
10,Sample_S19S_0016_Sed,427.22569
31,Sample_S19S_0016_Sed,427.2337286
29,Sample_S19S_0016_Sed,429.1402424
24,Sample_S19S_0016_Sed,429.1685491
24,Sample_S19S_0016_Sed,429.1765924
32,Sample_S19S_0016_Sed,429.2129876
26,Sample_S19S_0016_Sed,429.2494299
16,Sample_S19S_0016_Sed,430.2083192
23,Sample_S19S_0016_Sed,431.1477957
13,Sample_S19S_0016_Sed,431.1558407
21,Sample_S19S_0016_Sed,431.1922364
8,Sample_S19S_0016_Sed,431.2206124
19,Sample_S19S_0016_Sed,431.2286229
4,Sample_S19S_0016_Sed,432.1876103
26,Sample_S19S_0016_Sed,433.1634586
14,Sample_S19S_0016_Sed,433.1714809
7,Sample_S19S_0016_Sed,433.1998888
25,Sample_S19S_0016_Sed,433.2079014
9,Sample_S19S_0016_Sed,433.2361951
12,Sample_S19S_0016_Sed,435.1426364
2,Sample_S19S_0016_Sed,435.160379
27,Sample_S19S_0016_Sed,435.1790631
15,Sample_S19S_0016_Sed,435.2155119
18,Sample_S19S_0016_Sed,435.25188
8,Sample_S19S_0016_Sed,436.1742724
3,Sample_S19S_0016_Sed,437.1088959
6,Sample_S19S_0016_Sed,437.1219003
24,Sample_S19S_0016_Sed,437.158378
22,Sample_S19S_0016_Sed,437.1946984
11,Sample_S19S_0016_Sed,437.2310601
8,Sample_S19S_0016_Sed,439.1375419
13,Sample_S19S_0016_Sed,439.1609425
1,Sample_S19S_0016_Sed,439.1916893
12,Sample_S19S_0016_Sed,439.1973056
4,Sample_S19S_0016_Sed,439.246834
7,Sample_S19S_0016_Sed,440.1328082
7,Sample_S19S_0016_Sed,440.1692728
16,Sample_S19S_0016_Sed,441.1402285
13,Sample_S19S_0016_Sed,441.1765589
14,Sample_S19S_0016_Sed,441.2129575
11,Sample_S19S_0016_Sed,441.2494531
9,Sample_S19S_0016_Sed,442.1484515
5,Sample_S19S_0016_Sed,443.1478565
33,Sample_S19S_0016_Sed,443.1558944
22,Sample_S19S_0016_Sed,443.1841796
10,Sample_S19S_0016_Sed,443.1922057
11,Sample_S19S_0016_Sed,443.2205255
6,Sample_S19S_0016_Sed,443.2285235
23,Sample_S19S_0016_Sed,443.2650816
23,Sample_S19S_0016_Sed,445.1634705
34,Sample_S19S_0016_Sed,445.1715289
38,Sample_S19S_0016_Sed,445.2079177
18,Sample_S19S_0016_Sed,445.2362316
23,Sample_S19S_0016_Sed,445.2442897
11,Sample_S19S_0016_Sed,446.2031197
16,Sample_S19S_0016_Sed,447.1427418
27,Sample_S19S_0016_Sed,447.179104
2,Sample_S19S_0016_Sed,447.1869913
8,Sample_S19S_0016_Sed,447.2154152
3,Sample_S19S_0016_Sed,447.2234126
29,Sample_S19S_0016_Sed,449.1583358
1,Sample_S19S_0016_Sed,449.1735875
12,Sample_S19S_0016_Sed,449.1946593
15,Sample_S19S_0016_Sed,449.2310912
4,Sample_S19S_0016_Sed,450.1898917
21,Sample_S19S_0016_Sed,451.1376081
10,Sample_S19S_0016_Sed,451.1609528
13,Sample_S19S_0016_Sed,451.1739524
1,Sample_S19S_0016_Sed,451.1916101
11,Sample_S19S_0016_Sed,451.2103087
10,Sample_S19S_0016_Sed,451.2467303
10,Sample_S19S_0016_Sed,452.1328651
14,Sample_S19S_0016_Sed,452.1692639
14,Sample_S19S_0016_Sed,453.1532352
31,Sample_S19S_0016_Sed,453.1766436
25,Sample_S19S_0016_Sed,453.1896338
12,Sample_S19S_0016_Sed,453.2259797
3,Sample_S19S_0016_Sed,453.2492245
3,Sample_S19S_0016_Sed,454.1484722
1,Sample_S19S_0016_Sed,454.9626353
4,Sample_S19S_0016_Sed,455.1558023
5,Sample_S19S_0016_Sed,455.1921775
16,Sample_S19S_0016_Sed,455.2052634
3,Sample_S19S_0016_Sed,455.2285132
20,Sample_S19S_0016_Sed,455.2650512
25,Sample_S19S_0016_Sed,457.1715231
12,Sample_S19S_0016_Sed,457.1998933
32,Sample_S19S_0016_Sed,457.2079257
11,Sample_S19S_0016_Sed,457.2442623
4,Sample_S19S_0016_Sed,457.280565
28,Sample_S19S_0016_Sed,459.1872169
11,Sample_S19S_0016_Sed,459.2155229
13,Sample_S19S_0016_Sed,459.2235091
5,Sample_S19S_0016_Sed,459.2598321
1,Sample_S19S_0016_Sed,460.1823248
24,Sample_S19S_0016_Sed,461.1583343
7,Sample_S19S_0016_Sed,461.1948089
10,Sample_S19S_0016_Sed,461.2027689
27,Sample_S19S_0016_Sed,461.2311454
10,Sample_S19S_0016_Sed,461.2391228
2,Sample_S19S_0016_Sed,463.1375144
9,Sample_S19S_0016_Sed,463.1739081
28,Sample_S19S_0016_Sed,463.210366
21,Sample_S19S_0016_Sed,463.2467901
20,Sample_S19S_0016_Sed,465.1532935
26,Sample_S19S_0016_Sed,465.1896305
7,Sample_S19S_0016_Sed,465.2259434
3,Sample_S19S_0016_Sed,467.1921933
16,Sample_S19S_0016_Sed,467.2052403
29,Sample_S19S_0016_Sed,467.2286363
3,Sample_S19S_0016_Sed,468.1640569
4,Sample_S19S_0016_Sed,469.1843946
22,Sample_S19S_0016_Sed,469.2078959
16,Sample_S19S_0016_Sed,469.2209608
29,Sample_S19S_0016_Sed,469.2442937
10,Sample_S19S_0016_Sed,469.2806636
13,Sample_S19S_0016_Sed,471.1871307
23,Sample_S19S_0016_Sed,471.2235442
5,Sample_S19S_0016_Sed,471.2598467
9,Sample_S19S_0016_Sed,473.1946924
9,Sample_S19S_0016_Sed,473.2027392
22,Sample_S19S_0016_Sed,473.2392065
19,Sample_S19S_0016_Sed,473.2756478
22,Sample_S19S_0016_Sed,475.1609843
22,Sample_S19S_0016_Sed,475.1739813
1,Sample_S19S_0016_Sed,475.1819356
7,Sample_S19S_0016_Sed,475.2103074
4,Sample_S19S_0016_Sed,477.1531747
8,Sample_S19S_0016_Sed,477.1895617
27,Sample_S19S_0016_Sed,477.2260597
12,Sample_S19S_0016_Sed,477.262427
7,Sample_S19S_0016_Sed,479.1689644
25,Sample_S19S_0016_Sed,479.2053091
18,Sample_S19S_0016_Sed,479.2416827
4,Sample_S19S_0016_Sed,480.1640335
5,Sample_S19S_0016_Sed,481.1634867
15,Sample_S19S_0016_Sed,481.1845085
9,Sample_S19S_0016_Sed,481.2208584
11,Sample_S19S_0016_Sed,481.2572296
2,Sample_S19S_0016_Sed,482.14329
5,Sample_S19S_0016_Sed,482.1797251
15,Sample_S19S_0016_Sed,483.2001521
7,Sample_S19S_0016_Sed,483.2234722
3,Sample_S19S_0016_Sed,483.259746
4,Sample_S19S_0016_Sed,485.2390821
3,Sample_S19S_0016_Sed,485.275439
5,Sample_S19S_0016_Sed,487.2104698
22,Sample_S19S_0016_Sed,487.2184679
19,Sample_S19S_0016_Sed,487.254845
3,Sample_S19S_0016_Sed,489.1402055
14,Sample_S19S_0016_Sed,489.1532671
9,Sample_S19S_0016_Sed,489.1895365
8,Sample_S19S_0016_Sed,489.2259164
20,Sample_S19S_0016_Sed,491.1689084
5,Sample_S19S_0016_Sed,491.2053832
1,Sample_S19S_0016_Sed,491.2230199
6,Sample_S19S_0016_Sed,491.2417678
7,Sample_S19S_0016_Sed,491.2780744
5,Sample_S19S_0016_Sed,493.1846305
21,Sample_S19S_0016_Sed,493.2209368
8,Sample_S19S_0016_Sed,493.2572378
12,Sample_S19S_0016_Sed,494.1798099
1,Sample_S19S_0016_Sed,495.1427989
16,Sample_S19S_0016_Sed,495.1638346
11,Sample_S19S_0016_Sed,495.2001254
11,Sample_S19S_0016_Sed,495.2365338
12,Sample_S19S_0016_Sed,496.1953999
5,Sample_S19S_0016_Sed,497.2157304
2,Sample_S19S_0016_Sed,497.2390455
2,Sample_S19S_0016_Sed,497.2754084
12,Sample_S19S_0016_Sed,499.2184243
4,Sample_S19S_0016_Sed,499.2546595
1,Sample_S19S_0016_Sed,499.2910097
18,Sample_S19S_0016_Sed,501.2341074
15,Sample_S19S_0016_Sed,501.2705063
2,Sample_S19S_0016_Sed,502.2292793
7,Sample_S19S_0016_Sed,503.2051842
7,Sample_S19S_0016_Sed,503.2415628
11,Sample_S19S_0016_Sed,505.1846129
7,Sample_S19S_0016_Sed,505.221033
14,Sample_S19S_0016_Sed,505.2573293
2,Sample_S19S_0016_Sed,506.1875783
2,Sample_S19S_0016_Sed,506.2239648
14,Sample_S19S_0016_Sed,507.2001826
10,Sample_S19S_0016_Sed,507.2364864
4,Sample_S19S_0016_Sed,507.2728559
8,Sample_S19S_0016_Sed,509.179341
11,Sample_S19S_0016_Sed,509.2157568
11,Sample_S19S_0016_Sed,509.2522003
12,Sample_S19S_0016_Sed,510.2111059
1,Sample_S19S_0016_Sed,511.1375472
6,Sample_S19S_0016_Sed,511.2183807
6,Sample_S19S_0016_Sed,511.231412
4,Sample_S19S_0016_Sed,511.2547768
3,Sample_S19S_0016_Sed,511.2911339
10,Sample_S19S_0016_Sed,512.1903568
2,Sample_S19S_0016_Sed,513.233912
5,Sample_S19S_0016_Sed,513.2704612
3,Sample_S19S_0016_Sed,515.213195
3,Sample_S19S_0016_Sed,515.2495874
5,Sample_S19S_0016_Sed,515.2860627
12,Sample_S19S_0016_Sed,517.2208996
5,Sample_S19S_0016_Sed,517.2572088
4,Sample_S19S_0016_Sed,517.2652212
24,Sample_S19S_0016_Sed,519.2002386
7,Sample_S19S_0016_Sed,519.2366622
8,Sample_S19S_0016_Sed,519.2730269
2,Sample_S19S_0016_Sed,520.2396155
16,Sample_S19S_0016_Sed,521.1794927
1,Sample_S19S_0016_Sed,521.2157156
9,Sample_S19S_0016_Sed,521.2521448
9,Sample_S19S_0016_Sed,523.195055
15,Sample_S19S_0016_Sed,523.231536
11,Sample_S19S_0016_Sed,524.1903581
8,Sample_S19S_0016_Sed,524.226692
4,Sample_S19S_0016_Sed,525.2106012
9,Sample_S19S_0016_Sed,525.2470626
4,Sample_S19S_0016_Sed,527.2495897
3,Sample_S19S_0016_Sed,529.2652092
5,Sample_S19S_0016_Sed,529.3017656
2,Sample_S19S_0016_Sed,533.25209
8,Sample_S19S_0016_Sed,535.2314389
14,Sample_S19S_0016_Sed,537.2107257
5,Sample_S19S_0016_Sed,537.247225
20,Sample_S19S_0016_Sed,541.2290565
1,Sample_S19S_0016_Sed,543.2808575
1,Sample_S19S_0016_Sed,545.2523758
5,Sample_S19S_0016_Sed,545.2967065
14,Sample_S19S_0016_Sed,547.2315171
13,Sample_S19S_0016_Sed,547.2678735
4,Sample_S19S_0016_Sed,549.2106406
6,Sample_S19S_0016_Sed,549.2470293
1,Sample_S19S_0016_Sed,549.283364
5,Sample_S19S_0016_Sed,551.2262635
4,Sample_S19S_0016_Sed,557.2602406
1,Sample_S19S_0016_Sed,559.2316115
2,Sample_S19S_0016_Sed,561.2469764
9,Sample_S19S_0016_Sed,563.2263607
6,Sample_S19S_0016_Sed,565.278449
2,Sample_S19S_0016_Sed,585.3277951
3,Sample_S19S_0016_Sed,597.4291056
