num.trans.involved.in,sample,peak
11,Sample_S19S_0014_Sed,240.0513448
16,Sample_S19S_0014_Sed,240.0877319
50,Sample_S19S_0014_Sed,241.03537
12,Sample_S19S_0014_Sed,241.0466195
24,Sample_S19S_0014_Sed,241.0717422
11,Sample_S19S_0014_Sed,241.0829909
13,Sample_S19S_0014_Sed,241.1081087
15,Sample_S19S_0014_Sed,241.1193918
11,Sample_S19S_0014_Sed,241.1445007
24,Sample_S19S_0014_Sed,242.0670034
20,Sample_S19S_0014_Sed,242.139775
4,Sample_S19S_0014_Sed,242.1761465
54,Sample_S19S_0014_Sed,243.0510224
14,Sample_S19S_0014_Sed,243.0622684
14,Sample_S19S_0014_Sed,243.0873816
23,Sample_S19S_0014_Sed,243.0986597
11,Sample_S19S_0014_Sed,243.1237626
17,Sample_S19S_0014_Sed,243.1601665
21,Sample_S19S_0014_Sed,244.0826525
26,Sample_S19S_0014_Sed,244.1190458
10,Sample_S19S_0014_Sed,244.1302798
47,Sample_S19S_0014_Sed,245.0455587
3,Sample_S19S_0014_Sed,245.0489119
72,Sample_S19S_0014_Sed,245.0666847
14,Sample_S19S_0014_Sed,245.0779418
58,Sample_S19S_0014_Sed,245.1030642
6,Sample_S19S_0014_Sed,245.1142776
26,Sample_S19S_0014_Sed,245.1394342
12,Sample_S19S_0014_Sed,246.098296
8,Sample_S19S_0014_Sed,246.1095509
11,Sample_S19S_0014_Sed,246.134683
23,Sample_S19S_0014_Sed,247.024801
50,Sample_S19S_0014_Sed,247.0612011
67,Sample_S19S_0014_Sed,247.0823368
17,Sample_S19S_0014_Sed,247.0935696
49,Sample_S19S_0014_Sed,247.118733
21,Sample_S19S_0014_Sed,248.1139872
61,Sample_S19S_0014_Sed,249.0404675
62,Sample_S19S_0014_Sed,249.0768527
21,Sample_S19S_0014_Sed,249.1132224
35,Sample_S19S_0014_Sed,249.1496147
9,Sample_S19S_0014_Sed,250.1448617
54,Sample_S19S_0014_Sed,251.0197332
38,Sample_S19S_0014_Sed,251.0560986
3,Sample_S19S_0014_Sed,251.0594793
2,Sample_S19S_0014_Sed,251.0785764
85,Sample_S19S_0014_Sed,251.0925063
9,Sample_S19S_0014_Sed,251.1037616
36,Sample_S19S_0014_Sed,251.1289035
13,Sample_S19S_0014_Sed,252.0513612
17,Sample_S19S_0014_Sed,252.0877348
28,Sample_S19S_0014_Sed,252.9989785
68,Sample_S19S_0014_Sed,253.0353983
89,Sample_S19S_0014_Sed,253.0717756
24,Sample_S19S_0014_Sed,253.1081345
45,Sample_S19S_0014_Sed,253.1445337
21,Sample_S19S_0014_Sed,254.0670222
76,Sample_S19S_0014_Sed,255.0510433
8,Sample_S19S_0014_Sed,255.0622462
24,Sample_S19S_0014_Sed,255.0663123
89,Sample_S19S_0014_Sed,255.0874163
7,Sample_S19S_0014_Sed,255.0986256
27,Sample_S19S_0014_Sed,255.1237776
40,Sample_S19S_0014_Sed,255.1602018
11,Sample_S19S_0014_Sed,255.2329705
34,Sample_S19S_0014_Sed,256.0826837
30,Sample_S19S_0014_Sed,256.1190609
57,Sample_S19S_0014_Sed,257.030304
37,Sample_S19S_0014_Sed,257.0455598
75,Sample_S19S_0014_Sed,257.0666765
14,Sample_S19S_0014_Sed,257.0779166
47,Sample_S19S_0014_Sed,257.1030521
26,Sample_S19S_0014_Sed,257.1143128
56,Sample_S19S_0014_Sed,257.1394516
7,Sample_S19S_0014_Sed,257.1506752
33,Sample_S19S_0014_Sed,257.175834
19,Sample_S19S_0014_Sed,258.0619166
35,Sample_S19S_0014_Sed,258.0983343
21,Sample_S19S_0014_Sed,258.1347123
11,Sample_S19S_0014_Sed,258.145966
34,Sample_S19S_0014_Sed,259.0248281
63,Sample_S19S_0014_Sed,259.0459547
45,Sample_S19S_0014_Sed,259.0612028
77,Sample_S19S_0014_Sed,259.0823405
61,Sample_S19S_0014_Sed,259.1187072
18,Sample_S19S_0014_Sed,259.1299532
46,Sample_S19S_0014_Sed,259.1551113
16,Sample_S19S_0014_Sed,260.1503532
28,Sample_S19S_0014_Sed,261.0040785
45,Sample_S19S_0014_Sed,261.040468
51,Sample_S19S_0014_Sed,261.061588
65,Sample_S19S_0014_Sed,261.0768598
61,Sample_S19S_0014_Sed,261.0980071
3,Sample_S19S_0014_Sed,261.1244971
53,Sample_S19S_0014_Sed,261.1343647
29,Sample_S19S_0014_Sed,262.0932448
31,Sample_S19S_0014_Sed,263.019721
59,Sample_S19S_0014_Sed,263.0561329
24,Sample_S19S_0014_Sed,263.0924815
33,Sample_S19S_0014_Sed,263.128908
14,Sample_S19S_0014_Sed,264.1605215
27,Sample_S19S_0014_Sed,264.9989861
59,Sample_S19S_0014_Sed,265.0353938
4,Sample_S19S_0014_Sed,265.0578564
65,Sample_S19S_0014_Sed,265.0717855
4,Sample_S19S_0014_Sed,265.07514
77,Sample_S19S_0014_Sed,265.1081545
40,Sample_S19S_0014_Sed,265.1445692
1,Sample_S19S_0014_Sed,265.1479151
9,Sample_S19S_0014_Sed,265.1575521
24,Sample_S19S_0014_Sed,266.0670361
4,Sample_S19S_0014_Sed,266.089493
11,Sample_S19S_0014_Sed,266.1246093
38,Sample_S19S_0014_Sed,267.0146829
83,Sample_S19S_0014_Sed,267.0510336
13,Sample_S19S_0014_Sed,267.0663132
5,Sample_S19S_0014_Sed,267.0735078
76,Sample_S19S_0014_Sed,267.0874299
75,Sample_S19S_0014_Sed,267.123805
40,Sample_S19S_0014_Sed,267.1601848
27,Sample_S19S_0014_Sed,268.08266
49,Sample_S19S_0014_Sed,269.0303205
89,Sample_S19S_0014_Sed,269.0666802
24,Sample_S19S_0014_Sed,269.0779259
77,Sample_S19S_0014_Sed,269.1030627
57,Sample_S19S_0014_Sed,269.1394657
36,Sample_S19S_0014_Sed,269.1758579
34,Sample_S19S_0014_Sed,270.0619439
29,Sample_S19S_0014_Sed,270.0983057
13,Sample_S19S_0014_Sed,270.1095746
48,Sample_S19S_0014_Sed,271.0459737
8,Sample_S19S_0014_Sed,271.061176
66,Sample_S19S_0014_Sed,271.0823212
27,Sample_S19S_0014_Sed,271.0935785
78,Sample_S19S_0014_Sed,271.118718
47,Sample_S19S_0014_Sed,271.1551343
37,Sample_S19S_0014_Sed,271.1914941
35,Sample_S19S_0014_Sed,272.0775888
13,Sample_S19S_0014_Sed,272.1504094
41,Sample_S19S_0014_Sed,273.040478
53,Sample_S19S_0014_Sed,273.061591
75,Sample_S19S_0014_Sed,273.0979879
23,Sample_S19S_0014_Sed,273.109239
52,Sample_S19S_0014_Sed,273.1343844
48,Sample_S19S_0014_Sed,273.1707658
28,Sample_S19S_0014_Sed,274.0932637
39,Sample_S19S_0014_Sed,275.0197425
52,Sample_S19S_0014_Sed,275.0561155
64,Sample_S19S_0014_Sed,275.0772487
54,Sample_S19S_0014_Sed,275.0925149
59,Sample_S19S_0014_Sed,275.1136274
49,Sample_S19S_0014_Sed,275.1500444
20,Sample_S19S_0014_Sed,276.108923
59,Sample_S19S_0014_Sed,277.0354157
65,Sample_S19S_0014_Sed,277.0717892
41,Sample_S19S_0014_Sed,277.0929294
68,Sample_S19S_0014_Sed,277.1081544
4,Sample_S19S_0014_Sed,277.1194289
44,Sample_S19S_0014_Sed,277.1293085
48,Sample_S19S_0014_Sed,277.1445377
23,Sample_S19S_0014_Sed,279.0146331
43,Sample_S19S_0014_Sed,279.0874539
23,Sample_S19S_0014_Sed,279.0986672
46,Sample_S19S_0014_Sed,279.1238221
3,Sample_S19S_0014_Sed,279.1562152
45,Sample_S19S_0014_Sed,279.160186
20,Sample_S19S_0014_Sed,280.0463018
1,Sample_S19S_0014_Sed,280.068733
10,Sample_S19S_0014_Sed,280.1038615
48,Sample_S19S_0014_Sed,281.0303339
87,Sample_S19S_0014_Sed,281.0666829
35,Sample_S19S_0014_Sed,281.1030502
5,Sample_S19S_0014_Sed,281.1143409
66,Sample_S19S_0014_Sed,281.1394597
39,Sample_S19S_0014_Sed,281.1758716
22,Sample_S19S_0014_Sed,282.0983548
77,Sample_S19S_0014_Sed,283.0459554
46,Sample_S19S_0014_Sed,283.0823169
90,Sample_S19S_0014_Sed,283.118715
49,Sample_S19S_0014_Sed,283.1551309
22,Sample_S19S_0014_Sed,283.1915306
21,Sample_S19S_0014_Sed,284.0776208
36,Sample_S19S_0014_Sed,284.1139788
54,Sample_S19S_0014_Sed,285.0616357
27,Sample_S19S_0014_Sed,285.1092216
7,Sample_S19S_0014_Sed,285.1262347
57,Sample_S19S_0014_Sed,285.1343948
18,Sample_S19S_0014_Sed,285.1456166
48,Sample_S19S_0014_Sed,285.17075
11,Sample_S19S_0014_Sed,285.2071124
39,Sample_S19S_0014_Sed,286.0932539
46,Sample_S19S_0014_Sed,287.0408776
74,Sample_S19S_0014_Sed,287.0772537
21,Sample_S19S_0014_Sed,287.0885054
69,Sample_S19S_0014_Sed,287.1136282
24,Sample_S19S_0014_Sed,287.1248864
64,Sample_S19S_0014_Sed,287.150015
41,Sample_S19S_0014_Sed,287.1864124
34,Sample_S19S_0014_Sed,288.1089115
18,Sample_S19S_0014_Sed,288.1453272
53,Sample_S19S_0014_Sed,289.0354029
51,Sample_S19S_0014_Sed,289.0565242
65,Sample_S19S_0014_Sed,289.0717704
57,Sample_S19S_0014_Sed,289.0929075
24,Sample_S19S_0014_Sed,289.1041428
56,Sample_S19S_0014_Sed,289.1292776
48,Sample_S19S_0014_Sed,289.1656738
19,Sample_S19S_0014_Sed,290.1245994
40,Sample_S19S_0014_Sed,291.0146759
66,Sample_S19S_0014_Sed,291.0510416
55,Sample_S19S_0014_Sed,291.0874132
47,Sample_S19S_0014_Sed,291.1085682
46,Sample_S19S_0014_Sed,291.1237966
36,Sample_S19S_0014_Sed,291.1449729
40,Sample_S19S_0014_Sed,291.1601932
21,Sample_S19S_0014_Sed,292.1038307
6,Sample_S19S_0014_Sed,292.2129776
52,Sample_S19S_0014_Sed,293.0303357
63,Sample_S19S_0014_Sed,293.0667099
78,Sample_S19S_0014_Sed,293.1030793
12,Sample_S19S_0014_Sed,293.1143295
65,Sample_S19S_0014_Sed,293.1394564
11,Sample_S19S_0014_Sed,293.1757942
23,Sample_S19S_0014_Sed,295.0095496
59,Sample_S19S_0014_Sed,295.0459444
92,Sample_S19S_0014_Sed,295.0823376
84,Sample_S19S_0014_Sed,295.1187213
24,Sample_S19S_0014_Sed,295.1398774
56,Sample_S19S_0014_Sed,295.1550986
2,Sample_S19S_0014_Sed,295.1874868
42,Sample_S19S_0014_Sed,295.1914926
17,Sample_S19S_0014_Sed,296.0775656
44,Sample_S19S_0014_Sed,297.025237
63,Sample_S19S_0014_Sed,297.0616262
50,Sample_S19S_0014_Sed,297.0980154
42,Sample_S19S_0014_Sed,297.1344063
3,Sample_S19S_0014_Sed,297.1529844
36,Sample_S19S_0014_Sed,297.1707937
13,Sample_S19S_0014_Sed,297.2071894
16,Sample_S19S_0014_Sed,297.2435585
28,Sample_S19S_0014_Sed,298.0932671
34,Sample_S19S_0014_Sed,298.1296449
46,Sample_S19S_0014_Sed,299.0408894
74,Sample_S19S_0014_Sed,299.0772616
76,Sample_S19S_0014_Sed,299.1136455
23,Sample_S19S_0014_Sed,299.1248677
71,Sample_S19S_0014_Sed,299.1500243
41,Sample_S19S_0014_Sed,299.1864335
15,Sample_S19S_0014_Sed,299.2228305
1,Sample_S19S_0014_Sed,300.1201703
20,Sample_S19S_0014_Sed,300.1816868
44,Sample_S19S_0014_Sed,301.0565488
34,Sample_S19S_0014_Sed,301.071792
58,Sample_S19S_0014_Sed,301.092932
15,Sample_S19S_0014_Sed,301.1041695
52,Sample_S19S_0014_Sed,301.129318
7,Sample_S19S_0014_Sed,301.1405774
53,Sample_S19S_0014_Sed,301.1656955
39,Sample_S19S_0014_Sed,301.202066
25,Sample_S19S_0014_Sed,302.1245742
18,Sample_S19S_0014_Sed,302.1357844
13,Sample_S19S_0014_Sed,302.1721713
29,Sample_S19S_0014_Sed,303.0146906
45,Sample_S19S_0014_Sed,303.0874395
62,Sample_S19S_0014_Sed,303.1085414
59,Sample_S19S_0014_Sed,303.1449308
40,Sample_S19S_0014_Sed,303.1813306
24,Sample_S19S_0014_Sed,304.1038383
17,Sample_S19S_0014_Sed,304.1402446
51,Sample_S19S_0014_Sed,305.0303157
70,Sample_S19S_0014_Sed,305.0666877
6,Sample_S19S_0014_Sed,305.0700613
38,Sample_S19S_0014_Sed,305.087829
59,Sample_S19S_0014_Sed,305.1030852
29,Sample_S19S_0014_Sed,305.1242388
15,Sample_S19S_0014_Sed,305.160638
30,Sample_S19S_0014_Sed,305.1758605
28,Sample_S19S_0014_Sed,306.0983427
12,Sample_S19S_0014_Sed,306.1195211
6,Sample_S19S_0014_Sed,306.155916
25,Sample_S19S_0014_Sed,307.0095853
67,Sample_S19S_0014_Sed,307.0459779
45,Sample_S19S_0014_Sed,307.0823737
35,Sample_S19S_0014_Sed,307.1187572
40,Sample_S19S_0014_Sed,307.1551342
34,Sample_S19S_0014_Sed,307.1915179
1,Sample_S19S_0014_Sed,308.0736409
31,Sample_S19S_0014_Sed,308.0775973
8,Sample_S19S_0014_Sed,308.098784
9,Sample_S19S_0014_Sed,308.1351748
48,Sample_S19S_0014_Sed,309.0252469
84,Sample_S19S_0014_Sed,309.0616036
75,Sample_S19S_0014_Sed,309.0979773
4,Sample_S19S_0014_Sed,309.1092661
72,Sample_S19S_0014_Sed,309.1343649
54,Sample_S19S_0014_Sed,309.1707647
4,Sample_S19S_0014_Sed,309.1741269
5,Sample_S19S_0014_Sed,309.2031855
19,Sample_S19S_0014_Sed,309.2071806
15,Sample_S19S_0014_Sed,310.1508222
46,Sample_S19S_0014_Sed,311.0408991
75,Sample_S19S_0014_Sed,311.0772659
98,Sample_S19S_0014_Sed,311.1136352
72,Sample_S19S_0014_Sed,311.1500195
16,Sample_S19S_0014_Sed,311.2228309
28,Sample_S19S_0014_Sed,312.0725103
13,Sample_S19S_0014_Sed,312.1453188
1,Sample_S19S_0014_Sed,312.9846454
52,Sample_S19S_0014_Sed,313.0565398
25,Sample_S19S_0014_Sed,313.071764
63,Sample_S19S_0014_Sed,313.0929245
62,Sample_S19S_0014_Sed,313.1293014
37,Sample_S19S_0014_Sed,313.2020808
18,Sample_S19S_0014_Sed,313.2384778
33,Sample_S19S_0014_Sed,314.0881771
28,Sample_S19S_0014_Sed,314.1609464
7,Sample_S19S_0014_Sed,314.1721852
10,Sample_S19S_0014_Sed,314.1973467
27,Sample_S19S_0014_Sed,315.0146824
2,Sample_S19S_0014_Sed,315.0180328
42,Sample_S19S_0014_Sed,315.0510397
54,Sample_S19S_0014_Sed,315.0721791
15,Sample_S19S_0014_Sed,315.0873994
60,Sample_S19S_0014_Sed,315.1085755
30,Sample_S19S_0014_Sed,315.1198013
64,Sample_S19S_0014_Sed,315.1449559
9,Sample_S19S_0014_Sed,315.1562178
52,Sample_S19S_0014_Sed,315.1813307
30,Sample_S19S_0014_Sed,315.217727
4,Sample_S19S_0014_Sed,315.2290147
14,Sample_S19S_0014_Sed,316.1150331
20,Sample_S19S_0014_Sed,316.1514197
14,Sample_S19S_0014_Sed,316.1766274
5,Sample_S19S_0014_Sed,316.2130272
37,Sample_S19S_0014_Sed,317.0303382
43,Sample_S19S_0014_Sed,317.0514233
57,Sample_S19S_0014_Sed,317.0666936
18,Sample_S19S_0014_Sed,317.099053
35,Sample_S19S_0014_Sed,317.1030588
54,Sample_S19S_0014_Sed,317.124227
43,Sample_S19S_0014_Sed,317.1394552
53,Sample_S19S_0014_Sed,317.1606071
40,Sample_S19S_0014_Sed,317.1969836
2,Sample_S19S_0014_Sed,317.2446454
11,Sample_S19S_0014_Sed,318.1194966
27,Sample_S19S_0014_Sed,318.1558543
7,Sample_S19S_0014_Sed,318.2286611
13,Sample_S19S_0014_Sed,319.0460069
57,Sample_S19S_0014_Sed,319.0823624
10,Sample_S19S_0014_Sed,319.0857041
32,Sample_S19S_0014_Sed,319.103481
62,Sample_S19S_0014_Sed,319.1187158
46,Sample_S19S_0014_Sed,319.139868
39,Sample_S19S_0014_Sed,319.1551015
12,Sample_S19S_0014_Sed,320.0776287
26,Sample_S19S_0014_Sed,320.1351354
17,Sample_S19S_0014_Sed,320.1715427
2,Sample_S19S_0014_Sed,320.2442999
41,Sample_S19S_0014_Sed,321.0252313
54,Sample_S19S_0014_Sed,321.0616406
30,Sample_S19S_0014_Sed,321.0980285
57,Sample_S19S_0014_Sed,321.1343949
39,Sample_S19S_0014_Sed,321.1707672
11,Sample_S19S_0014_Sed,322.1144282
51,Sample_S19S_0014_Sed,323.0408542
85,Sample_S19S_0014_Sed,323.0772527
37,Sample_S19S_0014_Sed,323.1136726
50,Sample_S19S_0014_Sed,323.1864241
13,Sample_S19S_0014_Sed,324.1300834
14,Sample_S19S_0014_Sed,324.1664479
8,Sample_S19S_0014_Sed,325.0201894
60,Sample_S19S_0014_Sed,325.0565425
82,Sample_S19S_0014_Sed,325.0928926
70,Sample_S19S_0014_Sed,325.1292996
49,Sample_S19S_0014_Sed,325.1657004
1,Sample_S19S_0014_Sed,325.1842438
56,Sample_S19S_0014_Sed,325.2020573
34,Sample_S19S_0014_Sed,326.0881656
12,Sample_S19S_0014_Sed,326.1358013
47,Sample_S19S_0014_Sed,327.035782
42,Sample_S19S_0014_Sed,327.0722018
35,Sample_S19S_0014_Sed,327.0874372
56,Sample_S19S_0014_Sed,327.1085831
67,Sample_S19S_0014_Sed,327.1449492
2,Sample_S19S_0014_Sed,327.1636073
6,Sample_S19S_0014_Sed,327.2177565
19,Sample_S19S_0014_Sed,327.2540983
13,Sample_S19S_0014_Sed,328.1150539
18,Sample_S19S_0014_Sed,328.1514425
33,Sample_S19S_0014_Sed,329.0303285
20,Sample_S19S_0014_Sed,329.0514722
20,Sample_S19S_0014_Sed,329.0667319
73,Sample_S19S_0014_Sed,329.0878075
33,Sample_S19S_0014_Sed,329.1030905
62,Sample_S19S_0014_Sed,329.1242163
1,Sample_S19S_0014_Sed,329.152419
44,Sample_S19S_0014_Sed,329.1969687
23,Sample_S19S_0014_Sed,329.2333488
40,Sample_S19S_0014_Sed,330.1194763
10,Sample_S19S_0014_Sed,330.1307217
13,Sample_S19S_0014_Sed,330.1670892
18,Sample_S19S_0014_Sed,331.0095615
23,Sample_S19S_0014_Sed,331.0459941
43,Sample_S19S_0014_Sed,331.0670688
47,Sample_S19S_0014_Sed,331.0823608
42,Sample_S19S_0014_Sed,331.1034998
15,Sample_S19S_0014_Sed,331.114731
47,Sample_S19S_0014_Sed,331.1187275
20,Sample_S19S_0014_Sed,331.1399002
52,Sample_S19S_0014_Sed,331.1762541
8,Sample_S19S_0014_Sed,331.1915481
7,Sample_S19S_0014_Sed,331.2126721
4,Sample_S19S_0014_Sed,331.2239268
3,Sample_S19S_0014_Sed,331.2490738
24,Sample_S19S_0014_Sed,332.0987468
29,Sample_S19S_0014_Sed,332.171516
14,Sample_S19S_0014_Sed,333.0252702
22,Sample_S19S_0014_Sed,333.0616512
56,Sample_S19S_0014_Sed,333.0980074
11,Sample_S19S_0014_Sed,333.1191757
23,Sample_S19S_0014_Sed,333.1344131
22,Sample_S19S_0014_Sed,333.1707943
40,Sample_S19S_0014_Sed,333.1919042
21,Sample_S19S_0014_Sed,333.2071238
3,Sample_S19S_0014_Sed,333.2395661
4,Sample_S19S_0014_Sed,333.2565676
15,Sample_S19S_0014_Sed,334.0568812
12,Sample_S19S_0014_Sed,334.1144217
7,Sample_S19S_0014_Sed,334.1508295
5,Sample_S19S_0014_Sed,334.2235949
29,Sample_S19S_0014_Sed,335.0409093
71,Sample_S19S_0014_Sed,335.0772597
24,Sample_S19S_0014_Sed,335.1136067
48,Sample_S19S_0014_Sed,335.150042
32,Sample_S19S_0014_Sed,335.1864245
11,Sample_S19S_0014_Sed,335.2358032
5,Sample_S19S_0014_Sed,336.0725571
3,Sample_S19S_0014_Sed,336.1301036
16,Sample_S19S_0014_Sed,336.1664659
35,Sample_S19S_0014_Sed,337.0201415
27,Sample_S19S_0014_Sed,337.0564852
14,Sample_S19S_0014_Sed,337.0695448
76,Sample_S19S_0014_Sed,337.0929176
5,Sample_S19S_0014_Sed,337.1041904
79,Sample_S19S_0014_Sed,337.1292866
52,Sample_S19S_0014_Sed,337.1656867
6,Sample_S19S_0014_Sed,337.2021218
13,Sample_S19S_0014_Sed,338.1456998
38,Sample_S19S_0014_Sed,339.0357996
85,Sample_S19S_0014_Sed,339.0721726
87,Sample_S19S_0014_Sed,339.1085453
26,Sample_S19S_0014_Sed,339.1449816
11,Sample_S19S_0014_Sed,339.1660725
45,Sample_S19S_0014_Sed,339.1813533
2,Sample_S19S_0014_Sed,339.1999929
26,Sample_S19S_0014_Sed,339.2177427
38,Sample_S19S_0014_Sed,341.0514621
81,Sample_S19S_0014_Sed,341.0878109
22,Sample_S19S_0014_Sed,341.12425
56,Sample_S19S_0014_Sed,341.1606173
49,Sample_S19S_0014_Sed,341.1969848
5,Sample_S19S_0014_Sed,341.2334189
27,Sample_S19S_0014_Sed,342.0830768
21,Sample_S19S_0014_Sed,342.1306966
41,Sample_S19S_0014_Sed,342.155837
12,Sample_S19S_0014_Sed,342.1670651
32,Sample_S19S_0014_Sed,343.0459579
33,Sample_S19S_0014_Sed,343.067113
11,Sample_S19S_0014_Sed,343.0823925
83,Sample_S19S_0014_Sed,343.1034685
24,Sample_S19S_0014_Sed,343.1187422
15,Sample_S19S_0014_Sed,343.1399075
53,Sample_S19S_0014_Sed,343.1762631
36,Sample_S19S_0014_Sed,343.2126496
3,Sample_S19S_0014_Sed,344.1350437
17,Sample_S19S_0014_Sed,344.1715382
6,Sample_S19S_0014_Sed,344.1827031
4,Sample_S19S_0014_Sed,344.1997897
6,Sample_S19S_0014_Sed,344.2442459
29,Sample_S19S_0014_Sed,345.0252491
30,Sample_S19S_0014_Sed,345.0463327
50,Sample_S19S_0014_Sed,345.0616254
35,Sample_S19S_0014_Sed,345.0827674
43,Sample_S19S_0014_Sed,345.0980089
47,Sample_S19S_0014_Sed,345.1191373
10,Sample_S19S_0014_Sed,345.1344288
34,Sample_S19S_0014_Sed,345.1555412
21,Sample_S19S_0014_Sed,345.170772
8,Sample_S19S_0014_Sed,345.1919508
26,Sample_S19S_0014_Sed,345.2282779
27,Sample_S19S_0014_Sed,346.1507606
4,Sample_S19S_0014_Sed,346.1619628
18,Sample_S19S_0014_Sed,346.1871921
5,Sample_S19S_0014_Sed,346.2154294
45,Sample_S19S_0014_Sed,347.0408756
71,Sample_S19S_0014_Sed,347.0772564
22,Sample_S19S_0014_Sed,347.0903002
48,Sample_S19S_0014_Sed,347.0983726
25,Sample_S19S_0014_Sed,347.1136821
21,Sample_S19S_0014_Sed,347.1348045
37,Sample_S19S_0014_Sed,347.1711801
7,Sample_S19S_0014_Sed,347.1864695
33,Sample_S19S_0014_Sed,347.2075497
14,Sample_S19S_0014_Sed,348.1300774
24,Sample_S19S_0014_Sed,348.1664038
10,Sample_S19S_0014_Sed,348.2028318
6,Sample_S19S_0014_Sed,348.231087
32,Sample_S19S_0014_Sed,349.0201636
8,Sample_S19S_0014_Sed,349.0564693
24,Sample_S19S_0014_Sed,349.1059291
59,Sample_S19S_0014_Sed,349.129303
50,Sample_S19S_0014_Sed,349.1656793
12,Sample_S19S_0014_Sed,349.2021049
16,Sample_S19S_0014_Sed,350.1457077
13,Sample_S19S_0014_Sed,350.1821173
45,Sample_S19S_0014_Sed,351.0357871
56,Sample_S19S_0014_Sed,351.0721501
28,Sample_S19S_0014_Sed,351.0932965
28,Sample_S19S_0014_Sed,351.121581
32,Sample_S19S_0014_Sed,351.1449775
41,Sample_S19S_0014_Sed,351.1813076
29,Sample_S19S_0014_Sed,351.2177372
2,Sample_S19S_0014_Sed,351.2210572
10,Sample_S19S_0014_Sed,351.2307319
2,Sample_S19S_0014_Sed,351.2500934
5,Sample_S19S_0014_Sed,352.0674721
11,Sample_S19S_0014_Sed,352.1613622
27,Sample_S19S_0014_Sed,353.0514753
87,Sample_S19S_0014_Sed,353.0878166
14,Sample_S19S_0014_Sed,353.1008561
59,Sample_S19S_0014_Sed,353.124233
37,Sample_S19S_0014_Sed,353.1605629
20,Sample_S19S_0014_Sed,353.1736275
42,Sample_S19S_0014_Sed,353.1970034
2,Sample_S19S_0014_Sed,353.2003494
14,Sample_S19S_0014_Sed,353.2099396
17,Sample_S19S_0014_Sed,353.2333297
37,Sample_S19S_0014_Sed,354.0830704
45,Sample_S19S_0014_Sed,354.1558443
29,Sample_S19S_0014_Sed,355.0306981
44,Sample_S19S_0014_Sed,355.0671162
83,Sample_S19S_0014_Sed,355.1034699
19,Sample_S19S_0014_Sed,355.1164999
14,Sample_S19S_0014_Sed,355.1399086
61,Sample_S19S_0014_Sed,355.1762476
12,Sample_S19S_0014_Sed,355.2126797
37,Sample_S19S_0014_Sed,356.1715182
20,Sample_S19S_0014_Sed,357.0251986
30,Sample_S19S_0014_Sed,357.046323
31,Sample_S19S_0014_Sed,357.061636
62,Sample_S19S_0014_Sed,357.0827228
3,Sample_S19S_0014_Sed,357.0957003
28,Sample_S19S_0014_Sed,357.0979761
19,Sample_S19S_0014_Sed,357.1110353
76,Sample_S19S_0014_Sed,357.1191097
9,Sample_S19S_0014_Sed,357.141609
72,Sample_S19S_0014_Sed,357.1554992
61,Sample_S19S_0014_Sed,357.191896
39,Sample_S19S_0014_Sed,357.2282738
7,Sample_S19S_0014_Sed,358.1507103
15,Sample_S19S_0014_Sed,358.1619805
17,Sample_S19S_0014_Sed,358.1871972
12,Sample_S19S_0014_Sed,358.1983945
27,Sample_S19S_0014_Sed,358.2235211
9,Sample_S19S_0014_Sed,359.0409252
43,Sample_S19S_0014_Sed,359.0619959
38,Sample_S19S_0014_Sed,359.077285
22,Sample_S19S_0014_Sed,359.0984239
45,Sample_S19S_0014_Sed,359.1347452
10,Sample_S19S_0014_Sed,359.1572531
52,Sample_S19S_0014_Sed,359.1711775
19,Sample_S19S_0014_Sed,359.2074846
31,Sample_S19S_0014_Sed,359.2439319
2,Sample_S19S_0014_Sed,360.1299489
21,Sample_S19S_0014_Sed,360.1664452
13,Sample_S19S_0014_Sed,360.1776328
4,Sample_S19S_0014_Sed,360.1946802
6,Sample_S19S_0014_Sed,360.2674679
27,Sample_S19S_0014_Sed,361.0201475
37,Sample_S19S_0014_Sed,361.056505
9,Sample_S19S_0014_Sed,361.069538
55,Sample_S19S_0014_Sed,361.0929312
42,Sample_S19S_0014_Sed,361.1140532
68,Sample_S19S_0014_Sed,361.1292859
34,Sample_S19S_0014_Sed,361.1423317
51,Sample_S19S_0014_Sed,361.1504109
27,Sample_S19S_0014_Sed,361.1657046
39,Sample_S19S_0014_Sed,361.186829
10,Sample_S19S_0014_Sed,361.2151155
35,Sample_S19S_0014_Sed,361.2231964
16,Sample_S19S_0014_Sed,362.1821174
41,Sample_S19S_0014_Sed,363.0357881
30,Sample_S19S_0014_Sed,363.0722122
63,Sample_S19S_0014_Sed,363.108539
20,Sample_S19S_0014_Sed,363.1215932
24,Sample_S19S_0014_Sed,363.1449786
15,Sample_S19S_0014_Sed,363.1812892
20,Sample_S19S_0014_Sed,363.1943423
4,Sample_S19S_0014_Sed,363.2670624
19,Sample_S19S_0014_Sed,364.0674047
18,Sample_S19S_0014_Sed,364.1613157
8,Sample_S19S_0014_Sed,364.2259804
11,Sample_S19S_0014_Sed,365.0513776
12,Sample_S19S_0014_Sed,365.0644569
62,Sample_S19S_0014_Sed,365.0878382
24,Sample_S19S_0014_Sed,365.1008669
28,Sample_S19S_0014_Sed,365.1241727
22,Sample_S19S_0014_Sed,365.137244
14,Sample_S19S_0014_Sed,365.1606438
37,Sample_S19S_0014_Sed,365.1969623
23,Sample_S19S_0014_Sed,365.2100088
1,Sample_S19S_0014_Sed,365.2367361
36,Sample_S19S_0014_Sed,367.0306865
57,Sample_S19S_0014_Sed,367.0671094
12,Sample_S19S_0014_Sed,367.0801169
84,Sample_S19S_0014_Sed,367.1034613
15,Sample_S19S_0014_Sed,367.1165264
2,Sample_S19S_0014_Sed,367.1399195
39,Sample_S19S_0014_Sed,367.1762158
24,Sample_S19S_0014_Sed,367.189277
38,Sample_S19S_0014_Sed,367.2126519
4,Sample_S19S_0014_Sed,368.1117355
20,Sample_S19S_0014_Sed,369.0463181
61,Sample_S19S_0014_Sed,369.0827443
10,Sample_S19S_0014_Sed,369.1190631
18,Sample_S19S_0014_Sed,369.1321274
63,Sample_S19S_0014_Sed,369.1555194
20,Sample_S19S_0014_Sed,369.1685393
15,Sample_S19S_0014_Sed,369.1837969
17,Sample_S19S_0014_Sed,369.1918398
37,Sample_S19S_0014_Sed,369.2282876
28,Sample_S19S_0014_Sed,370.1507341
4,Sample_S19S_0014_Sed,370.1619519
20,Sample_S19S_0014_Sed,371.0408802
44,Sample_S19S_0014_Sed,371.0620102
12,Sample_S19S_0014_Sed,371.0902981
17,Sample_S19S_0014_Sed,371.0983408
6,Sample_S19S_0014_Sed,371.1113408
53,Sample_S19S_0014_Sed,371.1347918
49,Sample_S19S_0014_Sed,371.171134
36,Sample_S19S_0014_Sed,371.2075705
26,Sample_S19S_0014_Sed,371.2439257
2,Sample_S19S_0014_Sed,372.1411992
33,Sample_S19S_0014_Sed,372.1663973
20,Sample_S19S_0014_Sed,372.2028242
12,Sample_S19S_0014_Sed,372.2140099
4,Sample_S19S_0014_Sed,372.3038234
16,Sample_S19S_0014_Sed,373.0201141
37,Sample_S19S_0014_Sed,373.0565482
20,Sample_S19S_0014_Sed,373.0776886
29,Sample_S19S_0014_Sed,373.09294
22,Sample_S19S_0014_Sed,373.1059583
35,Sample_S19S_0014_Sed,373.1140108
9,Sample_S19S_0014_Sed,373.1270527
15,Sample_S19S_0014_Sed,373.1504711
11,Sample_S19S_0014_Sed,373.1729074
40,Sample_S19S_0014_Sed,373.1867821
40,Sample_S19S_0014_Sed,373.2231881
14,Sample_S19S_0014_Sed,373.2595428
6,Sample_S19S_0014_Sed,373.287836
1,Sample_S19S_0014_Sed,374.1053424
31,Sample_S19S_0014_Sed,374.1456527
11,Sample_S19S_0014_Sed,374.1820296
20,Sample_S19S_0014_Sed,374.2184652
9,Sample_S19S_0014_Sed,375.0358416
46,Sample_S19S_0014_Sed,375.0721973
18,Sample_S19S_0014_Sed,375.0852221
31,Sample_S19S_0014_Sed,375.1297066
54,Sample_S19S_0014_Sed,375.1449442
29,Sample_S19S_0014_Sed,375.1579842
14,Sample_S19S_0014_Sed,375.1660121
14,Sample_S19S_0014_Sed,375.1812892
33,Sample_S19S_0014_Sed,375.194367
28,Sample_S19S_0014_Sed,375.2024285
6,Sample_S19S_0014_Sed,375.230771
11,Sample_S19S_0014_Sed,375.2387855
22,Sample_S19S_0014_Sed,376.1249335
2,Sample_S19S_0014_Sed,376.1895594
17,Sample_S19S_0014_Sed,376.1976905
48,Sample_S19S_0014_Sed,377.0514538
41,Sample_S19S_0014_Sed,377.0877952
15,Sample_S19S_0014_Sed,377.100823
68,Sample_S19S_0014_Sed,377.1241915
22,Sample_S19S_0014_Sed,377.1372608
23,Sample_S19S_0014_Sed,377.1453086
29,Sample_S19S_0014_Sed,377.1735945
10,Sample_S19S_0014_Sed,377.1969233
17,Sample_S19S_0014_Sed,377.2099902
16,Sample_S19S_0014_Sed,377.2463996
18,Sample_S19S_0014_Sed,378.0831073
4,Sample_S19S_0014_Sed,378.2052199
8,Sample_S19S_0014_Sed,378.2416575
34,Sample_S19S_0014_Sed,379.0307221
14,Sample_S19S_0014_Sed,379.0670295
8,Sample_S19S_0014_Sed,379.0800689
87,Sample_S19S_0014_Sed,379.1034645
23,Sample_S19S_0014_Sed,379.1165229
71,Sample_S19S_0014_Sed,379.1398402
27,Sample_S19S_0014_Sed,379.1528588
58,Sample_S19S_0014_Sed,379.1762343
32,Sample_S19S_0014_Sed,379.1892722
19,Sample_S19S_0014_Sed,379.2256462
7,Sample_S19S_0014_Sed,380.184512
40,Sample_S19S_0014_Sed,381.0463502
16,Sample_S19S_0014_Sed,381.0826619
6,Sample_S19S_0014_Sed,381.095685
81,Sample_S19S_0014_Sed,381.1191186
21,Sample_S19S_0014_Sed,381.1321708
68,Sample_S19S_0014_Sed,381.1555031
18,Sample_S19S_0014_Sed,381.1684945
39,Sample_S19S_0014_Sed,381.1918695
14,Sample_S19S_0014_Sed,381.204939
28,Sample_S19S_0014_Sed,381.2282913
18,Sample_S19S_0014_Sed,382.0779661
3,Sample_S19S_0014_Sed,382.1273741
6,Sample_S19S_0014_Sed,382.1507159
31,Sample_S19S_0014_Sed,382.1871664
5,Sample_S19S_0014_Sed,383.0044733
17,Sample_S19S_0014_Sed,383.0619616
80,Sample_S19S_0014_Sed,383.0983806
2,Sample_S19S_0014_Sed,383.1113231
20,Sample_S19S_0014_Sed,383.1266887
18,Sample_S19S_0014_Sed,383.1347075
17,Sample_S19S_0014_Sed,383.1477567
19,Sample_S19S_0014_Sed,383.184187
7,Sample_S19S_0014_Sed,383.1922474
44,Sample_S19S_0014_Sed,383.2075249
3,Sample_S19S_0014_Sed,383.2204433
29,Sample_S19S_0014_Sed,383.2439132
34,Sample_S19S_0014_Sed,384.1664077
28,Sample_S19S_0014_Sed,384.2027906
22,Sample_S19S_0014_Sed,385.0564963
58,Sample_S19S_0014_Sed,385.0776412
36,Sample_S19S_0014_Sed,385.0929264
14,Sample_S19S_0014_Sed,385.1139909
20,Sample_S19S_0014_Sed,385.1423072
28,Sample_S19S_0014_Sed,385.1503825
48,Sample_S19S_0014_Sed,385.1868285
9,Sample_S19S_0014_Sed,385.2151169
17,Sample_S19S_0014_Sed,385.2231361
22,Sample_S19S_0014_Sed,385.2595906
40,Sample_S19S_0014_Sed,386.1820531
1,Sample_S19S_0014_Sed,386.1932411
28,Sample_S19S_0014_Sed,387.0358113
9,Sample_S19S_0014_Sed,387.0568488
5,Sample_S19S_0014_Sed,387.0721252
10,Sample_S19S_0014_Sed,387.0851909
14,Sample_S19S_0014_Sed,387.0932457
52,Sample_S19S_0014_Sed,387.1085636
67,Sample_S19S_0014_Sed,387.1296791
22,Sample_S19S_0014_Sed,387.1579654
6,Sample_S19S_0014_Sed,387.1659841
25,Sample_S19S_0014_Sed,387.19436
39,Sample_S19S_0014_Sed,387.2024406
25,Sample_S19S_0014_Sed,387.2388297
5,Sample_S19S_0014_Sed,388.2987452
31,Sample_S19S_0014_Sed,389.051417
57,Sample_S19S_0014_Sed,389.0878118
20,Sample_S19S_0014_Sed,389.1008827
23,Sample_S19S_0014_Sed,389.108981
1,Sample_S19S_0014_Sed,389.1135404
22,Sample_S19S_0014_Sed,389.1372295
10,Sample_S19S_0014_Sed,389.1452618
29,Sample_S19S_0014_Sed,389.1736085
20,Sample_S19S_0014_Sed,389.1816725
30,Sample_S19S_0014_Sed,389.2180886
10,Sample_S19S_0014_Sed,389.246368
7,Sample_S19S_0014_Sed,389.2827541
1,Sample_S19S_0014_Sed,390.2132816
1,Sample_S19S_0014_Sed,390.3143698
10,Sample_S19S_0014_Sed,391.0307447
26,Sample_S19S_0014_Sed,391.0670531
27,Sample_S19S_0014_Sed,391.1034381
1,Sample_S19S_0014_Sed,391.1105459
30,Sample_S19S_0014_Sed,391.1398852
19,Sample_S19S_0014_Sed,391.1528412
3,Sample_S19S_0014_Sed,391.1608948
23,Sample_S19S_0014_Sed,391.1762035
17,Sample_S19S_0014_Sed,391.1892281
25,Sample_S19S_0014_Sed,391.212612
8,Sample_S19S_0014_Sed,391.2256863
6,Sample_S19S_0014_Sed,391.2620068
14,Sample_S19S_0014_Sed,392.1198706
9,Sample_S19S_0014_Sed,392.2209084
20,Sample_S19S_0014_Sed,393.0463154
54,Sample_S19S_0014_Sed,393.0827628
62,Sample_S19S_0014_Sed,393.1191285
20,Sample_S19S_0014_Sed,393.1321265
20,Sample_S19S_0014_Sed,393.1554711
24,Sample_S19S_0014_Sed,393.1685262
26,Sample_S19S_0014_Sed,393.2049392
4,Sample_S19S_0014_Sed,393.2161336
14,Sample_S19S_0014_Sed,393.2282185
14,Sample_S19S_0014_Sed,393.2412462
4,Sample_S19S_0014_Sed,393.2776995
15,Sample_S19S_0014_Sed,394.1144108
4,Sample_S19S_0014_Sed,394.2001939
4,Sample_S19S_0014_Sed,394.2268712
4,Sample_S19S_0014_Sed,394.2364931
11,Sample_S19S_0014_Sed,395.0255818
29,Sample_S19S_0014_Sed,395.0619708
31,Sample_S19S_0014_Sed,395.0984243
17,Sample_S19S_0014_Sed,395.1114167
93,Sample_S19S_0014_Sed,395.1347697
21,Sample_S19S_0014_Sed,395.1477706
33,Sample_S19S_0014_Sed,395.171191
18,Sample_S19S_0014_Sed,395.2075813
19,Sample_S19S_0014_Sed,395.2205826
3,Sample_S19S_0014_Sed,395.2317962
13,Sample_S19S_0014_Sed,395.2438669
23,Sample_S19S_0014_Sed,397.0412485
14,Sample_S19S_0014_Sed,397.0775828
47,Sample_S19S_0014_Sed,397.1140135
14,Sample_S19S_0014_Sed,397.1270557
67,Sample_S19S_0014_Sed,397.1504225
18,Sample_S19S_0014_Sed,397.1634297
20,Sample_S19S_0014_Sed,397.1867602
10,Sample_S19S_0014_Sed,397.1997808
38,Sample_S19S_0014_Sed,397.2232052
7,Sample_S19S_0014_Sed,399.0568344
18,Sample_S19S_0014_Sed,399.0721389
12,Sample_S19S_0014_Sed,399.085227
31,Sample_S19S_0014_Sed,399.0932727
10,Sample_S19S_0014_Sed,399.1086044
46,Sample_S19S_0014_Sed,399.1296635
13,Sample_S19S_0014_Sed,399.1579458
3,Sample_S19S_0014_Sed,399.1659287
17,Sample_S19S_0014_Sed,399.1943775
39,Sample_S19S_0014_Sed,399.2024375
17,Sample_S19S_0014_Sed,399.2388025
2,Sample_S19S_0014_Sed,399.2751285
36,Sample_S19S_0014_Sed,401.0514549
7,Sample_S19S_0014_Sed,401.0725084
39,Sample_S19S_0014_Sed,401.1089631
56,Sample_S19S_0014_Sed,401.1453284
19,Sample_S19S_0014_Sed,401.1736033
14,Sample_S19S_0014_Sed,401.1816514
25,Sample_S19S_0014_Sed,401.2100146
29,Sample_S19S_0014_Sed,401.2180808
17,Sample_S19S_0014_Sed,401.2544603
2,Sample_S19S_0014_Sed,403.0129628
49,Sample_S19S_0014_Sed,403.0671122
49,Sample_S19S_0014_Sed,403.1034476
14,Sample_S19S_0014_Sed,403.1164656
7,Sample_S19S_0014_Sed,403.1245163
22,Sample_S19S_0014_Sed,403.1529106
19,Sample_S19S_0014_Sed,403.1609357
37,Sample_S19S_0014_Sed,403.1973716
15,Sample_S19S_0014_Sed,403.2256482
14,Sample_S19S_0014_Sed,403.2336971
1,Sample_S19S_0014_Sed,403.3347743
21,Sample_S19S_0014_Sed,404.1926065
1,Sample_S19S_0014_Sed,404.2937097
36,Sample_S19S_0014_Sed,405.0463718
31,Sample_S19S_0014_Sed,405.0827082
14,Sample_S19S_0014_Sed,405.1190623
25,Sample_S19S_0014_Sed,405.1321292
32,Sample_S19S_0014_Sed,405.1555362
29,Sample_S19S_0014_Sed,405.1685606
7,Sample_S19S_0014_Sed,405.1765627
14,Sample_S19S_0014_Sed,405.2048711
8,Sample_S19S_0014_Sed,405.2776864
6,Sample_S19S_0014_Sed,406.2364932
4,Sample_S19S_0014_Sed,406.3092961
8,Sample_S19S_0014_Sed,407.0255705
31,Sample_S19S_0014_Sed,407.0620299
74,Sample_S19S_0014_Sed,407.0983755
11,Sample_S19S_0014_Sed,407.1113661
55,Sample_S19S_0014_Sed,407.1347505
26,Sample_S19S_0014_Sed,407.1477958
2,Sample_S19S_0014_Sed,407.1953965
13,Sample_S19S_0014_Sed,407.2075913
19,Sample_S19S_0014_Sed,407.2205546
12,Sample_S19S_0014_Sed,407.2568891
14,Sample_S19S_0014_Sed,408.2158005
11,Sample_S19S_0014_Sed,409.0412228
12,Sample_S19S_0014_Sed,409.07757
1,Sample_S19S_0014_Sed,409.0930287
69,Sample_S19S_0014_Sed,409.1140221
20,Sample_S19S_0014_Sed,409.1270356
9,Sample_S19S_0014_Sed,409.1633923
8,Sample_S19S_0014_Sed,409.1867344
9,Sample_S19S_0014_Sed,409.1997594
2,Sample_S19S_0014_Sed,409.2110293
40,Sample_S19S_0014_Sed,409.2231724
8,Sample_S19S_0014_Sed,411.0568579
49,Sample_S19S_0014_Sed,411.0933142
60,Sample_S19S_0014_Sed,411.1296933
21,Sample_S19S_0014_Sed,411.1426758
20,Sample_S19S_0014_Sed,411.1579879
1,Sample_S19S_0014_Sed,411.1603771
39,Sample_S19S_0014_Sed,411.1660419
17,Sample_S19S_0014_Sed,411.1790746
2,Sample_S19S_0014_Sed,411.2022993
31,Sample_S19S_0014_Sed,411.2388467
1,Sample_S19S_0014_Sed,412.137911
16,Sample_S19S_0014_Sed,413.1008794
51,Sample_S19S_0014_Sed,413.1089345
11,Sample_S19S_0014_Sed,413.1372735
18,Sample_S19S_0014_Sed,413.1452768
22,Sample_S19S_0014_Sed,413.1736056
3,Sample_S19S_0014_Sed,413.1816156
6,Sample_S19S_0014_Sed,413.1946295
22,Sample_S19S_0014_Sed,413.2180661
24,Sample_S19S_0014_Sed,413.2544798
1,Sample_S19S_0014_Sed,415.0671726
33,Sample_S19S_0014_Sed,415.0881916
39,Sample_S19S_0014_Sed,415.1034568
11,Sample_S19S_0014_Sed,415.1164835
17,Sample_S19S_0014_Sed,415.1245406
9,Sample_S19S_0014_Sed,415.1529316
45,Sample_S19S_0014_Sed,415.1609859
38,Sample_S19S_0014_Sed,415.1973464
13,Sample_S19S_0014_Sed,415.2256541
13,Sample_S19S_0014_Sed,415.2336924
11,Sample_S19S_0014_Sed,416.1925804
23,Sample_S19S_0014_Sed,417.0463346
12,Sample_S19S_0014_Sed,417.0826722
8,Sample_S19S_0014_Sed,417.0957124
56,Sample_S19S_0014_Sed,417.1191101
29,Sample_S19S_0014_Sed,417.1402188
32,Sample_S19S_0014_Sed,417.1685514
12,Sample_S19S_0014_Sed,417.1765666
9,Sample_S19S_0014_Sed,417.2048604
5,Sample_S19S_0014_Sed,417.2128787
12,Sample_S19S_0014_Sed,417.2493486
21,Sample_S19S_0014_Sed,419.0619721
6,Sample_S19S_0014_Sed,419.0982983
4,Sample_S19S_0014_Sed,419.1113471
60,Sample_S19S_0014_Sed,419.1347745
19,Sample_S19S_0014_Sed,419.1478319
30,Sample_S19S_0014_Sed,419.1842051
2,Sample_S19S_0014_Sed,419.1921608
11,Sample_S19S_0014_Sed,419.2205119
6,Sample_S19S_0014_Sed,419.2285513
4,Sample_S19S_0014_Sed,420.2521315
4,Sample_S19S_0014_Sed,420.2885838
21,Sample_S19S_0014_Sed,421.0412704
9,Sample_S19S_0014_Sed,421.0777047
69,Sample_S19S_0014_Sed,421.1140346
14,Sample_S19S_0014_Sed,421.1270174
1,Sample_S19S_0014_Sed,421.1552081
26,Sample_S19S_0014_Sed,421.1634511
4,Sample_S19S_0014_Sed,421.2265386
11,Sample_S19S_0014_Sed,421.2362004
9,Sample_S19S_0014_Sed,422.2031632
35,Sample_S19S_0014_Sed,423.0569089
14,Sample_S19S_0014_Sed,423.093231
79,Sample_S19S_0014_Sed,423.1296813
16,Sample_S19S_0014_Sed,423.1426961
25,Sample_S19S_0014_Sed,423.179095
48,Sample_S19S_0014_Sed,423.2024382
14,Sample_S19S_0014_Sed,423.2154249
1,Sample_S19S_0014_Sed,423.2387546
29,Sample_S19S_0014_Sed,425.1089252
6,Sample_S19S_0014_Sed,425.1453873
17,Sample_S19S_0014_Sed,425.1583275
15,Sample_S19S_0014_Sed,425.1947046
1,Sample_S19S_0014_Sed,425.2178813
26,Sample_S19S_0014_Sed,425.2544996
3,Sample_S19S_0014_Sed,427.0669702
3,Sample_S19S_0014_Sed,427.0801714
21,Sample_S19S_0014_Sed,427.088175
12,Sample_S19S_0014_Sed,427.1165345
62,Sample_S19S_0014_Sed,427.1245871
1,Sample_S19S_0014_Sed,427.1610597
32,Sample_S19S_0014_Sed,427.1973395
26,Sample_S19S_0014_Sed,427.2337286
19,Sample_S19S_0014_Sed,427.2701368
1,Sample_S19S_0014_Sed,429.1039457
1,Sample_S19S_0014_Sed,429.1192381
1,Sample_S19S_0014_Sed,429.1249857
51,Sample_S19S_0014_Sed,429.1402424
24,Sample_S19S_0014_Sed,429.1685491
21,Sample_S19S_0014_Sed,429.1765924
31,Sample_S19S_0014_Sed,429.2129876
22,Sample_S19S_0014_Sed,429.2494299
30,Sample_S19S_0014_Sed,431.0620177
47,Sample_S19S_0014_Sed,431.098388
10,Sample_S19S_0014_Sed,431.1113826
24,Sample_S19S_0014_Sed,431.1477957
14,Sample_S19S_0014_Sed,431.1558407
19,Sample_S19S_0014_Sed,431.1922364
4,Sample_S19S_0014_Sed,431.2206124
18,Sample_S19S_0014_Sed,431.2286229
4,Sample_S19S_0014_Sed,431.264934
7,Sample_S19S_0014_Sed,432.1876103
22,Sample_S19S_0014_Sed,433.0412948
40,Sample_S19S_0014_Sed,433.077665
9,Sample_S19S_0014_Sed,433.0906617
12,Sample_S19S_0014_Sed,433.1139658
7,Sample_S19S_0014_Sed,433.1269982
24,Sample_S19S_0014_Sed,433.1634586
6,Sample_S19S_0014_Sed,433.1998888
25,Sample_S19S_0014_Sed,433.2079014
7,Sample_S19S_0014_Sed,434.2677929
22,Sample_S19S_0014_Sed,435.0569041
53,Sample_S19S_0014_Sed,435.093324
10,Sample_S19S_0014_Sed,435.1062764
12,Sample_S19S_0014_Sed,435.1296329
8,Sample_S19S_0014_Sed,435.1426364
1,Sample_S19S_0014_Sed,435.160379
25,Sample_S19S_0014_Sed,435.1790631
14,Sample_S19S_0014_Sed,435.2155119
17,Sample_S19S_0014_Sed,435.25188
3,Sample_S19S_0014_Sed,436.1742724
11,Sample_S19S_0014_Sed,437.072483
13,Sample_S19S_0014_Sed,437.1088959
36,Sample_S19S_0014_Sed,437.1453651
21,Sample_S19S_0014_Sed,437.158378
17,Sample_S19S_0014_Sed,437.1946984
11,Sample_S19S_0014_Sed,437.2310601
3,Sample_S19S_0014_Sed,439.051737
50,Sample_S19S_0014_Sed,439.0882098
57,Sample_S19S_0014_Sed,439.1246064
6,Sample_S19S_0014_Sed,439.1375419
1,Sample_S19S_0014_Sed,439.1916893
3,Sample_S19S_0014_Sed,439.246834
16,Sample_S19S_0014_Sed,441.0674409
17,Sample_S19S_0014_Sed,441.1039049
38,Sample_S19S_0014_Sed,441.1402285
14,Sample_S19S_0014_Sed,441.1765589
16,Sample_S19S_0014_Sed,441.2129575
9,Sample_S19S_0014_Sed,441.2494531
4,Sample_S19S_0014_Sed,443.061884
6,Sample_S19S_0014_Sed,443.0749837
14,Sample_S19S_0014_Sed,443.0830557
16,Sample_S19S_0014_Sed,443.0984287
13,Sample_S19S_0014_Sed,443.1114516
45,Sample_S19S_0014_Sed,443.119518
6,Sample_S19S_0014_Sed,443.1478565
49,Sample_S19S_0014_Sed,443.1558944
22,Sample_S19S_0014_Sed,443.1841796
9,Sample_S19S_0014_Sed,443.1922057
11,Sample_S19S_0014_Sed,443.2205255
4,Sample_S19S_0014_Sed,443.2285235
18,Sample_S19S_0014_Sed,443.2650816
10,Sample_S19S_0014_Sed,445.0412697
22,Sample_S19S_0014_Sed,445.0776178
7,Sample_S19S_0014_Sed,445.1139537
10,Sample_S19S_0014_Sed,445.127011
3,Sample_S19S_0014_Sed,445.1350548
26,Sample_S19S_0014_Sed,445.1634705
39,Sample_S19S_0014_Sed,445.1715289
18,Sample_S19S_0014_Sed,445.2362316
22,Sample_S19S_0014_Sed,445.2442897
8,Sample_S19S_0014_Sed,446.2031197
3,Sample_S19S_0014_Sed,447.056785
8,Sample_S19S_0014_Sed,447.09323
54,Sample_S19S_0014_Sed,447.1297048
23,Sample_S19S_0014_Sed,447.1427418
28,Sample_S19S_0014_Sed,447.179104
9,Sample_S19S_0014_Sed,447.2154152
2,Sample_S19S_0014_Sed,447.2234126
8,Sample_S19S_0014_Sed,447.2518394
2,Sample_S19S_0014_Sed,447.3609879
9,Sample_S19S_0014_Sed,449.0724952
57,Sample_S19S_0014_Sed,449.1089599
57,Sample_S19S_0014_Sed,449.1453221
29,Sample_S19S_0014_Sed,449.1583358
1,Sample_S19S_0014_Sed,449.1735875
9,Sample_S19S_0014_Sed,449.1946593
14,Sample_S19S_0014_Sed,449.2310912
3,Sample_S19S_0014_Sed,451.0517204
18,Sample_S19S_0014_Sed,451.0881744
39,Sample_S19S_0014_Sed,451.124616
12,Sample_S19S_0014_Sed,451.1739524
6,Sample_S19S_0014_Sed,451.2103087
9,Sample_S19S_0014_Sed,453.0673983
5,Sample_S19S_0014_Sed,453.1037558
20,Sample_S19S_0014_Sed,453.140211
14,Sample_S19S_0014_Sed,453.1532352
49,Sample_S19S_0014_Sed,453.1766436
21,Sample_S19S_0014_Sed,453.1896338
10,Sample_S19S_0014_Sed,453.2259797
2,Sample_S19S_0014_Sed,453.2492245
17,Sample_S19S_0014_Sed,455.1194736
4,Sample_S19S_0014_Sed,455.1921775
2,Sample_S19S_0014_Sed,455.2285132
22,Sample_S19S_0014_Sed,455.2650512
3,Sample_S19S_0014_Sed,457.0906483
9,Sample_S19S_0014_Sed,457.0986905
8,Sample_S19S_0014_Sed,457.1350642
15,Sample_S19S_0014_Sed,457.1634444
26,Sample_S19S_0014_Sed,457.1715231
11,Sample_S19S_0014_Sed,457.1998933
32,Sample_S19S_0014_Sed,457.2079257
14,Sample_S19S_0014_Sed,457.2362399
12,Sample_S19S_0014_Sed,457.2442623
2,Sample_S19S_0014_Sed,457.280565
7,Sample_S19S_0014_Sed,459.0568713
9,Sample_S19S_0014_Sed,459.0932353
7,Sample_S19S_0014_Sed,459.1733188
9,Sample_S19S_0014_Sed,459.2155229
5,Sample_S19S_0014_Sed,461.1088271
10,Sample_S19S_0014_Sed,461.1452647
23,Sample_S19S_0014_Sed,461.1583343
4,Sample_S19S_0014_Sed,461.1889708
7,Sample_S19S_0014_Sed,461.1948089
26,Sample_S19S_0014_Sed,461.2311454
21,Sample_S19S_0014_Sed,463.0518315
24,Sample_S19S_0014_Sed,463.0881954
4,Sample_S19S_0014_Sed,463.124491
7,Sample_S19S_0014_Sed,463.1739081
1,Sample_S19S_0014_Sed,463.1865864
25,Sample_S19S_0014_Sed,463.210366
19,Sample_S19S_0014_Sed,463.2467901
18,Sample_S19S_0014_Sed,465.1038259
21,Sample_S19S_0014_Sed,465.1532935
23,Sample_S19S_0014_Sed,465.1896305
7,Sample_S19S_0014_Sed,465.2259434
26,Sample_S19S_0014_Sed,467.0831629
13,Sample_S19S_0014_Sed,467.1558326
12,Sample_S19S_0014_Sed,467.2052403
26,Sample_S19S_0014_Sed,467.2286363
10,Sample_S19S_0014_Sed,469.0986993
23,Sample_S19S_0014_Sed,469.2078959
28,Sample_S19S_0014_Sed,469.2442937
6,Sample_S19S_0014_Sed,471.106291
11,Sample_S19S_0014_Sed,471.1871307
4,Sample_S19S_0014_Sed,471.2155389
20,Sample_S19S_0014_Sed,471.2235442
4,Sample_S19S_0014_Sed,471.2598467
15,Sample_S19S_0014_Sed,473.0726032
18,Sample_S19S_0014_Sed,473.0937108
14,Sample_S19S_0014_Sed,473.121993
8,Sample_S19S_0014_Sed,473.1582831
9,Sample_S19S_0014_Sed,473.2027392
27,Sample_S19S_0014_Sed,473.2311386
21,Sample_S19S_0014_Sed,473.2392065
7,Sample_S19S_0014_Sed,475.1012806
47,Sample_S19S_0014_Sed,475.1245966
18,Sample_S19S_0014_Sed,475.1376596
47,Sample_S19S_0014_Sed,475.1609843
24,Sample_S19S_0014_Sed,475.1739813
5,Sample_S19S_0014_Sed,475.2103074
1,Sample_S19S_0014_Sed,475.2983678
1,Sample_S19S_0014_Sed,476.2499866
10,Sample_S19S_0014_Sed,477.1037802
1,Sample_S19S_0014_Sed,477.1401075
4,Sample_S19S_0014_Sed,477.1531747
6,Sample_S19S_0014_Sed,477.1895617
11,Sample_S19S_0014_Sed,477.262427
4,Sample_S19S_0014_Sed,479.0830028
17,Sample_S19S_0014_Sed,479.1194663
43,Sample_S19S_0014_Sed,479.1559168
23,Sample_S19S_0014_Sed,479.2053091
15,Sample_S19S_0014_Sed,479.2416827
32,Sample_S19S_0014_Sed,481.0987747
49,Sample_S19S_0014_Sed,481.1351677
10,Sample_S19S_0014_Sed,481.1634867
11,Sample_S19S_0014_Sed,481.1845085
8,Sample_S19S_0014_Sed,481.2208584
7,Sample_S19S_0014_Sed,481.2572296
17,Sample_S19S_0014_Sed,483.0780208
25,Sample_S19S_0014_Sed,483.1144642
4,Sample_S19S_0014_Sed,483.2234722
1,Sample_S19S_0014_Sed,483.259746
33,Sample_S19S_0014_Sed,485.1300644
10,Sample_S19S_0014_Sed,485.2310607
2,Sample_S19S_0014_Sed,485.275439
3,Sample_S19S_0014_Sed,487.2104698
21,Sample_S19S_0014_Sed,487.2184679
19,Sample_S19S_0014_Sed,487.254845
6,Sample_S19S_0014_Sed,489.1895365
7,Sample_S19S_0014_Sed,491.0830123
3,Sample_S19S_0014_Sed,491.1193786
11,Sample_S19S_0014_Sed,491.1558203
17,Sample_S19S_0014_Sed,491.1689084
4,Sample_S19S_0014_Sed,491.2053832
4,Sample_S19S_0014_Sed,491.2417678
3,Sample_S19S_0014_Sed,493.1846305
18,Sample_S19S_0014_Sed,493.2209368
7,Sample_S19S_0014_Sed,493.2572378
27,Sample_S19S_0014_Sed,495.1144449
9,Sample_S19S_0014_Sed,495.2365338
1,Sample_S19S_0014_Sed,497.1396908
18,Sample_S19S_0014_Sed,497.1947705
2,Sample_S19S_0014_Sed,497.2157304
3,Sample_S19S_0014_Sed,497.2310629
9,Sample_S19S_0014_Sed,499.2184243
18,Sample_S19S_0014_Sed,501.2705063
1,Sample_S19S_0014_Sed,502.2292793
2,Sample_S19S_0014_Sed,503.2051842
2,Sample_S19S_0014_Sed,503.2860944
9,Sample_S19S_0014_Sed,505.1350781
10,Sample_S19S_0014_Sed,505.1846129
12,Sample_S19S_0014_Sed,507.2001826
5,Sample_S19S_0014_Sed,507.2364864
4,Sample_S19S_0014_Sed,509.1219812
7,Sample_S19S_0014_Sed,509.1947371
8,Sample_S19S_0014_Sed,509.2522003
11,Sample_S19S_0014_Sed,509.2675212
3,Sample_S19S_0014_Sed,511.1375472
4,Sample_S19S_0014_Sed,511.2183807
4,Sample_S19S_0014_Sed,515.2416147
1,Sample_S19S_0014_Sed,517.2572088
23,Sample_S19S_0014_Sed,519.2002386
7,Sample_S19S_0014_Sed,521.2521448
4,Sample_S19S_0014_Sed,521.288516
12,Sample_S19S_0014_Sed,523.231536
1,Sample_S19S_0014_Sed,525.270299
2,Sample_S19S_0014_Sed,533.2156961
4,Sample_S19S_0014_Sed,539.3144117
1,Sample_S19S_0014_Sed,543.2808575
2,Sample_S19S_0014_Sed,543.3173823
3,Sample_S19S_0014_Sed,545.2967065
9,Sample_S19S_0014_Sed,547.2678735
6,Sample_S19S_0014_Sed,563.2263607
1,Sample_S19S_0014_Sed,565.4392372
