num.trans.involved.in,sample,peak
4,Sample_S19S_0018_Sed,241.0466195
9,Sample_S19S_0018_Sed,241.0717422
7,Sample_S19S_0018_Sed,241.1081087
7,Sample_S19S_0018_Sed,241.1193918
10,Sample_S19S_0018_Sed,241.1445007
25,Sample_S19S_0018_Sed,241.1809156
6,Sample_S19S_0018_Sed,242.0670034
12,Sample_S19S_0018_Sed,242.139775
5,Sample_S19S_0018_Sed,242.1761465
31,Sample_S19S_0018_Sed,243.0510224
11,Sample_S19S_0018_Sed,243.0873816
9,Sample_S19S_0018_Sed,243.0986597
8,Sample_S19S_0018_Sed,243.1237626
17,Sample_S19S_0018_Sed,243.1601665
33,Sample_S19S_0018_Sed,243.1965883
3,Sample_S19S_0018_Sed,245.0489119
45,Sample_S19S_0018_Sed,245.0666847
44,Sample_S19S_0018_Sed,245.1030642
3,Sample_S19S_0018_Sed,245.1142776
22,Sample_S19S_0018_Sed,245.1394342
5,Sample_S19S_0018_Sed,246.1095509
48,Sample_S19S_0018_Sed,247.0823368
40,Sample_S19S_0018_Sed,247.118733
5,Sample_S19S_0018_Sed,247.1703275
13,Sample_S19S_0018_Sed,248.1139872
28,Sample_S19S_0018_Sed,249.1496147
6,Sample_S19S_0018_Sed,250.1448617
4,Sample_S19S_0018_Sed,251.0594793
2,Sample_S19S_0018_Sed,251.0785764
26,Sample_S19S_0018_Sed,251.1289035
44,Sample_S19S_0018_Sed,253.0717756
17,Sample_S19S_0018_Sed,253.1081345
38,Sample_S19S_0018_Sed,253.1445337
38,Sample_S19S_0018_Sed,253.1809275
27,Sample_S19S_0018_Sed,255.0510433
2,Sample_S19S_0018_Sed,255.0622462
1,Sample_S19S_0018_Sed,255.0663123
64,Sample_S19S_0018_Sed,255.0874163
21,Sample_S19S_0018_Sed,255.1237776
42,Sample_S19S_0018_Sed,255.1602018
37,Sample_S19S_0018_Sed,255.1965909
21,Sample_S19S_0018_Sed,255.2329705
2,Sample_S19S_0018_Sed,257.0415582
40,Sample_S19S_0018_Sed,257.0666765
32,Sample_S19S_0018_Sed,257.1030521
11,Sample_S19S_0018_Sed,257.1143128
44,Sample_S19S_0018_Sed,257.1394516
31,Sample_S19S_0018_Sed,257.175834
34,Sample_S19S_0018_Sed,257.2122374
13,Sample_S19S_0018_Sed,258.1347123
12,Sample_S19S_0018_Sed,258.145966
49,Sample_S19S_0018_Sed,259.0823405
49,Sample_S19S_0018_Sed,259.1187072
10,Sample_S19S_0018_Sed,259.1299532
45,Sample_S19S_0018_Sed,259.1551113
25,Sample_S19S_0018_Sed,259.1914889
12,Sample_S19S_0018_Sed,260.1503532
34,Sample_S19S_0018_Sed,261.0980071
3,Sample_S19S_0018_Sed,261.1244971
45,Sample_S19S_0018_Sed,261.1343647
14,Sample_S19S_0018_Sed,262.1660448
1,Sample_S19S_0018_Sed,264.0473979
4,Sample_S19S_0018_Sed,265.0578564
1,Sample_S19S_0018_Sed,265.1479151
6,Sample_S19S_0018_Sed,265.1575521
4,Sample_S19S_0018_Sed,266.089493
28,Sample_S19S_0018_Sed,267.0510336
4,Sample_S19S_0018_Sed,267.0735078
40,Sample_S19S_0018_Sed,267.0874299
52,Sample_S19S_0018_Sed,267.123805
32,Sample_S19S_0018_Sed,267.1601848
32,Sample_S19S_0018_Sed,267.1965985
43,Sample_S19S_0018_Sed,269.0666802
49,Sample_S19S_0018_Sed,269.1030627
43,Sample_S19S_0018_Sed,269.1394657
44,Sample_S19S_0018_Sed,269.1758579
34,Sample_S19S_0018_Sed,269.2122378
5,Sample_S19S_0018_Sed,271.0645721
40,Sample_S19S_0018_Sed,271.0823212
60,Sample_S19S_0018_Sed,271.118718
14,Sample_S19S_0018_Sed,271.1299759
42,Sample_S19S_0018_Sed,271.1551343
42,Sample_S19S_0018_Sed,271.1914941
33,Sample_S19S_0018_Sed,271.227892
12,Sample_S19S_0018_Sed,272.1504094
49,Sample_S19S_0018_Sed,273.0979879
11,Sample_S19S_0018_Sed,273.109239
44,Sample_S19S_0018_Sed,273.1343844
49,Sample_S19S_0018_Sed,273.1707658
37,Sample_S19S_0018_Sed,273.2071526
43,Sample_S19S_0018_Sed,275.1136274
38,Sample_S19S_0018_Sed,275.1500444
32,Sample_S19S_0018_Sed,277.1293085
31,Sample_S19S_0018_Sed,277.1445377
1,Sample_S19S_0018_Sed,278.0630512
8,Sample_S19S_0018_Sed,279.0986672
28,Sample_S19S_0018_Sed,279.1238221
3,Sample_S19S_0018_Sed,279.1562152
33,Sample_S19S_0018_Sed,279.160186
1,Sample_S19S_0018_Sed,280.068733
10,Sample_S19S_0018_Sed,280.1038615
41,Sample_S19S_0018_Sed,281.0666829
24,Sample_S19S_0018_Sed,281.1030502
50,Sample_S19S_0018_Sed,281.1394597
34,Sample_S19S_0018_Sed,281.1758716
3,Sample_S19S_0018_Sed,282.0844159
21,Sample_S19S_0018_Sed,283.0823169
63,Sample_S19S_0018_Sed,283.118715
2,Sample_S19S_0018_Sed,283.1373752
39,Sample_S19S_0018_Sed,283.1551309
24,Sample_S19S_0018_Sed,283.1915306
14,Sample_S19S_0018_Sed,283.2279218
6,Sample_S19S_0018_Sed,283.2642602
7,Sample_S19S_0018_Sed,284.1616007
18,Sample_S19S_0018_Sed,285.0616357
7,Sample_S19S_0018_Sed,285.1262347
40,Sample_S19S_0018_Sed,285.1343948
42,Sample_S19S_0018_Sed,285.17075
12,Sample_S19S_0018_Sed,285.2071124
44,Sample_S19S_0018_Sed,287.0772537
7,Sample_S19S_0018_Sed,287.0958808
54,Sample_S19S_0018_Sed,287.1136282
13,Sample_S19S_0018_Sed,287.1248864
55,Sample_S19S_0018_Sed,287.150015
47,Sample_S19S_0018_Sed,287.1864124
21,Sample_S19S_0018_Sed,287.2228145
5,Sample_S19S_0018_Sed,288.1565445
37,Sample_S19S_0018_Sed,289.0929075
49,Sample_S19S_0018_Sed,289.1292776
47,Sample_S19S_0018_Sed,289.1656738
12,Sample_S19S_0018_Sed,290.1245994
30,Sample_S19S_0018_Sed,291.1449729
29,Sample_S19S_0018_Sed,291.1601932
7,Sample_S19S_0018_Sed,292.1038307
4,Sample_S19S_0018_Sed,292.2129776
41,Sample_S19S_0018_Sed,293.1030793
4,Sample_S19S_0018_Sed,293.1143295
45,Sample_S19S_0018_Sed,293.1394564
9,Sample_S19S_0018_Sed,293.1757942
30,Sample_S19S_0018_Sed,293.2122379
55,Sample_S19S_0018_Sed,295.1187213
4,Sample_S19S_0018_Sed,295.137392
48,Sample_S19S_0018_Sed,295.1550986
42,Sample_S19S_0018_Sed,295.1914926
30,Sample_S19S_0018_Sed,295.227888
17,Sample_S19S_0018_Sed,297.0616262
26,Sample_S19S_0018_Sed,297.0980154
24,Sample_S19S_0018_Sed,297.1344063
4,Sample_S19S_0018_Sed,297.1529844
28,Sample_S19S_0018_Sed,297.1707937
1,Sample_S19S_0018_Sed,297.1860581
15,Sample_S19S_0018_Sed,297.2071894
19,Sample_S19S_0018_Sed,297.2435585
28,Sample_S19S_0018_Sed,299.0772616
48,Sample_S19S_0018_Sed,299.1136455
41,Sample_S19S_0018_Sed,299.1864335
20,Sample_S19S_0018_Sed,299.2228305
12,Sample_S19S_0018_Sed,300.1089049
2,Sample_S19S_0018_Sed,300.1201703
5,Sample_S19S_0018_Sed,301.071792
30,Sample_S19S_0018_Sed,301.092932
33,Sample_S19S_0018_Sed,301.129318
46,Sample_S19S_0018_Sed,301.1656955
49,Sample_S19S_0018_Sed,301.202066
33,Sample_S19S_0018_Sed,301.2384478
14,Sample_S19S_0018_Sed,302.1245742
11,Sample_S19S_0018_Sed,302.1357844
51,Sample_S19S_0018_Sed,303.1085414
52,Sample_S19S_0018_Sed,303.1449308
40,Sample_S19S_0018_Sed,303.1813306
25,Sample_S19S_0018_Sed,303.2177327
15,Sample_S19S_0018_Sed,304.1402446
5,Sample_S19S_0018_Sed,304.1766628
7,Sample_S19S_0018_Sed,306.1195211
9,Sample_S19S_0018_Sed,306.155916
7,Sample_S19S_0018_Sed,306.192305
28,Sample_S19S_0018_Sed,307.1915179
3,Sample_S19S_0018_Sed,307.194883
5,Sample_S19S_0018_Sed,308.098784
6,Sample_S19S_0018_Sed,308.2079497
36,Sample_S19S_0018_Sed,309.0616036
45,Sample_S19S_0018_Sed,309.0979773
3,Sample_S19S_0018_Sed,309.1530159
45,Sample_S19S_0018_Sed,309.1707647
2,Sample_S19S_0018_Sed,309.1741269
23,Sample_S19S_0018_Sed,309.2071806
11,Sample_S19S_0018_Sed,310.1508222
23,Sample_S19S_0018_Sed,311.0772659
64,Sample_S19S_0018_Sed,311.1136352
1,Sample_S19S_0018_Sed,311.1686157
46,Sample_S19S_0018_Sed,311.186419
20,Sample_S19S_0018_Sed,311.2228309
26,Sample_S19S_0018_Sed,313.0929245
45,Sample_S19S_0018_Sed,313.1293014
38,Sample_S19S_0018_Sed,313.2020808
23,Sample_S19S_0018_Sed,313.2384778
13,Sample_S19S_0018_Sed,314.1721852
11,Sample_S19S_0018_Sed,314.1973467
34,Sample_S19S_0018_Sed,315.1085755
51,Sample_S19S_0018_Sed,315.1449559
45,Sample_S19S_0018_Sed,315.1813307
41,Sample_S19S_0018_Sed,315.217727
13,Sample_S19S_0018_Sed,315.2541325
18,Sample_S19S_0018_Sed,316.1402237
12,Sample_S19S_0018_Sed,316.1514197
10,Sample_S19S_0018_Sed,316.1878305
9,Sample_S19S_0018_Sed,316.2130272
38,Sample_S19S_0018_Sed,317.124227
25,Sample_S19S_0018_Sed,317.1394552
45,Sample_S19S_0018_Sed,317.1606071
42,Sample_S19S_0018_Sed,317.1969836
31,Sample_S19S_0018_Sed,317.2333758
2,Sample_S19S_0018_Sed,317.2446454
9,Sample_S19S_0018_Sed,318.1194966
9,Sample_S19S_0018_Sed,318.2286611
10,Sample_S19S_0018_Sed,319.0857041
37,Sample_S19S_0018_Sed,319.139868
44,Sample_S19S_0018_Sed,319.1762558
15,Sample_S19S_0018_Sed,320.1351354
17,Sample_S19S_0018_Sed,320.1715427
4,Sample_S19S_0018_Sed,320.2079616
4,Sample_S19S_0018_Sed,320.2442999
2,Sample_S19S_0018_Sed,322.1508517
7,Sample_S19S_0018_Sed,322.1872255
3,Sample_S19S_0018_Sed,323.1686736
14,Sample_S19S_0018_Sed,324.1664479
2,Sample_S19S_0018_Sed,324.1929379
9,Sample_S19S_0018_Sed,324.2028461
18,Sample_S19S_0018_Sed,325.0565425
46,Sample_S19S_0018_Sed,325.1292996
3,Sample_S19S_0018_Sed,325.1479013
40,Sample_S19S_0018_Sed,325.1657004
1,Sample_S19S_0018_Sed,325.1842438
53,Sample_S19S_0018_Sed,325.2020573
25,Sample_S19S_0018_Sed,325.2384393
7,Sample_S19S_0018_Sed,326.2085635
18,Sample_S19S_0018_Sed,327.0722018
28,Sample_S19S_0018_Sed,327.1085831
52,Sample_S19S_0018_Sed,327.1449492
4,Sample_S19S_0018_Sed,327.1636073
1,Sample_S19S_0018_Sed,327.1885704
8,Sample_S19S_0018_Sed,327.2177565
31,Sample_S19S_0018_Sed,327.2540983
14,Sample_S19S_0018_Sed,328.1514425
15,Sample_S19S_0018_Sed,328.1766323
3,Sample_S19S_0018_Sed,328.1878731
48,Sample_S19S_0018_Sed,329.0878075
37,Sample_S19S_0018_Sed,329.1242163
1,Sample_S19S_0018_Sed,329.152419
45,Sample_S19S_0018_Sed,329.1969687
25,Sample_S19S_0018_Sed,329.2333488
13,Sample_S19S_0018_Sed,330.1670892
17,Sample_S19S_0018_Sed,330.192266
7,Sample_S19S_0018_Sed,330.2034832
23,Sample_S19S_0018_Sed,331.1034998
16,Sample_S19S_0018_Sed,331.1399002
52,Sample_S19S_0018_Sed,331.1762541
6,Sample_S19S_0018_Sed,331.1915481
8,Sample_S19S_0018_Sed,331.2126721
3,Sample_S19S_0018_Sed,331.2239268
4,Sample_S19S_0018_Sed,331.2490738
8,Sample_S19S_0018_Sed,332.0987468
14,Sample_S19S_0018_Sed,332.1351167
7,Sample_S19S_0018_Sed,332.2079509
10,Sample_S19S_0018_Sed,333.1191757
45,Sample_S19S_0018_Sed,333.1919042
18,Sample_S19S_0018_Sed,333.2071238
4,Sample_S19S_0018_Sed,333.2395661
4,Sample_S19S_0018_Sed,333.2565676
10,Sample_S19S_0018_Sed,334.1144217
8,Sample_S19S_0018_Sed,334.1508295
17,Sample_S19S_0018_Sed,334.187185
7,Sample_S19S_0018_Sed,334.2235949
26,Sample_S19S_0018_Sed,335.150042
17,Sample_S19S_0018_Sed,335.2227808
11,Sample_S19S_0018_Sed,335.2358032
4,Sample_S19S_0018_Sed,336.1301036
14,Sample_S19S_0018_Sed,336.1664659
11,Sample_S19S_0018_Sed,336.2028546
51,Sample_S19S_0018_Sed,337.1292866
3,Sample_S19S_0018_Sed,338.1488116
12,Sample_S19S_0018_Sed,338.182098
55,Sample_S19S_0018_Sed,339.1085453
12,Sample_S19S_0018_Sed,339.1449816
37,Sample_S19S_0018_Sed,339.1813533
4,Sample_S19S_0018_Sed,339.1999929
30,Sample_S19S_0018_Sed,339.2177427
6,Sample_S19S_0018_Sed,340.1977365
47,Sample_S19S_0018_Sed,341.0878109
14,Sample_S19S_0018_Sed,341.12425
40,Sample_S19S_0018_Sed,341.1606173
7,Sample_S19S_0018_Sed,341.179252
8,Sample_S19S_0018_Sed,341.1831094
54,Sample_S19S_0018_Sed,341.1969848
7,Sample_S19S_0018_Sed,341.2334189
9,Sample_S19S_0018_Sed,342.1670651
52,Sample_S19S_0018_Sed,343.1034685
11,Sample_S19S_0018_Sed,343.1399075
46,Sample_S19S_0018_Sed,343.1762631
41,Sample_S19S_0018_Sed,343.2126496
18,Sample_S19S_0018_Sed,343.2490426
18,Sample_S19S_0018_Sed,344.1715382
7,Sample_S19S_0018_Sed,344.1827031
4,Sample_S19S_0018_Sed,344.1997897
19,Sample_S19S_0018_Sed,345.0827674
36,Sample_S19S_0018_Sed,345.1191373
26,Sample_S19S_0018_Sed,345.1555412
7,Sample_S19S_0018_Sed,345.1919508
35,Sample_S19S_0018_Sed,345.2282779
17,Sample_S19S_0018_Sed,346.1507606
3,Sample_S19S_0018_Sed,346.1619628
17,Sample_S19S_0018_Sed,346.1871921
4,Sample_S19S_0018_Sed,346.2154294
15,Sample_S19S_0018_Sed,347.0903002
18,Sample_S19S_0018_Sed,347.1348045
32,Sample_S19S_0018_Sed,347.1711801
6,Sample_S19S_0018_Sed,347.2439809
13,Sample_S19S_0018_Sed,348.1300774
14,Sample_S19S_0018_Sed,348.1664038
14,Sample_S19S_0018_Sed,348.2028318
6,Sample_S19S_0018_Sed,348.231087
13,Sample_S19S_0018_Sed,349.1059291
31,Sample_S19S_0018_Sed,349.1656793
6,Sample_S19S_0018_Sed,349.2021049
12,Sample_S19S_0018_Sed,350.1457077
12,Sample_S19S_0018_Sed,350.1821173
11,Sample_S19S_0018_Sed,350.2184616
21,Sample_S19S_0018_Sed,351.121581
28,Sample_S19S_0018_Sed,351.2177372
13,Sample_S19S_0018_Sed,351.2307319
2,Sample_S19S_0018_Sed,352.1978012
8,Sample_S19S_0018_Sed,353.0514753
41,Sample_S19S_0018_Sed,353.0878166
11,Sample_S19S_0018_Sed,353.1008561
27,Sample_S19S_0018_Sed,353.124233
1,Sample_S19S_0018_Sed,353.1484555
25,Sample_S19S_0018_Sed,353.1605629
19,Sample_S19S_0018_Sed,353.1736275
36,Sample_S19S_0018_Sed,353.1970034
2,Sample_S19S_0018_Sed,353.2003494
13,Sample_S19S_0018_Sed,353.2099396
15,Sample_S19S_0018_Sed,353.2333297
14,Sample_S19S_0018_Sed,355.0671162
47,Sample_S19S_0018_Sed,355.1034699
9,Sample_S19S_0018_Sed,355.1399086
4,Sample_S19S_0018_Sed,355.1584835
50,Sample_S19S_0018_Sed,355.1762476
8,Sample_S19S_0018_Sed,355.2126797
14,Sample_S19S_0018_Sed,355.2489795
29,Sample_S19S_0018_Sed,356.1715182
32,Sample_S19S_0018_Sed,357.0827228
52,Sample_S19S_0018_Sed,357.1191097
53,Sample_S19S_0018_Sed,357.1554992
57,Sample_S19S_0018_Sed,357.191896
5,Sample_S19S_0018_Sed,357.2144125
49,Sample_S19S_0018_Sed,357.2282738
21,Sample_S19S_0018_Sed,357.2646796
11,Sample_S19S_0018_Sed,358.1983945
23,Sample_S19S_0018_Sed,358.2235211
13,Sample_S19S_0018_Sed,359.0984239
36,Sample_S19S_0018_Sed,359.1347452
7,Sample_S19S_0018_Sed,359.1572531
44,Sample_S19S_0018_Sed,359.1711775
16,Sample_S19S_0018_Sed,359.2074846
40,Sample_S19S_0018_Sed,359.2439319
21,Sample_S19S_0018_Sed,360.1664452
11,Sample_S19S_0018_Sed,360.1776328
2,Sample_S19S_0018_Sed,360.1946802
4,Sample_S19S_0018_Sed,360.2027516
6,Sample_S19S_0018_Sed,360.2674679
28,Sample_S19S_0018_Sed,361.1423317
43,Sample_S19S_0018_Sed,361.1504109
37,Sample_S19S_0018_Sed,361.186829
10,Sample_S19S_0018_Sed,361.2151155
37,Sample_S19S_0018_Sed,361.2231964
8,Sample_S19S_0018_Sed,362.1093336
14,Sample_S19S_0018_Sed,362.1821174
18,Sample_S19S_0018_Sed,363.1215932
12,Sample_S19S_0018_Sed,363.1812892
21,Sample_S19S_0018_Sed,363.1943423
5,Sample_S19S_0018_Sed,363.2670624
9,Sample_S19S_0018_Sed,364.1613157
4,Sample_S19S_0018_Sed,364.200847
6,Sample_S19S_0018_Sed,364.2259804
21,Sample_S19S_0018_Sed,365.1008669
14,Sample_S19S_0018_Sed,365.1241727
21,Sample_S19S_0018_Sed,365.137244
23,Sample_S19S_0018_Sed,365.2100088
11,Sample_S19S_0018_Sed,366.1769935
16,Sample_S19S_0018_Sed,367.0671094
48,Sample_S19S_0018_Sed,367.1034613
14,Sample_S19S_0018_Sed,367.1165264
2,Sample_S19S_0018_Sed,367.1399195
33,Sample_S19S_0018_Sed,367.1762158
24,Sample_S19S_0018_Sed,367.189277
36,Sample_S19S_0018_Sed,367.2126519
5,Sample_S19S_0018_Sed,367.2255178
1,Sample_S19S_0018_Sed,368.1117355
18,Sample_S19S_0018_Sed,369.0827443
45,Sample_S19S_0018_Sed,369.1555194
23,Sample_S19S_0018_Sed,369.1685393
14,Sample_S19S_0018_Sed,369.1837969
14,Sample_S19S_0018_Sed,369.1918398
2,Sample_S19S_0018_Sed,369.2161712
41,Sample_S19S_0018_Sed,369.2282876
1,Sample_S19S_0018_Sed,370.130589
11,Sample_S19S_0018_Sed,371.0620102
44,Sample_S19S_0018_Sed,371.171134
33,Sample_S19S_0018_Sed,371.2075705
33,Sample_S19S_0018_Sed,371.2439257
18,Sample_S19S_0018_Sed,372.2028242
10,Sample_S19S_0018_Sed,372.2140099
2,Sample_S19S_0018_Sed,372.3038234
25,Sample_S19S_0018_Sed,373.1140108
11,Sample_S19S_0018_Sed,373.1504711
8,Sample_S19S_0018_Sed,373.1729074
35,Sample_S19S_0018_Sed,373.1867821
44,Sample_S19S_0018_Sed,373.2231881
14,Sample_S19S_0018_Sed,373.2595428
20,Sample_S19S_0018_Sed,374.1456527
9,Sample_S19S_0018_Sed,374.1820296
19,Sample_S19S_0018_Sed,374.2184652
11,Sample_S19S_0018_Sed,375.0852221
26,Sample_S19S_0018_Sed,375.1579842
12,Sample_S19S_0018_Sed,375.1660121
31,Sample_S19S_0018_Sed,375.194367
24,Sample_S19S_0018_Sed,375.2024285
10,Sample_S19S_0018_Sed,375.230771
10,Sample_S19S_0018_Sed,375.2387855
11,Sample_S19S_0018_Sed,376.1249335
14,Sample_S19S_0018_Sed,376.1976905
1,Sample_S19S_0018_Sed,377.0856228
13,Sample_S19S_0018_Sed,377.100823
19,Sample_S19S_0018_Sed,377.1372608
30,Sample_S19S_0018_Sed,377.1735945
17,Sample_S19S_0018_Sed,377.2099902
15,Sample_S19S_0018_Sed,377.2463996
5,Sample_S19S_0018_Sed,378.2052199
2,Sample_S19S_0018_Sed,378.2164385
8,Sample_S19S_0018_Sed,378.2416575
3,Sample_S19S_0018_Sed,379.0670295
4,Sample_S19S_0018_Sed,379.0800689
40,Sample_S19S_0018_Sed,379.1034645
18,Sample_S19S_0018_Sed,379.1165229
48,Sample_S19S_0018_Sed,379.1398402
25,Sample_S19S_0018_Sed,379.1528588
32,Sample_S19S_0018_Sed,379.1892722
19,Sample_S19S_0018_Sed,379.2256462
10,Sample_S19S_0018_Sed,379.2620178
3,Sample_S19S_0018_Sed,380.1593778
5,Sample_S19S_0018_Sed,380.2208704
3,Sample_S19S_0018_Sed,381.0826619
44,Sample_S19S_0018_Sed,381.1191186
19,Sample_S19S_0018_Sed,381.1321708
21,Sample_S19S_0018_Sed,381.1684945
36,Sample_S19S_0018_Sed,381.1918695
13,Sample_S19S_0018_Sed,381.204939
4,Sample_S19S_0018_Sed,381.2411757
3,Sample_S19S_0018_Sed,382.1273741
2,Sample_S19S_0018_Sed,382.1385796
46,Sample_S19S_0018_Sed,383.0983806
2,Sample_S19S_0018_Sed,383.1113231
9,Sample_S19S_0018_Sed,383.1347075
19,Sample_S19S_0018_Sed,383.1477567
19,Sample_S19S_0018_Sed,383.184187
42,Sample_S19S_0018_Sed,383.2075249
1,Sample_S19S_0018_Sed,384.1462425
4,Sample_S19S_0018_Sed,385.1139909
17,Sample_S19S_0018_Sed,385.1503825
12,Sample_S19S_0018_Sed,385.1634062
9,Sample_S19S_0018_Sed,385.172924
43,Sample_S19S_0018_Sed,385.1868285
13,Sample_S19S_0018_Sed,385.2231361
29,Sample_S19S_0018_Sed,385.2595906
1,Sample_S19S_0018_Sed,386.1465834
6,Sample_S19S_0018_Sed,387.0932457
53,Sample_S19S_0018_Sed,387.1296791
17,Sample_S19S_0018_Sed,387.1579654
4,Sample_S19S_0018_Sed,387.1659841
22,Sample_S19S_0018_Sed,387.19436
35,Sample_S19S_0018_Sed,387.2024406
29,Sample_S19S_0018_Sed,387.2388297
4,Sample_S19S_0018_Sed,388.2987452
11,Sample_S19S_0018_Sed,389.1008827
1,Sample_S19S_0018_Sed,389.1135404
15,Sample_S19S_0018_Sed,389.1372295
8,Sample_S19S_0018_Sed,389.1452618
7,Sample_S19S_0018_Sed,389.1605387
1,Sample_S19S_0018_Sed,389.1677218
23,Sample_S19S_0018_Sed,389.1736085
17,Sample_S19S_0018_Sed,389.1816725
32,Sample_S19S_0018_Sed,389.2180886
1,Sample_S19S_0018_Sed,389.3191703
1,Sample_S19S_0018_Sed,390.2132816
1,Sample_S19S_0018_Sed,391.1105459
19,Sample_S19S_0018_Sed,391.1528412
18,Sample_S19S_0018_Sed,391.1892281
10,Sample_S19S_0018_Sed,391.2256863
6,Sample_S19S_0018_Sed,392.1198706
1,Sample_S19S_0018_Sed,392.149538
10,Sample_S19S_0018_Sed,392.2209084
1,Sample_S19S_0018_Sed,392.2572106
6,Sample_S19S_0018_Sed,393.0463154
11,Sample_S19S_0018_Sed,393.0827628
25,Sample_S19S_0018_Sed,393.1191285
16,Sample_S19S_0018_Sed,393.1321265
13,Sample_S19S_0018_Sed,393.1554711
20,Sample_S19S_0018_Sed,393.1685262
21,Sample_S19S_0018_Sed,393.2049392
3,Sample_S19S_0018_Sed,393.2161336
17,Sample_S19S_0018_Sed,393.2412462
3,Sample_S19S_0018_Sed,393.2776995
3,Sample_S19S_0018_Sed,394.1750252
4,Sample_S19S_0018_Sed,394.2001939
5,Sample_S19S_0018_Sed,394.2364931
5,Sample_S19S_0018_Sed,395.0619708
12,Sample_S19S_0018_Sed,395.0984243
14,Sample_S19S_0018_Sed,395.1114167
54,Sample_S19S_0018_Sed,395.1347697
23,Sample_S19S_0018_Sed,395.1477706
12,Sample_S19S_0018_Sed,395.2075813
21,Sample_S19S_0018_Sed,395.2205826
2,Sample_S19S_0018_Sed,395.2317962
4,Sample_S19S_0018_Sed,396.1066573
3,Sample_S19S_0018_Sed,396.1542305
3,Sample_S19S_0018_Sed,396.1875433
3,Sample_S19S_0018_Sed,397.0775828
24,Sample_S19S_0018_Sed,397.1140135
12,Sample_S19S_0018_Sed,397.1270557
46,Sample_S19S_0018_Sed,397.1504225
18,Sample_S19S_0018_Sed,397.1634297
17,Sample_S19S_0018_Sed,397.1867602
13,Sample_S19S_0018_Sed,397.1997808
42,Sample_S19S_0018_Sed,397.2232052
1,Sample_S19S_0018_Sed,397.2265763
21,Sample_S19S_0018_Sed,397.2595669
3,Sample_S19S_0018_Sed,398.1222468
16,Sample_S19S_0018_Sed,399.0932727
28,Sample_S19S_0018_Sed,399.1296635
10,Sample_S19S_0018_Sed,399.1579458
2,Sample_S19S_0018_Sed,399.1659287
11,Sample_S19S_0018_Sed,399.1790309
3,Sample_S19S_0018_Sed,399.1884911
13,Sample_S19S_0018_Sed,399.1943775
38,Sample_S19S_0018_Sed,399.2024375
13,Sample_S19S_0018_Sed,399.2388025
46,Sample_S19S_0018_Sed,401.1453284
16,Sample_S19S_0018_Sed,401.1736033
10,Sample_S19S_0018_Sed,401.1816514
3,Sample_S19S_0018_Sed,401.204141
20,Sample_S19S_0018_Sed,401.2100146
30,Sample_S19S_0018_Sed,401.2180808
17,Sample_S19S_0018_Sed,401.2544603
1,Sample_S19S_0018_Sed,402.2779887
12,Sample_S19S_0018_Sed,403.1164656
2,Sample_S19S_0018_Sed,403.1245163
1,Sample_S19S_0018_Sed,403.144648
19,Sample_S19S_0018_Sed,403.1529106
15,Sample_S19S_0018_Sed,403.1609357
33,Sample_S19S_0018_Sed,403.1973716
16,Sample_S19S_0018_Sed,403.2256482
10,Sample_S19S_0018_Sed,403.2336971
17,Sample_S19S_0018_Sed,404.1926065
2,Sample_S19S_0018_Sed,404.2937097
8,Sample_S19S_0018_Sed,405.0827082
19,Sample_S19S_0018_Sed,405.1321292
25,Sample_S19S_0018_Sed,405.1685606
8,Sample_S19S_0018_Sed,405.1765627
14,Sample_S19S_0018_Sed,405.2048711
10,Sample_S19S_0018_Sed,405.2412525
9,Sample_S19S_0018_Sed,405.2776864
9,Sample_S19S_0018_Sed,406.2364932
4,Sample_S19S_0018_Sed,406.3092961
5,Sample_S19S_0018_Sed,407.0620299
29,Sample_S19S_0018_Sed,407.0983755
7,Sample_S19S_0018_Sed,407.1113661
35,Sample_S19S_0018_Sed,407.1347505
20,Sample_S19S_0018_Sed,407.1477958
4,Sample_S19S_0018_Sed,407.1572341
21,Sample_S19S_0018_Sed,407.2205546
13,Sample_S19S_0018_Sed,407.2568891
6,Sample_S19S_0018_Sed,408.1776232
4,Sample_S19S_0018_Sed,409.0412228
2,Sample_S19S_0018_Sed,409.07757
36,Sample_S19S_0018_Sed,409.1140221
19,Sample_S19S_0018_Sed,409.1270356
10,Sample_S19S_0018_Sed,409.1633923
9,Sample_S19S_0018_Sed,409.1997594
4,Sample_S19S_0018_Sed,409.2110293
42,Sample_S19S_0018_Sed,409.2231724
15,Sample_S19S_0018_Sed,409.236154
9,Sample_S19S_0018_Sed,409.2725381
6,Sample_S19S_0018_Sed,410.1221742
2,Sample_S19S_0018_Sed,410.1698849
32,Sample_S19S_0018_Sed,411.1296933
21,Sample_S19S_0018_Sed,411.1426758
14,Sample_S19S_0018_Sed,411.1579879
27,Sample_S19S_0018_Sed,411.1660419
18,Sample_S19S_0018_Sed,411.1790746
2,Sample_S19S_0018_Sed,411.2022993
19,Sample_S19S_0018_Sed,411.2154903
34,Sample_S19S_0018_Sed,411.2388467
31,Sample_S19S_0018_Sed,413.1089345
9,Sample_S19S_0018_Sed,413.1452768
4,Sample_S19S_0018_Sed,413.1816156
7,Sample_S19S_0018_Sed,413.1946295
2,Sample_S19S_0018_Sed,413.2041017
19,Sample_S19S_0018_Sed,413.2180661
22,Sample_S19S_0018_Sed,413.2544798
6,Sample_S19S_0018_Sed,415.1529316
34,Sample_S19S_0018_Sed,415.1609859
32,Sample_S19S_0018_Sed,415.1973464
10,Sample_S19S_0018_Sed,415.219815
11,Sample_S19S_0018_Sed,415.2256541
10,Sample_S19S_0018_Sed,415.2336924
18,Sample_S19S_0018_Sed,415.2701205
2,Sample_S19S_0018_Sed,416.1571431
9,Sample_S19S_0018_Sed,416.1925804
25,Sample_S19S_0018_Sed,417.1191101
24,Sample_S19S_0018_Sed,417.1321667
5,Sample_S19S_0018_Sed,417.1627099
27,Sample_S19S_0018_Sed,417.1685514
10,Sample_S19S_0018_Sed,417.1765666
12,Sample_S19S_0018_Sed,417.2048604
4,Sample_S19S_0018_Sed,417.2128787
11,Sample_S19S_0018_Sed,417.2493486
4,Sample_S19S_0018_Sed,418.1541322
2,Sample_S19S_0018_Sed,419.1113471
13,Sample_S19S_0018_Sed,419.1478319
30,Sample_S19S_0018_Sed,419.1842051
16,Sample_S19S_0018_Sed,419.2205119
12,Sample_S19S_0018_Sed,419.256939
3,Sample_S19S_0018_Sed,419.2933676
6,Sample_S19S_0018_Sed,420.2521315
4,Sample_S19S_0018_Sed,420.2885838
30,Sample_S19S_0018_Sed,421.1140346
10,Sample_S19S_0018_Sed,421.1270174
2,Sample_S19S_0018_Sed,421.1552081
26,Sample_S19S_0018_Sed,421.1634511
3,Sample_S19S_0018_Sed,421.2265386
14,Sample_S19S_0018_Sed,421.2362004
6,Sample_S19S_0018_Sed,422.2031632
7,Sample_S19S_0018_Sed,423.0569089
42,Sample_S19S_0018_Sed,423.1296813
11,Sample_S19S_0018_Sed,423.1426961
23,Sample_S19S_0018_Sed,423.179095
21,Sample_S19S_0018_Sed,423.2154249
1,Sample_S19S_0018_Sed,423.2387546
6,Sample_S19S_0018_Sed,423.2517315
11,Sample_S19S_0018_Sed,425.1089252
5,Sample_S19S_0018_Sed,425.1453873
18,Sample_S19S_0018_Sed,425.1583275
31,Sample_S19S_0018_Sed,425.1816982
16,Sample_S19S_0018_Sed,425.1947046
1,Sample_S19S_0018_Sed,425.2178813
15,Sample_S19S_0018_Sed,425.2311014
1,Sample_S19S_0018_Sed,426.1172003
36,Sample_S19S_0018_Sed,427.1245871
1,Sample_S19S_0018_Sed,427.1610597
26,Sample_S19S_0018_Sed,427.1973395
17,Sample_S19S_0018_Sed,427.2103578
6,Sample_S19S_0018_Sed,427.2198983
27,Sample_S19S_0018_Sed,427.2337286
1,Sample_S19S_0018_Sed,429.1039457
36,Sample_S19S_0018_Sed,429.1402424
2,Sample_S19S_0018_Sed,429.1555582
20,Sample_S19S_0018_Sed,429.1765924
10,Sample_S19S_0018_Sed,429.1990848
21,Sample_S19S_0018_Sed,429.2129876
6,Sample_S19S_0018_Sed,429.2355333
27,Sample_S19S_0018_Sed,429.2494299
5,Sample_S19S_0018_Sed,430.194397
14,Sample_S19S_0018_Sed,430.2083192
18,Sample_S19S_0018_Sed,431.1477957
10,Sample_S19S_0018_Sed,431.1558407
18,Sample_S19S_0018_Sed,431.1922364
8,Sample_S19S_0018_Sed,431.2147537
6,Sample_S19S_0018_Sed,431.2206124
17,Sample_S19S_0018_Sed,431.2286229
6,Sample_S19S_0018_Sed,432.1876103
5,Sample_S19S_0018_Sed,433.077665
23,Sample_S19S_0018_Sed,433.1634586
4,Sample_S19S_0018_Sed,433.1940528
5,Sample_S19S_0018_Sed,433.1998888
10,Sample_S19S_0018_Sed,433.2361951
5,Sample_S19S_0018_Sed,433.3089812
11,Sample_S19S_0018_Sed,434.2677929
7,Sample_S19S_0018_Sed,435.1426364
24,Sample_S19S_0018_Sed,435.1790631
13,Sample_S19S_0018_Sed,435.2155119
15,Sample_S19S_0018_Sed,435.25188
4,Sample_S19S_0018_Sed,436.1742724
5,Sample_S19S_0018_Sed,437.1088959
15,Sample_S19S_0018_Sed,437.1453651
21,Sample_S19S_0018_Sed,437.158378
19,Sample_S19S_0018_Sed,437.1946984
12,Sample_S19S_0018_Sed,437.2310601
22,Sample_S19S_0018_Sed,439.1246064
7,Sample_S19S_0018_Sed,439.2103099
4,Sample_S19S_0018_Sed,439.246834
9,Sample_S19S_0018_Sed,441.1895875
11,Sample_S19S_0018_Sed,441.2129575
9,Sample_S19S_0018_Sed,441.2355104
4,Sample_S19S_0018_Sed,443.0984287
34,Sample_S19S_0018_Sed,443.1558944
18,Sample_S19S_0018_Sed,443.1841796
6,Sample_S19S_0018_Sed,443.1922057
5,Sample_S19S_0018_Sed,443.2285235
23,Sample_S19S_0018_Sed,443.2650816
4,Sample_S19S_0018_Sed,444.2099819
22,Sample_S19S_0018_Sed,445.1634705
33,Sample_S19S_0018_Sed,445.1715289
7,Sample_S19S_0018_Sed,445.1940666
30,Sample_S19S_0018_Sed,445.2079177
13,Sample_S19S_0018_Sed,445.2304198
18,Sample_S19S_0018_Sed,445.2442897
6,Sample_S19S_0018_Sed,446.2031197
16,Sample_S19S_0018_Sed,447.1427418
30,Sample_S19S_0018_Sed,447.1660641
23,Sample_S19S_0018_Sed,447.179104
1,Sample_S19S_0018_Sed,447.1869913
10,Sample_S19S_0018_Sed,447.2154152
27,Sample_S19S_0018_Sed,449.1583358
1,Sample_S19S_0018_Sed,449.1735875
10,Sample_S19S_0018_Sed,449.1946593
13,Sample_S19S_0018_Sed,449.2310912
4,Sample_S19S_0018_Sed,450.1898917
4,Sample_S19S_0018_Sed,451.0881744
17,Sample_S19S_0018_Sed,451.1376081
11,Sample_S19S_0018_Sed,451.1739524
8,Sample_S19S_0018_Sed,451.2103087
12,Sample_S19S_0018_Sed,451.2467303
10,Sample_S19S_0018_Sed,453.140211
22,Sample_S19S_0018_Sed,453.1896338
12,Sample_S19S_0018_Sed,453.2259797
10,Sample_S19S_0018_Sed,455.0831528
3,Sample_S19S_0018_Sed,455.1921775
13,Sample_S19S_0018_Sed,455.2052634
2,Sample_S19S_0018_Sed,455.2512639
22,Sample_S19S_0018_Sed,455.2650512
21,Sample_S19S_0018_Sed,457.1715231
26,Sample_S19S_0018_Sed,457.2079257
8,Sample_S19S_0018_Sed,457.230385
11,Sample_S19S_0018_Sed,457.2442623
8,Sample_S19S_0018_Sed,459.1661042
24,Sample_S19S_0018_Sed,459.1872169
9,Sample_S19S_0018_Sed,459.2155229
9,Sample_S19S_0018_Sed,459.2235091
4,Sample_S19S_0018_Sed,459.2598321
22,Sample_S19S_0018_Sed,461.1583343
5,Sample_S19S_0018_Sed,461.1889708
7,Sample_S19S_0018_Sed,461.1948089
23,Sample_S19S_0018_Sed,461.2311454
9,Sample_S19S_0018_Sed,463.1739081
25,Sample_S19S_0018_Sed,463.210366
6,Sample_S19S_0018_Sed,463.2830341
18,Sample_S19S_0018_Sed,465.1532935
26,Sample_S19S_0018_Sed,465.1896305
8,Sample_S19S_0018_Sed,465.2259434
19,Sample_S19S_0018_Sed,467.2416996
17,Sample_S19S_0018_Sed,469.2078959
17,Sample_S19S_0018_Sed,469.2209608
26,Sample_S19S_0018_Sed,469.2442937
8,Sample_S19S_0018_Sed,471.1871307
8,Sample_S19S_0018_Sed,471.2096566
2,Sample_S19S_0018_Sed,471.2598467
4,Sample_S19S_0018_Sed,473.1663521
7,Sample_S19S_0018_Sed,473.1946924
5,Sample_S19S_0018_Sed,473.2027392
2,Sample_S19S_0018_Sed,473.225266
18,Sample_S19S_0018_Sed,473.2392065
29,Sample_S19S_0018_Sed,475.1609843
21,Sample_S19S_0018_Sed,475.1739813
7,Sample_S19S_0018_Sed,475.2103074
5,Sample_S19S_0018_Sed,477.1531747
8,Sample_S19S_0018_Sed,477.1895617
22,Sample_S19S_0018_Sed,477.2260597
15,Sample_S19S_0018_Sed,477.262427
6,Sample_S19S_0018_Sed,479.1689644
20,Sample_S19S_0018_Sed,479.2053091
17,Sample_S19S_0018_Sed,479.2416827
4,Sample_S19S_0018_Sed,481.1634867
13,Sample_S19S_0018_Sed,481.1845085
8,Sample_S19S_0018_Sed,481.2208584
11,Sample_S19S_0018_Sed,483.2001521
8,Sample_S19S_0018_Sed,483.2364995
1,Sample_S19S_0018_Sed,483.259746
1,Sample_S19S_0018_Sed,484.2414327
2,Sample_S19S_0018_Sed,485.2390821
1,Sample_S19S_0018_Sed,485.275439
8,Sample_S19S_0018_Sed,487.2410284
14,Sample_S19S_0018_Sed,487.254845
5,Sample_S19S_0018_Sed,489.1402055
2,Sample_S19S_0018_Sed,489.1895365
3,Sample_S19S_0018_Sed,489.2259164
16,Sample_S19S_0018_Sed,491.1689084
5,Sample_S19S_0018_Sed,491.2053832
5,Sample_S19S_0018_Sed,491.2417678
4,Sample_S19S_0018_Sed,493.1846305
18,Sample_S19S_0018_Sed,493.2209368
7,Sample_S19S_0018_Sed,493.2572378
1,Sample_S19S_0018_Sed,495.1427989
9,Sample_S19S_0018_Sed,495.2001254
10,Sample_S19S_0018_Sed,495.2365338
1,Sample_S19S_0018_Sed,497.2390455
1,Sample_S19S_0018_Sed,497.2754084
1,Sample_S19S_0018_Sed,500.2725204
13,Sample_S19S_0018_Sed,501.2341074
3,Sample_S19S_0018_Sed,501.2566251
1,Sample_S19S_0018_Sed,501.3067877
1,Sample_S19S_0018_Sed,505.1350781
7,Sample_S19S_0018_Sed,505.221033
10,Sample_S19S_0018_Sed,507.2001826
4,Sample_S19S_0018_Sed,507.2728559
2,Sample_S19S_0018_Sed,509.3766895
3,Sample_S19S_0018_Sed,511.2183807
2,Sample_S19S_0018_Sed,511.2547768
2,Sample_S19S_0018_Sed,513.2704612
3,Sample_S19S_0018_Sed,515.2495874
1,Sample_S19S_0018_Sed,515.2860627
5,Sample_S19S_0018_Sed,516.2311735
7,Sample_S19S_0018_Sed,516.2675677
7,Sample_S19S_0018_Sed,517.1846401
9,Sample_S19S_0018_Sed,517.2208996
6,Sample_S19S_0018_Sed,517.2572088
19,Sample_S19S_0018_Sed,519.2002386
6,Sample_S19S_0018_Sed,519.2366622
8,Sample_S19S_0018_Sed,519.2730269
1,Sample_S19S_0018_Sed,521.2157156
7,Sample_S19S_0018_Sed,521.2521448
6,Sample_S19S_0018_Sed,521.288516
7,Sample_S19S_0018_Sed,523.195055
14,Sample_S19S_0018_Sed,523.231536
7,Sample_S19S_0018_Sed,523.2678897
6,Sample_S19S_0018_Sed,525.2470626
2,Sample_S19S_0018_Sed,533.2156961
8,Sample_S19S_0018_Sed,535.2314389
15,Sample_S19S_0018_Sed,541.2290565
7,Sample_S19S_0018_Sed,545.2159419
1,Sample_S19S_0018_Sed,545.2523758
6,Sample_S19S_0018_Sed,551.2992516
4,Sample_S19S_0018_Sed,597.4291056
