num.trans.involved.in,sample,peak
23,Sample_S19S_0052_Sed,241.03537
7,Sample_S19S_0052_Sed,241.0466195
14,Sample_S19S_0052_Sed,241.0717422
11,Sample_S19S_0052_Sed,241.1081087
10,Sample_S19S_0052_Sed,241.1193918
8,Sample_S19S_0052_Sed,241.1445007
31,Sample_S19S_0052_Sed,241.1809156
8,Sample_S19S_0052_Sed,242.0670034
6,Sample_S19S_0052_Sed,242.1033669
15,Sample_S19S_0052_Sed,242.139775
7,Sample_S19S_0052_Sed,242.1761465
35,Sample_S19S_0052_Sed,243.0510224
14,Sample_S19S_0052_Sed,243.0873816
14,Sample_S19S_0052_Sed,243.0986597
9,Sample_S19S_0052_Sed,243.1237626
20,Sample_S19S_0052_Sed,243.1601665
31,Sample_S19S_0052_Sed,243.1965883
18,Sample_S19S_0052_Sed,244.1190458
7,Sample_S19S_0052_Sed,244.1302798
9,Sample_S19S_0052_Sed,244.1554562
53,Sample_S19S_0052_Sed,245.0666847
56,Sample_S19S_0052_Sed,245.1030642
3,Sample_S19S_0052_Sed,245.1142776
25,Sample_S19S_0052_Sed,245.1394342
6,Sample_S19S_0052_Sed,246.1095509
8,Sample_S19S_0052_Sed,246.134683
52,Sample_S19S_0052_Sed,247.0823368
10,Sample_S19S_0052_Sed,247.0935696
45,Sample_S19S_0052_Sed,247.118733
17,Sample_S19S_0052_Sed,248.1139872
21,Sample_S19S_0052_Sed,249.1132224
35,Sample_S19S_0052_Sed,249.1496147
4,Sample_S19S_0052_Sed,249.1529913
9,Sample_S19S_0052_Sed,250.1448617
20,Sample_S19S_0052_Sed,251.0560986
2,Sample_S19S_0052_Sed,251.0594793
2,Sample_S19S_0052_Sed,251.0785764
61,Sample_S19S_0052_Sed,251.0925063
34,Sample_S19S_0052_Sed,251.1289035
26,Sample_S19S_0052_Sed,253.0353983
55,Sample_S19S_0052_Sed,253.0717756
21,Sample_S19S_0052_Sed,253.1081345
47,Sample_S19S_0052_Sed,253.1445337
42,Sample_S19S_0052_Sed,253.1809275
38,Sample_S19S_0052_Sed,255.0510433
3,Sample_S19S_0052_Sed,255.0622462
72,Sample_S19S_0052_Sed,255.0874163
22,Sample_S19S_0052_Sed,255.1237776
49,Sample_S19S_0052_Sed,255.1602018
36,Sample_S19S_0052_Sed,255.1965909
19,Sample_S19S_0052_Sed,255.2329705
19,Sample_S19S_0052_Sed,256.1190609
17,Sample_S19S_0052_Sed,256.155475
29,Sample_S19S_0052_Sed,257.030304
3,Sample_S19S_0052_Sed,257.0415582
51,Sample_S19S_0052_Sed,257.0666765
6,Sample_S19S_0052_Sed,257.0779166
40,Sample_S19S_0052_Sed,257.1030521
17,Sample_S19S_0052_Sed,257.1143128
55,Sample_S19S_0052_Sed,257.1394516
37,Sample_S19S_0052_Sed,257.175834
32,Sample_S19S_0052_Sed,257.2122374
17,Sample_S19S_0052_Sed,258.1347123
9,Sample_S19S_0052_Sed,258.145966
57,Sample_S19S_0052_Sed,259.0823405
56,Sample_S19S_0052_Sed,259.1187072
13,Sample_S19S_0052_Sed,259.1299532
48,Sample_S19S_0052_Sed,259.1551113
17,Sample_S19S_0052_Sed,260.1503532
39,Sample_S19S_0052_Sed,261.0980071
2,Sample_S19S_0052_Sed,261.1244971
54,Sample_S19S_0052_Sed,261.1343647
1,Sample_S19S_0052_Sed,261.9555802
17,Sample_S19S_0052_Sed,263.0924815
30,Sample_S19S_0052_Sed,263.128908
35,Sample_S19S_0052_Sed,263.1652771
1,Sample_S19S_0052_Sed,264.0473979
15,Sample_S19S_0052_Sed,264.1605215
3,Sample_S19S_0052_Sed,265.0578564
32,Sample_S19S_0052_Sed,265.0717855
61,Sample_S19S_0052_Sed,265.1081545
2,Sample_S19S_0052_Sed,265.1479151
8,Sample_S19S_0052_Sed,265.1575521
17,Sample_S19S_0052_Sed,265.1809039
3,Sample_S19S_0052_Sed,266.089493
8,Sample_S19S_0052_Sed,266.1246093
43,Sample_S19S_0052_Sed,267.0510336
1,Sample_S19S_0052_Sed,267.0663132
5,Sample_S19S_0052_Sed,267.0735078
54,Sample_S19S_0052_Sed,267.0874299
64,Sample_S19S_0052_Sed,267.123805
45,Sample_S19S_0052_Sed,267.1601848
33,Sample_S19S_0052_Sed,267.1965985
19,Sample_S19S_0052_Sed,269.0303205
51,Sample_S19S_0052_Sed,269.0666802
57,Sample_S19S_0052_Sed,269.1030627
59,Sample_S19S_0052_Sed,269.1394657
48,Sample_S19S_0052_Sed,269.1758579
32,Sample_S19S_0052_Sed,269.2122378
16,Sample_S19S_0052_Sed,270.2074858
46,Sample_S19S_0052_Sed,271.0823212
71,Sample_S19S_0052_Sed,271.118718
44,Sample_S19S_0052_Sed,271.1551343
47,Sample_S19S_0052_Sed,271.1914941
26,Sample_S19S_0052_Sed,271.227892
17,Sample_S19S_0052_Sed,272.1504094
36,Sample_S19S_0052_Sed,273.061591
61,Sample_S19S_0052_Sed,273.0979879
14,Sample_S19S_0052_Sed,273.109239
46,Sample_S19S_0052_Sed,273.1343844
51,Sample_S19S_0052_Sed,273.1707658
36,Sample_S19S_0052_Sed,273.2071526
11,Sample_S19S_0052_Sed,274.0932637
12,Sample_S19S_0052_Sed,274.1408667
49,Sample_S19S_0052_Sed,275.0772487
53,Sample_S19S_0052_Sed,275.1136274
40,Sample_S19S_0052_Sed,275.1500444
12,Sample_S19S_0052_Sed,276.108923
34,Sample_S19S_0052_Sed,277.0717892
2,Sample_S19S_0052_Sed,277.1194289
35,Sample_S19S_0052_Sed,277.1293085
44,Sample_S19S_0052_Sed,277.1445377
1,Sample_S19S_0052_Sed,278.0630512
30,Sample_S19S_0052_Sed,279.0874539
8,Sample_S19S_0052_Sed,279.0986672
41,Sample_S19S_0052_Sed,279.1238221
3,Sample_S19S_0052_Sed,279.1562152
47,Sample_S19S_0052_Sed,279.160186
1,Sample_S19S_0052_Sed,280.068733
21,Sample_S19S_0052_Sed,281.0303339
1,Sample_S19S_0052_Sed,281.0528323
51,Sample_S19S_0052_Sed,281.0666829
31,Sample_S19S_0052_Sed,281.1030502
59,Sample_S19S_0052_Sed,281.1394597
39,Sample_S19S_0052_Sed,281.1758716
2,Sample_S19S_0052_Sed,282.0844159
36,Sample_S19S_0052_Sed,283.0459554
1,Sample_S19S_0052_Sed,283.0684737
30,Sample_S19S_0052_Sed,283.0823169
75,Sample_S19S_0052_Sed,283.118715
45,Sample_S19S_0052_Sed,283.1551309
24,Sample_S19S_0052_Sed,283.1915306
15,Sample_S19S_0052_Sed,283.2279218
5,Sample_S19S_0052_Sed,283.2642602
8,Sample_S19S_0052_Sed,284.1616007
28,Sample_S19S_0052_Sed,285.0616357
7,Sample_S19S_0052_Sed,285.1262347
50,Sample_S19S_0052_Sed,285.1343948
52,Sample_S19S_0052_Sed,285.17075
12,Sample_S19S_0052_Sed,285.2071124
17,Sample_S19S_0052_Sed,286.1660572
46,Sample_S19S_0052_Sed,287.0772537
6,Sample_S19S_0052_Sed,287.0958808
60,Sample_S19S_0052_Sed,287.1136282
14,Sample_S19S_0052_Sed,287.1248864
62,Sample_S19S_0052_Sed,287.150015
52,Sample_S19S_0052_Sed,287.1864124
20,Sample_S19S_0052_Sed,287.2228145
1,Sample_S19S_0052_Sed,288.0586446
18,Sample_S19S_0052_Sed,288.1453272
3,Sample_S19S_0052_Sed,288.1565445
43,Sample_S19S_0052_Sed,289.0929075
52,Sample_S19S_0052_Sed,289.1292776
53,Sample_S19S_0052_Sed,289.1656738
1,Sample_S19S_0052_Sed,289.9868879
18,Sample_S19S_0052_Sed,290.1245994
39,Sample_S19S_0052_Sed,291.1237966
38,Sample_S19S_0052_Sed,291.1601932
8,Sample_S19S_0052_Sed,292.1038307
8,Sample_S19S_0052_Sed,292.2129776
19,Sample_S19S_0052_Sed,293.0303357
32,Sample_S19S_0052_Sed,293.0667099
56,Sample_S19S_0052_Sed,293.1030793
8,Sample_S19S_0052_Sed,293.1143295
57,Sample_S19S_0052_Sed,293.1394564
9,Sample_S19S_0052_Sed,293.1757942
10,Sample_S19S_0052_Sed,294.1195199
70,Sample_S19S_0052_Sed,295.1187213
58,Sample_S19S_0052_Sed,295.1550986
48,Sample_S19S_0052_Sed,295.1914926
32,Sample_S19S_0052_Sed,297.0616262
35,Sample_S19S_0052_Sed,297.0980154
31,Sample_S19S_0052_Sed,297.1344063
5,Sample_S19S_0052_Sed,297.1529844
31,Sample_S19S_0052_Sed,297.1707937
16,Sample_S19S_0052_Sed,297.2071894
20,Sample_S19S_0052_Sed,297.2435585
23,Sample_S19S_0052_Sed,298.1296449
39,Sample_S19S_0052_Sed,299.0772616
61,Sample_S19S_0052_Sed,299.1136455
74,Sample_S19S_0052_Sed,299.1500243
41,Sample_S19S_0052_Sed,299.1864335
18,Sample_S19S_0052_Sed,299.2228305
12,Sample_S19S_0052_Sed,299.2592121
2,Sample_S19S_0052_Sed,300.1201703
20,Sample_S19S_0052_Sed,300.1453117
22,Sample_S19S_0052_Sed,300.1816868
36,Sample_S19S_0052_Sed,301.092932
43,Sample_S19S_0052_Sed,301.129318
49,Sample_S19S_0052_Sed,301.1656955
49,Sample_S19S_0052_Sed,301.202066
30,Sample_S19S_0052_Sed,301.2384478
13,Sample_S19S_0052_Sed,302.1245742
13,Sample_S19S_0052_Sed,302.1357844
22,Sample_S19S_0052_Sed,302.1609828
14,Sample_S19S_0052_Sed,302.1721713
53,Sample_S19S_0052_Sed,303.1085414
54,Sample_S19S_0052_Sed,303.1449308
41,Sample_S19S_0052_Sed,303.1813306
22,Sample_S19S_0052_Sed,303.2177327
18,Sample_S19S_0052_Sed,304.1402446
4,Sample_S19S_0052_Sed,304.1766628
29,Sample_S19S_0052_Sed,305.0666877
7,Sample_S19S_0052_Sed,305.0700613
34,Sample_S19S_0052_Sed,305.1394662
33,Sample_S19S_0052_Sed,305.1758605
8,Sample_S19S_0052_Sed,306.1195211
6,Sample_S19S_0052_Sed,306.192305
23,Sample_S19S_0052_Sed,307.1187572
36,Sample_S19S_0052_Sed,307.1551342
35,Sample_S19S_0052_Sed,307.1915179
1,Sample_S19S_0052_Sed,308.0736409
15,Sample_S19S_0052_Sed,308.1715544
3,Sample_S19S_0052_Sed,308.2079497
19,Sample_S19S_0052_Sed,309.0252469
43,Sample_S19S_0052_Sed,309.0616036
56,Sample_S19S_0052_Sed,309.0979773
6,Sample_S19S_0052_Sed,309.1013433
2,Sample_S19S_0052_Sed,309.1092661
63,Sample_S19S_0052_Sed,309.1343649
2,Sample_S19S_0052_Sed,309.1530159
55,Sample_S19S_0052_Sed,309.1707647
3,Sample_S19S_0052_Sed,309.1741269
25,Sample_S19S_0052_Sed,309.2071806
20,Sample_S19S_0052_Sed,311.0408991
35,Sample_S19S_0052_Sed,311.0772659
75,Sample_S19S_0052_Sed,311.1136352
70,Sample_S19S_0052_Sed,311.1500195
50,Sample_S19S_0052_Sed,311.186419
19,Sample_S19S_0052_Sed,311.2228309
1,Sample_S19S_0052_Sed,312.9846454
27,Sample_S19S_0052_Sed,313.0565398
38,Sample_S19S_0052_Sed,313.0929245
1,Sample_S19S_0052_Sed,313.0961301
54,Sample_S19S_0052_Sed,313.1293014
61,Sample_S19S_0052_Sed,313.1656688
38,Sample_S19S_0052_Sed,313.2020808
23,Sample_S19S_0052_Sed,313.2384778
24,Sample_S19S_0052_Sed,314.1609464
11,Sample_S19S_0052_Sed,314.1721852
13,Sample_S19S_0052_Sed,314.1973467
2,Sample_S19S_0052_Sed,315.0180328
23,Sample_S19S_0052_Sed,315.0721791
44,Sample_S19S_0052_Sed,315.1085755
14,Sample_S19S_0052_Sed,315.1198013
57,Sample_S19S_0052_Sed,315.1449559
52,Sample_S19S_0052_Sed,315.1813307
4,Sample_S19S_0052_Sed,315.1966265
39,Sample_S19S_0052_Sed,315.217727
4,Sample_S19S_0052_Sed,315.2290147
14,Sample_S19S_0052_Sed,315.2541325
22,Sample_S19S_0052_Sed,316.1402237
16,Sample_S19S_0052_Sed,316.1514197
18,Sample_S19S_0052_Sed,316.1766274
9,Sample_S19S_0052_Sed,317.099053
37,Sample_S19S_0052_Sed,317.124227
33,Sample_S19S_0052_Sed,317.1394552
49,Sample_S19S_0052_Sed,317.1606071
44,Sample_S19S_0052_Sed,317.1969836
12,Sample_S19S_0052_Sed,317.2122753
2,Sample_S19S_0052_Sed,317.2446454
26,Sample_S19S_0052_Sed,318.1558543
12,Sample_S19S_0052_Sed,318.2286611
10,Sample_S19S_0052_Sed,319.0857041
25,Sample_S19S_0052_Sed,319.103481
35,Sample_S19S_0052_Sed,319.1551015
17,Sample_S19S_0052_Sed,320.1351354
20,Sample_S19S_0052_Sed,320.1715427
3,Sample_S19S_0052_Sed,320.2442999
41,Sample_S19S_0052_Sed,321.1343949
40,Sample_S19S_0052_Sed,321.1707672
2,Sample_S19S_0052_Sed,322.1508517
5,Sample_S19S_0052_Sed,322.1872255
18,Sample_S19S_0052_Sed,323.0408542
47,Sample_S19S_0052_Sed,323.0772527
23,Sample_S19S_0052_Sed,323.1136726
51,Sample_S19S_0052_Sed,323.1864241
17,Sample_S19S_0052_Sed,324.1664479
3,Sample_S19S_0052_Sed,324.1929379
10,Sample_S19S_0052_Sed,324.2028461
30,Sample_S19S_0052_Sed,325.0565425
53,Sample_S19S_0052_Sed,325.0928926
49,Sample_S19S_0052_Sed,325.1292996
47,Sample_S19S_0052_Sed,325.1657004
1,Sample_S19S_0052_Sed,325.1842438
59,Sample_S19S_0052_Sed,325.2020573
24,Sample_S19S_0052_Sed,327.0722018
39,Sample_S19S_0052_Sed,327.1085831
57,Sample_S19S_0052_Sed,327.1449492
3,Sample_S19S_0052_Sed,327.1636073
10,Sample_S19S_0052_Sed,327.2177565
15,Sample_S19S_0052_Sed,328.1514425
18,Sample_S19S_0052_Sed,328.1766323
2,Sample_S19S_0052_Sed,328.1878731
12,Sample_S19S_0052_Sed,329.0514722
50,Sample_S19S_0052_Sed,329.0878075
48,Sample_S19S_0052_Sed,329.1242163
1,Sample_S19S_0052_Sed,329.152419
28,Sample_S19S_0052_Sed,329.2333488
14,Sample_S19S_0052_Sed,330.1670892
15,Sample_S19S_0052_Sed,330.192266
26,Sample_S19S_0052_Sed,331.1034998
14,Sample_S19S_0052_Sed,331.1399002
51,Sample_S19S_0052_Sed,331.1762541
10,Sample_S19S_0052_Sed,331.1915481
9,Sample_S19S_0052_Sed,331.2126721
3,Sample_S19S_0052_Sed,331.2239268
4,Sample_S19S_0052_Sed,331.2490738
17,Sample_S19S_0052_Sed,332.1351167
6,Sample_S19S_0052_Sed,332.2079509
5,Sample_S19S_0052_Sed,333.0252702
7,Sample_S19S_0052_Sed,333.0616512
9,Sample_S19S_0052_Sed,333.1191757
14,Sample_S19S_0052_Sed,333.1344131
17,Sample_S19S_0052_Sed,333.1707943
21,Sample_S19S_0052_Sed,333.2071238
4,Sample_S19S_0052_Sed,333.2395661
7,Sample_S19S_0052_Sed,333.2565676
10,Sample_S19S_0052_Sed,334.1144217
7,Sample_S19S_0052_Sed,334.1508295
7,Sample_S19S_0052_Sed,334.2235949
37,Sample_S19S_0052_Sed,335.150042
23,Sample_S19S_0052_Sed,335.2227808
12,Sample_S19S_0052_Sed,335.2358032
3,Sample_S19S_0052_Sed,336.1301036
18,Sample_S19S_0052_Sed,336.1664659
11,Sample_S19S_0052_Sed,337.0564852
37,Sample_S19S_0052_Sed,337.0929176
63,Sample_S19S_0052_Sed,337.1292866
47,Sample_S19S_0052_Sed,337.1656867
5,Sample_S19S_0052_Sed,337.2021218
26,Sample_S19S_0052_Sed,337.238454
13,Sample_S19S_0052_Sed,338.182098
15,Sample_S19S_0052_Sed,339.0357996
67,Sample_S19S_0052_Sed,339.1085453
18,Sample_S19S_0052_Sed,339.1449816
9,Sample_S19S_0052_Sed,339.1660725
3,Sample_S19S_0052_Sed,339.1999929
33,Sample_S19S_0052_Sed,339.2177427
9,Sample_S19S_0052_Sed,339.2541495
22,Sample_S19S_0052_Sed,341.0514621
55,Sample_S19S_0052_Sed,341.0878109
14,Sample_S19S_0052_Sed,341.12425
47,Sample_S19S_0052_Sed,341.1606173
53,Sample_S19S_0052_Sed,341.1969848
6,Sample_S19S_0052_Sed,341.2334189
10,Sample_S19S_0052_Sed,342.1670651
23,Sample_S19S_0052_Sed,342.1922588
21,Sample_S19S_0052_Sed,343.067113
61,Sample_S19S_0052_Sed,343.1034685
11,Sample_S19S_0052_Sed,343.1399075
47,Sample_S19S_0052_Sed,343.1762631
40,Sample_S19S_0052_Sed,343.2126496
20,Sample_S19S_0052_Sed,343.2490426
4,Sample_S19S_0052_Sed,344.1350437
22,Sample_S19S_0052_Sed,344.1715382
8,Sample_S19S_0052_Sed,344.1827031
7,Sample_S19S_0052_Sed,344.1997897
28,Sample_S19S_0052_Sed,344.2078759
7,Sample_S19S_0052_Sed,344.2442459
37,Sample_S19S_0052_Sed,345.1191373
27,Sample_S19S_0052_Sed,345.1555412
16,Sample_S19S_0052_Sed,345.170772
9,Sample_S19S_0052_Sed,345.1919508
34,Sample_S19S_0052_Sed,345.2282779
22,Sample_S19S_0052_Sed,346.1507606
3,Sample_S19S_0052_Sed,346.1619628
24,Sample_S19S_0052_Sed,346.1871921
8,Sample_S19S_0052_Sed,346.2154294
12,Sample_S19S_0052_Sed,347.0408756
12,Sample_S19S_0052_Sed,347.0903002
17,Sample_S19S_0052_Sed,347.1348045
30,Sample_S19S_0052_Sed,347.1711801
13,Sample_S19S_0052_Sed,348.1300774
20,Sample_S19S_0052_Sed,348.1664038
15,Sample_S19S_0052_Sed,348.2028318
10,Sample_S19S_0052_Sed,348.231087
3,Sample_S19S_0052_Sed,349.0564693
12,Sample_S19S_0052_Sed,349.1059291
12,Sample_S19S_0052_Sed,349.2021049
13,Sample_S19S_0052_Sed,350.1457077
15,Sample_S19S_0052_Sed,350.1821173
10,Sample_S19S_0052_Sed,350.2184616
18,Sample_S19S_0052_Sed,351.0357871
20,Sample_S19S_0052_Sed,351.121581
30,Sample_S19S_0052_Sed,351.2177372
11,Sample_S19S_0052_Sed,351.2307319
2,Sample_S19S_0052_Sed,351.2500934
15,Sample_S19S_0052_Sed,352.1613622
30,Sample_S19S_0052_Sed,352.1765943
10,Sample_S19S_0052_Sed,353.0514753
50,Sample_S19S_0052_Sed,353.0878166
11,Sample_S19S_0052_Sed,353.1008561
38,Sample_S19S_0052_Sed,353.124233
33,Sample_S19S_0052_Sed,353.1605629
21,Sample_S19S_0052_Sed,353.1736275
40,Sample_S19S_0052_Sed,353.1970034
3,Sample_S19S_0052_Sed,353.2003494
16,Sample_S19S_0052_Sed,353.2099396
17,Sample_S19S_0052_Sed,353.2333297
6,Sample_S19S_0052_Sed,354.1922902
21,Sample_S19S_0052_Sed,355.0671162
57,Sample_S19S_0052_Sed,355.1034699
10,Sample_S19S_0052_Sed,355.1399086
57,Sample_S19S_0052_Sed,355.1762476
11,Sample_S19S_0052_Sed,355.2126797
13,Sample_S19S_0052_Sed,355.2489795
36,Sample_S19S_0052_Sed,356.1715182
19,Sample_S19S_0052_Sed,356.207852
7,Sample_S19S_0052_Sed,357.061636
40,Sample_S19S_0052_Sed,357.0827228
60,Sample_S19S_0052_Sed,357.1191097
5,Sample_S19S_0052_Sed,357.141609
63,Sample_S19S_0052_Sed,357.1554992
59,Sample_S19S_0052_Sed,357.191896
46,Sample_S19S_0052_Sed,357.2282738
8,Sample_S19S_0052_Sed,358.1507103
23,Sample_S19S_0052_Sed,358.1871972
8,Sample_S19S_0052_Sed,358.1983945
28,Sample_S19S_0052_Sed,358.2235211
36,Sample_S19S_0052_Sed,359.1347452
9,Sample_S19S_0052_Sed,359.1572531
43,Sample_S19S_0052_Sed,359.1711775
18,Sample_S19S_0052_Sed,359.2074846
2,Sample_S19S_0052_Sed,359.2106313
37,Sample_S19S_0052_Sed,359.2439319
2,Sample_S19S_0052_Sed,360.1299489
24,Sample_S19S_0052_Sed,360.1664452
11,Sample_S19S_0052_Sed,360.1776328
6,Sample_S19S_0052_Sed,360.1946802
5,Sample_S19S_0052_Sed,360.2027516
15,Sample_S19S_0052_Sed,360.2391994
7,Sample_S19S_0052_Sed,360.2674679
4,Sample_S19S_0052_Sed,361.069538
27,Sample_S19S_0052_Sed,361.0929312
31,Sample_S19S_0052_Sed,361.1423317
44,Sample_S19S_0052_Sed,361.1504109
19,Sample_S19S_0052_Sed,361.1657046
35,Sample_S19S_0052_Sed,361.186829
14,Sample_S19S_0052_Sed,361.2151155
37,Sample_S19S_0052_Sed,361.2231964
5,Sample_S19S_0052_Sed,361.2263393
5,Sample_S19S_0052_Sed,361.2878733
18,Sample_S19S_0052_Sed,362.1821174
11,Sample_S19S_0052_Sed,363.0357881
12,Sample_S19S_0052_Sed,363.0722122
36,Sample_S19S_0052_Sed,363.108539
17,Sample_S19S_0052_Sed,363.1215932
12,Sample_S19S_0052_Sed,363.1812892
20,Sample_S19S_0052_Sed,363.1943423
4,Sample_S19S_0052_Sed,363.2670624
13,Sample_S19S_0052_Sed,364.1613157
11,Sample_S19S_0052_Sed,364.1896094
11,Sample_S19S_0052_Sed,364.2259804
5,Sample_S19S_0052_Sed,365.0513776
30,Sample_S19S_0052_Sed,365.0878382
18,Sample_S19S_0052_Sed,365.1008669
18,Sample_S19S_0052_Sed,365.1241727
21,Sample_S19S_0052_Sed,365.137244
42,Sample_S19S_0052_Sed,365.1969623
24,Sample_S19S_0052_Sed,365.2100088
4,Sample_S19S_0052_Sed,365.2367361
10,Sample_S19S_0052_Sed,366.1769935
5,Sample_S19S_0052_Sed,366.2416661
26,Sample_S19S_0052_Sed,367.0671094
58,Sample_S19S_0052_Sed,367.1034613
12,Sample_S19S_0052_Sed,367.1165264
1,Sample_S19S_0052_Sed,367.1399195
35,Sample_S19S_0052_Sed,367.1762158
24,Sample_S19S_0052_Sed,367.189277
40,Sample_S19S_0052_Sed,367.2126519
3,Sample_S19S_0052_Sed,367.2255178
1,Sample_S19S_0052_Sed,368.1117355
7,Sample_S19S_0052_Sed,369.0463181
29,Sample_S19S_0052_Sed,369.0827443
6,Sample_S19S_0052_Sed,369.1190631
19,Sample_S19S_0052_Sed,369.1321274
51,Sample_S19S_0052_Sed,369.1555194
22,Sample_S19S_0052_Sed,369.1685393
15,Sample_S19S_0052_Sed,369.1837969
16,Sample_S19S_0052_Sed,369.1918398
3,Sample_S19S_0052_Sed,369.2161712
43,Sample_S19S_0052_Sed,369.2282876
2,Sample_S19S_0052_Sed,370.2882172
5,Sample_S19S_0052_Sed,371.0408802
9,Sample_S19S_0052_Sed,371.0983408
16,Sample_S19S_0052_Sed,371.1460121
5,Sample_S19S_0052_Sed,371.1572656
50,Sample_S19S_0052_Sed,371.171134
35,Sample_S19S_0052_Sed,371.2075705
31,Sample_S19S_0052_Sed,371.2439257
5,Sample_S19S_0052_Sed,372.1411992
31,Sample_S19S_0052_Sed,372.1663973
23,Sample_S19S_0052_Sed,372.2028242
11,Sample_S19S_0052_Sed,372.2140099
10,Sample_S19S_0052_Sed,372.2391498
3,Sample_S19S_0052_Sed,372.3038234
8,Sample_S19S_0052_Sed,373.0776886
1,Sample_S19S_0052_Sed,373.1338584
13,Sample_S19S_0052_Sed,373.1504711
12,Sample_S19S_0052_Sed,373.1729074
42,Sample_S19S_0052_Sed,373.1867821
45,Sample_S19S_0052_Sed,373.2231881
7,Sample_S19S_0052_Sed,373.287836
1,Sample_S19S_0052_Sed,374.1053424
10,Sample_S19S_0052_Sed,374.1820296
20,Sample_S19S_0052_Sed,374.2184652
6,Sample_S19S_0052_Sed,374.2467103
36,Sample_S19S_0052_Sed,375.1449442
28,Sample_S19S_0052_Sed,375.1579842
13,Sample_S19S_0052_Sed,375.1660121
34,Sample_S19S_0052_Sed,375.194367
30,Sample_S19S_0052_Sed,375.2024285
24,Sample_S19S_0052_Sed,375.2177037
11,Sample_S19S_0052_Sed,375.230771
10,Sample_S19S_0052_Sed,375.2387855
4,Sample_S19S_0052_Sed,376.1895594
15,Sample_S19S_0052_Sed,376.1976905
11,Sample_S19S_0052_Sed,376.2260146
14,Sample_S19S_0052_Sed,377.0514538
1,Sample_S19S_0052_Sed,377.0856228
21,Sample_S19S_0052_Sed,377.0877952
15,Sample_S19S_0052_Sed,377.100823
45,Sample_S19S_0052_Sed,377.1241915
17,Sample_S19S_0052_Sed,377.1372608
33,Sample_S19S_0052_Sed,377.1735945
18,Sample_S19S_0052_Sed,377.2099902
1,Sample_S19S_0052_Sed,377.2211816
31,Sample_S19S_0052_Sed,377.2333521
15,Sample_S19S_0052_Sed,377.2463996
6,Sample_S19S_0052_Sed,378.2052199
12,Sample_S19S_0052_Sed,378.2416575
6,Sample_S19S_0052_Sed,379.0670295
3,Sample_S19S_0052_Sed,379.0800689
52,Sample_S19S_0052_Sed,379.1034645
60,Sample_S19S_0052_Sed,379.1398402
27,Sample_S19S_0052_Sed,379.1528588
35,Sample_S19S_0052_Sed,379.1892722
20,Sample_S19S_0052_Sed,379.2256462
12,Sample_S19S_0052_Sed,379.2620178
1,Sample_S19S_0052_Sed,380.1593778
5,Sample_S19S_0052_Sed,380.2208704
16,Sample_S19S_0052_Sed,381.0463502
5,Sample_S19S_0052_Sed,381.0826619
53,Sample_S19S_0052_Sed,381.1191186
15,Sample_S19S_0052_Sed,381.1321708
59,Sample_S19S_0052_Sed,381.1555031
21,Sample_S19S_0052_Sed,381.1684945
42,Sample_S19S_0052_Sed,381.1918695
14,Sample_S19S_0052_Sed,381.204939
34,Sample_S19S_0052_Sed,381.2282913
3,Sample_S19S_0052_Sed,381.2411757
4,Sample_S19S_0052_Sed,382.1273741
6,Sample_S19S_0052_Sed,383.0619616
53,Sample_S19S_0052_Sed,383.0983806
10,Sample_S19S_0052_Sed,383.1347075
20,Sample_S19S_0052_Sed,383.1477567
19,Sample_S19S_0052_Sed,383.184187
47,Sample_S19S_0052_Sed,383.2075249
35,Sample_S19S_0052_Sed,383.2439132
32,Sample_S19S_0052_Sed,384.1664077
29,Sample_S19S_0052_Sed,384.2027906
33,Sample_S19S_0052_Sed,385.0776412
7,Sample_S19S_0052_Sed,385.1139909
17,Sample_S19S_0052_Sed,385.1423072
20,Sample_S19S_0052_Sed,385.1503825
1,Sample_S19S_0052_Sed,385.1702723
44,Sample_S19S_0052_Sed,385.1868285
10,Sample_S19S_0052_Sed,385.2151169
14,Sample_S19S_0052_Sed,385.2231361
26,Sample_S19S_0052_Sed,385.2595906
36,Sample_S19S_0052_Sed,386.1820531
1,Sample_S19S_0052_Sed,387.0004202
3,Sample_S19S_0052_Sed,387.1659841
23,Sample_S19S_0052_Sed,387.19436
40,Sample_S19S_0052_Sed,387.2024406
29,Sample_S19S_0052_Sed,387.2388297
13,Sample_S19S_0052_Sed,388.2259833
5,Sample_S19S_0052_Sed,388.2987452
7,Sample_S19S_0052_Sed,389.051417
10,Sample_S19S_0052_Sed,389.1008827
1,Sample_S19S_0052_Sed,389.1135404
15,Sample_S19S_0052_Sed,389.1372295
7,Sample_S19S_0052_Sed,389.1452618
1,Sample_S19S_0052_Sed,389.1677218
28,Sample_S19S_0052_Sed,389.1736085
17,Sample_S19S_0052_Sed,389.1816725
24,Sample_S19S_0052_Sed,389.1969883
34,Sample_S19S_0052_Sed,389.2180886
1,Sample_S19S_0052_Sed,389.3191703
1,Sample_S19S_0052_Sed,390.2132816
1,Sample_S19S_0052_Sed,391.1105459
19,Sample_S19S_0052_Sed,391.1528412
20,Sample_S19S_0052_Sed,391.1892281
28,Sample_S19S_0052_Sed,391.212612
12,Sample_S19S_0052_Sed,391.2256863
6,Sample_S19S_0052_Sed,391.2620068
12,Sample_S19S_0052_Sed,392.2209084
8,Sample_S19S_0052_Sed,393.0463154
23,Sample_S19S_0052_Sed,393.0827628
31,Sample_S19S_0052_Sed,393.1191285
18,Sample_S19S_0052_Sed,393.1321265
16,Sample_S19S_0052_Sed,393.1554711
22,Sample_S19S_0052_Sed,393.1685262
24,Sample_S19S_0052_Sed,393.2049392
4,Sample_S19S_0052_Sed,393.2161336
13,Sample_S19S_0052_Sed,393.2282185
18,Sample_S19S_0052_Sed,393.2412462
4,Sample_S19S_0052_Sed,393.2776995
1,Sample_S19S_0052_Sed,394.1750252
8,Sample_S19S_0052_Sed,394.2001939
5,Sample_S19S_0052_Sed,394.2364931
9,Sample_S19S_0052_Sed,395.0619708
14,Sample_S19S_0052_Sed,395.0984243
12,Sample_S19S_0052_Sed,395.1114167
60,Sample_S19S_0052_Sed,395.1347697
25,Sample_S19S_0052_Sed,395.1477706
22,Sample_S19S_0052_Sed,395.171191
16,Sample_S19S_0052_Sed,395.2075813
21,Sample_S19S_0052_Sed,395.2205826
2,Sample_S19S_0052_Sed,395.2317962
5,Sample_S19S_0052_Sed,396.1430161
5,Sample_S19S_0052_Sed,396.1875433
9,Sample_S19S_0052_Sed,396.2158367
5,Sample_S19S_0052_Sed,397.0775828
29,Sample_S19S_0052_Sed,397.1140135
51,Sample_S19S_0052_Sed,397.1504225
18,Sample_S19S_0052_Sed,397.1634297
18,Sample_S19S_0052_Sed,397.1867602
13,Sample_S19S_0052_Sed,397.1997808
4,Sample_S19S_0052_Sed,397.2151289
41,Sample_S19S_0052_Sed,397.2232052
26,Sample_S19S_0052_Sed,397.2595669
3,Sample_S19S_0052_Sed,398.1222468
19,Sample_S19S_0052_Sed,399.0932727
35,Sample_S19S_0052_Sed,399.1296635
12,Sample_S19S_0052_Sed,399.1579458
10,Sample_S19S_0052_Sed,399.1790309
6,Sample_S19S_0052_Sed,399.1884911
16,Sample_S19S_0052_Sed,399.1943775
42,Sample_S19S_0052_Sed,399.2024375
14,Sample_S19S_0052_Sed,399.2388025
1,Sample_S19S_0052_Sed,399.2751285
1,Sample_S19S_0052_Sed,401.0161641
48,Sample_S19S_0052_Sed,401.1453284
1,Sample_S19S_0052_Sed,401.1651827
20,Sample_S19S_0052_Sed,401.1736033
9,Sample_S19S_0052_Sed,401.1816514
5,Sample_S19S_0052_Sed,401.204141
22,Sample_S19S_0052_Sed,401.2100146
36,Sample_S19S_0052_Sed,401.2180808
17,Sample_S19S_0052_Sed,401.2544603
1,Sample_S19S_0052_Sed,402.122671
2,Sample_S19S_0052_Sed,402.2779887
12,Sample_S19S_0052_Sed,403.1164656
38,Sample_S19S_0052_Sed,403.1398463
17,Sample_S19S_0052_Sed,403.1529106
18,Sample_S19S_0052_Sed,403.1609357
35,Sample_S19S_0052_Sed,403.1973716
17,Sample_S19S_0052_Sed,403.2256482
12,Sample_S19S_0052_Sed,403.2336971
1,Sample_S19S_0052_Sed,403.3347743
21,Sample_S19S_0052_Sed,404.1926065
12,Sample_S19S_0052_Sed,404.2572869
2,Sample_S19S_0052_Sed,404.2937097
24,Sample_S19S_0052_Sed,405.1321292
23,Sample_S19S_0052_Sed,405.1685606
17,Sample_S19S_0052_Sed,405.2048711
11,Sample_S19S_0052_Sed,405.2412525
8,Sample_S19S_0052_Sed,405.2776864
9,Sample_S19S_0052_Sed,406.2364932
5,Sample_S19S_0052_Sed,406.3092961
38,Sample_S19S_0052_Sed,407.0983755
7,Sample_S19S_0052_Sed,407.1113661
42,Sample_S19S_0052_Sed,407.1347505
18,Sample_S19S_0052_Sed,407.1477958
2,Sample_S19S_0052_Sed,407.1953965
10,Sample_S19S_0052_Sed,407.2075913
22,Sample_S19S_0052_Sed,407.2205546
12,Sample_S19S_0052_Sed,407.2568891
14,Sample_S19S_0052_Sed,408.2158005
2,Sample_S19S_0052_Sed,409.07757
41,Sample_S19S_0052_Sed,409.1140221
21,Sample_S19S_0052_Sed,409.1270356
10,Sample_S19S_0052_Sed,409.1633923
2,Sample_S19S_0052_Sed,409.1762635
8,Sample_S19S_0052_Sed,409.1867344
8,Sample_S19S_0052_Sed,409.1997594
3,Sample_S19S_0052_Sed,409.2110293
47,Sample_S19S_0052_Sed,409.2231724
16,Sample_S19S_0052_Sed,409.236154
3,Sample_S19S_0052_Sed,410.1586186
3,Sample_S19S_0052_Sed,411.0568579
25,Sample_S19S_0052_Sed,411.0933142
38,Sample_S19S_0052_Sed,411.1296933
23,Sample_S19S_0052_Sed,411.1426758
14,Sample_S19S_0052_Sed,411.1579879
1,Sample_S19S_0052_Sed,411.1603771
30,Sample_S19S_0052_Sed,411.1660419
20,Sample_S19S_0052_Sed,411.1790746
3,Sample_S19S_0052_Sed,411.2022993
17,Sample_S19S_0052_Sed,411.2154903
34,Sample_S19S_0052_Sed,411.2388467
3,Sample_S19S_0052_Sed,412.137911
35,Sample_S19S_0052_Sed,413.1089345
5,Sample_S19S_0052_Sed,413.1372735
12,Sample_S19S_0052_Sed,413.1452768
19,Sample_S19S_0052_Sed,413.1736056
2,Sample_S19S_0052_Sed,413.1816156
5,Sample_S19S_0052_Sed,413.1946295
1,Sample_S19S_0052_Sed,413.2015356
1,Sample_S19S_0052_Sed,413.2041017
11,Sample_S19S_0052_Sed,413.2100122
19,Sample_S19S_0052_Sed,413.2180661
27,Sample_S19S_0052_Sed,413.2544798
10,Sample_S19S_0052_Sed,415.1164835
7,Sample_S19S_0052_Sed,415.1529316
35,Sample_S19S_0052_Sed,415.1609859
37,Sample_S19S_0052_Sed,415.1973464
9,Sample_S19S_0052_Sed,415.219815
12,Sample_S19S_0052_Sed,415.2256541
13,Sample_S19S_0052_Sed,415.2336924
21,Sample_S19S_0052_Sed,415.2701205
12,Sample_S19S_0052_Sed,416.1925804
22,Sample_S19S_0052_Sed,417.1321667
5,Sample_S19S_0052_Sed,417.1627099
27,Sample_S19S_0052_Sed,417.1685514
9,Sample_S19S_0052_Sed,417.1765666
12,Sample_S19S_0052_Sed,417.2048604
1,Sample_S19S_0052_Sed,417.2128787
12,Sample_S19S_0052_Sed,417.2493486
11,Sample_S19S_0052_Sed,418.1541322
9,Sample_S19S_0052_Sed,418.2729549
7,Sample_S19S_0052_Sed,419.0619721
12,Sample_S19S_0052_Sed,419.1478319
29,Sample_S19S_0052_Sed,419.1842051
1,Sample_S19S_0052_Sed,419.1921608
16,Sample_S19S_0052_Sed,419.2205119
3,Sample_S19S_0052_Sed,419.3296987
5,Sample_S19S_0052_Sed,420.2521315
7,Sample_S19S_0052_Sed,420.2885838
2,Sample_S19S_0052_Sed,421.0777047
1,Sample_S19S_0052_Sed,421.1552081
25,Sample_S19S_0052_Sed,421.1634511
3,Sample_S19S_0052_Sed,421.2265386
13,Sample_S19S_0052_Sed,421.2362004
8,Sample_S19S_0052_Sed,422.2031632
1,Sample_S19S_0052_Sed,422.9769148
4,Sample_S19S_0052_Sed,423.093231
49,Sample_S19S_0052_Sed,423.1296813
13,Sample_S19S_0052_Sed,423.1426961
23,Sample_S19S_0052_Sed,423.179095
49,Sample_S19S_0052_Sed,423.2024382
20,Sample_S19S_0052_Sed,423.2154249
1,Sample_S19S_0052_Sed,423.2387546
15,Sample_S19S_0052_Sed,425.1089252
19,Sample_S19S_0052_Sed,425.1583275
39,Sample_S19S_0052_Sed,425.1816982
18,Sample_S19S_0052_Sed,425.1947046
2,Sample_S19S_0052_Sed,425.2178813
15,Sample_S19S_0052_Sed,425.2311014
37,Sample_S19S_0052_Sed,427.1245871
1,Sample_S19S_0052_Sed,427.1610597
31,Sample_S19S_0052_Sed,427.1973395
17,Sample_S19S_0052_Sed,427.2103578
1,Sample_S19S_0052_Sed,427.2172449
9,Sample_S19S_0052_Sed,427.22569
32,Sample_S19S_0052_Sed,427.2337286
21,Sample_S19S_0052_Sed,427.2701368
8,Sample_S19S_0052_Sed,428.1925676
21,Sample_S19S_0052_Sed,429.1685491
21,Sample_S19S_0052_Sed,429.1765924
10,Sample_S19S_0052_Sed,429.1990848
26,Sample_S19S_0052_Sed,429.2129876
4,Sample_S19S_0052_Sed,429.2355333
24,Sample_S19S_0052_Sed,429.2494299
4,Sample_S19S_0052_Sed,430.194397
18,Sample_S19S_0052_Sed,430.2083192
1,Sample_S19S_0052_Sed,430.9725876
18,Sample_S19S_0052_Sed,431.1477957
19,Sample_S19S_0052_Sed,431.1922364
10,Sample_S19S_0052_Sed,431.2147537
8,Sample_S19S_0052_Sed,431.2206124
17,Sample_S19S_0052_Sed,431.2286229
5,Sample_S19S_0052_Sed,432.1876103
6,Sample_S19S_0052_Sed,433.1269982
23,Sample_S19S_0052_Sed,433.1634586
5,Sample_S19S_0052_Sed,433.1998888
20,Sample_S19S_0052_Sed,433.2079014
9,Sample_S19S_0052_Sed,433.2361951
10,Sample_S19S_0052_Sed,434.2677929
6,Sample_S19S_0052_Sed,435.1426364
1,Sample_S19S_0052_Sed,435.1552854
1,Sample_S19S_0052_Sed,435.160379
28,Sample_S19S_0052_Sed,435.1790631
15,Sample_S19S_0052_Sed,435.2155119
5,Sample_S19S_0052_Sed,436.1742724
6,Sample_S19S_0052_Sed,437.1088959
20,Sample_S19S_0052_Sed,437.158378
21,Sample_S19S_0052_Sed,437.1946984
13,Sample_S19S_0052_Sed,437.2310601
28,Sample_S19S_0052_Sed,439.1246064
1,Sample_S19S_0052_Sed,439.1916893
9,Sample_S19S_0052_Sed,439.1973056
1,Sample_S19S_0052_Sed,439.2351313
4,Sample_S19S_0052_Sed,439.246834
30,Sample_S19S_0052_Sed,441.1402285
12,Sample_S19S_0052_Sed,441.2129575
1,Sample_S19S_0052_Sed,441.232887
7,Sample_S19S_0052_Sed,441.2355104
10,Sample_S19S_0052_Sed,441.2494531
3,Sample_S19S_0052_Sed,442.1944178
20,Sample_S19S_0052_Sed,443.1841796
6,Sample_S19S_0052_Sed,443.1922057
11,Sample_S19S_0052_Sed,443.2205255
3,Sample_S19S_0052_Sed,443.2285235
21,Sample_S19S_0052_Sed,443.2650816
4,Sample_S19S_0052_Sed,444.2099819
10,Sample_S19S_0052_Sed,445.1503907
22,Sample_S19S_0052_Sed,445.1634705
37,Sample_S19S_0052_Sed,445.1715289
6,Sample_S19S_0052_Sed,445.1940666
34,Sample_S19S_0052_Sed,445.2079177
10,Sample_S19S_0052_Sed,445.2304198
21,Sample_S19S_0052_Sed,445.2442897
6,Sample_S19S_0052_Sed,446.2031197
14,Sample_S19S_0052_Sed,447.1427418
5,Sample_S19S_0052_Sed,447.1732381
22,Sample_S19S_0052_Sed,447.179104
9,Sample_S19S_0052_Sed,447.2154152
2,Sample_S19S_0052_Sed,449.0724952
28,Sample_S19S_0052_Sed,449.1583358
1,Sample_S19S_0052_Sed,449.1735875
7,Sample_S19S_0052_Sed,449.1946593
17,Sample_S19S_0052_Sed,449.2310912
4,Sample_S19S_0052_Sed,450.1898917
20,Sample_S19S_0052_Sed,451.1376081
11,Sample_S19S_0052_Sed,451.1739524
5,Sample_S19S_0052_Sed,451.2103087
1,Sample_S19S_0052_Sed,451.2280387
15,Sample_S19S_0052_Sed,451.2467303
9,Sample_S19S_0052_Sed,453.140211
12,Sample_S19S_0052_Sed,453.1532352
22,Sample_S19S_0052_Sed,453.1896338
13,Sample_S19S_0052_Sed,453.2259797
16,Sample_S19S_0052_Sed,455.2052634
2,Sample_S19S_0052_Sed,455.2285132
1,Sample_S19S_0052_Sed,455.2512639
23,Sample_S19S_0052_Sed,455.2650512
23,Sample_S19S_0052_Sed,457.1715231
6,Sample_S19S_0052_Sed,457.1940662
10,Sample_S19S_0052_Sed,457.1998933
30,Sample_S19S_0052_Sed,457.2079257
11,Sample_S19S_0052_Sed,457.2362399
13,Sample_S19S_0052_Sed,457.2442623
14,Sample_S19S_0052_Sed,459.1661042
5,Sample_S19S_0052_Sed,459.1733188
25,Sample_S19S_0052_Sed,459.1872169
10,Sample_S19S_0052_Sed,459.2155229
8,Sample_S19S_0052_Sed,459.2235091
1,Sample_S19S_0052_Sed,460.2047692
23,Sample_S19S_0052_Sed,461.1583343
4,Sample_S19S_0052_Sed,461.1889708
6,Sample_S19S_0052_Sed,461.1948089
6,Sample_S19S_0052_Sed,461.2027689
25,Sample_S19S_0052_Sed,461.2311454
6,Sample_S19S_0052_Sed,463.1739081
2,Sample_S19S_0052_Sed,463.1865864
27,Sample_S19S_0052_Sed,463.210366
1,Sample_S19S_0052_Sed,465.1836884
25,Sample_S19S_0052_Sed,465.1896305
7,Sample_S19S_0052_Sed,465.2259434
4,Sample_S19S_0052_Sed,465.2987694
12,Sample_S19S_0052_Sed,467.2052403
2,Sample_S19S_0052_Sed,467.2229454
17,Sample_S19S_0052_Sed,467.2416996
1,Sample_S19S_0052_Sed,469.1350525
19,Sample_S19S_0052_Sed,469.2078959
16,Sample_S19S_0052_Sed,469.2209608
30,Sample_S19S_0052_Sed,469.2442937
5,Sample_S19S_0052_Sed,469.2806636
7,Sample_S19S_0052_Sed,471.2096566
19,Sample_S19S_0052_Sed,471.2235442
2,Sample_S19S_0052_Sed,471.2598467
7,Sample_S19S_0052_Sed,473.1946924
2,Sample_S19S_0052_Sed,473.2027392
4,Sample_S19S_0052_Sed,473.225266
21,Sample_S19S_0052_Sed,473.2392065
2,Sample_S19S_0052_Sed,474.2204104
30,Sample_S19S_0052_Sed,475.1609843
23,Sample_S19S_0052_Sed,475.1739813
3,Sample_S19S_0052_Sed,475.2103074
6,Sample_S19S_0052_Sed,477.1895617
24,Sample_S19S_0052_Sed,477.2260597
6,Sample_S19S_0052_Sed,479.1689644
24,Sample_S19S_0052_Sed,479.2053091
17,Sample_S19S_0052_Sed,479.2416827
13,Sample_S19S_0052_Sed,480.2005188
5,Sample_S19S_0052_Sed,481.1634867
11,Sample_S19S_0052_Sed,481.1845085
10,Sample_S19S_0052_Sed,483.2001521
2,Sample_S19S_0052_Sed,483.259746
3,Sample_S19S_0052_Sed,485.2390821
4,Sample_S19S_0052_Sed,487.2104698
18,Sample_S19S_0052_Sed,487.2184679
5,Sample_S19S_0052_Sed,487.2410284
1,Sample_S19S_0052_Sed,487.2911792
1,Sample_S19S_0052_Sed,488.1997789
3,Sample_S19S_0052_Sed,489.1895365
3,Sample_S19S_0052_Sed,489.2259164
18,Sample_S19S_0052_Sed,491.1689084
5,Sample_S19S_0052_Sed,491.2053832
5,Sample_S19S_0052_Sed,491.2417678
7,Sample_S19S_0052_Sed,491.2780744
4,Sample_S19S_0052_Sed,493.1846305
19,Sample_S19S_0052_Sed,493.2209368
1,Sample_S19S_0052_Sed,493.2418569
4,Sample_S19S_0052_Sed,493.2572378
1,Sample_S19S_0052_Sed,495.1427989
7,Sample_S19S_0052_Sed,495.2001254
2,Sample_S19S_0052_Sed,497.2157304
1,Sample_S19S_0052_Sed,497.2754084
7,Sample_S19S_0052_Sed,498.1617513
2,Sample_S19S_0052_Sed,499.2546595
15,Sample_S19S_0052_Sed,501.2341074
17,Sample_S19S_0052_Sed,501.2705063
1,Sample_S19S_0052_Sed,502.2154486
7,Sample_S19S_0052_Sed,505.221033
13,Sample_S19S_0052_Sed,507.2001826
3,Sample_S19S_0052_Sed,507.2728559
11,Sample_S19S_0052_Sed,509.2522003
2,Sample_S19S_0052_Sed,511.231412
2,Sample_S19S_0052_Sed,511.2547768
2,Sample_S19S_0052_Sed,513.2704612
2,Sample_S19S_0052_Sed,515.2495874
1,Sample_S19S_0052_Sed,515.2860627
9,Sample_S19S_0052_Sed,515.3225486
5,Sample_S19S_0052_Sed,516.2311735
3,Sample_S19S_0052_Sed,517.2572088
19,Sample_S19S_0052_Sed,519.2002386
6,Sample_S19S_0052_Sed,519.2366622
7,Sample_S19S_0052_Sed,519.2730269
14,Sample_S19S_0052_Sed,523.231536
1,Sample_S19S_0052_Sed,531.1597187
2,Sample_S19S_0052_Sed,533.2156961
9,Sample_S19S_0052_Sed,547.2315171
12,Sample_S19S_0052_Sed,547.2678735
3,Sample_S19S_0052_Sed,597.4291056
1,Sample_S19S_0052_Sed,605.3096659
