num.trans.involved.in,sample,peak
21,Sample_S19S_0062_Sed,241.0717422
15,Sample_S19S_0062_Sed,241.1081087
12,Sample_S19S_0062_Sed,241.1445007
16,Sample_S19S_0062_Sed,242.139775
6,Sample_S19S_0062_Sed,242.1761465
12,Sample_S19S_0062_Sed,243.1237626
22,Sample_S19S_0062_Sed,243.1601665
32,Sample_S19S_0062_Sed,243.1965883
3,Sample_S19S_0062_Sed,245.0489119
69,Sample_S19S_0062_Sed,245.0666847
58,Sample_S19S_0062_Sed,245.1030642
24,Sample_S19S_0062_Sed,245.1394342
63,Sample_S19S_0062_Sed,247.0823368
49,Sample_S19S_0062_Sed,247.118733
8,Sample_S19S_0062_Sed,247.1703275
14,Sample_S19S_0062_Sed,248.1139872
3,Sample_S19S_0062_Sed,249.0227066
42,Sample_S19S_0062_Sed,249.0404675
54,Sample_S19S_0062_Sed,249.0768527
36,Sample_S19S_0062_Sed,249.1496147
7,Sample_S19S_0062_Sed,250.1448617
2,Sample_S19S_0062_Sed,251.0594793
1,Sample_S19S_0062_Sed,251.0785764
80,Sample_S19S_0062_Sed,251.0925063
9,Sample_S19S_0062_Sed,251.0958765
43,Sample_S19S_0062_Sed,251.1289035
56,Sample_S19S_0062_Sed,253.0353983
82,Sample_S19S_0062_Sed,253.0717756
23,Sample_S19S_0062_Sed,253.1081345
51,Sample_S19S_0062_Sed,253.1445337
62,Sample_S19S_0062_Sed,255.0510433
93,Sample_S19S_0062_Sed,255.0874163
29,Sample_S19S_0062_Sed,255.1237776
53,Sample_S19S_0062_Sed,255.1602018
16,Sample_S19S_0062_Sed,255.2329705
68,Sample_S19S_0062_Sed,257.0666765
39,Sample_S19S_0062_Sed,257.1030521
59,Sample_S19S_0062_Sed,257.1394516
36,Sample_S19S_0062_Sed,257.175834
28,Sample_S19S_0062_Sed,257.2122374
17,Sample_S19S_0062_Sed,258.1347123
75,Sample_S19S_0062_Sed,259.0823405
9,Sample_S19S_0062_Sed,259.1009624
54,Sample_S19S_0062_Sed,259.1187072
4,Sample_S19S_0062_Sed,259.1299532
52,Sample_S19S_0062_Sed,259.1551113
18,Sample_S19S_0062_Sed,260.1503532
54,Sample_S19S_0062_Sed,261.0980071
59,Sample_S19S_0062_Sed,261.1343647
49,Sample_S19S_0062_Sed,263.0561329
22,Sample_S19S_0062_Sed,263.0924815
38,Sample_S19S_0062_Sed,263.128908
39,Sample_S19S_0062_Sed,263.1652771
44,Sample_S19S_0062_Sed,265.0353938
3,Sample_S19S_0062_Sed,265.0578564
54,Sample_S19S_0062_Sed,265.0717855
7,Sample_S19S_0062_Sed,265.07514
76,Sample_S19S_0062_Sed,265.1081545
42,Sample_S19S_0062_Sed,265.1445692
8,Sample_S19S_0062_Sed,265.1479151
11,Sample_S19S_0062_Sed,265.1575521
19,Sample_S19S_0062_Sed,265.1809039
3,Sample_S19S_0062_Sed,266.089493
68,Sample_S19S_0062_Sed,267.0510336
3,Sample_S19S_0062_Sed,267.0735078
75,Sample_S19S_0062_Sed,267.0874299
77,Sample_S19S_0062_Sed,267.123805
44,Sample_S19S_0062_Sed,267.1601848
48,Sample_S19S_0062_Sed,269.0303205
78,Sample_S19S_0062_Sed,269.0666802
76,Sample_S19S_0062_Sed,269.1030627
64,Sample_S19S_0062_Sed,269.1394657
50,Sample_S19S_0062_Sed,269.1758579
34,Sample_S19S_0062_Sed,269.2122378
45,Sample_S19S_0062_Sed,271.0459737
61,Sample_S19S_0062_Sed,271.0823212
81,Sample_S19S_0062_Sed,271.118718
52,Sample_S19S_0062_Sed,271.1551343
44,Sample_S19S_0062_Sed,271.1914941
27,Sample_S19S_0062_Sed,271.227892
17,Sample_S19S_0062_Sed,272.1504094
56,Sample_S19S_0062_Sed,273.061591
74,Sample_S19S_0062_Sed,273.0979879
52,Sample_S19S_0062_Sed,273.1343844
50,Sample_S19S_0062_Sed,273.1707658
15,Sample_S19S_0062_Sed,274.0932637
65,Sample_S19S_0062_Sed,275.0772487
3,Sample_S19S_0062_Sed,275.0958927
61,Sample_S19S_0062_Sed,275.1136274
49,Sample_S19S_0062_Sed,275.1500444
57,Sample_S19S_0062_Sed,277.0717892
37,Sample_S19S_0062_Sed,277.0929294
66,Sample_S19S_0062_Sed,277.1081544
49,Sample_S19S_0062_Sed,277.1445377
37,Sample_S19S_0062_Sed,277.1809457
59,Sample_S19S_0062_Sed,279.0510516
45,Sample_S19S_0062_Sed,279.0874539
1,Sample_S19S_0062_Sed,279.0908266
53,Sample_S19S_0062_Sed,279.1238221
9,Sample_S19S_0062_Sed,279.1271864
2,Sample_S19S_0062_Sed,279.1562152
50,Sample_S19S_0062_Sed,279.160186
7,Sample_S19S_0062_Sed,279.1635618
51,Sample_S19S_0062_Sed,281.0303339
73,Sample_S19S_0062_Sed,281.0666829
31,Sample_S19S_0062_Sed,281.1030502
71,Sample_S19S_0062_Sed,281.1394597
43,Sample_S19S_0062_Sed,281.1758716
63,Sample_S19S_0062_Sed,283.0459554
39,Sample_S19S_0062_Sed,283.0823169
88,Sample_S19S_0062_Sed,283.118715
54,Sample_S19S_0062_Sed,283.1551309
25,Sample_S19S_0062_Sed,283.1915306
7,Sample_S19S_0062_Sed,283.2642602
51,Sample_S19S_0062_Sed,285.0616357
28,Sample_S19S_0062_Sed,285.0980306
11,Sample_S19S_0062_Sed,285.1166168
7,Sample_S19S_0062_Sed,285.1262347
58,Sample_S19S_0062_Sed,285.1343948
54,Sample_S19S_0062_Sed,285.17075
14,Sample_S19S_0062_Sed,285.2071124
19,Sample_S19S_0062_Sed,286.1660572
40,Sample_S19S_0062_Sed,287.0408776
73,Sample_S19S_0062_Sed,287.0772537
70,Sample_S19S_0062_Sed,287.1136282
62,Sample_S19S_0062_Sed,287.150015
53,Sample_S19S_0062_Sed,287.1864124
22,Sample_S19S_0062_Sed,287.2228145
19,Sample_S19S_0062_Sed,288.1453272
43,Sample_S19S_0062_Sed,289.0354029
49,Sample_S19S_0062_Sed,289.0565242
55,Sample_S19S_0062_Sed,289.0929075
62,Sample_S19S_0062_Sed,289.1292776
38,Sample_S19S_0062_Sed,289.1445478
48,Sample_S19S_0062_Sed,289.1656738
20,Sample_S19S_0062_Sed,290.1245994
41,Sample_S19S_0062_Sed,291.0146759
51,Sample_S19S_0062_Sed,291.0510416
50,Sample_S19S_0062_Sed,291.0874132
47,Sample_S19S_0062_Sed,291.1237966
42,Sample_S19S_0062_Sed,291.1449729
45,Sample_S19S_0062_Sed,291.1601932
13,Sample_S19S_0062_Sed,292.1038307
20,Sample_S19S_0062_Sed,292.1402353
10,Sample_S19S_0062_Sed,292.2129776
57,Sample_S19S_0062_Sed,293.0303357
59,Sample_S19S_0062_Sed,293.0667099
79,Sample_S19S_0062_Sed,293.1030793
10,Sample_S19S_0062_Sed,293.1064492
3,Sample_S19S_0062_Sed,293.1143295
37,Sample_S19S_0062_Sed,293.1242316
68,Sample_S19S_0062_Sed,293.1394564
11,Sample_S19S_0062_Sed,293.1757942
14,Sample_S19S_0062_Sed,294.1195199
52,Sample_S19S_0062_Sed,295.0459444
85,Sample_S19S_0062_Sed,295.0823376
88,Sample_S19S_0062_Sed,295.1187213
62,Sample_S19S_0062_Sed,295.1550986
35,Sample_S19S_0062_Sed,295.227888
1,Sample_S19S_0062_Sed,296.9897231
49,Sample_S19S_0062_Sed,297.025237
60,Sample_S19S_0062_Sed,297.0616262
53,Sample_S19S_0062_Sed,297.0980154
46,Sample_S19S_0062_Sed,297.1344063
5,Sample_S19S_0062_Sed,297.1529844
37,Sample_S19S_0062_Sed,297.1707937
17,Sample_S19S_0062_Sed,297.2071894
23,Sample_S19S_0062_Sed,297.2435585
44,Sample_S19S_0062_Sed,299.0408894
72,Sample_S19S_0062_Sed,299.0772616
76,Sample_S19S_0062_Sed,299.1136455
81,Sample_S19S_0062_Sed,299.1500243
50,Sample_S19S_0062_Sed,299.1864335
20,Sample_S19S_0062_Sed,299.2228305
23,Sample_S19S_0062_Sed,300.1816868
44,Sample_S19S_0062_Sed,301.0565488
31,Sample_S19S_0062_Sed,301.071792
58,Sample_S19S_0062_Sed,301.092932
57,Sample_S19S_0062_Sed,301.129318
60,Sample_S19S_0062_Sed,301.1656955
47,Sample_S19S_0062_Sed,301.202066
20,Sample_S19S_0062_Sed,302.1245742
22,Sample_S19S_0062_Sed,302.1609828
33,Sample_S19S_0062_Sed,303.0146906
41,Sample_S19S_0062_Sed,303.0874395
67,Sample_S19S_0062_Sed,303.1085414
63,Sample_S19S_0062_Sed,303.1449308
42,Sample_S19S_0062_Sed,303.1813306
22,Sample_S19S_0062_Sed,304.1402446
46,Sample_S19S_0062_Sed,305.0303157
56,Sample_S19S_0062_Sed,305.0666877
34,Sample_S19S_0062_Sed,305.087829
56,Sample_S19S_0062_Sed,305.1030852
37,Sample_S19S_0062_Sed,305.1242388
49,Sample_S19S_0062_Sed,305.1394662
40,Sample_S19S_0062_Sed,305.1758605
13,Sample_S19S_0062_Sed,306.1195211
10,Sample_S19S_0062_Sed,306.155916
8,Sample_S19S_0062_Sed,306.192305
72,Sample_S19S_0062_Sed,307.0459779
49,Sample_S19S_0062_Sed,307.0823737
40,Sample_S19S_0062_Sed,307.1187572
44,Sample_S19S_0062_Sed,307.1551342
4,Sample_S19S_0062_Sed,307.1585022
40,Sample_S19S_0062_Sed,307.1915179
3,Sample_S19S_0062_Sed,307.194883
7,Sample_S19S_0062_Sed,308.098784
11,Sample_S19S_0062_Sed,308.1351748
18,Sample_S19S_0062_Sed,308.1715544
5,Sample_S19S_0062_Sed,308.2079497
55,Sample_S19S_0062_Sed,309.0252469
77,Sample_S19S_0062_Sed,309.0616036
68,Sample_S19S_0062_Sed,309.0979773
7,Sample_S19S_0062_Sed,309.1013433
77,Sample_S19S_0062_Sed,309.1343649
3,Sample_S19S_0062_Sed,309.1530159
59,Sample_S19S_0062_Sed,309.1707647
10,Sample_S19S_0062_Sed,309.1741269
25,Sample_S19S_0062_Sed,309.2071806
6,Sample_S19S_0062_Sed,310.1144501
18,Sample_S19S_0062_Sed,310.1508222
53,Sample_S19S_0062_Sed,311.0408991
71,Sample_S19S_0062_Sed,311.0772659
102,Sample_S19S_0062_Sed,311.1136352
80,Sample_S19S_0062_Sed,311.1500195
2,Sample_S19S_0062_Sed,311.1686157
54,Sample_S19S_0062_Sed,311.186419
21,Sample_S19S_0062_Sed,311.2228309
2,Sample_S19S_0062_Sed,312.9846454
52,Sample_S19S_0062_Sed,313.0565398
65,Sample_S19S_0062_Sed,313.0929245
64,Sample_S19S_0062_Sed,313.1293014
66,Sample_S19S_0062_Sed,313.1656688
44,Sample_S19S_0062_Sed,313.2020808
24,Sample_S19S_0062_Sed,313.2384778
26,Sample_S19S_0062_Sed,314.1609464
12,Sample_S19S_0062_Sed,314.1973467
47,Sample_S19S_0062_Sed,315.035781
25,Sample_S19S_0062_Sed,315.0510397
52,Sample_S19S_0062_Sed,315.0721791
65,Sample_S19S_0062_Sed,315.1085755
67,Sample_S19S_0062_Sed,315.1449559
55,Sample_S19S_0062_Sed,315.1813307
43,Sample_S19S_0062_Sed,315.217727
5,Sample_S19S_0062_Sed,315.2290147
13,Sample_S19S_0062_Sed,315.2541325
26,Sample_S19S_0062_Sed,316.1402237
5,Sample_S19S_0062_Sed,316.1514197
12,Sample_S19S_0062_Sed,316.2130272
35,Sample_S19S_0062_Sed,317.0303382
50,Sample_S19S_0062_Sed,317.0514233
46,Sample_S19S_0062_Sed,317.0666936
54,Sample_S19S_0062_Sed,317.124227
46,Sample_S19S_0062_Sed,317.1394552
56,Sample_S19S_0062_Sed,317.1606071
43,Sample_S19S_0062_Sed,317.1969836
12,Sample_S19S_0062_Sed,317.2122753
2,Sample_S19S_0062_Sed,317.2446454
16,Sample_S19S_0062_Sed,318.1194966
25,Sample_S19S_0062_Sed,318.1558543
11,Sample_S19S_0062_Sed,318.2286611
10,Sample_S19S_0062_Sed,319.0460069
57,Sample_S19S_0062_Sed,319.0823624
62,Sample_S19S_0062_Sed,319.1187158
42,Sample_S19S_0062_Sed,319.139868
46,Sample_S19S_0062_Sed,319.1551015
12,Sample_S19S_0062_Sed,320.0776287
25,Sample_S19S_0062_Sed,320.1351354
19,Sample_S19S_0062_Sed,320.1715427
5,Sample_S19S_0062_Sed,320.2442999
42,Sample_S19S_0062_Sed,321.0252313
56,Sample_S19S_0062_Sed,321.0616406
32,Sample_S19S_0062_Sed,321.0980285
58,Sample_S19S_0062_Sed,321.1343949
47,Sample_S19S_0062_Sed,321.1707672
17,Sample_S19S_0062_Sed,321.2201744
15,Sample_S19S_0062_Sed,322.1144282
1,Sample_S19S_0062_Sed,322.1508517
5,Sample_S19S_0062_Sed,322.1872255
41,Sample_S19S_0062_Sed,323.0408542
77,Sample_S19S_0062_Sed,323.0772527
43,Sample_S19S_0062_Sed,323.1136726
9,Sample_S19S_0062_Sed,323.1170088
62,Sample_S19S_0062_Sed,323.1500462
59,Sample_S19S_0062_Sed,323.1864241
4,Sample_S19S_0062_Sed,323.1897708
13,Sample_S19S_0062_Sed,324.1300834
4,Sample_S19S_0062_Sed,324.1583105
18,Sample_S19S_0062_Sed,324.1664479
9,Sample_S19S_0062_Sed,324.2028461
9,Sample_S19S_0062_Sed,325.0201894
63,Sample_S19S_0062_Sed,325.0565425
76,Sample_S19S_0062_Sed,325.0928926
72,Sample_S19S_0062_Sed,325.1292996
56,Sample_S19S_0062_Sed,325.1657004
3,Sample_S19S_0062_Sed,325.1842438
59,Sample_S19S_0062_Sed,325.2020573
24,Sample_S19S_0062_Sed,325.2384393
30,Sample_S19S_0062_Sed,326.1245662
42,Sample_S19S_0062_Sed,327.035782
51,Sample_S19S_0062_Sed,327.0722018
65,Sample_S19S_0062_Sed,327.1085831
69,Sample_S19S_0062_Sed,327.1449492
3,Sample_S19S_0062_Sed,327.1636073
9,Sample_S19S_0062_Sed,327.2177565
26,Sample_S19S_0062_Sed,327.2540983
30,Sample_S19S_0062_Sed,328.1037984
23,Sample_S19S_0062_Sed,328.140231
18,Sample_S19S_0062_Sed,328.1766323
21,Sample_S19S_0062_Sed,328.2129777
35,Sample_S19S_0062_Sed,329.0303285
29,Sample_S19S_0062_Sed,329.0514722
18,Sample_S19S_0062_Sed,329.0667319
84,Sample_S19S_0062_Sed,329.0878075
62,Sample_S19S_0062_Sed,329.1242163
1,Sample_S19S_0062_Sed,329.152419
22,Sample_S19S_0062_Sed,329.1758446
45,Sample_S19S_0062_Sed,329.1969687
31,Sample_S19S_0062_Sed,329.2333488
33,Sample_S19S_0062_Sed,330.1194763
18,Sample_S19S_0062_Sed,330.192266
27,Sample_S19S_0062_Sed,331.0459941
45,Sample_S19S_0062_Sed,331.0670688
44,Sample_S19S_0062_Sed,331.0823608
47,Sample_S19S_0062_Sed,331.1034998
28,Sample_S19S_0062_Sed,331.1399002
58,Sample_S19S_0062_Sed,331.1762541
11,Sample_S19S_0062_Sed,331.1915481
8,Sample_S19S_0062_Sed,331.2126721
4,Sample_S19S_0062_Sed,331.2239268
4,Sample_S19S_0062_Sed,331.2490738
18,Sample_S19S_0062_Sed,332.0987468
21,Sample_S19S_0062_Sed,332.1351167
30,Sample_S19S_0062_Sed,332.171516
9,Sample_S19S_0062_Sed,332.2079509
18,Sample_S19S_0062_Sed,333.0252702
23,Sample_S19S_0062_Sed,333.0616512
52,Sample_S19S_0062_Sed,333.0980074
11,Sample_S19S_0062_Sed,333.1191757
30,Sample_S19S_0062_Sed,333.1344131
27,Sample_S19S_0062_Sed,333.1707943
24,Sample_S19S_0062_Sed,333.2071238
3,Sample_S19S_0062_Sed,333.2395661
10,Sample_S19S_0062_Sed,333.2565676
14,Sample_S19S_0062_Sed,334.0568812
14,Sample_S19S_0062_Sed,334.1144217
10,Sample_S19S_0062_Sed,334.1508295
19,Sample_S19S_0062_Sed,334.187185
8,Sample_S19S_0062_Sed,334.2235949
34,Sample_S19S_0062_Sed,335.0409093
66,Sample_S19S_0062_Sed,335.0772597
30,Sample_S19S_0062_Sed,335.1136067
52,Sample_S19S_0062_Sed,335.150042
42,Sample_S19S_0062_Sed,335.1864245
27,Sample_S19S_0062_Sed,335.2227808
15,Sample_S19S_0062_Sed,335.2358032
1,Sample_S19S_0062_Sed,335.2552472
3,Sample_S19S_0062_Sed,336.0937181
7,Sample_S19S_0062_Sed,336.1301036
21,Sample_S19S_0062_Sed,336.1664659
40,Sample_S19S_0062_Sed,337.0201415
33,Sample_S19S_0062_Sed,337.0564852
15,Sample_S19S_0062_Sed,337.0695448
77,Sample_S19S_0062_Sed,337.0929176
84,Sample_S19S_0062_Sed,337.1292866
56,Sample_S19S_0062_Sed,337.1656867
1,Sample_S19S_0062_Sed,337.1842796
8,Sample_S19S_0062_Sed,337.2021218
30,Sample_S19S_0062_Sed,337.238454
7,Sample_S19S_0062_Sed,338.1093609
15,Sample_S19S_0062_Sed,338.1456998
45,Sample_S19S_0062_Sed,339.0357996
75,Sample_S19S_0062_Sed,339.0721726
96,Sample_S19S_0062_Sed,339.1085453
30,Sample_S19S_0062_Sed,339.1449816
6,Sample_S19S_0062_Sed,339.1635623
49,Sample_S19S_0062_Sed,339.1813533
4,Sample_S19S_0062_Sed,339.1999929
31,Sample_S19S_0062_Sed,339.2177427
9,Sample_S19S_0062_Sed,339.2541495
25,Sample_S19S_0062_Sed,340.1038147
10,Sample_S19S_0062_Sed,340.1249861
4,Sample_S19S_0062_Sed,340.1613194
9,Sample_S19S_0062_Sed,340.212932
51,Sample_S19S_0062_Sed,341.0514621
85,Sample_S19S_0062_Sed,341.0878109
24,Sample_S19S_0062_Sed,341.100854
30,Sample_S19S_0062_Sed,341.12425
60,Sample_S19S_0062_Sed,341.1606173
6,Sample_S19S_0062_Sed,341.179252
60,Sample_S19S_0062_Sed,341.1969848
7,Sample_S19S_0062_Sed,341.2334189
13,Sample_S19S_0062_Sed,341.2697302
18,Sample_S19S_0062_Sed,342.0830768
38,Sample_S19S_0062_Sed,342.155837
2,Sample_S19S_0062_Sed,342.1670651
20,Sample_S19S_0062_Sed,343.0459579
41,Sample_S19S_0062_Sed,343.067113
85,Sample_S19S_0062_Sed,343.1034685
19,Sample_S19S_0062_Sed,343.1164862
18,Sample_S19S_0062_Sed,343.1399075
58,Sample_S19S_0062_Sed,343.1762631
46,Sample_S19S_0062_Sed,343.2126496
20,Sample_S19S_0062_Sed,343.2490426
3,Sample_S19S_0062_Sed,344.1350437
24,Sample_S19S_0062_Sed,344.1715382
2,Sample_S19S_0062_Sed,344.1827031
6,Sample_S19S_0062_Sed,344.1997897
30,Sample_S19S_0062_Sed,344.2078759
9,Sample_S19S_0062_Sed,344.2442459
32,Sample_S19S_0062_Sed,345.0252491
33,Sample_S19S_0062_Sed,345.0463327
47,Sample_S19S_0062_Sed,345.0616254
43,Sample_S19S_0062_Sed,345.0827674
42,Sample_S19S_0062_Sed,345.0980089
51,Sample_S19S_0062_Sed,345.1191373
14,Sample_S19S_0062_Sed,345.1344288
40,Sample_S19S_0062_Sed,345.1555412
26,Sample_S19S_0062_Sed,345.170772
11,Sample_S19S_0062_Sed,345.1919508
35,Sample_S19S_0062_Sed,345.2282779
25,Sample_S19S_0062_Sed,346.1143644
23,Sample_S19S_0062_Sed,346.1507606
23,Sample_S19S_0062_Sed,346.1871921
7,Sample_S19S_0062_Sed,346.2154294
42,Sample_S19S_0062_Sed,347.0408756
61,Sample_S19S_0062_Sed,347.0772564
23,Sample_S19S_0062_Sed,347.0903002
51,Sample_S19S_0062_Sed,347.0983726
29,Sample_S19S_0062_Sed,347.1136821
30,Sample_S19S_0062_Sed,347.1348045
55,Sample_S19S_0062_Sed,347.1500262
41,Sample_S19S_0062_Sed,347.1711801
7,Sample_S19S_0062_Sed,347.1864695
39,Sample_S19S_0062_Sed,347.2075497
5,Sample_S19S_0062_Sed,348.0725611
19,Sample_S19S_0062_Sed,348.1300774
24,Sample_S19S_0062_Sed,348.1664038
13,Sample_S19S_0062_Sed,348.2028318
8,Sample_S19S_0062_Sed,348.231087
36,Sample_S19S_0062_Sed,349.0201636
1,Sample_S19S_0062_Sed,349.0551349
53,Sample_S19S_0062_Sed,349.0929209
24,Sample_S19S_0062_Sed,349.1059291
63,Sample_S19S_0062_Sed,349.129303
58,Sample_S19S_0062_Sed,349.1656793
15,Sample_S19S_0062_Sed,349.2021049
2,Sample_S19S_0062_Sed,349.2053887
27,Sample_S19S_0062_Sed,350.0881844
19,Sample_S19S_0062_Sed,350.1457077
15,Sample_S19S_0062_Sed,350.1821173
12,Sample_S19S_0062_Sed,350.2184616
44,Sample_S19S_0062_Sed,351.0721501
32,Sample_S19S_0062_Sed,351.1085115
31,Sample_S19S_0062_Sed,351.121581
38,Sample_S19S_0062_Sed,351.1449775
51,Sample_S19S_0062_Sed,351.1813076
33,Sample_S19S_0062_Sed,351.2177372
3,Sample_S19S_0062_Sed,351.2210572
16,Sample_S19S_0062_Sed,351.2307319
3,Sample_S19S_0062_Sed,351.2500934
18,Sample_S19S_0062_Sed,352.1613622
32,Sample_S19S_0062_Sed,353.0514753
87,Sample_S19S_0062_Sed,353.0878166
18,Sample_S19S_0062_Sed,353.1008561
67,Sample_S19S_0062_Sed,353.124233
39,Sample_S19S_0062_Sed,353.1605629
24,Sample_S19S_0062_Sed,353.1736275
46,Sample_S19S_0062_Sed,353.1970034
4,Sample_S19S_0062_Sed,353.2003494
17,Sample_S19S_0062_Sed,353.2099396
18,Sample_S19S_0062_Sed,353.2333297
12,Sample_S19S_0062_Sed,354.1406185
7,Sample_S19S_0062_Sed,354.1922902
31,Sample_S19S_0062_Sed,355.0306981
56,Sample_S19S_0062_Sed,355.0671162
87,Sample_S19S_0062_Sed,355.1034699
26,Sample_S19S_0062_Sed,355.1164999
18,Sample_S19S_0062_Sed,355.1399086
70,Sample_S19S_0062_Sed,355.1762476
19,Sample_S19S_0062_Sed,355.1892674
16,Sample_S19S_0062_Sed,355.2126797
13,Sample_S19S_0062_Sed,355.2489795
33,Sample_S19S_0062_Sed,356.1715182
19,Sample_S19S_0062_Sed,356.207852
31,Sample_S19S_0062_Sed,357.046323
31,Sample_S19S_0062_Sed,357.061636
64,Sample_S19S_0062_Sed,357.0827228
20,Sample_S19S_0062_Sed,357.1110353
83,Sample_S19S_0062_Sed,357.1191097
77,Sample_S19S_0062_Sed,357.1554992
66,Sample_S19S_0062_Sed,357.191896
12,Sample_S19S_0062_Sed,357.2071705
47,Sample_S19S_0062_Sed,357.2282738
23,Sample_S19S_0062_Sed,357.2646796
6,Sample_S19S_0062_Sed,358.1507103
23,Sample_S19S_0062_Sed,358.1871972
3,Sample_S19S_0062_Sed,358.1983945
30,Sample_S19S_0062_Sed,358.2235211
9,Sample_S19S_0062_Sed,359.0409252
40,Sample_S19S_0062_Sed,359.0619959
38,Sample_S19S_0062_Sed,359.077285
25,Sample_S19S_0062_Sed,359.0984239
50,Sample_S19S_0062_Sed,359.1347452
54,Sample_S19S_0062_Sed,359.1711775
19,Sample_S19S_0062_Sed,359.2074846
2,Sample_S19S_0062_Sed,359.2106313
37,Sample_S19S_0062_Sed,359.2439319
3,Sample_S19S_0062_Sed,360.1299489
26,Sample_S19S_0062_Sed,360.1664452
4,Sample_S19S_0062_Sed,360.1946802
16,Sample_S19S_0062_Sed,360.2391994
10,Sample_S19S_0062_Sed,360.2674679
32,Sample_S19S_0062_Sed,361.0201475
30,Sample_S19S_0062_Sed,361.056505
10,Sample_S19S_0062_Sed,361.069538
21,Sample_S19S_0062_Sed,361.077621
55,Sample_S19S_0062_Sed,361.0929312
43,Sample_S19S_0062_Sed,361.1140532
69,Sample_S19S_0062_Sed,361.1292859
36,Sample_S19S_0062_Sed,361.1423317
57,Sample_S19S_0062_Sed,361.1504109
34,Sample_S19S_0062_Sed,361.1657046
43,Sample_S19S_0062_Sed,361.186829
28,Sample_S19S_0062_Sed,361.2020508
14,Sample_S19S_0062_Sed,361.2151155
35,Sample_S19S_0062_Sed,361.2231964
7,Sample_S19S_0062_Sed,361.2878733
11,Sample_S19S_0062_Sed,362.1093336
21,Sample_S19S_0062_Sed,362.1821174
8,Sample_S19S_0062_Sed,362.246738
46,Sample_S19S_0062_Sed,363.0357881
57,Sample_S19S_0062_Sed,363.108539
26,Sample_S19S_0062_Sed,363.1215932
33,Sample_S19S_0062_Sed,363.1449786
17,Sample_S19S_0062_Sed,363.1812892
27,Sample_S19S_0062_Sed,363.1943423
37,Sample_S19S_0062_Sed,363.2177281
8,Sample_S19S_0062_Sed,363.2210679
7,Sample_S19S_0062_Sed,363.2670624
4,Sample_S19S_0062_Sed,364.0885367
17,Sample_S19S_0062_Sed,364.1613157
10,Sample_S19S_0062_Sed,364.2259804
10,Sample_S19S_0062_Sed,364.2340853
33,Sample_S19S_0062_Sed,365.015069
1,Sample_S19S_0062_Sed,365.0677835
66,Sample_S19S_0062_Sed,365.0878382
27,Sample_S19S_0062_Sed,365.1008669
28,Sample_S19S_0062_Sed,365.1241727
31,Sample_S19S_0062_Sed,365.137244
19,Sample_S19S_0062_Sed,365.1606438
48,Sample_S19S_0062_Sed,365.1969623
31,Sample_S19S_0062_Sed,365.2100088
1,Sample_S19S_0062_Sed,365.2657119
29,Sample_S19S_0062_Sed,366.0830912
15,Sample_S19S_0062_Sed,366.1769935
5,Sample_S19S_0062_Sed,366.2416661
7,Sample_S19S_0062_Sed,366.2497563
69,Sample_S19S_0062_Sed,367.0671094
90,Sample_S19S_0062_Sed,367.1034613
19,Sample_S19S_0062_Sed,367.1165264
6,Sample_S19S_0062_Sed,367.1399195
44,Sample_S19S_0062_Sed,367.1762158
28,Sample_S19S_0062_Sed,367.189277
48,Sample_S19S_0062_Sed,367.2126519
5,Sample_S19S_0062_Sed,367.2255178
38,Sample_S19S_0062_Sed,368.0987097
3,Sample_S19S_0062_Sed,368.1117355
9,Sample_S19S_0062_Sed,368.1562607
44,Sample_S19S_0062_Sed,368.1714856
1,Sample_S19S_0062_Sed,368.9766214
28,Sample_S19S_0062_Sed,369.0463181
66,Sample_S19S_0062_Sed,369.0827443
19,Sample_S19S_0062_Sed,369.1190631
26,Sample_S19S_0062_Sed,369.1321274
68,Sample_S19S_0062_Sed,369.1555194
30,Sample_S19S_0062_Sed,369.1685393
15,Sample_S19S_0062_Sed,369.1837969
19,Sample_S19S_0062_Sed,369.1918398
48,Sample_S19S_0062_Sed,369.2282876
16,Sample_S19S_0062_Sed,371.0408802
51,Sample_S19S_0062_Sed,371.0620102
24,Sample_S19S_0062_Sed,371.0983408
59,Sample_S19S_0062_Sed,371.1347918
54,Sample_S19S_0062_Sed,371.171134
41,Sample_S19S_0062_Sed,371.2075705
34,Sample_S19S_0062_Sed,371.2439257
36,Sample_S19S_0062_Sed,372.1300076
38,Sample_S19S_0062_Sed,372.1663973
20,Sample_S19S_0062_Sed,372.2028242
6,Sample_S19S_0062_Sed,372.2140099
9,Sample_S19S_0062_Sed,372.2391498
5,Sample_S19S_0062_Sed,372.3038234
14,Sample_S19S_0062_Sed,373.0201141
41,Sample_S19S_0062_Sed,373.0565482
25,Sample_S19S_0062_Sed,373.0776886
31,Sample_S19S_0062_Sed,373.09294
24,Sample_S19S_0062_Sed,373.1059583
44,Sample_S19S_0062_Sed,373.1140108
18,Sample_S19S_0062_Sed,373.1504711
44,Sample_S19S_0062_Sed,373.1867821
44,Sample_S19S_0062_Sed,373.2231881
11,Sample_S19S_0062_Sed,373.287836
28,Sample_S19S_0062_Sed,374.1456527
12,Sample_S19S_0062_Sed,374.1820296
25,Sample_S19S_0062_Sed,374.2184652
7,Sample_S19S_0062_Sed,374.2467103
5,Sample_S19S_0062_Sed,374.3194981
15,Sample_S19S_0062_Sed,375.0358416
13,Sample_S19S_0062_Sed,375.0569615
47,Sample_S19S_0062_Sed,375.0721973
19,Sample_S19S_0062_Sed,375.0852221
35,Sample_S19S_0062_Sed,375.1297066
59,Sample_S19S_0062_Sed,375.1449442
34,Sample_S19S_0062_Sed,375.1579842
19,Sample_S19S_0062_Sed,375.1660121
19,Sample_S19S_0062_Sed,375.1812892
38,Sample_S19S_0062_Sed,375.194367
32,Sample_S19S_0062_Sed,375.2024285
14,Sample_S19S_0062_Sed,375.230771
12,Sample_S19S_0062_Sed,375.2387855
21,Sample_S19S_0062_Sed,376.1249335
5,Sample_S19S_0062_Sed,376.1895594
18,Sample_S19S_0062_Sed,376.1976905
8,Sample_S19S_0062_Sed,376.2260146
15,Sample_S19S_0062_Sed,377.0150486
52,Sample_S19S_0062_Sed,377.0514538
39,Sample_S19S_0062_Sed,377.0877952
18,Sample_S19S_0062_Sed,377.100823
67,Sample_S19S_0062_Sed,377.1241915
26,Sample_S19S_0062_Sed,377.1372608
35,Sample_S19S_0062_Sed,377.1735945
3,Sample_S19S_0062_Sed,377.2002574
23,Sample_S19S_0062_Sed,377.2099902
32,Sample_S19S_0062_Sed,377.2333521
19,Sample_S19S_0062_Sed,377.2463996
8,Sample_S19S_0062_Sed,378.2052199
3,Sample_S19S_0062_Sed,378.2319507
11,Sample_S19S_0062_Sed,378.2416575
38,Sample_S19S_0062_Sed,379.0307221
21,Sample_S19S_0062_Sed,379.0670295
12,Sample_S19S_0062_Sed,379.0800689
84,Sample_S19S_0062_Sed,379.1034645
24,Sample_S19S_0062_Sed,379.1165229
75,Sample_S19S_0062_Sed,379.1398402
31,Sample_S19S_0062_Sed,379.1528588
63,Sample_S19S_0062_Sed,379.1762343
38,Sample_S19S_0062_Sed,379.1892722
26,Sample_S19S_0062_Sed,379.2256462
19,Sample_S19S_0062_Sed,379.2620178
2,Sample_S19S_0062_Sed,380.1116712
7,Sample_S19S_0062_Sed,380.2208704
28,Sample_S19S_0062_Sed,381.0826619
11,Sample_S19S_0062_Sed,381.095685
86,Sample_S19S_0062_Sed,381.1191186
25,Sample_S19S_0062_Sed,381.1321708
80,Sample_S19S_0062_Sed,381.1555031
23,Sample_S19S_0062_Sed,381.1684945
44,Sample_S19S_0062_Sed,381.1918695
16,Sample_S19S_0062_Sed,381.204939
41,Sample_S19S_0062_Sed,381.2282913
2,Sample_S19S_0062_Sed,381.2316122
6,Sample_S19S_0062_Sed,381.2411757
15,Sample_S19S_0062_Sed,382.0779661
34,Sample_S19S_0062_Sed,382.1143936
5,Sample_S19S_0062_Sed,382.1273741
8,Sample_S19S_0062_Sed,382.1507159
26,Sample_S19S_0062_Sed,383.0619616
82,Sample_S19S_0062_Sed,383.0983806
5,Sample_S19S_0062_Sed,383.1113231
20,Sample_S19S_0062_Sed,383.1266887
24,Sample_S19S_0062_Sed,383.1347075
25,Sample_S19S_0062_Sed,383.1477567
33,Sample_S19S_0062_Sed,383.1711132
26,Sample_S19S_0062_Sed,383.184187
54,Sample_S19S_0062_Sed,383.2075249
7,Sample_S19S_0062_Sed,383.2204433
33,Sample_S19S_0062_Sed,383.2439132
25,Sample_S19S_0062_Sed,384.0936599
5,Sample_S19S_0062_Sed,384.1430092
36,Sample_S19S_0062_Sed,384.1664077
32,Sample_S19S_0062_Sed,384.2027906
17,Sample_S19S_0062_Sed,385.0412026
18,Sample_S19S_0062_Sed,385.0564963
67,Sample_S19S_0062_Sed,385.0776412
23,Sample_S19S_0062_Sed,385.1139909
24,Sample_S19S_0062_Sed,385.1423072
35,Sample_S19S_0062_Sed,385.1503825
13,Sample_S19S_0062_Sed,385.1634062
48,Sample_S19S_0062_Sed,385.1868285
14,Sample_S19S_0062_Sed,385.2151169
17,Sample_S19S_0062_Sed,385.2231361
33,Sample_S19S_0062_Sed,385.2595906
8,Sample_S19S_0062_Sed,385.2959501
3,Sample_S19S_0062_Sed,386.1222876
43,Sample_S19S_0062_Sed,386.1820531
32,Sample_S19S_0062_Sed,387.0358113
18,Sample_S19S_0062_Sed,387.0568488
11,Sample_S19S_0062_Sed,387.0721252
10,Sample_S19S_0062_Sed,387.0851909
20,Sample_S19S_0062_Sed,387.0932457
75,Sample_S19S_0062_Sed,387.1296791
23,Sample_S19S_0062_Sed,387.1579654
13,Sample_S19S_0062_Sed,387.1659841
27,Sample_S19S_0062_Sed,387.19436
47,Sample_S19S_0062_Sed,387.2024406
29,Sample_S19S_0062_Sed,387.2388297
9,Sample_S19S_0062_Sed,388.2987452
15,Sample_S19S_0062_Sed,389.0150297
27,Sample_S19S_0062_Sed,389.051417
9,Sample_S19S_0062_Sed,389.0644457
17,Sample_S19S_0062_Sed,389.0724972
46,Sample_S19S_0062_Sed,389.0878118
22,Sample_S19S_0062_Sed,389.1008827
31,Sample_S19S_0062_Sed,389.108981
65,Sample_S19S_0062_Sed,389.1242045
26,Sample_S19S_0062_Sed,389.1372295
15,Sample_S19S_0062_Sed,389.1452618
16,Sample_S19S_0062_Sed,389.1605387
32,Sample_S19S_0062_Sed,389.1736085
21,Sample_S19S_0062_Sed,389.1816725
37,Sample_S19S_0062_Sed,389.1969883
34,Sample_S19S_0062_Sed,389.2180886
18,Sample_S19S_0062_Sed,389.246368
12,Sample_S19S_0062_Sed,389.2827541
3,Sample_S19S_0062_Sed,389.3191703
5,Sample_S19S_0062_Sed,390.1956211
1,Sample_S19S_0062_Sed,390.2132816
1,Sample_S19S_0062_Sed,390.3143698
19,Sample_S19S_0062_Sed,391.0307447
31,Sample_S19S_0062_Sed,391.0670531
30,Sample_S19S_0062_Sed,391.1034381
40,Sample_S19S_0062_Sed,391.1398852
24,Sample_S19S_0062_Sed,391.1528412
31,Sample_S19S_0062_Sed,391.1762035
21,Sample_S19S_0062_Sed,391.1892281
6,Sample_S19S_0062_Sed,391.1972085
16,Sample_S19S_0062_Sed,391.2256863
15,Sample_S19S_0062_Sed,391.2620068
1,Sample_S19S_0062_Sed,391.2982703
14,Sample_S19S_0062_Sed,392.06231
13,Sample_S19S_0062_Sed,392.1198706
13,Sample_S19S_0062_Sed,392.2209084
1,Sample_S19S_0062_Sed,392.2572106
1,Sample_S19S_0062_Sed,392.9766194
30,Sample_S19S_0062_Sed,393.0463154
63,Sample_S19S_0062_Sed,393.0827628
66,Sample_S19S_0062_Sed,393.1191285
25,Sample_S19S_0062_Sed,393.1321265
31,Sample_S19S_0062_Sed,393.1554711
30,Sample_S19S_0062_Sed,393.1685262
18,Sample_S19S_0062_Sed,393.1919402
2,Sample_S19S_0062_Sed,393.1951707
29,Sample_S19S_0062_Sed,393.2049392
4,Sample_S19S_0062_Sed,393.2161336
15,Sample_S19S_0062_Sed,393.2282185
21,Sample_S19S_0062_Sed,393.2412462
6,Sample_S19S_0062_Sed,393.2776995
12,Sample_S19S_0062_Sed,394.078026
3,Sample_S19S_0062_Sed,394.1637274
7,Sample_S19S_0062_Sed,394.2001939
5,Sample_S19S_0062_Sed,394.2268712
5,Sample_S19S_0062_Sed,394.2364931
19,Sample_S19S_0062_Sed,395.0255818
36,Sample_S19S_0062_Sed,395.0619708
40,Sample_S19S_0062_Sed,395.0984243
22,Sample_S19S_0062_Sed,395.1114167
99,Sample_S19S_0062_Sed,395.1347697
29,Sample_S19S_0062_Sed,395.1477706
42,Sample_S19S_0062_Sed,395.171191
21,Sample_S19S_0062_Sed,395.2075813
24,Sample_S19S_0062_Sed,395.2205826
2,Sample_S19S_0062_Sed,395.2317962
12,Sample_S19S_0062_Sed,395.2438669
16,Sample_S19S_0062_Sed,396.13006
8,Sample_S19S_0062_Sed,396.1430161
6,Sample_S19S_0062_Sed,396.1875433
24,Sample_S19S_0062_Sed,397.0775828
14,Sample_S19S_0062_Sed,397.1059758
51,Sample_S19S_0062_Sed,397.1140135
20,Sample_S19S_0062_Sed,397.1270557
76,Sample_S19S_0062_Sed,397.1504225
25,Sample_S19S_0062_Sed,397.1634297
29,Sample_S19S_0062_Sed,397.1867602
13,Sample_S19S_0062_Sed,397.1997808
48,Sample_S19S_0062_Sed,397.2232052
1,Sample_S19S_0062_Sed,397.2265763
5,Sample_S19S_0062_Sed,398.1222468
35,Sample_S19S_0062_Sed,398.182038
14,Sample_S19S_0062_Sed,399.0568344
16,Sample_S19S_0062_Sed,399.0721389
15,Sample_S19S_0062_Sed,399.085227
43,Sample_S19S_0062_Sed,399.0932727
50,Sample_S19S_0062_Sed,399.1296635
15,Sample_S19S_0062_Sed,399.1427258
14,Sample_S19S_0062_Sed,399.1579458
4,Sample_S19S_0062_Sed,399.1659287
15,Sample_S19S_0062_Sed,399.1790309
20,Sample_S19S_0062_Sed,399.1943775
44,Sample_S19S_0062_Sed,399.2024375
6,Sample_S19S_0062_Sed,399.2176725
23,Sample_S19S_0062_Sed,399.2388025
39,Sample_S19S_0062_Sed,401.0514549
12,Sample_S19S_0062_Sed,401.0725084
38,Sample_S19S_0062_Sed,401.0878209
46,Sample_S19S_0062_Sed,401.1089631
64,Sample_S19S_0062_Sed,401.1453284
21,Sample_S19S_0062_Sed,401.1736033
17,Sample_S19S_0062_Sed,401.1816514
26,Sample_S19S_0062_Sed,401.2100146
35,Sample_S19S_0062_Sed,401.2180808
12,Sample_S19S_0062_Sed,401.2464231
21,Sample_S19S_0062_Sed,401.2544603
14,Sample_S19S_0062_Sed,402.1405573
7,Sample_S19S_0062_Sed,403.0305846
52,Sample_S19S_0062_Sed,403.0671122
41,Sample_S19S_0062_Sed,403.0881974
47,Sample_S19S_0062_Sed,403.1034476
17,Sample_S19S_0062_Sed,403.1164656
13,Sample_S19S_0062_Sed,403.1245163
60,Sample_S19S_0062_Sed,403.1398463
26,Sample_S19S_0062_Sed,403.1529106
25,Sample_S19S_0062_Sed,403.1609357
39,Sample_S19S_0062_Sed,403.1973716
23,Sample_S19S_0062_Sed,403.2256482
13,Sample_S19S_0062_Sed,403.2336971
1,Sample_S19S_0062_Sed,403.3347743
24,Sample_S19S_0062_Sed,404.1926065
3,Sample_S19S_0062_Sed,404.2937097
44,Sample_S19S_0062_Sed,405.0463718
33,Sample_S19S_0062_Sed,405.0827082
22,Sample_S19S_0062_Sed,405.1190623
30,Sample_S19S_0062_Sed,405.1321292
43,Sample_S19S_0062_Sed,405.1555362
32,Sample_S19S_0062_Sed,405.1685606
16,Sample_S19S_0062_Sed,405.2048711
12,Sample_S19S_0062_Sed,405.2412525
15,Sample_S19S_0062_Sed,405.2776864
8,Sample_S19S_0062_Sed,406.2364932
7,Sample_S19S_0062_Sed,406.3092961
13,Sample_S19S_0062_Sed,407.0255705
44,Sample_S19S_0062_Sed,407.0620299
68,Sample_S19S_0062_Sed,407.0983755
16,Sample_S19S_0062_Sed,407.1113661
56,Sample_S19S_0062_Sed,407.1347505
31,Sample_S19S_0062_Sed,407.1477958
7,Sample_S19S_0062_Sed,407.1712237
1,Sample_S19S_0062_Sed,407.2107788
29,Sample_S19S_0062_Sed,407.2205546
12,Sample_S19S_0062_Sed,407.2568891
33,Sample_S19S_0062_Sed,408.0936661
1,Sample_S19S_0062_Sed,408.1873845
16,Sample_S19S_0062_Sed,408.2158005
3,Sample_S19S_0062_Sed,408.2521653
21,Sample_S19S_0062_Sed,409.0412228
21,Sample_S19S_0062_Sed,409.07757
71,Sample_S19S_0062_Sed,409.1140221
22,Sample_S19S_0062_Sed,409.1270356
77,Sample_S19S_0062_Sed,409.1504235
14,Sample_S19S_0062_Sed,409.1633923
13,Sample_S19S_0062_Sed,409.1867344
17,Sample_S19S_0062_Sed,409.1997594
3,Sample_S19S_0062_Sed,409.2110293
51,Sample_S19S_0062_Sed,409.2231724
18,Sample_S19S_0062_Sed,409.236154
10,Sample_S19S_0062_Sed,409.2725381
8,Sample_S19S_0062_Sed,410.1092388
7,Sample_S19S_0062_Sed,410.1586186
17,Sample_S19S_0062_Sed,411.0568579
64,Sample_S19S_0062_Sed,411.0933142
67,Sample_S19S_0062_Sed,411.1296933
29,Sample_S19S_0062_Sed,411.1426758
21,Sample_S19S_0062_Sed,411.1579879
1,Sample_S19S_0062_Sed,411.1603771
42,Sample_S19S_0062_Sed,411.1660419
22,Sample_S19S_0062_Sed,411.1790746
5,Sample_S19S_0062_Sed,411.2022993
26,Sample_S19S_0062_Sed,411.2154903
36,Sample_S19S_0062_Sed,411.2388467
2,Sample_S19S_0062_Sed,411.2421268
5,Sample_S19S_0062_Sed,412.137911
3,Sample_S19S_0062_Sed,413.0513424
6,Sample_S19S_0062_Sed,413.072442
19,Sample_S19S_0062_Sed,413.1008794
62,Sample_S19S_0062_Sed,413.1089345
14,Sample_S19S_0062_Sed,413.1372735
23,Sample_S19S_0062_Sed,413.1452768
10,Sample_S19S_0062_Sed,413.1583079
23,Sample_S19S_0062_Sed,413.1736056
3,Sample_S19S_0062_Sed,413.1759958
10,Sample_S19S_0062_Sed,413.1816156
16,Sample_S19S_0062_Sed,413.1946295
13,Sample_S19S_0062_Sed,413.2100122
28,Sample_S19S_0062_Sed,413.2180661
29,Sample_S19S_0062_Sed,413.2544798
14,Sample_S19S_0062_Sed,415.0306688
2,Sample_S19S_0062_Sed,415.0340778
6,Sample_S19S_0062_Sed,415.0671726
4,Sample_S19S_0062_Sed,415.080159
40,Sample_S19S_0062_Sed,415.0881916
40,Sample_S19S_0062_Sed,415.1034568
16,Sample_S19S_0062_Sed,415.1164835
31,Sample_S19S_0062_Sed,415.1245406
15,Sample_S19S_0062_Sed,415.1529316
52,Sample_S19S_0062_Sed,415.1609859
38,Sample_S19S_0062_Sed,415.1973464
14,Sample_S19S_0062_Sed,415.2256541
16,Sample_S19S_0062_Sed,415.2336924
23,Sample_S19S_0062_Sed,415.2701205
11,Sample_S19S_0062_Sed,416.1925804
1,Sample_S19S_0062_Sed,416.2077663
20,Sample_S19S_0062_Sed,417.0463346
16,Sample_S19S_0062_Sed,417.0674105
17,Sample_S19S_0062_Sed,417.0826722
10,Sample_S19S_0062_Sed,417.0957124
19,Sample_S19S_0062_Sed,417.1037889
55,Sample_S19S_0062_Sed,417.1191101
31,Sample_S19S_0062_Sed,417.1321667
32,Sample_S19S_0062_Sed,417.1402188
34,Sample_S19S_0062_Sed,417.1685514
16,Sample_S19S_0062_Sed,417.1765666
14,Sample_S19S_0062_Sed,417.2048604
9,Sample_S19S_0062_Sed,417.2128787
13,Sample_S19S_0062_Sed,417.2493486
12,Sample_S19S_0062_Sed,419.0256123
28,Sample_S19S_0062_Sed,419.0619721
10,Sample_S19S_0062_Sed,419.0982983
3,Sample_S19S_0062_Sed,419.1113471
69,Sample_S19S_0062_Sed,419.1347745
24,Sample_S19S_0062_Sed,419.1478319
34,Sample_S19S_0062_Sed,419.1711927
36,Sample_S19S_0062_Sed,419.1842051
4,Sample_S19S_0062_Sed,419.1921608
18,Sample_S19S_0062_Sed,419.2205119
19,Sample_S19S_0062_Sed,419.256939
5,Sample_S19S_0062_Sed,419.3296987
17,Sample_S19S_0062_Sed,420.0572817
7,Sample_S19S_0062_Sed,420.2521315
8,Sample_S19S_0062_Sed,420.2885838
7,Sample_S19S_0062_Sed,420.3249517
29,Sample_S19S_0062_Sed,421.0412704
14,Sample_S19S_0062_Sed,421.0777047
65,Sample_S19S_0062_Sed,421.1140346
18,Sample_S19S_0062_Sed,421.1270174
1,Sample_S19S_0062_Sed,421.1552081
36,Sample_S19S_0062_Sed,421.1634511
7,Sample_S19S_0062_Sed,421.2265386
22,Sample_S19S_0062_Sed,421.2362004
5,Sample_S19S_0062_Sed,421.2724896
15,Sample_S19S_0062_Sed,422.0728802
11,Sample_S19S_0062_Sed,422.2031632
1,Sample_S19S_0062_Sed,422.2218862
25,Sample_S19S_0062_Sed,423.093231
2,Sample_S19S_0062_Sed,423.1061645
83,Sample_S19S_0062_Sed,423.1296813
17,Sample_S19S_0062_Sed,423.1426961
25,Sample_S19S_0062_Sed,423.1661225
34,Sample_S19S_0062_Sed,423.179095
53,Sample_S19S_0062_Sed,423.2024382
4,Sample_S19S_0062_Sed,423.2387546
7,Sample_S19S_0062_Sed,423.2517315
40,Sample_S19S_0062_Sed,425.1089252
15,Sample_S19S_0062_Sed,425.1453873
22,Sample_S19S_0062_Sed,425.1583275
48,Sample_S19S_0062_Sed,425.1816982
18,Sample_S19S_0062_Sed,425.1947046
3,Sample_S19S_0062_Sed,425.2178813
20,Sample_S19S_0062_Sed,425.2311014
34,Sample_S19S_0062_Sed,425.2544996
1,Sample_S19S_0062_Sed,426.0742987
10,Sample_S19S_0062_Sed,427.0307487
14,Sample_S19S_0062_Sed,427.0518808
32,Sample_S19S_0062_Sed,427.088175
15,Sample_S19S_0062_Sed,427.1165345
64,Sample_S19S_0062_Sed,427.1245871
3,Sample_S19S_0062_Sed,427.1610597
38,Sample_S19S_0062_Sed,427.1973395
34,Sample_S19S_0062_Sed,427.2337286
10,Sample_S19S_0062_Sed,428.1925676
1,Sample_S19S_0062_Sed,428.2077618
16,Sample_S19S_0062_Sed,429.0463286
35,Sample_S19S_0062_Sed,429.067488
1,Sample_S19S_0062_Sed,429.0829209
7,Sample_S19S_0062_Sed,429.1039457
57,Sample_S19S_0062_Sed,429.1402424
12,Sample_S19S_0062_Sed,429.1555582
31,Sample_S19S_0062_Sed,429.1685491
30,Sample_S19S_0062_Sed,429.1765924
10,Sample_S19S_0062_Sed,429.1896712
34,Sample_S19S_0062_Sed,429.2129876
30,Sample_S19S_0062_Sed,429.2494299
5,Sample_S19S_0062_Sed,429.2857157
26,Sample_S19S_0062_Sed,430.1354817
19,Sample_S19S_0062_Sed,430.2083192
18,Sample_S19S_0062_Sed,431.0256563
9,Sample_S19S_0062_Sed,431.04681
40,Sample_S19S_0062_Sed,431.0620177
28,Sample_S19S_0062_Sed,431.083125
44,Sample_S19S_0062_Sed,431.098388
11,Sample_S19S_0062_Sed,431.1113826
25,Sample_S19S_0062_Sed,431.1194411
21,Sample_S19S_0062_Sed,431.1347291
28,Sample_S19S_0062_Sed,431.1477957
23,Sample_S19S_0062_Sed,431.1558407
26,Sample_S19S_0062_Sed,431.1922364
9,Sample_S19S_0062_Sed,431.2206124
22,Sample_S19S_0062_Sed,431.2286229
11,Sample_S19S_0062_Sed,431.2569028
6,Sample_S19S_0062_Sed,431.264934
8,Sample_S19S_0062_Sed,432.1876103
2,Sample_S19S_0062_Sed,432.2789219
29,Sample_S19S_0062_Sed,433.0412948
50,Sample_S19S_0062_Sed,433.077665
11,Sample_S19S_0062_Sed,433.0906617
21,Sample_S19S_0062_Sed,433.1139658
9,Sample_S19S_0062_Sed,433.1269982
22,Sample_S19S_0062_Sed,433.1503758
29,Sample_S19S_0062_Sed,433.1634586
20,Sample_S19S_0062_Sed,433.1714809
28,Sample_S19S_0062_Sed,433.1868494
9,Sample_S19S_0062_Sed,433.1998888
25,Sample_S19S_0062_Sed,433.2079014
3,Sample_S19S_0062_Sed,433.2208714
19,Sample_S19S_0062_Sed,433.2361951
6,Sample_S19S_0062_Sed,433.2441921
6,Sample_S19S_0062_Sed,433.3089812
1,Sample_S19S_0062_Sed,434.072975
5,Sample_S19S_0062_Sed,434.2315086
11,Sample_S19S_0062_Sed,434.2677929
25,Sample_S19S_0062_Sed,435.0569041
62,Sample_S19S_0062_Sed,435.093324
13,Sample_S19S_0062_Sed,435.1062764
24,Sample_S19S_0062_Sed,435.1296329
16,Sample_S19S_0062_Sed,435.1426364
2,Sample_S19S_0062_Sed,435.160379
15,Sample_S19S_0062_Sed,435.1659973
31,Sample_S19S_0062_Sed,435.1790631
55,Sample_S19S_0062_Sed,435.2024665
16,Sample_S19S_0062_Sed,435.2155119
22,Sample_S19S_0062_Sed,435.25188
6,Sample_S19S_0062_Sed,436.0521427
4,Sample_S19S_0062_Sed,436.0886111
9,Sample_S19S_0062_Sed,436.1742724
23,Sample_S19S_0062_Sed,437.0361523
24,Sample_S19S_0062_Sed,437.1088959
7,Sample_S19S_0062_Sed,437.1219003
49,Sample_S19S_0062_Sed,437.1453651
29,Sample_S19S_0062_Sed,437.158378
49,Sample_S19S_0062_Sed,437.1817485
21,Sample_S19S_0062_Sed,437.2310601
5,Sample_S19S_0062_Sed,437.2674258
4,Sample_S19S_0062_Sed,438.1803628
13,Sample_S19S_0062_Sed,439.051737
71,Sample_S19S_0062_Sed,439.1246064
11,Sample_S19S_0062_Sed,439.1375419
31,Sample_S19S_0062_Sed,439.1609425
18,Sample_S19S_0062_Sed,439.1973056
7,Sample_S19S_0062_Sed,439.246834
22,Sample_S19S_0062_Sed,439.2701623
5,Sample_S19S_0062_Sed,440.1328082
10,Sample_S19S_0062_Sed,440.1692728
24,Sample_S19S_0062_Sed,441.0674409
27,Sample_S19S_0062_Sed,441.1039049
51,Sample_S19S_0062_Sed,441.1402285
14,Sample_S19S_0062_Sed,441.168514
24,Sample_S19S_0062_Sed,441.1765589
13,Sample_S19S_0062_Sed,441.1895875
16,Sample_S19S_0062_Sed,441.2129575
17,Sample_S19S_0062_Sed,441.2260326
11,Sample_S19S_0062_Sed,441.2494531
17,Sample_S19S_0062_Sed,441.2858146
8,Sample_S19S_0062_Sed,443.0255061
25,Sample_S19S_0062_Sed,443.0830557
24,Sample_S19S_0062_Sed,443.0984287
17,Sample_S19S_0062_Sed,443.1114516
55,Sample_S19S_0062_Sed,443.119518
4,Sample_S19S_0062_Sed,443.1348538
8,Sample_S19S_0062_Sed,443.1478565
52,Sample_S19S_0062_Sed,443.1558944
17,Sample_S19S_0062_Sed,443.1711201
26,Sample_S19S_0062_Sed,443.1841796
14,Sample_S19S_0062_Sed,443.1922057
16,Sample_S19S_0062_Sed,443.2052319
13,Sample_S19S_0062_Sed,443.2205255
6,Sample_S19S_0062_Sed,443.2285235
27,Sample_S19S_0062_Sed,443.2650816
18,Sample_S19S_0062_Sed,445.0412697
19,Sample_S19S_0062_Sed,445.0623769
26,Sample_S19S_0062_Sed,445.0776178
7,Sample_S19S_0062_Sed,445.0986624
10,Sample_S19S_0062_Sed,445.1139537
15,Sample_S19S_0062_Sed,445.127011
7,Sample_S19S_0062_Sed,445.1350548
30,Sample_S19S_0062_Sed,445.1634705
42,Sample_S19S_0062_Sed,445.1715289
37,Sample_S19S_0062_Sed,445.2079177
20,Sample_S19S_0062_Sed,445.2362316
23,Sample_S19S_0062_Sed,445.2442897
9,Sample_S19S_0062_Sed,446.2031197
7,Sample_S19S_0062_Sed,447.056785
13,Sample_S19S_0062_Sed,447.09323
62,Sample_S19S_0062_Sed,447.1297048
28,Sample_S19S_0062_Sed,447.1427418
60,Sample_S19S_0062_Sed,447.1660641
30,Sample_S19S_0062_Sed,447.179104
2,Sample_S19S_0062_Sed,447.1869913
3,Sample_S19S_0062_Sed,447.1967099
12,Sample_S19S_0062_Sed,447.2154152
8,Sample_S19S_0062_Sed,447.2234126
18,Sample_S19S_0062_Sed,447.2518394
2,Sample_S19S_0062_Sed,447.2883093
11,Sample_S19S_0062_Sed,449.0360637
17,Sample_S19S_0062_Sed,449.0724952
66,Sample_S19S_0062_Sed,449.1089599
22,Sample_S19S_0062_Sed,449.1219859
62,Sample_S19S_0062_Sed,449.1453221
36,Sample_S19S_0062_Sed,449.1583358
3,Sample_S19S_0062_Sed,449.1735875
18,Sample_S19S_0062_Sed,449.1816462
12,Sample_S19S_0062_Sed,449.1946593
19,Sample_S19S_0062_Sed,449.2310912
11,Sample_S19S_0062_Sed,449.267553
11,Sample_S19S_0062_Sed,449.3039101
6,Sample_S19S_0062_Sed,450.1898917
13,Sample_S19S_0062_Sed,451.0517204
30,Sample_S19S_0062_Sed,451.0881744
46,Sample_S19S_0062_Sed,451.124616
24,Sample_S19S_0062_Sed,451.1376081
28,Sample_S19S_0062_Sed,451.1609528
17,Sample_S19S_0062_Sed,451.1739524
2,Sample_S19S_0062_Sed,451.1916101
8,Sample_S19S_0062_Sed,451.1972791
14,Sample_S19S_0062_Sed,451.2103087
4,Sample_S19S_0062_Sed,451.2280387
15,Sample_S19S_0062_Sed,451.2467303
16,Sample_S19S_0062_Sed,451.2831359
17,Sample_S19S_0062_Sed,452.1692639
8,Sample_S19S_0062_Sed,453.0310814
16,Sample_S19S_0062_Sed,453.0673983
14,Sample_S19S_0062_Sed,453.1037558
36,Sample_S19S_0062_Sed,453.140211
15,Sample_S19S_0062_Sed,453.1532352
61,Sample_S19S_0062_Sed,453.1766436
27,Sample_S19S_0062_Sed,453.1896338
20,Sample_S19S_0062_Sed,453.2259797
3,Sample_S19S_0062_Sed,453.2622438
5,Sample_S19S_0062_Sed,454.1484722
8,Sample_S19S_0062_Sed,454.1849077
25,Sample_S19S_0062_Sed,455.0467468
37,Sample_S19S_0062_Sed,455.0831528
32,Sample_S19S_0062_Sed,455.1194736
15,Sample_S19S_0062_Sed,455.14777
8,Sample_S19S_0062_Sed,455.1558023
12,Sample_S19S_0062_Sed,455.1921775
16,Sample_S19S_0062_Sed,455.2052634
7,Sample_S19S_0062_Sed,455.2285132
16,Sample_S19S_0062_Sed,455.2416675
23,Sample_S19S_0062_Sed,455.2650512
20,Sample_S19S_0062_Sed,457.0412916
12,Sample_S19S_0062_Sed,457.0776174
13,Sample_S19S_0062_Sed,457.0986905
19,Sample_S19S_0062_Sed,457.1139922
11,Sample_S19S_0062_Sed,457.1350642
16,Sample_S19S_0062_Sed,457.1634444
30,Sample_S19S_0062_Sed,457.1715231
37,Sample_S19S_0062_Sed,457.2079257
16,Sample_S19S_0062_Sed,457.2362399
14,Sample_S19S_0062_Sed,457.2442623
12,Sample_S19S_0062_Sed,459.0568713
16,Sample_S19S_0062_Sed,459.0779746
14,Sample_S19S_0062_Sed,459.0932353
11,Sample_S19S_0062_Sed,459.1062882
18,Sample_S19S_0062_Sed,459.1143457
40,Sample_S19S_0062_Sed,459.1296693
33,Sample_S19S_0062_Sed,459.142719
32,Sample_S19S_0062_Sed,459.1508169
32,Sample_S19S_0062_Sed,459.1661042
37,Sample_S19S_0062_Sed,459.1872169
13,Sample_S19S_0062_Sed,459.2155229
16,Sample_S19S_0062_Sed,459.2235091
7,Sample_S19S_0062_Sed,459.2517764
6,Sample_S19S_0062_Sed,459.2598321
1,Sample_S19S_0062_Sed,460.1823248
18,Sample_S19S_0062_Sed,461.036196
17,Sample_S19S_0062_Sed,461.0725007
9,Sample_S19S_0062_Sed,461.1088271
6,Sample_S19S_0062_Sed,461.1218899
14,Sample_S19S_0062_Sed,461.1452647
29,Sample_S19S_0062_Sed,461.1583343
25,Sample_S19S_0062_Sed,461.1817537
11,Sample_S19S_0062_Sed,461.1948089
11,Sample_S19S_0062_Sed,461.2027689
31,Sample_S19S_0062_Sed,461.2311454
11,Sample_S19S_0062_Sed,461.2391228
4,Sample_S19S_0062_Sed,461.2674378
4,Sample_S19S_0062_Sed,461.2755207
24,Sample_S19S_0062_Sed,463.0518315
36,Sample_S19S_0062_Sed,463.0881954
12,Sample_S19S_0062_Sed,463.124491
3,Sample_S19S_0062_Sed,463.1375144
5,Sample_S19S_0062_Sed,463.1608564
12,Sample_S19S_0062_Sed,463.1739081
13,Sample_S19S_0062_Sed,463.1972938
35,Sample_S19S_0062_Sed,463.210366
28,Sample_S19S_0062_Sed,463.2467901
8,Sample_S19S_0062_Sed,465.0310055
9,Sample_S19S_0062_Sed,465.06738
31,Sample_S19S_0062_Sed,465.1038259
25,Sample_S19S_0062_Sed,465.1532935
1,Sample_S19S_0062_Sed,465.1686035
48,Sample_S19S_0062_Sed,465.1766182
30,Sample_S19S_0062_Sed,465.1896305
3,Sample_S19S_0062_Sed,465.207298
14,Sample_S19S_0062_Sed,465.2259434
16,Sample_S19S_0062_Sed,465.2623148
7,Sample_S19S_0062_Sed,465.2987694
28,Sample_S19S_0062_Sed,467.0467531
40,Sample_S19S_0062_Sed,467.0831629
41,Sample_S19S_0062_Sed,467.1195422
25,Sample_S19S_0062_Sed,467.1558326
2,Sample_S19S_0062_Sed,467.1686807
7,Sample_S19S_0062_Sed,467.1921933
22,Sample_S19S_0062_Sed,467.2052403
4,Sample_S19S_0062_Sed,467.2229454
32,Sample_S19S_0062_Sed,467.2286363
27,Sample_S19S_0062_Sed,467.2416996
5,Sample_S19S_0062_Sed,468.1640569
21,Sample_S19S_0062_Sed,469.062394
19,Sample_S19S_0062_Sed,469.0986993
12,Sample_S19S_0062_Sed,469.1350525
9,Sample_S19S_0062_Sed,469.1633964
5,Sample_S19S_0062_Sed,469.1843946
33,Sample_S19S_0062_Sed,469.2078959
25,Sample_S19S_0062_Sed,469.2209608
32,Sample_S19S_0062_Sed,469.2442937
18,Sample_S19S_0062_Sed,469.2573206
12,Sample_S19S_0062_Sed,469.2806636
12,Sample_S19S_0062_Sed,471.0416901
21,Sample_S19S_0062_Sed,471.0569384
20,Sample_S19S_0062_Sed,471.0780166
15,Sample_S19S_0062_Sed,471.093255
8,Sample_S19S_0062_Sed,471.106291
8,Sample_S19S_0062_Sed,471.1506882
21,Sample_S19S_0062_Sed,471.1790652
20,Sample_S19S_0062_Sed,471.1871307
10,Sample_S19S_0062_Sed,471.2001285
28,Sample_S19S_0062_Sed,471.2235442
9,Sample_S19S_0062_Sed,471.2598467
6,Sample_S19S_0062_Sed,471.2961918
7,Sample_S19S_0062_Sed,473.0573502
30,Sample_S19S_0062_Sed,473.0726032
26,Sample_S19S_0062_Sed,473.0937108
50,Sample_S19S_0062_Sed,473.1089772
17,Sample_S19S_0062_Sed,473.121993
15,Sample_S19S_0062_Sed,473.1300234
17,Sample_S19S_0062_Sed,473.1452829
12,Sample_S19S_0062_Sed,473.1582831
10,Sample_S19S_0062_Sed,473.1663521
13,Sample_S19S_0062_Sed,473.1946924
13,Sample_S19S_0062_Sed,473.2027392
26,Sample_S19S_0062_Sed,473.2392065
20,Sample_S19S_0062_Sed,473.2756478
9,Sample_S19S_0062_Sed,475.0517049
22,Sample_S19S_0062_Sed,475.0881586
10,Sample_S19S_0062_Sed,475.1012806
48,Sample_S19S_0062_Sed,475.1245966
23,Sample_S19S_0062_Sed,475.1376596
52,Sample_S19S_0062_Sed,475.1609843
29,Sample_S19S_0062_Sed,475.1739813
8,Sample_S19S_0062_Sed,475.2103074
4,Sample_S19S_0062_Sed,475.2546749
7,Sample_S19S_0062_Sed,475.2830234
3,Sample_S19S_0062_Sed,476.2499866
19,Sample_S19S_0062_Sed,477.0311319
29,Sample_S19S_0062_Sed,477.0674882
12,Sample_S19S_0062_Sed,477.1037802
3,Sample_S19S_0062_Sed,477.1401075
7,Sample_S19S_0062_Sed,477.1531747
11,Sample_S19S_0062_Sed,477.1765167
10,Sample_S19S_0062_Sed,477.1895617
28,Sample_S19S_0062_Sed,477.2130039
30,Sample_S19S_0062_Sed,477.2260597
23,Sample_S19S_0062_Sed,477.262427
3,Sample_S19S_0062_Sed,477.2987435
5,Sample_S19S_0062_Sed,479.0466033
15,Sample_S19S_0062_Sed,479.0830028
32,Sample_S19S_0062_Sed,479.1194663
54,Sample_S19S_0062_Sed,479.1559168
11,Sample_S19S_0062_Sed,479.1689644
45,Sample_S19S_0062_Sed,479.1923063
31,Sample_S19S_0062_Sed,479.2053091
1,Sample_S19S_0062_Sed,479.2229016
24,Sample_S19S_0062_Sed,479.2416827
2,Sample_S19S_0062_Sed,479.2593887
1,Sample_S19S_0062_Sed,479.277834
9,Sample_S19S_0062_Sed,480.151082
14,Sample_S19S_0062_Sed,480.2005188
34,Sample_S19S_0062_Sed,481.0987747
13,Sample_S19S_0062_Sed,481.1634867
19,Sample_S19S_0062_Sed,481.1845085
1,Sample_S19S_0062_Sed,481.2020555
11,Sample_S19S_0062_Sed,481.2078283
12,Sample_S19S_0062_Sed,481.2208584
1,Sample_S19S_0062_Sed,481.2384755
18,Sample_S19S_0062_Sed,481.2572296
3,Sample_S19S_0062_Sed,481.2936398
6,Sample_S19S_0062_Sed,482.1797251
11,Sample_S19S_0062_Sed,482.2161857
21,Sample_S19S_0062_Sed,483.0780208
38,Sample_S19S_0062_Sed,483.1144642
31,Sample_S19S_0062_Sed,483.1508531
30,Sample_S19S_0062_Sed,483.1871699
17,Sample_S19S_0062_Sed,483.2001521
13,Sample_S19S_0062_Sed,483.2234722
19,Sample_S19S_0062_Sed,483.2364995
5,Sample_S19S_0062_Sed,483.259746
10,Sample_S19S_0062_Sed,483.2963101
8,Sample_S19S_0062_Sed,484.1953617
6,Sample_S19S_0062_Sed,485.057196
11,Sample_S19S_0062_Sed,485.0724465
19,Sample_S19S_0062_Sed,485.0936172
42,Sample_S19S_0062_Sed,485.1300644
9,Sample_S19S_0062_Sed,485.1584131
33,Sample_S19S_0062_Sed,485.1664901
13,Sample_S19S_0062_Sed,485.2158694
7,Sample_S19S_0062_Sed,485.2390821
6,Sample_S19S_0062_Sed,485.275439
4,Sample_S19S_0062_Sed,485.3118215
14,Sample_S19S_0062_Sed,487.072871
8,Sample_S19S_0062_Sed,487.088118
5,Sample_S19S_0062_Sed,487.1092152
7,Sample_S19S_0062_Sed,487.1244947
14,Sample_S19S_0062_Sed,487.1375846
8,Sample_S19S_0062_Sed,487.1456408
10,Sample_S19S_0062_Sed,487.1740711
29,Sample_S19S_0062_Sed,487.18211
22,Sample_S19S_0062_Sed,487.2184679
2,Sample_S19S_0062_Sed,487.2315565
7,Sample_S19S_0062_Sed,487.2468303
24,Sample_S19S_0062_Sed,487.254845
2,Sample_S19S_0062_Sed,487.2911792
1,Sample_S19S_0062_Sed,487.4286438
7,Sample_S19S_0062_Sed,489.0310445
28,Sample_S19S_0062_Sed,489.067487
20,Sample_S19S_0062_Sed,489.0886429
23,Sample_S19S_0062_Sed,489.1039118
28,Sample_S19S_0062_Sed,489.1249814
24,Sample_S19S_0062_Sed,489.1402055
19,Sample_S19S_0062_Sed,489.1532671
14,Sample_S19S_0062_Sed,489.1895365
12,Sample_S19S_0062_Sed,489.2259164
9,Sample_S19S_0062_Sed,489.2623275
8,Sample_S19S_0062_Sed,489.2703605
6,Sample_S19S_0062_Sed,491.0466906
16,Sample_S19S_0062_Sed,491.0830123
8,Sample_S19S_0062_Sed,491.1193786
23,Sample_S19S_0062_Sed,491.1689084
40,Sample_S19S_0062_Sed,491.1922945
5,Sample_S19S_0062_Sed,491.2053832
1,Sample_S19S_0062_Sed,491.2230199
5,Sample_S19S_0062_Sed,491.2417678
26,Sample_S19S_0062_Sed,491.2650776
13,Sample_S19S_0062_Sed,491.2780744
9,Sample_S19S_0062_Sed,493.0622921
20,Sample_S19S_0062_Sed,493.098712
3,Sample_S19S_0062_Sed,493.1270629
58,Sample_S19S_0062_Sed,493.1351653
46,Sample_S19S_0062_Sed,493.1715856
8,Sample_S19S_0062_Sed,493.1846305
26,Sample_S19S_0062_Sed,493.2209368
2,Sample_S19S_0062_Sed,493.2418569
16,Sample_S19S_0062_Sed,493.2572378
3,Sample_S19S_0062_Sed,493.2935422
5,Sample_S19S_0062_Sed,494.2160774
9,Sample_S19S_0062_Sed,495.0415683
26,Sample_S19S_0062_Sed,495.0780179
36,Sample_S19S_0062_Sed,495.1144449
3,Sample_S19S_0062_Sed,495.1427989
42,Sample_S19S_0062_Sed,495.1507984
14,Sample_S19S_0062_Sed,495.2001254
15,Sample_S19S_0062_Sed,495.2365338
5,Sample_S19S_0062_Sed,495.272735
7,Sample_S19S_0062_Sed,496.1590337
10,Sample_S19S_0062_Sed,496.1953999
9,Sample_S19S_0062_Sed,497.1301476
1,Sample_S19S_0062_Sed,497.1396908
21,Sample_S19S_0062_Sed,497.1947705
8,Sample_S19S_0062_Sed,497.2157304
2,Sample_S19S_0062_Sed,497.2390455
13,Sample_S19S_0062_Sed,497.2522001
5,Sample_S19S_0062_Sed,497.2754084
6,Sample_S19S_0062_Sed,497.3118372
18,Sample_S19S_0062_Sed,498.1617513
15,Sample_S19S_0062_Sed,499.0728848
29,Sample_S19S_0062_Sed,499.1093112
42,Sample_S19S_0062_Sed,499.1457371
10,Sample_S19S_0062_Sed,499.1740741
20,Sample_S19S_0062_Sed,499.2104255
15,Sample_S19S_0062_Sed,499.2184243
4,Sample_S19S_0062_Sed,499.2313545
5,Sample_S19S_0062_Sed,499.2546595
1,Sample_S19S_0062_Sed,499.2910097
2,Sample_S19S_0062_Sed,499.3274236
12,Sample_S19S_0062_Sed,501.0673678
8,Sample_S19S_0062_Sed,501.1037301
2,Sample_S19S_0062_Sed,501.1248479
13,Sample_S19S_0062_Sed,501.1401768
17,Sample_S19S_0062_Sed,501.1612956
25,Sample_S19S_0062_Sed,501.1896846
22,Sample_S19S_0062_Sed,501.2341074
15,Sample_S19S_0062_Sed,501.2624631
20,Sample_S19S_0062_Sed,501.2705063
6,Sample_S19S_0062_Sed,501.3067877
4,Sample_S19S_0062_Sed,502.2292793
5,Sample_S19S_0062_Sed,503.0468089
2,Sample_S19S_0062_Sed,503.0679918
3,Sample_S19S_0062_Sed,503.0832459
17,Sample_S19S_0062_Sed,503.1042984
38,Sample_S19S_0062_Sed,503.1195309
20,Sample_S19S_0062_Sed,503.1558462
6,Sample_S19S_0062_Sed,503.1921795
10,Sample_S19S_0062_Sed,503.2051842
10,Sample_S19S_0062_Sed,503.2415628
8,Sample_S19S_0062_Sed,503.2779927
4,Sample_S19S_0062_Sed,503.2860944
6,Sample_S19S_0062_Sed,505.0622503
16,Sample_S19S_0062_Sed,505.098662
12,Sample_S19S_0062_Sed,505.1350781
2,Sample_S19S_0062_Sed,505.1482794
48,Sample_S19S_0062_Sed,505.1715425
14,Sample_S19S_0062_Sed,505.1846129
18,Sample_S19S_0062_Sed,505.2079802
8,Sample_S19S_0062_Sed,505.221033
1,Sample_S19S_0062_Sed,505.2287495
22,Sample_S19S_0062_Sed,505.2573293
5,Sample_S19S_0062_Sed,505.293641
1,Sample_S19S_0062_Sed,506.2239648
5,Sample_S19S_0062_Sed,507.0415912
17,Sample_S19S_0062_Sed,507.0780238
33,Sample_S19S_0062_Sed,507.1144464
46,Sample_S19S_0062_Sed,507.1508255
19,Sample_S19S_0062_Sed,507.2001826
1,Sample_S19S_0062_Sed,507.2178377
17,Sample_S19S_0062_Sed,507.2364864
11,Sample_S19S_0062_Sed,507.2728559
1,Sample_S19S_0062_Sed,508.1955577
13,Sample_S19S_0062_Sed,509.0573918
34,Sample_S19S_0062_Sed,509.0937287
4,Sample_S19S_0062_Sed,509.1219812
34,Sample_S19S_0062_Sed,509.1300451
16,Sample_S19S_0062_Sed,509.2157568
15,Sample_S19S_0062_Sed,509.2522003
4,Sample_S19S_0062_Sed,509.2755137
19,Sample_S19S_0062_Sed,509.2886472
3,Sample_S19S_0062_Sed,509.3766895
28,Sample_S19S_0062_Sed,511.0729714
4,Sample_S19S_0062_Sed,511.1375472
5,Sample_S19S_0062_Sed,511.1948908
12,Sample_S19S_0062_Sed,511.2183807
10,Sample_S19S_0062_Sed,511.231412
11,Sample_S19S_0062_Sed,511.2547768
12,Sample_S19S_0062_Sed,511.2678647
6,Sample_S19S_0062_Sed,511.2911339
1,Sample_S19S_0062_Sed,512.1079158
4,Sample_S19S_0062_Sed,513.1531789
3,Sample_S19S_0062_Sed,513.1612236
4,Sample_S19S_0062_Sed,513.233912
6,Sample_S19S_0062_Sed,513.2470326
7,Sample_S19S_0062_Sed,513.2704612
9,Sample_S19S_0062_Sed,513.3068739
3,Sample_S19S_0062_Sed,513.3221344
7,Sample_S19S_0062_Sed,515.0467951
9,Sample_S19S_0062_Sed,515.0679477
1,Sample_S19S_0062_Sed,515.1021832
23,Sample_S19S_0062_Sed,515.1194964
15,Sample_S19S_0062_Sed,515.1405768
15,Sample_S19S_0062_Sed,515.1688778
8,Sample_S19S_0062_Sed,515.2052029
5,Sample_S19S_0062_Sed,515.213195
5,Sample_S19S_0062_Sed,515.2495874
7,Sample_S19S_0062_Sed,515.2860627
9,Sample_S19S_0062_Sed,515.3225486
22,Sample_S19S_0062_Sed,517.0624113
7,Sample_S19S_0062_Sed,517.0835974
10,Sample_S19S_0062_Sed,517.098859
5,Sample_S19S_0062_Sed,517.1199999
7,Sample_S19S_0062_Sed,517.1352552
7,Sample_S19S_0062_Sed,517.171616
10,Sample_S19S_0062_Sed,517.1846401
14,Sample_S19S_0062_Sed,517.2208996
2,Sample_S19S_0062_Sed,517.2288048
11,Sample_S19S_0062_Sed,517.2572088
7,Sample_S19S_0062_Sed,517.2652212
6,Sample_S19S_0062_Sed,517.3015875
4,Sample_S19S_0062_Sed,519.041577
9,Sample_S19S_0062_Sed,519.0779454
10,Sample_S19S_0062_Sed,519.1143103
22,Sample_S19S_0062_Sed,519.1507584
1,Sample_S19S_0062_Sed,519.1639413
39,Sample_S19S_0062_Sed,519.1872205
25,Sample_S19S_0062_Sed,519.2002386
12,Sample_S19S_0062_Sed,519.2366622
12,Sample_S19S_0062_Sed,519.2730269
1,Sample_S19S_0062_Sed,520.2396155
20,Sample_S19S_0062_Sed,521.0573462
26,Sample_S19S_0062_Sed,521.0937324
19,Sample_S19S_0062_Sed,521.1794927
5,Sample_S19S_0062_Sed,521.2027235
3,Sample_S19S_0062_Sed,521.2157156
21,Sample_S19S_0062_Sed,521.2521448
1,Sample_S19S_0062_Sed,521.2731032
8,Sample_S19S_0062_Sed,521.288516
10,Sample_S19S_0062_Sed,523.0365285
8,Sample_S19S_0062_Sed,523.0728235
3,Sample_S19S_0062_Sed,523.1091901
11,Sample_S19S_0062_Sed,523.1456062
21,Sample_S19S_0062_Sed,523.1820717
10,Sample_S19S_0062_Sed,523.195055
19,Sample_S19S_0062_Sed,523.231536
16,Sample_S19S_0062_Sed,523.2678897
7,Sample_S19S_0062_Sed,525.0521307
18,Sample_S19S_0062_Sed,525.0885729
26,Sample_S19S_0062_Sed,525.1250197
12,Sample_S19S_0062_Sed,525.2340332
6,Sample_S19S_0062_Sed,525.2833815
7,Sample_S19S_0062_Sed,526.1929575
11,Sample_S19S_0062_Sed,527.0467883
9,Sample_S19S_0062_Sed,527.0679337
9,Sample_S19S_0062_Sed,527.119585
32,Sample_S19S_0062_Sed,527.1406475
17,Sample_S19S_0062_Sed,527.1689685
7,Sample_S19S_0062_Sed,527.2132606
5,Sample_S19S_0062_Sed,527.2495897
10,Sample_S19S_0062_Sed,527.28601
5,Sample_S19S_0062_Sed,527.3224375
8,Sample_S19S_0062_Sed,529.0624704
16,Sample_S19S_0062_Sed,529.119899
14,Sample_S19S_0062_Sed,529.1562352
12,Sample_S19S_0062_Sed,529.2208396
1,Sample_S19S_0062_Sed,529.2288014
6,Sample_S19S_0062_Sed,529.2652092
6,Sample_S19S_0062_Sed,529.3381462
2,Sample_S19S_0062_Sed,531.0417642
3,Sample_S19S_0062_Sed,531.0781475
8,Sample_S19S_0062_Sed,531.0992322
12,Sample_S19S_0062_Sed,531.1144803
21,Sample_S19S_0062_Sed,531.1507766
6,Sample_S19S_0062_Sed,531.1871077
10,Sample_S19S_0062_Sed,531.2001725
7,Sample_S19S_0062_Sed,531.236471
2,Sample_S19S_0062_Sed,531.2575028
10,Sample_S19S_0062_Sed,531.280929
15,Sample_S19S_0062_Sed,533.0937827
19,Sample_S19S_0062_Sed,533.1301236
38,Sample_S19S_0062_Sed,533.166456
11,Sample_S19S_0062_Sed,533.1795306
8,Sample_S19S_0062_Sed,533.2027587
7,Sample_S19S_0062_Sed,533.2156961
6,Sample_S19S_0062_Sed,533.25209
1,Sample_S19S_0062_Sed,533.2600479
4,Sample_S19S_0062_Sed,533.2884424
12,Sample_S19S_0062_Sed,535.0730261
11,Sample_S19S_0062_Sed,535.1094222
7,Sample_S19S_0062_Sed,535.1458132
14,Sample_S19S_0062_Sed,535.1821751
21,Sample_S19S_0062_Sed,535.1951076
9,Sample_S19S_0062_Sed,535.2314389
19,Sample_S19S_0062_Sed,535.2677938
2,Sample_S19S_0062_Sed,535.3040794
16,Sample_S19S_0062_Sed,536.2267522
5,Sample_S19S_0062_Sed,537.0520931
13,Sample_S19S_0062_Sed,537.0884904
24,Sample_S19S_0062_Sed,537.1249315
33,Sample_S19S_0062_Sed,537.161382
13,Sample_S19S_0062_Sed,537.1978101
18,Sample_S19S_0062_Sed,537.2107257
6,Sample_S19S_0062_Sed,537.2342192
6,Sample_S19S_0062_Sed,537.247225
18,Sample_S19S_0062_Sed,537.2835599
12,Sample_S19S_0062_Sed,537.3199223
4,Sample_S19S_0062_Sed,538.2059118
13,Sample_S19S_0062_Sed,539.0679143
18,Sample_S19S_0062_Sed,539.1042196
21,Sample_S19S_0062_Sed,539.1405618
2,Sample_S19S_0062_Sed,539.2132409
6,Sample_S19S_0062_Sed,539.2261985
8,Sample_S19S_0062_Sed,539.2496267
2,Sample_S19S_0062_Sed,539.2990023
10,Sample_S19S_0062_Sed,541.0623672
17,Sample_S19S_0062_Sed,541.0834882
21,Sample_S19S_0062_Sed,541.0988161
11,Sample_S19S_0062_Sed,541.1563515
1,Sample_S19S_0062_Sed,541.1927684
26,Sample_S19S_0062_Sed,541.2290565
7,Sample_S19S_0062_Sed,541.3015887
7,Sample_S19S_0062_Sed,542.1878502
12,Sample_S19S_0062_Sed,543.09918
14,Sample_S19S_0062_Sed,543.1144211
14,Sample_S19S_0062_Sed,543.1355017
15,Sample_S19S_0062_Sed,543.1638009
7,Sample_S19S_0062_Sed,543.236535
6,Sample_S19S_0062_Sed,543.2808575
3,Sample_S19S_0062_Sed,543.3173823
3,Sample_S19S_0062_Sed,543.3538639
8,Sample_S19S_0062_Sed,545.0571838
6,Sample_S19S_0062_Sed,545.0935509
5,Sample_S19S_0062_Sed,545.1147104
21,Sample_S19S_0062_Sed,545.1664409
2,Sample_S19S_0062_Sed,545.2523758
2,Sample_S19S_0062_Sed,545.2602726
7,Sample_S19S_0062_Sed,545.2967065
5,Sample_S19S_0062_Sed,545.3330671
13,Sample_S19S_0062_Sed,547.109415
12,Sample_S19S_0062_Sed,547.145805
13,Sample_S19S_0062_Sed,547.2315171
16,Sample_S19S_0062_Sed,547.2678735
4,Sample_S19S_0062_Sed,547.3041247
10,Sample_S19S_0062_Sed,549.0523077
6,Sample_S19S_0062_Sed,549.0887119
10,Sample_S19S_0062_Sed,549.1250923
12,Sample_S19S_0062_Sed,549.1614413
31,Sample_S19S_0062_Sed,549.1977663
5,Sample_S19S_0062_Sed,549.2106406
10,Sample_S19S_0062_Sed,549.2470293
5,Sample_S19S_0062_Sed,549.283364
8,Sample_S19S_0062_Sed,551.0679996
14,Sample_S19S_0062_Sed,551.10435
22,Sample_S19S_0062_Sed,551.140683
22,Sample_S19S_0062_Sed,551.1769906
8,Sample_S19S_0062_Sed,551.2133063
6,Sample_S19S_0062_Sed,551.2262635
3,Sample_S19S_0062_Sed,551.2625265
8,Sample_S19S_0062_Sed,551.2992516
4,Sample_S19S_0062_Sed,553.0836572
15,Sample_S19S_0062_Sed,553.1199748
32,Sample_S19S_0062_Sed,553.1562956
17,Sample_S19S_0062_Sed,553.1925971
3,Sample_S19S_0062_Sed,553.2288832
3,Sample_S19S_0062_Sed,553.2418178
2,Sample_S19S_0062_Sed,553.2781669
4,Sample_S19S_0062_Sed,553.3147084
7,Sample_S19S_0062_Sed,554.2373324
5,Sample_S19S_0062_Sed,555.0629131
4,Sample_S19S_0062_Sed,555.0993123
4,Sample_S19S_0062_Sed,555.1356619
11,Sample_S19S_0062_Sed,555.1720029
21,Sample_S19S_0062_Sed,555.2082923
4,Sample_S19S_0062_Sed,555.244468
1,Sample_S19S_0062_Sed,555.317208
2,Sample_S19S_0062_Sed,555.3536131
13,Sample_S19S_0062_Sed,557.1149049
3,Sample_S19S_0062_Sed,557.1513467
1,Sample_S19S_0062_Sed,557.1877224
5,Sample_S19S_0062_Sed,557.2602406
7,Sample_S19S_0062_Sed,557.3328937
8,Sample_S19S_0062_Sed,559.1092427
23,Sample_S19S_0062_Sed,559.1456819
1,Sample_S19S_0062_Sed,559.2316115
10,Sample_S19S_0062_Sed,561.0885432
5,Sample_S19S_0062_Sed,561.1248442
1,Sample_S19S_0062_Sed,561.1611805
11,Sample_S19S_0062_Sed,561.2106672
2,Sample_S19S_0062_Sed,561.2469764
7,Sample_S19S_0062_Sed,561.2834147
16,Sample_S19S_0062_Sed,563.0679011
7,Sample_S19S_0062_Sed,563.1043787
4,Sample_S19S_0062_Sed,563.140767
13,Sample_S19S_0062_Sed,563.2134586
14,Sample_S19S_0062_Sed,563.2263607
17,Sample_S19S_0062_Sed,563.2627092
2,Sample_S19S_0062_Sed,563.2989277
2,Sample_S19S_0062_Sed,563.3355481
2,Sample_S19S_0062_Sed,565.0470587
8,Sample_S19S_0062_Sed,565.0833841
12,Sample_S19S_0062_Sed,565.2420146
14,Sample_S19S_0062_Sed,565.278449
13,Sample_S19S_0062_Sed,565.3148683
6,Sample_S19S_0062_Sed,567.0628477
12,Sample_S19S_0062_Sed,567.0992538
7,Sample_S19S_0062_Sed,567.1356587
10,Sample_S19S_0062_Sed,567.2083955
13,Sample_S19S_0062_Sed,567.2446704
9,Sample_S19S_0062_Sed,567.2576427
6,Sample_S19S_0062_Sed,567.2808707
11,Sample_S19S_0062_Sed,569.0784551
14,Sample_S19S_0062_Sed,569.1147778
3,Sample_S19S_0062_Sed,569.1510794
1,Sample_S19S_0062_Sed,569.1874013
7,Sample_S19S_0062_Sed,569.2965137
1,Sample_S19S_0062_Sed,569.332928
1,Sample_S19S_0062_Sed,571.0939164
16,Sample_S19S_0062_Sed,571.1668216
17,Sample_S19S_0062_Sed,571.2395823
4,Sample_S19S_0062_Sed,571.2760902
1,Sample_S19S_0062_Sed,571.3124477
4,Sample_S19S_0062_Sed,572.2713403
18,Sample_S19S_0062_Sed,573.0886509
4,Sample_S19S_0062_Sed,573.247282
12,Sample_S19S_0062_Sed,573.2552315
8,Sample_S19S_0062_Sed,573.2914942
4,Sample_S19S_0062_Sed,573.3197894
7,Sample_S19S_0062_Sed,573.3278766
4,Sample_S19S_0062_Sed,575.1407714
16,Sample_S19S_0062_Sed,575.1770756
9,Sample_S19S_0062_Sed,575.226314
2,Sample_S19S_0062_Sed,575.2625924
1,Sample_S19S_0062_Sed,575.2834995
1,Sample_S19S_0062_Sed,575.2988948
3,Sample_S19S_0062_Sed,577.0472834
4,Sample_S19S_0062_Sed,577.0836723
28,Sample_S19S_0062_Sed,577.1563035
13,Sample_S19S_0062_Sed,577.1926143
1,Sample_S19S_0062_Sed,577.2417974
1,Sample_S19S_0062_Sed,577.2781388
5,Sample_S19S_0062_Sed,579.0629358
9,Sample_S19S_0062_Sed,579.0992643
24,Sample_S19S_0062_Sed,579.1355972
24,Sample_S19S_0062_Sed,579.1719274
13,Sample_S19S_0062_Sed,579.2082488
1,Sample_S19S_0062_Sed,579.2211186
3,Sample_S19S_0062_Sed,581.0785526
17,Sample_S19S_0062_Sed,581.1148894
19,Sample_S19S_0062_Sed,581.1875335
4,Sample_S19S_0062_Sed,581.2602074
1,Sample_S19S_0062_Sed,581.4341369
1,Sample_S19S_0062_Sed,583.094266
5,Sample_S19S_0062_Sed,583.1306046
11,Sample_S19S_0062_Sed,583.1669172
12,Sample_S19S_0062_Sed,583.2032587
2,Sample_S19S_0062_Sed,583.2757337
1,Sample_S19S_0062_Sed,587.3073917
8,Sample_S19S_0062_Sed,589.2783211
4,Sample_S19S_0062_Sed,591.0993225
6,Sample_S19S_0062_Sed,591.1720289
6,Sample_S19S_0062_Sed,591.2574894
4,Sample_S19S_0062_Sed,591.2938715
1,Sample_S19S_0062_Sed,593.1146582
16,Sample_S19S_0062_Sed,593.2732739
2,Sample_S19S_0062_Sed,593.3098305
11,Sample_S19S_0062_Sed,595.0941069
12,Sample_S19S_0062_Sed,595.130396
9,Sample_S19S_0062_Sed,595.1667494
2,Sample_S19S_0062_Sed,595.2523257
10,Sample_S19S_0062_Sed,597.1460191
5,Sample_S19S_0062_Sed,597.3279819
6,Sample_S19S_0062_Sed,597.4291056
1,Sample_S19S_0062_Sed,599.3070522
9,Sample_S19S_0062_Sed,601.3147913
1,Sample_S19S_0062_Sed,601.3227706
2,Sample_S19S_0062_Sed,603.2941965
5,Sample_S19S_0062_Sed,603.3384536
5,Sample_S19S_0062_Sed,605.0785609
3,Sample_S19S_0062_Sed,605.1149751
1,Sample_S19S_0062_Sed,605.1513953
8,Sample_S19S_0062_Sed,605.2733338
7,Sample_S19S_0062_Sed,605.3096659
12,Sample_S19S_0062_Sed,607.094164
1,Sample_S19S_0062_Sed,607.3249647
8,Sample_S19S_0062_Sed,615.3020624
2,Sample_S19S_0062_Sed,615.3384583
5,Sample_S19S_0062_Sed,617.2732174
4,Sample_S19S_0062_Sed,619.0940393
1,Sample_S19S_0062_Sed,619.2887732
8,Sample_S19S_0062_Sed,621.1098264
1,Sample_S19S_0062_Sed,623.1255649
12,Sample_S19S_0062_Sed,623.2839624
5,Sample_S19S_0062_Sed,627.3749625
6,Sample_S19S_0062_Sed,627.4396665
5,Sample_S19S_0062_Sed,635.2840162
4,Sample_S19S_0062_Sed,637.1408976
5,Sample_S19S_0062_Sed,647.3200737
1,Sample_S19S_0062_Sed,647.3562651
1,Sample_S19S_0062_Sed,651.3148684
1,Sample_S19S_0062_Sed,657.1529151
2,Sample_S19S_0062_Sed,661.3357353
12,Sample_S19S_0062_Sed,665.1359874
