num.trans.involved.in,sample,peak
10,Sample_S19S_0013_Sed,240.0513448
17,Sample_S19S_0013_Sed,240.0877319
41,Sample_S19S_0013_Sed,241.03537
10,Sample_S19S_0013_Sed,241.0466195
24,Sample_S19S_0013_Sed,241.0717422
10,Sample_S19S_0013_Sed,241.0829909
12,Sample_S19S_0013_Sed,241.1081087
10,Sample_S19S_0013_Sed,241.1445007
21,Sample_S19S_0013_Sed,242.0670034
7,Sample_S19S_0013_Sed,242.1033669
19,Sample_S19S_0013_Sed,242.139775
3,Sample_S19S_0013_Sed,242.1761465
54,Sample_S19S_0013_Sed,243.0510224
12,Sample_S19S_0013_Sed,243.0622684
17,Sample_S19S_0013_Sed,243.0873816
20,Sample_S19S_0013_Sed,243.0986597
9,Sample_S19S_0013_Sed,243.1237626
15,Sample_S19S_0013_Sed,243.1601665
20,Sample_S19S_0013_Sed,244.0826525
24,Sample_S19S_0013_Sed,244.1190458
10,Sample_S19S_0013_Sed,244.1302798
48,Sample_S19S_0013_Sed,245.0455587
3,Sample_S19S_0013_Sed,245.0489119
75,Sample_S19S_0013_Sed,245.0666847
60,Sample_S19S_0013_Sed,245.1030642
4,Sample_S19S_0013_Sed,245.1142776
24,Sample_S19S_0013_Sed,245.1394342
9,Sample_S19S_0013_Sed,246.1095509
11,Sample_S19S_0013_Sed,246.134683
20,Sample_S19S_0013_Sed,247.024801
47,Sample_S19S_0013_Sed,247.0612011
67,Sample_S19S_0013_Sed,247.0823368
12,Sample_S19S_0013_Sed,247.0935696
56,Sample_S19S_0013_Sed,247.0975945
46,Sample_S19S_0013_Sed,247.118733
7,Sample_S19S_0013_Sed,247.1703275
15,Sample_S19S_0013_Sed,249.0040636
58,Sample_S19S_0013_Sed,249.0404675
61,Sample_S19S_0013_Sed,249.0768527
20,Sample_S19S_0013_Sed,249.1132224
33,Sample_S19S_0013_Sed,249.1496147
9,Sample_S19S_0013_Sed,250.1448617
50,Sample_S19S_0013_Sed,251.0197332
35,Sample_S19S_0013_Sed,251.0560986
4,Sample_S19S_0013_Sed,251.0594793
2,Sample_S19S_0013_Sed,251.0785764
87,Sample_S19S_0013_Sed,251.0925063
4,Sample_S19S_0013_Sed,251.0958765
28,Sample_S19S_0013_Sed,251.1136461
40,Sample_S19S_0013_Sed,251.1289035
16,Sample_S19S_0013_Sed,252.0877348
66,Sample_S19S_0013_Sed,253.0353983
91,Sample_S19S_0013_Sed,253.0717756
23,Sample_S19S_0013_Sed,253.1081345
43,Sample_S19S_0013_Sed,253.1445337
16,Sample_S19S_0013_Sed,254.0670222
73,Sample_S19S_0013_Sed,255.0510433
7,Sample_S19S_0013_Sed,255.0622462
92,Sample_S19S_0013_Sed,255.0874163
24,Sample_S19S_0013_Sed,255.1237776
41,Sample_S19S_0013_Sed,255.1602018
13,Sample_S19S_0013_Sed,255.2329705
26,Sample_S19S_0013_Sed,256.0826837
59,Sample_S19S_0013_Sed,257.030304
37,Sample_S19S_0013_Sed,257.0455598
73,Sample_S19S_0013_Sed,257.0666765
10,Sample_S19S_0013_Sed,257.0779166
48,Sample_S19S_0013_Sed,257.1030521
23,Sample_S19S_0013_Sed,257.1143128
51,Sample_S19S_0013_Sed,257.1394516
30,Sample_S19S_0013_Sed,257.175834
23,Sample_S19S_0013_Sed,257.2122374
20,Sample_S19S_0013_Sed,258.0619166
31,Sample_S19S_0013_Sed,258.0983343
17,Sample_S19S_0013_Sed,258.1347123
14,Sample_S19S_0013_Sed,258.145966
33,Sample_S19S_0013_Sed,259.0248281
62,Sample_S19S_0013_Sed,259.0459547
78,Sample_S19S_0013_Sed,259.0823405
17,Sample_S19S_0013_Sed,259.0935801
58,Sample_S19S_0013_Sed,259.1187072
18,Sample_S19S_0013_Sed,259.1299532
45,Sample_S19S_0013_Sed,259.1551113
15,Sample_S19S_0013_Sed,260.1503532
39,Sample_S19S_0013_Sed,261.040468
46,Sample_S19S_0013_Sed,261.061588
69,Sample_S19S_0013_Sed,261.0768598
52,Sample_S19S_0013_Sed,261.0980071
43,Sample_S19S_0013_Sed,261.1132477
3,Sample_S19S_0013_Sed,261.1244971
53,Sample_S19S_0013_Sed,261.1343647
1,Sample_S19S_0013_Sed,261.9555802
27,Sample_S19S_0013_Sed,263.019721
60,Sample_S19S_0013_Sed,263.0561329
20,Sample_S19S_0013_Sed,263.0924815
31,Sample_S19S_0013_Sed,263.128908
1,Sample_S19S_0013_Sed,264.0473979
13,Sample_S19S_0013_Sed,264.1605215
58,Sample_S19S_0013_Sed,265.0353938
4,Sample_S19S_0013_Sed,265.0578564
66,Sample_S19S_0013_Sed,265.0717855
78,Sample_S19S_0013_Sed,265.1081545
3,Sample_S19S_0013_Sed,265.1479151
8,Sample_S19S_0013_Sed,265.1575521
5,Sample_S19S_0013_Sed,266.089493
21,Sample_S19S_0013_Sed,266.1034196
33,Sample_S19S_0013_Sed,267.0146829
79,Sample_S19S_0013_Sed,267.0510336
6,Sample_S19S_0013_Sed,267.0735078
84,Sample_S19S_0013_Sed,267.0874299
76,Sample_S19S_0013_Sed,267.123805
39,Sample_S19S_0013_Sed,267.1601848
23,Sample_S19S_0013_Sed,268.0462977
46,Sample_S19S_0013_Sed,269.0303205
84,Sample_S19S_0013_Sed,269.0666802
76,Sample_S19S_0013_Sed,269.1030627
53,Sample_S19S_0013_Sed,269.1394657
36,Sample_S19S_0013_Sed,269.1758579
29,Sample_S19S_0013_Sed,270.0619439
28,Sample_S19S_0013_Sed,270.0983057
49,Sample_S19S_0013_Sed,271.0459737
65,Sample_S19S_0013_Sed,271.0823212
26,Sample_S19S_0013_Sed,271.0935785
76,Sample_S19S_0013_Sed,271.118718
19,Sample_S19S_0013_Sed,271.1299759
40,Sample_S19S_0013_Sed,271.1551343
37,Sample_S19S_0013_Sed,271.1914941
19,Sample_S19S_0013_Sed,271.227892
33,Sample_S19S_0013_Sed,272.0775888
25,Sample_S19S_0013_Sed,272.1139554
13,Sample_S19S_0013_Sed,272.1504094
40,Sample_S19S_0013_Sed,273.040478
52,Sample_S19S_0013_Sed,273.061591
73,Sample_S19S_0013_Sed,273.0979879
19,Sample_S19S_0013_Sed,273.109239
49,Sample_S19S_0013_Sed,273.1343844
46,Sample_S19S_0013_Sed,273.1707658
27,Sample_S19S_0013_Sed,273.2071526
25,Sample_S19S_0013_Sed,274.0932637
24,Sample_S19S_0013_Sed,274.1296219
15,Sample_S19S_0013_Sed,274.1408667
39,Sample_S19S_0013_Sed,275.0197425
49,Sample_S19S_0013_Sed,275.0561155
68,Sample_S19S_0013_Sed,275.0772487
59,Sample_S19S_0013_Sed,275.0925149
61,Sample_S19S_0013_Sed,275.1136274
43,Sample_S19S_0013_Sed,275.1500444
19,Sample_S19S_0013_Sed,276.108923
55,Sample_S19S_0013_Sed,277.0354157
62,Sample_S19S_0013_Sed,277.0717892
41,Sample_S19S_0013_Sed,277.0929294
70,Sample_S19S_0013_Sed,277.1081544
37,Sample_S19S_0013_Sed,277.1293085
44,Sample_S19S_0013_Sed,277.1445377
1,Sample_S19S_0013_Sed,278.0630512
20,Sample_S19S_0013_Sed,279.0146331
62,Sample_S19S_0013_Sed,279.0510516
41,Sample_S19S_0013_Sed,279.0874539
18,Sample_S19S_0013_Sed,279.0986672
47,Sample_S19S_0013_Sed,279.1238221
4,Sample_S19S_0013_Sed,279.1562152
42,Sample_S19S_0013_Sed,279.160186
3,Sample_S19S_0013_Sed,279.1635618
1,Sample_S19S_0013_Sed,280.0600822
1,Sample_S19S_0013_Sed,280.068733
23,Sample_S19S_0013_Sed,280.0826921
11,Sample_S19S_0013_Sed,280.1038615
51,Sample_S19S_0013_Sed,281.0303339
83,Sample_S19S_0013_Sed,281.0666829
35,Sample_S19S_0013_Sed,281.1030502
66,Sample_S19S_0013_Sed,281.1394597
35,Sample_S19S_0013_Sed,281.1758716
3,Sample_S19S_0013_Sed,282.0844159
19,Sample_S19S_0013_Sed,282.0983548
73,Sample_S19S_0013_Sed,283.0459554
43,Sample_S19S_0013_Sed,283.0823169
88,Sample_S19S_0013_Sed,283.118715
2,Sample_S19S_0013_Sed,283.1373752
43,Sample_S19S_0013_Sed,283.1551309
20,Sample_S19S_0013_Sed,283.1915306
2,Sample_S19S_0013_Sed,283.2642602
19,Sample_S19S_0013_Sed,284.0776208
32,Sample_S19S_0013_Sed,284.1139788
11,Sample_S19S_0013_Sed,284.1616007
51,Sample_S19S_0013_Sed,285.0616357
29,Sample_S19S_0013_Sed,285.0980306
8,Sample_S19S_0013_Sed,285.1262347
55,Sample_S19S_0013_Sed,285.1343948
46,Sample_S19S_0013_Sed,285.17075
10,Sample_S19S_0013_Sed,285.2071124
31,Sample_S19S_0013_Sed,286.0932539
15,Sample_S19S_0013_Sed,286.1660572
47,Sample_S19S_0013_Sed,287.0408776
73,Sample_S19S_0013_Sed,287.0772537
69,Sample_S19S_0013_Sed,287.1136282
21,Sample_S19S_0013_Sed,287.1248864
58,Sample_S19S_0013_Sed,287.150015
38,Sample_S19S_0013_Sed,287.1864124
14,Sample_S19S_0013_Sed,287.2228145
15,Sample_S19S_0013_Sed,288.1453272
3,Sample_S19S_0013_Sed,288.1565445
48,Sample_S19S_0013_Sed,289.0354029
53,Sample_S19S_0013_Sed,289.0565242
63,Sample_S19S_0013_Sed,289.0717704
57,Sample_S19S_0013_Sed,289.0929075
21,Sample_S19S_0013_Sed,289.1041428
59,Sample_S19S_0013_Sed,289.1292776
47,Sample_S19S_0013_Sed,289.1656738
1,Sample_S19S_0013_Sed,289.9868879
8,Sample_S19S_0013_Sed,290.0882083
18,Sample_S19S_0013_Sed,290.1245994
38,Sample_S19S_0013_Sed,291.0146759
63,Sample_S19S_0013_Sed,291.0510416
53,Sample_S19S_0013_Sed,291.0874132
4,Sample_S19S_0013_Sed,291.0986884
44,Sample_S19S_0013_Sed,291.1085682
46,Sample_S19S_0013_Sed,291.1237966
37,Sample_S19S_0013_Sed,291.1449729
40,Sample_S19S_0013_Sed,291.1601932
17,Sample_S19S_0013_Sed,292.1038307
4,Sample_S19S_0013_Sed,292.2129776
49,Sample_S19S_0013_Sed,293.0303357
63,Sample_S19S_0013_Sed,293.0667099
82,Sample_S19S_0013_Sed,293.1030793
11,Sample_S19S_0013_Sed,293.1143295
65,Sample_S19S_0013_Sed,293.1394564
9,Sample_S19S_0013_Sed,293.1757942
13,Sample_S19S_0013_Sed,294.0619153
11,Sample_S19S_0013_Sed,294.1195199
1,Sample_S19S_0013_Sed,294.9989495
56,Sample_S19S_0013_Sed,295.0459444
95,Sample_S19S_0013_Sed,295.0823376
86,Sample_S19S_0013_Sed,295.1187213
4,Sample_S19S_0013_Sed,295.137392
23,Sample_S19S_0013_Sed,295.1398774
54,Sample_S19S_0013_Sed,295.1550986
39,Sample_S19S_0013_Sed,297.025237
65,Sample_S19S_0013_Sed,297.0616262
50,Sample_S19S_0013_Sed,297.0980154
43,Sample_S19S_0013_Sed,297.1344063
3,Sample_S19S_0013_Sed,297.1529844
33,Sample_S19S_0013_Sed,297.1707937
1,Sample_S19S_0013_Sed,297.1860581
15,Sample_S19S_0013_Sed,297.2071894
22,Sample_S19S_0013_Sed,298.0932671
45,Sample_S19S_0013_Sed,299.0408894
78,Sample_S19S_0013_Sed,299.0772616
77,Sample_S19S_0013_Sed,299.1136455
71,Sample_S19S_0013_Sed,299.1500243
37,Sample_S19S_0013_Sed,299.1864335
15,Sample_S19S_0013_Sed,299.2228305
29,Sample_S19S_0013_Sed,300.1089049
1,Sample_S19S_0013_Sed,300.1201703
19,Sample_S19S_0013_Sed,300.1816868
3,Sample_S19S_0013_Sed,300.1929428
35,Sample_S19S_0013_Sed,301.0353903
48,Sample_S19S_0013_Sed,301.0565488
32,Sample_S19S_0013_Sed,301.071792
58,Sample_S19S_0013_Sed,301.092932
12,Sample_S19S_0013_Sed,301.1041695
51,Sample_S19S_0013_Sed,301.129318
7,Sample_S19S_0013_Sed,301.1405774
49,Sample_S19S_0013_Sed,301.1656955
38,Sample_S19S_0013_Sed,301.202066
24,Sample_S19S_0013_Sed,302.1245742
20,Sample_S19S_0013_Sed,302.1357844
17,Sample_S19S_0013_Sed,302.1721713
26,Sample_S19S_0013_Sed,303.0146906
57,Sample_S19S_0013_Sed,303.0721573
45,Sample_S19S_0013_Sed,303.0874395
65,Sample_S19S_0013_Sed,303.1085414
57,Sample_S19S_0013_Sed,303.1449308
38,Sample_S19S_0013_Sed,303.1813306
16,Sample_S19S_0013_Sed,303.2177327
26,Sample_S19S_0013_Sed,304.1038383
19,Sample_S19S_0013_Sed,304.1402446
46,Sample_S19S_0013_Sed,305.0303157
67,Sample_S19S_0013_Sed,305.0666877
58,Sample_S19S_0013_Sed,305.1030852
15,Sample_S19S_0013_Sed,305.160638
10,Sample_S19S_0013_Sed,306.1195211
7,Sample_S19S_0013_Sed,306.155916
3,Sample_S19S_0013_Sed,306.192305
68,Sample_S19S_0013_Sed,307.0459779
49,Sample_S19S_0013_Sed,307.0823737
37,Sample_S19S_0013_Sed,307.1187572
36,Sample_S19S_0013_Sed,307.1551342
2,Sample_S19S_0013_Sed,307.194883
1,Sample_S19S_0013_Sed,308.0736409
34,Sample_S19S_0013_Sed,308.0775973
12,Sample_S19S_0013_Sed,308.1715544
49,Sample_S19S_0013_Sed,309.0252469
86,Sample_S19S_0013_Sed,309.0616036
74,Sample_S19S_0013_Sed,309.0979773
6,Sample_S19S_0013_Sed,309.1013433
71,Sample_S19S_0013_Sed,309.1343649
4,Sample_S19S_0013_Sed,309.1530159
49,Sample_S19S_0013_Sed,309.1707647
3,Sample_S19S_0013_Sed,309.1741269
18,Sample_S19S_0013_Sed,309.2071806
15,Sample_S19S_0013_Sed,310.0568411
50,Sample_S19S_0013_Sed,311.0408991
12,Sample_S19S_0013_Sed,311.0538666
75,Sample_S19S_0013_Sed,311.0772659
99,Sample_S19S_0013_Sed,311.1136352
68,Sample_S19S_0013_Sed,311.1500195
1,Sample_S19S_0013_Sed,311.1686157
15,Sample_S19S_0013_Sed,311.2228309
29,Sample_S19S_0013_Sed,312.0725103
51,Sample_S19S_0013_Sed,313.0565398
67,Sample_S19S_0013_Sed,313.0929245
59,Sample_S19S_0013_Sed,313.1293014
1,Sample_S19S_0013_Sed,313.1729347
33,Sample_S19S_0013_Sed,313.2020808
15,Sample_S19S_0013_Sed,313.2384778
31,Sample_S19S_0013_Sed,314.0881771
12,Sample_S19S_0013_Sed,314.1721852
11,Sample_S19S_0013_Sed,314.1973467
40,Sample_S19S_0013_Sed,315.0510397
51,Sample_S19S_0013_Sed,315.0721791
12,Sample_S19S_0013_Sed,315.0873994
61,Sample_S19S_0013_Sed,315.1085755
26,Sample_S19S_0013_Sed,315.1198013
59,Sample_S19S_0013_Sed,315.1449559
46,Sample_S19S_0013_Sed,315.1813307
30,Sample_S19S_0013_Sed,315.217727
9,Sample_S19S_0013_Sed,315.2541325
32,Sample_S19S_0013_Sed,316.1038062
14,Sample_S19S_0013_Sed,316.1150331
28,Sample_S19S_0013_Sed,316.1402237
19,Sample_S19S_0013_Sed,316.1514197
12,Sample_S19S_0013_Sed,316.1878305
32,Sample_S19S_0013_Sed,317.0303382
57,Sample_S19S_0013_Sed,317.0666936
17,Sample_S19S_0013_Sed,317.099053
53,Sample_S19S_0013_Sed,317.124227
45,Sample_S19S_0013_Sed,317.1394552
49,Sample_S19S_0013_Sed,317.1606071
37,Sample_S19S_0013_Sed,317.1969836
2,Sample_S19S_0013_Sed,317.2446454
13,Sample_S19S_0013_Sed,318.1194966
27,Sample_S19S_0013_Sed,318.1558543
8,Sample_S19S_0013_Sed,318.2286611
8,Sample_S19S_0013_Sed,319.0460069
56,Sample_S19S_0013_Sed,319.0823624
42,Sample_S19S_0013_Sed,319.139868
38,Sample_S19S_0013_Sed,319.1551015
3,Sample_S19S_0013_Sed,319.2278385
24,Sample_S19S_0013_Sed,320.1351354
2,Sample_S19S_0013_Sed,320.2442999
38,Sample_S19S_0013_Sed,321.0252313
53,Sample_S19S_0013_Sed,321.0616406
32,Sample_S19S_0013_Sed,321.0980285
54,Sample_S19S_0013_Sed,321.1343949
36,Sample_S19S_0013_Sed,321.1707672
6,Sample_S19S_0013_Sed,321.2105248
13,Sample_S19S_0013_Sed,322.1144282
1,Sample_S19S_0013_Sed,322.1508517
4,Sample_S19S_0013_Sed,322.1872255
40,Sample_S19S_0013_Sed,323.0408542
85,Sample_S19S_0013_Sed,323.0772527
43,Sample_S19S_0013_Sed,323.1136726
2,Sample_S19S_0013_Sed,323.1686736
41,Sample_S19S_0013_Sed,323.1864241
29,Sample_S19S_0013_Sed,324.0725027
11,Sample_S19S_0013_Sed,324.1300834
13,Sample_S19S_0013_Sed,324.1664479
61,Sample_S19S_0013_Sed,325.0565425
82,Sample_S19S_0013_Sed,325.0928926
67,Sample_S19S_0013_Sed,325.1292996
45,Sample_S19S_0013_Sed,325.1657004
1,Sample_S19S_0013_Sed,325.1842438
50,Sample_S19S_0013_Sed,325.2020573
32,Sample_S19S_0013_Sed,326.0881656
44,Sample_S19S_0013_Sed,327.035782
48,Sample_S19S_0013_Sed,327.0722018
32,Sample_S19S_0013_Sed,327.0874372
61,Sample_S19S_0013_Sed,327.1085831
67,Sample_S19S_0013_Sed,327.1449492
4,Sample_S19S_0013_Sed,327.1636073
7,Sample_S19S_0013_Sed,327.2177565
20,Sample_S19S_0013_Sed,328.140231
17,Sample_S19S_0013_Sed,328.1514425
28,Sample_S19S_0013_Sed,329.0303285
25,Sample_S19S_0013_Sed,329.0514722
17,Sample_S19S_0013_Sed,329.0667319
74,Sample_S19S_0013_Sed,329.0878075
35,Sample_S19S_0013_Sed,329.1030905
59,Sample_S19S_0013_Sed,329.1242163
1,Sample_S19S_0013_Sed,329.152419
36,Sample_S19S_0013_Sed,329.1969687
18,Sample_S19S_0013_Sed,329.2333488
9,Sample_S19S_0013_Sed,330.0831155
10,Sample_S19S_0013_Sed,330.1307217
18,Sample_S19S_0013_Sed,330.1670892
6,Sample_S19S_0013_Sed,330.2034832
23,Sample_S19S_0013_Sed,331.0459941
41,Sample_S19S_0013_Sed,331.0670688
47,Sample_S19S_0013_Sed,331.0823608
43,Sample_S19S_0013_Sed,331.1034998
11,Sample_S19S_0013_Sed,331.114731
25,Sample_S19S_0013_Sed,331.1399002
54,Sample_S19S_0013_Sed,331.1762541
8,Sample_S19S_0013_Sed,331.2126721
1,Sample_S19S_0013_Sed,331.2239268
3,Sample_S19S_0013_Sed,331.2490738
24,Sample_S19S_0013_Sed,332.0987468
22,Sample_S19S_0013_Sed,332.1351167
11,Sample_S19S_0013_Sed,333.0252702
22,Sample_S19S_0013_Sed,333.0616512
26,Sample_S19S_0013_Sed,333.08277
56,Sample_S19S_0013_Sed,333.0980074
11,Sample_S19S_0013_Sed,333.1191757
27,Sample_S19S_0013_Sed,333.1344131
24,Sample_S19S_0013_Sed,333.1707943
2,Sample_S19S_0013_Sed,333.2395661
4,Sample_S19S_0013_Sed,333.2565676
16,Sample_S19S_0013_Sed,334.0568812
14,Sample_S19S_0013_Sed,334.1144217
7,Sample_S19S_0013_Sed,334.1508295
4,Sample_S19S_0013_Sed,334.2235949
28,Sample_S19S_0013_Sed,335.0409093
72,Sample_S19S_0013_Sed,335.0772597
28,Sample_S19S_0013_Sed,335.1136067
45,Sample_S19S_0013_Sed,335.150042
29,Sample_S19S_0013_Sed,335.1864245
12,Sample_S19S_0013_Sed,335.2358032
4,Sample_S19S_0013_Sed,336.1301036
14,Sample_S19S_0013_Sed,336.1664659
27,Sample_S19S_0013_Sed,337.0564852
19,Sample_S19S_0013_Sed,337.0695448
75,Sample_S19S_0013_Sed,337.0929176
83,Sample_S19S_0013_Sed,337.1292866
47,Sample_S19S_0013_Sed,337.1656867
1,Sample_S19S_0013_Sed,337.2054692
34,Sample_S19S_0013_Sed,338.0881798
13,Sample_S19S_0013_Sed,338.1456998
34,Sample_S19S_0013_Sed,339.0357996
82,Sample_S19S_0013_Sed,339.0721726
88,Sample_S19S_0013_Sed,339.1085453
28,Sample_S19S_0013_Sed,339.1449816
41,Sample_S19S_0013_Sed,339.1813533
4,Sample_S19S_0013_Sed,339.1999929
5,Sample_S19S_0013_Sed,340.1613194
42,Sample_S19S_0013_Sed,341.0514621
81,Sample_S19S_0013_Sed,341.0878109
22,Sample_S19S_0013_Sed,341.100854
27,Sample_S19S_0013_Sed,341.12425
56,Sample_S19S_0013_Sed,341.1606173
7,Sample_S19S_0013_Sed,341.179252
3,Sample_S19S_0013_Sed,341.1831094
45,Sample_S19S_0013_Sed,341.1969848
3,Sample_S19S_0013_Sed,341.2334189
20,Sample_S19S_0013_Sed,342.1306966
11,Sample_S19S_0013_Sed,342.1670651
23,Sample_S19S_0013_Sed,342.1922588
40,Sample_S19S_0013_Sed,343.067113
10,Sample_S19S_0013_Sed,343.0823925
82,Sample_S19S_0013_Sed,343.1034685
17,Sample_S19S_0013_Sed,343.1399075
50,Sample_S19S_0013_Sed,343.1762631
32,Sample_S19S_0013_Sed,343.2126496
3,Sample_S19S_0013_Sed,344.1350437
18,Sample_S19S_0013_Sed,344.1715382
7,Sample_S19S_0013_Sed,344.1827031
3,Sample_S19S_0013_Sed,344.1997897
25,Sample_S19S_0013_Sed,345.0252491
46,Sample_S19S_0013_Sed,345.0616254
40,Sample_S19S_0013_Sed,345.0827674
44,Sample_S19S_0013_Sed,345.0980089
47,Sample_S19S_0013_Sed,345.1191373
9,Sample_S19S_0013_Sed,345.1344288
34,Sample_S19S_0013_Sed,345.1555412
13,Sample_S19S_0013_Sed,345.177989
7,Sample_S19S_0013_Sed,345.1919508
26,Sample_S19S_0013_Sed,345.2282779
25,Sample_S19S_0013_Sed,346.1143644
22,Sample_S19S_0013_Sed,346.1507606
4,Sample_S19S_0013_Sed,346.1619628
17,Sample_S19S_0013_Sed,346.1871921
3,Sample_S19S_0013_Sed,346.2154294
39,Sample_S19S_0013_Sed,347.0408756
69,Sample_S19S_0013_Sed,347.0772564
22,Sample_S19S_0013_Sed,347.0903002
49,Sample_S19S_0013_Sed,347.0983726
26,Sample_S19S_0013_Sed,347.1136821
7,Sample_S19S_0013_Sed,347.1170036
27,Sample_S19S_0013_Sed,347.1348045
53,Sample_S19S_0013_Sed,347.1500262
35,Sample_S19S_0013_Sed,347.1711801
4,Sample_S19S_0013_Sed,347.1864695
16,Sample_S19S_0013_Sed,348.1300774
13,Sample_S19S_0013_Sed,348.2028318
6,Sample_S19S_0013_Sed,348.231087
10,Sample_S19S_0013_Sed,349.0564693
57,Sample_S19S_0013_Sed,349.0929209
26,Sample_S19S_0013_Sed,349.1059291
61,Sample_S19S_0013_Sed,349.129303
52,Sample_S19S_0013_Sed,349.1656793
12,Sample_S19S_0013_Sed,349.2021049
18,Sample_S19S_0013_Sed,350.1457077
9,Sample_S19S_0013_Sed,350.1821173
8,Sample_S19S_0013_Sed,350.2184616
40,Sample_S19S_0013_Sed,351.0357871
11,Sample_S19S_0013_Sed,351.0488144
50,Sample_S19S_0013_Sed,351.0721501
25,Sample_S19S_0013_Sed,351.1085115
31,Sample_S19S_0013_Sed,351.121581
38,Sample_S19S_0013_Sed,351.1449775
38,Sample_S19S_0013_Sed,351.1813076
1,Sample_S19S_0013_Sed,351.2210572
11,Sample_S19S_0013_Sed,351.2307319
2,Sample_S19S_0013_Sed,351.2500934
4,Sample_S19S_0013_Sed,352.0674721
17,Sample_S19S_0013_Sed,352.1613622
26,Sample_S19S_0013_Sed,353.0514753
87,Sample_S19S_0013_Sed,353.0878166
17,Sample_S19S_0013_Sed,353.1008561
61,Sample_S19S_0013_Sed,353.124233
1,Sample_S19S_0013_Sed,353.1484555
38,Sample_S19S_0013_Sed,353.1605629
25,Sample_S19S_0013_Sed,353.1736275
41,Sample_S19S_0013_Sed,353.1970034
6,Sample_S19S_0013_Sed,353.2003494
14,Sample_S19S_0013_Sed,353.2099396
46,Sample_S19S_0013_Sed,355.0671162
14,Sample_S19S_0013_Sed,355.0801167
82,Sample_S19S_0013_Sed,355.1034699
23,Sample_S19S_0013_Sed,355.1164999
14,Sample_S19S_0013_Sed,355.1399086
58,Sample_S19S_0013_Sed,355.1762476
10,Sample_S19S_0013_Sed,355.2126797
33,Sample_S19S_0013_Sed,356.1715182
18,Sample_S19S_0013_Sed,356.207852
26,Sample_S19S_0013_Sed,357.046323
3,Sample_S19S_0013_Sed,357.0593141
58,Sample_S19S_0013_Sed,357.0827228
23,Sample_S19S_0013_Sed,357.1110353
75,Sample_S19S_0013_Sed,357.1191097
66,Sample_S19S_0013_Sed,357.1554992
54,Sample_S19S_0013_Sed,357.191896
38,Sample_S19S_0013_Sed,357.2282738
7,Sample_S19S_0013_Sed,358.1507103
16,Sample_S19S_0013_Sed,358.1619805
17,Sample_S19S_0013_Sed,358.1871972
13,Sample_S19S_0013_Sed,358.1983945
23,Sample_S19S_0013_Sed,358.2235211
7,Sample_S19S_0013_Sed,359.0409252
40,Sample_S19S_0013_Sed,359.0619959
33,Sample_S19S_0013_Sed,359.077285
23,Sample_S19S_0013_Sed,359.0984239
46,Sample_S19S_0013_Sed,359.1347452
43,Sample_S19S_0013_Sed,359.1500213
10,Sample_S19S_0013_Sed,359.1572531
49,Sample_S19S_0013_Sed,359.1711775
16,Sample_S19S_0013_Sed,359.2074846
1,Sample_S19S_0013_Sed,359.2106313
30,Sample_S19S_0013_Sed,359.2439319
2,Sample_S19S_0013_Sed,360.1299489
23,Sample_S19S_0013_Sed,360.1664452
15,Sample_S19S_0013_Sed,360.1776328
2,Sample_S19S_0013_Sed,360.1946802
23,Sample_S19S_0013_Sed,361.0201475
35,Sample_S19S_0013_Sed,361.056505
13,Sample_S19S_0013_Sed,361.069538
57,Sample_S19S_0013_Sed,361.0929312
40,Sample_S19S_0013_Sed,361.1140532
69,Sample_S19S_0013_Sed,361.1292859
37,Sample_S19S_0013_Sed,361.1423317
48,Sample_S19S_0013_Sed,361.1504109
27,Sample_S19S_0013_Sed,361.1657046
37,Sample_S19S_0013_Sed,361.186829
11,Sample_S19S_0013_Sed,361.2151155
33,Sample_S19S_0013_Sed,361.2231964
4,Sample_S19S_0013_Sed,361.2878733
12,Sample_S19S_0013_Sed,362.1093336
13,Sample_S19S_0013_Sed,362.1821174
38,Sample_S19S_0013_Sed,363.0357881
30,Sample_S19S_0013_Sed,363.0722122
57,Sample_S19S_0013_Sed,363.108539
25,Sample_S19S_0013_Sed,363.1215932
29,Sample_S19S_0013_Sed,363.1449786
13,Sample_S19S_0013_Sed,363.1812892
22,Sample_S19S_0013_Sed,363.1943423
5,Sample_S19S_0013_Sed,363.2136896
17,Sample_S19S_0013_Sed,364.0674047
16,Sample_S19S_0013_Sed,364.1613157
6,Sample_S19S_0013_Sed,364.2259804
12,Sample_S19S_0013_Sed,365.0513776
17,Sample_S19S_0013_Sed,365.0644569
66,Sample_S19S_0013_Sed,365.0878382
28,Sample_S19S_0013_Sed,365.1008669
25,Sample_S19S_0013_Sed,365.1241727
26,Sample_S19S_0013_Sed,365.137244
15,Sample_S19S_0013_Sed,365.1606438
34,Sample_S19S_0013_Sed,365.1969623
26,Sample_S19S_0013_Sed,365.2100088
8,Sample_S19S_0013_Sed,366.1558943
14,Sample_S19S_0013_Sed,366.1769935
4,Sample_S19S_0013_Sed,366.2416661
26,Sample_S19S_0013_Sed,367.0306865
59,Sample_S19S_0013_Sed,367.0671094
16,Sample_S19S_0013_Sed,367.0801169
87,Sample_S19S_0013_Sed,367.1034613
17,Sample_S19S_0013_Sed,367.1165264
6,Sample_S19S_0013_Sed,367.1399195
38,Sample_S19S_0013_Sed,367.1762158
25,Sample_S19S_0013_Sed,367.189277
34,Sample_S19S_0013_Sed,367.2126519
3,Sample_S19S_0013_Sed,367.2255178
3,Sample_S19S_0013_Sed,368.1117355
17,Sample_S19S_0013_Sed,369.0463181
60,Sample_S19S_0013_Sed,369.0827443
15,Sample_S19S_0013_Sed,369.0957223
13,Sample_S19S_0013_Sed,369.1190631
19,Sample_S19S_0013_Sed,369.1321274
62,Sample_S19S_0013_Sed,369.1555194
25,Sample_S19S_0013_Sed,369.1685393
18,Sample_S19S_0013_Sed,369.1837969
16,Sample_S19S_0013_Sed,369.1918398
35,Sample_S19S_0013_Sed,369.2282876
28,Sample_S19S_0013_Sed,370.1507341
4,Sample_S19S_0013_Sed,370.1619519
17,Sample_S19S_0013_Sed,371.0408802
44,Sample_S19S_0013_Sed,371.0620102
14,Sample_S19S_0013_Sed,371.0902981
18,Sample_S19S_0013_Sed,371.0983408
8,Sample_S19S_0013_Sed,371.1113408
55,Sample_S19S_0013_Sed,371.1347918
4,Sample_S19S_0013_Sed,371.1572656
49,Sample_S19S_0013_Sed,371.171134
34,Sample_S19S_0013_Sed,371.2075705
23,Sample_S19S_0013_Sed,371.2439257
3,Sample_S19S_0013_Sed,372.1411992
19,Sample_S19S_0013_Sed,372.2028242
12,Sample_S19S_0013_Sed,372.2140099
3,Sample_S19S_0013_Sed,372.3038234
12,Sample_S19S_0013_Sed,373.0201141
33,Sample_S19S_0013_Sed,373.0565482
23,Sample_S19S_0013_Sed,373.0776886
25,Sample_S19S_0013_Sed,373.1059583
36,Sample_S19S_0013_Sed,373.1140108
9,Sample_S19S_0013_Sed,373.1270527
16,Sample_S19S_0013_Sed,373.1504711
11,Sample_S19S_0013_Sed,373.1729074
41,Sample_S19S_0013_Sed,373.1867821
34,Sample_S19S_0013_Sed,373.2231881
6,Sample_S19S_0013_Sed,373.287836
1,Sample_S19S_0013_Sed,374.1053424
31,Sample_S19S_0013_Sed,374.1456527
21,Sample_S19S_0013_Sed,374.2184652
8,Sample_S19S_0013_Sed,375.0358416
42,Sample_S19S_0013_Sed,375.0721973
22,Sample_S19S_0013_Sed,375.0852221
32,Sample_S19S_0013_Sed,375.1297066
62,Sample_S19S_0013_Sed,375.1449442
36,Sample_S19S_0013_Sed,375.1579842
18,Sample_S19S_0013_Sed,375.1660121
39,Sample_S19S_0013_Sed,375.194367
28,Sample_S19S_0013_Sed,375.2024285
8,Sample_S19S_0013_Sed,375.230771
10,Sample_S19S_0013_Sed,375.2387855
18,Sample_S19S_0013_Sed,376.0674564
18,Sample_S19S_0013_Sed,376.1249335
16,Sample_S19S_0013_Sed,376.1976905
43,Sample_S19S_0013_Sed,377.0514538
38,Sample_S19S_0013_Sed,377.0877952
18,Sample_S19S_0013_Sed,377.100823
66,Sample_S19S_0013_Sed,377.1241915
26,Sample_S19S_0013_Sed,377.1372608
34,Sample_S19S_0013_Sed,377.1735945
19,Sample_S19S_0013_Sed,377.2099902
1,Sample_S19S_0013_Sed,377.2211816
15,Sample_S19S_0013_Sed,377.2463996
18,Sample_S19S_0013_Sed,378.0831073
6,Sample_S19S_0013_Sed,378.2052199
9,Sample_S19S_0013_Sed,378.2416575
14,Sample_S19S_0013_Sed,379.0670295
13,Sample_S19S_0013_Sed,379.0800689
89,Sample_S19S_0013_Sed,379.1034645
25,Sample_S19S_0013_Sed,379.1165229
70,Sample_S19S_0013_Sed,379.1398402
32,Sample_S19S_0013_Sed,379.1528588
59,Sample_S19S_0013_Sed,379.1762343
36,Sample_S19S_0013_Sed,379.1892722
20,Sample_S19S_0013_Sed,379.2256462
11,Sample_S19S_0013_Sed,379.2620178
33,Sample_S19S_0013_Sed,380.0987084
1,Sample_S19S_0013_Sed,380.1593778
6,Sample_S19S_0013_Sed,380.2208704
36,Sample_S19S_0013_Sed,381.0463502
13,Sample_S19S_0013_Sed,381.0826619
8,Sample_S19S_0013_Sed,381.095685
82,Sample_S19S_0013_Sed,381.1191186
25,Sample_S19S_0013_Sed,381.1321708
72,Sample_S19S_0013_Sed,381.1555031
23,Sample_S19S_0013_Sed,381.1684945
35,Sample_S19S_0013_Sed,381.1918695
1,Sample_S19S_0013_Sed,381.1951692
16,Sample_S19S_0013_Sed,381.204939
3,Sample_S19S_0013_Sed,381.2411757
4,Sample_S19S_0013_Sed,382.1273741
14,Sample_S19S_0013_Sed,383.0619616
84,Sample_S19S_0013_Sed,383.0983806
4,Sample_S19S_0013_Sed,383.1113231
23,Sample_S19S_0013_Sed,383.1266887
20,Sample_S19S_0013_Sed,383.1347075
21,Sample_S19S_0013_Sed,383.1477567
21,Sample_S19S_0013_Sed,383.184187
42,Sample_S19S_0013_Sed,383.2075249
15,Sample_S19S_0013_Sed,385.0564963
57,Sample_S19S_0013_Sed,385.0776412
14,Sample_S19S_0013_Sed,385.1139909
4,Sample_S19S_0013_Sed,385.1269543
22,Sample_S19S_0013_Sed,385.1423072
27,Sample_S19S_0013_Sed,385.1503825
12,Sample_S19S_0013_Sed,385.1634062
46,Sample_S19S_0013_Sed,385.1868285
13,Sample_S19S_0013_Sed,385.2231361
21,Sample_S19S_0013_Sed,385.2595906
32,Sample_S19S_0013_Sed,386.1820531
10,Sample_S19S_0013_Sed,387.0568488
7,Sample_S19S_0013_Sed,387.0721252
13,Sample_S19S_0013_Sed,387.0851909
14,Sample_S19S_0013_Sed,387.0932457
7,Sample_S19S_0013_Sed,387.1062895
55,Sample_S19S_0013_Sed,387.1085636
71,Sample_S19S_0013_Sed,387.1296791
24,Sample_S19S_0013_Sed,387.1579654
7,Sample_S19S_0013_Sed,387.1659841
27,Sample_S19S_0013_Sed,387.19436
40,Sample_S19S_0013_Sed,387.2024406
20,Sample_S19S_0013_Sed,387.2388297
4,Sample_S19S_0013_Sed,388.2987452
21,Sample_S19S_0013_Sed,389.051417
8,Sample_S19S_0013_Sed,389.0644457
51,Sample_S19S_0013_Sed,389.0878118
23,Sample_S19S_0013_Sed,389.1008827
25,Sample_S19S_0013_Sed,389.108981
1,Sample_S19S_0013_Sed,389.1135404
67,Sample_S19S_0013_Sed,389.1242045
23,Sample_S19S_0013_Sed,389.1372295
13,Sample_S19S_0013_Sed,389.1452618
29,Sample_S19S_0013_Sed,389.1736085
17,Sample_S19S_0013_Sed,389.1816725
28,Sample_S19S_0013_Sed,389.2180886
1,Sample_S19S_0013_Sed,389.3191703
1,Sample_S19S_0013_Sed,390.2132816
23,Sample_S19S_0013_Sed,391.0670531
25,Sample_S19S_0013_Sed,391.1034381
1,Sample_S19S_0013_Sed,391.1105459
32,Sample_S19S_0013_Sed,391.1398852
22,Sample_S19S_0013_Sed,391.1528412
25,Sample_S19S_0013_Sed,391.1762035
20,Sample_S19S_0013_Sed,391.1892281
9,Sample_S19S_0013_Sed,391.2256863
6,Sample_S19S_0013_Sed,391.2620068
16,Sample_S19S_0013_Sed,392.06231
13,Sample_S19S_0013_Sed,392.1198706
10,Sample_S19S_0013_Sed,392.2209084
1,Sample_S19S_0013_Sed,392.2572106
16,Sample_S19S_0013_Sed,393.0463154
56,Sample_S19S_0013_Sed,393.0827628
67,Sample_S19S_0013_Sed,393.1191285
23,Sample_S19S_0013_Sed,393.1321265
24,Sample_S19S_0013_Sed,393.1554711
24,Sample_S19S_0013_Sed,393.1685262
26,Sample_S19S_0013_Sed,393.2049392
3,Sample_S19S_0013_Sed,393.2161336
14,Sample_S19S_0013_Sed,393.2412462
4,Sample_S19S_0013_Sed,393.2776995
18,Sample_S19S_0013_Sed,394.1144108
1,Sample_S19S_0013_Sed,394.1750252
6,Sample_S19S_0013_Sed,394.2001939
5,Sample_S19S_0013_Sed,394.2364931
2,Sample_S19S_0013_Sed,394.9051548
25,Sample_S19S_0013_Sed,395.0619708
9,Sample_S19S_0013_Sed,395.0749518
33,Sample_S19S_0013_Sed,395.0984243
22,Sample_S19S_0013_Sed,395.1114167
94,Sample_S19S_0013_Sed,395.1347697
27,Sample_S19S_0013_Sed,395.1477706
39,Sample_S19S_0013_Sed,395.171191
18,Sample_S19S_0013_Sed,395.2075813
23,Sample_S19S_0013_Sed,395.2205826
2,Sample_S19S_0013_Sed,395.2317962
1,Sample_S19S_0013_Sed,395.2471991
4,Sample_S19S_0013_Sed,396.1875433
7,Sample_S19S_0013_Sed,396.2158367
14,Sample_S19S_0013_Sed,397.0775828
14,Sample_S19S_0013_Sed,397.1059758
45,Sample_S19S_0013_Sed,397.1140135
15,Sample_S19S_0013_Sed,397.1270557
73,Sample_S19S_0013_Sed,397.1504225
22,Sample_S19S_0013_Sed,397.1634297
19,Sample_S19S_0013_Sed,397.1867602
10,Sample_S19S_0013_Sed,397.1997808
35,Sample_S19S_0013_Sed,397.2232052
5,Sample_S19S_0013_Sed,399.0488349
18,Sample_S19S_0013_Sed,399.085227
35,Sample_S19S_0013_Sed,399.0932727
46,Sample_S19S_0013_Sed,399.1296635
16,Sample_S19S_0013_Sed,399.1427258
17,Sample_S19S_0013_Sed,399.1579458
4,Sample_S19S_0013_Sed,399.1659287
5,Sample_S19S_0013_Sed,399.1884911
20,Sample_S19S_0013_Sed,399.1943775
36,Sample_S19S_0013_Sed,399.2024375
13,Sample_S19S_0013_Sed,399.2388025
31,Sample_S19S_0013_Sed,401.0514549
13,Sample_S19S_0013_Sed,401.0644945
8,Sample_S19S_0013_Sed,401.0725084
6,Sample_S19S_0013_Sed,401.085595
36,Sample_S19S_0013_Sed,401.1089631
59,Sample_S19S_0013_Sed,401.1453284
23,Sample_S19S_0013_Sed,401.1736033
15,Sample_S19S_0013_Sed,401.1816514
3,Sample_S19S_0013_Sed,401.204141
27,Sample_S19S_0013_Sed,401.2100146
27,Sample_S19S_0013_Sed,401.2180808
14,Sample_S19S_0013_Sed,401.2544603
1,Sample_S19S_0013_Sed,403.0129628
43,Sample_S19S_0013_Sed,403.0671122
21,Sample_S19S_0013_Sed,403.1164656
7,Sample_S19S_0013_Sed,403.1245163
27,Sample_S19S_0013_Sed,403.1529106
21,Sample_S19S_0013_Sed,403.1609357
16,Sample_S19S_0013_Sed,403.1762826
34,Sample_S19S_0013_Sed,403.1973716
16,Sample_S19S_0013_Sed,403.2256482
11,Sample_S19S_0013_Sed,403.2336971
1,Sample_S19S_0013_Sed,403.3347743
19,Sample_S19S_0013_Sed,404.1926065
2,Sample_S19S_0013_Sed,404.2937097
31,Sample_S19S_0013_Sed,405.0463718
27,Sample_S19S_0013_Sed,405.0827082
17,Sample_S19S_0013_Sed,405.1190623
30,Sample_S19S_0013_Sed,405.1321292
38,Sample_S19S_0013_Sed,405.1555362
32,Sample_S19S_0013_Sed,405.1685606
13,Sample_S19S_0013_Sed,405.2048711
6,Sample_S19S_0013_Sed,406.2364932
4,Sample_S19S_0013_Sed,406.3092961
32,Sample_S19S_0013_Sed,407.0620299
74,Sample_S19S_0013_Sed,407.0983755
16,Sample_S19S_0013_Sed,407.1113661
55,Sample_S19S_0013_Sed,407.1347505
30,Sample_S19S_0013_Sed,407.1477958
3,Sample_S19S_0013_Sed,407.1712237
22,Sample_S19S_0013_Sed,407.2205546
11,Sample_S19S_0013_Sed,407.2568891
30,Sample_S19S_0013_Sed,408.0936661
11,Sample_S19S_0013_Sed,408.1776232
11,Sample_S19S_0013_Sed,409.07757
69,Sample_S19S_0013_Sed,409.1140221
23,Sample_S19S_0013_Sed,409.1270356
74,Sample_S19S_0013_Sed,409.1504235
11,Sample_S19S_0013_Sed,409.1633923
13,Sample_S19S_0013_Sed,409.1867344
7,Sample_S19S_0013_Sed,409.1997594
3,Sample_S19S_0013_Sed,409.2110293
38,Sample_S19S_0013_Sed,409.2231724
13,Sample_S19S_0013_Sed,409.236154
9,Sample_S19S_0013_Sed,411.0568579
49,Sample_S19S_0013_Sed,411.0933142
64,Sample_S19S_0013_Sed,411.1296933
24,Sample_S19S_0013_Sed,411.1426758
25,Sample_S19S_0013_Sed,411.1579879
39,Sample_S19S_0013_Sed,411.1660419
19,Sample_S19S_0013_Sed,411.1790746
4,Sample_S19S_0013_Sed,411.2022993
21,Sample_S19S_0013_Sed,411.2154903
27,Sample_S19S_0013_Sed,411.2388467
8,Sample_S19S_0013_Sed,413.06446
2,Sample_S19S_0013_Sed,413.072442
22,Sample_S19S_0013_Sed,413.1008794
50,Sample_S19S_0013_Sed,413.1089345
14,Sample_S19S_0013_Sed,413.1372735
21,Sample_S19S_0013_Sed,413.1452768
8,Sample_S19S_0013_Sed,413.1583079
22,Sample_S19S_0013_Sed,413.1736056
5,Sample_S19S_0013_Sed,413.1816156
16,Sample_S19S_0013_Sed,413.2100122
18,Sample_S19S_0013_Sed,413.2180661
5,Sample_S19S_0013_Sed,414.1171605
2,Sample_S19S_0013_Sed,415.0671726
8,Sample_S19S_0013_Sed,415.080159
31,Sample_S19S_0013_Sed,415.0881916
15,Sample_S19S_0013_Sed,415.1164835
19,Sample_S19S_0013_Sed,415.1245406
15,Sample_S19S_0013_Sed,415.1529316
44,Sample_S19S_0013_Sed,415.1609859
34,Sample_S19S_0013_Sed,415.1973464
9,Sample_S19S_0013_Sed,415.219815
15,Sample_S19S_0013_Sed,415.2256541
13,Sample_S19S_0013_Sed,415.2336924
1,Sample_S19S_0013_Sed,416.1571431
12,Sample_S19S_0013_Sed,416.1925804
14,Sample_S19S_0013_Sed,417.0463346
6,Sample_S19S_0013_Sed,417.0593749
14,Sample_S19S_0013_Sed,417.0826722
12,Sample_S19S_0013_Sed,417.0957124
8,Sample_S19S_0013_Sed,417.1037889
54,Sample_S19S_0013_Sed,417.1191101
32,Sample_S19S_0013_Sed,417.1321667
28,Sample_S19S_0013_Sed,417.1402188
43,Sample_S19S_0013_Sed,417.1555165
38,Sample_S19S_0013_Sed,417.1685514
14,Sample_S19S_0013_Sed,417.1765666
10,Sample_S19S_0013_Sed,417.2048604
3,Sample_S19S_0013_Sed,417.2128787
10,Sample_S19S_0013_Sed,417.2493486
17,Sample_S19S_0013_Sed,419.0619721
4,Sample_S19S_0013_Sed,419.0982983
5,Sample_S19S_0013_Sed,419.1113471
66,Sample_S19S_0013_Sed,419.1347745
22,Sample_S19S_0013_Sed,419.1478319
32,Sample_S19S_0013_Sed,419.1711927
38,Sample_S19S_0013_Sed,419.1842051
13,Sample_S19S_0013_Sed,419.2205119
3,Sample_S19S_0013_Sed,419.3296987
6,Sample_S19S_0013_Sed,420.2521315
3,Sample_S19S_0013_Sed,420.2885838
17,Sample_S19S_0013_Sed,421.0412704
7,Sample_S19S_0013_Sed,421.0777047
72,Sample_S19S_0013_Sed,421.1140346
19,Sample_S19S_0013_Sed,421.1270174
1,Sample_S19S_0013_Sed,421.1552081
31,Sample_S19S_0013_Sed,421.1634511
3,Sample_S19S_0013_Sed,421.2265386
14,Sample_S19S_0013_Sed,421.2362004
7,Sample_S19S_0013_Sed,422.2031632
31,Sample_S19S_0013_Sed,423.0569089
16,Sample_S19S_0013_Sed,423.093231
84,Sample_S19S_0013_Sed,423.1296813
18,Sample_S19S_0013_Sed,423.1426961
28,Sample_S19S_0013_Sed,423.179095
4,Sample_S19S_0013_Sed,423.2387546
3,Sample_S19S_0013_Sed,423.2517315
11,Sample_S19S_0013_Sed,425.1008972
31,Sample_S19S_0013_Sed,425.1089252
8,Sample_S19S_0013_Sed,425.1453873
19,Sample_S19S_0013_Sed,425.1583275
43,Sample_S19S_0013_Sed,425.1816982
17,Sample_S19S_0013_Sed,425.1947046
2,Sample_S19S_0013_Sed,425.2178813
17,Sample_S19S_0013_Sed,425.2311014
2,Sample_S19S_0013_Sed,425.257863
1,Sample_S19S_0013_Sed,425.3061105
1,Sample_S19S_0013_Sed,426.9313713
6,Sample_S19S_0013_Sed,427.0801714
17,Sample_S19S_0013_Sed,427.1165345
61,Sample_S19S_0013_Sed,427.1245871
2,Sample_S19S_0013_Sed,427.1610597
33,Sample_S19S_0013_Sed,427.1973395
17,Sample_S19S_0013_Sed,427.2103578
10,Sample_S19S_0013_Sed,427.22569
23,Sample_S19S_0013_Sed,427.2337286
1,Sample_S19S_0013_Sed,429.1039457
53,Sample_S19S_0013_Sed,429.1402424
30,Sample_S19S_0013_Sed,429.1685491
22,Sample_S19S_0013_Sed,429.1765924
10,Sample_S19S_0013_Sed,429.1990848
27,Sample_S19S_0013_Sed,429.2129876
6,Sample_S19S_0013_Sed,429.2355333
19,Sample_S19S_0013_Sed,429.2494299
26,Sample_S19S_0013_Sed,431.0620177
49,Sample_S19S_0013_Sed,431.098388
15,Sample_S19S_0013_Sed,431.1113826
13,Sample_S19S_0013_Sed,431.1194411
15,Sample_S19S_0013_Sed,431.1347291
27,Sample_S19S_0013_Sed,431.1477957
16,Sample_S19S_0013_Sed,431.1558407
21,Sample_S19S_0013_Sed,431.1922364
9,Sample_S19S_0013_Sed,431.2147537
9,Sample_S19S_0013_Sed,431.2206124
16,Sample_S19S_0013_Sed,431.2286229
6,Sample_S19S_0013_Sed,432.1876103
1,Sample_S19S_0013_Sed,432.9695275
18,Sample_S19S_0013_Sed,433.0412948
38,Sample_S19S_0013_Sed,433.077665
12,Sample_S19S_0013_Sed,433.0906617
11,Sample_S19S_0013_Sed,433.1139658
8,Sample_S19S_0013_Sed,433.1269982
10,Sample_S19S_0013_Sed,433.1503758
28,Sample_S19S_0013_Sed,433.1634586
23,Sample_S19S_0013_Sed,433.1868494
13,Sample_S19S_0013_Sed,433.1998888
11,Sample_S19S_0013_Sed,433.2361951
7,Sample_S19S_0013_Sed,434.2677929
51,Sample_S19S_0013_Sed,435.093324
13,Sample_S19S_0013_Sed,435.1062764
16,Sample_S19S_0013_Sed,435.1296329
11,Sample_S19S_0013_Sed,435.1426364
1,Sample_S19S_0013_Sed,435.1552854
11,Sample_S19S_0013_Sed,435.1659973
29,Sample_S19S_0013_Sed,435.1790631
15,Sample_S19S_0013_Sed,435.2155119
4,Sample_S19S_0013_Sed,436.1742724
1,Sample_S19S_0013_Sed,436.9644408
7,Sample_S19S_0013_Sed,437.072483
15,Sample_S19S_0013_Sed,437.1088959
9,Sample_S19S_0013_Sed,437.1219003
42,Sample_S19S_0013_Sed,437.1453651
28,Sample_S19S_0013_Sed,437.158378
43,Sample_S19S_0013_Sed,437.1817485
10,Sample_S19S_0013_Sed,437.2310601
47,Sample_S19S_0013_Sed,439.0882098
9,Sample_S19S_0013_Sed,439.1011575
56,Sample_S19S_0013_Sed,439.1246064
11,Sample_S19S_0013_Sed,439.1375419
23,Sample_S19S_0013_Sed,439.1609425
23,Sample_S19S_0013_Sed,439.1892886
13,Sample_S19S_0013_Sed,439.1973056
4,Sample_S19S_0013_Sed,439.246834
1,Sample_S19S_0013_Sed,439.2735433
13,Sample_S19S_0013_Sed,441.0674409
40,Sample_S19S_0013_Sed,441.1402285
13,Sample_S19S_0013_Sed,441.168514
15,Sample_S19S_0013_Sed,441.1765589
13,Sample_S19S_0013_Sed,441.2129575
9,Sample_S19S_0013_Sed,441.2355104
10,Sample_S19S_0013_Sed,441.2494531
9,Sample_S19S_0013_Sed,443.0749837
14,Sample_S19S_0013_Sed,443.0984287
18,Sample_S19S_0013_Sed,443.1114516
46,Sample_S19S_0013_Sed,443.119518
12,Sample_S19S_0013_Sed,443.1478565
49,Sample_S19S_0013_Sed,443.1558944
25,Sample_S19S_0013_Sed,443.1841796
11,Sample_S19S_0013_Sed,443.1922057
10,Sample_S19S_0013_Sed,443.2205255
4,Sample_S19S_0013_Sed,443.2285235
18,Sample_S19S_0013_Sed,443.2650816
19,Sample_S19S_0013_Sed,445.0776178
2,Sample_S19S_0013_Sed,445.0986624
6,Sample_S19S_0013_Sed,445.1139537
14,Sample_S19S_0013_Sed,445.127011
3,Sample_S19S_0013_Sed,445.1350548
34,Sample_S19S_0013_Sed,445.1634705
42,Sample_S19S_0013_Sed,445.1715289
5,Sample_S19S_0013_Sed,445.1940666
31,Sample_S19S_0013_Sed,445.2079177
14,Sample_S19S_0013_Sed,445.2304198
20,Sample_S19S_0013_Sed,445.2362316
19,Sample_S19S_0013_Sed,445.2442897
5,Sample_S19S_0013_Sed,446.0728598
7,Sample_S19S_0013_Sed,446.2031197
2,Sample_S19S_0013_Sed,447.056785
55,Sample_S19S_0013_Sed,447.1297048
27,Sample_S19S_0013_Sed,447.1427418
29,Sample_S19S_0013_Sed,447.179104
1,Sample_S19S_0013_Sed,447.1869913
8,Sample_S19S_0013_Sed,447.2154152
12,Sample_S19S_0013_Sed,447.2518394
7,Sample_S19S_0013_Sed,449.0724952
57,Sample_S19S_0013_Sed,449.1453221
35,Sample_S19S_0013_Sed,449.1583358
4,Sample_S19S_0013_Sed,449.1735875
10,Sample_S19S_0013_Sed,449.1946593
15,Sample_S19S_0013_Sed,449.2310912
4,Sample_S19S_0013_Sed,450.1898917
16,Sample_S19S_0013_Sed,451.0881744
36,Sample_S19S_0013_Sed,451.124616
22,Sample_S19S_0013_Sed,451.1376081
21,Sample_S19S_0013_Sed,451.1609528
13,Sample_S19S_0013_Sed,451.1739524
8,Sample_S19S_0013_Sed,451.2103087
7,Sample_S19S_0013_Sed,451.2336787
6,Sample_S19S_0013_Sed,453.1037558
23,Sample_S19S_0013_Sed,453.140211
1,Sample_S19S_0013_Sed,453.1686448
23,Sample_S19S_0013_Sed,453.1896338
11,Sample_S19S_0013_Sed,453.2049759
10,Sample_S19S_0013_Sed,453.2259797
3,Sample_S19S_0013_Sed,453.2492245
1,Sample_S19S_0013_Sed,454.9626353
10,Sample_S19S_0013_Sed,455.0750667
30,Sample_S19S_0013_Sed,455.0831528
8,Sample_S19S_0013_Sed,455.111472
19,Sample_S19S_0013_Sed,455.1194736
18,Sample_S19S_0013_Sed,455.14777
7,Sample_S19S_0013_Sed,455.1558023
16,Sample_S19S_0013_Sed,455.1841535
6,Sample_S19S_0013_Sed,455.1921775
15,Sample_S19S_0013_Sed,455.2052634
4,Sample_S19S_0013_Sed,455.2285132
6,Sample_S19S_0013_Sed,457.0906483
6,Sample_S19S_0013_Sed,457.0986905
9,Sample_S19S_0013_Sed,457.1270095
9,Sample_S19S_0013_Sed,457.1350642
19,Sample_S19S_0013_Sed,457.1634444
26,Sample_S19S_0013_Sed,457.1715231
18,Sample_S19S_0013_Sed,457.1998933
33,Sample_S19S_0013_Sed,457.2079257
16,Sample_S19S_0013_Sed,457.2362399
12,Sample_S19S_0013_Sed,457.2442623
10,Sample_S19S_0013_Sed,459.0932353
12,Sample_S19S_0013_Sed,459.1062882
28,Sample_S19S_0013_Sed,459.1296693
32,Sample_S19S_0013_Sed,459.142719
30,Sample_S19S_0013_Sed,459.1508169
28,Sample_S19S_0013_Sed,459.1661042
30,Sample_S19S_0013_Sed,459.1872169
11,Sample_S19S_0013_Sed,459.2155229
10,Sample_S19S_0013_Sed,459.2235091
10,Sample_S19S_0013_Sed,461.0725007
3,Sample_S19S_0013_Sed,461.1088271
8,Sample_S19S_0013_Sed,461.1218899
10,Sample_S19S_0013_Sed,461.1452647
31,Sample_S19S_0013_Sed,461.1583343
15,Sample_S19S_0013_Sed,461.1948089
29,Sample_S19S_0013_Sed,461.2311454
2,Sample_S19S_0013_Sed,461.282705
19,Sample_S19S_0013_Sed,463.0881954
5,Sample_S19S_0013_Sed,463.124491
4,Sample_S19S_0013_Sed,463.1608564
11,Sample_S19S_0013_Sed,463.1739081
2,Sample_S19S_0013_Sed,463.1865864
31,Sample_S19S_0013_Sed,463.210366
24,Sample_S19S_0013_Sed,463.2467901
2,Sample_S19S_0013_Sed,465.06738
18,Sample_S19S_0013_Sed,465.1038259
21,Sample_S19S_0013_Sed,465.1532935
2,Sample_S19S_0013_Sed,465.1686035
40,Sample_S19S_0013_Sed,465.1766182
29,Sample_S19S_0013_Sed,465.1896305
9,Sample_S19S_0013_Sed,465.2259434
5,Sample_S19S_0013_Sed,465.2623148
28,Sample_S19S_0013_Sed,467.0831629
32,Sample_S19S_0013_Sed,467.1195422
19,Sample_S19S_0013_Sed,467.1478261
17,Sample_S19S_0013_Sed,467.1558326
17,Sample_S19S_0013_Sed,467.184209
2,Sample_S19S_0013_Sed,467.1921933
11,Sample_S19S_0013_Sed,467.220621
24,Sample_S19S_0013_Sed,467.2286363
22,Sample_S19S_0013_Sed,467.2416996
7,Sample_S19S_0013_Sed,469.0986993
22,Sample_S19S_0013_Sed,469.199861
21,Sample_S19S_0013_Sed,469.2078959
19,Sample_S19S_0013_Sed,469.2209608
12,Sample_S19S_0013_Sed,469.2362772
24,Sample_S19S_0013_Sed,469.2442937
7,Sample_S19S_0013_Sed,471.093255
9,Sample_S19S_0013_Sed,471.106291
8,Sample_S19S_0013_Sed,471.1426129
20,Sample_S19S_0013_Sed,471.1790652
16,Sample_S19S_0013_Sed,471.1871307
12,Sample_S19S_0013_Sed,471.2155389
20,Sample_S19S_0013_Sed,471.2235442
7,Sample_S19S_0013_Sed,471.2519375
1,Sample_S19S_0013_Sed,471.2598467
42,Sample_S19S_0013_Sed,473.1089772
10,Sample_S19S_0013_Sed,473.1452829
10,Sample_S19S_0013_Sed,473.1582831
10,Sample_S19S_0013_Sed,473.1946924
7,Sample_S19S_0013_Sed,473.2027392
30,Sample_S19S_0013_Sed,473.2311386
16,Sample_S19S_0013_Sed,473.2392065
13,Sample_S19S_0013_Sed,475.0881586
12,Sample_S19S_0013_Sed,475.1012806
48,Sample_S19S_0013_Sed,475.1245966
23,Sample_S19S_0013_Sed,475.1376596
47,Sample_S19S_0013_Sed,475.1609843
29,Sample_S19S_0013_Sed,475.1739813
6,Sample_S19S_0013_Sed,475.2103074
15,Sample_S19S_0013_Sed,477.0674882
6,Sample_S19S_0013_Sed,477.1037802
8,Sample_S19S_0013_Sed,477.1531747
11,Sample_S19S_0013_Sed,477.1895617
29,Sample_S19S_0013_Sed,477.2260597
13,Sample_S19S_0013_Sed,477.262427
44,Sample_S19S_0013_Sed,479.1559168
8,Sample_S19S_0013_Sed,479.1689644
26,Sample_S19S_0013_Sed,479.2053091
17,Sample_S19S_0013_Sed,479.2416827
31,Sample_S19S_0013_Sed,481.0987747
1,Sample_S19S_0013_Sed,481.1143551
46,Sample_S19S_0013_Sed,481.1351677
12,Sample_S19S_0013_Sed,481.1634867
12,Sample_S19S_0013_Sed,481.1845085
9,Sample_S19S_0013_Sed,481.2208584
31,Sample_S19S_0013_Sed,483.1144642
22,Sample_S19S_0013_Sed,483.1508531
12,Sample_S19S_0013_Sed,483.1791639
17,Sample_S19S_0013_Sed,483.2154832
5,Sample_S19S_0013_Sed,483.2234722
2,Sample_S19S_0013_Sed,483.259746
32,Sample_S19S_0013_Sed,485.1300644
8,Sample_S19S_0013_Sed,485.1584131
17,Sample_S19S_0013_Sed,485.1948096
10,Sample_S19S_0013_Sed,485.2310607
5,Sample_S19S_0013_Sed,485.2390821
3,Sample_S19S_0013_Sed,485.275439
1,Sample_S19S_0013_Sed,487.0414933
2,Sample_S19S_0013_Sed,487.088118
11,Sample_S19S_0013_Sed,487.1011949
3,Sample_S19S_0013_Sed,487.1244947
13,Sample_S19S_0013_Sed,487.1375846
8,Sample_S19S_0013_Sed,487.2104698
16,Sample_S19S_0013_Sed,487.2184679
8,Sample_S19S_0013_Sed,487.2468303
6,Sample_S19S_0013_Sed,489.1895365
7,Sample_S19S_0013_Sed,489.2259164
3,Sample_S19S_0013_Sed,489.2623275
2,Sample_S19S_0013_Sed,491.1193786
24,Sample_S19S_0013_Sed,491.1689084
9,Sample_S19S_0013_Sed,491.2053832
9,Sample_S19S_0013_Sed,491.2417678
47,Sample_S19S_0013_Sed,493.1351653
36,Sample_S19S_0013_Sed,493.1715856
7,Sample_S19S_0013_Sed,493.1846305
24,Sample_S19S_0013_Sed,493.2209368
5,Sample_S19S_0013_Sed,493.2572378
4,Sample_S19S_0013_Sed,495.1427989
12,Sample_S19S_0013_Sed,495.2001254
24,Sample_S19S_0013_Sed,497.1947705
2,Sample_S19S_0013_Sed,497.2390455
5,Sample_S19S_0013_Sed,499.1012958
19,Sample_S19S_0013_Sed,499.1093112
22,Sample_S19S_0013_Sed,499.2104255
11,Sample_S19S_0013_Sed,499.2184243
2,Sample_S19S_0013_Sed,499.2546595
8,Sample_S19S_0013_Sed,501.116864
28,Sample_S19S_0013_Sed,501.1896846
15,Sample_S19S_0013_Sed,501.2341074
2,Sample_S19S_0013_Sed,503.1326318
6,Sample_S19S_0013_Sed,503.2051842
3,Sample_S19S_0013_Sed,505.098662
10,Sample_S19S_0013_Sed,505.221033
13,Sample_S19S_0013_Sed,505.2573293
34,Sample_S19S_0013_Sed,507.1508255
13,Sample_S19S_0013_Sed,507.2001826
7,Sample_S19S_0013_Sed,507.2364864
18,Sample_S19S_0013_Sed,509.0937287
22,Sample_S19S_0013_Sed,509.1300451
10,Sample_S19S_0013_Sed,509.2311267
10,Sample_S19S_0013_Sed,509.2522003
4,Sample_S19S_0013_Sed,511.1375472
5,Sample_S19S_0013_Sed,511.2183807
23,Sample_S19S_0013_Sed,511.2467945
3,Sample_S19S_0013_Sed,511.2547768
2,Sample_S19S_0013_Sed,511.2911339
2,Sample_S19S_0013_Sed,515.1326297
6,Sample_S19S_0013_Sed,515.2052029
5,Sample_S19S_0013_Sed,515.2416147
1,Sample_S19S_0013_Sed,517.098859
13,Sample_S19S_0013_Sed,517.1846401
12,Sample_S19S_0013_Sed,517.2208996
9,Sample_S19S_0013_Sed,519.2366622
2,Sample_S19S_0013_Sed,519.251935
7,Sample_S19S_0013_Sed,519.2730269
15,Sample_S19S_0013_Sed,521.0937324
1,Sample_S19S_0013_Sed,521.2157156
14,Sample_S19S_0013_Sed,523.231536
27,Sample_S19S_0013_Sed,525.1614051
13,Sample_S19S_0013_Sed,527.1769645
19,Sample_S19S_0013_Sed,527.2052882
5,Sample_S19S_0013_Sed,527.2415754
1,Sample_S19S_0013_Sed,527.2495897
2,Sample_S19S_0013_Sed,527.28601
6,Sample_S19S_0013_Sed,529.2208396
13,Sample_S19S_0013_Sed,529.2573138
1,Sample_S19S_0013_Sed,531.1597187
10,Sample_S19S_0013_Sed,531.2001725
3,Sample_S19S_0013_Sed,531.236471
7,Sample_S19S_0013_Sed,535.2314389
4,Sample_S19S_0013_Sed,537.2987595
3,Sample_S19S_0013_Sed,541.2652897
6,Sample_S19S_0013_Sed,543.236535
11,Sample_S19S_0013_Sed,545.2159419
1,Sample_S19S_0013_Sed,545.2523758
14,Sample_S19S_0013_Sed,547.2678735
3,Sample_S19S_0013_Sed,555.2728474
9,Sample_S19S_0013_Sed,563.2263607
11,Sample_S19S_0013_Sed,565.2573399
4,Sample_S19S_0013_Sed,569.2885081
2,Sample_S19S_0013_Sed,587.2629635
3,Sample_S19S_0013_Sed,601.2783344
