num.trans.involved.in,sample,peak
12,Sample_S19S_0064_Sed,241.0717422
8,Sample_S19S_0064_Sed,241.1445007
12,Sample_S19S_0064_Sed,242.139775
4,Sample_S19S_0064_Sed,242.1761465
5,Sample_S19S_0064_Sed,243.1237626
16,Sample_S19S_0064_Sed,243.1601665
2,Sample_S19S_0064_Sed,245.0489119
42,Sample_S19S_0064_Sed,245.1030642
2,Sample_S19S_0064_Sed,245.1142776
3,Sample_S19S_0064_Sed,246.1095509
4,Sample_S19S_0064_Sed,246.134683
47,Sample_S19S_0064_Sed,247.0823368
3,Sample_S19S_0064_Sed,247.0935696
38,Sample_S19S_0064_Sed,247.118733
6,Sample_S19S_0064_Sed,247.1703275
26,Sample_S19S_0064_Sed,249.1496147
31,Sample_S19S_0064_Sed,251.1289035
15,Sample_S19S_0064_Sed,253.1081345
37,Sample_S19S_0064_Sed,253.1445337
1,Sample_S19S_0064_Sed,255.0622462
63,Sample_S19S_0064_Sed,255.0874163
17,Sample_S19S_0064_Sed,255.1237776
39,Sample_S19S_0064_Sed,255.1602018
12,Sample_S19S_0064_Sed,255.2329705
41,Sample_S19S_0064_Sed,257.0666765
28,Sample_S19S_0064_Sed,257.1030521
47,Sample_S19S_0064_Sed,257.1394516
30,Sample_S19S_0064_Sed,257.175834
9,Sample_S19S_0064_Sed,258.1347123
49,Sample_S19S_0064_Sed,259.0823405
47,Sample_S19S_0064_Sed,259.1187072
5,Sample_S19S_0064_Sed,259.1299532
39,Sample_S19S_0064_Sed,259.1551113
46,Sample_S19S_0064_Sed,261.1343647
2,Sample_S19S_0064_Sed,265.07514
2,Sample_S19S_0064_Sed,265.1479151
38,Sample_S19S_0064_Sed,267.0510336
54,Sample_S19S_0064_Sed,267.0874299
60,Sample_S19S_0064_Sed,267.123805
33,Sample_S19S_0064_Sed,267.1601848
46,Sample_S19S_0064_Sed,269.0666802
54,Sample_S19S_0064_Sed,269.1030627
48,Sample_S19S_0064_Sed,269.1394657
38,Sample_S19S_0064_Sed,269.1758579
25,Sample_S19S_0064_Sed,269.2122378
42,Sample_S19S_0064_Sed,271.0823212
62,Sample_S19S_0064_Sed,271.118718
36,Sample_S19S_0064_Sed,271.1551343
39,Sample_S19S_0064_Sed,271.1914941
20,Sample_S19S_0064_Sed,271.227892
9,Sample_S19S_0064_Sed,272.1504094
52,Sample_S19S_0064_Sed,273.0979879
42,Sample_S19S_0064_Sed,273.1343844
43,Sample_S19S_0064_Sed,273.1707658
44,Sample_S19S_0064_Sed,275.1136274
38,Sample_S19S_0064_Sed,275.1500444
34,Sample_S19S_0064_Sed,277.0717892
34,Sample_S19S_0064_Sed,277.1445377
35,Sample_S19S_0064_Sed,279.0874539
41,Sample_S19S_0064_Sed,279.1238221
38,Sample_S19S_0064_Sed,279.160186
4,Sample_S19S_0064_Sed,279.1635618
26,Sample_S19S_0064_Sed,281.0303339
44,Sample_S19S_0064_Sed,281.0666829
24,Sample_S19S_0064_Sed,281.1030502
55,Sample_S19S_0064_Sed,281.1394597
36,Sample_S19S_0064_Sed,281.1758716
37,Sample_S19S_0064_Sed,283.0459554
26,Sample_S19S_0064_Sed,283.0823169
67,Sample_S19S_0064_Sed,283.118715
5,Sample_S19S_0064_Sed,283.1373752
42,Sample_S19S_0064_Sed,283.1551309
18,Sample_S19S_0064_Sed,283.1915306
5,Sample_S19S_0064_Sed,283.2642602
35,Sample_S19S_0064_Sed,285.0616357
15,Sample_S19S_0064_Sed,285.0980306
7,Sample_S19S_0064_Sed,285.1262347
45,Sample_S19S_0064_Sed,285.1343948
44,Sample_S19S_0064_Sed,285.17075
10,Sample_S19S_0064_Sed,285.2071124
10,Sample_S19S_0064_Sed,286.1660572
47,Sample_S19S_0064_Sed,287.0772537
52,Sample_S19S_0064_Sed,287.1136282
54,Sample_S19S_0064_Sed,287.150015
40,Sample_S19S_0064_Sed,287.1864124
16,Sample_S19S_0064_Sed,287.2228145
9,Sample_S19S_0064_Sed,288.1453272
38,Sample_S19S_0064_Sed,289.0929075
43,Sample_S19S_0064_Sed,289.1292776
45,Sample_S19S_0064_Sed,289.1656738
7,Sample_S19S_0064_Sed,290.1245994
23,Sample_S19S_0064_Sed,291.0510416
32,Sample_S19S_0064_Sed,291.1237966
3,Sample_S19S_0064_Sed,292.1038307
6,Sample_S19S_0064_Sed,292.2129776
35,Sample_S19S_0064_Sed,293.0667099
55,Sample_S19S_0064_Sed,293.1030793
49,Sample_S19S_0064_Sed,293.1394564
7,Sample_S19S_0064_Sed,293.1757942
61,Sample_S19S_0064_Sed,295.0823376
64,Sample_S19S_0064_Sed,295.1187213
2,Sample_S19S_0064_Sed,295.137392
17,Sample_S19S_0064_Sed,295.1398774
49,Sample_S19S_0064_Sed,295.1550986
35,Sample_S19S_0064_Sed,297.0616262
39,Sample_S19S_0064_Sed,297.0980154
3,Sample_S19S_0064_Sed,297.1529844
28,Sample_S19S_0064_Sed,297.1707937
14,Sample_S19S_0064_Sed,297.2071894
17,Sample_S19S_0064_Sed,297.2435585
39,Sample_S19S_0064_Sed,299.0772616
58,Sample_S19S_0064_Sed,299.1136455
64,Sample_S19S_0064_Sed,299.1500243
36,Sample_S19S_0064_Sed,299.1864335
13,Sample_S19S_0064_Sed,299.2228305
16,Sample_S19S_0064_Sed,300.1816868
31,Sample_S19S_0064_Sed,301.0565488
39,Sample_S19S_0064_Sed,301.092932
38,Sample_S19S_0064_Sed,301.129318
43,Sample_S19S_0064_Sed,301.1656955
38,Sample_S19S_0064_Sed,301.202066
45,Sample_S19S_0064_Sed,303.1085414
51,Sample_S19S_0064_Sed,303.1449308
34,Sample_S19S_0064_Sed,303.1813306
17,Sample_S19S_0064_Sed,305.0303157
28,Sample_S19S_0064_Sed,305.1758605
1,Sample_S19S_0064_Sed,306.192305
39,Sample_S19S_0064_Sed,307.0459779
33,Sample_S19S_0064_Sed,307.0823737
31,Sample_S19S_0064_Sed,307.1187572
5,Sample_S19S_0064_Sed,307.1585022
32,Sample_S19S_0064_Sed,307.1915179
3,Sample_S19S_0064_Sed,307.194883
45,Sample_S19S_0064_Sed,309.0616036
51,Sample_S19S_0064_Sed,309.0979773
4,Sample_S19S_0064_Sed,309.1013433
53,Sample_S19S_0064_Sed,309.1343649
5,Sample_S19S_0064_Sed,309.1530159
46,Sample_S19S_0064_Sed,309.1707647
5,Sample_S19S_0064_Sed,309.1741269
17,Sample_S19S_0064_Sed,309.2071806
28,Sample_S19S_0064_Sed,311.0408991
38,Sample_S19S_0064_Sed,311.0772659
74,Sample_S19S_0064_Sed,311.1136352
8,Sample_S19S_0064_Sed,311.132285
62,Sample_S19S_0064_Sed,311.1500195
1,Sample_S19S_0064_Sed,311.1686157
39,Sample_S19S_0064_Sed,311.186419
14,Sample_S19S_0064_Sed,311.2228309
1,Sample_S19S_0064_Sed,312.9846454
32,Sample_S19S_0064_Sed,313.0565398
46,Sample_S19S_0064_Sed,313.0929245
48,Sample_S19S_0064_Sed,313.1293014
6,Sample_S19S_0064_Sed,313.1479364
35,Sample_S19S_0064_Sed,313.2020808
18,Sample_S19S_0064_Sed,313.2384778
9,Sample_S19S_0064_Sed,314.1973467
32,Sample_S19S_0064_Sed,315.0721791
49,Sample_S19S_0064_Sed,315.1085755
50,Sample_S19S_0064_Sed,315.1449559
45,Sample_S19S_0064_Sed,315.1813307
30,Sample_S19S_0064_Sed,315.217727
13,Sample_S19S_0064_Sed,316.1402237
6,Sample_S19S_0064_Sed,316.1514197
41,Sample_S19S_0064_Sed,317.124227
29,Sample_S19S_0064_Sed,317.1394552
44,Sample_S19S_0064_Sed,317.1606071
38,Sample_S19S_0064_Sed,317.1969836
1,Sample_S19S_0064_Sed,317.2446454
13,Sample_S19S_0064_Sed,318.1558543
4,Sample_S19S_0064_Sed,319.0460069
34,Sample_S19S_0064_Sed,319.139868
25,Sample_S19S_0064_Sed,319.1551015
9,Sample_S19S_0064_Sed,320.1351354
11,Sample_S19S_0064_Sed,320.1715427
2,Sample_S19S_0064_Sed,320.2442999
31,Sample_S19S_0064_Sed,321.0616406
19,Sample_S19S_0064_Sed,321.0980285
41,Sample_S19S_0064_Sed,321.1343949
31,Sample_S19S_0064_Sed,321.1707672
5,Sample_S19S_0064_Sed,321.2105248
14,Sample_S19S_0064_Sed,321.2201744
1,Sample_S19S_0064_Sed,322.1872255
47,Sample_S19S_0064_Sed,323.0772527
31,Sample_S19S_0064_Sed,323.1136726
47,Sample_S19S_0064_Sed,323.1500462
6,Sample_S19S_0064_Sed,323.1686736
47,Sample_S19S_0064_Sed,323.1864241
9,Sample_S19S_0064_Sed,324.1664479
5,Sample_S19S_0064_Sed,324.2028461
36,Sample_S19S_0064_Sed,325.0565425
51,Sample_S19S_0064_Sed,325.0928926
52,Sample_S19S_0064_Sed,325.1292996
43,Sample_S19S_0064_Sed,325.1657004
1,Sample_S19S_0064_Sed,325.1842438
53,Sample_S19S_0064_Sed,325.2020573
34,Sample_S19S_0064_Sed,327.0722018
48,Sample_S19S_0064_Sed,327.1085831
55,Sample_S19S_0064_Sed,327.1449492
3,Sample_S19S_0064_Sed,327.1636073
6,Sample_S19S_0064_Sed,327.2177565
13,Sample_S19S_0064_Sed,329.0514722
49,Sample_S19S_0064_Sed,329.0878075
51,Sample_S19S_0064_Sed,329.1242163
1,Sample_S19S_0064_Sed,329.152419
42,Sample_S19S_0064_Sed,329.1969687
25,Sample_S19S_0064_Sed,329.2333488
50,Sample_S19S_0064_Sed,331.1762541
5,Sample_S19S_0064_Sed,331.1915481
5,Sample_S19S_0064_Sed,331.2126721
1,Sample_S19S_0064_Sed,331.2239268
20,Sample_S19S_0064_Sed,333.1707943
18,Sample_S19S_0064_Sed,333.2071238
2,Sample_S19S_0064_Sed,333.2395661
6,Sample_S19S_0064_Sed,334.1144217
2,Sample_S19S_0064_Sed,334.2235949
38,Sample_S19S_0064_Sed,335.150042
19,Sample_S19S_0064_Sed,335.2227808
13,Sample_S19S_0064_Sed,335.2358032
18,Sample_S19S_0064_Sed,337.0564852
40,Sample_S19S_0064_Sed,337.0929176
58,Sample_S19S_0064_Sed,337.1292866
44,Sample_S19S_0064_Sed,337.1656867
45,Sample_S19S_0064_Sed,339.0721726
64,Sample_S19S_0064_Sed,339.1085453
21,Sample_S19S_0064_Sed,339.1449816
2,Sample_S19S_0064_Sed,339.1999929
7,Sample_S19S_0064_Sed,340.212932
26,Sample_S19S_0064_Sed,341.0514621
54,Sample_S19S_0064_Sed,341.0878109
18,Sample_S19S_0064_Sed,341.12425
44,Sample_S19S_0064_Sed,341.1606173
3,Sample_S19S_0064_Sed,341.2334189
10,Sample_S19S_0064_Sed,341.2697302
28,Sample_S19S_0064_Sed,343.067113
8,Sample_S19S_0064_Sed,343.0823925
56,Sample_S19S_0064_Sed,343.1034685
10,Sample_S19S_0064_Sed,343.1399075
44,Sample_S19S_0064_Sed,343.1762631
34,Sample_S19S_0064_Sed,343.2126496
3,Sample_S19S_0064_Sed,343.2278942
14,Sample_S19S_0064_Sed,343.2490426
1,Sample_S19S_0064_Sed,344.1350437
12,Sample_S19S_0064_Sed,344.1715382
3,Sample_S19S_0064_Sed,344.1827031
6,Sample_S19S_0064_Sed,344.1997897
20,Sample_S19S_0064_Sed,344.2078759
8,Sample_S19S_0064_Sed,344.2442459
29,Sample_S19S_0064_Sed,345.0827674
36,Sample_S19S_0064_Sed,345.1191373
10,Sample_S19S_0064_Sed,345.1344288
27,Sample_S19S_0064_Sed,345.1555412
16,Sample_S19S_0064_Sed,345.170772
7,Sample_S19S_0064_Sed,345.1919508
26,Sample_S19S_0064_Sed,345.2282779
13,Sample_S19S_0064_Sed,346.1507606
2,Sample_S19S_0064_Sed,346.1619628
12,Sample_S19S_0064_Sed,346.1871921
6,Sample_S19S_0064_Sed,346.2154294
12,Sample_S19S_0064_Sed,347.0903002
15,Sample_S19S_0064_Sed,347.1136821
17,Sample_S19S_0064_Sed,347.1348045
33,Sample_S19S_0064_Sed,347.1500262
5,Sample_S19S_0064_Sed,347.1864695
5,Sample_S19S_0064_Sed,348.1300774
9,Sample_S19S_0064_Sed,348.2028318
8,Sample_S19S_0064_Sed,348.231087
34,Sample_S19S_0064_Sed,349.0929209
12,Sample_S19S_0064_Sed,349.1059291
42,Sample_S19S_0064_Sed,349.129303
36,Sample_S19S_0064_Sed,349.1656793
9,Sample_S19S_0064_Sed,349.2021049
7,Sample_S19S_0064_Sed,350.2184616
23,Sample_S19S_0064_Sed,351.0721501
17,Sample_S19S_0064_Sed,351.1085115
20,Sample_S19S_0064_Sed,351.121581
27,Sample_S19S_0064_Sed,351.1449775
27,Sample_S19S_0064_Sed,351.2177372
3,Sample_S19S_0064_Sed,351.2210572
10,Sample_S19S_0064_Sed,351.2307319
3,Sample_S19S_0064_Sed,351.2500934
14,Sample_S19S_0064_Sed,353.0514753
52,Sample_S19S_0064_Sed,353.0878166
10,Sample_S19S_0064_Sed,353.1008561
46,Sample_S19S_0064_Sed,353.124233
23,Sample_S19S_0064_Sed,353.1605629
22,Sample_S19S_0064_Sed,353.1736275
40,Sample_S19S_0064_Sed,353.1970034
5,Sample_S19S_0064_Sed,353.2003494
15,Sample_S19S_0064_Sed,353.2099396
14,Sample_S19S_0064_Sed,353.2333297
4,Sample_S19S_0064_Sed,354.1922902
29,Sample_S19S_0064_Sed,355.0671162
55,Sample_S19S_0064_Sed,355.1034699
15,Sample_S19S_0064_Sed,355.1164999
11,Sample_S19S_0064_Sed,355.1399086
56,Sample_S19S_0064_Sed,355.1762476
10,Sample_S19S_0064_Sed,355.2126797
11,Sample_S19S_0064_Sed,355.2489795
23,Sample_S19S_0064_Sed,356.1715182
15,Sample_S19S_0064_Sed,356.207852
39,Sample_S19S_0064_Sed,357.0827228
61,Sample_S19S_0064_Sed,357.1191097
59,Sample_S19S_0064_Sed,357.1554992
53,Sample_S19S_0064_Sed,357.191896
8,Sample_S19S_0064_Sed,357.2071705
39,Sample_S19S_0064_Sed,357.2282738
17,Sample_S19S_0064_Sed,357.2646796
12,Sample_S19S_0064_Sed,358.1871972
1,Sample_S19S_0064_Sed,358.1983945
23,Sample_S19S_0064_Sed,358.2235211
15,Sample_S19S_0064_Sed,359.0984239
43,Sample_S19S_0064_Sed,359.1711775
13,Sample_S19S_0064_Sed,359.2074846
30,Sample_S19S_0064_Sed,359.2439319
13,Sample_S19S_0064_Sed,360.1664452
4,Sample_S19S_0064_Sed,360.1946802
13,Sample_S19S_0064_Sed,360.2391994
7,Sample_S19S_0064_Sed,360.2674679
11,Sample_S19S_0064_Sed,361.056505
32,Sample_S19S_0064_Sed,361.0929312
30,Sample_S19S_0064_Sed,361.1140532
26,Sample_S19S_0064_Sed,361.1423317
40,Sample_S19S_0064_Sed,361.1504109
22,Sample_S19S_0064_Sed,361.1657046
34,Sample_S19S_0064_Sed,361.186829
10,Sample_S19S_0064_Sed,361.2151155
30,Sample_S19S_0064_Sed,361.2231964
8,Sample_S19S_0064_Sed,362.1821174
7,Sample_S19S_0064_Sed,362.246738
16,Sample_S19S_0064_Sed,363.0357881
35,Sample_S19S_0064_Sed,363.108539
15,Sample_S19S_0064_Sed,363.1215932
20,Sample_S19S_0064_Sed,363.1449786
11,Sample_S19S_0064_Sed,363.1812892
22,Sample_S19S_0064_Sed,363.1943423
7,Sample_S19S_0064_Sed,364.1613157
9,Sample_S19S_0064_Sed,364.2259804
40,Sample_S19S_0064_Sed,365.0878382
16,Sample_S19S_0064_Sed,365.1008669
16,Sample_S19S_0064_Sed,365.1241727
18,Sample_S19S_0064_Sed,365.137244
12,Sample_S19S_0064_Sed,365.1606438
35,Sample_S19S_0064_Sed,365.1969623
22,Sample_S19S_0064_Sed,365.2100088
5,Sample_S19S_0064_Sed,365.2367361
5,Sample_S19S_0064_Sed,366.2416661
6,Sample_S19S_0064_Sed,366.2497563
13,Sample_S19S_0064_Sed,367.0306865
35,Sample_S19S_0064_Sed,367.0671094
56,Sample_S19S_0064_Sed,367.1034613
10,Sample_S19S_0064_Sed,367.1165264
29,Sample_S19S_0064_Sed,367.1762158
20,Sample_S19S_0064_Sed,367.189277
40,Sample_S19S_0064_Sed,367.2126519
1,Sample_S19S_0064_Sed,367.2255178
11,Sample_S19S_0064_Sed,369.0463181
37,Sample_S19S_0064_Sed,369.0827443
9,Sample_S19S_0064_Sed,369.1190631
15,Sample_S19S_0064_Sed,369.1321274
53,Sample_S19S_0064_Sed,369.1555194
20,Sample_S19S_0064_Sed,369.1685393
14,Sample_S19S_0064_Sed,369.1837969
13,Sample_S19S_0064_Sed,369.1918398
36,Sample_S19S_0064_Sed,369.2282876
30,Sample_S19S_0064_Sed,371.0620102
17,Sample_S19S_0064_Sed,371.0983408
40,Sample_S19S_0064_Sed,371.1347918
39,Sample_S19S_0064_Sed,371.171134
32,Sample_S19S_0064_Sed,371.2075705
25,Sample_S19S_0064_Sed,371.2439257
14,Sample_S19S_0064_Sed,372.2028242
6,Sample_S19S_0064_Sed,372.2140099
3,Sample_S19S_0064_Sed,372.3038234
12,Sample_S19S_0064_Sed,373.0776886
25,Sample_S19S_0064_Sed,373.1140108
10,Sample_S19S_0064_Sed,373.1504711
31,Sample_S19S_0064_Sed,373.1867821
39,Sample_S19S_0064_Sed,373.2231881
7,Sample_S19S_0064_Sed,374.1820296
16,Sample_S19S_0064_Sed,374.2184652
22,Sample_S19S_0064_Sed,375.1579842
13,Sample_S19S_0064_Sed,375.1660121
32,Sample_S19S_0064_Sed,375.194367
18,Sample_S19S_0064_Sed,375.2024285
19,Sample_S19S_0064_Sed,375.2177037
7,Sample_S19S_0064_Sed,375.230771
9,Sample_S19S_0064_Sed,375.2387855
1,Sample_S19S_0064_Sed,376.1895594
12,Sample_S19S_0064_Sed,376.1976905
9,Sample_S19S_0064_Sed,376.2260146
22,Sample_S19S_0064_Sed,377.0514538
21,Sample_S19S_0064_Sed,377.0877952
10,Sample_S19S_0064_Sed,377.100823
14,Sample_S19S_0064_Sed,377.1372608
22,Sample_S19S_0064_Sed,377.1735945
20,Sample_S19S_0064_Sed,377.2099902
1,Sample_S19S_0064_Sed,377.2211816
14,Sample_S19S_0064_Sed,377.2463996
5,Sample_S19S_0064_Sed,378.2052199
3,Sample_S19S_0064_Sed,378.2319507
12,Sample_S19S_0064_Sed,378.2416575
9,Sample_S19S_0064_Sed,379.0670295
50,Sample_S19S_0064_Sed,379.1034645
14,Sample_S19S_0064_Sed,379.1165229
50,Sample_S19S_0064_Sed,379.1398402
21,Sample_S19S_0064_Sed,379.1528588
30,Sample_S19S_0064_Sed,379.1892722
20,Sample_S19S_0064_Sed,379.2256462
13,Sample_S19S_0064_Sed,379.2620178
8,Sample_S19S_0064_Sed,380.184512
5,Sample_S19S_0064_Sed,380.2208704
17,Sample_S19S_0064_Sed,381.0463502
13,Sample_S19S_0064_Sed,381.0826619
56,Sample_S19S_0064_Sed,381.1191186
15,Sample_S19S_0064_Sed,381.1321708
56,Sample_S19S_0064_Sed,381.1555031
15,Sample_S19S_0064_Sed,381.1684945
34,Sample_S19S_0064_Sed,381.1918695
14,Sample_S19S_0064_Sed,381.204939
27,Sample_S19S_0064_Sed,381.2282913
1,Sample_S19S_0064_Sed,381.2316122
2,Sample_S19S_0064_Sed,381.2411757
12,Sample_S19S_0064_Sed,383.0619616
54,Sample_S19S_0064_Sed,383.0983806
15,Sample_S19S_0064_Sed,383.1347075
12,Sample_S19S_0064_Sed,383.1477567
19,Sample_S19S_0064_Sed,383.184187
4,Sample_S19S_0064_Sed,383.1922474
40,Sample_S19S_0064_Sed,383.2075249
26,Sample_S19S_0064_Sed,383.2439132
38,Sample_S19S_0064_Sed,385.0776412
12,Sample_S19S_0064_Sed,385.1139909
18,Sample_S19S_0064_Sed,385.1503825
40,Sample_S19S_0064_Sed,385.1868285
12,Sample_S19S_0064_Sed,385.2231361
22,Sample_S19S_0064_Sed,385.2595906
7,Sample_S19S_0064_Sed,385.2959501
27,Sample_S19S_0064_Sed,386.1820531
12,Sample_S19S_0064_Sed,387.0932457
16,Sample_S19S_0064_Sed,387.1579654
2,Sample_S19S_0064_Sed,387.1659841
21,Sample_S19S_0064_Sed,387.19436
33,Sample_S19S_0064_Sed,387.2024406
23,Sample_S19S_0064_Sed,387.2388297
11,Sample_S19S_0064_Sed,388.2259833
5,Sample_S19S_0064_Sed,388.2987452
13,Sample_S19S_0064_Sed,389.1372295
11,Sample_S19S_0064_Sed,389.1452618
24,Sample_S19S_0064_Sed,389.1736085
27,Sample_S19S_0064_Sed,389.2180886
13,Sample_S19S_0064_Sed,389.246368
8,Sample_S19S_0064_Sed,389.2827541
5,Sample_S19S_0064_Sed,391.0307447
15,Sample_S19S_0064_Sed,391.0670531
16,Sample_S19S_0064_Sed,391.1034381
22,Sample_S19S_0064_Sed,391.1398852
14,Sample_S19S_0064_Sed,391.1528412
15,Sample_S19S_0064_Sed,391.1892281
9,Sample_S19S_0064_Sed,391.2256863
6,Sample_S19S_0064_Sed,391.2620068
12,Sample_S19S_0064_Sed,392.2209084
34,Sample_S19S_0064_Sed,393.0827628
44,Sample_S19S_0064_Sed,393.1191285
14,Sample_S19S_0064_Sed,393.1321265
15,Sample_S19S_0064_Sed,393.1554711
19,Sample_S19S_0064_Sed,393.1685262
22,Sample_S19S_0064_Sed,393.2049392
1,Sample_S19S_0064_Sed,393.2161336
16,Sample_S19S_0064_Sed,393.2412462
2,Sample_S19S_0064_Sed,393.2776995
8,Sample_S19S_0064_Sed,394.2001939
5,Sample_S19S_0064_Sed,394.2268712
5,Sample_S19S_0064_Sed,394.2364931
15,Sample_S19S_0064_Sed,395.0619708
20,Sample_S19S_0064_Sed,395.0984243
12,Sample_S19S_0064_Sed,395.1114167
63,Sample_S19S_0064_Sed,395.1347697
19,Sample_S19S_0064_Sed,395.1477706
28,Sample_S19S_0064_Sed,395.171191
12,Sample_S19S_0064_Sed,395.2075813
20,Sample_S19S_0064_Sed,395.2205826
3,Sample_S19S_0064_Sed,395.2317962
8,Sample_S19S_0064_Sed,396.2158367
11,Sample_S19S_0064_Sed,397.0775828
29,Sample_S19S_0064_Sed,397.1140135
11,Sample_S19S_0064_Sed,397.1270557
52,Sample_S19S_0064_Sed,397.1504225
15,Sample_S19S_0064_Sed,397.1634297
15,Sample_S19S_0064_Sed,397.1867602
11,Sample_S19S_0064_Sed,397.1997808
35,Sample_S19S_0064_Sed,397.2232052
2,Sample_S19S_0064_Sed,397.2265763
2,Sample_S19S_0064_Sed,398.1222468
8,Sample_S19S_0064_Sed,399.0568344
22,Sample_S19S_0064_Sed,399.0932727
32,Sample_S19S_0064_Sed,399.1296635
2,Sample_S19S_0064_Sed,399.1659287
8,Sample_S19S_0064_Sed,399.1790309
11,Sample_S19S_0064_Sed,399.1943775
34,Sample_S19S_0064_Sed,399.2024375
2,Sample_S19S_0064_Sed,399.2176725
14,Sample_S19S_0064_Sed,399.2388025
3,Sample_S19S_0064_Sed,399.2751285
5,Sample_S19S_0064_Sed,401.0725084
27,Sample_S19S_0064_Sed,401.1089631
48,Sample_S19S_0064_Sed,401.1453284
14,Sample_S19S_0064_Sed,401.1736033
11,Sample_S19S_0064_Sed,401.1816514
21,Sample_S19S_0064_Sed,401.2100146
25,Sample_S19S_0064_Sed,401.2180808
16,Sample_S19S_0064_Sed,401.2544603
18,Sample_S19S_0064_Sed,403.0671122
10,Sample_S19S_0064_Sed,403.1164656
14,Sample_S19S_0064_Sed,403.1529106
14,Sample_S19S_0064_Sed,403.1609357
33,Sample_S19S_0064_Sed,403.1973716
14,Sample_S19S_0064_Sed,403.2256482
9,Sample_S19S_0064_Sed,403.2336971
1,Sample_S19S_0064_Sed,403.3347743
16,Sample_S19S_0064_Sed,404.1926065
2,Sample_S19S_0064_Sed,404.2937097
11,Sample_S19S_0064_Sed,405.1190623
16,Sample_S19S_0064_Sed,405.1321292
20,Sample_S19S_0064_Sed,405.1685606
13,Sample_S19S_0064_Sed,405.2048711
9,Sample_S19S_0064_Sed,405.2412525
8,Sample_S19S_0064_Sed,406.2364932
5,Sample_S19S_0064_Sed,406.3092961
14,Sample_S19S_0064_Sed,407.0620299
36,Sample_S19S_0064_Sed,407.0983755
4,Sample_S19S_0064_Sed,407.1113661
37,Sample_S19S_0064_Sed,407.1347505
19,Sample_S19S_0064_Sed,407.1477958
21,Sample_S19S_0064_Sed,407.2205546
11,Sample_S19S_0064_Sed,407.2568891
2,Sample_S19S_0064_Sed,407.2932755
6,Sample_S19S_0064_Sed,409.0412228
10,Sample_S19S_0064_Sed,409.07757
42,Sample_S19S_0064_Sed,409.1140221
15,Sample_S19S_0064_Sed,409.1270356
53,Sample_S19S_0064_Sed,409.1504235
6,Sample_S19S_0064_Sed,409.1633923
9,Sample_S19S_0064_Sed,409.1867344
7,Sample_S19S_0064_Sed,409.1997594
3,Sample_S19S_0064_Sed,409.2110293
38,Sample_S19S_0064_Sed,409.2231724
14,Sample_S19S_0064_Sed,409.236154
6,Sample_S19S_0064_Sed,411.0568579
39,Sample_S19S_0064_Sed,411.0933142
49,Sample_S19S_0064_Sed,411.1296933
26,Sample_S19S_0064_Sed,411.1660419
16,Sample_S19S_0064_Sed,411.1790746
2,Sample_S19S_0064_Sed,411.2022993
16,Sample_S19S_0064_Sed,411.2154903
29,Sample_S19S_0064_Sed,411.2388467
36,Sample_S19S_0064_Sed,413.1089345
17,Sample_S19S_0064_Sed,413.1452768
2,Sample_S19S_0064_Sed,413.1816156
4,Sample_S19S_0064_Sed,413.1946295
11,Sample_S19S_0064_Sed,413.2100122
15,Sample_S19S_0064_Sed,413.2180661
24,Sample_S19S_0064_Sed,413.2544798
1,Sample_S19S_0064_Sed,413.3271621
24,Sample_S19S_0064_Sed,415.0881916
15,Sample_S19S_0064_Sed,415.1245406
6,Sample_S19S_0064_Sed,415.1529316
39,Sample_S19S_0064_Sed,415.1609859
27,Sample_S19S_0064_Sed,415.1973464
12,Sample_S19S_0064_Sed,415.2336924
8,Sample_S19S_0064_Sed,417.1037889
30,Sample_S19S_0064_Sed,417.1191101
19,Sample_S19S_0064_Sed,417.1321667
24,Sample_S19S_0064_Sed,417.1685514
11,Sample_S19S_0064_Sed,417.1765666
10,Sample_S19S_0064_Sed,417.2048604
10,Sample_S19S_0064_Sed,417.2493486
9,Sample_S19S_0064_Sed,419.0619721
4,Sample_S19S_0064_Sed,419.0982983
39,Sample_S19S_0064_Sed,419.1347745
11,Sample_S19S_0064_Sed,419.1478319
25,Sample_S19S_0064_Sed,419.1842051
14,Sample_S19S_0064_Sed,419.2205119
13,Sample_S19S_0064_Sed,419.256939
2,Sample_S19S_0064_Sed,419.3296987
5,Sample_S19S_0064_Sed,420.2521315
5,Sample_S19S_0064_Sed,420.2885838
4,Sample_S19S_0064_Sed,421.0777047
39,Sample_S19S_0064_Sed,421.1140346
1,Sample_S19S_0064_Sed,421.1552081
6,Sample_S19S_0064_Sed,421.2265386
14,Sample_S19S_0064_Sed,421.2362004
16,Sample_S19S_0064_Sed,423.0569089
12,Sample_S19S_0064_Sed,423.093231
54,Sample_S19S_0064_Sed,423.1296813
9,Sample_S19S_0064_Sed,423.1661225
20,Sample_S19S_0064_Sed,423.179095
1,Sample_S19S_0064_Sed,423.2387546
19,Sample_S19S_0064_Sed,425.1089252
5,Sample_S19S_0064_Sed,425.1453873
13,Sample_S19S_0064_Sed,425.1583275
14,Sample_S19S_0064_Sed,425.1947046
41,Sample_S19S_0064_Sed,427.1245871
1,Sample_S19S_0064_Sed,427.1610597
23,Sample_S19S_0064_Sed,427.1973395
22,Sample_S19S_0064_Sed,427.2337286
20,Sample_S19S_0064_Sed,427.2701368
1,Sample_S19S_0064_Sed,429.1039457
39,Sample_S19S_0064_Sed,429.1402424
23,Sample_S19S_0064_Sed,429.2129876
21,Sample_S19S_0064_Sed,429.2494299
12,Sample_S19S_0064_Sed,431.1194411
17,Sample_S19S_0064_Sed,431.1477957
17,Sample_S19S_0064_Sed,431.1922364
5,Sample_S19S_0064_Sed,431.2206124
16,Sample_S19S_0064_Sed,431.2286229
2,Sample_S19S_0064_Sed,432.1876103
17,Sample_S19S_0064_Sed,433.077665
8,Sample_S19S_0064_Sed,433.1139658
20,Sample_S19S_0064_Sed,433.1634586
4,Sample_S19S_0064_Sed,433.1998888
12,Sample_S19S_0064_Sed,433.2361951
9,Sample_S19S_0064_Sed,434.2677929
32,Sample_S19S_0064_Sed,435.093324
11,Sample_S19S_0064_Sed,435.1296329
4,Sample_S19S_0064_Sed,435.1426364
20,Sample_S19S_0064_Sed,435.1790631
11,Sample_S19S_0064_Sed,435.2155119
2,Sample_S19S_0064_Sed,436.1742724
8,Sample_S19S_0064_Sed,437.072483
12,Sample_S19S_0064_Sed,437.1088959
32,Sample_S19S_0064_Sed,437.1453651
19,Sample_S19S_0064_Sed,437.158378
35,Sample_S19S_0064_Sed,437.1817485
12,Sample_S19S_0064_Sed,437.2310601
3,Sample_S19S_0064_Sed,439.051737
38,Sample_S19S_0064_Sed,439.1246064
19,Sample_S19S_0064_Sed,439.1609425
8,Sample_S19S_0064_Sed,439.1973056
3,Sample_S19S_0064_Sed,439.246834
13,Sample_S19S_0064_Sed,441.0674409
26,Sample_S19S_0064_Sed,441.1402285
8,Sample_S19S_0064_Sed,441.2494531
7,Sample_S19S_0064_Sed,443.0984287
39,Sample_S19S_0064_Sed,443.119518
37,Sample_S19S_0064_Sed,443.1558944
6,Sample_S19S_0064_Sed,443.1922057
3,Sample_S19S_0064_Sed,443.2285235
2,Sample_S19S_0064_Sed,444.2027089
17,Sample_S19S_0064_Sed,445.2362316
4,Sample_S19S_0064_Sed,446.2031197
5,Sample_S19S_0064_Sed,447.09323
33,Sample_S19S_0064_Sed,447.1297048
22,Sample_S19S_0064_Sed,447.179104
8,Sample_S19S_0064_Sed,447.2154152
10,Sample_S19S_0064_Sed,447.2518394
7,Sample_S19S_0064_Sed,449.0724952
22,Sample_S19S_0064_Sed,449.1583358
6,Sample_S19S_0064_Sed,449.1946593
14,Sample_S19S_0064_Sed,449.2310912
4,Sample_S19S_0064_Sed,450.1898917
13,Sample_S19S_0064_Sed,451.0881744
27,Sample_S19S_0064_Sed,451.124616
14,Sample_S19S_0064_Sed,451.1609528
6,Sample_S19S_0064_Sed,451.1739524
1,Sample_S19S_0064_Sed,451.1916101
4,Sample_S19S_0064_Sed,451.2103087
11,Sample_S19S_0064_Sed,451.2467303
2,Sample_S19S_0064_Sed,453.1037558
18,Sample_S19S_0064_Sed,453.140211
18,Sample_S19S_0064_Sed,453.1896338
11,Sample_S19S_0064_Sed,453.2259797
21,Sample_S19S_0064_Sed,455.0831528
19,Sample_S19S_0064_Sed,455.1194736
3,Sample_S19S_0064_Sed,455.1558023
11,Sample_S19S_0064_Sed,455.2052634
2,Sample_S19S_0064_Sed,455.2285132
20,Sample_S19S_0064_Sed,455.2650512
7,Sample_S19S_0064_Sed,457.0624071
6,Sample_S19S_0064_Sed,457.0986905
7,Sample_S19S_0064_Sed,457.1350642
26,Sample_S19S_0064_Sed,457.2079257
11,Sample_S19S_0064_Sed,457.2442623
2,Sample_S19S_0064_Sed,457.280565
17,Sample_S19S_0064_Sed,459.1661042
8,Sample_S19S_0064_Sed,459.2155229
6,Sample_S19S_0064_Sed,459.2235091
7,Sample_S19S_0064_Sed,461.0725007
20,Sample_S19S_0064_Sed,461.1583343
5,Sample_S19S_0064_Sed,461.1948089
25,Sample_S19S_0064_Sed,461.2311454
6,Sample_S19S_0064_Sed,463.1739081
23,Sample_S19S_0064_Sed,463.210366
19,Sample_S19S_0064_Sed,463.2467901
16,Sample_S19S_0064_Sed,465.1038259
21,Sample_S19S_0064_Sed,465.1896305
6,Sample_S19S_0064_Sed,465.2259434
22,Sample_S19S_0064_Sed,467.1195422
11,Sample_S19S_0064_Sed,467.1558326
12,Sample_S19S_0064_Sed,467.2052403
9,Sample_S19S_0064_Sed,469.0986993
16,Sample_S19S_0064_Sed,469.2078959
18,Sample_S19S_0064_Sed,469.2442937
5,Sample_S19S_0064_Sed,469.2806636
17,Sample_S19S_0064_Sed,471.2235442
1,Sample_S19S_0064_Sed,471.2598467
3,Sample_S19S_0064_Sed,473.2027392
23,Sample_S19S_0064_Sed,473.2311386
33,Sample_S19S_0064_Sed,475.1609843
5,Sample_S19S_0064_Sed,477.1895617
22,Sample_S19S_0064_Sed,477.2260597
12,Sample_S19S_0064_Sed,477.262427
1,Sample_S19S_0064_Sed,479.0830028
17,Sample_S19S_0064_Sed,479.1194663
31,Sample_S19S_0064_Sed,479.1559168
5,Sample_S19S_0064_Sed,479.1689644
16,Sample_S19S_0064_Sed,479.2053091
15,Sample_S19S_0064_Sed,479.2416827
17,Sample_S19S_0064_Sed,481.0987747
27,Sample_S19S_0064_Sed,481.1351677
2,Sample_S19S_0064_Sed,481.1634867
6,Sample_S19S_0064_Sed,481.2208584
17,Sample_S19S_0064_Sed,483.1144642
8,Sample_S19S_0064_Sed,485.0936172
26,Sample_S19S_0064_Sed,485.1300644
13,Sample_S19S_0064_Sed,487.254845
1,Sample_S19S_0064_Sed,487.2911792
13,Sample_S19S_0064_Sed,489.1402055
2,Sample_S19S_0064_Sed,489.2259164
1,Sample_S19S_0064_Sed,491.1193786
3,Sample_S19S_0064_Sed,491.2053832
3,Sample_S19S_0064_Sed,491.2417678
2,Sample_S19S_0064_Sed,493.0622921
3,Sample_S19S_0064_Sed,493.1846305
16,Sample_S19S_0064_Sed,493.2209368
9,Sample_S19S_0064_Sed,495.0780179
1,Sample_S19S_0064_Sed,495.1427989
8,Sample_S19S_0064_Sed,495.2001254
5,Sample_S19S_0064_Sed,495.2365338
2,Sample_S19S_0064_Sed,497.2157304
8,Sample_S19S_0064_Sed,499.2184243
14,Sample_S19S_0064_Sed,501.2341074
9,Sample_S19S_0064_Sed,501.2705063
3,Sample_S19S_0064_Sed,503.2051842
3,Sample_S19S_0064_Sed,503.2415628
5,Sample_S19S_0064_Sed,505.1350781
5,Sample_S19S_0064_Sed,505.221033
15,Sample_S19S_0064_Sed,505.2573293
19,Sample_S19S_0064_Sed,507.1144464
25,Sample_S19S_0064_Sed,507.1508255
7,Sample_S19S_0064_Sed,507.2001826
3,Sample_S19S_0064_Sed,507.2728559
17,Sample_S19S_0064_Sed,509.1300451
6,Sample_S19S_0064_Sed,509.2157568
11,Sample_S19S_0064_Sed,509.2522003
8,Sample_S19S_0064_Sed,517.2208996
5,Sample_S19S_0064_Sed,519.2366622
18,Sample_S19S_0064_Sed,521.1301011
10,Sample_S19S_0064_Sed,521.1663968
2,Sample_S19S_0064_Sed,527.3224375
2,Sample_S19S_0064_Sed,543.3173823
7,Sample_S19S_0064_Sed,547.2678735
2,Sample_S19S_0064_Sed,563.2627092
