num.trans.involved.in,sample,peak
10,Sample_S19S_0043_Sed,240.0513448
44,Sample_S19S_0043_Sed,241.03537
22,Sample_S19S_0043_Sed,241.0717422
13,Sample_S19S_0043_Sed,241.1081087
9,Sample_S19S_0043_Sed,241.1193918
10,Sample_S19S_0043_Sed,241.1445007
23,Sample_S19S_0043_Sed,242.0670034
5,Sample_S19S_0043_Sed,242.1033669
17,Sample_S19S_0043_Sed,242.139775
3,Sample_S19S_0043_Sed,242.1761465
55,Sample_S19S_0043_Sed,243.0510224
14,Sample_S19S_0043_Sed,243.0873816
15,Sample_S19S_0043_Sed,243.0986597
10,Sample_S19S_0043_Sed,243.1237626
13,Sample_S19S_0043_Sed,243.1601665
18,Sample_S19S_0043_Sed,244.0826525
24,Sample_S19S_0043_Sed,244.1190458
11,Sample_S19S_0043_Sed,244.1554562
47,Sample_S19S_0043_Sed,245.0455587
4,Sample_S19S_0043_Sed,245.0489119
69,Sample_S19S_0043_Sed,245.0666847
56,Sample_S19S_0043_Sed,245.1030642
4,Sample_S19S_0043_Sed,245.1142776
23,Sample_S19S_0043_Sed,245.1394342
6,Sample_S19S_0043_Sed,246.1095509
8,Sample_S19S_0043_Sed,246.134683
21,Sample_S19S_0043_Sed,247.024801
46,Sample_S19S_0043_Sed,247.0612011
57,Sample_S19S_0043_Sed,247.0823368
11,Sample_S19S_0043_Sed,247.0935696
45,Sample_S19S_0043_Sed,247.118733
3,Sample_S19S_0043_Sed,249.0227066
56,Sample_S19S_0043_Sed,249.0404675
58,Sample_S19S_0043_Sed,249.0768527
32,Sample_S19S_0043_Sed,249.1496147
8,Sample_S19S_0043_Sed,250.1448617
44,Sample_S19S_0043_Sed,251.0197332
36,Sample_S19S_0043_Sed,251.0560986
5,Sample_S19S_0043_Sed,251.0594793
1,Sample_S19S_0043_Sed,251.0785764
81,Sample_S19S_0043_Sed,251.0925063
7,Sample_S19S_0043_Sed,251.0958765
34,Sample_S19S_0043_Sed,251.1289035
18,Sample_S19S_0043_Sed,252.0877348
65,Sample_S19S_0043_Sed,253.0353983
82,Sample_S19S_0043_Sed,253.0717756
8,Sample_S19S_0043_Sed,253.0829986
23,Sample_S19S_0043_Sed,253.1081345
42,Sample_S19S_0043_Sed,253.1445337
23,Sample_S19S_0043_Sed,254.0670222
68,Sample_S19S_0043_Sed,255.0510433
6,Sample_S19S_0043_Sed,255.0622462
90,Sample_S19S_0043_Sed,255.0874163
24,Sample_S19S_0043_Sed,255.1237776
40,Sample_S19S_0043_Sed,255.1602018
9,Sample_S19S_0043_Sed,255.2329705
27,Sample_S19S_0043_Sed,256.0826837
38,Sample_S19S_0043_Sed,257.0455598
5,Sample_S19S_0043_Sed,257.048925
69,Sample_S19S_0043_Sed,257.0666765
9,Sample_S19S_0043_Sed,257.0779166
47,Sample_S19S_0043_Sed,257.1030521
16,Sample_S19S_0043_Sed,257.1143128
51,Sample_S19S_0043_Sed,257.1394516
30,Sample_S19S_0043_Sed,257.175834
29,Sample_S19S_0043_Sed,258.0983343
16,Sample_S19S_0043_Sed,258.1347123
9,Sample_S19S_0043_Sed,258.1711136
74,Sample_S19S_0043_Sed,259.0823405
56,Sample_S19S_0043_Sed,259.1187072
13,Sample_S19S_0043_Sed,259.1299532
43,Sample_S19S_0043_Sed,259.1551113
13,Sample_S19S_0043_Sed,260.1503532
45,Sample_S19S_0043_Sed,261.040468
45,Sample_S19S_0043_Sed,261.061588
63,Sample_S19S_0043_Sed,261.0768598
50,Sample_S19S_0043_Sed,261.0980071
52,Sample_S19S_0043_Sed,261.1343647
1,Sample_S19S_0043_Sed,261.9555802
26,Sample_S19S_0043_Sed,263.019721
60,Sample_S19S_0043_Sed,263.0561329
23,Sample_S19S_0043_Sed,263.0924815
29,Sample_S19S_0043_Sed,263.128908
25,Sample_S19S_0043_Sed,264.087752
56,Sample_S19S_0043_Sed,265.0353938
64,Sample_S19S_0043_Sed,265.0717855
7,Sample_S19S_0043_Sed,265.07514
70,Sample_S19S_0043_Sed,265.1081545
6,Sample_S19S_0043_Sed,265.1479151
3,Sample_S19S_0043_Sed,266.089493
41,Sample_S19S_0043_Sed,267.0146829
79,Sample_S19S_0043_Sed,267.0510336
11,Sample_S19S_0043_Sed,267.0663132
2,Sample_S19S_0043_Sed,267.0735078
75,Sample_S19S_0043_Sed,267.0874299
71,Sample_S19S_0043_Sed,267.123805
36,Sample_S19S_0043_Sed,267.1601848
31,Sample_S19S_0043_Sed,268.08266
46,Sample_S19S_0043_Sed,269.0303205
81,Sample_S19S_0043_Sed,269.0666802
76,Sample_S19S_0043_Sed,269.1030627
1,Sample_S19S_0043_Sed,269.131214
54,Sample_S19S_0043_Sed,269.1394657
36,Sample_S19S_0043_Sed,269.1758579
27,Sample_S19S_0043_Sed,270.0619439
8,Sample_S19S_0043_Sed,270.2074858
47,Sample_S19S_0043_Sed,271.0459737
8,Sample_S19S_0043_Sed,271.0645721
68,Sample_S19S_0043_Sed,271.0823212
72,Sample_S19S_0043_Sed,271.118718
38,Sample_S19S_0043_Sed,271.1551343
34,Sample_S19S_0043_Sed,271.1914941
15,Sample_S19S_0043_Sed,271.227892
30,Sample_S19S_0043_Sed,272.0775888
30,Sample_S19S_0043_Sed,272.1139554
7,Sample_S19S_0043_Sed,272.1504094
9,Sample_S19S_0043_Sed,272.1867601
44,Sample_S19S_0043_Sed,273.040478
52,Sample_S19S_0043_Sed,273.061591
63,Sample_S19S_0043_Sed,273.0979879
13,Sample_S19S_0043_Sed,273.109239
43,Sample_S19S_0043_Sed,273.1343844
40,Sample_S19S_0043_Sed,273.1707658
15,Sample_S19S_0043_Sed,274.0932637
38,Sample_S19S_0043_Sed,275.0197425
62,Sample_S19S_0043_Sed,275.0772487
56,Sample_S19S_0043_Sed,275.1136274
44,Sample_S19S_0043_Sed,275.1500444
67,Sample_S19S_0043_Sed,277.0354157
65,Sample_S19S_0043_Sed,277.0717892
64,Sample_S19S_0043_Sed,277.1081544
42,Sample_S19S_0043_Sed,277.1445377
26,Sample_S19S_0043_Sed,278.0670289
63,Sample_S19S_0043_Sed,279.0510516
45,Sample_S19S_0043_Sed,279.0874539
1,Sample_S19S_0043_Sed,279.0908266
12,Sample_S19S_0043_Sed,279.0986672
45,Sample_S19S_0043_Sed,279.1238221
6,Sample_S19S_0043_Sed,279.1271864
2,Sample_S19S_0043_Sed,279.1562152
39,Sample_S19S_0043_Sed,279.160186
27,Sample_S19S_0043_Sed,280.0826921
53,Sample_S19S_0043_Sed,281.0303339
80,Sample_S19S_0043_Sed,281.0666829
39,Sample_S19S_0043_Sed,281.1030502
58,Sample_S19S_0043_Sed,281.1394597
31,Sample_S19S_0043_Sed,281.1758716
67,Sample_S19S_0043_Sed,283.0459554
48,Sample_S19S_0043_Sed,283.0823169
83,Sample_S19S_0043_Sed,283.118715
42,Sample_S19S_0043_Sed,283.1551309
18,Sample_S19S_0043_Sed,283.1915306
2,Sample_S19S_0043_Sed,283.2642602
23,Sample_S19S_0043_Sed,284.0776208
35,Sample_S19S_0043_Sed,285.0404866
51,Sample_S19S_0043_Sed,285.0616357
8,Sample_S19S_0043_Sed,285.0802217
25,Sample_S19S_0043_Sed,285.0980306
18,Sample_S19S_0043_Sed,285.1092216
7,Sample_S19S_0043_Sed,285.1262347
51,Sample_S19S_0043_Sed,285.1343948
44,Sample_S19S_0043_Sed,285.17075
9,Sample_S19S_0043_Sed,285.2071124
67,Sample_S19S_0043_Sed,287.0772537
65,Sample_S19S_0043_Sed,287.1136282
16,Sample_S19S_0043_Sed,287.1248864
55,Sample_S19S_0043_Sed,287.150015
37,Sample_S19S_0043_Sed,287.1864124
13,Sample_S19S_0043_Sed,287.2228145
1,Sample_S19S_0043_Sed,288.1565445
49,Sample_S19S_0043_Sed,289.0354029
59,Sample_S19S_0043_Sed,289.0717704
51,Sample_S19S_0043_Sed,289.0929075
54,Sample_S19S_0043_Sed,289.1292776
42,Sample_S19S_0043_Sed,289.1656738
1,Sample_S19S_0043_Sed,289.9868879
5,Sample_S19S_0043_Sed,290.0882083
11,Sample_S19S_0043_Sed,290.1245994
42,Sample_S19S_0043_Sed,291.0146759
64,Sample_S19S_0043_Sed,291.0510416
49,Sample_S19S_0043_Sed,291.0874132
39,Sample_S19S_0043_Sed,291.1085682
41,Sample_S19S_0043_Sed,291.1237966
37,Sample_S19S_0043_Sed,291.1601932
10,Sample_S19S_0043_Sed,292.1038307
5,Sample_S19S_0043_Sed,292.2129776
58,Sample_S19S_0043_Sed,293.0303357
67,Sample_S19S_0043_Sed,293.0667099
79,Sample_S19S_0043_Sed,293.1030793
6,Sample_S19S_0043_Sed,293.1064492
6,Sample_S19S_0043_Sed,293.1143295
29,Sample_S19S_0043_Sed,293.1242316
59,Sample_S19S_0043_Sed,293.1394564
9,Sample_S19S_0043_Sed,293.1757942
22,Sample_S19S_0043_Sed,294.098304
8,Sample_S19S_0043_Sed,294.1195199
53,Sample_S19S_0043_Sed,295.0459444
85,Sample_S19S_0043_Sed,295.0823376
5,Sample_S19S_0043_Sed,295.1221028
3,Sample_S19S_0043_Sed,295.137392
21,Sample_S19S_0043_Sed,295.1398774
52,Sample_S19S_0043_Sed,295.1550986
21,Sample_S19S_0043_Sed,296.0775656
63,Sample_S19S_0043_Sed,297.0616262
51,Sample_S19S_0043_Sed,297.0980154
3,Sample_S19S_0043_Sed,297.1529844
28,Sample_S19S_0043_Sed,297.1707937
25,Sample_S19S_0043_Sed,298.0932671
44,Sample_S19S_0043_Sed,299.0408894
74,Sample_S19S_0043_Sed,299.0772616
70,Sample_S19S_0043_Sed,299.1136455
70,Sample_S19S_0043_Sed,299.1500243
34,Sample_S19S_0043_Sed,299.1864335
26,Sample_S19S_0043_Sed,300.1089049
19,Sample_S19S_0043_Sed,300.1453117
43,Sample_S19S_0043_Sed,301.0565488
34,Sample_S19S_0043_Sed,301.071792
52,Sample_S19S_0043_Sed,301.092932
48,Sample_S19S_0043_Sed,301.129318
48,Sample_S19S_0043_Sed,301.1656955
33,Sample_S19S_0043_Sed,301.202066
9,Sample_S19S_0043_Sed,302.1357844
9,Sample_S19S_0043_Sed,302.1721713
46,Sample_S19S_0043_Sed,303.0874395
62,Sample_S19S_0043_Sed,303.1085414
53,Sample_S19S_0043_Sed,303.1449308
30,Sample_S19S_0043_Sed,303.1813306
11,Sample_S19S_0043_Sed,304.1402446
50,Sample_S19S_0043_Sed,305.0303157
63,Sample_S19S_0043_Sed,305.0666877
29,Sample_S19S_0043_Sed,305.1242388
26,Sample_S19S_0043_Sed,305.1758605
8,Sample_S19S_0043_Sed,306.1195211
73,Sample_S19S_0043_Sed,307.0459779
54,Sample_S19S_0043_Sed,307.0823737
8,Sample_S19S_0043_Sed,307.0936059
37,Sample_S19S_0043_Sed,307.1187572
3,Sample_S19S_0043_Sed,307.1585022
3,Sample_S19S_0043_Sed,307.194883
36,Sample_S19S_0043_Sed,308.0775973
5,Sample_S19S_0043_Sed,308.098784
25,Sample_S19S_0043_Sed,308.1139545
79,Sample_S19S_0043_Sed,309.0616036
74,Sample_S19S_0043_Sed,309.0979773
8,Sample_S19S_0043_Sed,309.1013433
4,Sample_S19S_0043_Sed,309.1092661
44,Sample_S19S_0043_Sed,309.1707647
5,Sample_S19S_0043_Sed,309.1741269
27,Sample_S19S_0043_Sed,310.0932206
9,Sample_S19S_0043_Sed,310.1508222
49,Sample_S19S_0043_Sed,311.0408991
72,Sample_S19S_0043_Sed,311.0772659
67,Sample_S19S_0043_Sed,311.1500195
37,Sample_S19S_0043_Sed,311.186419
14,Sample_S19S_0043_Sed,311.2228309
28,Sample_S19S_0043_Sed,312.0725103
1,Sample_S19S_0043_Sed,312.9846454
22,Sample_S19S_0043_Sed,313.0353909
52,Sample_S19S_0043_Sed,313.0565398
64,Sample_S19S_0043_Sed,313.0929245
56,Sample_S19S_0043_Sed,313.1293014
3,Sample_S19S_0043_Sed,313.1479364
32,Sample_S19S_0043_Sed,313.2020808
16,Sample_S19S_0043_Sed,313.2384778
34,Sample_S19S_0043_Sed,314.1245573
10,Sample_S19S_0043_Sed,314.1973467
41,Sample_S19S_0043_Sed,315.035781
38,Sample_S19S_0043_Sed,315.0510397
49,Sample_S19S_0043_Sed,315.0721791
17,Sample_S19S_0043_Sed,315.0873994
59,Sample_S19S_0043_Sed,315.1085755
17,Sample_S19S_0043_Sed,315.1198013
55,Sample_S19S_0043_Sed,315.1449559
42,Sample_S19S_0043_Sed,315.1813307
25,Sample_S19S_0043_Sed,315.217727
7,Sample_S19S_0043_Sed,315.2541325
22,Sample_S19S_0043_Sed,316.0826874
10,Sample_S19S_0043_Sed,316.1150331
22,Sample_S19S_0043_Sed,316.1402237
15,Sample_S19S_0043_Sed,316.1514197
8,Sample_S19S_0043_Sed,316.1766274
39,Sample_S19S_0043_Sed,317.0303382
59,Sample_S19S_0043_Sed,317.0666936
12,Sample_S19S_0043_Sed,317.099053
29,Sample_S19S_0043_Sed,317.1030588
48,Sample_S19S_0043_Sed,317.124227
39,Sample_S19S_0043_Sed,317.1394552
45,Sample_S19S_0043_Sed,317.1606071
2,Sample_S19S_0043_Sed,317.2446454
6,Sample_S19S_0043_Sed,318.2286611
15,Sample_S19S_0043_Sed,319.0460069
59,Sample_S19S_0043_Sed,319.0823624
42,Sample_S19S_0043_Sed,319.139868
36,Sample_S19S_0043_Sed,319.1551015
22,Sample_S19S_0043_Sed,320.0776287
17,Sample_S19S_0043_Sed,320.1351354
3,Sample_S19S_0043_Sed,320.2442999
45,Sample_S19S_0043_Sed,321.0252313
59,Sample_S19S_0043_Sed,321.0616406
35,Sample_S19S_0043_Sed,321.0980285
51,Sample_S19S_0043_Sed,321.1343949
38,Sample_S19S_0043_Sed,321.1707672
4,Sample_S19S_0043_Sed,321.2105248
44,Sample_S19S_0043_Sed,323.0408542
76,Sample_S19S_0043_Sed,323.0772527
42,Sample_S19S_0043_Sed,323.1136726
30,Sample_S19S_0043_Sed,324.0725027
11,Sample_S19S_0043_Sed,324.1664479
11,Sample_S19S_0043_Sed,325.0201894
64,Sample_S19S_0043_Sed,325.0565425
77,Sample_S19S_0043_Sed,325.0928926
66,Sample_S19S_0043_Sed,325.1292996
43,Sample_S19S_0043_Sed,325.1657004
1,Sample_S19S_0043_Sed,325.1842438
47,Sample_S19S_0043_Sed,325.2020573
33,Sample_S19S_0043_Sed,326.0881656
18,Sample_S19S_0043_Sed,327.0146798
42,Sample_S19S_0043_Sed,327.035782
34,Sample_S19S_0043_Sed,327.0510536
48,Sample_S19S_0043_Sed,327.0722018
33,Sample_S19S_0043_Sed,327.0874372
60,Sample_S19S_0043_Sed,327.1085831
64,Sample_S19S_0043_Sed,327.1449492
3,Sample_S19S_0043_Sed,327.1636073
6,Sample_S19S_0043_Sed,327.2177565
10,Sample_S19S_0043_Sed,328.1514425
36,Sample_S19S_0043_Sed,329.0303285
25,Sample_S19S_0043_Sed,329.0514722
20,Sample_S19S_0043_Sed,329.0667319
74,Sample_S19S_0043_Sed,329.0878075
30,Sample_S19S_0043_Sed,329.1030905
58,Sample_S19S_0043_Sed,329.1242163
2,Sample_S19S_0043_Sed,329.145371
1,Sample_S19S_0043_Sed,329.152419
36,Sample_S19S_0043_Sed,329.1969687
21,Sample_S19S_0043_Sed,329.2333488
11,Sample_S19S_0043_Sed,330.1670892
11,Sample_S19S_0043_Sed,330.192266
17,Sample_S19S_0043_Sed,331.0095615
27,Sample_S19S_0043_Sed,331.0459941
43,Sample_S19S_0043_Sed,331.0670688
51,Sample_S19S_0043_Sed,331.0823608
37,Sample_S19S_0043_Sed,331.1034998
5,Sample_S19S_0043_Sed,331.114731
21,Sample_S19S_0043_Sed,331.1399002
49,Sample_S19S_0043_Sed,331.1762541
6,Sample_S19S_0043_Sed,331.2126721
1,Sample_S19S_0043_Sed,331.2239268
29,Sample_S19S_0043_Sed,332.0775831
18,Sample_S19S_0043_Sed,332.0987468
22,Sample_S19S_0043_Sed,332.1351167
19,Sample_S19S_0043_Sed,333.0252702
28,Sample_S19S_0043_Sed,333.0616512
53,Sample_S19S_0043_Sed,333.0980074
11,Sample_S19S_0043_Sed,333.1191757
24,Sample_S19S_0043_Sed,333.1344131
23,Sample_S19S_0043_Sed,333.1707943
2,Sample_S19S_0043_Sed,333.2395661
2,Sample_S19S_0043_Sed,333.2565676
17,Sample_S19S_0043_Sed,334.0568812
8,Sample_S19S_0043_Sed,334.1144217
5,Sample_S19S_0043_Sed,334.1508295
3,Sample_S19S_0043_Sed,334.2235949
36,Sample_S19S_0043_Sed,335.0409093
68,Sample_S19S_0043_Sed,335.0772597
25,Sample_S19S_0043_Sed,335.1136067
45,Sample_S19S_0043_Sed,335.150042
28,Sample_S19S_0043_Sed,335.1864245
9,Sample_S19S_0043_Sed,335.2358032
10,Sample_S19S_0043_Sed,336.0725571
2,Sample_S19S_0043_Sed,336.1301036
33,Sample_S19S_0043_Sed,337.0201415
28,Sample_S19S_0043_Sed,337.0564852
12,Sample_S19S_0043_Sed,337.0695448
76,Sample_S19S_0043_Sed,337.0929176
74,Sample_S19S_0043_Sed,337.1292866
22,Sample_S19S_0043_Sed,337.1504428
48,Sample_S19S_0043_Sed,337.1656867
1,Sample_S19S_0043_Sed,338.0518396
39,Sample_S19S_0043_Sed,338.0881798
26,Sample_S19S_0043_Sed,338.1245766
40,Sample_S19S_0043_Sed,339.0357996
77,Sample_S19S_0043_Sed,339.0721726
87,Sample_S19S_0043_Sed,339.1085453
28,Sample_S19S_0043_Sed,339.1449816
39,Sample_S19S_0043_Sed,339.1813533
5,Sample_S19S_0043_Sed,339.1999929
7,Sample_S19S_0043_Sed,340.0674792
37,Sample_S19S_0043_Sed,340.1038147
18,Sample_S19S_0043_Sed,341.0302897
43,Sample_S19S_0043_Sed,341.0514621
78,Sample_S19S_0043_Sed,341.0878109
19,Sample_S19S_0043_Sed,341.100854
26,Sample_S19S_0043_Sed,341.12425
50,Sample_S19S_0043_Sed,341.1606173
5,Sample_S19S_0043_Sed,341.179252
40,Sample_S19S_0043_Sed,341.1969848
31,Sample_S19S_0043_Sed,342.0830768
9,Sample_S19S_0043_Sed,342.1670651
33,Sample_S19S_0043_Sed,343.067113
10,Sample_S19S_0043_Sed,343.0823925
76,Sample_S19S_0043_Sed,343.1034685
13,Sample_S19S_0043_Sed,343.1399075
49,Sample_S19S_0043_Sed,343.1762631
31,Sample_S19S_0043_Sed,343.2126496
14,Sample_S19S_0043_Sed,343.2490426
15,Sample_S19S_0043_Sed,344.0412523
13,Sample_S19S_0043_Sed,344.1715382
5,Sample_S19S_0043_Sed,344.1827031
4,Sample_S19S_0043_Sed,344.1997897
6,Sample_S19S_0043_Sed,344.2442459
28,Sample_S19S_0043_Sed,345.0252491
50,Sample_S19S_0043_Sed,345.0616254
38,Sample_S19S_0043_Sed,345.0827674
42,Sample_S19S_0043_Sed,345.0980089
48,Sample_S19S_0043_Sed,345.1191373
9,Sample_S19S_0043_Sed,345.1344288
34,Sample_S19S_0043_Sed,345.1555412
5,Sample_S19S_0043_Sed,345.1919508
23,Sample_S19S_0043_Sed,345.2282779
16,Sample_S19S_0043_Sed,346.0569005
21,Sample_S19S_0043_Sed,346.1143644
19,Sample_S19S_0043_Sed,346.1507606
3,Sample_S19S_0043_Sed,346.1619628
4,Sample_S19S_0043_Sed,346.2154294
45,Sample_S19S_0043_Sed,347.0408756
69,Sample_S19S_0043_Sed,347.0772564
20,Sample_S19S_0043_Sed,347.0903002
25,Sample_S19S_0043_Sed,347.1136821
21,Sample_S19S_0043_Sed,347.1348045
49,Sample_S19S_0043_Sed,347.1500262
36,Sample_S19S_0043_Sed,347.1711801
4,Sample_S19S_0043_Sed,347.1864695
11,Sample_S19S_0043_Sed,348.0725611
13,Sample_S19S_0043_Sed,348.1300774
12,Sample_S19S_0043_Sed,348.2028318
5,Sample_S19S_0043_Sed,348.231087
33,Sample_S19S_0043_Sed,349.0201636
19,Sample_S19S_0043_Sed,349.1059291
55,Sample_S19S_0043_Sed,349.129303
49,Sample_S19S_0043_Sed,349.1656793
9,Sample_S19S_0043_Sed,349.2021049
31,Sample_S19S_0043_Sed,350.0881844
8,Sample_S19S_0043_Sed,350.1245924
9,Sample_S19S_0043_Sed,350.1457077
8,Sample_S19S_0043_Sed,350.1821173
48,Sample_S19S_0043_Sed,351.0721501
27,Sample_S19S_0043_Sed,351.1085115
28,Sample_S19S_0043_Sed,351.121581
35,Sample_S19S_0043_Sed,351.1449775
34,Sample_S19S_0043_Sed,351.1813076
23,Sample_S19S_0043_Sed,351.2177372
3,Sample_S19S_0043_Sed,351.2210572
10,Sample_S19S_0043_Sed,351.2307319
1,Sample_S19S_0043_Sed,351.2500934
10,Sample_S19S_0043_Sed,352.0674721
34,Sample_S19S_0043_Sed,352.1038206
31,Sample_S19S_0043_Sed,353.0514753
79,Sample_S19S_0043_Sed,353.0878166
15,Sample_S19S_0043_Sed,353.1008561
58,Sample_S19S_0043_Sed,353.124233
37,Sample_S19S_0043_Sed,353.1605629
18,Sample_S19S_0043_Sed,353.1736275
41,Sample_S19S_0043_Sed,353.1970034
4,Sample_S19S_0043_Sed,353.2003494
14,Sample_S19S_0043_Sed,353.2099396
32,Sample_S19S_0043_Sed,354.1194893
21,Sample_S19S_0043_Sed,355.0459559
48,Sample_S19S_0043_Sed,355.0671162
79,Sample_S19S_0043_Sed,355.1034699
20,Sample_S19S_0043_Sed,355.1164999
14,Sample_S19S_0043_Sed,355.1399086
6,Sample_S19S_0043_Sed,355.1584835
57,Sample_S19S_0043_Sed,355.1762476
9,Sample_S19S_0043_Sed,355.2126797
30,Sample_S19S_0043_Sed,356.1715182
19,Sample_S19S_0043_Sed,357.0251986
32,Sample_S19S_0043_Sed,357.061636
54,Sample_S19S_0043_Sed,357.0827228
25,Sample_S19S_0043_Sed,357.0979761
20,Sample_S19S_0043_Sed,357.1110353
73,Sample_S19S_0043_Sed,357.1191097
67,Sample_S19S_0043_Sed,357.1554992
50,Sample_S19S_0043_Sed,357.191896
33,Sample_S19S_0043_Sed,357.2282738
13,Sample_S19S_0043_Sed,358.1871972
4,Sample_S19S_0043_Sed,358.1983945
24,Sample_S19S_0043_Sed,358.2235211
11,Sample_S19S_0043_Sed,359.0409252
33,Sample_S19S_0043_Sed,359.0619959
37,Sample_S19S_0043_Sed,359.077285
21,Sample_S19S_0043_Sed,359.0984239
44,Sample_S19S_0043_Sed,359.1347452
38,Sample_S19S_0043_Sed,359.1500213
4,Sample_S19S_0043_Sed,359.1572531
48,Sample_S19S_0043_Sed,359.1711775
15,Sample_S19S_0043_Sed,359.2074846
1,Sample_S19S_0043_Sed,359.2106313
2,Sample_S19S_0043_Sed,360.1299489
20,Sample_S19S_0043_Sed,360.1664452
9,Sample_S19S_0043_Sed,360.1776328
2,Sample_S19S_0043_Sed,360.1946802
25,Sample_S19S_0043_Sed,361.0201475
33,Sample_S19S_0043_Sed,361.056505
7,Sample_S19S_0043_Sed,361.069538
57,Sample_S19S_0043_Sed,361.0929312
36,Sample_S19S_0043_Sed,361.1140532
62,Sample_S19S_0043_Sed,361.1292859
34,Sample_S19S_0043_Sed,361.1423317
46,Sample_S19S_0043_Sed,361.1504109
26,Sample_S19S_0043_Sed,361.1657046
41,Sample_S19S_0043_Sed,361.186829
11,Sample_S19S_0043_Sed,361.2151155
44,Sample_S19S_0043_Sed,362.0881611
7,Sample_S19S_0043_Sed,362.1093336
10,Sample_S19S_0043_Sed,362.1821174
43,Sample_S19S_0043_Sed,363.0357881
33,Sample_S19S_0043_Sed,363.0722122
56,Sample_S19S_0043_Sed,363.108539
24,Sample_S19S_0043_Sed,363.1215932
28,Sample_S19S_0043_Sed,363.1449786
13,Sample_S19S_0043_Sed,363.1812892
20,Sample_S19S_0043_Sed,363.1943423
6,Sample_S19S_0043_Sed,363.2670624
25,Sample_S19S_0043_Sed,364.0674047
30,Sample_S19S_0043_Sed,364.1038292
15,Sample_S19S_0043_Sed,364.1613157
6,Sample_S19S_0043_Sed,364.2259804
66,Sample_S19S_0043_Sed,365.0878382
25,Sample_S19S_0043_Sed,365.1008669
27,Sample_S19S_0043_Sed,365.1241727
26,Sample_S19S_0043_Sed,365.137244
13,Sample_S19S_0043_Sed,365.1606438
36,Sample_S19S_0043_Sed,365.1969623
20,Sample_S19S_0043_Sed,365.2100088
33,Sample_S19S_0043_Sed,366.0830912
41,Sample_S19S_0043_Sed,366.1194629
65,Sample_S19S_0043_Sed,367.0671094
82,Sample_S19S_0043_Sed,367.1034613
16,Sample_S19S_0043_Sed,367.1165264
3,Sample_S19S_0043_Sed,367.1399195
36,Sample_S19S_0043_Sed,367.1762158
24,Sample_S19S_0043_Sed,367.189277
9,Sample_S19S_0043_Sed,367.1973448
34,Sample_S19S_0043_Sed,367.2126519
6,Sample_S19S_0043_Sed,368.0623951
47,Sample_S19S_0043_Sed,368.0987097
20,Sample_S19S_0043_Sed,369.0463181
33,Sample_S19S_0043_Sed,369.061629
56,Sample_S19S_0043_Sed,369.0827443
12,Sample_S19S_0043_Sed,369.1190631
18,Sample_S19S_0043_Sed,369.1321274
58,Sample_S19S_0043_Sed,369.1555194
22,Sample_S19S_0043_Sed,369.1685393
14,Sample_S19S_0043_Sed,369.1837969
16,Sample_S19S_0043_Sed,369.1918398
29,Sample_S19S_0043_Sed,369.2282876
28,Sample_S19S_0043_Sed,370.1507341
21,Sample_S19S_0043_Sed,371.0408802
43,Sample_S19S_0043_Sed,371.0620102
19,Sample_S19S_0043_Sed,371.0983408
4,Sample_S19S_0043_Sed,371.1113408
51,Sample_S19S_0043_Sed,371.1347918
46,Sample_S19S_0043_Sed,371.171134
32,Sample_S19S_0043_Sed,371.2075705
19,Sample_S19S_0043_Sed,371.2439257
6,Sample_S19S_0043_Sed,371.2803337
26,Sample_S19S_0043_Sed,372.0725108
39,Sample_S19S_0043_Sed,372.1300076
29,Sample_S19S_0043_Sed,372.1663973
16,Sample_S19S_0043_Sed,372.2028242
11,Sample_S19S_0043_Sed,372.2140099
3,Sample_S19S_0043_Sed,372.3038234
16,Sample_S19S_0043_Sed,373.0201141
39,Sample_S19S_0043_Sed,373.0565482
20,Sample_S19S_0043_Sed,373.0776886
31,Sample_S19S_0043_Sed,373.09294
22,Sample_S19S_0043_Sed,373.1059583
36,Sample_S19S_0043_Sed,373.1140108
14,Sample_S19S_0043_Sed,373.1504711
6,Sample_S19S_0043_Sed,373.1729074
41,Sample_S19S_0043_Sed,373.1867821
32,Sample_S19S_0043_Sed,373.2231881
5,Sample_S19S_0043_Sed,373.287836
34,Sample_S19S_0043_Sed,374.1456527
13,Sample_S19S_0043_Sed,374.1820296
15,Sample_S19S_0043_Sed,374.2184652
10,Sample_S19S_0043_Sed,375.0358416
49,Sample_S19S_0043_Sed,375.0721973
18,Sample_S19S_0043_Sed,375.0852221
27,Sample_S19S_0043_Sed,375.0932745
28,Sample_S19S_0043_Sed,375.1297066
52,Sample_S19S_0043_Sed,375.1449442
32,Sample_S19S_0043_Sed,375.1579842
18,Sample_S19S_0043_Sed,375.1660121
32,Sample_S19S_0043_Sed,375.194367
20,Sample_S19S_0043_Sed,376.1249335
6,Sample_S19S_0043_Sed,376.2260146
46,Sample_S19S_0043_Sed,377.0514538
43,Sample_S19S_0043_Sed,377.0877952
15,Sample_S19S_0043_Sed,377.100823
65,Sample_S19S_0043_Sed,377.1241915
23,Sample_S19S_0043_Sed,377.1372608
27,Sample_S19S_0043_Sed,377.1735945
15,Sample_S19S_0043_Sed,377.2099902
13,Sample_S19S_0043_Sed,377.2463996
27,Sample_S19S_0043_Sed,378.0831073
7,Sample_S19S_0043_Sed,378.2052199
3,Sample_S19S_0043_Sed,378.2319507
8,Sample_S19S_0043_Sed,378.2416575
34,Sample_S19S_0043_Sed,379.0307221
13,Sample_S19S_0043_Sed,379.0670295
5,Sample_S19S_0043_Sed,379.0800689
23,Sample_S19S_0043_Sed,379.1165229
67,Sample_S19S_0043_Sed,379.1398402
26,Sample_S19S_0043_Sed,379.1528588
56,Sample_S19S_0043_Sed,379.1762343
32,Sample_S19S_0043_Sed,379.1892722
16,Sample_S19S_0043_Sed,379.2256462
41,Sample_S19S_0043_Sed,380.0987084
5,Sample_S19S_0043_Sed,380.2208704
38,Sample_S19S_0043_Sed,381.0463502
15,Sample_S19S_0043_Sed,381.0826619
6,Sample_S19S_0043_Sed,381.095685
75,Sample_S19S_0043_Sed,381.1191186
23,Sample_S19S_0043_Sed,381.1321708
65,Sample_S19S_0043_Sed,381.1555031
19,Sample_S19S_0043_Sed,381.1684945
34,Sample_S19S_0043_Sed,381.1918695
14,Sample_S19S_0043_Sed,381.204939
1,Sample_S19S_0043_Sed,381.2316122
2,Sample_S19S_0043_Sed,381.2411757
20,Sample_S19S_0043_Sed,382.0779661
3,Sample_S19S_0043_Sed,382.1273741
7,Sample_S19S_0043_Sed,382.1507159
17,Sample_S19S_0043_Sed,383.0619616
75,Sample_S19S_0043_Sed,383.0983806
2,Sample_S19S_0043_Sed,383.1113231
19,Sample_S19S_0043_Sed,383.1266887
19,Sample_S19S_0043_Sed,383.1347075
18,Sample_S19S_0043_Sed,383.1477567
28,Sample_S19S_0043_Sed,383.1711132
18,Sample_S19S_0043_Sed,383.184187
42,Sample_S19S_0043_Sed,383.2075249
32,Sample_S19S_0043_Sed,384.1664077
23,Sample_S19S_0043_Sed,385.0564963
52,Sample_S19S_0043_Sed,385.0776412
39,Sample_S19S_0043_Sed,385.0929264
16,Sample_S19S_0043_Sed,385.1139909
21,Sample_S19S_0043_Sed,385.1423072
28,Sample_S19S_0043_Sed,385.1503825
11,Sample_S19S_0043_Sed,385.1634062
41,Sample_S19S_0043_Sed,385.1868285
11,Sample_S19S_0043_Sed,385.2231361
18,Sample_S19S_0043_Sed,385.2595906
33,Sample_S19S_0043_Sed,386.1820531
31,Sample_S19S_0043_Sed,387.0358113
8,Sample_S19S_0043_Sed,387.0568488
8,Sample_S19S_0043_Sed,387.0721252
12,Sample_S19S_0043_Sed,387.0932457
64,Sample_S19S_0043_Sed,387.1296791
22,Sample_S19S_0043_Sed,387.1579654
8,Sample_S19S_0043_Sed,387.1659841
22,Sample_S19S_0043_Sed,387.19436
41,Sample_S19S_0043_Sed,387.2024406
22,Sample_S19S_0043_Sed,387.2388297
4,Sample_S19S_0043_Sed,388.2987452
26,Sample_S19S_0043_Sed,389.051417
52,Sample_S19S_0043_Sed,389.0878118
18,Sample_S19S_0043_Sed,389.1008827
1,Sample_S19S_0043_Sed,389.1135404
61,Sample_S19S_0043_Sed,389.1242045
21,Sample_S19S_0043_Sed,389.1372295
12,Sample_S19S_0043_Sed,389.1452618
13,Sample_S19S_0043_Sed,389.1605387
29,Sample_S19S_0043_Sed,389.1736085
19,Sample_S19S_0043_Sed,389.1816725
30,Sample_S19S_0043_Sed,389.2180886
1,Sample_S19S_0043_Sed,389.3191703
12,Sample_S19S_0043_Sed,391.0307447
30,Sample_S19S_0043_Sed,391.0670531
27,Sample_S19S_0043_Sed,391.1034381
1,Sample_S19S_0043_Sed,391.1105459
32,Sample_S19S_0043_Sed,391.1398852
20,Sample_S19S_0043_Sed,391.1528412
2,Sample_S19S_0043_Sed,391.1608948
25,Sample_S19S_0043_Sed,391.1762035
17,Sample_S19S_0043_Sed,391.1892281
8,Sample_S19S_0043_Sed,391.2256863
7,Sample_S19S_0043_Sed,391.2620068
1,Sample_S19S_0043_Sed,391.2982703
17,Sample_S19S_0043_Sed,392.06231
38,Sample_S19S_0043_Sed,392.098752
44,Sample_S19S_0043_Sed,392.1351125
9,Sample_S19S_0043_Sed,392.2209084
1,Sample_S19S_0043_Sed,392.2572106
21,Sample_S19S_0043_Sed,393.0463154
59,Sample_S19S_0043_Sed,393.0827628
62,Sample_S19S_0043_Sed,393.1191285
22,Sample_S19S_0043_Sed,393.1321265
23,Sample_S19S_0043_Sed,393.1554711
22,Sample_S19S_0043_Sed,393.1685262
24,Sample_S19S_0043_Sed,393.2049392
1,Sample_S19S_0043_Sed,393.2161336
16,Sample_S19S_0043_Sed,393.2412462
5,Sample_S19S_0043_Sed,393.2776995
18,Sample_S19S_0043_Sed,394.078026
23,Sample_S19S_0043_Sed,394.1144108
2,Sample_S19S_0043_Sed,394.1637274
5,Sample_S19S_0043_Sed,394.2001939
5,Sample_S19S_0043_Sed,394.2268712
5,Sample_S19S_0043_Sed,394.2364931
28,Sample_S19S_0043_Sed,395.0619708
37,Sample_S19S_0043_Sed,395.0984243
18,Sample_S19S_0043_Sed,395.1114167
85,Sample_S19S_0043_Sed,395.1347697
23,Sample_S19S_0043_Sed,395.1477706
35,Sample_S19S_0043_Sed,395.171191
10,Sample_S19S_0043_Sed,395.2075813
2,Sample_S19S_0043_Sed,395.2317962
29,Sample_S19S_0043_Sed,396.0936653
19,Sample_S19S_0043_Sed,396.13006
23,Sample_S19S_0043_Sed,397.0565368
16,Sample_S19S_0043_Sed,397.0775828
9,Sample_S19S_0043_Sed,397.1059758
44,Sample_S19S_0043_Sed,397.1140135
14,Sample_S19S_0043_Sed,397.1270557
67,Sample_S19S_0043_Sed,397.1504225
19,Sample_S19S_0043_Sed,397.1634297
22,Sample_S19S_0043_Sed,397.1867602
12,Sample_S19S_0043_Sed,397.1997808
29,Sample_S19S_0043_Sed,397.2232052
3,Sample_S19S_0043_Sed,397.2265763
45,Sample_S19S_0043_Sed,398.1456531
7,Sample_S19S_0043_Sed,399.0568344
21,Sample_S19S_0043_Sed,399.0721389
12,Sample_S19S_0043_Sed,399.085227
34,Sample_S19S_0043_Sed,399.0932727
44,Sample_S19S_0043_Sed,399.1296635
14,Sample_S19S_0043_Sed,399.1579458
3,Sample_S19S_0043_Sed,399.1659287
11,Sample_S19S_0043_Sed,399.1790309
15,Sample_S19S_0043_Sed,399.1943775
37,Sample_S19S_0043_Sed,399.2024375
15,Sample_S19S_0043_Sed,399.2388025
40,Sample_S19S_0043_Sed,401.0514549
41,Sample_S19S_0043_Sed,401.0878209
38,Sample_S19S_0043_Sed,401.1089631
55,Sample_S19S_0043_Sed,401.1453284
21,Sample_S19S_0043_Sed,401.1736033
16,Sample_S19S_0043_Sed,401.1816514
21,Sample_S19S_0043_Sed,401.2100146
28,Sample_S19S_0043_Sed,401.2180808
15,Sample_S19S_0043_Sed,401.2544603
6,Sample_S19S_0043_Sed,403.0305846
48,Sample_S19S_0043_Sed,403.0671122
33,Sample_S19S_0043_Sed,403.0881974
46,Sample_S19S_0043_Sed,403.1034476
15,Sample_S19S_0043_Sed,403.1164656
24,Sample_S19S_0043_Sed,403.1529106
20,Sample_S19S_0043_Sed,403.1609357
33,Sample_S19S_0043_Sed,403.1973716
14,Sample_S19S_0043_Sed,403.2256482
10,Sample_S19S_0043_Sed,403.2336971
2,Sample_S19S_0043_Sed,403.3347743
20,Sample_S19S_0043_Sed,404.1926065
38,Sample_S19S_0043_Sed,405.0463718
34,Sample_S19S_0043_Sed,405.0827082
16,Sample_S19S_0043_Sed,405.1190623
27,Sample_S19S_0043_Sed,405.1321292
36,Sample_S19S_0043_Sed,405.1555362
30,Sample_S19S_0043_Sed,405.1685606
15,Sample_S19S_0043_Sed,405.2048711
9,Sample_S19S_0043_Sed,405.2412525
7,Sample_S19S_0043_Sed,405.2776864
8,Sample_S19S_0043_Sed,406.2364932
3,Sample_S19S_0043_Sed,406.3092961
10,Sample_S19S_0043_Sed,407.0255705
30,Sample_S19S_0043_Sed,407.0620299
64,Sample_S19S_0043_Sed,407.0983755
9,Sample_S19S_0043_Sed,407.1113661
52,Sample_S19S_0043_Sed,407.1347505
27,Sample_S19S_0043_Sed,407.1477958
2,Sample_S19S_0043_Sed,407.1712237
19,Sample_S19S_0043_Sed,407.2205546
12,Sample_S19S_0043_Sed,407.2568891
38,Sample_S19S_0043_Sed,408.0936661
10,Sample_S19S_0043_Sed,409.0412228
12,Sample_S19S_0043_Sed,409.07757
63,Sample_S19S_0043_Sed,409.1140221
20,Sample_S19S_0043_Sed,409.1270356
68,Sample_S19S_0043_Sed,409.1504235
11,Sample_S19S_0043_Sed,409.1633923
6,Sample_S19S_0043_Sed,409.1787026
13,Sample_S19S_0043_Sed,409.1867344
11,Sample_S19S_0043_Sed,409.1997594
3,Sample_S19S_0043_Sed,409.2110293
39,Sample_S19S_0043_Sed,409.2231724
16,Sample_S19S_0043_Sed,409.236154
8,Sample_S19S_0043_Sed,409.2725381
25,Sample_S19S_0043_Sed,410.0729191
8,Sample_S19S_0043_Sed,410.1092388
2,Sample_S19S_0043_Sed,411.0357156
8,Sample_S19S_0043_Sed,411.0568579
12,Sample_S19S_0043_Sed,411.0721337
49,Sample_S19S_0043_Sed,411.0933142
64,Sample_S19S_0043_Sed,411.1296933
21,Sample_S19S_0043_Sed,411.1426758
20,Sample_S19S_0043_Sed,411.1579879
38,Sample_S19S_0043_Sed,411.1660419
18,Sample_S19S_0043_Sed,411.1790746
4,Sample_S19S_0043_Sed,411.2022993
18,Sample_S19S_0043_Sed,411.2154903
16,Sample_S19S_0043_Sed,412.0885256
2,Sample_S19S_0043_Sed,413.0513424
1,Sample_S19S_0043_Sed,413.072442
48,Sample_S19S_0043_Sed,413.1089345
20,Sample_S19S_0043_Sed,413.1452768
8,Sample_S19S_0043_Sed,413.1583079
20,Sample_S19S_0043_Sed,413.1736056
6,Sample_S19S_0043_Sed,413.1816156
19,Sample_S19S_0043_Sed,413.2180661
21,Sample_S19S_0043_Sed,413.2544798
15,Sample_S19S_0043_Sed,415.0306688
31,Sample_S19S_0043_Sed,415.0881916
13,Sample_S19S_0043_Sed,415.1164835
19,Sample_S19S_0043_Sed,415.1245406
12,Sample_S19S_0043_Sed,415.1529316
43,Sample_S19S_0043_Sed,415.1609859
36,Sample_S19S_0043_Sed,415.1973464
7,Sample_S19S_0043_Sed,415.219815
12,Sample_S19S_0043_Sed,415.2336924
20,Sample_S19S_0043_Sed,417.0463346
14,Sample_S19S_0043_Sed,417.0826722
53,Sample_S19S_0043_Sed,417.1191101
30,Sample_S19S_0043_Sed,417.1321667
28,Sample_S19S_0043_Sed,417.1402188
40,Sample_S19S_0043_Sed,417.1555165
3,Sample_S19S_0043_Sed,417.1627099
32,Sample_S19S_0043_Sed,417.1685514
16,Sample_S19S_0043_Sed,417.1765666
12,Sample_S19S_0043_Sed,417.2048604
5,Sample_S19S_0043_Sed,417.2128787
12,Sample_S19S_0043_Sed,419.0256123
29,Sample_S19S_0043_Sed,419.0619721
5,Sample_S19S_0043_Sed,419.0982983
4,Sample_S19S_0043_Sed,419.1113471
59,Sample_S19S_0043_Sed,419.1347745
19,Sample_S19S_0043_Sed,419.1478319
27,Sample_S19S_0043_Sed,419.1711927
31,Sample_S19S_0043_Sed,419.1842051
15,Sample_S19S_0043_Sed,419.2205119
2,Sample_S19S_0043_Sed,419.3296987
7,Sample_S19S_0043_Sed,420.2521315
4,Sample_S19S_0043_Sed,420.2885838
20,Sample_S19S_0043_Sed,421.0412704
10,Sample_S19S_0043_Sed,421.0777047
65,Sample_S19S_0043_Sed,421.1140346
13,Sample_S19S_0043_Sed,421.1270174
1,Sample_S19S_0043_Sed,421.1552081
28,Sample_S19S_0043_Sed,421.1634511
4,Sample_S19S_0043_Sed,421.2265386
13,Sample_S19S_0043_Sed,421.2362004
18,Sample_S19S_0043_Sed,422.0728802
6,Sample_S19S_0043_Sed,422.2031632
16,Sample_S19S_0043_Sed,423.093231
70,Sample_S19S_0043_Sed,423.1296813
14,Sample_S19S_0043_Sed,423.1426961
13,Sample_S19S_0043_Sed,423.1661225
26,Sample_S19S_0043_Sed,423.179095
43,Sample_S19S_0043_Sed,423.2024382
4,Sample_S19S_0043_Sed,423.2387546
3,Sample_S19S_0043_Sed,423.2517315
18,Sample_S19S_0043_Sed,425.0361852
31,Sample_S19S_0043_Sed,425.1089252
7,Sample_S19S_0043_Sed,425.1453873
16,Sample_S19S_0043_Sed,425.1583275
42,Sample_S19S_0043_Sed,425.1816982
16,Sample_S19S_0043_Sed,425.1947046
2,Sample_S19S_0043_Sed,425.2178813
20,Sample_S19S_0043_Sed,427.088175
10,Sample_S19S_0043_Sed,427.1165345
54,Sample_S19S_0043_Sed,427.1245871
2,Sample_S19S_0043_Sed,427.1610597
33,Sample_S19S_0043_Sed,427.1973395
25,Sample_S19S_0043_Sed,427.2337286
15,Sample_S19S_0043_Sed,429.0463286
22,Sample_S19S_0043_Sed,429.067488
1,Sample_S19S_0043_Sed,429.1039457
47,Sample_S19S_0043_Sed,429.1402424
25,Sample_S19S_0043_Sed,429.1685491
22,Sample_S19S_0043_Sed,429.1765924
29,Sample_S19S_0043_Sed,429.2129876
20,Sample_S19S_0043_Sed,429.2494299
7,Sample_S19S_0043_Sed,431.0256563
32,Sample_S19S_0043_Sed,431.0620177
44,Sample_S19S_0043_Sed,431.098388
9,Sample_S19S_0043_Sed,431.1113826
12,Sample_S19S_0043_Sed,431.1194411
23,Sample_S19S_0043_Sed,431.1477957
15,Sample_S19S_0043_Sed,431.1558407
24,Sample_S19S_0043_Sed,431.1711879
20,Sample_S19S_0043_Sed,431.1922364
5,Sample_S19S_0043_Sed,431.2206124
16,Sample_S19S_0043_Sed,431.2286229
1,Sample_S19S_0043_Sed,431.3661508
4,Sample_S19S_0043_Sed,432.1876103
24,Sample_S19S_0043_Sed,433.0412948
43,Sample_S19S_0043_Sed,433.077665
9,Sample_S19S_0043_Sed,433.0906617
12,Sample_S19S_0043_Sed,433.1139658
6,Sample_S19S_0043_Sed,433.1269982
13,Sample_S19S_0043_Sed,433.1503758
27,Sample_S19S_0043_Sed,433.1634586
8,Sample_S19S_0043_Sed,433.1998888
8,Sample_S19S_0043_Sed,433.2361951
4,Sample_S19S_0043_Sed,433.3089812
11,Sample_S19S_0043_Sed,434.2677929
18,Sample_S19S_0043_Sed,435.0569041
55,Sample_S19S_0043_Sed,435.093324
19,Sample_S19S_0043_Sed,435.1296329
9,Sample_S19S_0043_Sed,435.1426364
12,Sample_S19S_0043_Sed,435.1659973
25,Sample_S19S_0043_Sed,435.1790631
15,Sample_S19S_0043_Sed,435.2155119
17,Sample_S19S_0043_Sed,435.25188
5,Sample_S19S_0043_Sed,436.2470837
14,Sample_S19S_0043_Sed,437.0361523
14,Sample_S19S_0043_Sed,437.1088959
3,Sample_S19S_0043_Sed,437.1219003
38,Sample_S19S_0043_Sed,437.1453651
26,Sample_S19S_0043_Sed,437.158378
41,Sample_S19S_0043_Sed,437.1817485
17,Sample_S19S_0043_Sed,437.1946984
7,Sample_S19S_0043_Sed,437.2180272
16,Sample_S19S_0043_Sed,437.2310601
4,Sample_S19S_0043_Sed,439.051737
53,Sample_S19S_0043_Sed,439.1246064
24,Sample_S19S_0043_Sed,439.1609425
14,Sample_S19S_0043_Sed,439.1973056
4,Sample_S19S_0043_Sed,439.246834
19,Sample_S19S_0043_Sed,441.1039049
38,Sample_S19S_0043_Sed,441.1402285
12,Sample_S19S_0043_Sed,441.168514
16,Sample_S19S_0043_Sed,441.1765589
9,Sample_S19S_0043_Sed,441.1895875
12,Sample_S19S_0043_Sed,441.2129575
7,Sample_S19S_0043_Sed,441.2494531
7,Sample_S19S_0043_Sed,443.0255061
8,Sample_S19S_0043_Sed,443.061884
13,Sample_S19S_0043_Sed,443.0830557
16,Sample_S19S_0043_Sed,443.0984287
11,Sample_S19S_0043_Sed,443.1114516
42,Sample_S19S_0043_Sed,443.119518
8,Sample_S19S_0043_Sed,443.1478565
42,Sample_S19S_0043_Sed,443.1558944
23,Sample_S19S_0043_Sed,443.1841796
13,Sample_S19S_0043_Sed,443.1922057
6,Sample_S19S_0043_Sed,443.2285235
17,Sample_S19S_0043_Sed,443.2650816
24,Sample_S19S_0043_Sed,445.0776178
6,Sample_S19S_0043_Sed,445.127011
26,Sample_S19S_0043_Sed,445.1634705
38,Sample_S19S_0043_Sed,445.1715289
32,Sample_S19S_0043_Sed,445.2079177
19,Sample_S19S_0043_Sed,445.2442897
8,Sample_S19S_0043_Sed,446.0728598
5,Sample_S19S_0043_Sed,446.2031197
3,Sample_S19S_0043_Sed,447.056785
8,Sample_S19S_0043_Sed,447.09323
24,Sample_S19S_0043_Sed,447.1427418
45,Sample_S19S_0043_Sed,447.1660641
27,Sample_S19S_0043_Sed,447.179104
10,Sample_S19S_0043_Sed,447.2154152
2,Sample_S19S_0043_Sed,447.3609879
6,Sample_S19S_0043_Sed,449.0360637
11,Sample_S19S_0043_Sed,449.0724952
31,Sample_S19S_0043_Sed,449.1583358
3,Sample_S19S_0043_Sed,449.1735875
6,Sample_S19S_0043_Sed,449.1946593
14,Sample_S19S_0043_Sed,449.2310912
4,Sample_S19S_0043_Sed,450.1898917
9,Sample_S19S_0043_Sed,451.0517204
22,Sample_S19S_0043_Sed,451.0881744
33,Sample_S19S_0043_Sed,451.124616
21,Sample_S19S_0043_Sed,451.1376081
12,Sample_S19S_0043_Sed,451.1739524
1,Sample_S19S_0043_Sed,451.1916101
4,Sample_S19S_0043_Sed,451.1972791
5,Sample_S19S_0043_Sed,451.2103087
8,Sample_S19S_0043_Sed,451.2336787
12,Sample_S19S_0043_Sed,451.2467303
7,Sample_S19S_0043_Sed,451.2944141
13,Sample_S19S_0043_Sed,452.1692639
7,Sample_S19S_0043_Sed,453.0673983
7,Sample_S19S_0043_Sed,453.1037558
26,Sample_S19S_0043_Sed,453.140211
49,Sample_S19S_0043_Sed,453.1766436
21,Sample_S19S_0043_Sed,453.1896338
14,Sample_S19S_0043_Sed,453.2259797
5,Sample_S19S_0043_Sed,455.025566
31,Sample_S19S_0043_Sed,455.0831528
21,Sample_S19S_0043_Sed,455.1194736
13,Sample_S19S_0043_Sed,455.14777
3,Sample_S19S_0043_Sed,455.1558023
5,Sample_S19S_0043_Sed,455.1921775
4,Sample_S19S_0043_Sed,455.2285132
18,Sample_S19S_0043_Sed,455.2650512
16,Sample_S19S_0043_Sed,457.0412916
12,Sample_S19S_0043_Sed,457.0776174
6,Sample_S19S_0043_Sed,457.0986905
13,Sample_S19S_0043_Sed,457.1139922
8,Sample_S19S_0043_Sed,457.1350642
26,Sample_S19S_0043_Sed,457.1715231
11,Sample_S19S_0043_Sed,457.1998933
29,Sample_S19S_0043_Sed,457.2079257
11,Sample_S19S_0043_Sed,457.2362399
10,Sample_S19S_0043_Sed,457.2442623
3,Sample_S19S_0043_Sed,457.280565
11,Sample_S19S_0043_Sed,459.0568713
33,Sample_S19S_0043_Sed,459.1296693
29,Sample_S19S_0043_Sed,459.142719
26,Sample_S19S_0043_Sed,459.1661042
32,Sample_S19S_0043_Sed,459.1872169
8,Sample_S19S_0043_Sed,459.2155229
12,Sample_S19S_0043_Sed,459.2235091
4,Sample_S19S_0043_Sed,459.2598321
10,Sample_S19S_0043_Sed,461.0725007
5,Sample_S19S_0043_Sed,461.1088271
26,Sample_S19S_0043_Sed,461.1583343
9,Sample_S19S_0043_Sed,461.1948089
11,Sample_S19S_0043_Sed,461.2027689
27,Sample_S19S_0043_Sed,461.2311454
18,Sample_S19S_0043_Sed,463.0518315
23,Sample_S19S_0043_Sed,463.0881954
6,Sample_S19S_0043_Sed,463.124491
8,Sample_S19S_0043_Sed,463.1739081
27,Sample_S19S_0043_Sed,463.210366
17,Sample_S19S_0043_Sed,463.2467901
4,Sample_S19S_0043_Sed,465.06738
23,Sample_S19S_0043_Sed,465.1038259
22,Sample_S19S_0043_Sed,465.1532935
25,Sample_S19S_0043_Sed,465.1896305
9,Sample_S19S_0043_Sed,465.2259434
24,Sample_S19S_0043_Sed,467.0831629
27,Sample_S19S_0043_Sed,467.1195422
15,Sample_S19S_0043_Sed,467.1558326
17,Sample_S19S_0043_Sed,467.2052403
25,Sample_S19S_0043_Sed,467.2286363
10,Sample_S19S_0043_Sed,469.0412947
9,Sample_S19S_0043_Sed,469.0986993
5,Sample_S19S_0043_Sed,469.1350525
2,Sample_S19S_0043_Sed,469.1843946
23,Sample_S19S_0043_Sed,469.2078959
26,Sample_S19S_0043_Sed,469.2442937
20,Sample_S19S_0043_Sed,471.0569384
11,Sample_S19S_0043_Sed,471.093255
17,Sample_S19S_0043_Sed,471.1790652
15,Sample_S19S_0043_Sed,471.1871307
21,Sample_S19S_0043_Sed,471.2235442
18,Sample_S19S_0043_Sed,473.0726032
19,Sample_S19S_0043_Sed,473.0937108
15,Sample_S19S_0043_Sed,473.121993
9,Sample_S19S_0043_Sed,473.1946924
6,Sample_S19S_0043_Sed,473.2027392
18,Sample_S19S_0043_Sed,473.2392065
14,Sample_S19S_0043_Sed,475.0881586
20,Sample_S19S_0043_Sed,475.1376596
47,Sample_S19S_0043_Sed,475.1609843
26,Sample_S19S_0043_Sed,475.1739813
4,Sample_S19S_0043_Sed,475.2103074
1,Sample_S19S_0043_Sed,475.3559777
16,Sample_S19S_0043_Sed,477.0674882
2,Sample_S19S_0043_Sed,477.1401075
5,Sample_S19S_0043_Sed,477.1531747
8,Sample_S19S_0043_Sed,477.1895617
25,Sample_S19S_0043_Sed,477.2260597
11,Sample_S19S_0043_Sed,477.262427
1,Sample_S19S_0043_Sed,479.0466033
21,Sample_S19S_0043_Sed,479.1194663
41,Sample_S19S_0043_Sed,479.1559168
8,Sample_S19S_0043_Sed,479.1689644
21,Sample_S19S_0043_Sed,479.2053091
17,Sample_S19S_0043_Sed,479.2416827
8,Sample_S19S_0043_Sed,480.151082
28,Sample_S19S_0043_Sed,481.0987747
41,Sample_S19S_0043_Sed,481.1351677
10,Sample_S19S_0043_Sed,481.1634867
16,Sample_S19S_0043_Sed,481.1845085
8,Sample_S19S_0043_Sed,481.2208584
23,Sample_S19S_0043_Sed,483.1144642
12,Sample_S19S_0043_Sed,483.2001521
5,Sample_S19S_0043_Sed,483.2234722
8,Sample_S19S_0043_Sed,483.2364995
2,Sample_S19S_0043_Sed,483.259746
7,Sample_S19S_0043_Sed,485.0724465
7,Sample_S19S_0043_Sed,485.1584131
5,Sample_S19S_0043_Sed,485.2390821
1,Sample_S19S_0043_Sed,485.275439
2,Sample_S19S_0043_Sed,487.088118
8,Sample_S19S_0043_Sed,487.1740711
6,Sample_S19S_0043_Sed,487.2104698
21,Sample_S19S_0043_Sed,487.2184679
16,Sample_S19S_0043_Sed,487.254845
17,Sample_S19S_0043_Sed,489.1039118
17,Sample_S19S_0043_Sed,489.1402055
8,Sample_S19S_0043_Sed,489.1895365
5,Sample_S19S_0043_Sed,489.2259164
5,Sample_S19S_0043_Sed,489.2623275
10,Sample_S19S_0043_Sed,491.0830123
4,Sample_S19S_0043_Sed,491.1193786
8,Sample_S19S_0043_Sed,491.1558203
6,Sample_S19S_0043_Sed,491.2053832
6,Sample_S19S_0043_Sed,491.2417678
10,Sample_S19S_0043_Sed,493.098712
46,Sample_S19S_0043_Sed,493.1351653
6,Sample_S19S_0043_Sed,493.1846305
17,Sample_S19S_0043_Sed,493.2209368
1,Sample_S19S_0043_Sed,493.2418569
7,Sample_S19S_0043_Sed,493.2572378
1,Sample_S19S_0043_Sed,493.2935422
2,Sample_S19S_0043_Sed,495.1427989
34,Sample_S19S_0043_Sed,495.1507984
9,Sample_S19S_0043_Sed,495.2001254
9,Sample_S19S_0043_Sed,495.2365338
2,Sample_S19S_0043_Sed,497.2157304
14,Sample_S19S_0043_Sed,499.2184243
2,Sample_S19S_0043_Sed,499.2546595
3,Sample_S19S_0043_Sed,501.1037301
23,Sample_S19S_0043_Sed,501.1896846
16,Sample_S19S_0043_Sed,501.2341074
13,Sample_S19S_0043_Sed,501.2705063
6,Sample_S19S_0043_Sed,503.2051842
6,Sample_S19S_0043_Sed,503.2415628
3,Sample_S19S_0043_Sed,505.0622503
8,Sample_S19S_0043_Sed,505.098662
6,Sample_S19S_0043_Sed,505.1350781
11,Sample_S19S_0043_Sed,505.1846129
7,Sample_S19S_0043_Sed,505.221033
13,Sample_S19S_0043_Sed,505.2573293
11,Sample_S19S_0043_Sed,507.0780238
23,Sample_S19S_0043_Sed,507.1144464
11,Sample_S19S_0043_Sed,507.2001826
8,Sample_S19S_0043_Sed,507.2364864
3,Sample_S19S_0043_Sed,507.2728559
3,Sample_S19S_0043_Sed,509.1219812
21,Sample_S19S_0043_Sed,509.1300451
9,Sample_S19S_0043_Sed,509.2157568
10,Sample_S19S_0043_Sed,509.2522003
2,Sample_S19S_0043_Sed,509.3766895
1,Sample_S19S_0043_Sed,511.1375472
5,Sample_S19S_0043_Sed,511.2547768
4,Sample_S19S_0043_Sed,513.2704612
21,Sample_S19S_0043_Sed,515.1194964
1,Sample_S19S_0043_Sed,515.2495874
11,Sample_S19S_0043_Sed,517.2208996
24,Sample_S19S_0043_Sed,519.2002386
6,Sample_S19S_0043_Sed,519.2730269
2,Sample_S19S_0043_Sed,521.2157156
8,Sample_S19S_0043_Sed,521.2521448
1,Sample_S19S_0043_Sed,521.2731032
6,Sample_S19S_0043_Sed,521.288516
12,Sample_S19S_0043_Sed,523.231536
1,Sample_S19S_0043_Sed,527.28601
5,Sample_S19S_0043_Sed,529.3017656
1,Sample_S19S_0043_Sed,531.1597187
4,Sample_S19S_0043_Sed,533.2156961
6,Sample_S19S_0043_Sed,535.2314389
4,Sample_S19S_0043_Sed,537.247225
3,Sample_S19S_0043_Sed,541.2652897
10,Sample_S19S_0043_Sed,545.2159419
1,Sample_S19S_0043_Sed,545.2523758
12,Sample_S19S_0043_Sed,547.2315171
10,Sample_S19S_0043_Sed,547.2678735
1,Sample_S19S_0043_Sed,549.283364
6,Sample_S19S_0043_Sed,563.2627092
7,Sample_S19S_0043_Sed,565.2420146
1,Sample_S19S_0043_Sed,565.4392372
1,Sample_S19S_0043_Sed,581.4341369
3,Sample_S19S_0043_Sed,585.2915587
4,Sample_S19S_0043_Sed,597.4291056
