num.trans.involved.in,sample,peak
3,Sample_S19S_0034_Sed,241.0466195
9,Sample_S19S_0034_Sed,241.1081087
9,Sample_S19S_0034_Sed,241.1445007
29,Sample_S19S_0034_Sed,241.1809156
4,Sample_S19S_0034_Sed,242.0670034
13,Sample_S19S_0034_Sed,242.139775
6,Sample_S19S_0034_Sed,242.1761465
9,Sample_S19S_0034_Sed,243.0873816
9,Sample_S19S_0034_Sed,243.1237626
19,Sample_S19S_0034_Sed,243.1601665
26,Sample_S19S_0034_Sed,243.1965883
3,Sample_S19S_0034_Sed,245.0489119
45,Sample_S19S_0034_Sed,245.1030642
3,Sample_S19S_0034_Sed,245.1142776
23,Sample_S19S_0034_Sed,245.1394342
4,Sample_S19S_0034_Sed,246.1095509
45,Sample_S19S_0034_Sed,247.0823368
5,Sample_S19S_0034_Sed,247.0935696
39,Sample_S19S_0034_Sed,247.118733
5,Sample_S19S_0034_Sed,247.1703275
2,Sample_S19S_0034_Sed,249.0227066
19,Sample_S19S_0034_Sed,249.1132224
34,Sample_S19S_0034_Sed,249.1496147
8,Sample_S19S_0034_Sed,250.1448617
5,Sample_S19S_0034_Sed,251.0594793
1,Sample_S19S_0034_Sed,251.0785764
6,Sample_S19S_0034_Sed,251.0958765
32,Sample_S19S_0034_Sed,251.1289035
32,Sample_S19S_0034_Sed,251.1652673
4,Sample_S19S_0034_Sed,252.9989785
17,Sample_S19S_0034_Sed,253.1081345
48,Sample_S19S_0034_Sed,253.1445337
9,Sample_S19S_0034_Sed,254.1398205
27,Sample_S19S_0034_Sed,255.0510433
2,Sample_S19S_0034_Sed,255.0622462
63,Sample_S19S_0034_Sed,255.0874163
22,Sample_S19S_0034_Sed,255.1237776
44,Sample_S19S_0034_Sed,255.1602018
33,Sample_S19S_0034_Sed,255.1965909
15,Sample_S19S_0034_Sed,255.2329705
37,Sample_S19S_0034_Sed,257.0666765
31,Sample_S19S_0034_Sed,257.1030521
54,Sample_S19S_0034_Sed,257.1394516
36,Sample_S19S_0034_Sed,257.175834
26,Sample_S19S_0034_Sed,257.2122374
12,Sample_S19S_0034_Sed,258.1347123
8,Sample_S19S_0034_Sed,259.1009624
49,Sample_S19S_0034_Sed,259.1187072
5,Sample_S19S_0034_Sed,259.1299532
25,Sample_S19S_0034_Sed,259.1914889
51,Sample_S19S_0034_Sed,261.1343647
1,Sample_S19S_0034_Sed,261.9555802
29,Sample_S19S_0034_Sed,263.128908
33,Sample_S19S_0034_Sed,263.1652771
1,Sample_S19S_0034_Sed,264.0473979
15,Sample_S19S_0034_Sed,264.1605215
3,Sample_S19S_0034_Sed,265.0578564
24,Sample_S19S_0034_Sed,265.0717855
8,Sample_S19S_0034_Sed,265.1479151
9,Sample_S19S_0034_Sed,265.1575521
19,Sample_S19S_0034_Sed,265.1809039
3,Sample_S19S_0034_Sed,266.089493
27,Sample_S19S_0034_Sed,267.0510336
4,Sample_S19S_0034_Sed,267.0735078
45,Sample_S19S_0034_Sed,267.0874299
64,Sample_S19S_0034_Sed,267.123805
46,Sample_S19S_0034_Sed,267.1601848
38,Sample_S19S_0034_Sed,267.1965985
37,Sample_S19S_0034_Sed,269.0666802
49,Sample_S19S_0034_Sed,269.1030627
54,Sample_S19S_0034_Sed,269.1394657
45,Sample_S19S_0034_Sed,269.1758579
29,Sample_S19S_0034_Sed,269.2122378
7,Sample_S19S_0034_Sed,271.0645721
36,Sample_S19S_0034_Sed,271.0823212
63,Sample_S19S_0034_Sed,271.118718
41,Sample_S19S_0034_Sed,271.1551343
42,Sample_S19S_0034_Sed,271.1914941
27,Sample_S19S_0034_Sed,271.227892
13,Sample_S19S_0034_Sed,272.1504094
4,Sample_S19S_0034_Sed,273.0802466
48,Sample_S19S_0034_Sed,273.0979879
7,Sample_S19S_0034_Sed,273.109239
40,Sample_S19S_0034_Sed,273.1343844
46,Sample_S19S_0034_Sed,273.1707658
7,Sample_S19S_0034_Sed,274.0932637
5,Sample_S19S_0034_Sed,275.0958927
44,Sample_S19S_0034_Sed,275.1136274
37,Sample_S19S_0034_Sed,275.1500444
11,Sample_S19S_0034_Sed,276.108923
5,Sample_S19S_0034_Sed,277.1115453
42,Sample_S19S_0034_Sed,277.1445377
1,Sample_S19S_0034_Sed,278.0630512
22,Sample_S19S_0034_Sed,279.0874539
2,Sample_S19S_0034_Sed,279.0986672
41,Sample_S19S_0034_Sed,279.1238221
8,Sample_S19S_0034_Sed,279.1271864
2,Sample_S19S_0034_Sed,279.1562152
47,Sample_S19S_0034_Sed,279.160186
8,Sample_S19S_0034_Sed,281.0303339
32,Sample_S19S_0034_Sed,281.0666829
22,Sample_S19S_0034_Sed,281.1030502
60,Sample_S19S_0034_Sed,281.1394597
4,Sample_S19S_0034_Sed,281.1428472
38,Sample_S19S_0034_Sed,281.1758716
2,Sample_S19S_0034_Sed,282.0844159
10,Sample_S19S_0034_Sed,282.1347472
28,Sample_S19S_0034_Sed,283.0459554
21,Sample_S19S_0034_Sed,283.0823169
66,Sample_S19S_0034_Sed,283.118715
45,Sample_S19S_0034_Sed,283.1551309
24,Sample_S19S_0034_Sed,283.1915306
2,Sample_S19S_0034_Sed,283.2642602
6,Sample_S19S_0034_Sed,285.1262347
44,Sample_S19S_0034_Sed,285.1343948
52,Sample_S19S_0034_Sed,285.17075
11,Sample_S19S_0034_Sed,285.2071124
40,Sample_S19S_0034_Sed,287.0772537
53,Sample_S19S_0034_Sed,287.1136282
62,Sample_S19S_0034_Sed,287.150015
44,Sample_S19S_0034_Sed,287.1864124
21,Sample_S19S_0034_Sed,287.2228145
36,Sample_S19S_0034_Sed,289.0929075
9,Sample_S19S_0034_Sed,289.1115236
47,Sample_S19S_0034_Sed,289.1292776
29,Sample_S19S_0034_Sed,289.1445478
46,Sample_S19S_0034_Sed,289.1656738
1,Sample_S19S_0034_Sed,289.9868879
10,Sample_S19S_0034_Sed,290.1245994
2,Sample_S19S_0034_Sed,291.0907683
34,Sample_S19S_0034_Sed,291.1237966
36,Sample_S19S_0034_Sed,291.1601932
5,Sample_S19S_0034_Sed,292.1038307
7,Sample_S19S_0034_Sed,292.2129776
7,Sample_S19S_0034_Sed,293.1064492
2,Sample_S19S_0034_Sed,293.1143295
55,Sample_S19S_0034_Sed,293.1394564
8,Sample_S19S_0034_Sed,293.1757942
1,Sample_S19S_0034_Sed,294.9989495
19,Sample_S19S_0034_Sed,295.0459444
47,Sample_S19S_0034_Sed,295.0823376
63,Sample_S19S_0034_Sed,295.1187213
57,Sample_S19S_0034_Sed,295.1550986
7,Sample_S19S_0034_Sed,295.1584873
43,Sample_S19S_0034_Sed,295.1914926
28,Sample_S19S_0034_Sed,297.0980154
34,Sample_S19S_0034_Sed,297.1344063
5,Sample_S19S_0034_Sed,297.1529844
30,Sample_S19S_0034_Sed,297.1707937
14,Sample_S19S_0034_Sed,297.2071894
23,Sample_S19S_0034_Sed,297.2435585
2,Sample_S19S_0034_Sed,299.0197546
27,Sample_S19S_0034_Sed,299.0772616
56,Sample_S19S_0034_Sed,299.1136455
69,Sample_S19S_0034_Sed,299.1500243
43,Sample_S19S_0034_Sed,299.1864335
17,Sample_S19S_0034_Sed,299.2228305
11,Sample_S19S_0034_Sed,299.2592121
29,Sample_S19S_0034_Sed,301.092932
37,Sample_S19S_0034_Sed,301.129318
13,Sample_S19S_0034_Sed,301.1445638
45,Sample_S19S_0034_Sed,301.1656955
42,Sample_S19S_0034_Sed,301.202066
5,Sample_S19S_0034_Sed,302.1357844
48,Sample_S19S_0034_Sed,303.1085414
54,Sample_S19S_0034_Sed,303.1449308
36,Sample_S19S_0034_Sed,303.1813306
22,Sample_S19S_0034_Sed,303.2177327
30,Sample_S19S_0034_Sed,305.1030852
23,Sample_S19S_0034_Sed,305.1242388
32,Sample_S19S_0034_Sed,305.1758605
4,Sample_S19S_0034_Sed,306.192305
25,Sample_S19S_0034_Sed,307.1187572
42,Sample_S19S_0034_Sed,307.1551342
40,Sample_S19S_0034_Sed,307.1915179
4,Sample_S19S_0034_Sed,308.1351748
38,Sample_S19S_0034_Sed,309.0979773
8,Sample_S19S_0034_Sed,309.1013433
59,Sample_S19S_0034_Sed,309.1343649
4,Sample_S19S_0034_Sed,309.1530159
53,Sample_S19S_0034_Sed,309.1707647
3,Sample_S19S_0034_Sed,309.1741269
24,Sample_S19S_0034_Sed,309.2071806
8,Sample_S19S_0034_Sed,310.1508222
3,Sample_S19S_0034_Sed,311.0197516
25,Sample_S19S_0034_Sed,311.0772659
67,Sample_S19S_0034_Sed,311.1136352
66,Sample_S19S_0034_Sed,311.1500195
1,Sample_S19S_0034_Sed,311.1686157
44,Sample_S19S_0034_Sed,311.186419
19,Sample_S19S_0034_Sed,311.2228309
12,Sample_S19S_0034_Sed,312.1453188
1,Sample_S19S_0034_Sed,312.9846454
26,Sample_S19S_0034_Sed,313.0929245
42,Sample_S19S_0034_Sed,313.1293014
1,Sample_S19S_0034_Sed,313.1729347
41,Sample_S19S_0034_Sed,313.2020808
22,Sample_S19S_0034_Sed,313.2384778
12,Sample_S19S_0034_Sed,314.1973467
33,Sample_S19S_0034_Sed,315.1085755
50,Sample_S19S_0034_Sed,315.1449559
49,Sample_S19S_0034_Sed,315.1813307
4,Sample_S19S_0034_Sed,315.1966265
38,Sample_S19S_0034_Sed,315.217727
4,Sample_S19S_0034_Sed,315.2290147
13,Sample_S19S_0034_Sed,315.2541325
19,Sample_S19S_0034_Sed,316.1402237
7,Sample_S19S_0034_Sed,316.1514197
7,Sample_S19S_0034_Sed,316.2130272
34,Sample_S19S_0034_Sed,317.124227
32,Sample_S19S_0034_Sed,317.1394552
47,Sample_S19S_0034_Sed,317.1606071
40,Sample_S19S_0034_Sed,317.1969836
2,Sample_S19S_0034_Sed,317.2446454
7,Sample_S19S_0034_Sed,318.2286611
10,Sample_S19S_0034_Sed,319.0857041
34,Sample_S19S_0034_Sed,319.1551015
14,Sample_S19S_0034_Sed,320.1351354
14,Sample_S19S_0034_Sed,320.1715427
4,Sample_S19S_0034_Sed,320.2442999
36,Sample_S19S_0034_Sed,321.1707672
1,Sample_S19S_0034_Sed,322.1872255
23,Sample_S19S_0034_Sed,323.1136726
49,Sample_S19S_0034_Sed,323.1500462
3,Sample_S19S_0034_Sed,323.1686736
51,Sample_S19S_0034_Sed,323.1864241
13,Sample_S19S_0034_Sed,324.1664479
7,Sample_S19S_0034_Sed,324.2028461
12,Sample_S19S_0034_Sed,325.0565425
36,Sample_S19S_0034_Sed,325.0928926
47,Sample_S19S_0034_Sed,325.1292996
47,Sample_S19S_0034_Sed,325.1657004
1,Sample_S19S_0034_Sed,325.1842438
56,Sample_S19S_0034_Sed,325.2020573
14,Sample_S19S_0034_Sed,327.0722018
29,Sample_S19S_0034_Sed,327.1085831
54,Sample_S19S_0034_Sed,327.1449492
2,Sample_S19S_0034_Sed,327.1636073
1,Sample_S19S_0034_Sed,327.1801504
7,Sample_S19S_0034_Sed,327.2177565
17,Sample_S19S_0034_Sed,328.140231
5,Sample_S19S_0034_Sed,328.1514425
39,Sample_S19S_0034_Sed,329.1242163
2,Sample_S19S_0034_Sed,329.145371
1,Sample_S19S_0034_Sed,329.152419
17,Sample_S19S_0034_Sed,329.1758446
46,Sample_S19S_0034_Sed,329.1969687
27,Sample_S19S_0034_Sed,329.2333488
6,Sample_S19S_0034_Sed,330.1670892
16,Sample_S19S_0034_Sed,330.192266
17,Sample_S19S_0034_Sed,331.1399002
51,Sample_S19S_0034_Sed,331.1762541
8,Sample_S19S_0034_Sed,331.1915481
7,Sample_S19S_0034_Sed,331.2126721
3,Sample_S19S_0034_Sed,331.2239268
3,Sample_S19S_0034_Sed,331.2490738
9,Sample_S19S_0034_Sed,333.1191757
19,Sample_S19S_0034_Sed,333.1707943
21,Sample_S19S_0034_Sed,333.2071238
3,Sample_S19S_0034_Sed,333.2395661
4,Sample_S19S_0034_Sed,333.2565676
7,Sample_S19S_0034_Sed,334.1144217
6,Sample_S19S_0034_Sed,334.1508295
5,Sample_S19S_0034_Sed,334.2235949
43,Sample_S19S_0034_Sed,335.150042
33,Sample_S19S_0034_Sed,335.1864245
25,Sample_S19S_0034_Sed,335.2227808
12,Sample_S19S_0034_Sed,335.2358032
1,Sample_S19S_0034_Sed,335.2552472
13,Sample_S19S_0034_Sed,336.1664659
8,Sample_S19S_0034_Sed,336.2028546
29,Sample_S19S_0034_Sed,337.0929176
57,Sample_S19S_0034_Sed,337.1292866
49,Sample_S19S_0034_Sed,337.1656867
6,Sample_S19S_0034_Sed,337.2021218
11,Sample_S19S_0034_Sed,338.182098
55,Sample_S19S_0034_Sed,339.1085453
20,Sample_S19S_0034_Sed,339.1449816
45,Sample_S19S_0034_Sed,339.1813533
2,Sample_S19S_0034_Sed,339.1999929
33,Sample_S19S_0034_Sed,339.2177427
37,Sample_S19S_0034_Sed,341.0878109
16,Sample_S19S_0034_Sed,341.12425
48,Sample_S19S_0034_Sed,341.1606173
49,Sample_S19S_0034_Sed,341.1969848
6,Sample_S19S_0034_Sed,341.2334189
31,Sample_S19S_0034_Sed,342.155837
5,Sample_S19S_0034_Sed,342.1670651
50,Sample_S19S_0034_Sed,343.1034685
12,Sample_S19S_0034_Sed,343.1399075
49,Sample_S19S_0034_Sed,343.1762631
42,Sample_S19S_0034_Sed,343.2126496
19,Sample_S19S_0034_Sed,343.2490426
2,Sample_S19S_0034_Sed,344.1350437
18,Sample_S19S_0034_Sed,344.1715382
5,Sample_S19S_0034_Sed,344.1827031
5,Sample_S19S_0034_Sed,344.1997897
3,Sample_S19S_0034_Sed,345.0252491
31,Sample_S19S_0034_Sed,345.1191373
8,Sample_S19S_0034_Sed,345.1344288
25,Sample_S19S_0034_Sed,345.1555412
18,Sample_S19S_0034_Sed,345.170772
9,Sample_S19S_0034_Sed,345.1919508
31,Sample_S19S_0034_Sed,345.2282779
15,Sample_S19S_0034_Sed,346.1507606
3,Sample_S19S_0034_Sed,346.1619628
18,Sample_S19S_0034_Sed,346.1871921
4,Sample_S19S_0034_Sed,346.2154294
22,Sample_S19S_0034_Sed,347.0772564
18,Sample_S19S_0034_Sed,347.0903002
15,Sample_S19S_0034_Sed,347.1348045
37,Sample_S19S_0034_Sed,347.1500262
7,Sample_S19S_0034_Sed,348.1300774
18,Sample_S19S_0034_Sed,348.1664038
12,Sample_S19S_0034_Sed,348.2028318
6,Sample_S19S_0034_Sed,348.231087
14,Sample_S19S_0034_Sed,349.1059291
11,Sample_S19S_0034_Sed,349.2021049
11,Sample_S19S_0034_Sed,350.1457077
7,Sample_S19S_0034_Sed,350.2184616
20,Sample_S19S_0034_Sed,351.121581
43,Sample_S19S_0034_Sed,351.1813076
31,Sample_S19S_0034_Sed,351.2177372
1,Sample_S19S_0034_Sed,351.2210572
12,Sample_S19S_0034_Sed,351.2307319
3,Sample_S19S_0034_Sed,351.2500934
27,Sample_S19S_0034_Sed,352.1765943
3,Sample_S19S_0034_Sed,353.0514753
1,Sample_S19S_0034_Sed,353.0585883
10,Sample_S19S_0034_Sed,353.1008561
37,Sample_S19S_0034_Sed,353.124233
30,Sample_S19S_0034_Sed,353.1605629
18,Sample_S19S_0034_Sed,353.1736275
40,Sample_S19S_0034_Sed,353.1970034
4,Sample_S19S_0034_Sed,353.2003494
14,Sample_S19S_0034_Sed,353.2099396
16,Sample_S19S_0034_Sed,353.2333297
33,Sample_S19S_0034_Sed,354.1558443
5,Sample_S19S_0034_Sed,354.1922902
47,Sample_S19S_0034_Sed,355.1034699
13,Sample_S19S_0034_Sed,355.1399086
57,Sample_S19S_0034_Sed,355.1762476
12,Sample_S19S_0034_Sed,355.2126797
12,Sample_S19S_0034_Sed,355.2489795
4,Sample_S19S_0034_Sed,356.1270168
29,Sample_S19S_0034_Sed,356.1715182
16,Sample_S19S_0034_Sed,356.207852
5,Sample_S19S_0034_Sed,357.061636
17,Sample_S19S_0034_Sed,357.1110353
49,Sample_S19S_0034_Sed,357.1191097
65,Sample_S19S_0034_Sed,357.1554992
57,Sample_S19S_0034_Sed,357.191896
41,Sample_S19S_0034_Sed,357.2282738
23,Sample_S19S_0034_Sed,357.2646796
16,Sample_S19S_0034_Sed,358.1871972
2,Sample_S19S_0034_Sed,358.1983945
25,Sample_S19S_0034_Sed,358.2235211
34,Sample_S19S_0034_Sed,359.1347452
4,Sample_S19S_0034_Sed,359.1572531
41,Sample_S19S_0034_Sed,359.1711775
17,Sample_S19S_0034_Sed,359.2074846
34,Sample_S19S_0034_Sed,359.2439319
2,Sample_S19S_0034_Sed,360.1299489
21,Sample_S19S_0034_Sed,360.1664452
8,Sample_S19S_0034_Sed,360.1776328
2,Sample_S19S_0034_Sed,360.1946802
4,Sample_S19S_0034_Sed,360.2027516
15,Sample_S19S_0034_Sed,360.2391994
6,Sample_S19S_0034_Sed,360.2674679
33,Sample_S19S_0034_Sed,361.1423317
42,Sample_S19S_0034_Sed,361.1504109
24,Sample_S19S_0034_Sed,361.1657046
36,Sample_S19S_0034_Sed,361.186829
11,Sample_S19S_0034_Sed,361.2151155
34,Sample_S19S_0034_Sed,361.2231964
16,Sample_S19S_0034_Sed,362.1821174
17,Sample_S19S_0034_Sed,363.1215932
17,Sample_S19S_0034_Sed,363.1449786
14,Sample_S19S_0034_Sed,363.1812892
20,Sample_S19S_0034_Sed,363.1943423
10,Sample_S19S_0034_Sed,364.1613157
6,Sample_S19S_0034_Sed,364.2259804
7,Sample_S19S_0034_Sed,364.2340853
21,Sample_S19S_0034_Sed,365.1008669
21,Sample_S19S_0034_Sed,365.137244
14,Sample_S19S_0034_Sed,365.1606438
40,Sample_S19S_0034_Sed,365.1969623
24,Sample_S19S_0034_Sed,365.2100088
9,Sample_S19S_0034_Sed,366.1558943
5,Sample_S19S_0034_Sed,366.2497563
41,Sample_S19S_0034_Sed,367.1034613
13,Sample_S19S_0034_Sed,367.1165264
3,Sample_S19S_0034_Sed,367.1399195
34,Sample_S19S_0034_Sed,367.1762158
24,Sample_S19S_0034_Sed,367.189277
40,Sample_S19S_0034_Sed,367.2126519
4,Sample_S19S_0034_Sed,367.2255178
38,Sample_S19S_0034_Sed,368.1714856
21,Sample_S19S_0034_Sed,369.0827443
4,Sample_S19S_0034_Sed,369.1190631
53,Sample_S19S_0034_Sed,369.1555194
17,Sample_S19S_0034_Sed,369.1837969
41,Sample_S19S_0034_Sed,369.2282876
1,Sample_S19S_0034_Sed,370.130589
33,Sample_S19S_0034_Sed,371.1347918
48,Sample_S19S_0034_Sed,371.171134
27,Sample_S19S_0034_Sed,371.2439257
18,Sample_S19S_0034_Sed,372.2028242
3,Sample_S19S_0034_Sed,372.3038234
1,Sample_S19S_0034_Sed,373.0201141
18,Sample_S19S_0034_Sed,373.1059583
13,Sample_S19S_0034_Sed,373.1504711
5,Sample_S19S_0034_Sed,373.1729074
42,Sample_S19S_0034_Sed,373.2231881
5,Sample_S19S_0034_Sed,373.287836
18,Sample_S19S_0034_Sed,374.1456527
9,Sample_S19S_0034_Sed,374.1820296
17,Sample_S19S_0034_Sed,374.2184652
16,Sample_S19S_0034_Sed,375.1297066
36,Sample_S19S_0034_Sed,375.1449442
29,Sample_S19S_0034_Sed,375.1579842
11,Sample_S19S_0034_Sed,375.1660121
34,Sample_S19S_0034_Sed,375.194367
26,Sample_S19S_0034_Sed,375.2024285
23,Sample_S19S_0034_Sed,375.2177037
11,Sample_S19S_0034_Sed,375.230771
10,Sample_S19S_0034_Sed,375.2387855
15,Sample_S19S_0034_Sed,376.1976905
7,Sample_S19S_0034_Sed,376.2260146
4,Sample_S19S_0034_Sed,377.0514538
1,Sample_S19S_0034_Sed,377.0856228
13,Sample_S19S_0034_Sed,377.100823
20,Sample_S19S_0034_Sed,377.1372608
29,Sample_S19S_0034_Sed,377.1735945
16,Sample_S19S_0034_Sed,377.2099902
1,Sample_S19S_0034_Sed,377.2211816
15,Sample_S19S_0034_Sed,377.2463996
5,Sample_S19S_0034_Sed,378.2052199
9,Sample_S19S_0034_Sed,378.2416575
4,Sample_S19S_0034_Sed,379.0800689
17,Sample_S19S_0034_Sed,379.1165229
49,Sample_S19S_0034_Sed,379.1398402
24,Sample_S19S_0034_Sed,379.1528588
32,Sample_S19S_0034_Sed,379.1892722
28,Sample_S19S_0034_Sed,379.2126518
18,Sample_S19S_0034_Sed,379.2256462
6,Sample_S19S_0034_Sed,380.2208704
2,Sample_S19S_0034_Sed,381.0826619
46,Sample_S19S_0034_Sed,381.1191186
18,Sample_S19S_0034_Sed,381.1321708
58,Sample_S19S_0034_Sed,381.1555031
20,Sample_S19S_0034_Sed,381.1684945
42,Sample_S19S_0034_Sed,381.1918695
13,Sample_S19S_0034_Sed,381.204939
32,Sample_S19S_0034_Sed,381.2282913
5,Sample_S19S_0034_Sed,381.2411757
3,Sample_S19S_0034_Sed,382.1273741
24,Sample_S19S_0034_Sed,382.1871664
6,Sample_S19S_0034_Sed,383.0619616
37,Sample_S19S_0034_Sed,383.0983806
3,Sample_S19S_0034_Sed,383.1113231
15,Sample_S19S_0034_Sed,383.1266887
18,Sample_S19S_0034_Sed,383.1477567
19,Sample_S19S_0034_Sed,383.1711132
46,Sample_S19S_0034_Sed,383.2075249
32,Sample_S19S_0034_Sed,383.2439132
1,Sample_S19S_0034_Sed,384.1462425
27,Sample_S19S_0034_Sed,384.1664077
22,Sample_S19S_0034_Sed,385.0776412
6,Sample_S19S_0034_Sed,385.1139909
19,Sample_S19S_0034_Sed,385.1423072
21,Sample_S19S_0034_Sed,385.1503825
43,Sample_S19S_0034_Sed,385.1868285
15,Sample_S19S_0034_Sed,385.2231361
29,Sample_S19S_0034_Sed,385.2595906
29,Sample_S19S_0034_Sed,386.1820531
3,Sample_S19S_0034_Sed,387.0358113
20,Sample_S19S_0034_Sed,387.1579654
25,Sample_S19S_0034_Sed,387.19436
41,Sample_S19S_0034_Sed,387.2024406
27,Sample_S19S_0034_Sed,387.2388297
3,Sample_S19S_0034_Sed,388.2987452
1,Sample_S19S_0034_Sed,389.1135404
17,Sample_S19S_0034_Sed,389.1372295
27,Sample_S19S_0034_Sed,389.1736085
18,Sample_S19S_0034_Sed,389.1816725
32,Sample_S19S_0034_Sed,389.2180886
1,Sample_S19S_0034_Sed,389.3191703
1,Sample_S19S_0034_Sed,390.2132816
1,Sample_S19S_0034_Sed,390.3143698
5,Sample_S19S_0034_Sed,391.1034381
1,Sample_S19S_0034_Sed,391.1105459
19,Sample_S19S_0034_Sed,391.1398852
17,Sample_S19S_0034_Sed,391.1528412
20,Sample_S19S_0034_Sed,391.1762035
17,Sample_S19S_0034_Sed,391.1892281
12,Sample_S19S_0034_Sed,391.2256863
8,Sample_S19S_0034_Sed,391.2620068
1,Sample_S19S_0034_Sed,391.2982703
9,Sample_S19S_0034_Sed,392.2209084
1,Sample_S19S_0034_Sed,392.2572106
27,Sample_S19S_0034_Sed,393.1191285
16,Sample_S19S_0034_Sed,393.1321265
16,Sample_S19S_0034_Sed,393.1554711
21,Sample_S19S_0034_Sed,393.1685262
23,Sample_S19S_0034_Sed,393.2049392
2,Sample_S19S_0034_Sed,393.2161336
12,Sample_S19S_0034_Sed,393.2282185
4,Sample_S19S_0034_Sed,393.2776995
7,Sample_S19S_0034_Sed,394.2001939
4,Sample_S19S_0034_Sed,394.2364931
2,Sample_S19S_0034_Sed,395.0255818
5,Sample_S19S_0034_Sed,395.0619708
9,Sample_S19S_0034_Sed,395.0984243
12,Sample_S19S_0034_Sed,395.1114167
51,Sample_S19S_0034_Sed,395.1347697
22,Sample_S19S_0034_Sed,395.1477706
30,Sample_S19S_0034_Sed,395.171191
14,Sample_S19S_0034_Sed,395.2075813
21,Sample_S19S_0034_Sed,395.2205826
2,Sample_S19S_0034_Sed,395.2317962
5,Sample_S19S_0034_Sed,396.1430161
2,Sample_S19S_0034_Sed,396.1875433
20,Sample_S19S_0034_Sed,397.1140135
12,Sample_S19S_0034_Sed,397.1270557
48,Sample_S19S_0034_Sed,397.1504225
17,Sample_S19S_0034_Sed,397.1634297
18,Sample_S19S_0034_Sed,397.1867602
13,Sample_S19S_0034_Sed,397.1997808
3,Sample_S19S_0034_Sed,397.2151289
40,Sample_S19S_0034_Sed,397.2232052
1,Sample_S19S_0034_Sed,397.2265763
3,Sample_S19S_0034_Sed,398.1222468
26,Sample_S19S_0034_Sed,399.1296635
12,Sample_S19S_0034_Sed,399.1579458
4,Sample_S19S_0034_Sed,399.1659287
1,Sample_S19S_0034_Sed,399.1884911
16,Sample_S19S_0034_Sed,399.1943775
41,Sample_S19S_0034_Sed,399.2024375
19,Sample_S19S_0034_Sed,399.2388025
39,Sample_S19S_0034_Sed,401.1453284
19,Sample_S19S_0034_Sed,401.1736033
8,Sample_S19S_0034_Sed,401.1816514
26,Sample_S19S_0034_Sed,401.2100146
32,Sample_S19S_0034_Sed,401.2180808
32,Sample_S19S_0034_Sed,403.1398463
19,Sample_S19S_0034_Sed,403.1529106
15,Sample_S19S_0034_Sed,403.1609357
32,Sample_S19S_0034_Sed,403.1973716
16,Sample_S19S_0034_Sed,403.2256482
11,Sample_S19S_0034_Sed,403.2336971
1,Sample_S19S_0034_Sed,403.3347743
21,Sample_S19S_0034_Sed,404.1926065
1,Sample_S19S_0034_Sed,404.2937097
20,Sample_S19S_0034_Sed,405.1321292
25,Sample_S19S_0034_Sed,405.1685606
14,Sample_S19S_0034_Sed,405.2048711
9,Sample_S19S_0034_Sed,405.2412525
8,Sample_S19S_0034_Sed,405.2776864
8,Sample_S19S_0034_Sed,406.2364932
3,Sample_S19S_0034_Sed,406.3092961
1,Sample_S19S_0034_Sed,407.0255705
7,Sample_S19S_0034_Sed,407.1113661
35,Sample_S19S_0034_Sed,407.1347505
21,Sample_S19S_0034_Sed,407.1477958
11,Sample_S19S_0034_Sed,407.2075913
19,Sample_S19S_0034_Sed,407.2205546
10,Sample_S19S_0034_Sed,407.2568891
1,Sample_S19S_0034_Sed,409.0930287
18,Sample_S19S_0034_Sed,409.1270356
49,Sample_S19S_0034_Sed,409.1504235
8,Sample_S19S_0034_Sed,409.1633923
7,Sample_S19S_0034_Sed,409.1867344
7,Sample_S19S_0034_Sed,409.1997594
3,Sample_S19S_0034_Sed,409.2110293
44,Sample_S19S_0034_Sed,409.2231724
14,Sample_S19S_0034_Sed,409.236154
21,Sample_S19S_0034_Sed,411.1426758
17,Sample_S19S_0034_Sed,411.1579879
28,Sample_S19S_0034_Sed,411.1660419
16,Sample_S19S_0034_Sed,411.1790746
3,Sample_S19S_0034_Sed,411.2022993
18,Sample_S19S_0034_Sed,411.2154903
31,Sample_S19S_0034_Sed,411.2388467
1,Sample_S19S_0034_Sed,412.137911
25,Sample_S19S_0034_Sed,413.1089345
4,Sample_S19S_0034_Sed,413.1372735
8,Sample_S19S_0034_Sed,413.1452768
21,Sample_S19S_0034_Sed,413.1736056
3,Sample_S19S_0034_Sed,413.1816156
9,Sample_S19S_0034_Sed,413.1946295
12,Sample_S19S_0034_Sed,413.2100122
18,Sample_S19S_0034_Sed,413.2180661
25,Sample_S19S_0034_Sed,413.2544798
12,Sample_S19S_0034_Sed,415.1034568
8,Sample_S19S_0034_Sed,415.1529316
36,Sample_S19S_0034_Sed,415.1609859
35,Sample_S19S_0034_Sed,415.1973464
7,Sample_S19S_0034_Sed,415.219815
13,Sample_S19S_0034_Sed,415.2256541
12,Sample_S19S_0034_Sed,415.2336924
21,Sample_S19S_0034_Sed,415.2701205
4,Sample_S19S_0034_Sed,416.1844953
10,Sample_S19S_0034_Sed,416.1925804
27,Sample_S19S_0034_Sed,417.1321667
30,Sample_S19S_0034_Sed,417.1685514
8,Sample_S19S_0034_Sed,417.1765666
10,Sample_S19S_0034_Sed,417.2048604
5,Sample_S19S_0034_Sed,417.2128787
11,Sample_S19S_0034_Sed,417.2493486
1,Sample_S19S_0034_Sed,419.0982983
2,Sample_S19S_0034_Sed,419.1113471
33,Sample_S19S_0034_Sed,419.1347745
15,Sample_S19S_0034_Sed,419.1478319
30,Sample_S19S_0034_Sed,419.1842051
14,Sample_S19S_0034_Sed,419.2205119
2,Sample_S19S_0034_Sed,419.3296987
6,Sample_S19S_0034_Sed,420.2521315
4,Sample_S19S_0034_Sed,420.2885838
9,Sample_S19S_0034_Sed,421.1270174
1,Sample_S19S_0034_Sed,421.1552081
26,Sample_S19S_0034_Sed,421.1634511
4,Sample_S19S_0034_Sed,421.2265386
13,Sample_S19S_0034_Sed,421.2362004
8,Sample_S19S_0034_Sed,422.2031632
41,Sample_S19S_0034_Sed,423.1296813
11,Sample_S19S_0034_Sed,423.1426961
23,Sample_S19S_0034_Sed,423.179095
48,Sample_S19S_0034_Sed,423.2024382
16,Sample_S19S_0034_Sed,423.2154249
1,Sample_S19S_0034_Sed,423.2387546
6,Sample_S19S_0034_Sed,423.2517315
17,Sample_S19S_0034_Sed,425.1583275
39,Sample_S19S_0034_Sed,425.1816982
16,Sample_S19S_0034_Sed,425.1947046
1,Sample_S19S_0034_Sed,425.2178813
15,Sample_S19S_0034_Sed,425.2311014
5,Sample_S19S_0034_Sed,426.153527
1,Sample_S19S_0034_Sed,427.1399769
1,Sample_S19S_0034_Sed,427.1610597
30,Sample_S19S_0034_Sed,427.1973395
28,Sample_S19S_0034_Sed,427.2337286
18,Sample_S19S_0034_Sed,427.2701368
5,Sample_S19S_0034_Sed,429.1555582
24,Sample_S19S_0034_Sed,429.1685491
18,Sample_S19S_0034_Sed,429.1765924
8,Sample_S19S_0034_Sed,429.1990848
27,Sample_S19S_0034_Sed,429.2129876
25,Sample_S19S_0034_Sed,429.2494299
13,Sample_S19S_0034_Sed,430.2083192
12,Sample_S19S_0034_Sed,431.098388
21,Sample_S19S_0034_Sed,431.1477957
18,Sample_S19S_0034_Sed,431.1922364
8,Sample_S19S_0034_Sed,431.2206124
19,Sample_S19S_0034_Sed,431.2286229
5,Sample_S19S_0034_Sed,431.264934
12,Sample_S19S_0034_Sed,432.1794582
5,Sample_S19S_0034_Sed,432.1876103
1,Sample_S19S_0034_Sed,433.1396802
23,Sample_S19S_0034_Sed,433.1634586
6,Sample_S19S_0034_Sed,433.1998888
2,Sample_S19S_0034_Sed,433.2208714
10,Sample_S19S_0034_Sed,433.2361951
8,Sample_S19S_0034_Sed,434.2677929
4,Sample_S19S_0034_Sed,435.1426364
23,Sample_S19S_0034_Sed,435.1790631
14,Sample_S19S_0034_Sed,435.2155119
15,Sample_S19S_0034_Sed,435.25188
2,Sample_S19S_0034_Sed,436.1742724
24,Sample_S19S_0034_Sed,437.1453651
19,Sample_S19S_0034_Sed,437.158378
17,Sample_S19S_0034_Sed,437.1946984
11,Sample_S19S_0034_Sed,437.2310601
1,Sample_S19S_0034_Sed,439.051737
24,Sample_S19S_0034_Sed,439.1246064
10,Sample_S19S_0034_Sed,439.1973056
8,Sample_S19S_0034_Sed,439.2103099
7,Sample_S19S_0034_Sed,439.2256709
4,Sample_S19S_0034_Sed,439.246834
20,Sample_S19S_0034_Sed,441.1402285
7,Sample_S19S_0034_Sed,441.1765589
13,Sample_S19S_0034_Sed,441.2129575
9,Sample_S19S_0034_Sed,441.2494531
15,Sample_S19S_0034_Sed,441.2858146
4,Sample_S19S_0034_Sed,443.0984287
3,Sample_S19S_0034_Sed,443.1478565
22,Sample_S19S_0034_Sed,443.1841796
4,Sample_S19S_0034_Sed,443.1922057
6,Sample_S19S_0034_Sed,443.2285235
21,Sample_S19S_0034_Sed,443.2650816
23,Sample_S19S_0034_Sed,445.1634705
31,Sample_S19S_0034_Sed,445.1715289
2,Sample_S19S_0034_Sed,445.1940666
32,Sample_S19S_0034_Sed,445.2079177
19,Sample_S19S_0034_Sed,445.2442897
6,Sample_S19S_0034_Sed,446.2031197
15,Sample_S19S_0034_Sed,447.1297048
15,Sample_S19S_0034_Sed,447.1427418
25,Sample_S19S_0034_Sed,447.179104
2,Sample_S19S_0034_Sed,447.1967099
8,Sample_S19S_0034_Sed,447.2154152
10,Sample_S19S_0034_Sed,447.2518394
26,Sample_S19S_0034_Sed,449.1583358
1,Sample_S19S_0034_Sed,449.1735875
10,Sample_S19S_0034_Sed,449.1946593
14,Sample_S19S_0034_Sed,449.2310912
9,Sample_S19S_0034_Sed,449.267553
8,Sample_S19S_0034_Sed,451.1739524
2,Sample_S19S_0034_Sed,451.1916101
7,Sample_S19S_0034_Sed,451.2103087
13,Sample_S19S_0034_Sed,451.2467303
12,Sample_S19S_0034_Sed,453.1532352
31,Sample_S19S_0034_Sed,453.1766436
21,Sample_S19S_0034_Sed,453.1896338
9,Sample_S19S_0034_Sed,453.2259797
1,Sample_S19S_0034_Sed,453.2492245
6,Sample_S19S_0034_Sed,455.1194736
13,Sample_S19S_0034_Sed,455.2052634
4,Sample_S19S_0034_Sed,455.2285132
20,Sample_S19S_0034_Sed,455.2650512
14,Sample_S19S_0034_Sed,457.1634444
21,Sample_S19S_0034_Sed,457.1715231
28,Sample_S19S_0034_Sed,457.2079257
12,Sample_S19S_0034_Sed,457.2442623
4,Sample_S19S_0034_Sed,457.280565
17,Sample_S19S_0034_Sed,459.1661042
9,Sample_S19S_0034_Sed,459.2155229
7,Sample_S19S_0034_Sed,459.2235091
5,Sample_S19S_0034_Sed,459.2598321
21,Sample_S19S_0034_Sed,461.1583343
5,Sample_S19S_0034_Sed,461.1948089
27,Sample_S19S_0034_Sed,461.2311454
8,Sample_S19S_0034_Sed,461.2391228
8,Sample_S19S_0034_Sed,463.1739081
27,Sample_S19S_0034_Sed,463.210366
20,Sample_S19S_0034_Sed,463.2467901
24,Sample_S19S_0034_Sed,465.1896305
9,Sample_S19S_0034_Sed,465.2259434
10,Sample_S19S_0034_Sed,465.2623148
4,Sample_S19S_0034_Sed,467.1558326
12,Sample_S19S_0034_Sed,467.2052403
19,Sample_S19S_0034_Sed,467.2416996
20,Sample_S19S_0034_Sed,469.2078959
16,Sample_S19S_0034_Sed,469.2209608
25,Sample_S19S_0034_Sed,469.2442937
10,Sample_S19S_0034_Sed,469.2806636
4,Sample_S19S_0034_Sed,471.2096566
19,Sample_S19S_0034_Sed,471.2235442
2,Sample_S19S_0034_Sed,471.2598467
2,Sample_S19S_0034_Sed,471.2961918
6,Sample_S19S_0034_Sed,473.2027392
18,Sample_S19S_0034_Sed,473.2392065
29,Sample_S19S_0034_Sed,475.1609843
21,Sample_S19S_0034_Sed,475.1739813
7,Sample_S19S_0034_Sed,475.2103074
5,Sample_S19S_0034_Sed,477.1531747
7,Sample_S19S_0034_Sed,477.1895617
3,Sample_S19S_0034_Sed,477.2072691
22,Sample_S19S_0034_Sed,477.2260597
15,Sample_S19S_0034_Sed,477.262427
6,Sample_S19S_0034_Sed,479.1689644
21,Sample_S19S_0034_Sed,479.2053091
17,Sample_S19S_0034_Sed,479.2416827
4,Sample_S19S_0034_Sed,481.1634867
8,Sample_S19S_0034_Sed,481.2208584
13,Sample_S19S_0034_Sed,481.2572296
5,Sample_S19S_0034_Sed,483.2234722
8,Sample_S19S_0034_Sed,483.2963101
4,Sample_S19S_0034_Sed,485.2390821
1,Sample_S19S_0034_Sed,485.275439
20,Sample_S19S_0034_Sed,487.18211
18,Sample_S19S_0034_Sed,487.2184679
1,Sample_S19S_0034_Sed,487.2410284
16,Sample_S19S_0034_Sed,487.254845
3,Sample_S19S_0034_Sed,489.1402055
10,Sample_S19S_0034_Sed,489.1895365
6,Sample_S19S_0034_Sed,489.2259164
16,Sample_S19S_0034_Sed,491.1689084
3,Sample_S19S_0034_Sed,491.2053832
3,Sample_S19S_0034_Sed,491.2417678
4,Sample_S19S_0034_Sed,493.1846305
20,Sample_S19S_0034_Sed,493.2209368
11,Sample_S19S_0034_Sed,493.2572378
1,Sample_S19S_0034_Sed,495.1427989
8,Sample_S19S_0034_Sed,495.2001254
8,Sample_S19S_0034_Sed,495.2365338
2,Sample_S19S_0034_Sed,495.2597197
6,Sample_S19S_0034_Sed,497.2157304
1,Sample_S19S_0034_Sed,497.2754084
1,Sample_S19S_0034_Sed,497.3118372
6,Sample_S19S_0034_Sed,498.1617513
3,Sample_S19S_0034_Sed,499.2546595
14,Sample_S19S_0034_Sed,501.2705063
7,Sample_S19S_0034_Sed,503.2051842
8,Sample_S19S_0034_Sed,503.2415628
1,Sample_S19S_0034_Sed,505.1350781
5,Sample_S19S_0034_Sed,505.221033
12,Sample_S19S_0034_Sed,505.2573293
11,Sample_S19S_0034_Sed,507.2001826
12,Sample_S19S_0034_Sed,507.2364864
7,Sample_S19S_0034_Sed,507.2728559
8,Sample_S19S_0034_Sed,509.179341
12,Sample_S19S_0034_Sed,509.2157568
9,Sample_S19S_0034_Sed,509.2522003
2,Sample_S19S_0034_Sed,509.3766895
5,Sample_S19S_0034_Sed,511.2547768
3,Sample_S19S_0034_Sed,511.2911339
1,Sample_S19S_0034_Sed,513.2704612
6,Sample_S19S_0034_Sed,513.3068739
1,Sample_S19S_0034_Sed,515.2495874
4,Sample_S19S_0034_Sed,515.2860627
8,Sample_S19S_0034_Sed,517.2572088
1,Sample_S19S_0034_Sed,517.2652212
19,Sample_S19S_0034_Sed,519.2002386
8,Sample_S19S_0034_Sed,519.2366622
8,Sample_S19S_0034_Sed,519.2730269
2,Sample_S19S_0034_Sed,521.2157156
12,Sample_S19S_0034_Sed,521.2521448
8,Sample_S19S_0034_Sed,521.288516
14,Sample_S19S_0034_Sed,523.231536
2,Sample_S19S_0034_Sed,529.2652092
1,Sample_S19S_0034_Sed,531.1597187
6,Sample_S19S_0034_Sed,531.236471
2,Sample_S19S_0034_Sed,533.25209
8,Sample_S19S_0034_Sed,535.2314389
10,Sample_S19S_0034_Sed,535.2677938
4,Sample_S19S_0034_Sed,537.247225
2,Sample_S19S_0034_Sed,543.2808575
2,Sample_S19S_0034_Sed,543.3173823
1,Sample_S19S_0034_Sed,545.2523758
10,Sample_S19S_0034_Sed,547.2678735
6,Sample_S19S_0034_Sed,549.2470293
4,Sample_S19S_0034_Sed,551.2262635
6,Sample_S19S_0034_Sed,563.2263607
8,Sample_S19S_0034_Sed,563.2627092
7,Sample_S19S_0034_Sed,565.2420146
1,Sample_S19S_0034_Sed,565.2935978
1,Sample_S19S_0034_Sed,579.2573685
3,Sample_S19S_0034_Sed,597.4291056
