num.trans.involved.in,sample,peak
39,Sample_S19S_0080_Sed,241.03537
4,Sample_S19S_0080_Sed,241.0466195
19,Sample_S19S_0080_Sed,241.0717422
15,Sample_S19S_0080_Sed,241.1081087
4,Sample_S19S_0080_Sed,241.1193918
10,Sample_S19S_0080_Sed,241.1445007
26,Sample_S19S_0080_Sed,241.1809156
12,Sample_S19S_0080_Sed,242.0670034
16,Sample_S19S_0080_Sed,242.139775
5,Sample_S19S_0080_Sed,242.1761465
44,Sample_S19S_0080_Sed,243.0510224
15,Sample_S19S_0080_Sed,243.0873816
12,Sample_S19S_0080_Sed,243.1237626
18,Sample_S19S_0080_Sed,243.1601665
27,Sample_S19S_0080_Sed,243.1965883
19,Sample_S19S_0080_Sed,244.1190458
3,Sample_S19S_0080_Sed,245.0489119
63,Sample_S19S_0080_Sed,245.0666847
55,Sample_S19S_0080_Sed,245.1030642
3,Sample_S19S_0080_Sed,245.1142776
22,Sample_S19S_0080_Sed,245.1394342
3,Sample_S19S_0080_Sed,246.1095509
59,Sample_S19S_0080_Sed,247.0823368
7,Sample_S19S_0080_Sed,247.0935696
45,Sample_S19S_0080_Sed,247.118733
16,Sample_S19S_0080_Sed,248.1139872
1,Sample_S19S_0080_Sed,249.0227066
46,Sample_S19S_0080_Sed,249.0404675
49,Sample_S19S_0080_Sed,249.0768527
21,Sample_S19S_0080_Sed,249.1132224
34,Sample_S19S_0080_Sed,249.1496147
8,Sample_S19S_0080_Sed,250.1448617
35,Sample_S19S_0080_Sed,251.0197332
30,Sample_S19S_0080_Sed,251.0560986
3,Sample_S19S_0080_Sed,251.0594793
2,Sample_S19S_0080_Sed,251.0785764
76,Sample_S19S_0080_Sed,251.0925063
29,Sample_S19S_0080_Sed,251.1136461
38,Sample_S19S_0080_Sed,251.1289035
19,Sample_S19S_0080_Sed,252.9989785
46,Sample_S19S_0080_Sed,253.0353983
73,Sample_S19S_0080_Sed,253.0717756
4,Sample_S19S_0080_Sed,253.0829986
23,Sample_S19S_0080_Sed,253.1081345
45,Sample_S19S_0080_Sed,253.1445337
54,Sample_S19S_0080_Sed,255.0510433
3,Sample_S19S_0080_Sed,255.0622462
83,Sample_S19S_0080_Sed,255.0874163
25,Sample_S19S_0080_Sed,255.1237776
43,Sample_S19S_0080_Sed,255.1602018
31,Sample_S19S_0080_Sed,255.1965909
14,Sample_S19S_0080_Sed,255.2329705
9,Sample_S19S_0080_Sed,256.0826837
45,Sample_S19S_0080_Sed,257.030304
66,Sample_S19S_0080_Sed,257.0666765
39,Sample_S19S_0080_Sed,257.1030521
54,Sample_S19S_0080_Sed,257.1394516
33,Sample_S19S_0080_Sed,257.175834
23,Sample_S19S_0080_Sed,257.2122374
14,Sample_S19S_0080_Sed,258.0983343
15,Sample_S19S_0080_Sed,258.1347123
68,Sample_S19S_0080_Sed,259.0823405
54,Sample_S19S_0080_Sed,259.1187072
8,Sample_S19S_0080_Sed,259.1299532
45,Sample_S19S_0080_Sed,259.1551113
22,Sample_S19S_0080_Sed,259.1914889
15,Sample_S19S_0080_Sed,260.1503532
32,Sample_S19S_0080_Sed,261.040468
39,Sample_S19S_0080_Sed,261.061588
47,Sample_S19S_0080_Sed,261.0980071
55,Sample_S19S_0080_Sed,261.1343647
23,Sample_S19S_0080_Sed,263.019721
44,Sample_S19S_0080_Sed,263.0561329
24,Sample_S19S_0080_Sed,263.0924815
34,Sample_S19S_0080_Sed,263.128908
33,Sample_S19S_0080_Sed,263.1652771
1,Sample_S19S_0080_Sed,264.0473979
40,Sample_S19S_0080_Sed,265.0353938
4,Sample_S19S_0080_Sed,265.0578564
52,Sample_S19S_0080_Sed,265.0717855
4,Sample_S19S_0080_Sed,265.07514
66,Sample_S19S_0080_Sed,265.1081545
40,Sample_S19S_0080_Sed,265.1445692
3,Sample_S19S_0080_Sed,265.1479151
9,Sample_S19S_0080_Sed,265.1575521
17,Sample_S19S_0080_Sed,265.1809039
4,Sample_S19S_0080_Sed,266.089493
32,Sample_S19S_0080_Sed,267.0146829
63,Sample_S19S_0080_Sed,267.0510336
5,Sample_S19S_0080_Sed,267.0735078
69,Sample_S19S_0080_Sed,267.0874299
68,Sample_S19S_0080_Sed,267.123805
42,Sample_S19S_0080_Sed,267.1601848
32,Sample_S19S_0080_Sed,267.1965985
37,Sample_S19S_0080_Sed,269.0303205
72,Sample_S19S_0080_Sed,269.0666802
69,Sample_S19S_0080_Sed,269.1030627
55,Sample_S19S_0080_Sed,269.1394657
44,Sample_S19S_0080_Sed,269.1758579
26,Sample_S19S_0080_Sed,269.2122378
39,Sample_S19S_0080_Sed,271.0459737
6,Sample_S19S_0080_Sed,271.061176
57,Sample_S19S_0080_Sed,271.0823212
68,Sample_S19S_0080_Sed,271.118718
43,Sample_S19S_0080_Sed,271.1551343
38,Sample_S19S_0080_Sed,271.1914941
24,Sample_S19S_0080_Sed,271.227892
14,Sample_S19S_0080_Sed,272.1504094
48,Sample_S19S_0080_Sed,273.061591
65,Sample_S19S_0080_Sed,273.0979879
47,Sample_S19S_0080_Sed,273.1343844
44,Sample_S19S_0080_Sed,273.1707658
14,Sample_S19S_0080_Sed,274.0932637
55,Sample_S19S_0080_Sed,275.0772487
57,Sample_S19S_0080_Sed,275.1136274
43,Sample_S19S_0080_Sed,275.1500444
15,Sample_S19S_0080_Sed,276.108923
46,Sample_S19S_0080_Sed,277.0354157
55,Sample_S19S_0080_Sed,277.0717892
61,Sample_S19S_0080_Sed,277.1081544
41,Sample_S19S_0080_Sed,277.1445377
1,Sample_S19S_0080_Sed,278.0630512
16,Sample_S19S_0080_Sed,279.0146331
49,Sample_S19S_0080_Sed,279.0510516
40,Sample_S19S_0080_Sed,279.0874539
3,Sample_S19S_0080_Sed,279.0986672
47,Sample_S19S_0080_Sed,279.1238221
3,Sample_S19S_0080_Sed,279.1562152
43,Sample_S19S_0080_Sed,279.160186
3,Sample_S19S_0080_Sed,279.1635618
2,Sample_S19S_0080_Sed,280.068733
43,Sample_S19S_0080_Sed,281.0303339
1,Sample_S19S_0080_Sed,281.0528323
68,Sample_S19S_0080_Sed,281.0666829
35,Sample_S19S_0080_Sed,281.1030502
63,Sample_S19S_0080_Sed,281.1394597
39,Sample_S19S_0080_Sed,281.1758716
3,Sample_S19S_0080_Sed,282.0844159
11,Sample_S19S_0080_Sed,282.1194934
57,Sample_S19S_0080_Sed,283.0459554
1,Sample_S19S_0080_Sed,283.0684737
38,Sample_S19S_0080_Sed,283.0823169
82,Sample_S19S_0080_Sed,283.118715
3,Sample_S19S_0080_Sed,283.1373752
47,Sample_S19S_0080_Sed,283.1551309
23,Sample_S19S_0080_Sed,283.1915306
3,Sample_S19S_0080_Sed,283.2642602
41,Sample_S19S_0080_Sed,285.0616357
22,Sample_S19S_0080_Sed,285.0980306
6,Sample_S19S_0080_Sed,285.1262347
52,Sample_S19S_0080_Sed,285.1343948
49,Sample_S19S_0080_Sed,285.17075
12,Sample_S19S_0080_Sed,285.2071124
61,Sample_S19S_0080_Sed,287.0772537
64,Sample_S19S_0080_Sed,287.1136282
59,Sample_S19S_0080_Sed,287.150015
41,Sample_S19S_0080_Sed,287.1864124
17,Sample_S19S_0080_Sed,287.2228145
15,Sample_S19S_0080_Sed,288.1453272
1,Sample_S19S_0080_Sed,288.1565445
50,Sample_S19S_0080_Sed,289.0929075
55,Sample_S19S_0080_Sed,289.1292776
45,Sample_S19S_0080_Sed,289.1656738
6,Sample_S19S_0080_Sed,290.0882083
16,Sample_S19S_0080_Sed,290.1245994
32,Sample_S19S_0080_Sed,291.0146759
54,Sample_S19S_0080_Sed,291.0510416
44,Sample_S19S_0080_Sed,291.0874132
35,Sample_S19S_0080_Sed,291.1601932
14,Sample_S19S_0080_Sed,292.1038307
6,Sample_S19S_0080_Sed,292.2129776
44,Sample_S19S_0080_Sed,293.0303357
58,Sample_S19S_0080_Sed,293.0667099
76,Sample_S19S_0080_Sed,293.1030793
2,Sample_S19S_0080_Sed,293.1143295
30,Sample_S19S_0080_Sed,293.1242316
10,Sample_S19S_0080_Sed,293.1757942
3,Sample_S19S_0080_Sed,293.179192
12,Sample_S19S_0080_Sed,294.1195199
17,Sample_S19S_0080_Sed,295.0095496
48,Sample_S19S_0080_Sed,295.0459444
79,Sample_S19S_0080_Sed,295.0823376
81,Sample_S19S_0080_Sed,295.1187213
2,Sample_S19S_0080_Sed,295.137392
19,Sample_S19S_0080_Sed,295.1398774
53,Sample_S19S_0080_Sed,295.1550986
12,Sample_S19S_0080_Sed,296.1715618
52,Sample_S19S_0080_Sed,297.0616262
46,Sample_S19S_0080_Sed,297.0980154
39,Sample_S19S_0080_Sed,297.1344063
4,Sample_S19S_0080_Sed,297.1529844
33,Sample_S19S_0080_Sed,297.1707937
5,Sample_S19S_0080_Sed,297.1860581
14,Sample_S19S_0080_Sed,297.2071894
35,Sample_S19S_0080_Sed,299.0408894
61,Sample_S19S_0080_Sed,299.0772616
67,Sample_S19S_0080_Sed,299.1136455
72,Sample_S19S_0080_Sed,299.1500243
40,Sample_S19S_0080_Sed,299.1864335
17,Sample_S19S_0080_Sed,299.2228305
35,Sample_S19S_0080_Sed,301.0565488
28,Sample_S19S_0080_Sed,301.071792
50,Sample_S19S_0080_Sed,301.092932
52,Sample_S19S_0080_Sed,301.129318
56,Sample_S19S_0080_Sed,301.1656955
37,Sample_S19S_0080_Sed,301.202066
20,Sample_S19S_0080_Sed,302.1245742
1,Sample_S19S_0080_Sed,302.1357844
52,Sample_S19S_0080_Sed,303.0721573
37,Sample_S19S_0080_Sed,303.0874395
56,Sample_S19S_0080_Sed,303.1085414
59,Sample_S19S_0080_Sed,303.1449308
35,Sample_S19S_0080_Sed,303.1813306
19,Sample_S19S_0080_Sed,303.2177327
16,Sample_S19S_0080_Sed,304.1402446
5,Sample_S19S_0080_Sed,304.1766628
39,Sample_S19S_0080_Sed,305.0303157
52,Sample_S19S_0080_Sed,305.0666877
52,Sample_S19S_0080_Sed,305.1030852
27,Sample_S19S_0080_Sed,305.1242388
44,Sample_S19S_0080_Sed,305.1394662
11,Sample_S19S_0080_Sed,306.1195211
11,Sample_S19S_0080_Sed,306.155916
7,Sample_S19S_0080_Sed,306.192305
57,Sample_S19S_0080_Sed,307.0459779
36,Sample_S19S_0080_Sed,307.0823737
33,Sample_S19S_0080_Sed,307.1187572
41,Sample_S19S_0080_Sed,307.1551342
3,Sample_S19S_0080_Sed,307.1585022
36,Sample_S19S_0080_Sed,307.1915179
4,Sample_S19S_0080_Sed,307.194883
10,Sample_S19S_0080_Sed,308.1351748
5,Sample_S19S_0080_Sed,308.2079497
39,Sample_S19S_0080_Sed,309.0252469
69,Sample_S19S_0080_Sed,309.0616036
67,Sample_S19S_0080_Sed,309.0979773
6,Sample_S19S_0080_Sed,309.1013433
3,Sample_S19S_0080_Sed,309.1092661
67,Sample_S19S_0080_Sed,309.1343649
4,Sample_S19S_0080_Sed,309.1530159
51,Sample_S19S_0080_Sed,309.1707647
4,Sample_S19S_0080_Sed,309.1741269
22,Sample_S19S_0080_Sed,309.2071806
14,Sample_S19S_0080_Sed,310.1508222
38,Sample_S19S_0080_Sed,311.0408991
63,Sample_S19S_0080_Sed,311.0772659
86,Sample_S19S_0080_Sed,311.1136352
68,Sample_S19S_0080_Sed,311.1500195
19,Sample_S19S_0080_Sed,311.2228309
13,Sample_S19S_0080_Sed,312.1453188
1,Sample_S19S_0080_Sed,312.9846454
44,Sample_S19S_0080_Sed,313.0565398
58,Sample_S19S_0080_Sed,313.0929245
56,Sample_S19S_0080_Sed,313.1293014
6,Sample_S19S_0080_Sed,313.1809708
39,Sample_S19S_0080_Sed,313.2020808
20,Sample_S19S_0080_Sed,313.2384778
29,Sample_S19S_0080_Sed,314.1245573
24,Sample_S19S_0080_Sed,314.1609464
10,Sample_S19S_0080_Sed,314.1973467
19,Sample_S19S_0080_Sed,315.0146824
40,Sample_S19S_0080_Sed,315.0721791
12,Sample_S19S_0080_Sed,315.0873994
55,Sample_S19S_0080_Sed,315.1085755
61,Sample_S19S_0080_Sed,315.1449559
45,Sample_S19S_0080_Sed,315.1813307
6,Sample_S19S_0080_Sed,315.1966265
35,Sample_S19S_0080_Sed,315.217727
11,Sample_S19S_0080_Sed,315.2541325
24,Sample_S19S_0080_Sed,316.1402237
7,Sample_S19S_0080_Sed,316.1514197
27,Sample_S19S_0080_Sed,317.0303382
37,Sample_S19S_0080_Sed,317.0666936
48,Sample_S19S_0080_Sed,317.124227
38,Sample_S19S_0080_Sed,317.1394552
52,Sample_S19S_0080_Sed,317.1606071
38,Sample_S19S_0080_Sed,317.1969836
14,Sample_S19S_0080_Sed,317.2122753
2,Sample_S19S_0080_Sed,317.2446454
15,Sample_S19S_0080_Sed,318.1194966
24,Sample_S19S_0080_Sed,318.1558543
7,Sample_S19S_0080_Sed,318.2286611
7,Sample_S19S_0080_Sed,319.0460069
48,Sample_S19S_0080_Sed,319.0823624
42,Sample_S19S_0080_Sed,319.139868
36,Sample_S19S_0080_Sed,319.1551015
4,Sample_S19S_0080_Sed,319.2278385
23,Sample_S19S_0080_Sed,320.1351354
16,Sample_S19S_0080_Sed,320.1715427
2,Sample_S19S_0080_Sed,320.2442999
30,Sample_S19S_0080_Sed,321.0252313
41,Sample_S19S_0080_Sed,321.0616406
24,Sample_S19S_0080_Sed,321.0980285
52,Sample_S19S_0080_Sed,321.1343949
36,Sample_S19S_0080_Sed,321.1707672
5,Sample_S19S_0080_Sed,321.2105248
13,Sample_S19S_0080_Sed,322.1144282
2,Sample_S19S_0080_Sed,322.1508517
6,Sample_S19S_0080_Sed,322.1872255
36,Sample_S19S_0080_Sed,323.0408542
67,Sample_S19S_0080_Sed,323.0772527
33,Sample_S19S_0080_Sed,323.1136726
54,Sample_S19S_0080_Sed,323.1500462
48,Sample_S19S_0080_Sed,323.1864241
12,Sample_S19S_0080_Sed,324.1300834
16,Sample_S19S_0080_Sed,324.1664479
7,Sample_S19S_0080_Sed,324.2028461
5,Sample_S19S_0080_Sed,325.0201894
52,Sample_S19S_0080_Sed,325.0565425
68,Sample_S19S_0080_Sed,325.0928926
67,Sample_S19S_0080_Sed,325.1292996
48,Sample_S19S_0080_Sed,325.1657004
1,Sample_S19S_0080_Sed,325.1842438
51,Sample_S19S_0080_Sed,325.2020573
41,Sample_S19S_0080_Sed,327.035782
36,Sample_S19S_0080_Sed,327.0722018
55,Sample_S19S_0080_Sed,327.1085831
64,Sample_S19S_0080_Sed,327.1449492
8,Sample_S19S_0080_Sed,327.2177565
17,Sample_S19S_0080_Sed,328.140231
20,Sample_S19S_0080_Sed,329.0514722
15,Sample_S19S_0080_Sed,329.0667319
69,Sample_S19S_0080_Sed,329.0878075
26,Sample_S19S_0080_Sed,329.1030905
56,Sample_S19S_0080_Sed,329.1242163
1,Sample_S19S_0080_Sed,329.152419
45,Sample_S19S_0080_Sed,329.1969687
25,Sample_S19S_0080_Sed,329.2333488
31,Sample_S19S_0080_Sed,330.1194763
4,Sample_S19S_0080_Sed,330.1670892
17,Sample_S19S_0080_Sed,331.0459941
40,Sample_S19S_0080_Sed,331.0670688
37,Sample_S19S_0080_Sed,331.0823608
34,Sample_S19S_0080_Sed,331.1034998
1,Sample_S19S_0080_Sed,331.122066
10,Sample_S19S_0080_Sed,331.1915481
7,Sample_S19S_0080_Sed,331.2126721
4,Sample_S19S_0080_Sed,331.2490738
17,Sample_S19S_0080_Sed,332.0987468
19,Sample_S19S_0080_Sed,332.1351167
29,Sample_S19S_0080_Sed,332.171516
6,Sample_S19S_0080_Sed,332.2079509
10,Sample_S19S_0080_Sed,333.0252702
16,Sample_S19S_0080_Sed,333.0616512
23,Sample_S19S_0080_Sed,333.1707943
23,Sample_S19S_0080_Sed,333.2071238
3,Sample_S19S_0080_Sed,333.2395661
13,Sample_S19S_0080_Sed,334.1144217
10,Sample_S19S_0080_Sed,334.1508295
5,Sample_S19S_0080_Sed,334.2235949
22,Sample_S19S_0080_Sed,335.0409093
59,Sample_S19S_0080_Sed,335.0772597
26,Sample_S19S_0080_Sed,335.1136067
47,Sample_S19S_0080_Sed,335.150042
32,Sample_S19S_0080_Sed,335.1864245
24,Sample_S19S_0080_Sed,335.2227808
9,Sample_S19S_0080_Sed,335.2358032
4,Sample_S19S_0080_Sed,336.1301036
17,Sample_S19S_0080_Sed,336.1664659
28,Sample_S19S_0080_Sed,337.0201415
25,Sample_S19S_0080_Sed,337.0564852
12,Sample_S19S_0080_Sed,337.0695448
68,Sample_S19S_0080_Sed,337.0929176
76,Sample_S19S_0080_Sed,337.1292866
52,Sample_S19S_0080_Sed,337.1656867
9,Sample_S19S_0080_Sed,337.2021218
13,Sample_S19S_0080_Sed,338.1456998
10,Sample_S19S_0080_Sed,338.182098
31,Sample_S19S_0080_Sed,339.0357996
68,Sample_S19S_0080_Sed,339.0721726
80,Sample_S19S_0080_Sed,339.1085453
23,Sample_S19S_0080_Sed,339.1449816
44,Sample_S19S_0080_Sed,339.1813533
3,Sample_S19S_0080_Sed,339.1999929
29,Sample_S19S_0080_Sed,339.2177427
37,Sample_S19S_0080_Sed,341.0514621
73,Sample_S19S_0080_Sed,341.0878109
16,Sample_S19S_0080_Sed,341.100854
18,Sample_S19S_0080_Sed,341.12425
52,Sample_S19S_0080_Sed,341.1606173
6,Sample_S19S_0080_Sed,341.179252
47,Sample_S19S_0080_Sed,341.1969848
5,Sample_S19S_0080_Sed,341.2334189
10,Sample_S19S_0080_Sed,341.2697302
32,Sample_S19S_0080_Sed,343.067113
72,Sample_S19S_0080_Sed,343.1034685
12,Sample_S19S_0080_Sed,343.1399075
12,Sample_S19S_0080_Sed,343.1551386
50,Sample_S19S_0080_Sed,343.1762631
37,Sample_S19S_0080_Sed,343.2126496
17,Sample_S19S_0080_Sed,343.2490426
1,Sample_S19S_0080_Sed,344.1350437
19,Sample_S19S_0080_Sed,344.1715382
3,Sample_S19S_0080_Sed,344.1827031
3,Sample_S19S_0080_Sed,344.1997897
7,Sample_S19S_0080_Sed,344.2442459
35,Sample_S19S_0080_Sed,345.0616254
30,Sample_S19S_0080_Sed,345.0827674
45,Sample_S19S_0080_Sed,345.1191373
31,Sample_S19S_0080_Sed,345.1555412
21,Sample_S19S_0080_Sed,345.170772
8,Sample_S19S_0080_Sed,345.1919508
29,Sample_S19S_0080_Sed,345.2282779
20,Sample_S19S_0080_Sed,346.1507606
2,Sample_S19S_0080_Sed,346.1619628
18,Sample_S19S_0080_Sed,346.1871921
2,Sample_S19S_0080_Sed,346.2154294
30,Sample_S19S_0080_Sed,347.0408756
53,Sample_S19S_0080_Sed,347.0772564
16,Sample_S19S_0080_Sed,347.0903002
7,Sample_S19S_0080_Sed,347.1170036
22,Sample_S19S_0080_Sed,347.1348045
47,Sample_S19S_0080_Sed,347.1500262
37,Sample_S19S_0080_Sed,347.1711801
7,Sample_S19S_0080_Sed,347.1864695
15,Sample_S19S_0080_Sed,348.1300774
18,Sample_S19S_0080_Sed,348.1664038
11,Sample_S19S_0080_Sed,348.2028318
4,Sample_S19S_0080_Sed,348.231087
24,Sample_S19S_0080_Sed,349.0201636
46,Sample_S19S_0080_Sed,349.0929209
18,Sample_S19S_0080_Sed,349.1059291
58,Sample_S19S_0080_Sed,349.129303
53,Sample_S19S_0080_Sed,349.1656793
13,Sample_S19S_0080_Sed,349.2021049
17,Sample_S19S_0080_Sed,350.1457077
13,Sample_S19S_0080_Sed,350.1821173
8,Sample_S19S_0080_Sed,350.2184616
36,Sample_S19S_0080_Sed,351.0357871
43,Sample_S19S_0080_Sed,351.0721501
21,Sample_S19S_0080_Sed,351.1085115
23,Sample_S19S_0080_Sed,351.121581
27,Sample_S19S_0080_Sed,351.1449775
39,Sample_S19S_0080_Sed,351.1813076
31,Sample_S19S_0080_Sed,351.2177372
3,Sample_S19S_0080_Sed,351.2210572
10,Sample_S19S_0080_Sed,351.2307319
2,Sample_S19S_0080_Sed,351.2500934
14,Sample_S19S_0080_Sed,352.1613622
30,Sample_S19S_0080_Sed,352.1765943
1,Sample_S19S_0080_Sed,352.1978012
20,Sample_S19S_0080_Sed,353.0514753
75,Sample_S19S_0080_Sed,353.0878166
12,Sample_S19S_0080_Sed,353.1008561
38,Sample_S19S_0080_Sed,353.1605629
17,Sample_S19S_0080_Sed,353.1736275
42,Sample_S19S_0080_Sed,353.1970034
4,Sample_S19S_0080_Sed,353.2003494
12,Sample_S19S_0080_Sed,353.2099396
16,Sample_S19S_0080_Sed,353.2333297
4,Sample_S19S_0080_Sed,354.1922902
21,Sample_S19S_0080_Sed,355.0306981
38,Sample_S19S_0080_Sed,355.0671162
73,Sample_S19S_0080_Sed,355.1034699
16,Sample_S19S_0080_Sed,355.1164999
10,Sample_S19S_0080_Sed,355.1399086
58,Sample_S19S_0080_Sed,355.1762476
11,Sample_S19S_0080_Sed,355.2126797
32,Sample_S19S_0080_Sed,356.1715182
16,Sample_S19S_0080_Sed,356.207852
28,Sample_S19S_0080_Sed,357.046323
23,Sample_S19S_0080_Sed,357.061636
52,Sample_S19S_0080_Sed,357.0827228
20,Sample_S19S_0080_Sed,357.0979761
17,Sample_S19S_0080_Sed,357.1110353
67,Sample_S19S_0080_Sed,357.1191097
63,Sample_S19S_0080_Sed,357.1554992
57,Sample_S19S_0080_Sed,357.191896
41,Sample_S19S_0080_Sed,357.2282738
7,Sample_S19S_0080_Sed,358.1507103
18,Sample_S19S_0080_Sed,358.1871972
3,Sample_S19S_0080_Sed,358.1983945
23,Sample_S19S_0080_Sed,358.2235211
6,Sample_S19S_0080_Sed,359.0409252
35,Sample_S19S_0080_Sed,359.0619959
19,Sample_S19S_0080_Sed,359.0984239
44,Sample_S19S_0080_Sed,359.1347452
35,Sample_S19S_0080_Sed,359.1500213
51,Sample_S19S_0080_Sed,359.1711775
16,Sample_S19S_0080_Sed,359.2074846
30,Sample_S19S_0080_Sed,359.2439319
22,Sample_S19S_0080_Sed,360.1664452
6,Sample_S19S_0080_Sed,360.1776328
2,Sample_S19S_0080_Sed,360.1946802
20,Sample_S19S_0080_Sed,361.0201475
27,Sample_S19S_0080_Sed,361.056505
6,Sample_S19S_0080_Sed,361.069538
48,Sample_S19S_0080_Sed,361.0929312
34,Sample_S19S_0080_Sed,361.1140532
55,Sample_S19S_0080_Sed,361.1292859
31,Sample_S19S_0080_Sed,361.1423317
46,Sample_S19S_0080_Sed,361.1504109
28,Sample_S19S_0080_Sed,361.1657046
38,Sample_S19S_0080_Sed,361.186829
10,Sample_S19S_0080_Sed,361.2151155
9,Sample_S19S_0080_Sed,362.1093336
16,Sample_S19S_0080_Sed,362.1821174
30,Sample_S19S_0080_Sed,363.0357881
22,Sample_S19S_0080_Sed,363.0722122
49,Sample_S19S_0080_Sed,363.108539
20,Sample_S19S_0080_Sed,363.1215932
18,Sample_S19S_0080_Sed,363.1812892
21,Sample_S19S_0080_Sed,363.1943423
2,Sample_S19S_0080_Sed,363.2670624
14,Sample_S19S_0080_Sed,364.1613157
6,Sample_S19S_0080_Sed,364.2259804
11,Sample_S19S_0080_Sed,365.0513776
54,Sample_S19S_0080_Sed,365.0878382
21,Sample_S19S_0080_Sed,365.1008669
25,Sample_S19S_0080_Sed,365.1241727
21,Sample_S19S_0080_Sed,365.137244
14,Sample_S19S_0080_Sed,365.1606438
38,Sample_S19S_0080_Sed,365.1969623
19,Sample_S19S_0080_Sed,365.2100088
23,Sample_S19S_0080_Sed,366.0830912
8,Sample_S19S_0080_Sed,366.1558943
27,Sample_S19S_0080_Sed,367.0306865
50,Sample_S19S_0080_Sed,367.0671094
78,Sample_S19S_0080_Sed,367.1034613
15,Sample_S19S_0080_Sed,367.1165264
4,Sample_S19S_0080_Sed,367.1399195
37,Sample_S19S_0080_Sed,367.1762158
21,Sample_S19S_0080_Sed,367.189277
40,Sample_S19S_0080_Sed,367.2126519
3,Sample_S19S_0080_Sed,367.2255178
1,Sample_S19S_0080_Sed,368.1117355
8,Sample_S19S_0080_Sed,368.1562607
39,Sample_S19S_0080_Sed,368.1714856
19,Sample_S19S_0080_Sed,369.0463181
54,Sample_S19S_0080_Sed,369.0827443
10,Sample_S19S_0080_Sed,369.1190631
15,Sample_S19S_0080_Sed,369.1321274
60,Sample_S19S_0080_Sed,369.1555194
19,Sample_S19S_0080_Sed,369.1685393
15,Sample_S19S_0080_Sed,369.1837969
39,Sample_S19S_0080_Sed,369.2282876
28,Sample_S19S_0080_Sed,370.1507341
38,Sample_S19S_0080_Sed,371.0620102
14,Sample_S19S_0080_Sed,371.0983408
49,Sample_S19S_0080_Sed,371.1347918
45,Sample_S19S_0080_Sed,371.171134
36,Sample_S19S_0080_Sed,371.2075705
23,Sample_S19S_0080_Sed,371.2439257
16,Sample_S19S_0080_Sed,372.2028242
1,Sample_S19S_0080_Sed,372.3038234
27,Sample_S19S_0080_Sed,373.0565482
15,Sample_S19S_0080_Sed,373.0776886
23,Sample_S19S_0080_Sed,373.09294
20,Sample_S19S_0080_Sed,373.1059583
12,Sample_S19S_0080_Sed,373.2595428
26,Sample_S19S_0080_Sed,374.1456527
12,Sample_S19S_0080_Sed,374.1820296
18,Sample_S19S_0080_Sed,374.2184652
35,Sample_S19S_0080_Sed,375.0721973
13,Sample_S19S_0080_Sed,375.0852221
27,Sample_S19S_0080_Sed,375.1297066
49,Sample_S19S_0080_Sed,375.1449442
26,Sample_S19S_0080_Sed,375.1579842
12,Sample_S19S_0080_Sed,375.1660121
16,Sample_S19S_0080_Sed,375.1812892
31,Sample_S19S_0080_Sed,375.194367
4,Sample_S19S_0080_Sed,375.230771
10,Sample_S19S_0080_Sed,375.2387855
16,Sample_S19S_0080_Sed,376.1249335
16,Sample_S19S_0080_Sed,376.1976905
39,Sample_S19S_0080_Sed,377.0514538
33,Sample_S19S_0080_Sed,377.0877952
13,Sample_S19S_0080_Sed,377.100823
58,Sample_S19S_0080_Sed,377.1241915
22,Sample_S19S_0080_Sed,377.1372608
21,Sample_S19S_0080_Sed,377.1453086
24,Sample_S19S_0080_Sed,377.1735945
18,Sample_S19S_0080_Sed,377.2099902
11,Sample_S19S_0080_Sed,377.2463996
2,Sample_S19S_0080_Sed,378.2319507
7,Sample_S19S_0080_Sed,378.2416575
26,Sample_S19S_0080_Sed,379.0307221
11,Sample_S19S_0080_Sed,379.0670295
6,Sample_S19S_0080_Sed,379.0800689
74,Sample_S19S_0080_Sed,379.1034645
19,Sample_S19S_0080_Sed,379.1165229
19,Sample_S19S_0080_Sed,379.1528588
30,Sample_S19S_0080_Sed,379.1892722
16,Sample_S19S_0080_Sed,379.2256462
8,Sample_S19S_0080_Sed,379.2620178
34,Sample_S19S_0080_Sed,381.0463502
8,Sample_S19S_0080_Sed,381.0826619
74,Sample_S19S_0080_Sed,381.1191186
21,Sample_S19S_0080_Sed,381.1321708
71,Sample_S19S_0080_Sed,381.1555031
18,Sample_S19S_0080_Sed,381.1684945
37,Sample_S19S_0080_Sed,381.1918695
12,Sample_S19S_0080_Sed,381.204939
27,Sample_S19S_0080_Sed,381.2282913
2,Sample_S19S_0080_Sed,381.2316122
2,Sample_S19S_0080_Sed,381.2411757
3,Sample_S19S_0080_Sed,382.1273741
7,Sample_S19S_0080_Sed,382.1507159
14,Sample_S19S_0080_Sed,383.0619616
70,Sample_S19S_0080_Sed,383.0983806
15,Sample_S19S_0080_Sed,383.1347075
19,Sample_S19S_0080_Sed,383.1477567
24,Sample_S19S_0080_Sed,383.1711132
17,Sample_S19S_0080_Sed,383.184187
44,Sample_S19S_0080_Sed,383.2075249
27,Sample_S19S_0080_Sed,383.2439132
3,Sample_S19S_0080_Sed,384.1430092
30,Sample_S19S_0080_Sed,384.1664077
51,Sample_S19S_0080_Sed,385.0776412
26,Sample_S19S_0080_Sed,385.0929264
10,Sample_S19S_0080_Sed,385.1139909
18,Sample_S19S_0080_Sed,385.1423072
26,Sample_S19S_0080_Sed,385.1503825
10,Sample_S19S_0080_Sed,385.1634062
44,Sample_S19S_0080_Sed,385.1868285
14,Sample_S19S_0080_Sed,385.2231361
23,Sample_S19S_0080_Sed,385.2595906
34,Sample_S19S_0080_Sed,386.1820531
19,Sample_S19S_0080_Sed,387.0358113
3,Sample_S19S_0080_Sed,387.0721252
11,Sample_S19S_0080_Sed,387.0932457
63,Sample_S19S_0080_Sed,387.1296791
17,Sample_S19S_0080_Sed,387.1579654
21,Sample_S19S_0080_Sed,387.19436
40,Sample_S19S_0080_Sed,387.2024406
25,Sample_S19S_0080_Sed,387.2388297
2,Sample_S19S_0080_Sed,388.2987452
22,Sample_S19S_0080_Sed,389.051417
39,Sample_S19S_0080_Sed,389.0878118
15,Sample_S19S_0080_Sed,389.1008827
52,Sample_S19S_0080_Sed,389.1242045
17,Sample_S19S_0080_Sed,389.1372295
7,Sample_S19S_0080_Sed,389.1452618
13,Sample_S19S_0080_Sed,389.1605387
26,Sample_S19S_0080_Sed,389.1736085
20,Sample_S19S_0080_Sed,389.1816725
29,Sample_S19S_0080_Sed,389.2180886
19,Sample_S19S_0080_Sed,391.0670531
20,Sample_S19S_0080_Sed,391.1034381
30,Sample_S19S_0080_Sed,391.1398852
18,Sample_S19S_0080_Sed,391.1528412
1,Sample_S19S_0080_Sed,391.1608948
26,Sample_S19S_0080_Sed,391.1762035
15,Sample_S19S_0080_Sed,391.1892281
1,Sample_S19S_0080_Sed,391.1972085
6,Sample_S19S_0080_Sed,391.2256863
6,Sample_S19S_0080_Sed,391.2620068
10,Sample_S19S_0080_Sed,392.1198706
15,Sample_S19S_0080_Sed,393.0463154
45,Sample_S19S_0080_Sed,393.0827628
55,Sample_S19S_0080_Sed,393.1191285
16,Sample_S19S_0080_Sed,393.1321265
22,Sample_S19S_0080_Sed,393.1554711
20,Sample_S19S_0080_Sed,393.1685262
19,Sample_S19S_0080_Sed,393.2049392
2,Sample_S19S_0080_Sed,393.2161336
12,Sample_S19S_0080_Sed,393.2282185
13,Sample_S19S_0080_Sed,393.2412462
3,Sample_S19S_0080_Sed,393.2776995
3,Sample_S19S_0080_Sed,394.1637274
4,Sample_S19S_0080_Sed,394.2001939
8,Sample_S19S_0080_Sed,395.0255818
23,Sample_S19S_0080_Sed,395.0619708
23,Sample_S19S_0080_Sed,395.0984243
15,Sample_S19S_0080_Sed,395.1114167
80,Sample_S19S_0080_Sed,395.1347697
20,Sample_S19S_0080_Sed,395.1477706
27,Sample_S19S_0080_Sed,395.171191
16,Sample_S19S_0080_Sed,395.2075813
16,Sample_S19S_0080_Sed,395.2205826
2,Sample_S19S_0080_Sed,395.2317962
16,Sample_S19S_0080_Sed,396.0936653
11,Sample_S19S_0080_Sed,397.0775828
42,Sample_S19S_0080_Sed,397.1140135
13,Sample_S19S_0080_Sed,397.1270557
65,Sample_S19S_0080_Sed,397.1504225
17,Sample_S19S_0080_Sed,397.1634297
20,Sample_S19S_0080_Sed,397.1867602
14,Sample_S19S_0080_Sed,397.1997808
38,Sample_S19S_0080_Sed,397.2232052
2,Sample_S19S_0080_Sed,397.2265763
3,Sample_S19S_0080_Sed,398.1222468
30,Sample_S19S_0080_Sed,398.1456531
4,Sample_S19S_0080_Sed,399.0568344
32,Sample_S19S_0080_Sed,399.0932727
41,Sample_S19S_0080_Sed,399.1296635
12,Sample_S19S_0080_Sed,399.1579458
3,Sample_S19S_0080_Sed,399.1659287
8,Sample_S19S_0080_Sed,399.1790309
15,Sample_S19S_0080_Sed,399.1943775
41,Sample_S19S_0080_Sed,399.2024375
4,Sample_S19S_0080_Sed,399.2176725
18,Sample_S19S_0080_Sed,399.2388025
1,Sample_S19S_0080_Sed,399.2751285
24,Sample_S19S_0080_Sed,401.0514549
6,Sample_S19S_0080_Sed,401.0725084
35,Sample_S19S_0080_Sed,401.1089631
53,Sample_S19S_0080_Sed,401.1453284
16,Sample_S19S_0080_Sed,401.1736033
10,Sample_S19S_0080_Sed,401.1816514
22,Sample_S19S_0080_Sed,401.2100146
28,Sample_S19S_0080_Sed,401.2180808
15,Sample_S19S_0080_Sed,401.2544603
12,Sample_S19S_0080_Sed,402.1405573
29,Sample_S19S_0080_Sed,403.0881974
41,Sample_S19S_0080_Sed,403.1034476
12,Sample_S19S_0080_Sed,403.1164656
6,Sample_S19S_0080_Sed,403.1245163
49,Sample_S19S_0080_Sed,403.1398463
21,Sample_S19S_0080_Sed,403.1529106
18,Sample_S19S_0080_Sed,403.1609357
32,Sample_S19S_0080_Sed,403.1973716
15,Sample_S19S_0080_Sed,403.2256482
11,Sample_S19S_0080_Sed,403.2336971
22,Sample_S19S_0080_Sed,404.1926065
24,Sample_S19S_0080_Sed,405.0827082
12,Sample_S19S_0080_Sed,405.1190623
20,Sample_S19S_0080_Sed,405.1321292
30,Sample_S19S_0080_Sed,405.1555362
26,Sample_S19S_0080_Sed,405.1685606
15,Sample_S19S_0080_Sed,405.2048711
10,Sample_S19S_0080_Sed,405.2412525
6,Sample_S19S_0080_Sed,406.2364932
23,Sample_S19S_0080_Sed,407.0620299
58,Sample_S19S_0080_Sed,407.0983755
10,Sample_S19S_0080_Sed,407.1113661
50,Sample_S19S_0080_Sed,407.1347505
24,Sample_S19S_0080_Sed,407.1477958
4,Sample_S19S_0080_Sed,407.1712237
13,Sample_S19S_0080_Sed,407.2075913
19,Sample_S19S_0080_Sed,407.2205546
11,Sample_S19S_0080_Sed,407.2568891
7,Sample_S19S_0080_Sed,409.07757
60,Sample_S19S_0080_Sed,409.1140221
17,Sample_S19S_0080_Sed,409.1270356
67,Sample_S19S_0080_Sed,409.1504235
11,Sample_S19S_0080_Sed,409.1633923
10,Sample_S19S_0080_Sed,409.1867344
8,Sample_S19S_0080_Sed,409.1997594
39,Sample_S19S_0080_Sed,409.2231724
8,Sample_S19S_0080_Sed,411.0568579
42,Sample_S19S_0080_Sed,411.0933142
3,Sample_S19S_0080_Sed,411.1062526
54,Sample_S19S_0080_Sed,411.1296933
20,Sample_S19S_0080_Sed,411.1426758
17,Sample_S19S_0080_Sed,411.1579879
39,Sample_S19S_0080_Sed,411.1660419
3,Sample_S19S_0080_Sed,411.2022993
16,Sample_S19S_0080_Sed,411.2154903
25,Sample_S19S_0080_Sed,411.2388467
7,Sample_S19S_0080_Sed,411.2517972
4,Sample_S19S_0080_Sed,412.137911
48,Sample_S19S_0080_Sed,413.1089345
8,Sample_S19S_0080_Sed,413.1372735
17,Sample_S19S_0080_Sed,413.1452768
9,Sample_S19S_0080_Sed,413.1583079
18,Sample_S19S_0080_Sed,413.1736056
4,Sample_S19S_0080_Sed,413.1816156
3,Sample_S19S_0080_Sed,413.1946295
11,Sample_S19S_0080_Sed,413.2100122
20,Sample_S19S_0080_Sed,413.2180661
22,Sample_S19S_0080_Sed,413.2544798
31,Sample_S19S_0080_Sed,415.0881916
9,Sample_S19S_0080_Sed,415.1164835
16,Sample_S19S_0080_Sed,415.1245406
9,Sample_S19S_0080_Sed,415.1529316
42,Sample_S19S_0080_Sed,415.1609859
33,Sample_S19S_0080_Sed,415.1973464
12,Sample_S19S_0080_Sed,415.2256541
12,Sample_S19S_0080_Sed,415.2336924
18,Sample_S19S_0080_Sed,415.2701205
11,Sample_S19S_0080_Sed,416.1925804
15,Sample_S19S_0080_Sed,417.0463346
10,Sample_S19S_0080_Sed,417.0826722
8,Sample_S19S_0080_Sed,417.1037889
23,Sample_S19S_0080_Sed,417.1321667
28,Sample_S19S_0080_Sed,417.1402188
28,Sample_S19S_0080_Sed,417.1685514
10,Sample_S19S_0080_Sed,417.1765666
10,Sample_S19S_0080_Sed,417.2048604
6,Sample_S19S_0080_Sed,417.2128787
10,Sample_S19S_0080_Sed,417.2493486
15,Sample_S19S_0080_Sed,419.0619721
1,Sample_S19S_0080_Sed,419.0982983
3,Sample_S19S_0080_Sed,419.1113471
55,Sample_S19S_0080_Sed,419.1347745
18,Sample_S19S_0080_Sed,419.1478319
10,Sample_S19S_0080_Sed,419.1558387
31,Sample_S19S_0080_Sed,419.1842051
12,Sample_S19S_0080_Sed,419.2205119
3,Sample_S19S_0080_Sed,419.2285513
4,Sample_S19S_0080_Sed,420.2521315
15,Sample_S19S_0080_Sed,421.0412704
4,Sample_S19S_0080_Sed,421.0777047
52,Sample_S19S_0080_Sed,421.1140346
11,Sample_S19S_0080_Sed,421.1270174
51,Sample_S19S_0080_Sed,421.1504292
1,Sample_S19S_0080_Sed,421.1552081
24,Sample_S19S_0080_Sed,421.1634511
7,Sample_S19S_0080_Sed,421.1868654
6,Sample_S19S_0080_Sed,421.2265386
13,Sample_S19S_0080_Sed,421.2362004
7,Sample_S19S_0080_Sed,422.2031632
28,Sample_S19S_0080_Sed,423.0569089
10,Sample_S19S_0080_Sed,423.093231
66,Sample_S19S_0080_Sed,423.1296813
12,Sample_S19S_0080_Sed,423.1426961
10,Sample_S19S_0080_Sed,423.1661225
25,Sample_S19S_0080_Sed,423.179095
45,Sample_S19S_0080_Sed,423.2024382
16,Sample_S19S_0080_Sed,423.2154249
3,Sample_S19S_0080_Sed,423.2517315
30,Sample_S19S_0080_Sed,425.1089252
14,Sample_S19S_0080_Sed,425.1583275
37,Sample_S19S_0080_Sed,425.1816982
15,Sample_S19S_0080_Sed,425.1947046
1,Sample_S19S_0080_Sed,425.2178813
12,Sample_S19S_0080_Sed,425.2311014
16,Sample_S19S_0080_Sed,427.088175
8,Sample_S19S_0080_Sed,427.1165345
52,Sample_S19S_0080_Sed,427.1245871
8,Sample_S19S_0080_Sed,427.1375743
2,Sample_S19S_0080_Sed,427.1610597
28,Sample_S19S_0080_Sed,427.1973395
26,Sample_S19S_0080_Sed,427.2337286
8,Sample_S19S_0080_Sed,428.1925676
1,Sample_S19S_0080_Sed,429.1039457
22,Sample_S19S_0080_Sed,429.1685491
17,Sample_S19S_0080_Sed,429.1765924
24,Sample_S19S_0080_Sed,429.2129876
22,Sample_S19S_0080_Sed,429.2494299
13,Sample_S19S_0080_Sed,430.2083192
7,Sample_S19S_0080_Sed,431.1113826
3,Sample_S19S_0080_Sed,431.2206124
18,Sample_S19S_0080_Sed,431.2286229
7,Sample_S19S_0080_Sed,432.1876103
1,Sample_S19S_0080_Sed,432.9695275
14,Sample_S19S_0080_Sed,433.0412948
31,Sample_S19S_0080_Sed,433.077665
24,Sample_S19S_0080_Sed,433.1634586
5,Sample_S19S_0080_Sed,433.1998888
16,Sample_S19S_0080_Sed,435.0569041
13,Sample_S19S_0080_Sed,435.1296329
5,Sample_S19S_0080_Sed,435.1426364
5,Sample_S19S_0080_Sed,435.1659973
24,Sample_S19S_0080_Sed,435.1790631
14,Sample_S19S_0080_Sed,435.2155119
1,Sample_S19S_0080_Sed,436.9644408
13,Sample_S19S_0080_Sed,437.1088959
22,Sample_S19S_0080_Sed,437.158378
18,Sample_S19S_0080_Sed,437.1946984
10,Sample_S19S_0080_Sed,437.2310601
1,Sample_S19S_0080_Sed,439.051737
49,Sample_S19S_0080_Sed,439.1246064
11,Sample_S19S_0080_Sed,439.1973056
4,Sample_S19S_0080_Sed,439.2103099
2,Sample_S19S_0080_Sed,439.246834
2,Sample_S19S_0080_Sed,440.1328082
37,Sample_S19S_0080_Sed,441.1402285
11,Sample_S19S_0080_Sed,441.1765589
6,Sample_S19S_0080_Sed,441.1895875
13,Sample_S19S_0080_Sed,441.2129575
13,Sample_S19S_0080_Sed,441.2260326
9,Sample_S19S_0080_Sed,441.2494531
1,Sample_S19S_0080_Sed,443.061884
10,Sample_S19S_0080_Sed,443.0830557
11,Sample_S19S_0080_Sed,443.0984287
9,Sample_S19S_0080_Sed,443.1114516
41,Sample_S19S_0080_Sed,443.119518
5,Sample_S19S_0080_Sed,443.1478565
42,Sample_S19S_0080_Sed,443.1558944
7,Sample_S19S_0080_Sed,443.1922057
8,Sample_S19S_0080_Sed,443.2205255
6,Sample_S19S_0080_Sed,443.2285235
21,Sample_S19S_0080_Sed,443.2650816
7,Sample_S19S_0080_Sed,445.127011
23,Sample_S19S_0080_Sed,445.1634705
36,Sample_S19S_0080_Sed,445.1715289
29,Sample_S19S_0080_Sed,445.2079177
17,Sample_S19S_0080_Sed,445.2442897
42,Sample_S19S_0080_Sed,447.1297048
21,Sample_S19S_0080_Sed,447.1427418
22,Sample_S19S_0080_Sed,447.179104
1,Sample_S19S_0080_Sed,447.1967099
8,Sample_S19S_0080_Sed,447.2154152
1,Sample_S19S_0080_Sed,447.2234126
8,Sample_S19S_0080_Sed,447.2518394
6,Sample_S19S_0080_Sed,449.0724952
48,Sample_S19S_0080_Sed,449.1089599
24,Sample_S19S_0080_Sed,449.1583358
1,Sample_S19S_0080_Sed,449.1735875
8,Sample_S19S_0080_Sed,449.1946593
14,Sample_S19S_0080_Sed,449.2310912
2,Sample_S19S_0080_Sed,451.0517204
10,Sample_S19S_0080_Sed,451.0881744
34,Sample_S19S_0080_Sed,451.124616
20,Sample_S19S_0080_Sed,451.1609528
13,Sample_S19S_0080_Sed,451.1739524
1,Sample_S19S_0080_Sed,451.1916101
6,Sample_S19S_0080_Sed,451.2103087
12,Sample_S19S_0080_Sed,451.2467303
5,Sample_S19S_0080_Sed,451.2831359
1,Sample_S19S_0080_Sed,453.1037558
47,Sample_S19S_0080_Sed,453.1766436
19,Sample_S19S_0080_Sed,453.1896338
11,Sample_S19S_0080_Sed,453.2259797
1,Sample_S19S_0080_Sed,453.2492245
15,Sample_S19S_0080_Sed,455.0467468
3,Sample_S19S_0080_Sed,455.1921775
13,Sample_S19S_0080_Sed,455.2052634
9,Sample_S19S_0080_Sed,455.2416675
18,Sample_S19S_0080_Sed,455.2650512
11,Sample_S19S_0080_Sed,457.1634444
22,Sample_S19S_0080_Sed,457.1715231
28,Sample_S19S_0080_Sed,457.2079257
10,Sample_S19S_0080_Sed,457.2362399
11,Sample_S19S_0080_Sed,457.2442623
26,Sample_S19S_0080_Sed,459.1296693
23,Sample_S19S_0080_Sed,459.1661042
34,Sample_S19S_0080_Sed,459.1872169
2,Sample_S19S_0080_Sed,459.2598321
8,Sample_S19S_0080_Sed,461.0725007
6,Sample_S19S_0080_Sed,461.1948089
20,Sample_S19S_0080_Sed,463.0881954
23,Sample_S19S_0080_Sed,463.210366
18,Sample_S19S_0080_Sed,463.2467901
13,Sample_S19S_0080_Sed,465.1038259
23,Sample_S19S_0080_Sed,465.1896305
6,Sample_S19S_0080_Sed,465.2259434
10,Sample_S19S_0080_Sed,467.2052403
21,Sample_S19S_0080_Sed,467.2286363
2,Sample_S19S_0080_Sed,469.1843946
22,Sample_S19S_0080_Sed,469.2078959
17,Sample_S19S_0080_Sed,469.2209608
15,Sample_S19S_0080_Sed,471.0780166
17,Sample_S19S_0080_Sed,471.2235442
6,Sample_S19S_0080_Sed,473.2027392
10,Sample_S19S_0080_Sed,475.0881586
22,Sample_S19S_0080_Sed,475.1739813
5,Sample_S19S_0080_Sed,475.2103074
1,Sample_S19S_0080_Sed,476.2499866
5,Sample_S19S_0080_Sed,477.1531747
6,Sample_S19S_0080_Sed,477.1895617
21,Sample_S19S_0080_Sed,477.2260597
15,Sample_S19S_0080_Sed,477.262427
7,Sample_S19S_0080_Sed,479.1689644
21,Sample_S19S_0080_Sed,479.2053091
16,Sample_S19S_0080_Sed,479.2416827
23,Sample_S19S_0080_Sed,481.0987747
8,Sample_S19S_0080_Sed,481.1634867
7,Sample_S19S_0080_Sed,481.2208584
13,Sample_S19S_0080_Sed,483.0780208
4,Sample_S19S_0080_Sed,483.2234722
8,Sample_S19S_0080_Sed,483.2963101
20,Sample_S19S_0080_Sed,485.1664901
2,Sample_S19S_0080_Sed,485.2390821
5,Sample_S19S_0080_Sed,487.1740711
2,Sample_S19S_0080_Sed,487.2104698
15,Sample_S19S_0080_Sed,487.254845
1,Sample_S19S_0080_Sed,487.2911792
1,Sample_S19S_0080_Sed,489.2259164
2,Sample_S19S_0080_Sed,491.2053832
7,Sample_S19S_0080_Sed,491.2780744
3,Sample_S19S_0080_Sed,493.1846305
5,Sample_S19S_0080_Sed,493.2572378
11,Sample_S19S_0080_Sed,495.1638346
7,Sample_S19S_0080_Sed,495.2001254
15,Sample_S19S_0080_Sed,499.2104255
1,Sample_S19S_0080_Sed,499.2546595
1,Sample_S19S_0080_Sed,502.2292793
10,Sample_S19S_0080_Sed,505.1846129
3,Sample_S19S_0080_Sed,509.2391011
3,Sample_S19S_0080_Sed,511.2547768
5,Sample_S19S_0080_Sed,513.3068739
3,Sample_S19S_0080_Sed,517.2572088
5,Sample_S19S_0080_Sed,523.3195564
3,Sample_S19S_0080_Sed,525.2106012
4,Sample_S19S_0080_Sed,525.2470626
1,Sample_S19S_0080_Sed,542.1878502
1,Sample_S19S_0080_Sed,545.2523758
1,Sample_S19S_0080_Sed,549.283364
