num.trans.involved.in,sample,peak
41,Sample_S19S_0012_Sed,241.03537
3,Sample_S19S_0012_Sed,241.0466195
19,Sample_S19S_0012_Sed,241.0717422
14,Sample_S19S_0012_Sed,241.1081087
10,Sample_S19S_0012_Sed,241.1445007
35,Sample_S19S_0012_Sed,241.1809156
8,Sample_S19S_0012_Sed,242.0670034
13,Sample_S19S_0012_Sed,242.139775
5,Sample_S19S_0012_Sed,242.1761465
48,Sample_S19S_0012_Sed,243.0510224
14,Sample_S19S_0012_Sed,243.0873816
10,Sample_S19S_0012_Sed,243.1237626
20,Sample_S19S_0012_Sed,243.1601665
33,Sample_S19S_0012_Sed,243.1965883
3,Sample_S19S_0012_Sed,245.0489119
70,Sample_S19S_0012_Sed,245.0666847
57,Sample_S19S_0012_Sed,245.1030642
3,Sample_S19S_0012_Sed,245.1142776
25,Sample_S19S_0012_Sed,245.1394342
5,Sample_S19S_0012_Sed,246.1095509
19,Sample_S19S_0012_Sed,247.024801
63,Sample_S19S_0012_Sed,247.0823368
5,Sample_S19S_0012_Sed,247.0935696
51,Sample_S19S_0012_Sed,247.118733
6,Sample_S19S_0012_Sed,247.1703275
14,Sample_S19S_0012_Sed,248.1139872
20,Sample_S19S_0012_Sed,249.0040636
44,Sample_S19S_0012_Sed,249.0404675
35,Sample_S19S_0012_Sed,249.1496147
4,Sample_S19S_0012_Sed,249.1529913
7,Sample_S19S_0012_Sed,250.1448617
38,Sample_S19S_0012_Sed,251.0197332
27,Sample_S19S_0012_Sed,251.0560986
2,Sample_S19S_0012_Sed,251.0594793
2,Sample_S19S_0012_Sed,251.0785764
73,Sample_S19S_0012_Sed,251.0925063
40,Sample_S19S_0012_Sed,251.1289035
33,Sample_S19S_0012_Sed,251.1652673
29,Sample_S19S_0012_Sed,252.9989785
50,Sample_S19S_0012_Sed,253.0353983
72,Sample_S19S_0012_Sed,253.0717756
19,Sample_S19S_0012_Sed,253.1081345
51,Sample_S19S_0012_Sed,253.1445337
46,Sample_S19S_0012_Sed,253.1809275
58,Sample_S19S_0012_Sed,255.0510433
3,Sample_S19S_0012_Sed,255.0622462
85,Sample_S19S_0012_Sed,255.0874163
24,Sample_S19S_0012_Sed,255.1237776
49,Sample_S19S_0012_Sed,255.1602018
41,Sample_S19S_0012_Sed,255.1965909
21,Sample_S19S_0012_Sed,255.2329705
51,Sample_S19S_0012_Sed,257.030304
2,Sample_S19S_0012_Sed,257.0415582
63,Sample_S19S_0012_Sed,257.0666765
41,Sample_S19S_0012_Sed,257.1030521
55,Sample_S19S_0012_Sed,257.1394516
40,Sample_S19S_0012_Sed,257.175834
33,Sample_S19S_0012_Sed,257.2122374
17,Sample_S19S_0012_Sed,258.1347123
58,Sample_S19S_0012_Sed,259.0459547
67,Sample_S19S_0012_Sed,259.0823405
55,Sample_S19S_0012_Sed,259.1187072
7,Sample_S19S_0012_Sed,259.1299532
53,Sample_S19S_0012_Sed,259.1551113
31,Sample_S19S_0012_Sed,259.1914889
23,Sample_S19S_0012_Sed,261.0040785
50,Sample_S19S_0012_Sed,261.0980071
2,Sample_S19S_0012_Sed,261.1244971
57,Sample_S19S_0012_Sed,261.1343647
1,Sample_S19S_0012_Sed,261.9555802
26,Sample_S19S_0012_Sed,263.019721
40,Sample_S19S_0012_Sed,263.0561329
18,Sample_S19S_0012_Sed,263.0924815
28,Sample_S19S_0012_Sed,263.128908
39,Sample_S19S_0012_Sed,263.1652771
1,Sample_S19S_0012_Sed,264.0473979
17,Sample_S19S_0012_Sed,264.1605215
25,Sample_S19S_0012_Sed,264.9989861
46,Sample_S19S_0012_Sed,265.0353938
4,Sample_S19S_0012_Sed,265.0578564
43,Sample_S19S_0012_Sed,265.0717855
37,Sample_S19S_0012_Sed,265.1445692
3,Sample_S19S_0012_Sed,265.1479151
8,Sample_S19S_0012_Sed,265.1575521
15,Sample_S19S_0012_Sed,265.1809039
4,Sample_S19S_0012_Sed,266.089493
10,Sample_S19S_0012_Sed,266.1246093
40,Sample_S19S_0012_Sed,267.0146829
62,Sample_S19S_0012_Sed,267.0510336
5,Sample_S19S_0012_Sed,267.0735078
65,Sample_S19S_0012_Sed,267.0874299
72,Sample_S19S_0012_Sed,267.123805
50,Sample_S19S_0012_Sed,267.1601848
41,Sample_S19S_0012_Sed,267.1965985
47,Sample_S19S_0012_Sed,269.0303205
73,Sample_S19S_0012_Sed,269.0666802
71,Sample_S19S_0012_Sed,269.1030627
57,Sample_S19S_0012_Sed,269.1394657
50,Sample_S19S_0012_Sed,269.1758579
38,Sample_S19S_0012_Sed,269.2122378
43,Sample_S19S_0012_Sed,271.0459737
60,Sample_S19S_0012_Sed,271.0823212
71,Sample_S19S_0012_Sed,271.118718
48,Sample_S19S_0012_Sed,271.1551343
49,Sample_S19S_0012_Sed,271.1914941
31,Sample_S19S_0012_Sed,271.227892
16,Sample_S19S_0012_Sed,272.1504094
1,Sample_S19S_0012_Sed,273.0014793
53,Sample_S19S_0012_Sed,273.061591
68,Sample_S19S_0012_Sed,273.0979879
10,Sample_S19S_0012_Sed,273.109239
52,Sample_S19S_0012_Sed,273.1343844
53,Sample_S19S_0012_Sed,273.1707658
38,Sample_S19S_0012_Sed,273.2071526
15,Sample_S19S_0012_Sed,274.0932637
20,Sample_S19S_0012_Sed,274.1296219
27,Sample_S19S_0012_Sed,275.0197425
63,Sample_S19S_0012_Sed,275.0772487
58,Sample_S19S_0012_Sed,275.1136274
47,Sample_S19S_0012_Sed,275.1500444
17,Sample_S19S_0012_Sed,276.108923
37,Sample_S19S_0012_Sed,276.9990278
50,Sample_S19S_0012_Sed,277.0354157
44,Sample_S19S_0012_Sed,277.0717892
57,Sample_S19S_0012_Sed,277.1081544
1,Sample_S19S_0012_Sed,277.1194289
40,Sample_S19S_0012_Sed,277.1293085
47,Sample_S19S_0012_Sed,277.1445377
1,Sample_S19S_0012_Sed,278.0630512
11,Sample_S19S_0012_Sed,278.0881845
10,Sample_S19S_0012_Sed,278.1610047
26,Sample_S19S_0012_Sed,279.0146331
50,Sample_S19S_0012_Sed,279.0510516
38,Sample_S19S_0012_Sed,279.0874539
7,Sample_S19S_0012_Sed,279.0986672
41,Sample_S19S_0012_Sed,279.1238221
50,Sample_S19S_0012_Sed,279.160186
4,Sample_S19S_0012_Sed,279.1635618
1,Sample_S19S_0012_Sed,280.068733
12,Sample_S19S_0012_Sed,280.1038615
47,Sample_S19S_0012_Sed,281.0303339
1,Sample_S19S_0012_Sed,281.0528323
66,Sample_S19S_0012_Sed,281.0666829
33,Sample_S19S_0012_Sed,281.1030502
66,Sample_S19S_0012_Sed,281.1394597
38,Sample_S19S_0012_Sed,281.1758716
3,Sample_S19S_0012_Sed,282.0844159
15,Sample_S19S_0012_Sed,282.1194934
46,Sample_S19S_0012_Sed,283.0095898
64,Sample_S19S_0012_Sed,283.0459554
1,Sample_S19S_0012_Sed,283.0684737
38,Sample_S19S_0012_Sed,283.0823169
84,Sample_S19S_0012_Sed,283.118715
48,Sample_S19S_0012_Sed,283.1551309
28,Sample_S19S_0012_Sed,283.1915306
16,Sample_S19S_0012_Sed,283.2279218
3,Sample_S19S_0012_Sed,284.1616007
47,Sample_S19S_0012_Sed,285.025228
42,Sample_S19S_0012_Sed,285.0616357
20,Sample_S19S_0012_Sed,285.0980306
7,Sample_S19S_0012_Sed,285.1262347
52,Sample_S19S_0012_Sed,285.1343948
57,Sample_S19S_0012_Sed,285.17075
12,Sample_S19S_0012_Sed,285.2071124
7,Sample_S19S_0012_Sed,285.2435059
16,Sample_S19S_0012_Sed,286.1660572
40,Sample_S19S_0012_Sed,287.0408776
69,Sample_S19S_0012_Sed,287.0772537
66,Sample_S19S_0012_Sed,287.1136282
10,Sample_S19S_0012_Sed,287.1248864
65,Sample_S19S_0012_Sed,287.150015
54,Sample_S19S_0012_Sed,287.1864124
23,Sample_S19S_0012_Sed,287.2228145
54,Sample_S19S_0012_Sed,289.0929075
57,Sample_S19S_0012_Sed,289.1292776
52,Sample_S19S_0012_Sed,289.1656738
1,Sample_S19S_0012_Sed,289.9868879
7,Sample_S19S_0012_Sed,290.0882083
17,Sample_S19S_0012_Sed,290.1245994
45,Sample_S19S_0012_Sed,291.0146759
42,Sample_S19S_0012_Sed,291.0874132
44,Sample_S19S_0012_Sed,291.1085682
41,Sample_S19S_0012_Sed,291.1237966
42,Sample_S19S_0012_Sed,291.1601932
33,Sample_S19S_0012_Sed,291.1965973
11,Sample_S19S_0012_Sed,292.1038307
19,Sample_S19S_0012_Sed,292.1766109
8,Sample_S19S_0012_Sed,292.2129776
53,Sample_S19S_0012_Sed,293.0303357
53,Sample_S19S_0012_Sed,293.0667099
69,Sample_S19S_0012_Sed,293.1030793
5,Sample_S19S_0012_Sed,293.1143295
65,Sample_S19S_0012_Sed,293.1394564
10,Sample_S19S_0012_Sed,293.1757942
35,Sample_S19S_0012_Sed,293.2122379
27,Sample_S19S_0012_Sed,295.0095496
52,Sample_S19S_0012_Sed,295.0459444
79,Sample_S19S_0012_Sed,295.0823376
82,Sample_S19S_0012_Sed,295.1187213
63,Sample_S19S_0012_Sed,295.1550986
51,Sample_S19S_0012_Sed,295.1914926
34,Sample_S19S_0012_Sed,295.227888
51,Sample_S19S_0012_Sed,297.025237
52,Sample_S19S_0012_Sed,297.0616262
44,Sample_S19S_0012_Sed,297.0980154
39,Sample_S19S_0012_Sed,297.1344063
5,Sample_S19S_0012_Sed,297.1529844
30,Sample_S19S_0012_Sed,297.1707937
17,Sample_S19S_0012_Sed,297.2071894
21,Sample_S19S_0012_Sed,297.2435585
46,Sample_S19S_0012_Sed,299.0408894
62,Sample_S19S_0012_Sed,299.0772616
69,Sample_S19S_0012_Sed,299.1136455
78,Sample_S19S_0012_Sed,299.1500243
44,Sample_S19S_0012_Sed,299.1864335
22,Sample_S19S_0012_Sed,299.2228305
20,Sample_S19S_0012_Sed,300.1453117
21,Sample_S19S_0012_Sed,300.1816868
39,Sample_S19S_0012_Sed,301.0565488
50,Sample_S19S_0012_Sed,301.092932
49,Sample_S19S_0012_Sed,301.129318
57,Sample_S19S_0012_Sed,301.1656955
51,Sample_S19S_0012_Sed,301.202066
33,Sample_S19S_0012_Sed,301.2384478
19,Sample_S19S_0012_Sed,302.1245742
9,Sample_S19S_0012_Sed,302.1357844
22,Sample_S19S_0012_Sed,302.1609828
32,Sample_S19S_0012_Sed,303.0146906
59,Sample_S19S_0012_Sed,303.0721573
63,Sample_S19S_0012_Sed,303.1085414
62,Sample_S19S_0012_Sed,303.1449308
45,Sample_S19S_0012_Sed,303.1813306
23,Sample_S19S_0012_Sed,303.2177327
20,Sample_S19S_0012_Sed,304.1402446
7,Sample_S19S_0012_Sed,304.1766628
35,Sample_S19S_0012_Sed,304.993938
49,Sample_S19S_0012_Sed,305.0303157
50,Sample_S19S_0012_Sed,305.0666877
31,Sample_S19S_0012_Sed,305.1242388
10,Sample_S19S_0012_Sed,306.1195211
11,Sample_S19S_0012_Sed,306.155916
9,Sample_S19S_0012_Sed,306.192305
39,Sample_S19S_0012_Sed,307.0095853
67,Sample_S19S_0012_Sed,307.0459779
37,Sample_S19S_0012_Sed,307.0823737
39,Sample_S19S_0012_Sed,307.1551342
35,Sample_S19S_0012_Sed,307.1915179
1,Sample_S19S_0012_Sed,308.0736409
10,Sample_S19S_0012_Sed,308.1351748
6,Sample_S19S_0012_Sed,308.2079497
57,Sample_S19S_0012_Sed,309.0252469
73,Sample_S19S_0012_Sed,309.0616036
66,Sample_S19S_0012_Sed,309.0979773
6,Sample_S19S_0012_Sed,309.1013433
68,Sample_S19S_0012_Sed,309.1343649
2,Sample_S19S_0012_Sed,309.1530159
59,Sample_S19S_0012_Sed,309.1707647
4,Sample_S19S_0012_Sed,309.1741269
25,Sample_S19S_0012_Sed,309.2071806
14,Sample_S19S_0012_Sed,310.1508222
49,Sample_S19S_0012_Sed,311.0408991
59,Sample_S19S_0012_Sed,311.0772659
95,Sample_S19S_0012_Sed,311.1136352
79,Sample_S19S_0012_Sed,311.1500195
1,Sample_S19S_0012_Sed,311.1686157
54,Sample_S19S_0012_Sed,311.186419
21,Sample_S19S_0012_Sed,311.2228309
1,Sample_S19S_0012_Sed,312.9846454
51,Sample_S19S_0012_Sed,313.0565398
55,Sample_S19S_0012_Sed,313.0929245
59,Sample_S19S_0012_Sed,313.1293014
63,Sample_S19S_0012_Sed,313.1656688
42,Sample_S19S_0012_Sed,313.2020808
26,Sample_S19S_0012_Sed,313.2384778
27,Sample_S19S_0012_Sed,314.1245573
23,Sample_S19S_0012_Sed,314.1609464
52,Sample_S19S_0012_Sed,315.035781
49,Sample_S19S_0012_Sed,315.0721791
57,Sample_S19S_0012_Sed,315.1085755
62,Sample_S19S_0012_Sed,315.1449559
54,Sample_S19S_0012_Sed,315.1813307
6,Sample_S19S_0012_Sed,315.1966265
46,Sample_S19S_0012_Sed,315.217727
5,Sample_S19S_0012_Sed,315.2290147
15,Sample_S19S_0012_Sed,315.2541325
25,Sample_S19S_0012_Sed,316.1402237
9,Sample_S19S_0012_Sed,316.1514197
12,Sample_S19S_0012_Sed,316.2130272
38,Sample_S19S_0012_Sed,317.0303382
45,Sample_S19S_0012_Sed,317.0514233
51,Sample_S19S_0012_Sed,317.124227
35,Sample_S19S_0012_Sed,317.1394552
55,Sample_S19S_0012_Sed,317.1606071
47,Sample_S19S_0012_Sed,317.1969836
16,Sample_S19S_0012_Sed,317.2122753
2,Sample_S19S_0012_Sed,317.2446454
17,Sample_S19S_0012_Sed,318.1194966
27,Sample_S19S_0012_Sed,318.1558543
12,Sample_S19S_0012_Sed,318.2286611
26,Sample_S19S_0012_Sed,319.009608
8,Sample_S19S_0012_Sed,319.0460069
32,Sample_S19S_0012_Sed,319.103481
46,Sample_S19S_0012_Sed,319.139868
39,Sample_S19S_0012_Sed,319.1551015
10,Sample_S19S_0012_Sed,320.0987676
24,Sample_S19S_0012_Sed,320.1351354
19,Sample_S19S_0012_Sed,320.1715427
5,Sample_S19S_0012_Sed,320.2079616
3,Sample_S19S_0012_Sed,320.2442999
49,Sample_S19S_0012_Sed,321.0252313
48,Sample_S19S_0012_Sed,321.0616406
40,Sample_S19S_0012_Sed,321.1707672
15,Sample_S19S_0012_Sed,321.2201744
2,Sample_S19S_0012_Sed,322.1508517
8,Sample_S19S_0012_Sed,322.1872255
37,Sample_S19S_0012_Sed,323.0044879
44,Sample_S19S_0012_Sed,323.0408542
73,Sample_S19S_0012_Sed,323.0772527
33,Sample_S19S_0012_Sed,323.1136726
56,Sample_S19S_0012_Sed,323.1864241
18,Sample_S19S_0012_Sed,323.2228388
11,Sample_S19S_0012_Sed,324.1300834
19,Sample_S19S_0012_Sed,324.1664479
10,Sample_S19S_0012_Sed,324.2028461
10,Sample_S19S_0012_Sed,325.0201894
59,Sample_S19S_0012_Sed,325.0565425
70,Sample_S19S_0012_Sed,325.0928926
66,Sample_S19S_0012_Sed,325.1292996
45,Sample_S19S_0012_Sed,325.1657004
1,Sample_S19S_0012_Sed,325.1842438
65,Sample_S19S_0012_Sed,325.2020573
26,Sample_S19S_0012_Sed,325.2384393
49,Sample_S19S_0012_Sed,327.035782
46,Sample_S19S_0012_Sed,327.0722018
57,Sample_S19S_0012_Sed,327.1085831
67,Sample_S19S_0012_Sed,327.1449492
10,Sample_S19S_0012_Sed,327.2177565
10,Sample_S19S_0012_Sed,328.1514425
18,Sample_S19S_0012_Sed,328.1766323
1,Sample_S19S_0012_Sed,328.1878731
36,Sample_S19S_0012_Sed,329.0303285
22,Sample_S19S_0012_Sed,329.0514722
73,Sample_S19S_0012_Sed,329.0878075
57,Sample_S19S_0012_Sed,329.1242163
1,Sample_S19S_0012_Sed,329.152419
50,Sample_S19S_0012_Sed,329.1969687
30,Sample_S19S_0012_Sed,329.2333488
5,Sample_S19S_0012_Sed,330.1307217
11,Sample_S19S_0012_Sed,330.1670892
15,Sample_S19S_0012_Sed,330.192266
23,Sample_S19S_0012_Sed,331.0459941
46,Sample_S19S_0012_Sed,331.0670688
39,Sample_S19S_0012_Sed,331.1034998
24,Sample_S19S_0012_Sed,331.1399002
59,Sample_S19S_0012_Sed,331.1762541
11,Sample_S19S_0012_Sed,331.1915481
9,Sample_S19S_0012_Sed,331.2126721
4,Sample_S19S_0012_Sed,331.2239268
2,Sample_S19S_0012_Sed,331.2490738
19,Sample_S19S_0012_Sed,332.1351167
28,Sample_S19S_0012_Sed,332.171516
9,Sample_S19S_0012_Sed,332.2079509
15,Sample_S19S_0012_Sed,333.0252702
17,Sample_S19S_0012_Sed,333.0616512
10,Sample_S19S_0012_Sed,333.1191757
3,Sample_S19S_0012_Sed,333.1553813
47,Sample_S19S_0012_Sed,333.1919042
23,Sample_S19S_0012_Sed,333.2071238
3,Sample_S19S_0012_Sed,333.2395661
14,Sample_S19S_0012_Sed,334.1144217
11,Sample_S19S_0012_Sed,334.1508295
20,Sample_S19S_0012_Sed,334.187185
9,Sample_S19S_0012_Sed,334.2235949
33,Sample_S19S_0012_Sed,335.004499
29,Sample_S19S_0012_Sed,335.0409093
57,Sample_S19S_0012_Sed,335.0772597
40,Sample_S19S_0012_Sed,335.150042
26,Sample_S19S_0012_Sed,335.2227808
9,Sample_S19S_0012_Sed,335.2358032
4,Sample_S19S_0012_Sed,336.1301036
18,Sample_S19S_0012_Sed,336.1664659
13,Sample_S19S_0012_Sed,336.2028546
46,Sample_S19S_0012_Sed,337.0201415
35,Sample_S19S_0012_Sed,337.0564852
59,Sample_S19S_0012_Sed,337.0929176
74,Sample_S19S_0012_Sed,337.1292866
25,Sample_S19S_0012_Sed,337.1504428
10,Sample_S19S_0012_Sed,337.1616901
48,Sample_S19S_0012_Sed,337.1656867
7,Sample_S19S_0012_Sed,337.2021218
30,Sample_S19S_0012_Sed,337.238454
15,Sample_S19S_0012_Sed,338.182098
52,Sample_S19S_0012_Sed,339.0357996
78,Sample_S19S_0012_Sed,339.0721726
84,Sample_S19S_0012_Sed,339.1085453
20,Sample_S19S_0012_Sed,339.1449816
45,Sample_S19S_0012_Sed,339.1813533
2,Sample_S19S_0012_Sed,339.1999929
33,Sample_S19S_0012_Sed,339.2177427
46,Sample_S19S_0012_Sed,341.0514621
80,Sample_S19S_0012_Sed,341.0878109
16,Sample_S19S_0012_Sed,341.100854
23,Sample_S19S_0012_Sed,341.12425
51,Sample_S19S_0012_Sed,341.1606173
58,Sample_S19S_0012_Sed,341.1969848
4,Sample_S19S_0012_Sed,342.1670651
45,Sample_S19S_0012_Sed,343.0307124
39,Sample_S19S_0012_Sed,343.067113
76,Sample_S19S_0012_Sed,343.1034685
15,Sample_S19S_0012_Sed,343.1399075
53,Sample_S19S_0012_Sed,343.1762631
41,Sample_S19S_0012_Sed,343.2126496
20,Sample_S19S_0012_Sed,343.2490426
3,Sample_S19S_0012_Sed,344.1350437
23,Sample_S19S_0012_Sed,344.1715382
5,Sample_S19S_0012_Sed,344.1827031
5,Sample_S19S_0012_Sed,344.1997897
34,Sample_S19S_0012_Sed,345.0252491
37,Sample_S19S_0012_Sed,345.0463327
37,Sample_S19S_0012_Sed,345.0827674
46,Sample_S19S_0012_Sed,345.1191373
32,Sample_S19S_0012_Sed,345.1555412
16,Sample_S19S_0012_Sed,345.170772
9,Sample_S19S_0012_Sed,345.1919508
38,Sample_S19S_0012_Sed,345.2282779
23,Sample_S19S_0012_Sed,346.1143644
24,Sample_S19S_0012_Sed,346.1507606
3,Sample_S19S_0012_Sed,346.1619628
22,Sample_S19S_0012_Sed,346.1871921
5,Sample_S19S_0012_Sed,346.2154294
31,Sample_S19S_0012_Sed,347.0045152
45,Sample_S19S_0012_Sed,347.0408756
25,Sample_S19S_0012_Sed,347.0620279
51,Sample_S19S_0012_Sed,347.0772564
15,Sample_S19S_0012_Sed,347.0903002
50,Sample_S19S_0012_Sed,347.0983726
22,Sample_S19S_0012_Sed,347.1348045
40,Sample_S19S_0012_Sed,347.1500262
6,Sample_S19S_0012_Sed,347.1864695
39,Sample_S19S_0012_Sed,347.2075497
17,Sample_S19S_0012_Sed,348.1300774
21,Sample_S19S_0012_Sed,348.1664038
15,Sample_S19S_0012_Sed,348.2028318
6,Sample_S19S_0012_Sed,348.231087
41,Sample_S19S_0012_Sed,349.0201636
2,Sample_S19S_0012_Sed,349.0551349
19,Sample_S19S_0012_Sed,349.1059291
44,Sample_S19S_0012_Sed,349.129303
50,Sample_S19S_0012_Sed,349.1656793
14,Sample_S19S_0012_Sed,349.2021049
20,Sample_S19S_0012_Sed,350.1457077
16,Sample_S19S_0012_Sed,350.1821173
10,Sample_S19S_0012_Sed,350.2184616
53,Sample_S19S_0012_Sed,351.0357871
50,Sample_S19S_0012_Sed,351.0721501
21,Sample_S19S_0012_Sed,351.1085115
30,Sample_S19S_0012_Sed,351.121581
1,Sample_S19S_0012_Sed,351.1344703
32,Sample_S19S_0012_Sed,351.2177372
12,Sample_S19S_0012_Sed,351.2307319
3,Sample_S19S_0012_Sed,351.2500934
19,Sample_S19S_0012_Sed,352.1613622
2,Sample_S19S_0012_Sed,352.1978012
43,Sample_S19S_0012_Sed,353.0150696
28,Sample_S19S_0012_Sed,353.0514753
79,Sample_S19S_0012_Sed,353.0878166
53,Sample_S19S_0012_Sed,353.124233
2,Sample_S19S_0012_Sed,353.1484555
37,Sample_S19S_0012_Sed,353.1605629
21,Sample_S19S_0012_Sed,353.1736275
42,Sample_S19S_0012_Sed,353.1970034
3,Sample_S19S_0012_Sed,353.2003494
15,Sample_S19S_0012_Sed,353.2099396
17,Sample_S19S_0012_Sed,353.2333297
2,Sample_S19S_0012_Sed,354.09608
14,Sample_S19S_0012_Sed,354.1406185
8,Sample_S19S_0012_Sed,354.1922902
43,Sample_S19S_0012_Sed,355.0306981
48,Sample_S19S_0012_Sed,355.0671162
74,Sample_S19S_0012_Sed,355.1034699
19,Sample_S19S_0012_Sed,355.1164999
11,Sample_S19S_0012_Sed,355.1399086
66,Sample_S19S_0012_Sed,355.1762476
11,Sample_S19S_0012_Sed,355.2126797
14,Sample_S19S_0012_Sed,355.2489795
31,Sample_S19S_0012_Sed,356.1715182
15,Sample_S19S_0012_Sed,356.207852
3,Sample_S19S_0012_Sed,356.9736297
38,Sample_S19S_0012_Sed,357.046323
30,Sample_S19S_0012_Sed,357.061636
58,Sample_S19S_0012_Sed,357.0827228
75,Sample_S19S_0012_Sed,357.1191097
1,Sample_S19S_0012_Sed,357.1450925
74,Sample_S19S_0012_Sed,357.1554992
67,Sample_S19S_0012_Sed,357.191896
52,Sample_S19S_0012_Sed,357.2282738
22,Sample_S19S_0012_Sed,357.2646796
7,Sample_S19S_0012_Sed,358.1507103
23,Sample_S19S_0012_Sed,358.1871972
6,Sample_S19S_0012_Sed,358.1983945
27,Sample_S19S_0012_Sed,358.2235211
34,Sample_S19S_0012_Sed,359.0045133
5,Sample_S19S_0012_Sed,359.0256737
11,Sample_S19S_0012_Sed,359.0409252
45,Sample_S19S_0012_Sed,359.0619959
31,Sample_S19S_0012_Sed,359.077285
22,Sample_S19S_0012_Sed,359.0984239
45,Sample_S19S_0012_Sed,359.1347452
7,Sample_S19S_0012_Sed,359.1572531
53,Sample_S19S_0012_Sed,359.1711775
17,Sample_S19S_0012_Sed,359.2074846
40,Sample_S19S_0012_Sed,359.2439319
2,Sample_S19S_0012_Sed,360.1299489
27,Sample_S19S_0012_Sed,360.1664452
9,Sample_S19S_0012_Sed,360.1776328
4,Sample_S19S_0012_Sed,360.1946802
5,Sample_S19S_0012_Sed,360.2027516
6,Sample_S19S_0012_Sed,360.2674679
38,Sample_S19S_0012_Sed,361.0201475
33,Sample_S19S_0012_Sed,361.0412698
3,Sample_S19S_0012_Sed,361.069538
22,Sample_S19S_0012_Sed,361.077621
44,Sample_S19S_0012_Sed,361.0929312
40,Sample_S19S_0012_Sed,361.1140532
30,Sample_S19S_0012_Sed,361.1423317
52,Sample_S19S_0012_Sed,361.1504109
26,Sample_S19S_0012_Sed,361.1657046
39,Sample_S19S_0012_Sed,361.186829
13,Sample_S19S_0012_Sed,361.2151155
42,Sample_S19S_0012_Sed,361.2231964
22,Sample_S19S_0012_Sed,362.1821174
48,Sample_S19S_0012_Sed,363.0357881
50,Sample_S19S_0012_Sed,363.108539
21,Sample_S19S_0012_Sed,363.1215932
21,Sample_S19S_0012_Sed,363.1449786
16,Sample_S19S_0012_Sed,363.1812892
20,Sample_S19S_0012_Sed,363.1943423
4,Sample_S19S_0012_Sed,363.2670624
15,Sample_S19S_0012_Sed,364.1613157
9,Sample_S19S_0012_Sed,364.2259804
42,Sample_S19S_0012_Sed,365.015069
18,Sample_S19S_0012_Sed,365.0513776
52,Sample_S19S_0012_Sed,365.0878382
21,Sample_S19S_0012_Sed,365.1008669
27,Sample_S19S_0012_Sed,365.1241727
25,Sample_S19S_0012_Sed,365.137244
13,Sample_S19S_0012_Sed,365.1606438
44,Sample_S19S_0012_Sed,365.1969623
25,Sample_S19S_0012_Sed,365.2100088
15,Sample_S19S_0012_Sed,365.2334124
15,Sample_S19S_0012_Sed,366.1769935
36,Sample_S19S_0012_Sed,367.0306865
64,Sample_S19S_0012_Sed,367.0671094
79,Sample_S19S_0012_Sed,367.1034613
15,Sample_S19S_0012_Sed,367.1165264
2,Sample_S19S_0012_Sed,367.1399195
39,Sample_S19S_0012_Sed,367.1762158
24,Sample_S19S_0012_Sed,367.189277
45,Sample_S19S_0012_Sed,367.2126519
4,Sample_S19S_0012_Sed,367.2255178
2,Sample_S19S_0012_Sed,368.1117355
7,Sample_S19S_0012_Sed,368.1562607
41,Sample_S19S_0012_Sed,368.1714856
31,Sample_S19S_0012_Sed,369.0463181
62,Sample_S19S_0012_Sed,369.0827443
11,Sample_S19S_0012_Sed,369.1190631
17,Sample_S19S_0012_Sed,369.1321274
60,Sample_S19S_0012_Sed,369.1555194
22,Sample_S19S_0012_Sed,369.1685393
15,Sample_S19S_0012_Sed,369.1837969
17,Sample_S19S_0012_Sed,369.1918398
50,Sample_S19S_0012_Sed,369.2282876
15,Sample_S19S_0012_Sed,371.0255725
24,Sample_S19S_0012_Sed,371.0408802
59,Sample_S19S_0012_Sed,371.0620102
19,Sample_S19S_0012_Sed,371.0983408
1,Sample_S19S_0012_Sed,371.1243249
49,Sample_S19S_0012_Sed,371.1347918
51,Sample_S19S_0012_Sed,371.171134
35,Sample_S19S_0012_Sed,371.2075705
37,Sample_S19S_0012_Sed,371.2439257
31,Sample_S19S_0012_Sed,372.1663973
19,Sample_S19S_0012_Sed,372.2028242
10,Sample_S19S_0012_Sed,372.2140099
1,Sample_S19S_0012_Sed,372.3038234
18,Sample_S19S_0012_Sed,373.0201141
19,Sample_S19S_0012_Sed,373.0776886
18,Sample_S19S_0012_Sed,373.1059583
43,Sample_S19S_0012_Sed,373.1140108
15,Sample_S19S_0012_Sed,373.1504711
7,Sample_S19S_0012_Sed,373.1729074
39,Sample_S19S_0012_Sed,373.1867821
48,Sample_S19S_0012_Sed,373.2231881
1,Sample_S19S_0012_Sed,374.1053424
26,Sample_S19S_0012_Sed,374.1456527
10,Sample_S19S_0012_Sed,374.1820296
18,Sample_S19S_0012_Sed,374.2184652
4,Sample_S19S_0012_Sed,374.2467103
8,Sample_S19S_0012_Sed,374.9994641
15,Sample_S19S_0012_Sed,375.0358416
12,Sample_S19S_0012_Sed,375.0569615
43,Sample_S19S_0012_Sed,375.0721973
12,Sample_S19S_0012_Sed,375.0852221
31,Sample_S19S_0012_Sed,375.0932745
31,Sample_S19S_0012_Sed,375.1297066
43,Sample_S19S_0012_Sed,375.1449442
27,Sample_S19S_0012_Sed,375.1579842
17,Sample_S19S_0012_Sed,375.1660121
35,Sample_S19S_0012_Sed,375.194367
29,Sample_S19S_0012_Sed,375.2024285
25,Sample_S19S_0012_Sed,375.2177037
12,Sample_S19S_0012_Sed,375.230771
17,Sample_S19S_0012_Sed,376.1249335
15,Sample_S19S_0012_Sed,376.1976905
7,Sample_S19S_0012_Sed,376.2260146
18,Sample_S19S_0012_Sed,377.0150486
52,Sample_S19S_0012_Sed,377.0514538
32,Sample_S19S_0012_Sed,377.0877952
15,Sample_S19S_0012_Sed,377.100823
55,Sample_S19S_0012_Sed,377.1241915
21,Sample_S19S_0012_Sed,377.1372608
25,Sample_S19S_0012_Sed,377.1453086
32,Sample_S19S_0012_Sed,377.1735945
15,Sample_S19S_0012_Sed,377.2099902
30,Sample_S19S_0012_Sed,377.2333521
14,Sample_S19S_0012_Sed,377.2463996
5,Sample_S19S_0012_Sed,378.2052199
9,Sample_S19S_0012_Sed,378.2416575
47,Sample_S19S_0012_Sed,379.0307221
15,Sample_S19S_0012_Sed,379.0670295
5,Sample_S19S_0012_Sed,379.0800689
69,Sample_S19S_0012_Sed,379.1034645
19,Sample_S19S_0012_Sed,379.1165229
64,Sample_S19S_0012_Sed,379.1398402
29,Sample_S19S_0012_Sed,379.1528588
59,Sample_S19S_0012_Sed,379.1762343
33,Sample_S19S_0012_Sed,379.1892722
32,Sample_S19S_0012_Sed,379.2126518
19,Sample_S19S_0012_Sed,379.2256462
4,Sample_S19S_0012_Sed,380.1116712
8,Sample_S19S_0012_Sed,380.184512
6,Sample_S19S_0012_Sed,380.2208704
14,Sample_S19S_0012_Sed,381.0099072
52,Sample_S19S_0012_Sed,381.0463502
22,Sample_S19S_0012_Sed,381.0826619
9,Sample_S19S_0012_Sed,381.095685
71,Sample_S19S_0012_Sed,381.1191186
19,Sample_S19S_0012_Sed,381.1321708
69,Sample_S19S_0012_Sed,381.1555031
20,Sample_S19S_0012_Sed,381.1684945
43,Sample_S19S_0012_Sed,381.1918695
13,Sample_S19S_0012_Sed,381.204939
38,Sample_S19S_0012_Sed,381.2282913
20,Sample_S19S_0012_Sed,383.0255766
27,Sample_S19S_0012_Sed,383.0619616
75,Sample_S19S_0012_Sed,383.0983806
4,Sample_S19S_0012_Sed,383.1113231
16,Sample_S19S_0012_Sed,383.1347075
20,Sample_S19S_0012_Sed,383.1477567
26,Sample_S19S_0012_Sed,383.1711132
22,Sample_S19S_0012_Sed,383.184187
53,Sample_S19S_0012_Sed,383.2075249
35,Sample_S19S_0012_Sed,383.2439132
34,Sample_S19S_0012_Sed,384.1664077
10,Sample_S19S_0012_Sed,385.0201172
22,Sample_S19S_0012_Sed,385.0412026
64,Sample_S19S_0012_Sed,385.0776412
14,Sample_S19S_0012_Sed,385.1139909
19,Sample_S19S_0012_Sed,385.1423072
31,Sample_S19S_0012_Sed,385.1503825
49,Sample_S19S_0012_Sed,385.1868285
10,Sample_S19S_0012_Sed,385.2151169
15,Sample_S19S_0012_Sed,385.2231361
34,Sample_S19S_0012_Sed,385.2595906
35,Sample_S19S_0012_Sed,386.1820531
9,Sample_S19S_0012_Sed,386.9993233
38,Sample_S19S_0012_Sed,387.0358113
19,Sample_S19S_0012_Sed,387.0568488
17,Sample_S19S_0012_Sed,387.0932457
71,Sample_S19S_0012_Sed,387.1296791
22,Sample_S19S_0012_Sed,387.1579654
6,Sample_S19S_0012_Sed,387.1659841
24,Sample_S19S_0012_Sed,387.19436
44,Sample_S19S_0012_Sed,387.2024406
32,Sample_S19S_0012_Sed,387.2388297
3,Sample_S19S_0012_Sed,388.2987452
19,Sample_S19S_0012_Sed,389.0150297
33,Sample_S19S_0012_Sed,389.051417
15,Sample_S19S_0012_Sed,389.0724972
37,Sample_S19S_0012_Sed,389.0878118
14,Sample_S19S_0012_Sed,389.1008827
20,Sample_S19S_0012_Sed,389.1372295
12,Sample_S19S_0012_Sed,389.1452618
1,Sample_S19S_0012_Sed,389.1677218
29,Sample_S19S_0012_Sed,389.1736085
19,Sample_S19S_0012_Sed,389.1816725
32,Sample_S19S_0012_Sed,389.2180886
1,Sample_S19S_0012_Sed,390.2132816
16,Sample_S19S_0012_Sed,391.0307447
28,Sample_S19S_0012_Sed,391.0670531
19,Sample_S19S_0012_Sed,391.1034381
27,Sample_S19S_0012_Sed,391.1398852
18,Sample_S19S_0012_Sed,391.1528412
3,Sample_S19S_0012_Sed,391.1608948
26,Sample_S19S_0012_Sed,391.1762035
18,Sample_S19S_0012_Sed,391.1892281
28,Sample_S19S_0012_Sed,391.212612
13,Sample_S19S_0012_Sed,391.2256863
5,Sample_S19S_0012_Sed,391.2620068
12,Sample_S19S_0012_Sed,392.1198706
11,Sample_S19S_0012_Sed,392.2209084
11,Sample_S19S_0012_Sed,393.010021
29,Sample_S19S_0012_Sed,393.0463154
55,Sample_S19S_0012_Sed,393.0827628
54,Sample_S19S_0012_Sed,393.1191285
19,Sample_S19S_0012_Sed,393.1321265
23,Sample_S19S_0012_Sed,393.1554711
25,Sample_S19S_0012_Sed,393.1685262
23,Sample_S19S_0012_Sed,393.2049392
3,Sample_S19S_0012_Sed,393.2161336
14,Sample_S19S_0012_Sed,393.2282185
16,Sample_S19S_0012_Sed,393.2412462
3,Sample_S19S_0012_Sed,393.2776995
5,Sample_S19S_0012_Sed,394.1273232
3,Sample_S19S_0012_Sed,394.1637274
5,Sample_S19S_0012_Sed,394.2001939
4,Sample_S19S_0012_Sed,394.2364931
21,Sample_S19S_0012_Sed,395.0255818
36,Sample_S19S_0012_Sed,395.0619708
28,Sample_S19S_0012_Sed,395.0984243
18,Sample_S19S_0012_Sed,395.1114167
79,Sample_S19S_0012_Sed,395.1347697
25,Sample_S19S_0012_Sed,395.1477706
34,Sample_S19S_0012_Sed,395.171191
15,Sample_S19S_0012_Sed,395.2075813
21,Sample_S19S_0012_Sed,395.2205826
3,Sample_S19S_0012_Sed,395.2317962
11,Sample_S19S_0012_Sed,395.2438669
4,Sample_S19S_0012_Sed,396.1066573
6,Sample_S19S_0012_Sed,396.1430161
6,Sample_S19S_0012_Sed,396.1875433
34,Sample_S19S_0012_Sed,397.0412485
23,Sample_S19S_0012_Sed,397.0775828
48,Sample_S19S_0012_Sed,397.1140135
18,Sample_S19S_0012_Sed,397.1270557
66,Sample_S19S_0012_Sed,397.1504225
22,Sample_S19S_0012_Sed,397.1634297
21,Sample_S19S_0012_Sed,397.1867602
13,Sample_S19S_0012_Sed,397.1997808
46,Sample_S19S_0012_Sed,397.2232052
27,Sample_S19S_0012_Sed,397.2595669
5,Sample_S19S_0012_Sed,398.1222468
18,Sample_S19S_0012_Sed,398.9994202
23,Sample_S19S_0012_Sed,399.0205105
15,Sample_S19S_0012_Sed,399.0568344
41,Sample_S19S_0012_Sed,399.0932727
49,Sample_S19S_0012_Sed,399.1296635
11,Sample_S19S_0012_Sed,399.1579458
3,Sample_S19S_0012_Sed,399.1659287
11,Sample_S19S_0012_Sed,399.1790309
3,Sample_S19S_0012_Sed,399.1884911
14,Sample_S19S_0012_Sed,399.1943775
44,Sample_S19S_0012_Sed,399.2024375
17,Sample_S19S_0012_Sed,399.2388025
43,Sample_S19S_0012_Sed,401.0514549
10,Sample_S19S_0012_Sed,401.0725084
43,Sample_S19S_0012_Sed,401.1089631
58,Sample_S19S_0012_Sed,401.1453284
20,Sample_S19S_0012_Sed,401.1736033
15,Sample_S19S_0012_Sed,401.1816514
3,Sample_S19S_0012_Sed,401.204141
24,Sample_S19S_0012_Sed,401.2100146
34,Sample_S19S_0012_Sed,401.2180808
18,Sample_S19S_0012_Sed,401.2544603
1,Sample_S19S_0012_Sed,403.0129628
8,Sample_S19S_0012_Sed,403.0305846
9,Sample_S19S_0012_Sed,403.0517845
43,Sample_S19S_0012_Sed,403.0671122
42,Sample_S19S_0012_Sed,403.0881974
14,Sample_S19S_0012_Sed,403.1164656
11,Sample_S19S_0012_Sed,403.1245163
46,Sample_S19S_0012_Sed,403.1398463
20,Sample_S19S_0012_Sed,403.1529106
23,Sample_S19S_0012_Sed,403.1609357
40,Sample_S19S_0012_Sed,403.1973716
16,Sample_S19S_0012_Sed,403.2256482
13,Sample_S19S_0012_Sed,403.2336971
18,Sample_S19S_0012_Sed,404.1926065
1,Sample_S19S_0012_Sed,404.2937097
52,Sample_S19S_0012_Sed,405.0463718
29,Sample_S19S_0012_Sed,405.0827082
23,Sample_S19S_0012_Sed,405.1321292
28,Sample_S19S_0012_Sed,405.1555362
28,Sample_S19S_0012_Sed,405.1685606
10,Sample_S19S_0012_Sed,405.1765627
17,Sample_S19S_0012_Sed,405.2048711
10,Sample_S19S_0012_Sed,405.2412525
16,Sample_S19S_0012_Sed,407.0255705
45,Sample_S19S_0012_Sed,407.0620299
61,Sample_S19S_0012_Sed,407.0983755
10,Sample_S19S_0012_Sed,407.1113661
52,Sample_S19S_0012_Sed,407.1347505
26,Sample_S19S_0012_Sed,407.1477958
1,Sample_S19S_0012_Sed,407.1606835
20,Sample_S19S_0012_Sed,407.2205546
12,Sample_S19S_0012_Sed,407.2568891
19,Sample_S19S_0012_Sed,409.0412228
20,Sample_S19S_0012_Sed,409.07757
64,Sample_S19S_0012_Sed,409.1140221
21,Sample_S19S_0012_Sed,409.1270356
69,Sample_S19S_0012_Sed,409.1504235
13,Sample_S19S_0012_Sed,409.1633923
1,Sample_S19S_0012_Sed,409.1762635
9,Sample_S19S_0012_Sed,409.1867344
8,Sample_S19S_0012_Sed,409.1997594
3,Sample_S19S_0012_Sed,409.2110293
46,Sample_S19S_0012_Sed,409.2231724
15,Sample_S19S_0012_Sed,409.236154
7,Sample_S19S_0012_Sed,410.1221742
22,Sample_S19S_0012_Sed,411.0205049
14,Sample_S19S_0012_Sed,411.0568579
52,Sample_S19S_0012_Sed,411.0933142
56,Sample_S19S_0012_Sed,411.1296933
23,Sample_S19S_0012_Sed,411.1426758
16,Sample_S19S_0012_Sed,411.1579879
36,Sample_S19S_0012_Sed,411.1660419
20,Sample_S19S_0012_Sed,411.1790746
1,Sample_S19S_0012_Sed,411.192032
3,Sample_S19S_0012_Sed,411.2022993
22,Sample_S19S_0012_Sed,411.2154903
38,Sample_S19S_0012_Sed,411.2388467
5,Sample_S19S_0012_Sed,412.137911
37,Sample_S19S_0012_Sed,412.1977027
11,Sample_S19S_0012_Sed,413.0150329
4,Sample_S19S_0012_Sed,413.072442
56,Sample_S19S_0012_Sed,413.1089345
6,Sample_S19S_0012_Sed,413.1372735
18,Sample_S19S_0012_Sed,413.1452768
8,Sample_S19S_0012_Sed,413.1583079
19,Sample_S19S_0012_Sed,413.1736056
6,Sample_S19S_0012_Sed,413.1816156
8,Sample_S19S_0012_Sed,413.1946295
1,Sample_S19S_0012_Sed,413.2041017
12,Sample_S19S_0012_Sed,413.2100122
21,Sample_S19S_0012_Sed,413.2180661
29,Sample_S19S_0012_Sed,413.2544798
15,Sample_S19S_0012_Sed,415.0306688
2,Sample_S19S_0012_Sed,415.0671726
43,Sample_S19S_0012_Sed,415.0881916
20,Sample_S19S_0012_Sed,415.1245406
7,Sample_S19S_0012_Sed,415.1529316
45,Sample_S19S_0012_Sed,415.1609859
36,Sample_S19S_0012_Sed,415.1973464
9,Sample_S19S_0012_Sed,415.219815
13,Sample_S19S_0012_Sed,415.2256541
13,Sample_S19S_0012_Sed,415.2336924
22,Sample_S19S_0012_Sed,415.2701205
12,Sample_S19S_0012_Sed,416.1925804
22,Sample_S19S_0012_Sed,417.009975
19,Sample_S19S_0012_Sed,417.0310977
26,Sample_S19S_0012_Sed,417.0463346
13,Sample_S19S_0012_Sed,417.0674105
13,Sample_S19S_0012_Sed,417.0826722
14,Sample_S19S_0012_Sed,417.1037889
40,Sample_S19S_0012_Sed,417.1191101
25,Sample_S19S_0012_Sed,417.1321667
32,Sample_S19S_0012_Sed,417.1402188
28,Sample_S19S_0012_Sed,417.1685514
17,Sample_S19S_0012_Sed,417.1765666
12,Sample_S19S_0012_Sed,417.2048604
6,Sample_S19S_0012_Sed,417.2128787
12,Sample_S19S_0012_Sed,417.2493486
23,Sample_S19S_0012_Sed,419.0256123
25,Sample_S19S_0012_Sed,419.0619721
6,Sample_S19S_0012_Sed,419.0982983
3,Sample_S19S_0012_Sed,419.1113471
16,Sample_S19S_0012_Sed,419.1478319
20,Sample_S19S_0012_Sed,419.1711927
31,Sample_S19S_0012_Sed,419.1842051
4,Sample_S19S_0012_Sed,419.1921608
15,Sample_S19S_0012_Sed,419.2205119
5,Sample_S19S_0012_Sed,420.2521315
5,Sample_S19S_0012_Sed,420.2885838
8,Sample_S19S_0012_Sed,421.0048082
36,Sample_S19S_0012_Sed,421.0412704
12,Sample_S19S_0012_Sed,421.0777047
54,Sample_S19S_0012_Sed,421.1140346
1,Sample_S19S_0012_Sed,421.1552081
30,Sample_S19S_0012_Sed,421.1634511
3,Sample_S19S_0012_Sed,421.2265386
12,Sample_S19S_0012_Sed,421.2362004
2,Sample_S19S_0012_Sed,421.2724896
9,Sample_S19S_0012_Sed,422.2031632
14,Sample_S19S_0012_Sed,423.0205894
44,Sample_S19S_0012_Sed,423.0569089
21,Sample_S19S_0012_Sed,423.093231
70,Sample_S19S_0012_Sed,423.1296813
14,Sample_S19S_0012_Sed,423.1426961
4,Sample_S19S_0012_Sed,423.1555367
14,Sample_S19S_0012_Sed,423.1661225
29,Sample_S19S_0012_Sed,423.179095
19,Sample_S19S_0012_Sed,423.2154249
1,Sample_S19S_0012_Sed,423.2387546
3,Sample_S19S_0012_Sed,423.2517315
4,Sample_S19S_0012_Sed,424.1378327
35,Sample_S19S_0012_Sed,425.0361852
39,Sample_S19S_0012_Sed,425.1089252
7,Sample_S19S_0012_Sed,425.1453873
19,Sample_S19S_0012_Sed,425.1583275
1,Sample_S19S_0012_Sed,425.1712771
42,Sample_S19S_0012_Sed,425.1816982
17,Sample_S19S_0012_Sed,425.1947046
2,Sample_S19S_0012_Sed,425.2178813
16,Sample_S19S_0012_Sed,425.2311014
34,Sample_S19S_0012_Sed,425.2544996
3,Sample_S19S_0012_Sed,426.1172003
10,Sample_S19S_0012_Sed,426.153527
9,Sample_S19S_0012_Sed,427.0154789
9,Sample_S19S_0012_Sed,427.0307487
13,Sample_S19S_0012_Sed,427.0518808
58,Sample_S19S_0012_Sed,427.1245871
1,Sample_S19S_0012_Sed,427.1610597
35,Sample_S19S_0012_Sed,427.1973395
17,Sample_S19S_0012_Sed,427.2103578
9,Sample_S19S_0012_Sed,427.22569
30,Sample_S19S_0012_Sed,427.2337286
22,Sample_S19S_0012_Sed,427.2701368
8,Sample_S19S_0012_Sed,428.1925676
10,Sample_S19S_0012_Sed,429.0099567
25,Sample_S19S_0012_Sed,429.0310878
20,Sample_S19S_0012_Sed,429.0463286
36,Sample_S19S_0012_Sed,429.067488
2,Sample_S19S_0012_Sed,429.1039457
52,Sample_S19S_0012_Sed,429.1402424
8,Sample_S19S_0012_Sed,429.1555582
23,Sample_S19S_0012_Sed,429.1685491
25,Sample_S19S_0012_Sed,429.1765924
8,Sample_S19S_0012_Sed,429.1990848
32,Sample_S19S_0012_Sed,429.2129876
3,Sample_S19S_0012_Sed,429.2355333
28,Sample_S19S_0012_Sed,429.2494299
3,Sample_S19S_0012_Sed,429.2857157
18,Sample_S19S_0012_Sed,430.2083192
15,Sample_S19S_0012_Sed,431.0256563
8,Sample_S19S_0012_Sed,431.04681
42,Sample_S19S_0012_Sed,431.0620177
31,Sample_S19S_0012_Sed,431.083125
36,Sample_S19S_0012_Sed,431.098388
7,Sample_S19S_0012_Sed,431.1113826
19,Sample_S19S_0012_Sed,431.1194411
25,Sample_S19S_0012_Sed,431.1477957
17,Sample_S19S_0012_Sed,431.1558407
23,Sample_S19S_0012_Sed,431.1922364
8,Sample_S19S_0012_Sed,431.2206124
16,Sample_S19S_0012_Sed,431.2286229
5,Sample_S19S_0012_Sed,431.264934
7,Sample_S19S_0012_Sed,432.1876103
12,Sample_S19S_0012_Sed,433.0048372
37,Sample_S19S_0012_Sed,433.0412948
47,Sample_S19S_0012_Sed,433.077665
11,Sample_S19S_0012_Sed,433.1139658
4,Sample_S19S_0012_Sed,433.1269982
24,Sample_S19S_0012_Sed,433.1634586
5,Sample_S19S_0012_Sed,433.1998888
25,Sample_S19S_0012_Sed,433.2079014
10,Sample_S19S_0012_Sed,433.2361951
9,Sample_S19S_0012_Sed,434.2677929
9,Sample_S19S_0012_Sed,435.0204588
29,Sample_S19S_0012_Sed,435.0569041
50,Sample_S19S_0012_Sed,435.093324
7,Sample_S19S_0012_Sed,435.1062764
7,Sample_S19S_0012_Sed,435.1426364
9,Sample_S19S_0012_Sed,435.1659973
29,Sample_S19S_0012_Sed,435.1790631
16,Sample_S19S_0012_Sed,435.2155119
17,Sample_S19S_0012_Sed,435.25188
4,Sample_S19S_0012_Sed,436.1742724
26,Sample_S19S_0012_Sed,437.0361523
18,Sample_S19S_0012_Sed,437.072483
16,Sample_S19S_0012_Sed,437.1088959
37,Sample_S19S_0012_Sed,437.1453651
23,Sample_S19S_0012_Sed,437.158378
20,Sample_S19S_0012_Sed,437.1946984
14,Sample_S19S_0012_Sed,437.2310601
8,Sample_S19S_0012_Sed,439.0153758
13,Sample_S19S_0012_Sed,439.051737
54,Sample_S19S_0012_Sed,439.1246064
7,Sample_S19S_0012_Sed,439.1375419
19,Sample_S19S_0012_Sed,439.1609425
1,Sample_S19S_0012_Sed,439.1916893
14,Sample_S19S_0012_Sed,439.1973056
5,Sample_S19S_0012_Sed,439.2103099
5,Sample_S19S_0012_Sed,439.246834
4,Sample_S19S_0012_Sed,440.1328082
4,Sample_S19S_0012_Sed,441.0098592
15,Sample_S19S_0012_Sed,441.0310268
8,Sample_S19S_0012_Sed,441.0462365
23,Sample_S19S_0012_Sed,441.0674409
21,Sample_S19S_0012_Sed,441.1039049
43,Sample_S19S_0012_Sed,441.1402285
15,Sample_S19S_0012_Sed,441.1765589
16,Sample_S19S_0012_Sed,441.2129575
6,Sample_S19S_0012_Sed,441.2355104
15,Sample_S19S_0012_Sed,441.2858146
8,Sample_S19S_0012_Sed,443.0255061
15,Sample_S19S_0012_Sed,443.0466588
8,Sample_S19S_0012_Sed,443.061884
26,Sample_S19S_0012_Sed,443.0830557
15,Sample_S19S_0012_Sed,443.0984287
49,Sample_S19S_0012_Sed,443.119518
1,Sample_S19S_0012_Sed,443.1351664
47,Sample_S19S_0012_Sed,443.1558944
23,Sample_S19S_0012_Sed,443.1841796
11,Sample_S19S_0012_Sed,443.1922057
10,Sample_S19S_0012_Sed,443.2205255
6,Sample_S19S_0012_Sed,443.2285235
23,Sample_S19S_0012_Sed,443.2650816
6,Sample_S19S_0012_Sed,443.3014797
3,Sample_S19S_0012_Sed,444.2099819
25,Sample_S19S_0012_Sed,445.0412697
30,Sample_S19S_0012_Sed,445.0623769
7,Sample_S19S_0012_Sed,445.1139537
9,Sample_S19S_0012_Sed,445.127011
24,Sample_S19S_0012_Sed,445.1634705
41,Sample_S19S_0012_Sed,445.1715289
7,Sample_S19S_0012_Sed,445.2304198
18,Sample_S19S_0012_Sed,445.2362316
22,Sample_S19S_0012_Sed,445.2442897
9,Sample_S19S_0012_Sed,446.0728598
8,Sample_S19S_0012_Sed,446.2031197
8,Sample_S19S_0012_Sed,447.0204695
5,Sample_S19S_0012_Sed,447.056785
8,Sample_S19S_0012_Sed,447.09323
18,Sample_S19S_0012_Sed,447.1427418
27,Sample_S19S_0012_Sed,447.179104
1,Sample_S19S_0012_Sed,447.1869913
1,Sample_S19S_0012_Sed,447.1967099
10,Sample_S19S_0012_Sed,447.2154152
3,Sample_S19S_0012_Sed,447.2234126
10,Sample_S19S_0012_Sed,447.2518394
11,Sample_S19S_0012_Sed,449.0360637
16,Sample_S19S_0012_Sed,449.0724952
55,Sample_S19S_0012_Sed,449.1089599
17,Sample_S19S_0012_Sed,449.1219859
29,Sample_S19S_0012_Sed,449.1583358
1,Sample_S19S_0012_Sed,449.1735875
10,Sample_S19S_0012_Sed,449.1946593
15,Sample_S19S_0012_Sed,449.2310912
9,Sample_S19S_0012_Sed,449.267553
4,Sample_S19S_0012_Sed,450.1898917
9,Sample_S19S_0012_Sed,451.0153576
12,Sample_S19S_0012_Sed,451.0517204
24,Sample_S19S_0012_Sed,451.0881744
36,Sample_S19S_0012_Sed,451.124616
19,Sample_S19S_0012_Sed,451.1376081
19,Sample_S19S_0012_Sed,451.1609528
13,Sample_S19S_0012_Sed,451.1739524
1,Sample_S19S_0012_Sed,451.1916101
9,Sample_S19S_0012_Sed,451.2103087
2,Sample_S19S_0012_Sed,451.2280387
13,Sample_S19S_0012_Sed,451.2467303
13,Sample_S19S_0012_Sed,452.1692639
17,Sample_S19S_0012_Sed,453.0310814
18,Sample_S19S_0012_Sed,453.0673983
7,Sample_S19S_0012_Sed,453.1037558
24,Sample_S19S_0012_Sed,453.140211
14,Sample_S19S_0012_Sed,453.1532352
45,Sample_S19S_0012_Sed,453.1766436
23,Sample_S19S_0012_Sed,453.1896338
12,Sample_S19S_0012_Sed,453.2259797
3,Sample_S19S_0012_Sed,453.2492245
3,Sample_S19S_0012_Sed,454.1484722
35,Sample_S19S_0012_Sed,455.0467468
30,Sample_S19S_0012_Sed,455.0620251
39,Sample_S19S_0012_Sed,455.0831528
22,Sample_S19S_0012_Sed,455.1194736
4,Sample_S19S_0012_Sed,455.1558023
7,Sample_S19S_0012_Sed,455.1921775
17,Sample_S19S_0012_Sed,455.2052634
3,Sample_S19S_0012_Sed,455.2285132
1,Sample_S19S_0012_Sed,455.2512639
23,Sample_S19S_0012_Sed,455.2650512
2,Sample_S19S_0012_Sed,457.0260917
25,Sample_S19S_0012_Sed,457.0412916
29,Sample_S19S_0012_Sed,457.0624071
8,Sample_S19S_0012_Sed,457.0776174
13,Sample_S19S_0012_Sed,457.0986905
7,Sample_S19S_0012_Sed,457.1350642
13,Sample_S19S_0012_Sed,457.1634444
29,Sample_S19S_0012_Sed,457.1715231
35,Sample_S19S_0012_Sed,457.2079257
12,Sample_S19S_0012_Sed,457.2442623
4,Sample_S19S_0012_Sed,457.280565
15,Sample_S19S_0012_Sed,459.0205561
12,Sample_S19S_0012_Sed,459.0568713
17,Sample_S19S_0012_Sed,459.0779746
13,Sample_S19S_0012_Sed,459.1143457
22,Sample_S19S_0012_Sed,459.1661042
33,Sample_S19S_0012_Sed,459.1872169
12,Sample_S19S_0012_Sed,459.2155229
9,Sample_S19S_0012_Sed,459.2235091
4,Sample_S19S_0012_Sed,459.2598321
1,Sample_S19S_0012_Sed,460.1823248
21,Sample_S19S_0012_Sed,461.0725007
2,Sample_S19S_0012_Sed,461.0935699
4,Sample_S19S_0012_Sed,461.1088271
23,Sample_S19S_0012_Sed,461.1583343
5,Sample_S19S_0012_Sed,461.1948089
26,Sample_S19S_0012_Sed,461.2311454
8,Sample_S19S_0012_Sed,461.2391228
7,Sample_S19S_0012_Sed,463.015396
35,Sample_S19S_0012_Sed,463.0518315
31,Sample_S19S_0012_Sed,463.0881954
3,Sample_S19S_0012_Sed,463.1375144
10,Sample_S19S_0012_Sed,463.1739081
28,Sample_S19S_0012_Sed,463.210366
21,Sample_S19S_0012_Sed,463.2467901
12,Sample_S19S_0012_Sed,465.0310055
8,Sample_S19S_0012_Sed,465.06738
20,Sample_S19S_0012_Sed,465.1038259
21,Sample_S19S_0012_Sed,465.1532935
25,Sample_S19S_0012_Sed,465.1896305
1,Sample_S19S_0012_Sed,465.207298
9,Sample_S19S_0012_Sed,465.2259434
34,Sample_S19S_0012_Sed,467.0467531
37,Sample_S19S_0012_Sed,467.0831629
34,Sample_S19S_0012_Sed,467.1195422
12,Sample_S19S_0012_Sed,467.1558326
15,Sample_S19S_0012_Sed,467.2052403
31,Sample_S19S_0012_Sed,467.2286363
21,Sample_S19S_0012_Sed,467.2416996
11,Sample_S19S_0012_Sed,469.0260039
19,Sample_S19S_0012_Sed,469.0412947
28,Sample_S19S_0012_Sed,469.062394
17,Sample_S19S_0012_Sed,469.0986993
5,Sample_S19S_0012_Sed,469.1350525
3,Sample_S19S_0012_Sed,469.1843946
2,Sample_S19S_0012_Sed,469.2021467
25,Sample_S19S_0012_Sed,469.2078959
18,Sample_S19S_0012_Sed,469.2209608
32,Sample_S19S_0012_Sed,469.2442937
16,Sample_S19S_0012_Sed,471.0205509
8,Sample_S19S_0012_Sed,471.0416901
24,Sample_S19S_0012_Sed,471.0780166
9,Sample_S19S_0012_Sed,471.093255
3,Sample_S19S_0012_Sed,471.1506882
14,Sample_S19S_0012_Sed,471.1871307
22,Sample_S19S_0012_Sed,471.2235442
5,Sample_S19S_0012_Sed,471.2598467
8,Sample_S19S_0012_Sed,473.0573502
23,Sample_S19S_0012_Sed,473.0726032
26,Sample_S19S_0012_Sed,473.0937108
42,Sample_S19S_0012_Sed,473.1089772
11,Sample_S19S_0012_Sed,473.1300234
6,Sample_S19S_0012_Sed,473.1663521
8,Sample_S19S_0012_Sed,473.2027392
2,Sample_S19S_0012_Sed,473.225266
24,Sample_S19S_0012_Sed,473.2392065
12,Sample_S19S_0012_Sed,475.0728791
17,Sample_S19S_0012_Sed,475.0881586
13,Sample_S19S_0012_Sed,475.1456774
23,Sample_S19S_0012_Sed,475.1739813
1,Sample_S19S_0012_Sed,475.1819356
8,Sample_S19S_0012_Sed,475.2103074
22,Sample_S19S_0012_Sed,477.0311319
34,Sample_S19S_0012_Sed,477.0674882
10,Sample_S19S_0012_Sed,477.1037802
6,Sample_S19S_0012_Sed,477.1531747
9,Sample_S19S_0012_Sed,477.1895617
15,Sample_S19S_0012_Sed,477.262427
4,Sample_S19S_0012_Sed,479.0466033
9,Sample_S19S_0012_Sed,479.0830028
21,Sample_S19S_0012_Sed,479.1194663
7,Sample_S19S_0012_Sed,479.1689644
36,Sample_S19S_0012_Sed,479.1923063
26,Sample_S19S_0012_Sed,479.2053091
18,Sample_S19S_0012_Sed,479.2416827
12,Sample_S19S_0012_Sed,480.2005188
4,Sample_S19S_0012_Sed,481.025885
16,Sample_S19S_0012_Sed,481.0623379
35,Sample_S19S_0012_Sed,481.0987747
43,Sample_S19S_0012_Sed,481.1351677
7,Sample_S19S_0012_Sed,481.1634867
8,Sample_S19S_0012_Sed,481.2208584
1,Sample_S19S_0012_Sed,481.2384755
14,Sample_S19S_0012_Sed,483.0415833
26,Sample_S19S_0012_Sed,483.0780208
34,Sample_S19S_0012_Sed,483.1144642
27,Sample_S19S_0012_Sed,483.1871699
11,Sample_S19S_0012_Sed,483.2001521
7,Sample_S19S_0012_Sed,483.2234722
12,Sample_S19S_0012_Sed,483.2364995
3,Sample_S19S_0012_Sed,483.259746
6,Sample_S19S_0012_Sed,485.057196
20,Sample_S19S_0012_Sed,485.0936172
40,Sample_S19S_0012_Sed,485.1300644
26,Sample_S19S_0012_Sed,485.1664901
4,Sample_S19S_0012_Sed,485.2390821
3,Sample_S19S_0012_Sed,485.275439
7,Sample_S19S_0012_Sed,487.0154217
14,Sample_S19S_0012_Sed,487.051792
15,Sample_S19S_0012_Sed,487.072871
5,Sample_S19S_0012_Sed,487.1092152
26,Sample_S19S_0012_Sed,487.18211
23,Sample_S19S_0012_Sed,487.2184679
16,Sample_S19S_0012_Sed,487.254845
1,Sample_S19S_0012_Sed,487.2911792
8,Sample_S19S_0012_Sed,489.0310445
33,Sample_S19S_0012_Sed,489.067487
16,Sample_S19S_0012_Sed,489.1039118
11,Sample_S19S_0012_Sed,489.1402055
5,Sample_S19S_0012_Sed,489.1895365
7,Sample_S19S_0012_Sed,489.2259164
9,Sample_S19S_0012_Sed,491.0103745
9,Sample_S19S_0012_Sed,491.0466906
4,Sample_S19S_0012_Sed,491.1193786
3,Sample_S19S_0012_Sed,491.2053832
3,Sample_S19S_0012_Sed,491.2417678
8,Sample_S19S_0012_Sed,493.0622921
15,Sample_S19S_0012_Sed,493.098712
43,Sample_S19S_0012_Sed,493.1351653
33,Sample_S19S_0012_Sed,493.1715856
4,Sample_S19S_0012_Sed,493.1846305
20,Sample_S19S_0012_Sed,493.2209368
10,Sample_S19S_0012_Sed,493.2572378
10,Sample_S19S_0012_Sed,494.1798099
10,Sample_S19S_0012_Sed,495.0415683
29,Sample_S19S_0012_Sed,495.0780179
30,Sample_S19S_0012_Sed,495.1144449
2,Sample_S19S_0012_Sed,495.1427989
35,Sample_S19S_0012_Sed,495.1507984
15,Sample_S19S_0012_Sed,495.1638346
12,Sample_S19S_0012_Sed,495.2001254
8,Sample_S19S_0012_Sed,495.2365338
1,Sample_S19S_0012_Sed,495.2541845
17,Sample_S19S_0012_Sed,497.0572968
4,Sample_S19S_0012_Sed,497.2157304
2,Sample_S19S_0012_Sed,497.2390455
13,Sample_S19S_0012_Sed,498.1617513
4,Sample_S19S_0012_Sed,499.036451
4,Sample_S19S_0012_Sed,499.0516924
25,Sample_S19S_0012_Sed,499.1093112
5,Sample_S19S_0012_Sed,499.2546595
10,Sample_S19S_0012_Sed,501.0673678
8,Sample_S19S_0012_Sed,501.0885018
5,Sample_S19S_0012_Sed,501.1037301
17,Sample_S19S_0012_Sed,501.2705063
10,Sample_S19S_0012_Sed,503.0468089
1,Sample_S19S_0012_Sed,503.0679918
6,Sample_S19S_0012_Sed,503.2051842
3,Sample_S19S_0012_Sed,503.2860944
6,Sample_S19S_0012_Sed,505.0622503
10,Sample_S19S_0012_Sed,505.1846129
5,Sample_S19S_0012_Sed,505.221033
14,Sample_S19S_0012_Sed,505.2573293
1,Sample_S19S_0012_Sed,506.1875783
23,Sample_S19S_0012_Sed,507.0780238
28,Sample_S19S_0012_Sed,507.1144464
8,Sample_S19S_0012_Sed,507.2364864
5,Sample_S19S_0012_Sed,509.0209945
5,Sample_S19S_0012_Sed,509.0573918
25,Sample_S19S_0012_Sed,509.0937287
5,Sample_S19S_0012_Sed,509.179341
11,Sample_S19S_0012_Sed,509.2157568
12,Sample_S19S_0012_Sed,509.2522003
1,Sample_S19S_0012_Sed,509.2755137
8,Sample_S19S_0012_Sed,511.0366348
32,Sample_S19S_0012_Sed,511.0729714
1,Sample_S19S_0012_Sed,511.1375472
7,Sample_S19S_0012_Sed,511.2183807
5,Sample_S19S_0012_Sed,511.231412
4,Sample_S19S_0012_Sed,513.0522762
19,Sample_S19S_0012_Sed,513.0674942
22,Sample_S19S_0012_Sed,513.0885835
1,Sample_S19S_0012_Sed,513.1612236
1,Sample_S19S_0012_Sed,513.233912
4,Sample_S19S_0012_Sed,513.2704612
5,Sample_S19S_0012_Sed,515.0467951
7,Sample_S19S_0012_Sed,515.0679477
19,Sample_S19S_0012_Sed,515.1042917
5,Sample_S19S_0012_Sed,515.2052029
2,Sample_S19S_0012_Sed,515.213195
2,Sample_S19S_0012_Sed,515.2495874
4,Sample_S19S_0012_Sed,515.2860627
3,Sample_S19S_0012_Sed,516.2311735
1,Sample_S19S_0012_Sed,516.2675677
4,Sample_S19S_0012_Sed,517.0470263
23,Sample_S19S_0012_Sed,517.0624113
5,Sample_S19S_0012_Sed,517.0835974
10,Sample_S19S_0012_Sed,517.2208996
5,Sample_S19S_0012_Sed,517.2572088
6,Sample_S19S_0012_Sed,517.2652212
6,Sample_S19S_0012_Sed,519.041577
7,Sample_S19S_0012_Sed,519.0779454
4,Sample_S19S_0012_Sed,519.1143103
8,Sample_S19S_0012_Sed,519.2366622
9,Sample_S19S_0012_Sed,519.2730269
1,Sample_S19S_0012_Sed,520.2396155
18,Sample_S19S_0012_Sed,521.0573462
22,Sample_S19S_0012_Sed,521.0937324
18,Sample_S19S_0012_Sed,521.1794927
1,Sample_S19S_0012_Sed,521.2157156
5,Sample_S19S_0012_Sed,521.288516
6,Sample_S19S_0012_Sed,523.0728235
1,Sample_S19S_0012_Sed,523.1091901
5,Sample_S19S_0012_Sed,523.1456062
14,Sample_S19S_0012_Sed,523.231536
11,Sample_S19S_0012_Sed,524.1903581
9,Sample_S19S_0012_Sed,525.0521307
17,Sample_S19S_0012_Sed,525.0885729
21,Sample_S19S_0012_Sed,525.1250197
8,Sample_S19S_0012_Sed,525.2470626
8,Sample_S19S_0012_Sed,527.0679337
16,Sample_S19S_0012_Sed,529.119899
6,Sample_S19S_0012_Sed,529.3017656
2,Sample_S19S_0012_Sed,531.0417642
1,Sample_S19S_0012_Sed,531.0781475
7,Sample_S19S_0012_Sed,533.0209267
4,Sample_S19S_0012_Sed,533.0937827
4,Sample_S19S_0012_Sed,533.2156961
10,Sample_S19S_0012_Sed,535.2314389
2,Sample_S19S_0012_Sed,535.275783
5,Sample_S19S_0012_Sed,537.0520931
4,Sample_S19S_0012_Sed,537.247225
17,Sample_S19S_0012_Sed,541.0834882
2,Sample_S19S_0012_Sed,543.0418148
3,Sample_S19S_0012_Sed,543.0781158
16,Sample_S19S_0012_Sed,543.09918
12,Sample_S19S_0012_Sed,547.0729547
5,Sample_S19S_0012_Sed,547.109415
14,Sample_S19S_0012_Sed,547.2315171
11,Sample_S19S_0012_Sed,547.2678735
1,Sample_S19S_0012_Sed,549.2647371
2,Sample_S19S_0012_Sed,551.0316023
1,Sample_S19S_0012_Sed,551.2988293
4,Sample_S19S_0012_Sed,553.0836572
7,Sample_S19S_0012_Sed,553.1199748
3,Sample_S19S_0012_Sed,553.2418178
2,Sample_S19S_0012_Sed,554.245501
4,Sample_S19S_0012_Sed,555.0629131
1,Sample_S19S_0012_Sed,555.0993123
6,Sample_S19S_0012_Sed,557.0572783
14,Sample_S19S_0012_Sed,561.0885432
1,Sample_S19S_0012_Sed,561.2834147
2,Sample_S19S_0012_Sed,563.0313809
6,Sample_S19S_0012_Sed,563.2263607
3,Sample_S19S_0012_Sed,571.3487705
1,Sample_S19S_0012_Sed,577.0472834
2,Sample_S19S_0012_Sed,577.0836723
3,Sample_S19S_0012_Sed,591.0629191
4,Sample_S19S_0012_Sed,595.0578225
1,Sample_S19S_0012_Sed,597.0731946
3,Sample_S19S_0012_Sed,597.4291056
3,Sample_S19S_0012_Sed,605.3096659
