num.trans.involved.in,sample,peak
42,Sample_S19S_0017_Sed,241.03537
3,Sample_S19S_0017_Sed,241.0466195
22,Sample_S19S_0017_Sed,241.0717422
14,Sample_S19S_0017_Sed,241.1081087
3,Sample_S19S_0017_Sed,241.1193918
11,Sample_S19S_0017_Sed,241.1445007
16,Sample_S19S_0017_Sed,242.0670034
15,Sample_S19S_0017_Sed,242.139775
4,Sample_S19S_0017_Sed,242.1761465
54,Sample_S19S_0017_Sed,243.0510224
16,Sample_S19S_0017_Sed,243.0873816
7,Sample_S19S_0017_Sed,243.0986597
11,Sample_S19S_0017_Sed,243.1237626
17,Sample_S19S_0017_Sed,243.1601665
28,Sample_S19S_0017_Sed,243.1965883
14,Sample_S19S_0017_Sed,244.0826525
3,Sample_S19S_0017_Sed,245.0489119
74,Sample_S19S_0017_Sed,245.0666847
66,Sample_S19S_0017_Sed,245.1030642
3,Sample_S19S_0017_Sed,245.1142776
25,Sample_S19S_0017_Sed,245.1394342
1,Sample_S19S_0017_Sed,246.1095509
8,Sample_S19S_0017_Sed,246.134683
66,Sample_S19S_0017_Sed,247.0823368
5,Sample_S19S_0017_Sed,247.0935696
53,Sample_S19S_0017_Sed,247.118733
6,Sample_S19S_0017_Sed,247.1703275
16,Sample_S19S_0017_Sed,248.1139872
52,Sample_S19S_0017_Sed,249.0768527
57,Sample_S19S_0017_Sed,249.0979835
20,Sample_S19S_0017_Sed,249.1132224
31,Sample_S19S_0017_Sed,249.1496147
7,Sample_S19S_0017_Sed,250.1448617
32,Sample_S19S_0017_Sed,251.0560986
5,Sample_S19S_0017_Sed,251.0594793
80,Sample_S19S_0017_Sed,251.0925063
38,Sample_S19S_0017_Sed,251.1289035
47,Sample_S19S_0017_Sed,253.0353983
77,Sample_S19S_0017_Sed,253.0717756
22,Sample_S19S_0017_Sed,253.1081345
46,Sample_S19S_0017_Sed,253.1445337
64,Sample_S19S_0017_Sed,255.0510433
4,Sample_S19S_0017_Sed,255.0622462
94,Sample_S19S_0017_Sed,255.0874163
25,Sample_S19S_0017_Sed,255.1237776
44,Sample_S19S_0017_Sed,255.1602018
13,Sample_S19S_0017_Sed,255.2329705
13,Sample_S19S_0017_Sed,256.0826837
49,Sample_S19S_0017_Sed,257.030304
74,Sample_S19S_0017_Sed,257.0666765
45,Sample_S19S_0017_Sed,257.1030521
56,Sample_S19S_0017_Sed,257.1394516
30,Sample_S19S_0017_Sed,257.175834
26,Sample_S19S_0017_Sed,257.2122374
20,Sample_S19S_0017_Sed,258.0983343
20,Sample_S19S_0017_Sed,258.1347123
58,Sample_S19S_0017_Sed,259.0459547
77,Sample_S19S_0017_Sed,259.0823405
56,Sample_S19S_0017_Sed,259.1187072
5,Sample_S19S_0017_Sed,259.1299532
52,Sample_S19S_0017_Sed,259.1551113
18,Sample_S19S_0017_Sed,260.1503532
47,Sample_S19S_0017_Sed,261.061588
54,Sample_S19S_0017_Sed,261.0980071
57,Sample_S19S_0017_Sed,261.1343647
1,Sample_S19S_0017_Sed,261.9555802
22,Sample_S19S_0017_Sed,263.019721
42,Sample_S19S_0017_Sed,263.0561329
19,Sample_S19S_0017_Sed,263.0924815
52,Sample_S19S_0017_Sed,263.1136323
30,Sample_S19S_0017_Sed,263.128908
46,Sample_S19S_0017_Sed,265.0353938
2,Sample_S19S_0017_Sed,265.0578564
47,Sample_S19S_0017_Sed,265.0717855
5,Sample_S19S_0017_Sed,265.07514
71,Sample_S19S_0017_Sed,265.1081545
36,Sample_S19S_0017_Sed,265.1445692
1,Sample_S19S_0017_Sed,265.1479151
8,Sample_S19S_0017_Sed,265.1575521
15,Sample_S19S_0017_Sed,266.1246093
30,Sample_S19S_0017_Sed,267.0146829
64,Sample_S19S_0017_Sed,267.0510336
77,Sample_S19S_0017_Sed,267.0874299
77,Sample_S19S_0017_Sed,267.123805
40,Sample_S19S_0017_Sed,267.1601848
21,Sample_S19S_0017_Sed,268.08266
80,Sample_S19S_0017_Sed,269.0666802
79,Sample_S19S_0017_Sed,269.1030627
61,Sample_S19S_0017_Sed,269.1394657
43,Sample_S19S_0017_Sed,269.1758579
30,Sample_S19S_0017_Sed,269.2122378
43,Sample_S19S_0017_Sed,271.0459737
5,Sample_S19S_0017_Sed,271.0645721
64,Sample_S19S_0017_Sed,271.0823212
84,Sample_S19S_0017_Sed,271.118718
45,Sample_S19S_0017_Sed,271.1551343
40,Sample_S19S_0017_Sed,271.1914941
24,Sample_S19S_0017_Sed,271.227892
15,Sample_S19S_0017_Sed,272.1504094
55,Sample_S19S_0017_Sed,273.061591
78,Sample_S19S_0017_Sed,273.0979879
55,Sample_S19S_0017_Sed,273.1343844
48,Sample_S19S_0017_Sed,273.1707658
22,Sample_S19S_0017_Sed,274.0932637
40,Sample_S19S_0017_Sed,275.0561155
67,Sample_S19S_0017_Sed,275.0772487
65,Sample_S19S_0017_Sed,275.1136274
47,Sample_S19S_0017_Sed,275.1500444
18,Sample_S19S_0017_Sed,276.0725557
21,Sample_S19S_0017_Sed,276.108923
52,Sample_S19S_0017_Sed,277.0717892
43,Sample_S19S_0017_Sed,277.0929294
63,Sample_S19S_0017_Sed,277.1081544
43,Sample_S19S_0017_Sed,277.1293085
43,Sample_S19S_0017_Sed,277.1445377
20,Sample_S19S_0017_Sed,278.0881845
18,Sample_S19S_0017_Sed,279.0146331
48,Sample_S19S_0017_Sed,279.0510516
42,Sample_S19S_0017_Sed,279.0874539
48,Sample_S19S_0017_Sed,279.1238221
14,Sample_S19S_0017_Sed,279.1449966
5,Sample_S19S_0017_Sed,279.1562152
40,Sample_S19S_0017_Sed,279.160186
1,Sample_S19S_0017_Sed,280.068733
19,Sample_S19S_0017_Sed,280.1038615
44,Sample_S19S_0017_Sed,281.0303339
75,Sample_S19S_0017_Sed,281.0666829
37,Sample_S19S_0017_Sed,281.1030502
68,Sample_S19S_0017_Sed,281.1394597
37,Sample_S19S_0017_Sed,281.1758716
20,Sample_S19S_0017_Sed,282.0983548
62,Sample_S19S_0017_Sed,283.0459554
43,Sample_S19S_0017_Sed,283.0823169
90,Sample_S19S_0017_Sed,283.118715
46,Sample_S19S_0017_Sed,283.1551309
25,Sample_S19S_0017_Sed,283.1915306
3,Sample_S19S_0017_Sed,283.2642602
18,Sample_S19S_0017_Sed,284.0776208
26,Sample_S19S_0017_Sed,284.1503618
53,Sample_S19S_0017_Sed,285.0616357
27,Sample_S19S_0017_Sed,285.0980306
7,Sample_S19S_0017_Sed,285.1262347
59,Sample_S19S_0017_Sed,285.1343948
48,Sample_S19S_0017_Sed,285.17075
11,Sample_S19S_0017_Sed,285.2071124
41,Sample_S19S_0017_Sed,287.0408776
71,Sample_S19S_0017_Sed,287.0772537
75,Sample_S19S_0017_Sed,287.1136282
64,Sample_S19S_0017_Sed,287.150015
43,Sample_S19S_0017_Sed,287.1864124
18,Sample_S19S_0017_Sed,287.2228145
1,Sample_S19S_0017_Sed,288.1565445
39,Sample_S19S_0017_Sed,289.0354029
51,Sample_S19S_0017_Sed,289.0717704
61,Sample_S19S_0017_Sed,289.0929075
63,Sample_S19S_0017_Sed,289.1292776
51,Sample_S19S_0017_Sed,289.1656738
1,Sample_S19S_0017_Sed,289.9868879
13,Sample_S19S_0017_Sed,290.0882083
21,Sample_S19S_0017_Sed,290.1245994
48,Sample_S19S_0017_Sed,291.0874132
47,Sample_S19S_0017_Sed,291.1085682
48,Sample_S19S_0017_Sed,291.1237966
40,Sample_S19S_0017_Sed,291.1449729
36,Sample_S19S_0017_Sed,291.1601932
22,Sample_S19S_0017_Sed,292.1038307
23,Sample_S19S_0017_Sed,292.1402353
5,Sample_S19S_0017_Sed,292.2129776
44,Sample_S19S_0017_Sed,293.0303357
54,Sample_S19S_0017_Sed,293.0667099
80,Sample_S19S_0017_Sed,293.1030793
38,Sample_S19S_0017_Sed,293.1242316
62,Sample_S19S_0017_Sed,293.1394564
9,Sample_S19S_0017_Sed,293.1757942
13,Sample_S19S_0017_Sed,294.1195199
54,Sample_S19S_0017_Sed,295.0459444
84,Sample_S19S_0017_Sed,295.0823376
86,Sample_S19S_0017_Sed,295.1187213
26,Sample_S19S_0017_Sed,295.1398774
56,Sample_S19S_0017_Sed,295.1550986
27,Sample_S19S_0017_Sed,295.227888
9,Sample_S19S_0017_Sed,296.0987987
53,Sample_S19S_0017_Sed,297.0616262
54,Sample_S19S_0017_Sed,297.0980154
45,Sample_S19S_0017_Sed,297.1344063
3,Sample_S19S_0017_Sed,297.1529844
35,Sample_S19S_0017_Sed,297.1707937
1,Sample_S19S_0017_Sed,297.1860581
13,Sample_S19S_0017_Sed,297.2071894
18,Sample_S19S_0017_Sed,297.2435585
40,Sample_S19S_0017_Sed,299.0408894
69,Sample_S19S_0017_Sed,299.0772616
78,Sample_S19S_0017_Sed,299.1136455
82,Sample_S19S_0017_Sed,299.1500243
40,Sample_S19S_0017_Sed,299.1864335
18,Sample_S19S_0017_Sed,299.2228305
19,Sample_S19S_0017_Sed,300.1816868
44,Sample_S19S_0017_Sed,301.0565488
60,Sample_S19S_0017_Sed,301.092932
56,Sample_S19S_0017_Sed,301.129318
55,Sample_S19S_0017_Sed,301.1656955
42,Sample_S19S_0017_Sed,301.202066
25,Sample_S19S_0017_Sed,302.1245742
1,Sample_S19S_0017_Sed,302.1721713
63,Sample_S19S_0017_Sed,303.0721573
37,Sample_S19S_0017_Sed,303.0874395
68,Sample_S19S_0017_Sed,303.1085414
65,Sample_S19S_0017_Sed,303.1449308
41,Sample_S19S_0017_Sed,303.1813306
26,Sample_S19S_0017_Sed,304.1038383
23,Sample_S19S_0017_Sed,304.1402446
44,Sample_S19S_0017_Sed,305.0303157
55,Sample_S19S_0017_Sed,305.0666877
38,Sample_S19S_0017_Sed,305.087829
50,Sample_S19S_0017_Sed,305.1030852
34,Sample_S19S_0017_Sed,305.1242388
13,Sample_S19S_0017_Sed,306.0831168
15,Sample_S19S_0017_Sed,306.1195211
11,Sample_S19S_0017_Sed,306.155916
5,Sample_S19S_0017_Sed,306.192305
57,Sample_S19S_0017_Sed,307.0459779
44,Sample_S19S_0017_Sed,307.0823737
40,Sample_S19S_0017_Sed,307.1187572
1,Sample_S19S_0017_Sed,307.194883
9,Sample_S19S_0017_Sed,308.098784
11,Sample_S19S_0017_Sed,308.1351748
3,Sample_S19S_0017_Sed,308.2079497
41,Sample_S19S_0017_Sed,309.0252469
74,Sample_S19S_0017_Sed,309.0616036
72,Sample_S19S_0017_Sed,309.0979773
7,Sample_S19S_0017_Sed,309.1013433
71,Sample_S19S_0017_Sed,309.1343649
1,Sample_S19S_0017_Sed,309.1530159
53,Sample_S19S_0017_Sed,309.1707647
3,Sample_S19S_0017_Sed,309.1741269
22,Sample_S19S_0017_Sed,309.2071806
20,Sample_S19S_0017_Sed,310.0932206
8,Sample_S19S_0017_Sed,310.1144501
16,Sample_S19S_0017_Sed,310.1508222
42,Sample_S19S_0017_Sed,311.0408991
67,Sample_S19S_0017_Sed,311.0772659
104,Sample_S19S_0017_Sed,311.1136352
75,Sample_S19S_0017_Sed,311.1500195
1,Sample_S19S_0017_Sed,311.1686157
45,Sample_S19S_0017_Sed,311.186419
19,Sample_S19S_0017_Sed,311.2228309
17,Sample_S19S_0017_Sed,312.1817018
1,Sample_S19S_0017_Sed,312.9846454
49,Sample_S19S_0017_Sed,313.0565398
67,Sample_S19S_0017_Sed,313.0929245
64,Sample_S19S_0017_Sed,313.1293014
62,Sample_S19S_0017_Sed,313.1656688
36,Sample_S19S_0017_Sed,313.2020808
22,Sample_S19S_0017_Sed,313.2384778
26,Sample_S19S_0017_Sed,314.0881771
32,Sample_S19S_0017_Sed,314.1245573
26,Sample_S19S_0017_Sed,314.1609464
12,Sample_S19S_0017_Sed,314.1973467
49,Sample_S19S_0017_Sed,315.0721791
67,Sample_S19S_0017_Sed,315.1085755
63,Sample_S19S_0017_Sed,315.1449559
51,Sample_S19S_0017_Sed,315.1813307
36,Sample_S19S_0017_Sed,315.217727
3,Sample_S19S_0017_Sed,315.2290147
13,Sample_S19S_0017_Sed,315.2541325
29,Sample_S19S_0017_Sed,316.1038062
29,Sample_S19S_0017_Sed,316.1402237
13,Sample_S19S_0017_Sed,316.1766274
46,Sample_S19S_0017_Sed,317.0666936
73,Sample_S19S_0017_Sed,317.0878157
55,Sample_S19S_0017_Sed,317.124227
42,Sample_S19S_0017_Sed,317.1394552
57,Sample_S19S_0017_Sed,317.1606071
42,Sample_S19S_0017_Sed,317.1969836
2,Sample_S19S_0017_Sed,317.2446454
14,Sample_S19S_0017_Sed,318.0831173
27,Sample_S19S_0017_Sed,318.1194966
28,Sample_S19S_0017_Sed,318.1558543
9,Sample_S19S_0017_Sed,318.2286611
8,Sample_S19S_0017_Sed,319.0460069
50,Sample_S19S_0017_Sed,319.0823624
35,Sample_S19S_0017_Sed,319.103481
50,Sample_S19S_0017_Sed,319.139868
38,Sample_S19S_0017_Sed,319.1551015
19,Sample_S19S_0017_Sed,320.0987676
31,Sample_S19S_0017_Sed,320.1351354
17,Sample_S19S_0017_Sed,320.1715427
5,Sample_S19S_0017_Sed,320.2442999
35,Sample_S19S_0017_Sed,321.0252313
46,Sample_S19S_0017_Sed,321.0616406
30,Sample_S19S_0017_Sed,321.0980285
49,Sample_S19S_0017_Sed,321.1343949
38,Sample_S19S_0017_Sed,321.1707672
13,Sample_S19S_0017_Sed,321.2201744
17,Sample_S19S_0017_Sed,322.1144282
1,Sample_S19S_0017_Sed,322.1508517
4,Sample_S19S_0017_Sed,322.1872255
38,Sample_S19S_0017_Sed,323.0408542
74,Sample_S19S_0017_Sed,323.0772527
4,Sample_S19S_0017_Sed,323.1096996
42,Sample_S19S_0017_Sed,323.1136726
49,Sample_S19S_0017_Sed,323.1864241
14,Sample_S19S_0017_Sed,324.1300834
21,Sample_S19S_0017_Sed,324.1664479
54,Sample_S19S_0017_Sed,325.0565425
81,Sample_S19S_0017_Sed,325.0928926
73,Sample_S19S_0017_Sed,325.1292996
47,Sample_S19S_0017_Sed,325.1657004
1,Sample_S19S_0017_Sed,325.1842438
55,Sample_S19S_0017_Sed,325.2020573
17,Sample_S19S_0017_Sed,326.1457187
41,Sample_S19S_0017_Sed,327.035782
50,Sample_S19S_0017_Sed,327.0722018
64,Sample_S19S_0017_Sed,327.1085831
72,Sample_S19S_0017_Sed,327.1449492
50,Sample_S19S_0017_Sed,327.1813344
7,Sample_S19S_0017_Sed,327.2177565
26,Sample_S19S_0017_Sed,328.140231
24,Sample_S19S_0017_Sed,329.0514722
17,Sample_S19S_0017_Sed,329.0667319
80,Sample_S19S_0017_Sed,329.0878075
65,Sample_S19S_0017_Sed,329.1242163
1,Sample_S19S_0017_Sed,329.152419
42,Sample_S19S_0017_Sed,329.1969687
27,Sample_S19S_0017_Sed,329.2333488
12,Sample_S19S_0017_Sed,330.0831155
37,Sample_S19S_0017_Sed,330.1194763
17,Sample_S19S_0017_Sed,330.192266
21,Sample_S19S_0017_Sed,331.0459941
45,Sample_S19S_0017_Sed,331.0670688
38,Sample_S19S_0017_Sed,331.0823608
46,Sample_S19S_0017_Sed,331.1034998
25,Sample_S19S_0017_Sed,331.1399002
57,Sample_S19S_0017_Sed,331.1762541
8,Sample_S19S_0017_Sed,331.2126721
2,Sample_S19S_0017_Sed,331.2239268
27,Sample_S19S_0017_Sed,332.0987468
27,Sample_S19S_0017_Sed,332.1351167
11,Sample_S19S_0017_Sed,333.0252702
17,Sample_S19S_0017_Sed,333.0616512
27,Sample_S19S_0017_Sed,333.08277
11,Sample_S19S_0017_Sed,333.1191757
25,Sample_S19S_0017_Sed,333.1344131
4,Sample_S19S_0017_Sed,333.1553813
26,Sample_S19S_0017_Sed,333.1707943
43,Sample_S19S_0017_Sed,333.1919042
2,Sample_S19S_0017_Sed,333.2395661
9,Sample_S19S_0017_Sed,334.0780188
21,Sample_S19S_0017_Sed,334.1144217
14,Sample_S19S_0017_Sed,334.1508295
5,Sample_S19S_0017_Sed,334.2235949
24,Sample_S19S_0017_Sed,335.0409093
67,Sample_S19S_0017_Sed,335.0772597
29,Sample_S19S_0017_Sed,335.1136067
44,Sample_S19S_0017_Sed,335.150042
12,Sample_S19S_0017_Sed,335.2358032
6,Sample_S19S_0017_Sed,336.0937181
8,Sample_S19S_0017_Sed,336.1301036
31,Sample_S19S_0017_Sed,337.0564852
16,Sample_S19S_0017_Sed,337.0695448
67,Sample_S19S_0017_Sed,337.0929176
85,Sample_S19S_0017_Sed,337.1292866
30,Sample_S19S_0017_Sed,337.1504428
10,Sample_S19S_0017_Sed,337.1616901
49,Sample_S19S_0017_Sed,337.1656867
9,Sample_S19S_0017_Sed,338.1093609
16,Sample_S19S_0017_Sed,338.1456998
32,Sample_S19S_0017_Sed,339.0357996
75,Sample_S19S_0017_Sed,339.0721726
93,Sample_S19S_0017_Sed,339.1085453
29,Sample_S19S_0017_Sed,339.1449816
46,Sample_S19S_0017_Sed,339.1813533
1,Sample_S19S_0017_Sed,339.1999929
29,Sample_S19S_0017_Sed,339.2177427
26,Sample_S19S_0017_Sed,340.1038147
15,Sample_S19S_0017_Sed,340.1249861
5,Sample_S19S_0017_Sed,340.1613194
40,Sample_S19S_0017_Sed,341.0514621
82,Sample_S19S_0017_Sed,341.0878109
29,Sample_S19S_0017_Sed,341.12425
57,Sample_S19S_0017_Sed,341.1606173
51,Sample_S19S_0017_Sed,341.1969848
5,Sample_S19S_0017_Sed,341.2334189
4,Sample_S19S_0017_Sed,342.0960955
6,Sample_S19S_0017_Sed,342.1405819
43,Sample_S19S_0017_Sed,342.155837
21,Sample_S19S_0017_Sed,343.0459579
38,Sample_S19S_0017_Sed,343.067113
88,Sample_S19S_0017_Sed,343.1034685
17,Sample_S19S_0017_Sed,343.1399075
51,Sample_S19S_0017_Sed,343.1762631
37,Sample_S19S_0017_Sed,343.2126496
19,Sample_S19S_0017_Sed,343.2490426
3,Sample_S19S_0017_Sed,344.1350437
23,Sample_S19S_0017_Sed,344.1715382
3,Sample_S19S_0017_Sed,344.1997897
21,Sample_S19S_0017_Sed,345.0252491
39,Sample_S19S_0017_Sed,345.0616254
41,Sample_S19S_0017_Sed,345.0827674
36,Sample_S19S_0017_Sed,345.0980089
53,Sample_S19S_0017_Sed,345.1191373
7,Sample_S19S_0017_Sed,345.1344288
36,Sample_S19S_0017_Sed,345.1555412
6,Sample_S19S_0017_Sed,345.1919508
31,Sample_S19S_0017_Sed,345.2282779
28,Sample_S19S_0017_Sed,346.1143644
28,Sample_S19S_0017_Sed,346.1507606
18,Sample_S19S_0017_Sed,346.1871921
5,Sample_S19S_0017_Sed,346.2154294
38,Sample_S19S_0017_Sed,347.0408756
57,Sample_S19S_0017_Sed,347.0772564
22,Sample_S19S_0017_Sed,347.0903002
56,Sample_S19S_0017_Sed,347.0983726
23,Sample_S19S_0017_Sed,347.1136821
7,Sample_S19S_0017_Sed,347.1170036
29,Sample_S19S_0017_Sed,347.1348045
47,Sample_S19S_0017_Sed,347.1500262
39,Sample_S19S_0017_Sed,347.1711801
20,Sample_S19S_0017_Sed,348.1300774
30,Sample_S19S_0017_Sed,348.1664038
14,Sample_S19S_0017_Sed,348.2028318
6,Sample_S19S_0017_Sed,348.231087
24,Sample_S19S_0017_Sed,349.0201636
11,Sample_S19S_0017_Sed,349.0564693
22,Sample_S19S_0017_Sed,349.1059291
56,Sample_S19S_0017_Sed,349.129303
19,Sample_S19S_0017_Sed,349.1504562
53,Sample_S19S_0017_Sed,349.1656793
10,Sample_S19S_0017_Sed,349.2021049
25,Sample_S19S_0017_Sed,350.1457077
13,Sample_S19S_0017_Sed,350.1821173
43,Sample_S19S_0017_Sed,351.0357871
45,Sample_S19S_0017_Sed,351.0721501
26,Sample_S19S_0017_Sed,351.1085115
32,Sample_S19S_0017_Sed,351.121581
34,Sample_S19S_0017_Sed,351.1449775
28,Sample_S19S_0017_Sed,351.2177372
11,Sample_S19S_0017_Sed,351.2307319
2,Sample_S19S_0017_Sed,351.2500934
19,Sample_S19S_0017_Sed,352.1613622
22,Sample_S19S_0017_Sed,353.0514753
84,Sample_S19S_0017_Sed,353.0878166
16,Sample_S19S_0017_Sed,353.1008561
61,Sample_S19S_0017_Sed,353.124233
38,Sample_S19S_0017_Sed,353.1605629
21,Sample_S19S_0017_Sed,353.1736275
42,Sample_S19S_0017_Sed,353.1970034
2,Sample_S19S_0017_Sed,353.2003494
16,Sample_S19S_0017_Sed,353.2099396
16,Sample_S19S_0017_Sed,353.2333297
4,Sample_S19S_0017_Sed,354.09608
25,Sample_S19S_0017_Sed,354.1194893
14,Sample_S19S_0017_Sed,354.1406185
45,Sample_S19S_0017_Sed,354.1558443
45,Sample_S19S_0017_Sed,355.0671162
86,Sample_S19S_0017_Sed,355.1034699
25,Sample_S19S_0017_Sed,355.1164999
15,Sample_S19S_0017_Sed,355.1399086
63,Sample_S19S_0017_Sed,355.1762476
8,Sample_S19S_0017_Sed,355.2126797
29,Sample_S19S_0017_Sed,356.1350838
35,Sample_S19S_0017_Sed,356.1715182
17,Sample_S19S_0017_Sed,356.207852
28,Sample_S19S_0017_Sed,357.046323
24,Sample_S19S_0017_Sed,357.061636
63,Sample_S19S_0017_Sed,357.0827228
17,Sample_S19S_0017_Sed,357.1110353
83,Sample_S19S_0017_Sed,357.1191097
78,Sample_S19S_0017_Sed,357.1554992
60,Sample_S19S_0017_Sed,357.191896
44,Sample_S19S_0017_Sed,357.2282738
8,Sample_S19S_0017_Sed,358.1507103
16,Sample_S19S_0017_Sed,358.1871972
3,Sample_S19S_0017_Sed,358.1983945
28,Sample_S19S_0017_Sed,358.2235211
5,Sample_S19S_0017_Sed,359.0409252
40,Sample_S19S_0017_Sed,359.0619959
31,Sample_S19S_0017_Sed,359.077285
25,Sample_S19S_0017_Sed,359.0984239
49,Sample_S19S_0017_Sed,359.1347452
38,Sample_S19S_0017_Sed,359.1500213
55,Sample_S19S_0017_Sed,359.1711775
17,Sample_S19S_0017_Sed,359.2074846
2,Sample_S19S_0017_Sed,359.2106313
2,Sample_S19S_0017_Sed,360.1299489
31,Sample_S19S_0017_Sed,360.1664452
4,Sample_S19S_0017_Sed,360.1946802
24,Sample_S19S_0017_Sed,361.0201475
26,Sample_S19S_0017_Sed,361.056505
7,Sample_S19S_0017_Sed,361.069538
51,Sample_S19S_0017_Sed,361.0929312
45,Sample_S19S_0017_Sed,361.1140532
62,Sample_S19S_0017_Sed,361.1292859
33,Sample_S19S_0017_Sed,361.1423317
58,Sample_S19S_0017_Sed,361.1504109
30,Sample_S19S_0017_Sed,361.1657046
42,Sample_S19S_0017_Sed,361.186829
9,Sample_S19S_0017_Sed,361.2151155
37,Sample_S19S_0017_Sed,361.2231964
18,Sample_S19S_0017_Sed,362.1093336
17,Sample_S19S_0017_Sed,362.1821174
38,Sample_S19S_0017_Sed,363.0357881
29,Sample_S19S_0017_Sed,363.0722122
53,Sample_S19S_0017_Sed,363.108539
22,Sample_S19S_0017_Sed,363.1215932
26,Sample_S19S_0017_Sed,363.1449786
15,Sample_S19S_0017_Sed,363.1660194
15,Sample_S19S_0017_Sed,363.1812892
21,Sample_S19S_0017_Sed,363.1943423
14,Sample_S19S_0017_Sed,364.0674047
4,Sample_S19S_0017_Sed,364.0885367
24,Sample_S19S_0017_Sed,364.1613157
9,Sample_S19S_0017_Sed,364.2259804
15,Sample_S19S_0017_Sed,365.0513776
58,Sample_S19S_0017_Sed,365.0878382
25,Sample_S19S_0017_Sed,365.1008669
28,Sample_S19S_0017_Sed,365.1241727
25,Sample_S19S_0017_Sed,365.137244
13,Sample_S19S_0017_Sed,365.1606438
39,Sample_S19S_0017_Sed,365.1969623
21,Sample_S19S_0017_Sed,365.2100088
9,Sample_S19S_0017_Sed,366.0960948
9,Sample_S19S_0017_Sed,366.1325089
26,Sample_S19S_0017_Sed,367.0306865
58,Sample_S19S_0017_Sed,367.0671094
14,Sample_S19S_0017_Sed,367.0801169
89,Sample_S19S_0017_Sed,367.1034613
18,Sample_S19S_0017_Sed,367.1165264
4,Sample_S19S_0017_Sed,367.1399195
40,Sample_S19S_0017_Sed,367.1762158
27,Sample_S19S_0017_Sed,367.189277
41,Sample_S19S_0017_Sed,367.2126519
7,Sample_S19S_0017_Sed,368.1117355
34,Sample_S19S_0017_Sed,368.1351331
9,Sample_S19S_0017_Sed,368.1562607
45,Sample_S19S_0017_Sed,368.1714856
20,Sample_S19S_0017_Sed,369.0463181
59,Sample_S19S_0017_Sed,369.0827443
14,Sample_S19S_0017_Sed,369.0957223
13,Sample_S19S_0017_Sed,369.1190631
21,Sample_S19S_0017_Sed,369.1321274
65,Sample_S19S_0017_Sed,369.1555194
22,Sample_S19S_0017_Sed,369.1685393
14,Sample_S19S_0017_Sed,369.1837969
19,Sample_S19S_0017_Sed,369.1918398
39,Sample_S19S_0017_Sed,369.2282876
1,Sample_S19S_0017_Sed,370.0910244
15,Sample_S19S_0017_Sed,371.0408802
41,Sample_S19S_0017_Sed,371.0620102
19,Sample_S19S_0017_Sed,371.0983408
53,Sample_S19S_0017_Sed,371.1347918
51,Sample_S19S_0017_Sed,371.171134
36,Sample_S19S_0017_Sed,371.2075705
29,Sample_S19S_0017_Sed,371.2439257
40,Sample_S19S_0017_Sed,372.1300076
37,Sample_S19S_0017_Sed,372.1663973
19,Sample_S19S_0017_Sed,372.2028242
4,Sample_S19S_0017_Sed,372.3038234
12,Sample_S19S_0017_Sed,373.0201141
29,Sample_S19S_0017_Sed,373.0565482
21,Sample_S19S_0017_Sed,373.0776886
28,Sample_S19S_0017_Sed,373.09294
19,Sample_S19S_0017_Sed,373.1059583
43,Sample_S19S_0017_Sed,373.1140108
19,Sample_S19S_0017_Sed,373.1504711
41,Sample_S19S_0017_Sed,373.1867821
41,Sample_S19S_0017_Sed,373.2231881
15,Sample_S19S_0017_Sed,373.2595428
4,Sample_S19S_0017_Sed,373.287836
37,Sample_S19S_0017_Sed,374.1456527
14,Sample_S19S_0017_Sed,374.1820296
19,Sample_S19S_0017_Sed,374.2184652
8,Sample_S19S_0017_Sed,375.0358416
41,Sample_S19S_0017_Sed,375.0721973
16,Sample_S19S_0017_Sed,375.0852221
32,Sample_S19S_0017_Sed,375.0932745
38,Sample_S19S_0017_Sed,375.1297066
54,Sample_S19S_0017_Sed,375.1449442
28,Sample_S19S_0017_Sed,375.1579842
21,Sample_S19S_0017_Sed,375.1660121
30,Sample_S19S_0017_Sed,375.194367
31,Sample_S19S_0017_Sed,375.2024285
7,Sample_S19S_0017_Sed,375.230771
11,Sample_S19S_0017_Sed,375.2387855
22,Sample_S19S_0017_Sed,376.1249335
4,Sample_S19S_0017_Sed,376.1895594
17,Sample_S19S_0017_Sed,376.1976905
42,Sample_S19S_0017_Sed,377.0514538
32,Sample_S19S_0017_Sed,377.0877952
15,Sample_S19S_0017_Sed,377.100823
66,Sample_S19S_0017_Sed,377.1241915
23,Sample_S19S_0017_Sed,377.1372608
26,Sample_S19S_0017_Sed,377.1453086
33,Sample_S19S_0017_Sed,377.1735945
17,Sample_S19S_0017_Sed,377.2099902
1,Sample_S19S_0017_Sed,377.2211816
12,Sample_S19S_0017_Sed,377.2463996
6,Sample_S19S_0017_Sed,378.2052199
8,Sample_S19S_0017_Sed,378.2416575
29,Sample_S19S_0017_Sed,379.0307221
17,Sample_S19S_0017_Sed,379.0670295
7,Sample_S19S_0017_Sed,379.0800689
79,Sample_S19S_0017_Sed,379.1034645
22,Sample_S19S_0017_Sed,379.1165229
73,Sample_S19S_0017_Sed,379.1398402
29,Sample_S19S_0017_Sed,379.1528588
31,Sample_S19S_0017_Sed,379.1892722
19,Sample_S19S_0017_Sed,379.2256462
4,Sample_S19S_0017_Sed,380.1116712
9,Sample_S19S_0017_Sed,380.184512
6,Sample_S19S_0017_Sed,380.2208704
39,Sample_S19S_0017_Sed,381.0463502
17,Sample_S19S_0017_Sed,381.0826619
10,Sample_S19S_0017_Sed,381.095685
81,Sample_S19S_0017_Sed,381.1191186
23,Sample_S19S_0017_Sed,381.1321708
77,Sample_S19S_0017_Sed,381.1555031
23,Sample_S19S_0017_Sed,381.1684945
37,Sample_S19S_0017_Sed,381.1918695
13,Sample_S19S_0017_Sed,381.204939
28,Sample_S19S_0017_Sed,381.2282913
4,Sample_S19S_0017_Sed,382.0909883
33,Sample_S19S_0017_Sed,382.1143936
6,Sample_S19S_0017_Sed,382.1273741
8,Sample_S19S_0017_Sed,382.1507159
15,Sample_S19S_0017_Sed,383.0255766
17,Sample_S19S_0017_Sed,383.0619616
79,Sample_S19S_0017_Sed,383.0983806
4,Sample_S19S_0017_Sed,383.1113231
15,Sample_S19S_0017_Sed,383.1266887
21,Sample_S19S_0017_Sed,383.1347075
25,Sample_S19S_0017_Sed,383.1477567
32,Sample_S19S_0017_Sed,383.1711132
22,Sample_S19S_0017_Sed,383.184187
45,Sample_S19S_0017_Sed,383.2075249
29,Sample_S19S_0017_Sed,383.2439132
8,Sample_S19S_0017_Sed,384.1430092
39,Sample_S19S_0017_Sed,384.1664077
15,Sample_S19S_0017_Sed,385.0412026
58,Sample_S19S_0017_Sed,385.0776412
16,Sample_S19S_0017_Sed,385.1139909
20,Sample_S19S_0017_Sed,385.1423072
30,Sample_S19S_0017_Sed,385.1503825
15,Sample_S19S_0017_Sed,385.1634062
49,Sample_S19S_0017_Sed,385.1868285
14,Sample_S19S_0017_Sed,385.2231361
27,Sample_S19S_0017_Sed,385.2595906
29,Sample_S19S_0017_Sed,386.1093009
41,Sample_S19S_0017_Sed,386.1820531
22,Sample_S19S_0017_Sed,387.0358113
7,Sample_S19S_0017_Sed,387.0721252
17,Sample_S19S_0017_Sed,387.0932457
73,Sample_S19S_0017_Sed,387.1296791
19,Sample_S19S_0017_Sed,387.1579654
10,Sample_S19S_0017_Sed,387.1659841
21,Sample_S19S_0017_Sed,387.19436
41,Sample_S19S_0017_Sed,387.2024406
28,Sample_S19S_0017_Sed,387.2388297
4,Sample_S19S_0017_Sed,388.2987452
25,Sample_S19S_0017_Sed,389.051417
14,Sample_S19S_0017_Sed,389.0724972
42,Sample_S19S_0017_Sed,389.0878118
17,Sample_S19S_0017_Sed,389.1008827
59,Sample_S19S_0017_Sed,389.1242045
21,Sample_S19S_0017_Sed,389.1372295
17,Sample_S19S_0017_Sed,389.1452618
12,Sample_S19S_0017_Sed,389.1605387
28,Sample_S19S_0017_Sed,389.1736085
23,Sample_S19S_0017_Sed,389.1816725
34,Sample_S19S_0017_Sed,389.2180886
6,Sample_S19S_0017_Sed,389.2827541
1,Sample_S19S_0017_Sed,390.2132816
11,Sample_S19S_0017_Sed,391.0307447
25,Sample_S19S_0017_Sed,391.0670531
20,Sample_S19S_0017_Sed,391.1034381
34,Sample_S19S_0017_Sed,391.1398852
21,Sample_S19S_0017_Sed,391.1528412
25,Sample_S19S_0017_Sed,391.1762035
22,Sample_S19S_0017_Sed,391.1892281
4,Sample_S19S_0017_Sed,391.1972085
8,Sample_S19S_0017_Sed,391.2256863
16,Sample_S19S_0017_Sed,392.1198706
11,Sample_S19S_0017_Sed,392.2209084
19,Sample_S19S_0017_Sed,393.0463154
54,Sample_S19S_0017_Sed,393.0827628
59,Sample_S19S_0017_Sed,393.1191285
21,Sample_S19S_0017_Sed,393.1321265
26,Sample_S19S_0017_Sed,393.1685262
21,Sample_S19S_0017_Sed,393.2049392
3,Sample_S19S_0017_Sed,393.2161336
15,Sample_S19S_0017_Sed,393.2412462
3,Sample_S19S_0017_Sed,393.2776995
6,Sample_S19S_0017_Sed,394.1273232
4,Sample_S19S_0017_Sed,394.1637274
6,Sample_S19S_0017_Sed,394.2001939
4,Sample_S19S_0017_Sed,394.2364931
26,Sample_S19S_0017_Sed,395.0619708
30,Sample_S19S_0017_Sed,395.0984243
22,Sample_S19S_0017_Sed,395.1114167
90,Sample_S19S_0017_Sed,395.1347697
26,Sample_S19S_0017_Sed,395.1477706
38,Sample_S19S_0017_Sed,395.171191
16,Sample_S19S_0017_Sed,395.2075813
20,Sample_S19S_0017_Sed,395.2205826
3,Sample_S19S_0017_Sed,395.2317962
9,Sample_S19S_0017_Sed,396.1066573
10,Sample_S19S_0017_Sed,396.1430161
7,Sample_S19S_0017_Sed,396.1875433
8,Sample_S19S_0017_Sed,396.2158367
19,Sample_S19S_0017_Sed,397.0412485
19,Sample_S19S_0017_Sed,397.0775828
50,Sample_S19S_0017_Sed,397.1140135
16,Sample_S19S_0017_Sed,397.1270557
73,Sample_S19S_0017_Sed,397.1504225
20,Sample_S19S_0017_Sed,397.1634297
24,Sample_S19S_0017_Sed,397.1867602
14,Sample_S19S_0017_Sed,397.1997808
40,Sample_S19S_0017_Sed,397.2232052
22,Sample_S19S_0017_Sed,397.2595669
7,Sample_S19S_0017_Sed,398.1222468
39,Sample_S19S_0017_Sed,398.1456531
11,Sample_S19S_0017_Sed,399.0568344
37,Sample_S19S_0017_Sed,399.0932727
50,Sample_S19S_0017_Sed,399.1296635
12,Sample_S19S_0017_Sed,399.1579458
5,Sample_S19S_0017_Sed,399.1659287
11,Sample_S19S_0017_Sed,399.1790309
1,Sample_S19S_0017_Sed,399.1966918
41,Sample_S19S_0017_Sed,399.2024375
20,Sample_S19S_0017_Sed,399.2388025
6,Sample_S19S_0017_Sed,400.1378995
28,Sample_S19S_0017_Sed,401.0514549
9,Sample_S19S_0017_Sed,401.0725084
35,Sample_S19S_0017_Sed,401.0878209
41,Sample_S19S_0017_Sed,401.1089631
62,Sample_S19S_0017_Sed,401.1453284
19,Sample_S19S_0017_Sed,401.1736033
20,Sample_S19S_0017_Sed,401.1816514
20,Sample_S19S_0017_Sed,401.2100146
32,Sample_S19S_0017_Sed,401.2180808
20,Sample_S19S_0017_Sed,401.2544603
19,Sample_S19S_0017_Sed,402.1405573
3,Sample_S19S_0017_Sed,403.0305846
1,Sample_S19S_0017_Sed,403.0528964
40,Sample_S19S_0017_Sed,403.0671122
37,Sample_S19S_0017_Sed,403.0881974
41,Sample_S19S_0017_Sed,403.1034476
14,Sample_S19S_0017_Sed,403.1164656
11,Sample_S19S_0017_Sed,403.1245163
55,Sample_S19S_0017_Sed,403.1398463
22,Sample_S19S_0017_Sed,403.1529106
25,Sample_S19S_0017_Sed,403.1609357
40,Sample_S19S_0017_Sed,403.1973716
15,Sample_S19S_0017_Sed,403.2256482
13,Sample_S19S_0017_Sed,403.2336971
25,Sample_S19S_0017_Sed,404.1926065
1,Sample_S19S_0017_Sed,404.2937097
32,Sample_S19S_0017_Sed,405.0463718
25,Sample_S19S_0017_Sed,405.0827082
1,Sample_S19S_0017_Sed,405.1083568
16,Sample_S19S_0017_Sed,405.1190623
25,Sample_S19S_0017_Sed,405.1321292
35,Sample_S19S_0017_Sed,405.1555362
26,Sample_S19S_0017_Sed,405.1685606
13,Sample_S19S_0017_Sed,405.1765627
17,Sample_S19S_0017_Sed,405.2048711
2,Sample_S19S_0017_Sed,405.2128312
11,Sample_S19S_0017_Sed,405.2412525
8,Sample_S19S_0017_Sed,406.2364932
3,Sample_S19S_0017_Sed,406.3092961
9,Sample_S19S_0017_Sed,407.0255705
28,Sample_S19S_0017_Sed,407.0620299
66,Sample_S19S_0017_Sed,407.0983755
12,Sample_S19S_0017_Sed,407.1113661
53,Sample_S19S_0017_Sed,407.1347505
29,Sample_S19S_0017_Sed,407.1477958
3,Sample_S19S_0017_Sed,407.1712237
20,Sample_S19S_0017_Sed,407.2205546
10,Sample_S19S_0017_Sed,407.2568891
14,Sample_S19S_0017_Sed,408.2158005
12,Sample_S19S_0017_Sed,409.0412228
13,Sample_S19S_0017_Sed,409.07757
67,Sample_S19S_0017_Sed,409.1140221
21,Sample_S19S_0017_Sed,409.1270356
78,Sample_S19S_0017_Sed,409.1504235
15,Sample_S19S_0017_Sed,409.1633923
16,Sample_S19S_0017_Sed,409.1867344
10,Sample_S19S_0017_Sed,409.1997594
3,Sample_S19S_0017_Sed,409.2110293
44,Sample_S19S_0017_Sed,409.2231724
8,Sample_S19S_0017_Sed,410.1092388
11,Sample_S19S_0017_Sed,411.0568579
51,Sample_S19S_0017_Sed,411.0933142
60,Sample_S19S_0017_Sed,411.1296933
29,Sample_S19S_0017_Sed,411.1426758
1,Sample_S19S_0017_Sed,411.1603771
40,Sample_S19S_0017_Sed,411.1660419
21,Sample_S19S_0017_Sed,411.1790746
6,Sample_S19S_0017_Sed,411.2022993
17,Sample_S19S_0017_Sed,411.2154903
5,Sample_S19S_0017_Sed,411.2235497
31,Sample_S19S_0017_Sed,411.2388467
27,Sample_S19S_0017_Sed,412.1249118
6,Sample_S19S_0017_Sed,412.137911
42,Sample_S19S_0017_Sed,412.1977027
1,Sample_S19S_0017_Sed,413.0372367
2,Sample_S19S_0017_Sed,413.072442
15,Sample_S19S_0017_Sed,413.1008794
56,Sample_S19S_0017_Sed,413.1089345
8,Sample_S19S_0017_Sed,413.1372735
23,Sample_S19S_0017_Sed,413.1452768
10,Sample_S19S_0017_Sed,413.1583079
8,Sample_S19S_0017_Sed,413.1816156
6,Sample_S19S_0017_Sed,413.1946295
21,Sample_S19S_0017_Sed,413.2180661
26,Sample_S19S_0017_Sed,413.2544798
8,Sample_S19S_0017_Sed,414.1171605
3,Sample_S19S_0017_Sed,415.0340778
1,Sample_S19S_0017_Sed,415.0671726
33,Sample_S19S_0017_Sed,415.0881916
11,Sample_S19S_0017_Sed,415.1164835
22,Sample_S19S_0017_Sed,415.1245406
9,Sample_S19S_0017_Sed,415.1529316
50,Sample_S19S_0017_Sed,415.1609859
36,Sample_S19S_0017_Sed,415.1973464
12,Sample_S19S_0017_Sed,415.2256541
15,Sample_S19S_0017_Sed,415.2336924
21,Sample_S19S_0017_Sed,415.2701205
13,Sample_S19S_0017_Sed,416.1925804
17,Sample_S19S_0017_Sed,417.0463346
9,Sample_S19S_0017_Sed,417.0674105
14,Sample_S19S_0017_Sed,417.0826722
16,Sample_S19S_0017_Sed,417.1037889
49,Sample_S19S_0017_Sed,417.1191101
26,Sample_S19S_0017_Sed,417.1321667
33,Sample_S19S_0017_Sed,417.1402188
39,Sample_S19S_0017_Sed,417.1555165
27,Sample_S19S_0017_Sed,417.1685514
20,Sample_S19S_0017_Sed,417.1765666
13,Sample_S19S_0017_Sed,417.2048604
8,Sample_S19S_0017_Sed,417.2128787
11,Sample_S19S_0017_Sed,417.2493486
10,Sample_S19S_0017_Sed,419.0256123
18,Sample_S19S_0017_Sed,419.0619721
4,Sample_S19S_0017_Sed,419.0982983
3,Sample_S19S_0017_Sed,419.1113471
64,Sample_S19S_0017_Sed,419.1347745
19,Sample_S19S_0017_Sed,419.1478319
18,Sample_S19S_0017_Sed,419.1558387
26,Sample_S19S_0017_Sed,419.1711927
27,Sample_S19S_0017_Sed,419.1842051
5,Sample_S19S_0017_Sed,419.1921608
16,Sample_S19S_0017_Sed,419.2205119
7,Sample_S19S_0017_Sed,419.2285513
4,Sample_S19S_0017_Sed,420.2521315
4,Sample_S19S_0017_Sed,420.2885838
23,Sample_S19S_0017_Sed,421.0412704
6,Sample_S19S_0017_Sed,421.0777047
63,Sample_S19S_0017_Sed,421.1140346
16,Sample_S19S_0017_Sed,421.1270174
54,Sample_S19S_0017_Sed,421.1504292
1,Sample_S19S_0017_Sed,421.1552081
28,Sample_S19S_0017_Sed,421.1634511
7,Sample_S19S_0017_Sed,421.1868654
3,Sample_S19S_0017_Sed,421.2265386
11,Sample_S19S_0017_Sed,421.2362004
12,Sample_S19S_0017_Sed,422.2031632
33,Sample_S19S_0017_Sed,423.0569089
20,Sample_S19S_0017_Sed,423.093231
77,Sample_S19S_0017_Sed,423.1296813
16,Sample_S19S_0017_Sed,423.1426961
15,Sample_S19S_0017_Sed,423.1661225
29,Sample_S19S_0017_Sed,423.179095
48,Sample_S19S_0017_Sed,423.2024382
20,Sample_S19S_0017_Sed,423.2154249
4,Sample_S19S_0017_Sed,423.2387546
2,Sample_S19S_0017_Sed,423.2517315
4,Sample_S19S_0017_Sed,424.1378327
5,Sample_S19S_0017_Sed,425.0724714
33,Sample_S19S_0017_Sed,425.1089252
4,Sample_S19S_0017_Sed,425.1218239
7,Sample_S19S_0017_Sed,425.1453873
22,Sample_S19S_0017_Sed,425.1583275
44,Sample_S19S_0017_Sed,425.1816982
19,Sample_S19S_0017_Sed,425.1947046
2,Sample_S19S_0017_Sed,425.2178813
17,Sample_S19S_0017_Sed,425.2311014
28,Sample_S19S_0017_Sed,425.2544996
9,Sample_S19S_0017_Sed,426.153527
6,Sample_S19S_0017_Sed,427.0518808
21,Sample_S19S_0017_Sed,427.088175
9,Sample_S19S_0017_Sed,427.1165345
63,Sample_S19S_0017_Sed,427.1245871
2,Sample_S19S_0017_Sed,427.1610597
32,Sample_S19S_0017_Sed,427.1973395
19,Sample_S19S_0017_Sed,427.2103578
29,Sample_S19S_0017_Sed,427.2337286
19,Sample_S19S_0017_Sed,427.2701368
22,Sample_S19S_0017_Sed,428.1562791
10,Sample_S19S_0017_Sed,428.1925676
11,Sample_S19S_0017_Sed,429.0463286
19,Sample_S19S_0017_Sed,429.067488
2,Sample_S19S_0017_Sed,429.1039457
55,Sample_S19S_0017_Sed,429.1402424
25,Sample_S19S_0017_Sed,429.1765924
31,Sample_S19S_0017_Sed,429.2129876
27,Sample_S19S_0017_Sed,429.2494299
2,Sample_S19S_0017_Sed,429.2857157
21,Sample_S19S_0017_Sed,430.2083192
26,Sample_S19S_0017_Sed,431.0620177
24,Sample_S19S_0017_Sed,431.083125
45,Sample_S19S_0017_Sed,431.098388
19,Sample_S19S_0017_Sed,431.1194411
14,Sample_S19S_0017_Sed,431.1347291
24,Sample_S19S_0017_Sed,431.1477957
18,Sample_S19S_0017_Sed,431.1558407
24,Sample_S19S_0017_Sed,431.1922364
7,Sample_S19S_0017_Sed,431.2206124
22,Sample_S19S_0017_Sed,431.2286229
5,Sample_S19S_0017_Sed,431.264934
10,Sample_S19S_0017_Sed,432.1876103
17,Sample_S19S_0017_Sed,433.0412948
36,Sample_S19S_0017_Sed,433.077665
7,Sample_S19S_0017_Sed,433.1269982
2,Sample_S19S_0017_Sed,433.13501
24,Sample_S19S_0017_Sed,433.1634586
19,Sample_S19S_0017_Sed,433.1714809
5,Sample_S19S_0017_Sed,433.1998888
2,Sample_S19S_0017_Sed,433.2208714
10,Sample_S19S_0017_Sed,433.2361951
8,Sample_S19S_0017_Sed,434.2677929
19,Sample_S19S_0017_Sed,435.0569041
51,Sample_S19S_0017_Sed,435.093324
9,Sample_S19S_0017_Sed,435.1062764
17,Sample_S19S_0017_Sed,435.1296329
9,Sample_S19S_0017_Sed,435.1426364
2,Sample_S19S_0017_Sed,435.160379
12,Sample_S19S_0017_Sed,435.1659973
30,Sample_S19S_0017_Sed,435.1790631
14,Sample_S19S_0017_Sed,435.2155119
15,Sample_S19S_0017_Sed,435.25188
6,Sample_S19S_0017_Sed,436.1742724
14,Sample_S19S_0017_Sed,437.0361523
8,Sample_S19S_0017_Sed,437.072483
18,Sample_S19S_0017_Sed,437.1088959
4,Sample_S19S_0017_Sed,437.1219003
43,Sample_S19S_0017_Sed,437.1453651
24,Sample_S19S_0017_Sed,437.158378
44,Sample_S19S_0017_Sed,437.1817485
24,Sample_S19S_0017_Sed,437.1946984
8,Sample_S19S_0017_Sed,437.2180272
13,Sample_S19S_0017_Sed,437.2310601
6,Sample_S19S_0017_Sed,438.1170668
11,Sample_S19S_0017_Sed,438.1900158
46,Sample_S19S_0017_Sed,439.0882098
59,Sample_S19S_0017_Sed,439.1246064
8,Sample_S19S_0017_Sed,439.1375419
23,Sample_S19S_0017_Sed,439.1609425
17,Sample_S19S_0017_Sed,439.1973056
6,Sample_S19S_0017_Sed,439.2103099
3,Sample_S19S_0017_Sed,439.246834
8,Sample_S19S_0017_Sed,440.1692728
16,Sample_S19S_0017_Sed,441.0674409
18,Sample_S19S_0017_Sed,441.1039049
41,Sample_S19S_0017_Sed,441.1402285
10,Sample_S19S_0017_Sed,441.168514
21,Sample_S19S_0017_Sed,441.1765589
15,Sample_S19S_0017_Sed,441.2129575
8,Sample_S19S_0017_Sed,441.2494531
14,Sample_S19S_0017_Sed,441.2858146
7,Sample_S19S_0017_Sed,442.1484515
18,Sample_S19S_0017_Sed,443.0830557
15,Sample_S19S_0017_Sed,443.0984287
10,Sample_S19S_0017_Sed,443.1114516
4,Sample_S19S_0017_Sed,443.1478565
48,Sample_S19S_0017_Sed,443.1558944
22,Sample_S19S_0017_Sed,443.1841796
18,Sample_S19S_0017_Sed,443.1922057
12,Sample_S19S_0017_Sed,443.2205255
8,Sample_S19S_0017_Sed,443.2285235
22,Sample_S19S_0017_Sed,443.2650816
12,Sample_S19S_0017_Sed,445.0412697
19,Sample_S19S_0017_Sed,445.0776178
5,Sample_S19S_0017_Sed,445.0986624
10,Sample_S19S_0017_Sed,445.127011
23,Sample_S19S_0017_Sed,445.1634705
43,Sample_S19S_0017_Sed,445.1715289
38,Sample_S19S_0017_Sed,445.2079177
23,Sample_S19S_0017_Sed,445.2442897
11,Sample_S19S_0017_Sed,446.2031197
3,Sample_S19S_0017_Sed,447.056785
7,Sample_S19S_0017_Sed,447.09323
52,Sample_S19S_0017_Sed,447.1297048
21,Sample_S19S_0017_Sed,447.1427418
4,Sample_S19S_0017_Sed,447.1507185
51,Sample_S19S_0017_Sed,447.1660641
25,Sample_S19S_0017_Sed,447.179104
1,Sample_S19S_0017_Sed,447.1869913
9,Sample_S19S_0017_Sed,447.2154152
5,Sample_S19S_0017_Sed,447.2234126
11,Sample_S19S_0017_Sed,447.2518394
2,Sample_S19S_0017_Sed,449.0360637
9,Sample_S19S_0017_Sed,449.0724952
53,Sample_S19S_0017_Sed,449.1089599
19,Sample_S19S_0017_Sed,449.1219859
60,Sample_S19S_0017_Sed,449.1453221
30,Sample_S19S_0017_Sed,449.1583358
1,Sample_S19S_0017_Sed,449.1735875
14,Sample_S19S_0017_Sed,449.1816462
8,Sample_S19S_0017_Sed,449.1946593
15,Sample_S19S_0017_Sed,449.2310912
9,Sample_S19S_0017_Sed,449.267553
5,Sample_S19S_0017_Sed,450.1898917
4,Sample_S19S_0017_Sed,451.0517204
18,Sample_S19S_0017_Sed,451.0881744
38,Sample_S19S_0017_Sed,451.124616
22,Sample_S19S_0017_Sed,451.1376081
22,Sample_S19S_0017_Sed,451.1609528
18,Sample_S19S_0017_Sed,451.1739524
3,Sample_S19S_0017_Sed,451.1916101
5,Sample_S19S_0017_Sed,451.1972791
7,Sample_S19S_0017_Sed,451.2103087
9,Sample_S19S_0017_Sed,451.2336787
13,Sample_S19S_0017_Sed,451.2467303
13,Sample_S19S_0017_Sed,452.1328651
20,Sample_S19S_0017_Sed,452.1692639
9,Sample_S19S_0017_Sed,453.0673983
6,Sample_S19S_0017_Sed,453.1037558
27,Sample_S19S_0017_Sed,453.140211
17,Sample_S19S_0017_Sed,453.1532352
54,Sample_S19S_0017_Sed,453.1766436
24,Sample_S19S_0017_Sed,453.1896338
12,Sample_S19S_0017_Sed,453.2259797
3,Sample_S19S_0017_Sed,453.2492245
7,Sample_S19S_0017_Sed,454.1484722
9,Sample_S19S_0017_Sed,454.1849077
20,Sample_S19S_0017_Sed,455.0467468
30,Sample_S19S_0017_Sed,455.0831528
7,Sample_S19S_0017_Sed,455.1558023
7,Sample_S19S_0017_Sed,455.1921775
19,Sample_S19S_0017_Sed,455.2052634
7,Sample_S19S_0017_Sed,455.2285132
13,Sample_S19S_0017_Sed,455.2416675
22,Sample_S19S_0017_Sed,455.2650512
11,Sample_S19S_0017_Sed,457.0986905
11,Sample_S19S_0017_Sed,457.1350642
29,Sample_S19S_0017_Sed,457.1715231
36,Sample_S19S_0017_Sed,457.2079257
12,Sample_S19S_0017_Sed,457.2442623
3,Sample_S19S_0017_Sed,457.280565
6,Sample_S19S_0017_Sed,459.0568713
10,Sample_S19S_0017_Sed,459.1143457
28,Sample_S19S_0017_Sed,459.142719
32,Sample_S19S_0017_Sed,459.1508169
27,Sample_S19S_0017_Sed,459.1661042
38,Sample_S19S_0017_Sed,459.1872169
11,Sample_S19S_0017_Sed,459.2155229
16,Sample_S19S_0017_Sed,459.2235091
3,Sample_S19S_0017_Sed,459.2598321
11,Sample_S19S_0017_Sed,461.0725007
4,Sample_S19S_0017_Sed,461.1088271
10,Sample_S19S_0017_Sed,461.1452647
25,Sample_S19S_0017_Sed,461.1583343
6,Sample_S19S_0017_Sed,461.1948089
14,Sample_S19S_0017_Sed,461.2027689
10,Sample_S19S_0017_Sed,461.2391228
2,Sample_S19S_0017_Sed,461.2674378
6,Sample_S19S_0017_Sed,463.124491
3,Sample_S19S_0017_Sed,463.1608564
8,Sample_S19S_0017_Sed,463.1739081
28,Sample_S19S_0017_Sed,463.210366
3,Sample_S19S_0017_Sed,463.2183038
19,Sample_S19S_0017_Sed,463.2467901
28,Sample_S19S_0017_Sed,465.1896305
9,Sample_S19S_0017_Sed,465.2259434
23,Sample_S19S_0017_Sed,467.0831629
19,Sample_S19S_0017_Sed,467.1558326
14,Sample_S19S_0017_Sed,467.2052403
1,Sample_S19S_0017_Sed,467.2229454
30,Sample_S19S_0017_Sed,467.2286363
18,Sample_S19S_0017_Sed,467.2416996
5,Sample_S19S_0017_Sed,468.1640569
18,Sample_S19S_0017_Sed,469.062394
11,Sample_S19S_0017_Sed,469.0986993
8,Sample_S19S_0017_Sed,469.1350525
2,Sample_S19S_0017_Sed,469.1843946
27,Sample_S19S_0017_Sed,469.2078959
30,Sample_S19S_0017_Sed,469.2442937
12,Sample_S19S_0017_Sed,469.2806636
5,Sample_S19S_0017_Sed,470.143395
16,Sample_S19S_0017_Sed,471.0780166
3,Sample_S19S_0017_Sed,471.1506882
19,Sample_S19S_0017_Sed,471.1871307
24,Sample_S19S_0017_Sed,471.2235442
6,Sample_S19S_0017_Sed,471.2598467
1,Sample_S19S_0017_Sed,471.2961918
11,Sample_S19S_0017_Sed,473.1300234
9,Sample_S19S_0017_Sed,473.1663521
11,Sample_S19S_0017_Sed,473.1946924
12,Sample_S19S_0017_Sed,473.2027392
23,Sample_S19S_0017_Sed,473.2392065
20,Sample_S19S_0017_Sed,473.2756478
49,Sample_S19S_0017_Sed,475.1245966
47,Sample_S19S_0017_Sed,475.1609843
22,Sample_S19S_0017_Sed,475.1739813
5,Sample_S19S_0017_Sed,475.2103074
1,Sample_S19S_0017_Sed,476.2499866
7,Sample_S19S_0017_Sed,477.1895617
1,Sample_S19S_0017_Sed,477.2072691
21,Sample_S19S_0017_Sed,477.2260597
13,Sample_S19S_0017_Sed,477.262427
1,Sample_S19S_0017_Sed,479.0466033
4,Sample_S19S_0017_Sed,479.0830028
21,Sample_S19S_0017_Sed,479.1194663
7,Sample_S19S_0017_Sed,479.1689644
39,Sample_S19S_0017_Sed,479.1923063
22,Sample_S19S_0017_Sed,479.2053091
17,Sample_S19S_0017_Sed,479.2416827
2,Sample_S19S_0017_Sed,480.1640335
16,Sample_S19S_0017_Sed,480.2005188
9,Sample_S19S_0017_Sed,481.0623379
28,Sample_S19S_0017_Sed,481.0987747
48,Sample_S19S_0017_Sed,481.1351677
10,Sample_S19S_0017_Sed,481.1634867
8,Sample_S19S_0017_Sed,481.2208584
6,Sample_S19S_0017_Sed,482.1797251
28,Sample_S19S_0017_Sed,483.1144642
28,Sample_S19S_0017_Sed,483.1871699
12,Sample_S19S_0017_Sed,483.2001521
7,Sample_S19S_0017_Sed,483.2234722
2,Sample_S19S_0017_Sed,483.259746
8,Sample_S19S_0017_Sed,483.2963101
30,Sample_S19S_0017_Sed,485.1664901
4,Sample_S19S_0017_Sed,485.2390821
4,Sample_S19S_0017_Sed,485.275439
28,Sample_S19S_0017_Sed,487.18211
5,Sample_S19S_0017_Sed,487.2104698
23,Sample_S19S_0017_Sed,487.2184679
20,Sample_S19S_0017_Sed,487.254845
19,Sample_S19S_0017_Sed,489.067487
14,Sample_S19S_0017_Sed,489.1402055
1,Sample_S19S_0017_Sed,489.1765226
6,Sample_S19S_0017_Sed,489.1895365
7,Sample_S19S_0017_Sed,489.2259164
17,Sample_S19S_0017_Sed,491.1689084
4,Sample_S19S_0017_Sed,491.2053832
4,Sample_S19S_0017_Sed,491.2417678
13,Sample_S19S_0017_Sed,493.098712
2,Sample_S19S_0017_Sed,493.1270629
3,Sample_S19S_0017_Sed,493.1846305
22,Sample_S19S_0017_Sed,493.2209368
8,Sample_S19S_0017_Sed,493.2572378
1,Sample_S19S_0017_Sed,493.2935422
29,Sample_S19S_0017_Sed,495.1144449
2,Sample_S19S_0017_Sed,495.1427989
33,Sample_S19S_0017_Sed,495.1507984
13,Sample_S19S_0017_Sed,495.1638346
10,Sample_S19S_0017_Sed,495.2001254
8,Sample_S19S_0017_Sed,495.2365338
1,Sample_S19S_0017_Sed,495.2541845
8,Sample_S19S_0017_Sed,496.1590337
15,Sample_S19S_0017_Sed,497.1947705
4,Sample_S19S_0017_Sed,497.2157304
1,Sample_S19S_0017_Sed,497.2754084
17,Sample_S19S_0017_Sed,498.1617513
15,Sample_S19S_0017_Sed,499.2184243
2,Sample_S19S_0017_Sed,499.2546595
2,Sample_S19S_0017_Sed,501.1037301
11,Sample_S19S_0017_Sed,501.1612956
18,Sample_S19S_0017_Sed,501.1896846
16,Sample_S19S_0017_Sed,501.2341074
18,Sample_S19S_0017_Sed,501.2705063
2,Sample_S19S_0017_Sed,502.2292793
6,Sample_S19S_0017_Sed,503.2051842
1,Sample_S19S_0017_Sed,503.2130913
5,Sample_S19S_0017_Sed,503.2415628
1,Sample_S19S_0017_Sed,505.0622503
7,Sample_S19S_0017_Sed,505.098662
11,Sample_S19S_0017_Sed,505.1846129
6,Sample_S19S_0017_Sed,505.221033
1,Sample_S19S_0017_Sed,505.2287495
13,Sample_S19S_0017_Sed,505.2573293
13,Sample_S19S_0017_Sed,507.0780238
25,Sample_S19S_0017_Sed,507.1144464
33,Sample_S19S_0017_Sed,507.1508255
17,Sample_S19S_0017_Sed,507.2001826
7,Sample_S19S_0017_Sed,507.2364864
25,Sample_S19S_0017_Sed,509.1300451
8,Sample_S19S_0017_Sed,509.2157568
5,Sample_S19S_0017_Sed,509.2391011
12,Sample_S19S_0017_Sed,509.2522003
1,Sample_S19S_0017_Sed,511.1375472
1,Sample_S19S_0017_Sed,511.1455592
9,Sample_S19S_0017_Sed,511.2183807
6,Sample_S19S_0017_Sed,511.2547768
12,Sample_S19S_0017_Sed,512.1903568
9,Sample_S19S_0017_Sed,513.1248843
3,Sample_S19S_0017_Sed,513.1612236
1,Sample_S19S_0017_Sed,513.233912
3,Sample_S19S_0017_Sed,513.2470326
6,Sample_S19S_0017_Sed,513.2704612
7,Sample_S19S_0017_Sed,513.3068739
2,Sample_S19S_0017_Sed,515.2495874
4,Sample_S19S_0017_Sed,515.2779631
8,Sample_S19S_0017_Sed,515.3225486
13,Sample_S19S_0017_Sed,517.1925985
14,Sample_S19S_0017_Sed,517.2208996
2,Sample_S19S_0017_Sed,517.2288048
4,Sample_S19S_0017_Sed,517.2572088
19,Sample_S19S_0017_Sed,519.2002386
5,Sample_S19S_0017_Sed,519.2081639
7,Sample_S19S_0017_Sed,519.2366622
8,Sample_S19S_0017_Sed,519.2730269
14,Sample_S19S_0017_Sed,521.0937324
15,Sample_S19S_0017_Sed,521.1663968
16,Sample_S19S_0017_Sed,521.1794927
1,Sample_S19S_0017_Sed,521.2157156
1,Sample_S19S_0017_Sed,523.1091901
12,Sample_S19S_0017_Sed,523.1820717
18,Sample_S19S_0017_Sed,525.1250197
24,Sample_S19S_0017_Sed,525.1614051
5,Sample_S19S_0017_Sed,525.2106012
8,Sample_S19S_0017_Sed,525.2340332
8,Sample_S19S_0017_Sed,525.2470626
19,Sample_S19S_0017_Sed,527.1769645
3,Sample_S19S_0017_Sed,527.28601
2,Sample_S19S_0017_Sed,529.2288014
2,Sample_S19S_0017_Sed,529.2652092
6,Sample_S19S_0017_Sed,529.3017656
10,Sample_S19S_0017_Sed,531.2001725
3,Sample_S19S_0017_Sed,533.0937827
2,Sample_S19S_0017_Sed,533.25209
1,Sample_S19S_0017_Sed,533.2884424
14,Sample_S19S_0017_Sed,537.2107257
20,Sample_S19S_0017_Sed,541.2290565
2,Sample_S19S_0017_Sed,541.3015887
15,Sample_S19S_0017_Sed,547.2678735
1,Sample_S19S_0017_Sed,547.3041247
2,Sample_S19S_0017_Sed,549.2106406
3,Sample_S19S_0017_Sed,549.283364
2,Sample_S19S_0017_Sed,555.2811734
1,Sample_S19S_0017_Sed,557.2968241
6,Sample_S19S_0017_Sed,559.2394801
1,Sample_S19S_0017_Sed,561.2834147
1,Sample_S19S_0017_Sed,569.2969688
3,Sample_S19S_0017_Sed,601.2863145
3,Sample_S19S_0017_Sed,605.3096659
