num.trans.involved.in,sample,peak
10,Sample_S19S_0099_Sed,241.0466195
14,Sample_S19S_0099_Sed,241.0717422
9,Sample_S19S_0099_Sed,241.0829909
13,Sample_S19S_0099_Sed,241.1081087
11,Sample_S19S_0099_Sed,241.1193918
8,Sample_S19S_0099_Sed,241.1445007
31,Sample_S19S_0099_Sed,241.1809156
9,Sample_S19S_0099_Sed,242.0670034
16,Sample_S19S_0099_Sed,242.139775
6,Sample_S19S_0099_Sed,242.1761465
35,Sample_S19S_0099_Sed,243.0510224
9,Sample_S19S_0099_Sed,243.0622684
12,Sample_S19S_0099_Sed,243.0873816
14,Sample_S19S_0099_Sed,243.0986597
9,Sample_S19S_0099_Sed,243.1237626
19,Sample_S19S_0099_Sed,243.1601665
33,Sample_S19S_0099_Sed,243.1965883
13,Sample_S19S_0099_Sed,244.0826525
9,Sample_S19S_0099_Sed,244.1302798
51,Sample_S19S_0099_Sed,245.0666847
53,Sample_S19S_0099_Sed,245.1030642
5,Sample_S19S_0099_Sed,245.1142776
27,Sample_S19S_0099_Sed,245.1394342
10,Sample_S19S_0099_Sed,246.1095509
9,Sample_S19S_0099_Sed,246.134683
56,Sample_S19S_0099_Sed,247.0823368
11,Sample_S19S_0099_Sed,247.0935696
50,Sample_S19S_0099_Sed,247.118733
18,Sample_S19S_0099_Sed,248.1139872
34,Sample_S19S_0099_Sed,249.1496147
6,Sample_S19S_0099_Sed,250.1448617
2,Sample_S19S_0099_Sed,251.0785764
63,Sample_S19S_0099_Sed,251.0925063
7,Sample_S19S_0099_Sed,251.1037616
34,Sample_S19S_0099_Sed,251.1136461
37,Sample_S19S_0099_Sed,251.1289035
55,Sample_S19S_0099_Sed,253.0717756
8,Sample_S19S_0099_Sed,253.0829986
19,Sample_S19S_0099_Sed,253.1081345
47,Sample_S19S_0099_Sed,253.1445337
34,Sample_S19S_0099_Sed,255.0510433
4,Sample_S19S_0099_Sed,255.0622462
5,Sample_S19S_0099_Sed,255.0663123
76,Sample_S19S_0099_Sed,255.0874163
25,Sample_S19S_0099_Sed,255.1237776
50,Sample_S19S_0099_Sed,255.1602018
41,Sample_S19S_0099_Sed,255.1965909
20,Sample_S19S_0099_Sed,255.2329705
20,Sample_S19S_0099_Sed,256.155475
1,Sample_S19S_0099_Sed,257.0415582
45,Sample_S19S_0099_Sed,257.0666765
7,Sample_S19S_0099_Sed,257.0779166
35,Sample_S19S_0099_Sed,257.1030521
20,Sample_S19S_0099_Sed,257.1143128
54,Sample_S19S_0099_Sed,257.1394516
37,Sample_S19S_0099_Sed,257.175834
34,Sample_S19S_0099_Sed,257.2122374
18,Sample_S19S_0099_Sed,258.0983343
18,Sample_S19S_0099_Sed,258.1347123
17,Sample_S19S_0099_Sed,258.145966
56,Sample_S19S_0099_Sed,259.0823405
53,Sample_S19S_0099_Sed,259.1187072
20,Sample_S19S_0099_Sed,259.1299532
52,Sample_S19S_0099_Sed,259.1551113
17,Sample_S19S_0099_Sed,260.1503532
32,Sample_S19S_0099_Sed,261.061588
53,Sample_S19S_0099_Sed,261.0980071
5,Sample_S19S_0099_Sed,261.1244971
54,Sample_S19S_0099_Sed,261.1343647
15,Sample_S19S_0099_Sed,263.0924815
30,Sample_S19S_0099_Sed,263.128908
6,Sample_S19S_0099_Sed,263.1401424
34,Sample_S19S_0099_Sed,263.1652771
1,Sample_S19S_0099_Sed,264.0473979
4,Sample_S19S_0099_Sed,265.0578564
30,Sample_S19S_0099_Sed,265.0717855
4,Sample_S19S_0099_Sed,265.1194378
1,Sample_S19S_0099_Sed,265.1479151
8,Sample_S19S_0099_Sed,265.1575521
16,Sample_S19S_0099_Sed,265.1809039
4,Sample_S19S_0099_Sed,266.089493
11,Sample_S19S_0099_Sed,266.1246093
6,Sample_S19S_0099_Sed,267.0735078
53,Sample_S19S_0099_Sed,267.0874299
67,Sample_S19S_0099_Sed,267.123805
43,Sample_S19S_0099_Sed,267.1601848
40,Sample_S19S_0099_Sed,267.1965985
52,Sample_S19S_0099_Sed,269.0666802
61,Sample_S19S_0099_Sed,269.1030627
58,Sample_S19S_0099_Sed,269.1394657
50,Sample_S19S_0099_Sed,269.1758579
37,Sample_S19S_0099_Sed,269.2122378
13,Sample_S19S_0099_Sed,270.2074858
45,Sample_S19S_0099_Sed,271.0823212
71,Sample_S19S_0099_Sed,271.118718
50,Sample_S19S_0099_Sed,271.1551343
47,Sample_S19S_0099_Sed,271.1914941
30,Sample_S19S_0099_Sed,271.227892
19,Sample_S19S_0099_Sed,272.1504094
32,Sample_S19S_0099_Sed,273.061591
60,Sample_S19S_0099_Sed,273.0979879
52,Sample_S19S_0099_Sed,273.1343844
53,Sample_S19S_0099_Sed,273.1707658
41,Sample_S19S_0099_Sed,273.2071526
14,Sample_S19S_0099_Sed,274.0932637
18,Sample_S19S_0099_Sed,274.1408667
47,Sample_S19S_0099_Sed,275.0772487
55,Sample_S19S_0099_Sed,275.1136274
50,Sample_S19S_0099_Sed,275.1500444
18,Sample_S19S_0099_Sed,276.108923
36,Sample_S19S_0099_Sed,277.0929294
47,Sample_S19S_0099_Sed,277.1081544
6,Sample_S19S_0099_Sed,277.1194289
47,Sample_S19S_0099_Sed,277.1293085
45,Sample_S19S_0099_Sed,277.1445377
4,Sample_S19S_0099_Sed,277.1558147
1,Sample_S19S_0099_Sed,278.0630512
6,Sample_S19S_0099_Sed,278.1146622
29,Sample_S19S_0099_Sed,279.0874539
10,Sample_S19S_0099_Sed,279.0986672
38,Sample_S19S_0099_Sed,279.1238221
3,Sample_S19S_0099_Sed,279.135075
15,Sample_S19S_0099_Sed,279.1449966
47,Sample_S19S_0099_Sed,279.160186
1,Sample_S19S_0099_Sed,280.068733
15,Sample_S19S_0099_Sed,280.1038615
1,Sample_S19S_0099_Sed,281.0528323
46,Sample_S19S_0099_Sed,281.0666829
27,Sample_S19S_0099_Sed,281.1030502
60,Sample_S19S_0099_Sed,281.1394597
39,Sample_S19S_0099_Sed,281.1758716
3,Sample_S19S_0099_Sed,282.0844159
32,Sample_S19S_0099_Sed,283.0459554
1,Sample_S19S_0099_Sed,283.0684737
27,Sample_S19S_0099_Sed,283.0823169
80,Sample_S19S_0099_Sed,283.118715
2,Sample_S19S_0099_Sed,283.1373752
51,Sample_S19S_0099_Sed,283.1551309
28,Sample_S19S_0099_Sed,283.1915306
18,Sample_S19S_0099_Sed,283.2279218
5,Sample_S19S_0099_Sed,283.2642602
14,Sample_S19S_0099_Sed,284.1616007
27,Sample_S19S_0099_Sed,285.0616357
20,Sample_S19S_0099_Sed,285.0980306
5,Sample_S19S_0099_Sed,285.1166168
7,Sample_S19S_0099_Sed,285.1262347
57,Sample_S19S_0099_Sed,285.1343948
52,Sample_S19S_0099_Sed,285.17075
10,Sample_S19S_0099_Sed,285.2071124
17,Sample_S19S_0099_Sed,286.1660572
17,Sample_S19S_0099_Sed,286.1772587
46,Sample_S19S_0099_Sed,287.0772537
62,Sample_S19S_0099_Sed,287.1136282
18,Sample_S19S_0099_Sed,287.1248864
62,Sample_S19S_0099_Sed,287.150015
51,Sample_S19S_0099_Sed,287.1864124
24,Sample_S19S_0099_Sed,287.2228145
25,Sample_S19S_0099_Sed,288.1089115
7,Sample_S19S_0099_Sed,288.1565445
47,Sample_S19S_0099_Sed,289.0929075
58,Sample_S19S_0099_Sed,289.1292776
51,Sample_S19S_0099_Sed,289.1656738
8,Sample_S19S_0099_Sed,290.0882083
20,Sample_S19S_0099_Sed,290.1245994
32,Sample_S19S_0099_Sed,291.0874132
45,Sample_S19S_0099_Sed,291.1085682
36,Sample_S19S_0099_Sed,291.1237966
39,Sample_S19S_0099_Sed,291.1601932
32,Sample_S19S_0099_Sed,291.1965973
17,Sample_S19S_0099_Sed,292.1038307
7,Sample_S19S_0099_Sed,292.2129776
20,Sample_S19S_0099_Sed,293.0667099
53,Sample_S19S_0099_Sed,293.1030793
8,Sample_S19S_0099_Sed,293.1143295
36,Sample_S19S_0099_Sed,293.1242316
56,Sample_S19S_0099_Sed,293.1394564
4,Sample_S19S_0099_Sed,293.1507244
10,Sample_S19S_0099_Sed,293.1757942
3,Sample_S19S_0099_Sed,293.179192
35,Sample_S19S_0099_Sed,293.2122379
60,Sample_S19S_0099_Sed,295.0823376
71,Sample_S19S_0099_Sed,295.1187213
3,Sample_S19S_0099_Sed,295.137392
28,Sample_S19S_0099_Sed,295.1398774
59,Sample_S19S_0099_Sed,295.1550986
45,Sample_S19S_0099_Sed,295.1914926
34,Sample_S19S_0099_Sed,295.227888
21,Sample_S19S_0099_Sed,297.0616262
36,Sample_S19S_0099_Sed,297.0980154
38,Sample_S19S_0099_Sed,297.1344063
4,Sample_S19S_0099_Sed,297.1529844
31,Sample_S19S_0099_Sed,297.1707937
3,Sample_S19S_0099_Sed,297.1860581
19,Sample_S19S_0099_Sed,297.2071894
22,Sample_S19S_0099_Sed,297.2435585
13,Sample_S19S_0099_Sed,298.177245
38,Sample_S19S_0099_Sed,299.0772616
68,Sample_S19S_0099_Sed,299.1136455
71,Sample_S19S_0099_Sed,299.1500243
47,Sample_S19S_0099_Sed,299.1864335
23,Sample_S19S_0099_Sed,299.2228305
4,Sample_S19S_0099_Sed,300.1201703
23,Sample_S19S_0099_Sed,300.1453117
10,Sample_S19S_0099_Sed,300.156554
25,Sample_S19S_0099_Sed,300.1816868
5,Sample_S19S_0099_Sed,300.1929428
21,Sample_S19S_0099_Sed,301.0565488
45,Sample_S19S_0099_Sed,301.092932
54,Sample_S19S_0099_Sed,301.129318
10,Sample_S19S_0099_Sed,301.1517547
61,Sample_S19S_0099_Sed,301.1656955
50,Sample_S19S_0099_Sed,301.202066
22,Sample_S19S_0099_Sed,302.1245742
18,Sample_S19S_0099_Sed,302.1357844
21,Sample_S19S_0099_Sed,302.1609828
17,Sample_S19S_0099_Sed,302.1721713
55,Sample_S19S_0099_Sed,303.1085414
61,Sample_S19S_0099_Sed,303.1449308
46,Sample_S19S_0099_Sed,303.1813306
25,Sample_S19S_0099_Sed,303.2177327
1,Sample_S19S_0099_Sed,304.0535752
22,Sample_S19S_0099_Sed,304.1038383
22,Sample_S19S_0099_Sed,304.1402446
5,Sample_S19S_0099_Sed,304.1766628
28,Sample_S19S_0099_Sed,305.0666877
30,Sample_S19S_0099_Sed,305.087829
31,Sample_S19S_0099_Sed,305.1242388
34,Sample_S19S_0099_Sed,305.1758605
13,Sample_S19S_0099_Sed,306.1195211
4,Sample_S19S_0099_Sed,306.192305
22,Sample_S19S_0099_Sed,307.0823737
30,Sample_S19S_0099_Sed,307.1187572
39,Sample_S19S_0099_Sed,307.1551342
5,Sample_S19S_0099_Sed,307.1585022
36,Sample_S19S_0099_Sed,307.1915179
5,Sample_S19S_0099_Sed,307.194883
8,Sample_S19S_0099_Sed,308.098784
2,Sample_S19S_0099_Sed,308.2079497
34,Sample_S19S_0099_Sed,309.0616036
5,Sample_S19S_0099_Sed,309.1013433
4,Sample_S19S_0099_Sed,309.1092661
62,Sample_S19S_0099_Sed,309.1343649
3,Sample_S19S_0099_Sed,309.1530159
55,Sample_S19S_0099_Sed,309.1707647
3,Sample_S19S_0099_Sed,309.1741269
27,Sample_S19S_0099_Sed,309.2071806
7,Sample_S19S_0099_Sed,310.1144501
15,Sample_S19S_0099_Sed,310.1508222
33,Sample_S19S_0099_Sed,311.0772659
82,Sample_S19S_0099_Sed,311.1136352
74,Sample_S19S_0099_Sed,311.1500195
52,Sample_S19S_0099_Sed,311.186419
22,Sample_S19S_0099_Sed,311.2228309
20,Sample_S19S_0099_Sed,313.0565398
39,Sample_S19S_0099_Sed,313.0929245
57,Sample_S19S_0099_Sed,313.1293014
60,Sample_S19S_0099_Sed,313.1656688
3,Sample_S19S_0099_Sed,313.1729347
43,Sample_S19S_0099_Sed,313.2020808
28,Sample_S19S_0099_Sed,313.2384778
34,Sample_S19S_0099_Sed,314.1245573
29,Sample_S19S_0099_Sed,314.1609464
17,Sample_S19S_0099_Sed,314.1721852
13,Sample_S19S_0099_Sed,314.1973467
3,Sample_S19S_0099_Sed,314.2085828
26,Sample_S19S_0099_Sed,315.0721791
50,Sample_S19S_0099_Sed,315.1085755
19,Sample_S19S_0099_Sed,315.1198013
65,Sample_S19S_0099_Sed,315.1449559
15,Sample_S19S_0099_Sed,315.1674271
53,Sample_S19S_0099_Sed,315.1813307
45,Sample_S19S_0099_Sed,315.217727
16,Sample_S19S_0099_Sed,315.2541325
30,Sample_S19S_0099_Sed,316.1402237
19,Sample_S19S_0099_Sed,316.1514197
15,Sample_S19S_0099_Sed,316.1878305
54,Sample_S19S_0099_Sed,317.124227
32,Sample_S19S_0099_Sed,317.1394552
61,Sample_S19S_0099_Sed,317.1606071
45,Sample_S19S_0099_Sed,317.1969836
15,Sample_S19S_0099_Sed,317.2122753
2,Sample_S19S_0099_Sed,317.2446454
19,Sample_S19S_0099_Sed,318.1194966
31,Sample_S19S_0099_Sed,318.1558543
13,Sample_S19S_0099_Sed,318.2286611
1,Sample_S19S_0099_Sed,319.0644839
30,Sample_S19S_0099_Sed,319.103481
40,Sample_S19S_0099_Sed,319.1187158
50,Sample_S19S_0099_Sed,319.139868
35,Sample_S19S_0099_Sed,319.1551015
48,Sample_S19S_0099_Sed,319.1762558
11,Sample_S19S_0099_Sed,320.0987676
30,Sample_S19S_0099_Sed,320.1351354
20,Sample_S19S_0099_Sed,320.1715427
4,Sample_S19S_0099_Sed,320.2442999
19,Sample_S19S_0099_Sed,321.0616406
20,Sample_S19S_0099_Sed,321.0980285
39,Sample_S19S_0099_Sed,321.1343949
36,Sample_S19S_0099_Sed,321.1707672
7,Sample_S19S_0099_Sed,321.2105248
14,Sample_S19S_0099_Sed,322.1144282
2,Sample_S19S_0099_Sed,322.1508517
4,Sample_S19S_0099_Sed,322.1872255
43,Sample_S19S_0099_Sed,323.0772527
3,Sample_S19S_0099_Sed,323.1096996
28,Sample_S19S_0099_Sed,323.1136726
5,Sample_S19S_0099_Sed,323.1170088
54,Sample_S19S_0099_Sed,323.1864241
20,Sample_S19S_0099_Sed,323.2228388
13,Sample_S19S_0099_Sed,324.1300834
16,Sample_S19S_0099_Sed,324.1664479
10,Sample_S19S_0099_Sed,324.2028461
52,Sample_S19S_0099_Sed,325.0928926
54,Sample_S19S_0099_Sed,325.1292996
49,Sample_S19S_0099_Sed,325.1657004
1,Sample_S19S_0099_Sed,325.1842438
59,Sample_S19S_0099_Sed,325.2020573
12,Sample_S19S_0099_Sed,326.2085635
23,Sample_S19S_0099_Sed,327.0722018
44,Sample_S19S_0099_Sed,327.1085831
63,Sample_S19S_0099_Sed,327.1449492
3,Sample_S19S_0099_Sed,327.1636073
1,Sample_S19S_0099_Sed,327.1801504
12,Sample_S19S_0099_Sed,327.2177565
23,Sample_S19S_0099_Sed,328.140231
22,Sample_S19S_0099_Sed,328.1514425
16,Sample_S19S_0099_Sed,328.1766323
6,Sample_S19S_0099_Sed,328.1878731
9,Sample_S19S_0099_Sed,329.0514722
51,Sample_S19S_0099_Sed,329.0878075
53,Sample_S19S_0099_Sed,329.1242163
1,Sample_S19S_0099_Sed,329.152419
18,Sample_S19S_0099_Sed,329.1758446
11,Sample_S19S_0099_Sed,329.1830341
50,Sample_S19S_0099_Sed,329.1969687
31,Sample_S19S_0099_Sed,329.2333488
20,Sample_S19S_0099_Sed,330.1670892
16,Sample_S19S_0099_Sed,330.192266
12,Sample_S19S_0099_Sed,330.2034832
36,Sample_S19S_0099_Sed,331.1034998
20,Sample_S19S_0099_Sed,331.1399002
60,Sample_S19S_0099_Sed,331.1762541
10,Sample_S19S_0099_Sed,331.1915481
11,Sample_S19S_0099_Sed,331.2126721
1,Sample_S19S_0099_Sed,331.2239268
3,Sample_S19S_0099_Sed,331.2490738
18,Sample_S19S_0099_Sed,332.0987468
4,Sample_S19S_0099_Sed,332.1252263
24,Sample_S19S_0099_Sed,332.1351167
36,Sample_S19S_0099_Sed,332.171516
11,Sample_S19S_0099_Sed,333.1191757
17,Sample_S19S_0099_Sed,333.1344131
21,Sample_S19S_0099_Sed,333.1707943
48,Sample_S19S_0099_Sed,333.1919042
23,Sample_S19S_0099_Sed,333.2071238
3,Sample_S19S_0099_Sed,333.2395661
7,Sample_S19S_0099_Sed,334.0780188
15,Sample_S19S_0099_Sed,334.1144217
8,Sample_S19S_0099_Sed,334.1508295
4,Sample_S19S_0099_Sed,334.2235949
38,Sample_S19S_0099_Sed,335.150042
24,Sample_S19S_0099_Sed,335.2227808
13,Sample_S19S_0099_Sed,335.2358032
5,Sample_S19S_0099_Sed,336.0937181
6,Sample_S19S_0099_Sed,336.1301036
18,Sample_S19S_0099_Sed,336.1664659
13,Sample_S19S_0099_Sed,337.0695448
65,Sample_S19S_0099_Sed,337.1292866
29,Sample_S19S_0099_Sed,337.1504428
9,Sample_S19S_0099_Sed,337.1616901
45,Sample_S19S_0099_Sed,337.1656867
6,Sample_S19S_0099_Sed,337.2021218
31,Sample_S19S_0099_Sed,337.238454
7,Sample_S19S_0099_Sed,338.1093609
15,Sample_S19S_0099_Sed,338.1456998
5,Sample_S19S_0099_Sed,338.1488116
12,Sample_S19S_0099_Sed,338.182098
65,Sample_S19S_0099_Sed,339.1085453
23,Sample_S19S_0099_Sed,339.1449816
14,Sample_S19S_0099_Sed,339.1660725
46,Sample_S19S_0099_Sed,339.1813533
5,Sample_S19S_0099_Sed,339.1999929
34,Sample_S19S_0099_Sed,339.2177427
8,Sample_S19S_0099_Sed,340.1613194
7,Sample_S19S_0099_Sed,340.2241932
52,Sample_S19S_0099_Sed,341.0878109
22,Sample_S19S_0099_Sed,341.100854
21,Sample_S19S_0099_Sed,341.12425
52,Sample_S19S_0099_Sed,341.1606173
11,Sample_S19S_0099_Sed,341.1831094
56,Sample_S19S_0099_Sed,341.1969848
8,Sample_S19S_0099_Sed,341.2334189
12,Sample_S19S_0099_Sed,341.2697302
4,Sample_S19S_0099_Sed,342.0960955
6,Sample_S19S_0099_Sed,342.1405819
15,Sample_S19S_0099_Sed,342.1670651
21,Sample_S19S_0099_Sed,343.067113
63,Sample_S19S_0099_Sed,343.1034685
13,Sample_S19S_0099_Sed,343.1399075
52,Sample_S19S_0099_Sed,343.1762631
3,Sample_S19S_0099_Sed,343.1987828
43,Sample_S19S_0099_Sed,343.2126496
22,Sample_S19S_0099_Sed,343.2490426
3,Sample_S19S_0099_Sed,344.1350437
24,Sample_S19S_0099_Sed,344.1715382
12,Sample_S19S_0099_Sed,344.1827031
6,Sample_S19S_0099_Sed,344.1997897
11,Sample_S19S_0099_Sed,344.2191371
7,Sample_S19S_0099_Sed,344.2442459
46,Sample_S19S_0099_Sed,345.1191373
35,Sample_S19S_0099_Sed,345.1555412
13,Sample_S19S_0099_Sed,345.170772
16,Sample_S19S_0099_Sed,345.177989
10,Sample_S19S_0099_Sed,345.1919508
35,Sample_S19S_0099_Sed,345.2282779
29,Sample_S19S_0099_Sed,346.1507606
7,Sample_S19S_0099_Sed,346.1619628
23,Sample_S19S_0099_Sed,346.1871921
6,Sample_S19S_0099_Sed,346.2154294
16,Sample_S19S_0099_Sed,347.0903002
38,Sample_S19S_0099_Sed,347.0983726
25,Sample_S19S_0099_Sed,347.1348045
36,Sample_S19S_0099_Sed,347.1500262
40,Sample_S19S_0099_Sed,347.1711801
5,Sample_S19S_0099_Sed,347.1864695
19,Sample_S19S_0099_Sed,348.1300774
27,Sample_S19S_0099_Sed,348.1664038
16,Sample_S19S_0099_Sed,348.2028318
8,Sample_S19S_0099_Sed,348.231087
18,Sample_S19S_0099_Sed,349.1059291
34,Sample_S19S_0099_Sed,349.129303
17,Sample_S19S_0099_Sed,349.1504562
12,Sample_S19S_0099_Sed,349.2021049
22,Sample_S19S_0099_Sed,350.1457077
16,Sample_S19S_0099_Sed,350.1821173
29,Sample_S19S_0099_Sed,351.121581
32,Sample_S19S_0099_Sed,351.2177372
2,Sample_S19S_0099_Sed,351.2210572
12,Sample_S19S_0099_Sed,351.2307319
3,Sample_S19S_0099_Sed,351.2500934
16,Sample_S19S_0099_Sed,352.140233
19,Sample_S19S_0099_Sed,352.1613622
32,Sample_S19S_0099_Sed,352.1765943
43,Sample_S19S_0099_Sed,353.0878166
15,Sample_S19S_0099_Sed,353.1008561
42,Sample_S19S_0099_Sed,353.124233
31,Sample_S19S_0099_Sed,353.1605629
22,Sample_S19S_0099_Sed,353.1736275
42,Sample_S19S_0099_Sed,353.1970034
4,Sample_S19S_0099_Sed,353.2003494
16,Sample_S19S_0099_Sed,353.2099396
16,Sample_S19S_0099_Sed,353.2333297
3,Sample_S19S_0099_Sed,354.09608
4,Sample_S19S_0099_Sed,354.1437293
8,Sample_S19S_0099_Sed,354.1922902
15,Sample_S19S_0099_Sed,355.0671162
59,Sample_S19S_0099_Sed,355.1034699
22,Sample_S19S_0099_Sed,355.1164999
11,Sample_S19S_0099_Sed,355.1399086
63,Sample_S19S_0099_Sed,355.1762476
18,Sample_S19S_0099_Sed,355.1892674
14,Sample_S19S_0099_Sed,355.2126797
4,Sample_S19S_0099_Sed,356.1562442
37,Sample_S19S_0099_Sed,356.1715182
19,Sample_S19S_0099_Sed,356.207852
40,Sample_S19S_0099_Sed,357.0827228
16,Sample_S19S_0099_Sed,357.1110353
62,Sample_S19S_0099_Sed,357.1191097
8,Sample_S19S_0099_Sed,357.141609
71,Sample_S19S_0099_Sed,357.1554992
64,Sample_S19S_0099_Sed,357.191896
7,Sample_S19S_0099_Sed,357.2144125
48,Sample_S19S_0099_Sed,357.2282738
20,Sample_S19S_0099_Sed,358.1871972
16,Sample_S19S_0099_Sed,358.1983945
28,Sample_S19S_0099_Sed,358.2235211
17,Sample_S19S_0099_Sed,359.0984239
43,Sample_S19S_0099_Sed,359.1347452
11,Sample_S19S_0099_Sed,359.1572531
54,Sample_S19S_0099_Sed,359.1711775
13,Sample_S19S_0099_Sed,359.1936001
18,Sample_S19S_0099_Sed,359.2074846
38,Sample_S19S_0099_Sed,359.2439319
28,Sample_S19S_0099_Sed,360.1664452
14,Sample_S19S_0099_Sed,360.1776328
4,Sample_S19S_0099_Sed,360.1946802
4,Sample_S19S_0099_Sed,360.2027516
15,Sample_S19S_0099_Sed,360.2391994
6,Sample_S19S_0099_Sed,360.2674679
5,Sample_S19S_0099_Sed,361.069538
38,Sample_S19S_0099_Sed,361.1140532
33,Sample_S19S_0099_Sed,361.1423317
51,Sample_S19S_0099_Sed,361.1504109
22,Sample_S19S_0099_Sed,361.1657046
44,Sample_S19S_0099_Sed,361.186829
11,Sample_S19S_0099_Sed,361.2151155
41,Sample_S19S_0099_Sed,361.2231964
7,Sample_S19S_0099_Sed,361.2384924
2,Sample_S19S_0099_Sed,361.2878733
12,Sample_S19S_0099_Sed,362.1093336
21,Sample_S19S_0099_Sed,362.1821174
7,Sample_S19S_0099_Sed,362.246738
22,Sample_S19S_0099_Sed,363.1215932
18,Sample_S19S_0099_Sed,363.1449786
14,Sample_S19S_0099_Sed,363.1660194
14,Sample_S19S_0099_Sed,363.1812892
21,Sample_S19S_0099_Sed,363.1943423
6,Sample_S19S_0099_Sed,363.2670624
18,Sample_S19S_0099_Sed,364.1613157
3,Sample_S19S_0099_Sed,364.200847
9,Sample_S19S_0099_Sed,364.2259804
21,Sample_S19S_0099_Sed,365.0878382
23,Sample_S19S_0099_Sed,365.1008669
17,Sample_S19S_0099_Sed,365.1241727
27,Sample_S19S_0099_Sed,365.137244
43,Sample_S19S_0099_Sed,365.1969623
26,Sample_S19S_0099_Sed,365.2100088
19,Sample_S19S_0099_Sed,365.2334124
4,Sample_S19S_0099_Sed,365.2367361
17,Sample_S19S_0099_Sed,366.1769935
1,Sample_S19S_0099_Sed,366.1801237
53,Sample_S19S_0099_Sed,367.1034613
15,Sample_S19S_0099_Sed,367.1165264
2,Sample_S19S_0099_Sed,367.1399195
36,Sample_S19S_0099_Sed,367.1762158
27,Sample_S19S_0099_Sed,367.189277
10,Sample_S19S_0099_Sed,367.1973448
43,Sample_S19S_0099_Sed,367.2126519
4,Sample_S19S_0099_Sed,367.2255178
5,Sample_S19S_0099_Sed,368.1117355
9,Sample_S19S_0099_Sed,368.1562607
41,Sample_S19S_0099_Sed,368.1714856
25,Sample_S19S_0099_Sed,369.0827443
6,Sample_S19S_0099_Sed,369.1190631
21,Sample_S19S_0099_Sed,369.1321274
62,Sample_S19S_0099_Sed,369.1555194
28,Sample_S19S_0099_Sed,369.1685393
15,Sample_S19S_0099_Sed,369.1837969
20,Sample_S19S_0099_Sed,369.1918398
49,Sample_S19S_0099_Sed,369.2282876
2,Sample_S19S_0099_Sed,370.0910244
17,Sample_S19S_0099_Sed,371.0620102
7,Sample_S19S_0099_Sed,371.0983408
44,Sample_S19S_0099_Sed,371.1347918
6,Sample_S19S_0099_Sed,371.1572656
50,Sample_S19S_0099_Sed,371.171134
3,Sample_S19S_0099_Sed,371.193705
39,Sample_S19S_0099_Sed,371.2075705
4,Sample_S19S_0099_Sed,371.2300688
34,Sample_S19S_0099_Sed,371.2439257
11,Sample_S19S_0099_Sed,371.2803337
4,Sample_S19S_0099_Sed,372.1411992
30,Sample_S19S_0099_Sed,372.1663973
22,Sample_S19S_0099_Sed,372.2028242
12,Sample_S19S_0099_Sed,372.2140099
4,Sample_S19S_0099_Sed,372.3038234
28,Sample_S19S_0099_Sed,373.1140108
16,Sample_S19S_0099_Sed,373.1504711
14,Sample_S19S_0099_Sed,373.1729074
41,Sample_S19S_0099_Sed,373.1867821
18,Sample_S19S_0099_Sed,373.2092776
45,Sample_S19S_0099_Sed,373.2231881
8,Sample_S19S_0099_Sed,373.287836
27,Sample_S19S_0099_Sed,374.1456527
11,Sample_S19S_0099_Sed,374.1820296
22,Sample_S19S_0099_Sed,374.2184652
13,Sample_S19S_0099_Sed,375.0852221
28,Sample_S19S_0099_Sed,375.1297066
30,Sample_S19S_0099_Sed,375.1579842
17,Sample_S19S_0099_Sed,375.1660121
2,Sample_S19S_0099_Sed,375.1884418
36,Sample_S19S_0099_Sed,375.194367
32,Sample_S19S_0099_Sed,375.2024285
25,Sample_S19S_0099_Sed,375.2177037
10,Sample_S19S_0099_Sed,375.230771
12,Sample_S19S_0099_Sed,375.2387855
17,Sample_S19S_0099_Sed,376.1249335
17,Sample_S19S_0099_Sed,376.1976905
8,Sample_S19S_0099_Sed,376.2260146
2,Sample_S19S_0099_Sed,377.0856228
15,Sample_S19S_0099_Sed,377.100823
20,Sample_S19S_0099_Sed,377.1372608
25,Sample_S19S_0099_Sed,377.1453086
33,Sample_S19S_0099_Sed,377.1735945
19,Sample_S19S_0099_Sed,377.2099902
2,Sample_S19S_0099_Sed,377.2211816
31,Sample_S19S_0099_Sed,377.2333521
16,Sample_S19S_0099_Sed,377.2463996
5,Sample_S19S_0099_Sed,378.2052199
3,Sample_S19S_0099_Sed,378.2164385
11,Sample_S19S_0099_Sed,378.2416575
4,Sample_S19S_0099_Sed,379.0800689
45,Sample_S19S_0099_Sed,379.1034645
20,Sample_S19S_0099_Sed,379.1165229
55,Sample_S19S_0099_Sed,379.1398402
30,Sample_S19S_0099_Sed,379.1528588
36,Sample_S19S_0099_Sed,379.1892722
21,Sample_S19S_0099_Sed,379.2256462
3,Sample_S19S_0099_Sed,380.1116712
4,Sample_S19S_0099_Sed,380.1593778
9,Sample_S19S_0099_Sed,380.184512
1,Sample_S19S_0099_Sed,380.1957164
6,Sample_S19S_0099_Sed,380.2208704
1,Sample_S19S_0099_Sed,381.0826619
9,Sample_S19S_0099_Sed,381.095685
51,Sample_S19S_0099_Sed,381.1191186
21,Sample_S19S_0099_Sed,381.1321708
25,Sample_S19S_0099_Sed,381.1684945
40,Sample_S19S_0099_Sed,381.1918695
15,Sample_S19S_0099_Sed,381.204939
38,Sample_S19S_0099_Sed,381.2282913
1,Sample_S19S_0099_Sed,381.2316122
4,Sample_S19S_0099_Sed,381.2411757
3,Sample_S19S_0099_Sed,382.0909883
6,Sample_S19S_0099_Sed,382.1273741
1,Sample_S19S_0099_Sed,382.1385796
50,Sample_S19S_0099_Sed,383.0983806
5,Sample_S19S_0099_Sed,383.1113231
11,Sample_S19S_0099_Sed,383.1347075
25,Sample_S19S_0099_Sed,383.1477567
23,Sample_S19S_0099_Sed,383.1711132
22,Sample_S19S_0099_Sed,383.184187
9,Sample_S19S_0099_Sed,383.1922474
49,Sample_S19S_0099_Sed,383.2075249
34,Sample_S19S_0099_Sed,383.2439132
6,Sample_S19S_0099_Sed,384.1430092
33,Sample_S19S_0099_Sed,384.1664077
5,Sample_S19S_0099_Sed,385.1139909
17,Sample_S19S_0099_Sed,385.1423072
25,Sample_S19S_0099_Sed,385.1503825
15,Sample_S19S_0099_Sed,385.1634062
11,Sample_S19S_0099_Sed,385.172924
50,Sample_S19S_0099_Sed,385.1868285
15,Sample_S19S_0099_Sed,385.2092651
8,Sample_S19S_0099_Sed,385.2151169
17,Sample_S19S_0099_Sed,385.2231361
32,Sample_S19S_0099_Sed,385.2595906
37,Sample_S19S_0099_Sed,386.1820531
60,Sample_S19S_0099_Sed,387.1296791
19,Sample_S19S_0099_Sed,387.1579654
6,Sample_S19S_0099_Sed,387.1659841
26,Sample_S19S_0099_Sed,387.19436
41,Sample_S19S_0099_Sed,387.2024406
16,Sample_S19S_0099_Sed,387.2249373
31,Sample_S19S_0099_Sed,387.2388297
4,Sample_S19S_0099_Sed,388.2987452
2,Sample_S19S_0099_Sed,389.051417
11,Sample_S19S_0099_Sed,389.1008827
19,Sample_S19S_0099_Sed,389.1372295
11,Sample_S19S_0099_Sed,389.1452618
1,Sample_S19S_0099_Sed,389.1677218
29,Sample_S19S_0099_Sed,389.1736085
22,Sample_S19S_0099_Sed,389.1816725
36,Sample_S19S_0099_Sed,389.2180886
8,Sample_S19S_0099_Sed,389.2827541
1,Sample_S19S_0099_Sed,390.2132816
7,Sample_S19S_0099_Sed,391.1034381
21,Sample_S19S_0099_Sed,391.1528412
3,Sample_S19S_0099_Sed,391.1608948
21,Sample_S19S_0099_Sed,391.1892281
3,Sample_S19S_0099_Sed,391.1972085
27,Sample_S19S_0099_Sed,391.212612
10,Sample_S19S_0099_Sed,391.2256863
10,Sample_S19S_0099_Sed,391.2620068
14,Sample_S19S_0099_Sed,392.1198706
1,Sample_S19S_0099_Sed,392.149538
11,Sample_S19S_0099_Sed,392.2209084
1,Sample_S19S_0099_Sed,392.2572106
31,Sample_S19S_0099_Sed,393.1191285
19,Sample_S19S_0099_Sed,393.1321265
17,Sample_S19S_0099_Sed,393.1554711
26,Sample_S19S_0099_Sed,393.1685262
23,Sample_S19S_0099_Sed,393.2049392
3,Sample_S19S_0099_Sed,393.2161336
14,Sample_S19S_0099_Sed,393.2282185
19,Sample_S19S_0099_Sed,393.2412462
4,Sample_S19S_0099_Sed,393.2776995
4,Sample_S19S_0099_Sed,394.1750252
7,Sample_S19S_0099_Sed,394.2001939
5,Sample_S19S_0099_Sed,394.2364931
13,Sample_S19S_0099_Sed,395.0984243
21,Sample_S19S_0099_Sed,395.1114167
61,Sample_S19S_0099_Sed,395.1347697
27,Sample_S19S_0099_Sed,395.1477706
16,Sample_S19S_0099_Sed,395.2075813
22,Sample_S19S_0099_Sed,395.2205826
3,Sample_S19S_0099_Sed,395.2317962
12,Sample_S19S_0099_Sed,395.2438669
6,Sample_S19S_0099_Sed,396.1066573
9,Sample_S19S_0099_Sed,396.1430161
2,Sample_S19S_0099_Sed,396.1542305
9,Sample_S19S_0099_Sed,396.1875433
8,Sample_S19S_0099_Sed,396.2158367
27,Sample_S19S_0099_Sed,397.1140135
16,Sample_S19S_0099_Sed,397.1270557
55,Sample_S19S_0099_Sed,397.1504225
23,Sample_S19S_0099_Sed,397.1634297
22,Sample_S19S_0099_Sed,397.1867602
15,Sample_S19S_0099_Sed,397.1997808
3,Sample_S19S_0099_Sed,397.2151289
44,Sample_S19S_0099_Sed,397.2232052
2,Sample_S19S_0099_Sed,397.2265763
10,Sample_S19S_0099_Sed,397.2456561
27,Sample_S19S_0099_Sed,397.2595669
5,Sample_S19S_0099_Sed,398.1222468
9,Sample_S19S_0099_Sed,398.1586554
14,Sample_S19S_0099_Sed,399.0932727
35,Sample_S19S_0099_Sed,399.1296635
10,Sample_S19S_0099_Sed,399.1579458
1,Sample_S19S_0099_Sed,399.1603437
4,Sample_S19S_0099_Sed,399.1659287
13,Sample_S19S_0099_Sed,399.1790309
4,Sample_S19S_0099_Sed,399.1884911
15,Sample_S19S_0099_Sed,399.1943775
42,Sample_S19S_0099_Sed,399.2024375
3,Sample_S19S_0099_Sed,399.2176725
19,Sample_S19S_0099_Sed,399.2388025
3,Sample_S19S_0099_Sed,399.2751285
26,Sample_S19S_0099_Sed,401.1089631
50,Sample_S19S_0099_Sed,401.1453284
1,Sample_S19S_0099_Sed,401.1677355
18,Sample_S19S_0099_Sed,401.1736033
17,Sample_S19S_0099_Sed,401.1816514
6,Sample_S19S_0099_Sed,401.204141
26,Sample_S19S_0099_Sed,401.2100146
35,Sample_S19S_0099_Sed,401.2180808
8,Sample_S19S_0099_Sed,401.2405469
19,Sample_S19S_0099_Sed,401.2544603
7,Sample_S19S_0099_Sed,402.1994213
12,Sample_S19S_0099_Sed,403.1164656
21,Sample_S19S_0099_Sed,403.1529106
21,Sample_S19S_0099_Sed,403.1609357
39,Sample_S19S_0099_Sed,403.1973716
16,Sample_S19S_0099_Sed,403.2256482
15,Sample_S19S_0099_Sed,403.2336971
1,Sample_S19S_0099_Sed,403.3347743
21,Sample_S19S_0099_Sed,404.1926065
1,Sample_S19S_0099_Sed,404.2937097
23,Sample_S19S_0099_Sed,405.1321292
28,Sample_S19S_0099_Sed,405.1685606
12,Sample_S19S_0099_Sed,405.1765627
17,Sample_S19S_0099_Sed,405.2048711
5,Sample_S19S_0099_Sed,405.2128312
11,Sample_S19S_0099_Sed,405.2412525
9,Sample_S19S_0099_Sed,406.2364932
4,Sample_S19S_0099_Sed,406.3092961
9,Sample_S19S_0099_Sed,407.1113661
26,Sample_S19S_0099_Sed,407.1477958
4,Sample_S19S_0099_Sed,407.1572341
23,Sample_S19S_0099_Sed,407.2205546
13,Sample_S19S_0099_Sed,407.2568891
8,Sample_S19S_0099_Sed,408.1776232
1,Sample_S19S_0099_Sed,408.1873845
15,Sample_S19S_0099_Sed,408.2158005
39,Sample_S19S_0099_Sed,409.1140221
23,Sample_S19S_0099_Sed,409.1270356
14,Sample_S19S_0099_Sed,409.1633923
11,Sample_S19S_0099_Sed,409.1997594
4,Sample_S19S_0099_Sed,409.2110293
47,Sample_S19S_0099_Sed,409.2231724
17,Sample_S19S_0099_Sed,409.236154
9,Sample_S19S_0099_Sed,409.2725381
8,Sample_S19S_0099_Sed,410.1221742
39,Sample_S19S_0099_Sed,411.1296933
29,Sample_S19S_0099_Sed,411.1426758
16,Sample_S19S_0099_Sed,411.1579879
1,Sample_S19S_0099_Sed,411.1603771
33,Sample_S19S_0099_Sed,411.1660419
21,Sample_S19S_0099_Sed,411.1790746
5,Sample_S19S_0099_Sed,411.2022993
23,Sample_S19S_0099_Sed,411.2154903
8,Sample_S19S_0099_Sed,411.2235497
37,Sample_S19S_0099_Sed,411.2388467
6,Sample_S19S_0099_Sed,412.137911
35,Sample_S19S_0099_Sed,412.1977027
31,Sample_S19S_0099_Sed,413.1089345
13,Sample_S19S_0099_Sed,413.1452768
9,Sample_S19S_0099_Sed,413.1583079
4,Sample_S19S_0099_Sed,413.1816156
9,Sample_S19S_0099_Sed,413.1946295
3,Sample_S19S_0099_Sed,413.2041017
12,Sample_S19S_0099_Sed,413.2100122
21,Sample_S19S_0099_Sed,413.2180661
27,Sample_S19S_0099_Sed,413.2544798
1,Sample_S19S_0099_Sed,414.2357565
12,Sample_S19S_0099_Sed,415.1245406
6,Sample_S19S_0099_Sed,415.1529316
40,Sample_S19S_0099_Sed,415.1609859
38,Sample_S19S_0099_Sed,415.1973464
14,Sample_S19S_0099_Sed,415.219815
12,Sample_S19S_0099_Sed,415.2256541
15,Sample_S19S_0099_Sed,415.2336924
23,Sample_S19S_0099_Sed,415.2701205
1,Sample_S19S_0099_Sed,416.1571431
11,Sample_S19S_0099_Sed,416.1925804
27,Sample_S19S_0099_Sed,417.1321667
25,Sample_S19S_0099_Sed,417.1402188
7,Sample_S19S_0099_Sed,417.1627099
29,Sample_S19S_0099_Sed,417.1685514
17,Sample_S19S_0099_Sed,417.1765666
2,Sample_S19S_0099_Sed,417.1990066
13,Sample_S19S_0099_Sed,417.2048604
8,Sample_S19S_0099_Sed,417.2128787
2,Sample_S19S_0099_Sed,417.2353771
12,Sample_S19S_0099_Sed,417.2493486
1,Sample_S19S_0099_Sed,418.1870763
3,Sample_S19S_0099_Sed,419.1113471
13,Sample_S19S_0099_Sed,419.1478319
13,Sample_S19S_0099_Sed,419.1558387
34,Sample_S19S_0099_Sed,419.1842051
3,Sample_S19S_0099_Sed,419.1921608
18,Sample_S19S_0099_Sed,419.2205119
9,Sample_S19S_0099_Sed,419.2285513
14,Sample_S19S_0099_Sed,419.256939
2,Sample_S19S_0099_Sed,419.3296987
7,Sample_S19S_0099_Sed,420.2521315
3,Sample_S19S_0099_Sed,420.2885838
13,Sample_S19S_0099_Sed,421.1270174
1,Sample_S19S_0099_Sed,421.1552081
29,Sample_S19S_0099_Sed,421.1634511
5,Sample_S19S_0099_Sed,421.2265386
16,Sample_S19S_0099_Sed,421.2362004
11,Sample_S19S_0099_Sed,422.2031632
49,Sample_S19S_0099_Sed,423.1296813
13,Sample_S19S_0099_Sed,423.1426961
29,Sample_S19S_0099_Sed,423.179095
22,Sample_S19S_0099_Sed,423.2154249
1,Sample_S19S_0099_Sed,423.2387546
6,Sample_S19S_0099_Sed,423.2517315
5,Sample_S19S_0099_Sed,424.1378327
11,Sample_S19S_0099_Sed,425.1089252
5,Sample_S19S_0099_Sed,425.1453873
23,Sample_S19S_0099_Sed,425.1583275
37,Sample_S19S_0099_Sed,425.1816982
20,Sample_S19S_0099_Sed,425.1947046
3,Sample_S19S_0099_Sed,425.2026698
4,Sample_S19S_0099_Sed,425.2178813
18,Sample_S19S_0099_Sed,425.2311014
33,Sample_S19S_0099_Sed,425.2544996
12,Sample_S19S_0099_Sed,426.153527
41,Sample_S19S_0099_Sed,427.1245871
1,Sample_S19S_0099_Sed,427.1610597
33,Sample_S19S_0099_Sed,427.1973395
19,Sample_S19S_0099_Sed,427.2103578
7,Sample_S19S_0099_Sed,427.2198983
32,Sample_S19S_0099_Sed,427.2337286
3,Sample_S19S_0099_Sed,427.2561768
21,Sample_S19S_0099_Sed,427.2701368
1,Sample_S19S_0099_Sed,428.1329164
10,Sample_S19S_0099_Sed,428.1925676
43,Sample_S19S_0099_Sed,429.1402424
26,Sample_S19S_0099_Sed,429.1685491
24,Sample_S19S_0099_Sed,429.1765924
16,Sample_S19S_0099_Sed,429.1990848
31,Sample_S19S_0099_Sed,429.2129876
11,Sample_S19S_0099_Sed,429.2355333
29,Sample_S19S_0099_Sed,429.2494299
5,Sample_S19S_0099_Sed,429.2857157
7,Sample_S19S_0099_Sed,430.194397
19,Sample_S19S_0099_Sed,430.2083192
22,Sample_S19S_0099_Sed,431.1477957
13,Sample_S19S_0099_Sed,431.1558407
22,Sample_S19S_0099_Sed,431.1922364
14,Sample_S19S_0099_Sed,431.2147537
5,Sample_S19S_0099_Sed,431.2206124
22,Sample_S19S_0099_Sed,431.2286229
8,Sample_S19S_0099_Sed,431.264934
8,Sample_S19S_0099_Sed,432.1876103
1,Sample_S19S_0099_Sed,432.9695275
7,Sample_S19S_0099_Sed,433.1269982
25,Sample_S19S_0099_Sed,433.1634586
14,Sample_S19S_0099_Sed,433.1714809
6,Sample_S19S_0099_Sed,433.1940528
6,Sample_S19S_0099_Sed,433.1998888
28,Sample_S19S_0099_Sed,433.2079014
14,Sample_S19S_0099_Sed,433.2361951
7,Sample_S19S_0099_Sed,433.2441921
11,Sample_S19S_0099_Sed,434.2677929
10,Sample_S19S_0099_Sed,435.1426364
2,Sample_S19S_0099_Sed,435.160379
30,Sample_S19S_0099_Sed,435.1790631
14,Sample_S19S_0099_Sed,435.2155119
1,Sample_S19S_0099_Sed,435.2378165
17,Sample_S19S_0099_Sed,435.25188
7,Sample_S19S_0099_Sed,436.1742724
1,Sample_S19S_0099_Sed,436.9644408
4,Sample_S19S_0099_Sed,437.1088959
25,Sample_S19S_0099_Sed,437.1453651
25,Sample_S19S_0099_Sed,437.158378
9,Sample_S19S_0099_Sed,437.1678235
24,Sample_S19S_0099_Sed,437.1946984
1,Sample_S19S_0099_Sed,437.2168996
16,Sample_S19S_0099_Sed,437.2310601
5,Sample_S19S_0099_Sed,437.2544148
31,Sample_S19S_0099_Sed,439.1246064
8,Sample_S19S_0099_Sed,439.1375419
2,Sample_S19S_0099_Sed,439.1553158
2,Sample_S19S_0099_Sed,439.1916893
12,Sample_S19S_0099_Sed,439.1973056
8,Sample_S19S_0099_Sed,439.2103099
5,Sample_S19S_0099_Sed,439.246834
19,Sample_S19S_0099_Sed,439.2701623
5,Sample_S19S_0099_Sed,440.1328082
7,Sample_S19S_0099_Sed,440.1692728
29,Sample_S19S_0099_Sed,441.1402285
12,Sample_S19S_0099_Sed,441.1765589
11,Sample_S19S_0099_Sed,441.1895875
15,Sample_S19S_0099_Sed,441.2129575
13,Sample_S19S_0099_Sed,441.2355104
12,Sample_S19S_0099_Sed,441.2494531
8,Sample_S19S_0099_Sed,442.1484515
9,Sample_S19S_0099_Sed,442.2307362
5,Sample_S19S_0099_Sed,443.1478565
41,Sample_S19S_0099_Sed,443.1558944
6,Sample_S19S_0099_Sed,443.1783373
21,Sample_S19S_0099_Sed,443.1841796
9,Sample_S19S_0099_Sed,443.1922057
11,Sample_S19S_0099_Sed,443.2205255
7,Sample_S19S_0099_Sed,443.2285235
24,Sample_S19S_0099_Sed,443.2650816
8,Sample_S19S_0099_Sed,443.3014797
7,Sample_S19S_0099_Sed,444.2099819
23,Sample_S19S_0099_Sed,445.1634705
39,Sample_S19S_0099_Sed,445.1715289
10,Sample_S19S_0099_Sed,445.1940666
36,Sample_S19S_0099_Sed,445.2079177
19,Sample_S19S_0099_Sed,445.2304198
19,Sample_S19S_0099_Sed,445.2362316
24,Sample_S19S_0099_Sed,445.2442897
6,Sample_S19S_0099_Sed,445.2805849
10,Sample_S19S_0099_Sed,446.2031197
1,Sample_S19S_0099_Sed,446.2255183
18,Sample_S19S_0099_Sed,447.1427418
27,Sample_S19S_0099_Sed,447.179104
2,Sample_S19S_0099_Sed,447.1869913
12,Sample_S19S_0099_Sed,447.2154152
9,Sample_S19S_0099_Sed,447.2234126
15,Sample_S19S_0099_Sed,447.2518394
31,Sample_S19S_0099_Sed,449.1583358
1,Sample_S19S_0099_Sed,449.1735875
10,Sample_S19S_0099_Sed,449.1946593
18,Sample_S19S_0099_Sed,449.2310912
6,Sample_S19S_0099_Sed,449.267553
1,Sample_S19S_0099_Sed,450.1534069
5,Sample_S19S_0099_Sed,450.1898917
19,Sample_S19S_0099_Sed,451.1376081
1,Sample_S19S_0099_Sed,451.1552795
15,Sample_S19S_0099_Sed,451.1739524
2,Sample_S19S_0099_Sed,451.1916101
9,Sample_S19S_0099_Sed,451.2103087
2,Sample_S19S_0099_Sed,451.2280387
15,Sample_S19S_0099_Sed,451.2467303
12,Sample_S19S_0099_Sed,451.2831359
18,Sample_S19S_0099_Sed,452.1692639
14,Sample_S19S_0099_Sed,453.1532352
25,Sample_S19S_0099_Sed,453.1896338
16,Sample_S19S_0099_Sed,453.2259797
6,Sample_S19S_0099_Sed,453.2492245
4,Sample_S19S_0099_Sed,454.1484722
5,Sample_S19S_0099_Sed,454.2671663
4,Sample_S19S_0099_Sed,455.1921775
18,Sample_S19S_0099_Sed,455.2052634
6,Sample_S19S_0099_Sed,455.2285132
4,Sample_S19S_0099_Sed,455.2512639
23,Sample_S19S_0099_Sed,455.2650512
27,Sample_S19S_0099_Sed,457.1715231
8,Sample_S19S_0099_Sed,457.1940662
33,Sample_S19S_0099_Sed,457.2079257
12,Sample_S19S_0099_Sed,457.230385
13,Sample_S19S_0099_Sed,457.2442623
1,Sample_S19S_0099_Sed,457.2666745
6,Sample_S19S_0099_Sed,457.280565
2,Sample_S19S_0099_Sed,458.2619929
22,Sample_S19S_0099_Sed,459.1508169
17,Sample_S19S_0099_Sed,459.1661042
31,Sample_S19S_0099_Sed,459.1872169
14,Sample_S19S_0099_Sed,459.2235091
7,Sample_S19S_0099_Sed,459.2598321
1,Sample_S19S_0099_Sed,460.1823248
1,Sample_S19S_0099_Sed,460.2047692
24,Sample_S19S_0099_Sed,461.1583343
7,Sample_S19S_0099_Sed,461.1889708
7,Sample_S19S_0099_Sed,461.1948089
10,Sample_S19S_0099_Sed,461.2027689
29,Sample_S19S_0099_Sed,461.2311454
11,Sample_S19S_0099_Sed,461.2391228
4,Sample_S19S_0099_Sed,463.1375144
11,Sample_S19S_0099_Sed,463.1739081
28,Sample_S19S_0099_Sed,463.210366
23,Sample_S19S_0099_Sed,463.2467901
21,Sample_S19S_0099_Sed,465.1532935
27,Sample_S19S_0099_Sed,465.1896305
2,Sample_S19S_0099_Sed,465.207298
11,Sample_S19S_0099_Sed,465.2259434
19,Sample_S19S_0099_Sed,467.2052403
31,Sample_S19S_0099_Sed,467.2286363
20,Sample_S19S_0099_Sed,467.2416996
6,Sample_S19S_0099_Sed,468.1640569
7,Sample_S19S_0099_Sed,468.2004429
3,Sample_S19S_0099_Sed,469.1843946
24,Sample_S19S_0099_Sed,469.2078959
19,Sample_S19S_0099_Sed,469.2209608
32,Sample_S19S_0099_Sed,469.2442937
13,Sample_S19S_0099_Sed,469.2806636
6,Sample_S19S_0099_Sed,470.1798205
14,Sample_S19S_0099_Sed,471.1871307
11,Sample_S19S_0099_Sed,471.2096566
24,Sample_S19S_0099_Sed,471.2235442
10,Sample_S19S_0099_Sed,471.2598467
3,Sample_S19S_0099_Sed,471.2961918
9,Sample_S19S_0099_Sed,473.1946924
10,Sample_S19S_0099_Sed,473.2027392
4,Sample_S19S_0099_Sed,473.225266
25,Sample_S19S_0099_Sed,473.2392065
21,Sample_S19S_0099_Sed,473.2756478
1,Sample_S19S_0099_Sed,474.2204104
29,Sample_S19S_0099_Sed,475.1609843
21,Sample_S19S_0099_Sed,475.1739813
2,Sample_S19S_0099_Sed,475.1819356
8,Sample_S19S_0099_Sed,475.2103074
4,Sample_S19S_0099_Sed,475.2546749
2,Sample_S19S_0099_Sed,476.2499866
7,Sample_S19S_0099_Sed,477.1531747
10,Sample_S19S_0099_Sed,477.1895617
1,Sample_S19S_0099_Sed,477.2072691
28,Sample_S19S_0099_Sed,477.2260597
17,Sample_S19S_0099_Sed,477.262427
7,Sample_S19S_0099_Sed,479.1689644
24,Sample_S19S_0099_Sed,479.2053091
20,Sample_S19S_0099_Sed,479.2416827
3,Sample_S19S_0099_Sed,480.1640335
16,Sample_S19S_0099_Sed,480.2005188
5,Sample_S19S_0099_Sed,481.1634867
17,Sample_S19S_0099_Sed,481.1845085
1,Sample_S19S_0099_Sed,481.2020555
13,Sample_S19S_0099_Sed,481.2208584
2,Sample_S19S_0099_Sed,481.2384755
12,Sample_S19S_0099_Sed,481.2572296
6,Sample_S19S_0099_Sed,482.1797251
25,Sample_S19S_0099_Sed,483.1871699
16,Sample_S19S_0099_Sed,483.2001521
8,Sample_S19S_0099_Sed,483.2234722
15,Sample_S19S_0099_Sed,483.2364995
5,Sample_S19S_0099_Sed,483.259746
8,Sample_S19S_0099_Sed,483.2963101
1,Sample_S19S_0099_Sed,484.2414327
5,Sample_S19S_0099_Sed,485.2390821
2,Sample_S19S_0099_Sed,485.3118215
25,Sample_S19S_0099_Sed,487.18211
24,Sample_S19S_0099_Sed,487.2184679
9,Sample_S19S_0099_Sed,487.2410284
22,Sample_S19S_0099_Sed,487.254845
3,Sample_S19S_0099_Sed,487.2911792
4,Sample_S19S_0099_Sed,489.1402055
8,Sample_S19S_0099_Sed,489.1895365
9,Sample_S19S_0099_Sed,489.2259164
7,Sample_S19S_0099_Sed,489.2623275
4,Sample_S19S_0099_Sed,489.2703605
18,Sample_S19S_0099_Sed,491.1689084
4,Sample_S19S_0099_Sed,491.2053832
1,Sample_S19S_0099_Sed,491.2230199
3,Sample_S19S_0099_Sed,491.2417678
9,Sample_S19S_0099_Sed,491.2780744
3,Sample_S19S_0099_Sed,492.2448676
4,Sample_S19S_0099_Sed,493.1846305
22,Sample_S19S_0099_Sed,493.2209368
10,Sample_S19S_0099_Sed,493.2304095
1,Sample_S19S_0099_Sed,493.2418569
10,Sample_S19S_0099_Sed,493.2572378
1,Sample_S19S_0099_Sed,495.1427989
14,Sample_S19S_0099_Sed,495.2001254
12,Sample_S19S_0099_Sed,495.2365338
5,Sample_S19S_0099_Sed,495.2597197
1,Sample_S19S_0099_Sed,495.272735
5,Sample_S19S_0099_Sed,496.1590337
11,Sample_S19S_0099_Sed,496.1953999
10,Sample_S19S_0099_Sed,497.1793886
6,Sample_S19S_0099_Sed,497.2157304
2,Sample_S19S_0099_Sed,497.2390455
4,Sample_S19S_0099_Sed,497.2754084
10,Sample_S19S_0099_Sed,498.1617513
11,Sample_S19S_0099_Sed,499.2184243
6,Sample_S19S_0099_Sed,499.2546595
2,Sample_S19S_0099_Sed,499.2910097
1,Sample_S19S_0099_Sed,500.2725204
21,Sample_S19S_0099_Sed,501.1896846
18,Sample_S19S_0099_Sed,501.2341074
21,Sample_S19S_0099_Sed,501.2705063
5,Sample_S19S_0099_Sed,501.3067877
2,Sample_S19S_0099_Sed,502.2154486
3,Sample_S19S_0099_Sed,502.2292793
7,Sample_S19S_0099_Sed,503.2051842
9,Sample_S19S_0099_Sed,503.2415628
4,Sample_S19S_0099_Sed,503.2860944
10,Sample_S19S_0099_Sed,505.1846129
7,Sample_S19S_0099_Sed,505.221033
17,Sample_S19S_0099_Sed,505.2573293
2,Sample_S19S_0099_Sed,506.1875783
2,Sample_S19S_0099_Sed,506.2239648
17,Sample_S19S_0099_Sed,507.2001826
10,Sample_S19S_0099_Sed,507.2364864
8,Sample_S19S_0099_Sed,507.2728559
12,Sample_S19S_0099_Sed,509.2157568
1,Sample_S19S_0099_Sed,509.2331732
13,Sample_S19S_0099_Sed,509.2522003
11,Sample_S19S_0099_Sed,510.2111059
1,Sample_S19S_0099_Sed,511.1375472
3,Sample_S19S_0099_Sed,511.1948908
5,Sample_S19S_0099_Sed,511.2183807
6,Sample_S19S_0099_Sed,511.231412
7,Sample_S19S_0099_Sed,511.2547768
11,Sample_S19S_0099_Sed,511.2678647
5,Sample_S19S_0099_Sed,511.2911339
5,Sample_S19S_0099_Sed,513.233912
5,Sample_S19S_0099_Sed,513.2470326
8,Sample_S19S_0099_Sed,513.2704612
7,Sample_S19S_0099_Sed,513.3068739
4,Sample_S19S_0099_Sed,514.2518615
2,Sample_S19S_0099_Sed,514.2881276
5,Sample_S19S_0099_Sed,515.2052029
5,Sample_S19S_0099_Sed,515.213195
5,Sample_S19S_0099_Sed,515.2495874
8,Sample_S19S_0099_Sed,515.2860627
9,Sample_S19S_0099_Sed,515.3225486
9,Sample_S19S_0099_Sed,516.2311735
7,Sample_S19S_0099_Sed,516.2675677
8,Sample_S19S_0099_Sed,517.1846401
13,Sample_S19S_0099_Sed,517.2208996
8,Sample_S19S_0099_Sed,517.2572088
7,Sample_S19S_0099_Sed,517.2652212
4,Sample_S19S_0099_Sed,517.3015875
22,Sample_S19S_0099_Sed,519.2002386
2,Sample_S19S_0099_Sed,520.2396155
16,Sample_S19S_0099_Sed,521.1794927
1,Sample_S19S_0099_Sed,521.2157156
1,Sample_S19S_0099_Sed,521.2251766
1,Sample_S19S_0099_Sed,521.2331686
7,Sample_S19S_0099_Sed,521.288516
1,Sample_S19S_0099_Sed,522.2109198
16,Sample_S19S_0099_Sed,523.231536
13,Sample_S19S_0099_Sed,523.2678897
11,Sample_S19S_0099_Sed,524.1903581
7,Sample_S19S_0099_Sed,525.2340332
11,Sample_S19S_0099_Sed,525.2470626
7,Sample_S19S_0099_Sed,525.270299
6,Sample_S19S_0099_Sed,527.2132606
4,Sample_S19S_0099_Sed,527.2495897
6,Sample_S19S_0099_Sed,527.28601
2,Sample_S19S_0099_Sed,528.2310608
8,Sample_S19S_0099_Sed,529.2652092
7,Sample_S19S_0099_Sed,529.3017656
5,Sample_S19S_0099_Sed,529.3381462
3,Sample_S19S_0099_Sed,530.283129
1,Sample_S19S_0099_Sed,531.1597187
7,Sample_S19S_0099_Sed,531.236471
6,Sample_S19S_0099_Sed,531.280929
5,Sample_S19S_0099_Sed,531.3173436
6,Sample_S19S_0099_Sed,533.2156961
2,Sample_S19S_0099_Sed,533.25209
10,Sample_S19S_0099_Sed,535.2314389
3,Sample_S19S_0099_Sed,537.247225
5,Sample_S19S_0099_Sed,539.2496267
2,Sample_S19S_0099_Sed,539.262655
7,Sample_S19S_0099_Sed,539.2859556
17,Sample_S19S_0099_Sed,541.2290565
6,Sample_S19S_0099_Sed,541.3015887
6,Sample_S19S_0099_Sed,543.2808575
3,Sample_S19S_0099_Sed,543.3173823
2,Sample_S19S_0099_Sed,545.2523758
7,Sample_S19S_0099_Sed,545.2967065
11,Sample_S19S_0099_Sed,547.2315171
16,Sample_S19S_0099_Sed,547.2678735
3,Sample_S19S_0099_Sed,549.2106406
9,Sample_S19S_0099_Sed,549.2470293
1,Sample_S19S_0099_Sed,551.2625265
4,Sample_S19S_0099_Sed,555.244468
1,Sample_S19S_0099_Sed,555.317208
9,Sample_S19S_0099_Sed,563.2263607
11,Sample_S19S_0099_Sed,565.2420146
10,Sample_S19S_0099_Sed,565.278449
7,Sample_S19S_0099_Sed,567.2576427
7,Sample_S19S_0099_Sed,567.2808707
1,Sample_S19S_0099_Sed,568.2526664
1,Sample_S19S_0099_Sed,569.332928
1,Sample_S19S_0099_Sed,581.4341369
5,Sample_S19S_0099_Sed,585.3277951
3,Sample_S19S_0099_Sed,591.2574894
3,Sample_S19S_0099_Sed,597.4291056
2,Sample_S19S_0099_Sed,603.2941965
5,Sample_S19S_0099_Sed,605.2733338
4,Sample_S19S_0099_Sed,605.3096659
