num.trans.involved.in,sample,peak
34,Sample_S19S_0100_Sed,241.03537
10,Sample_S19S_0100_Sed,241.0506299
18,Sample_S19S_0100_Sed,241.0717422
13,Sample_S19S_0100_Sed,241.1081087
4,Sample_S19S_0100_Sed,241.1193918
8,Sample_S19S_0100_Sed,241.1445007
26,Sample_S19S_0100_Sed,241.1809156
11,Sample_S19S_0100_Sed,242.0670034
15,Sample_S19S_0100_Sed,242.139775
6,Sample_S19S_0100_Sed,242.1761465
45,Sample_S19S_0100_Sed,243.0510224
15,Sample_S19S_0100_Sed,243.0873816
7,Sample_S19S_0100_Sed,243.0986597
10,Sample_S19S_0100_Sed,243.1237626
17,Sample_S19S_0100_Sed,243.1601665
26,Sample_S19S_0100_Sed,243.1965883
12,Sample_S19S_0100_Sed,244.0826525
6,Sample_S19S_0100_Sed,244.1302798
40,Sample_S19S_0100_Sed,245.0455587
3,Sample_S19S_0100_Sed,245.0489119
63,Sample_S19S_0100_Sed,245.0666847
58,Sample_S19S_0100_Sed,245.1030642
4,Sample_S19S_0100_Sed,245.1142776
27,Sample_S19S_0100_Sed,245.1394342
9,Sample_S19S_0100_Sed,246.134683
18,Sample_S19S_0100_Sed,247.024801
46,Sample_S19S_0100_Sed,247.0612011
59,Sample_S19S_0100_Sed,247.0823368
51,Sample_S19S_0100_Sed,247.118733
16,Sample_S19S_0100_Sed,248.1139872
49,Sample_S19S_0100_Sed,249.0404675
56,Sample_S19S_0100_Sed,249.0768527
33,Sample_S19S_0100_Sed,249.1496147
4,Sample_S19S_0100_Sed,249.1529913
7,Sample_S19S_0100_Sed,250.1448617
38,Sample_S19S_0100_Sed,251.0197332
28,Sample_S19S_0100_Sed,251.0560986
3,Sample_S19S_0100_Sed,251.0594793
1,Sample_S19S_0100_Sed,251.0785764
81,Sample_S19S_0100_Sed,251.0925063
4,Sample_S19S_0100_Sed,251.0958765
34,Sample_S19S_0100_Sed,251.1136461
38,Sample_S19S_0100_Sed,251.1289035
1,Sample_S19S_0100_Sed,252.0911243
19,Sample_S19S_0100_Sed,252.9989785
45,Sample_S19S_0100_Sed,253.0353983
82,Sample_S19S_0100_Sed,253.0717756
23,Sample_S19S_0100_Sed,253.1081345
48,Sample_S19S_0100_Sed,253.1445337
55,Sample_S19S_0100_Sed,255.0510433
4,Sample_S19S_0100_Sed,255.0622462
84,Sample_S19S_0100_Sed,255.0874163
25,Sample_S19S_0100_Sed,255.1237776
42,Sample_S19S_0100_Sed,255.1602018
12,Sample_S19S_0100_Sed,255.2329705
32,Sample_S19S_0100_Sed,257.0455598
65,Sample_S19S_0100_Sed,257.0666765
41,Sample_S19S_0100_Sed,257.1030521
56,Sample_S19S_0100_Sed,257.1394516
34,Sample_S19S_0100_Sed,257.175834
13,Sample_S19S_0100_Sed,258.0983343
19,Sample_S19S_0100_Sed,258.1347123
6,Sample_S19S_0100_Sed,258.145966
29,Sample_S19S_0100_Sed,259.0248281
65,Sample_S19S_0100_Sed,259.0823405
4,Sample_S19S_0100_Sed,259.1009624
53,Sample_S19S_0100_Sed,259.1187072
8,Sample_S19S_0100_Sed,259.1299532
49,Sample_S19S_0100_Sed,259.1551113
17,Sample_S19S_0100_Sed,260.1503532
35,Sample_S19S_0100_Sed,261.040468
39,Sample_S19S_0100_Sed,261.061588
62,Sample_S19S_0100_Sed,261.0768598
50,Sample_S19S_0100_Sed,261.0980071
54,Sample_S19S_0100_Sed,261.1343647
21,Sample_S19S_0100_Sed,263.019721
49,Sample_S19S_0100_Sed,263.0561329
19,Sample_S19S_0100_Sed,263.0924815
31,Sample_S19S_0100_Sed,263.128908
34,Sample_S19S_0100_Sed,263.1652771
15,Sample_S19S_0100_Sed,264.1605215
45,Sample_S19S_0100_Sed,265.0353938
50,Sample_S19S_0100_Sed,265.0717855
74,Sample_S19S_0100_Sed,265.1081545
36,Sample_S19S_0100_Sed,265.1445692
4,Sample_S19S_0100_Sed,265.1479151
9,Sample_S19S_0100_Sed,265.1575521
13,Sample_S19S_0100_Sed,266.0882161
2,Sample_S19S_0100_Sed,266.089493
12,Sample_S19S_0100_Sed,266.1246093
30,Sample_S19S_0100_Sed,267.0146829
64,Sample_S19S_0100_Sed,267.0510336
2,Sample_S19S_0100_Sed,267.0735078
73,Sample_S19S_0100_Sed,267.0874299
75,Sample_S19S_0100_Sed,267.123805
41,Sample_S19S_0100_Sed,267.1601848
38,Sample_S19S_0100_Sed,269.0303205
74,Sample_S19S_0100_Sed,269.0666802
74,Sample_S19S_0100_Sed,269.1030627
59,Sample_S19S_0100_Sed,269.1394657
41,Sample_S19S_0100_Sed,269.1758579
30,Sample_S19S_0100_Sed,269.2122378
8,Sample_S19S_0100_Sed,270.2074858
41,Sample_S19S_0100_Sed,271.0459737
56,Sample_S19S_0100_Sed,271.0823212
74,Sample_S19S_0100_Sed,271.118718
46,Sample_S19S_0100_Sed,271.1551343
41,Sample_S19S_0100_Sed,271.1914941
22,Sample_S19S_0100_Sed,271.227892
43,Sample_S19S_0100_Sed,273.061591
69,Sample_S19S_0100_Sed,273.0979879
53,Sample_S19S_0100_Sed,273.1343844
48,Sample_S19S_0100_Sed,273.1707658
17,Sample_S19S_0100_Sed,274.0932637
32,Sample_S19S_0100_Sed,275.0197425
56,Sample_S19S_0100_Sed,275.0772487
56,Sample_S19S_0100_Sed,275.1136274
46,Sample_S19S_0100_Sed,275.1500444
17,Sample_S19S_0100_Sed,276.108923
44,Sample_S19S_0100_Sed,277.0354157
52,Sample_S19S_0100_Sed,277.0717892
64,Sample_S19S_0100_Sed,277.1081544
41,Sample_S19S_0100_Sed,277.1293085
45,Sample_S19S_0100_Sed,277.1445377
16,Sample_S19S_0100_Sed,278.0881845
17,Sample_S19S_0100_Sed,279.0146331
49,Sample_S19S_0100_Sed,279.0510516
41,Sample_S19S_0100_Sed,279.0874539
5,Sample_S19S_0100_Sed,279.0986672
45,Sample_S19S_0100_Sed,279.1238221
3,Sample_S19S_0100_Sed,279.1562152
45,Sample_S19S_0100_Sed,279.160186
16,Sample_S19S_0100_Sed,280.1038615
42,Sample_S19S_0100_Sed,281.0303339
70,Sample_S19S_0100_Sed,281.0666829
32,Sample_S19S_0100_Sed,281.1030502
69,Sample_S19S_0100_Sed,281.1394597
38,Sample_S19S_0100_Sed,281.1758716
15,Sample_S19S_0100_Sed,282.1194934
59,Sample_S19S_0100_Sed,283.0459554
37,Sample_S19S_0100_Sed,283.0823169
85,Sample_S19S_0100_Sed,283.118715
48,Sample_S19S_0100_Sed,283.1551309
26,Sample_S19S_0100_Sed,283.1915306
3,Sample_S19S_0100_Sed,283.2642602
13,Sample_S19S_0100_Sed,284.0776208
43,Sample_S19S_0100_Sed,285.0616357
22,Sample_S19S_0100_Sed,285.0980306
7,Sample_S19S_0100_Sed,285.1262347
59,Sample_S19S_0100_Sed,285.1343948
49,Sample_S19S_0100_Sed,285.17075
10,Sample_S19S_0100_Sed,285.2071124
62,Sample_S19S_0100_Sed,287.0772537
66,Sample_S19S_0100_Sed,287.1136282
63,Sample_S19S_0100_Sed,287.150015
44,Sample_S19S_0100_Sed,287.1864124
19,Sample_S19S_0100_Sed,287.2228145
16,Sample_S19S_0100_Sed,288.1453272
4,Sample_S19S_0100_Sed,288.1565445
38,Sample_S19S_0100_Sed,289.0354029
55,Sample_S19S_0100_Sed,289.0717704
52,Sample_S19S_0100_Sed,289.0929075
56,Sample_S19S_0100_Sed,289.1292776
48,Sample_S19S_0100_Sed,289.1656738
9,Sample_S19S_0100_Sed,290.0882083
22,Sample_S19S_0100_Sed,290.1245994
54,Sample_S19S_0100_Sed,291.0510416
50,Sample_S19S_0100_Sed,291.0874132
43,Sample_S19S_0100_Sed,291.1085682
41,Sample_S19S_0100_Sed,291.1237966
35,Sample_S19S_0100_Sed,291.1449729
41,Sample_S19S_0100_Sed,291.1601932
15,Sample_S19S_0100_Sed,292.1038307
6,Sample_S19S_0100_Sed,292.2129776
42,Sample_S19S_0100_Sed,293.0303357
49,Sample_S19S_0100_Sed,293.0667099
79,Sample_S19S_0100_Sed,293.1030793
3,Sample_S19S_0100_Sed,293.1143295
32,Sample_S19S_0100_Sed,293.1242316
65,Sample_S19S_0100_Sed,293.1394564
8,Sample_S19S_0100_Sed,293.1757942
46,Sample_S19S_0100_Sed,295.0459444
85,Sample_S19S_0100_Sed,295.0823376
86,Sample_S19S_0100_Sed,295.1187213
58,Sample_S19S_0100_Sed,295.1550986
6,Sample_S19S_0100_Sed,296.0987987
36,Sample_S19S_0100_Sed,297.025237
52,Sample_S19S_0100_Sed,297.0616262
43,Sample_S19S_0100_Sed,297.0980154
41,Sample_S19S_0100_Sed,297.1344063
4,Sample_S19S_0100_Sed,297.1529844
33,Sample_S19S_0100_Sed,297.1707937
2,Sample_S19S_0100_Sed,297.1860581
14,Sample_S19S_0100_Sed,297.2071894
20,Sample_S19S_0100_Sed,297.2435585
22,Sample_S19S_0100_Sed,298.1296449
38,Sample_S19S_0100_Sed,299.0408894
35,Sample_S19S_0100_Sed,299.05613
61,Sample_S19S_0100_Sed,299.0772616
77,Sample_S19S_0100_Sed,299.1136455
76,Sample_S19S_0100_Sed,299.1500243
44,Sample_S19S_0100_Sed,299.1864335
20,Sample_S19S_0100_Sed,299.2228305
13,Sample_S19S_0100_Sed,299.2592121
1,Sample_S19S_0100_Sed,300.1201703
20,Sample_S19S_0100_Sed,300.1816868
33,Sample_S19S_0100_Sed,301.0353903
38,Sample_S19S_0100_Sed,301.0565488
49,Sample_S19S_0100_Sed,301.092932
51,Sample_S19S_0100_Sed,301.129318
55,Sample_S19S_0100_Sed,301.1656955
43,Sample_S19S_0100_Sed,301.202066
24,Sample_S19S_0100_Sed,302.1245742
3,Sample_S19S_0100_Sed,302.1357844
22,Sample_S19S_0100_Sed,303.0146906
59,Sample_S19S_0100_Sed,303.1085414
60,Sample_S19S_0100_Sed,303.1449308
39,Sample_S19S_0100_Sed,303.1813306
23,Sample_S19S_0100_Sed,304.1038383
20,Sample_S19S_0100_Sed,304.1402446
42,Sample_S19S_0100_Sed,305.0303157
59,Sample_S19S_0100_Sed,305.0666877
51,Sample_S19S_0100_Sed,305.1030852
30,Sample_S19S_0100_Sed,305.1242388
41,Sample_S19S_0100_Sed,305.1394662
14,Sample_S19S_0100_Sed,305.160638
14,Sample_S19S_0100_Sed,306.1195211
4,Sample_S19S_0100_Sed,306.192305
60,Sample_S19S_0100_Sed,307.0459779
38,Sample_S19S_0100_Sed,307.0823737
34,Sample_S19S_0100_Sed,307.1187572
37,Sample_S19S_0100_Sed,307.1551342
9,Sample_S19S_0100_Sed,308.098784
11,Sample_S19S_0100_Sed,308.1351748
3,Sample_S19S_0100_Sed,308.2079497
43,Sample_S19S_0100_Sed,309.0252469
68,Sample_S19S_0100_Sed,309.0616036
68,Sample_S19S_0100_Sed,309.0979773
6,Sample_S19S_0100_Sed,309.1013433
2,Sample_S19S_0100_Sed,309.1092661
70,Sample_S19S_0100_Sed,309.1343649
53,Sample_S19S_0100_Sed,309.1707647
3,Sample_S19S_0100_Sed,309.1741269
26,Sample_S19S_0100_Sed,309.2071806
15,Sample_S19S_0100_Sed,310.1508222
18,Sample_S19S_0100_Sed,311.0197516
42,Sample_S19S_0100_Sed,311.0408991
61,Sample_S19S_0100_Sed,311.0772659
97,Sample_S19S_0100_Sed,311.1136352
73,Sample_S19S_0100_Sed,311.1500195
44,Sample_S19S_0100_Sed,311.186419
22,Sample_S19S_0100_Sed,311.2228309
12,Sample_S19S_0100_Sed,312.1453188
1,Sample_S19S_0100_Sed,312.9846454
45,Sample_S19S_0100_Sed,313.0565398
57,Sample_S19S_0100_Sed,313.0929245
63,Sample_S19S_0100_Sed,313.1293014
59,Sample_S19S_0100_Sed,313.1656688
38,Sample_S19S_0100_Sed,313.2020808
23,Sample_S19S_0100_Sed,313.2384778
24,Sample_S19S_0100_Sed,314.1609464
7,Sample_S19S_0100_Sed,314.1721852
10,Sample_S19S_0100_Sed,314.1973467
35,Sample_S19S_0100_Sed,315.0510397
43,Sample_S19S_0100_Sed,315.0721791
57,Sample_S19S_0100_Sed,315.1085755
63,Sample_S19S_0100_Sed,315.1449559
52,Sample_S19S_0100_Sed,315.1813307
33,Sample_S19S_0100_Sed,315.217727
14,Sample_S19S_0100_Sed,315.2541325
28,Sample_S19S_0100_Sed,316.1402237
10,Sample_S19S_0100_Sed,316.1514197
14,Sample_S19S_0100_Sed,316.1766274
30,Sample_S19S_0100_Sed,317.0303382
49,Sample_S19S_0100_Sed,317.0666936
1,Sample_S19S_0100_Sed,317.0773041
53,Sample_S19S_0100_Sed,317.124227
40,Sample_S19S_0100_Sed,317.1394552
52,Sample_S19S_0100_Sed,317.1606071
43,Sample_S19S_0100_Sed,317.1969836
11,Sample_S19S_0100_Sed,317.2122753
2,Sample_S19S_0100_Sed,317.2446454
16,Sample_S19S_0100_Sed,318.1194966
8,Sample_S19S_0100_Sed,318.2286611
8,Sample_S19S_0100_Sed,319.0460069
31,Sample_S19S_0100_Sed,319.103481
56,Sample_S19S_0100_Sed,319.1187158
46,Sample_S19S_0100_Sed,319.139868
35,Sample_S19S_0100_Sed,319.1551015
42,Sample_S19S_0100_Sed,319.1762558
12,Sample_S19S_0100_Sed,320.0987676
25,Sample_S19S_0100_Sed,320.1351354
3,Sample_S19S_0100_Sed,320.2442999
36,Sample_S19S_0100_Sed,321.0252313
47,Sample_S19S_0100_Sed,321.0616406
27,Sample_S19S_0100_Sed,321.0980285
47,Sample_S19S_0100_Sed,321.1343949
38,Sample_S19S_0100_Sed,321.1707672
16,Sample_S19S_0100_Sed,322.1144282
1,Sample_S19S_0100_Sed,322.1508517
4,Sample_S19S_0100_Sed,322.1872255
36,Sample_S19S_0100_Sed,323.0408542
70,Sample_S19S_0100_Sed,323.0772527
33,Sample_S19S_0100_Sed,323.1136726
49,Sample_S19S_0100_Sed,323.1864241
14,Sample_S19S_0100_Sed,324.1300834
17,Sample_S19S_0100_Sed,324.1664479
51,Sample_S19S_0100_Sed,325.0565425
73,Sample_S19S_0100_Sed,325.0928926
69,Sample_S19S_0100_Sed,325.1292996
49,Sample_S19S_0100_Sed,325.1657004
1,Sample_S19S_0100_Sed,325.1842438
57,Sample_S19S_0100_Sed,325.2020573
41,Sample_S19S_0100_Sed,327.0722018
52,Sample_S19S_0100_Sed,327.1085831
75,Sample_S19S_0100_Sed,327.1449492
8,Sample_S19S_0100_Sed,327.2177565
1,Sample_S19S_0100_Sed,328.1878731
25,Sample_S19S_0100_Sed,329.0303285
20,Sample_S19S_0100_Sed,329.0514722
70,Sample_S19S_0100_Sed,329.0878075
60,Sample_S19S_0100_Sed,329.1242163
1,Sample_S19S_0100_Sed,329.152419
43,Sample_S19S_0100_Sed,329.1969687
26,Sample_S19S_0100_Sed,329.2333488
30,Sample_S19S_0100_Sed,330.1194763
8,Sample_S19S_0100_Sed,330.1307217
6,Sample_S19S_0100_Sed,330.1670892
23,Sample_S19S_0100_Sed,331.0459941
40,Sample_S19S_0100_Sed,331.0670688
33,Sample_S19S_0100_Sed,331.0823608
39,Sample_S19S_0100_Sed,331.1034998
20,Sample_S19S_0100_Sed,331.1399002
55,Sample_S19S_0100_Sed,331.1762541
8,Sample_S19S_0100_Sed,331.2126721
2,Sample_S19S_0100_Sed,331.2239268
21,Sample_S19S_0100_Sed,332.0987468
21,Sample_S19S_0100_Sed,332.1351167
5,Sample_S19S_0100_Sed,332.2079509
11,Sample_S19S_0100_Sed,333.0252702
17,Sample_S19S_0100_Sed,333.0616512
12,Sample_S19S_0100_Sed,333.1191757
20,Sample_S19S_0100_Sed,333.1344131
22,Sample_S19S_0100_Sed,333.1707943
43,Sample_S19S_0100_Sed,333.1919042
2,Sample_S19S_0100_Sed,333.2395661
17,Sample_S19S_0100_Sed,334.1144217
10,Sample_S19S_0100_Sed,334.1508295
5,Sample_S19S_0100_Sed,334.2235949
23,Sample_S19S_0100_Sed,335.0409093
63,Sample_S19S_0100_Sed,335.0772597
23,Sample_S19S_0100_Sed,335.1136067
42,Sample_S19S_0100_Sed,335.150042
30,Sample_S19S_0100_Sed,335.1864245
12,Sample_S19S_0100_Sed,335.2358032
5,Sample_S19S_0100_Sed,336.1301036
16,Sample_S19S_0100_Sed,336.1664659
20,Sample_S19S_0100_Sed,337.0564852
14,Sample_S19S_0100_Sed,337.0695448
64,Sample_S19S_0100_Sed,337.0929176
81,Sample_S19S_0100_Sed,337.1292866
6,Sample_S19S_0100_Sed,338.1093609
14,Sample_S19S_0100_Sed,338.1456998
10,Sample_S19S_0100_Sed,338.182098
34,Sample_S19S_0100_Sed,339.0357996
68,Sample_S19S_0100_Sed,339.0721726
83,Sample_S19S_0100_Sed,339.1085453
25,Sample_S19S_0100_Sed,339.1449816
45,Sample_S19S_0100_Sed,339.1813533
3,Sample_S19S_0100_Sed,339.1999929
31,Sample_S19S_0100_Sed,339.2177427
12,Sample_S19S_0100_Sed,340.1249861
5,Sample_S19S_0100_Sed,340.1613194
38,Sample_S19S_0100_Sed,341.0514621
72,Sample_S19S_0100_Sed,341.0878109
21,Sample_S19S_0100_Sed,341.100854
23,Sample_S19S_0100_Sed,341.12425
54,Sample_S19S_0100_Sed,341.1606173
5,Sample_S19S_0100_Sed,341.179252
49,Sample_S19S_0100_Sed,341.1969848
5,Sample_S19S_0100_Sed,341.2334189
8,Sample_S19S_0100_Sed,341.2697302
36,Sample_S19S_0100_Sed,342.155837
6,Sample_S19S_0100_Sed,342.1670651
35,Sample_S19S_0100_Sed,343.067113
76,Sample_S19S_0100_Sed,343.1034685
17,Sample_S19S_0100_Sed,343.1399075
52,Sample_S19S_0100_Sed,343.1762631
38,Sample_S19S_0100_Sed,343.2126496
20,Sample_S19S_0100_Sed,343.2490426
3,Sample_S19S_0100_Sed,344.1350437
19,Sample_S19S_0100_Sed,344.1715382
5,Sample_S19S_0100_Sed,344.1827031
4,Sample_S19S_0100_Sed,344.1997897
23,Sample_S19S_0100_Sed,345.0252491
37,Sample_S19S_0100_Sed,345.0616254
32,Sample_S19S_0100_Sed,345.0827674
47,Sample_S19S_0100_Sed,345.1191373
6,Sample_S19S_0100_Sed,345.1344288
33,Sample_S19S_0100_Sed,345.1555412
16,Sample_S19S_0100_Sed,345.170772
7,Sample_S19S_0100_Sed,345.1919508
29,Sample_S19S_0100_Sed,345.2282779
26,Sample_S19S_0100_Sed,346.1507606
3,Sample_S19S_0100_Sed,346.1619628
20,Sample_S19S_0100_Sed,346.1871921
3,Sample_S19S_0100_Sed,346.2154294
36,Sample_S19S_0100_Sed,347.0408756
60,Sample_S19S_0100_Sed,347.0772564
20,Sample_S19S_0100_Sed,347.0903002
43,Sample_S19S_0100_Sed,347.0983726
19,Sample_S19S_0100_Sed,347.1136821
23,Sample_S19S_0100_Sed,347.1348045
48,Sample_S19S_0100_Sed,347.1500262
38,Sample_S19S_0100_Sed,347.1711801
4,Sample_S19S_0100_Sed,347.1864695
18,Sample_S19S_0100_Sed,348.1300774
25,Sample_S19S_0100_Sed,348.1664038
13,Sample_S19S_0100_Sed,348.2028318
6,Sample_S19S_0100_Sed,348.231087
21,Sample_S19S_0100_Sed,349.1059291
53,Sample_S19S_0100_Sed,349.129303
52,Sample_S19S_0100_Sed,349.1656793
9,Sample_S19S_0100_Sed,349.2021049
21,Sample_S19S_0100_Sed,350.1457077
13,Sample_S19S_0100_Sed,350.1821173
9,Sample_S19S_0100_Sed,350.2184616
43,Sample_S19S_0100_Sed,351.0721501
21,Sample_S19S_0100_Sed,351.1085115
30,Sample_S19S_0100_Sed,351.121581
29,Sample_S19S_0100_Sed,351.1449775
37,Sample_S19S_0100_Sed,351.1813076
30,Sample_S19S_0100_Sed,351.2177372
11,Sample_S19S_0100_Sed,351.2307319
3,Sample_S19S_0100_Sed,351.2500934
18,Sample_S19S_0100_Sed,352.1613622
27,Sample_S19S_0100_Sed,352.1765943
23,Sample_S19S_0100_Sed,353.0514753
70,Sample_S19S_0100_Sed,353.0878166
16,Sample_S19S_0100_Sed,353.1008561
52,Sample_S19S_0100_Sed,353.124233
35,Sample_S19S_0100_Sed,353.1605629
22,Sample_S19S_0100_Sed,353.1736275
42,Sample_S19S_0100_Sed,353.1970034
3,Sample_S19S_0100_Sed,353.2003494
16,Sample_S19S_0100_Sed,353.2099396
13,Sample_S19S_0100_Sed,353.2333297
2,Sample_S19S_0100_Sed,354.09608
38,Sample_S19S_0100_Sed,354.1558443
4,Sample_S19S_0100_Sed,354.1922902
9,Sample_S19S_0100_Sed,355.0096063
41,Sample_S19S_0100_Sed,355.0671162
79,Sample_S19S_0100_Sed,355.1034699
23,Sample_S19S_0100_Sed,355.1164999
14,Sample_S19S_0100_Sed,355.1399086
63,Sample_S19S_0100_Sed,355.1762476
18,Sample_S19S_0100_Sed,355.1892674
9,Sample_S19S_0100_Sed,355.2126797
36,Sample_S19S_0100_Sed,356.1715182
21,Sample_S19S_0100_Sed,356.207852
28,Sample_S19S_0100_Sed,357.061636
55,Sample_S19S_0100_Sed,357.0827228
1,Sample_S19S_0100_Sed,357.1085992
17,Sample_S19S_0100_Sed,357.1110353
71,Sample_S19S_0100_Sed,357.1191097
73,Sample_S19S_0100_Sed,357.1554992
19,Sample_S19S_0100_Sed,357.1684932
61,Sample_S19S_0100_Sed,357.191896
42,Sample_S19S_0100_Sed,357.2282738
8,Sample_S19S_0100_Sed,358.1507103
18,Sample_S19S_0100_Sed,358.1871972
5,Sample_S19S_0100_Sed,358.1983945
28,Sample_S19S_0100_Sed,358.2235211
7,Sample_S19S_0100_Sed,359.0409252
31,Sample_S19S_0100_Sed,359.0619959
31,Sample_S19S_0100_Sed,359.077285
20,Sample_S19S_0100_Sed,359.0984239
46,Sample_S19S_0100_Sed,359.1347452
5,Sample_S19S_0100_Sed,359.1572531
52,Sample_S19S_0100_Sed,359.1711775
16,Sample_S19S_0100_Sed,359.2074846
36,Sample_S19S_0100_Sed,359.2439319
3,Sample_S19S_0100_Sed,360.1299489
22,Sample_S19S_0100_Sed,360.1664452
7,Sample_S19S_0100_Sed,360.1776328
2,Sample_S19S_0100_Sed,360.1946802
21,Sample_S19S_0100_Sed,361.0201475
31,Sample_S19S_0100_Sed,361.056505
6,Sample_S19S_0100_Sed,361.069538
48,Sample_S19S_0100_Sed,361.0929312
40,Sample_S19S_0100_Sed,361.1140532
62,Sample_S19S_0100_Sed,361.1292859
33,Sample_S19S_0100_Sed,361.1423317
53,Sample_S19S_0100_Sed,361.1504109
24,Sample_S19S_0100_Sed,361.1657046
42,Sample_S19S_0100_Sed,361.186829
12,Sample_S19S_0100_Sed,361.2151155
36,Sample_S19S_0100_Sed,361.2231964
3,Sample_S19S_0100_Sed,361.2878733
12,Sample_S19S_0100_Sed,362.1093336
16,Sample_S19S_0100_Sed,362.1821174
27,Sample_S19S_0100_Sed,363.0722122
51,Sample_S19S_0100_Sed,363.108539
22,Sample_S19S_0100_Sed,363.1215932
12,Sample_S19S_0100_Sed,363.129641
21,Sample_S19S_0100_Sed,363.1449786
16,Sample_S19S_0100_Sed,363.1660194
13,Sample_S19S_0100_Sed,363.1812892
21,Sample_S19S_0100_Sed,363.1943423
4,Sample_S19S_0100_Sed,363.2670624
17,Sample_S19S_0100_Sed,364.1613157
7,Sample_S19S_0100_Sed,364.2259804
9,Sample_S19S_0100_Sed,365.0513776
55,Sample_S19S_0100_Sed,365.0878382
23,Sample_S19S_0100_Sed,365.1008669
25,Sample_S19S_0100_Sed,365.1241727
28,Sample_S19S_0100_Sed,365.137244
13,Sample_S19S_0100_Sed,365.1606438
36,Sample_S19S_0100_Sed,365.1969623
27,Sample_S19S_0100_Sed,365.2100088
7,Sample_S19S_0100_Sed,366.1558943
15,Sample_S19S_0100_Sed,366.1769935
24,Sample_S19S_0100_Sed,367.0306865
52,Sample_S19S_0100_Sed,367.0671094
74,Sample_S19S_0100_Sed,367.1034613
17,Sample_S19S_0100_Sed,367.1165264
3,Sample_S19S_0100_Sed,367.1399195
38,Sample_S19S_0100_Sed,367.1762158
27,Sample_S19S_0100_Sed,367.189277
11,Sample_S19S_0100_Sed,367.1973448
41,Sample_S19S_0100_Sed,367.2126519
3,Sample_S19S_0100_Sed,368.1117355
7,Sample_S19S_0100_Sed,368.1562607
44,Sample_S19S_0100_Sed,368.1714856
16,Sample_S19S_0100_Sed,369.0463181
49,Sample_S19S_0100_Sed,369.0827443
9,Sample_S19S_0100_Sed,369.1190631
18,Sample_S19S_0100_Sed,369.1321274
64,Sample_S19S_0100_Sed,369.1555194
26,Sample_S19S_0100_Sed,369.1685393
16,Sample_S19S_0100_Sed,369.1837969
19,Sample_S19S_0100_Sed,369.1918398
39,Sample_S19S_0100_Sed,369.2282876
2,Sample_S19S_0100_Sed,370.0910244
24,Sample_S19S_0100_Sed,370.1507341
17,Sample_S19S_0100_Sed,371.0408802
39,Sample_S19S_0100_Sed,371.0620102
17,Sample_S19S_0100_Sed,371.0983408
50,Sample_S19S_0100_Sed,371.1347918
51,Sample_S19S_0100_Sed,371.171134
38,Sample_S19S_0100_Sed,371.2075705
27,Sample_S19S_0100_Sed,371.2439257
30,Sample_S19S_0100_Sed,372.1663973
19,Sample_S19S_0100_Sed,372.2028242
9,Sample_S19S_0100_Sed,372.2140099
10,Sample_S19S_0100_Sed,372.2391498
3,Sample_S19S_0100_Sed,372.3038234
12,Sample_S19S_0100_Sed,373.0201141
17,Sample_S19S_0100_Sed,373.0776886
21,Sample_S19S_0100_Sed,373.1059583
32,Sample_S19S_0100_Sed,373.1140108
16,Sample_S19S_0100_Sed,373.1504711
4,Sample_S19S_0100_Sed,373.1729074
44,Sample_S19S_0100_Sed,373.1867821
39,Sample_S19S_0100_Sed,373.2231881
5,Sample_S19S_0100_Sed,373.287836
28,Sample_S19S_0100_Sed,374.1456527
12,Sample_S19S_0100_Sed,374.1820296
20,Sample_S19S_0100_Sed,374.2184652
9,Sample_S19S_0100_Sed,375.0358416
36,Sample_S19S_0100_Sed,375.0721973
16,Sample_S19S_0100_Sed,375.0852221
31,Sample_S19S_0100_Sed,375.1297066
51,Sample_S19S_0100_Sed,375.1449442
32,Sample_S19S_0100_Sed,375.1579842
17,Sample_S19S_0100_Sed,375.1660121
36,Sample_S19S_0100_Sed,375.194367
32,Sample_S19S_0100_Sed,375.2024285
8,Sample_S19S_0100_Sed,375.230771
11,Sample_S19S_0100_Sed,375.2387855
14,Sample_S19S_0100_Sed,376.1249335
1,Sample_S19S_0100_Sed,376.1895594
17,Sample_S19S_0100_Sed,376.1976905
8,Sample_S19S_0100_Sed,376.2260146
43,Sample_S19S_0100_Sed,377.0514538
1,Sample_S19S_0100_Sed,377.0856228
34,Sample_S19S_0100_Sed,377.0877952
14,Sample_S19S_0100_Sed,377.100823
57,Sample_S19S_0100_Sed,377.1241915
21,Sample_S19S_0100_Sed,377.1372608
25,Sample_S19S_0100_Sed,377.1453086
31,Sample_S19S_0100_Sed,377.1735945
18,Sample_S19S_0100_Sed,377.2099902
1,Sample_S19S_0100_Sed,377.2211816
15,Sample_S19S_0100_Sed,377.2463996
5,Sample_S19S_0100_Sed,378.2052199
9,Sample_S19S_0100_Sed,378.2416575
27,Sample_S19S_0100_Sed,379.0307221
12,Sample_S19S_0100_Sed,379.0670295
5,Sample_S19S_0100_Sed,379.0800689
73,Sample_S19S_0100_Sed,379.1034645
20,Sample_S19S_0100_Sed,379.1165229
28,Sample_S19S_0100_Sed,379.1528588
35,Sample_S19S_0100_Sed,379.1892722
19,Sample_S19S_0100_Sed,379.2256462
2,Sample_S19S_0100_Sed,380.1116712
6,Sample_S19S_0100_Sed,380.2208704
31,Sample_S19S_0100_Sed,381.0463502
12,Sample_S19S_0100_Sed,381.0826619
10,Sample_S19S_0100_Sed,381.095685
71,Sample_S19S_0100_Sed,381.1191186
22,Sample_S19S_0100_Sed,381.1321708
73,Sample_S19S_0100_Sed,381.1555031
23,Sample_S19S_0100_Sed,381.1684945
36,Sample_S19S_0100_Sed,381.1918695
15,Sample_S19S_0100_Sed,381.204939
29,Sample_S19S_0100_Sed,381.2282913
6,Sample_S19S_0100_Sed,382.1273741
7,Sample_S19S_0100_Sed,382.1507159
12,Sample_S19S_0100_Sed,383.0619616
73,Sample_S19S_0100_Sed,383.0983806
3,Sample_S19S_0100_Sed,383.1113231
16,Sample_S19S_0100_Sed,383.1266887
17,Sample_S19S_0100_Sed,383.1347075
22,Sample_S19S_0100_Sed,383.1477567
28,Sample_S19S_0100_Sed,383.1711132
22,Sample_S19S_0100_Sed,383.184187
44,Sample_S19S_0100_Sed,383.2075249
29,Sample_S19S_0100_Sed,383.2439132
4,Sample_S19S_0100_Sed,384.1430092
33,Sample_S19S_0100_Sed,384.1664077
49,Sample_S19S_0100_Sed,385.0776412
15,Sample_S19S_0100_Sed,385.1139909
19,Sample_S19S_0100_Sed,385.1423072
32,Sample_S19S_0100_Sed,385.1503825
13,Sample_S19S_0100_Sed,385.1634062
1,Sample_S19S_0100_Sed,385.1702723
45,Sample_S19S_0100_Sed,385.1868285
14,Sample_S19S_0100_Sed,385.2231361
28,Sample_S19S_0100_Sed,385.2595906
38,Sample_S19S_0100_Sed,386.1820531
23,Sample_S19S_0100_Sed,387.0358113
13,Sample_S19S_0100_Sed,387.0932457
44,Sample_S19S_0100_Sed,387.1085636
64,Sample_S19S_0100_Sed,387.1296791
24,Sample_S19S_0100_Sed,387.1579654
7,Sample_S19S_0100_Sed,387.1659841
26,Sample_S19S_0100_Sed,387.19436
38,Sample_S19S_0100_Sed,387.2024406
27,Sample_S19S_0100_Sed,387.2388297
2,Sample_S19S_0100_Sed,388.2987452
22,Sample_S19S_0100_Sed,389.051417
45,Sample_S19S_0100_Sed,389.0878118
15,Sample_S19S_0100_Sed,389.1008827
1,Sample_S19S_0100_Sed,389.1135404
21,Sample_S19S_0100_Sed,389.1372295
13,Sample_S19S_0100_Sed,389.1452618
1,Sample_S19S_0100_Sed,389.1677218
30,Sample_S19S_0100_Sed,389.1736085
22,Sample_S19S_0100_Sed,389.1816725
34,Sample_S19S_0100_Sed,389.2180886
1,Sample_S19S_0100_Sed,389.3191703
1,Sample_S19S_0100_Sed,390.2132816
11,Sample_S19S_0100_Sed,391.0307447
19,Sample_S19S_0100_Sed,391.0670531
19,Sample_S19S_0100_Sed,391.1034381
2,Sample_S19S_0100_Sed,391.1105459
19,Sample_S19S_0100_Sed,391.1528412
4,Sample_S19S_0100_Sed,391.1608948
22,Sample_S19S_0100_Sed,391.1892281
4,Sample_S19S_0100_Sed,391.1972085
9,Sample_S19S_0100_Sed,391.2256863
7,Sample_S19S_0100_Sed,391.2620068
11,Sample_S19S_0100_Sed,392.1198706
10,Sample_S19S_0100_Sed,392.2209084
13,Sample_S19S_0100_Sed,393.0463154
45,Sample_S19S_0100_Sed,393.0827628
53,Sample_S19S_0100_Sed,393.1191285
20,Sample_S19S_0100_Sed,393.1321265
23,Sample_S19S_0100_Sed,393.1554711
23,Sample_S19S_0100_Sed,393.1685262
24,Sample_S19S_0100_Sed,393.2049392
2,Sample_S19S_0100_Sed,393.2161336
16,Sample_S19S_0100_Sed,393.2412462
4,Sample_S19S_0100_Sed,393.2776995
3,Sample_S19S_0100_Sed,394.1637274
6,Sample_S19S_0100_Sed,394.2001939
5,Sample_S19S_0100_Sed,394.2364931
20,Sample_S19S_0100_Sed,395.0619708
28,Sample_S19S_0100_Sed,395.0984243
22,Sample_S19S_0100_Sed,395.1114167
80,Sample_S19S_0100_Sed,395.1347697
26,Sample_S19S_0100_Sed,395.1477706
17,Sample_S19S_0100_Sed,395.2075813
22,Sample_S19S_0100_Sed,395.2205826
2,Sample_S19S_0100_Sed,395.2317962
5,Sample_S19S_0100_Sed,396.1066573
8,Sample_S19S_0100_Sed,396.1430161
5,Sample_S19S_0100_Sed,396.1875433
8,Sample_S19S_0100_Sed,396.2158367
19,Sample_S19S_0100_Sed,397.0412485
13,Sample_S19S_0100_Sed,397.0775828
41,Sample_S19S_0100_Sed,397.1140135
17,Sample_S19S_0100_Sed,397.1270557
63,Sample_S19S_0100_Sed,397.1504225
21,Sample_S19S_0100_Sed,397.1634297
22,Sample_S19S_0100_Sed,397.1867602
12,Sample_S19S_0100_Sed,397.1997808
40,Sample_S19S_0100_Sed,397.2232052
4,Sample_S19S_0100_Sed,398.1222468
7,Sample_S19S_0100_Sed,399.0568344
29,Sample_S19S_0100_Sed,399.0932727
43,Sample_S19S_0100_Sed,399.1296635
12,Sample_S19S_0100_Sed,399.1579458
2,Sample_S19S_0100_Sed,399.1603437
4,Sample_S19S_0100_Sed,399.1659287
11,Sample_S19S_0100_Sed,399.1790309
2,Sample_S19S_0100_Sed,399.1884911
16,Sample_S19S_0100_Sed,399.1943775
40,Sample_S19S_0100_Sed,399.2024375
3,Sample_S19S_0100_Sed,399.2176725
18,Sample_S19S_0100_Sed,399.2388025
2,Sample_S19S_0100_Sed,399.2751285
4,Sample_S19S_0100_Sed,400.1378995
33,Sample_S19S_0100_Sed,401.0514549
6,Sample_S19S_0100_Sed,401.0725084
34,Sample_S19S_0100_Sed,401.1089631
54,Sample_S19S_0100_Sed,401.1453284
1,Sample_S19S_0100_Sed,401.1651827
19,Sample_S19S_0100_Sed,401.1736033
17,Sample_S19S_0100_Sed,401.1816514
2,Sample_S19S_0100_Sed,401.204141
25,Sample_S19S_0100_Sed,401.2100146
33,Sample_S19S_0100_Sed,401.2180808
19,Sample_S19S_0100_Sed,401.2544603
41,Sample_S19S_0100_Sed,403.0671122
12,Sample_S19S_0100_Sed,403.1164656
7,Sample_S19S_0100_Sed,403.1245163
21,Sample_S19S_0100_Sed,403.1529106
24,Sample_S19S_0100_Sed,403.1609357
35,Sample_S19S_0100_Sed,403.1973716
18,Sample_S19S_0100_Sed,403.2256482
12,Sample_S19S_0100_Sed,403.2336971
1,Sample_S19S_0100_Sed,403.3347743
23,Sample_S19S_0100_Sed,404.1926065
1,Sample_S19S_0100_Sed,404.2937097
33,Sample_S19S_0100_Sed,405.0463718
22,Sample_S19S_0100_Sed,405.0827082
1,Sample_S19S_0100_Sed,405.1083568
23,Sample_S19S_0100_Sed,405.1321292
26,Sample_S19S_0100_Sed,405.1685606
12,Sample_S19S_0100_Sed,405.1765627
15,Sample_S19S_0100_Sed,405.2048711
3,Sample_S19S_0100_Sed,405.2128312
9,Sample_S19S_0100_Sed,405.2776864
8,Sample_S19S_0100_Sed,406.2364932
3,Sample_S19S_0100_Sed,406.3092961
28,Sample_S19S_0100_Sed,407.0620299
58,Sample_S19S_0100_Sed,407.0983755
1,Sample_S19S_0100_Sed,407.1054532
9,Sample_S19S_0100_Sed,407.1113661
48,Sample_S19S_0100_Sed,407.1347505
27,Sample_S19S_0100_Sed,407.1477958
22,Sample_S19S_0100_Sed,407.2205546
12,Sample_S19S_0100_Sed,407.2568891
11,Sample_S19S_0100_Sed,409.07757
59,Sample_S19S_0100_Sed,409.1140221
21,Sample_S19S_0100_Sed,409.1270356
68,Sample_S19S_0100_Sed,409.1504235
14,Sample_S19S_0100_Sed,409.1633923
9,Sample_S19S_0100_Sed,409.1997594
4,Sample_S19S_0100_Sed,409.2110293
42,Sample_S19S_0100_Sed,409.2231724
16,Sample_S19S_0100_Sed,409.236154
7,Sample_S19S_0100_Sed,410.1221742
5,Sample_S19S_0100_Sed,410.1586186
8,Sample_S19S_0100_Sed,411.0568579
48,Sample_S19S_0100_Sed,411.0933142
57,Sample_S19S_0100_Sed,411.1296933
27,Sample_S19S_0100_Sed,411.1426758
1,Sample_S19S_0100_Sed,411.1603771
35,Sample_S19S_0100_Sed,411.1660419
18,Sample_S19S_0100_Sed,411.1790746
6,Sample_S19S_0100_Sed,411.2022993
22,Sample_S19S_0100_Sed,411.2154903
6,Sample_S19S_0100_Sed,411.2235497
33,Sample_S19S_0100_Sed,411.2388467
3,Sample_S19S_0100_Sed,412.137911
1,Sample_S19S_0100_Sed,412.1743971
14,Sample_S19S_0100_Sed,413.1008794
45,Sample_S19S_0100_Sed,413.1089345
6,Sample_S19S_0100_Sed,413.1372735
18,Sample_S19S_0100_Sed,413.1452768
22,Sample_S19S_0100_Sed,413.1736056
2,Sample_S19S_0100_Sed,413.1759958
7,Sample_S19S_0100_Sed,413.1816156
1,Sample_S19S_0100_Sed,413.2041017
13,Sample_S19S_0100_Sed,413.2100122
21,Sample_S19S_0100_Sed,413.2180661
24,Sample_S19S_0100_Sed,413.2544798
2,Sample_S19S_0100_Sed,415.0340778
1,Sample_S19S_0100_Sed,415.0671726
27,Sample_S19S_0100_Sed,415.0881916
20,Sample_S19S_0100_Sed,415.1245406
8,Sample_S19S_0100_Sed,415.1529316
45,Sample_S19S_0100_Sed,415.1609859
39,Sample_S19S_0100_Sed,415.1973464
8,Sample_S19S_0100_Sed,415.219815
14,Sample_S19S_0100_Sed,415.2256541
13,Sample_S19S_0100_Sed,415.2336924
23,Sample_S19S_0100_Sed,415.2701205
12,Sample_S19S_0100_Sed,416.1925804
13,Sample_S19S_0100_Sed,417.0463346
11,Sample_S19S_0100_Sed,417.0826722
45,Sample_S19S_0100_Sed,417.1191101
27,Sample_S19S_0100_Sed,417.1321667
28,Sample_S19S_0100_Sed,417.1402188
1,Sample_S19S_0100_Sed,417.1627099
32,Sample_S19S_0100_Sed,417.1685514
17,Sample_S19S_0100_Sed,417.1765666
14,Sample_S19S_0100_Sed,417.2048604
6,Sample_S19S_0100_Sed,417.2128787
10,Sample_S19S_0100_Sed,417.2493486
15,Sample_S19S_0100_Sed,419.0619721
4,Sample_S19S_0100_Sed,419.0982983
3,Sample_S19S_0100_Sed,419.1113471
60,Sample_S19S_0100_Sed,419.1347745
17,Sample_S19S_0100_Sed,419.1478319
14,Sample_S19S_0100_Sed,419.1558387
33,Sample_S19S_0100_Sed,419.1842051
4,Sample_S19S_0100_Sed,419.1921608
16,Sample_S19S_0100_Sed,419.2205119
8,Sample_S19S_0100_Sed,419.2285513
2,Sample_S19S_0100_Sed,419.3296987
5,Sample_S19S_0100_Sed,420.2521315
15,Sample_S19S_0100_Sed,421.0412704
6,Sample_S19S_0100_Sed,421.0777047
14,Sample_S19S_0100_Sed,421.1270174
53,Sample_S19S_0100_Sed,421.1504292
1,Sample_S19S_0100_Sed,421.1552081
32,Sample_S19S_0100_Sed,421.1634511
15,Sample_S19S_0100_Sed,421.2362004
11,Sample_S19S_0100_Sed,422.2031632
13,Sample_S19S_0100_Sed,423.093231
72,Sample_S19S_0100_Sed,423.1296813
13,Sample_S19S_0100_Sed,423.1426961
28,Sample_S19S_0100_Sed,423.179095
21,Sample_S19S_0100_Sed,423.2154249
1,Sample_S19S_0100_Sed,423.2387546
24,Sample_S19S_0100_Sed,425.1089252
5,Sample_S19S_0100_Sed,425.1453873
22,Sample_S19S_0100_Sed,425.1583275
20,Sample_S19S_0100_Sed,425.1947046
2,Sample_S19S_0100_Sed,425.2178813
17,Sample_S19S_0100_Sed,425.2311014
27,Sample_S19S_0100_Sed,425.2544996
4,Sample_S19S_0100_Sed,426.1172003
7,Sample_S19S_0100_Sed,426.153527
58,Sample_S19S_0100_Sed,427.1245871
1,Sample_S19S_0100_Sed,427.1610597
32,Sample_S19S_0100_Sed,427.1973395
19,Sample_S19S_0100_Sed,427.2103578
26,Sample_S19S_0100_Sed,427.2337286
19,Sample_S19S_0100_Sed,427.2701368
11,Sample_S19S_0100_Sed,428.1925676
1,Sample_S19S_0100_Sed,429.1039457
47,Sample_S19S_0100_Sed,429.1402424
25,Sample_S19S_0100_Sed,429.1685491
24,Sample_S19S_0100_Sed,429.1765924
31,Sample_S19S_0100_Sed,429.2129876
1,Sample_S19S_0100_Sed,429.2355333
29,Sample_S19S_0100_Sed,429.2494299
1,Sample_S19S_0100_Sed,430.194397
13,Sample_S19S_0100_Sed,430.2083192
27,Sample_S19S_0100_Sed,431.0620177
36,Sample_S19S_0100_Sed,431.098388
23,Sample_S19S_0100_Sed,431.1477957
15,Sample_S19S_0100_Sed,431.1558407
25,Sample_S19S_0100_Sed,431.1922364
6,Sample_S19S_0100_Sed,431.2206124
21,Sample_S19S_0100_Sed,431.2286229
7,Sample_S19S_0100_Sed,431.264934
8,Sample_S19S_0100_Sed,432.1876103
31,Sample_S19S_0100_Sed,433.077665
9,Sample_S19S_0100_Sed,433.1139658
8,Sample_S19S_0100_Sed,433.1269982
26,Sample_S19S_0100_Sed,433.1634586
15,Sample_S19S_0100_Sed,433.1714809
4,Sample_S19S_0100_Sed,433.1940528
7,Sample_S19S_0100_Sed,433.1998888
24,Sample_S19S_0100_Sed,433.2079014
4,Sample_S19S_0100_Sed,433.2208714
10,Sample_S19S_0100_Sed,433.2361951
6,Sample_S19S_0100_Sed,433.2441921
9,Sample_S19S_0100_Sed,434.2677929
14,Sample_S19S_0100_Sed,435.0569041
45,Sample_S19S_0100_Sed,435.093324
13,Sample_S19S_0100_Sed,435.1296329
9,Sample_S19S_0100_Sed,435.1426364
2,Sample_S19S_0100_Sed,435.160379
27,Sample_S19S_0100_Sed,435.1790631
14,Sample_S19S_0100_Sed,435.2155119
18,Sample_S19S_0100_Sed,435.25188
6,Sample_S19S_0100_Sed,436.1742724
10,Sample_S19S_0100_Sed,437.0361523
10,Sample_S19S_0100_Sed,437.072483
14,Sample_S19S_0100_Sed,437.1088959
6,Sample_S19S_0100_Sed,437.1219003
32,Sample_S19S_0100_Sed,437.1453651
26,Sample_S19S_0100_Sed,437.158378
22,Sample_S19S_0100_Sed,437.1946984
15,Sample_S19S_0100_Sed,437.2310601
5,Sample_S19S_0100_Sed,439.051737
50,Sample_S19S_0100_Sed,439.1246064
21,Sample_S19S_0100_Sed,439.1609425
11,Sample_S19S_0100_Sed,439.1973056
8,Sample_S19S_0100_Sed,439.2103099
4,Sample_S19S_0100_Sed,439.246834
20,Sample_S19S_0100_Sed,439.2701623
7,Sample_S19S_0100_Sed,440.1692728
10,Sample_S19S_0100_Sed,441.0674409
38,Sample_S19S_0100_Sed,441.1402285
15,Sample_S19S_0100_Sed,441.1765589
13,Sample_S19S_0100_Sed,441.2129575
9,Sample_S19S_0100_Sed,441.2494531
16,Sample_S19S_0100_Sed,441.2858146
13,Sample_S19S_0100_Sed,443.0830557
13,Sample_S19S_0100_Sed,443.0984287
3,Sample_S19S_0100_Sed,443.1478565
45,Sample_S19S_0100_Sed,443.1558944
24,Sample_S19S_0100_Sed,443.1841796
10,Sample_S19S_0100_Sed,443.1922057
7,Sample_S19S_0100_Sed,443.2285235
23,Sample_S19S_0100_Sed,443.2650816
1,Sample_S19S_0100_Sed,444.2027089
2,Sample_S19S_0100_Sed,444.2099819
9,Sample_S19S_0100_Sed,445.127011
4,Sample_S19S_0100_Sed,445.1350548
25,Sample_S19S_0100_Sed,445.1634705
40,Sample_S19S_0100_Sed,445.1715289
36,Sample_S19S_0100_Sed,445.2079177
22,Sample_S19S_0100_Sed,445.2442897
3,Sample_S19S_0100_Sed,446.0728598
11,Sample_S19S_0100_Sed,446.2031197
2,Sample_S19S_0100_Sed,447.056785
6,Sample_S19S_0100_Sed,447.09323
19,Sample_S19S_0100_Sed,447.1427418
28,Sample_S19S_0100_Sed,447.179104
2,Sample_S19S_0100_Sed,447.1869913
11,Sample_S19S_0100_Sed,447.2154152
8,Sample_S19S_0100_Sed,447.2234126
10,Sample_S19S_0100_Sed,447.2518394
8,Sample_S19S_0100_Sed,449.0724952
18,Sample_S19S_0100_Sed,449.1219859
48,Sample_S19S_0100_Sed,449.1453221
29,Sample_S19S_0100_Sed,449.1583358
1,Sample_S19S_0100_Sed,449.1735875
11,Sample_S19S_0100_Sed,449.1946593
15,Sample_S19S_0100_Sed,449.2310912
5,Sample_S19S_0100_Sed,450.1898917
4,Sample_S19S_0100_Sed,451.0517204
12,Sample_S19S_0100_Sed,451.0881744
28,Sample_S19S_0100_Sed,451.124616
1,Sample_S19S_0100_Sed,451.1552795
18,Sample_S19S_0100_Sed,451.1609528
15,Sample_S19S_0100_Sed,451.1739524
2,Sample_S19S_0100_Sed,451.1916101
11,Sample_S19S_0100_Sed,451.2103087
1,Sample_S19S_0100_Sed,451.2280387
13,Sample_S19S_0100_Sed,451.2467303
16,Sample_S19S_0100_Sed,452.1692639
9,Sample_S19S_0100_Sed,453.0673983
6,Sample_S19S_0100_Sed,453.1037558
18,Sample_S19S_0100_Sed,453.140211
15,Sample_S19S_0100_Sed,453.1532352
51,Sample_S19S_0100_Sed,453.1766436
23,Sample_S19S_0100_Sed,453.1896338
13,Sample_S19S_0100_Sed,453.2259797
7,Sample_S19S_0100_Sed,453.2492245
4,Sample_S19S_0100_Sed,454.1484722
26,Sample_S19S_0100_Sed,455.0831528
17,Sample_S19S_0100_Sed,455.1194736
4,Sample_S19S_0100_Sed,455.1558023
7,Sample_S19S_0100_Sed,455.1921775
17,Sample_S19S_0100_Sed,455.2052634
7,Sample_S19S_0100_Sed,455.2285132
21,Sample_S19S_0100_Sed,455.2650512
1,Sample_S19S_0100_Sed,456.1642324
12,Sample_S19S_0100_Sed,457.0624071
9,Sample_S19S_0100_Sed,457.0986905
7,Sample_S19S_0100_Sed,457.1350642
15,Sample_S19S_0100_Sed,457.1634444
27,Sample_S19S_0100_Sed,457.1715231
31,Sample_S19S_0100_Sed,457.2079257
12,Sample_S19S_0100_Sed,457.2362399
12,Sample_S19S_0100_Sed,457.2442623
6,Sample_S19S_0100_Sed,457.280565
7,Sample_S19S_0100_Sed,459.0932353
28,Sample_S19S_0100_Sed,459.142719
24,Sample_S19S_0100_Sed,459.1508169
21,Sample_S19S_0100_Sed,459.1661042
32,Sample_S19S_0100_Sed,459.1872169
9,Sample_S19S_0100_Sed,459.2155229
14,Sample_S19S_0100_Sed,459.2235091
7,Sample_S19S_0100_Sed,459.2598321
23,Sample_S19S_0100_Sed,461.1583343
6,Sample_S19S_0100_Sed,461.1889708
6,Sample_S19S_0100_Sed,461.1948089
10,Sample_S19S_0100_Sed,461.2027689
30,Sample_S19S_0100_Sed,461.2311454
10,Sample_S19S_0100_Sed,461.2391228
11,Sample_S19S_0100_Sed,463.0518315
3,Sample_S19S_0100_Sed,463.1375144
12,Sample_S19S_0100_Sed,463.1739081
29,Sample_S19S_0100_Sed,463.210366
23,Sample_S19S_0100_Sed,463.2467901
4,Sample_S19S_0100_Sed,465.06738
27,Sample_S19S_0100_Sed,465.1896305
10,Sample_S19S_0100_Sed,465.2259434
8,Sample_S19S_0100_Sed,465.2623148
2,Sample_S19S_0100_Sed,466.1847506
22,Sample_S19S_0100_Sed,467.0831629
16,Sample_S19S_0100_Sed,467.2052403
24,Sample_S19S_0100_Sed,467.2416996
12,Sample_S19S_0100_Sed,469.062394
10,Sample_S19S_0100_Sed,469.0986993
25,Sample_S19S_0100_Sed,469.2078959
22,Sample_S19S_0100_Sed,469.2209608
27,Sample_S19S_0100_Sed,469.2442937
9,Sample_S19S_0100_Sed,469.2806636
1,Sample_S19S_0100_Sed,471.1506882
14,Sample_S19S_0100_Sed,471.1871307
25,Sample_S19S_0100_Sed,471.2235442
9,Sample_S19S_0100_Sed,471.2598467
3,Sample_S19S_0100_Sed,471.2961918
15,Sample_S19S_0100_Sed,473.0726032
36,Sample_S19S_0100_Sed,473.1089772
7,Sample_S19S_0100_Sed,473.1452829
7,Sample_S19S_0100_Sed,473.1582831
7,Sample_S19S_0100_Sed,473.1663521
10,Sample_S19S_0100_Sed,473.1946924
11,Sample_S19S_0100_Sed,473.2027392
30,Sample_S19S_0100_Sed,473.2311386
21,Sample_S19S_0100_Sed,473.2392065
21,Sample_S19S_0100_Sed,473.2756478
3,Sample_S19S_0100_Sed,475.0517049
9,Sample_S19S_0100_Sed,475.0881586
42,Sample_S19S_0100_Sed,475.1245966
43,Sample_S19S_0100_Sed,475.1609843
22,Sample_S19S_0100_Sed,475.1739813
8,Sample_S19S_0100_Sed,475.2103074
4,Sample_S19S_0100_Sed,475.2546749
8,Sample_S19S_0100_Sed,477.1037802
7,Sample_S19S_0100_Sed,477.1531747
10,Sample_S19S_0100_Sed,477.1895617
1,Sample_S19S_0100_Sed,477.2072691
27,Sample_S19S_0100_Sed,477.2260597
18,Sample_S19S_0100_Sed,477.262427
3,Sample_S19S_0100_Sed,479.0830028
36,Sample_S19S_0100_Sed,479.1559168
6,Sample_S19S_0100_Sed,479.1689644
25,Sample_S19S_0100_Sed,479.2053091
19,Sample_S19S_0100_Sed,479.2416827
5,Sample_S19S_0100_Sed,480.151082
6,Sample_S19S_0100_Sed,481.1634867
15,Sample_S19S_0100_Sed,481.1845085
9,Sample_S19S_0100_Sed,481.2208584
4,Sample_S19S_0100_Sed,482.1797251
25,Sample_S19S_0100_Sed,483.1871699
13,Sample_S19S_0100_Sed,483.2001521
9,Sample_S19S_0100_Sed,483.2234722
2,Sample_S19S_0100_Sed,483.259746
9,Sample_S19S_0100_Sed,483.2963101
6,Sample_S19S_0100_Sed,485.2390821
8,Sample_S19S_0100_Sed,485.275439
3,Sample_S19S_0100_Sed,485.3118215
5,Sample_S19S_0100_Sed,487.2104698
21,Sample_S19S_0100_Sed,487.2184679
5,Sample_S19S_0100_Sed,487.2410284
20,Sample_S19S_0100_Sed,487.254845
15,Sample_S19S_0100_Sed,489.067487
14,Sample_S19S_0100_Sed,489.1039118
10,Sample_S19S_0100_Sed,489.1402055
10,Sample_S19S_0100_Sed,489.1895365
7,Sample_S19S_0100_Sed,489.2259164
6,Sample_S19S_0100_Sed,489.2703605
4,Sample_S19S_0100_Sed,491.0830123
17,Sample_S19S_0100_Sed,491.1689084
4,Sample_S19S_0100_Sed,491.2053832
4,Sample_S19S_0100_Sed,491.2417678
10,Sample_S19S_0100_Sed,491.2780744
2,Sample_S19S_0100_Sed,492.2448676
4,Sample_S19S_0100_Sed,493.0622921
2,Sample_S19S_0100_Sed,493.1270629
41,Sample_S19S_0100_Sed,493.1351653
4,Sample_S19S_0100_Sed,493.1846305
21,Sample_S19S_0100_Sed,493.2209368
1,Sample_S19S_0100_Sed,493.2418569
11,Sample_S19S_0100_Sed,493.2572378
8,Sample_S19S_0100_Sed,494.1798099
1,Sample_S19S_0100_Sed,495.1427989
12,Sample_S19S_0100_Sed,495.2001254
10,Sample_S19S_0100_Sed,495.2365338
4,Sample_S19S_0100_Sed,495.2597197
5,Sample_S19S_0100_Sed,497.2157304
3,Sample_S19S_0100_Sed,497.2390455
4,Sample_S19S_0100_Sed,497.2754084
10,Sample_S19S_0100_Sed,498.1617513
16,Sample_S19S_0100_Sed,499.2104255
11,Sample_S19S_0100_Sed,499.2184243
3,Sample_S19S_0100_Sed,499.2546595
1,Sample_S19S_0100_Sed,499.2910097
20,Sample_S19S_0100_Sed,501.1896846
16,Sample_S19S_0100_Sed,501.2341074
17,Sample_S19S_0100_Sed,501.2705063
7,Sample_S19S_0100_Sed,501.3067877
24,Sample_S19S_0100_Sed,503.1195309
8,Sample_S19S_0100_Sed,503.2051842
6,Sample_S19S_0100_Sed,503.2415628
5,Sample_S19S_0100_Sed,503.2779927
3,Sample_S19S_0100_Sed,503.2860944
7,Sample_S19S_0100_Sed,505.1350781
6,Sample_S19S_0100_Sed,505.221033
14,Sample_S19S_0100_Sed,505.2573293
1,Sample_S19S_0100_Sed,506.1875783
1,Sample_S19S_0100_Sed,506.2239648
15,Sample_S19S_0100_Sed,507.2001826
10,Sample_S19S_0100_Sed,507.2364864
5,Sample_S19S_0100_Sed,507.2728559
12,Sample_S19S_0100_Sed,509.2157568
12,Sample_S19S_0100_Sed,509.2522003
3,Sample_S19S_0100_Sed,509.2755137
3,Sample_S19S_0100_Sed,511.1375472
8,Sample_S19S_0100_Sed,511.2183807
7,Sample_S19S_0100_Sed,511.231412
7,Sample_S19S_0100_Sed,511.2547768
5,Sample_S19S_0100_Sed,511.2911339
4,Sample_S19S_0100_Sed,513.1895585
3,Sample_S19S_0100_Sed,513.233912
6,Sample_S19S_0100_Sed,513.2704612
7,Sample_S19S_0100_Sed,513.3068739
8,Sample_S19S_0100_Sed,515.2052029
3,Sample_S19S_0100_Sed,515.213195
5,Sample_S19S_0100_Sed,515.2495874
7,Sample_S19S_0100_Sed,515.2860627
10,Sample_S19S_0100_Sed,515.3225486
13,Sample_S19S_0100_Sed,517.2208996
4,Sample_S19S_0100_Sed,517.2572088
4,Sample_S19S_0100_Sed,517.3015875
23,Sample_S19S_0100_Sed,519.2002386
6,Sample_S19S_0100_Sed,519.2366622
7,Sample_S19S_0100_Sed,519.2730269
1,Sample_S19S_0100_Sed,521.2157156
13,Sample_S19S_0100_Sed,521.2521448
14,Sample_S19S_0100_Sed,523.231536
10,Sample_S19S_0100_Sed,524.1903581
8,Sample_S19S_0100_Sed,525.2340332
11,Sample_S19S_0100_Sed,525.2470626
4,Sample_S19S_0100_Sed,525.270299
6,Sample_S19S_0100_Sed,526.2058859
6,Sample_S19S_0100_Sed,527.2132606
4,Sample_S19S_0100_Sed,527.2495897
7,Sample_S19S_0100_Sed,527.28601
5,Sample_S19S_0100_Sed,527.3224375
9,Sample_S19S_0100_Sed,529.2208396
6,Sample_S19S_0100_Sed,529.2652092
6,Sample_S19S_0100_Sed,529.3017656
9,Sample_S19S_0100_Sed,531.2001725
6,Sample_S19S_0100_Sed,531.280929
4,Sample_S19S_0100_Sed,533.2156961
1,Sample_S19S_0100_Sed,533.2884424
9,Sample_S19S_0100_Sed,535.2314389
13,Sample_S19S_0100_Sed,535.2677938
5,Sample_S19S_0100_Sed,537.247225
13,Sample_S19S_0100_Sed,537.2835599
6,Sample_S19S_0100_Sed,539.2496267
18,Sample_S19S_0100_Sed,541.2290565
7,Sample_S19S_0100_Sed,541.2652897
5,Sample_S19S_0100_Sed,541.3015887
6,Sample_S19S_0100_Sed,543.2808575
4,Sample_S19S_0100_Sed,543.3173823
1,Sample_S19S_0100_Sed,545.2523758
1,Sample_S19S_0100_Sed,545.2602726
4,Sample_S19S_0100_Sed,545.3330671
15,Sample_S19S_0100_Sed,547.2315171
13,Sample_S19S_0100_Sed,547.2678735
5,Sample_S19S_0100_Sed,549.2470293
2,Sample_S19S_0100_Sed,549.283364
4,Sample_S19S_0100_Sed,551.2262635
6,Sample_S19S_0100_Sed,557.3328937
8,Sample_S19S_0100_Sed,563.2263607
12,Sample_S19S_0100_Sed,563.2627092
4,Sample_S19S_0100_Sed,567.2576427
3,Sample_S19S_0100_Sed,571.3487705
1,Sample_S19S_0100_Sed,579.2578267
8,Sample_S19S_0100_Sed,581.2733053
5,Sample_S19S_0100_Sed,583.3487878
4,Sample_S19S_0100_Sed,605.3096659
