num.trans.involved.in,sample,peak
44,Sample_S19S_0090_Sed,241.03537
3,Sample_S19S_0090_Sed,241.0466195
20,Sample_S19S_0090_Sed,241.0717422
11,Sample_S19S_0090_Sed,241.1081087
7,Sample_S19S_0090_Sed,241.1193918
9,Sample_S19S_0090_Sed,241.1445007
8,Sample_S19S_0090_Sed,242.0670034
12,Sample_S19S_0090_Sed,242.139775
2,Sample_S19S_0090_Sed,242.1761465
46,Sample_S19S_0090_Sed,243.0510224
13,Sample_S19S_0090_Sed,243.0873816
8,Sample_S19S_0090_Sed,243.1237626
18,Sample_S19S_0090_Sed,243.1601665
26,Sample_S19S_0090_Sed,243.1965883
8,Sample_S19S_0090_Sed,244.1302798
64,Sample_S19S_0090_Sed,245.0666847
49,Sample_S19S_0090_Sed,245.1030642
4,Sample_S19S_0090_Sed,245.1142776
22,Sample_S19S_0090_Sed,245.1394342
7,Sample_S19S_0090_Sed,246.1095509
5,Sample_S19S_0090_Sed,246.134683
27,Sample_S19S_0090_Sed,247.024801
41,Sample_S19S_0090_Sed,247.0612011
57,Sample_S19S_0090_Sed,247.0823368
7,Sample_S19S_0090_Sed,247.0935696
44,Sample_S19S_0090_Sed,247.118733
12,Sample_S19S_0090_Sed,248.1139872
27,Sample_S19S_0090_Sed,249.0040636
2,Sample_S19S_0090_Sed,249.0227066
53,Sample_S19S_0090_Sed,249.0404675
50,Sample_S19S_0090_Sed,249.0768527
17,Sample_S19S_0090_Sed,249.1132224
28,Sample_S19S_0090_Sed,249.1496147
7,Sample_S19S_0090_Sed,250.1448617
51,Sample_S19S_0090_Sed,251.0197332
30,Sample_S19S_0090_Sed,251.0560986
2,Sample_S19S_0090_Sed,251.0594793
1,Sample_S19S_0090_Sed,251.0785764
73,Sample_S19S_0090_Sed,251.0925063
4,Sample_S19S_0090_Sed,251.0958765
5,Sample_S19S_0090_Sed,251.1037616
32,Sample_S19S_0090_Sed,251.1289035
33,Sample_S19S_0090_Sed,252.9989785
63,Sample_S19S_0090_Sed,253.0353983
75,Sample_S19S_0090_Sed,253.0717756
5,Sample_S19S_0090_Sed,253.0829986
20,Sample_S19S_0090_Sed,253.1081345
40,Sample_S19S_0090_Sed,253.1445337
35,Sample_S19S_0090_Sed,255.0146298
59,Sample_S19S_0090_Sed,255.0510433
3,Sample_S19S_0090_Sed,255.0622462
80,Sample_S19S_0090_Sed,255.0874163
24,Sample_S19S_0090_Sed,255.1237776
41,Sample_S19S_0090_Sed,255.1602018
12,Sample_S19S_0090_Sed,255.2329705
51,Sample_S19S_0090_Sed,257.030304
36,Sample_S19S_0090_Sed,257.0455598
60,Sample_S19S_0090_Sed,257.0666765
38,Sample_S19S_0090_Sed,257.1030521
49,Sample_S19S_0090_Sed,257.1394516
30,Sample_S19S_0090_Sed,257.175834
13,Sample_S19S_0090_Sed,258.1347123
16,Sample_S19S_0090_Sed,258.145966
35,Sample_S19S_0090_Sed,259.0248281
58,Sample_S19S_0090_Sed,259.0459547
63,Sample_S19S_0090_Sed,259.0823405
51,Sample_S19S_0090_Sed,259.1187072
12,Sample_S19S_0090_Sed,259.1299532
44,Sample_S19S_0090_Sed,259.1551113
13,Sample_S19S_0090_Sed,260.1503532
35,Sample_S19S_0090_Sed,261.0040785
44,Sample_S19S_0090_Sed,261.040468
44,Sample_S19S_0090_Sed,261.0980071
4,Sample_S19S_0090_Sed,261.1244971
47,Sample_S19S_0090_Sed,261.1343647
1,Sample_S19S_0090_Sed,261.9555802
34,Sample_S19S_0090_Sed,263.019721
50,Sample_S19S_0090_Sed,263.0561329
21,Sample_S19S_0090_Sed,263.0924815
23,Sample_S19S_0090_Sed,263.128908
4,Sample_S19S_0090_Sed,263.1401424
31,Sample_S19S_0090_Sed,263.1652771
1,Sample_S19S_0090_Sed,264.0473979
35,Sample_S19S_0090_Sed,264.9989861
60,Sample_S19S_0090_Sed,265.0353938
49,Sample_S19S_0090_Sed,265.0717855
3,Sample_S19S_0090_Sed,265.07514
63,Sample_S19S_0090_Sed,265.1081545
3,Sample_S19S_0090_Sed,265.1194378
36,Sample_S19S_0090_Sed,265.1445692
4,Sample_S19S_0090_Sed,265.1479151
6,Sample_S19S_0090_Sed,265.1575521
15,Sample_S19S_0090_Sed,265.1809039
3,Sample_S19S_0090_Sed,266.089493
7,Sample_S19S_0090_Sed,266.1246093
43,Sample_S19S_0090_Sed,267.0146829
73,Sample_S19S_0090_Sed,267.0510336
4,Sample_S19S_0090_Sed,267.0735078
63,Sample_S19S_0090_Sed,267.0874299
64,Sample_S19S_0090_Sed,267.123805
33,Sample_S19S_0090_Sed,267.1601848
33,Sample_S19S_0090_Sed,267.1965985
50,Sample_S19S_0090_Sed,269.0303205
74,Sample_S19S_0090_Sed,269.0666802
65,Sample_S19S_0090_Sed,269.1030627
49,Sample_S19S_0090_Sed,269.1394657
40,Sample_S19S_0090_Sed,269.1758579
28,Sample_S19S_0090_Sed,269.2122378
8,Sample_S19S_0090_Sed,270.2074858
41,Sample_S19S_0090_Sed,271.0459737
57,Sample_S19S_0090_Sed,271.0823212
64,Sample_S19S_0090_Sed,271.118718
42,Sample_S19S_0090_Sed,271.1551343
39,Sample_S19S_0090_Sed,271.1914941
22,Sample_S19S_0090_Sed,271.227892
11,Sample_S19S_0090_Sed,272.1504094
10,Sample_S19S_0090_Sed,272.1615976
41,Sample_S19S_0090_Sed,273.040478
48,Sample_S19S_0090_Sed,273.061591
62,Sample_S19S_0090_Sed,273.0979879
47,Sample_S19S_0090_Sed,273.1343844
45,Sample_S19S_0090_Sed,273.1707658
11,Sample_S19S_0090_Sed,274.1408667
43,Sample_S19S_0090_Sed,275.0197425
42,Sample_S19S_0090_Sed,275.0561155
1,Sample_S19S_0090_Sed,275.0958927
47,Sample_S19S_0090_Sed,275.1136274
42,Sample_S19S_0090_Sed,275.1500444
49,Sample_S19S_0090_Sed,276.9990278
58,Sample_S19S_0090_Sed,277.0354157
51,Sample_S19S_0090_Sed,277.0717892
58,Sample_S19S_0090_Sed,277.1081544
37,Sample_S19S_0090_Sed,277.1445377
3,Sample_S19S_0090_Sed,277.1558147
1,Sample_S19S_0090_Sed,278.0630512
4,Sample_S19S_0090_Sed,278.1146622
35,Sample_S19S_0090_Sed,279.0146331
61,Sample_S19S_0090_Sed,279.0510516
39,Sample_S19S_0090_Sed,279.0874539
1,Sample_S19S_0090_Sed,279.0908266
7,Sample_S19S_0090_Sed,279.0986672
38,Sample_S19S_0090_Sed,279.1238221
2,Sample_S19S_0090_Sed,279.135075
3,Sample_S19S_0090_Sed,279.1562152
38,Sample_S19S_0090_Sed,279.160186
5,Sample_S19S_0090_Sed,279.1635618
1,Sample_S19S_0090_Sed,280.0600822
54,Sample_S19S_0090_Sed,281.0303339
73,Sample_S19S_0090_Sed,281.0666829
2,Sample_S19S_0090_Sed,281.0700358
32,Sample_S19S_0090_Sed,281.1030502
58,Sample_S19S_0090_Sed,281.1394597
33,Sample_S19S_0090_Sed,281.1758716
2,Sample_S19S_0090_Sed,282.0844159
7,Sample_S19S_0090_Sed,282.1194934
46,Sample_S19S_0090_Sed,283.0095898
73,Sample_S19S_0090_Sed,283.0459554
35,Sample_S19S_0090_Sed,283.0823169
72,Sample_S19S_0090_Sed,283.118715
3,Sample_S19S_0090_Sed,283.1373752
44,Sample_S19S_0090_Sed,283.1551309
22,Sample_S19S_0090_Sed,283.1915306
4,Sample_S19S_0090_Sed,283.2642602
10,Sample_S19S_0090_Sed,284.1616007
50,Sample_S19S_0090_Sed,285.025228
47,Sample_S19S_0090_Sed,285.0616357
20,Sample_S19S_0090_Sed,285.0980306
7,Sample_S19S_0090_Sed,285.1262347
50,Sample_S19S_0090_Sed,285.1343948
44,Sample_S19S_0090_Sed,285.17075
9,Sample_S19S_0090_Sed,285.2071124
14,Sample_S19S_0090_Sed,286.1660572
13,Sample_S19S_0090_Sed,286.1772587
39,Sample_S19S_0090_Sed,287.0197477
40,Sample_S19S_0090_Sed,287.0408776
66,Sample_S19S_0090_Sed,287.0772537
61,Sample_S19S_0090_Sed,287.1136282
54,Sample_S19S_0090_Sed,287.150015
42,Sample_S19S_0090_Sed,287.1864124
17,Sample_S19S_0090_Sed,287.2228145
5,Sample_S19S_0090_Sed,288.1565445
52,Sample_S19S_0090_Sed,289.0354029
45,Sample_S19S_0090_Sed,289.0929075
53,Sample_S19S_0090_Sed,289.1292776
46,Sample_S19S_0090_Sed,289.1656738
1,Sample_S19S_0090_Sed,289.9868879
13,Sample_S19S_0090_Sed,290.1245994
52,Sample_S19S_0090_Sed,291.0146759
61,Sample_S19S_0090_Sed,291.0510416
35,Sample_S19S_0090_Sed,291.1601932
4,Sample_S19S_0090_Sed,292.1038307
6,Sample_S19S_0090_Sed,292.2129776
44,Sample_S19S_0090_Sed,292.9939323
60,Sample_S19S_0090_Sed,293.0303357
56,Sample_S19S_0090_Sed,293.0667099
68,Sample_S19S_0090_Sed,293.1030793
6,Sample_S19S_0090_Sed,293.1143295
58,Sample_S19S_0090_Sed,293.1394564
4,Sample_S19S_0090_Sed,293.1507244
8,Sample_S19S_0090_Sed,293.1757942
33,Sample_S19S_0090_Sed,295.0095496
57,Sample_S19S_0090_Sed,295.0459444
82,Sample_S19S_0090_Sed,295.0823376
74,Sample_S19S_0090_Sed,295.1187213
20,Sample_S19S_0090_Sed,295.1398774
48,Sample_S19S_0090_Sed,295.1550986
54,Sample_S19S_0090_Sed,297.025237
57,Sample_S19S_0090_Sed,297.0616262
41,Sample_S19S_0090_Sed,297.0980154
40,Sample_S19S_0090_Sed,297.1344063
4,Sample_S19S_0090_Sed,297.1529844
29,Sample_S19S_0090_Sed,297.1707937
14,Sample_S19S_0090_Sed,297.2071894
25,Sample_S19S_0090_Sed,299.0197546
47,Sample_S19S_0090_Sed,299.0408894
65,Sample_S19S_0090_Sed,299.0772616
67,Sample_S19S_0090_Sed,299.1136455
66,Sample_S19S_0090_Sed,299.1500243
41,Sample_S19S_0090_Sed,299.1864335
16,Sample_S19S_0090_Sed,299.2228305
19,Sample_S19S_0090_Sed,300.1816868
3,Sample_S19S_0090_Sed,300.1929428
24,Sample_S19S_0090_Sed,300.9989926
40,Sample_S19S_0090_Sed,301.0353903
38,Sample_S19S_0090_Sed,301.0565488
25,Sample_S19S_0090_Sed,301.071792
45,Sample_S19S_0090_Sed,301.092932
43,Sample_S19S_0090_Sed,301.129318
51,Sample_S19S_0090_Sed,301.1656955
41,Sample_S19S_0090_Sed,301.202066
14,Sample_S19S_0090_Sed,302.1357844
14,Sample_S19S_0090_Sed,302.1721713
39,Sample_S19S_0090_Sed,303.0146906
51,Sample_S19S_0090_Sed,303.0721573
54,Sample_S19S_0090_Sed,303.1085414
54,Sample_S19S_0090_Sed,303.1449308
37,Sample_S19S_0090_Sed,303.1813306
20,Sample_S19S_0090_Sed,303.2177327
12,Sample_S19S_0090_Sed,304.1402446
63,Sample_S19S_0090_Sed,305.0303157
65,Sample_S19S_0090_Sed,305.0666877
28,Sample_S19S_0090_Sed,305.1242388
7,Sample_S19S_0090_Sed,306.1195211
3,Sample_S19S_0090_Sed,306.192305
44,Sample_S19S_0090_Sed,307.0095853
71,Sample_S19S_0090_Sed,307.0459779
44,Sample_S19S_0090_Sed,307.0823737
35,Sample_S19S_0090_Sed,307.1187572
34,Sample_S19S_0090_Sed,307.1551342
6,Sample_S19S_0090_Sed,307.1585022
3,Sample_S19S_0090_Sed,307.194883
56,Sample_S19S_0090_Sed,309.0252469
83,Sample_S19S_0090_Sed,309.0616036
64,Sample_S19S_0090_Sed,309.0979773
7,Sample_S19S_0090_Sed,309.1013433
2,Sample_S19S_0090_Sed,309.1092661
58,Sample_S19S_0090_Sed,309.1343649
3,Sample_S19S_0090_Sed,309.1530159
48,Sample_S19S_0090_Sed,309.1707647
5,Sample_S19S_0090_Sed,309.1741269
20,Sample_S19S_0090_Sed,309.2071806
9,Sample_S19S_0090_Sed,310.1508222
46,Sample_S19S_0090_Sed,311.0045073
50,Sample_S19S_0090_Sed,311.0408991
63,Sample_S19S_0090_Sed,311.0772659
84,Sample_S19S_0090_Sed,311.1136352
64,Sample_S19S_0090_Sed,311.1500195
17,Sample_S19S_0090_Sed,311.2228309
1,Sample_S19S_0090_Sed,312.9846454
44,Sample_S19S_0090_Sed,313.0201379
26,Sample_S19S_0090_Sed,313.0353909
53,Sample_S19S_0090_Sed,313.0565398
53,Sample_S19S_0090_Sed,313.0929245
49,Sample_S19S_0090_Sed,313.1293014
36,Sample_S19S_0090_Sed,313.2020808
17,Sample_S19S_0090_Sed,313.2384778
21,Sample_S19S_0090_Sed,314.1609464
10,Sample_S19S_0090_Sed,314.1721852
10,Sample_S19S_0090_Sed,314.1973467
2,Sample_S19S_0090_Sed,314.2085828
34,Sample_S19S_0090_Sed,315.0146824
49,Sample_S19S_0090_Sed,315.035781
42,Sample_S19S_0090_Sed,315.0510397
46,Sample_S19S_0090_Sed,315.0721791
52,Sample_S19S_0090_Sed,315.1085755
58,Sample_S19S_0090_Sed,315.1449559
12,Sample_S19S_0090_Sed,315.1674271
47,Sample_S19S_0090_Sed,315.1813307
33,Sample_S19S_0090_Sed,315.217727
11,Sample_S19S_0090_Sed,315.2541325
12,Sample_S19S_0090_Sed,316.1514197
14,Sample_S19S_0090_Sed,316.1878305
4,Sample_S19S_0090_Sed,316.2130272
41,Sample_S19S_0090_Sed,317.0303382
44,Sample_S19S_0090_Sed,317.0514233
49,Sample_S19S_0090_Sed,317.0666936
50,Sample_S19S_0090_Sed,317.124227
37,Sample_S19S_0090_Sed,317.1394552
50,Sample_S19S_0090_Sed,317.1606071
40,Sample_S19S_0090_Sed,317.1969836
2,Sample_S19S_0090_Sed,317.2446454
8,Sample_S19S_0090_Sed,318.1194966
23,Sample_S19S_0090_Sed,318.1558543
10,Sample_S19S_0090_Sed,318.1671021
9,Sample_S19S_0090_Sed,318.2286611
32,Sample_S19S_0090_Sed,319.009608
11,Sample_S19S_0090_Sed,319.0460069
50,Sample_S19S_0090_Sed,319.0823624
30,Sample_S19S_0090_Sed,319.103481
42,Sample_S19S_0090_Sed,319.139868
32,Sample_S19S_0090_Sed,319.1551015
16,Sample_S19S_0090_Sed,320.1351354
3,Sample_S19S_0090_Sed,320.2442999
61,Sample_S19S_0090_Sed,321.0252313
51,Sample_S19S_0090_Sed,321.0616406
29,Sample_S19S_0090_Sed,321.0980285
1,Sample_S19S_0090_Sed,322.1508517
4,Sample_S19S_0090_Sed,322.1872255
44,Sample_S19S_0090_Sed,323.0044879
52,Sample_S19S_0090_Sed,323.0408542
76,Sample_S19S_0090_Sed,323.0772527
37,Sample_S19S_0090_Sed,323.1136726
42,Sample_S19S_0090_Sed,323.1864241
8,Sample_S19S_0090_Sed,324.1300834
13,Sample_S19S_0090_Sed,324.1664479
6,Sample_S19S_0090_Sed,324.2028461
9,Sample_S19S_0090_Sed,325.0201894
64,Sample_S19S_0090_Sed,325.0565425
69,Sample_S19S_0090_Sed,325.0928926
61,Sample_S19S_0090_Sed,325.1292996
41,Sample_S19S_0090_Sed,325.1657004
1,Sample_S19S_0090_Sed,325.1842438
51,Sample_S19S_0090_Sed,325.2020573
53,Sample_S19S_0090_Sed,327.035782
44,Sample_S19S_0090_Sed,327.0722018
55,Sample_S19S_0090_Sed,327.1085831
58,Sample_S19S_0090_Sed,327.1449492
3,Sample_S19S_0090_Sed,327.1636073
7,Sample_S19S_0090_Sed,327.2177565
15,Sample_S19S_0090_Sed,328.1514425
3,Sample_S19S_0090_Sed,328.1878731
43,Sample_S19S_0090_Sed,329.0303285
20,Sample_S19S_0090_Sed,329.0514722
68,Sample_S19S_0090_Sed,329.0878075
51,Sample_S19S_0090_Sed,329.1242163
1,Sample_S19S_0090_Sed,329.152419
13,Sample_S19S_0090_Sed,329.1758446
6,Sample_S19S_0090_Sed,329.1830341
40,Sample_S19S_0090_Sed,329.1969687
23,Sample_S19S_0090_Sed,329.2333488
15,Sample_S19S_0090_Sed,330.1670892
12,Sample_S19S_0090_Sed,330.192266
10,Sample_S19S_0090_Sed,330.2034832
33,Sample_S19S_0090_Sed,331.0095615
28,Sample_S19S_0090_Sed,331.0459941
44,Sample_S19S_0090_Sed,331.0670688
40,Sample_S19S_0090_Sed,331.0823608
38,Sample_S19S_0090_Sed,331.1034998
20,Sample_S19S_0090_Sed,331.1399002
53,Sample_S19S_0090_Sed,331.1762541
7,Sample_S19S_0090_Sed,331.2126721
3,Sample_S19S_0090_Sed,331.2490738
16,Sample_S19S_0090_Sed,332.1351167
3,Sample_S19S_0090_Sed,332.2079509
19,Sample_S19S_0090_Sed,333.0252702
21,Sample_S19S_0090_Sed,333.0616512
9,Sample_S19S_0090_Sed,333.1191757
21,Sample_S19S_0090_Sed,333.1344131
45,Sample_S19S_0090_Sed,333.1919042
18,Sample_S19S_0090_Sed,333.2071238
3,Sample_S19S_0090_Sed,333.2395661
9,Sample_S19S_0090_Sed,334.1144217
7,Sample_S19S_0090_Sed,334.1508295
41,Sample_S19S_0090_Sed,335.004499
33,Sample_S19S_0090_Sed,335.0409093
63,Sample_S19S_0090_Sed,335.0772597
36,Sample_S19S_0090_Sed,335.150042
9,Sample_S19S_0090_Sed,335.2358032
3,Sample_S19S_0090_Sed,336.1301036
12,Sample_S19S_0090_Sed,336.1664659
55,Sample_S19S_0090_Sed,337.0201415
37,Sample_S19S_0090_Sed,337.0564852
61,Sample_S19S_0090_Sed,337.0929176
70,Sample_S19S_0090_Sed,337.1292866
23,Sample_S19S_0090_Sed,337.1504428
40,Sample_S19S_0090_Sed,337.1656867
3,Sample_S19S_0090_Sed,338.1488116
9,Sample_S19S_0090_Sed,338.182098
54,Sample_S19S_0090_Sed,339.0357996
82,Sample_S19S_0090_Sed,339.0721726
75,Sample_S19S_0090_Sed,339.1085453
21,Sample_S19S_0090_Sed,339.1449816
3,Sample_S19S_0090_Sed,339.1999929
4,Sample_S19S_0090_Sed,340.1613194
4,Sample_S19S_0090_Sed,340.2241932
49,Sample_S19S_0090_Sed,341.0150623
25,Sample_S19S_0090_Sed,341.0302897
46,Sample_S19S_0090_Sed,341.0514621
77,Sample_S19S_0090_Sed,341.0878109
18,Sample_S19S_0090_Sed,341.100854
21,Sample_S19S_0090_Sed,341.12425
49,Sample_S19S_0090_Sed,341.1606173
6,Sample_S19S_0090_Sed,341.179252
3,Sample_S19S_0090_Sed,341.1831094
46,Sample_S19S_0090_Sed,341.1969848
5,Sample_S19S_0090_Sed,341.2334189
8,Sample_S19S_0090_Sed,342.1670651
18,Sample_S19S_0090_Sed,343.0096148
44,Sample_S19S_0090_Sed,343.0307124
33,Sample_S19S_0090_Sed,343.0459579
37,Sample_S19S_0090_Sed,343.067113
72,Sample_S19S_0090_Sed,343.1034685
11,Sample_S19S_0090_Sed,343.1399075
49,Sample_S19S_0090_Sed,343.1762631
1,Sample_S19S_0090_Sed,343.1987828
32,Sample_S19S_0090_Sed,343.2126496
16,Sample_S19S_0090_Sed,343.2490426
1,Sample_S19S_0090_Sed,344.1350437
17,Sample_S19S_0090_Sed,344.1715382
8,Sample_S19S_0090_Sed,344.1827031
10,Sample_S19S_0090_Sed,344.2191371
6,Sample_S19S_0090_Sed,344.2442459
39,Sample_S19S_0090_Sed,345.0252491
35,Sample_S19S_0090_Sed,345.0463327
48,Sample_S19S_0090_Sed,345.0616254
35,Sample_S19S_0090_Sed,345.0827674
43,Sample_S19S_0090_Sed,345.1191373
30,Sample_S19S_0090_Sed,345.1555412
14,Sample_S19S_0090_Sed,345.170772
12,Sample_S19S_0090_Sed,345.177989
7,Sample_S19S_0090_Sed,345.1919508
29,Sample_S19S_0090_Sed,345.2282779
11,Sample_S19S_0090_Sed,346.0569005
19,Sample_S19S_0090_Sed,346.1507606
5,Sample_S19S_0090_Sed,346.1619628
16,Sample_S19S_0090_Sed,346.1871921
3,Sample_S19S_0090_Sed,346.2154294
33,Sample_S19S_0090_Sed,347.0045152
59,Sample_S19S_0090_Sed,347.0408756
64,Sample_S19S_0090_Sed,347.0772564
15,Sample_S19S_0090_Sed,347.0903002
23,Sample_S19S_0090_Sed,347.1136821
21,Sample_S19S_0090_Sed,347.1348045
36,Sample_S19S_0090_Sed,347.1711801
2,Sample_S19S_0090_Sed,347.1864695
11,Sample_S19S_0090_Sed,348.1300774
17,Sample_S19S_0090_Sed,348.1664038
11,Sample_S19S_0090_Sed,348.2028318
4,Sample_S19S_0090_Sed,348.231087
45,Sample_S19S_0090_Sed,349.0201636
9,Sample_S19S_0090_Sed,349.0564693
45,Sample_S19S_0090_Sed,349.0929209
15,Sample_S19S_0090_Sed,349.1059291
44,Sample_S19S_0090_Sed,349.1656793
9,Sample_S19S_0090_Sed,349.2021049
13,Sample_S19S_0090_Sed,350.1457077
10,Sample_S19S_0090_Sed,350.2184616
43,Sample_S19S_0090_Sed,350.9994205
57,Sample_S19S_0090_Sed,351.0357871
51,Sample_S19S_0090_Sed,351.0721501
22,Sample_S19S_0090_Sed,351.1085115
23,Sample_S19S_0090_Sed,351.121581
29,Sample_S19S_0090_Sed,351.1449775
26,Sample_S19S_0090_Sed,351.2177372
2,Sample_S19S_0090_Sed,351.2210572
8,Sample_S19S_0090_Sed,351.2307319
4,Sample_S19S_0090_Sed,351.2500934
4,Sample_S19S_0090_Sed,352.0674721
11,Sample_S19S_0090_Sed,352.1613622
48,Sample_S19S_0090_Sed,353.0150696
26,Sample_S19S_0090_Sed,353.0514753
83,Sample_S19S_0090_Sed,353.0878166
14,Sample_S19S_0090_Sed,353.1008561
56,Sample_S19S_0090_Sed,353.124233
32,Sample_S19S_0090_Sed,353.1605629
19,Sample_S19S_0090_Sed,353.1736275
38,Sample_S19S_0090_Sed,353.1970034
5,Sample_S19S_0090_Sed,353.2003494
13,Sample_S19S_0090_Sed,353.2099396
14,Sample_S19S_0090_Sed,353.2333297
46,Sample_S19S_0090_Sed,355.0306981
29,Sample_S19S_0090_Sed,355.0459559
49,Sample_S19S_0090_Sed,355.0671162
71,Sample_S19S_0090_Sed,355.1034699
20,Sample_S19S_0090_Sed,355.1164999
10,Sample_S19S_0090_Sed,355.1399086
53,Sample_S19S_0090_Sed,355.1762476
8,Sample_S19S_0090_Sed,355.2126797
28,Sample_S19S_0090_Sed,356.1715182
29,Sample_S19S_0090_Sed,357.0251986
38,Sample_S19S_0090_Sed,357.046323
33,Sample_S19S_0090_Sed,357.061636
56,Sample_S19S_0090_Sed,357.0827228
67,Sample_S19S_0090_Sed,357.1191097
59,Sample_S19S_0090_Sed,357.1554992
55,Sample_S19S_0090_Sed,357.191896
4,Sample_S19S_0090_Sed,357.2144125
38,Sample_S19S_0090_Sed,357.2282738
14,Sample_S19S_0090_Sed,358.1871972
12,Sample_S19S_0090_Sed,358.1983945
24,Sample_S19S_0090_Sed,358.2235211
40,Sample_S19S_0090_Sed,359.0045133
10,Sample_S19S_0090_Sed,359.0409252
43,Sample_S19S_0090_Sed,359.0619959
38,Sample_S19S_0090_Sed,359.077285
22,Sample_S19S_0090_Sed,359.0984239
36,Sample_S19S_0090_Sed,359.1347452
10,Sample_S19S_0090_Sed,359.1572531
50,Sample_S19S_0090_Sed,359.1711775
9,Sample_S19S_0090_Sed,359.1936001
15,Sample_S19S_0090_Sed,359.2074846
1,Sample_S19S_0090_Sed,359.2106313
30,Sample_S19S_0090_Sed,359.2439319
19,Sample_S19S_0090_Sed,360.1664452
13,Sample_S19S_0090_Sed,360.1776328
2,Sample_S19S_0090_Sed,360.1946802
46,Sample_S19S_0090_Sed,361.0201475
39,Sample_S19S_0090_Sed,361.056505
50,Sample_S19S_0090_Sed,361.0929312
36,Sample_S19S_0090_Sed,361.1140532
31,Sample_S19S_0090_Sed,361.1423317
42,Sample_S19S_0090_Sed,361.1504109
22,Sample_S19S_0090_Sed,361.1657046
39,Sample_S19S_0090_Sed,361.186829
7,Sample_S19S_0090_Sed,361.2151155
33,Sample_S19S_0090_Sed,361.2231964
12,Sample_S19S_0090_Sed,362.1821174
5,Sample_S19S_0090_Sed,362.9994703
60,Sample_S19S_0090_Sed,363.0357881
29,Sample_S19S_0090_Sed,363.0722122
50,Sample_S19S_0090_Sed,363.108539
20,Sample_S19S_0090_Sed,363.1215932
23,Sample_S19S_0090_Sed,363.1449786
15,Sample_S19S_0090_Sed,363.1812892
18,Sample_S19S_0090_Sed,363.1943423
6,Sample_S19S_0090_Sed,363.2210679
5,Sample_S19S_0090_Sed,363.2670624
12,Sample_S19S_0090_Sed,364.1613157
2,Sample_S19S_0090_Sed,364.200847
6,Sample_S19S_0090_Sed,364.2259804
47,Sample_S19S_0090_Sed,365.015069
17,Sample_S19S_0090_Sed,365.0513776
57,Sample_S19S_0090_Sed,365.0878382
21,Sample_S19S_0090_Sed,365.1008669
25,Sample_S19S_0090_Sed,365.1241727
25,Sample_S19S_0090_Sed,365.137244
32,Sample_S19S_0090_Sed,365.1969623
19,Sample_S19S_0090_Sed,365.2100088
4,Sample_S19S_0090_Sed,365.2367361
12,Sample_S19S_0090_Sed,366.1769935
42,Sample_S19S_0090_Sed,367.0306865
70,Sample_S19S_0090_Sed,367.0671094
73,Sample_S19S_0090_Sed,367.1034613
15,Sample_S19S_0090_Sed,367.1165264
3,Sample_S19S_0090_Sed,367.1399195
30,Sample_S19S_0090_Sed,367.1762158
24,Sample_S19S_0090_Sed,367.189277
35,Sample_S19S_0090_Sed,367.2126519
1,Sample_S19S_0090_Sed,367.2255178
42,Sample_S19S_0090_Sed,369.0099679
17,Sample_S19S_0090_Sed,369.0252119
32,Sample_S19S_0090_Sed,369.0463181
59,Sample_S19S_0090_Sed,369.0827443
11,Sample_S19S_0090_Sed,369.1190631
18,Sample_S19S_0090_Sed,369.1321274
55,Sample_S19S_0090_Sed,369.1555194
21,Sample_S19S_0090_Sed,369.1685393
12,Sample_S19S_0090_Sed,369.1837969
16,Sample_S19S_0090_Sed,369.1918398
36,Sample_S19S_0090_Sed,369.2282876
16,Sample_S19S_0090_Sed,371.0255725
32,Sample_S19S_0090_Sed,371.0408802
56,Sample_S19S_0090_Sed,371.0620102
16,Sample_S19S_0090_Sed,371.0983408
49,Sample_S19S_0090_Sed,371.1347918
43,Sample_S19S_0090_Sed,371.171134
34,Sample_S19S_0090_Sed,371.2075705
26,Sample_S19S_0090_Sed,371.2439257
17,Sample_S19S_0090_Sed,372.2028242
10,Sample_S19S_0090_Sed,372.2140099
2,Sample_S19S_0090_Sed,372.3038234
28,Sample_S19S_0090_Sed,373.0201141
44,Sample_S19S_0090_Sed,373.0565482
20,Sample_S19S_0090_Sed,373.0776886
30,Sample_S19S_0090_Sed,373.09294
17,Sample_S19S_0090_Sed,373.1059583
34,Sample_S19S_0090_Sed,373.1140108
12,Sample_S19S_0090_Sed,373.1504711
9,Sample_S19S_0090_Sed,373.1729074
33,Sample_S19S_0090_Sed,373.1867821
37,Sample_S19S_0090_Sed,373.2231881
17,Sample_S19S_0090_Sed,374.2184652
8,Sample_S19S_0090_Sed,374.9994641
15,Sample_S19S_0090_Sed,375.0358416
48,Sample_S19S_0090_Sed,375.0721973
12,Sample_S19S_0090_Sed,375.0852221
26,Sample_S19S_0090_Sed,375.0932745
28,Sample_S19S_0090_Sed,375.1297066
45,Sample_S19S_0090_Sed,375.1449442
25,Sample_S19S_0090_Sed,375.1579842
15,Sample_S19S_0090_Sed,375.1660121
28,Sample_S19S_0090_Sed,375.194367
23,Sample_S19S_0090_Sed,375.2024285
13,Sample_S19S_0090_Sed,376.1249335
13,Sample_S19S_0090_Sed,376.1976905
27,Sample_S19S_0090_Sed,377.0150486
65,Sample_S19S_0090_Sed,377.0514538
38,Sample_S19S_0090_Sed,377.0877952
15,Sample_S19S_0090_Sed,377.100823
55,Sample_S19S_0090_Sed,377.1241915
20,Sample_S19S_0090_Sed,377.1372608
26,Sample_S19S_0090_Sed,377.1735945
13,Sample_S19S_0090_Sed,377.2099902
12,Sample_S19S_0090_Sed,377.2463996
4,Sample_S19S_0090_Sed,378.2052199
1,Sample_S19S_0090_Sed,378.2164385
2,Sample_S19S_0090_Sed,378.2319507
6,Sample_S19S_0090_Sed,378.2416575
54,Sample_S19S_0090_Sed,379.0307221
17,Sample_S19S_0090_Sed,379.0670295
5,Sample_S19S_0090_Sed,379.0800689
72,Sample_S19S_0090_Sed,379.1034645
19,Sample_S19S_0090_Sed,379.1165229
26,Sample_S19S_0090_Sed,379.1528588
29,Sample_S19S_0090_Sed,379.1892722
14,Sample_S19S_0090_Sed,379.2256462
1,Sample_S19S_0090_Sed,380.1957164
12,Sample_S19S_0090_Sed,381.0099072
58,Sample_S19S_0090_Sed,381.0463502
18,Sample_S19S_0090_Sed,381.0826619
4,Sample_S19S_0090_Sed,381.095685
70,Sample_S19S_0090_Sed,381.1191186
19,Sample_S19S_0090_Sed,381.1321708
21,Sample_S19S_0090_Sed,381.1684945
33,Sample_S19S_0090_Sed,381.1918695
12,Sample_S19S_0090_Sed,381.204939
1,Sample_S19S_0090_Sed,381.2316122
5,Sample_S19S_0090_Sed,381.2411757
4,Sample_S19S_0090_Sed,382.1273741
15,Sample_S19S_0090_Sed,383.0044733
25,Sample_S19S_0090_Sed,383.0255766
9,Sample_S19S_0090_Sed,383.040804
22,Sample_S19S_0090_Sed,383.0619616
75,Sample_S19S_0090_Sed,383.0983806
1,Sample_S19S_0090_Sed,383.1113231
15,Sample_S19S_0090_Sed,383.1347075
22,Sample_S19S_0090_Sed,383.1477567
22,Sample_S19S_0090_Sed,383.1711132
19,Sample_S19S_0090_Sed,383.184187
38,Sample_S19S_0090_Sed,383.2075249
4,Sample_S19S_0090_Sed,384.1430092
18,Sample_S19S_0090_Sed,385.0201172
19,Sample_S19S_0090_Sed,385.0412026
28,Sample_S19S_0090_Sed,385.0564963
59,Sample_S19S_0090_Sed,385.0776412
12,Sample_S19S_0090_Sed,385.1139909
24,Sample_S19S_0090_Sed,385.1503825
11,Sample_S19S_0090_Sed,385.1634062
44,Sample_S19S_0090_Sed,385.1868285
13,Sample_S19S_0090_Sed,385.2231361
25,Sample_S19S_0090_Sed,385.2595906
29,Sample_S19S_0090_Sed,386.1820531
12,Sample_S19S_0090_Sed,386.9993233
44,Sample_S19S_0090_Sed,387.0358113
17,Sample_S19S_0090_Sed,387.0568488
8,Sample_S19S_0090_Sed,387.0721252
16,Sample_S19S_0090_Sed,387.0932457
17,Sample_S19S_0090_Sed,387.1579654
4,Sample_S19S_0090_Sed,387.1659841
19,Sample_S19S_0090_Sed,387.19436
33,Sample_S19S_0090_Sed,387.2024406
20,Sample_S19S_0090_Sed,387.2388297
1,Sample_S19S_0090_Sed,388.2987452
28,Sample_S19S_0090_Sed,389.0150297
44,Sample_S19S_0090_Sed,389.051417
12,Sample_S19S_0090_Sed,389.0724972
46,Sample_S19S_0090_Sed,389.0878118
11,Sample_S19S_0090_Sed,389.1008827
25,Sample_S19S_0090_Sed,389.108981
56,Sample_S19S_0090_Sed,389.1242045
17,Sample_S19S_0090_Sed,389.1372295
9,Sample_S19S_0090_Sed,389.1452618
25,Sample_S19S_0090_Sed,389.1736085
16,Sample_S19S_0090_Sed,389.1816725
25,Sample_S19S_0090_Sed,389.2180886
1,Sample_S19S_0090_Sed,389.3191703
1,Sample_S19S_0090_Sed,390.2132816
16,Sample_S19S_0090_Sed,391.0307447
36,Sample_S19S_0090_Sed,391.0670531
24,Sample_S19S_0090_Sed,391.1034381
25,Sample_S19S_0090_Sed,391.1398852
18,Sample_S19S_0090_Sed,391.1528412
26,Sample_S19S_0090_Sed,391.1762035
18,Sample_S19S_0090_Sed,391.1892281
5,Sample_S19S_0090_Sed,391.2256863
1,Sample_S19S_0090_Sed,391.2982703
18,Sample_S19S_0090_Sed,392.06231
5,Sample_S19S_0090_Sed,392.1198706
10,Sample_S19S_0090_Sed,392.2209084
10,Sample_S19S_0090_Sed,393.010021
32,Sample_S19S_0090_Sed,393.0463154
57,Sample_S19S_0090_Sed,393.0827628
54,Sample_S19S_0090_Sed,393.1191285
18,Sample_S19S_0090_Sed,393.1321265
20,Sample_S19S_0090_Sed,393.1554711
21,Sample_S19S_0090_Sed,393.1685262
19,Sample_S19S_0090_Sed,393.2049392
15,Sample_S19S_0090_Sed,393.2412462
3,Sample_S19S_0090_Sed,393.2776995
2,Sample_S19S_0090_Sed,394.1750252
4,Sample_S19S_0090_Sed,394.2001939
4,Sample_S19S_0090_Sed,394.2364931
22,Sample_S19S_0090_Sed,395.0255818
40,Sample_S19S_0090_Sed,395.0619708
33,Sample_S19S_0090_Sed,395.0984243
17,Sample_S19S_0090_Sed,395.1114167
72,Sample_S19S_0090_Sed,395.1347697
25,Sample_S19S_0090_Sed,395.1477706
31,Sample_S19S_0090_Sed,395.171191
12,Sample_S19S_0090_Sed,395.2075813
19,Sample_S19S_0090_Sed,395.2205826
2,Sample_S19S_0090_Sed,395.2317962
6,Sample_S19S_0090_Sed,396.1430161
5,Sample_S19S_0090_Sed,396.1875433
8,Sample_S19S_0090_Sed,397.0200883
35,Sample_S19S_0090_Sed,397.0412485
21,Sample_S19S_0090_Sed,397.0775828
41,Sample_S19S_0090_Sed,397.1140135
14,Sample_S19S_0090_Sed,397.1270557
61,Sample_S19S_0090_Sed,397.1504225
19,Sample_S19S_0090_Sed,397.1634297
18,Sample_S19S_0090_Sed,397.1867602
11,Sample_S19S_0090_Sed,397.1997808
38,Sample_S19S_0090_Sed,397.2232052
1,Sample_S19S_0090_Sed,397.2265763
3,Sample_S19S_0090_Sed,398.1222468
21,Sample_S19S_0090_Sed,398.9994202
21,Sample_S19S_0090_Sed,399.0205105
8,Sample_S19S_0090_Sed,399.0356696
11,Sample_S19S_0090_Sed,399.0568344
22,Sample_S19S_0090_Sed,399.0721389
40,Sample_S19S_0090_Sed,399.0932727
42,Sample_S19S_0090_Sed,399.1296635
11,Sample_S19S_0090_Sed,399.1579458
3,Sample_S19S_0090_Sed,399.1659287
11,Sample_S19S_0090_Sed,399.1790309
3,Sample_S19S_0090_Sed,399.1884911
36,Sample_S19S_0090_Sed,399.2024375
3,Sample_S19S_0090_Sed,399.2176725
15,Sample_S19S_0090_Sed,399.2388025
30,Sample_S19S_0090_Sed,401.0150794
50,Sample_S19S_0090_Sed,401.0514549
9,Sample_S19S_0090_Sed,401.0725084
44,Sample_S19S_0090_Sed,401.0878209
41,Sample_S19S_0090_Sed,401.1089631
51,Sample_S19S_0090_Sed,401.1453284
17,Sample_S19S_0090_Sed,401.1736033
14,Sample_S19S_0090_Sed,401.1816514
3,Sample_S19S_0090_Sed,401.204141
20,Sample_S19S_0090_Sed,401.2100146
26,Sample_S19S_0090_Sed,401.2180808
15,Sample_S19S_0090_Sed,401.2544603
11,Sample_S19S_0090_Sed,403.0305846
8,Sample_S19S_0090_Sed,403.0517845
54,Sample_S19S_0090_Sed,403.0671122
38,Sample_S19S_0090_Sed,403.0881974
12,Sample_S19S_0090_Sed,403.1164656
8,Sample_S19S_0090_Sed,403.1245163
19,Sample_S19S_0090_Sed,403.1529106
20,Sample_S19S_0090_Sed,403.1609357
34,Sample_S19S_0090_Sed,403.1973716
11,Sample_S19S_0090_Sed,403.2256482
10,Sample_S19S_0090_Sed,403.2336971
1,Sample_S19S_0090_Sed,403.3347743
16,Sample_S19S_0090_Sed,404.1926065
9,Sample_S19S_0090_Sed,405.0098791
56,Sample_S19S_0090_Sed,405.0463718
35,Sample_S19S_0090_Sed,405.0827082
15,Sample_S19S_0090_Sed,405.1190623
21,Sample_S19S_0090_Sed,405.1321292
32,Sample_S19S_0090_Sed,405.1555362
24,Sample_S19S_0090_Sed,405.1685606
14,Sample_S19S_0090_Sed,405.2048711
7,Sample_S19S_0090_Sed,405.2412525
6,Sample_S19S_0090_Sed,406.2364932
2,Sample_S19S_0090_Sed,406.3092961
20,Sample_S19S_0090_Sed,407.0255705
45,Sample_S19S_0090_Sed,407.0620299
65,Sample_S19S_0090_Sed,407.0983755
9,Sample_S19S_0090_Sed,407.1113661
50,Sample_S19S_0090_Sed,407.1347505
22,Sample_S19S_0090_Sed,407.1477958
2,Sample_S19S_0090_Sed,407.1712237
16,Sample_S19S_0090_Sed,407.2205546
11,Sample_S19S_0090_Sed,407.2568891
8,Sample_S19S_0090_Sed,408.1776232
27,Sample_S19S_0090_Sed,409.0048805
19,Sample_S19S_0090_Sed,409.0412228
13,Sample_S19S_0090_Sed,409.07757
59,Sample_S19S_0090_Sed,409.1140221
21,Sample_S19S_0090_Sed,409.1270356
60,Sample_S19S_0090_Sed,409.1504235
8,Sample_S19S_0090_Sed,409.1633923
11,Sample_S19S_0090_Sed,409.1867344
9,Sample_S19S_0090_Sed,409.1997594
15,Sample_S19S_0090_Sed,409.236154
7,Sample_S19S_0090_Sed,409.2725381
21,Sample_S19S_0090_Sed,411.0205049
9,Sample_S19S_0090_Sed,411.0357156
12,Sample_S19S_0090_Sed,411.0568579
49,Sample_S19S_0090_Sed,411.0933142
55,Sample_S19S_0090_Sed,411.1296933
24,Sample_S19S_0090_Sed,411.1426758
14,Sample_S19S_0090_Sed,411.1579879
32,Sample_S19S_0090_Sed,411.1660419
19,Sample_S19S_0090_Sed,411.1790746
3,Sample_S19S_0090_Sed,411.2022993
17,Sample_S19S_0090_Sed,411.2154903
27,Sample_S19S_0090_Sed,411.2388467
1,Sample_S19S_0090_Sed,412.137911
20,Sample_S19S_0090_Sed,413.0150329
5,Sample_S19S_0090_Sed,413.072442
50,Sample_S19S_0090_Sed,413.1089345
17,Sample_S19S_0090_Sed,413.1452768
17,Sample_S19S_0090_Sed,413.1736056
3,Sample_S19S_0090_Sed,413.1816156
1,Sample_S19S_0090_Sed,413.2041017
16,Sample_S19S_0090_Sed,413.2180661
18,Sample_S19S_0090_Sed,413.2544798
18,Sample_S19S_0090_Sed,415.0306688
3,Sample_S19S_0090_Sed,415.0671726
38,Sample_S19S_0090_Sed,415.0881916
34,Sample_S19S_0090_Sed,415.1034568
17,Sample_S19S_0090_Sed,415.1245406
7,Sample_S19S_0090_Sed,415.1529316
38,Sample_S19S_0090_Sed,415.1609859
31,Sample_S19S_0090_Sed,415.1973464
11,Sample_S19S_0090_Sed,415.219815
12,Sample_S19S_0090_Sed,415.2336924
14,Sample_S19S_0090_Sed,415.2701205
27,Sample_S19S_0090_Sed,417.009975
37,Sample_S19S_0090_Sed,417.0463346
11,Sample_S19S_0090_Sed,417.0674105
18,Sample_S19S_0090_Sed,417.0826722
10,Sample_S19S_0090_Sed,417.1037889
46,Sample_S19S_0090_Sed,417.1191101
24,Sample_S19S_0090_Sed,417.1321667
26,Sample_S19S_0090_Sed,417.1685514
13,Sample_S19S_0090_Sed,417.1765666
10,Sample_S19S_0090_Sed,417.2048604
9,Sample_S19S_0090_Sed,417.2493486
28,Sample_S19S_0090_Sed,419.0256123
30,Sample_S19S_0090_Sed,419.0619721
5,Sample_S19S_0090_Sed,419.0982983
2,Sample_S19S_0090_Sed,419.1113471
50,Sample_S19S_0090_Sed,419.1347745
15,Sample_S19S_0090_Sed,419.1478319
27,Sample_S19S_0090_Sed,419.1842051
13,Sample_S19S_0090_Sed,419.2205119
4,Sample_S19S_0090_Sed,419.2285513
1,Sample_S19S_0090_Sed,419.3296987
6,Sample_S19S_0090_Sed,420.2521315
42,Sample_S19S_0090_Sed,421.0412704
12,Sample_S19S_0090_Sed,421.0777047
60,Sample_S19S_0090_Sed,421.1140346
11,Sample_S19S_0090_Sed,421.1270174
1,Sample_S19S_0090_Sed,421.1552081
25,Sample_S19S_0090_Sed,421.1634511
4,Sample_S19S_0090_Sed,421.2265386
11,Sample_S19S_0090_Sed,421.2362004
5,Sample_S19S_0090_Sed,422.2031632
14,Sample_S19S_0090_Sed,423.0205894
50,Sample_S19S_0090_Sed,423.0569089
19,Sample_S19S_0090_Sed,423.093231
13,Sample_S19S_0090_Sed,423.1426961
24,Sample_S19S_0090_Sed,423.179095
15,Sample_S19S_0090_Sed,425.015064
39,Sample_S19S_0090_Sed,425.0361852
14,Sample_S19S_0090_Sed,425.0724714
33,Sample_S19S_0090_Sed,425.1089252
6,Sample_S19S_0090_Sed,425.1453873
18,Sample_S19S_0090_Sed,425.1583275
35,Sample_S19S_0090_Sed,425.1816982
17,Sample_S19S_0090_Sed,425.1947046
2,Sample_S19S_0090_Sed,425.2178813
13,Sample_S19S_0090_Sed,425.2311014
26,Sample_S19S_0090_Sed,425.2544996
11,Sample_S19S_0090_Sed,427.0307487
13,Sample_S19S_0090_Sed,427.0518808
23,Sample_S19S_0090_Sed,427.088175
52,Sample_S19S_0090_Sed,427.1245871
2,Sample_S19S_0090_Sed,427.1610597
28,Sample_S19S_0090_Sed,427.1973395
22,Sample_S19S_0090_Sed,427.2337286
15,Sample_S19S_0090_Sed,429.0099567
24,Sample_S19S_0090_Sed,429.0310878
27,Sample_S19S_0090_Sed,429.0463286
33,Sample_S19S_0090_Sed,429.067488
1,Sample_S19S_0090_Sed,429.1039457
46,Sample_S19S_0090_Sed,429.1402424
19,Sample_S19S_0090_Sed,429.1685491
19,Sample_S19S_0090_Sed,429.1765924
11,Sample_S19S_0090_Sed,429.1990848
24,Sample_S19S_0090_Sed,429.2129876
5,Sample_S19S_0090_Sed,429.2355333
22,Sample_S19S_0090_Sed,429.2494299
18,Sample_S19S_0090_Sed,431.0256563
3,Sample_S19S_0090_Sed,431.04681
47,Sample_S19S_0090_Sed,431.0620177
50,Sample_S19S_0090_Sed,431.098388
21,Sample_S19S_0090_Sed,431.1477957
14,Sample_S19S_0090_Sed,431.1558407
19,Sample_S19S_0090_Sed,431.1922364
9,Sample_S19S_0090_Sed,431.2147537
5,Sample_S19S_0090_Sed,431.2206124
16,Sample_S19S_0090_Sed,431.2286229
6,Sample_S19S_0090_Sed,432.1876103
13,Sample_S19S_0090_Sed,433.0048372
38,Sample_S19S_0090_Sed,433.0412948
59,Sample_S19S_0090_Sed,433.077665
12,Sample_S19S_0090_Sed,433.1139658
9,Sample_S19S_0090_Sed,433.1503758
26,Sample_S19S_0090_Sed,433.1634586
5,Sample_S19S_0090_Sed,433.1998888
7,Sample_S19S_0090_Sed,433.2361951
10,Sample_S19S_0090_Sed,435.0204588
36,Sample_S19S_0090_Sed,435.0569041
55,Sample_S19S_0090_Sed,435.093324
7,Sample_S19S_0090_Sed,435.1426364
7,Sample_S19S_0090_Sed,435.1659973
25,Sample_S19S_0090_Sed,435.1790631
11,Sample_S19S_0090_Sed,435.2155119
14,Sample_S19S_0090_Sed,435.25188
3,Sample_S19S_0090_Sed,436.1742724
24,Sample_S19S_0090_Sed,437.0361523
18,Sample_S19S_0090_Sed,437.072483
14,Sample_S19S_0090_Sed,437.1088959
38,Sample_S19S_0090_Sed,437.1453651
23,Sample_S19S_0090_Sed,437.158378
17,Sample_S19S_0090_Sed,437.1946984
14,Sample_S19S_0090_Sed,437.2310601
1,Sample_S19S_0090_Sed,439.030563
15,Sample_S19S_0090_Sed,439.051737
9,Sample_S19S_0090_Sed,439.0670176
55,Sample_S19S_0090_Sed,439.0882098
54,Sample_S19S_0090_Sed,439.1246064
20,Sample_S19S_0090_Sed,439.1609425
1,Sample_S19S_0090_Sed,439.1916893
11,Sample_S19S_0090_Sed,439.1973056
3,Sample_S19S_0090_Sed,439.246834
4,Sample_S19S_0090_Sed,441.0098592
11,Sample_S19S_0090_Sed,441.0310268
21,Sample_S19S_0090_Sed,441.0674409
27,Sample_S19S_0090_Sed,441.0827166
20,Sample_S19S_0090_Sed,441.1039049
35,Sample_S19S_0090_Sed,441.1402285
14,Sample_S19S_0090_Sed,441.1765589
12,Sample_S19S_0090_Sed,441.2129575
8,Sample_S19S_0090_Sed,441.2494531
12,Sample_S19S_0090_Sed,443.0255061
13,Sample_S19S_0090_Sed,443.0466588
11,Sample_S19S_0090_Sed,443.061884
22,Sample_S19S_0090_Sed,443.0830557
15,Sample_S19S_0090_Sed,443.0984287
42,Sample_S19S_0090_Sed,443.119518
4,Sample_S19S_0090_Sed,443.1478565
41,Sample_S19S_0090_Sed,443.1558944
10,Sample_S19S_0090_Sed,443.1922057
4,Sample_S19S_0090_Sed,443.2285235
20,Sample_S19S_0090_Sed,443.2650816
5,Sample_S19S_0090_Sed,444.2099819
28,Sample_S19S_0090_Sed,445.0623769
26,Sample_S19S_0090_Sed,445.0776178
3,Sample_S19S_0090_Sed,445.0986624
8,Sample_S19S_0090_Sed,445.127011
37,Sample_S19S_0090_Sed,445.1715289
14,Sample_S19S_0090_Sed,445.2304198
16,Sample_S19S_0090_Sed,445.2442897
10,Sample_S19S_0090_Sed,446.0728598
6,Sample_S19S_0090_Sed,446.2031197
13,Sample_S19S_0090_Sed,447.0204695
3,Sample_S19S_0090_Sed,447.056785
9,Sample_S19S_0090_Sed,447.09323
17,Sample_S19S_0090_Sed,447.1427418
25,Sample_S19S_0090_Sed,447.179104
9,Sample_S19S_0090_Sed,447.2154152
1,Sample_S19S_0090_Sed,447.2234126
12,Sample_S19S_0090_Sed,449.0360637
17,Sample_S19S_0090_Sed,449.0724952
49,Sample_S19S_0090_Sed,449.1453221
28,Sample_S19S_0090_Sed,449.1583358
1,Sample_S19S_0090_Sed,449.1735875
7,Sample_S19S_0090_Sed,449.1946593
13,Sample_S19S_0090_Sed,449.2310912
4,Sample_S19S_0090_Sed,450.1898917
9,Sample_S19S_0090_Sed,451.0153576
15,Sample_S19S_0090_Sed,451.0517204
23,Sample_S19S_0090_Sed,451.0881744
36,Sample_S19S_0090_Sed,451.124616
18,Sample_S19S_0090_Sed,451.1376081
11,Sample_S19S_0090_Sed,451.1739524
2,Sample_S19S_0090_Sed,451.1916101
5,Sample_S19S_0090_Sed,451.2103087
13,Sample_S19S_0090_Sed,452.1692639
18,Sample_S19S_0090_Sed,453.0310814
16,Sample_S19S_0090_Sed,453.0673983
9,Sample_S19S_0090_Sed,453.1037558
20,Sample_S19S_0090_Sed,453.140211
13,Sample_S19S_0090_Sed,453.1532352
23,Sample_S19S_0090_Sed,453.1896338
13,Sample_S19S_0090_Sed,453.2259797
9,Sample_S19S_0090_Sed,455.025566
35,Sample_S19S_0090_Sed,455.0467468
38,Sample_S19S_0090_Sed,455.0831528
2,Sample_S19S_0090_Sed,455.1558023
14,Sample_S19S_0090_Sed,455.2052634
3,Sample_S19S_0090_Sed,455.2285132
18,Sample_S19S_0090_Sed,455.2650512
6,Sample_S19S_0090_Sed,457.0049305
27,Sample_S19S_0090_Sed,457.0412916
12,Sample_S19S_0090_Sed,457.0776174
11,Sample_S19S_0090_Sed,457.0986905
12,Sample_S19S_0090_Sed,457.1139922
9,Sample_S19S_0090_Sed,457.1350642
23,Sample_S19S_0090_Sed,457.1715231
30,Sample_S19S_0090_Sed,457.2079257
11,Sample_S19S_0090_Sed,457.2442623
18,Sample_S19S_0090_Sed,459.0205561
16,Sample_S19S_0090_Sed,459.0416602
16,Sample_S19S_0090_Sed,459.0568713
12,Sample_S19S_0090_Sed,459.0932353
24,Sample_S19S_0090_Sed,459.142719
30,Sample_S19S_0090_Sed,459.1872169
9,Sample_S19S_0090_Sed,459.2155229
7,Sample_S19S_0090_Sed,459.2235091
2,Sample_S19S_0090_Sed,459.2598321
31,Sample_S19S_0090_Sed,461.036196
22,Sample_S19S_0090_Sed,461.0725007
23,Sample_S19S_0090_Sed,461.1583343
6,Sample_S19S_0090_Sed,461.1948089
5,Sample_S19S_0090_Sed,461.2391228
40,Sample_S19S_0090_Sed,463.0518315
33,Sample_S19S_0090_Sed,463.0881954
6,Sample_S19S_0090_Sed,463.124491
1,Sample_S19S_0090_Sed,463.1608564
6,Sample_S19S_0090_Sed,463.1739081
26,Sample_S19S_0090_Sed,463.210366
18,Sample_S19S_0090_Sed,463.2467901
12,Sample_S19S_0090_Sed,465.0310055
10,Sample_S19S_0090_Sed,465.06738
20,Sample_S19S_0090_Sed,465.1038259
19,Sample_S19S_0090_Sed,465.1532935
25,Sample_S19S_0090_Sed,465.1896305
8,Sample_S19S_0090_Sed,465.2259434
6,Sample_S19S_0090_Sed,465.2623148
5,Sample_S19S_0090_Sed,467.0255354
37,Sample_S19S_0090_Sed,467.0467531
35,Sample_S19S_0090_Sed,467.0831629
33,Sample_S19S_0090_Sed,467.1195422
13,Sample_S19S_0090_Sed,467.1558326
15,Sample_S19S_0090_Sed,467.2052403
16,Sample_S19S_0090_Sed,467.2416996
13,Sample_S19S_0090_Sed,469.0260039
21,Sample_S19S_0090_Sed,469.0412947
27,Sample_S19S_0090_Sed,469.062394
14,Sample_S19S_0090_Sed,469.0986993
18,Sample_S19S_0090_Sed,471.0205509
9,Sample_S19S_0090_Sed,471.0416901
22,Sample_S19S_0090_Sed,471.0780166
19,Sample_S19S_0090_Sed,471.2235442
1,Sample_S19S_0090_Sed,471.2598467
16,Sample_S19S_0090_Sed,473.0361823
4,Sample_S19S_0090_Sed,473.0573502
25,Sample_S19S_0090_Sed,473.0726032
26,Sample_S19S_0090_Sed,473.0937108
9,Sample_S19S_0090_Sed,473.1452829
2,Sample_S19S_0090_Sed,473.225266
17,Sample_S19S_0090_Sed,473.2756478
1,Sample_S19S_0090_Sed,475.0152769
8,Sample_S19S_0090_Sed,475.0517049
47,Sample_S19S_0090_Sed,475.1245966
37,Sample_S19S_0090_Sed,475.1609843
22,Sample_S19S_0090_Sed,475.1739813
3,Sample_S19S_0090_Sed,475.2103074
24,Sample_S19S_0090_Sed,477.0311319
35,Sample_S19S_0090_Sed,477.0674882
10,Sample_S19S_0090_Sed,477.1037802
1,Sample_S19S_0090_Sed,477.1401075
7,Sample_S19S_0090_Sed,477.1895617
22,Sample_S19S_0090_Sed,477.2260597
3,Sample_S19S_0090_Sed,479.0466033
7,Sample_S19S_0090_Sed,479.1689644
20,Sample_S19S_0090_Sed,479.2053091
1,Sample_S19S_0090_Sed,479.2229016
14,Sample_S19S_0090_Sed,479.2416827
5,Sample_S19S_0090_Sed,481.025885
16,Sample_S19S_0090_Sed,481.0623379
38,Sample_S19S_0090_Sed,481.0987747
5,Sample_S19S_0090_Sed,481.1634867
11,Sample_S19S_0090_Sed,481.1845085
9,Sample_S19S_0090_Sed,481.2208584
7,Sample_S19S_0090_Sed,481.2572296
10,Sample_S19S_0090_Sed,483.0415833
23,Sample_S19S_0090_Sed,483.0780208
30,Sample_S19S_0090_Sed,483.1144642
21,Sample_S19S_0090_Sed,483.1508531
11,Sample_S19S_0090_Sed,483.2001521
1,Sample_S19S_0090_Sed,483.2234722
2,Sample_S19S_0090_Sed,483.259746
1,Sample_S19S_0090_Sed,485.0360155
7,Sample_S19S_0090_Sed,485.057196
10,Sample_S19S_0090_Sed,485.0724465
4,Sample_S19S_0090_Sed,485.2390821
2,Sample_S19S_0090_Sed,485.275439
8,Sample_S19S_0090_Sed,487.0154217
17,Sample_S19S_0090_Sed,487.051792
4,Sample_S19S_0090_Sed,487.088118
1,Sample_S19S_0090_Sed,487.1092152
16,Sample_S19S_0090_Sed,487.2184679
5,Sample_S19S_0090_Sed,487.2410284
14,Sample_S19S_0090_Sed,487.254845
9,Sample_S19S_0090_Sed,489.0310445
38,Sample_S19S_0090_Sed,489.067487
5,Sample_S19S_0090_Sed,489.1895365
4,Sample_S19S_0090_Sed,489.2259164
13,Sample_S19S_0090_Sed,491.0103745
11,Sample_S19S_0090_Sed,491.0466906
13,Sample_S19S_0090_Sed,491.0830123
18,Sample_S19S_0090_Sed,491.1689084
3,Sample_S19S_0090_Sed,491.2053832
3,Sample_S19S_0090_Sed,491.2417678
9,Sample_S19S_0090_Sed,493.0622921
16,Sample_S19S_0090_Sed,493.098712
3,Sample_S19S_0090_Sed,493.1846305
17,Sample_S19S_0090_Sed,493.2209368
6,Sample_S19S_0090_Sed,493.2572378
11,Sample_S19S_0090_Sed,495.0415683
27,Sample_S19S_0090_Sed,495.0780179
31,Sample_S19S_0090_Sed,495.1144449
1,Sample_S19S_0090_Sed,495.1427989
9,Sample_S19S_0090_Sed,495.2001254
7,Sample_S19S_0090_Sed,495.2365338
7,Sample_S19S_0090_Sed,497.036113
18,Sample_S19S_0090_Sed,497.0572968
3,Sample_S19S_0090_Sed,497.2157304
1,Sample_S19S_0090_Sed,497.2390455
14,Sample_S19S_0090_Sed,498.1617513
5,Sample_S19S_0090_Sed,499.036451
11,Sample_S19S_0090_Sed,499.0728848
9,Sample_S19S_0090_Sed,499.2184243
2,Sample_S19S_0090_Sed,499.2546595
1,Sample_S19S_0090_Sed,500.2725204
8,Sample_S19S_0090_Sed,501.0310269
8,Sample_S19S_0090_Sed,501.0521674
12,Sample_S19S_0090_Sed,501.0673678
13,Sample_S19S_0090_Sed,501.2341074
11,Sample_S19S_0090_Sed,501.2705063
6,Sample_S19S_0090_Sed,503.01033
9,Sample_S19S_0090_Sed,503.0468089
2,Sample_S19S_0090_Sed,503.0832459
5,Sample_S19S_0090_Sed,503.2051842
4,Sample_S19S_0090_Sed,503.2415628
8,Sample_S19S_0090_Sed,505.0259469
6,Sample_S19S_0090_Sed,505.0622503
10,Sample_S19S_0090_Sed,505.098662
8,Sample_S19S_0090_Sed,505.1350781
10,Sample_S19S_0090_Sed,505.1846129
5,Sample_S19S_0090_Sed,505.221033
11,Sample_S19S_0090_Sed,507.0415912
32,Sample_S19S_0090_Sed,507.1144464
12,Sample_S19S_0090_Sed,507.2001826
2,Sample_S19S_0090_Sed,507.2728559
5,Sample_S19S_0090_Sed,509.0573918
24,Sample_S19S_0090_Sed,509.0937287
24,Sample_S19S_0090_Sed,509.1300451
8,Sample_S19S_0090_Sed,509.2157568
10,Sample_S19S_0090_Sed,509.2522003
1,Sample_S19S_0090_Sed,509.3766895
7,Sample_S19S_0090_Sed,511.0366348
30,Sample_S19S_0090_Sed,511.0729714
1,Sample_S19S_0090_Sed,511.1375472
2,Sample_S19S_0090_Sed,511.2911339
4,Sample_S19S_0090_Sed,513.0522762
19,Sample_S19S_0090_Sed,513.0885835
3,Sample_S19S_0090_Sed,513.3068739
8,Sample_S19S_0090_Sed,515.0467951
29,Sample_S19S_0090_Sed,517.0624113
6,Sample_S19S_0090_Sed,517.098859
9,Sample_S19S_0090_Sed,517.2208996
10,Sample_S19S_0090_Sed,519.0779454
21,Sample_S19S_0090_Sed,519.2002386
5,Sample_S19S_0090_Sed,519.2366622
31,Sample_S19S_0090_Sed,521.1301011
1,Sample_S19S_0090_Sed,521.2157156
6,Sample_S19S_0090_Sed,521.2521448
12,Sample_S19S_0090_Sed,523.0365285
5,Sample_S19S_0090_Sed,523.0728235
1,Sample_S19S_0090_Sed,523.1091901
8,Sample_S19S_0090_Sed,525.0521307
17,Sample_S19S_0090_Sed,525.0885729
22,Sample_S19S_0090_Sed,525.1250197
9,Sample_S19S_0090_Sed,527.0315131
9,Sample_S19S_0090_Sed,527.0467883
6,Sample_S19S_0090_Sed,527.0832056
3,Sample_S19S_0090_Sed,527.1043114
9,Sample_S19S_0090_Sed,529.0624704
3,Sample_S19S_0090_Sed,531.0781475
10,Sample_S19S_0090_Sed,531.1144803
1,Sample_S19S_0090_Sed,531.1597187
3,Sample_S19S_0090_Sed,533.0574115
9,Sample_S19S_0090_Sed,535.0730261
8,Sample_S19S_0090_Sed,535.1094222
12,Sample_S19S_0090_Sed,539.0679143
9,Sample_S19S_0090_Sed,543.0781158
4,Sample_S19S_0090_Sed,545.0935509
8,Sample_S19S_0090_Sed,545.1299664
7,Sample_S19S_0090_Sed,547.0364584
10,Sample_S19S_0090_Sed,547.2678735
5,Sample_S19S_0090_Sed,549.0523077
4,Sample_S19S_0090_Sed,549.1250923
5,Sample_S19S_0090_Sed,551.0679996
3,Sample_S19S_0090_Sed,555.0417548
2,Sample_S19S_0090_Sed,555.0629131
6,Sample_S19S_0090_Sed,559.1092427
13,Sample_S19S_0090_Sed,561.0522506
4,Sample_S19S_0090_Sed,561.1248442
4,Sample_S19S_0090_Sed,563.1043787
6,Sample_S19S_0090_Sed,565.0833841
5,Sample_S19S_0090_Sed,567.0992538
12,Sample_S19S_0090_Sed,569.0784551
9,Sample_S19S_0090_Sed,573.0521883
1,Sample_S19S_0090_Sed,581.4341369
1,Sample_S19S_0090_Sed,811.2808271
