num.trans.involved.in,sample,peak
3,Sample_S19S_0038_Sed,241.0466195
14,Sample_S19S_0038_Sed,241.0717422
12,Sample_S19S_0038_Sed,241.1081087
8,Sample_S19S_0038_Sed,241.1445007
12,Sample_S19S_0038_Sed,242.139775
4,Sample_S19S_0038_Sed,242.1761465
12,Sample_S19S_0038_Sed,243.0873816
9,Sample_S19S_0038_Sed,243.1237626
16,Sample_S19S_0038_Sed,243.1601665
6,Sample_S19S_0038_Sed,244.1302798
55,Sample_S19S_0038_Sed,245.0666847
47,Sample_S19S_0038_Sed,245.1030642
2,Sample_S19S_0038_Sed,245.1142776
24,Sample_S19S_0038_Sed,245.1394342
53,Sample_S19S_0038_Sed,247.0823368
4,Sample_S19S_0038_Sed,247.0935696
39,Sample_S19S_0038_Sed,247.118733
30,Sample_S19S_0038_Sed,249.1496147
4,Sample_S19S_0038_Sed,249.1529913
6,Sample_S19S_0038_Sed,250.1448617
3,Sample_S19S_0038_Sed,251.0594793
4,Sample_S19S_0038_Sed,251.0958765
32,Sample_S19S_0038_Sed,251.1289035
29,Sample_S19S_0038_Sed,253.0353983
19,Sample_S19S_0038_Sed,253.1081345
41,Sample_S19S_0038_Sed,253.1445337
1,Sample_S19S_0038_Sed,255.0622462
74,Sample_S19S_0038_Sed,255.0874163
20,Sample_S19S_0038_Sed,255.1237776
41,Sample_S19S_0038_Sed,255.1602018
9,Sample_S19S_0038_Sed,255.2329705
1,Sample_S19S_0038_Sed,257.0415582
54,Sample_S19S_0038_Sed,257.0666765
34,Sample_S19S_0038_Sed,257.1030521
50,Sample_S19S_0038_Sed,257.1394516
32,Sample_S19S_0038_Sed,257.175834
9,Sample_S19S_0038_Sed,258.0983343
14,Sample_S19S_0038_Sed,258.145966
51,Sample_S19S_0038_Sed,259.0823405
50,Sample_S19S_0038_Sed,259.1187072
9,Sample_S19S_0038_Sed,259.1299532
41,Sample_S19S_0038_Sed,259.1551113
38,Sample_S19S_0038_Sed,261.0980071
2,Sample_S19S_0038_Sed,261.1244971
48,Sample_S19S_0038_Sed,261.1343647
26,Sample_S19S_0038_Sed,263.128908
4,Sample_S19S_0038_Sed,265.0578564
57,Sample_S19S_0038_Sed,265.1081545
38,Sample_S19S_0038_Sed,265.1445692
4,Sample_S19S_0038_Sed,265.1479151
16,Sample_S19S_0038_Sed,265.1809039
4,Sample_S19S_0038_Sed,266.089493
47,Sample_S19S_0038_Sed,267.0510336
5,Sample_S19S_0038_Sed,267.0735078
48,Sample_S19S_0038_Sed,267.0874299
61,Sample_S19S_0038_Sed,267.123805
37,Sample_S19S_0038_Sed,267.1601848
32,Sample_S19S_0038_Sed,269.0303205
57,Sample_S19S_0038_Sed,269.0666802
59,Sample_S19S_0038_Sed,269.1030627
49,Sample_S19S_0038_Sed,269.1394657
39,Sample_S19S_0038_Sed,269.1758579
7,Sample_S19S_0038_Sed,270.1459747
29,Sample_S19S_0038_Sed,271.0459737
45,Sample_S19S_0038_Sed,271.0823212
66,Sample_S19S_0038_Sed,271.118718
40,Sample_S19S_0038_Sed,271.1551343
34,Sample_S19S_0038_Sed,271.1914941
41,Sample_S19S_0038_Sed,273.061591
57,Sample_S19S_0038_Sed,273.0979879
42,Sample_S19S_0038_Sed,273.1343844
43,Sample_S19S_0038_Sed,273.1707658
9,Sample_S19S_0038_Sed,274.0932637
49,Sample_S19S_0038_Sed,275.0772487
48,Sample_S19S_0038_Sed,275.1136274
36,Sample_S19S_0038_Sed,275.1500444
43,Sample_S19S_0038_Sed,277.1081544
1,Sample_S19S_0038_Sed,277.1194289
37,Sample_S19S_0038_Sed,277.1445377
33,Sample_S19S_0038_Sed,279.0874539
2,Sample_S19S_0038_Sed,279.0986672
37,Sample_S19S_0038_Sed,279.1238221
40,Sample_S19S_0038_Sed,279.160186
29,Sample_S19S_0038_Sed,281.0303339
1,Sample_S19S_0038_Sed,281.0528323
54,Sample_S19S_0038_Sed,281.0666829
27,Sample_S19S_0038_Sed,281.1030502
57,Sample_S19S_0038_Sed,281.1394597
34,Sample_S19S_0038_Sed,281.1758716
3,Sample_S19S_0038_Sed,282.0844159
42,Sample_S19S_0038_Sed,283.0459554
1,Sample_S19S_0038_Sed,283.0684737
28,Sample_S19S_0038_Sed,283.0823169
72,Sample_S19S_0038_Sed,283.118715
45,Sample_S19S_0038_Sed,283.1551309
20,Sample_S19S_0038_Sed,283.1915306
5,Sample_S19S_0038_Sed,284.1616007
32,Sample_S19S_0038_Sed,285.0616357
7,Sample_S19S_0038_Sed,285.1262347
46,Sample_S19S_0038_Sed,285.1343948
46,Sample_S19S_0038_Sed,285.17075
9,Sample_S19S_0038_Sed,285.2071124
11,Sample_S19S_0038_Sed,286.1772587
57,Sample_S19S_0038_Sed,287.0772537
6,Sample_S19S_0038_Sed,287.0958808
60,Sample_S19S_0038_Sed,287.1136282
53,Sample_S19S_0038_Sed,287.150015
37,Sample_S19S_0038_Sed,287.1864124
13,Sample_S19S_0038_Sed,287.2228145
12,Sample_S19S_0038_Sed,288.1453272
5,Sample_S19S_0038_Sed,288.1565445
27,Sample_S19S_0038_Sed,289.0354029
39,Sample_S19S_0038_Sed,289.0929075
56,Sample_S19S_0038_Sed,289.1292776
42,Sample_S19S_0038_Sed,289.1656738
13,Sample_S19S_0038_Sed,290.1245994
27,Sample_S19S_0038_Sed,291.0146759
34,Sample_S19S_0038_Sed,291.1601932
6,Sample_S19S_0038_Sed,292.1038307
5,Sample_S19S_0038_Sed,292.2129776
34,Sample_S19S_0038_Sed,293.0303357
42,Sample_S19S_0038_Sed,293.0667099
52,Sample_S19S_0038_Sed,293.1030793
4,Sample_S19S_0038_Sed,293.1064492
2,Sample_S19S_0038_Sed,293.1143295
10,Sample_S19S_0038_Sed,293.1757942
36,Sample_S19S_0038_Sed,295.0459444
62,Sample_S19S_0038_Sed,295.0823376
66,Sample_S19S_0038_Sed,295.1187213
48,Sample_S19S_0038_Sed,295.1550986
37,Sample_S19S_0038_Sed,295.1914926
42,Sample_S19S_0038_Sed,297.0616262
40,Sample_S19S_0038_Sed,297.0980154
36,Sample_S19S_0038_Sed,297.1344063
6,Sample_S19S_0038_Sed,297.1529844
29,Sample_S19S_0038_Sed,297.1707937
12,Sample_S19S_0038_Sed,297.2071894
5,Sample_S19S_0038_Sed,298.177245
57,Sample_S19S_0038_Sed,299.1136455
63,Sample_S19S_0038_Sed,299.1500243
39,Sample_S19S_0038_Sed,299.1864335
15,Sample_S19S_0038_Sed,299.2228305
11,Sample_S19S_0038_Sed,300.1089049
4,Sample_S19S_0038_Sed,300.1929428
29,Sample_S19S_0038_Sed,301.0565488
10,Sample_S19S_0038_Sed,301.071792
44,Sample_S19S_0038_Sed,301.092932
42,Sample_S19S_0038_Sed,301.129318
50,Sample_S19S_0038_Sed,301.1656955
35,Sample_S19S_0038_Sed,301.202066
12,Sample_S19S_0038_Sed,302.1245742
9,Sample_S19S_0038_Sed,302.1357844
16,Sample_S19S_0038_Sed,302.1609828
12,Sample_S19S_0038_Sed,302.1721713
55,Sample_S19S_0038_Sed,303.1085414
57,Sample_S19S_0038_Sed,303.1449308
37,Sample_S19S_0038_Sed,303.1813306
18,Sample_S19S_0038_Sed,303.2177327
14,Sample_S19S_0038_Sed,304.1402446
5,Sample_S19S_0038_Sed,304.1766628
27,Sample_S19S_0038_Sed,305.0303157
36,Sample_S19S_0038_Sed,305.0666877
21,Sample_S19S_0038_Sed,305.1242388
29,Sample_S19S_0038_Sed,305.1758605
6,Sample_S19S_0038_Sed,306.1195211
5,Sample_S19S_0038_Sed,306.192305
24,Sample_S19S_0038_Sed,307.0095853
45,Sample_S19S_0038_Sed,307.0459779
28,Sample_S19S_0038_Sed,307.0823737
28,Sample_S19S_0038_Sed,307.1187572
36,Sample_S19S_0038_Sed,307.1551342
32,Sample_S19S_0038_Sed,307.1915179
36,Sample_S19S_0038_Sed,309.0252469
51,Sample_S19S_0038_Sed,309.0616036
56,Sample_S19S_0038_Sed,309.0979773
6,Sample_S19S_0038_Sed,309.1013433
56,Sample_S19S_0038_Sed,309.1343649
1,Sample_S19S_0038_Sed,309.1530159
46,Sample_S19S_0038_Sed,309.1707647
4,Sample_S19S_0038_Sed,309.1741269
18,Sample_S19S_0038_Sed,309.2071806
31,Sample_S19S_0038_Sed,311.0408991
40,Sample_S19S_0038_Sed,311.0772659
78,Sample_S19S_0038_Sed,311.1136352
65,Sample_S19S_0038_Sed,311.1500195
39,Sample_S19S_0038_Sed,311.186419
15,Sample_S19S_0038_Sed,311.2228309
1,Sample_S19S_0038_Sed,312.9846454
34,Sample_S19S_0038_Sed,313.0565398
44,Sample_S19S_0038_Sed,313.0929245
49,Sample_S19S_0038_Sed,313.1293014
36,Sample_S19S_0038_Sed,313.2020808
17,Sample_S19S_0038_Sed,313.2384778
21,Sample_S19S_0038_Sed,314.1609464
12,Sample_S19S_0038_Sed,314.1721852
9,Sample_S19S_0038_Sed,314.1973467
31,Sample_S19S_0038_Sed,315.0721791
50,Sample_S19S_0038_Sed,315.1085755
55,Sample_S19S_0038_Sed,315.1449559
47,Sample_S19S_0038_Sed,315.1813307
28,Sample_S19S_0038_Sed,315.217727
5,Sample_S19S_0038_Sed,315.2290147
14,Sample_S19S_0038_Sed,316.1038062
9,Sample_S19S_0038_Sed,316.1514197
11,Sample_S19S_0038_Sed,316.1878305
9,Sample_S19S_0038_Sed,316.2130272
43,Sample_S19S_0038_Sed,317.124227
30,Sample_S19S_0038_Sed,317.1394552
46,Sample_S19S_0038_Sed,317.1606071
2,Sample_S19S_0038_Sed,317.2446454
9,Sample_S19S_0038_Sed,318.1194966
8,Sample_S19S_0038_Sed,318.2286611
9,Sample_S19S_0038_Sed,319.0857041
36,Sample_S19S_0038_Sed,319.139868
7,Sample_S19S_0038_Sed,320.0987676
14,Sample_S19S_0038_Sed,320.1351354
3,Sample_S19S_0038_Sed,320.2442999
31,Sample_S19S_0038_Sed,321.0252313
28,Sample_S19S_0038_Sed,321.0616406
41,Sample_S19S_0038_Sed,321.1343949
35,Sample_S19S_0038_Sed,321.1707672
15,Sample_S19S_0038_Sed,321.2201744
7,Sample_S19S_0038_Sed,322.1144282
2,Sample_S19S_0038_Sed,322.1508517
5,Sample_S19S_0038_Sed,322.1872255
27,Sample_S19S_0038_Sed,323.0408542
51,Sample_S19S_0038_Sed,323.0772527
27,Sample_S19S_0038_Sed,323.1136726
43,Sample_S19S_0038_Sed,323.1864241
15,Sample_S19S_0038_Sed,324.108871
12,Sample_S19S_0038_Sed,324.1664479
2,Sample_S19S_0038_Sed,324.1929379
5,Sample_S19S_0038_Sed,325.0201894
39,Sample_S19S_0038_Sed,325.0565425
56,Sample_S19S_0038_Sed,325.0928926
53,Sample_S19S_0038_Sed,325.1292996
3,Sample_S19S_0038_Sed,325.1479013
46,Sample_S19S_0038_Sed,325.1657004
1,Sample_S19S_0038_Sed,325.1842438
51,Sample_S19S_0038_Sed,325.2020573
9,Sample_S19S_0038_Sed,326.2085635
29,Sample_S19S_0038_Sed,327.035782
32,Sample_S19S_0038_Sed,327.0722018
48,Sample_S19S_0038_Sed,327.1085831
58,Sample_S19S_0038_Sed,327.1449492
4,Sample_S19S_0038_Sed,327.1636073
2,Sample_S19S_0038_Sed,327.1801504
6,Sample_S19S_0038_Sed,327.2177565
12,Sample_S19S_0038_Sed,328.1514425
5,Sample_S19S_0038_Sed,328.1878731
21,Sample_S19S_0038_Sed,329.0303285
18,Sample_S19S_0038_Sed,329.0514722
58,Sample_S19S_0038_Sed,329.0878075
50,Sample_S19S_0038_Sed,329.1242163
1,Sample_S19S_0038_Sed,329.152419
15,Sample_S19S_0038_Sed,329.1758446
38,Sample_S19S_0038_Sed,329.1969687
21,Sample_S19S_0038_Sed,329.2333488
7,Sample_S19S_0038_Sed,330.1307217
11,Sample_S19S_0038_Sed,330.1670892
11,Sample_S19S_0038_Sed,330.192266
9,Sample_S19S_0038_Sed,330.2034832
32,Sample_S19S_0038_Sed,331.0670688
29,Sample_S19S_0038_Sed,331.1034998
14,Sample_S19S_0038_Sed,331.1399002
49,Sample_S19S_0038_Sed,331.1762541
6,Sample_S19S_0038_Sed,331.1915481
6,Sample_S19S_0038_Sed,331.2126721
4,Sample_S19S_0038_Sed,331.2239268
3,Sample_S19S_0038_Sed,331.2490738
11,Sample_S19S_0038_Sed,332.0987468
6,Sample_S19S_0038_Sed,332.2079509
8,Sample_S19S_0038_Sed,333.0252702
9,Sample_S19S_0038_Sed,333.1191757
18,Sample_S19S_0038_Sed,333.1707943
19,Sample_S19S_0038_Sed,333.2071238
2,Sample_S19S_0038_Sed,333.2395661
10,Sample_S19S_0038_Sed,334.1144217
5,Sample_S19S_0038_Sed,334.1508295
6,Sample_S19S_0038_Sed,334.2235949
15,Sample_S19S_0038_Sed,335.0409093
42,Sample_S19S_0038_Sed,335.0772597
17,Sample_S19S_0038_Sed,335.1136067
37,Sample_S19S_0038_Sed,335.150042
20,Sample_S19S_0038_Sed,335.2227808
3,Sample_S19S_0038_Sed,336.1301036
13,Sample_S19S_0038_Sed,336.1664659
26,Sample_S19S_0038_Sed,337.0201415
18,Sample_S19S_0038_Sed,337.0564852
41,Sample_S19S_0038_Sed,337.0929176
61,Sample_S19S_0038_Sed,337.1292866
44,Sample_S19S_0038_Sed,337.1656867
6,Sample_S19S_0038_Sed,337.2021218
9,Sample_S19S_0038_Sed,338.182098
31,Sample_S19S_0038_Sed,339.0357996
52,Sample_S19S_0038_Sed,339.0721726
70,Sample_S19S_0038_Sed,339.1085453
40,Sample_S19S_0038_Sed,339.1813533
3,Sample_S19S_0038_Sed,339.1999929
63,Sample_S19S_0038_Sed,341.0878109
11,Sample_S19S_0038_Sed,341.12425
48,Sample_S19S_0038_Sed,341.1606173
6,Sample_S19S_0038_Sed,341.179252
44,Sample_S19S_0038_Sed,341.1969848
6,Sample_S19S_0038_Sed,341.2334189
7,Sample_S19S_0038_Sed,342.1670651
27,Sample_S19S_0038_Sed,343.067113
64,Sample_S19S_0038_Sed,343.1034685
10,Sample_S19S_0038_Sed,343.1399075
48,Sample_S19S_0038_Sed,343.1762631
1,Sample_S19S_0038_Sed,343.1987828
34,Sample_S19S_0038_Sed,343.2126496
15,Sample_S19S_0038_Sed,343.2490426
16,Sample_S19S_0038_Sed,344.1715382
6,Sample_S19S_0038_Sed,344.1827031
6,Sample_S19S_0038_Sed,344.1997897
13,Sample_S19S_0038_Sed,345.0252491
38,Sample_S19S_0038_Sed,345.1191373
6,Sample_S19S_0038_Sed,345.1344288
29,Sample_S19S_0038_Sed,345.1555412
8,Sample_S19S_0038_Sed,345.1919508
23,Sample_S19S_0038_Sed,345.2282779
17,Sample_S19S_0038_Sed,346.1507606
3,Sample_S19S_0038_Sed,346.1619628
15,Sample_S19S_0038_Sed,346.1871921
5,Sample_S19S_0038_Sed,346.2154294
29,Sample_S19S_0038_Sed,347.0408756
17,Sample_S19S_0038_Sed,347.0903002
15,Sample_S19S_0038_Sed,347.1348045
34,Sample_S19S_0038_Sed,347.1711801
5,Sample_S19S_0038_Sed,347.1864695
31,Sample_S19S_0038_Sed,347.2075497
11,Sample_S19S_0038_Sed,348.1300774
15,Sample_S19S_0038_Sed,348.1664038
10,Sample_S19S_0038_Sed,348.2028318
6,Sample_S19S_0038_Sed,348.231087
21,Sample_S19S_0038_Sed,349.0201636
13,Sample_S19S_0038_Sed,349.1059291
39,Sample_S19S_0038_Sed,349.129303
42,Sample_S19S_0038_Sed,349.1656793
8,Sample_S19S_0038_Sed,349.2021049
13,Sample_S19S_0038_Sed,350.1457077
9,Sample_S19S_0038_Sed,350.1821173
7,Sample_S19S_0038_Sed,350.2184616
30,Sample_S19S_0038_Sed,351.0357871
33,Sample_S19S_0038_Sed,351.0721501
21,Sample_S19S_0038_Sed,351.121581
28,Sample_S19S_0038_Sed,351.2177372
1,Sample_S19S_0038_Sed,351.2210572
11,Sample_S19S_0038_Sed,351.2307319
3,Sample_S19S_0038_Sed,351.2500934
12,Sample_S19S_0038_Sed,352.1613622
1,Sample_S19S_0038_Sed,352.1978012
14,Sample_S19S_0038_Sed,353.0514753
60,Sample_S19S_0038_Sed,353.0878166
10,Sample_S19S_0038_Sed,353.1008561
46,Sample_S19S_0038_Sed,353.124233
29,Sample_S19S_0038_Sed,353.1605629
19,Sample_S19S_0038_Sed,353.1736275
38,Sample_S19S_0038_Sed,353.1970034
2,Sample_S19S_0038_Sed,353.2003494
13,Sample_S19S_0038_Sed,353.2099396
14,Sample_S19S_0038_Sed,353.2333297
33,Sample_S19S_0038_Sed,355.0671162
56,Sample_S19S_0038_Sed,355.1034699
17,Sample_S19S_0038_Sed,355.1164999
11,Sample_S19S_0038_Sed,355.1399086
55,Sample_S19S_0038_Sed,355.1762476
12,Sample_S19S_0038_Sed,355.2126797
27,Sample_S19S_0038_Sed,356.1715182
18,Sample_S19S_0038_Sed,357.046323
44,Sample_S19S_0038_Sed,357.0827228
15,Sample_S19S_0038_Sed,357.1110353
62,Sample_S19S_0038_Sed,357.1191097
60,Sample_S19S_0038_Sed,357.1554992
55,Sample_S19S_0038_Sed,357.191896
4,Sample_S19S_0038_Sed,357.2144125
36,Sample_S19S_0038_Sed,357.2282738
15,Sample_S19S_0038_Sed,358.1871972
12,Sample_S19S_0038_Sed,358.1983945
23,Sample_S19S_0038_Sed,358.2235211
5,Sample_S19S_0038_Sed,359.0409252
28,Sample_S19S_0038_Sed,359.0619959
18,Sample_S19S_0038_Sed,359.0984239
38,Sample_S19S_0038_Sed,359.1347452
7,Sample_S19S_0038_Sed,359.1572531
48,Sample_S19S_0038_Sed,359.1711775
17,Sample_S19S_0038_Sed,359.2074846
27,Sample_S19S_0038_Sed,359.2439319
2,Sample_S19S_0038_Sed,360.1299489
19,Sample_S19S_0038_Sed,360.1664452
12,Sample_S19S_0038_Sed,360.1776328
3,Sample_S19S_0038_Sed,360.1946802
6,Sample_S19S_0038_Sed,360.2674679
20,Sample_S19S_0038_Sed,361.0201475
16,Sample_S19S_0038_Sed,361.056505
32,Sample_S19S_0038_Sed,361.1140532
39,Sample_S19S_0038_Sed,361.1292859
31,Sample_S19S_0038_Sed,361.1423317
44,Sample_S19S_0038_Sed,361.1504109
21,Sample_S19S_0038_Sed,361.1657046
37,Sample_S19S_0038_Sed,361.186829
12,Sample_S19S_0038_Sed,361.2151155
3,Sample_S19S_0038_Sed,361.2878733
12,Sample_S19S_0038_Sed,362.1821174
27,Sample_S19S_0038_Sed,363.0357881
18,Sample_S19S_0038_Sed,363.1215932
16,Sample_S19S_0038_Sed,363.1449786
12,Sample_S19S_0038_Sed,363.1812892
20,Sample_S19S_0038_Sed,363.1943423
3,Sample_S19S_0038_Sed,363.2670624
7,Sample_S19S_0038_Sed,364.0674047
11,Sample_S19S_0038_Sed,364.1613157
2,Sample_S19S_0038_Sed,364.200847
8,Sample_S19S_0038_Sed,364.2259804
22,Sample_S19S_0038_Sed,365.015069
11,Sample_S19S_0038_Sed,365.0513776
37,Sample_S19S_0038_Sed,365.0878382
21,Sample_S19S_0038_Sed,365.1008669
18,Sample_S19S_0038_Sed,365.1241727
21,Sample_S19S_0038_Sed,365.137244
35,Sample_S19S_0038_Sed,365.1969623
24,Sample_S19S_0038_Sed,365.2100088
5,Sample_S19S_0038_Sed,366.2416661
5,Sample_S19S_0038_Sed,366.2497563
18,Sample_S19S_0038_Sed,367.0306865
39,Sample_S19S_0038_Sed,367.0671094
65,Sample_S19S_0038_Sed,367.1034613
14,Sample_S19S_0038_Sed,367.1165264
3,Sample_S19S_0038_Sed,367.1399195
34,Sample_S19S_0038_Sed,367.1762158
24,Sample_S19S_0038_Sed,367.189277
35,Sample_S19S_0038_Sed,367.2126519
1,Sample_S19S_0038_Sed,367.2255178
2,Sample_S19S_0038_Sed,368.1562607
36,Sample_S19S_0038_Sed,368.1714856
15,Sample_S19S_0038_Sed,369.0463181
41,Sample_S19S_0038_Sed,369.0827443
8,Sample_S19S_0038_Sed,369.1190631
19,Sample_S19S_0038_Sed,369.1321274
58,Sample_S19S_0038_Sed,369.1555194
22,Sample_S19S_0038_Sed,369.1685393
15,Sample_S19S_0038_Sed,369.1837969
18,Sample_S19S_0038_Sed,369.1918398
32,Sample_S19S_0038_Sed,369.2282876
15,Sample_S19S_0038_Sed,371.0408802
35,Sample_S19S_0038_Sed,371.0620102
11,Sample_S19S_0038_Sed,371.0983408
47,Sample_S19S_0038_Sed,371.1347918
42,Sample_S19S_0038_Sed,371.171134
34,Sample_S19S_0038_Sed,371.2075705
22,Sample_S19S_0038_Sed,371.2439257
15,Sample_S19S_0038_Sed,372.2028242
8,Sample_S19S_0038_Sed,372.2140099
4,Sample_S19S_0038_Sed,372.3038234
20,Sample_S19S_0038_Sed,373.0565482
14,Sample_S19S_0038_Sed,373.0776886
18,Sample_S19S_0038_Sed,373.1059583
29,Sample_S19S_0038_Sed,373.1140108
11,Sample_S19S_0038_Sed,373.1504711
7,Sample_S19S_0038_Sed,373.1729074
34,Sample_S19S_0038_Sed,373.1867821
36,Sample_S19S_0038_Sed,373.2231881
4,Sample_S19S_0038_Sed,373.287836
23,Sample_S19S_0038_Sed,374.1456527
9,Sample_S19S_0038_Sed,374.1820296
16,Sample_S19S_0038_Sed,374.2184652
8,Sample_S19S_0038_Sed,375.0358416
23,Sample_S19S_0038_Sed,375.0721973
13,Sample_S19S_0038_Sed,375.0852221
26,Sample_S19S_0038_Sed,375.1297066
30,Sample_S19S_0038_Sed,375.1579842
15,Sample_S19S_0038_Sed,375.1660121
31,Sample_S19S_0038_Sed,375.194367
24,Sample_S19S_0038_Sed,375.2024285
24,Sample_S19S_0038_Sed,375.2177037
11,Sample_S19S_0038_Sed,375.230771
10,Sample_S19S_0038_Sed,375.2387855
13,Sample_S19S_0038_Sed,376.1249335
2,Sample_S19S_0038_Sed,376.1895594
13,Sample_S19S_0038_Sed,376.1976905
9,Sample_S19S_0038_Sed,376.2260146
30,Sample_S19S_0038_Sed,377.0514538
19,Sample_S19S_0038_Sed,377.0877952
14,Sample_S19S_0038_Sed,377.100823
44,Sample_S19S_0038_Sed,377.1241915
21,Sample_S19S_0038_Sed,377.1372608
29,Sample_S19S_0038_Sed,377.1735945
16,Sample_S19S_0038_Sed,377.2099902
26,Sample_S19S_0038_Sed,377.2333521
16,Sample_S19S_0038_Sed,377.2463996
3,Sample_S19S_0038_Sed,378.2052199
1,Sample_S19S_0038_Sed,378.2164385
11,Sample_S19S_0038_Sed,378.2416575
26,Sample_S19S_0038_Sed,379.0307221
10,Sample_S19S_0038_Sed,379.0670295
4,Sample_S19S_0038_Sed,379.0800689
53,Sample_S19S_0038_Sed,379.1034645
19,Sample_S19S_0038_Sed,379.1165229
25,Sample_S19S_0038_Sed,379.1528588
33,Sample_S19S_0038_Sed,379.1892722
18,Sample_S19S_0038_Sed,379.2256462
1,Sample_S19S_0038_Sed,380.1116712
2,Sample_S19S_0038_Sed,380.1593778
7,Sample_S19S_0038_Sed,380.184512
29,Sample_S19S_0038_Sed,381.0463502
4,Sample_S19S_0038_Sed,381.095685
56,Sample_S19S_0038_Sed,381.1191186
20,Sample_S19S_0038_Sed,381.1321708
22,Sample_S19S_0038_Sed,381.1684945
36,Sample_S19S_0038_Sed,381.1918695
13,Sample_S19S_0038_Sed,381.204939
26,Sample_S19S_0038_Sed,381.2282913
4,Sample_S19S_0038_Sed,382.1273741
1,Sample_S19S_0038_Sed,382.1385796
12,Sample_S19S_0038_Sed,383.0255766
14,Sample_S19S_0038_Sed,383.0619616
61,Sample_S19S_0038_Sed,383.0983806
2,Sample_S19S_0038_Sed,383.1113231
14,Sample_S19S_0038_Sed,383.1347075
21,Sample_S19S_0038_Sed,383.1477567
20,Sample_S19S_0038_Sed,383.184187
44,Sample_S19S_0038_Sed,383.2075249
26,Sample_S19S_0038_Sed,383.2439132
12,Sample_S19S_0038_Sed,385.0412026
46,Sample_S19S_0038_Sed,385.0776412
10,Sample_S19S_0038_Sed,385.1139909
21,Sample_S19S_0038_Sed,385.1503825
8,Sample_S19S_0038_Sed,385.172924
40,Sample_S19S_0038_Sed,385.1868285
11,Sample_S19S_0038_Sed,385.2151169
15,Sample_S19S_0038_Sed,385.2231361
20,Sample_S19S_0038_Sed,385.2595906
30,Sample_S19S_0038_Sed,386.1820531
11,Sample_S19S_0038_Sed,387.0568488
14,Sample_S19S_0038_Sed,387.0932457
59,Sample_S19S_0038_Sed,387.1296791
20,Sample_S19S_0038_Sed,387.1579654
7,Sample_S19S_0038_Sed,387.1659841
21,Sample_S19S_0038_Sed,387.19436
36,Sample_S19S_0038_Sed,387.2024406
4,Sample_S19S_0038_Sed,388.2987452
16,Sample_S19S_0038_Sed,389.051417
9,Sample_S19S_0038_Sed,389.0724972
26,Sample_S19S_0038_Sed,389.0878118
13,Sample_S19S_0038_Sed,389.1008827
17,Sample_S19S_0038_Sed,389.1372295
8,Sample_S19S_0038_Sed,389.1452618
1,Sample_S19S_0038_Sed,389.1677218
29,Sample_S19S_0038_Sed,389.1736085
16,Sample_S19S_0038_Sed,389.1816725
21,Sample_S19S_0038_Sed,389.1969883
27,Sample_S19S_0038_Sed,389.2180886
4,Sample_S19S_0038_Sed,389.2827541
1,Sample_S19S_0038_Sed,390.2132816
18,Sample_S19S_0038_Sed,391.0670531
13,Sample_S19S_0038_Sed,391.1034381
19,Sample_S19S_0038_Sed,391.1398852
18,Sample_S19S_0038_Sed,391.1528412
2,Sample_S19S_0038_Sed,391.1608948
18,Sample_S19S_0038_Sed,391.1892281
24,Sample_S19S_0038_Sed,391.212612
12,Sample_S19S_0038_Sed,391.2256863
6,Sample_S19S_0038_Sed,391.2620068
10,Sample_S19S_0038_Sed,392.2209084
1,Sample_S19S_0038_Sed,392.2572106
17,Sample_S19S_0038_Sed,393.0463154
35,Sample_S19S_0038_Sed,393.0827628
19,Sample_S19S_0038_Sed,393.1321265
17,Sample_S19S_0038_Sed,393.1554711
22,Sample_S19S_0038_Sed,393.1685262
1,Sample_S19S_0038_Sed,393.1907448
24,Sample_S19S_0038_Sed,393.2049392
2,Sample_S19S_0038_Sed,393.2161336
12,Sample_S19S_0038_Sed,393.2282185
4,Sample_S19S_0038_Sed,393.2776995
2,Sample_S19S_0038_Sed,394.1750252
6,Sample_S19S_0038_Sed,394.2001939
3,Sample_S19S_0038_Sed,394.2364931
12,Sample_S19S_0038_Sed,395.0255818
20,Sample_S19S_0038_Sed,395.0619708
18,Sample_S19S_0038_Sed,395.0984243
62,Sample_S19S_0038_Sed,395.1347697
24,Sample_S19S_0038_Sed,395.1477706
13,Sample_S19S_0038_Sed,395.2075813
19,Sample_S19S_0038_Sed,395.2205826
3,Sample_S19S_0038_Sed,395.2317962
10,Sample_S19S_0038_Sed,395.2438669
2,Sample_S19S_0038_Sed,396.1542305
14,Sample_S19S_0038_Sed,397.0412485
14,Sample_S19S_0038_Sed,397.0775828
33,Sample_S19S_0038_Sed,397.1140135
14,Sample_S19S_0038_Sed,397.1270557
54,Sample_S19S_0038_Sed,397.1504225
18,Sample_S19S_0038_Sed,397.1634297
19,Sample_S19S_0038_Sed,397.1867602
13,Sample_S19S_0038_Sed,397.1997808
37,Sample_S19S_0038_Sed,397.2232052
3,Sample_S19S_0038_Sed,398.1222468
7,Sample_S19S_0038_Sed,399.0568344
24,Sample_S19S_0038_Sed,399.0932727
36,Sample_S19S_0038_Sed,399.1296635
11,Sample_S19S_0038_Sed,399.1579458
3,Sample_S19S_0038_Sed,399.1659287
11,Sample_S19S_0038_Sed,399.1790309
3,Sample_S19S_0038_Sed,399.1884911
14,Sample_S19S_0038_Sed,399.1943775
37,Sample_S19S_0038_Sed,399.2024375
11,Sample_S19S_0038_Sed,399.2388025
1,Sample_S19S_0038_Sed,401.0161641
24,Sample_S19S_0038_Sed,401.0514549
8,Sample_S19S_0038_Sed,401.0725084
29,Sample_S19S_0038_Sed,401.1089631
49,Sample_S19S_0038_Sed,401.1453284
18,Sample_S19S_0038_Sed,401.1736033
14,Sample_S19S_0038_Sed,401.1816514
3,Sample_S19S_0038_Sed,401.204141
23,Sample_S19S_0038_Sed,401.2100146
26,Sample_S19S_0038_Sed,401.2180808
1,Sample_S19S_0038_Sed,403.0129628
24,Sample_S19S_0038_Sed,403.1034476
12,Sample_S19S_0038_Sed,403.1164656
19,Sample_S19S_0038_Sed,403.1529106
20,Sample_S19S_0038_Sed,403.1609357
34,Sample_S19S_0038_Sed,403.1973716
16,Sample_S19S_0038_Sed,403.2256482
13,Sample_S19S_0038_Sed,403.2336971
16,Sample_S19S_0038_Sed,404.1926065
3,Sample_S19S_0038_Sed,404.2937097
27,Sample_S19S_0038_Sed,405.0463718
21,Sample_S19S_0038_Sed,405.1321292
23,Sample_S19S_0038_Sed,405.1555362
26,Sample_S19S_0038_Sed,405.1685606
11,Sample_S19S_0038_Sed,405.1765627
15,Sample_S19S_0038_Sed,405.2048711
8,Sample_S19S_0038_Sed,405.2412525
10,Sample_S19S_0038_Sed,405.2776864
7,Sample_S19S_0038_Sed,406.2364932
3,Sample_S19S_0038_Sed,406.3092961
8,Sample_S19S_0038_Sed,407.0255705
43,Sample_S19S_0038_Sed,407.0983755
8,Sample_S19S_0038_Sed,407.1113661
35,Sample_S19S_0038_Sed,407.1347505
22,Sample_S19S_0038_Sed,407.1477958
3,Sample_S19S_0038_Sed,407.1712237
19,Sample_S19S_0038_Sed,407.2205546
10,Sample_S19S_0038_Sed,407.2568891
5,Sample_S19S_0038_Sed,408.1776232
9,Sample_S19S_0038_Sed,409.0412228
10,Sample_S19S_0038_Sed,409.07757
48,Sample_S19S_0038_Sed,409.1140221
20,Sample_S19S_0038_Sed,409.1270356
12,Sample_S19S_0038_Sed,409.1633923
1,Sample_S19S_0038_Sed,409.1762635
8,Sample_S19S_0038_Sed,409.1997594
41,Sample_S19S_0038_Sed,409.2231724
14,Sample_S19S_0038_Sed,409.236154
5,Sample_S19S_0038_Sed,410.1221742
10,Sample_S19S_0038_Sed,411.0568579
34,Sample_S19S_0038_Sed,411.0933142
39,Sample_S19S_0038_Sed,411.1296933
23,Sample_S19S_0038_Sed,411.1426758
16,Sample_S19S_0038_Sed,411.1579879
31,Sample_S19S_0038_Sed,411.1660419
20,Sample_S19S_0038_Sed,411.1790746
4,Sample_S19S_0038_Sed,411.2022993
27,Sample_S19S_0038_Sed,411.2388467
4,Sample_S19S_0038_Sed,412.137911
31,Sample_S19S_0038_Sed,412.1977027
1,Sample_S19S_0038_Sed,413.072442
17,Sample_S19S_0038_Sed,413.1452768
19,Sample_S19S_0038_Sed,413.1736056
3,Sample_S19S_0038_Sed,413.1816156
1,Sample_S19S_0038_Sed,413.2041017
10,Sample_S19S_0038_Sed,413.2100122
18,Sample_S19S_0038_Sed,413.2180661
22,Sample_S19S_0038_Sed,413.2544798
27,Sample_S19S_0038_Sed,415.0881916
18,Sample_S19S_0038_Sed,415.1245406
6,Sample_S19S_0038_Sed,415.1529316
39,Sample_S19S_0038_Sed,415.1609859
30,Sample_S19S_0038_Sed,415.1973464
9,Sample_S19S_0038_Sed,415.219815
14,Sample_S19S_0038_Sed,415.2256541
12,Sample_S19S_0038_Sed,415.2336924
9,Sample_S19S_0038_Sed,416.1925804
7,Sample_S19S_0038_Sed,417.0674105
7,Sample_S19S_0038_Sed,417.0826722
25,Sample_S19S_0038_Sed,417.1321667
23,Sample_S19S_0038_Sed,417.1402188
27,Sample_S19S_0038_Sed,417.1685514
13,Sample_S19S_0038_Sed,417.1765666
12,Sample_S19S_0038_Sed,417.2048604
5,Sample_S19S_0038_Sed,417.2128787
13,Sample_S19S_0038_Sed,419.0619721
6,Sample_S19S_0038_Sed,419.0982983
3,Sample_S19S_0038_Sed,419.1113471
15,Sample_S19S_0038_Sed,419.1478319
29,Sample_S19S_0038_Sed,419.1842051
2,Sample_S19S_0038_Sed,419.1921608
15,Sample_S19S_0038_Sed,419.2205119
3,Sample_S19S_0038_Sed,419.2933676
6,Sample_S19S_0038_Sed,420.2521315
5,Sample_S19S_0038_Sed,421.0777047
36,Sample_S19S_0038_Sed,421.1140346
11,Sample_S19S_0038_Sed,421.1270174
1,Sample_S19S_0038_Sed,421.1552081
3,Sample_S19S_0038_Sed,421.2265386
11,Sample_S19S_0038_Sed,421.2362004
6,Sample_S19S_0038_Sed,422.2031632
4,Sample_S19S_0038_Sed,423.0205894
53,Sample_S19S_0038_Sed,423.1296813
13,Sample_S19S_0038_Sed,423.1426961
24,Sample_S19S_0038_Sed,423.179095
18,Sample_S19S_0038_Sed,423.2154249
1,Sample_S19S_0038_Sed,423.2387546
21,Sample_S19S_0038_Sed,425.1089252
5,Sample_S19S_0038_Sed,425.1453873
18,Sample_S19S_0038_Sed,425.1583275
33,Sample_S19S_0038_Sed,425.1816982
18,Sample_S19S_0038_Sed,425.1947046
2,Sample_S19S_0038_Sed,425.2178813
12,Sample_S19S_0038_Sed,425.2311014
1,Sample_S19S_0038_Sed,426.1172003
47,Sample_S19S_0038_Sed,427.1245871
2,Sample_S19S_0038_Sed,427.1610597
29,Sample_S19S_0038_Sed,427.1973395
16,Sample_S19S_0038_Sed,427.2103578
4,Sample_S19S_0038_Sed,427.2198983
8,Sample_S19S_0038_Sed,427.22569
26,Sample_S19S_0038_Sed,427.2337286
6,Sample_S19S_0038_Sed,428.1925676
1,Sample_S19S_0038_Sed,429.1039457
39,Sample_S19S_0038_Sed,429.1402424
22,Sample_S19S_0038_Sed,429.1765924
8,Sample_S19S_0038_Sed,429.1990848
22,Sample_S19S_0038_Sed,429.2129876
3,Sample_S19S_0038_Sed,429.2355333
22,Sample_S19S_0038_Sed,429.2494299
2,Sample_S19S_0038_Sed,430.194397
1,Sample_S19S_0038_Sed,430.9725876
7,Sample_S19S_0038_Sed,431.0256563
19,Sample_S19S_0038_Sed,431.0620177
17,Sample_S19S_0038_Sed,431.083125
19,Sample_S19S_0038_Sed,431.1477957
14,Sample_S19S_0038_Sed,431.1558407
20,Sample_S19S_0038_Sed,431.1922364
7,Sample_S19S_0038_Sed,431.2147537
7,Sample_S19S_0038_Sed,431.2206124
15,Sample_S19S_0038_Sed,431.2286229
4,Sample_S19S_0038_Sed,432.1876103
14,Sample_S19S_0038_Sed,433.0412948
6,Sample_S19S_0038_Sed,433.1139658
7,Sample_S19S_0038_Sed,433.1269982
21,Sample_S19S_0038_Sed,433.1634586
5,Sample_S19S_0038_Sed,433.1998888
19,Sample_S19S_0038_Sed,433.2079014
8,Sample_S19S_0038_Sed,433.2361951
3,Sample_S19S_0038_Sed,433.2441921
5,Sample_S19S_0038_Sed,433.3089812
9,Sample_S19S_0038_Sed,435.1296329
7,Sample_S19S_0038_Sed,435.1426364
1,Sample_S19S_0038_Sed,435.160379
25,Sample_S19S_0038_Sed,435.1790631
15,Sample_S19S_0038_Sed,435.2155119
16,Sample_S19S_0038_Sed,435.25188
4,Sample_S19S_0038_Sed,436.1742724
11,Sample_S19S_0038_Sed,437.0361523
11,Sample_S19S_0038_Sed,437.1088959
28,Sample_S19S_0038_Sed,437.1453651
21,Sample_S19S_0038_Sed,437.158378
21,Sample_S19S_0038_Sed,437.1946984
12,Sample_S19S_0038_Sed,437.2310601
2,Sample_S19S_0038_Sed,437.2674258
4,Sample_S19S_0038_Sed,439.051737
33,Sample_S19S_0038_Sed,439.1246064
15,Sample_S19S_0038_Sed,439.1609425
1,Sample_S19S_0038_Sed,439.1916893
12,Sample_S19S_0038_Sed,439.1973056
6,Sample_S19S_0038_Sed,439.2103099
3,Sample_S19S_0038_Sed,439.246834
13,Sample_S19S_0038_Sed,441.1039049
32,Sample_S19S_0038_Sed,441.1402285
13,Sample_S19S_0038_Sed,441.1765589
13,Sample_S19S_0038_Sed,441.2129575
7,Sample_S19S_0038_Sed,441.2494531
8,Sample_S19S_0038_Sed,443.0466588
14,Sample_S19S_0038_Sed,443.0830557
39,Sample_S19S_0038_Sed,443.119518
40,Sample_S19S_0038_Sed,443.1558944
20,Sample_S19S_0038_Sed,443.1841796
7,Sample_S19S_0038_Sed,443.1922057
6,Sample_S19S_0038_Sed,443.2285235
3,Sample_S19S_0038_Sed,444.2099819
11,Sample_S19S_0038_Sed,445.0412697
22,Sample_S19S_0038_Sed,445.1634705
33,Sample_S19S_0038_Sed,445.1715289
14,Sample_S19S_0038_Sed,445.2304198
18,Sample_S19S_0038_Sed,445.2442897
5,Sample_S19S_0038_Sed,446.0728598
8,Sample_S19S_0038_Sed,446.2031197
18,Sample_S19S_0038_Sed,447.1427418
24,Sample_S19S_0038_Sed,447.179104
9,Sample_S19S_0038_Sed,447.2154152
3,Sample_S19S_0038_Sed,447.2234126
2,Sample_S19S_0038_Sed,449.0360637
26,Sample_S19S_0038_Sed,449.1583358
1,Sample_S19S_0038_Sed,449.1735875
8,Sample_S19S_0038_Sed,449.1946593
15,Sample_S19S_0038_Sed,449.2310912
5,Sample_S19S_0038_Sed,450.1898917
22,Sample_S19S_0038_Sed,451.124616
18,Sample_S19S_0038_Sed,451.1376081
12,Sample_S19S_0038_Sed,451.1739524
1,Sample_S19S_0038_Sed,451.1916101
8,Sample_S19S_0038_Sed,451.2103087
11,Sample_S19S_0038_Sed,451.2467303
10,Sample_S19S_0038_Sed,453.0673983
4,Sample_S19S_0038_Sed,453.1037558
13,Sample_S19S_0038_Sed,453.1532352
22,Sample_S19S_0038_Sed,453.1896338
11,Sample_S19S_0038_Sed,453.2259797
4,Sample_S19S_0038_Sed,453.2492245
3,Sample_S19S_0038_Sed,454.1484722
22,Sample_S19S_0038_Sed,455.0831528
5,Sample_S19S_0038_Sed,455.1921775
15,Sample_S19S_0038_Sed,455.2052634
5,Sample_S19S_0038_Sed,455.2285132
19,Sample_S19S_0038_Sed,455.2650512
13,Sample_S19S_0038_Sed,457.0624071
8,Sample_S19S_0038_Sed,457.0986905
6,Sample_S19S_0038_Sed,457.1350642
12,Sample_S19S_0038_Sed,457.1634444
10,Sample_S19S_0038_Sed,457.1998933
27,Sample_S19S_0038_Sed,457.2079257
12,Sample_S19S_0038_Sed,457.2442623
3,Sample_S19S_0038_Sed,457.280565
8,Sample_S19S_0038_Sed,459.0779746
21,Sample_S19S_0038_Sed,459.142719
28,Sample_S19S_0038_Sed,459.1872169
11,Sample_S19S_0038_Sed,459.2155229
11,Sample_S19S_0038_Sed,459.2235091
3,Sample_S19S_0038_Sed,459.2598321
1,Sample_S19S_0038_Sed,460.1823248
23,Sample_S19S_0038_Sed,461.1583343
3,Sample_S19S_0038_Sed,461.1889708
6,Sample_S19S_0038_Sed,461.1948089
9,Sample_S19S_0038_Sed,461.2027689
23,Sample_S19S_0038_Sed,461.2311454
6,Sample_S19S_0038_Sed,461.2391228
5,Sample_S19S_0038_Sed,463.124491
2,Sample_S19S_0038_Sed,463.1375144
6,Sample_S19S_0038_Sed,463.1739081
26,Sample_S19S_0038_Sed,463.210366
20,Sample_S19S_0038_Sed,463.2467901
3,Sample_S19S_0038_Sed,465.0310055
24,Sample_S19S_0038_Sed,465.1896305
8,Sample_S19S_0038_Sed,465.2259434
5,Sample_S19S_0038_Sed,465.2623148
16,Sample_S19S_0038_Sed,467.0467531
16,Sample_S19S_0038_Sed,467.0831629
9,Sample_S19S_0038_Sed,467.1558326
14,Sample_S19S_0038_Sed,467.2052403
24,Sample_S19S_0038_Sed,467.2286363
20,Sample_S19S_0038_Sed,467.2416996
3,Sample_S19S_0038_Sed,468.1640569
10,Sample_S19S_0038_Sed,469.0986993
5,Sample_S19S_0038_Sed,469.1350525
20,Sample_S19S_0038_Sed,469.2078959
17,Sample_S19S_0038_Sed,469.2209608
23,Sample_S19S_0038_Sed,469.2442937
12,Sample_S19S_0038_Sed,471.1871307
20,Sample_S19S_0038_Sed,471.2235442
3,Sample_S19S_0038_Sed,471.2598467
2,Sample_S19S_0038_Sed,471.2961918
6,Sample_S19S_0038_Sed,473.0361823
9,Sample_S19S_0038_Sed,473.1946924
8,Sample_S19S_0038_Sed,473.2027392
2,Sample_S19S_0038_Sed,473.225266
13,Sample_S19S_0038_Sed,473.2756478
32,Sample_S19S_0038_Sed,475.1609843
21,Sample_S19S_0038_Sed,475.1739813
5,Sample_S19S_0038_Sed,475.2103074
1,Sample_S19S_0038_Sed,475.2546749
8,Sample_S19S_0038_Sed,477.0311319
15,Sample_S19S_0038_Sed,477.0674882
9,Sample_S19S_0038_Sed,477.1037802
6,Sample_S19S_0038_Sed,477.1895617
23,Sample_S19S_0038_Sed,477.2260597
15,Sample_S19S_0038_Sed,477.262427
1,Sample_S19S_0038_Sed,479.0466033
7,Sample_S19S_0038_Sed,479.1689644
21,Sample_S19S_0038_Sed,479.2053091
18,Sample_S19S_0038_Sed,479.2416827
5,Sample_S19S_0038_Sed,480.151082
13,Sample_S19S_0038_Sed,480.2005188
8,Sample_S19S_0038_Sed,481.0623379
21,Sample_S19S_0038_Sed,481.0987747
5,Sample_S19S_0038_Sed,481.1634867
12,Sample_S19S_0038_Sed,481.1845085
4,Sample_S19S_0038_Sed,481.2572296
5,Sample_S19S_0038_Sed,482.1797251
13,Sample_S19S_0038_Sed,483.0780208
5,Sample_S19S_0038_Sed,483.2234722
2,Sample_S19S_0038_Sed,483.259746
3,Sample_S19S_0038_Sed,485.057196
11,Sample_S19S_0038_Sed,485.0936172
4,Sample_S19S_0038_Sed,485.2390821
4,Sample_S19S_0038_Sed,485.275439
3,Sample_S19S_0038_Sed,485.3118215
7,Sample_S19S_0038_Sed,487.051792
21,Sample_S19S_0038_Sed,487.18211
4,Sample_S19S_0038_Sed,487.2104698
16,Sample_S19S_0038_Sed,487.2184679
7,Sample_S19S_0038_Sed,487.2410284
15,Sample_S19S_0038_Sed,489.067487
5,Sample_S19S_0038_Sed,489.1895365
2,Sample_S19S_0038_Sed,489.2259164
2,Sample_S19S_0038_Sed,489.2623275
2,Sample_S19S_0038_Sed,491.0466906
4,Sample_S19S_0038_Sed,491.0830123
5,Sample_S19S_0038_Sed,491.1558203
17,Sample_S19S_0038_Sed,491.1689084
5,Sample_S19S_0038_Sed,491.2053832
5,Sample_S19S_0038_Sed,491.2417678
9,Sample_S19S_0038_Sed,491.2780744
1,Sample_S19S_0038_Sed,492.2448676
4,Sample_S19S_0038_Sed,493.1846305
5,Sample_S19S_0038_Sed,493.2572378
20,Sample_S19S_0038_Sed,495.1144449
1,Sample_S19S_0038_Sed,495.1427989
23,Sample_S19S_0038_Sed,495.1507984
8,Sample_S19S_0038_Sed,495.2001254
8,Sample_S19S_0038_Sed,495.2365338
2,Sample_S19S_0038_Sed,497.2390455
2,Sample_S19S_0038_Sed,499.2546595
15,Sample_S19S_0038_Sed,501.2341074
4,Sample_S19S_0038_Sed,501.2566251
2,Sample_S19S_0038_Sed,502.2292793
1,Sample_S19S_0038_Sed,505.0622503
6,Sample_S19S_0038_Sed,505.1350781
9,Sample_S19S_0038_Sed,505.1846129
7,Sample_S19S_0038_Sed,505.221033
12,Sample_S19S_0038_Sed,505.2573293
7,Sample_S19S_0038_Sed,505.2686063
7,Sample_S19S_0038_Sed,507.0780238
14,Sample_S19S_0038_Sed,507.2001826
6,Sample_S19S_0038_Sed,507.2364864
6,Sample_S19S_0038_Sed,509.2157568
11,Sample_S19S_0038_Sed,509.2522003
2,Sample_S19S_0038_Sed,509.3766895
1,Sample_S19S_0038_Sed,511.1375472
1,Sample_S19S_0038_Sed,512.1079158
3,Sample_S19S_0038_Sed,513.2704612
3,Sample_S19S_0038_Sed,515.0467951
1,Sample_S19S_0038_Sed,515.2495874
4,Sample_S19S_0038_Sed,515.2860627
11,Sample_S19S_0038_Sed,517.2208996
17,Sample_S19S_0038_Sed,519.2002386
7,Sample_S19S_0038_Sed,519.2366622
8,Sample_S19S_0038_Sed,519.2730269
6,Sample_S19S_0038_Sed,523.195055
8,Sample_S19S_0038_Sed,525.0885729
4,Sample_S19S_0038_Sed,541.2652897
1,Sample_S19S_0038_Sed,543.3173823
12,Sample_S19S_0038_Sed,547.2315171
11,Sample_S19S_0038_Sed,547.2678735
1,Sample_S19S_0038_Sed,561.2834147
1,Sample_S19S_0038_Sed,581.4341369
4,Sample_S19S_0038_Sed,597.4291056
