num.trans.involved.in,sample,peak
35,Sample_S19S_0029_Sed,241.03537
9,Sample_S19S_0029_Sed,241.0466195
18,Sample_S19S_0029_Sed,241.0717422
10,Sample_S19S_0029_Sed,241.1081087
10,Sample_S19S_0029_Sed,241.1193918
10,Sample_S19S_0029_Sed,241.1445007
30,Sample_S19S_0029_Sed,241.1809156
10,Sample_S19S_0029_Sed,242.0670034
13,Sample_S19S_0029_Sed,242.139775
4,Sample_S19S_0029_Sed,242.1761465
44,Sample_S19S_0029_Sed,243.0510224
9,Sample_S19S_0029_Sed,243.0622684
14,Sample_S19S_0029_Sed,243.0873816
13,Sample_S19S_0029_Sed,243.0986597
9,Sample_S19S_0029_Sed,243.1237626
18,Sample_S19S_0029_Sed,243.1601665
32,Sample_S19S_0029_Sed,243.1965883
11,Sample_S19S_0029_Sed,244.0826525
7,Sample_S19S_0029_Sed,244.1302798
5,Sample_S19S_0029_Sed,245.0489119
61,Sample_S19S_0029_Sed,245.0666847
57,Sample_S19S_0029_Sed,245.1030642
5,Sample_S19S_0029_Sed,245.1142776
24,Sample_S19S_0029_Sed,245.1394342
7,Sample_S19S_0029_Sed,246.1095509
56,Sample_S19S_0029_Sed,247.0823368
11,Sample_S19S_0029_Sed,247.0935696
51,Sample_S19S_0029_Sed,247.118733
9,Sample_S19S_0029_Sed,247.1703275
16,Sample_S19S_0029_Sed,248.1139872
44,Sample_S19S_0029_Sed,249.0404675
48,Sample_S19S_0029_Sed,249.0768527
22,Sample_S19S_0029_Sed,249.1132224
36,Sample_S19S_0029_Sed,249.1496147
7,Sample_S19S_0029_Sed,250.1448617
38,Sample_S19S_0029_Sed,251.0197332
26,Sample_S19S_0029_Sed,251.0560986
7,Sample_S19S_0029_Sed,251.0594793
2,Sample_S19S_0029_Sed,251.0785764
75,Sample_S19S_0029_Sed,251.0925063
5,Sample_S19S_0029_Sed,251.0958765
37,Sample_S19S_0029_Sed,251.1289035
45,Sample_S19S_0029_Sed,253.0353983
75,Sample_S19S_0029_Sed,253.0717756
6,Sample_S19S_0029_Sed,253.0829986
23,Sample_S19S_0029_Sed,253.1081345
48,Sample_S19S_0029_Sed,253.1445337
57,Sample_S19S_0029_Sed,255.0510433
4,Sample_S19S_0029_Sed,255.0622462
13,Sample_S19S_0029_Sed,255.0663123
88,Sample_S19S_0029_Sed,255.0874163
24,Sample_S19S_0029_Sed,255.1237776
51,Sample_S19S_0029_Sed,255.1602018
36,Sample_S19S_0029_Sed,255.1965909
17,Sample_S19S_0029_Sed,255.2329705
47,Sample_S19S_0029_Sed,257.030304
22,Sample_S19S_0029_Sed,257.0455598
66,Sample_S19S_0029_Sed,257.0666765
8,Sample_S19S_0029_Sed,257.0779166
41,Sample_S19S_0029_Sed,257.1030521
16,Sample_S19S_0029_Sed,257.1143128
56,Sample_S19S_0029_Sed,257.1394516
37,Sample_S19S_0029_Sed,257.175834
31,Sample_S19S_0029_Sed,257.2122374
21,Sample_S19S_0029_Sed,258.0983343
15,Sample_S19S_0029_Sed,258.1347123
55,Sample_S19S_0029_Sed,259.0459547
67,Sample_S19S_0029_Sed,259.0823405
13,Sample_S19S_0029_Sed,259.0935801
56,Sample_S19S_0029_Sed,259.1187072
14,Sample_S19S_0029_Sed,259.1299532
49,Sample_S19S_0029_Sed,259.1551113
16,Sample_S19S_0029_Sed,260.1503532
39,Sample_S19S_0029_Sed,261.061588
50,Sample_S19S_0029_Sed,261.0980071
2,Sample_S19S_0029_Sed,261.1244971
55,Sample_S19S_0029_Sed,261.1343647
1,Sample_S19S_0029_Sed,261.9555802
44,Sample_S19S_0029_Sed,263.0561329
21,Sample_S19S_0029_Sed,263.0924815
34,Sample_S19S_0029_Sed,263.128908
37,Sample_S19S_0029_Sed,263.1652771
1,Sample_S19S_0029_Sed,264.0473979
41,Sample_S19S_0029_Sed,265.0353938
4,Sample_S19S_0029_Sed,265.0578564
50,Sample_S19S_0029_Sed,265.0717855
8,Sample_S19S_0029_Sed,265.07514
4,Sample_S19S_0029_Sed,265.1479151
7,Sample_S19S_0029_Sed,265.1575521
19,Sample_S19S_0029_Sed,265.1809039
3,Sample_S19S_0029_Sed,266.089493
30,Sample_S19S_0029_Sed,267.0146829
63,Sample_S19S_0029_Sed,267.0510336
6,Sample_S19S_0029_Sed,267.0663132
6,Sample_S19S_0029_Sed,267.0735078
69,Sample_S19S_0029_Sed,267.0874299
71,Sample_S19S_0029_Sed,267.123805
43,Sample_S19S_0029_Sed,267.1601848
37,Sample_S19S_0029_Sed,269.0303205
68,Sample_S19S_0029_Sed,269.0666802
69,Sample_S19S_0029_Sed,269.1030627
1,Sample_S19S_0029_Sed,269.131214
58,Sample_S19S_0029_Sed,269.1394657
49,Sample_S19S_0029_Sed,269.1758579
34,Sample_S19S_0029_Sed,269.2122378
13,Sample_S19S_0029_Sed,270.0619439
12,Sample_S19S_0029_Sed,270.2074858
38,Sample_S19S_0029_Sed,271.0459737
7,Sample_S19S_0029_Sed,271.0645721
54,Sample_S19S_0029_Sed,271.0823212
73,Sample_S19S_0029_Sed,271.118718
46,Sample_S19S_0029_Sed,271.1551343
45,Sample_S19S_0029_Sed,271.1914941
27,Sample_S19S_0029_Sed,271.227892
12,Sample_S19S_0029_Sed,272.1504094
30,Sample_S19S_0029_Sed,273.040478
46,Sample_S19S_0029_Sed,273.061591
65,Sample_S19S_0029_Sed,273.0979879
13,Sample_S19S_0029_Sed,273.109239
53,Sample_S19S_0029_Sed,273.1343844
55,Sample_S19S_0029_Sed,273.1707658
38,Sample_S19S_0029_Sed,273.2071526
12,Sample_S19S_0029_Sed,274.0932637
26,Sample_S19S_0029_Sed,275.0197425
53,Sample_S19S_0029_Sed,275.0772487
5,Sample_S19S_0029_Sed,275.0958927
1,Sample_S19S_0029_Sed,275.1037747
52,Sample_S19S_0029_Sed,275.1136274
45,Sample_S19S_0029_Sed,275.1500444
13,Sample_S19S_0029_Sed,276.108923
25,Sample_S19S_0029_Sed,276.9990278
50,Sample_S19S_0029_Sed,277.0354157
54,Sample_S19S_0029_Sed,277.0717892
62,Sample_S19S_0029_Sed,277.1081544
47,Sample_S19S_0029_Sed,277.1445377
1,Sample_S19S_0029_Sed,278.0630512
14,Sample_S19S_0029_Sed,279.0146331
42,Sample_S19S_0029_Sed,279.0874539
13,Sample_S19S_0029_Sed,279.0986672
49,Sample_S19S_0029_Sed,279.1238221
3,Sample_S19S_0029_Sed,279.1562152
46,Sample_S19S_0029_Sed,279.160186
5,Sample_S19S_0029_Sed,279.1635618
1,Sample_S19S_0029_Sed,280.068733
42,Sample_S19S_0029_Sed,281.0303339
68,Sample_S19S_0029_Sed,281.0666829
33,Sample_S19S_0029_Sed,281.1030502
63,Sample_S19S_0029_Sed,281.1394597
37,Sample_S19S_0029_Sed,281.1758716
3,Sample_S19S_0029_Sed,282.0844159
60,Sample_S19S_0029_Sed,283.0459554
39,Sample_S19S_0029_Sed,283.0823169
83,Sample_S19S_0029_Sed,283.118715
4,Sample_S19S_0029_Sed,283.1373752
48,Sample_S19S_0029_Sed,283.1551309
25,Sample_S19S_0029_Sed,283.1915306
4,Sample_S19S_0029_Sed,283.2642602
44,Sample_S19S_0029_Sed,285.0616357
11,Sample_S19S_0029_Sed,285.0802217
20,Sample_S19S_0029_Sed,285.0980306
7,Sample_S19S_0029_Sed,285.1262347
55,Sample_S19S_0029_Sed,285.1343948
52,Sample_S19S_0029_Sed,285.17075
14,Sample_S19S_0029_Sed,285.2071124
65,Sample_S19S_0029_Sed,287.0772537
65,Sample_S19S_0029_Sed,287.1136282
14,Sample_S19S_0029_Sed,287.1248864
64,Sample_S19S_0029_Sed,287.150015
48,Sample_S19S_0029_Sed,287.1864124
22,Sample_S19S_0029_Sed,287.2228145
3,Sample_S19S_0029_Sed,288.1565445
37,Sample_S19S_0029_Sed,289.0354029
52,Sample_S19S_0029_Sed,289.0929075
57,Sample_S19S_0029_Sed,289.1292776
34,Sample_S19S_0029_Sed,289.1445478
50,Sample_S19S_0029_Sed,289.1656738
1,Sample_S19S_0029_Sed,289.9868879
14,Sample_S19S_0029_Sed,290.1245994
34,Sample_S19S_0029_Sed,291.0146759
49,Sample_S19S_0029_Sed,291.0510416
40,Sample_S19S_0029_Sed,291.1085682
43,Sample_S19S_0029_Sed,291.1237966
43,Sample_S19S_0029_Sed,291.1601932
9,Sample_S19S_0029_Sed,292.1038307
6,Sample_S19S_0029_Sed,292.2129776
47,Sample_S19S_0029_Sed,293.0303357
54,Sample_S19S_0029_Sed,293.0667099
69,Sample_S19S_0029_Sed,293.1030793
7,Sample_S19S_0029_Sed,293.1064492
9,Sample_S19S_0029_Sed,293.1143295
64,Sample_S19S_0029_Sed,293.1394564
9,Sample_S19S_0029_Sed,293.1757942
3,Sample_S19S_0029_Sed,293.179192
14,Sample_S19S_0029_Sed,295.0095496
46,Sample_S19S_0029_Sed,295.0459444
78,Sample_S19S_0029_Sed,295.0823376
78,Sample_S19S_0029_Sed,295.1187213
3,Sample_S19S_0029_Sed,295.137392
61,Sample_S19S_0029_Sed,295.1550986
47,Sample_S19S_0029_Sed,295.1914926
32,Sample_S19S_0029_Sed,297.025237
51,Sample_S19S_0029_Sed,297.0616262
45,Sample_S19S_0029_Sed,297.0980154
41,Sample_S19S_0029_Sed,297.1344063
6,Sample_S19S_0029_Sed,297.1529844
31,Sample_S19S_0029_Sed,297.1707937
4,Sample_S19S_0029_Sed,297.1860581
16,Sample_S19S_0029_Sed,297.2071894
22,Sample_S19S_0029_Sed,297.2435585
21,Sample_S19S_0029_Sed,298.1296449
36,Sample_S19S_0029_Sed,299.0408894
61,Sample_S19S_0029_Sed,299.0772616
9,Sample_S19S_0029_Sed,299.0902587
73,Sample_S19S_0029_Sed,299.1136455
75,Sample_S19S_0029_Sed,299.1500243
44,Sample_S19S_0029_Sed,299.1864335
18,Sample_S19S_0029_Sed,299.2228305
1,Sample_S19S_0029_Sed,300.1201703
37,Sample_S19S_0029_Sed,301.0565488
47,Sample_S19S_0029_Sed,301.092932
47,Sample_S19S_0029_Sed,301.129318
58,Sample_S19S_0029_Sed,301.1656955
49,Sample_S19S_0029_Sed,301.202066
12,Sample_S19S_0029_Sed,302.1245742
9,Sample_S19S_0029_Sed,302.1357844
13,Sample_S19S_0029_Sed,302.1609828
62,Sample_S19S_0029_Sed,303.1085414
58,Sample_S19S_0029_Sed,303.1449308
43,Sample_S19S_0029_Sed,303.1813306
24,Sample_S19S_0029_Sed,303.2177327
1,Sample_S19S_0029_Sed,304.0535752
12,Sample_S19S_0029_Sed,304.1402446
37,Sample_S19S_0029_Sed,305.0303157
52,Sample_S19S_0029_Sed,305.0666877
51,Sample_S19S_0029_Sed,305.1030852
32,Sample_S19S_0029_Sed,305.1758605
6,Sample_S19S_0029_Sed,306.1195211
4,Sample_S19S_0029_Sed,306.192305
59,Sample_S19S_0029_Sed,307.0459779
43,Sample_S19S_0029_Sed,307.0823737
37,Sample_S19S_0029_Sed,307.1187572
41,Sample_S19S_0029_Sed,307.1551342
6,Sample_S19S_0029_Sed,307.1585022
36,Sample_S19S_0029_Sed,307.1915179
5,Sample_S19S_0029_Sed,307.194883
4,Sample_S19S_0029_Sed,308.098784
3,Sample_S19S_0029_Sed,308.2079497
40,Sample_S19S_0029_Sed,309.0252469
72,Sample_S19S_0029_Sed,309.0616036
64,Sample_S19S_0029_Sed,309.0979773
7,Sample_S19S_0029_Sed,309.1013433
2,Sample_S19S_0029_Sed,309.1092661
68,Sample_S19S_0029_Sed,309.1343649
6,Sample_S19S_0029_Sed,309.1530159
59,Sample_S19S_0029_Sed,309.1707647
6,Sample_S19S_0029_Sed,309.1741269
24,Sample_S19S_0029_Sed,309.2071806
42,Sample_S19S_0029_Sed,311.0408991
58,Sample_S19S_0029_Sed,311.0772659
92,Sample_S19S_0029_Sed,311.1136352
73,Sample_S19S_0029_Sed,311.1500195
2,Sample_S19S_0029_Sed,311.1686157
50,Sample_S19S_0029_Sed,311.186419
20,Sample_S19S_0029_Sed,311.2228309
1,Sample_S19S_0029_Sed,312.9846454
44,Sample_S19S_0029_Sed,313.0565398
56,Sample_S19S_0029_Sed,313.0929245
5,Sample_S19S_0029_Sed,313.1115031
62,Sample_S19S_0029_Sed,313.1293014
8,Sample_S19S_0029_Sed,313.1479364
45,Sample_S19S_0029_Sed,313.2020808
22,Sample_S19S_0029_Sed,313.2384778
23,Sample_S19S_0029_Sed,314.1609464
7,Sample_S19S_0029_Sed,314.1721852
10,Sample_S19S_0029_Sed,314.1973467
43,Sample_S19S_0029_Sed,315.0721791
60,Sample_S19S_0029_Sed,315.1085755
16,Sample_S19S_0029_Sed,315.1198013
61,Sample_S19S_0029_Sed,315.1449559
54,Sample_S19S_0029_Sed,315.1813307
40,Sample_S19S_0029_Sed,315.217727
12,Sample_S19S_0029_Sed,315.2541325
21,Sample_S19S_0029_Sed,316.1402237
14,Sample_S19S_0029_Sed,316.1514197
27,Sample_S19S_0029_Sed,317.0303382
53,Sample_S19S_0029_Sed,317.124227
43,Sample_S19S_0029_Sed,317.1394552
54,Sample_S19S_0029_Sed,317.1606071
44,Sample_S19S_0029_Sed,317.1969836
12,Sample_S19S_0029_Sed,317.2122753
31,Sample_S19S_0029_Sed,317.2333758
2,Sample_S19S_0029_Sed,317.2446454
10,Sample_S19S_0029_Sed,318.1194966
22,Sample_S19S_0029_Sed,318.1558543
10,Sample_S19S_0029_Sed,318.2286611
1,Sample_S19S_0029_Sed,319.0644839
51,Sample_S19S_0029_Sed,319.0823624
11,Sample_S19S_0029_Sed,319.0857041
32,Sample_S19S_0029_Sed,319.103481
43,Sample_S19S_0029_Sed,319.139868
41,Sample_S19S_0029_Sed,319.1551015
43,Sample_S19S_0029_Sed,319.1762558
16,Sample_S19S_0029_Sed,320.1351354
14,Sample_S19S_0029_Sed,320.1715427
4,Sample_S19S_0029_Sed,320.2442999
33,Sample_S19S_0029_Sed,321.0252313
45,Sample_S19S_0029_Sed,321.0616406
30,Sample_S19S_0029_Sed,321.0980285
52,Sample_S19S_0029_Sed,321.1343949
44,Sample_S19S_0029_Sed,321.1707672
7,Sample_S19S_0029_Sed,321.2105248
16,Sample_S19S_0029_Sed,321.2201744
1,Sample_S19S_0029_Sed,322.1508517
4,Sample_S19S_0029_Sed,322.1872255
38,Sample_S19S_0029_Sed,323.0408542
70,Sample_S19S_0029_Sed,323.0772527
40,Sample_S19S_0029_Sed,323.1136726
54,Sample_S19S_0029_Sed,323.1500462
5,Sample_S19S_0029_Sed,323.1686736
51,Sample_S19S_0029_Sed,323.1864241
7,Sample_S19S_0029_Sed,324.1300834
3,Sample_S19S_0029_Sed,324.1583105
15,Sample_S19S_0029_Sed,324.1664479
6,Sample_S19S_0029_Sed,324.2028461
56,Sample_S19S_0029_Sed,325.0565425
68,Sample_S19S_0029_Sed,325.0928926
66,Sample_S19S_0029_Sed,325.1292996
6,Sample_S19S_0029_Sed,325.1479013
49,Sample_S19S_0029_Sed,325.1657004
3,Sample_S19S_0029_Sed,325.1842438
59,Sample_S19S_0029_Sed,325.2020573
38,Sample_S19S_0029_Sed,327.035782
42,Sample_S19S_0029_Sed,327.0722018
55,Sample_S19S_0029_Sed,327.1085831
7,Sample_S19S_0029_Sed,327.1271924
67,Sample_S19S_0029_Sed,327.1449492
4,Sample_S19S_0029_Sed,327.1636073
8,Sample_S19S_0029_Sed,327.2177565
9,Sample_S19S_0029_Sed,328.1514425
26,Sample_S19S_0029_Sed,329.0303285
19,Sample_S19S_0029_Sed,329.0514722
64,Sample_S19S_0029_Sed,329.0878075
61,Sample_S19S_0029_Sed,329.1242163
10,Sample_S19S_0029_Sed,329.1354202
4,Sample_S19S_0029_Sed,329.1427997
1,Sample_S19S_0029_Sed,329.145371
1,Sample_S19S_0029_Sed,329.152419
20,Sample_S19S_0029_Sed,329.1758446
46,Sample_S19S_0029_Sed,329.1969687
28,Sample_S19S_0029_Sed,329.2333488
9,Sample_S19S_0029_Sed,330.1670892
12,Sample_S19S_0029_Sed,330.192266
20,Sample_S19S_0029_Sed,331.0459941
37,Sample_S19S_0029_Sed,331.0823608
32,Sample_S19S_0029_Sed,331.1034998
22,Sample_S19S_0029_Sed,331.1399002
57,Sample_S19S_0029_Sed,331.1762541
9,Sample_S19S_0029_Sed,331.1915481
7,Sample_S19S_0029_Sed,331.2126721
2,Sample_S19S_0029_Sed,331.2239268
3,Sample_S19S_0029_Sed,331.2490738
21,Sample_S19S_0029_Sed,332.1351167
23,Sample_S19S_0029_Sed,332.171516
5,Sample_S19S_0029_Sed,332.2079509
7,Sample_S19S_0029_Sed,333.0252702
14,Sample_S19S_0029_Sed,333.0616512
10,Sample_S19S_0029_Sed,333.1191757
25,Sample_S19S_0029_Sed,333.1344131
25,Sample_S19S_0029_Sed,333.1707943
48,Sample_S19S_0029_Sed,333.1919042
24,Sample_S19S_0029_Sed,333.2071238
3,Sample_S19S_0029_Sed,333.2395661
9,Sample_S19S_0029_Sed,334.1144217
4,Sample_S19S_0029_Sed,334.1508295
15,Sample_S19S_0029_Sed,334.187185
4,Sample_S19S_0029_Sed,334.2235949
24,Sample_S19S_0029_Sed,335.0409093
60,Sample_S19S_0029_Sed,335.0772597
44,Sample_S19S_0029_Sed,335.150042
34,Sample_S19S_0029_Sed,335.1864245
24,Sample_S19S_0029_Sed,335.2227808
11,Sample_S19S_0029_Sed,335.2358032
3,Sample_S19S_0029_Sed,336.1301036
13,Sample_S19S_0029_Sed,336.1664659
27,Sample_S19S_0029_Sed,337.0201415
23,Sample_S19S_0029_Sed,337.0564852
64,Sample_S19S_0029_Sed,337.0929176
74,Sample_S19S_0029_Sed,337.1292866
52,Sample_S19S_0029_Sed,337.1656867
7,Sample_S19S_0029_Sed,337.2021218
31,Sample_S19S_0029_Sed,339.0357996
68,Sample_S19S_0029_Sed,339.0721726
80,Sample_S19S_0029_Sed,339.1085453
25,Sample_S19S_0029_Sed,339.1449816
5,Sample_S19S_0029_Sed,339.1635623
45,Sample_S19S_0029_Sed,339.1813533
4,Sample_S19S_0029_Sed,339.1999929
37,Sample_S19S_0029_Sed,341.0514621
72,Sample_S19S_0029_Sed,341.0878109
24,Sample_S19S_0029_Sed,341.12425
8,Sample_S19S_0029_Sed,341.1428161
51,Sample_S19S_0029_Sed,341.1606173
7,Sample_S19S_0029_Sed,341.179252
56,Sample_S19S_0029_Sed,341.1969848
5,Sample_S19S_0029_Sed,341.2334189
7,Sample_S19S_0029_Sed,342.1670651
33,Sample_S19S_0029_Sed,343.067113
75,Sample_S19S_0029_Sed,343.1034685
15,Sample_S19S_0029_Sed,343.1187422
13,Sample_S19S_0029_Sed,343.1399075
53,Sample_S19S_0029_Sed,343.1762631
41,Sample_S19S_0029_Sed,343.2126496
20,Sample_S19S_0029_Sed,343.2490426
3,Sample_S19S_0029_Sed,344.1350437
18,Sample_S19S_0029_Sed,344.1715382
7,Sample_S19S_0029_Sed,344.1827031
27,Sample_S19S_0029_Sed,344.2078759
7,Sample_S19S_0029_Sed,344.2442459
34,Sample_S19S_0029_Sed,345.0616254
33,Sample_S19S_0029_Sed,345.0827674
45,Sample_S19S_0029_Sed,345.1191373
10,Sample_S19S_0029_Sed,345.1344288
32,Sample_S19S_0029_Sed,345.1555412
8,Sample_S19S_0029_Sed,345.1919508
32,Sample_S19S_0029_Sed,345.2282779
21,Sample_S19S_0029_Sed,346.1507606
5,Sample_S19S_0029_Sed,346.1619628
18,Sample_S19S_0029_Sed,346.1871921
4,Sample_S19S_0029_Sed,346.2154294
59,Sample_S19S_0029_Sed,347.0772564
15,Sample_S19S_0029_Sed,347.0903002
23,Sample_S19S_0029_Sed,347.1136821
19,Sample_S19S_0029_Sed,347.1348045
50,Sample_S19S_0029_Sed,347.1500262
6,Sample_S19S_0029_Sed,347.1864695
11,Sample_S19S_0029_Sed,348.1300774
17,Sample_S19S_0029_Sed,348.1664038
11,Sample_S19S_0029_Sed,348.2028318
4,Sample_S19S_0029_Sed,348.231087
26,Sample_S19S_0029_Sed,349.0201636
8,Sample_S19S_0029_Sed,349.0564693
12,Sample_S19S_0029_Sed,349.1059291
53,Sample_S19S_0029_Sed,349.129303
53,Sample_S19S_0029_Sed,349.1656793
12,Sample_S19S_0029_Sed,349.2021049
13,Sample_S19S_0029_Sed,350.1457077
11,Sample_S19S_0029_Sed,350.2184616
37,Sample_S19S_0029_Sed,351.0357871
39,Sample_S19S_0029_Sed,351.0721501
21,Sample_S19S_0029_Sed,351.1085115
22,Sample_S19S_0029_Sed,351.121581
34,Sample_S19S_0029_Sed,351.1449775
46,Sample_S19S_0029_Sed,351.1813076
29,Sample_S19S_0029_Sed,351.2177372
4,Sample_S19S_0029_Sed,351.2210572
12,Sample_S19S_0029_Sed,351.2307319
3,Sample_S19S_0029_Sed,351.2500934
12,Sample_S19S_0029_Sed,352.1613622
22,Sample_S19S_0029_Sed,353.0514753
74,Sample_S19S_0029_Sed,353.0878166
11,Sample_S19S_0029_Sed,353.1008561
55,Sample_S19S_0029_Sed,353.124233
34,Sample_S19S_0029_Sed,353.1605629
22,Sample_S19S_0029_Sed,353.1736275
42,Sample_S19S_0029_Sed,353.1970034
6,Sample_S19S_0029_Sed,353.2003494
13,Sample_S19S_0029_Sed,353.2099396
18,Sample_S19S_0029_Sed,353.2333297
42,Sample_S19S_0029_Sed,355.0671162
77,Sample_S19S_0029_Sed,355.1034699
17,Sample_S19S_0029_Sed,355.1164999
14,Sample_S19S_0029_Sed,355.1399086
9,Sample_S19S_0029_Sed,355.1584835
66,Sample_S19S_0029_Sed,355.1762476
13,Sample_S19S_0029_Sed,355.2126797
14,Sample_S19S_0029_Sed,355.2489795
30,Sample_S19S_0029_Sed,356.1715182
26,Sample_S19S_0029_Sed,357.061636
49,Sample_S19S_0029_Sed,357.0827228
71,Sample_S19S_0029_Sed,357.1191097
68,Sample_S19S_0029_Sed,357.1554992
65,Sample_S19S_0029_Sed,357.191896
45,Sample_S19S_0029_Sed,357.2282738
25,Sample_S19S_0029_Sed,357.2646796
15,Sample_S19S_0029_Sed,358.1871972
5,Sample_S19S_0029_Sed,358.1983945
26,Sample_S19S_0029_Sed,358.2235211
31,Sample_S19S_0029_Sed,359.077285
20,Sample_S19S_0029_Sed,359.0984239
41,Sample_S19S_0029_Sed,359.1347452
5,Sample_S19S_0029_Sed,359.1572531
51,Sample_S19S_0029_Sed,359.1711775
16,Sample_S19S_0029_Sed,359.2074846
38,Sample_S19S_0029_Sed,359.2439319
2,Sample_S19S_0029_Sed,360.1299489
20,Sample_S19S_0029_Sed,360.1664452
9,Sample_S19S_0029_Sed,360.1776328
2,Sample_S19S_0029_Sed,360.1946802
1,Sample_S19S_0029_Sed,361.0079987
27,Sample_S19S_0029_Sed,361.056505
48,Sample_S19S_0029_Sed,361.0929312
36,Sample_S19S_0029_Sed,361.1140532
56,Sample_S19S_0029_Sed,361.1292859
32,Sample_S19S_0029_Sed,361.1423317
46,Sample_S19S_0029_Sed,361.1504109
30,Sample_S19S_0029_Sed,361.1657046
39,Sample_S19S_0029_Sed,361.186829
11,Sample_S19S_0029_Sed,361.2151155
40,Sample_S19S_0029_Sed,361.2231964
3,Sample_S19S_0029_Sed,361.2878733
12,Sample_S19S_0029_Sed,362.1821174
33,Sample_S19S_0029_Sed,363.0357881
25,Sample_S19S_0029_Sed,363.0722122
54,Sample_S19S_0029_Sed,363.108539
19,Sample_S19S_0029_Sed,363.1215932
27,Sample_S19S_0029_Sed,363.1449786
17,Sample_S19S_0029_Sed,363.1812892
23,Sample_S19S_0029_Sed,363.1943423
5,Sample_S19S_0029_Sed,363.2670624
12,Sample_S19S_0029_Sed,364.1613157
7,Sample_S19S_0029_Sed,364.2259804
9,Sample_S19S_0029_Sed,365.0513776
55,Sample_S19S_0029_Sed,365.0878382
21,Sample_S19S_0029_Sed,365.1008669
25,Sample_S19S_0029_Sed,365.1241727
25,Sample_S19S_0029_Sed,365.137244
15,Sample_S19S_0029_Sed,365.1606438
42,Sample_S19S_0029_Sed,365.1969623
29,Sample_S19S_0029_Sed,365.2100088
6,Sample_S19S_0029_Sed,365.2367361
8,Sample_S19S_0029_Sed,366.1558943
11,Sample_S19S_0029_Sed,366.1769935
26,Sample_S19S_0029_Sed,367.0306865
54,Sample_S19S_0029_Sed,367.0671094
78,Sample_S19S_0029_Sed,367.1034613
15,Sample_S19S_0029_Sed,367.1165264
4,Sample_S19S_0029_Sed,367.1399195
39,Sample_S19S_0029_Sed,367.1762158
25,Sample_S19S_0029_Sed,367.189277
42,Sample_S19S_0029_Sed,367.2126519
3,Sample_S19S_0029_Sed,367.2255178
16,Sample_S19S_0029_Sed,369.0463181
52,Sample_S19S_0029_Sed,369.0827443
8,Sample_S19S_0029_Sed,369.1190631
18,Sample_S19S_0029_Sed,369.1321274
61,Sample_S19S_0029_Sed,369.1555194
24,Sample_S19S_0029_Sed,369.1685393
2,Sample_S19S_0029_Sed,369.1740825
18,Sample_S19S_0029_Sed,369.1837969
15,Sample_S19S_0029_Sed,369.1918398
44,Sample_S19S_0029_Sed,369.2282876
11,Sample_S19S_0029_Sed,371.0408802
39,Sample_S19S_0029_Sed,371.0620102
17,Sample_S19S_0029_Sed,371.0983408
51,Sample_S19S_0029_Sed,371.1347918
16,Sample_S19S_0029_Sed,371.1460121
49,Sample_S19S_0029_Sed,371.171134
37,Sample_S19S_0029_Sed,371.2075705
30,Sample_S19S_0029_Sed,371.2439257
11,Sample_S19S_0029_Sed,371.2803337
3,Sample_S19S_0029_Sed,372.1411992
30,Sample_S19S_0029_Sed,372.1663973
17,Sample_S19S_0029_Sed,372.2028242
10,Sample_S19S_0029_Sed,372.2140099
3,Sample_S19S_0029_Sed,372.3038234
28,Sample_S19S_0029_Sed,373.0565482
18,Sample_S19S_0029_Sed,373.0776886
27,Sample_S19S_0029_Sed,373.09294
32,Sample_S19S_0029_Sed,373.1140108
14,Sample_S19S_0029_Sed,373.1504711
6,Sample_S19S_0029_Sed,373.1729074
40,Sample_S19S_0029_Sed,373.1867821
42,Sample_S19S_0029_Sed,373.2231881
14,Sample_S19S_0029_Sed,373.2595428
6,Sample_S19S_0029_Sed,373.287836
27,Sample_S19S_0029_Sed,374.1456527
10,Sample_S19S_0029_Sed,374.1820296
16,Sample_S19S_0029_Sed,374.2184652
37,Sample_S19S_0029_Sed,375.0721973
12,Sample_S19S_0029_Sed,375.0852221
26,Sample_S19S_0029_Sed,375.1297066
55,Sample_S19S_0029_Sed,375.1449442
28,Sample_S19S_0029_Sed,375.1579842
14,Sample_S19S_0029_Sed,375.1660121
16,Sample_S19S_0029_Sed,375.1812892
36,Sample_S19S_0029_Sed,375.194367
29,Sample_S19S_0029_Sed,375.2024285
28,Sample_S19S_0029_Sed,375.2177037
9,Sample_S19S_0029_Sed,375.230771
15,Sample_S19S_0029_Sed,376.1976905
39,Sample_S19S_0029_Sed,377.0514538
1,Sample_S19S_0029_Sed,377.0856228
34,Sample_S19S_0029_Sed,377.0877952
12,Sample_S19S_0029_Sed,377.100823
61,Sample_S19S_0029_Sed,377.1241915
20,Sample_S19S_0029_Sed,377.1372608
31,Sample_S19S_0029_Sed,377.1735945
3,Sample_S19S_0029_Sed,377.2002574
17,Sample_S19S_0029_Sed,377.2099902
31,Sample_S19S_0029_Sed,377.2333521
16,Sample_S19S_0029_Sed,377.2463996
4,Sample_S19S_0029_Sed,378.2052199
3,Sample_S19S_0029_Sed,378.2319507
6,Sample_S19S_0029_Sed,378.2416575
12,Sample_S19S_0029_Sed,379.0670295
76,Sample_S19S_0029_Sed,379.1034645
18,Sample_S19S_0029_Sed,379.1165229
69,Sample_S19S_0029_Sed,379.1398402
26,Sample_S19S_0029_Sed,379.1528588
60,Sample_S19S_0029_Sed,379.1762343
33,Sample_S19S_0029_Sed,379.1892722
21,Sample_S19S_0029_Sed,379.2256462
4,Sample_S19S_0029_Sed,380.2208704
33,Sample_S19S_0029_Sed,381.0463502
13,Sample_S19S_0029_Sed,381.0826619
4,Sample_S19S_0029_Sed,381.095685
76,Sample_S19S_0029_Sed,381.1191186
18,Sample_S19S_0029_Sed,381.1321708
69,Sample_S19S_0029_Sed,381.1555031
19,Sample_S19S_0029_Sed,381.1684945
42,Sample_S19S_0029_Sed,381.1918695
2,Sample_S19S_0029_Sed,381.1951692
14,Sample_S19S_0029_Sed,381.204939
35,Sample_S19S_0029_Sed,381.2282913
2,Sample_S19S_0029_Sed,381.2316122
4,Sample_S19S_0029_Sed,381.2411757
1,Sample_S19S_0029_Sed,383.0134693
14,Sample_S19S_0029_Sed,383.0619616
72,Sample_S19S_0029_Sed,383.0983806
2,Sample_S19S_0029_Sed,383.1113231
15,Sample_S19S_0029_Sed,383.1266887
16,Sample_S19S_0029_Sed,383.1477567
21,Sample_S19S_0029_Sed,383.184187
7,Sample_S19S_0029_Sed,383.1922474
48,Sample_S19S_0029_Sed,383.2075249
36,Sample_S19S_0029_Sed,383.2439132
29,Sample_S19S_0029_Sed,384.1664077
51,Sample_S19S_0029_Sed,385.0776412
13,Sample_S19S_0029_Sed,385.1139909
17,Sample_S19S_0029_Sed,385.1423072
26,Sample_S19S_0029_Sed,385.1503825
1,Sample_S19S_0029_Sed,385.1702723
4,Sample_S19S_0029_Sed,385.172924
44,Sample_S19S_0029_Sed,385.1868285
10,Sample_S19S_0029_Sed,385.2151169
14,Sample_S19S_0029_Sed,385.2231361
32,Sample_S19S_0029_Sed,385.2595906
8,Sample_S19S_0029_Sed,385.2959501
33,Sample_S19S_0029_Sed,386.1820531
39,Sample_S19S_0029_Sed,387.1085636
65,Sample_S19S_0029_Sed,387.1296791
4,Sample_S19S_0029_Sed,387.1659841
27,Sample_S19S_0029_Sed,387.19436
42,Sample_S19S_0029_Sed,387.2024406
27,Sample_S19S_0029_Sed,387.2388297
5,Sample_S19S_0029_Sed,388.2987452
21,Sample_S19S_0029_Sed,389.051417
43,Sample_S19S_0029_Sed,389.0878118
13,Sample_S19S_0029_Sed,389.1008827
1,Sample_S19S_0029_Sed,389.1135404
15,Sample_S19S_0029_Sed,389.1372295
8,Sample_S19S_0029_Sed,389.1452618
1,Sample_S19S_0029_Sed,389.1677218
27,Sample_S19S_0029_Sed,389.1736085
18,Sample_S19S_0029_Sed,389.1816725
30,Sample_S19S_0029_Sed,389.1969883
32,Sample_S19S_0029_Sed,389.2180886
10,Sample_S19S_0029_Sed,389.246368
1,Sample_S19S_0029_Sed,390.2132816
21,Sample_S19S_0029_Sed,391.0670531
20,Sample_S19S_0029_Sed,391.1034381
1,Sample_S19S_0029_Sed,391.1105459
29,Sample_S19S_0029_Sed,391.1398852
17,Sample_S19S_0029_Sed,391.1528412
19,Sample_S19S_0029_Sed,391.1892281
29,Sample_S19S_0029_Sed,391.212612
11,Sample_S19S_0029_Sed,391.2256863
7,Sample_S19S_0029_Sed,391.2620068
12,Sample_S19S_0029_Sed,392.2209084
16,Sample_S19S_0029_Sed,393.0463154
47,Sample_S19S_0029_Sed,393.0827628
53,Sample_S19S_0029_Sed,393.1191285
17,Sample_S19S_0029_Sed,393.1321265
22,Sample_S19S_0029_Sed,393.1554711
22,Sample_S19S_0029_Sed,393.1685262
2,Sample_S19S_0029_Sed,393.1951707
25,Sample_S19S_0029_Sed,393.2049392
2,Sample_S19S_0029_Sed,393.2161336
13,Sample_S19S_0029_Sed,393.2282185
16,Sample_S19S_0029_Sed,393.2412462
4,Sample_S19S_0029_Sed,393.2776995
4,Sample_S19S_0029_Sed,394.2001939
5,Sample_S19S_0029_Sed,394.2268712
4,Sample_S19S_0029_Sed,394.2364931
20,Sample_S19S_0029_Sed,395.0619708
30,Sample_S19S_0029_Sed,395.0984243
82,Sample_S19S_0029_Sed,395.1347697
22,Sample_S19S_0029_Sed,395.1477706
35,Sample_S19S_0029_Sed,395.171191
16,Sample_S19S_0029_Sed,395.2075813
21,Sample_S19S_0029_Sed,395.2205826
2,Sample_S19S_0029_Sed,395.2317962
17,Sample_S19S_0029_Sed,397.0412485
9,Sample_S19S_0029_Sed,397.0775828
41,Sample_S19S_0029_Sed,397.1140135
13,Sample_S19S_0029_Sed,397.1270557
66,Sample_S19S_0029_Sed,397.1504225
19,Sample_S19S_0029_Sed,397.1634297
18,Sample_S19S_0029_Sed,397.1867602
12,Sample_S19S_0029_Sed,397.1997808
4,Sample_S19S_0029_Sed,397.2151289
44,Sample_S19S_0029_Sed,397.2232052
2,Sample_S19S_0029_Sed,397.2265763
32,Sample_S19S_0029_Sed,398.1456531
7,Sample_S19S_0029_Sed,399.0568344
28,Sample_S19S_0029_Sed,399.0932727
40,Sample_S19S_0029_Sed,399.1296635
13,Sample_S19S_0029_Sed,399.1579458
3,Sample_S19S_0029_Sed,399.1659287
9,Sample_S19S_0029_Sed,399.1790309
3,Sample_S19S_0029_Sed,399.1884911
17,Sample_S19S_0029_Sed,399.1943775
42,Sample_S19S_0029_Sed,399.2024375
4,Sample_S19S_0029_Sed,399.2176725
17,Sample_S19S_0029_Sed,399.2388025
3,Sample_S19S_0029_Sed,399.3115889
1,Sample_S19S_0029_Sed,401.0161641
37,Sample_S19S_0029_Sed,401.1089631
53,Sample_S19S_0029_Sed,401.1453284
1,Sample_S19S_0029_Sed,401.1651827
19,Sample_S19S_0029_Sed,401.1736033
10,Sample_S19S_0029_Sed,401.1816514
3,Sample_S19S_0029_Sed,401.204141
25,Sample_S19S_0029_Sed,401.2100146
34,Sample_S19S_0029_Sed,401.2180808
18,Sample_S19S_0029_Sed,401.2544603
1,Sample_S19S_0029_Sed,403.0129628
36,Sample_S19S_0029_Sed,403.0671122
42,Sample_S19S_0029_Sed,403.1034476
13,Sample_S19S_0029_Sed,403.1164656
52,Sample_S19S_0029_Sed,403.1398463
1,Sample_S19S_0029_Sed,403.144648
20,Sample_S19S_0029_Sed,403.1529106
17,Sample_S19S_0029_Sed,403.1609357
34,Sample_S19S_0029_Sed,403.1973716
18,Sample_S19S_0029_Sed,403.2256482
12,Sample_S19S_0029_Sed,403.2336971
1,Sample_S19S_0029_Sed,403.3347743
20,Sample_S19S_0029_Sed,404.1926065
29,Sample_S19S_0029_Sed,405.0463718
23,Sample_S19S_0029_Sed,405.0827082
14,Sample_S19S_0029_Sed,405.1190623
21,Sample_S19S_0029_Sed,405.1321292
37,Sample_S19S_0029_Sed,405.1555362
25,Sample_S19S_0029_Sed,405.1685606
16,Sample_S19S_0029_Sed,405.2048711
9,Sample_S19S_0029_Sed,405.2412525
12,Sample_S19S_0029_Sed,405.2776864
7,Sample_S19S_0029_Sed,406.2364932
3,Sample_S19S_0029_Sed,406.3092961
29,Sample_S19S_0029_Sed,407.0620299
61,Sample_S19S_0029_Sed,407.0983755
7,Sample_S19S_0029_Sed,407.1113661
54,Sample_S19S_0029_Sed,407.1347505
21,Sample_S19S_0029_Sed,407.1477958
4,Sample_S19S_0029_Sed,407.1712237
23,Sample_S19S_0029_Sed,407.2205546
11,Sample_S19S_0029_Sed,407.2568891
9,Sample_S19S_0029_Sed,409.0412228
12,Sample_S19S_0029_Sed,409.07757
65,Sample_S19S_0029_Sed,409.1140221
18,Sample_S19S_0029_Sed,409.1270356
68,Sample_S19S_0029_Sed,409.1504235
10,Sample_S19S_0029_Sed,409.1633923
9,Sample_S19S_0029_Sed,409.1787026
9,Sample_S19S_0029_Sed,409.1997594
45,Sample_S19S_0029_Sed,409.2231724
15,Sample_S19S_0029_Sed,409.236154
7,Sample_S19S_0029_Sed,409.2725381
6,Sample_S19S_0029_Sed,411.0568579
43,Sample_S19S_0029_Sed,411.0933142
58,Sample_S19S_0029_Sed,411.1296933
18,Sample_S19S_0029_Sed,411.1426758
16,Sample_S19S_0029_Sed,411.1579879
1,Sample_S19S_0029_Sed,411.1603771
36,Sample_S19S_0029_Sed,411.1660419
18,Sample_S19S_0029_Sed,411.1790746
20,Sample_S19S_0029_Sed,411.2154903
37,Sample_S19S_0029_Sed,411.2388467
1,Sample_S19S_0029_Sed,413.072442
47,Sample_S19S_0029_Sed,413.1089345
7,Sample_S19S_0029_Sed,413.1372735
17,Sample_S19S_0029_Sed,413.1452768
17,Sample_S19S_0029_Sed,413.1736056
5,Sample_S19S_0029_Sed,413.1816156
10,Sample_S19S_0029_Sed,413.1946295
1,Sample_S19S_0029_Sed,413.2041017
15,Sample_S19S_0029_Sed,413.2100122
23,Sample_S19S_0029_Sed,413.2180661
26,Sample_S19S_0029_Sed,413.2544798
28,Sample_S19S_0029_Sed,415.0881916
38,Sample_S19S_0029_Sed,415.1034568
8,Sample_S19S_0029_Sed,415.1164835
16,Sample_S19S_0029_Sed,415.1245406
8,Sample_S19S_0029_Sed,415.1529316
43,Sample_S19S_0029_Sed,415.1609859
37,Sample_S19S_0029_Sed,415.1973464
8,Sample_S19S_0029_Sed,415.219815
17,Sample_S19S_0029_Sed,415.2256541
11,Sample_S19S_0029_Sed,415.2336924
23,Sample_S19S_0029_Sed,415.2701205
8,Sample_S19S_0029_Sed,416.1925804
16,Sample_S19S_0029_Sed,417.0463346
43,Sample_S19S_0029_Sed,417.1191101
25,Sample_S19S_0029_Sed,417.1321667
3,Sample_S19S_0029_Sed,417.1627099
29,Sample_S19S_0029_Sed,417.1685514
12,Sample_S19S_0029_Sed,417.1765666
13,Sample_S19S_0029_Sed,417.2048604
5,Sample_S19S_0029_Sed,417.2128787
11,Sample_S19S_0029_Sed,417.2493486
16,Sample_S19S_0029_Sed,419.0619721
7,Sample_S19S_0029_Sed,419.0982983
3,Sample_S19S_0029_Sed,419.1113471
55,Sample_S19S_0029_Sed,419.1347745
14,Sample_S19S_0029_Sed,419.1478319
26,Sample_S19S_0029_Sed,419.1711927
31,Sample_S19S_0029_Sed,419.1842051
2,Sample_S19S_0029_Sed,419.1921608
16,Sample_S19S_0029_Sed,419.2205119
2,Sample_S19S_0029_Sed,419.3296987
6,Sample_S19S_0029_Sed,420.2521315
5,Sample_S19S_0029_Sed,420.2885838
16,Sample_S19S_0029_Sed,421.0412704
4,Sample_S19S_0029_Sed,421.0777047
57,Sample_S19S_0029_Sed,421.1140346
2,Sample_S19S_0029_Sed,421.1552081
24,Sample_S19S_0029_Sed,421.1634511
15,Sample_S19S_0029_Sed,421.2362004
7,Sample_S19S_0029_Sed,422.2031632
29,Sample_S19S_0029_Sed,423.0569089
10,Sample_S19S_0029_Sed,423.093231
70,Sample_S19S_0029_Sed,423.1296813
12,Sample_S19S_0029_Sed,423.1426961
13,Sample_S19S_0029_Sed,423.1661225
25,Sample_S19S_0029_Sed,423.179095
1,Sample_S19S_0029_Sed,423.2387546
4,Sample_S19S_0029_Sed,425.0724714
26,Sample_S19S_0029_Sed,425.1089252
7,Sample_S19S_0029_Sed,425.1453873
16,Sample_S19S_0029_Sed,425.1583275
44,Sample_S19S_0029_Sed,425.1816982
16,Sample_S19S_0029_Sed,425.1947046
1,Sample_S19S_0029_Sed,425.2178813
16,Sample_S19S_0029_Sed,425.2311014
31,Sample_S19S_0029_Sed,425.2544996
2,Sample_S19S_0029_Sed,427.1610597
32,Sample_S19S_0029_Sed,427.1973395
16,Sample_S19S_0029_Sed,427.2103578
32,Sample_S19S_0029_Sed,427.2337286
20,Sample_S19S_0029_Sed,427.2701368
1,Sample_S19S_0029_Sed,429.1039457
47,Sample_S19S_0029_Sed,429.1402424
7,Sample_S19S_0029_Sed,429.1555582
23,Sample_S19S_0029_Sed,429.1685491
22,Sample_S19S_0029_Sed,429.1765924
28,Sample_S19S_0029_Sed,429.2129876
5,Sample_S19S_0029_Sed,429.2355333
27,Sample_S19S_0029_Sed,429.2494299
1,Sample_S19S_0029_Sed,430.9725876
37,Sample_S19S_0029_Sed,431.098388
19,Sample_S19S_0029_Sed,431.1477957
11,Sample_S19S_0029_Sed,431.1558407
19,Sample_S19S_0029_Sed,431.1922364
7,Sample_S19S_0029_Sed,431.2206124
16,Sample_S19S_0029_Sed,431.2286229
4,Sample_S19S_0029_Sed,431.264934
5,Sample_S19S_0029_Sed,432.1876103
15,Sample_S19S_0029_Sed,433.0412948
31,Sample_S19S_0029_Sed,433.077665
9,Sample_S19S_0029_Sed,433.1139658
6,Sample_S19S_0029_Sed,433.1269982
23,Sample_S19S_0029_Sed,433.1634586
7,Sample_S19S_0029_Sed,433.1998888
23,Sample_S19S_0029_Sed,433.2079014
11,Sample_S19S_0029_Sed,433.2361951
3,Sample_S19S_0029_Sed,433.2441921
5,Sample_S19S_0029_Sed,433.3089812
15,Sample_S19S_0029_Sed,435.0569041
45,Sample_S19S_0029_Sed,435.093324
15,Sample_S19S_0029_Sed,435.1296329
6,Sample_S19S_0029_Sed,435.1426364
1,Sample_S19S_0029_Sed,435.160379
26,Sample_S19S_0029_Sed,435.1790631
13,Sample_S19S_0029_Sed,435.2155119
19,Sample_S19S_0029_Sed,435.25188
10,Sample_S19S_0029_Sed,437.072483
13,Sample_S19S_0029_Sed,437.1088959
38,Sample_S19S_0029_Sed,437.1453651
23,Sample_S19S_0029_Sed,437.158378
39,Sample_S19S_0029_Sed,437.1817485
17,Sample_S19S_0029_Sed,437.1946984
14,Sample_S19S_0029_Sed,437.2310601
43,Sample_S19S_0029_Sed,439.0882098
52,Sample_S19S_0029_Sed,439.1246064
19,Sample_S19S_0029_Sed,439.1609425
10,Sample_S19S_0029_Sed,439.1973056
8,Sample_S19S_0029_Sed,439.2256709
4,Sample_S19S_0029_Sed,439.246834
13,Sample_S19S_0029_Sed,441.0674409
16,Sample_S19S_0029_Sed,441.1039049
36,Sample_S19S_0029_Sed,441.1402285
10,Sample_S19S_0029_Sed,441.1765589
11,Sample_S19S_0029_Sed,441.2129575
8,Sample_S19S_0029_Sed,441.2494531
15,Sample_S19S_0029_Sed,441.2858146
12,Sample_S19S_0029_Sed,443.0830557
12,Sample_S19S_0029_Sed,443.0984287
41,Sample_S19S_0029_Sed,443.119518
4,Sample_S19S_0029_Sed,443.1478565
3,Sample_S19S_0029_Sed,443.1783373
22,Sample_S19S_0029_Sed,443.1841796
5,Sample_S19S_0029_Sed,443.1922057
11,Sample_S19S_0029_Sed,443.2205255
5,Sample_S19S_0029_Sed,443.2285235
23,Sample_S19S_0029_Sed,443.2650816
1,Sample_S19S_0029_Sed,444.2027089
16,Sample_S19S_0029_Sed,445.0776178
6,Sample_S19S_0029_Sed,445.1139537
5,Sample_S19S_0029_Sed,445.127011
16,Sample_S19S_0029_Sed,445.1503907
23,Sample_S19S_0029_Sed,445.1634705
35,Sample_S19S_0029_Sed,445.1715289
5,Sample_S19S_0029_Sed,445.1940666
31,Sample_S19S_0029_Sed,445.2079177
21,Sample_S19S_0029_Sed,445.2362316
24,Sample_S19S_0029_Sed,445.2442897
7,Sample_S19S_0029_Sed,446.2031197
16,Sample_S19S_0029_Sed,447.1427418
52,Sample_S19S_0029_Sed,447.1660641
24,Sample_S19S_0029_Sed,447.179104
8,Sample_S19S_0029_Sed,447.2154152
1,Sample_S19S_0029_Sed,447.2234126
5,Sample_S19S_0029_Sed,449.0724952
51,Sample_S19S_0029_Sed,449.1453221
26,Sample_S19S_0029_Sed,449.1583358
1,Sample_S19S_0029_Sed,449.1735875
9,Sample_S19S_0029_Sed,449.1946593
17,Sample_S19S_0029_Sed,449.2310912
15,Sample_S19S_0029_Sed,451.0881744
32,Sample_S19S_0029_Sed,451.124616
17,Sample_S19S_0029_Sed,451.1609528
11,Sample_S19S_0029_Sed,451.1739524
1,Sample_S19S_0029_Sed,451.1916101
8,Sample_S19S_0029_Sed,451.2103087
12,Sample_S19S_0029_Sed,451.2467303
12,Sample_S19S_0029_Sed,452.1692639
8,Sample_S19S_0029_Sed,453.0673983
3,Sample_S19S_0029_Sed,453.1037558
21,Sample_S19S_0029_Sed,453.140211
52,Sample_S19S_0029_Sed,453.1766436
21,Sample_S19S_0029_Sed,453.1896338
12,Sample_S19S_0029_Sed,453.2259797
28,Sample_S19S_0029_Sed,455.0831528
19,Sample_S19S_0029_Sed,455.1194736
3,Sample_S19S_0029_Sed,455.1558023
6,Sample_S19S_0029_Sed,455.1921775
14,Sample_S19S_0029_Sed,455.2052634
3,Sample_S19S_0029_Sed,455.2285132
22,Sample_S19S_0029_Sed,455.2650512
7,Sample_S19S_0029_Sed,457.0986905
4,Sample_S19S_0029_Sed,457.1270095
4,Sample_S19S_0029_Sed,457.1940662
11,Sample_S19S_0029_Sed,457.1998933
31,Sample_S19S_0029_Sed,457.2079257
12,Sample_S19S_0029_Sed,457.2442623
3,Sample_S19S_0029_Sed,457.280565
7,Sample_S19S_0029_Sed,459.0932353
29,Sample_S19S_0029_Sed,459.1296693
25,Sample_S19S_0029_Sed,459.1661042
5,Sample_S19S_0029_Sed,459.1733188
31,Sample_S19S_0029_Sed,459.1872169
10,Sample_S19S_0029_Sed,459.2155229
7,Sample_S19S_0029_Sed,459.2235091
4,Sample_S19S_0029_Sed,459.2598321
2,Sample_S19S_0029_Sed,461.1088271
23,Sample_S19S_0029_Sed,461.1583343
6,Sample_S19S_0029_Sed,461.1948089
28,Sample_S19S_0029_Sed,461.2311454
3,Sample_S19S_0029_Sed,461.2674378
15,Sample_S19S_0029_Sed,463.0518315
22,Sample_S19S_0029_Sed,463.0881954
5,Sample_S19S_0029_Sed,463.124491
7,Sample_S19S_0029_Sed,463.1739081
26,Sample_S19S_0029_Sed,463.210366
22,Sample_S19S_0029_Sed,463.2467901
2,Sample_S19S_0029_Sed,465.06738
19,Sample_S19S_0029_Sed,465.1038259
19,Sample_S19S_0029_Sed,465.1532935
26,Sample_S19S_0029_Sed,465.1896305
10,Sample_S19S_0029_Sed,465.2259434
9,Sample_S19S_0029_Sed,465.2623148
22,Sample_S19S_0029_Sed,467.0831629
26,Sample_S19S_0029_Sed,467.1195422
11,Sample_S19S_0029_Sed,467.1558326
14,Sample_S19S_0029_Sed,467.2052403
28,Sample_S19S_0029_Sed,467.2286363
21,Sample_S19S_0029_Sed,467.2416996
9,Sample_S19S_0029_Sed,469.0986993
5,Sample_S19S_0029_Sed,469.1350525
2,Sample_S19S_0029_Sed,469.1843946
23,Sample_S19S_0029_Sed,469.2078959
31,Sample_S19S_0029_Sed,469.2442937
6,Sample_S19S_0029_Sed,471.2096566
22,Sample_S19S_0029_Sed,471.2235442
3,Sample_S19S_0029_Sed,471.2598467
8,Sample_S19S_0029_Sed,473.1582831
8,Sample_S19S_0029_Sed,473.1946924
5,Sample_S19S_0029_Sed,473.2027392
29,Sample_S19S_0029_Sed,473.2311386
22,Sample_S19S_0029_Sed,473.2392065
17,Sample_S19S_0029_Sed,473.2756478
13,Sample_S19S_0029_Sed,475.0881586
47,Sample_S19S_0029_Sed,475.1609843
23,Sample_S19S_0029_Sed,475.1739813
5,Sample_S19S_0029_Sed,475.2103074
12,Sample_S19S_0029_Sed,477.0674882
9,Sample_S19S_0029_Sed,477.1037802
5,Sample_S19S_0029_Sed,477.1531747
7,Sample_S19S_0029_Sed,477.1895617
26,Sample_S19S_0029_Sed,477.2260597
17,Sample_S19S_0029_Sed,477.262427
20,Sample_S19S_0029_Sed,479.1194663
38,Sample_S19S_0029_Sed,479.1559168
6,Sample_S19S_0029_Sed,479.1689644
22,Sample_S19S_0029_Sed,479.2053091
19,Sample_S19S_0029_Sed,479.2416827
26,Sample_S19S_0029_Sed,481.0987747
38,Sample_S19S_0029_Sed,481.1351677
6,Sample_S19S_0029_Sed,481.1634867
10,Sample_S19S_0029_Sed,481.1845085
8,Sample_S19S_0029_Sed,481.2208584
24,Sample_S19S_0029_Sed,483.1144642
4,Sample_S19S_0029_Sed,483.2234722
4,Sample_S19S_0029_Sed,485.2390821
1,Sample_S19S_0029_Sed,485.275439
4,Sample_S19S_0029_Sed,487.2104698
20,Sample_S19S_0029_Sed,487.2184679
7,Sample_S19S_0029_Sed,487.2468303
18,Sample_S19S_0029_Sed,487.254845
12,Sample_S19S_0029_Sed,489.1402055
5,Sample_S19S_0029_Sed,489.2259164
4,Sample_S19S_0029_Sed,489.2623275
6,Sample_S19S_0029_Sed,491.1558203
5,Sample_S19S_0029_Sed,491.2053832
5,Sample_S19S_0029_Sed,491.2417678
10,Sample_S19S_0029_Sed,491.2780744
44,Sample_S19S_0029_Sed,493.1351653
18,Sample_S19S_0029_Sed,493.2209368
11,Sample_S19S_0029_Sed,493.2572378
11,Sample_S19S_0029_Sed,495.0780179
2,Sample_S19S_0029_Sed,495.1427989
30,Sample_S19S_0029_Sed,495.1507984
8,Sample_S19S_0029_Sed,495.2001254
9,Sample_S19S_0029_Sed,495.2365338
1,Sample_S19S_0029_Sed,499.2546595
18,Sample_S19S_0029_Sed,501.2705063
5,Sample_S19S_0029_Sed,503.2051842
5,Sample_S19S_0029_Sed,503.2415628
4,Sample_S19S_0029_Sed,505.098662
7,Sample_S19S_0029_Sed,505.221033
14,Sample_S19S_0029_Sed,505.2573293
29,Sample_S19S_0029_Sed,507.1508255
10,Sample_S19S_0029_Sed,507.2001826
8,Sample_S19S_0029_Sed,507.2364864
6,Sample_S19S_0029_Sed,507.2728559
9,Sample_S19S_0029_Sed,509.2157568
11,Sample_S19S_0029_Sed,509.2522003
2,Sample_S19S_0029_Sed,509.3766895
2,Sample_S19S_0029_Sed,511.1375472
6,Sample_S19S_0029_Sed,511.231412
3,Sample_S19S_0029_Sed,511.2547768
1,Sample_S19S_0029_Sed,513.233912
5,Sample_S19S_0029_Sed,513.2623964
2,Sample_S19S_0029_Sed,513.2704612
3,Sample_S19S_0029_Sed,513.3068739
5,Sample_S19S_0029_Sed,515.2416147
10,Sample_S19S_0029_Sed,517.2208996
6,Sample_S19S_0029_Sed,517.2572088
3,Sample_S19S_0029_Sed,519.1143103
9,Sample_S19S_0029_Sed,519.1507584
7,Sample_S19S_0029_Sed,519.2366622
8,Sample_S19S_0029_Sed,519.2730269
9,Sample_S19S_0029_Sed,521.2521448
14,Sample_S19S_0029_Sed,523.231536
10,Sample_S19S_0029_Sed,523.2678897
1,Sample_S19S_0029_Sed,525.270299
4,Sample_S19S_0029_Sed,527.4469598
4,Sample_S19S_0029_Sed,529.3017656
1,Sample_S19S_0029_Sed,531.1597187
7,Sample_S19S_0029_Sed,535.2314389
2,Sample_S19S_0029_Sed,541.2652897
13,Sample_S19S_0029_Sed,545.2886457
3,Sample_S19S_0029_Sed,549.2470293
3,Sample_S19S_0029_Sed,561.2834147
8,Sample_S19S_0029_Sed,563.2627092
1,Sample_S19S_0029_Sed,581.4341369
5,Sample_S19S_0029_Sed,597.4291056
5,Sample_S19S_0029_Sed,627.4396665
