num.trans.involved.in,sample,peak
10,Sample_S19S_0056_Sed,240.0513448
49,Sample_S19S_0056_Sed,241.03537
5,Sample_S19S_0056_Sed,241.0466195
21,Sample_S19S_0056_Sed,241.0717422
12,Sample_S19S_0056_Sed,241.1081087
7,Sample_S19S_0056_Sed,241.1193918
9,Sample_S19S_0056_Sed,241.1445007
28,Sample_S19S_0056_Sed,241.1809156
18,Sample_S19S_0056_Sed,242.0670034
14,Sample_S19S_0056_Sed,242.139775
4,Sample_S19S_0056_Sed,242.1761465
5,Sample_S19S_0056_Sed,243.0332768
52,Sample_S19S_0056_Sed,243.0510224
15,Sample_S19S_0056_Sed,243.0873816
11,Sample_S19S_0056_Sed,243.0986597
9,Sample_S19S_0056_Sed,243.1237626
18,Sample_S19S_0056_Sed,243.1601665
30,Sample_S19S_0056_Sed,243.1965883
15,Sample_S19S_0056_Sed,244.0826525
4,Sample_S19S_0056_Sed,245.0489119
70,Sample_S19S_0056_Sed,245.0666847
60,Sample_S19S_0056_Sed,245.1030642
4,Sample_S19S_0056_Sed,245.1142776
23,Sample_S19S_0056_Sed,245.1394342
20,Sample_S19S_0056_Sed,247.024801
46,Sample_S19S_0056_Sed,247.0612011
62,Sample_S19S_0056_Sed,247.0823368
47,Sample_S19S_0056_Sed,247.118733
7,Sample_S19S_0056_Sed,247.1703275
22,Sample_S19S_0056_Sed,248.1139872
21,Sample_S19S_0056_Sed,249.0040636
55,Sample_S19S_0056_Sed,249.0404675
61,Sample_S19S_0056_Sed,249.0768527
22,Sample_S19S_0056_Sed,249.1132224
35,Sample_S19S_0056_Sed,249.1496147
7,Sample_S19S_0056_Sed,250.1448617
52,Sample_S19S_0056_Sed,251.0197332
35,Sample_S19S_0056_Sed,251.0560986
7,Sample_S19S_0056_Sed,251.0594793
2,Sample_S19S_0056_Sed,251.0785764
84,Sample_S19S_0056_Sed,251.0925063
8,Sample_S19S_0056_Sed,251.0958765
38,Sample_S19S_0056_Sed,251.1289035
32,Sample_S19S_0056_Sed,251.1652673
12,Sample_S19S_0056_Sed,252.0513612
15,Sample_S19S_0056_Sed,252.0877348
2,Sample_S19S_0056_Sed,252.0911243
29,Sample_S19S_0056_Sed,252.9989785
64,Sample_S19S_0056_Sed,253.0353983
91,Sample_S19S_0056_Sed,253.0717756
7,Sample_S19S_0056_Sed,253.0829986
22,Sample_S19S_0056_Sed,253.1081345
44,Sample_S19S_0056_Sed,253.1445337
14,Sample_S19S_0056_Sed,254.0670222
74,Sample_S19S_0056_Sed,255.0510433
5,Sample_S19S_0056_Sed,255.0622462
93,Sample_S19S_0056_Sed,255.0874163
25,Sample_S19S_0056_Sed,255.1237776
44,Sample_S19S_0056_Sed,255.1602018
35,Sample_S19S_0056_Sed,255.1965909
16,Sample_S19S_0056_Sed,255.2329705
25,Sample_S19S_0056_Sed,256.0826837
61,Sample_S19S_0056_Sed,257.030304
33,Sample_S19S_0056_Sed,257.0455598
7,Sample_S19S_0056_Sed,257.048925
74,Sample_S19S_0056_Sed,257.0666765
6,Sample_S19S_0056_Sed,257.0779166
43,Sample_S19S_0056_Sed,257.1030521
15,Sample_S19S_0056_Sed,257.1143128
57,Sample_S19S_0056_Sed,257.1394516
31,Sample_S19S_0056_Sed,257.175834
28,Sample_S19S_0056_Sed,257.2122374
30,Sample_S19S_0056_Sed,258.0983343
18,Sample_S19S_0056_Sed,258.1347123
11,Sample_S19S_0056_Sed,258.1711136
68,Sample_S19S_0056_Sed,259.0459547
41,Sample_S19S_0056_Sed,259.0612028
80,Sample_S19S_0056_Sed,259.0823405
55,Sample_S19S_0056_Sed,259.1187072
11,Sample_S19S_0056_Sed,259.1299532
47,Sample_S19S_0056_Sed,259.1551113
40,Sample_S19S_0056_Sed,261.040468
49,Sample_S19S_0056_Sed,261.061588
58,Sample_S19S_0056_Sed,261.0980071
53,Sample_S19S_0056_Sed,261.1343647
1,Sample_S19S_0056_Sed,261.9555802
31,Sample_S19S_0056_Sed,263.019721
53,Sample_S19S_0056_Sed,263.0561329
22,Sample_S19S_0056_Sed,263.0924815
31,Sample_S19S_0056_Sed,263.128908
1,Sample_S19S_0056_Sed,264.0473979
58,Sample_S19S_0056_Sed,265.0353938
58,Sample_S19S_0056_Sed,265.0717855
9,Sample_S19S_0056_Sed,265.07514
76,Sample_S19S_0056_Sed,265.1081545
40,Sample_S19S_0056_Sed,265.1445692
4,Sample_S19S_0056_Sed,265.1479151
8,Sample_S19S_0056_Sed,265.1575521
15,Sample_S19S_0056_Sed,265.1809039
24,Sample_S19S_0056_Sed,266.0670361
3,Sample_S19S_0056_Sed,266.089493
10,Sample_S19S_0056_Sed,266.1246093
43,Sample_S19S_0056_Sed,267.0146829
81,Sample_S19S_0056_Sed,267.0510336
9,Sample_S19S_0056_Sed,267.0663132
4,Sample_S19S_0056_Sed,267.0735078
78,Sample_S19S_0056_Sed,267.0874299
75,Sample_S19S_0056_Sed,267.123805
39,Sample_S19S_0056_Sed,267.1601848
38,Sample_S19S_0056_Sed,267.1965985
21,Sample_S19S_0056_Sed,268.0462977
24,Sample_S19S_0056_Sed,268.08266
51,Sample_S19S_0056_Sed,269.0303205
89,Sample_S19S_0056_Sed,269.0666802
75,Sample_S19S_0056_Sed,269.1030627
56,Sample_S19S_0056_Sed,269.1394657
45,Sample_S19S_0056_Sed,269.1758579
32,Sample_S19S_0056_Sed,269.2122378
24,Sample_S19S_0056_Sed,270.0619439
54,Sample_S19S_0056_Sed,271.0459737
10,Sample_S19S_0056_Sed,271.0645721
67,Sample_S19S_0056_Sed,271.0823212
76,Sample_S19S_0056_Sed,271.118718
49,Sample_S19S_0056_Sed,271.1551343
39,Sample_S19S_0056_Sed,271.1914941
29,Sample_S19S_0056_Sed,271.227892
56,Sample_S19S_0056_Sed,273.061591
73,Sample_S19S_0056_Sed,273.0979879
15,Sample_S19S_0056_Sed,273.109239
55,Sample_S19S_0056_Sed,273.1343844
52,Sample_S19S_0056_Sed,273.1707658
35,Sample_S19S_0056_Sed,273.2071526
26,Sample_S19S_0056_Sed,274.0932637
1,Sample_S19S_0056_Sed,275.0053758
34,Sample_S19S_0056_Sed,275.0197425
49,Sample_S19S_0056_Sed,275.0561155
65,Sample_S19S_0056_Sed,275.0772487
53,Sample_S19S_0056_Sed,275.0925149
57,Sample_S19S_0056_Sed,275.1136274
52,Sample_S19S_0056_Sed,275.1500444
20,Sample_S19S_0056_Sed,276.108923
64,Sample_S19S_0056_Sed,277.0354157
61,Sample_S19S_0056_Sed,277.0717892
65,Sample_S19S_0056_Sed,277.1081544
45,Sample_S19S_0056_Sed,277.1293085
42,Sample_S19S_0056_Sed,277.1445377
1,Sample_S19S_0056_Sed,278.0630512
16,Sample_S19S_0056_Sed,278.0881845
27,Sample_S19S_0056_Sed,279.0146331
48,Sample_S19S_0056_Sed,279.0874539
12,Sample_S19S_0056_Sed,279.0986672
47,Sample_S19S_0056_Sed,279.1238221
1,Sample_S19S_0056_Sed,279.135075
5,Sample_S19S_0056_Sed,279.1562152
43,Sample_S19S_0056_Sed,279.160186
4,Sample_S19S_0056_Sed,279.1635618
1,Sample_S19S_0056_Sed,280.0600822
1,Sample_S19S_0056_Sed,280.068733
28,Sample_S19S_0056_Sed,280.0826921
17,Sample_S19S_0056_Sed,280.1038615
58,Sample_S19S_0056_Sed,281.0303339
85,Sample_S19S_0056_Sed,281.0666829
35,Sample_S19S_0056_Sed,281.1030502
64,Sample_S19S_0056_Sed,281.1394597
39,Sample_S19S_0056_Sed,281.1758716
3,Sample_S19S_0056_Sed,282.0844159
24,Sample_S19S_0056_Sed,282.0983548
16,Sample_S19S_0056_Sed,282.1194934
12,Sample_S19S_0056_Sed,282.1347472
77,Sample_S19S_0056_Sed,283.0459554
47,Sample_S19S_0056_Sed,283.0823169
86,Sample_S19S_0056_Sed,283.118715
3,Sample_S19S_0056_Sed,283.1373752
50,Sample_S19S_0056_Sed,283.1551309
24,Sample_S19S_0056_Sed,283.1915306
4,Sample_S19S_0056_Sed,283.2642602
21,Sample_S19S_0056_Sed,284.0776208
30,Sample_S19S_0056_Sed,284.1139788
46,Sample_S19S_0056_Sed,285.025228
51,Sample_S19S_0056_Sed,285.0616357
11,Sample_S19S_0056_Sed,285.0802217
26,Sample_S19S_0056_Sed,285.0980306
9,Sample_S19S_0056_Sed,285.1166168
7,Sample_S19S_0056_Sed,285.1262347
59,Sample_S19S_0056_Sed,285.1343948
47,Sample_S19S_0056_Sed,285.17075
11,Sample_S19S_0056_Sed,285.2071124
31,Sample_S19S_0056_Sed,286.0932539
46,Sample_S19S_0056_Sed,287.0408776
70,Sample_S19S_0056_Sed,287.0772537
67,Sample_S19S_0056_Sed,287.1136282
17,Sample_S19S_0056_Sed,287.1248864
60,Sample_S19S_0056_Sed,287.150015
46,Sample_S19S_0056_Sed,287.1864124
22,Sample_S19S_0056_Sed,287.2228145
34,Sample_S19S_0056_Sed,288.1089115
15,Sample_S19S_0056_Sed,288.1453272
2,Sample_S19S_0056_Sed,288.1565445
46,Sample_S19S_0056_Sed,289.0354029
53,Sample_S19S_0056_Sed,289.0565242
63,Sample_S19S_0056_Sed,289.0717704
57,Sample_S19S_0056_Sed,289.0929075
14,Sample_S19S_0056_Sed,289.1115236
55,Sample_S19S_0056_Sed,289.1292776
48,Sample_S19S_0056_Sed,289.1656738
1,Sample_S19S_0056_Sed,289.9868879
10,Sample_S19S_0056_Sed,290.0882083
18,Sample_S19S_0056_Sed,290.1245994
43,Sample_S19S_0056_Sed,291.0146759
62,Sample_S19S_0056_Sed,291.0510416
54,Sample_S19S_0056_Sed,291.0874132
50,Sample_S19S_0056_Sed,291.1085682
50,Sample_S19S_0056_Sed,291.1237966
38,Sample_S19S_0056_Sed,291.1449729
38,Sample_S19S_0056_Sed,291.1601932
19,Sample_S19S_0056_Sed,292.1038307
20,Sample_S19S_0056_Sed,292.1402353
9,Sample_S19S_0056_Sed,292.2129776
57,Sample_S19S_0056_Sed,293.0303357
63,Sample_S19S_0056_Sed,293.0667099
79,Sample_S19S_0056_Sed,293.1030793
8,Sample_S19S_0056_Sed,293.1143295
36,Sample_S19S_0056_Sed,293.1242316
62,Sample_S19S_0056_Sed,293.1394564
9,Sample_S19S_0056_Sed,293.1757942
15,Sample_S19S_0056_Sed,294.0619153
13,Sample_S19S_0056_Sed,294.1195199
25,Sample_S19S_0056_Sed,295.0095496
61,Sample_S19S_0056_Sed,295.0459444
95,Sample_S19S_0056_Sed,295.0823376
87,Sample_S19S_0056_Sed,295.1187213
2,Sample_S19S_0056_Sed,295.137392
24,Sample_S19S_0056_Sed,295.1398774
60,Sample_S19S_0056_Sed,295.1550986
15,Sample_S19S_0056_Sed,296.0775656
52,Sample_S19S_0056_Sed,297.025237
64,Sample_S19S_0056_Sed,297.0616262
54,Sample_S19S_0056_Sed,297.0980154
43,Sample_S19S_0056_Sed,297.1344063
6,Sample_S19S_0056_Sed,297.1473271
5,Sample_S19S_0056_Sed,297.1529844
32,Sample_S19S_0056_Sed,297.1707937
15,Sample_S19S_0056_Sed,297.2071894
24,Sample_S19S_0056_Sed,297.2435585
30,Sample_S19S_0056_Sed,298.0568737
35,Sample_S19S_0056_Sed,298.1296449
45,Sample_S19S_0056_Sed,299.0408894
76,Sample_S19S_0056_Sed,299.0772616
81,Sample_S19S_0056_Sed,299.1136455
75,Sample_S19S_0056_Sed,299.1500243
46,Sample_S19S_0056_Sed,299.1864335
21,Sample_S19S_0056_Sed,299.2228305
14,Sample_S19S_0056_Sed,299.2592121
32,Sample_S19S_0056_Sed,300.1089049
23,Sample_S19S_0056_Sed,300.1816868
46,Sample_S19S_0056_Sed,301.0565488
30,Sample_S19S_0056_Sed,301.071792
58,Sample_S19S_0056_Sed,301.092932
56,Sample_S19S_0056_Sed,301.129318
59,Sample_S19S_0056_Sed,301.1656955
45,Sample_S19S_0056_Sed,301.202066
24,Sample_S19S_0056_Sed,302.1245742
12,Sample_S19S_0056_Sed,302.1357844
17,Sample_S19S_0056_Sed,302.1609828
10,Sample_S19S_0056_Sed,302.1721713
30,Sample_S19S_0056_Sed,303.0146906
66,Sample_S19S_0056_Sed,303.1085414
59,Sample_S19S_0056_Sed,303.1449308
41,Sample_S19S_0056_Sed,303.1813306
24,Sample_S19S_0056_Sed,303.2177327
23,Sample_S19S_0056_Sed,304.1038383
19,Sample_S19S_0056_Sed,304.1402446
4,Sample_S19S_0056_Sed,304.1766628
53,Sample_S19S_0056_Sed,305.0303157
66,Sample_S19S_0056_Sed,305.0666877
41,Sample_S19S_0056_Sed,305.087829
55,Sample_S19S_0056_Sed,305.1030852
34,Sample_S19S_0056_Sed,305.1242388
13,Sample_S19S_0056_Sed,306.1195211
5,Sample_S19S_0056_Sed,306.192305
76,Sample_S19S_0056_Sed,307.0459779
46,Sample_S19S_0056_Sed,307.0823737
37,Sample_S19S_0056_Sed,307.1187572
40,Sample_S19S_0056_Sed,307.1551342
4,Sample_S19S_0056_Sed,307.1585022
34,Sample_S19S_0056_Sed,307.1915179
4,Sample_S19S_0056_Sed,307.194883
8,Sample_S19S_0056_Sed,308.098784
7,Sample_S19S_0056_Sed,308.1351748
3,Sample_S19S_0056_Sed,308.2079497
55,Sample_S19S_0056_Sed,309.0252469
87,Sample_S19S_0056_Sed,309.0616036
73,Sample_S19S_0056_Sed,309.0979773
8,Sample_S19S_0056_Sed,309.1013433
3,Sample_S19S_0056_Sed,309.1092661
67,Sample_S19S_0056_Sed,309.1343649
3,Sample_S19S_0056_Sed,309.1530159
48,Sample_S19S_0056_Sed,309.1707647
4,Sample_S19S_0056_Sed,309.1741269
22,Sample_S19S_0056_Sed,309.2071806
23,Sample_S19S_0056_Sed,310.0932206
4,Sample_S19S_0056_Sed,310.1144501
54,Sample_S19S_0056_Sed,311.0408991
77,Sample_S19S_0056_Sed,311.0772659
100,Sample_S19S_0056_Sed,311.1136352
73,Sample_S19S_0056_Sed,311.1500195
1,Sample_S19S_0056_Sed,311.1686157
46,Sample_S19S_0056_Sed,311.186419
19,Sample_S19S_0056_Sed,311.2228309
2,Sample_S19S_0056_Sed,312.9846454
56,Sample_S19S_0056_Sed,313.0565398
67,Sample_S19S_0056_Sed,313.0929245
66,Sample_S19S_0056_Sed,313.1293014
42,Sample_S19S_0056_Sed,313.2020808
27,Sample_S19S_0056_Sed,313.2384778
33,Sample_S19S_0056_Sed,314.0881771
43,Sample_S19S_0056_Sed,314.1245573
31,Sample_S19S_0056_Sed,314.1609464
8,Sample_S19S_0056_Sed,314.1721852
30,Sample_S19S_0056_Sed,315.0146824
48,Sample_S19S_0056_Sed,315.035781
41,Sample_S19S_0056_Sed,315.0510397
52,Sample_S19S_0056_Sed,315.0721791
65,Sample_S19S_0056_Sed,315.1085755
65,Sample_S19S_0056_Sed,315.1449559
51,Sample_S19S_0056_Sed,315.1813307
41,Sample_S19S_0056_Sed,315.217727
15,Sample_S19S_0056_Sed,315.2541325
32,Sample_S19S_0056_Sed,316.1402237
10,Sample_S19S_0056_Sed,316.1514197
35,Sample_S19S_0056_Sed,317.0303382
46,Sample_S19S_0056_Sed,317.0514233
52,Sample_S19S_0056_Sed,317.0666936
57,Sample_S19S_0056_Sed,317.124227
44,Sample_S19S_0056_Sed,317.1394552
60,Sample_S19S_0056_Sed,317.1606071
46,Sample_S19S_0056_Sed,317.1969836
2,Sample_S19S_0056_Sed,317.2446454
19,Sample_S19S_0056_Sed,318.1194966
29,Sample_S19S_0056_Sed,318.1558543
9,Sample_S19S_0056_Sed,318.2286611
21,Sample_S19S_0056_Sed,319.009608
7,Sample_S19S_0056_Sed,319.0460069
56,Sample_S19S_0056_Sed,319.0823624
35,Sample_S19S_0056_Sed,319.103481
63,Sample_S19S_0056_Sed,319.1187158
46,Sample_S19S_0056_Sed,319.139868
39,Sample_S19S_0056_Sed,319.1551015
46,Sample_S19S_0056_Sed,319.1762558
6,Sample_S19S_0056_Sed,319.2278385
14,Sample_S19S_0056_Sed,320.0987676
29,Sample_S19S_0056_Sed,320.1351354
16,Sample_S19S_0056_Sed,320.1715427
3,Sample_S19S_0056_Sed,320.2442999
49,Sample_S19S_0056_Sed,321.0252313
55,Sample_S19S_0056_Sed,321.0616406
28,Sample_S19S_0056_Sed,321.0980285
54,Sample_S19S_0056_Sed,321.1343949
35,Sample_S19S_0056_Sed,321.1707672
13,Sample_S19S_0056_Sed,321.2201744
30,Sample_S19S_0056_Sed,322.0932669
13,Sample_S19S_0056_Sed,322.1144282
2,Sample_S19S_0056_Sed,322.1508517
5,Sample_S19S_0056_Sed,322.1872255
50,Sample_S19S_0056_Sed,323.0408542
87,Sample_S19S_0056_Sed,323.0772527
1,Sample_S19S_0056_Sed,323.1096996
37,Sample_S19S_0056_Sed,323.1136726
55,Sample_S19S_0056_Sed,323.1500462
49,Sample_S19S_0056_Sed,323.1864241
12,Sample_S19S_0056_Sed,324.1300834
18,Sample_S19S_0056_Sed,324.1664479
7,Sample_S19S_0056_Sed,324.2028461
11,Sample_S19S_0056_Sed,325.0201894
67,Sample_S19S_0056_Sed,325.0565425
82,Sample_S19S_0056_Sed,325.0928926
73,Sample_S19S_0056_Sed,325.1292996
49,Sample_S19S_0056_Sed,325.1657004
1,Sample_S19S_0056_Sed,325.1842438
57,Sample_S19S_0056_Sed,325.2020573
50,Sample_S19S_0056_Sed,327.035782
48,Sample_S19S_0056_Sed,327.0722018
63,Sample_S19S_0056_Sed,327.1085831
69,Sample_S19S_0056_Sed,327.1449492
3,Sample_S19S_0056_Sed,327.1636073
6,Sample_S19S_0056_Sed,327.2177565
26,Sample_S19S_0056_Sed,327.2540983
11,Sample_S19S_0056_Sed,328.1514425
36,Sample_S19S_0056_Sed,329.0303285
24,Sample_S19S_0056_Sed,329.0514722
78,Sample_S19S_0056_Sed,329.0878075
69,Sample_S19S_0056_Sed,329.1242163
1,Sample_S19S_0056_Sed,329.152419
46,Sample_S19S_0056_Sed,329.1969687
26,Sample_S19S_0056_Sed,329.2333488
12,Sample_S19S_0056_Sed,330.0831155
11,Sample_S19S_0056_Sed,330.1670892
13,Sample_S19S_0056_Sed,330.192266
6,Sample_S19S_0056_Sed,330.2034832
19,Sample_S19S_0056_Sed,331.0095615
25,Sample_S19S_0056_Sed,331.0459941
45,Sample_S19S_0056_Sed,331.0670688
45,Sample_S19S_0056_Sed,331.0823608
46,Sample_S19S_0056_Sed,331.1034998
49,Sample_S19S_0056_Sed,331.1187275
59,Sample_S19S_0056_Sed,331.1762541
6,Sample_S19S_0056_Sed,331.1915481
7,Sample_S19S_0056_Sed,331.2126721
3,Sample_S19S_0056_Sed,331.2490738
27,Sample_S19S_0056_Sed,332.0987468
31,Sample_S19S_0056_Sed,332.1351167
35,Sample_S19S_0056_Sed,332.171516
4,Sample_S19S_0056_Sed,332.2079509
14,Sample_S19S_0056_Sed,333.0252702
19,Sample_S19S_0056_Sed,333.0616512
26,Sample_S19S_0056_Sed,333.08277
53,Sample_S19S_0056_Sed,333.0980074
9,Sample_S19S_0056_Sed,333.1191757
24,Sample_S19S_0056_Sed,333.1344131
20,Sample_S19S_0056_Sed,333.2071238
3,Sample_S19S_0056_Sed,333.2395661
17,Sample_S19S_0056_Sed,334.1144217
10,Sample_S19S_0056_Sed,334.1508295
4,Sample_S19S_0056_Sed,334.2235949
31,Sample_S19S_0056_Sed,335.004499
28,Sample_S19S_0056_Sed,335.0409093
68,Sample_S19S_0056_Sed,335.0772597
29,Sample_S19S_0056_Sed,335.1136067
47,Sample_S19S_0056_Sed,335.150042
22,Sample_S19S_0056_Sed,335.2227808
11,Sample_S19S_0056_Sed,335.2358032
4,Sample_S19S_0056_Sed,336.1301036
41,Sample_S19S_0056_Sed,337.0201415
31,Sample_S19S_0056_Sed,337.0564852
13,Sample_S19S_0056_Sed,337.0695448
75,Sample_S19S_0056_Sed,337.0929176
81,Sample_S19S_0056_Sed,337.1292866
9,Sample_S19S_0056_Sed,337.1616901
49,Sample_S19S_0056_Sed,337.1656867
2,Sample_S19S_0056_Sed,338.0518396
38,Sample_S19S_0056_Sed,338.0881798
25,Sample_S19S_0056_Sed,338.1245766
12,Sample_S19S_0056_Sed,338.182098
50,Sample_S19S_0056_Sed,339.0357996
84,Sample_S19S_0056_Sed,339.0721726
89,Sample_S19S_0056_Sed,339.1085453
25,Sample_S19S_0056_Sed,339.1449816
48,Sample_S19S_0056_Sed,339.1813533
4,Sample_S19S_0056_Sed,339.1999929
34,Sample_S19S_0056_Sed,339.2177427
36,Sample_S19S_0056_Sed,340.1038147
4,Sample_S19S_0056_Sed,340.1613194
48,Sample_S19S_0056_Sed,341.0514621
86,Sample_S19S_0056_Sed,341.0878109
26,Sample_S19S_0056_Sed,341.12425
60,Sample_S19S_0056_Sed,341.1606173
54,Sample_S19S_0056_Sed,341.1969848
5,Sample_S19S_0056_Sed,341.2334189
36,Sample_S19S_0056_Sed,342.155837
7,Sample_S19S_0056_Sed,342.1670651
38,Sample_S19S_0056_Sed,343.0307124
28,Sample_S19S_0056_Sed,343.0459579
41,Sample_S19S_0056_Sed,343.067113
86,Sample_S19S_0056_Sed,343.1034685
15,Sample_S19S_0056_Sed,343.1399075
52,Sample_S19S_0056_Sed,343.1762631
41,Sample_S19S_0056_Sed,343.2126496
22,Sample_S19S_0056_Sed,343.2490426
4,Sample_S19S_0056_Sed,344.1350437
20,Sample_S19S_0056_Sed,344.1715382
5,Sample_S19S_0056_Sed,344.1827031
33,Sample_S19S_0056_Sed,345.0252491
35,Sample_S19S_0056_Sed,345.0463327
50,Sample_S19S_0056_Sed,345.0616254
37,Sample_S19S_0056_Sed,345.0827674
42,Sample_S19S_0056_Sed,345.0980089
52,Sample_S19S_0056_Sed,345.1191373
35,Sample_S19S_0056_Sed,345.1555412
9,Sample_S19S_0056_Sed,345.1919508
35,Sample_S19S_0056_Sed,345.2282779
28,Sample_S19S_0056_Sed,346.1507606
3,Sample_S19S_0056_Sed,346.1619628
17,Sample_S19S_0056_Sed,346.1871921
3,Sample_S19S_0056_Sed,346.2154294
48,Sample_S19S_0056_Sed,347.0408756
69,Sample_S19S_0056_Sed,347.0772564
21,Sample_S19S_0056_Sed,347.0903002
50,Sample_S19S_0056_Sed,347.0983726
20,Sample_S19S_0056_Sed,347.1136821
10,Sample_S19S_0056_Sed,347.1170036
27,Sample_S19S_0056_Sed,347.1348045
49,Sample_S19S_0056_Sed,347.1500262
43,Sample_S19S_0056_Sed,347.1711801
4,Sample_S19S_0056_Sed,347.1864695
38,Sample_S19S_0056_Sed,347.2075497
12,Sample_S19S_0056_Sed,348.0361356
19,Sample_S19S_0056_Sed,348.1300774
24,Sample_S19S_0056_Sed,348.1664038
14,Sample_S19S_0056_Sed,348.2028318
3,Sample_S19S_0056_Sed,348.231087
41,Sample_S19S_0056_Sed,349.0201636
1,Sample_S19S_0056_Sed,349.0551349
55,Sample_S19S_0056_Sed,349.0929209
19,Sample_S19S_0056_Sed,349.1059291
60,Sample_S19S_0056_Sed,349.129303
19,Sample_S19S_0056_Sed,349.1504562
22,Sample_S19S_0056_Sed,350.1457077
13,Sample_S19S_0056_Sed,350.1821173
12,Sample_S19S_0056_Sed,350.2184616
50,Sample_S19S_0056_Sed,351.0357871
54,Sample_S19S_0056_Sed,351.0721501
26,Sample_S19S_0056_Sed,351.1085115
31,Sample_S19S_0056_Sed,351.121581
29,Sample_S19S_0056_Sed,351.1449775
32,Sample_S19S_0056_Sed,351.2177372
1,Sample_S19S_0056_Sed,351.2210572
14,Sample_S19S_0056_Sed,351.2307319
3,Sample_S19S_0056_Sed,351.2500934
8,Sample_S19S_0056_Sed,352.0674721
32,Sample_S19S_0056_Sed,352.1038206
19,Sample_S19S_0056_Sed,352.1613622
40,Sample_S19S_0056_Sed,353.0150696
26,Sample_S19S_0056_Sed,353.0514753
91,Sample_S19S_0056_Sed,353.0878166
15,Sample_S19S_0056_Sed,353.1008561
58,Sample_S19S_0056_Sed,353.124233
37,Sample_S19S_0056_Sed,353.1605629
21,Sample_S19S_0056_Sed,353.1736275
42,Sample_S19S_0056_Sed,353.1970034
4,Sample_S19S_0056_Sed,353.2003494
15,Sample_S19S_0056_Sed,353.2099396
15,Sample_S19S_0056_Sed,353.2333297
37,Sample_S19S_0056_Sed,354.0830704
5,Sample_S19S_0056_Sed,354.1922902
38,Sample_S19S_0056_Sed,355.0306981
49,Sample_S19S_0056_Sed,355.0671162
86,Sample_S19S_0056_Sed,355.1034699
24,Sample_S19S_0056_Sed,355.1164999
12,Sample_S19S_0056_Sed,355.1399086
57,Sample_S19S_0056_Sed,355.1762476
17,Sample_S19S_0056_Sed,355.1892674
11,Sample_S19S_0056_Sed,355.2126797
11,Sample_S19S_0056_Sed,356.0987693
38,Sample_S19S_0056_Sed,356.1715182
17,Sample_S19S_0056_Sed,356.207852
22,Sample_S19S_0056_Sed,357.0251986
35,Sample_S19S_0056_Sed,357.046323
36,Sample_S19S_0056_Sed,357.061636
63,Sample_S19S_0056_Sed,357.0827228
1,Sample_S19S_0056_Sed,357.1085992
21,Sample_S19S_0056_Sed,357.1110353
79,Sample_S19S_0056_Sed,357.1191097
70,Sample_S19S_0056_Sed,357.1554992
60,Sample_S19S_0056_Sed,357.191896
45,Sample_S19S_0056_Sed,357.2282738
24,Sample_S19S_0056_Sed,357.2646796
16,Sample_S19S_0056_Sed,358.1871972
12,Sample_S19S_0056_Sed,358.1983945
24,Sample_S19S_0056_Sed,358.2235211
8,Sample_S19S_0056_Sed,359.0409252
43,Sample_S19S_0056_Sed,359.0619959
40,Sample_S19S_0056_Sed,359.077285
21,Sample_S19S_0056_Sed,359.0984239
44,Sample_S19S_0056_Sed,359.1347452
6,Sample_S19S_0056_Sed,359.1572531
56,Sample_S19S_0056_Sed,359.1711775
15,Sample_S19S_0056_Sed,359.2074846
37,Sample_S19S_0056_Sed,359.2439319
4,Sample_S19S_0056_Sed,360.1299489
24,Sample_S19S_0056_Sed,360.1664452
8,Sample_S19S_0056_Sed,360.1776328
33,Sample_S19S_0056_Sed,361.0201475
40,Sample_S19S_0056_Sed,361.056505
7,Sample_S19S_0056_Sed,361.069538
19,Sample_S19S_0056_Sed,361.077621
58,Sample_S19S_0056_Sed,361.0929312
42,Sample_S19S_0056_Sed,361.1140532
65,Sample_S19S_0056_Sed,361.1292859
35,Sample_S19S_0056_Sed,361.1423317
53,Sample_S19S_0056_Sed,361.1504109
30,Sample_S19S_0056_Sed,361.1657046
42,Sample_S19S_0056_Sed,361.186829
11,Sample_S19S_0056_Sed,361.2151155
38,Sample_S19S_0056_Sed,361.2231964
14,Sample_S19S_0056_Sed,362.1093336
19,Sample_S19S_0056_Sed,362.1821174
48,Sample_S19S_0056_Sed,363.0357881
61,Sample_S19S_0056_Sed,363.108539
24,Sample_S19S_0056_Sed,363.1215932
26,Sample_S19S_0056_Sed,363.1449786
15,Sample_S19S_0056_Sed,363.1812892
21,Sample_S19S_0056_Sed,363.1943423
3,Sample_S19S_0056_Sed,364.0885367
17,Sample_S19S_0056_Sed,364.1613157
8,Sample_S19S_0056_Sed,364.2259804
38,Sample_S19S_0056_Sed,365.015069
17,Sample_S19S_0056_Sed,365.0513776
1,Sample_S19S_0056_Sed,365.0677835
73,Sample_S19S_0056_Sed,365.0878382
25,Sample_S19S_0056_Sed,365.1008669
28,Sample_S19S_0056_Sed,365.1241727
27,Sample_S19S_0056_Sed,365.137244
10,Sample_S19S_0056_Sed,365.1606438
37,Sample_S19S_0056_Sed,365.1969623
29,Sample_S19S_0056_Sed,365.2100088
33,Sample_S19S_0056_Sed,366.0830912
15,Sample_S19S_0056_Sed,366.1769935
6,Sample_S19S_0056_Sed,366.2497563
35,Sample_S19S_0056_Sed,367.0306865
70,Sample_S19S_0056_Sed,367.0671094
92,Sample_S19S_0056_Sed,367.1034613
18,Sample_S19S_0056_Sed,367.1165264
3,Sample_S19S_0056_Sed,367.1399195
36,Sample_S19S_0056_Sed,367.1762158
27,Sample_S19S_0056_Sed,367.189277
42,Sample_S19S_0056_Sed,367.2126519
3,Sample_S19S_0056_Sed,367.2255178
4,Sample_S19S_0056_Sed,368.0623951
42,Sample_S19S_0056_Sed,368.0987097
1,Sample_S19S_0056_Sed,368.1117355
10,Sample_S19S_0056_Sed,369.0252119
25,Sample_S19S_0056_Sed,369.0463181
68,Sample_S19S_0056_Sed,369.0827443
13,Sample_S19S_0056_Sed,369.1190631
20,Sample_S19S_0056_Sed,369.1321274
64,Sample_S19S_0056_Sed,369.1555194
25,Sample_S19S_0056_Sed,369.1685393
15,Sample_S19S_0056_Sed,369.1837969
15,Sample_S19S_0056_Sed,369.1918398
46,Sample_S19S_0056_Sed,369.2282876
1,Sample_S19S_0056_Sed,370.130589
20,Sample_S19S_0056_Sed,371.0408802
54,Sample_S19S_0056_Sed,371.0620102
14,Sample_S19S_0056_Sed,371.0902981
18,Sample_S19S_0056_Sed,371.0983408
56,Sample_S19S_0056_Sed,371.1347918
49,Sample_S19S_0056_Sed,371.171134
36,Sample_S19S_0056_Sed,371.2075705
32,Sample_S19S_0056_Sed,371.2439257
12,Sample_S19S_0056_Sed,371.2803337
35,Sample_S19S_0056_Sed,372.1300076
31,Sample_S19S_0056_Sed,372.1663973
17,Sample_S19S_0056_Sed,372.2028242
9,Sample_S19S_0056_Sed,372.2140099
2,Sample_S19S_0056_Sed,372.3038234
19,Sample_S19S_0056_Sed,373.0201141
41,Sample_S19S_0056_Sed,373.0565482
19,Sample_S19S_0056_Sed,373.0776886
30,Sample_S19S_0056_Sed,373.09294
22,Sample_S19S_0056_Sed,373.1059583
38,Sample_S19S_0056_Sed,373.1140108
15,Sample_S19S_0056_Sed,373.1504711
7,Sample_S19S_0056_Sed,373.1729074
39,Sample_S19S_0056_Sed,373.1867821
44,Sample_S19S_0056_Sed,373.2231881
1,Sample_S19S_0056_Sed,373.262692
28,Sample_S19S_0056_Sed,374.1456527
10,Sample_S19S_0056_Sed,374.1820296
24,Sample_S19S_0056_Sed,374.2184652
11,Sample_S19S_0056_Sed,375.0358416
51,Sample_S19S_0056_Sed,375.0721973
18,Sample_S19S_0056_Sed,375.0852221
33,Sample_S19S_0056_Sed,375.1297066
56,Sample_S19S_0056_Sed,375.1449442
33,Sample_S19S_0056_Sed,375.1579842
18,Sample_S19S_0056_Sed,375.1660121
34,Sample_S19S_0056_Sed,375.194367
28,Sample_S19S_0056_Sed,375.2024285
8,Sample_S19S_0056_Sed,375.230771
21,Sample_S19S_0056_Sed,376.1249335
15,Sample_S19S_0056_Sed,376.1976905
23,Sample_S19S_0056_Sed,377.0150486
58,Sample_S19S_0056_Sed,377.0514538
2,Sample_S19S_0056_Sed,377.0856228
41,Sample_S19S_0056_Sed,377.0877952
15,Sample_S19S_0056_Sed,377.100823
68,Sample_S19S_0056_Sed,377.1241915
23,Sample_S19S_0056_Sed,377.1372608
31,Sample_S19S_0056_Sed,377.1735945
17,Sample_S19S_0056_Sed,377.2099902
13,Sample_S19S_0056_Sed,377.2463996
8,Sample_S19S_0056_Sed,378.0466478
17,Sample_S19S_0056_Sed,378.0831073
2,Sample_S19S_0056_Sed,378.1227642
3,Sample_S19S_0056_Sed,378.2052199
1,Sample_S19S_0056_Sed,378.2164385
6,Sample_S19S_0056_Sed,378.2416575
42,Sample_S19S_0056_Sed,379.0307221
17,Sample_S19S_0056_Sed,379.0670295
9,Sample_S19S_0056_Sed,379.0800689
86,Sample_S19S_0056_Sed,379.1034645
23,Sample_S19S_0056_Sed,379.1165229
72,Sample_S19S_0056_Sed,379.1398402
30,Sample_S19S_0056_Sed,379.1528588
36,Sample_S19S_0056_Sed,379.1892722
22,Sample_S19S_0056_Sed,379.2256462
4,Sample_S19S_0056_Sed,380.1116712
8,Sample_S19S_0056_Sed,380.184512
47,Sample_S19S_0056_Sed,381.0463502
21,Sample_S19S_0056_Sed,381.0826619
11,Sample_S19S_0056_Sed,381.095685
81,Sample_S19S_0056_Sed,381.1191186
23,Sample_S19S_0056_Sed,381.1321708
23,Sample_S19S_0056_Sed,381.1684945
39,Sample_S19S_0056_Sed,381.1918695
14,Sample_S19S_0056_Sed,381.204939
2,Sample_S19S_0056_Sed,382.0909883
5,Sample_S19S_0056_Sed,382.1273741
21,Sample_S19S_0056_Sed,383.0619616
83,Sample_S19S_0056_Sed,383.0983806
4,Sample_S19S_0056_Sed,383.1113231
18,Sample_S19S_0056_Sed,383.1266887
21,Sample_S19S_0056_Sed,383.1347075
24,Sample_S19S_0056_Sed,383.1477567
29,Sample_S19S_0056_Sed,383.1711132
23,Sample_S19S_0056_Sed,383.184187
45,Sample_S19S_0056_Sed,383.2075249
29,Sample_S19S_0056_Sed,383.2439132
5,Sample_S19S_0056_Sed,384.1430092
1,Sample_S19S_0056_Sed,384.1462425
34,Sample_S19S_0056_Sed,384.1664077
11,Sample_S19S_0056_Sed,385.0201172
18,Sample_S19S_0056_Sed,385.0412026
63,Sample_S19S_0056_Sed,385.0776412
17,Sample_S19S_0056_Sed,385.1139909
20,Sample_S19S_0056_Sed,385.1423072
29,Sample_S19S_0056_Sed,385.1503825
49,Sample_S19S_0056_Sed,385.1868285
11,Sample_S19S_0056_Sed,385.2151169
14,Sample_S19S_0056_Sed,385.2231361
31,Sample_S19S_0056_Sed,385.2595906
35,Sample_S19S_0056_Sed,386.1820531
33,Sample_S19S_0056_Sed,387.0358113
16,Sample_S19S_0056_Sed,387.0568488
8,Sample_S19S_0056_Sed,387.0721252
8,Sample_S19S_0056_Sed,387.0851909
15,Sample_S19S_0056_Sed,387.0932457
52,Sample_S19S_0056_Sed,387.1085636
69,Sample_S19S_0056_Sed,387.1296791
23,Sample_S19S_0056_Sed,387.1579654
6,Sample_S19S_0056_Sed,387.1659841
26,Sample_S19S_0056_Sed,387.19436
40,Sample_S19S_0056_Sed,387.2024406
27,Sample_S19S_0056_Sed,387.2388297
1,Sample_S19S_0056_Sed,388.2987452
19,Sample_S19S_0056_Sed,389.0150297
34,Sample_S19S_0056_Sed,389.051417
14,Sample_S19S_0056_Sed,389.0724972
54,Sample_S19S_0056_Sed,389.0878118
18,Sample_S19S_0056_Sed,389.1008827
68,Sample_S19S_0056_Sed,389.1242045
24,Sample_S19S_0056_Sed,389.1372295
13,Sample_S19S_0056_Sed,389.1452618
31,Sample_S19S_0056_Sed,389.1736085
20,Sample_S19S_0056_Sed,389.1816725
31,Sample_S19S_0056_Sed,389.2180886
1,Sample_S19S_0056_Sed,390.2132816
31,Sample_S19S_0056_Sed,391.0670531
25,Sample_S19S_0056_Sed,391.1034381
33,Sample_S19S_0056_Sed,391.1398852
19,Sample_S19S_0056_Sed,391.1528412
18,Sample_S19S_0056_Sed,391.1892281
10,Sample_S19S_0056_Sed,391.2256863
7,Sample_S19S_0056_Sed,391.2620068
19,Sample_S19S_0056_Sed,392.06231
13,Sample_S19S_0056_Sed,392.1198706
25,Sample_S19S_0056_Sed,393.0463154
60,Sample_S19S_0056_Sed,393.0827628
65,Sample_S19S_0056_Sed,393.1191285
23,Sample_S19S_0056_Sed,393.1321265
24,Sample_S19S_0056_Sed,393.1554711
28,Sample_S19S_0056_Sed,393.1685262
24,Sample_S19S_0056_Sed,393.2049392
12,Sample_S19S_0056_Sed,393.2412462
3,Sample_S19S_0056_Sed,393.2776995
2,Sample_S19S_0056_Sed,394.1637274
4,Sample_S19S_0056_Sed,394.2001939
3,Sample_S19S_0056_Sed,394.2364931
2,Sample_S19S_0056_Sed,394.9051548
14,Sample_S19S_0056_Sed,395.0255818
37,Sample_S19S_0056_Sed,395.0619708
31,Sample_S19S_0056_Sed,395.0984243
17,Sample_S19S_0056_Sed,395.1114167
93,Sample_S19S_0056_Sed,395.1347697
25,Sample_S19S_0056_Sed,395.1477706
15,Sample_S19S_0056_Sed,395.2075813
21,Sample_S19S_0056_Sed,395.2205826
48,Sample_S19S_0056_Sed,396.1664019
7,Sample_S19S_0056_Sed,396.179421
7,Sample_S19S_0056_Sed,396.1875433
26,Sample_S19S_0056_Sed,397.0412485
22,Sample_S19S_0056_Sed,397.0775828
10,Sample_S19S_0056_Sed,397.1059758
51,Sample_S19S_0056_Sed,397.1140135
20,Sample_S19S_0056_Sed,397.1270557
71,Sample_S19S_0056_Sed,397.1504225
24,Sample_S19S_0056_Sed,397.1634297
21,Sample_S19S_0056_Sed,397.1867602
9,Sample_S19S_0056_Sed,397.1997808
44,Sample_S19S_0056_Sed,397.2232052
1,Sample_S19S_0056_Sed,397.2265763
24,Sample_S19S_0056_Sed,397.2595669
5,Sample_S19S_0056_Sed,398.1222468
7,Sample_S19S_0056_Sed,398.1586554
10,Sample_S19S_0056_Sed,399.0568344
41,Sample_S19S_0056_Sed,399.0932727
45,Sample_S19S_0056_Sed,399.1296635
14,Sample_S19S_0056_Sed,399.1579458
5,Sample_S19S_0056_Sed,399.1659287
13,Sample_S19S_0056_Sed,399.1790309
17,Sample_S19S_0056_Sed,399.1943775
41,Sample_S19S_0056_Sed,399.2024375
19,Sample_S19S_0056_Sed,399.2388025
3,Sample_S19S_0056_Sed,399.2751285
41,Sample_S19S_0056_Sed,401.0514549
9,Sample_S19S_0056_Sed,401.0725084
44,Sample_S19S_0056_Sed,401.0878209
42,Sample_S19S_0056_Sed,401.1089631
57,Sample_S19S_0056_Sed,401.1453284
22,Sample_S19S_0056_Sed,401.1736033
15,Sample_S19S_0056_Sed,401.1816514
1,Sample_S19S_0056_Sed,401.204141
25,Sample_S19S_0056_Sed,401.2100146
31,Sample_S19S_0056_Sed,401.2180808
14,Sample_S19S_0056_Sed,401.2544603
8,Sample_S19S_0056_Sed,403.0305846
50,Sample_S19S_0056_Sed,403.0671122
38,Sample_S19S_0056_Sed,403.0881974
46,Sample_S19S_0056_Sed,403.1034476
18,Sample_S19S_0056_Sed,403.1164656
11,Sample_S19S_0056_Sed,403.1245163
57,Sample_S19S_0056_Sed,403.1398463
23,Sample_S19S_0056_Sed,403.1529106
22,Sample_S19S_0056_Sed,403.1609357
35,Sample_S19S_0056_Sed,403.1973716
19,Sample_S19S_0056_Sed,403.2256482
10,Sample_S19S_0056_Sed,403.2336971
19,Sample_S19S_0056_Sed,404.1926065
45,Sample_S19S_0056_Sed,405.0463718
34,Sample_S19S_0056_Sed,405.0827082
18,Sample_S19S_0056_Sed,405.1190623
29,Sample_S19S_0056_Sed,405.1321292
38,Sample_S19S_0056_Sed,405.1555362
28,Sample_S19S_0056_Sed,405.1685606
15,Sample_S19S_0056_Sed,405.2048711
7,Sample_S19S_0056_Sed,405.2412525
12,Sample_S19S_0056_Sed,405.2776864
3,Sample_S19S_0056_Sed,406.3092961
11,Sample_S19S_0056_Sed,407.0255705
40,Sample_S19S_0056_Sed,407.0620299
78,Sample_S19S_0056_Sed,407.0983755
14,Sample_S19S_0056_Sed,407.1113661
57,Sample_S19S_0056_Sed,407.1347505
28,Sample_S19S_0056_Sed,407.1477958
3,Sample_S19S_0056_Sed,407.1712237
22,Sample_S19S_0056_Sed,407.2205546
8,Sample_S19S_0056_Sed,407.2568891
14,Sample_S19S_0056_Sed,409.0412228
17,Sample_S19S_0056_Sed,409.07757
76,Sample_S19S_0056_Sed,409.1140221
21,Sample_S19S_0056_Sed,409.1270356
75,Sample_S19S_0056_Sed,409.1504235
10,Sample_S19S_0056_Sed,409.1633923
13,Sample_S19S_0056_Sed,409.1997594
44,Sample_S19S_0056_Sed,409.2231724
11,Sample_S19S_0056_Sed,409.236154
25,Sample_S19S_0056_Sed,410.0729191
14,Sample_S19S_0056_Sed,411.0568579
58,Sample_S19S_0056_Sed,411.0933142
67,Sample_S19S_0056_Sed,411.1296933
25,Sample_S19S_0056_Sed,411.1426758
20,Sample_S19S_0056_Sed,411.1579879
37,Sample_S19S_0056_Sed,411.1660419
20,Sample_S19S_0056_Sed,411.1790746
3,Sample_S19S_0056_Sed,411.2022993
22,Sample_S19S_0056_Sed,411.2154903
33,Sample_S19S_0056_Sed,411.2388467
6,Sample_S19S_0056_Sed,412.137911
2,Sample_S19S_0056_Sed,413.0513424
2,Sample_S19S_0056_Sed,413.072442
57,Sample_S19S_0056_Sed,413.1089345
22,Sample_S19S_0056_Sed,413.1452768
22,Sample_S19S_0056_Sed,413.1736056
8,Sample_S19S_0056_Sed,413.1816156
12,Sample_S19S_0056_Sed,413.1946295
13,Sample_S19S_0056_Sed,413.2100122
19,Sample_S19S_0056_Sed,413.2180661
25,Sample_S19S_0056_Sed,413.2544798
5,Sample_S19S_0056_Sed,414.1171605
13,Sample_S19S_0056_Sed,415.0306688
4,Sample_S19S_0056_Sed,415.0340778
4,Sample_S19S_0056_Sed,415.0671726
37,Sample_S19S_0056_Sed,415.0881916
41,Sample_S19S_0056_Sed,415.1034568
13,Sample_S19S_0056_Sed,415.1164835
22,Sample_S19S_0056_Sed,415.1245406
11,Sample_S19S_0056_Sed,415.1529316
47,Sample_S19S_0056_Sed,415.1609859
36,Sample_S19S_0056_Sed,415.1973464
9,Sample_S19S_0056_Sed,415.219815
15,Sample_S19S_0056_Sed,415.2256541
11,Sample_S19S_0056_Sed,415.2336924
20,Sample_S19S_0056_Sed,415.2701205
10,Sample_S19S_0056_Sed,416.1925804
25,Sample_S19S_0056_Sed,417.0463346
11,Sample_S19S_0056_Sed,417.0674105
18,Sample_S19S_0056_Sed,417.0826722
10,Sample_S19S_0056_Sed,417.0957124
14,Sample_S19S_0056_Sed,417.1037889
58,Sample_S19S_0056_Sed,417.1191101
30,Sample_S19S_0056_Sed,417.1321667
30,Sample_S19S_0056_Sed,417.1402188
40,Sample_S19S_0056_Sed,417.1555165
31,Sample_S19S_0056_Sed,417.1685514
15,Sample_S19S_0056_Sed,417.1765666
12,Sample_S19S_0056_Sed,417.2048604
9,Sample_S19S_0056_Sed,417.2128787
10,Sample_S19S_0056_Sed,417.2493486
16,Sample_S19S_0056_Sed,419.0256123
28,Sample_S19S_0056_Sed,419.0619721
8,Sample_S19S_0056_Sed,419.0982983
3,Sample_S19S_0056_Sed,419.1113471
65,Sample_S19S_0056_Sed,419.1347745
19,Sample_S19S_0056_Sed,419.1478319
34,Sample_S19S_0056_Sed,419.1842051
3,Sample_S19S_0056_Sed,419.1921608
12,Sample_S19S_0056_Sed,419.2205119
8,Sample_S19S_0056_Sed,419.2285513
30,Sample_S19S_0056_Sed,421.0412704
10,Sample_S19S_0056_Sed,421.0777047
69,Sample_S19S_0056_Sed,421.1140346
16,Sample_S19S_0056_Sed,421.1270174
62,Sample_S19S_0056_Sed,421.1504292
1,Sample_S19S_0056_Sed,421.1552081
32,Sample_S19S_0056_Sed,421.1634511
3,Sample_S19S_0056_Sed,421.2265386
16,Sample_S19S_0056_Sed,421.2362004
8,Sample_S19S_0056_Sed,422.2031632
39,Sample_S19S_0056_Sed,423.0569089
22,Sample_S19S_0056_Sed,423.093231
82,Sample_S19S_0056_Sed,423.1296813
16,Sample_S19S_0056_Sed,423.1426961
32,Sample_S19S_0056_Sed,423.179095
2,Sample_S19S_0056_Sed,423.2387546
4,Sample_S19S_0056_Sed,423.2517315
4,Sample_S19S_0056_Sed,424.1378327
29,Sample_S19S_0056_Sed,425.0361852
40,Sample_S19S_0056_Sed,425.1089252
7,Sample_S19S_0056_Sed,425.1453873
20,Sample_S19S_0056_Sed,425.1583275
44,Sample_S19S_0056_Sed,425.1816982
16,Sample_S19S_0056_Sed,425.1947046
2,Sample_S19S_0056_Sed,425.2178813
16,Sample_S19S_0056_Sed,425.2311014
28,Sample_S19S_0056_Sed,425.2544996
1,Sample_S19S_0056_Sed,426.0742987
3,Sample_S19S_0056_Sed,426.1172003
11,Sample_S19S_0056_Sed,426.153527
1,Sample_S19S_0056_Sed,426.9313713
4,Sample_S19S_0056_Sed,427.0307487
6,Sample_S19S_0056_Sed,427.0518808
23,Sample_S19S_0056_Sed,427.088175
9,Sample_S19S_0056_Sed,427.1165345
64,Sample_S19S_0056_Sed,427.1245871
2,Sample_S19S_0056_Sed,427.1610597
32,Sample_S19S_0056_Sed,427.1973395
15,Sample_S19S_0056_Sed,427.2103578
29,Sample_S19S_0056_Sed,427.2337286
22,Sample_S19S_0056_Sed,427.2701368
1,Sample_S19S_0056_Sed,428.1329164
9,Sample_S19S_0056_Sed,428.1925676
19,Sample_S19S_0056_Sed,429.0463286
28,Sample_S19S_0056_Sed,429.067488
2,Sample_S19S_0056_Sed,429.1039457
49,Sample_S19S_0056_Sed,429.1402424
28,Sample_S19S_0056_Sed,429.1685491
25,Sample_S19S_0056_Sed,429.1765924
8,Sample_S19S_0056_Sed,429.1990848
27,Sample_S19S_0056_Sed,429.2129876
1,Sample_S19S_0056_Sed,429.2355333
31,Sample_S19S_0056_Sed,429.2494299
2,Sample_S19S_0056_Sed,429.2857157
15,Sample_S19S_0056_Sed,430.2083192
39,Sample_S19S_0056_Sed,431.0620177
26,Sample_S19S_0056_Sed,431.083125
50,Sample_S19S_0056_Sed,431.098388
10,Sample_S19S_0056_Sed,431.1113826
17,Sample_S19S_0056_Sed,431.1194411
15,Sample_S19S_0056_Sed,431.1347291
25,Sample_S19S_0056_Sed,431.1477957
15,Sample_S19S_0056_Sed,431.1558407
21,Sample_S19S_0056_Sed,431.1922364
7,Sample_S19S_0056_Sed,431.2147537
7,Sample_S19S_0056_Sed,431.2206124
20,Sample_S19S_0056_Sed,431.2286229
6,Sample_S19S_0056_Sed,432.1876103
27,Sample_S19S_0056_Sed,433.0412948
51,Sample_S19S_0056_Sed,433.077665
14,Sample_S19S_0056_Sed,433.1139658
7,Sample_S19S_0056_Sed,433.1269982
12,Sample_S19S_0056_Sed,433.1503758
27,Sample_S19S_0056_Sed,433.1634586
8,Sample_S19S_0056_Sed,433.1998888
22,Sample_S19S_0056_Sed,433.2079014
2,Sample_S19S_0056_Sed,433.2208714
12,Sample_S19S_0056_Sed,433.2361951
4,Sample_S19S_0056_Sed,433.2725253
25,Sample_S19S_0056_Sed,435.0569041
58,Sample_S19S_0056_Sed,435.093324
11,Sample_S19S_0056_Sed,435.1062764
19,Sample_S19S_0056_Sed,435.1296329
14,Sample_S19S_0056_Sed,435.1426364
29,Sample_S19S_0056_Sed,435.1790631
14,Sample_S19S_0056_Sed,435.2155119
19,Sample_S19S_0056_Sed,435.25188
5,Sample_S19S_0056_Sed,436.0886111
9,Sample_S19S_0056_Sed,436.1742724
20,Sample_S19S_0056_Sed,437.0361523
11,Sample_S19S_0056_Sed,437.072483
18,Sample_S19S_0056_Sed,437.1088959
7,Sample_S19S_0056_Sed,437.1219003
46,Sample_S19S_0056_Sed,437.1453651
25,Sample_S19S_0056_Sed,437.158378
16,Sample_S19S_0056_Sed,437.2310601
7,Sample_S19S_0056_Sed,439.051737
1,Sample_S19S_0056_Sed,439.0865319
61,Sample_S19S_0056_Sed,439.1246064
12,Sample_S19S_0056_Sed,439.1375419
11,Sample_S19S_0056_Sed,439.1973056
5,Sample_S19S_0056_Sed,439.246834
6,Sample_S19S_0056_Sed,440.1328082
17,Sample_S19S_0056_Sed,441.0674409
44,Sample_S19S_0056_Sed,441.1402285
13,Sample_S19S_0056_Sed,441.168514
13,Sample_S19S_0056_Sed,441.1765589
11,Sample_S19S_0056_Sed,441.2129575
15,Sample_S19S_0056_Sed,441.2260326
9,Sample_S19S_0056_Sed,441.2494531
18,Sample_S19S_0056_Sed,441.2858146
8,Sample_S19S_0056_Sed,442.1484515
9,Sample_S19S_0056_Sed,443.0255061
10,Sample_S19S_0056_Sed,443.061884
21,Sample_S19S_0056_Sed,443.0830557
16,Sample_S19S_0056_Sed,443.0984287
11,Sample_S19S_0056_Sed,443.1114516
46,Sample_S19S_0056_Sed,443.119518
45,Sample_S19S_0056_Sed,443.1558944
25,Sample_S19S_0056_Sed,443.1841796
8,Sample_S19S_0056_Sed,443.1922057
15,Sample_S19S_0056_Sed,443.2052319
7,Sample_S19S_0056_Sed,443.2285235
26,Sample_S19S_0056_Sed,443.2650816
8,Sample_S19S_0056_Sed,443.3014797
3,Sample_S19S_0056_Sed,444.2099819
20,Sample_S19S_0056_Sed,445.0412697
24,Sample_S19S_0056_Sed,445.0776178
12,Sample_S19S_0056_Sed,445.127011
4,Sample_S19S_0056_Sed,445.1350548
27,Sample_S19S_0056_Sed,445.1634705
41,Sample_S19S_0056_Sed,445.1715289
30,Sample_S19S_0056_Sed,445.2079177
9,Sample_S19S_0056_Sed,445.2304198
19,Sample_S19S_0056_Sed,445.2362316
4,Sample_S19S_0056_Sed,445.2805849
7,Sample_S19S_0056_Sed,446.2031197
4,Sample_S19S_0056_Sed,447.056785
10,Sample_S19S_0056_Sed,447.09323
23,Sample_S19S_0056_Sed,447.1427418
54,Sample_S19S_0056_Sed,447.1660641
27,Sample_S19S_0056_Sed,447.179104
2,Sample_S19S_0056_Sed,447.1869913
12,Sample_S19S_0056_Sed,447.2154152
5,Sample_S19S_0056_Sed,447.2234126
10,Sample_S19S_0056_Sed,447.2518394
9,Sample_S19S_0056_Sed,449.0360637
13,Sample_S19S_0056_Sed,449.0724952
20,Sample_S19S_0056_Sed,449.1219859
62,Sample_S19S_0056_Sed,449.1453221
33,Sample_S19S_0056_Sed,449.1583358
3,Sample_S19S_0056_Sed,449.1735875
11,Sample_S19S_0056_Sed,449.1816462
12,Sample_S19S_0056_Sed,449.1946593
14,Sample_S19S_0056_Sed,449.2310912
4,Sample_S19S_0056_Sed,450.1898917
12,Sample_S19S_0056_Sed,451.0517204
22,Sample_S19S_0056_Sed,451.0881744
44,Sample_S19S_0056_Sed,451.124616
22,Sample_S19S_0056_Sed,451.1376081
21,Sample_S19S_0056_Sed,451.1609528
15,Sample_S19S_0056_Sed,451.1739524
1,Sample_S19S_0056_Sed,451.1916101
10,Sample_S19S_0056_Sed,451.2103087
10,Sample_S19S_0056_Sed,451.2467303
7,Sample_S19S_0056_Sed,451.2831359
15,Sample_S19S_0056_Sed,452.1692639
12,Sample_S19S_0056_Sed,453.0673983
12,Sample_S19S_0056_Sed,453.1037558
27,Sample_S19S_0056_Sed,453.140211
13,Sample_S19S_0056_Sed,453.1532352
23,Sample_S19S_0056_Sed,453.1896338
15,Sample_S19S_0056_Sed,453.2259797
5,Sample_S19S_0056_Sed,453.2492245
4,Sample_S19S_0056_Sed,454.1484722
1,Sample_S19S_0056_Sed,454.9626353
4,Sample_S19S_0056_Sed,455.025566
36,Sample_S19S_0056_Sed,455.0831528
6,Sample_S19S_0056_Sed,455.111472
20,Sample_S19S_0056_Sed,455.1194736
14,Sample_S19S_0056_Sed,455.14777
9,Sample_S19S_0056_Sed,455.1558023
9,Sample_S19S_0056_Sed,455.1921775
4,Sample_S19S_0056_Sed,455.2285132
22,Sample_S19S_0056_Sed,455.2650512
7,Sample_S19S_0056_Sed,457.0776174
10,Sample_S19S_0056_Sed,457.0986905
8,Sample_S19S_0056_Sed,457.1270095
10,Sample_S19S_0056_Sed,457.1350642
28,Sample_S19S_0056_Sed,457.1715231
30,Sample_S19S_0056_Sed,457.2079257
11,Sample_S19S_0056_Sed,457.2442623
6,Sample_S19S_0056_Sed,457.280565
9,Sample_S19S_0056_Sed,459.0205561
7,Sample_S19S_0056_Sed,459.0568713
11,Sample_S19S_0056_Sed,459.0932353
8,Sample_S19S_0056_Sed,459.1062882
10,Sample_S19S_0056_Sed,459.1143457
36,Sample_S19S_0056_Sed,459.1296693
29,Sample_S19S_0056_Sed,459.142719
28,Sample_S19S_0056_Sed,459.1661042
34,Sample_S19S_0056_Sed,459.1872169
11,Sample_S19S_0056_Sed,459.2155229
10,Sample_S19S_0056_Sed,459.2235091
5,Sample_S19S_0056_Sed,459.2598321
1,Sample_S19S_0056_Sed,460.1823248
15,Sample_S19S_0056_Sed,461.0725007
6,Sample_S19S_0056_Sed,461.1218899
11,Sample_S19S_0056_Sed,461.1452647
27,Sample_S19S_0056_Sed,461.1583343
20,Sample_S19S_0056_Sed,461.1817537
8,Sample_S19S_0056_Sed,461.1948089
29,Sample_S19S_0056_Sed,461.2311454
11,Sample_S19S_0056_Sed,461.2391228
4,Sample_S19S_0056_Sed,461.2674378
31,Sample_S19S_0056_Sed,463.0518315
31,Sample_S19S_0056_Sed,463.0881954
8,Sample_S19S_0056_Sed,463.124491
3,Sample_S19S_0056_Sed,463.1375144
4,Sample_S19S_0056_Sed,463.1608564
12,Sample_S19S_0056_Sed,463.1739081
30,Sample_S19S_0056_Sed,463.210366
25,Sample_S19S_0056_Sed,463.2467901
6,Sample_S19S_0056_Sed,465.06738
1,Sample_S19S_0056_Sed,465.1686035
27,Sample_S19S_0056_Sed,465.1896305
1,Sample_S19S_0056_Sed,465.207298
11,Sample_S19S_0056_Sed,465.2259434
13,Sample_S19S_0056_Sed,465.2623148
25,Sample_S19S_0056_Sed,467.0467531
34,Sample_S19S_0056_Sed,467.0831629
36,Sample_S19S_0056_Sed,467.1195422
20,Sample_S19S_0056_Sed,467.2052403
2,Sample_S19S_0056_Sed,467.2229454
29,Sample_S19S_0056_Sed,467.2286363
23,Sample_S19S_0056_Sed,467.2416996
5,Sample_S19S_0056_Sed,468.1640569
22,Sample_S19S_0056_Sed,469.062394
14,Sample_S19S_0056_Sed,469.0986993
8,Sample_S19S_0056_Sed,469.1350525
7,Sample_S19S_0056_Sed,469.1633964
5,Sample_S19S_0056_Sed,469.1843946
25,Sample_S19S_0056_Sed,469.2078959
21,Sample_S19S_0056_Sed,469.2209608
13,Sample_S19S_0056_Sed,469.2806636
26,Sample_S19S_0056_Sed,471.0569384
19,Sample_S19S_0056_Sed,471.0780166
10,Sample_S19S_0056_Sed,471.093255
8,Sample_S19S_0056_Sed,471.1426129
5,Sample_S19S_0056_Sed,471.1506882
17,Sample_S19S_0056_Sed,471.1790652
14,Sample_S19S_0056_Sed,471.1871307
23,Sample_S19S_0056_Sed,471.2235442
7,Sample_S19S_0056_Sed,471.2598467
2,Sample_S19S_0056_Sed,471.2961918
10,Sample_S19S_0056_Sed,473.0361823
20,Sample_S19S_0056_Sed,473.0726032
49,Sample_S19S_0056_Sed,473.1089772
15,Sample_S19S_0056_Sed,473.121993
13,Sample_S19S_0056_Sed,473.1452829
11,Sample_S19S_0056_Sed,473.1582831
11,Sample_S19S_0056_Sed,473.1946924
12,Sample_S19S_0056_Sed,473.2027392
20,Sample_S19S_0056_Sed,473.2392065
22,Sample_S19S_0056_Sed,473.2756478
7,Sample_S19S_0056_Sed,475.0517049
19,Sample_S19S_0056_Sed,475.0881586
50,Sample_S19S_0056_Sed,475.1245966
19,Sample_S19S_0056_Sed,475.1376596
48,Sample_S19S_0056_Sed,475.1609843
27,Sample_S19S_0056_Sed,475.1739813
7,Sample_S19S_0056_Sed,475.2103074
3,Sample_S19S_0056_Sed,475.2546749
1,Sample_S19S_0056_Sed,476.2499866
30,Sample_S19S_0056_Sed,477.0674882
10,Sample_S19S_0056_Sed,477.1037802
2,Sample_S19S_0056_Sed,477.1401075
7,Sample_S19S_0056_Sed,477.1531747
6,Sample_S19S_0056_Sed,477.1765167
10,Sample_S19S_0056_Sed,477.1895617
27,Sample_S19S_0056_Sed,477.2260597
21,Sample_S19S_0056_Sed,477.262427
1,Sample_S19S_0056_Sed,479.0466033
9,Sample_S19S_0056_Sed,479.0830028
24,Sample_S19S_0056_Sed,479.1194663
51,Sample_S19S_0056_Sed,479.1559168
38,Sample_S19S_0056_Sed,479.1923063
26,Sample_S19S_0056_Sed,479.2053091
20,Sample_S19S_0056_Sed,479.2416827
6,Sample_S19S_0056_Sed,480.151082
12,Sample_S19S_0056_Sed,480.2005188
11,Sample_S19S_0056_Sed,481.0623379
36,Sample_S19S_0056_Sed,481.0987747
9,Sample_S19S_0056_Sed,481.1634867
17,Sample_S19S_0056_Sed,481.1845085
7,Sample_S19S_0056_Sed,481.2078283
12,Sample_S19S_0056_Sed,481.2208584
1,Sample_S19S_0056_Sed,481.2384755
16,Sample_S19S_0056_Sed,481.2572296
21,Sample_S19S_0056_Sed,483.0780208
32,Sample_S19S_0056_Sed,483.1144642
17,Sample_S19S_0056_Sed,483.2001521
10,Sample_S19S_0056_Sed,483.2234722
16,Sample_S19S_0056_Sed,483.2364995
3,Sample_S19S_0056_Sed,483.259746
8,Sample_S19S_0056_Sed,483.2963101
9,Sample_S19S_0056_Sed,485.0724465
15,Sample_S19S_0056_Sed,485.0936172
37,Sample_S19S_0056_Sed,485.1300644
5,Sample_S19S_0056_Sed,485.1584131
4,Sample_S19S_0056_Sed,485.2390821
5,Sample_S19S_0056_Sed,485.275439
1,Sample_S19S_0056_Sed,487.0414933
6,Sample_S19S_0056_Sed,487.088118
5,Sample_S19S_0056_Sed,487.1244947
10,Sample_S19S_0056_Sed,487.1375846
5,Sample_S19S_0056_Sed,487.1456408
9,Sample_S19S_0056_Sed,487.1740711
6,Sample_S19S_0056_Sed,487.2104698
18,Sample_S19S_0056_Sed,487.2184679
3,Sample_S19S_0056_Sed,487.2410284
6,Sample_S19S_0056_Sed,487.2468303
20,Sample_S19S_0056_Sed,487.254845
1,Sample_S19S_0056_Sed,487.2911792
31,Sample_S19S_0056_Sed,489.067487
14,Sample_S19S_0056_Sed,489.1039118
18,Sample_S19S_0056_Sed,489.1402055
8,Sample_S19S_0056_Sed,489.1895365
8,Sample_S19S_0056_Sed,489.2259164
5,Sample_S19S_0056_Sed,489.2703605
5,Sample_S19S_0056_Sed,491.0466906
14,Sample_S19S_0056_Sed,491.0830123
6,Sample_S19S_0056_Sed,491.1193786
11,Sample_S19S_0056_Sed,491.1558203
20,Sample_S19S_0056_Sed,491.1689084
37,Sample_S19S_0056_Sed,491.1922945
6,Sample_S19S_0056_Sed,491.2053832
1,Sample_S19S_0056_Sed,491.2230199
5,Sample_S19S_0056_Sed,491.2417678
11,Sample_S19S_0056_Sed,491.2780744
7,Sample_S19S_0056_Sed,493.0622921
15,Sample_S19S_0056_Sed,493.098712
50,Sample_S19S_0056_Sed,493.1351653
32,Sample_S19S_0056_Sed,493.1715856
8,Sample_S19S_0056_Sed,493.1846305
21,Sample_S19S_0056_Sed,493.2209368
1,Sample_S19S_0056_Sed,493.2418569
13,Sample_S19S_0056_Sed,493.2572378
12,Sample_S19S_0056_Sed,494.1798099
21,Sample_S19S_0056_Sed,495.0780179
33,Sample_S19S_0056_Sed,495.1144449
1,Sample_S19S_0056_Sed,495.1427989
36,Sample_S19S_0056_Sed,495.1507984
15,Sample_S19S_0056_Sed,495.1638346
13,Sample_S19S_0056_Sed,495.2001254
12,Sample_S19S_0056_Sed,495.2365338
1,Sample_S19S_0056_Sed,495.2541845
1,Sample_S19S_0056_Sed,495.272735
12,Sample_S19S_0056_Sed,496.1953999
1,Sample_S19S_0056_Sed,497.1301476
6,Sample_S19S_0056_Sed,497.2157304
2,Sample_S19S_0056_Sed,497.2390455
5,Sample_S19S_0056_Sed,497.2754084
15,Sample_S19S_0056_Sed,498.1617513
33,Sample_S19S_0056_Sed,499.1457371
10,Sample_S19S_0056_Sed,499.1740741
16,Sample_S19S_0056_Sed,499.2104255
9,Sample_S19S_0056_Sed,499.2184243
5,Sample_S19S_0056_Sed,499.2546595
11,Sample_S19S_0056_Sed,501.0673678
5,Sample_S19S_0056_Sed,501.1037301
21,Sample_S19S_0056_Sed,501.1896846
17,Sample_S19S_0056_Sed,501.2341074
14,Sample_S19S_0056_Sed,501.2705063
4,Sample_S19S_0056_Sed,501.3067877
3,Sample_S19S_0056_Sed,502.2292793
37,Sample_S19S_0056_Sed,503.1195309
8,Sample_S19S_0056_Sed,503.2051842
8,Sample_S19S_0056_Sed,503.2415628
3,Sample_S19S_0056_Sed,505.0622503
12,Sample_S19S_0056_Sed,505.098662
9,Sample_S19S_0056_Sed,505.1350781
10,Sample_S19S_0056_Sed,505.1846129
10,Sample_S19S_0056_Sed,505.2079802
9,Sample_S19S_0056_Sed,505.221033
15,Sample_S19S_0056_Sed,505.2573293
1,Sample_S19S_0056_Sed,505.293641
17,Sample_S19S_0056_Sed,507.0780238
34,Sample_S19S_0056_Sed,507.1144464
40,Sample_S19S_0056_Sed,507.1508255
15,Sample_S19S_0056_Sed,507.2001826
13,Sample_S19S_0056_Sed,507.2364864
8,Sample_S19S_0056_Sed,507.2728559
3,Sample_S19S_0056_Sed,509.0573918
24,Sample_S19S_0056_Sed,509.0937287
3,Sample_S19S_0056_Sed,509.1219812
26,Sample_S19S_0056_Sed,509.1300451
8,Sample_S19S_0056_Sed,509.1947371
16,Sample_S19S_0056_Sed,509.2157568
6,Sample_S19S_0056_Sed,509.2391011
12,Sample_S19S_0056_Sed,509.2522003
3,Sample_S19S_0056_Sed,509.2755137
15,Sample_S19S_0056_Sed,509.2886472
1,Sample_S19S_0056_Sed,509.3766895
4,Sample_S19S_0056_Sed,511.1375472
2,Sample_S19S_0056_Sed,511.1948908
9,Sample_S19S_0056_Sed,511.2183807
10,Sample_S19S_0056_Sed,511.231412
6,Sample_S19S_0056_Sed,511.2547768
5,Sample_S19S_0056_Sed,511.2911339
2,Sample_S19S_0056_Sed,511.3275342
1,Sample_S19S_0056_Sed,512.1079158
7,Sample_S19S_0056_Sed,513.1248843
1,Sample_S19S_0056_Sed,513.1612236
3,Sample_S19S_0056_Sed,513.233912
3,Sample_S19S_0056_Sed,513.2704612
7,Sample_S19S_0056_Sed,513.3068739
26,Sample_S19S_0056_Sed,515.083157
8,Sample_S19S_0056_Sed,515.2052029
4,Sample_S19S_0056_Sed,515.213195
5,Sample_S19S_0056_Sed,515.2495874
6,Sample_S19S_0056_Sed,515.2860627
18,Sample_S19S_0056_Sed,517.0624113
5,Sample_S19S_0056_Sed,517.098859
10,Sample_S19S_0056_Sed,517.1846401
11,Sample_S19S_0056_Sed,517.2208996
2,Sample_S19S_0056_Sed,517.2288048
10,Sample_S19S_0056_Sed,517.2572088
6,Sample_S19S_0056_Sed,517.2652212
5,Sample_S19S_0056_Sed,519.0779454
13,Sample_S19S_0056_Sed,519.1507584
23,Sample_S19S_0056_Sed,519.2002386
10,Sample_S19S_0056_Sed,519.2366622
8,Sample_S19S_0056_Sed,519.2730269
11,Sample_S19S_0056_Sed,521.0573462
18,Sample_S19S_0056_Sed,521.0937324
34,Sample_S19S_0056_Sed,521.1301011
13,Sample_S19S_0056_Sed,521.1663968
18,Sample_S19S_0056_Sed,521.1794927
1,Sample_S19S_0056_Sed,521.2157156
17,Sample_S19S_0056_Sed,521.2521448
8,Sample_S19S_0056_Sed,521.288516
1,Sample_S19S_0056_Sed,523.1091901
7,Sample_S19S_0056_Sed,523.1456062
13,Sample_S19S_0056_Sed,523.1820717
9,Sample_S19S_0056_Sed,523.195055
17,Sample_S19S_0056_Sed,523.231536
9,Sample_S19S_0056_Sed,524.226692
24,Sample_S19S_0056_Sed,525.1250197
30,Sample_S19S_0056_Sed,525.1614051
6,Sample_S19S_0056_Sed,525.2106012
13,Sample_S19S_0056_Sed,525.2470626
3,Sample_S19S_0056_Sed,525.270299
2,Sample_S19S_0056_Sed,526.1485958
7,Sample_S19S_0056_Sed,526.1929575
5,Sample_S19S_0056_Sed,527.2495897
5,Sample_S19S_0056_Sed,527.28601
10,Sample_S19S_0056_Sed,529.2208396
1,Sample_S19S_0056_Sed,529.2288014
2,Sample_S19S_0056_Sed,531.1597187
6,Sample_S19S_0056_Sed,531.236471
2,Sample_S19S_0056_Sed,531.2727826
5,Sample_S19S_0056_Sed,531.280929
6,Sample_S19S_0056_Sed,533.0937827
7,Sample_S19S_0056_Sed,533.2156961
3,Sample_S19S_0056_Sed,533.25209
2,Sample_S19S_0056_Sed,533.2884424
4,Sample_S19S_0056_Sed,535.1094222
2,Sample_S19S_0056_Sed,535.1825505
16,Sample_S19S_0056_Sed,535.2677938
1,Sample_S19S_0056_Sed,535.3040794
11,Sample_S19S_0056_Sed,537.0884904
16,Sample_S19S_0056_Sed,537.2107257
5,Sample_S19S_0056_Sed,537.247225
3,Sample_S19S_0056_Sed,539.262655
2,Sample_S19S_0056_Sed,541.3015887
2,Sample_S19S_0056_Sed,542.1433378
4,Sample_S19S_0056_Sed,543.3173823
1,Sample_S19S_0056_Sed,545.2523758
14,Sample_S19S_0056_Sed,545.2886457
6,Sample_S19S_0056_Sed,545.2967065
3,Sample_S19S_0056_Sed,547.109415
15,Sample_S19S_0056_Sed,547.2315171
13,Sample_S19S_0056_Sed,547.2678735
3,Sample_S19S_0056_Sed,549.1250923
10,Sample_S19S_0056_Sed,549.2470293
7,Sample_S19S_0056_Sed,551.2262635
4,Sample_S19S_0056_Sed,553.2418178
6,Sample_S19S_0056_Sed,557.2602406
5,Sample_S19S_0056_Sed,557.3328937
1,Sample_S19S_0056_Sed,559.2316115
2,Sample_S19S_0056_Sed,561.2469764
5,Sample_S19S_0056_Sed,561.2834147
11,Sample_S19S_0056_Sed,563.2263607
14,Sample_S19S_0056_Sed,563.2627092
11,Sample_S19S_0056_Sed,565.2420146
10,Sample_S19S_0056_Sed,565.3148683
8,Sample_S19S_0056_Sed,567.2576427
1,Sample_S19S_0056_Sed,569.332928
3,Sample_S19S_0056_Sed,571.3487705
4,Sample_S19S_0056_Sed,577.3147968
1,Sample_S19S_0056_Sed,579.2573685
1,Sample_S19S_0056_Sed,583.2757337
2,Sample_S19S_0056_Sed,585.3641944
5,Sample_S19S_0056_Sed,589.2783211
3,Sample_S19S_0056_Sed,589.3147153
4,Sample_S19S_0056_Sed,597.4291056
1,Sample_S19S_0056_Sed,601.3227706
2,Sample_S19S_0056_Sed,603.2941965
5,Sample_S19S_0056_Sed,605.2733338
6,Sample_S19S_0056_Sed,605.3096659
1,Sample_S19S_0056_Sed,619.2887732
