,name,lat.old,long.old,state,stateAbb,DRNAREA,PctAg2006Slp10Cat,PctAg2006Slp20Cat,CBNFCat,FertCat,ManureCat,BFICat,CanalDensCat,CoalMineDensCat,DamDensCat,DamNIDStorM3Cat,DamNrmStorM3Cat,ElevCat,NPDESDensCat,SuperfundDensCat,TRIDensCat,PctFire2000Cat,PctFire2001Cat,PctFire2002Cat,PctFire2003Cat,PctFire2004Cat,PctFire2005Cat,PctFire2006Cat,PctFire2007Cat,PctFire2008Cat,PctFire2009Cat,PctFire2010Cat,PctFrstLoss2001Cat,PctFrstLoss2002Cat,PctFrstLoss2003Cat,PctFrstLoss2004Cat,PctFrstLoss2005Cat,PctFrstLoss2006Cat,PctFrstLoss2007Cat,PctFrstLoss2008Cat,PctFrstLoss2009Cat,PctFrstLoss2010Cat,PctFrstLoss2011Cat,PctFrstLoss2012Cat,PctFrstLoss2013Cat,Al2O3Cat,CaOCat,Fe2O3Cat,K2OCat,MgOCat,Na2OCat,P2O5Cat,SCat,SiO2Cat,NCat,HydrlCondCat,CompStrgthCat,PctImp2006Cat,AgKffactCat,KffactCat,PctAlkIntruVolCat,PctAlluvCoastCat,PctCarbResidCat,PctCoastCrsCat,PctColluvSedCat,PctEolCrsCat,PctEolFineCat,PctExtruVolCat,PctGlacLakeCrsCat,PctGlacLakeFineCat,PctGlacTilClayCat,PctGlacTilCrsCat,PctGlacTilLoamCat,PctHydricCat,PctNonCarbResidCat,PctSalLakeCat,PctSilicicCat,PctWaterCat,MineDensCat,DensCat,NABD_NIDStorM3Cat,NABD_NrmStorM3Cat,InorgNWetDep_2008Cat,NH4_2008Cat,NO3_2008Cat,SN_2008Cat,PctBl2006Cat,PctConif2006Cat,PctCrop2006Cat,PctDecid2006Cat,PctGrs2006Cat,PctHay2006Cat,PctHbWet2006Cat,PctIce2006Cat,PctMxFst2006Cat,PctOw2006Cat,PctShrb2006Cat,PctUrbHi2006Cat,PctUrbLo2006Cat,PctUrbMd2006Cat,PctUrbOp2006Cat,PctWdWet2006Cat,PctBl2011Cat,PctConif2011Cat,PctCrop2011Cat,PctDecid2011Cat,PctGrs2011Cat,PctHay2011Cat,PctHbWet2011Cat,PctIce2011Cat,PctMxFst2011Cat,PctOw2011Cat,PctShrb2011Cat,PctUrbHi2011Cat,PctUrbLo2011Cat,PctUrbMd2011Cat,PctUrbOp2011Cat,PctWdWet2011Cat,PctNonAgIntrodManagVegCat,Pestic97Cat,Precip08Cat,Precip09Cat,Tmean08Cat,Tmean09Cat,Precip8110Cat,Tmax8110Cat,Tmean8110Cat,Tmin8110Cat,MAST_2008,MAST_2009,MAST_2013,MAST_2014,MSST_2008,MSST_2009,MSST_2013,MSST_2014,MWST_2008,MWST_2009,MWST_2013,MWST_2014,RdDensCat
0,S19S_0006,39.311813,-76.717476,Maryland,MD,7.0722,0.101807076,0.012725884,0.001908883,0.0,0.0,44.510817,0.0,0.0,0.0,0.0,0.0,110.2855319,0.0,0.0,0.0,0,0,0,0.0,0.0,0.0,0,0.0,0.0,0.0,0,0.0,0.0,0.0,0.0,0.0,0.038177653,0.025451769,0.012725884,0.0,0.0,0.0,0.0,0.0,13.8090523,9.854060526,9.369157876,0.527170457,8.526047885,2.017150861,0.151743008,0.080104267,49.36668105,0.052832118,3.513792471,181.9648517,20.84767116,0.000668109,0.350237974,0.0,0.0,0.0,0,0.0,0.0,0.0,0.0,0.0,0.0,0,0.0,0.0,0,0.0,0,100.0,0.0,0.0,0.0,0.0,0.0,4.47846425,2.953991902,9.691870232,631.2045481,0.0,0.0,0.0,28.97683889,0.0,0.190888267,0.0,0.0,1.183507254,0.0,0.470857725,1.438024943,34.06719267,8.793586154,24.44642403,0.432680071,0.0,0.0,0.0,27.4115551,0.0,0.0,0.0,0.0,1.641639094,0.0,0.394502418,1.438024943,34.48714686,9.23899211,25.38813948,0.0,72.47391194,0.0,1274.131231,1426.706763,13.01591492,12.66212853,1126.840363,18.69650261,13.1358889,7.569844709,13.70411381,13.36910831,14.14629692,12.63905083,21.05189748,21.60373273,21.5790588,20.92789284,4.801186137,4.014410767,4.777754537,3.501910981,12.49823186
1,S19S_0008,36.961273,-119.028254,California,CA,3.8304,0.0,0.0,0.0,0.0,0.0,72.90625,0.0,0.0,0.0,0.0,0.0,2236.984011,0.0,0.0,0.0,0,0,0,0.0,0.0,0.0,0,0.0,0.0,0.0,0,2.396616541,0.0,0.0,0.0,0.023496241,0.0,0.117481203,0.0,0.0,0.0,0.0,0.0,0.023496241,14.13628576,3.299004549,4.466715922,2.775853872,1.94656945,2.683691696,0.145288736,0.03492459,64.70874566,0.019334125,0.077939442,139.5730197,0.000469925,0.0,0.187828947,0.0,0.0,0.0,0,0.0,0.0,0.0,0.0,0.0,0.0,0,0.0,0.0,0,0.0,0,100.0,0.0,0.0,0.0,0.0,0.0,1.987481682,1.472034064,3.749258032,186.9061076,0.0,97.13345865,0.0,0.0,0.0,0.0,0.0,0.0,0.0,0.0,2.866541353,0.0,0.0,0.0,0.0,0.0,0.0,97.13345865,0.0,0.0,0.0,0.0,0.0,0.0,0.0,0.0,2.866541353,0.0,0.0,0.0,0.0,0.0,0.0,0.0,979.3279132,1080.894281,9.155214084,9.209352128,1210.914351,13.85415139,8.589035122,3.316709902,8.437529048,8.447145014,8.493872949,9.119277268,13.87757232,13.84726031,13.81604711,13.78205108,2.724943813,3.377854055,2.761966157,4.82589657,0.18601662
3,S19S_0010,31.667905,-81.8403,Georgia,GA,12.3264,0.0,0.0,0.009856893,0.082140771,0.003285631,29.42391939,0.0,0.0,0.243380062,311462.1057,188253.2004,17.01684652,0.162253375,0.0,0.081126687,0,0,0,0.0,0.0,0.0,0,0.0,0.0,0.0,0,0.021904206,0.0,0.109521028,0.773948598,0.094918224,0.773948598,3.679906542,0.051109813,0.124123832,0.029205607,0.058411215,1.197429907,0.0,14.3146166,7.816913208,6.176706872,2.594288367,2.247408966,1.041846139,0.227201695,0.350286094,51.74273314,0.500038171,0.018128767,6.59271924,10.48744159,0.000109521,0.074903622,0.0,100.0,0.0,0,0.0,0.0,0.0,0.0,0.0,0.0,0,0.0,0.0,0,0.0,0,0.0,0.0,0.0,0.0,0.0,0.0,2.291680909,1.185083903,6.079013202,364.3564992,5.519859813,7.199182243,0.0,0.0,1.891063084,0.109521028,1.168224299,0.0,0.0,13.33966121,3.67260514,3.446261682,11.40478972,4.008469626,11.45589953,36.78446262,6.381425234,1.781542056,0.0,0.036507009,2.993574766,0.109521028,2.22692757,0.0,0.0,14.38376168,7.191880841,2.708820093,9.082943925,5.505257009,9.586740654,38.01109813,46.62675234,5.19108681,1146.924026,1487.517484,19.19626158,19.17632191,1229.598679,25.97311435,19.45707175,12.93585009,17.24327891,17.24327891,17.23843421,17.22793332,25.15780596,25.05730161,24.55802656,25.41377703,8.558894127,8.214205785,8.781714323,8.184397966,3.753161703
4,S19S_0011,33.95569,-83.437673,Georgia,GA,0.6696,0.268817204,0.0,0.01344086,0.154569893,0.913978495,58.77688172,0.0,0.0,0.0,0.0,0.0,192.6009946,0.0,0.0,0.0,0,0,0,0.0,0.0,0.0,0,0.0,0.0,0.0,0,4.838709677,0.134408602,0.0,0.0,0.0,3.494623656,0.0,0.0,0.0,0.0,0.0,0.0,0.0,14.5,2.25,3.849999905,2.960000038,1.059999943,3.299999952,0.119999997,0.01,69.59999847,0.00675,0.025342001,152.2133331,7.182795699,0.001680108,0.25,0.0,0.0,0.0,0,0.0,0.0,0.0,0.0,0.0,0.0,0,0.0,0.0,0,0.0,0,100.0,0.0,0.0,0.0,0.0,0.0,2.456608618,1.566720155,5.504931376,369.2700334,2.419354839,4.704301075,0.0,33.33333333,1.075268817,0.672043011,0.0,0.0,2.284946237,0.403225807,0.0,0.0,12.5,0.0,38.30645161,4.301075269,0.672043011,4.704301075,0.0,31.0483871,1.075268817,0.0,0.0,0.0,2.284946237,0.403225807,0.0,0.0,16.53225806,1.747311828,37.2311828,4.301075269,56.58602151,0.052412051,1049.596055,1666.415664,16.06407433,16.02100333,1211.37124,22.69868644,16.39035777,10.07995282,14.19230489,14.1884389,14.17415464,14.17410221,22.73981622,22.66873033,22.58038594,22.61845337,7.122175858,6.970685518,7.287776034,6.194356481,6.218900592
5,S19S_0012,42.47178,-72.33105,Massachusetts,MA,2.2725,0.0,0.0,0.0,0.0,0.0,48.82891089,0.0,0.0,0.0,0.0,0.0,247.7917663,0.0,0.0,0.0,0,0,0,0.0,0.0,0.0,0,0.0,0.0,0.0,0,0.0,0.03960396,0.0,0.0,0.0,0.0,0.0,0.0,0.0,0.871287129,0.0,0.0,0.0,14.84449015,4.564333497,6.59046113,2.304477395,2.972305936,2.437845345,0.146474119,0.051150515,61.98583492,0.020653937,0.13963215,130.1948801,0.112475248,0.0,0.188811881,0.0,0.0,0.0,0,0.0,0.0,0.0,0.0,0.0,0.0,0,98.4950495,0.0,0,0.0,0,0.0,1.504950495,0.0,0.0,0.0,0.0,5.622724425,2.962459301,14.75825274,794.2620062,0.0,11.92079208,0.0,69.22772277,0.0,0.0,0.0,0.0,12.59405941,0.0,0.0,0.0,0.0,0.0,3.762376238,2.495049505,0.0,11.20792079,0.0,68.03960396,0.237623762,0.0,0.0,0.0,12.71287129,0.03960396,0.0,0.0,0.0,0.0,3.762376238,4.0,4.118811881,4.131866802,1674.640694,1328.242771,7.959471993,7.486644729,1371.44848,13.97685889,7.857311586,1.730140588,9.914465247,9.822171995,9.978884235,9.823587284,18.41567978,17.98965398,19.4606961,17.96994177,2.382312043,2.291487823,2.379857992,2.289292141,2.455711901
6,S19S_0014,39.0944,-77.9815,Virginia,VA,4.8411,9.630042759,0.260271426,9.146681539,12.95779885,3.811117308,47.21937163,0.0,0.0,0.0,0.0,0.0,162.3210392,0.0,0.0,0.0,0,0,0,0.0,0.0,0.0,0,0.0,0.0,0.0,0,0.0,0.0,0.0,0.0,0.0,0.0,0.0,0.0,0.0,0.0,0.0,0.0,0.0,2.011835934,34.34085394,1.232138317,0.548697555,8.28858333,0.240091371,0.088132928,0.099241924,14.26166229,0.053453585,0.075081051,107.5175994,0.560327198,0.25797546,0.338512735,0.0,0.0,100.0,0,0.0,0.0,0.0,0.0,0.0,0.0,0,0.0,0.0,0,0.0,0,0.0,0.0,0.0,0.0,0.0,0.0,3.811574521,2.418026652,8.583156121,549.6993966,0.0,1.617401004,0.855177542,11.54489682,0.0,75.36716862,0.0,0.0,0.892359175,0.0,0.0,0.0,0.0,0.0,9.72299684,0.0,0.0,1.617401004,0.855177542,11.54489682,0.0,75.36716862,0.0,0.0,0.892359175,0.0,0.0,0.0,0.0,0.0,9.72299684,0.0,86.18702361,21.07063025,1044.698156,1021.950068,12.09926268,11.89703221,973.6792448,18.42302537,12.1861645,5.943572643,12.751135,12.4407278,12.39038655,11.9859888,21.17603898,21.39853147,21.17603898,21.10675976,4.6737141,4.025609896,4.519896503,3.439978158,4.894341918
7,S19S_0015,31.185895,-84.437254,Georgia,GA,219.6279,0.004917408,0.0,9.795648913,26.92754199,9.874134844,54.01781331,0.0,0.0,0.0,0.0,0.0,47.56916408,0.0,0.0,0.0,0,0,0,0.0,0.0,0.0,0,0.0,0.0,0.0,0,0.278653122,0.5917281,0.382328475,0.227020338,0.25898349,0.460187435,0.200384377,0.336432666,0.274145498,0.559764948,0.090562265,0.405686163,0.439288451,4.250643013,39.73166508,2.149879768,0.839787254,0.897248789,0.401027614,0.105022491,0.051010503,16.14368206,0.034358172,0.025979645,84.48366576,0.855313464,0.061215501,0.136457704,0.0,27.27317431,72.72682569,0,0.0,0.0,0.0,0.0,0.0,0.0,0,0.0,0.0,0,0.0,0,0.0,0.0,0.0,0.0,0.0,0.0,2.469001336,1.311719661,6.428980346,368.9957935,0.094660105,21.89107122,40.38175478,7.881785511,6.837655872,5.891054825,1.39121669,0.0,5.265724437,0.740069909,1.373595978,0.005327192,1.364990514,0.100806865,4.245772054,2.534514058,0.097938377,21.46735456,39.87608132,7.758030742,7.19785601,5.605435375,1.510463835,0.0,4.959206003,0.740069909,2.501321553,0.021308768,1.39121669,0.149571161,4.198237109,2.525908594,69.68417947,240.2595175,1383.841848,1431.28574,18.94623497,18.91072162,1309.488708,25.90996233,19.20769917,12.49988267,17.5104829,17.51060279,17.52004312,17.33317966,25.67715534,25.25054047,25.26315247,25.7400015,7.360313516,7.248418662,7.636963948,7.092573016,1.590081481
8,S19S_0016,39.10415,-96.60276,Kansas,KS,0.1746,0.0,0.0,0.0,0.0,0.0,29.37113402,0.0,0.0,0.0,0.0,0.0,335.8518041,0.0,0.0,0.0,0,0,0,0.0,0.0,0.0,0,0.0,0.0,0.0,0,0.0,0.0,0.0,0.0,0.0,0.0,0.0,0.0,0.0,0.0,0.0,0.0,0.0,3.002500057,34.04999924,1.549999952,0.564999998,1.960000038,0.485000014,0.344999999,0.36500001,21.53249931,0.043499999,0.012215,84.4164505,0.072164948,0.0,0.33,0.0,0.0,0.0,0,100.0,0.0,0.0,0.0,0.0,0.0,0,0.0,0.0,0,0.0,0,0.0,0.0,0.0,0.0,0.0,0.0,5.48863496,4.314113371,9.506158278,586.8668565,0.0,0.0,0.0,36.08247423,52.06185567,0.0,0.0,0.0,0.0,0.0,0.0,0.0,0.0,0.0,2.06185567,9.793814433,0.0,0.0,0.0,36.08247423,52.06185567,0.0,0.0,0.0,0.0,0.0,0.0,0.0,0.0,0.0,2.06185567,9.793814433,11.8556701,13.35316161,1091.048268,1058.526861,11.36679679,11.53219923,857.883667,19.18118095,12.68836403,6.19000864,12.25189952,12.38629376,12.39272386,12.40556939,21.89634181,20.92921031,21.85393534,22.28869353,2.974587449,3.689413136,3.594068161,2.60203333,1.818368437
9,S19S_0017,38.94684,-96.44389,Kansas,KS,1.5741,0.171526587,0.0,5.433962264,8.89193825,0.329331046,25.0,0.0,0.0,0.0,0.0,0.0,394.1675186,0.0,0.0,0.0,0,0,0,0.0,0.0,0.0,0,0.0,0.0,0.0,0,0.0,0.0,0.0,0.0,0.0,0.0,0.0,0.0,0.0,0.0,0.0,0.0,0.0,3.002500057,34.04999924,1.549999952,0.564999998,1.960000038,0.485000014,0.344999999,0.36500001,21.53249931,0.043499999,0.012215,84.4164505,0.459691252,0.074099485,0.45,0.0,0.0,0.0,0,100.0,0.0,0.0,0.0,0.0,0.0,0,0.0,0.0,0,0.0,0,0.0,0.0,0.0,0.0,0.0,0.0,4.840631485,3.811665058,8.360349655,517.838623,0.0,0.0,6.632361349,0.285877644,80.33161807,9.834190966,0.0,0.0,0.0,0.0,0.0,0.0,0.571755289,0.0,2.344196684,0.0,0.0,0.0,6.632361349,0.285877644,80.33161807,9.834190966,0.0,0.0,0.0,0.0,0.0,0.0,0.571755289,0.0,2.344196684,0.0,74.8427673,9.554349961,830.048645,899.9233116,11.03286204,11.16415866,922.8830322,18.68331547,12.33472005,5.982705333,12.23563962,12.37330489,12.37533956,12.40301658,21.85885941,21.25720329,21.77435292,22.21875844,,,,,0.7849922
12,S19S_0020,31.8531,-88.15748,Alabama,AL,0.3852,0.0,0.0,0.0,0.0,0.0,35.0,0.0,0.0,0.0,0.0,0.0,10.86056075,0.0,0.0,0.0,0,0,0,0.0,0.0,0.0,0,0.0,0.0,0.0,0,11.21495327,0.0,0.0,0.0,0.0,0.0,0.0,0.0,0.0,0.0,0.0,0.0,0.0,11.02666664,1.919157028,11.45388699,2.168355942,1.127915978,1.238659024,0.241612002,0.178870007,59.64715958,0.352782011,123.2722092,12.6522007,0.154205608,0.0,0.29771028,0.0,100.0,0.0,0,0.0,0.0,0.0,0.0,0.0,0.0,0,0.0,0.0,0,0.0,0,0.0,0.0,0.0,0.0,0.0,0.0,2.889944171,1.767151232,6.732392921,414.529146,0.0,0.700934579,0.0,4.439252336,0.23364486,0.0,0.23364486,0.0,6.308411215,66.12149533,10.51401869,0.0,0.0,0.0,1.635514019,9.813084112,0.0,0.700934579,0.0,4.439252336,0.23364486,0.0,0.23364486,0.0,6.308411215,66.12149533,10.51401869,0.0,0.0,0.0,1.635514019,9.813084112,7.476635514,0.038253174,1308.280086,2081.218269,17.74130578,18.017896,1391.173454,25.23838135,18.1277404,11.01265451,17.18258269,17.26269818,17.16662788,17.13546575,24.41814128,24.40486885,23.78005001,24.45918449,9.008465228,9.511277696,9.731088271,8.704194114,1.432915455
13,S19S_0021,32.54108,-87.79821,Alabama,AL,6.0354,0.0,0.0,0.404264838,2.780345959,0.428720549,29.00641217,0.0,0.0,0.0,0.0,0.0,25.71278557,0.0,0.0,0.0,0,0,0,0.0,0.0,0.0,0,0.0,0.0,0.0,0,0.342976439,0.82016105,0.0,0.059648076,0.104384134,1.028929317,0.029824038,0.432448554,0.238592305,1.998210558,0.238592305,7.277065315,0.0,10.40575269,5.826865954,10.29103271,2.060638719,1.282063985,1.161173267,0.228789307,0.193994896,55.89541365,0.387386658,107.9326953,12.93305065,0.032955562,0.058365643,0.307175664,0.0,100.0,0.0,0,0.0,0.0,0.0,0.0,0.0,0.0,0,0.0,0.0,0,0.0,0,0.0,0.0,0.0,0.0,0.0,0.0,2.914455088,1.708270306,7.037457736,420.9930942,0.0,5.756039368,4.548165822,7.396361467,0.700864897,13.9874739,0.372800477,0.0,3.355204295,13.39099314,2.147330749,0.0,0.0,0.0,1.267521622,47.07724426,0.0,6.978824933,2.788547569,7.35162541,0.104384134,12.70504026,1.610498061,0.0,3.116611989,13.39099314,4.846406203,0.0,0.0,0.0,1.267521622,45.83954667,27.67670743,13.79175594,1362.525523,1826.96603,17.48856767,17.39047822,1372.587872,24.15730291,17.59751748,11.03223792,17.22590143,17.21349264,17.1053631,16.69740775,24.93539608,24.44308575,24.38603815,24.94581448,8.058378843,8.161199029,8.651171567,6.659392661,0.653217696
14,S19S_0022,32.96142,-87.40828,Alabama,AL,3.879,0.0,0.0,0.0,0.0,0.0,39.0,0.0,3.09358082,0.0,0.0,0.0,115.4955197,0.0,0.0,0.0,0,0,0,0.0,0.0,0.0,0,0.0,0.0,0.0,0,0.023201856,0.0,0.023201856,0.0,0.0,0.0,0.069605568,0.0,0.0,0.023201856,0.0,0.0,0.0,13.2475234,0.636132819,9.174966884,2.360638809,1.162571448,1.102792404,0.134663045,0.467711421,66.27852502,0.942775473,15.26479757,9.280652365,0.012993039,0.0,0.25,0.0,100.0,0.0,0,0.0,0.0,0.0,0.0,0.0,0.0,0,0.0,0.0,0,0.0,0,0.0,0.0,0.0,0.0,0.0,0.0,2.819500277,1.666981849,6.758242185,409.3363122,0.0,32.48259861,0.0,47.65661253,0.0,0.0,0.0,0.0,12.80742459,0.0,0.394431555,0.0,0.0,0.0,0.371229698,6.287703016,0.0,32.48259861,0.0,47.65661253,0.0,0.0,0.0,0.0,12.80742459,0.0,0.394431555,0.0,0.0,0.0,0.371229698,6.287703016,1.484918794,0.009958856,1229.792609,1883.629773,17.10907479,16.85711933,1378.737432,23.90081338,17.23231925,10.55823369,16.51195859,16.27947601,15.84656904,15.85559555,23.46005397,23.26805382,23.2010109,23.35640002,8.116593819,8.163158453,8.367389974,6.092717345,0.415796648
15,S19S_0023,39.75854,-102.44917,Colorado,CO,10.9881,0.0,0.0,0.014743222,0.090097469,0.018019494,47.0,0.0,0.0,0.0,0.0,0.0,1204.376441,0.0,0.0,0.0,0,0,0,0.0,0.0,0.0,0,0.0,0.0,0.0,0,0.0,0.0,0.0,0.0,0.0,0.0,0.0,0.0,0.0,0.0,0.0,0.0,0.0,10.37524458,6.801736953,3.743128934,2.018994351,2.139423045,1.611538849,0.11110465,0.023371002,66.00401198,0.042058308,95.9871842,18.5859183,0.032680809,0.000655254,0.270478336,0.0,1.07297895,0.0,0,0.0,10.36939962,70.24326317,0.0,0.0,0.0,0,0.0,0.0,0,18.31435826,0,0.0,0.0,0.0,0.0,0.0,0.0,2.900531504,2.354151178,4.771172561,275.0783269,0.0,0.0,0.16381358,0.0,88.23818495,0.0,5.930051601,0.0,0.0,0.0,0.0,0.0,0.0,0.0,1.638135801,4.029814072,0.0,0.0,0.16381358,0.0,88.23818495,0.0,5.930051601,0.0,0.0,0.0,0.0,0.0,0.0,0.0,1.638135801,4.029814072,7.240560242,0.0,516.548084,683.9442692,9.962127281,9.585853538,453.640188,18.28875483,10.42126392,2.549908424,11.75360182,11.64112665,11.81364362,11.77122877,23.51936031,22.25201532,23.47998293,23.42531213,2.474685356,3.600823712,2.727554523,2.436011914,0.388468285
18,S19S_0026,40.03497,-105.54393,Colorado,CO,14.1399,0.0,0.0,0.0,0.0,0.0,68.08885494,0.0,0.0,0.0,0.0,0.0,2988.469841,0.0,0.0,0.0,0,0,0,0.0,0.0,0.0,0,0.0,0.0,0.0,0,0.0,0.0,0.0,0.0,0.0,0.0,0.0,0.0,0.0,0.006364967,0.0,0.0,0.050919738,13.15792721,4.233395132,5.684227592,2.553178426,1.765708517,2.077642789,0.129182165,0.065448929,62.12664176,0.23614132,0.100277133,94.76726845,0.371013939,0.0,0.21910254,0.0,0.0,0.0,0,0.0,0.0,0.0,0.0,0.0,0.0,0,28.52778308,0.0,0,0.0,0,71.47221692,0.0,0.0,0.0,0.0,0.0,2.376344667,1.522241578,5.304765205,224.9553572,0.031824836,73.80815989,0.0,4.818280186,11.76245942,0.0,0.0,3.437082299,0.0,0.0,3.882630004,0.0,0.471007574,0.0,0.840175673,0.948380116,0.031824836,73.80815989,0.0,4.818280186,11.76245942,0.0,0.0,3.437082299,0.0,0.0,3.882630004,0.0,0.471007574,0.0,0.840175673,0.948380116,1.584876838,0.0,704.2986553,758.5843989,2.744275279,3.007321489,792.9476943,8.725757692,2.451116995,-3.827145034,6.392240692,6.389263619,6.392240692,6.360471086,11.80402462,11.41375574,11.76023928,11.39210053,0.781697631,1.29476026,0.808820992,0.84793398,0.672565882
19,S19S_0027,39.89071,-105.91164,Colorado,CO,7.8138,0.0,0.0,0.0,0.0,0.0,63.80188897,0.199075501,0.0,0.0,0.0,0.0,3099.53471,0.0,0.0,0.0,0,0,0,0.0,0.0,0.0,0,0.0,0.0,0.0,0,0.184289334,0.0,0.230361668,0.103662751,0.149735084,0.0691085,4.814558857,0.875374338,0.011518083,0.322506335,0.0691085,0.241879751,0.0691085,13.38649957,4.038354755,5.314829886,2.741564979,1.68320688,2.271713402,0.128267395,0.057815486,62.89968454,0.18654387,0.091849525,106.4988452,0.154111956,0.0,0.199922829,0.0,0.0,0.0,0,0.0,0.0,0.0,0.0,0.0,0.0,0,22.51785303,0.0,0,0.0,0,77.48214697,0.0,0.0,0.0,0.0,0.0,2.902710698,1.816134111,6.623661245,281.3530199,0.218843584,95.64616448,0.0,0.0,2.292098595,0.0,0.0,1.370651924,0.0,0.0,0.0,0.0,0.0,0.0,0.380096752,0.092144667,0.218843584,92.45565538,0.0,0.0,2.292098595,0.0,0.0,1.370651924,0.0,0.0,3.190509099,0.0,0.0,0.0,0.380096752,0.092144667,0.380096752,0.0,695.4469428,561.0646638,1.37417286,1.894329335,637.4772755,8.33597928,1.762236995,-4.816804558,,7.122619914,7.122619914,7.126638618,10.69336405,10.49269219,10.7662822,10.50755817,0.842492495,0.824729731,0.837148238,0.814275906,1.589469878
20,S19S_0028,33.750837,-111.508141,Arizona,AZ,0.8658,0.0,0.0,0.0,0.0,0.0,28.0,0.0,0.0,0.0,0.0,0.0,681.1898649,0.0,0.0,0.0,0,0,0,0.0,0.0,0.0,0,0.0,0.0,0.0,0,0.0,0.0,0.0,0.0,0.0,0.0,0.0,0.0,0.0,0.0,0.0,0.0,0.0,14.9607338,6.83610972,7.96669747,2.088211858,4.331916122,3.292894275,0.314544537,0.052397367,55.65748482,0.017172182,5.792215971,116.5821256,0.51039501,0.0,0.26,0.0,0.0,0.0,0,0.0,0.0,0.0,0.0,0.0,0.0,0,0.0,0.0,0,0.0,0,100.0,0.0,0.0,0.0,0.0,0.0,1.680599872,1.043931124,3.86271742,169.1786264,0.0,0.0,0.0,0.0,0.0,0.0,0.0,0.0,0.0,0.0,91.06029106,0.0,0.0,0.0,5.717255717,3.222453222,0.0,0.0,0.0,0.0,0.0,0.0,0.0,0.0,0.0,0.0,91.06029106,0.0,1.03950104,0.0,4.677754678,3.222453222,34.0956341,0.0,407.4959925,170.1064111,20.45958182,20.8550173,403.7834959,28.2195658,20.74267706,13.26157679,16.11533297,16.1204736,16.11533297,16.12969979,23.6871041,23.67976313,23.68597345,23.68574673,6.145073266,6.46310489,6.136289832,6.494070169,1.85632825
22,S19S_0031,44.2605576,-122.1642723,Oregon,OR,8.2719,0.0,0.0,0.0,0.0,0.0,64.26895876,0.0,0.0,0.0,0.0,0.0,1131.584677,0.0,0.0,0.0,0,0,0,0.0,0.0,0.0,0,0.0,0.0,0.0,0,0.0,0.0,0.0,0.0,0.0,0.0,0.0,0.0,0.0,0.0,0.0,0.0,0.0,15.63125539,7.471013045,8.393856307,1.419513811,4.278076622,3.178733504,0.30122636,0.016311917,55.50219475,0.008224434,0.210799495,100.6135797,0.020454793,0.0,0.227265804,0.0,0.0,0.0,0,0.0,0.0,0.0,0.0,0.0,0.0,0,0.0,0.0,0,14.69916222,0,85.30083778,0.0,0.0,0.0,0.0,0.0,0.834327125,0.463734384,2.11952836,140.1528242,0.0,93.25427048,0.0,0.0,0.0,0.0,0.0,0.0,0.0,0.0,6.745729518,0.0,0.0,0.0,0.0,0.0,0.0,93.70035905,0.0,0.0,0.0,0.0,0.0,0.0,0.0,0.0,6.299640953,0.0,0.0,0.0,0.0,0.0,0.0,0.0,2317.870691,1914.673196,8.170253522,8.861222795,2254.05851,13.47905047,8.160919859,2.837239129,7.761078519,7.888440865,7.967671484,8.951933553,12.48984988,12.98616206,12.56076069,12.96348755,3.315582565,3.925357527,3.854890513,4.207347426,1.153338426
23,S19S_0032,36.95497,-119.02375,California,CA,3.0492,0.0,0.0,0.0,0.0,0.0,72.39669421,0.0,0.0,0.0,0.0,0.0,2308.263819,0.0,0.0,0.0,0,0,0,0.0,0.0,0.0,0,0.0,0.0,0.0,0,0.0,0.0,0.0,0.0,0.0,0.0,0.0,0.0,0.0,0.118063754,0.0,0.0,0.0,13.10538537,2.899001427,4.922953248,2.587303744,2.057108676,2.048696973,0.130825493,0.040900121,64.46737511,0.027544153,0.118094308,130.6451278,0.003541913,0.0,0.204152893,0.0,0.0,0.0,0,0.0,0.0,0.0,0.0,0.0,0.0,0,0.0,0.0,0,0.0,0,100.0,0.0,0.0,0.0,0.0,0.0,2.003565112,1.482355876,3.785001773,188.5074721,0.0,96.45808737,0.0,0.0,0.0,0.0,0.0,0.0,0.0,0.0,3.541912633,0.0,0.0,0.0,0.0,0.0,0.0,96.45808737,0.0,0.0,0.0,0.0,0.0,0.0,0.0,0.0,3.541912633,0.0,0.0,0.0,0.0,0.0,0.0,0.0,963.7967633,1065.586076,9.382051767,9.433500296,1204.211754,13.58606256,8.411040159,3.230855407,8.416605068,8.426221034,8.472657547,9.116724811,13.74900056,13.71662584,13.67452599,13.64715851,2.687451725,3.405702128,2.727039331,4.698417795,0.604013963
25,S19S_0034,35.868,-106.5233,New Mexico,NM,1.8153,0.0,0.0,0.0,0.0,0.0,60.0,0.0,0.0,0.0,0.0,0.0,2714.504204,0.0,0.0,0.0,0,0,0,0.0,0.0,0.0,0,0.0,0.0,0.0,0,0.0,0.0,0.0,0.198314328,0.0,0.0,0.0,0.0,0.0,0.0,0.0,0.0,12.29548835,13.55892998,1.384951902,8.77909047,2.972729871,1.030760862,2.287866887,0.147041499,0.028540844,62.05931029,0.159636486,3.451440861,12.31906591,0.0,0.0,0.370981656,38.22508676,61.77491324,0.0,0,0.0,0.0,0.0,0.0,0.0,0.0,0,0.0,0.0,0,0.0,0,0.0,0.0,0.0,0.0,0.0,0.0,2.390888575,1.410400403,5.735422718,245.8521418,0.0,47.34754586,0.0,0.0,41.19980169,0.0,11.45265245,0.0,0.0,0.0,0.0,0.0,0.0,0.0,0.0,0.0,0.0,47.34754586,0.0,0.0,41.19980169,0.0,11.45265245,0.0,0.0,0.0,0.0,0.0,0.0,0.0,0.0,0.0,19.83143282,0.0,708.492494,632.964699,4.113160694,4.488527114,689.8899868,12.18406691,4.725688693,-2.735130627,7.618728465,7.615496226,7.613242405,7.613689585,12.00701472,12.18790403,12.21937804,12.18004628,2.828532588,3.273292561,2.827591237,3.381546575,1.500855761
26,S19S_0035,32.327329,-110.759543,Arizona,AZ,1.1016,0.0,0.0,0.0,0.0,0.0,10.0,0.0,0.0,0.0,0.0,0.0,1370.094338,0.0,0.0,0.0,0,0,0,94.93464052,0.0,0.0,0,0.0,0.0,0.0,0,0.0,0.0,0.0,0.0,0.0,0.0,0.0,0.0,0.0,0.0,0.0,0.0,0.0,13.66558743,4.989492893,6.554143906,2.075143099,2.849329948,2.430875063,0.138628006,0.035744,60.26811981,0.018835001,11.2496748,125.8915176,0.0,0.0,0.18,0.0,0.0,0.0,0,0.0,0.0,0.0,0.0,0.0,0.0,0,0.0,0.0,0,0.0,0,100.0,0.0,0.0,0.0,0.0,0.0,1.793646826,1.133431111,4.05607295,181.8295003,0.0,14.95098039,0.0,0.0,0.0,0.0,0.0,0.0,0.0,0.0,85.04901961,0.0,0.0,0.0,0.0,0.0,0.0,14.95098039,0.0,0.0,0.0,0.0,0.0,0.0,0.0,0.0,85.04901961,0.0,0.0,0.0,0.0,0.0,2.777777778,0.0,425.967804,245.9745789,16.948946,17.7325592,476.8650446,24.50074313,17.14536671,9.787570079,15.22685077,15.31619819,15.26068987,15.3266715,19.33964862,20.80873685,19.80276631,19.42859243,5.722011685,6.0261429,5.360691006,6.255876032,0.0
29,S19S_0038,39.8595761,-75.784143,Pennsylvania,PA,3.4659,10.30901065,0.259672812,14.17813555,89.79485848,8.861334718,58.80498572,0.0,0.0,0.0,0.0,0.0,118.0393171,0.0,0.0,0.0,0,0,0,0.0,0.0,0.0,0,0.0,0.0,0.0,0,0.0,0.0,0.0,0.0,0.0,0.0,0.0,0.0,0.0,0.0,0.0,0.0,0.025967281,9.158539506,10.12116537,3.322230171,1.804135248,1.694929196,1.576924757,0.103753152,0.060661693,55.31162922,0.005922186,0.08029888,157.0151334,0.564009348,0.189041807,0.32,0.0,0.0,0.0,0,0.0,0.0,0.0,0.0,0.0,0.0,0,0.0,0.0,0,1.012723968,0,98.98727603,0.0,0.0,0.0,0.0,0.0,5.101313292,3.603559235,10.22113328,684.1203228,0.0,0.181770969,26.53856141,26.98000519,0.0,32.53700338,0.0,0.0,0.649182031,0.0,4.154764996,0.0,0.363541937,0.129836406,6.258114775,2.207218904,0.0,0.155803687,30.61542457,23.86393145,0.0,28.46014022,0.311607375,0.0,0.467411062,0.0,3.81719034,0.0,0.493378343,0.051934562,6.3619839,5.401194495,76.2139704,77.85758604,1118.426567,1356.474258,11.31989748,10.97043717,1189.475404,17.1859133,11.61251724,6.03215999,11.39390634,11.2573998,11.38480234,10.70889821,18.52590559,18.36464022,18.50805577,18.44362344,4.375418613,3.858091823,4.34970648,3.224656019,1.649735872
30,S19S_0039,35.966243,-84.357361,Tennessee,TN,5.1669,0.923184114,0.104511409,0.283748476,0.535969343,0.157638042,42.50966731,0.0,0.0,0.0,0.0,0.0,270.8988138,0.0,0.0,0.0,0,0,0,0.0,0.0,0.0,0,0.0,0.0,0.0,0,0.052255705,0.226441387,0.0,0.0,0.017418568,0.905765546,3.535969343,0.0,0.0,0.923184114,0.0,0.017418568,0.0,3.419489844,28.3644439,1.598206548,1.119288197,5.024171109,0.292709811,0.158676167,0.163546836,25.92459913,0.047636374,0.045248528,98.92936927,1.012715555,0.010128897,0.330822156,0.0,0.0,3.692736457,0,2.003135342,0.0,0.0,0.0,0.0,0.0,0,0.0,0.0,0,94.3041282,0,0.0,0.0,0.0,0.0,0.0,0.0,3.465187406,2.042376211,8.346935724,613.0300314,0.435464205,9.527956802,0.0,56.59292806,5.904894618,3.152760843,0.0,0.0,9.858909598,0.313534228,0.0,0.0,1.428322592,0.418045637,3.919177844,8.448005574,0.714161296,9.423445393,0.0,56.47099808,5.277826163,3.152760843,0.174185682,0.0,9.858909598,0.313534228,0.57481275,0.0,1.323811183,2.194739592,2.246995297,8.273819892,8.204145619,0.433789124,1206.077854,1630.814357,14.43485496,14.31431391,1333.442095,20.51706163,14.42092762,8.319335403,15.25519203,15.20535659,15.17609046,15.05295668,22.05581182,21.54541945,21.59112443,21.55428271,5.086742022,4.818651719,6.298188218,4.56647751,1.517745456
32,S19S_0041,44.300082,-120.85829,Oregon,OR,36.5292,0.022174042,0.0,4.446683749,6.012417463,0.062629349,79.01357544,0.214569645,0.0,0.0,0.0,0.0,973.1294639,0.0,0.0,0.0,0,0,0,0.0,0.0,0.0,0,0.0,0.0,0.0,0,0.002463782,0.019710259,0.007391347,0.0,0.002463782,0.007391347,0.0,0.002463782,0.0,0.0,0.0,0.0,0.0,13.79996693,6.906823893,10.07911231,1.21872777,4.784069787,2.361121097,0.283878643,0.069822653,52.85239193,0.077171226,24.4444272,136.4102301,4.43399527,0.02065241,0.253983197,0.0,21.52360304,0.0,0,0.0,0.0,0.0,78.32610624,0.0,0.0,0,0.0,0.0,0,0.0,0,0.150290726,0.0,0.0,0.0,0.0,0.0,0.184101621,0.125493275,0.384475423,21.32364434,0.364639795,0.145363162,6.262934858,0.0,0.066522125,0.0,0.0,0.0,0.0,0.785946585,76.03478861,0.470582438,8.33990342,1.024933478,6.504385533,0.0,0.364639795,0.145363162,6.206267862,0.0,0.443480832,0.0,0.0,0.0,0.0,0.771163891,75.11087021,0.643047206,8.130481916,1.515226175,6.669458953,0.0,26.42899379,7.976639872,175.2700614,227.159368,8.177019895,8.559229999,269.7525068,16.25483976,8.505337537,0.750202619,9.89306062,9.963872055,9.97893437,10.31974056,19.31332404,19.78006331,20.41282199,20.22381472,2.886598399,3.387939746,2.983917067,3.172577849,2.263133175
34,S19S_0043,43.145025,-89.472134,Wisconsin,WI,7.7697,3.845708329,0.046333835,21.01181513,36.95181281,7.245453492,55.59689563,0.0,0.0,0.0,0.0,0.0,273.0980806,0.0,0.0,0.128705098,0,0,0,0.0,0.0,0.0,0,0.0,0.0,0.0,0,0.0,0.0,0.0,0.0,0.0,0.0,0.0,0.0,0.0,0.0,0.034750376,0.034750376,0.0,6.25655508,7.251756191,2.195024014,1.369323015,4.96425581,0.546854973,0.135747001,0.158334002,59.31794357,0.037027001,0.290381014,93.56692505,1.75941156,0.224392448,0.309742847,0.0,0.0,0.0,0,0.0,0.0,0.0,0.0,0.0,0.0,0,0.0,100.0,0,0.0,0,0.0,0.0,0.0,0.0,0.0,0.0,6.401810301,4.792384942,11.90222736,713.8203226,0.509672188,0.0,53.9789181,5.606394069,0.231669176,18.47561682,8.733927951,0.0,0.0,0.254836094,1.100428588,0.254836094,3.289702305,0.243252635,5.89598054,1.424765435,0.324336847,0.0,53.51557975,5.872813622,0.231669176,18.53353411,8.421174563,0.0,0.0,0.254836094,1.100428588,0.370670682,4.019460211,0.949843623,4.980887293,1.424765435,87.35086297,111.5325968,1176.983884,987.9146896,6.974290886,7.277382029,896.8515085,13.48049368,8.029269229,2.571743731,9.59219498,9.648650406,9.622546362,9.532155566,19.91511166,17.49504357,20.20219461,19.56697622,2.429731214,2.430587484,2.487487329,2.468725285,1.911411433
35,S19S_0044,33.130796,-79.810168,South Carolina,SC,1.8765,0.0,0.0,0.0,0.0,0.0,66.0,0.0,0.0,0.0,0.0,0.0,3.981213429,0.0,0.0,0.0,0,0,0,0.0,0.0,0.0,0,0.0,0.0,0.0,0,0.0,0.0,0.0,0.0,0.0,0.0,0.143884892,0.0,0.0,0.0,0.0,0.0,0.0,14.0216217,0.665000022,4.204999924,2.408235073,1.25999999,1.185989022,0.135000005,0.02925,65.125,0.810000002,8.01670742,0.644833028,0.203357314,0.0,0.17,0.0,100.0,0.0,0,0.0,0.0,0.0,0.0,0.0,0.0,0,0.0,0.0,0,0.0,0,0.0,0.0,0.0,0.0,0.0,0.0,2.546274662,1.400358796,6.481455326,437.3417053,2.73381295,14.86810552,0.0,0.431654676,0.431654676,0.0,5.803357314,0.0,0.863309353,1.918465228,6.043165468,0.0,0.0,0.0,3.165467626,63.74100719,0.0,15.1558753,0.0,0.431654676,0.0,0.0,5.51558753,0.0,0.863309353,1.918465228,5.179856115,0.0,0.0,0.0,3.165467626,67.76978417,16.4028777,2.607780143,1474.217846,1399.271594,18.33979028,17.87121439,1200.590644,24.2943128,18.099798,11.90160511,17.68457375,17.48996237,17.59378923,17.48996237,22.05440046,21.99884195,21.90861937,22.05499342,10.42426343,9.895988593,10.43757319,9.897476793,3.234999251
36,S19S_0052,42.13247,-74.69548,New York,NY,6.7374,7.37376436,1.923590703,0.835559712,1.021239647,0.742719744,44.05396741,0.0,0.0,0.0,0.0,0.0,537.1797742,0.0,0.0,0.0,0,0,0,0.0,0.0,0.0,0,0.0,0.0,0.0,0,0.0,0.0,0.0,0.0,0.0,0.013358269,0.0,0.0,0.0,0.026716538,0.0,0.013358269,0.0,7.923560143,1.983332992,2.375,1.626667023,1.269999981,0.608332992,0.173333004,0.25,68.5,0.024867,0.155530006,85.6822052,0.402885386,0.029995993,0.325635854,0.0,0.0,0.0,0,0.0,0.0,0.0,0.0,0.0,0.0,0,0.0,100.0,0,0.0,0,0.0,0.0,0.0,0.0,0.0,0.0,4.136536189,2.162193993,10.90016732,565.978019,0.0,15.0146941,2.003740315,56.65241785,0.0,7.280256479,0.267165375,0.0,12.276249,0.013358269,0.0,0.0,0.520972482,0.0,4.795618488,1.175527652,0.0,15.96313118,2.003740315,56.25166978,0.0,7.26689821,0.267165375,0.0,11.4613946,0.013358269,0.080149613,0.0,0.681271707,0.0,4.8757681,1.135452845,17.92679669,13.66108213,1366.290649,1119.316118,6.790733716,6.431820649,1081.156673,12.95356996,6.780216146,0.603772979,9.8581374,9.821621015,9.840811087,9.791499815,17.512453,17.46864618,17.5856378,17.28371796,1.996039134,2.013529903,2.002244388,1.941899918,2.054279711
37,S19S_0053,41.869583,-72.796767,Connecticut,CT,5.6331,0.687010705,0.095861959,0.587953347,3.968685093,0.0,50.26921233,0.0,0.0,0.0,0.0,0.0,90.67425467,0.177522146,0.0,0.0,0,0,0,0.0,0.0,0.0,0,0.0,0.0,0.0,0,0.495286787,0.223677904,0.0,0.015976993,0.143792938,0.0,0.047930979,0.0,0.0,0.0,0.25563189,0.079884966,0.0,9.178901335,1.800685041,2.513314604,2.508038925,1.23458911,0.726082805,0.121476637,0.055486142,71.09162321,0.054986334,0.118671873,113.3905083,5.683335996,0.018357565,0.255660649,0.0,0.0,0.0,0,0.0,0.0,0.0,0.0,20.77009107,0.0,0,79.22990893,0.0,0,0.0,0,0.0,0.0,0.0,0.0,0.0,0.0,4.919731595,2.540904129,13.07646866,710.3636475,0.0,12.76561751,2.827927784,33.61559355,0.095861959,4.521489056,0.495286787,0.0,5.719763541,5.080683815,4.313788145,0.383447835,6.550567183,3.962294296,9.905735741,9.761942802,0.0,12.46205464,2.843904777,30.29237897,0.095861959,3.291260585,1.118389519,0.0,5.799648506,5.336315705,3.147467647,0.575171753,6.454705224,4.361719124,10.60872344,13.61239815,32.01789423,9.255442284,1642.980884,1274.420175,10.12750799,9.600313287,1206.744948,15.55349702,9.852237588,4.145970392,10.76674166,10.65314638,10.80616773,10.65250247,22.38128604,22.38309059,23.46768291,22.43849846,1.291923715,0.922855092,1.19540295,0.907671926,3.356166837
38,S19S_0054,37.5728,-77.02396,Virginia,VA,3.5253,0.051059484,0.0,10.63043478,18.50483092,0.0,50.94152971,0.0,0.0,0.0,0.0,0.0,2.438389073,0.0,0.0,0.0,0,0,0,0.0,0.0,0.0,0,0.0,0.0,0.0,0,0.0,0.0,0.0,0.0,0.0,0.0,0.0,0.0,0.0,0.0,0.0,0.0,0.0,10.87188571,0.902966565,6.470819645,2.271516331,0.915873076,1.675953181,0.127161364,0.026307801,70.21838993,0.572315986,10.78646115,1.327806011,0.131478172,0.05279806,0.123443962,0.0,100.0,0.0,0,0.0,0.0,0.0,0.0,0.0,0.0,0,0.0,0.0,0,0.0,0,0.0,0.0,0.0,0.0,0.0,0.0,3.852176007,2.412480838,8.781290976,559.3509689,0.0,0.765892265,20.44932346,0.893540975,0.382946132,6.89303038,8.399285167,0.0,0.0,28.23589482,0.459535359,0.0,0.0,0.0,4.467704876,29.05284657,0.0,0.561654327,20.29614501,0.765892265,0.459535359,6.89303038,7.990809293,0.0,0.35741639,28.23589482,0.868011233,0.0,0.0,0.0,4.467704876,29.10390605,32.01429666,77.46366153,1106.554587,1330.941465,15.3204728,14.98047676,1136.562119,21.14800424,14.95572583,8.758587937,15.09130149,14.90457304,14.94932131,14.61326934,24.57345407,24.62389946,24.56740857,24.56418477,4.96672289,3.796136687,4.793695851,3.431256198,1.697979396
39,S19S_0055,46.7322206,-117.180384,Washington,WA,22.3569,33.98413912,3.345275955,1.456141057,32.76317379,0.0,44.95169277,0.0,0.0,0.0,0.0,0.0,788.9022068,0.0,0.0,0.04472892,0,0,0,0.0,0.0,0.0,0,0.0,0.0,0.0,0,0.0,0.004025603,0.0,0.0,0.0,0.0,0.0,0.008051206,0.0,0.0,0.0,0.0,0.0,11.79860754,4.500462563,9.618531333,2.000556853,1.725881457,1.555783107,0.14826569,0.018380475,61.24070492,0.136639104,37.67290722,21.02909383,9.422446761,0.241089328,0.335091583,0.0,0.0,0.0,0,0.0,0.0,87.88293547,0.0,0.0,0.0,0,0.0,0.0,0,0.0,0,12.11706453,0.0,0.0,0.0,0.0,0.0,1.17014713,0.942736053,1.946292321,108.8977174,0.0,0.217382553,72.80705286,0.0,0.0,0.0,0.020128014,0.0,0.0,0.0,0.068435248,0.83732539,9.923110986,7.358801981,8.767762973,0.0,0.0,0.217382553,71.94154825,0.0,0.0,0.0,0.020128014,0.0,0.0,0.0,0.068435248,1.151322411,10.00764865,8.345074675,8.248460207,0.0,99.93559035,78.57933908,479.3542542,570.5356377,8.257242878,8.372336101,515.4781072,14.53815394,8.546493325,2.550373984,10.47778163,10.49036323,10.52207812,10.79640593,19.0610763,19.72918661,19.95916088,21.06804517,2.331850497,2.603810777,2.430034248,2.209942074,4.096168583
40,S19S_0059,48.16859001,-117.3903992,Washington,WA,5.5053,0.0,0.0,0.0,0.0,0.0,79.0,0.0,0.0,0.0,0.0,0.0,1029.539688,0.0,0.0,0.0,0,0,0,0.0,0.0,0.0,0,0.0,0.0,0.0,0,8.680725846,0.065391532,0.0,0.0,0.604871669,5.182278895,0.196174595,4.773581821,2.746444335,0.016347883,0.376001308,0.0,0.0,15.15436459,2.97678709,3.986780882,3.505577087,1.406504989,3.437015057,0.13594,0.030636,67.09414673,0.005664,0.033108,163.6329651,0.112636914,0.0,0.283614517,0.0,0.0,0.0,0,0.0,0.0,0.0,0.0,0.0,0.0,0,0.0,0.0,0,0.0,0,100.0,0.0,0.0,0.0,0.0,0.0,1.33872633,1.022054567,2.417088916,133.1453917,0.0,76.90044139,0.0,0.228870361,0.326957659,0.0,0.0,0.0,0.0,0.0,21.59555338,0.0,0.0,0.0,0.0,0.948177211,0.0,68.36684649,0.0,0.228870361,8.026810528,0.0,0.0,0.0,0.0,0.0,22.42929541,0.0,0.0,0.0,0.0,0.948177211,0.016347883,0.039751471,673.8398793,646.1101618,5.866663833,6.09456127,730.1244531,12.17808514,6.561168398,0.938038063,7.050407353,7.057338859,7.08640223,7.085740656,12.13179958,12.50314657,12.76894382,13.1608144,1.500973603,1.502545439,1.706292179,1.493654239,0.71415445
41,S19S_0060,46.2530248,-119.4772256,Washington,WA,6.2613,8.480666954,0.359350295,1.054764985,15.82147477,0.0,41.0,0.45370316,0.0,0.0,0.0,0.0,270.3811212,0.0,0.0,0.0,0,0,0,0.0,0.0,0.0,0,60.68707776,0.0,0.0,0,0.0,0.043122035,0.0,0.330602271,0.0,0.503090413,0.0,0.014374012,0.043122035,0.15811413,0.2443582,0.086244071,0.0,11.85393173,6.306962014,7.401462073,1.789282945,3.158067981,2.104277162,0.233881104,0.12262729,61.94118982,0.40583563,28.55889944,60.54110272,3.924823918,0.094566624,0.51839586,0.0,0.0,0.0,0,0.0,0.0,1.969239615,0.0,74.42863303,0.0,0,0.0,0.0,0,0.0,0,23.60212735,0.0,0.0,0.0,0.0,0.0,0.228708896,0.164844685,0.445383637,24.13634411,0.0,0.0,3.981601265,0.086244071,0.172488141,13.59781515,0.100618083,0.0,0.0,1.581141297,62.26821906,0.0,6.770159552,1.106798908,10.33491447,0.0,0.0,0.0,3.981601265,0.086244071,0.172488141,13.59781515,0.100618083,0.0,0.0,1.581141297,62.26821906,0.0,6.985769728,1.221791002,10.0043122,0.0,77.30343539,32.28518545,165.5728232,187.122755,10.93135252,11.09911433,224.4289309,18.05031553,11.60208658,5.147518646,9.625667045,9.779557076,9.957567017,10.0197466,21.12302744,21.01939206,21.16160131,21.12107898,3.740135352,3.542758913,3.728467477,3.580824411,3.297591583
42,S19S_0061,43.1091,-89.6403,Wisconsin,WI,0.4932,1.094890511,0.364963504,6.297445255,11.07481752,2.171532847,61.23905109,0.0,0.0,0.0,0.0,0.0,279.7532847,0.0,0.0,0.0,0,0,0,0.0,0.0,0.0,0,0.0,0.0,0.0,0,0.0,0.0,0.0,0.0,0.0,0.0,0.0,0.0,0.0,0.0,0.0,0.0,0.0,6.209406129,7.428820217,2.183017297,1.359661496,5.080935962,0.543059017,0.135120446,0.158345958,58.85243423,0.037534549,0.288206956,93.8666481,10.99087591,0.067317518,0.310091241,0.0,0.0,0.0,0,88.50364964,0.0,0.0,0.0,0.0,0.0,0,0.0,11.49635037,0,0.0,0,0.0,0.0,0.0,0.0,0.0,0.0,6.227776962,4.670570965,11.54843779,691.0499998,0.0,0.0,16.60583942,29.19708029,3.649635036,5.109489051,1.277372263,0.0,0.0,0.0,8.394160584,1.094890511,11.67883212,8.576642336,14.41605839,0.0,0.0,0.0,16.60583942,29.01459854,3.649635037,5.109489051,1.277372263,0.0,0.0,0.0,8.394160584,1.094890511,11.67883212,8.759124088,14.41605839,0.0,66.24087591,47.71402342,1169.528198,928.8233032,6.895615101,7.159580231,905.3036023,13.53798225,7.97466452,2.403906361,9.080196707,9.107772645,9.114577304,9.042908276,17.5041506,15.85538231,17.80013468,17.43133177,3.566958657,3.566958657,3.604649295,3.579300048,5.02985594
43,S19S_0062,38.544778,-106.950056,Colorado,CO,2.4075,0.0,0.0,1.921495327,1.248971963,0.192149533,71.0,0.0,0.0,0.0,0.0,0.0,2360.704086,0.0,0.0,0.0,0,0,0,0.0,0.0,0.0,0,0.0,0.0,0.0,0,0.0,0.0,0.0,0.037383178,0.0,0.0,0.074766355,0.0,0.0,0.0,0.0,0.0,0.0,12.33625382,2.74403715,9.880578276,2.249543866,1.559506702,1.407880354,0.16774217,0.182829392,57.20945453,0.210630257,11.6940625,21.61413999,13.25420561,0.02882243,0.305214953,0.0,98.87850467,0.0,0,0.0,0.0,0.0,0.0,0.0,0.0,0,0.0,0.0,0,0.0,0,1.121495327,0.0,0.0,0.0,0.0,0.0,0.648391304,0.341685638,1.700081208,67.83993356,0.0,3.85046729,0.0,7.177570093,0.0,9.607476636,0.0,0.0,0.0,0.0,42.80373832,0.0,16.52336449,9.158878505,10.87850467,0.0,0.0,3.514018692,0.0,6.392523364,0.0,7.252336449,0.0,0.0,0.0,0.0,42.24299065,0.448598131,17.86915888,10.87850467,11.40186916,0.0,49.68224299,0.210526653,307.9942679,218.5111279,2.033241809,2.786571707,266.6664273,12.92230496,3.85551175,-5.21351496,6.980108203,7.120433863,7.120433863,7.292092792,15.74564113,15.52464468,15.80575926,15.72790791,,0.973600671,,0.969626894,11.15164745
45,S19S_0064,40.61507,-78.00688,Pennsylvania,PA,3.3363,22.95656865,4.882654438,14.15915835,13.1103318,9.439438899,50.21931481,0.0,0.0,0.0,0.0,0.0,295.9446372,0.0,0.0,0.0,0,0,0,0.0,0.0,0.0,0,0.0,0.0,0.0,0,0.0,0.0,0.0,0.053951983,0.0,0.0,0.0,0.0,0.0,0.026975991,0.0,0.0,0.0,5.035936287,25.25055527,2.037924209,1.045476417,3.03481805,0.467453191,0.223883394,0.304152334,32.2826393,0.051925727,0.03141862,85.8740972,0.643916914,0.161278662,0.307329377,0.0,0.0,0.0,0,100.0,0.0,0.0,0.0,0.0,0.0,0,0.0,0.0,0,0.0,0,0.0,0.0,0.0,0.0,0.0,0.0,4.991711837,2.767713826,12.60125583,721.7436444,0.0,0.269759914,20.07013758,42.29835446,0.0,32.37118964,0.0,0.0,0.18883194,0.0,0.0,0.0,0.755327758,0.0,4.046398705,0.0,0.0,0.269759914,20.07013758,42.29835446,0.0,32.37118964,0.0,0.0,0.18883194,0.0,0.0,0.0,0.755327758,0.0,4.046398705,0.0,58.21418937,54.87603584,1078.028508,971.1919457,9.39799343,9.098943265,1021.599911,15.77527797,9.877501485,3.972680524,9.833727876,9.756216431,10.12752584,9.76775728,20.06497303,19.51182553,20.82208936,19.97810666,2.43429992,2.200505578,2.47820281,2.138006903,1.734208429
46,S19S_0065,38.509635,-122.8834,California,CA,2.3481,0.191644308,0.0,3.325412035,34.45496359,3.325412035,35.50747413,0.0,0.0,0.0,0.0,0.0,48.33957455,0.0,0.0,0.0,0,0,0,0.0,0.0,0.0,0,0.0,0.0,0.0,0,0.383288616,0.076657723,0.0,0.0,0.153315447,0.651590648,0.0,0.0,0.114986585,0.0,0.0,0.076657723,0.0,10.68023054,2.478840781,21.76201259,1.60638551,1.725228585,1.096294357,0.146573824,0.096207981,40.21885646,0.643283075,98.0685819,35.6698714,0.588348026,0.031847451,0.340954389,0.0,66.61556152,0.0,0,0.0,0.0,0.0,0.0,0.0,0.0,0,0.0,0.0,0,0.0,0,33.38443848,0.0,0.0,0.0,0.0,0.0,1.051584164,0.768136823,2.019290798,102.7154415,0.728248371,35.83748563,9.237255654,5.289382905,15.59984668,0.0,0.306630893,0.0,8.547336144,4.177845918,13.64507474,0.0,0.498275201,0.0,4.331161365,1.801456497,0.843234956,35.53085473,9.3905711,5.212725182,16.25143733,0.0,0.0,0.0,9.237255654,3.98620161,13.41510157,0.0,0.728248371,0.0,4.101188195,1.303181296,17.01801456,957.0203711,797.1937256,789.432312,14.47564411,14.316679,1092.317464,21.76502893,14.54049973,7.309630056,14.85880976,14.81424448,14.86115723,15.42724198,21.15944957,20.46919356,19.83898591,21.08348032,7.552660721,7.840041857,7.558022225,8.268045622,0.83878122
49,S19S_0068,44.207269,-122.257915,Oregon,OR,7.1451,0.0,0.0,0.0,0.0,0.0,59.11726918,0.0,0.0,0.0,0.0,0.0,648.075604,0.0,0.0,0.0,0,0,0,0.0,0.0,0.0,0,0.0,0.0,0.0,0,0.0,0.0,0.0,0.012596045,0.0,0.0,0.0,0.0,0.088172314,0.0,0.0,0.0,0.0,15.59388881,7.501483068,8.450342964,1.387809025,4.415694365,3.146755557,0.298576543,0.018732549,55.30157711,0.009867091,0.248086181,105.6573495,0.029852626,0.0,0.249856405,0.0,0.0,0.0,0,0.0,0.0,0.0,0.0,0.0,0.0,0,0.0,0.0,0,96.30935886,0,3.690641139,0.0,0.0,0.0,0.0,0.0,0.85127977,0.46082789,2.206327029,146.2676748,0.0,97.21627409,0.0,0.0,0.239324852,0.0,0.0,0.0,0.138556493,0.0,2.405844565,0.0,0.0,0.0,0.0,0.0,0.0,97.41781081,0.0,0.0,0.264516942,0.0,0.0,0.0,0.138556493,0.0,2.179115758,0.0,0.0,0.0,0.0,0.0,0.0,0.003495136,2240.940313,1842.106834,9.059071953,9.689190611,2036.210838,15.43202422,9.691539382,3.944618878,8.22319918,8.684510823,8.830930495,9.957201611,14.62962053,15.62368009,14.73444401,15.92656245,3.75673179,3.996124708,3.95669819,4.22905775,2.015189525
50,S19S_0069,39.362343,-123.734848,California,CA,5.3622,0.0,0.0,0.0,0.0,0.0,29.22977509,0.0,0.0,0.0,0.0,0.0,206.7838906,0.0,0.0,0.0,0,0,0,0.0,0.0,0.0,0,0.0,0.0,0.0,0,0.55387714,2.21550856,0.0,0.0,0.0,0.0,0.0,0.0,0.0,0.0,0.0,0.050352467,0.0,10.04606247,3.212394953,3.977801085,1.852643013,1.952690005,0.92722702,0.153222993,0.049683999,66.96800995,0.040792,0.206999004,81.15462494,0.111950319,0.0,0.34,0.0,0.0,0.0,0,0.0,0.0,0.0,0.0,0.0,0.0,0,0.0,0.0,0,100.0,0,0.0,0.0,0.0,0.0,0.0,0.0,1.105572484,0.798347004,2.154968871,110.1210655,0.0,85.5824102,0.0,2.484055052,0.335683115,0.0,0.0,0.0,5.840886203,0.0,0.251762336,0.0,0.0,0.0,5.505203088,0.0,0.0,85.5824102,0.0,2.450486741,0.083920779,0.0,0.0,0.0,5.874454515,0.0,0.503524673,0.0,0.0,0.0,5.505203088,0.0,5.505203088,0.0,889.1228886,822.3168242,12.0619112,12.17035625,1276.60057,19.63104971,13.06388872,6.492752628,12.61785388,12.66361479,12.66361479,14.2282821,15.42486371,15.40786936,15.48616314,15.67683419,7.961921885,8.524031316,7.836614608,8.587524618,2.003214605
51,S19S_0070,39.339682,-123.752011,California,CA,4.3623,0.0,0.0,0.0,0.0,0.0,29.0,0.0,0.0,0.0,0.0,0.0,166.9955086,0.0,0.0,0.0,0,0,0,0.0,0.0,0.0,0,0.0,0.0,0.0,0,0.0,0.061893955,0.0,0.0,0.0,0.0,0.0,0.0,0.0,0.0,0.0,0.020631318,0.0,10.04532269,3.186115551,4.334162442,1.849847774,1.936334256,0.925904946,0.152830418,0.050645377,66.45306593,0.053445315,2.260704709,79.88447938,0.120074273,0.0,0.339480091,0.0,0.0,0.0,0,0.0,0.0,0.0,0.0,0.0,0.0,0,0.0,0.0,0,100.0,0,0.0,0.0,0.0,0.0,0.0,0.0,1.08300139,0.783388511,2.106861744,107.6774761,0.0,89.47802765,0.0,0.0,0.0,0.0,0.0,0.0,0.0,0.0,0.041262637,0.0,0.0,0.0,10.48070972,0.0,0.0,89.47802765,0.0,0.0,0.0,0.0,0.0,0.0,0.0,0.0,0.041262637,0.0,0.0,0.0,10.48070972,0.0,10.48070972,0.0,886.5460322,820.5385461,11.84020351,11.94988557,1232.666911,18.52879639,12.58725188,6.640970091,12.67449733,12.72343886,12.72343886,14.24568959,15.32001284,15.29433024,15.38446439,15.5969517,7.689731558,8.229150334,7.571864784,8.293628313,2.756308111
52,S19S_0071,40.0129961,-105.4588818,Colorado,CO,4.2336,0.0,0.0,0.0,0.0,0.0,68.36118197,0.0,0.0,0.0,0.0,0.0,2533.655602,0.0,0.0,0.0,0,0,0,0.0,0.0,0.0,0,0.0,0.0,0.0,0,0.0,0.0,0.0,0.0,0.0,0.0,0.021258503,0.0,0.0,0.0,0.0,0.0,0.021258503,13.71696685,4.070257264,4.523346051,2.910342262,1.674901249,2.544012475,0.123988044,0.031844099,63.15348679,0.008726911,0.091919361,134.8292672,0.453656463,0.0,0.195884354,0.0,0.0,0.0,0,0.0,0.0,0.0,0.0,0.0,0.0,0,0.0,0.0,0,0.0,0,100.0,0.0,0.0,0.0,0.0,0.0,2.031959846,1.455395882,4.001673549,188.8184746,0.0,72.25765306,0.0,0.786564626,11.62840136,0.0,0.170068027,0.0,0.0,0.0,13.79676871,0.0,0.0,0.0,0.0,1.360544218,0.0,72.25765306,0.0,0.786564626,11.62840136,0.0,0.170068027,0.0,0.0,0.0,13.79676871,0.0,0.0,0.0,0.0,1.360544218,0.318877551,0.0,469.555235,564.0155445,5.875339579,6.048732955,533.1603527,12.08948617,5.543325666,-1.010519844,7.480758203,7.481104169,7.478006947,7.491291214,13.79500627,12.76045804,13.70824612,12.87038992,1.886705505,2.396910578,1.951362716,1.990305221,1.354011255
53,S19S_0072,42.5233858,-71.1854501,Massachusettes,,6.5448,0.055005501,0.0,0.152915292,1.643839384,0.0,55.73226073,0.0,0.0,0.0,0.0,0.0,42.71260451,0.0,0.0,0.0,0,0,0,0.0,0.0,0.0,0,0.0,0.0,0.0,0,0.233773377,0.041254125,0.302530253,0.398789879,0.110011001,0.316281628,0.096259626,0.0,0.041254125,0.288778878,0.137513751,0.137513751,0.02750275,14.30328711,3.771876941,4.917980791,2.780684312,2.315717166,3.283707259,0.168385439,0.042582152,64.46542325,0.011306326,0.269086614,152.4203045,24.17918042,0.003631738,0.189675468,0.0,0.0,0.0,0,0.0,0.0,0.0,0.0,30.4180418,0.0,0,69.5819582,0.0,0,0.0,0,0.0,0.0,0.0,0.0,0.0,0.0,4.304602865,2.226485136,11.42739642,627.558721,0.0,4.386688669,0.0,19.77447745,0.0,1.911441144,0.440044004,0.0,0.275027503,0.0,0.0,1.870187019,20.87458746,22.63476348,21.12211221,6.710671067,0.0,3.616611661,0.0,16.43289329,0.0,1.347634763,0.440044004,0.0,0.137513751,0.0,0.233773377,2.172717272,22.37348735,24.62871287,19.10066007,9.515951595,70.58580858,0.014046502,1580.009459,1384.266829,9.88650991,9.340179177,1254.67954,15.18179635,9.545924692,3.905573188,10.92716645,10.76696826,10.92473865,10.73227299,18.75446987,18.70990272,18.73891777,18.68005293,3.878437984,3.35045926,3.871510389,3.248452808,6.452789175
54,S19S_0073,42.7696832,-70.9168932,Massachusettes,,4.3677,0.103029054,0.0,0.62311972,2.959818669,0.233669895,53.23902741,0.0,0.0,0.0,0.0,0.0,13.01408819,0.0,0.0,0.0,0,0,0,0.0,0.0,0.0,0,0.0,0.0,0.0,0,0.0,0.0,0.0,0.0,0.082423243,0.082423243,0.267875541,0.082423243,0.98907892,0.144240676,0.0,0.0,0.0,15.69541174,3.93806316,4.293801846,2.806225797,1.749737697,3.577788366,0.164131184,0.02648282,65.49174199,0.007025785,0.002084897,168.4486349,2.086338347,0.02060169,0.22212652,0.0,0.0,0.0,0,0.0,0.0,0.0,0.0,90.62435607,9.375643932,0,0.0,0.0,0,0.0,0,0.0,0.0,0.0,0.0,0.0,0.0,4.199961486,2.160451547,11.18945028,616.1985923,0.0,7.62415001,0.0,31.73294869,0.865444055,7.788996497,8.963527715,0.0,0.391510406,0.0,0.144240676,0.0,2.328456625,2.163610138,0.721203379,37.27591181,0.0,5.769627035,0.0,28.29177828,1.813311354,7.892025551,8.59262312,0.0,0.659385947,0.0,1.050896353,0.0,2.369668246,2.287245003,0.74180919,40.53162992,13.86771069,1.80495675,1585.079207,1457.672984,9.271059553,8.680855104,1250.969877,14.73439438,9.232072469,3.727490677,14.00218544,13.94439586,14.04093316,13.95926317,18.92088047,18.54046885,19.2980271,18.9207497,6.61146388,6.162725051,6.591320001,6.164963044,2.049225864
58,S19S_0077,40.664703,-105.224786,Colorado,CO,1.7091,0.0,0.0,0.0,0.0,0.0,61.56134808,1.0608749,0.0,0.0,0.0,0.0,1692.607325,0.0,0.0,0.0,0,0,0,0.0,2.843601896,0.0,0,0.0,0.0,0.0,0,0.0,0.0,0.0,0.0,0.0,0.0,0.0,0.0,0.0,0.0,0.0,7.109004739,0.105318589,13.16288309,4.752494125,4.740266537,2.602931144,1.79275636,2.225230084,0.120680504,0.032760169,61.55591536,0.009987602,0.116787882,125.1524968,1.078462349,0.0,0.33,0.0,0.0,0.0,0,0.0,0.0,0.0,0.0,0.0,0.0,0,0.0,0.0,0,12.90152712,0,87.09847288,0.0,0.0,0.0,0.0,0.0,1.595289687,1.128625444,3.192281116,151.9167408,0.0,34.49183781,0.0,1.053185887,16.32438125,0.0,0.0,0.0,0.0,0.052659294,35.07109005,0.0,2.211690363,0.0,3.580832017,7.214323328,0.0,34.49183781,0.0,1.053185887,16.32438125,0.0,0.0,0.0,0.0,0.052659294,35.22906793,0.0,2.264349658,0.0,3.7388099,6.845708268,33.49131122,0.450534443,401.4500666,554.3390083,8.251429247,8.220052305,433.1398839,16.619097,8.781601136,0.938875496,9.357293188,9.357293188,9.495012652,9.493878319,19.17220128,17.41081433,19.12404595,17.61715317,1.5175238,2.658277629,1.729304924,1.68449329,1.34853928
59,S19S_0078,43.43138889,-123.5855556,Oregon,OR,7.7094,0.0,0.0,0.0,0.0,0.0,32.0,0.0,0.0,0.0,0.0,0.0,246.339756,0.0,0.0,0.0,0,0,0,0.0,0.0,0.0,0,0.0,0.0,0.0,0,7.798272239,0.046696241,3.023581602,6.560821854,3.794069577,0.093392482,6.163903806,2.790100397,5.813681999,10.16810647,0.0,1.45925753,0.0,11.01679559,1.419370444,3.929660158,2.179760068,1.677594981,0.853861286,0.137245751,0.08475935,70.04945219,0.050529946,0.185668017,74.93480079,0.356992762,0.0,0.248984357,0.0,0.0,0.0,0,0.0,0.0,0.0,0.0,0.0,0.0,0,0.0,0.0,0,100.0,0,0.0,0.0,0.0,0.0,0.0,0.0,1.083888036,0.780488801,2.121994424,127.9303602,2.183049265,62.56128882,0.0,0.01167406,19.25052533,0.0,0.0,0.0,7.576465095,0.0,1.996264301,0.0,0.175110904,0.0,5.229978987,1.015643241,3.175344385,44.08125146,0.0,0.01167406,15.31636703,0.0,0.0,0.0,6.607518095,0.0,25.34438478,0.0,0.175110904,0.0,5.229978987,0.058370301,6.35068877,0.0,1211.204665,956.8994089,11.13945412,11.3412126,1189.983165,17.57287804,11.69226891,5.805688536,12.1546591,12.34822611,12.70790767,13.96044712,16.44324739,17.1692403,17.55211028,17.82622119,6.128506984,6.499043652,6.495884088,7.099391158,2.412671263
60,S19S_0079,43.6367,-123.5719,Oregon,OR,0.6741,16.82242991,3.47129506,1.946595461,7.137516689,0.648865154,36.0,0.0,0.0,0.0,0.0,0.0,55.50664887,0.0,0.0,0.0,0,0,0,0.0,0.0,0.0,0,0.0,0.0,0.0,0,0.0,0.667556742,0.0,0.0,0.133511349,0.0,0.0,0.0,0.267022697,0.0,0.801068091,0.0,3.337783712,9.249869205,1.162727498,4.45034855,1.972080396,1.176231939,0.861725489,0.134455463,0.067324063,71.14377971,0.069943883,18.68842168,70.48689382,7.79305741,0.090881175,0.278251001,0.0,0.0,0.0,0,0.0,0.0,0.0,0.0,0.0,0.0,0,0.0,0.0,0,100.0,0,0.0,0.0,0.0,0.0,0.0,0.0,1.164459109,0.85696727,2.215610981,140.4017029,4.138851802,0.934579439,0.0,0.267022697,0.0,32.44325768,3.337783712,0.0,5.607476636,5.340453939,1.73564753,0.400534045,10.81441923,3.738317757,24.69959947,6.542056075,5.473965287,1.602136182,0.0,0.133511349,0.0,32.71028037,1.73564753,0.0,5.740987984,6.008010681,2.269692924,0.400534045,10.01335113,4.539385848,24.69959947,4.672897196,73.564753,8.453434591,1280.904297,1045.130249,11.50160694,11.74833584,1258.748524,18.48911494,12.36645762,6.240657753,11.62543811,11.63766502,11.86232902,13.46200499,19.48260409,20.29419473,20.52425658,20.86301865,5.432045091,5.880449172,5.780929907,6.014299837,5.932629532
62,S19S_0081,38.9603293,-76.9259674,Maryland,MD,6.5385,0.0,0.0,0.0,0.0,0.0,40.71672402,0.0,0.0,0.0,0.0,0.0,21.34269649,0.0,0.0,0.152940277,0,0,0,0.0,0.0,0.0,0,0.0,0.0,0.0,0,0.0,0.0,0.0,0.0,0.0,0.0,0.0,0.0,0.0,0.0,0.0,0.0,0.0,11.68112821,1.138879076,12.4931793,2.099253798,1.077119003,1.330932954,0.132652661,0.245322072,62.91373182,0.763107605,7.878361832,0.983239038,44.31452168,0.0,0.270849277,0.0,67.69442533,0.0,0,0.0,0.0,0.0,0.0,0.0,0.0,0,0.0,0.0,0,32.30557467,0,0.0,0.0,0.0,0.0,0.0,0.0,4.343472702,2.793736138,9.643301322,623.0305842,0.178940124,0.0,0.0,1.472814866,0.0,0.0,0.0,0.0,0.481761872,0.0,0.0,12.86992429,42.86304198,26.53819683,14.57673778,1.018582244,0.0,0.0,0.0,1.293874742,0.0,0.0,0.0,0.0,0.536820372,0.0,0.0,13.20027529,41.81693049,27.08878183,15.16861666,0.894700619,97.16448727,0.0,1223.442095,1385.574021,13.68763309,13.49330557,1085.845992,19.25764886,13.6109988,7.959800337,15.05595613,14.99442737,15.07494967,14.63326605,23.33773553,23.42655986,23.42672545,23.23033107,4.901250722,4.756424689,4.854700329,4.224304599,13.92067877
63,S19S_0082,38.8749661,-76.5464942,Maryland,MD,2.7243,2.312520648,0.0,2.763157895,5.526315789,0.0,50.92668919,0.0,0.0,0.0,0.0,0.0,12.26378593,0.0,0.0,0.0,0,0,0,0.0,0.0,0.0,0,0.0,0.0,0.0,0,0.099108028,0.0,0.0,0.0,0.0,0.0,0.0,0.0,0.0,0.0,0.0,0.0,0.0,12.50082138,0.862206664,6.173691671,2.266612993,1.130516414,1.32648007,0.127249461,0.087766603,68.62283441,0.799780722,9.126995725,2.023210327,0.209448299,0.068166501,0.3684407,0.0,1.519656426,0.0,0,0.0,0.0,0.0,0.0,0.0,0.0,0,0.0,0.0,0,98.48034357,0,0.0,0.0,0.0,0.0,0.0,0.0,4.082785806,2.58717496,9.192668509,593.0020727,0.0,0.099108028,14.96531219,45.78790882,0.198216056,3.07234886,7.92864222,0.0,0.89197225,9.67955071,3.039312851,0.0,0.0,0.0,3.666997027,10.67063099,0.0,0.099108028,14.93227618,48.26560951,0.198216056,3.07234886,8.027750248,0.0,2.246448629,9.910802775,3.435744962,0.0,0.0,0.0,3.931285101,5.880409647,27.88239181,39.65810636,1195.101331,1405.760921,13.8400821,13.11947502,1076.029437,18.43677761,13.61009998,8.779962314,14.50211672,14.0012675,14.44193421,13.6126144,22.62481603,22.62481603,22.63966546,22.24449694,4.635336258,4.244122559,4.47818806,4.005729731,1.396987336
64,S19S_0083,40.31083,-88.3227,Illinois,IL,12.3165,0.014614541,0.0,40.21958349,72.09170625,0.0,35.90654001,0.0,0.0,0.081191897,11416.93825,6509.657776,217.5027073,0.0,0.0,0.0,0,0,0,0.0,0.0,0.0,0,0.0,0.0,0.0,0,0.0,0.007307271,0.0,0.0,0.0,0.0,0.0,0.0,0.0,0.0,0.0,0.0,0.0,13.39928341,1.409934998,8.814266205,2.544300079,1.277251005,1.742033005,0.191681996,0.071177997,60.79529572,0.149838001,0.029162001,0.641452014,1.237340153,0.240013884,0.321794666,0.0,0.0,0.0,0,0.0,0.0,0.0,0.0,0.0,0.0,0,0.0,100.0,0,0.0,0,0.0,0.0,0.0,0.0,0.0,0.0,5.605772796,3.97345665,11.17124748,743.3281228,0.058458166,0.0,74.54146876,10.8366825,1.023017903,1.344537815,0.0,0.0,0.0,1.008403361,0.0,0.0,2.396784801,0.0,4.925100475,3.865546218,0.058458166,0.0,74.54146876,10.66861527,0.99378882,1.344537815,0.19729631,0.0,0.0,1.008403361,0.0,0.0,2.316404823,0.124223603,4.881256851,3.865546218,84.14322251,189.993802,1433.987554,1274.428671,9.787548289,10.03813894,1008.506888,16.49549518,10.67087326,4.841422016,12.71407422,12.7802471,13.05796056,12.63362667,22.74740034,21.91569812,22.83847395,22.68971226,3.303225074,3.300730347,3.713471167,3.269939947,1.874685454
65,S19S_0084,43.954722,-71.722778,New Hampshire,NH,1.4229,0.0,0.0,0.0,0.0,0.0,49.0,0.0,0.0,0.0,0.0,0.0,603.0491524,0.0,0.0,0.0,0,0,0,0.0,0.0,0.0,0,0.0,0.0,0.0,0,0.0,0.0,0.0,0.0,0.0,0.0,0.0,0.0,0.0,0.0,0.0,0.0,0.0,12.24875268,2.586818626,4.857442062,2.461444345,2.096448581,1.383505226,0.150086663,0.038517931,66.67945632,0.037677638,0.139425992,97.53592031,0.0,0.0,0.23,0.0,0.0,0.0,0,0.0,0.0,0.0,0.0,0.0,0.0,0,100.0,0.0,0,0.0,0,0.0,0.0,0.0,0.0,0.0,0.0,4.283907714,2.004326042,12.10659748,581.3938563,0.0,3.542061986,0.0,81.91018343,0.0,0.0,0.0,0.0,14.54775459,0.0,0.0,0.0,0.0,0.0,0.0,0.0,0.0,3.542061986,0.0,81.91018343,0.0,0.0,0.0,0.0,14.54775459,0.0,0.0,0.0,0.0,0.0,0.0,0.0,0.0,0.041482034,1697.879761,1449.099609,4.965883732,4.482674122,1334.210752,10.86339226,4.884761165,-1.098867887,9.852167829,9.847017002,9.860544045,9.85156789,15.2390618,15.17301546,15.70720132,15.56648932,3.393961535,3.360974008,3.393350465,3.344155427,0.606778805
66,S19S_0085,43.64819,-115.98891,Idaho,ID,1.1142,0.080775444,0.0,2.299676898,0.945072698,0.0,69.63408724,0.0,0.0,0.0,0.0,0.0,1073.265961,0.0,0.0,0.0,0,0,0,0.0,0.0,0.0,0,0.0,0.0,0.0,0,0.0,0.0,0.0,0.0,0.080775444,0.0,0.0,0.0,0.0,0.0,0.0,0.0,0.0,12.51410348,1.812175959,9.967831265,2.75758804,0.875708338,2.581020385,0.119394427,0.017980385,61.08032112,0.176640162,0.041467293,83.93750095,2.416801292,0.008505654,0.27,0.0,0.0,0.0,0,0.0,0.0,0.0,0.0,0.0,0.0,0,0.0,0.0,0,0.0,0,100.0,0.0,0.0,0.0,0.0,0.0,1.174184143,1.014335327,1.715882906,111.5885138,0.726978998,9.127625202,0.0,0.0,31.58319871,3.150242326,0.0,0.0,0.0,0.0,51.05008078,0.0,1.857835218,1.938610662,0.56542811,0.0,0.726978998,8.400646204,0.0,0.0,34.89499192,0.0,0.0,0.0,0.0,0.0,51.61550889,0.0,2.342487884,1.777059774,0.242326333,0.0,10.09693053,0.0,485.7600905,499.5129343,8.604430804,8.726427713,477.1509804,16.50273437,9.303643871,2.100545917,7.694923316,7.698808017,7.745491633,8.127792203,18.36330556,17.84862998,18.9627889,18.58388943,1.194943475,1.35983574,1.191047211,1.679028466,5.05730109
67,S19S_0087,43.1231912,-116.7745057,Idaho,ID,0.2394,0.0,0.0,0.0,0.0,0.0,52.66541353,0.0,0.0,0.0,0.0,0.0,1551.00594,0.0,0.0,0.0,0,0,0,0.0,0.0,0.0,0,0.0,0.0,0.0,0,0.0,0.0,0.0,0.0,0.0,0.0,0.0,0.0,0.0,0.0,0.0,0.0,0.0,14.48893968,2.315211582,2.961829821,3.784082764,0.965640251,3.419969179,0.11078529,0.016761958,70.2312522,0.006385079,0.025562394,150.8897745,0.022556391,0.0,0.210601504,0.0,0.0,0.0,0,0.0,0.0,0.0,0.0,0.0,0.0,0,0.0,0.0,0,0.0,0,100.0,0.0,0.0,0.0,0.0,0.0,1.472042084,1.318636894,1.989115,139.0462952,0.0,6.766917293,0.0,0.0,0.0,0.0,0.0,0.0,0.0,0.0,93.23308271,0.0,0.0,0.0,0.0,0.0,0.0,6.766917293,0.0,0.0,0.0,0.0,0.0,0.0,0.0,0.0,93.23308271,0.0,0.0,0.0,0.0,0.0,0.0,0.0,541.5126953,572.8529663,7.665132046,7.662111282,632.1101299,13.99812401,7.708423984,1.413617675,8.66688091,8.67039409,8.695315482,8.999440137,17.62797466,16.56463123,18.6756879,18.24275171,2.20735743,2.460846457,2.2141334,3.248404043,1.688851714
68,S19S_0089,37.21014,-80.44513,Virginia,VA,7.3737,1.562309288,0.0,4.187110948,6.420236788,1.674844379,49.99792506,0.0,0.0,0.0,0.0,0.0,627.4074832,0.0,0.0,0.0,0,0,0,0.0,0.0,0.0,0,0.0,0.0,0.0,0,0.0,0.0,0.0,0.024411083,0.0,0.0,0.024411083,0.0,0.0,0.0,0.0,0.0,0.0,5.041829274,23.85750786,1.913170343,1.09922301,7.035919563,0.38647629,0.112107651,0.233880654,29.60835679,0.061706461,0.05585952,97.72438026,25.17038936,0.092116441,0.329948737,0.0,0.0,0.0,0,100.0,0.0,0.0,0.0,0.0,0.0,0,0.0,0.0,0,0.0,0,0.0,0.0,0.0,0.0,0.0,0.0,2.581320308,1.564079139,6.065341509,394.9992129,0.0,0.073233248,5.053094105,3.52740144,0.0,22.86097888,0.0,0.0,0.0,0.0,0.0,3.661662395,29.58623215,16.77041377,18.46698401,0.0,0.0,0.073233248,5.053094105,3.515195899,0.0,21.42072501,0.0,0.0,0.0,0.0,0.0,4.491639204,27.77981203,18.85756133,18.80873917,0.0,96.80214818,20.42061642,833.2530998,1323.928274,11.46614274,11.50337827,1018.464845,17.88690565,11.77670184,5.661757253,11.69010498,11.70133293,11.64121017,11.40469009,19.75620741,20.05309427,20.19517008,19.54404134,4.662608257,4.039675625,4.677369666,3.432050526,9.355189338
70,S19S_0097,41.720744,-111.88642,Utah,UT,4.1184,0.0,0.0,44.75284091,8.34375,15.17045455,79.0,0.146733672,0.0,0.0,0.0,0.0,1352.852804,0.0,0.0,0.0,0,0,0,0.0,0.0,0.0,0,0.0,0.0,0.0,0,0.0,0.0,0.0,0.0,0.0,0.0,0.0,0.0,0.0,0.0,0.0,0.021853147,0.0,12.90782237,2.316837223,11.43589117,2.459076208,1.587450778,1.296693827,0.162539504,0.146248233,58.10072679,0.393211424,4.684282296,2.734793723,4.380244755,0.249853584,0.329130245,0.0,0.0,0.0,0,0.0,0.0,0.0,0.0,0.0,0.0,0,0.0,0.0,0,0.0,100,0.0,0.0,0.0,0.0,0.0,0.0,2.559377602,2.418126448,3.041716402,221.8774517,0.0,0.0,20.67307692,0.0,0.0,55.1791958,0.218531469,0.0,0.0,0.0,0.0,0.0,6.752622378,2.01048951,7.342657343,7.823426573,0.0,0.0,19.62412587,0.0,0.0,50.34965035,0.218531469,0.0,0.0,0.0,0.0,0.240384615,10.35839161,4.807692308,6.577797203,7.823426573,94.40559441,34.43182418,357.1146381,454.4776959,7.891235272,7.622236559,439.6929219,15.82660288,8.667138312,1.502580288,7.941781263,7.862608711,7.924692647,8.112427294,17.876809,17.37685386,17.99995998,17.83644902,1.432441962,1.467710419,1.357367424,1.661911729,3.617322715
71,S19S_0098,41.950373,-111.580465,Utah,UT,1.9143,0.0,0.0,0.0,0.0,0.0,77.0,0.0,0.0,0.0,0.0,0.0,2351.874292,0.0,0.0,0.0,0,0,0,0.0,0.0,0.0,0,0.0,0.0,0.0,0,0.0,0.0,0.0,0.0,0.0,0.094029149,0.0,0.0,0.0,0.0,0.0,0.0,0.0,3.09523622,23.92101234,2.353477711,0.746208675,14.51335564,0.317209209,0.052344445,0.035249578,17.41464613,0.108851499,0.095228893,108.8561817,0.002350729,0.0,0.339981194,0.0,0.0,87.25905031,0,0.0,0.0,0.0,0.0,0.0,0.0,0,12.74094969,0.0,0,0.0,0,0.0,0.0,0.0,0.0,0.0,0.0,6.265956754,5.586380073,8.588153942,560.1171366,0.0,26.9393512,0.0,40.66760696,0.0,0.0,0.0,0.0,2.585801598,0.0,29.3370945,0.0,0.0,0.0,0.0,0.470145745,0.0,26.9393512,0.0,40.66760696,0.0,0.0,0.0,0.0,2.585801599,0.0,29.3370945,0.0,0.0,0.0,0.0,0.470145745,0.188058298,0.0,908.9047554,938.5479787,4.111125081,4.208748042,928.3818769,10.56787928,4.246672417,-2.079338337,7.170263378,7.17696819,7.178129974,7.158483821,13.78689317,12.40259258,14.17952459,12.40830006,2.050517786,2.138973531,2.052985599,2.208316426,0.396955292
72,S19S_0099,39.2386771,-84.7123967,Ohio,OH,2.4282,3.372868792,0.148257969,2.079318013,6.04892513,0.0,21.46441809,0.0,0.0,0.411827691,163976.338,91944.60094,183.9691364,0.0,0.0,0.0,0,0,0,0.0,0.0,0.0,0,0.0,0.0,0.0,0,0.259451446,0.0,0.0,0.0,0.0,0.0,0.0,0.074128984,0.0,0.0,0.0,0.074128984,0.0,8.58611052,15.6003554,5.401871844,1.621419273,1.727063478,1.17131828,0.291787216,0.513843413,43.46287546,0.156306352,0.019826873,38.85803503,1.419199407,0.032171979,0.345915493,0.0,0.0,0.0,0,0.0,0.0,0.0,0.0,0.0,0.0,0,0.0,100.0,0,0.0,0,0.0,0.0,0.0,0.0,0.0,0.0,5.258058293,3.384556551,11.67772739,724.5751439,0.0,1.593773165,1.556708673,70.79318013,2.186805041,7.894736842,0.0,0.0,0.0,6.226834692,0.0,0.0,0.593031876,0.66716086,6.819866568,1.66790215,0.0,1.593773165,1.556708673,70.90437361,2.186805041,7.85767235,0.0,0.0,0.0,7.005189029,0.0,0.0,0.593031876,0.0,6.634544107,1.66790215,22.23869533,20.11524238,1149.393863,953.0582192,11.86896088,11.90666191,1072.418911,18.34391977,12.58766886,6.825415654,13.43884578,13.45552775,13.40032305,12.84978229,24.35906126,23.15764821,24.190832,24.08764765,2.948531938,2.864666146,3.728269254,2.139272553,1.414552961
