,name,lat.old,long.old,state,stateAbb,DRNAREA,PctAg2006Slp10Ws,PctAg2006Slp20Ws,CBNFWs,FertWs,ManureWs,BFIWs,CanalDensWs,CoalMineDensWs,DamDensWs,DamNIDStorM3Ws,DamNrmStorM3Ws,ElevWs,NPDESDensWs,SuperfundDensWs,TRIDensWs,PctFire2000Ws,PctFire2001Ws,PctFire2002Ws,PctFire2003Ws,PctFire2004Ws,PctFire2005Ws,PctFire2006Ws,PctFire2007Ws,PctFire2008Ws,PctFire2009Ws,PctFire2010Ws,PctFrstLoss2001Ws,PctFrstLoss2002Ws,PctFrstLoss2003Ws,PctFrstLoss2004Ws,PctFrstLoss2005Ws,PctFrstLoss2006Ws,PctFrstLoss2007Ws,PctFrstLoss2008Ws,PctFrstLoss2009Ws,PctFrstLoss2010Ws,PctFrstLoss2011Ws,PctFrstLoss2012Ws,PctFrstLoss2013Ws,Al2O3Ws,CaOWs,Fe2O3Ws,K2OWs,MgOWs,Na2OWs,P2O5Ws,SWs,SiO2Ws,NWs,HydrlCondWs,CompStrgthWs,PctImp2006Ws,AgKffactWs,KffactWs,PctAlkIntruVolWs,PctAlluvCoastWs,PctCarbResidWs,PctCoastCrsWs,PctColluvSedWs,PctEolCrsWs,PctEolFineWs,PctExtruVolWs,PctGlacLakeCrsWs,PctGlacLakeFineWs,PctGlacTilClayWs,PctGlacTilCrsWs,PctGlacTilLoamWs,PctHydricWs,PctNonCarbResidWs,PctSalLakeWs,PctSilicicWs,PctWaterWs,MineDensWs,NABD_DensWs,NABD_NIDStorM3Ws,NABD_NrmStorM3Ws,InorgNWetDep_2008Ws,NH4_2008Ws,NO3_2008Ws,SN_2008Ws,PctBl2006Ws,PctConif2006Ws,PctCrop2006Ws,PctDecid2006Ws,PctGrs2006Ws,PctHay2006Ws,PctHbWet2006Ws,PctIce2006Ws,PctMxFst2006Ws,PctOw2006Ws,PctShrb2006Ws,PctUrbHi2006Ws,PctUrbLo2006Ws,PctUrbMd2006Ws,PctUrbOp2006Ws,PctWdWet2006Ws,PctBl2011Ws,PctConif2011Ws,PctCrop2011Ws,PctDecid2011Ws,PctGrs2011Ws,PctHay2011Ws,PctHbWet2011Ws,PctIce2011Ws,PctMxFst2011Ws,PctOw2011Ws,PctShrb2011Ws,PctUrbHi2011Ws,PctUrbLo2011Ws,PctUrbMd2011Ws,PctUrbOp2011Ws,PctWdWet2011Ws,PctNonAgIntrodManagVegWs,Pestic97Ws,Precip08Ws,Precip09Ws,Tmean08Ws,Tmean09Ws,Precip8110Ws,Tmax8110Ws,Tmean8110Ws,Tmin8110Ws,RdDensWs,RdCrsWs,RdCrsSlpWtdWs,RunoffWs,ClayWs,SandWs,OmWs,PermWs,RckdepWs,WtDepWs,HUDen2010Ws,PopDen2010Ws,AvgWetIndxWs
0,S19S_0006,39.311813,-76.717476,Maryland,MD,20.5866,0.03497420652,0.004371775815,0.00734458337,0.01416455364,0.00118037947,46.8018274,0.0,0.0,0.0,0.0,0.0,124.1737226,0.0,0.0,0.09715057367,0.0,0.0,0.0,0.0,0.0,0.0,0.0,0.0,0.0,0.0,0.0,0.03060243071,0.0,0.0,0.0,0.0,0.06994841305,0.008743551631,0.004371775815,0.0,0.0,0.0,0.0,0.0,12.51408246,8.975902306,9.28830541,0.4584012005,11.38476213,1.814042261,0.1415699513,0.08811594572,48.32874973,0.04549967974,3.066263355,173.2344767,33.77297368,0.000359359972,0.3476042669,0.0,0.0,0.0,0.0,0.0,0.0,0.0,0.0,0.0,0.0,0.0,0.0,0.0,0,0.0,0.0,100.0,0.0,0.0,0.0,0.0,0.0,4.473779576,2.95353012,9.67305163,630.4154367,0.1005508438,0.02623065489,0.0,11.92620442,0.02185887908,0.1049226196,0.0,0.0,0.5595873044,0.0,0.2404476698,7.392672904,38.72956195,18.39206086,22.26545423,0.2404476698,0.0568330856,0.0,0.0,11.0999388,0.01748710326,0.03934598234,0.0,0.0,0.7169712337,0.0,0.1879863601,7.685581883,38.48037073,19.66424762,21.96817347,0.08306374049,88.69458774,2.310087785,1262.845199,1411.507508,12.92886878,12.57540105,1129.738074,18.67254415,13.02585217,7.373874034,13.8115692,2.477339629,0.03006461679,371.0,23.94330157,24.46458293,0.675100988,2.968703331,148.4298925,118.1002505,649.5100506,1557.463948,455.8217627
1,S19S_0008,36.961273,-119.028254,California,CA,3.8304,0.0,0.0,0.0,0.0,0.0,72.90625,0.0,0.0,0.0,0.0,0.0,2236.984011,0.0,0.0,0.0,0.0,0.0,0.0,0.0,0.0,0.0,0.0,0.0,0.0,0.0,0.0,2.396616541,0.0,0.0,0.0,0.0234962406,0.0,0.117481203,0.0,0.0,0.0,0.0,0.0,0.0234962406,14.13628576,3.299004549,4.466715922,2.775853872,1.94656945,2.683691696,0.1452887356,0.03492458967,64.70874566,0.01933412492,0.07793944153,139.5730197,0.000469924812,0.0,0.1878289474,0.0,0.0,0.0,0.0,0.0,0.0,0.0,0.0,0.0,0.0,0.0,0.0,0.0,0,0.0,0.0,100.0,0.0,0.0,0.0,0.0,0.0,1.987481682,1.472034064,3.749258032,186.9061076,0.0,97.13345865,0.0,0.0,0.0,0.0,0.0,0.0,0.0,0.0,2.866541353,0.0,0.0,0.0,0.0,0.0,0.0,97.13345865,0.0,0.0,0.0,0.0,0.0,0.0,0.0,0.0,2.866541353,0.0,0.0,0.0,0.0,0.0,0.0,0.0,979.3279132,1080.894281,9.155214084,9.209352128,1210.914351,13.85415139,8.589035122,3.316709902,0.1860166201,0.0,0.0,446.0,7.055737782,63.73414944,1.340014098,22.86112312,83.95366541,175.2447603,0.2324168179,0.364040628,297.5775376
3,S19S_0010,31.667905,-81.8403,Georgia,GA,35278.2261,0.4700159796,0.009163726064,0.9452907441,7.795407187,7.496730869,47.11670199,7.49e-05,0.0,0.03753023171,64117.70584,42677.24393,135.6207976,0.001473997016,0.003033032321,0.01238724415,0.0,0.0,0.0,0.0,0.0,0.0,0.0,0.01340883747,0.0,0.0,0.0,1.172217103,0.9487721946,1.02667152,1.190567516,1.393062391,1.363856841,1.282658881,1.288503562,0.8909504098,1.221813985,1.061043146,1.464405264,1.344049723,12.96933872,5.07640763,4.841673626,2.34229554,1.958521245,1.738277649,0.1343038615,0.1103784217,62.38630426,0.1884854914,1.964071722,86.30391808,2.270844333,0.03170956938,0.1996675585,0.0,37.30724828,8.453167377,0.0,0.0,0.1469232037,0.0,0.0,0.0,0.0,0.0,0.0,0.0,0,31.11498285,0.0,22.69627384,0.2814044553,0.001218882148,0.02766579015,60177.24238,40435.56556,2.400236757,1.47448293,5.566815972,360.7418427,0.5237737846,24.90377514,6.358110506,19.14515651,8.190330182,10.01480712,0.5402235913,0.0,3.999479157,1.255052901,3.482580719,0.3492701125,3.036517474,0.7729062091,6.547762899,10.8802537,0.5310904791,22.13845242,6.180854144,17.40342608,8.903131328,9.668728497,0.8702988612,0.0,3.462225103,1.278406116,6.516845528,0.4272383185,3.150880367,1.024380588,6.76388346,11.68015871,47.07361179,61.74743377,1107.847082,1589.078685,17.44701249,17.3748718,1194.578144,24.17206673,17.71581576,11.25457949,2.081927054,0.3583230054,0.002787913132,388.4034932,27.59026145,48.66108878,0.4601603683,7.802411124,148.5145636,141.6287948,32.54487136,80.61614739,497.8696279
4,S19S_0011,33.95569,-83.437673,Georgia,GA,1010.3724,3.549324982,0.1002105758,0.481807104,4.960566916,69.08292536,59.08899145,0.0,0.0,0.03760989512,19988.0737,2526.420146,270.9292715,0.001979468164,0.002969202247,0.03563042696,0.0,0.0,0.0,0.0,0.0,0.0,0.0,0.0,0.0,0.0,0.0,0.5010528791,0.5568144973,0.6613007244,0.7737147214,0.7826223282,0.8716093195,0.6644183867,0.2923476532,0.1722731143,0.3352823177,0.1793101237,0.1182930175,0.1741437118,14.59008754,3.886818422,6.158922064,2.326688867,2.623095028,2.878852867,0.1310791394,0.02798673076,64.23599943,0.01594187113,0.5612659749,144.0360557,4.955719396,0.06228233372,0.2577400511,0.0,0.0,0.0,0.0,0.0,0.0,0.0,0.0,0.0,0.0,0.0,0.0,0.0,0,66.92088976,0.0,33.07911024,0.0,0.002969202247,0.03167149063,19327.97784,2193.503296,2.617008089,1.673869011,5.848815898,392.9844169,0.921224689,5.225023961,0.05353471651,36.89432728,7.548216875,24.03682048,0.01790428955,0.0,0.5289336882,0.6033122045,0.2423759794,0.4720140811,8.378851204,1.60479443,10.34582892,3.126837194,0.6702083311,4.746952708,0.04703216359,35.03076687,7.181045325,20.96236002,0.141452795,0.0,0.4809216879,0.5676817775,0.4457366413,0.7483280422,9.797120349,2.949397668,13.17880417,3.052191449,51.7229093,3.063446611,1057.364055,1784.855568,15.72214547,15.75207584,1300.535533,22.15875118,16.15299044,10.14223486,2.959429523,0.4800210299,0.006089271946,431.0000463,33.92742497,36.14161026,0.28,4.683087466,146.8154866,173.9709059,61.0628801,167.0862211,406.060708
5,S19S_0012,42.47178,-72.33105,Massachusetts,MA,14.3442,1.298782783,0.03764587778,0.3543731961,3.056468817,0.9302296399,48.14468566,0.0,0.0,0.0,0.0,0.0,296.7564349,0.0,0.0,0.0,0.0,0.0,0.0,0.0,0.0,0.0,0.0,0.0,0.0,0.0,0.0,0.01882293889,0.07529175555,0.01882293889,0.0,0.08156606852,0.1380348852,0.01882293889,0.1003890074,0.01254862593,0.3199899611,0.0,0.01254862593,0.332538587,14.95538056,3.986978389,6.429389237,2.455769505,2.854095937,2.37414052,0.1443293134,0.05006296304,62.04051867,0.02288443095,0.1526745917,126.5004669,0.6290626176,0.008416363408,0.1898117706,0.0,0.0,0.0,0.0,0.0,0.0,0.0,0.0,0.0,0.0,0.0,99.76157611,0.0,0,0.0,0.0,0.0,0.2384238926,0.0,0.0,0.0,0.0,5.427145314,2.857858917,14.24988027,766.7594902,0.0,17.24181202,0.0,52.00778015,0.0,4.429664952,0.03764587778,0.0,17.26063496,0.0,0.03137156481,0.0,0.6588028611,0.03137156481,6.757435061,1.543480989,0.05646881666,16.18145313,0.0,51.31133141,0.1066633204,4.373196135,0.07529175555,0.0,17.26690927,0.0501945037,0.1945037018,0.0,0.6588028611,0.03137156481,6.782532313,2.911281215,12.55490024,48.63761584,1688.440744,1340.684231,7.69715064,7.237455241,1343.256405,13.5936964,7.640618155,1.680519926,2.541239245,1.324577181,0.04936806235,469.0,4.99,55.7,1.45,13.98,139.56,99.95,3.130422438,6.63362628,388.6814531
6,S19S_0014,39.0944,-77.9815,Virginia,VA,12.5973,7.837393727,0.2143316425,9.45802672,13.39887119,3.940844467,47.66835751,0.0,0.0,0.0,0.0,0.0,172.3048117,0.0,0.0,0.0,0.0,0.0,0.0,0.0,0.0,0.0,0.0,0.0,0.0,0.0,0.0,0.0,0.0,0.0,0.2214760306,0.2929199114,0.02143316425,0.0,0.02143316425,0.0,0.01428877617,0.09287704508,0.0,0.0,1.845470426,35.82422934,1.18581121,0.5197086911,7.616624662,0.2169998494,0.08214504009,0.08291125065,13.25346828,0.04840160833,0.0864897044,107.1282152,0.5223262128,0.2675237551,0.339428449,0.0,0.0,100.0,0.0,0.0,0.0,0.0,0.0,0.0,0.0,0.0,0.0,0.0,0,0.0,0.0,0.0,0.0,0.0,0.0,0.0,0.0,3.825776289,2.426362915,8.617295309,551.8727196,0.0,3.565049653,0.85732657,9.759234122,0.0,77.95956276,0.2714867472,0.0,0.8716153461,0.03572194042,0.0,0.0,0.5215403301,0.0,6.158462528,0.0,0.0,3.565049654,0.85732657,9.759234122,0.0,77.95956276,0.2714867472,0.0,0.8716153461,0.03572194042,0.0,0.0,0.5215403301,0.0,6.158462528,0.0,86.47567336,720.2441155,1040.807931,1018.05728,12.07693194,11.87307914,973.9609144,18.36143339,12.15306272,5.939226445,4.308015832,0.6350567185,0.006647329983,404.0,34.88715439,11.21186254,0.6144638137,3.810971637,174.4031171,159.1588047,12.37856357,26.79205692,420.8603272
7,S19S_0015,31.185895,-84.437254,Georgia,GA,15123.8385,0.3422583493,0.006474546789,2.358696676,12.98383452,4.338595648,53.81172661,0.002924152308,0.0002644831205,0.02988659261,32170.19925,20563.66914,153.555658,0.001124053262,0.002578710425,0.01018260014,0.0,0.0,0.0,0.0,0.0,0.0,0.0,0.0,0.0,0.0,0.0,0.8756288954,0.8392690784,0.8533309847,1.004911551,0.9266100005,1.096656117,1.031940403,1.15842615,0.9796144015,1.138508587,1.044133736,1.205765322,1.193310151,10.6456141,13.57369492,3.887534009,2.051248521,1.696684405,1.583268694,0.1287463254,0.07894287531,52.01326038,0.2947261902,3.12768598,79.72153196,1.916587842,0.04310237371,0.1932196065,0.0,8.676154536,33.77502676,0.0,0.0,0.0,0.0,0.0,0.0,0.0,0.0,0.0,0.0,0,40.28890285,0.0,17.25991586,0.0,0.0009256909217,0.02400184318,30926.93208,19672.24808,2.558981131,1.608113423,5.808101005,374.7855533,0.2051026927,24.59480971,14.37985535,19.68005146,7.27854506,9.770644536,0.4788427224,0.0,3.849653644,0.9168386716,1.995035189,0.378034981,2.385882394,0.6306613232,5.101413242,8.354629018,0.2241990352,23.10791933,14.01375782,18.98699527,7.675825155,9.417496094,0.6800713985,0.0,3.53957165,0.93392362,4.486063508,0.4406262339,2.428222835,0.7666803636,5.084625838,8.214021857,53.86918143,112.2279474,1249.672355,1626.026548,17.42479418,17.48411225,1232.844894,24.37157583,17.87626298,11.37591416,1.773195163,0.3288847603,0.002401763422,405.2004069,27.03749515,50.49898832,0.4076803127,8.47936524,148.831389,148.9386072,21.43193125,51.6214493,526.2353266
8,S19S_0016,39.10415,-96.60276,Kansas,KS,13.2795,0.0,0.0,0.0,0.0,0.0,28.12151813,0.0,0.0,0.0,0.0,0.0,391.0890559,0.0,0.0,0.0,0.0,0.0,0.0,0.0,0.0,0.0,0.0,0.0,0.0,0.0,0.0,0.0,0.0,0.0,0.0,0.0,0.0,0.0,0.0,0.0,0.0,0.0,0.0,0.0,3.002500057,34.04999924,1.549999952,0.5649999976,1.960000038,0.4850000143,0.3449999988,0.3650000095,21.53249931,0.04349999875,0.01221499965,84.4164505,0.03680108438,0.0,0.4045787869,0.0,0.0,0.0,0.0,100.0,0.0,0.0,0.0,0.0,0.0,0.0,0.0,0.0,0,0.0,0.0,0.0,0.0,0.0,0.0,0.0,0.0,5.487746261,4.313651777,9.503810394,586.7738497,0.0,0.0,0.0,10.09827177,88.2683836,0.0,0.04066418163,0.0,0.0,0.0,0.0,0.0,0.0,0.0,0.9149440868,0.6777363606,0.0,0.0,0.0,10.09827177,88.2683836,0.0,0.04066418163,0.0,0.0,0.0,0.0,0.0,0.0,0.0,0.9149440868,0.6777363606,7.123009149,3.380301358,1078.744869,1065.043363,11.2287124,11.38323511,868.4104469,18.89439002,12.46459493,6.029807691,0.4291280865,0.1506080801,0.002959402086,235.0,43.05920705,9.781697052,1.951915283,1.182707557,109.0792863,174.4989055,3.441150282,7.341498066,345.2368011
9,S19S_0017,38.94684,-96.44389,Kansas,KS,23.6493,0.6964265327,0.007611218937,6.391939719,12.12684096,0.4036229402,25.21258134,0.0,0.0,0.0,0.0,0.0,424.1392187,0.0,0.0,0.0,0.0,0.0,0.0,0.0,0.0,0.0,0.0,0.0,0.0,0.0,0.0,0.0,0.0,0.0,0.0,0.0,0.0,0.0,0.0,0.007611218937,0.0,0.0,0.0,0.0,3.002500057,34.04999924,1.549999952,0.5649999976,1.960000038,0.4850000143,0.3449999988,0.3650000095,21.53249931,0.04349999875,0.01221499965,84.4164505,0.2634623435,0.06876546029,0.421186589,0.0,0.0,0.0,0.0,25.34535906,0.0,0.0,0.0,0.0,0.0,0.0,0.0,0.0,0,74.65464094,0.0,0.0,0.0,0.0,0.04228454965,15678.43818,2211.463003,4.897723092,3.855433306,8.463000501,523.876935,0.0,0.0,5.72363664,1.187350154,79.11862085,11.69844351,0.0,0.0,0.0,0.2968375385,0.05327853256,0.0,0.2740038817,0.0,1.598355977,0.04947292309,0.0,0.0,5.693191765,1.164516497,78.87506184,11.66419302,0.0,0.0,0.0,0.4642843551,0.05327853256,0.0,0.2778094912,0.0,1.758191574,0.04947292309,73.95060319,7.979012258,867.5267561,934.2495992,10.98031989,11.10822942,921.7165082,18.51493986,12.21321542,5.906386751,0.7916602009,0.3805609468,0.004563428516,235.0,44.63431328,10.18682764,1.926226738,1.104331545,125.1546387,167.8346992,0.9628549109,1.929884052,442.345968
12,S19S_0020,31.8531,-88.15748,Alabama,AL,46729.3446,0.932347979,0.09732963385,1.017024433,4.62983413,7.582469719,35.46439432,0.00101719333,0.2264101945,0.02550859658,90702.12557,71190.04206,116.0434167,0.0008987928326,0.001262589932,0.009458724572,0.0,0.0,0.0,0.0,0.0,0.0,0.0,0.0,0.0,0.0,0.0,1.452462057,1.219581625,1.199250931,1.159525571,1.452092268,1.341384745,1.40553159,1.412567212,1.037391181,1.215163416,1.336669935,1.346288302,1.300704098,9.638661738,9.918690415,5.182968676,1.821982989,1.642175589,0.8529121842,0.1552135325,0.298828027,51.75230249,0.5131114529,23.04750452,27.96781325,1.130510767,0.05553878611,0.2894542141,0.0,22.47428204,18.09814255,0.0,0.1498974587,0.0,0.0,0.0,0.0,0.0,0.0,0.0,0.0,0,58.83239415,0.0,0.0,0.4452837971,0.000920192662,0.01209090358,91786.13107,73425.1133,3.625216067,2.366034495,7.931116305,508.1047446,0.2197163279,16.06722256,5.057408402,24.36715515,3.132562018,13.29322303,0.4911126017,0.0,9.982994711,1.766470741,9.47080606,0.1437997913,1.319068361,0.4095413741,4.482174569,9.796744292,0.2788979839,15.92284113,4.904084617,23.30558516,3.242714857,13.00318708,0.5668808374,0.0,8.903301203,1.779018531,11.68933043,0.1745962857,1.39368871,0.5190220451,4.591714946,9.725136183,44.63979022,12.70153404,1419.81687,1922.322312,16.62512034,16.60792647,1419.325395,23.25567067,16.84369161,10.42671303,1.585690251,0.4031727849,0.003226350333,593.0383522,28.78255078,31.37334528,0.6004972392,4.500391626,132.8767083,134.217864,13.30088087,29.29048476,462.178797
13,S19S_0021,32.54108,-87.79821,Alabama,AL,16182.7929,2.13336599,0.2617335602,0.7802621017,4.226773037,18.33690769,34.88966508,0.0001309325736,0.579257243,0.02669502123,192119.3254,159776.0453,160.2813715,0.001606644796,0.002595349286,0.01538671362,0.0,0.0,0.0,0.0,0.0,0.0,0.0,0.0,0.0,0.0,0.0,1.359577431,0.9970256741,0.9923818527,0.8393081518,1.108916743,1.01301488,0.9664098216,1.190842651,0.8344696792,0.9419671928,1.234794891,0.9426679371,0.9626335884,8.548999223,4.457583467,3.968250753,1.741496529,1.621000773,0.6891954403,0.1540672362,0.3044801151,56.92836911,0.3236541539,17.88830225,56.10790486,1.810560395,0.04531886118,0.2735807105,0.0,12.7903744,8.393209432,0.0,0.4328430848,0.0,0.0,0.0,0.0,0.0,0.0,0.0,0.0,0,77.09777402,0.0,0.0,1.285799066,0.0009887044899,0.01439800913,188989.3292,158106.5522,3.441052545,2.264924026,7.461865095,502.4510777,0.4784137107,17.34787077,2.285666648,28.59033437,4.173877798,14.50257638,0.0784110634,0.0,10.40500185,2.017292701,7.264438266,0.2993735402,2.146913714,0.7055049194,5.314450388,4.389873889,0.6087243445,17.30328453,2.190704671,27.48608925,4.011021484,14.28694178,0.110122524,0.0,9.603923189,2.029794869,9.06015673,0.3509950375,2.260361992,0.89990585,5.457168645,4.340805103,36.56568329,8.203979714,1377.724378,2015.118123,16.55935032,16.38056936,1429.334848,22.99855603,16.5633976,10.12325925,1.959629833,0.4081495723,0.005119891837,644.6020307,26.63256835,33.01951825,0.5481589031,5.193823617,106.76319,166.5105185,24.77035435,54.46635216,408.8699601
14,S19S_0022,32.96142,-87.40828,Alabama,AL,14.3658,0.0,0.0,0.0,0.0,0.0,38.90940985,0.0,0.8353172117,0.0,0.0,0.0,119.2078781,0.0,0.0,0.0,0.0,0.0,0.0,0.0,0.0,0.0,0.0,0.0,0.0,0.0,0.0,0.213005889,0.0,0.1002380654,0.1127678236,0.0,0.06264879088,0.01879463726,0.01879463726,0.1065029445,0.06264879088,5.350206741,0.03132439544,0.006264879088,13.16299116,1.086455589,9.062679416,2.346644552,1.171014175,1.087717993,0.1338337927,0.465720296,65.61609556,0.9345538554,18.08683798,9.249621143,0.01898258364,0.0,0.25,0.0,100.0,0.0,0.0,0.0,0.0,0.0,0.0,0.0,0.0,0.0,0.0,0.0,0,0.0,0.0,0.0,0.0,0.0,0.0,0.0,0.0,2.813285954,1.659720875,6.755517292,408.5503289,0.0,35.91028693,0.0,45.48928706,0.0,0.0,0.0,0.0,13.76393936,0.1190327027,0.2568600426,0.0,0.0,0.0,0.501190327,3.959403584,0.0,35.92281669,0.0,45.48302218,0.0,0.0,0.0,0.0,13.70755544,0.1190327027,0.3069790753,0.0,0.0,0.0,0.501190327,3.959403584,2.318005263,0.01869815927,1236.262152,1879.394645,17.08124625,16.83282375,1378.231532,23.88139315,17.22144628,10.55685788,0.5747155051,0.0,0.0,652.0,25.11,40.89,0.19,6.3,152.4,165.27,1.616338804,3.706302785,295.3399323
15,S19S_0023,39.75854,-102.44917,Colorado,CO,2890.5867,0.02767950188,0.0,1.660510442,10.86990914,0.6339689448,42.26292974,0.0,0.0,0.0,0.0,0.0,1488.118672,0.0,0.0,0.0,0.0,0.0,0.0,0.0,0.0,0.0,0.0,0.0,0.0,0.0,0.0,0.0002179488337,0.0001556777384,0.0,0.0004981687628,0.0,3.11e-05,3.11e-05,0.0005915754058,0.0,0.0002179488337,0.0,9.34e-05,0.0,8.380466062,8.492038715,3.042993234,1.771285314,3.160047565,1.089607228,0.1067259334,0.02848188304,59.64611129,0.02832586479,54.39848938,51.30811868,0.1019795047,0.166631031,0.2740777262,0.0,2.465312665,0.0,0.0,0.0,17.01028376,30.44106928,0.0,0.0,0.0,0.0,0.0,0.0,0,50.08333429,0.0,0.0,0.0,0.0,0.0,0.0,0.0,2.238448449,1.717913005,4.020904746,214.6667537,0.06675461421,0.001899268408,56.56749891,0.1745147447,39.17620945,0.3447950549,0.2815587576,0.0,0.0,0.005853482962,0.1095971278,0.0002179488337,0.02970331248,0.001619048479,3.018747025,0.2210312529,0.06722164743,0.001619048479,56.63540554,0.172086172,39.07816361,0.3446705127,0.281807842,0.0,0.0,0.005853482962,0.1092857723,0.0006849820488,0.03041943008,0.003549452435,3.048730557,0.2205019486,65.07889903,29.7273398,447.0721042,610.3944114,9.169631236,8.875794527,422.6524849,17.53873145,9.54445046,1.545048515,0.6879095093,0.1435694698,0.0006979110884,1.125968821,20.32163663,34.60368241,0.7086813037,9.256355867,149.0733038,182.1110814,0.282365231,0.562924204,613.1969529
18,S19S_0026,40.03497,-105.54393,Colorado,CO,14.1399,0.0,0.0,0.0,0.0,0.0,68.08885494,0.0,0.0,0.0,0.0,0.0,2988.469841,0.0,0.0,0.0,0.0,0.0,0.0,0.0,0.0,0.0,0.0,0.0,0.0,0.0,0.0,0.0,0.0,0.0,0.0,0.0,0.0,0.0,0.0,0.0,0.00636496722,0.0,0.0,0.05091973776,13.15792721,4.233395132,5.684227592,2.553178426,1.765708517,2.077642789,0.1291821649,0.06544892874,62.12664176,0.23614132,0.1002771326,94.76726845,0.3710139393,0.0,0.2191025396,0.0,0.0,0.0,0.0,0.0,0.0,0.0,0.0,0.0,0.0,0.0,28.52778308,0.0,0,0.0,0.0,71.47221692,0.0,0.0,0.0,0.0,0.0,2.376344667,1.522241578,5.304765205,224.9553572,0.0318248361,73.80815989,0.0,4.818280186,11.76245942,0.0,0.0,3.437082299,0.0,0.0,3.882630004,0.0,0.4710075743,0.0,0.8401756731,0.9483801158,0.0318248361,73.80815989,0.0,4.818280186,11.76245942,0.0,0.0,3.437082299,0.0,0.0,3.882630004,0.0,0.4710075743,0.0,0.8401756731,0.9483801158,1.584876838,0.0,704.2986553,758.5843989,2.744275279,3.007321489,792.9476943,8.725757692,2.451116995,-3.827145034,0.6725658822,0.070721858,0.006040431686,91.0,14.0849424,57.27625485,0.2551136147,11.29372669,127.2597148,175.8669862,3.961941998,5.431662592,391.6601108
19,S19S_0027,39.89071,-105.91164,Colorado,CO,7.8138,0.0,0.0,0.0,0.0,0.0,63.80188897,0.1990755005,0.0,0.0,0.0,0.0,3099.53471,0.0,0.0,0.0,0.0,0.0,0.0,0.0,0.0,0.0,0.0,0.0,0.0,0.0,0.0,0.1842893343,0.0,0.2303616678,0.1036627505,0.1497350841,0.06910850035,4.814558857,0.8753743377,0.01151808339,0.3225063349,0.06910850035,0.2418797512,0.06910850035,13.38649957,4.038354755,5.314829886,2.741564979,1.68320688,2.271713402,0.1282673953,0.05781548589,62.89968454,0.1865438704,0.09184952544,106.4988452,0.1541119558,0.0,0.1999228288,0.0,0.0,0.0,0.0,0.0,0.0,0.0,0.0,0.0,0.0,0.0,22.51785303,0.0,0,0.0,0.0,77.48214697,0.0,0.0,0.0,0.0,0.0,2.902710698,1.816134111,6.623661245,281.3530199,0.2188435844,95.64616448,0.0,0.0,2.292098595,0.0,0.0,1.370651924,0.0,0.0,0.0,0.0,0.0,0.0,0.3800967519,0.09214466713,0.2188435844,92.45565538,0.0,0.0,2.292098595,0.0,0.0,1.370651924,0.0,0.0,3.190509099,0.0,0.0,0.0,0.3800967519,0.09214466713,0.3800967519,0.0,695.4469428,561.0646638,1.37417286,1.894329335,637.4772755,8.33597928,1.762236995,-4.816804558,1.589469878,0.383936113,0.03116631728,147.0,13.79049988,56.73470629,0.2223727252,12.80313753,132.7462555,174.3397547,7.983466357,4.952010855,278.9761576
20,S19S_0028,33.750837,-111.508141,Arizona,AZ,272.7927,0.0,0.0,0.0,0.0,0.0,31.18720699,0.0,0.0,0.0,0.0,0.0,1263.867093,0.0,0.0,0.0,0.0,0.0,0.0,0.0,0.8073163248,0.0,4.530473139,0.0,0.0,0.0,0.0,0.0,0.0837998964,0.006268496188,0.1355974702,2.104235194,0.3196933056,0.000989762556,0.005608654484,0.01418659664,0.008907863004,0.001979525112,2.67202898,0.000329920852,13.35823817,4.75445018,5.138479417,2.486647304,2.444323756,2.598954032,0.1720861691,0.2378688712,62.51407901,0.01944527842,1.32485668,133.2452934,0.2295721256,0.0,0.2038874574,0.0,0.0,0.0,0.0,0.0,0.0,0.0,0.0,0.0,0.0,0.0,0.0,0.0,0,17.21065116,0.0,82.78934884,0.0,0.0,0.0,0.0,0.0,2.186301465,1.347907292,5.059906182,220.3209162,0.06334480358,19.58014272,0.0,0.0,0.4780553145,0.0,0.009567704708,0.0,0.0,0.00164960426,78.83656711,0.0,0.156052563,0.009237783856,0.7281353203,0.1372470744,0.06334480358,17.17501971,0.0,0.0,0.4892726235,0.0,0.009567704708,0.0,0.0,0.00164960426,81.22684368,0.0,0.1636407426,0.01154722982,0.7228565867,0.1362573119,5.944513911,0.001730549022,581.7317512,313.2732789,16.95245798,17.29714692,603.4815981,24.05775201,16.57369514,9.08495774,0.6110179888,0.2639366816,0.01849181705,82.36426231,17.18242258,52.24628225,0.3099074242,10.3061876,94.43137471,182.88,0.177370358,0.3588772006,268.851948
22,S19S_0031,44.2605576,-122.1642723,Oregon,OR,8.2719,0.0,0.0,0.0,0.0,0.0,64.26895876,0.0,0.0,0.0,0.0,0.0,1131.584677,0.0,0.0,0.0,0.0,0.0,0.0,0.0,0.0,0.0,0.0,0.0,0.0,0.0,0.0,0.0,0.0,0.0,0.0,0.0,0.0,0.0,0.0,0.0,0.0,0.0,0.0,0.0,15.63125539,7.471013045,8.393856307,1.419513811,4.278076622,3.178733504,0.3012263602,0.01631191704,55.50219475,0.00822443433,0.2107994945,100.6135797,0.02045479273,0.0,0.2272658035,0.0,0.0,0.0,0.0,0.0,0.0,0.0,0.0,0.0,0.0,0.0,0.0,0.0,0,14.69916222,0.0,85.30083778,0.0,0.0,0.0,0.0,0.0,0.8343271245,0.4637343838,2.11952836,140.1528242,0.0,93.25427048,0.0,0.0,0.0,0.0,0.0,0.0,0.0,0.0,6.745729518,0.0,0.0,0.0,0.0,0.0,0.0,93.70035905,0.0,0.0,0.0,0.0,0.0,0.0,0.0,0.0,6.299640953,0.0,0.0,0.0,0.0,0.0,0.0,0.0,2317.870691,1914.673196,8.170253522,8.861222795,2254.05851,13.47905047,8.160919859,2.837239129,1.153338426,0.24178242,0.02639481135,1285.0,15.13747797,35.32929823,3.3454042,7.866525949,108.8718845,181.0521543,0.322947939,0.6051831766,292.2216299
23,S19S_0032,36.95497,-119.02375,California,CA,3.0492,0.0,0.0,0.0,0.0,0.0,72.39669421,0.0,0.0,0.0,0.0,0.0,2308.263819,0.0,0.0,0.0,0.0,0.0,0.0,0.0,0.0,0.0,0.0,0.0,0.0,0.0,0.0,0.0,0.0,0.0,0.0,0.0,0.0,0.0,0.0,0.0,0.1180637544,0.0,0.0,0.0,13.10538537,2.899001427,4.922953248,2.587303744,2.057108676,2.048696973,0.1308254925,0.0409001209,64.46737511,0.02754415262,0.118094308,130.6451278,0.003541912633,0.0,0.2041528926,0.0,0.0,0.0,0.0,0.0,0.0,0.0,0.0,0.0,0.0,0.0,0.0,0.0,0,0.0,0.0,100.0,0.0,0.0,0.0,0.0,0.0,2.003565112,1.482355876,3.785001773,188.5074721,0.0,96.45808737,0.0,0.0,0.0,0.0,0.0,0.0,0.0,0.0,3.541912633,0.0,0.0,0.0,0.0,0.0,0.0,96.45808737,0.0,0.0,0.0,0.0,0.0,0.0,0.0,0.0,3.541912633,0.0,0.0,0.0,0.0,0.0,0.0,0.0,963.7967633,1065.586076,9.382051767,9.433500296,1204.211754,13.58606256,8.411040159,3.230855407,0.604013963,0.0,0.0,446.0,10.94562869,51.52314935,0.947311098,14.18681818,111.9967857,169.0671517,0.2324168179,0.364040628,311.1151122
25,S19S_0034,35.868,-106.5233,New Mexico,NM,4.9698,0.0,0.0,0.0,0.0,0.0,60.0,0.0,0.0,0.0,0.0,0.0,2992.310503,0.0,0.0,0.0,0.0,0.0,0.0,0.0,0.0,0.0,0.0,0.0,0.0,0.0,0.0,0.0,0.0,0.0,0.07243752264,0.05432814198,0.0,0.0,0.01810938066,0.0,0.0,0.0,0.4346251358,30.42375951,14.26278477,1.941005398,5.973578217,3.516515235,0.9455498411,3.254508155,0.1379575117,0.02569352765,66.21307561,0.08230148083,1.263734455,23.77709218,0.0,0.0,0.2751484969,77.4357117,22.5642883,0.0,0.0,0.0,0.0,0.0,0.0,0.0,0.0,0.0,0.0,0.0,0,0.0,0.0,0.0,0.0,0.0,0.0,0.0,0.0,2.596476088,1.531886514,6.228085516,267.0229518,0.5795001811,64.66859833,0.0,0.0,30.56863455,0.0,4.183266932,0.0,0.0,0.0,0.0,0.0,0.0,0.0,0.0,0.0,0.5795001811,64.66859833,0.0,0.0,30.56863455,0.0,4.183266932,0.0,0.0,0.0,0.0,0.0,0.0,0.0,0.0,0.0,7.243752264,0.0,719.5474011,638.8878649,4.10314584,4.486050473,755.4832906,10.5431334,3.943705122,-2.660542761,1.664653781,1.207292044,0.1173215663,23.0,16.51859833,55.47690873,0.4442031873,8.897464687,151.2398932,172.082988,0.987505609,1.266652397,362.9322709
26,S19S_0035,32.327329,-110.759543,Arizona,AZ,1.1016,0.0,0.0,0.0,0.0,0.0,10.0,0.0,0.0,0.0,0.0,0.0,1370.094338,0.0,0.0,0.0,0.0,0.0,0.0,94.93464052,0.0,0.0,0.0,0.0,0.0,0.0,0.0,0.0,0.0,0.0,0.0,0.0,0.0,0.0,0.0,0.0,0.0,0.0,0.0,0.0,13.66558743,4.989492893,6.554143906,2.075143099,2.849329948,2.430875063,0.138628006,0.03574400023,60.26811981,0.01883500069,11.2496748,125.8915176,0.0,0.0,0.18,0.0,0.0,0.0,0.0,0.0,0.0,0.0,0.0,0.0,0.0,0.0,0.0,0.0,0,0.0,0.0,100.0,0.0,0.0,0.0,0.0,0.0,1.793646826,1.133431111,4.05607295,181.8295003,0.0,14.95098039,0.0,0.0,0.0,0.0,0.0,0.0,0.0,0.0,85.04901961,0.0,0.0,0.0,0.0,0.0,0.0,14.95098039,0.0,0.0,0.0,0.0,0.0,0.0,0.0,0.0,85.04901961,0.0,0.0,0.0,0.0,0.0,2.777777778,0.0,425.967804,245.9745789,16.948946,17.7325592,476.8650446,24.50074313,17.14536671,9.787570079,0.0,0.0,0.0,12.0,12.5,65.97579248,0.22,10.16,41.36,182.88,1.921527098,2.906963951,187.002451
29,S19S_0038,39.8595761,-75.784143,Pennsylvania,PA,8.667,8.245067497,0.1453790239,15.87788162,100.5599169,9.923676012,58.16386293,0.0,0.0,0.0,0.0,0.0,129.2858328,0.0,0.0,0.0,0.0,0.0,0.0,0.0,0.0,0.0,0.0,0.0,0.0,0.0,0.0,0.0,0.0,0.0,0.01038421599,0.0,0.0,0.01038421599,0.02076843198,0.0,0.0,0.0,0.0,0.03115264798,11.68853443,6.57556359,4.768161896,2.119541438,2.132049668,1.933135677,0.1169731327,0.05684048614,59.21012239,0.01299183783,0.09545931578,142.1458353,0.4990654206,0.2117050883,0.32,0.0,0.0,0.0,0.0,0.0,0.0,0.0,0.0,0.0,0.0,0.0,0.0,0.0,0,0.4049844237,0.0,99.59501558,0.0,0.0,0.0,0.0,0.0,5.128575909,3.626329074,10.26375145,687.26848,0.0,0.1765316719,20.31152648,20.90342679,0.0,45.8463136,0.0,0.0,0.5192107996,0.0,2.969885774,0.0,0.2907580478,0.05192107996,7.923156802,1.007268951,0.0,0.1038421599,20.36344756,18.08930426,0.1246105919,45.81516096,0.2284527518,0.0,0.3219106957,0.0,2.481827622,0.0,0.3322949117,0.02076843198,7.995846314,4.122533749,81.85877466,129.6289924,1116.264274,1352.758819,11.32733822,10.97712707,1193.014896,17.07717955,11.49977106,5.915764647,1.660003345,0.6922810661,0.007172116072,538.0,19.75,27.04770509,0.48,3.99,147.43,151.48,15.41520482,41.22403135,429.1668744
30,S19S_0039,35.966243,-84.357361,Tennessee,TN,50.5476,0.9899579802,0.1940744961,0.3826650523,0.7926073641,0.151627377,40.871804,0.0,0.0,0.0,0.0,0.0,285.9805208,0.03956666588,0.01978333294,0.07913333175,0.0,0.0,0.0,0.0,0.0,0.0,0.0,0.0,0.0,0.0,0.0,0.6196139876,0.06943949861,0.0,0.01424399972,0.001780499964,0.1406594972,0.4558079909,0.2795384944,0.01602449968,0.1370984973,0.005341499893,0.01424399972,0.4842959903,4.953317727,23.30322385,1.934240073,1.266798518,4.246391436,0.3825629225,0.1790572763,0.2331499699,33.94352216,0.05079182614,0.05126979343,95.18423203,15.76796524,0.01244569475,0.3243501175,0.0,0.0,49.18097002,0.0,1.622035468,0.0,0.0,0.0,0.0,0.0,0.0,0.0,0.0,0,49.19699452,0.0,0.0,0.0,0.0,0.0,0.0,0.0,3.442301809,2.02841888,8.293416252,609.4188657,0.1246349975,4.362224913,0.0,39.35617121,1.219642476,3.815611424,0.0,0.0,2.661847447,0.09080549818,0.01068299979,4.469054911,15.61142369,7.752296845,17.61448615,2.911117442,0.1549034969,4.330175913,0.0,39.22797522,1.162666477,2.920019942,0.04451249911,0.0,2.660066947,0.08902499822,0.06943949861,4.880350402,15.81083968,8.475179831,17.31892315,2.855921943,50.45580799,1.331672337,1184.347466,1626.213212,14.4168178,14.32743699,1342.137559,20.46643322,14.47648801,8.482282344,4.794761281,0.8902499822,0.01217640561,662.0,33.56911153,20.58640624,0.4360788049,6.948656613,117.927685,174.7618827,148.4603958,295.500099,368.4361691
32,S19S_0041,44.300082,-120.85829,Oregon,OR,6719.3595,0.01818923366,0.001620690186,0.7158747943,1.021741894,0.01376434763,61.80905805,0.005812106132,0.0,0.004911182383,30723.55537,30506.02366,1387.286974,0.0,0.0001488237086,0.0,0.0,0.0,0.007621262116,0.0,0.0,0.0,0.1645201451,0.428839981,0.00703192023,0.00283955636,0.0,0.02725706222,0.1041393901,0.01067512462,0.2691551181,0.0101929358,0.06202823349,0.08017728475,0.06500173119,0.02175207324,0.04178969737,0.01513537116,0.02185922631,0.01303249216,13.9289164,5.527914549,7.393792413,1.988748176,3.546812508,2.607300479,0.225239389,0.05468382349,58.94219771,0.05126063779,6.832359081,112.5950465,0.1867999472,0.003524134555,0.3443868199,0.0,3.596914259,0.909957266,0.0,0.7478882474,0.0,0.0,9.192702072,0.0,1.751108867,0.0,0.0,0.0,0,36.60836423,0.0,46.87527584,0.3177892179,0.0002976474171,0.004613534966,2644.157664,2411.940263,0.3380694307,0.2308349386,0.7040389268,37.19500711,0.0701986551,17.09127633,0.519357537,0.0,0.2756378789,0.6141076393,1.240698611,0.0,0.0,0.2551046718,79.1467535,0.00255827955,0.133271631,0.005638930318,0.4408679131,0.2045284227,0.07013168443,16.64227818,0.5161429449,0.0,0.4232546272,0.5824573012,1.2708622,0.0,0.0,0.2558815316,79.4490591,0.003669992653,0.1323340417,0.01798832165,0.4321751203,0.2037649571,6.216619307,3.566547481,284.3714806,347.5046322,6.826641486,7.120357714,387.4927728,14.48334187,6.977273014,-0.5336795356,0.9784265452,0.2637156116,0.008672087476,130.0926145,29.09833371,28.74962245,1.273838575,3.764517424,84.53637199,175.1557393,0.5633878981,1.063426563,438.5411288
34,S19S_0043,43.145025,-89.472134,Wisconsin,WI,32.8626,6.720709865,0.1944459659,24.18943419,42.54003944,8.341184203,56.51059867,0.0,0.0,0.0,0.0,0.0,287.4667771,0.0,0.0,0.03042972863,0.0,0.0,0.0,0.0,0.0,0.0,0.0,0.0,0.0,0.0,0.0,0.0,0.0,0.0,0.002738675576,0.0,0.0,0.0,0.005477351153,0.0,0.0,0.008216026729,0.008216026729,0.0,5.98200289,8.282814453,2.125107926,1.313063204,5.643693852,0.524750813,0.132098521,0.1584036236,56.60724469,0.03998249171,0.2777212942,95.3122368,1.501752752,0.2595064907,0.3111968012,0.0,0.0,0.0,0.0,0.0,0.0,0.0,0.0,0.0,0.0,0.0,0.0,100.0,0,0.0,0.0,0.0,0.0,0.0,0.0,0.0,0.0,6.392226127,4.786944416,11.8781487,711.5577706,0.1697978857,0.0,59.36900915,2.796187764,0.8106479706,24.04283289,3.223421154,0.0,0.0,0.1150243742,1.393985868,0.06298953826,2.566139015,0.3806759051,4.551678808,0.517609684,0.1095470231,0.0,59.18551788,2.815358493,0.8106479706,23.95519527,3.056361943,0.0,0.0,0.1150243742,1.393985868,0.1478884811,2.692118092,1.1885852,4.01215972,0.517609684,95.28947801,103.9125597,1171.73308,967.6497869,6.93385183,7.237668254,897.0488425,13.45116773,8.001515197,2.546747417,1.673738619,0.5781648439,0.003133759654,239.0,19.03355997,34.91411021,2.715636309,10.51650199,151.2832362,158.4963846,38.41002064,96.3017557,492.7530262
35,S19S_0044,33.130796,-79.810168,South Carolina,SC,193.2372,0.0,0.0,0.01542560128,0.2313840192,0.007712800641,65.60116065,0.0,0.0,0.0,0.0,0.0,8.980816597,0.0,0.0,0.0,0.0,0.0,0.0,0.0,0.0,0.0,0.0,0.0,0.0,0.0,0.0,0.05495836205,0.09687575684,0.007451981296,0.1108482218,0.06054734803,0.3614210928,0.289230024,0.1527656166,0.1131769659,0.3148462097,0.3115859679,0.9328949084,0.2193676994,14.46359553,3.833642371,7.546468027,2.056623093,1.41758915,0.8017970665,1.557839668,1.551104787,57.7830987,1.364010965,4.108104171,0.3421699763,0.07077053487,0.0005576876502,0.1502927697,0.0,92.24761071,0.0,7.752389292,0.0,0.0,0.0,0.0,0.0,0.0,0.0,0.0,0.0,0,0.0,0.0,0.0,0.0,0.005174987011,0.0,0.0,0.0,2.509531218,1.381359751,6.384606454,431.494312,0.02654768337,33.05466028,0.02375319038,0.008849227788,0.1872310301,0.3618868417,4.683570244,0.0,0.9063472251,0.03213666934,5.357508803,0.0,0.05076662258,0.0,0.8052797287,54.50146245,0.0,30.27460551,0.02747918103,0.008849227788,0.1080537288,0.3642155858,0.8281014215,0.0,0.8653613279,0.03213666934,4.541516851,0.0,0.05123237141,0.0,0.8131974589,62.08525067,16.10745757,0.928291998,1472.039473,1414.631865,18.27858809,17.83839951,1221.295229,24.29070496,18.08701995,11.87810461,1.227274485,0.2483993765,0.0003148941301,337.2361253,22.28966769,56.6824435,2.983329545,9.997392412,152.4,27.48289263,1.883178265,4.199167775,1232.719079
36,S19S_0052,42.13247,-74.69548,New York,NY,91.6173,9.39025708,1.42440347,1.228916373,1.5020089,1.092370109,43.18624321,0.0,0.0,0.0,0.0,0.0,645.6906113,0.0,0.0,0.0,0.0,0.0,0.0,0.0,0.0,0.0,0.0,0.0,0.0,0.0,0.0,0.004911736102,0.005894083323,0.002947041661,0.01080581942,0.01178816665,0.02848806939,0.02554102773,0.01375286109,0.02161163885,0.003929388882,0.0,0.01178816665,0.01375286109,7.923560143,1.983332992,2.375,1.626667023,1.269999981,0.6083329916,0.1733330041,0.25,68.5,0.02486700006,0.1555300057,85.6822052,0.1142568052,0.04307179976,0.3213991571,0.0,0.0,0.0,0.0,0.0,0.0,0.0,0.0,0.0,0.0,0.0,0.0,100.0,0,0.0,0.0,0.0,0.0,0.0,0.0,0.0,0.0,4.27144523,2.244112432,11.21641788,585.1623051,0.0,3.303633702,1.271157303,75.35094354,0.3025629439,12.38346906,0.04420562492,0.0,4.089511479,0.006876430543,0.0,0.0,0.05009970824,0.0,2.685737301,0.5118029019,0.0,3.546273466,1.211234123,75.46686052,0.2642514023,12.35006926,0.0815348193,0.0,3.659243396,0.005894083323,0.07858777764,0.0,0.06188787489,0.0,2.717172412,0.556990874,17.81879623,8.738233605,1362.266647,1138.300468,6.306820107,5.948455,1122.06144,12.40772771,6.337909299,0.2633863397,1.453167667,0.3601939808,0.0076741551,496.0,14.5322648,26.08757871,1.692761575,3.158759197,105.3330671,142.3494915,8.325900863,8.572862185,353.8180202
37,S19S_0053,41.869583,-72.796767,Connecticut,CT,1285.5114,0.7663409286,0.06595040697,0.3060098884,1.322529695,0.106888667,48.59344305,0.01124515191,0.0,0.05834253979,380960.8978,236768.0133,290.7109562,0.004667403183,0.02644861804,0.05134143501,0.0,0.0,0.0,0.0,0.0,0.0,0.0,0.0,0.0,0.0,0.0,0.08996419635,0.1094972787,0.09059429578,0.09360477083,0.1238495435,0.1186687259,0.07806231823,0.1183186707,0.08233299215,0.0931146935,0.04550718103,0.08562351139,0.06931093727,13.28731889,3.076087455,5.078319842,2.469873287,2.012406951,2.202437197,0.1321170795,0.03375804975,65.64508043,0.02634939645,0.2172591568,125.4470367,3.494145676,0.009018830171,0.2329751125,0.0,0.0,0.0,0.0,0.0,0.0,0.0,0.0,19.97387188,0.0,0.0,80.02612812,0.0,0,0.0,0.0,0.0,0.0,0.006223204244,0.04200662865,362442.0136,222590.2628,5.049135622,2.616100321,13.39165464,723.962313,0.2032420716,6.888947076,0.3201605213,52.64088673,0.1204190021,3.504963083,0.3756792822,0.0,12.78268711,3.336026425,0.7834236242,0.2955866436,4.559609506,1.9024102,8.162588056,4.123370668,0.2382475955,6.249676199,0.2876753952,50.66881554,0.3309422227,3.17402086,0.5817918067,0.0,12.27335674,3.651986283,0.8154886841,0.3487950399,4.387312318,2.110693067,8.487789373,6.39340888,20.01986914,4.0953263,1658.20087,1338.737418,8.44328815,7.908482493,1299.71236,14.10099693,8.408096947,2.710188723,2.711631927,0.4939668369,0.009886750417,696.4212411,6.004912934,46.89876361,2.441722711,11.43397114,130.1738305,122.6703226,59.96313359,136.1645233,450.0361894
38,S19S_0054,37.5728,-77.02396,Virginia,VA,3580.2882,1.116714571,0.0217440596,4.37231365,8.58464207,0.823453702,44.22308962,0.0,0.0,0.02765140527,194077.1401,110663.775,85.04201177,0.001117228496,0.0008379213718,0.004189606859,0.0,0.0,0.0,0.0,0.0,0.0,0.0,0.0,0.0,0.0,0.0,0.7963604718,0.7138084582,0.5652701366,0.7025216573,0.8730051396,0.8452029085,0.7880650502,0.8594056758,0.901209573,0.7839173394,0.6729346537,0.8839902888,1.001031146,13.51619491,2.914446599,7.287640721,2.447767777,1.815805654,2.62613,0.1494511775,0.06568228441,64.82920998,0.2609565079,5.030226727,89.21957809,0.6963383004,0.05860816903,0.2878591,0.0,27.63802716,0.0,0.0,1.7419298,0.0,0.0,0.0,0.0,0.0,0.0,0.0,0.0,0,0.0,0.0,70.62004304,0.0,0.001675842744,0.02178595567,181508.3705,110072.5791,3.583526538,2.247245029,8.155914165,513.272543,0.2037657192,12.66162875,7.575454401,39.77697382,1.222594315,13.28182463,0.1125914947,0.0,3.509566632,1.995149441,7.957194619,0.075865401,0.6119507363,0.2151530706,4.488376103,6.311910868,0.2592193556,11.01483674,7.884923901,37.30219819,2.099018174,12.82846727,0.3334005346,0.0,3.438376832,1.992786502,9.511128182,0.09356230038,0.6505621531,0.3157287729,5.328752585,6.947038509,39.51493905,27.75587402,1105.25354,1278.647396,13.99921607,13.56105669,1116.345194,20.25589042,13.71673338,7.172477379,2.775774949,0.3016516939,0.002537523901,359.3658253,28.56638072,36.60045456,0.4236150235,7.660940435,139.1636692,160.0292751,14.02754797,33.25535674,463.4440142
39,S19S_0055,46.7322206,-117.180384,Washington,WA,330.1911,39.57735384,5.594760125,2.356286405,41.46752472,0.0,45.75427321,0.0,0.0,0.003028549225,7.471309796,7.471309796,836.7039847,0.003028549225,0.0,0.00605709845,0.0,0.0,0.0,0.0,0.0,0.0,0.0,0.0,0.0,0.0,0.0,0.1221111048,0.02507638758,0.1024861058,0.1594531167,0.1905260317,0.08422395395,0.003815972023,0.1177499939,0.06459895497,0.005178819175,0.008722221768,0.01935242955,0.01471874923,12.69599465,3.864153389,6.69854168,2.49887969,1.428773276,2.12261793,0.146724481,0.02661014038,65.32325839,0.08748409137,23.45007256,52.36372665,2.712531925,0.253973926,0.3422012435,0.0,0.0,0.0,0.0,0.0,0.0,61.01602981,0.0,0.0,0.0,0.0,0.0,0.0,0,0.6661596875,0.0,38.3178105,0.0,0.003028549225,0.0,0.0,0.0,1.512611285,1.217545396,2.519596395,140.9149698,0.001362847151,9.674306788,74.79196138,0.0558767332,0.5266041392,0.2594860976,0.06896006585,0.0,0.001362847151,0.006814235756,4.301145609,0.2180555442,2.960376582,1.8180381,5.294116044,0.02153298499,0.001362847151,9.610525541,74.42726348,0.05233333061,0.5266041392,0.2442222095,0.07059548243,0.0,0.001362847151,0.006814235756,4.347754982,0.3088211645,3.090119631,2.435680429,4.855006692,0.02153298499,87.32715691,76.10942688,570.4909424,616.4910772,7.868801809,8.058841663,621.0709094,14.32134835,8.244810388,2.163626106,2.339171288,0.7692515031,0.01166232497,201.1150407,22.96983073,7.383902486,1.886058128,3.017615345,148.6577923,144.116414,44.69825021,113.3640977,385.5676476
40,S19S_0059,48.16859001,-117.3903992,Washington,WA,7.236,0.0,0.0,0.0,0.0,0.0,79.0,0.0,0.0,0.0,0.0,0.0,1103.736386,0.0,0.0,0.0,0.0,0.0,0.0,0.0,0.0,0.0,0.0,0.0,0.0,0.0,0.0,8.955223881,0.08706467662,0.0,0.0,0.4850746269,8.258706468,0.1492537313,3.669154229,2.089552239,0.01243781095,2.189054726,0.0,0.0,15.15384363,2.977028647,3.986785855,3.505442743,1.406800643,3.436698567,0.1359365789,0.03063899491,67.09304589,0.005666912011,0.03310798541,163.6259227,0.1138059701,0.0,0.283221393,0.0,0.0,0.0,0.0,0.0,0.0,0.0,0.0,0.0,0.0,0.0,0.0,0.0,0,0.0,0.0,100.0,0.0,0.0,0.0,0.0,0.0,1.33518336,1.019301577,2.410850748,132.8119663,0.0,70.65920398,0.0,0.1741293532,0.2487562189,0.0,0.0,0.0,0.0,0.0,28.19651741,0.0,0.0,0.0,0.0,0.7213930348,0.0,62.960199,0.0,0.1741293532,7.288557214,0.0,0.0,0.0,0.0,0.0,28.85572139,0.0,0.0,0.0,0.0,0.7213930348,0.01243781095,0.0538523137,684.9582447,656.2689196,5.843670732,6.065148336,778.7964564,11.74214266,6.365472793,0.9825504212,1.125668339,0.690989497,0.07774221531,190.0513682,8.777794776,43.93220647,0.7187313433,6.524115672,101.4043881,179.3249478,2.17987332,3.595517262,264.9630597
41,S19S_0060,46.2530248,-119.4772256,Washington,WA,14059.7442,0.9776891958,0.1248308629,3.083397847,13.92646661,1.980083521,67.03570805,0.146726783,0.0,0.002560501776,57587.37746,56640.08092,883.3036745,0.0003556252467,0.0007112504934,0.002987252072,0.0,0.07484986818,0.0,0.0,0.1767130301,0.02666122475,0.0312061154,0.07916431367,0.0,0.3559353519,0.4690647217,0.5183415784,0.3950150103,0.3924032985,0.4181619464,0.4972174387,0.483640378,0.3468007619,0.2842028947,0.3373333065,0.4100835633,0.2554868673,0.6667610638,0.3622725938,13.17431091,5.499341306,7.765604968,1.847668108,3.364213307,2.338411522,0.2208757743,0.08348130083,59.86746462,0.151934656,18.16508458,96.26571339,1.33516885,0.06664013197,0.3606273876,0.0,7.654069553,0.0,0.0,0.4291529002,0.0,8.718995044,3.674672118,11.82619596,0.0,0.0,0.0,0.0,0,12.62118695,0.0,54.76189958,0.3138279002,0.0004267502961,0.0006401254441,43877.3312,42518.63616,0.814157347,0.5916214674,1.569079268,91.9629982,0.7248460466,32.20069751,11.55674155,0.05119723302,4.967827935,3.144725065,0.5583942274,0.05082596026,0.02911930645,0.5520121767,40.06892103,0.1199659095,1.869249513,0.5842488941,2.58863529,0.9325923583,0.7392616716,31.3755054,11.60156954,0.08831170627,5.165575487,3.178779739,0.5244803814,0.05082596026,0.02728854768,0.5897475717,40.32814623,0.1305215781,1.903573039,0.6247176247,2.533130012,1.138565522,25.32314493,265.8198039,655.5628962,685.623359,7.286421853,7.55363073,760.0854527,13.24511316,7.534655743,1.819210374,1.430876843,0.5335801202,0.022651809,488.4670566,17.89871789,32.7038625,0.9208142535,5.613275511,118.1334712,173.4381465,7.615573636,19.99533664,396.4125886
42,S19S_0061,43.1091,-89.6403,Wisconsin,WI,1.1952,3.539156627,0.828313253,6.092620482,10.71460843,2.100903614,61.09864458,0.0,0.0,0.0,0.0,0.0,295.3005271,0.0,0.0,0.0,0.0,0.0,0.0,0.0,0.0,0.0,0.0,0.0,0.0,0.0,0.0,0.1506024096,0.0,0.0,0.0,0.0,0.0,0.0,0.0,0.0,0.0,0.0,0.0,0.0,6.237099037,7.324821768,2.190069435,1.365336184,5.012403945,0.5452885694,0.1354884524,0.1583389356,59.12585086,0.03723644115,0.2894838878,93.69060595,5.086596386,0.06574548193,0.3119126506,0.0,0.0,0.0,0.0,80.42168675,0.0,0.0,0.0,0.0,0.0,0.0,0.0,19.57831325,0,0.0,0.0,0.0,0.0,0.0,0.0,0.0,0.0,6.233264222,4.67381244,11.56181873,692.377614,0.0,0.0,11.21987952,52.86144578,1.807228916,9.789156627,0.828313253,0.0,0.0,0.0,5.346385542,0.4518072289,6.09939759,3.539156627,8.057228916,0.0,0.0,0.0,11.21987952,52.78614458,1.807228916,9.789156627,0.828313253,0.0,0.0,0.0,5.346385542,0.4518072289,6.09939759,3.614457831,8.057228916,0.0,45.40662651,46.93064187,1169.528198,928.8233032,6.895615101,7.159580231,905.648993,13.50299018,7.964549492,2.420307575,2.939666404,1.673360107,0.03071700971,270.0,14.27153614,44.08469127,5.394337349,16.37448795,152.4,149.4909036,49.26127677,115.1076539,385.6039157
43,S19S_0062,38.544778,-106.950056,Colorado,CO,2618.3196,0.02045204871,0.0006874638222,0.4675441455,0.3039036946,0.04675441455,70.92334435,0.02821482357,0.003055394765,0.001909621728,51430.96818,51035.7186,3111.859944,0.0007638486914,0.0003819243457,0.0,0.0,0.0,0.1679474118,0.0,0.0,0.0,0.0,0.0,0.0,0.0,0.0,0.04935990244,0.04819121394,0.003265453156,0.01722096875,0.05001299307,0.003849797404,0.010071345,0.007630848427,0.00278422848,0.008765163733,0.005018485902,0.01594916068,0.01667099769,11.17202821,6.527449347,4.855639584,2.354173268,1.708750344,1.984198844,0.1819882036,0.1855958719,59.58627113,0.1654947174,6.956422245,96.96756548,0.1618984176,0.007102271243,0.2604560119,0.0,4.324078695,3.259231608,0.0,4.366735826,0.0,0.0,0.0,0.0,0.0,0.0,9.050461219,0.0,0,33.59742256,0.0,45.40207009,0.0,0.0,0.001527697383,1395.857572,1000.607993,1.622850032,0.8438283556,4.296236944,171.201089,6.761241065,40.28764861,0.0,13.88907221,20.02912097,2.337720727,0.3741865584,0.05245348964,1.24637191,0.3629465249,10.92177212,0.0008937029689,0.1404488589,0.02818601671,0.4541729741,3.113764263,6.762547246,40.29156716,0.0,13.89622184,20.02905222,2.325827603,0.3752521274,0.05245348964,1.239394152,0.360437282,10.92720308,0.00216551104,0.1371834057,0.04045724594,0.4499450716,3.110292571,3.860384347,0.05187035246,834.3086116,687.8834343,1.526626384,1.947204757,732.9518037,8.946375289,1.542254183,-5.865125737,0.7020077158,0.1787405938,0.009763435537,313.5882105,18.29000369,45.26225055,0.6968494652,12.04878887,119.9669396,177.445946,2.452742663,2.978364019,337.8473518
45,S19S_0064,40.61507,-78.00688,Pennsylvania,PA,123.2739,9.615174015,1.440450898,5.107037256,4.7287382,3.404691504,53.45575341,0.0,0.0,0.03244806889,25075.06358,13037.83234,346.5633095,0.0,0.0,0.0,0.0,0.0,0.0,0.0,0.0,0.0,0.0,0.0,0.0,0.0,0.0,0.3234261267,0.6417416825,0.1430959838,0.2526082163,0.03869432216,0.03942440371,0.2058829971,0.04818538231,0.01679187565,0.09491060151,0.06132685021,0.08468945981,0.1000211724,7.053628145,12.65262991,2.640341956,1.419699671,2.526507304,0.6247299153,0.1992009206,0.2800497842,51.67655934,0.04235495643,0.09986994832,97.70368819,0.3192500602,0.058442225,0.2784577757,0.0,0.0,0.0,0.0,100.0,0.0,0.0,0.0,0.0,0.0,0.0,0.0,0.0,0,0.0,0.0,0.0,0.0,0.0,0.02433605167,24164.51658,12497.50774,4.968417332,2.746209799,12.57160018,717.9656536,0.0219024465,7.678267662,7.44172124,64.39465288,0.0,11.47323156,0.0,0.0,3.920537924,0.421987136,0.0,0.0,0.2423870746,0.0116813048,4.393630769,0.0,0.0219024465,7.613290405,7.514729395,64.34062685,0.07738864431,11.49367384,0.1445561469,0.0,3.916157435,0.2752407444,0.02117236495,0.0,0.175219572,0.0131414679,4.392900687,0.0,24.87460849,23.53435327,1095.78647,987.43165,9.305321034,9.02707546,1030.128676,15.29534439,9.514211751,3.727619712,1.504809557,0.689521464,0.01995708435,505.011236,24.82937483,26.16404224,0.7234692015,10.70814859,102.0586518,157.1695896,4.025402653,6.99692661,369.1784246
46,S19S_0065,38.509635,-122.8834,California,CA,2696.6331,0.2709378595,0.0324738282,2.160546201,18.50734766,1.325972821,34.58479324,0.01322367071,0.0,0.01409164636,279754.0018,149390.7722,393.1200042,0.001112498397,0.002224996793,0.004820826385,0.0,0.007275739514,0.1535581537,0.0,1.793636665,0.0,0.008944487109,0.006808490187,0.3645545996,0.0,0.003370870142,0.09141399325,0.2188061846,0.02443046479,0.3849466952,0.1835622354,0.03397570103,0.04035031685,0.1343341814,0.0923484919,0.03768032069,0.02226109292,0.08831012272,0.05867316544,9.429417116,4.327973307,7.153999286,1.640691481,3.956259277,1.031439442,0.14555852,0.07826180523,58.27514616,0.1367773393,15.15848249,87.8506112,0.9361450395,0.0199424983,0.3244447559,0.0,16.00969743,0.0,0.0,0.0,0.0,0.0,0.01281598153,0.0,0.0,0.0,0.0,0.0,0,57.37548056,0.0,26.60200603,0.0,0.002224996793,0.007416655977,278175.4632,147812.2335,1.130472783,0.8256362463,2.171431818,110.9662051,0.1531242793,21.75936726,5.762919694,2.88626584,15.96086987,0.2385975311,0.03734657117,0.0,12.91377014,0.8778613598,33.3548268,0.0526656741,1.001515557,0.4187888964,4.369148328,0.2129321931,0.1835956104,21.79070634,6.035092427,2.882461096,15.89131647,0.2198741831,0.01508547826,0.0,12.88406643,0.8639773798,33.22022562,0.08246950614,0.987998701,0.53770385,4.243825384,0.1616015171,28.57489957,424.3140523,860.1084462,787.0626121,14.82279276,14.65758582,1198.939662,21.62288752,14.6635972,7.699450285,1.788856279,0.4297952139,0.02019070516,590.4627521,26.17944981,30.6070073,0.8103458532,3.797027367,96.58262394,180.1006475,10.83678661,26.0024625,298.4511946
49,S19S_0068,44.207269,-122.257915,Oregon,OR,63.5697,0.0,0.0,0.0,0.0,0.0,63.40432942,0.0,0.0,0.0,0.0,0.0,979.7035891,0.0,0.0,0.0,0.0,0.0,0.0,0.0,0.0,0.0,0.0,0.0,0.0,0.0,0.0,0.005663075333,0.0,0.0,0.01557345717,0.01982076367,0.002831537667,0.0,0.005663075333,0.016989226,0.0,0.002831537667,0.02406807017,0.002831537667,15.61998542,7.502050044,8.434905202,1.403003117,4.342565355,3.165759529,0.300838464,0.01717760405,55.37783365,0.008733287217,0.2257898104,102.7837577,0.01935355995,0.0,0.2396276528,0.0,0.0,0.0,0.0,0.0,0.0,0.0,0.0,0.0,0.0,0.0,0.0,0.0,0,40.6693755,0.0,59.3306245,0.0,0.0,0.0,0.0,0.0,0.8378707775,0.4613523766,2.14395862,141.8687858,0.0,93.56108335,0.0,0.0212365325,0.02689960783,0.0,0.0,0.0,0.033978452,0.0,6.356802061,0.0,0.0,0.0,0.0,0.0,0.0,93.7267283,0.0,0.0212365325,0.0297311455,0.0,0.0,0.0,0.03539422083,0.0,6.186909801,0.0,0.0,0.0,0.0,0.0,0.007078844166,0.001935761906,2381.530156,1968.243689,8.255406241,8.909114656,2282.793582,14.10668814,8.688129801,3.265440958,1.388795891,0.2202307074,0.02812669762,1285.0,19.17462602,31.44462447,3.027939773,6.565744057,111.6203841,180.6452515,0.4431607306,0.529896732,285.8517407
50,S19S_0069,39.362343,-123.734848,California,CA,5.3622,0.0,0.0,0.0,0.0,0.0,29.22977509,0.0,0.0,0.0,0.0,0.0,206.7838906,0.0,0.0,0.0,0.0,0.0,0.0,0.0,0.0,0.0,0.0,0.0,0.0,0.0,0.0,0.55387714,2.21550856,0.0,0.0,0.0,0.0,0.0,0.0,0.0,0.0,0.0,0.05035246727,0.0,10.04606247,3.212394953,3.977801085,1.852643013,1.952690005,0.9272270203,0.153222993,0.04968399927,66.96800995,0.04079199955,0.2069990039,81.15462494,0.1119503189,0.0,0.34,0.0,0.0,0.0,0.0,0.0,0.0,0.0,0.0,0.0,0.0,0.0,0.0,0.0,0,100.0,0.0,0.0,0.0,0.0,0.0,0.0,0.0,1.105572484,0.7983470037,2.154968871,110.1210655,0.0,85.5824102,0.0,2.484055052,0.3356831151,0.0,0.0,0.0,5.840886203,0.0,0.2517623364,0.0,0.0,0.0,5.505203088,0.0,0.0,85.5824102,0.0,2.450486741,0.08392077878,0.0,0.0,0.0,5.874454515,0.0,0.5035246727,0.0,0.0,0.0,5.505203088,0.0,5.505203088,0.0,889.1228886,822.3168242,12.0619112,12.17035625,1276.60057,19.63104971,13.06388872,6.492752628,2.003214605,0.0,0.0,653.0,28.17,29.33,0.76,3.96,123.82,180.51,7.757722335,14.45919336,250.418429
51,S19S_0070,39.339682,-123.752011,California,CA,4.3623,0.0,0.0,0.0,0.0,0.0,29.0,0.0,0.0,0.0,0.0,0.0,166.9955086,0.0,0.0,0.0,0.0,0.0,0.0,0.0,0.0,0.0,0.0,0.0,0.0,0.0,0.0,0.0,0.06189395502,0.0,0.0,0.0,0.0,0.0,0.0,0.0,0.0,0.0,0.02063131834,0.0,10.04532269,3.186115551,4.334162442,1.849847774,1.936334256,0.925904946,0.1528304184,0.05064537706,66.45306593,0.05344531466,2.260704709,79.88447938,0.1200742727,0.0,0.3394800908,0.0,0.0,0.0,0.0,0.0,0.0,0.0,0.0,0.0,0.0,0.0,0.0,0.0,0,100.0,0.0,0.0,0.0,0.0,0.0,0.0,0.0,1.08300139,0.7833885106,2.106861744,107.6774761,0.0,89.47802765,0.0,0.0,0.0,0.0,0.0,0.0,0.0,0.0,0.04126263668,0.0,0.0,0.0,10.48070972,0.0,0.0,89.47802765,0.0,0.0,0.0,0.0,0.0,0.0,0.0,0.0,0.04126263668,0.0,0.0,0.0,10.48070972,0.0,10.48070972,0.0,886.5460322,820.5385461,11.84020351,11.94988557,1232.666911,18.52879639,12.58725188,6.640970091,2.756308111,0.2292368705,0.009202047085,653.0,28.17,29.33010522,0.76,3.96,123.82,180.51,7.894168175,14.60686578,271.2411801
52,S19S_0071,40.0129961,-105.4588818,Colorado,CO,6.0228,0.0,0.0,0.0,0.0,0.0,68.19725045,0.0,0.0,0.0,0.0,0.0,2569.526508,0.0,0.0,0.0,0.0,0.0,0.0,0.0,0.0,0.0,0.0,0.0,0.0,0.0,0.0,0.0,0.0,0.0,0.0,0.0,0.0,2.30125523,1.001195457,0.04482964734,0.1793185894,0.0,0.0,0.02988643156,13.61835425,4.181531992,4.615028672,2.829276535,1.718821668,2.465162543,0.1231868289,0.03207519061,62.74857955,0.009017770204,0.09903410777,132.1624226,0.3351763299,0.0,0.1941362821,0.0,0.0,0.0,0.0,0.0,0.0,0.0,0.0,0.0,0.0,0.0,0.0,0.0,0,0.0,0.0,100.0,0.0,0.0,0.0,0.0,0.0,2.038760534,1.459818188,4.016629096,189.4581288,0.0,79.58756724,0.0,1.180514047,8.248655111,0.0,0.1195457262,0.0,0.0,0.0,9.698147041,0.0,0.0,0.0,0.0,1.165570831,0.0,79.58756724,0.0,1.180514047,8.248655111,0.0,0.1195457262,0.0,0.0,0.0,9.698147041,0.0,0.0,0.0,0.0,1.165570831,0.2390914525,0.0,472.7341723,566.7524704,5.742779794,5.923836643,539.1171382,11.86936965,5.365385496,-1.145485772,1.213419772,0.1660357309,0.009925639238,91.0,11.11008368,58.2579199,0.342671847,12.97,119.6593126,172.4352839,12.47812078,23.76348099,294.2443216
53,S19S_0072,42.5233858,-71.1854501,Massachusettes,,6.5448,0.05500550055,0.0,0.1529152915,1.643839384,0.0,55.73226073,0.0,0.0,0.0,0.0,0.0,42.71260451,0.0,0.0,0.0,0.0,0.0,0.0,0.0,0.0,0.0,0.0,0.0,0.0,0.0,0.0,0.2337733773,0.04125412541,0.302530253,0.398789879,0.1100110011,0.3162816282,0.09625962596,0.0,0.04125412541,0.2887788779,0.1375137514,0.1375137514,0.02750275028,14.30328711,3.771876941,4.917980791,2.780684312,2.315717166,3.283707259,0.1683854394,0.04258215163,64.46542325,0.01130632563,0.269086614,152.4203045,24.17918042,0.003631738174,0.1896754675,0.0,0.0,0.0,0.0,0.0,0.0,0.0,0.0,30.4180418,0.0,0.0,69.5819582,0.0,0,0.0,0.0,0.0,0.0,0.0,0.0,0.0,0.0,4.304602865,2.226485136,11.42739642,627.558721,0.0,4.386688669,0.0,19.77447745,0.0,1.911441144,0.4400440044,0.0,0.2750275028,0.0,0.0,1.870187019,20.87458746,22.63476348,21.12211221,6.710671067,0.0,3.616611661,0.0,16.43289329,0.0,1.347634763,0.4400440044,0.0,0.1375137514,0.0,0.2337733773,2.172717272,22.37348735,24.62871287,19.10066007,9.515951595,70.58580858,0.01404650219,1580.009459,1384.266829,9.88650991,9.340179177,1254.67954,15.18179635,9.545924692,3.905573188,6.452789175,1.375137514,0.006280211771,513.9558581,4.791419142,57.23527228,1.409638339,15.3535176,140.0481779,102.7196012,247.7827048,702.7061323,514.2410616
54,S19S_0073,42.7696832,-70.9168932,Massachusettes,,4.3677,0.1030290542,0.0,0.6231197198,2.959818669,0.2336698949,53.23902741,0.0,0.0,0.0,0.0,0.0,13.01408819,0.0,0.0,0.0,0.0,0.0,0.0,0.0,0.0,0.0,0.0,0.0,0.0,0.0,0.0,0.0,0.0,0.0,0.0,0.08242324335,0.08242324335,0.2678755409,0.08242324335,0.9890789203,0.1442406759,0.0,0.0,0.0,15.69541174,3.93806316,4.293801846,2.806225797,1.749737697,3.577788366,0.1641311837,0.02648282031,65.49174199,0.007025784675,0.002084896539,168.4486349,2.086338347,0.02060168968,0.2221265197,0.0,0.0,0.0,0.0,0.0,0.0,0.0,0.0,90.62435607,9.375643932,0.0,0.0,0.0,0,0.0,0.0,0.0,0.0,0.0,0.0,0.0,0.0,4.199961486,2.160451547,11.18945028,616.1985923,0.0,7.62415001,0.0,31.73294869,0.8654440552,7.788996497,8.963527715,0.0,0.3915104059,0.0,0.1442406759,0.0,2.328456625,2.163610138,0.7212033794,37.27591181,0.0,5.769627035,0.0,28.29177828,1.813311354,7.892025551,8.59262312,0.0,0.6593859468,0.0,1.050896353,0.0,2.369668246,2.287245003,0.7418091902,40.53162992,13.86771069,1.80495675,1585.079207,1457.672984,9.271059553,8.680855104,1250.969877,14.73439438,9.232072469,3.727490677,2.049225864,0.2289534538,0.0008992467431,509.2027612,15.24266227,34.51833917,1.651236349,8.817566454,126.7809334,82.53704719,34.49264789,92.00547081,511.6354832
58,S19S_0077,40.664703,-105.224786,Colorado,CO,2733.7617,0.02031267027,0.00164608349,0.05804123307,0.09155121311,0.0121095778,62.21435628,0.01378636064,0.0007315926622,0.01097388993,33166.08791,24656.86075,2564.907147,0.0,0.0,0.0,0.0,0.0,0.0,0.0,0.865214404,0.0,0.0,0.0,0.0,0.0,0.0,0.01919333349,0.02515215573,0.09501193904,0.1631597955,0.05135780489,0.004213973734,0.104987205,0.04566235601,0.0273579076,0.2704844391,0.1908469198,3.582404421,0.2548795676,13.76117389,3.174440147,4.169349674,3.373746558,1.290740175,2.978304378,0.114863672,0.02906539139,67.03500827,0.04069417658,0.1919695605,148.992937,0.180257994,0.0007497087255,0.2564022673,0.0,0.0,0.0,0.0,0.0,0.0,0.0,0.0,0.0,0.0,0.0,2.684235425,0.0,0,4.549280941,0.0,92.76648363,0.0,0.0003657963311,0.008779111947,32348.50906,23942.60726,1.908983324,1.262743806,4.118653936,186.5125808,1.356800777,56.03633631,0.01481475141,0.5752403364,18.80999357,0.2381224377,0.427718334,2.271924433,0.0360821501,0.2814473551,17.70655796,0.0,0.1549952214,0.002600811914,0.588343161,1.499022391,1.356800777,55.96410616,0.01481475141,0.5747465114,18.81447092,0.2421388814,0.4265331539,2.271957355,0.0360821501,0.2849699738,17.75729026,0.000987650094,0.1633244039,0.0188641168,0.5729028979,1.500010041,3.859539037,0.1432761128,510.4840697,595.3636554,4.086064074,4.225182417,554.9347433,11.10452627,4.214126429,-2.680470345,0.914654687,0.2984898062,0.01389982258,39.1886224,15.88186881,53.03291881,0.7340472419,12.24236964,88.36690038,176.8088682,1.552114701,1.40190101,332.8828084
59,S19S_0078,43.43138889,-123.5855556,Oregon,OR,23.6556,0.0,0.0,0.0,0.0,0.0,32.01590321,0.0,0.0,0.0,0.0,0.0,314.5263461,0.0,0.0,0.0,0.0,0.0,0.0,0.0,0.0,0.0,0.0,0.0,0.0,0.0,0.0,5.588951453,0.2168619693,3.096941105,2.138182925,1.236493684,0.03804595952,2.008826663,0.9092984325,3.367067417,5.642215797,0.003804595952,0.4793790899,0.0,11.56508794,1.482072463,4.186638659,2.243114759,1.82909243,0.8640417551,0.1414488534,0.08959181308,68.74512553,0.05733470796,0.1474912661,72.10880337,0.1928169228,0.0,0.2496690002,0.0,0.0,0.0,0.0,0.0,0.0,0.0,0.0,0.0,0.0,0.0,0.0,0.0,0,100.0,0.0,0.0,0.0,0.0,0.0,0.0,0.0,1.113180078,0.8017432761,2.178762318,131.2139109,0.791355958,71.03941561,0.0,0.08750570689,10.22294932,0.0,0.0,0.0,6.547709633,0.0,7.411352914,0.0,0.05706893928,0.0,3.382285801,0.4603561102,1.894688784,61.15127074,0.0,0.07609191904,7.845076853,0.1940343935,0.0,0.0,6.026479988,0.0,19.31593365,0.0,0.05706893928,0.0,3.382285801,0.05706893928,3.960584386,0.0,1277.087594,1029.055099,10.86099621,11.09217697,1249.284706,17.16798215,11.47230317,5.771783596,2.203037931,0.1268198651,0.006312558971,852.0,41.77955068,14.88392216,2.390083701,1.653583929,123.9394308,182.88,1.47497477,3.501236507,254.8741059
60,S19S_0079,43.6367,-123.5719,Oregon,OR,10277.6472,2.534745501,1.109328797,0.3604215661,1.321618395,0.1201444043,48.2000538,0.006361146324,0.0,0.005156822273,20582.42081,9661.10348,710.6459553,9.73e-05,0.0003891941338,0.002043269203,0.0,0.0,3.543046311,0.05672699098,0.1863461513,0.05346067921,0.0,0.0,0.8389342261,0.9285695271,0.0,0.5345192234,1.340440057,0.8823858052,0.8431550365,0.5567529113,0.6688495787,0.5132925754,0.7053744752,0.9784223767,0.9139543144,0.6059227252,0.6093992018,0.9374314775,12.49484439,4.396231591,6.383099781,1.746941497,3.352911616,1.995862985,0.2101121173,0.0593916841,61.54021733,0.04909455366,5.311663426,95.0675245,0.5013358602,0.01862805623,0.2698844487,2.143576207,2.442842171,0.0,0.0,0.7663748178,0.0,0.0,3.380807818,0.0,0.0,0.0,1.480366051,0.0,0,57.05908644,0.0,32.55352548,0.1734210141,0.0006810897342,0.002627060403,22329.45474,10551.70469,1.14969679,0.7905120035,2.381131163,132.8625481,0.3914582707,66.6816234,0.2842566925,0.3439960461,5.764348479,5.72279714,0.1106780548,0.0,2.997537218,0.3235837868,14.28465846,0.07069419546,0.485979904,0.1917141114,1.837760105,0.5089141414,0.5193698418,64.77648795,0.2846682653,0.2590369127,6.158030994,5.773937249,0.1477984183,0.0,2.985260089,0.3347487935,15.77465706,0.08438993703,0.4682735169,0.2292022633,1.841586857,0.3625518494,10.77326822,3.486136378,1257.321342,976.3424719,10.08639457,10.42675583,1294.576568,16.63992958,10.47200901,4.299100802,2.384988124,0.2954956461,0.0192874389,768.1560646,26.66963508,27.85369226,2.21296413,5.504873022,113.7405198,176.2700623,4.267046006,9.519096689,300.1513402
62,S19S_0081,38.9603293,-76.9259674,Maryland,MD,194.3361,0.2602707371,0.001852460763,0.6974514771,2.039804751,0.03889241371,47.10164915,0.0,0.0,0.04116579472,8873.312987,2983.159588,64.94521681,0.0,0.0257286217,0.07204014077,0.0,0.0,0.0,0.0,0.0,0.0,0.0,0.0,0.0,0.0,0.0,0.1032746875,0.09864353561,0.04168036716,0.08613942546,0.1630165471,0.1023484571,0.06252055074,0.06298366593,0.2565658156,0.1769100028,0.0694672786,0.05279513173,0.1449550547,11.98185038,1.503637405,10.08279945,2.10941233,1.292524626,1.689195402,0.1296036014,0.2532069432,62.46748662,0.6186132204,9.443635416,24.35502981,20.31605759,0.01666334767,0.3106700814,0.0,7.167633806,0.0,0.0,0.0,0.0,0.0,0.0,0.0,0.0,0.0,0.0,0.0,0,87.56118909,0.0,5.2711771,0.0,0.01029144868,0.03602007038,8847.924395,2976.81244,4.274222987,2.756898893,9.463365132,611.5508986,0.3167707904,1.591263795,1.353685702,19.69165791,1.081837085,4.077266138,0.002315575953,0.0,2.565658156,0.1759837724,0.4005946399,3.544220554,25.24533527,11.03835057,24.20332609,4.71173395,0.2301682497,1.61488267,1.959903487,17.77482413,1.566255575,5.220234429,0.0592787444,0.0,3.249679293,0.1875616522,0.7544146456,3.59470011,24.76508482,11.62974867,23.00756267,4.385700855,74.18781173,3.029021186,1156.52331,1407.668769,13.28336353,12.99206042,1094.534366,18.77819996,13.09558959,7.407655909,8.278847468,1.198953771,0.01074845965,408.3566219,21.76290299,34.35307106,1.109684896,7.452990752,144.1904093,124.0085321,428.236552,1193.215377,461.6414609
63,S19S_0082,38.8749661,-76.5464942,Maryland,MD,23.1345,5.652596771,0.03890293717,3.44551907,6.891038141,0.0,50.89905609,0.0,0.0,0.0,0.0,0.0,23.02989963,0.0,0.0,0.0,0.0,0.0,0.0,0.0,0.0,0.0,0.0,0.0,0.0,0.0,0.0,0.01945146859,0.06613499319,0.02723205602,0.0,0.04279323089,0.08558646178,0.3190040848,0.01945146859,0.01945146859,0.007780587434,0.04279323089,0.01556117487,0.0233417623,12.93411228,0.7215193354,4.151797853,2.326800023,1.155513381,1.297406898,0.1285314083,0.03607845722,68.20325617,0.8038003324,9.16111846,2.824813907,0.6145107956,0.08702081307,0.3783450691,0.0,0.178953511,0.0,0.0,0.0,0.0,0.0,0.0,0.0,0.0,0.0,0.0,0.0,0,99.82104649,0.0,0.0,0.0,0.0,0.0,0.0,0.0,4.112699275,2.609689859,9.248138325,596.7553414,0.0,0.5524217078,14.21124295,52.79128574,0.1361602801,8.702587045,1.723400117,0.0,1.163197821,1.451079557,2.007391558,0.01556117487,0.3890293717,0.04668352461,7.084224859,9.725734293,0.0,0.5485314141,14.35129352,53.16864423,0.206185567,8.119042988,1.812876872,0.0,1.606691305,1.474421319,1.964598327,0.01556117487,0.412371134,0.04668352461,8.20462945,8.068469169,37.152305,19.23771097,1233.214457,1402.169214,13.72966712,13.10124645,1076.634998,18.59871185,13.53309195,8.462568604,1.667000772,0.345803886,0.001903715231,430.8072748,14.4064043,46.79244229,0.4860663396,7.578556581,144.5215407,150.9333189,22.48351969,62.07016912,369.8037947
64,S19S_0083,40.31083,-88.3227,Illinois,IL,621.5994,0.004054057967,0.0,45.7977445,77.87203366,0.6746198597,34.74222562,0.0,0.003217506323,0.001608753162,226.2175929,128.9837152,236.6741368,0.0,0.0,0.003217506323,0.0,0.0,0.0,0.0,0.0,0.0,0.0,0.0,0.0,0.0,0.0,0.001158302276,0.001158302276,0.0,0.0,0.0004343633536,0.0001447877845,0.0001447877845,0.0002895755691,0.0004343633536,0.0,0.0004343633536,0.0004343633536,0.00318533126,13.14086103,1.199184232,11.3099006,2.475164473,1.201273582,1.556806877,0.177530792,0.05977088968,57.12139252,0.1964474275,40.66239881,0.7731274292,1.515399629,0.2728663059,0.2994576974,0.0,0.0,0.0,0.0,0.0,0.0,0.0,0.0,17.15127138,0.0,14.56738858,0.0,68.28134004,0,0.0,0.0,0.0,0.0,0.0,0.0,0.0,0.0,5.497139529,3.916283566,10.89034211,722.7353839,0.001158302276,0.0,90.06002902,1.110667095,0.09657345229,1.279489652,0.0,0.0,0.0,0.1440638456,0.0,0.1433399067,2.805118538,0.2685813403,3.924328112,0.16665074,0.001158302276,0.0,90.00240348,1.104586008,0.09642866451,1.236922043,0.007239389227,0.0,0.0,0.1439190578,0.0,0.1861970909,2.82524404,0.3479250463,3.88132614,0.16665074,98.58194844,229.4776563,1337.461383,1237.016697,9.477531464,9.731079913,971.0339365,16.25658903,10.62993584,4.998661355,1.614426023,0.6113262014,0.002624286687,279.0946854,29.93020191,15.18542314,1.571060006,2.849339739,152.4,78.40251612,5.846665487,13.23030931,651.9522982
65,S19S_0084,43.954722,-71.722778,New Hampshire,NH,1.4229,0.0,0.0,0.0,0.0,0.0,49.0,0.0,0.0,0.0,0.0,0.0,603.0491524,0.0,0.0,0.0,0.0,0.0,0.0,0.0,0.0,0.0,0.0,0.0,0.0,0.0,0.0,0.0,0.0,0.0,0.0,0.0,0.0,0.0,0.0,0.0,0.0,0.0,0.0,0.0,12.24875268,2.586818626,4.857442062,2.461444345,2.096448581,1.383505226,0.1500866631,0.03851793121,66.67945632,0.03767763757,0.1394259922,97.53592031,0.0,0.0,0.23,0.0,0.0,0.0,0.0,0.0,0.0,0.0,0.0,0.0,0.0,0.0,100.0,0.0,0,0.0,0.0,0.0,0.0,0.0,0.0,0.0,0.0,4.283907714,2.004326042,12.10659748,581.3938563,0.0,3.542061986,0.0,81.91018343,0.0,0.0,0.0,0.0,14.54775459,0.0,0.0,0.0,0.0,0.0,0.0,0.0,0.0,3.542061986,0.0,81.91018343,0.0,0.0,0.0,0.0,14.54775459,0.0,0.0,0.0,0.0,0.0,0.0,0.0,0.0,0.04148203366,1697.879761,1449.099609,4.965883732,4.482674122,1334.210752,10.86339226,4.884761165,-1.098867887,0.6067788052,0.7027900766,0.1516908637,778.0,4.3,52.59,2.46,10.99,132.96,126.56,6.694222074,8.389371858,308.8918406
66,S19S_0085,43.64819,-115.98891,Idaho,ID,1028.367,0.005863665403,8.75e-05,0.02708838382,0.01113221253,0.0,68.78697829,0.00334283957,0.0,0.0,0.0,0.0,1545.738436,0.0,0.0009724154898,0.0,0.0,0.0,0.0,0.0,0.0,0.0,0.0,0.0,0.0,0.0,0.1318011955,0.05058505378,0.3575085548,0.1730218881,0.8066478213,0.3488443328,0.5480339217,0.3005347313,0.3332662367,0.03789503164,0.1877248103,0.2297331595,0.1240121474,0.2439109773,14.6442224,2.586794673,3.907780027,3.400965087,1.030405709,3.433520972,0.1295514786,0.01585701341,68.00345077,0.03017646544,0.1750242844,136.3776145,0.2365017547,7.66e-05,0.1277753604,0.0,0.0,0.0,0.0,0.0,0.0,0.0,0.0,0.0,0.0,0.0,4.095113904,0.0,0,0.0,0.0,95.9048861,0.0,0.0,0.0,0.0,0.0,1.813619678,1.539996765,2.742301484,172.8289229,0.0191663093,62.98268031,0.001662830488,0.1505299178,4.232691247,0.0354445446,0.1169232385,0.0,0.0,0.001837865276,31.99819714,0.0004375869704,0.1778353448,0.02152927894,0.1508799874,0.1101843991,0.0191663093,62.37802263,0.001662830488,0.1740720968,4.242405678,0.03229391842,0.1169232385,0.0,0.0,0.001837865276,32.56977324,0.0004375869704,0.1780103796,0.02179183113,0.1535055092,0.1100968818,8.500564487,0.002822250195,675.3115681,681.8762368,6.989671951,6.991782195,739.9739137,13.75329893,6.909119008,0.05994745333,2.489355891,0.4298076465,0.02654060175,255.6534136,6.421781969,73.39345168,0.6340886969,25.57838709,118.8149231,182.8618246,1.298178112,1.983575746,256.3512021
67,S19S_0087,43.1231912,-116.7745057,Idaho,ID,14.2614,0.0,0.0,0.0,0.0,0.0,52.86330935,0.0,0.0,0.0,0.0,0.0,1851.113402,0.0,0.0,0.0,0.0,0.0,0.0,0.0,0.0,0.0,0.0,0.0,0.0,0.0,0.0,0.0,0.0,0.05679666793,0.0,0.0,0.0,0.0,0.0,0.0,0.0,0.0,0.006310740881,0.0,15.33899578,6.673876244,7.780900075,1.975941462,4.343969701,3.150187837,0.2549825031,0.0260307089,57.26447163,0.00665662579,0.379507397,174.5326266,0.04884513442,0.0,0.2667619589,0.0,0.0,0.0,0.0,0.0,0.0,0.0,0.0,0.0,0.0,0.0,0.0,0.0,0,0.0,0.0,100.0,0.0,0.0,0.0,0.0,0.0,1.931611024,1.729569265,2.612675597,182.4736865,0.06310740881,29.0672725,0.0,0.0,0.3029155623,0.0,0.0,0.0,0.0,0.0,70.56670453,0.0,0.0,0.0,0.0,0.0,0.06310740881,29.0672725,0.0,0.0,0.3029155623,0.0,0.0,0.0,0.0,0.0,70.56670453,0.0,0.0,0.0,0.0,0.0,0.1325255585,0.0,778.2354364,778.8259728,6.817527722,6.843338227,809.939824,12.25694985,6.613717996,0.9663025508,0.6074009118,0.3505967156,0.02996572426,107.993563,18.25726051,44.51181497,1.724354411,5.756999243,98.84272119,182.88,0.1653175854,0.3152029575,315.1083554
68,S19S_0089,37.21014,-80.44513,Virginia,VA,15.3387,1.912808778,0.005867511588,2.341137124,3.58974359,0.9364548495,49.72346418,0.0,0.0,0.0,0.0,0.0,639.4364126,0.0651945732,0.0,0.0651945732,0.0,0.0,0.0,0.0,0.0,0.0,0.0,0.0,0.0,0.0,0.0,0.0,0.0,0.0,0.0528076043,0.0,0.0,0.02347004635,0.0,0.01173502318,0.0,0.01173502318,0.0,0.005867511588,4.361612462,26.96675173,1.719534818,0.9572126133,6.373450005,0.3416269903,0.1028174102,0.1870299562,26.88988182,0.0563853807,0.05803463475,102.0375122,32.81441061,0.05158833539,0.3307299184,0.0,0.0,36.37857185,0.0,63.62142815,0.0,0.0,0.0,0.0,0.0,0.0,0.0,0.0,0,0.0,0.0,0.0,0.0,0.0,0.0,0.0,0.0,2.561882248,1.552633175,6.018533428,391.9031815,0.08214516224,0.099747697,2.429149798,3.045238514,0.1173502318,13.17843103,0.0,0.0,0.0,0.0,0.0,5.961391774,32.86979992,22.87156017,19.34518571,0.0,0.0,0.099747697,2.429149798,2.922020771,0.0,11.33603239,0.0,0.0,0.0,0.0,0.0,6.64789063,32.62923194,25.05427448,18.88165229,0.0,97.21879951,10.97806717,834.6612746,1313.960291,11.52218187,11.5618295,1018.020821,17.82673174,11.73841749,5.645946587,10.72469659,1.303891464,0.01738547921,515.4103738,53.73981811,14.32017133,0.3507762718,3.335151088,133.9773074,181.0996644,515.0962045,1661.597639,436.2719005
70,S19S_0097,41.720744,-111.88642,Utah,UT,1442.2968,0.5753323449,0.07088693534,1.448978255,0.2701484882,0.4911790694,78.15508077,0.01929798118,0.0,0.004853369986,873.9485604,754.2178642,2189.278935,0.0,0.0,0.003466692847,0.0,0.0,0.0,0.0,0.0,0.0,0.0,0.0,0.0,0.0,0.0,0.002620819792,0.0006864051837,0.001622412252,0.0245233852,0.0190945442,0.02184016494,0.002371217907,0.001872014137,0.0006240047125,0.006739250895,0.0136657032,0.04998277747,0.05566122035,4.977446476,19.9678851,2.97715724,1.173596725,7.861488457,0.3958961075,0.124394149,0.09858980591,32.49873498,0.1063596013,2.340377457,91.5537855,0.5723739386,0.008526587593,0.3377516237,0.0,1.315526735,59.72448944,0.0,0.0,0.0,0.0,0.0,0.0,0.0,0.0,5.243386798,0.0,0,27.93719018,5.779406846,0.0,0.0,0.0006933385694,0.004160031417,870.5276833,750.7969871,5.030347802,4.55028317,6.670515967,446.3255356,0.3018310794,28.60999206,0.6182014687,32.37323968,0.2850453527,1.837693878,0.003369625447,0.0,2.498140466,0.01528811546,30.71082873,0.06240047125,0.7544840979,0.2383698002,1.392404115,0.2987110559,0.3018310794,28.59177113,0.584879617,32.34066664,0.2818005282,1.693798392,0.001872014137,0.0,2.491713217,0.0149761131,30.69585262,0.08330462912,0.883341071,0.3644187521,1.387162476,0.2826117343,6.000554116,1.051017316,762.3044819,800.5228563,5.011506355,5.187099988,824.230594,11.54274269,5.286043962,-0.9756412172,1.345178682,0.3120023562,0.01765684595,275.8717845,25.76712538,26.69551193,1.436570857,4.094553325,121.1360315,181.4431803,7.560638084,22.29412599,305.5396642
71,S19S_0098,41.950373,-111.580465,Utah,UT,67.8897,0.0,0.0,0.0,0.0,0.0,76.86577493,0.0,0.0,0.0,0.0,0.0,2525.923876,0.0,0.0,0.0,0.0,0.0,0.0,0.0,0.0,0.0,0.0,0.0,0.0,0.0,0.0,0.0,0.002651359485,0.0,0.01060543794,0.002651359485,0.002651359485,0.0,0.01193111768,0.0,0.0,0.003977039227,0.0251879151,0.04109607201,5.318192215,19.45135624,6.052563361,1.14838576,6.283003413,0.5278697183,0.08566322942,0.03692544377,31.90651007,0.1507507255,3.013886833,79.26386012,0.01631911763,0.0,0.3377222171,0.0,0.0,68.80277862,0.0,0.0,0.0,0.0,0.0,0.0,0.0,0.0,31.19722138,0.0,0,0.0,0.0,0.0,0.0,0.0,0.0,0.0,0.0,7.32002206,6.535038119,10.00243569,653.8821226,0.9385812575,33.73192104,0.0,32.57062559,0.5952302043,0.0,0.0,0.0,5.764055519,0.01458247717,26.23652778,0.0,0.0,0.0,0.09544894144,0.05302718969,0.9385812575,33.73192104,0.0,32.57062559,0.5952302043,0.0,0.0,0.0,5.764055519,0.01458247717,26.23652778,0.0,0.0,0.0,0.09544894144,0.05302718969,0.3937268835,0.0,1142.151325,1150.635177,3.556027853,3.800739612,1127.528556,9.586895256,3.754816361,-2.08360835,0.7964011072,0.2209466237,0.01422331664,276.2875665,25.09171596,26.40953628,1.092097888,2.63270558,102.5453474,182.88,0.8442922577,1.808250238,331.3287155
72,S19S_0099,39.2386771,-84.7123967,Ohio,OH,9924.8121,0.7943727217,0.03425959067,35.41101117,42.34780984,7.238065525,39.24833234,0.01711449345,0.0,0.01037803023,199442.1743,13929.7862,300.6294902,0.003728030277,0.006649999953,0.03859015124,0.0,0.0,0.0,0.0,0.0,0.0,0.0,0.0,0.0,0.0,0.0,0.004751727239,0.004470613605,0.003191999978,0.007970931762,0.006084749957,0.004924022693,0.003971863608,0.002548159073,0.003645409065,0.001251409082,0.003219204523,0.003300818159,0.01479927262,7.114102525,18.2203524,5.390791378,1.369130431,6.041025316,0.7946560701,0.209936276,0.4496169913,32.79186077,0.1276498077,12.97337297,59.90652286,4.331208719,0.2483997126,0.359101248,0.0,4.305599901,0.0,0.0,0.06544506772,0.0,0.0,0.0,5.158362645,1.061938493,21.36012026,0.0,68.04853363,0,0.0,0.0,0.0,0.0,0.004433333302,0.006045454503,198889.0428,13663.49862,5.3428914,3.47400427,11.7469886,724.1526022,0.04714547694,0.2236213621,59.23911245,10.56205588,1.199493742,9.773876727,0.2267680211,0.0,0.2091394758,0.9384842661,0.05333904508,0.6933803815,5.507596461,1.832797419,9.459183615,0.03400568158,0.08546761303,0.2155325439,59.36601258,10.60105813,1.177439924,9.563023364,0.2213089757,0.0,0.2084412258,0.9678561068,0.05490784052,0.7557513356,5.613657915,2.030801168,9.103992004,0.03474927248,88.00595127,121.3408351,1155.033923,929.3638081,10.37832695,10.39948898,1017.070493,16.41670514,10.89252149,5.363327267,2.671589452,0.6343696925,0.004732633525,344.9963901,27.51495901,20.90207588,0.935559324,3.234388721,150.3448402,102.4410335,58.40851478,132.6137958,535.8180969
