,Sample_ID,NEXT_DOWN,NEXT_SINK,MAIN_BAS,DIST_SINK,DIST_MAIN,SUB_AREA,UP_AREA,PFAF_ID,ENDO,COAST,dis_m3_pmn,dis_m3_pmx,run_mm_syr,inu_pc_smn,inu_pc_umn,inu_pc_smx,inu_pc_umx,inu_pc_slt,inu_pc_ult,lka_pc_sse,lka_pc_use,lkv_mc_usu,rev_mc_usu,dor_pc_pva,ria_ha_ssu,ria_ha_usu,riv_tc_ssu,riv_tc_usu,gwt_cm_sav,ele_mt_sav,ele_mt_uav,ele_mt_smn,ele_mt_smx,slp_dg_sav,slp_dg_uav,sgr_dk_sav,clz_cl_smj,cls_cl_smj,tmp_dc_syr,tmp_dc_uyr,tmp_dc_smn,tmp_dc_smx,tmp_dc_s01,tmp_dc_s02,tmp_dc_s03,tmp_dc_s04,tmp_dc_s05,tmp_dc_s06,tmp_dc_s07,tmp_dc_s08,tmp_dc_s09,tmp_dc_s10,tmp_dc_s11,tmp_dc_s12,pre_mm_syr,pre_mm_uyr,pre_mm_s01,pre_mm_s02,pre_mm_s03,pre_mm_s04,pre_mm_s05,pre_mm_s06,pre_mm_s07,pre_mm_s08,pre_mm_s09,pre_mm_s10,pre_mm_s11,pre_mm_s12,pet_mm_syr,pet_mm_uyr,pet_mm_s01,pet_mm_s02,pet_mm_s03,pet_mm_s04,pet_mm_s05,pet_mm_s06,pet_mm_s07,pet_mm_s08,pet_mm_s09,pet_mm_s10,pet_mm_s11,pet_mm_s12,aet_mm_syr,aet_mm_uyr,aet_mm_s01,aet_mm_s02,aet_mm_s03,aet_mm_s04,aet_mm_s05,aet_mm_s06,aet_mm_s07,aet_mm_s08,aet_mm_s09,aet_mm_s10,aet_mm_s11,aet_mm_s12,ari_ix_sav,ari_ix_uav,cmi_ix_syr,cmi_ix_uyr,cmi_ix_s01,cmi_ix_s02,cmi_ix_s03,cmi_ix_s04,cmi_ix_s05,cmi_ix_s06,cmi_ix_s07,cmi_ix_s08,cmi_ix_s09,cmi_ix_s10,cmi_ix_s11,cmi_ix_s12,snw_pc_syr,snw_pc_uyr,snw_pc_smx,snw_pc_s01,snw_pc_s02,snw_pc_s03,snw_pc_s04,snw_pc_s05,snw_pc_s06,snw_pc_s07,snw_pc_s08,snw_pc_s09,snw_pc_s10,snw_pc_s11,snw_pc_s12,glc_cl_smj,glc_pc_s01,glc_pc_s02,glc_pc_s03,glc_pc_s04,glc_pc_s05,glc_pc_s06,glc_pc_s07,glc_pc_s08,glc_pc_s09,glc_pc_s10,glc_pc_s11,glc_pc_s12,glc_pc_s13,glc_pc_s14,glc_pc_s15,glc_pc_s16,glc_pc_s17,glc_pc_s18,glc_pc_s19,glc_pc_s20,glc_pc_s21,glc_pc_s22,glc_pc_u01,glc_pc_u02,glc_pc_u03,glc_pc_u04,glc_pc_u05,glc_pc_u06,glc_pc_u07,glc_pc_u08,glc_pc_u09,glc_pc_u10,glc_pc_u11,glc_pc_u12,glc_pc_u13,glc_pc_u14,glc_pc_u15,glc_pc_u16,glc_pc_u17,glc_pc_u18,glc_pc_u19,glc_pc_u20,glc_pc_u21,glc_pc_u22,pnv_cl_smj,pnv_pc_s01,pnv_pc_s02,pnv_pc_s03,pnv_pc_s04,pnv_pc_s05,pnv_pc_s06,pnv_pc_s07,pnv_pc_s08,pnv_pc_s09,pnv_pc_s10,pnv_pc_s11,pnv_pc_s12,pnv_pc_s13,pnv_pc_s14,pnv_pc_s15,pnv_pc_u01,pnv_pc_u02,pnv_pc_u03,pnv_pc_u04,pnv_pc_u05,pnv_pc_u06,pnv_pc_u07,pnv_pc_u08,pnv_pc_u09,pnv_pc_u10,pnv_pc_u11,pnv_pc_u12,pnv_pc_u13,pnv_pc_u14,pnv_pc_u15,wet_cl_smj,wet_pc_sg1,wet_pc_ug1,wet_pc_sg2,wet_pc_ug2,wet_pc_s01,wet_pc_s02,wet_pc_s03,wet_pc_s04,wet_pc_s05,wet_pc_s06,wet_pc_s07,wet_pc_s08,wet_pc_s09,wet_pc_u01,wet_pc_u02,wet_pc_u03,wet_pc_u04,wet_pc_u05,wet_pc_u06,wet_pc_u07,wet_pc_u08,wet_pc_u09,for_pc_sse,for_pc_use,crp_pc_sse,crp_pc_use,pst_pc_sse,pst_pc_use,ire_pc_sse,ire_pc_use,gla_pc_sse,gla_pc_use,prm_pc_sse,prm_pc_use,pac_pc_sse,pac_pc_use,tbi_cl_smj,tec_cl_smj,fmh_cl_smj,fec_cl_smj,cly_pc_sav,cly_pc_uav,slt_pc_sav,slt_pc_uav,snd_pc_sav,snd_pc_uav,soc_th_sav,soc_th_uav,swc_pc_syr,swc_pc_uyr,swc_pc_s01,swc_pc_s02,swc_pc_s03,swc_pc_s04,swc_pc_s05,swc_pc_s06,swc_pc_s07,swc_pc_s08,swc_pc_s09,swc_pc_s10,swc_pc_s11,swc_pc_s12,lit_cl_smj,kar_pc_sse,kar_pc_use,ero_kh_sav,ero_kh_uav,pop_ct_ssu,pop_ct_usu,ppd_pk_sav,ppd_pk_uav,urb_pc_sse,urb_pc_use,nli_ix_sav,nli_ix_uav,rdd_mk_sav,rdd_mk_uav,hft_ix_s93,hft_ix_u93,hft_ix_s09,hft_ix_u09,gad_id_smj,gdp_ud_sav,gdp_ud_ssu,gdp_ud_usu,hdi_ix_sav,Shape_Length,Shape_Area,layer
59,S19S_0006,0.0,0.0,168.5,168.6,731700300400,0,0,1,912200,2.95199990272522,1.70200002193451,6.08300018310547,550,3,3,8,8,10,10,0,0,0,0,0,29.3910007476807,29.3910007476807,97.8649978637695,97.8649978637695,167,135,135,3,224,20,20,65,11,68,123,123,-3,245,-3,10,58,114,170,219,245,235,196,132,75,21,1117,1117,81,77,98,90,109,99,99,102,97,82,92,91,1109,1109,25,33,64,102,144,165,175,153,111,73,40,25,851,851,25,33,64,97,126,126,115,94,69,49,30,23,101,101,1,1,70,58,34,-12,-24,-40,-43,-33,-12,11,57,72,2,2,20,2,20,1,0,0,0,0,0,0,0,1,4,22,0,12,0,0,0,0,0,0,0,0,0,0,0,0,0,18,0,0,0,0,0,70,0,12,0,0,0,0,0,0,0,0,0,0,0,0,0,18,0,0,0,0,0,70,5,0,0,0,0,89,0,0,11,0,0,0,0,0,0,0,0,0,0,0,89,0,0,11,0,0,0,0,0,0,0,11,38,38,38,38,0,0,0,0,0,0,0,0,0,0,0,0,0,0,0,0,0,0,12,12,5,5,1,1,0,0,0,0,0,0,5,5,4,339,5,158,19,19,37,37,45,45,29,29,82,82,99,100,100,96,89,78,67,62,62,67,77,91,4,0,0,1692,1691,333.299011230469,333.299011230469,1977.02600097656,1977.45300292969,93,93,6297,6300,8754,8756,390,390,392,392,240,64307,20720775168.0,20720766976.0,953,0.764563658388598,0.0176300755182112,BasinATLAS_v10_lev12_WHONDRS
83,S19S_0008,484.3,484.3,136.0,513.7,774429603200,0,0,3,861863,5.45800018310547,1.40499997138977,11.2790002822876,355,0,0,0,0,0,1,17,13,313,311,1806,25.8439998626709,74.8929977416992,123.001998901367,250.440002441406,503,2388,2740,1443,3156,123,123,787,7,37,58,38,-4,149,-2,-2,-1,23,62,111,149,145,114,74,26,1,747,685,138,119,111,62,24,11,8,10,25,34,95,110,893,808,29,33,49,68,97,125,147,130,94,62,34,26,520,490,24,33,49,66,83,81,67,43,26,18,13,16,84,86,-16,-14,79,72,56,-8,-75,-91,-94,-92,-73,-45,64,76,40,47,96,95,94,87,66,24,3,0,0,0,5,33,73,4,0,0,0,98,0,0,0,0,0,0,0,2,0,0,0,0,0,0,0,0,0,0,0,0,0,83,0,0,0,0,1,0,0,11,1,4,0,0,0,0,0,0,0,0,4,0,0,0,82,0,18,0,0,0,0,0,0,0,0,0,0,0,0,34,0,31,0,0,0,0,25,0,10,0,0,1,6,7,0,4,6,0,0,0,0,0,0,0,0,3,0,0,0,0,0,0,0,0,98,83,0,0,9,11,0,0,0,0,0,0,32,76,5,366,5,125,12,12,27,28,61,60,45,39,65,67,85,99,100,98,87,67,48,35,29,29,40,61,9,40,11,2188,5071,0.00700000021606684,0.00999999977648258,0.0520000010728836,0.0199999995529652,0,0,87,0,0,0,0,0,0,0,240,55768,305685.09375,305685.09375,951,0.634785405080224,0.0137771537378333,BasinATLAS_v10_lev12_WHONDRS
107,S19S_0010,55.3,55.3,195.6,35673.7,732541050300,0,0,1,914714,407.246002197266,164.231002807617,901.056030273438,338,2,1,23,2,62,5,5,6,2038,1665,130,311.68701171875,10506.0908203125,10615.689453125,155274.03125,29,20,141,9,41,5,15,6,14,90,192,175,100,274,100,116,152,190,228,259,274,270,248,198,151,113,1259,1204,100,95,108,75,102,131,166,162,111,65,60,85,1453,1415,59,70,111,144,175,179,185,166,131,104,72,58,1065,986,48,63,100,115,120,115,124,119,96,73,49,42,87,85,-13,-15,41,26,-3,-48,-41,-27,-10,-3,-15,-38,-16,32,1,0,3,1,1,1,0,0,0,0,0,0,0,0,3,4,0,1,0,82,0,0,0,0,0,0,0,0,4,0,0,13,0,0,0,0,0,0,0,2,0,65,0,0,0,0,0,0,0,0,9,0,0,22,0,0,0,1,0,2,4,0,0,0,100,0,0,0,0,0,0,0,0,0,0,0,0,0,0,98,1,0,0,1,0,0,0,0,0,0,0,10,63,5,63,5,0,0,0,0,0,0,0,0,0,1,0,0,0,0,0,0,0,0,83,67,3,16,0,4,0,3,0,0,0,0,16,2,8,399,5,157,18,19,30,33,52,48,52,29,75,72,82,90,91,82,70,64,66,71,73,70,68,73,1,100,45,551,1165,5.41099977493286,2868.90893554688,28.0359992980957,81.5100021362305,0,7,1441,1700,325,829,131,141,121,136,240,45580,317348832.0,148695121920.0,921,0.679483199539696,0.0185888231907972,BasinATLAS_v10_lev12_WHONDRS
119,S19S_0011,470.7,470.7,243.6,1033.3,732544803000,0,0,3,914942,16.4290008544922,5.61700010299683,34.3300018310547,457,3,1,4,1,5,1,0,1,5,0,0,75.2580032348633,218.899993896484,630.22998046875,1218.26000976562,124,241,276,177,305,21,24,36,11,77,160,156,53,259,53,73,114,159,202,241,259,253,221,163,113,69,1289,1344,130,117,142,107,108,97,115,96,89,89,94,105,1334,1313,43,56,95,131,165,177,182,164,126,94,59,43,989,998,42,56,95,123,136,123,114,96,72,57,41,35,97,102,-3,2,67,52,33,-18,-35,-45,-37,-41,-29,-5,37,59,0,0,1,1,0,1,0,0,0,0,0,0,0,0,0,4,0,5,0,80,0,0,0,0,0,0,0,0,3,0,0,3,0,0,0,0,0,10,0,12,0,75,0,0,0,0,0,0,0,0,1,0,0,9,0,0,0,0,0,3,4,0,0,0,100,0,0,0,0,0,0,0,0,0,0,0,0,0,0,98,2,0,0,0,0,0,0,0,0,0,0,-9999,0,0,0,0,0,0,0,0,0,0,0,0,0,0,0,0,0,0,0,0,0,0,85,87,21,22,10,9,1,1,0,0,0,0,0,1,4,330,5,157,21,20,35,35,45,45,29,29,78,80,94,100,100,95,84,72,63,59,57,60,68,82,8,0,10,836,1267,55.6360015869141,192.421997070312,230.445999145508,187.445999145508,20,20,3383,3800,2020,1854,241,221,259,262,240,45580,2532912384.0,10313086976.0,921,0.937185966609331,0.0237621070628138,BasinATLAS_v10_lev12_WHONDRS
131,S19S_0012,163.2,163.2,116.5,378.2,731200407100,0,0,2,910712,8.23200035095215,5.02099990844727,17.2830009460449,703,2,1,6,4,50,32,421,205,11,0,0,33.9850006103516,85.2050018310547,213.787002563477,396.376007080078,386,212,241,140,389,42,41,28,7,48,77,74,-61,206,-61,-48,6,69,129,178,206,195,151,92,37,-33,1153,1142,87,81,91,98,105,102,99,103,91,95,103,97,965,957,15,22,47,84,132,154,165,142,99,61,29,16,782,774,15,22,47,83,123,126,118,95,67,45,25,16,120,119,16,16,82,73,49,15,-20,-34,-40,-27,-7,35,72,84,24,25,87,71,87,41,2,2,1,1,0,0,5,19,57,2,0,73,0,2,0,0,0,0,0,0,0,0,0,0,0,0,0,0,0,25,0,0,0,81,0,1,0,11,0,0,0,0,0,0,0,0,0,0,0,0,0,8,0,0,5,0,0,0,0,98,0,0,2,0,0,0,0,0,0,0,0,0,0,0,96,0,0,4,0,0,0,0,0,0,0,11,66,52,21,29,0,45,0,0,0,0,0,0,0,1,21,0,0,0,0,0,0,0,75,92,7,3,1,1,0,0,0,0,0,0,0,2,4,339,5,118,11,7,34,31,55,60,60,74,87,87,100,100,100,99,94,84,73,67,67,74,87,98,8,0,0,138,120,0.340999990701675,3.34599995613098,2.95300006866455,9.05700016021729,0,0,677,800,126,323,56,72,56,75,240,67299,15698830.0,218328544.0,954,0.605484002577578,0.0127603033003403,BasinATLAS_v10_lev12_WHONDRS
155,S19S_0014,144.4,144.4,106.8,7541.0,731804011400,0,0,2,912296,81.2379989624023,29.0620002746582,217.399993896484,385,1,0,5,0,16,1,0,0,12,0,0,71.8740005493164,2180.72607421875,1350.1240234375,21971.44140625,173,202,453,119,569,35,68,44,11,68,116,110,-11,235,-11,4,57,111,165,212,235,227,188,124,70,14,985,995,64,63,80,81,100,93,96,94,82,84,82,68,1120,1127,25,33,66,103,145,166,174,155,113,74,41,25,820,816,22,32,66,97,122,120,110,90,65,46,29,20,88,89,-12,-11,62,48,17,-21,-31,-44,-45,-39,-27,11,50,62,3,4,19,4,18,2,0,1,0,0,0,0,1,1,11,2,0,52,0,0,0,1,0,0,0,0,0,0,0,0,0,47,0,0,0,0,0,0,0,22,0,0,0,50,0,0,0,0,0,0,0,0,0,26,0,0,0,0,0,1,5,0,0,0,0,100,0,0,0,0,0,0,0,0,0,0,0,0,0,0,57,0,0,43,0,0,0,0,0,0,0,-9999,0,0,0,0,0,0,0,0,0,0,0,0,0,0,0,0,0,0,0,0,0,0,53,72,39,24,21,12,0,1,0,0,0,0,3,17,4,331,5,158,23,21,41,40,37,39,33,44,78,78,91,98,100,95,86,74,64,58,57,62,71,82,8,95,49,2217,2382,6.15999984741211,365.822998046875,57.859001159668,48.8079986572266,0,2,1672,1400,635,487,137,114,140,116,240,58068,386015040.0,22317363200.0,950,0.487811410454543,0.0111287477573206,BasinATLAS_v10_lev12_WHONDRS
167,S19S_0015,226.3,226.3,208.3,15218.6,732604701000,0,0,2,916304,203.458999633789,61.609001159668,445.696014404297,494,21,2,27,4,44,6,0,4,304,234,37,229.858993530273,4212.44189453125,5858.53076171875,52156.08984375,33,54,159,40,70,8,14,7,14,90,193,178,99,274,99,115,154,193,232,262,274,272,251,198,148,111,1323,1243,128,127,140,99,104,127,149,116,88,56,78,111,1498,1421,59,71,112,147,179,184,186,173,141,112,75,59,1098,1015,50,70,112,133,136,125,125,112,86,64,44,41,88,88,-12,-12,54,44,20,-32,-42,-31,-20,-33,-38,-50,4,47,0,0,1,0,0,0,0,0,0,0,0,0,0,0,0,16,0,2,0,13,0,0,0,0,0,0,0,0,7,0,0,77,0,0,0,0,0,0,0,1,0,51,0,0,0,0,0,0,0,0,8,0,0,38,0,0,0,0,0,2,4,0,0,0,100,0,0,0,0,0,0,0,0,0,0,0,0,0,0,96,1,0,0,3,0,0,0,0,0,0,0,3,12,1,5,1,0,0,7,0,0,0,0,0,0,0,0,0,0,0,0,0,0,0,15,52,34,26,3,4,28,8,0,0,0,0,0,0,8,399,7,155,21,20,36,34,42,47,27,28,75,74,85,96,100,93,78,69,67,65,61,57,58,69,6,100,60,6155,2196,1.08299994468689,776.403015136719,5.25500011444092,51.8019981384277,0,5,518,1300,257,581,133,144,93,123,240,45580,62079340.0,37019480064.0,921,0.78815179911965,0.0197069507302224,BasinATLAS_v10_lev12_WHONDRS
179,S19S_0016,2765.8,2765.8,215.6,215.6,742923004000,0,0,3,929748,1.16299998760223,0.541000008583069,2.44899988174438,176,0,0,0,0,1,1,0,0,0,0,0,19.5799999237061,19.5799999237061,45.5050010681152,45.5050010681152,256,401,401,313,459,23,24,44,11,68,120,120,-31,259,-31,0,55,120,177,229,259,248,198,137,59,-8,869,869,20,23,58,76,118,137,98,90,104,75,43,29,1155,1155,23,34,68,107,146,168,185,165,117,78,39,23,737,737,16,23,48,73,99,114,115,92,67,49,25,16,75,75,-25,-25,-12,-31,-15,-29,-19,-19,-47,-46,-11,-5,8,19,3,3,14,11,13,0,0,0,0,0,0,0,0,0,13,13,0,0,0,0,0,0,0,0,0,0,0,0,58,0,0,42,0,0,0,0,0,0,0,0,0,0,0,0,0,0,0,0,0,0,58,0,0,42,0,0,0,0,0,0,10,0,0,0,0,0,0,0,0,0,100,0,0,0,0,0,0,0,0,0,0,0,0,0,0,100,0,0,0,0,0,11,1,1,1,1,0,0,0,0,0,0,0,0,0,0,0,0,0,0,0,0,0,0,0,0,32,32,26,26,1,1,0,0,0,0,9,9,8,392,7,143,24,24,49,49,27,27,22,22,66,66,71,70,70,69,67,68,63,56,57,62,65,68,5,100,100,1904,1904,0.209000006318092,0.209000006318092,0.97299998998642,0.97299998998642,0,0,378,400,226,225,77,77,70,70,240,51129,10830826.0,10830823.0,934,0.668594022823523,0.022445526686579,BasinATLAS_v10_lev12_WHONDRS
191,S19S_0017,2737.7,2737.7,135.0,135.1,742921783300,0,0,3,929476,0.805999994277954,0.386999994516373,1.65499997138977,188,0,0,0,0,0,0,0,0,0,0,0,10.2799997329712,10.2799997329712,17.25,17.25,179,430,430,366,473,17,17,47,11,68,120,120,-32,257,-32,-1,56,121,176,227,257,246,198,136,59,-8,880,880,20,23,61,80,119,135,94,91,104,74,47,30,1148,1148,23,33,68,107,145,166,184,164,117,78,39,23,747,747,16,24,49,75,101,116,115,92,68,49,26,16,77,77,-23,-23,-12,-31,-11,-25,-18,-19,-49,-44,-10,-5,17,23,4,4,18,15,15,0,0,0,0,0,0,0,0,0,17,13,0,0,0,0,0,0,0,0,0,0,0,0,86,0,0,14,0,0,0,0,0,0,0,0,0,0,0,0,0,0,0,0,0,0,86,0,0,14,0,0,0,0,0,0,10,0,0,0,0,0,0,0,0,0,100,0,0,0,0,0,0,0,0,0,0,0,0,0,0,100,0,0,0,0,0,-9999,0,0,0,0,0,0,0,0,0,0,0,0,0,0,0,0,0,0,0,0,0,0,0,0,30,30,53,53,1,1,0,0,0,0,0,0,8,392,7,143,23,23,49,49,28,28,20,20,67,67,72,72,71,71,70,69,64,57,58,62,66,70,5,98,98,1568,1567,0.412999987602234,0.412999987602234,3.05999994277954,3.06100010871887,0,0,152,200,131,131,78,78,80,80,240,51129,12870726.0,12870728.0,934,0.509980110936314,0.0140348115118912,BasinATLAS_v10_lev12_WHONDRS
227,S19S_0020,192.7,192.7,32.0,46934.3,732821501000,0,0,2,916983,959.705017089844,277.511993408203,1896.58898925781,591,5,1,5,1,18,3,1,6,3303,2751,91,94.5459976196289,19318.61328125,4188.80810546875,363728.71875,70,40,121,13,86,14,21,25,14,85,180,165,78,269,78,99,140,183,221,255,269,266,241,182,133,93,1504,1439,142,144,173,127,121,108,144,106,96,79,113,151,1489,1380,55,68,110,144,176,187,192,177,143,111,72,55,1128,1053,55,68,110,136,146,133,127,110,85,65,48,47,101,104,1,4,62,53,37,-12,-32,-43,-25,-40,-33,-29,36,64,0,0,2,2,0,0,0,0,1,0,0,0,1,0,2,4,0,0,0,97,0,0,0,0,0,0,0,0,0,0,0,3,0,0,0,0,0,0,0,30,0,46,0,0,0,0,0,0,0,0,3,1,0,18,0,0,0,0,0,1,4,0,0,0,100,0,0,0,0,0,0,0,0,0,0,0,0,0,0,43,56,0,0,1,0,0,0,0,0,0,0,3,10,2,0,2,0,0,10,0,0,0,0,0,0,0,0,0,0,0,0,0,0,0,97,76,3,13,1,7,0,0,0,0,0,0,6,1,8,399,7,153,19,22,37,37,45,41,41,31,79,80,98,100,100,95,85,73,66,63,59,59,66,84,1,57,26,411,1111,0.177000001072884,1382.44702148438,5.55800008773804,29.7670001983643,0,2,495,1000,94,364,45,95,46,91,240,43949,5367049.5,58042130432.0,803,0.326761418875469,0.00304849783181572,BasinATLAS_v10_lev12_WHONDRS
239,S19S_0021,332.0,332.0,124.3,16253.6,732825010000,0,0,2,917061,324.795989990234,98.7870025634766,685.976989746094,544,3,1,3,1,11,2,15,8,2600,2351,230,242.356994628906,6620.953125,7455.9619140625,107807.203125,43,42,165,22,96,9,30,13,14,85,175,162,68,269,68,90,133,176,217,254,269,265,239,178,127,84,1389,1446,139,133,161,134,106,93,123,97,87,79,102,134,1415,1364,49,62,102,136,168,181,186,172,137,105,67,50,1051,1050,49,62,102,131,142,127,117,100,77,60,43,40,98,106,-2,6,65,53,37,-2,-37,-49,-34,-43,-36,-24,35,63,0,0,1,0,0,0,0,0,0,0,0,0,0,0,1,16,0,25,0,22,0,0,0,0,0,0,0,0,8,7,0,38,0,0,0,0,0,0,0,25,0,55,0,0,0,0,0,0,0,0,3,0,0,14,0,0,0,0,0,3,5,0,0,0,32,68,0,0,0,0,0,0,0,0,0,0,0,0,0,54,46,0,0,0,0,0,0,0,0,0,0,-9999,0,4,0,2,0,0,0,0,0,0,0,0,0,1,1,0,0,0,0,0,0,0,47,80,22,11,20,7,0,0,0,0,0,0,0,1,8,399,7,153,24,22,37,37,39,41,34,32,78,81,95,100,100,97,87,72,63,59,56,57,64,80,1,87,14,2199,1150,3.64199995994568,898.64599609375,29.8269996643066,55.9490013122559,2,4,1521,1400,424,613,187,118,144,113,240,43949,189624608.0,38084149248.0,803,0.519303843511479,0.0119247942063954,BasinATLAS_v10_lev12_WHONDRS
251,S19S_0022,477.4,477.4,140.4,140.4,732825080200,0,0,4,917189,2.51099991798401,0.680000007152557,5.64699983596802,564,0,0,0,0,0,0,0,0,0,0,0,22.7569999694824,22.7569999694824,73.8809967041016,73.8809967041016,176,112,112,44,180,40,40,25,14,85,171,171,63,268,63,86,127,170,213,252,268,265,235,174,122,80,1425,1425,143,137,156,127,110,104,128,98,93,81,116,132,1374,1374,46,59,99,134,165,178,182,169,133,100,64,46,1049,1049,46,59,99,128,140,129,121,103,79,60,44,40,104,104,4,4,68,57,37,-5,-33,-42,-30,-42,-31,-19,45,65,1,1,4,3,2,0,1,0,0,0,0,0,0,2,4,4,0,0,0,100,0,0,0,0,0,0,0,0,0,0,0,0,0,0,0,0,0,0,0,0,0,100,0,0,0,0,0,0,0,0,0,0,0,0,0,0,0,0,0,0,4,0,0,0,92,8,0,0,0,0,0,0,0,0,0,0,0,0,0,92,8,0,0,0,0,0,0,0,0,0,0,-9999,0,0,0,0,0,0,0,0,0,0,0,0,0,0,0,0,0,0,0,0,0,0,100,100,1,1,1,1,0,0,0,0,0,0,2,2,8,399,7,153,21,21,33,33,47,47,40,40,80,80,98,100,100,96,87,74,67,62,59,60,69,87,1,0,0,279,279,0.0610000006854534,0.0610000006854534,0.437999993562698,0.437999993562698,0,0,96,100,45,44,36,36,42,42,240,43949,406965.625,406965.65625,803,0.589646428074943,0.0135405867730802,BasinATLAS_v10_lev12_WHONDRS
263,S19S_0023,3486.9,3486.9,227.8,3012.0,742929930300,0,0,2,935566,0.0890000015497208,0.0,0.360000014305115,14,0,0,0,0,0,0,0,0,0,0,0,7.09899997711182,76.6589965820312,9.68400001525879,114.622001647949,427,1228,1471,1151,1282,12,7,44,9,59,101,93,-26,237,-26,1,35,91,145,202,237,224,173,110,33,-16,429,401,10,9,27,39,79,70,66,50,33,21,15,9,1217,1196,26,37,67,107,149,183,203,176,124,81,39,25,367,344,7,10,19,32,49,63,65,52,34,21,10,6,35,34,-65,-66,-62,-76,-59,-63,-47,-62,-67,-71,-73,-74,-61,-64,6,7,29,29,24,1,0,0,0,0,0,0,1,2,21,12,0,0,0,0,0,0,0,0,0,0,0,66,27,0,0,6,0,0,0,0,0,0,0,0,0,0,0,0,0,0,0,0,0,49,48,0,0,3,0,0,0,0,0,0,10,0,0,0,0,0,0,0,0,0,100,0,0,0,0,0,0,0,0,0,0,0,0,0,0,100,0,0,0,0,0,-9999,0,2,0,2,0,0,0,0,0,0,0,0,0,0,0,0,0,0,0,0,0,0,0,0,24,49,54,38,10,6,0,0,0,0,17,2,8,402,7,143,18,21,34,38,48,41,15,19,29,28,29,29,29,29,32,34,32,30,27,26,26,26,1,0,0,834,574,0.0390000008046627,1.13699996471405,0.170000001788139,0.379000008106232,0,0,13,0,110,70,29,24,34,29,240,55481,2580307.5,54622832.0,951,0.865484319768715,0.0239671937744292,BasinATLAS_v10_lev12_WHONDRS
299,S19S_0026,3906.6,3906.6,192.5,424.9,742946946100,0,0,5,937396,1.28799998760223,0.409999996423721,4.15899991989136,75,0,0,0,0,1,4,0,2,17,15,377,19.503999710083,42.1599998474121,62.6020011901855,115.258003234863,724,2125,2600,1592,3505,121,128,333,8,45,66,35,-34,180,-34,-20,3,49,99,148,180,170,127,76,12,-25,452,550,18,20,37,49,63,49,53,47,39,30,27,22,1045,907,24,32,55,86,127,159,177,153,107,68,33,23,387,444,9,13,23,38,57,64,62,48,33,21,11,8,44,67,-56,-35,-27,-36,-31,-42,-50,-69,-70,-68,-63,-56,-20,-10,18,32,54,48,46,24,12,2,0,0,0,0,7,24,53,4,0,0,0,77,0,0,0,0,0,0,0,0,0,0,0,0,0,0,0,0,0,23,0,0,0,90,0,0,0,0,0,0,0,0,0,0,0,0,0,0,0,0,0,10,11,0,0,0,0,14,0,0,0,0,4,82,0,0,0,0,0,0,0,0,32,24,0,0,0,2,42,0,0,0,0,11,4,14,4,14,0,0,0,0,0,0,0,0,0,0,0,0,0,0,0,0,0,0,77,90,2,1,5,8,1,0,0,0,0,3,4,17,5,353,7,143,11,10,30,31,59,59,48,59,39,54,42,43,45,46,46,42,36,32,31,32,34,37,3,13,6,721,1637,83.7050018310547,86.6900024414062,435.234985351562,204.720001220703,22,10,3053,1900,1866,917,192,123,188,122,240,55481,3976436224.0,4125539072.0,951,0.854925448523117,0.0203357234403364,BasinATLAS_v10_lev12_WHONDRS
311,S19S_0027,2144.7,2144.7,102.5,102.5,772809080400,0,0,4,859157,0.610000014305115,0.174999997019768,2.33100008964539,164,0,0,0,0,6,6,0,0,0,0,0,11.6809997558594,11.6809997558594,29.0179996490479,29.0179996490479,540,3196,3196,2601,3836,148,148,249,6,37,-4,-4,-104,112,-104,-94,-71,-26,27,78,112,102,64,12,-54,-94,672,672,57,51,65,69,60,46,61,60,47,41,55,60,732,732,11,17,32,55,89,118,136,117,79,47,20,12,506,506,9,14,28,50,77,88,86,66,43,25,12,8,95,95,-7,-7,79,65,47,17,-30,-60,-54,-47,-39,-11,60,79,52,52,95,89,94,91,83,46,7,2,1,6,43,74,87,4,0,0,0,100,0,0,0,0,0,0,0,0,0,0,0,0,0,0,0,0,0,0,0,0,0,100,0,0,0,0,0,0,0,0,0,0,0,0,0,0,0,0,0,0,7,0,0,0,0,0,20,80,0,0,0,0,0,0,0,0,0,0,0,0,0,20,80,0,0,0,0,0,0,0,0,-9999,0,0,0,0,0,0,0,0,0,0,0,0,0,0,0,0,0,0,0,0,0,0,100,100,0,0,12,12,2,2,0,0,10,10,86,86,5,353,4,130,10,10,35,35,55,55,74,74,75,75,83,89,92,93,88,78,66,58,56,56,62,73,8,0,0,1945,1946,0.323000013828278,0.323000013828278,3.14400005340576,3.14100003242493,0,0,380,400,31,31,31,31,47,47,240,55481,13968714.0,13968713.0,951,0.539629165163214,0.0108036495038293,BasinATLAS_v10_lev12_WHONDRS
323,S19S_0028,596.9,596.9,118.6,380.4,772223020200,0,0,4,855464,0.337999999523163,0.0590000003576279,1.19500005245209,27,0,0,1,0,1,0,0,0,0,0,0,5.27099990844727,16.7889995574951,7.7519998550415,24.0319995880127,641,1039,1196,616,1876,103,119,442,12,86,172,160,78,282,78,94,113,152,200,253,282,270,239,184,120,80,517,557,57,50,63,20,10,7,51,68,43,36,47,64,1553,1510,53,66,100,139,185,218,218,193,153,110,67,50,437,471,24,32,51,61,56,40,37,40,35,26,18,18,34,37,-66,-63,5,-24,-36,-85,-95,-97,-76,-64,-71,-67,-28,20,0,0,1,1,0,1,0,0,0,0,0,0,0,0,0,12,0,0,0,42,0,0,0,0,0,0,0,58,0,0,0,0,0,0,0,0,0,0,0,0,0,70,0,0,0,0,0,0,0,28,2,0,0,0,0,0,0,0,0,0,10,0,0,0,15,0,0,0,0,0,61,14,10,0,0,0,0,0,0,48,0,0,0,0,0,30,19,3,0,0,0,-9999,0,0,0,0,0,0,0,0,0,0,0,0,0,0,0,0,0,0,0,0,0,0,42,70,2,2,59,40,0,0,0,0,0,0,11,6,13,435,4,131,18,21,32,33,50,47,15,20,33,36,45,50,52,46,33,21,17,20,23,24,27,36,3,0,0,6332,6482,0.00700000021606684,0.0469999983906746,0.0590000003576279,0.123999997973442,0,0,362,200,35,73,35,34,45,43,240,45307,369536.28125,2433882.25,932,0.553408828611159,0.0115312606760515,BasinATLAS_v10_lev12_WHONDRS
359,S19S_0031,475.8,475.8,238.4,238.4,782200940000,0,0,3,863467,10.8520002365112,2.7039999961853,17.9169998168945,1367,0,0,0,0,0,0,10,10,110,110,321,60.5019989013672,60.5019989013672,257.618988037109,257.618988037109,703,937,937,350,1594,197,197,421,10,49,73,73,-2,161,-2,15,30,54,89,128,161,160,128,83,30,1,1935,1935,297,229,212,137,95,65,24,36,70,143,302,326,924,924,17,26,49,75,112,140,167,147,98,56,23,15,667,667,17,26,49,75,106,114,100,67,43,33,22,15,211,211,52,52,94,88,77,45,-15,-53,-86,-76,-29,61,92,95,27,27,63,58,53,51,34,11,3,0,0,1,15,41,60,4,0,0,0,100,0,0,0,0,0,0,0,0,0,0,0,0,0,0,0,0,0,0,0,0,0,100,0,0,0,0,0,0,0,0,0,0,0,0,0,0,0,0,0,0,4,0,0,0,100,0,0,0,0,0,0,0,0,0,0,0,0,0,0,100,0,0,0,0,0,0,0,0,0,0,0,1,2,2,0,0,2,0,0,0,0,0,0,0,0,2,0,0,0,0,0,0,0,0,100,100,0,0,0,0,0,0,0,0,0,0,25,25,5,352,7,121,11,11,41,41,48,48,108,108,82,81,100,100,100,100,96,84,64,47,44,59,85,100,2,0,0,1208,1208,0.0989999994635582,0.0989999994635582,0.493999987840652,0.495000004768372,0,0,34,0,34,34,11,11,15,15,240,47639,1552847.5,1552847.375,928,0.830930133638732,0.0269200950593042,BasinATLAS_v10_lev12_WHONDRS
371,S19S_0032,484.3,484.3,136.0,513.7,774429603200,0,0,3,861863,5.45800018310547,1.40499997138977,11.2790002822876,355,0,0,0,0,0,1,17,13,313,311,1806,25.8439998626709,74.8929977416992,123.001998901367,250.440002441406,503,2388,2740,1443,3156,123,123,787,7,37,58,38,-4,149,-2,-2,-1,23,62,111,149,145,114,74,26,1,747,685,138,119,111,62,24,11,8,10,25,34,95,110,893,808,29,33,49,68,97,125,147,130,94,62,34,26,520,490,24,33,49,66,83,81,67,43,26,18,13,16,84,86,-16,-14,79,72,56,-8,-75,-91,-94,-92,-73,-45,64,76,40,47,96,95,94,87,66,24,3,0,0,0,5,33,73,4,0,0,0,98,0,0,0,0,0,0,0,2,0,0,0,0,0,0,0,0,0,0,0,0,0,83,0,0,0,0,1,0,0,11,1,4,0,0,0,0,0,0,0,0,4,0,0,0,82,0,18,0,0,0,0,0,0,0,0,0,0,0,0,34,0,31,0,0,0,0,25,0,10,0,0,1,6,7,0,4,6,0,0,0,0,0,0,0,0,3,0,0,0,0,0,0,0,0,98,83,0,0,9,11,0,0,0,0,0,0,32,76,5,366,5,125,12,12,27,28,61,60,45,39,65,67,85,99,100,98,87,67,48,35,29,29,40,61,9,40,11,2188,5071,0.00700000021606684,0.00999999977648258,0.0520000010728836,0.0199999995529652,0,0,87,0,0,0,0,0,0,0,240,55768,305685.09375,305685.09375,951,0.634785405080224,0.0137771537378333,BasinATLAS_v10_lev12_WHONDRS
395,S19S_0034,2314.6,2314.6,181.0,181.0,752195608000,0,0,3,949648,0.197999998927116,0.061999998986721,0.500999987125397,35,0,0,0,0,0,0,0,0,0,0,0,7.35599994659424,7.35599994659424,11.3809995651245,11.3809995651245,798,2714,2714,2135,3414,94,94,166,7,37,46,46,-48,149,-48,-37,-10,34,78,125,149,137,106,58,0,-38,618,618,44,46,54,35,34,35,91,97,54,46,40,43,1000,1000,26,32,54,84,123,154,161,137,101,68,36,25,526,526,16,22,39,58,71,71,70,64,49,33,18,14,62,62,-38,-38,40,28,-1,-58,-72,-77,-43,-29,-47,-32,10,40,28,28,82,82,80,58,16,0,0,1,1,1,4,19,69,4,0,0,0,83,0,0,0,0,0,0,0,0,17,0,0,0,0,0,0,0,0,0,0,0,0,83,0,0,0,0,0,0,0,0,17,0,0,0,0,0,0,0,0,0,4,0,0,0,100,0,0,0,0,0,0,0,0,0,0,0,0,0,0,100,0,0,0,0,0,0,0,0,0,0,0,9,1,1,1,1,0,0,0,0,0,0,0,0,1,0,0,0,0,0,0,0,0,1,83,83,1,1,15,15,0,0,0,0,0,0,74,74,5,353,6,132,12,12,35,35,54,54,67,67,57,57,65,70,74,70,60,48,43,47,49,49,52,57,7,0,0,903,903,0.234999999403954,0.234999999403954,1.29299998283386,1.2940000295639,0,0,175,200,79,79,41,41,44,44,240,43737,10940579.0,10940577.0,889,0.692924075125435,0.0180603793636628,BasinATLAS_v10_lev12_WHONDRS
407,S19S_0035,713.2,713.2,172.1,172.1,772240802200,0,0,6,855749,0.0860000029206276,0.0199999995529652,0.257999986410141,16,0,0,1,1,1,1,0,0,0,0,0,4.38100004196167,4.38100004196167,4.94000005722046,4.94000005722046,762,1590,1589,760,2765,158,158,591,12,96,153,153,67,247,67,80,97,135,181,234,247,234,212,164,107,72,538,537,45,39,45,17,8,12,96,94,51,39,34,57,1391,1391,51,61,92,127,168,194,189,165,133,99,62,48,457,456,23,29,44,52,50,40,46,53,45,33,21,19,41,41,-59,-59,-9,-31,-47,-85,-95,-93,-47,-40,-60,-59,-42,11,1,1,6,4,3,2,0,0,0,0,0,0,0,0,6,4,0,0,0,79,0,0,0,0,0,0,0,16,4,0,0,0,0,0,0,1,0,0,0,0,0,79,0,0,0,0,0,0,0,16,4,0,0,0,0,0,0,1,0,0,4,0,0,0,72,0,0,0,0,0,28,1,0,0,0,0,0,0,0,72,0,0,0,0,0,28,1,0,0,0,0,-9999,0,0,0,0,0,0,0,0,0,0,0,0,0,0,0,0,0,0,0,0,0,0,79,79,0,0,30,30,0,0,0,0,0,0,65,65,13,326,4,131,17,17,32,32,51,51,23,23,38,38,49,52,51,45,34,23,24,33,36,36,36,42,1,0,0,9986,9985,10.9300003051758,10.9300003051758,63.5610008239746,63.6129989624023,11,11,1789,1800,1365,1365,101,101,109,109,240,45307,598157184.0,598157184.0,932,0.621088394963663,0.0164794977941122,BasinATLAS_v10_lev12_WHONDRS
443,S19S_0038,34.7,34.7,157.6,157.6,731506102252,0,0,3,911339,2.90799999237061,1.50999999046326,7.16900014877319,582,1,1,1,1,1,1,1,1,1,0,0,26.3369998931885,26.3369998931885,75.6029968261719,75.6029968261719,159,122,122,42,192,26,26,57,10,62,114,114,-13,235,-13,1,49,105,161,209,235,226,188,126,69,12,1131,1131,83,74,92,95,104,100,113,101,102,81,94,91,1046,1046,22,29,59,96,136,157,166,145,106,69,37,23,838,838,22,29,59,93,123,124,118,97,72,50,30,22,108,108,8,8,74,60,36,-1,-24,-36,-32,-30,-4,14,61,75,5,5,32,15,32,3,0,0,0,0,0,0,0,3,11,2,0,86,0,0,0,0,0,0,0,0,0,0,0,0,0,14,0,0,0,0,0,0,0,86,0,0,0,0,0,0,0,0,0,0,0,0,0,14,0,0,0,0,0,0,5,0,0,0,0,100,0,0,0,0,0,0,0,0,0,0,0,0,0,0,100,0,0,0,0,0,0,0,0,0,0,-9999,0,0,0,0,0,0,0,0,0,0,0,0,0,0,0,0,0,0,0,0,0,0,86,86,34,34,16,16,1,1,0,0,0,0,2,2,4,339,5,118,18,18,36,36,45,45,37,37,85,85,100,100,100,98,91,80,72,67,67,72,82,94,8,4,4,3808,3808,28.6089992523193,28.6089992523193,182.783996582031,182.809005737305,17,17,4331,4300,2390,2390,305,305,302,302,240,53589,1578430464.0,1578430848.0,944,0.57507978643445,0.0165978863545742,BasinATLAS_v10_lev12_WHONDRS
455,S19S_0039,2588.5,2588.5,133.5,347.5,742626400100,0,0,5,928082,8.26200008392334,3.30800008773804,16.3589992523193,751,4,2,4,2,4,2,0,0,0,0,0,32.6599998474121,71.2880020141602,167.63200378418,289.829986572266,264,285,341,227,468,54,80,32,11,72,138,135,19,245,19,39,89,139,183,225,245,240,207,142,87,38,1361,1372,120,111,145,108,122,107,132,96,92,81,113,133,1244,1228,33,45,84,122,157,172,177,160,123,87,51,34,974,974,33,45,84,116,136,130,124,104,77,56,38,32,110,112,9,10,72,60,42,-11,-22,-38,-25,-40,-25,-8,55,75,0,0,2,1,1,0,0,1,0,0,0,0,1,0,1,2,0,76,0,7,0,2,0,0,0,0,0,0,0,0,0,15,0,0,0,0,0,0,0,75,0,3,0,8,0,0,0,0,0,0,0,0,0,7,0,0,0,0,0,7,5,0,0,0,0,100,0,0,0,0,0,0,0,0,0,0,0,0,0,0,100,0,0,0,0,0,0,0,0,0,0,-9999,0,0,0,0,0,0,0,0,0,0,0,0,0,0,0,0,0,0,0,0,0,0,85,86,8,8,2,1,0,0,0,0,0,0,0,0,4,331,6,152,23,23,40,41,36,36,37,42,82,83,100,100,100,96,88,78,70,65,62,64,74,91,6,59,84,1849,1886,18.1539993286133,31.2220001220703,135.817993164062,89.6480026245117,15,9,3702,2800,687,877,250,218,242,198,240,45808,816634304.0,1179890176.0,810,0.591802359274445,0.0133440532277724,BasinATLAS_v10_lev12_WHONDRS
479,S19S_0041,518.3,518.3,51.0,7920.7,782400910300,0,0,2,863575,15.8900003433228,0.759999990463257,86.1829986572266,132,2,0,2,0,6,1,4,2,265,246,491,21.7000007629395,1145.92895507812,297.325012207031,7551.4267578125,713,946,1383,860,1083,25,56,121,8,54,81,62,-6,178,-6,21,40,68,105,146,178,173,135,86,31,-1,258,346,30,21,19,17,27,25,11,14,12,19,33,31,1133,1031,21,32,62,96,139,170,203,177,117,68,29,19,224,299,6,11,21,30,37,38,32,21,12,7,4,4,23,34,-77,-66,31,-36,-69,-82,-81,-85,-95,-92,-90,-72,12,40,2,17,15,14,1,0,0,0,0,0,0,0,0,1,7,12,0,0,0,46,0,0,0,0,0,0,0,54,0,0,0,0,0,0,0,0,0,0,0,0,0,25,0,0,0,0,0,0,0,73,1,0,0,0,0,0,0,0,0,0,10,0,0,0,0,0,0,0,0,0,95,0,5,0,0,0,0,0,0,24,0,0,0,0,0,18,1,57,0,0,0,-9999,0,1,0,1,0,0,0,0,0,0,0,0,0,0,0,0,0,0,0,0,0,0,46,25,12,3,50,66,26,3,0,0,0,0,0,2,5,348,7,121,18,19,38,39,44,42,24,28,23,33,31,35,35,32,27,23,17,12,11,11,16,22,2,0,3,417,608,7.54400014877319,16.5879993438721,147.815994262695,2.10700011253357,16,0,3252,100,1409,52,175,32,187,33,240,47639,205634336.0,770075200.0,928,0.476858790211664,0.00576890272373288,BasinATLAS_v10_lev12_WHONDRS
503,S19S_0043,2740.8,2740.8,160.8,160.9,742872746000,0,0,5,929513,1.557000041008,0.73199999332428,3.98399996757507,306,0,0,1,1,1,1,8,8,0,0,0,20.6480007171631,20.6480007171631,53.7210006713867,53.7210006713867,100,299,299,258,363,19,19,22,8,57,75,75,-89,218,-89,-63,2,77,142,193,218,204,158,96,20,-57,805,805,26,26,53,76,82,99,94,101,96,59,53,40,947,947,10,18,43,85,133,158,167,142,97,58,25,12,681,681,8,15,39,76,109,113,106,87,62,39,18,9,85,85,-15,-15,61,33,19,-10,-38,-38,-44,-29,0,3,54,70,19,19,83,70,83,30,0,0,0,0,0,0,0,1,48,16,0,2,0,0,0,0,0,0,0,0,0,0,0,0,0,94,0,0,0,4,0,0,0,2,0,0,0,0,0,0,0,0,0,0,0,0,0,94,0,0,0,4,0,0,10,0,0,0,0,0,0,0,0,44,56,0,0,0,0,0,0,0,0,0,0,0,0,0,44,56,0,0,0,0,0,1,0,0,0,0,0,0,0,0,0,0,0,0,0,0,0,0,0,0,0,0,0,0,2,2,70,70,3,3,1,1,0,0,0,0,2,2,8,387,7,148,19,19,47,46,34,34,24,24,77,77,86,89,91,90,83,73,65,61,63,68,73,80,6,93,93,6027,6027,16.3549995422363,16.3549995422363,102.605003356934,102.61499786377,9,9,3664,3700,1382,1382,257,257,273,273,240,50142,798647168.0,798647424.0,945,0.642482954499412,0.0178358676146549,BasinATLAS_v10_lev12_WHONDRS
515,S19S_0044,47.3,47.3,117.1,323.2,732510204200,0,0,2,914262,3.96799993515015,2.95199990272522,5.85799980163574,382,2,1,4,2,5,12,2,1,0,0,0,12.9259996414185,33.757999420166,34.8330001831055,79.5449981689453,16,13,14,-2,25,5,4,13,14,85,181,180,82,271,82,97,137,177,219,253,271,266,240,188,142,100,1271,1276,95,89,108,69,96,139,153,168,122,85,66,82,1314,1326,50,60,97,128,158,164,170,153,122,96,65,50,1064,1068,46,60,96,113,119,118,124,119,98,77,52,42,97,96,-3,-4,48,32,10,-46,-39,-15,-10,9,0,-11,1,39,2,1,7,3,5,1,0,0,0,0,0,1,1,1,7,4,0,7,0,93,0,0,0,0,0,0,0,0,0,0,0,0,0,0,0,0,0,0,0,2,0,98,0,0,0,0,0,0,0,0,0,0,0,0,0,0,0,0,0,0,4,0,0,0,100,0,0,0,0,0,0,0,0,0,0,0,0,0,0,100,0,0,0,0,0,0,0,0,0,0,0,-9999,0,0,0,0,0,0,0,0,0,0,0,0,0,0,0,0,0,0,0,0,0,0,100,100,0,0,0,0,0,0,0,0,0,0,0,0,8,393,5,157,17,17,32,33,51,51,48,48,84,83,93,99,99,90,77,71,72,76,81,81,80,85,1,100,100,142,100,1.63300001621246,1.97800004482269,14.0290002822876,6.15000009536743,0,0,636,400,163,118,55,49,57,50,240,42583,76302544.0,93740216.0,865,0.654840086524112,0.0113034791736942,BasinATLAS_v10_lev12_WHONDRS
594,S19S_0052,506.2,506.2,134.3,541.8,731506803600,0,0,2,911534,11.8030004501343,5.33699989318848,42.8129997253418,680,0,0,0,0,3,1,0,0,0,0,0,40.6389999389648,137.953994750977,253.996002197266,641.181030273438,578,640,667,393,1037,115,116,149,7,48,58,57,-76,182,-76,-67,-14,50,111,157,182,172,133,77,19,-46,1133,1164,74,68,84,96,114,109,106,104,98,92,103,85,860,845,13,18,41,74,119,138,148,127,88,54,25,14,749,745,13,18,41,74,114,123,119,96,68,45,24,14,132,139,24,27,83,73,51,22,-4,-21,-28,-18,10,41,75,84,13,12,57,33,41,20,0,1,0,0,0,1,2,10,46,2,0,72,0,0,0,0,0,0,0,0,0,0,0,0,0,28,0,0,0,0,0,0,0,71,0,0,0,2,0,0,0,0,0,0,0,0,0,28,0,0,0,0,0,0,5,0,0,0,0,100,0,0,0,0,0,0,0,0,0,0,0,0,0,0,100,0,0,0,0,0,0,0,0,0,0,11,17,5,17,5,0,0,0,0,0,0,0,0,0,0,0,0,0,0,0,0,0,0,72,72,9,8,6,3,0,0,0,0,0,0,8,9,4,328,5,118,18,18,40,41,42,41,75,73,92,92,100,100,100,100,97,90,81,76,77,84,94,100,3,0,0,749,763,1.63100004196167,5.79500007629395,12.2530002593994,10.7399997711182,0,0,892,800,132,94,63,64,70,71,240,63747,90692760.0,345304832.0,952,0.600419447202679,0.0146614549009833,BasinATLAS_v10_lev12_WHONDRS
606,S19S_0053,102.6,102.6,130.9,1298.6,731200203000,0,0,2,910679,35.8320007324219,23.3889999389648,71.3740005493164,879,3,1,17,6,34,17,2,25,511,420,372,80.6910018920898,392.480987548828,999.028015136719,2824.90893554688,250,102,293,44,301,36,49,31,10,62,93,80,-41,221,-41,-28,22,84,143,193,221,210,166,108,52,-14,1204,1231,91,85,99,107,109,102,96,101,102,99,109,103,1004,948,18,24,50,89,136,158,169,145,102,64,32,18,811,796,18,24,50,89,127,129,119,94,68,48,28,18,120,130,16,23,81,72,49,16,-20,-35,-43,-30,0,35,71,83,14,20,57,51,55,13,0,1,0,0,0,0,3,5,39,2,0,84,0,0,0,0,0,0,0,0,0,0,0,0,0,0,0,0,0,0,0,16,0,93,0,1,0,0,0,0,0,0,0,0,0,0,0,0,0,0,0,0,0,5,5,0,0,0,0,100,0,0,0,0,0,0,0,0,0,0,0,0,0,0,100,0,0,0,0,0,0,0,0,0,0,11,38,39,38,37,0,0,0,0,0,0,0,0,0,2,0,0,0,0,0,0,0,0,84,95,3,2,1,1,2,1,0,0,0,0,4,3,4,339,5,118,7,6,33,33,60,61,59,71,87,89,100,100,100,100,95,83,72,65,67,74,88,98,3,0,0,469,339,31.4710006713867,183.171005249023,241.878997802734,143.32600402832,31,14,5759,2900,2865,1336,343,191,348,200,240,71149,2345737728.0,12407747584.0,955,0.611652403865642,0.0142110853868101,BasinATLAS_v10_lev12_WHONDRS
618,S19S_0054,32.8,32.8,125.7,3676.6,731904012000,0,0,1,912581,49.6669998168945,22.4640007019043,102.321998596191,405,12,1,21,4,29,7,2,14,405,376,240,71.9670028686523,931.293029785156,1062.333984375,7767.8837890625,51,22,88,-1,49,10,16,10,11,72,142,135,25,252,25,40,86,138,188,232,252,245,210,149,97,46,1107,1087,88,82,97,76,100,94,117,107,95,84,82,83,1213,1198,33,42,79,118,155,171,177,157,118,82,49,33,896,881,31,42,79,108,124,118,111,95,73,53,35,27,91,91,-9,-9,63,49,19,-35,-35,-45,-34,-32,-19,2,40,60,2,2,11,6,9,1,0,0,0,0,0,0,0,1,10,6,0,6,0,16,0,77,0,0,0,0,0,0,0,0,0,0,0,0,0,2,0,0,0,5,0,1,0,88,0,0,0,0,0,0,0,0,0,4,0,0,0,1,0,0,8,0,0,0,0,0,0,0,100,0,0,0,0,0,0,0,0,0,0,0,9,0,0,91,0,0,0,0,0,0,0,11,45,7,33,5,12,0,0,0,0,0,0,0,0,3,0,0,0,0,0,0,0,0,98,94,13,18,0,3,1,1,0,0,0,0,4,0,8,399,5,158,17,19,35,36,48,45,26,31,79,79,94,100,100,93,81,70,63,61,61,65,72,83,1,0,13,669,848,1.19799995422363,118.388000488281,10.0249996185303,33.1129989624023,0,1,758,1300,146,324,68,97,74,100,240,58068,67706272.0,7702111744.0,950,0.607133378987182,0.0128336206250975,BasinATLAS_v10_lev12_WHONDRS
630,S19S_0055,729.4,729.4,91.5,474.2,782702080310,0,0,3,864094,3.69300007820129,1.00999999046326,10.0080003738403,170,0,0,0,0,0,0,0,0,0,0,0,19.8500003814697,72.7539978027344,116.527000427246,267.093994140625,381,761,819,667,872,38,42,65,8,54,84,80,-15,187,-15,14,40,74,114,151,186,186,143,89,29,-7,534,585,67,51,51,42,43,38,18,23,26,39,67,70,965,956,13,22,47,81,123,149,183,160,101,54,20,12,453,493,8,17,39,63,82,79,69,45,25,14,7,6,55,61,-45,-39,81,56,7,-48,-65,-75,-90,-86,-75,-27,70,83,8,11,43,42,11,8,0,1,0,0,0,0,0,1,36,14,0,0,0,0,0,0,0,0,0,0,0,0,0,55,0,38,0,0,0,0,0,8,0,0,0,11,0,0,0,0,0,0,0,1,4,60,0,19,0,0,0,0,0,4,10,0,0,0,0,0,0,0,0,0,100,0,0,0,0,0,0,0,0,5,0,0,0,0,0,95,0,0,0,0,0,-9999,0,0,0,0,0,0,0,0,0,0,0,0,0,0,0,0,0,0,0,0,0,0,0,11,92,85,0,2,1,0,0,0,0,0,0,0,8,398,6,120,24,22,49,48,27,29,17,19,53,58,67,78,82,79,68,55,40,29,25,27,37,51,1,0,0,3058,2956,9.01399993896484,57.9690017700195,98.1210021972656,121.988998413086,9,7,2707,2400,1009,665,257,206,218,202,240,55867,287050624.0,2680896512.0,948,0.54693502209592,0.0108023881911917,BasinATLAS_v10_lev12_WHONDRS
678,S19S_0059,1142.8,1142.8,246.7,246.8,782640206000,0,0,5,865174,2.77699995040894,1.17599999904633,6.68699979782104,353,0,0,0,0,0,0,20,20,41,0,0,39.0400009155273,39.0400009155273,125.990997314453,125.990997314453,398,797,797,564,1585,78,78,111,8,51,72,72,-43,190,-43,-12,24,68,114,154,190,186,135,71,7,-32,598,598,76,55,51,41,49,44,23,28,29,40,78,84,943,943,10,19,45,81,126,153,184,157,97,47,15,9,499,499,7,17,41,71,93,90,77,50,27,14,6,5,64,64,-36,-36,86,65,12,-50,-61,-71,-87,-82,-70,-14,80,89,33,33,94,94,80,50,13,2,1,0,0,1,11,54,86,4,0,0,0,85,0,0,0,0,0,0,0,14,0,0,0,0,0,0,0,1,0,0,0,0,0,85,0,0,0,0,0,0,0,14,0,0,0,0,0,0,0,1,0,0,4,0,0,0,72,0,0,0,0,0,28,0,0,0,0,0,0,0,0,72,0,0,0,0,0,28,0,0,0,0,0,11,24,24,23,23,1,0,0,0,0,0,0,0,0,1,0,0,0,0,0,0,0,0,85,85,5,5,3,3,0,0,0,0,0,0,0,0,5,361,6,120,11,11,43,43,46,46,67,67,60,60,78,90,94,88,76,61,45,33,29,31,42,60,1,2,2,341,341,2.75699996948242,2.75699996948242,12.1230001449585,12.1350002288818,0,0,809,800,93,92,60,61,56,56,240,55867,150736672.0,150736672.0,948,1.14736750509799,0.029885209937676,BasinATLAS_v10_lev12_WHONDRS
690,S19S_0060,536.3,536.3,184.0,14686.0,782612150100,0,0,3,863615,95.2649993896484,16.6709995269775,206.593994140625,25,3,0,3,0,4,1,0,4,1382,1322,440,96.2710037231445,3318.97192382812,1977.37097167969,32225.109375,1072,273,863,129,606,40,93,68,9,65,110,69,1,222,1,34,70,106,149,191,222,218,171,110,48,4,210,778,27,20,18,15,17,13,5,9,11,15,29,32,1089,887,16,28,62,98,144,172,195,168,109,60,24,14,185,370,4,9,20,29,34,31,24,15,9,5,3,2,19,107,-81,-23,41,-30,-71,-85,-88,-92,-97,-95,-90,-75,14,56,2,22,16,15,1,0,0,0,0,0,0,0,0,1,7,4,0,0,0,40,0,0,0,0,0,0,1,31,19,0,0,8,0,0,0,0,0,0,0,0,0,49,0,0,0,0,0,0,0,31,5,1,0,14,0,0,0,0,0,0,12,0,0,0,0,0,0,0,0,0,27,0,73,0,0,0,0,0,0,27,0,13,0,2,0,19,0,40,0,0,0,-9999,0,6,0,6,0,0,0,0,0,0,0,0,0,0,0,0,0,0,0,0,0,0,40,49,48,15,8,39,13,10,0,0,0,0,3,9,8,398,6,120,16,14,36,42,49,45,16,59,20,53,29,33,33,30,25,19,13,9,8,9,13,19,1,0,2,579,2294,5.98999977111816,306.531005859375,33.2120018005371,20.923999786377,0,1,1449,700,482,222,172,76,134,68,240,55867,419285248.0,17857310720.0,948,0.836451049152876,0.0215239643758958,BasinATLAS_v10_lev12_WHONDRS
702,S19S_0061,2781.0,2781.0,159.1,159.1,742874360320,0,0,4,929891,1.56400001049042,0.685999989509583,4.05299997329712,312,0,0,0,0,0,0,1,1,1,0,0,19.3479995727539,19.3479995727539,47.1699981689453,47.1699981689453,191,306,306,246,373,43,43,22,8,57,75,75,-90,219,-90,-63,2,78,142,193,219,204,158,96,19,-59,819,819,27,27,55,76,83,99,98,102,98,60,53,41,944,944,10,18,43,85,132,157,166,142,96,58,25,12,692,692,8,16,40,77,110,115,108,88,63,40,18,9,87,87,-13,-13,61,33,22,-10,-37,-37,-41,-28,2,4,53,71,17,17,78,61,78,20,0,0,0,0,0,0,1,2,43,6,0,17,0,0,0,52,0,0,0,0,0,0,0,0,0,31,0,0,0,0,0,0,0,17,0,0,0,52,0,0,0,0,0,0,0,0,0,31,0,0,0,0,0,0,9,0,0,0,0,0,0,0,0,100,0,0,0,0,0,0,0,0,0,0,0,0,0,0,100,0,0,0,0,0,0,-9999,0,0,0,0,0,0,0,0,0,0,0,0,0,0,0,0,0,0,0,0,0,0,69,69,27,27,4,4,1,1,0,0,0,0,1,1,4,343,7,148,19,19,44,44,37,37,34,34,78,78,88,91,93,92,84,74,66,62,65,69,75,82,5,100,100,4811,4811,8.25899982452393,8.25899982452393,51.9440002441406,51.939998626709,0,0,2472,2500,686,685,172,172,209,209,240,50142,365362080.0,365362176.0,945,0.691563205274241,0.0176259690342843,BasinATLAS_v10_lev12_WHONDRS
714,S19S_0062,2015.7,2015.7,87.2,2625.8,772804601000,0,0,4,858911,18.0160007476807,2.9300000667572,76.7050018310547,199,0,0,0,0,3,0,1,2,135,131,231,22.9990005493164,472.210998535156,214.167999267578,2557.49291992188,325,2686,3122,2335,3394,94,136,216,7,37,15,-3,-122,142,-122,-99,-49,7,63,110,142,132,93,40,-36,-103,441,564,39,33,38,31,29,25,47,50,40,32,34,42,939,790,11,19,43,74,118,152,168,145,103,64,28,13,378,456,5,11,27,44,61,62,56,45,32,20,10,5,48,75,-52,-26,71,39,-12,-56,-74,-83,-71,-65,-61,-49,11,67,32,47,100,99,96,72,13,1,1,0,0,0,1,14,82,4,0,0,0,91,0,0,0,0,0,0,0,9,0,0,0,0,0,0,0,0,0,0,0,0,0,87,0,0,0,0,0,0,0,2,7,1,0,3,0,0,0,0,0,0,7,0,0,0,0,0,0,74,0,0,24,0,3,0,0,0,0,0,0,0,0,39,57,0,0,4,0,0,0,0,0,-9999,0,3,0,2,0,0,0,0,0,0,0,0,0,0,0,0,0,0,0,0,0,0,91,87,5,2,38,19,12,3,0,0,0,9,19,21,5,353,4,130,14,11,34,35,52,55,45,58,46,65,54,60,64,62,54,43,35,32,32,33,36,43,3,0,16,1319,2980,3.2279999256134,9.74100017547607,36.9650001525879,3.70199990272522,3,0,895,200,296,64,59,17,63,26,240,55481,119147328.0,449897792.0,951,0.504198723286884,0.00902861031065487,BasinATLAS_v10_lev12_WHONDRS
738,S19S_0064,302.7,302.7,167.2,167.2,731602084000,0,0,4,911859,2.65700006484985,1.0460000038147,8.58399963378906,505,0,0,0,0,0,0,1,1,1,0,0,32.5900001525879,32.5900001525879,110.914001464844,110.914001464844,360,344,343,206,694,71,71,104,10,62,95,95,-35,217,-35,-23,29,91,147,194,217,208,168,107,51,-9,985,985,63,65,84,80,97,104,96,84,86,75,83,69,1014,1014,18,25,53,92,137,159,168,146,102,64,32,18,769,769,17,25,53,88,119,122,113,89,62,42,23,16,97,97,-3,-3,71,62,37,-12,-29,-35,-43,-42,-16,15,62,74,8,8,40,13,38,8,0,1,0,0,0,1,3,4,24,2,0,80,0,0,0,12,0,0,0,0,0,0,0,0,0,8,0,0,0,0,0,0,0,80,0,0,0,12,0,0,0,0,0,0,0,0,0,8,0,0,0,0,0,0,5,0,0,0,0,94,0,0,6,0,0,0,0,0,0,0,0,0,0,0,94,0,0,6,0,0,0,0,0,0,0,1,1,1,0,0,1,0,0,0,0,0,0,0,0,1,0,0,0,0,0,0,0,0,92,92,22,22,2,2,0,0,0,0,0,0,0,0,4,331,5,158,19,19,42,42,39,39,39,39,81,81,97,100,100,97,88,78,69,61,60,65,75,88,3,40,40,1710,1710,1.73099994659424,1.73099994659424,10.3470001220703,10.3509998321533,0,0,680,700,195,195,67,67,71,71,240,53263,95719360.0,95719328.0,943,0.683683698766746,0.0178208201202297,BasinATLAS_v10_lev12_WHONDRS
750,S19S_0065,35.3,35.3,80.7,2714.9,774500430000,0,0,1,862093,70.2570037841797,10.7259998321533,183.009994506836,698,6,2,29,7,31,9,19,6,751,746,337,79.0579986572266,989.403991699219,1428.46203613281,9389.58984375,312,118,401,15,450,70,114,90,11,71,139,132,80,195,80,100,108,126,154,180,195,194,185,156,111,81,1105,1126,242,179,149,66,17,6,2,4,14,65,168,192,1288,1291,40,54,82,113,153,173,191,172,133,91,50,36,635,634,40,54,82,103,106,79,54,31,19,18,21,28,86,88,-14,-12,83,70,44,-41,-89,-97,-99,-97,-89,-29,70,81,2,3,10,10,4,2,2,0,0,0,0,0,0,1,9,4,0,0,0,84,0,0,0,0,0,0,0,0,15,0,0,0,0,0,0,0,0,0,0,0,0,89,0,0,0,0,0,0,0,0,9,0,0,1,0,0,0,0,0,0,5,0,0,0,24,70,0,0,0,6,0,0,0,0,0,0,0,0,0,47,48,0,0,0,5,0,0,0,0,0,0,-9999,0,1,0,0,0,0,0,0,0,0,0,0,0,1,0,0,0,0,0,0,0,0,84,89,21,10,11,24,14,6,0,0,0,0,0,2,12,423,5,125,19,20,35,38,46,42,49,41,59,60,97,100,100,93,73,49,31,19,14,19,41,76,8,0,0,1331,2648,1.83599996566772,72.1800003051758,22.8689994812012,26.6420001983643,1,1,1482,700,783,386,121,77,121,76,240,55768,69507056.0,3929943040.0,951,0.462265852216483,0.00834438236458541,BasinATLAS_v10_lev12_WHONDRS
786,S19S_0068,475.8,475.8,238.4,238.4,782200940000,0,0,3,863467,10.8520002365112,2.7039999961853,17.9169998168945,1367,0,0,0,0,0,0,10,10,110,110,321,60.5019989013672,60.5019989013672,257.618988037109,257.618988037109,703,937,937,350,1594,197,197,421,10,49,73,73,-2,161,-2,15,30,54,89,128,161,160,128,83,30,1,1935,1935,297,229,212,137,95,65,24,36,70,143,302,326,924,924,17,26,49,75,112,140,167,147,98,56,23,15,667,667,17,26,49,75,106,114,100,67,43,33,22,15,211,211,52,52,94,88,77,45,-15,-53,-86,-76,-29,61,92,95,27,27,63,58,53,51,34,11,3,0,0,1,15,41,60,4,0,0,0,100,0,0,0,0,0,0,0,0,0,0,0,0,0,0,0,0,0,0,0,0,0,100,0,0,0,0,0,0,0,0,0,0,0,0,0,0,0,0,0,0,4,0,0,0,100,0,0,0,0,0,0,0,0,0,0,0,0,0,0,100,0,0,0,0,0,0,0,0,0,0,0,1,2,2,0,0,2,0,0,0,0,0,0,0,0,2,0,0,0,0,0,0,0,0,100,100,0,0,0,0,0,0,0,0,0,0,25,25,5,352,7,121,11,11,41,41,48,48,108,108,82,81,100,100,100,100,96,84,64,47,44,59,85,100,2,0,0,1208,1208,0.0989999994635582,0.0989999994635582,0.493999987840652,0.495000004768372,0,0,34,0,34,34,11,11,15,15,240,47639,1552847.5,1552847.375,928,0.830930133638732,0.0269200950593042,BasinATLAS_v10_lev12_WHONDRS
798,S19S_0069,0.0,0.0,78.7,78.8,774500930000,0,1,0,862142,2.21000003814697,0.184000000357628,6.0149998664856,884,23,85,31,90,31,90,0,0,0,0,0,11.6800003051758,11.6800003051758,25.9400005340576,25.9400005340576,289,117,31,0,325,58,30,196,11,66,111,112,75,149,75,82,91,100,115,137,145,149,143,124,100,76,1106,1041,197,164,158,77,31,8,4,10,21,76,172,188,967,940,34,42,68,88,110,128,136,124,94,69,42,31,601,590,34,42,68,85,91,80,60,40,26,22,24,28,114,111,12,10,83,74,57,-13,-72,-94,-97,-92,-78,10,75,83,11,10,35,28,23,19,13,3,2,0,0,0,2,13,35,4,0,0,0,99,0,0,0,0,0,0,0,0,0,0,0,0,0,0,0,0,0,1,0,0,0,94,0,0,0,0,0,0,0,0,0,0,0,0,0,0,0,0,0,6,4,0,0,0,100,0,0,0,0,0,0,0,0,0,0,0,0,0,0,100,0,0,0,0,0,0,0,0,0,0,0,-9999,0,0,0,0,0,0,0,0,0,0,0,0,0,0,0,0,0,0,0,0,0,0,99,94,0,0,7,9,0,0,0,0,0,0,11,13,5,359,5,123,14,15,30,28,56,57,84,92,69,69,100,100,100,97,85,65,46,33,28,32,56,86,3,0,0,105,126,3.91199994087219,3.91199994087219,55.5309982299805,105.189002990723,0,0,695,1402,837,1143,104,193,89,167,240,55768,173019872.0,173019872.0,951,0.476909202193045,0.0082309962475527,BasinATLAS_v10_lev12_WHONDRS
810,S19S_0070,0.0,0.0,78.7,78.8,774500930000,0,1,0,862142,2.21000003814697,0.184000000357628,6.0149998664856,884,23,85,31,90,31,90,0,0,0,0,0,11.6800003051758,11.6800003051758,25.9400005340576,25.9400005340576,289,117,31,0,325,58,30,196,11,66,111,112,75,149,75,82,91,100,115,137,145,149,143,124,100,76,1106,1041,197,164,158,77,31,8,4,10,21,76,172,188,967,940,34,42,68,88,110,128,136,124,94,69,42,31,601,590,34,42,68,85,91,80,60,40,26,22,24,28,114,111,12,10,83,74,57,-13,-72,-94,-97,-92,-78,10,75,83,11,10,35,28,23,19,13,3,2,0,0,0,2,13,35,4,0,0,0,99,0,0,0,0,0,0,0,0,0,0,0,0,0,0,0,0,0,1,0,0,0,94,0,0,0,0,0,0,0,0,0,0,0,0,0,0,0,0,0,6,4,0,0,0,100,0,0,0,0,0,0,0,0,0,0,0,0,0,0,100,0,0,0,0,0,0,0,0,0,0,0,-9999,0,0,0,0,0,0,0,0,0,0,0,0,0,0,0,0,0,0,0,0,0,0,99,94,0,0,7,9,0,0,0,0,0,0,11,13,5,359,5,123,14,15,30,28,56,57,84,92,69,69,100,100,100,97,85,65,46,33,28,32,56,86,3,0,0,105,126,3.91199994087219,3.91199994087219,55.5309982299805,105.189002990723,0,0,695,1402,837,1143,104,193,89,167,240,55768,173019872.0,173019872.0,951,0.476909202193045,0.0082309962475527,BasinATLAS_v10_lev12_WHONDRS
822,S19S_0071,3924.3,3924.3,108.1,108.1,742946946200,0,0,6,937473,0.349000006914139,0.114000000059605,1.15100002288818,102,0,0,0,0,3,3,2,2,1,0,0,9.31999969482422,9.31999969482422,18.4899997711182,18.4899997711182,642,2956,2956,2256,3939,118,118,381,7,37,12,12,-82,124,-82,-73,-53,-10,41,91,124,114,76,26,-37,-72,621,621,43,40,57,65,64,51,64,61,46,38,45,47,804,804,15,21,37,62,97,127,145,124,85,52,24,15,487,487,10,14,27,47,72,83,82,64,42,25,12,8,83,82,-20,-20,54,37,26,3,-30,-58,-55,-49,-44,-23,38,61,40,40,88,85,88,69,58,21,2,0,1,3,18,58,84,4,0,0,0,100,0,0,0,0,0,0,0,0,0,0,0,0,0,0,0,0,0,0,0,0,0,100,0,0,0,0,0,0,0,0,0,0,0,0,0,0,0,0,0,0,5,0,0,0,0,52,30,0,0,0,0,18,0,0,0,0,0,0,0,0,52,30,0,0,0,0,18,0,0,0,0,11,29,29,29,29,0,0,0,0,0,0,0,0,0,0,0,0,0,0,0,0,0,0,100,100,0,0,11,11,0,0,0,0,5,5,17,17,5,353,7,143,9,9,31,31,60,60,67,67,66,66,72,76,79,80,77,69,59,54,51,52,56,64,9,0,0,2265,2264,0.754000008106232,0.754000008106232,6.97200012207031,6.97300004959106,0,0,750,700,149,149,64,64,65,65,240,55481,23550698.0,23550698.0,951,0.597385092209001,0.0114134569829758,BasinATLAS_v10_lev12_WHONDRS
834,S19S_0072,0.0,0.0,178.8,179.0,731190130200,0,0,1,910562,4.57600021362305,2.50099992752075,9.85400009155273,811,16,16,33,33,51,51,22,22,17,0,0,35.1020011901855,35.1020011901855,120.822998046875,120.822998046875,130,37,37,0,111,20,20,25,10,62,94,94,-34,221,-34,-23,23,81,139,190,221,210,166,109,55,-8,1118,1118,93,88,98,96,92,86,83,88,91,88,112,102,964,964,18,24,49,84,128,151,163,139,97,62,31,18,752,752,18,24,49,83,118,119,109,85,61,43,26,18,116,116,14,14,81,73,50,12,-28,-43,-49,-37,-7,30,72,82,6,6,26,24,19,2,1,0,0,0,0,0,2,4,20,22,0,4,0,8,0,1,0,0,0,0,0,0,0,0,0,0,0,0,0,0,0,86,0,4,0,8,0,1,0,0,0,0,0,0,0,0,0,0,0,0,0,0,0,86,8,0,0,0,0,0,0,0,100,0,0,0,0,0,0,0,0,0,0,0,0,0,0,100,0,0,0,0,0,0,0,11,38,38,37,37,1,0,0,0,0,0,0,0,0,1,0,0,0,0,0,0,0,0,13,13,0,0,0,0,0,0,0,0,0,0,1,1,4,339,5,118,5,5,29,29,66,66,52,52,84,84,100,100,100,99,93,81,68,61,62,69,83,96,9,0,0,273,272,362.798004150391,362.798004150391,2074.31396484375,2075.06396484375,99,99,6300,6300,11550,11551,394,394,395,395,240,67299,20847644672.0,20847646720.0,954,0.674314443698964,0.019603735416955,BasinATLAS_v10_lev12_WHONDRS
846,S19S_0073,0.0,0.0,152.2,152.2,731190110020,0,0,1,910555,3.78200006484985,2.15199995040894,7.91800022125244,795,11,11,36,36,54,54,6,6,3,0,0,31.0909996032715,31.0909996032715,105.458999633789,105.458999633789,72,28,28,0,98,15,15,16,10,55,91,91,-39,219,-39,-28,21,77,136,188,219,209,164,107,52,-12,1147,1147,93,91,96,103,91,90,84,81,89,97,122,110,956,956,17,23,48,83,127,151,162,140,97,61,30,17,749,749,17,23,48,83,117,120,110,85,60,42,26,17,120,120,17,17,82,74,50,20,-29,-41,-48,-42,-8,38,75,84,16,16,63,61,57,18,2,0,0,0,0,0,3,7,41,2,0,75,0,0,0,13,0,0,0,0,0,0,0,0,2,2,0,2,0,5,0,0,0,75,0,0,0,13,0,0,0,0,0,0,0,0,2,2,0,2,0,5,0,0,5,0,0,0,0,73,0,0,27,0,0,0,0,0,0,0,0,0,0,0,73,0,0,27,0,0,0,0,0,0,0,11,39,39,37,37,2,0,0,0,0,0,0,0,0,2,0,0,0,0,0,0,0,0,88,89,10,10,3,3,0,0,0,0,0,0,15,15,4,339,5,118,6,6,31,31,63,63,85,85,85,85,100,100,100,100,94,81,69,61,61,69,86,98,8,0,0,304,304,25.3649997711182,25.3649997711182,171.238006591797,171.231994628906,5,5,4537,4500,3443,3442,302,302,314,314,240,67299,1967866240.0,1967867392.0,954,0.784524787947809,0.0167554128256397,BasinATLAS_v10_lev12_WHONDRS
894,S19S_0077,3882.9,3882.9,238.3,2958.9,742946850000,0,0,4,937258,3.22099995613098,0.885999977588654,11.7320003509521,69,0,0,0,0,2,2,32,5,272,242,2379,32.3790016174316,221.110992431641,179.319000244141,637.935974121094,606,1761,2505,1519,2417,81,95,168,8,54,80,36,-29,203,-29,-10,19,67,118,170,203,192,144,87,20,-20,379,474,10,11,29,42,64,50,47,38,34,24,17,12,1092,899,24,33,59,92,134,166,186,160,111,70,34,23,328,400,7,10,19,31,48,56,55,42,28,18,9,6,35,56,-65,-44,-57,-66,-50,-54,-52,-70,-74,-76,-69,-65,-49,-48,10,28,44,32,20,9,1,1,0,0,0,0,1,11,44,4,0,0,0,57,0,0,0,0,0,0,0,21,15,0,0,0,0,0,0,0,0,7,0,0,0,76,0,0,0,0,0,0,0,19,4,0,0,0,0,0,0,0,0,1,10,0,0,0,0,0,0,0,0,0,55,45,0,0,0,0,0,0,0,36,4,12,5,0,0,29,14,0,0,0,0,11,6,9,2,9,3,0,0,0,0,0,0,0,0,0,0,0,0,0,0,0,0,0,57,76,14,3,20,29,5,1,0,0,0,2,1,22,5,353,7,143,16,11,34,32,51,57,31,52,30,48,32,32,33,34,35,34,30,26,25,25,27,28,8,71,6,1082,915,18.2240009307861,21.4270000457764,77.7779998779297,7.3600001335144,4,0,2011,200,880,160,145,34,148,43,240,55481,651338496.0,824194880.0,951,0.999538874241637,0.0253925766295424,BasinATLAS_v10_lev12_WHONDRS
906,S19S_0078,121.0,121.0,124.8,9214.1,781006501300,0,0,1,862690,229.360000610352,27.4570007324219,457.265014648438,1031,5,0,18,1,21,2,0,2,406,85,12,152.781005859375,3237.75805664062,3756.60009765625,37263.4765625,462,315,770,72,736,147,143,131,10,60,110,91,48,183,48,63,74,92,121,154,180,183,159,119,75,48,1392,1243,219,170,164,95,57,30,10,21,42,101,234,248,1039,1036,24,35,62,90,127,149,174,155,110,64,29,20,644,627,24,35,62,88,109,99,78,50,32,25,21,20,135,122,25,14,89,79,62,5,-55,-80,-94,-86,-62,36,87,92,20,20,54,50,36,29,15,6,0,0,0,1,8,36,53,4,0,0,0,100,0,0,0,0,0,0,0,0,0,0,0,0,0,0,0,0,0,0,0,0,0,89,0,0,0,0,0,0,0,0,8,0,0,3,0,0,0,0,0,0,4,0,0,0,100,0,0,0,0,0,0,0,0,0,0,0,0,0,0,91,0,9,0,0,0,0,0,0,0,0,0,-9999,0,0,0,0,0,0,0,0,0,0,0,0,0,0,0,0,0,0,0,0,0,0,100,89,1,4,11,23,0,2,0,0,0,0,0,4,5,351,5,123,16,16,37,37,47,47,59,60,73,72,100,100,100,98,88,69,48,34,29,38,71,98,3,0,3,1200,1732,0.214000001549721,95.0749969482422,1.87399995326996,10.4700002670288,0,1,118,300,219,142,39,46,41,45,240,47639,7683413.0,4786604032.0,928,0.624574538014173,0.0139038393135157,BasinATLAS_v10_lev12_WHONDRS
918,S19S_0079,49.9,49.9,145.8,10434.2,781006300320,0,0,1,862679,263.212005615234,32.7490005493164,526.039978027344,1129,12,1,27,2,33,3,0,2,407,85,10,208.533996582031,4114.4560546875,5531.8369140625,55963.1640625,456,193,711,19,504,132,142,104,10,60,114,93,52,184,52,69,80,97,125,157,181,184,162,123,79,52,1486,1257,237,183,178,101,61,33,11,22,43,107,244,265,1027,1037,23,35,62,90,126,148,170,152,109,63,29,20,654,630,23,35,62,89,111,101,80,52,34,26,22,20,145,123,31,15,90,81,65,10,-51,-78,-94,-85,-60,41,88,93,18,20,53,45,34,25,15,5,0,0,0,1,5,33,52,4,0,0,0,90,0,0,0,0,0,0,0,0,3,0,0,7,0,0,0,0,0,0,0,0,0,88,0,0,0,0,0,0,0,0,8,0,0,3,0,0,0,1,0,0,4,0,0,0,100,0,0,0,0,0,0,0,0,0,0,0,0,0,0,92,0,8,0,0,0,0,0,0,0,0,0,-9999,0,0,0,0,0,0,0,0,0,0,0,0,0,0,0,0,0,0,0,0,0,0,90,88,3,4,23,24,0,2,0,0,0,0,0,3,5,351,5,123,17,16,37,37,46,47,60,59,74,72,100,100,100,99,90,71,50,35,31,40,74,99,3,0,2,1084,1695,0.395999997854233,101.182998657227,2.94799995422363,9.83899974822998,0,1,137,300,159,146,53,47,54,46,240,47639,15057228.0,5072669184.0,928,0.640385407408041,0.0163019832035799,BasinATLAS_v10_lev12_WHONDRS
942,S19S_0081,12.1,12.1,198.2,198.3,731700800200,0,0,2,912242,3.15700006484985,1.84200000762939,6.02500009536743,502,1,1,5,5,7,7,0,0,0,0,0,28.3540000915527,28.3540000915527,80.2809982299805,80.2809982299805,100,70,70,3,168,18,18,45,11,68,127,127,2,246,2,16,64,119,172,221,246,237,199,135,79,25,1074,1074,75,72,92,84,105,94,101,105,93,82,86,85,1123,1123,26,34,67,104,145,165,174,153,112,75,42,26,850,850,26,34,67,99,124,122,112,93,69,50,31,23,96,96,-4,-4,66,52,27,-19,-27,-43,-42,-31,-17,8,52,69,2,2,17,6,16,1,0,0,0,0,0,0,0,2,3,22,0,16,0,3,0,5,0,0,0,0,0,0,1,0,0,19,0,0,0,0,0,56,0,16,0,3,0,5,0,0,0,0,0,0,1,0,0,19,0,0,0,0,0,56,5,0,0,0,0,68,0,0,32,0,0,0,0,0,0,0,0,0,0,0,68,0,0,32,0,0,0,0,0,0,0,11,38,38,38,38,0,0,0,0,0,0,0,0,0,0,0,0,0,0,0,0,0,0,24,24,4,4,2,2,0,0,0,0,0,0,4,4,8,399,5,158,17,17,36,36,47,47,26,26,81,81,97,100,100,96,87,76,66,61,62,66,75,88,4,0,0,1776,1776,234.248992919922,234.248992919922,1183.24597167969,1183.48303222656,76,76,6230,6200,5977,5977,366,366,367,367,240,64307,15500413952.0,15500411904.0,953,0.696854190004901,0.0206404374952452,BasinATLAS_v10_lev12_WHONDRS
954,S19S_0082,0.0,0.0,381.7,381.7,731700503000,0,1,0,912211,6.28299999237061,3.65599989891052,11.4250001907349,514,34,91,52,97,58,97,1,2,1,0,0,30.4050006866455,30.4050006866455,47.3190002441406,47.3190002441406,72,22,7,-2,64,16,11,34,11,68,131,133,10,250,10,22,66,124,176,224,250,241,205,142,85,31,1072,1068,76,71,95,84,102,95,104,112,89,74,81,89,1094,1091,26,34,66,102,140,159,168,147,109,74,41,26,844,842,26,34,66,97,121,120,112,94,71,49,30,23,98,98,-2,-2,65,52,31,-17,-27,-41,-38,-24,-19,0,49,70,4,5,20,7,20,2,1,0,0,0,0,0,0,6,8,2,0,71,0,9,0,6,0,0,0,0,0,0,0,0,0,3,0,0,0,0,0,12,0,62,0,20,0,1,0,0,0,0,0,0,0,0,0,0,0,0,0,0,0,17,5,0,0,0,0,100,0,0,0,0,0,0,0,0,0,0,0,0,0,0,100,0,0,0,0,0,0,0,0,0,0,11,32,17,32,17,0,0,0,0,0,0,0,0,0,0,0,0,0,0,0,0,0,0,86,83,11,10,1,1,0,0,0,0,0,0,6,15,8,399,5,158,16,14,34,32,49,53,43,75,82,82,97,100,100,96,87,77,67,64,65,67,74,87,1,0,0,856,333,133.257995605469,133.257995605469,417.877990722656,597.169982910156,25,31,4736,4421,7416,12429,323,345,319,335,240,64307,9859864576.0,9859864576.0,953,1.44806038994567,0.0396809996750577,BasinATLAS_v10_lev12_WHONDRS
966,S19S_0083,2363.4,2363.4,249.6,772.8,742822905000,0,0,4,925986,8.43400001525879,2.63199996948242,30.386999130249,339,13,17,89,75,97,91,0,0,0,0,0,61.6990013122559,158.746002197266,393.358001708984,736.484008789062,18,224,233,212,254,2,3,9,10,62,106,105,-46,237,-46,-21,38,106,167,220,237,226,189,124,48,-19,933,932,47,43,76,97,95,98,107,87,84,69,69,60,1057,1059,17,25,55,96,142,166,171,151,113,70,32,18,787,786,15,23,54,93,125,125,114,92,67,44,22,14,88,88,-12,-12,64,42,28,1,-33,-41,-37,-42,-25,-2,53,70,8,8,34,34,30,1,0,0,0,0,0,0,0,1,24,16,0,0,0,0,0,1,0,0,0,0,0,0,0,0,0,99,0,0,0,0,0,0,0,0,0,0,0,2,0,0,0,0,0,0,0,0,0,98,0,0,0,0,0,0,9,0,0,0,0,0,0,0,0,100,0,0,0,0,0,0,0,0,0,0,0,0,0,0,100,0,0,0,0,0,0,-9999,0,0,0,0,0,0,0,0,0,0,0,0,0,0,0,0,0,0,0,0,0,0,1,2,90,89,1,1,1,1,0,0,0,0,0,0,8,387,7,148,27,27,54,54,19,19,25,25,78,78,89,94,97,97,89,77,67,62,59,62,69,80,6,0,0,7851,8293,3.40700006484985,10.0819997787476,13.6780004501343,13.0830001831055,0,0,1324,1200,368,392,151,164,99,111,240,55147,254189248.0,631877952.0,950,0.857253682881058,0.0264840363018481,BasinATLAS_v10_lev12_WHONDRS
978,S19S_0084,246.2,246.2,110.8,672.2,731180909320,0,0,1,910547,19.6049995422363,11.3629999160767,48.5629997253418,827,0,0,0,0,8,31,1,0,2,0,0,35.8300018310547,181.332000732422,272.510009765625,989.107971191406,349,470,673,174,1140,102,130,295,7,48,49,39,-95,182,-95,-82,-25,41,107,156,182,169,125,67,6,-66,1170,1299,79,78,85,92,104,106,105,113,93,100,114,101,856,792,10,16,38,72,122,144,155,130,87,51,22,11,723,710,10,16,38,71,115,122,118,95,65,42,21,11,139,168,26,37,87,80,54,21,-14,-25,-31,-13,6,48,80,89,29,34,86,82,86,65,11,2,0,0,1,0,6,21,73,2,0,57,0,0,0,43,0,0,0,0,0,0,0,0,0,0,0,0,0,0,0,0,0,44,0,0,0,55,0,0,0,0,0,0,0,0,0,0,0,0,0,0,0,0,5,0,0,0,0,93,0,0,7,0,0,0,0,0,0,0,0,0,0,0,36,0,0,64,0,0,0,0,0,0,0,11,38,13,38,13,0,0,0,0,0,0,0,0,0,0,0,0,0,0,0,0,0,0,100,99,1,2,1,0,0,0,0,0,0,0,46,63,4,338,5,118,8,7,35,33,57,60,94,121,90,94,100,100,100,99,95,86,78,74,75,83,93,99,9,0,0,329,442,0.935000002384186,3.95499992370605,8.65100002288818,6.04899978637695,0,0,519,600,251,170,62,66,60,64,240,57322,42216828.0,228606400.0,951,0.604582187939615,0.0124486215358544,BasinATLAS_v10_lev12_WHONDRS
990,S19S_0085,1226.5,1226.5,169.7,1095.4,782940601000,0,0,3,865463,6.68100023269653,1.4210000038147,18.0030002593994,162,0,0,0,0,0,0,1,0,0,0,0,38.8889999389648,155.658004760742,266.178009033203,631.432006835938,789,1333,1536,910,1970,158,131,243,8,54,68,51,-46,192,-46,-21,14,58,104,149,192,185,134,78,10,-40,538,590,81,59,53,40,37,34,12,15,25,33,70,77,1050,1007,15,25,51,85,130,162,198,171,110,62,24,14,455,497,10,19,42,66,84,80,66,40,22,14,7,6,52,59,-48,-41,81,57,4,-52,-71,-79,-94,-91,-77,-46,65,81,24,35,87,87,68,37,6,1,0,0,0,0,2,24,59,4,0,0,0,79,0,0,0,0,0,0,0,17,4,0,0,0,0,0,0,0,0,0,0,0,0,60,0,0,0,0,0,0,0,39,1,0,0,0,0,0,0,0,0,0,10,0,0,0,0,0,0,0,0,0,100,0,0,0,0,0,0,0,0,64,0,0,0,0,0,34,0,3,0,0,0,1,0,0,0,0,0,0,0,0,0,0,0,0,0,0,0,0,0,0,0,0,0,0,79,60,1,0,21,7,0,0,0,0,0,0,3,1,5,367,7,121,16,17,40,41,44,42,32,39,50,57,65,78,83,79,67,52,36,24,20,22,32,47,9,0,0,2534,1428,1.41100001335144,3.39299988746643,8.33399963378906,3.09899997711182,0,0,728,300,89,46,44,31,44,28,240,41841,56705340.0,130090616.0,884,0.735264764417298,0.0189789510206739,BasinATLAS_v10_lev12_WHONDRS
1014,S19S_0087,1213.1,1213.1,189.0,189.0,782970040200,0,0,2,865424,0.630999982357025,0.0469999983906746,3.44199991226196,105,0,0,0,0,0,0,0,0,0,0,0,19.4769992828369,19.4769992828369,40.4560012817383,40.4560012817383,928,1554,1554,1131,2194,90,90,278,8,45,64,64,-41,183,-41,-15,10,49,93,140,183,176,124,71,10,-35,380,380,45,35,36,32,34,33,12,17,20,27,44,44,1035,1035,17,26,51,83,125,158,193,167,108,63,27,16,327,327,7,13,27,42,56,58,50,32,18,11,6,5,37,37,-63,-63,59,19,-28,-60,-72,-79,-94,-90,-81,-57,36,61,13,13,42,41,37,27,8,1,0,0,0,0,1,8,33,12,0,0,0,45,0,0,0,0,0,0,0,50,5,0,0,0,0,0,0,0,0,0,0,0,0,45,0,0,0,0,0,0,0,50,5,0,0,0,0,0,0,0,0,0,10,0,0,0,0,0,0,0,0,0,66,0,34,0,0,0,0,0,0,0,0,0,0,0,0,66,0,34,0,0,0,-9999,0,0,0,0,0,0,0,0,0,0,0,0,0,0,0,0,0,0,0,0,0,0,45,45,2,2,95,95,4,4,0,0,0,0,0,0,13,434,7,121,20,20,40,40,40,40,28,28,36,36,45,52,54,53,46,38,28,20,17,18,24,33,3,0,0,1046,1046,0.0320000015199184,0.0320000015199184,0.170000001788139,0.170000001788139,0,0,0,0,0,0,26,26,28,28,240,41841,1263085.375,1263085.75,884,0.713704628463841,0.0209573634863197,BasinATLAS_v10_lev12_WHONDRS
1026,S19S_0089,3130.4,3130.4,91.0,7247.4,742689505200,0,0,3,932812,129.910003662109,78.4970016479492,307.64599609375,475,2,0,2,0,2,1,0,2,293,286,70,98.1159973144531,2314.05493164062,2177.77294921875,25218.234375,262,606,835,513,737,41,75,39,10,62,113,106,-1,219,-1,15,63,111,157,198,219,213,178,118,67,18,980,1156,67,70,84,84,96,84,99,87,83,85,72,69,1157,1109,29,38,73,110,148,164,171,154,115,80,45,30,825,885,25,36,71,101,121,114,105,87,65,48,30,23,85,105,-15,3,57,45,12,-24,-35,-49,-42,-43,-28,6,37,57,2,4,12,5,10,0,0,0,0,0,0,0,0,1,7,6,0,20,0,0,0,46,0,0,0,0,0,0,0,0,0,33,0,0,0,0,0,1,0,2,0,0,0,86,0,0,0,0,0,0,0,0,0,12,0,0,0,0,0,0,8,0,0,0,0,14,0,0,86,0,0,0,0,0,0,0,0,0,0,0,13,0,0,87,0,0,0,0,0,0,0,-9999,0,0,0,0,0,0,0,0,0,0,0,0,0,0,0,0,0,0,0,0,0,0,66,88,24,22,18,7,0,0,0,0,0,0,0,2,4,331,6,150,23,20,37,36,40,43,38,57,76,84,87,94,98,93,83,71,62,57,56,60,68,77,3,92,30,2045,2791,32.5169982910156,263.579010009766,357.316009521484,36.6040000915527,16,2,4904,1200,1580,343,311,98,296,98,240,58068,2004530176.0,14583325696.0,950,0.59982348928593,0.00923700269337909,BasinATLAS_v10_lev12_WHONDRS
1110,S19S_0097,164.8,164.8,84.6,1458.3,773819603000,1,0,2,959693,5.8270001411438,1.22800004482269,24.0860004425049,137,10,1,18,1,33,2,22,1,1,0,0,19.8589992523193,195.197006225586,145.613998413086,804.642028808594,88,1365,2150,1343,1463,4,130,21,9,59,89,36,-44,228,-44,-15,31,81,131,182,228,219,161,99,26,-33,468,496,40,40,46,51,52,36,19,23,35,42,42,42,1111,924,17,27,55,91,137,173,205,177,116,68,29,16,400,423,8,14,32,53,71,71,59,38,24,16,8,6,42,54,-58,-45,58,32,-15,-44,-62,-79,-91,-87,-70,-38,30,62,20,39,89,88,86,31,0,0,0,0,0,0,0,7,31,16,0,0,0,17,0,0,0,0,0,0,0,1,8,0,0,62,0,0,0,0,0,11,0,0,0,86,0,0,0,0,0,0,0,4,3,0,0,6,0,0,0,0,0,1,4,0,0,0,97,2,0,0,0,0,2,0,0,0,0,0,0,0,0,25,75,0,0,0,0,0,0,0,0,0,0,10,27,2,27,2,0,0,0,0,0,0,0,0,0,0,0,0,0,0,0,0,0,0,17,86,36,11,5,16,49,4,0,0,0,0,1,20,13,430,4,127,21,22,42,42,37,37,25,32,40,51,48,55,59,58,53,43,31,22,20,24,30,38,6,100,64,237,1591,17.3759994506836,54.0330009460449,205.654006958008,37.0,17,3,4350,600,1887,369,290,51,291,57,240,42655,375396512.0,2868605696.0,925,0.528516171625498,0.00916114515176358,BasinATLAS_v10_lev12_WHONDRS
1122,S19S_0098,215.4,215.4,194.9,194.9,773819605400,1,0,2,959855,0.488999992609024,0.0860000029206276,2.40599989891052,80,0,0,0,0,0,0,0,0,0,0,0,15.9420003890991,15.9420003890991,29.0879993438721,29.0879993438721,806,2480,2480,2017,2909,121,121,279,7,37,17,17,-88,143,-88,-81,-54,-2,52,99,143,134,86,32,-36,-80,521,521,51,46,49,46,48,41,30,34,40,38,48,50,830,830,12,17,33,60,100,131,162,140,91,52,21,12,443,443,8,12,26,48,74,81,76,53,32,19,9,6,63,63,-37,-37,76,62,31,-23,-52,-69,-81,-75,-56,-26,56,76,51,51,100,100,100,100,87,35,1,0,0,2,14,76,97,4,0,0,0,96,0,0,0,0,0,0,0,0,4,0,0,0,0,0,0,0,0,0,0,0,0,96,0,0,0,0,0,0,0,0,4,0,0,0,0,0,0,0,0,0,4,0,0,0,78,22,0,0,0,0,0,0,0,0,0,0,0,0,0,78,22,0,0,0,0,0,0,0,0,0,0,1,0,0,0,0,0,0,0,0,0,0,0,0,0,0,0,0,0,0,0,0,0,0,96,96,5,5,17,17,0,0,0,0,0,0,16,16,5,368,4,127,20,20,41,41,39,39,39,39,58,58,66,74,80,81,75,63,50,39,35,37,44,53,6,100,100,1436,1436,0.00600000005215406,0.00600000005215406,0.0299999993294477,0.0299999993294477,0,0,236,200,73,72,32,32,35,35,240,42332,173804.9375,173804.921875,909,0.675599020219601,0.0212077749438357,BasinATLAS_v10_lev12_WHONDRS
1134,S19S_0099,2395.5,2395.5,248.0,10027.5,742676300100,0,0,3,926250,122.846000671387,56.185001373291,392.173004150391,428,18,4,36,12,45,18,1,4,240,165,43,264.165985107422,3163.06591796875,6381.77978515625,35865.453125,214,218,300,142,285,31,9,41,11,68,116,104,-21,238,-21,-2,55,114,169,216,238,230,192,126,65,7,1055,972,68,67,102,98,115,92,107,90,76,73,88,80,1112,1052,22,31,63,103,146,167,175,156,114,74,38,23,838,793,21,31,63,100,130,127,116,94,66,44,26,19,95,92,-5,-8,68,54,38,-5,-21,-45,-39,-43,-34,-2,57,71,3,9,21,4,21,1,0,1,0,0,0,0,0,1,4,2,0,39,0,0,0,1,0,0,0,0,1,0,0,0,0,30,0,0,0,0,0,29,0,3,0,1,0,1,0,0,0,0,1,0,0,0,0,88,0,0,0,0,0,6,5,0,0,0,0,100,0,0,0,0,0,0,0,0,0,0,0,0,0,7,67,0,0,2,25,0,0,0,0,0,0,-9999,0,2,0,2,0,0,0,0,0,0,0,0,0,0,0,0,0,0,0,0,0,0,40,5,11,60,3,3,1,1,0,0,0,0,3,0,4,336,6,150,24,24,46,49,30,27,28,25,80,80,95,100,100,97,90,78,67,61,58,60,69,83,6,79,73,4724,5091,65.4619979858398,1379.58605957031,264.835998535156,138.494003295898,28,10,4993,2800,2257,1267,336,240,319,233,240,47436,2392296192.0,61381435392.0,924,0.852729510734855,0.0259019963473071,BasinATLAS_v10_lev12_WHONDRS
