num.trans.involved.in,sample,peak
37,Sample_S19S_0020_Wat,201.0404313
32,Sample_S19S_0020_Wat,201.0768122
11,Sample_S19S_0020_Wat,203.0924536
36,Sample_S19S_0020_Wat,205.0142188
31,Sample_S19S_0020_Wat,205.0505947
19,Sample_S19S_0020_Wat,205.086978
11,Sample_S19S_0020_Wat,205.1597578
46,Sample_S19S_0020_Wat,207.0298709
44,Sample_S19S_0020_Wat,207.066249
20,Sample_S19S_0020_Wat,209.0091207
42,Sample_S19S_0020_Wat,209.0455114
40,Sample_S19S_0020_Wat,209.0818981
17,Sample_S19S_0020_Wat,210.0407624
62,Sample_S19S_0020_Wat,211.0247874
59,Sample_S19S_0020_Wat,211.0611736
36,Sample_S19S_0020_Wat,211.097555
21,Sample_S19S_0020_Wat,212.0564229
40,Sample_S19S_0020_Wat,213.0404285
46,Sample_S19S_0020_Wat,213.0768216
31,Sample_S19S_0020_Wat,213.1132092
40,Sample_S19S_0020_Wat,215.0560786
41,Sample_S19S_0020_Wat,215.0924726
22,Sample_S19S_0020_Wat,215.1288446
16,Sample_S19S_0020_Wat,217.0505866
45,Sample_S19S_0020_Wat,217.0717431
31,Sample_S19S_0020_Wat,217.1081169
56,Sample_S19S_0020_Wat,219.0298823
19,Sample_S19S_0020_Wat,219.0662407
24,Sample_S19S_0020_Wat,219.1026309
26,Sample_S19S_0020_Wat,221.0091259
46,Sample_S19S_0020_Wat,221.0455191
25,Sample_S19S_0020_Wat,221.0818912
28,Sample_S19S_0020_Wat,221.1182865
8,Sample_S19S_0020_Wat,221.1546776
7,Sample_S19S_0020_Wat,222.0407486
13,Sample_S19S_0020_Wat,222.0771399
62,Sample_S19S_0020_Wat,223.0247931
23,Sample_S19S_0020_Wat,223.0611523
48,Sample_S19S_0020_Wat,223.0975605
10,Sample_S19S_0020_Wat,224.0200135
29,Sample_S19S_0020_Wat,224.0564233
7,Sample_S19S_0020_Wat,224.092781
16,Sample_S19S_0020_Wat,225.0040321
90,Sample_S19S_0020_Wat,225.0404494
58,Sample_S19S_0020_Wat,225.0768195
18,Sample_S19S_0020_Wat,225.1131873
20,Sample_S19S_0020_Wat,226.0356785
35,Sample_S19S_0020_Wat,226.072077
28,Sample_S19S_0020_Wat,227.0196895
42,Sample_S19S_0020_Wat,227.056079
52,Sample_S19S_0020_Wat,227.092466
32,Sample_S19S_0020_Wat,227.1288722
12,Sample_S19S_0020_Wat,229.0175957
52,Sample_S19S_0020_Wat,229.0353497
50,Sample_S19S_0020_Wat,229.0717413
37,Sample_S19S_0020_Wat,229.1081151
22,Sample_S19S_0020_Wat,229.14452
45,Sample_S19S_0020_Wat,231.0298777
24,Sample_S19S_0020_Wat,231.0332653
51,Sample_S19S_0020_Wat,231.051012
32,Sample_S19S_0020_Wat,231.0662593
46,Sample_S19S_0020_Wat,231.0873835
27,Sample_S19S_0020_Wat,232.0615087
51,Sample_S19S_0020_Wat,233.0091463
16,Sample_S19S_0020_Wat,233.0125103
50,Sample_S19S_0020_Wat,233.0455307
68,Sample_S19S_0020_Wat,233.0666759
41,Sample_S19S_0020_Wat,233.0819208
37,Sample_S19S_0020_Wat,233.1030488
30,Sample_S19S_0020_Wat,233.1182842
13,Sample_S19S_0020_Wat,233.1546845
6,Sample_S19S_0020_Wat,234.0407445
55,Sample_S19S_0020_Wat,235.0247912
63,Sample_S19S_0020_Wat,235.0611873
43,Sample_S19S_0020_Wat,235.0975749
28,Sample_S19S_0020_Wat,235.1339408
53,Sample_S19S_0020_Wat,236.0564412
44,Sample_S19S_0020_Wat,237.0040579
60,Sample_S19S_0020_Wat,237.0404421
67,Sample_S19S_0020_Wat,237.0768351
42,Sample_S19S_0020_Wat,237.1132227
16,Sample_S19S_0020_Wat,238.0356696
30,Sample_S19S_0020_Wat,238.0720655
1,Sample_S19S_0020_Wat,238.9629644
12,Sample_S19S_0020_Wat,239.0019507
77,Sample_S19S_0020_Wat,239.0197221
106,Sample_S19S_0020_Wat,239.0561117
11,Sample_S19S_0020_Wat,239.0673352
98,Sample_S19S_0020_Wat,239.092497
48,Sample_S19S_0020_Wat,239.1288753
39,Sample_S19S_0020_Wat,240.0513448
39,Sample_S19S_0020_Wat,240.0877319
13,Sample_S19S_0020_Wat,241.0176131
87,Sample_S19S_0020_Wat,241.03537
58,Sample_S19S_0020_Wat,241.0717422
37,Sample_S19S_0020_Wat,241.1081087
27,Sample_S19S_0020_Wat,241.1445007
54,Sample_S19S_0020_Wat,242.0670034
18,Sample_S19S_0020_Wat,242.139775
5,Sample_S19S_0020_Wat,242.1761465
16,Sample_S19S_0020_Wat,242.9968753
64,Sample_S19S_0020_Wat,243.0146297
36,Sample_S19S_0020_Wat,243.0332768
86,Sample_S19S_0020_Wat,243.0510224
46,Sample_S19S_0020_Wat,243.0873816
25,Sample_S19S_0020_Wat,243.1237626
36,Sample_S19S_0020_Wat,244.0826525
20,Sample_S19S_0020_Wat,245.0125083
53,Sample_S19S_0020_Wat,245.0302737
82,Sample_S19S_0020_Wat,245.0455587
21,Sample_S19S_0020_Wat,245.0489119
97,Sample_S19S_0020_Wat,245.0666847
54,Sample_S19S_0020_Wat,245.0819342
68,Sample_S19S_0020_Wat,245.1030642
30,Sample_S19S_0020_Wat,246.0407845
55,Sample_S19S_0020_Wat,247.024801
18,Sample_S19S_0020_Wat,247.0281631
27,Sample_S19S_0020_Wat,247.0459114
78,Sample_S19S_0020_Wat,247.0612011
7,Sample_S19S_0020_Wat,247.0645256
78,Sample_S19S_0020_Wat,247.0823368
75,Sample_S19S_0020_Wat,247.0975945
50,Sample_S19S_0020_Wat,247.1339672
33,Sample_S19S_0020_Wat,248.0200547
46,Sample_S19S_0020_Wat,248.0564361
56,Sample_S19S_0020_Wat,249.0040636
89,Sample_S19S_0020_Wat,249.0404675
95,Sample_S19S_0020_Wat,249.0768527
38,Sample_S19S_0020_Wat,249.1132224
45,Sample_S19S_0020_Wat,249.1496147
55,Sample_S19S_0020_Wat,250.07209
85,Sample_S19S_0020_Wat,251.0197332
84,Sample_S19S_0020_Wat,251.0560986
118,Sample_S19S_0020_Wat,251.0925063
48,Sample_S19S_0020_Wat,251.1289035
48,Sample_S19S_0020_Wat,252.0513612
47,Sample_S19S_0020_Wat,252.0877348
110,Sample_S19S_0020_Wat,253.0353983
125,Sample_S19S_0020_Wat,253.0717756
44,Sample_S19S_0020_Wat,253.1081345
49,Sample_S19S_0020_Wat,253.1445337
48,Sample_S19S_0020_Wat,254.0306157
41,Sample_S19S_0020_Wat,254.0670222
70,Sample_S19S_0020_Wat,255.0146298
31,Sample_S19S_0020_Wat,255.0332681
109,Sample_S19S_0020_Wat,255.0510433
119,Sample_S19S_0020_Wat,255.0874163
44,Sample_S19S_0020_Wat,255.1237776
47,Sample_S19S_0020_Wat,256.0826837
25,Sample_S19S_0020_Wat,257.012566
89,Sample_S19S_0020_Wat,257.030304
64,Sample_S19S_0020_Wat,257.0455598
40,Sample_S19S_0020_Wat,257.048925
109,Sample_S19S_0020_Wat,257.0666765
66,Sample_S19S_0020_Wat,257.1030521
52,Sample_S19S_0020_Wat,257.1394516
52,Sample_S19S_0020_Wat,258.0619166
57,Sample_S19S_0020_Wat,259.0248281
32,Sample_S19S_0020_Wat,259.0282061
94,Sample_S19S_0020_Wat,259.0459547
73,Sample_S19S_0020_Wat,259.0612028
94,Sample_S19S_0020_Wat,259.0823405
65,Sample_S19S_0020_Wat,259.0975861
65,Sample_S19S_0020_Wat,259.1187072
19,Sample_S19S_0020_Wat,260.0564172
19,Sample_S19S_0020_Wat,261.0074429
71,Sample_S19S_0020_Wat,261.040468
26,Sample_S19S_0020_Wat,261.04386
74,Sample_S19S_0020_Wat,261.061588
96,Sample_S19S_0020_Wat,261.0768598
55,Sample_S19S_0020_Wat,261.0980071
63,Sample_S19S_0020_Wat,261.1132477
32,Sample_S19S_0020_Wat,262.0357323
41,Sample_S19S_0020_Wat,262.0721008
57,Sample_S19S_0020_Wat,263.019721
92,Sample_S19S_0020_Wat,263.0561329
33,Sample_S19S_0020_Wat,263.0595
52,Sample_S19S_0020_Wat,263.0924815
49,Sample_S19S_0020_Wat,263.128908
52,Sample_S19S_0020_Wat,264.0513612
45,Sample_S19S_0020_Wat,264.087752
66,Sample_S19S_0020_Wat,264.9989861
98,Sample_S19S_0020_Wat,265.0353938
94,Sample_S19S_0020_Wat,265.0717855
26,Sample_S19S_0020_Wat,265.07514
108,Sample_S19S_0020_Wat,265.1081545
39,Sample_S19S_0020_Wat,265.1445692
48,Sample_S19S_0020_Wat,266.0306266
56,Sample_S19S_0020_Wat,266.0670361
36,Sample_S19S_0020_Wat,266.1034196
1,Sample_S19S_0020_Wat,266.9942715
80,Sample_S19S_0020_Wat,267.0146829
123,Sample_S19S_0020_Wat,267.0510336
112,Sample_S19S_0020_Wat,267.0874299
99,Sample_S19S_0020_Wat,267.123805
44,Sample_S19S_0020_Wat,267.1601848
57,Sample_S19S_0020_Wat,268.0462977
60,Sample_S19S_0020_Wat,268.08266
35,Sample_S19S_0020_Wat,269.01256
87,Sample_S19S_0020_Wat,269.0303205
11,Sample_S19S_0020_Wat,269.0455202
36,Sample_S19S_0020_Wat,269.0489342
129,Sample_S19S_0020_Wat,269.0666802
18,Sample_S19S_0020_Wat,269.0779259
107,Sample_S19S_0020_Wat,269.1030627
56,Sample_S19S_0020_Wat,269.1394657
57,Sample_S19S_0020_Wat,270.0619439
53,Sample_S19S_0020_Wat,270.0983057
23,Sample_S19S_0020_Wat,270.9918312
70,Sample_S19S_0020_Wat,271.0095529
41,Sample_S19S_0020_Wat,271.0248117
36,Sample_S19S_0020_Wat,271.0281864
91,Sample_S19S_0020_Wat,271.0459737
27,Sample_S19S_0020_Wat,271.061176
32,Sample_S19S_0020_Wat,271.0645721
102,Sample_S19S_0020_Wat,271.0823212
34,Sample_S19S_0020_Wat,271.0976146
89,Sample_S19S_0020_Wat,271.118718
27,Sample_S19S_0020_Wat,271.1551343
52,Sample_S19S_0020_Wat,272.0775888
31,Sample_S19S_0020_Wat,273.0074568
73,Sample_S19S_0020_Wat,273.0252099
69,Sample_S19S_0020_Wat,273.040478
40,Sample_S19S_0020_Wat,273.0438577
86,Sample_S19S_0020_Wat,273.061591
86,Sample_S19S_0020_Wat,273.0768603
82,Sample_S19S_0020_Wat,273.0979879
59,Sample_S19S_0020_Wat,273.1132445
39,Sample_S19S_0020_Wat,273.1343844
40,Sample_S19S_0020_Wat,274.0357454
41,Sample_S19S_0020_Wat,274.0720917
36,Sample_S19S_0020_Wat,274.0932637
71,Sample_S19S_0020_Wat,275.0197425
39,Sample_S19S_0020_Wat,275.0231068
77,Sample_S19S_0020_Wat,275.0408652
81,Sample_S19S_0020_Wat,275.0561155
39,Sample_S19S_0020_Wat,275.0594984
88,Sample_S19S_0020_Wat,275.0772487
86,Sample_S19S_0020_Wat,275.0925149
70,Sample_S19S_0020_Wat,275.1136274
59,Sample_S19S_0020_Wat,275.1288873
44,Sample_S19S_0020_Wat,276.0513913
21,Sample_S19S_0020_Wat,276.0725557
25,Sample_S19S_0020_Wat,276.0877174
70,Sample_S19S_0020_Wat,276.9990278
100,Sample_S19S_0020_Wat,277.0354157
24,Sample_S19S_0020_Wat,277.0387785
96,Sample_S19S_0020_Wat,277.0717892
95,Sample_S19S_0020_Wat,277.1081544
61,Sample_S19S_0020_Wat,277.1445377
36,Sample_S19S_0020_Wat,278.0306345
51,Sample_S19S_0020_Wat,278.0670289
41,Sample_S19S_0020_Wat,278.1034322
54,Sample_S19S_0020_Wat,279.0146331
99,Sample_S19S_0020_Wat,279.0510516
34,Sample_S19S_0020_Wat,279.0544147
18,Sample_S19S_0020_Wat,279.0622836
67,Sample_S19S_0020_Wat,279.0874539
66,Sample_S19S_0020_Wat,279.1238221
49,Sample_S19S_0020_Wat,279.160186
58,Sample_S19S_0020_Wat,280.0463018
62,Sample_S19S_0020_Wat,280.0826921
45,Sample_S19S_0020_Wat,280.1190492
20,Sample_S19S_0020_Wat,281.0125726
95,Sample_S19S_0020_Wat,281.0303339
129,Sample_S19S_0020_Wat,281.0666829
7,Sample_S19S_0020_Wat,281.0700358
23,Sample_S19S_0020_Wat,281.0779309
74,Sample_S19S_0020_Wat,281.1030502
77,Sample_S19S_0020_Wat,281.1394597
39,Sample_S19S_0020_Wat,282.025533
46,Sample_S19S_0020_Wat,282.0983548
15,Sample_S19S_0020_Wat,282.1347472
17,Sample_S19S_0020_Wat,282.9917912
74,Sample_S19S_0020_Wat,283.0095898
25,Sample_S19S_0020_Wat,283.0282193
120,Sample_S19S_0020_Wat,283.0459554
50,Sample_S19S_0020_Wat,283.0612062
4,Sample_S19S_0020_Wat,283.064623
82,Sample_S19S_0020_Wat,283.0823169
116,Sample_S19S_0020_Wat,283.118715
43,Sample_S19S_0020_Wat,283.1551309
46,Sample_S19S_0020_Wat,284.0412345
60,Sample_S19S_0020_Wat,284.0776208
43,Sample_S19S_0020_Wat,284.1139788
32,Sample_S19S_0020_Wat,285.0074703
80,Sample_S19S_0020_Wat,285.025228
53,Sample_S19S_0020_Wat,285.0404866
26,Sample_S19S_0020_Wat,285.0438689
88,Sample_S19S_0020_Wat,285.0616357
56,Sample_S19S_0020_Wat,285.0768513
29,Sample_S19S_0020_Wat,285.0802217
40,Sample_S19S_0020_Wat,285.0980306
9,Sample_S19S_0020_Wat,285.1262347
59,Sample_S19S_0020_Wat,285.1343948
41,Sample_S19S_0020_Wat,285.17075
46,Sample_S19S_0020_Wat,286.0568589
50,Sample_S19S_0020_Wat,286.0932539
63,Sample_S19S_0020_Wat,287.0197477
33,Sample_S19S_0020_Wat,287.0231311
75,Sample_S19S_0020_Wat,287.0408776
71,Sample_S19S_0020_Wat,287.0561351
7,Sample_S19S_0020_Wat,287.0595327
96,Sample_S19S_0020_Wat,287.0772537
70,Sample_S19S_0020_Wat,287.0925228
87,Sample_S19S_0020_Wat,287.1136282
47,Sample_S19S_0020_Wat,287.1289021
58,Sample_S19S_0020_Wat,287.150015
42,Sample_S19S_0020_Wat,288.0513962
47,Sample_S19S_0020_Wat,288.0725046
40,Sample_S19S_0020_Wat,288.0877815
39,Sample_S19S_0020_Wat,288.1089115
31,Sample_S19S_0020_Wat,289.0023755
82,Sample_S19S_0020_Wat,289.0354029
34,Sample_S19S_0020_Wat,289.0387746
82,Sample_S19S_0020_Wat,289.0565242
104,Sample_S19S_0020_Wat,289.0717704
37,Sample_S19S_0020_Wat,289.0751476
15,Sample_S19S_0020_Wat,289.0830287
77,Sample_S19S_0020_Wat,289.0929075
70,Sample_S19S_0020_Wat,289.1081489
65,Sample_S19S_0020_Wat,289.1292776
54,Sample_S19S_0020_Wat,289.1445478
17,Sample_S19S_0020_Wat,290.0305978
24,Sample_S19S_0020_Wat,290.0669883
13,Sample_S19S_0020_Wat,290.0882083
7,Sample_S19S_0020_Wat,290.1245994
75,Sample_S19S_0020_Wat,291.0146759
20,Sample_S19S_0020_Wat,291.0180075
97,Sample_S19S_0020_Wat,291.0510416
38,Sample_S19S_0020_Wat,291.0543989
16,Sample_S19S_0020_Wat,291.0622947
73,Sample_S19S_0020_Wat,291.0721692
88,Sample_S19S_0020_Wat,291.0874132
13,Sample_S19S_0020_Wat,291.0986884
45,Sample_S19S_0020_Wat,291.1085682
69,Sample_S19S_0020_Wat,291.1237966
51,Sample_S19S_0020_Wat,291.1601932
43,Sample_S19S_0020_Wat,292.0462633
25,Sample_S19S_0020_Wat,292.0674445
33,Sample_S19S_0020_Wat,292.1038307
41,Sample_S19S_0020_Wat,292.1190716
1,Sample_S19S_0020_Wat,292.2129776
100,Sample_S19S_0020_Wat,293.0303357
30,Sample_S19S_0020_Wat,293.0336884
98,Sample_S19S_0020_Wat,293.0667099
20,Sample_S19S_0020_Wat,293.0779374
108,Sample_S19S_0020_Wat,293.1030793
85,Sample_S19S_0020_Wat,293.1394564
14,Sample_S19S_0020_Wat,293.1757942
21,Sample_S19S_0020_Wat,294.0255165
56,Sample_S19S_0020_Wat,294.0619153
57,Sample_S19S_0020_Wat,294.098304
1,Sample_S19S_0020_Wat,294.9918681
58,Sample_S19S_0020_Wat,295.0095496
96,Sample_S19S_0020_Wat,295.0459444
126,Sample_S19S_0020_Wat,295.0823376
6,Sample_S19S_0020_Wat,295.093638
119,Sample_S19S_0020_Wat,295.1187213
62,Sample_S19S_0020_Wat,295.1550986
45,Sample_S19S_0020_Wat,296.0411763
58,Sample_S19S_0020_Wat,296.0775656
40,Sample_S19S_0020_Wat,296.1139469
24,Sample_S19S_0020_Wat,297.0074532
91,Sample_S19S_0020_Wat,297.025237
27,Sample_S19S_0020_Wat,297.0404658
27,Sample_S19S_0020_Wat,297.0438655
101,Sample_S19S_0020_Wat,297.0616262
21,Sample_S19S_0020_Wat,297.0728378
28,Sample_S19S_0020_Wat,297.080232
71,Sample_S19S_0020_Wat,297.0980154
17,Sample_S19S_0020_Wat,297.109248
46,Sample_S19S_0020_Wat,297.1344063
4,Sample_S19S_0020_Wat,297.1529844
20,Sample_S19S_0020_Wat,297.1707937
64,Sample_S19S_0020_Wat,298.0568737
58,Sample_S19S_0020_Wat,298.0932671
38,Sample_S19S_0020_Wat,298.1296449
21,Sample_S19S_0020_Wat,298.9867348
41,Sample_S19S_0020_Wat,299.0197546
33,Sample_S19S_0020_Wat,299.0231228
81,Sample_S19S_0020_Wat,299.0408894
68,Sample_S19S_0020_Wat,299.05613
40,Sample_S19S_0020_Wat,299.0595
113,Sample_S19S_0020_Wat,299.0772616
19,Sample_S19S_0020_Wat,299.0884889
52,Sample_S19S_0020_Wat,299.0924991
16,Sample_S19S_0020_Wat,299.0958611
92,Sample_S19S_0020_Wat,299.1136455
74,Sample_S19S_0020_Wat,299.1500243
25,Sample_S19S_0020_Wat,299.1864335
18,Sample_S19S_0020_Wat,300.0360843
35,Sample_S19S_0020_Wat,300.0513851
63,Sample_S19S_0020_Wat,300.0725
46,Sample_S19S_0020_Wat,300.1089049
30,Sample_S19S_0020_Wat,300.9989926
20,Sample_S19S_0020_Wat,301.0023572
66,Sample_S19S_0020_Wat,301.0201601
67,Sample_S19S_0020_Wat,301.0353903
38,Sample_S19S_0020_Wat,301.0387674
80,Sample_S19S_0020_Wat,301.0565488
56,Sample_S19S_0020_Wat,301.071792
40,Sample_S19S_0020_Wat,301.0751454
64,Sample_S19S_0020_Wat,301.092932
37,Sample_S19S_0020_Wat,301.1081829
55,Sample_S19S_0020_Wat,301.129318
40,Sample_S19S_0020_Wat,301.1445638
35,Sample_S19S_0020_Wat,301.1656955
32,Sample_S19S_0020_Wat,302.0306578
43,Sample_S19S_0020_Wat,302.0518004
44,Sample_S19S_0020_Wat,302.0670162
32,Sample_S19S_0020_Wat,302.0881947
26,Sample_S19S_0020_Wat,302.1245742
60,Sample_S19S_0020_Wat,303.0146906
34,Sample_S19S_0020_Wat,303.0180437
64,Sample_S19S_0020_Wat,303.0357821
81,Sample_S19S_0020_Wat,303.0510433
51,Sample_S19S_0020_Wat,303.0544081
6,Sample_S19S_0020_Wat,303.0623453
85,Sample_S19S_0020_Wat,303.0721573
74,Sample_S19S_0020_Wat,303.0874395
36,Sample_S19S_0020_Wat,303.0907893
88,Sample_S19S_0020_Wat,303.1085414
63,Sample_S19S_0020_Wat,303.1238249
59,Sample_S19S_0020_Wat,303.1449308
36,Sample_S19S_0020_Wat,303.1602155
44,Sample_S19S_0020_Wat,304.0462877
27,Sample_S19S_0020_Wat,304.0674332
50,Sample_S19S_0020_Wat,304.0826613
33,Sample_S19S_0020_Wat,304.1038383
7,Sample_S19S_0020_Wat,304.1402446
91,Sample_S19S_0020_Wat,305.0303157
38,Sample_S19S_0020_Wat,305.0336873
2,Sample_S19S_0020_Wat,305.0416206
47,Sample_S19S_0020_Wat,305.0514118
108,Sample_S19S_0020_Wat,305.0666877
42,Sample_S19S_0020_Wat,305.0700613
8,Sample_S19S_0020_Wat,305.0779953
50,Sample_S19S_0020_Wat,305.087829
89,Sample_S19S_0020_Wat,305.1030852
32,Sample_S19S_0020_Wat,305.1242388
69,Sample_S19S_0020_Wat,305.1394662
38,Sample_S19S_0020_Wat,305.1758605
21,Sample_S19S_0020_Wat,306.0831168
60,Sample_S19S_0020_Wat,306.0983427
6,Sample_S19S_0020_Wat,306.1195211
56,Sample_S19S_0020_Wat,307.0095853
111,Sample_S19S_0020_Wat,307.0459779
24,Sample_S19S_0020_Wat,307.0493115
9,Sample_S19S_0020_Wat,307.0572343
70,Sample_S19S_0020_Wat,307.0823737
18,Sample_S19S_0020_Wat,307.0936059
50,Sample_S19S_0020_Wat,307.1187572
42,Sample_S19S_0020_Wat,307.1551342
68,Sample_S19S_0020_Wat,308.0412303
68,Sample_S19S_0020_Wat,308.0775973
4,Sample_S19S_0020_Wat,308.098784
55,Sample_S19S_0020_Wat,308.1139545
22,Sample_S19S_0020_Wat,309.007479
96,Sample_S19S_0020_Wat,309.0252469
122,Sample_S19S_0020_Wat,309.0616036
19,Sample_S19S_0020_Wat,309.0728691
115,Sample_S19S_0020_Wat,309.0979773
8,Sample_S19S_0020_Wat,309.1092661
93,Sample_S19S_0020_Wat,309.1343649
45,Sample_S19S_0020_Wat,309.1707647
63,Sample_S19S_0020_Wat,310.0568411
62,Sample_S19S_0020_Wat,310.0932206
54,Sample_S19S_0020_Wat,310.1296176
69,Sample_S19S_0020_Wat,311.0045073
37,Sample_S19S_0020_Wat,311.0231058
102,Sample_S19S_0020_Wat,311.0408991
49,Sample_S19S_0020_Wat,311.0561331
17,Sample_S19S_0020_Wat,311.0594676
107,Sample_S19S_0020_Wat,311.0772659
23,Sample_S19S_0020_Wat,311.0885065
13,Sample_S19S_0020_Wat,311.0958599
14,Sample_S19S_0020_Wat,311.105537
136,Sample_S19S_0020_Wat,311.1136352
79,Sample_S19S_0020_Wat,311.1500195
29,Sample_S19S_0020_Wat,311.186419
49,Sample_S19S_0020_Wat,312.0361043
64,Sample_S19S_0020_Wat,312.0725103
20,Sample_S19S_0020_Wat,313.0024017
64,Sample_S19S_0020_Wat,313.0201379
42,Sample_S19S_0020_Wat,313.0353909
46,Sample_S19S_0020_Wat,313.0387549
91,Sample_S19S_0020_Wat,313.0565398
37,Sample_S19S_0020_Wat,313.071764
10,Sample_S19S_0020_Wat,313.075094
84,Sample_S19S_0020_Wat,313.0929245
27,Sample_S19S_0020_Wat,313.1041391
59,Sample_S19S_0020_Wat,313.1081574
75,Sample_S19S_0020_Wat,313.1293014
50,Sample_S19S_0020_Wat,313.1656688
56,Sample_S19S_0020_Wat,314.0517902
68,Sample_S19S_0020_Wat,314.0881771
49,Sample_S19S_0020_Wat,314.1245573
52,Sample_S19S_0020_Wat,315.0146824
31,Sample_S19S_0020_Wat,315.0180328
78,Sample_S19S_0020_Wat,315.035781
70,Sample_S19S_0020_Wat,315.0510397
52,Sample_S19S_0020_Wat,315.0544106
85,Sample_S19S_0020_Wat,315.0721791
35,Sample_S19S_0020_Wat,315.0873994
11,Sample_S19S_0020_Wat,315.0907452
68,Sample_S19S_0020_Wat,315.1085755
65,Sample_S19S_0020_Wat,315.1238052
53,Sample_S19S_0020_Wat,315.1449559
33,Sample_S19S_0020_Wat,315.1813307
44,Sample_S19S_0020_Wat,316.0463145
42,Sample_S19S_0020_Wat,316.0674166
53,Sample_S19S_0020_Wat,316.0826874
58,Sample_S19S_0020_Wat,316.1038062
74,Sample_S19S_0020_Wat,317.0303382
11,Sample_S19S_0020_Wat,317.0337185
76,Sample_S19S_0020_Wat,317.0514233
87,Sample_S19S_0020_Wat,317.0666936
46,Sample_S19S_0020_Wat,317.0700656
1,Sample_S19S_0020_Wat,317.0780371
99,Sample_S19S_0020_Wat,317.0878157
66,Sample_S19S_0020_Wat,317.1030588
8,Sample_S19S_0020_Wat,317.1063977
50,Sample_S19S_0020_Wat,317.124227
70,Sample_S19S_0020_Wat,317.1394552
33,Sample_S19S_0020_Wat,317.1758589
25,Sample_S19S_0020_Wat,318.0255948
55,Sample_S19S_0020_Wat,318.0619419
22,Sample_S19S_0020_Wat,318.0831173
44,Sample_S19S_0020_Wat,318.0982984
24,Sample_S19S_0020_Wat,318.1194966
49,Sample_S19S_0020_Wat,319.009608
28,Sample_S19S_0020_Wat,319.0460069
11,Sample_S19S_0020_Wat,319.0493681
1,Sample_S19S_0020_Wat,319.0573003
48,Sample_S19S_0020_Wat,319.0670953
83,Sample_S19S_0020_Wat,319.0823624
39,Sample_S19S_0020_Wat,319.0857041
41,Sample_S19S_0020_Wat,319.103481
92,Sample_S19S_0020_Wat,319.1187158
37,Sample_S19S_0020_Wat,319.139868
58,Sample_S19S_0020_Wat,319.1551015
34,Sample_S19S_0020_Wat,319.1915149
52,Sample_S19S_0020_Wat,320.0412195
8,Sample_S19S_0020_Wat,320.0623999
47,Sample_S19S_0020_Wat,320.0776287
20,Sample_S19S_0020_Wat,320.0987676
20,Sample_S19S_0020_Wat,320.1140206
20,Sample_S19S_0020_Wat,320.1351354
80,Sample_S19S_0020_Wat,321.0252313
82,Sample_S19S_0020_Wat,321.0616406
19,Sample_S19S_0020_Wat,321.0649964
9,Sample_S19S_0020_Wat,321.0728956
46,Sample_S19S_0020_Wat,321.0980285
4,Sample_S19S_0020_Wat,321.1093021
73,Sample_S19S_0020_Wat,321.1343949
49,Sample_S19S_0020_Wat,321.1707672
65,Sample_S19S_0020_Wat,322.0568903
15,Sample_S19S_0020_Wat,322.0780206
68,Sample_S19S_0020_Wat,322.0932669
58,Sample_S19S_0020_Wat,323.0044879
25,Sample_S19S_0020_Wat,323.0231329
87,Sample_S19S_0020_Wat,323.0408542
9,Sample_S19S_0020_Wat,323.0521494
115,Sample_S19S_0020_Wat,323.0772527
26,Sample_S19S_0020_Wat,323.0884973
62,Sample_S19S_0020_Wat,323.1136726
59,Sample_S19S_0020_Wat,323.1500462
38,Sample_S19S_0020_Wat,323.1864241
51,Sample_S19S_0020_Wat,324.0361498
72,Sample_S19S_0020_Wat,324.0725027
62,Sample_S19S_0020_Wat,324.108871
21,Sample_S19S_0020_Wat,325.0024079
24,Sample_S19S_0020_Wat,325.0201894
32,Sample_S19S_0020_Wat,325.0387758
96,Sample_S19S_0020_Wat,325.0565425
7,Sample_S19S_0020_Wat,325.0678176
16,Sample_S19S_0020_Wat,325.0718212
33,Sample_S19S_0020_Wat,325.0751326
117,Sample_S19S_0020_Wat,325.0928926
86,Sample_S19S_0020_Wat,325.1292996
44,Sample_S19S_0020_Wat,325.1657004
1,Sample_S19S_0020_Wat,325.1842438
52,Sample_S19S_0020_Wat,326.0518083
69,Sample_S19S_0020_Wat,326.0881656
55,Sample_S19S_0020_Wat,326.1245662
37,Sample_S19S_0020_Wat,327.0146798
18,Sample_S19S_0020_Wat,327.0180623
80,Sample_S19S_0020_Wat,327.035782
49,Sample_S19S_0020_Wat,327.0510536
20,Sample_S19S_0020_Wat,327.0543882
83,Sample_S19S_0020_Wat,327.0722018
27,Sample_S19S_0020_Wat,327.0834311
58,Sample_S19S_0020_Wat,327.0874372
11,Sample_S19S_0020_Wat,327.090737
80,Sample_S19S_0020_Wat,327.1085831
5,Sample_S19S_0020_Wat,327.1198419
73,Sample_S19S_0020_Wat,327.1449492
51,Sample_S19S_0020_Wat,328.067419
70,Sample_S19S_0020_Wat,328.1037984
14,Sample_S19S_0020_Wat,328.997322
18,Sample_S19S_0020_Wat,329.0151141
59,Sample_S19S_0020_Wat,329.0303285
44,Sample_S19S_0020_Wat,329.0336784
54,Sample_S19S_0020_Wat,329.0514722
31,Sample_S19S_0020_Wat,329.0667319
50,Sample_S19S_0020_Wat,329.0700573
111,Sample_S19S_0020_Wat,329.0878075
60,Sample_S19S_0020_Wat,329.1030905
33,Sample_S19S_0020_Wat,329.1064332
69,Sample_S19S_0020_Wat,329.1242163
1,Sample_S19S_0020_Wat,329.152419
37,Sample_S19S_0020_Wat,330.0619755
31,Sample_S19S_0020_Wat,330.0831155
20,Sample_S19S_0020_Wat,330.0983753
51,Sample_S19S_0020_Wat,330.1194763
36,Sample_S19S_0020_Wat,331.0095615
27,Sample_S19S_0020_Wat,331.012931
8,Sample_S19S_0020_Wat,331.0225732
60,Sample_S19S_0020_Wat,331.0307044
51,Sample_S19S_0020_Wat,331.0459941
42,Sample_S19S_0020_Wat,331.0493372
71,Sample_S19S_0020_Wat,331.0670688
70,Sample_S19S_0020_Wat,331.0823608
37,Sample_S19S_0020_Wat,331.0857029
52,Sample_S19S_0020_Wat,331.1034998
82,Sample_S19S_0020_Wat,331.1187275
10,Sample_S19S_0020_Wat,331.122066
22,Sample_S19S_0020_Wat,331.1399002
16,Sample_S19S_0020_Wat,331.155166
13,Sample_S19S_0020_Wat,331.1915481
45,Sample_S19S_0020_Wat,332.0412408
37,Sample_S19S_0020_Wat,332.0623668
59,Sample_S19S_0020_Wat,332.0775831
46,Sample_S19S_0020_Wat,332.0987468
43,Sample_S19S_0020_Wat,332.1139958
30,Sample_S19S_0020_Wat,332.1351167
33,Sample_S19S_0020_Wat,333.0252702
14,Sample_S19S_0020_Wat,333.0286322
40,Sample_S19S_0020_Wat,333.0463704
45,Sample_S19S_0020_Wat,333.0616512
6,Sample_S19S_0020_Wat,333.0650225
42,Sample_S19S_0020_Wat,333.08277
83,Sample_S19S_0020_Wat,333.0980074
25,Sample_S19S_0020_Wat,333.1013488
11,Sample_S19S_0020_Wat,333.1191757
39,Sample_S19S_0020_Wat,333.1344131
16,Sample_S19S_0020_Wat,333.137741
28,Sample_S19S_0020_Wat,333.1707943
21,Sample_S19S_0020_Wat,334.0204647
65,Sample_S19S_0020_Wat,334.0568812
25,Sample_S19S_0020_Wat,334.0780188
42,Sample_S19S_0020_Wat,334.0932769
13,Sample_S19S_0020_Wat,334.1144217
51,Sample_S19S_0020_Wat,335.004499
60,Sample_S19S_0020_Wat,335.0409093
11,Sample_S19S_0020_Wat,335.0442667
98,Sample_S19S_0020_Wat,335.0772597
32,Sample_S19S_0020_Wat,335.0806299
59,Sample_S19S_0020_Wat,335.1136067
70,Sample_S19S_0020_Wat,335.150042
42,Sample_S19S_0020_Wat,335.1864245
24,Sample_S19S_0020_Wat,336.0361684
30,Sample_S19S_0020_Wat,336.0725571
2,Sample_S19S_0020_Wat,336.0937181
63,Sample_S19S_0020_Wat,336.1089144
2,Sample_S19S_0020_Wat,336.1301036
71,Sample_S19S_0020_Wat,337.0201415
70,Sample_S19S_0020_Wat,337.0564852
18,Sample_S19S_0020_Wat,337.0677837
17,Sample_S19S_0020_Wat,337.0695448
112,Sample_S19S_0020_Wat,337.0929176
9,Sample_S19S_0020_Wat,337.1041904
110,Sample_S19S_0020_Wat,337.1292866
63,Sample_S19S_0020_Wat,337.1656867
14,Sample_S19S_0020_Wat,338.0518396
74,Sample_S19S_0020_Wat,338.0881798
3,Sample_S19S_0020_Wat,338.1093609
45,Sample_S19S_0020_Wat,338.1245766
16,Sample_S19S_0020_Wat,339.0180613
78,Sample_S19S_0020_Wat,339.0357996
121,Sample_S19S_0020_Wat,339.0721726
7,Sample_S19S_0020_Wat,339.0834699
123,Sample_S19S_0020_Wat,339.1085453
38,Sample_S19S_0020_Wat,339.1449816
40,Sample_S19S_0020_Wat,339.1813533
1,Sample_S19S_0020_Wat,339.1999929
44,Sample_S19S_0020_Wat,340.0310651
21,Sample_S19S_0020_Wat,340.0674792
62,Sample_S19S_0020_Wat,340.1038147
51,Sample_S19S_0020_Wat,340.1401964
16,Sample_S19S_0020_Wat,340.9973236
62,Sample_S19S_0020_Wat,341.0150623
34,Sample_S19S_0020_Wat,341.0302897
16,Sample_S19S_0020_Wat,341.0336306
1,Sample_S19S_0020_Wat,341.0408598
81,Sample_S19S_0020_Wat,341.0514621
35,Sample_S19S_0020_Wat,341.0667303
17,Sample_S19S_0020_Wat,341.0700215
120,Sample_S19S_0020_Wat,341.0878109
21,Sample_S19S_0020_Wat,341.0990914
27,Sample_S19S_0020_Wat,341.1031062
38,Sample_S19S_0020_Wat,341.12425
55,Sample_S19S_0020_Wat,341.1606173
34,Sample_S19S_0020_Wat,341.1969848
43,Sample_S19S_0020_Wat,342.0467143
62,Sample_S19S_0020_Wat,342.0830768
49,Sample_S19S_0020_Wat,342.1194926
24,Sample_S19S_0020_Wat,343.0096148
16,Sample_S19S_0020_Wat,343.0129774
64,Sample_S19S_0020_Wat,343.0307124
50,Sample_S19S_0020_Wat,343.0459579
20,Sample_S19S_0020_Wat,343.0492868
57,Sample_S19S_0020_Wat,343.067113
22,Sample_S19S_0020_Wat,343.0823925
42,Sample_S19S_0020_Wat,343.0857039
104,Sample_S19S_0020_Wat,343.1034685
48,Sample_S19S_0020_Wat,343.1187422
17,Sample_S19S_0020_Wat,343.1399075
33,Sample_S19S_0020_Wat,343.1551386
42,Sample_S19S_0020_Wat,343.1762631
25,Sample_S19S_0020_Wat,344.0412523
48,Sample_S19S_0020_Wat,344.0623517
50,Sample_S19S_0020_Wat,344.0775907
42,Sample_S19S_0020_Wat,344.0987606
1,Sample_S19S_0020_Wat,344.1350437
62,Sample_S19S_0020_Wat,345.0252491
40,Sample_S19S_0020_Wat,345.0286059
60,Sample_S19S_0020_Wat,345.0463327
73,Sample_S19S_0020_Wat,345.0616254
43,Sample_S19S_0020_Wat,345.0649742
58,Sample_S19S_0020_Wat,345.0827674
68,Sample_S19S_0020_Wat,345.0980089
21,Sample_S19S_0020_Wat,345.1013399
58,Sample_S19S_0020_Wat,345.1191373
22,Sample_S19S_0020_Wat,345.1344288
34,Sample_S19S_0020_Wat,345.1555412
50,Sample_S19S_0020_Wat,345.170772
36,Sample_S19S_0020_Wat,346.0569005
38,Sample_S19S_0020_Wat,346.07802
57,Sample_S19S_0020_Wat,346.0932318
46,Sample_S19S_0020_Wat,346.1143644
20,Sample_S19S_0020_Wat,346.1507606
1,Sample_S19S_0020_Wat,346.2154294
54,Sample_S19S_0020_Wat,347.0045152
77,Sample_S19S_0020_Wat,347.0408756
49,Sample_S19S_0020_Wat,347.0442381
42,Sample_S19S_0020_Wat,347.0620279
102,Sample_S19S_0020_Wat,347.0772564
15,Sample_S19S_0020_Wat,347.0805924
27,Sample_S19S_0020_Wat,347.0903002
66,Sample_S19S_0020_Wat,347.0983726
44,Sample_S19S_0020_Wat,347.1136821
25,Sample_S19S_0020_Wat,347.1170036
25,Sample_S19S_0020_Wat,347.1348045
75,Sample_S19S_0020_Wat,347.1500262
12,Sample_S19S_0020_Wat,347.1864695
39,Sample_S19S_0020_Wat,348.0361356
28,Sample_S19S_0020_Wat,348.0725611
66,Sample_S19S_0020_Wat,348.1089104
13,Sample_S19S_0020_Wat,348.1300774
1,Sample_S19S_0020_Wat,348.231087
70,Sample_S19S_0020_Wat,349.0201636
12,Sample_S19S_0020_Wat,349.0598406
87,Sample_S19S_0020_Wat,349.0929209
12,Sample_S19S_0020_Wat,349.0962266
24,Sample_S19S_0020_Wat,349.1059291
88,Sample_S19S_0020_Wat,349.129303
68,Sample_S19S_0020_Wat,349.1656793
14,Sample_S19S_0020_Wat,349.2021049
17,Sample_S19S_0020_Wat,350.0518357
1,Sample_S19S_0020_Wat,350.0547558
20,Sample_S19S_0020_Wat,350.072928
78,Sample_S19S_0020_Wat,350.0881844
20,Sample_S19S_0020_Wat,350.1245924
16,Sample_S19S_0020_Wat,350.1457077
79,Sample_S19S_0020_Wat,351.0357871
15,Sample_S19S_0020_Wat,351.0488144
87,Sample_S19S_0020_Wat,351.0721501
54,Sample_S19S_0020_Wat,351.1085115
25,Sample_S19S_0020_Wat,351.121581
49,Sample_S19S_0020_Wat,351.1449775
47,Sample_S19S_0020_Wat,351.1813076
34,Sample_S19S_0020_Wat,352.0310225
26,Sample_S19S_0020_Wat,352.0674721
15,Sample_S19S_0020_Wat,352.0885619
64,Sample_S19S_0020_Wat,352.1038206
30,Sample_S19S_0020_Wat,352.140233
59,Sample_S19S_0020_Wat,353.0150696
28,Sample_S19S_0020_Wat,353.0336695
54,Sample_S19S_0020_Wat,353.0514753
117,Sample_S19S_0020_Wat,353.0878166
15,Sample_S19S_0020_Wat,353.0990962
12,Sample_S19S_0020_Wat,353.1008561
80,Sample_S19S_0020_Wat,353.124233
49,Sample_S19S_0020_Wat,353.1605629
32,Sample_S19S_0020_Wat,353.1970034
49,Sample_S19S_0020_Wat,354.0467104
72,Sample_S19S_0020_Wat,354.0830704
58,Sample_S19S_0020_Wat,354.1194893
28,Sample_S19S_0020_Wat,355.0096063
16,Sample_S19S_0020_Wat,355.0129751
67,Sample_S19S_0020_Wat,355.0306981
45,Sample_S19S_0020_Wat,355.0459559
8,Sample_S19S_0020_Wat,355.0492579
79,Sample_S19S_0020_Wat,355.0671162
4,Sample_S19S_0020_Wat,355.0824171
107,Sample_S19S_0020_Wat,355.1034699
45,Sample_S19S_0020_Wat,355.1187368
23,Sample_S19S_0020_Wat,355.1399086
48,Sample_S19S_0020_Wat,355.1762476
66,Sample_S19S_0020_Wat,356.0623586
31,Sample_S19S_0020_Wat,356.0987693
50,Sample_S19S_0020_Wat,356.1350838
31,Sample_S19S_0020_Wat,356.1715182
35,Sample_S19S_0020_Wat,357.0251986
13,Sample_S19S_0020_Wat,357.028543
66,Sample_S19S_0020_Wat,357.046323
57,Sample_S19S_0020_Wat,357.061636
14,Sample_S19S_0020_Wat,357.0649448
93,Sample_S19S_0020_Wat,357.0827228
52,Sample_S19S_0020_Wat,357.0979761
6,Sample_S19S_0020_Wat,357.1012479
24,Sample_S19S_0020_Wat,357.1110353
101,Sample_S19S_0020_Wat,357.1191097
33,Sample_S19S_0020_Wat,357.134414
72,Sample_S19S_0020_Wat,357.1554992
35,Sample_S19S_0020_Wat,357.191896
54,Sample_S19S_0020_Wat,358.0568909
55,Sample_S19S_0020_Wat,358.077999
49,Sample_S19S_0020_Wat,358.0932734
49,Sample_S19S_0020_Wat,359.0045133
15,Sample_S19S_0020_Wat,359.007892
13,Sample_S19S_0020_Wat,359.0256737
19,Sample_S19S_0020_Wat,359.0409252
31,Sample_S19S_0020_Wat,359.0442657
69,Sample_S19S_0020_Wat,359.0619959
62,Sample_S19S_0020_Wat,359.077285
52,Sample_S19S_0020_Wat,359.0806207
35,Sample_S19S_0020_Wat,359.0984239
5,Sample_S19S_0020_Wat,359.1169502
54,Sample_S19S_0020_Wat,359.1347452
69,Sample_S19S_0020_Wat,359.1500213
42,Sample_S19S_0020_Wat,359.1711775
41,Sample_S19S_0020_Wat,359.1864203
47,Sample_S19S_0020_Wat,360.0361542
35,Sample_S19S_0020_Wat,360.0572322
36,Sample_S19S_0020_Wat,360.093678
49,Sample_S19S_0020_Wat,360.108919
5,Sample_S19S_0020_Wat,360.1299489
53,Sample_S19S_0020_Wat,361.0201475
4,Sample_S19S_0020_Wat,361.0235551
51,Sample_S19S_0020_Wat,361.0412698
63,Sample_S19S_0020_Wat,361.056505
22,Sample_S19S_0020_Wat,361.0598496
22,Sample_S19S_0020_Wat,361.069538
42,Sample_S19S_0020_Wat,361.077621
78,Sample_S19S_0020_Wat,361.0929312
45,Sample_S19S_0020_Wat,361.0962708
47,Sample_S19S_0020_Wat,361.1140532
104,Sample_S19S_0020_Wat,361.1292859
30,Sample_S19S_0020_Wat,361.1423317
55,Sample_S19S_0020_Wat,361.1504109
44,Sample_S19S_0020_Wat,361.1657046
34,Sample_S19S_0020_Wat,361.2020508
70,Sample_S19S_0020_Wat,362.0881611
18,Sample_S19S_0020_Wat,362.1093336
6,Sample_S19S_0020_Wat,362.1246138
10,Sample_S19S_0020_Wat,362.9994703
71,Sample_S19S_0020_Wat,363.0357881
6,Sample_S19S_0020_Wat,363.0390813
48,Sample_S19S_0020_Wat,363.0569193
54,Sample_S19S_0020_Wat,363.0722122
24,Sample_S19S_0020_Wat,363.0755589
30,Sample_S19S_0020_Wat,363.0932688
96,Sample_S19S_0020_Wat,363.108539
3,Sample_S19S_0020_Wat,363.1118361
19,Sample_S19S_0020_Wat,363.1215932
39,Sample_S19S_0020_Wat,363.1449786
30,Sample_S19S_0020_Wat,363.1812892
44,Sample_S19S_0020_Wat,364.0310639
67,Sample_S19S_0020_Wat,364.0674047
20,Sample_S19S_0020_Wat,364.0885367
65,Sample_S19S_0020_Wat,364.1038292
61,Sample_S19S_0020_Wat,365.015069
30,Sample_S19S_0020_Wat,365.0513776
16,Sample_S19S_0020_Wat,365.0644569
99,Sample_S19S_0020_Wat,365.0878382
28,Sample_S19S_0020_Wat,365.1008669
51,Sample_S19S_0020_Wat,365.1241727
18,Sample_S19S_0020_Wat,365.137244
23,Sample_S19S_0020_Wat,365.1606438
39,Sample_S19S_0020_Wat,365.1969623
79,Sample_S19S_0020_Wat,366.0830912
70,Sample_S19S_0020_Wat,366.1194629
68,Sample_S19S_0020_Wat,367.0306865
101,Sample_S19S_0020_Wat,367.0671094
1,Sample_S19S_0020_Wat,367.0784012
15,Sample_S19S_0020_Wat,367.0801169
118,Sample_S19S_0020_Wat,367.1034613
21,Sample_S19S_0020_Wat,367.1165264
13,Sample_S19S_0020_Wat,367.1399195
50,Sample_S19S_0020_Wat,367.1762158
27,Sample_S19S_0020_Wat,367.2126519
23,Sample_S19S_0020_Wat,368.0623951
92,Sample_S19S_0020_Wat,368.0987097
57,Sample_S19S_0020_Wat,368.1351331
45,Sample_S19S_0020_Wat,368.1714856
50,Sample_S19S_0020_Wat,369.0099679
23,Sample_S19S_0020_Wat,369.0252119
8,Sample_S19S_0020_Wat,369.0285398
13,Sample_S19S_0020_Wat,369.0382289
56,Sample_S19S_0020_Wat,369.0463181
53,Sample_S19S_0020_Wat,369.061629
88,Sample_S19S_0020_Wat,369.0827443
24,Sample_S19S_0020_Wat,369.111039
29,Sample_S19S_0020_Wat,369.1190631
67,Sample_S19S_0020_Wat,369.1555194
16,Sample_S19S_0020_Wat,369.1837969
18,Sample_S19S_0020_Wat,369.1918398
67,Sample_S19S_0020_Wat,370.0779692
39,Sample_S19S_0020_Wat,370.1507341
12,Sample_S19S_0020_Wat,371.0174923
26,Sample_S19S_0020_Wat,371.0255725
44,Sample_S19S_0020_Wat,371.0408802
81,Sample_S19S_0020_Wat,371.0620102
5,Sample_S19S_0020_Wat,371.0805043
19,Sample_S19S_0020_Wat,371.0902981
50,Sample_S19S_0020_Wat,371.0983408
49,Sample_S19S_0020_Wat,371.1136558
59,Sample_S19S_0020_Wat,371.1347918
49,Sample_S19S_0020_Wat,371.171134
43,Sample_S19S_0020_Wat,372.0572277
51,Sample_S19S_0020_Wat,372.0725108
55,Sample_S19S_0020_Wat,372.1300076
36,Sample_S19S_0020_Wat,372.1663973
31,Sample_S19S_0020_Wat,373.0201141
19,Sample_S19S_0020_Wat,373.02348
13,Sample_S19S_0020_Wat,373.0331394
57,Sample_S19S_0020_Wat,373.0412407
71,Sample_S19S_0020_Wat,373.0565482
31,Sample_S19S_0020_Wat,373.0599109
36,Sample_S19S_0020_Wat,373.0776886
49,Sample_S19S_0020_Wat,373.09294
22,Sample_S19S_0020_Wat,373.0962346
30,Sample_S19S_0020_Wat,373.1059583
63,Sample_S19S_0020_Wat,373.1140108
2,Sample_S19S_0020_Wat,373.1325699
16,Sample_S19S_0020_Wat,373.1504711
17,Sample_S19S_0020_Wat,373.1657318
32,Sample_S19S_0020_Wat,373.1867821
9,Sample_S19S_0020_Wat,374.0729636
41,Sample_S19S_0020_Wat,374.1456527
13,Sample_S19S_0020_Wat,374.9994641
28,Sample_S19S_0020_Wat,375.0358416
20,Sample_S19S_0020_Wat,375.0569615
77,Sample_S19S_0020_Wat,375.0721973
44,Sample_S19S_0020_Wat,375.0755416
27,Sample_S19S_0020_Wat,375.0852221
48,Sample_S19S_0020_Wat,375.0932745
7,Sample_S19S_0020_Wat,375.1118457
36,Sample_S19S_0020_Wat,375.1297066
87,Sample_S19S_0020_Wat,375.1449442
31,Sample_S19S_0020_Wat,375.1579842
20,Sample_S19S_0020_Wat,375.1660121
34,Sample_S19S_0020_Wat,375.1812892
17,Sample_S19S_0020_Wat,375.194367
23,Sample_S19S_0020_Wat,376.031082
56,Sample_S19S_0020_Wat,376.0674564
31,Sample_S19S_0020_Wat,376.1249335
37,Sample_S19S_0020_Wat,377.0150486
14,Sample_S19S_0020_Wat,377.0280631
83,Sample_S19S_0020_Wat,377.0514538
31,Sample_S19S_0020_Wat,377.0548048
37,Sample_S19S_0020_Wat,377.0725712
67,Sample_S19S_0020_Wat,377.0877952
8,Sample_S19S_0020_Wat,377.0911145
21,Sample_S19S_0020_Wat,377.100823
12,Sample_S19S_0020_Wat,377.1088705
101,Sample_S19S_0020_Wat,377.1241915
27,Sample_S19S_0020_Wat,377.1372608
62,Sample_S19S_0020_Wat,377.1606102
21,Sample_S19S_0020_Wat,377.1735945
22,Sample_S19S_0020_Wat,377.1969233
24,Sample_S19S_0020_Wat,378.0466478
14,Sample_S19S_0020_Wat,378.0678072
58,Sample_S19S_0020_Wat,378.0831073
80,Sample_S19S_0020_Wat,378.1194361
52,Sample_S19S_0020_Wat,378.1558494
69,Sample_S19S_0020_Wat,379.0307221
30,Sample_S19S_0020_Wat,379.0670295
19,Sample_S19S_0020_Wat,379.0800689
121,Sample_S19S_0020_Wat,379.1034645
28,Sample_S19S_0020_Wat,379.1165229
100,Sample_S19S_0020_Wat,379.1398402
25,Sample_S19S_0020_Wat,379.1528588
70,Sample_S19S_0020_Wat,379.1762343
24,Sample_S19S_0020_Wat,379.2126518
9,Sample_S19S_0020_Wat,380.0259079
78,Sample_S19S_0020_Wat,380.0987084
81,Sample_S19S_0020_Wat,380.1350974
22,Sample_S19S_0020_Wat,380.1715321
16,Sample_S19S_0020_Wat,381.0099072
21,Sample_S19S_0020_Wat,381.0251984
5,Sample_S19S_0020_Wat,381.0285164
73,Sample_S19S_0020_Wat,381.0463502
10,Sample_S19S_0020_Wat,381.0593318
36,Sample_S19S_0020_Wat,381.0826619
7,Sample_S19S_0020_Wat,381.095685
107,Sample_S19S_0020_Wat,381.1191186
24,Sample_S19S_0020_Wat,381.1321708
89,Sample_S19S_0020_Wat,381.1555031
41,Sample_S19S_0020_Wat,381.1918695
39,Sample_S19S_0020_Wat,382.0415806
73,Sample_S19S_0020_Wat,382.0779661
81,Sample_S19S_0020_Wat,382.1143936
17,Sample_S19S_0020_Wat,382.1507159
19,Sample_S19S_0020_Wat,383.0078699
33,Sample_S19S_0020_Wat,383.0255766
13,Sample_S19S_0020_Wat,383.040804
49,Sample_S19S_0020_Wat,383.0619616
51,Sample_S19S_0020_Wat,383.0772634
111,Sample_S19S_0020_Wat,383.0983806
22,Sample_S19S_0020_Wat,383.1095949
40,Sample_S19S_0020_Wat,383.1136188
26,Sample_S19S_0020_Wat,383.1266887
35,Sample_S19S_0020_Wat,383.1347075
14,Sample_S19S_0020_Wat,383.1477567
43,Sample_S19S_0020_Wat,383.1711132
40,Sample_S19S_0020_Wat,383.2075249
38,Sample_S19S_0020_Wat,384.0572385
64,Sample_S19S_0020_Wat,384.0936599
20,Sample_S19S_0020_Wat,385.0201172
12,Sample_S19S_0020_Wat,385.0234761
13,Sample_S19S_0020_Wat,385.0331631
27,Sample_S19S_0020_Wat,385.0412026
43,Sample_S19S_0020_Wat,385.0564963
5,Sample_S19S_0020_Wat,385.0597522
90,Sample_S19S_0020_Wat,385.0776412
66,Sample_S19S_0020_Wat,385.0929264
40,Sample_S19S_0020_Wat,385.1139909
36,Sample_S19S_0020_Wat,385.1292595
25,Sample_S19S_0020_Wat,385.1423072
43,Sample_S19S_0020_Wat,385.1503825
48,Sample_S19S_0020_Wat,385.1656784
38,Sample_S19S_0020_Wat,385.1868285
47,Sample_S19S_0020_Wat,386.0728862
60,Sample_S19S_0020_Wat,386.0881802
58,Sample_S19S_0020_Wat,386.1093009
38,Sample_S19S_0020_Wat,386.1820531
15,Sample_S19S_0020_Wat,386.9993233
61,Sample_S19S_0020_Wat,387.0358113
37,Sample_S19S_0020_Wat,387.0391593
26,Sample_S19S_0020_Wat,387.0568488
20,Sample_S19S_0020_Wat,387.0721252
6,Sample_S19S_0020_Wat,387.075423
24,Sample_S19S_0020_Wat,387.0851909
33,Sample_S19S_0020_Wat,387.0932457
85,Sample_S19S_0020_Wat,387.1085636
3,Sample_S19S_0020_Wat,387.1118261
88,Sample_S19S_0020_Wat,387.1296791
22,Sample_S19S_0020_Wat,387.1579654
12,Sample_S19S_0020_Wat,387.1659841
28,Sample_S19S_0020_Wat,387.1812925
14,Sample_S19S_0020_Wat,387.19436
9,Sample_S19S_0020_Wat,388.0309868
71,Sample_S19S_0020_Wat,388.0674506
48,Sample_S19S_0020_Wat,388.1037783
52,Sample_S19S_0020_Wat,388.1249219
32,Sample_S19S_0020_Wat,389.0150297
12,Sample_S19S_0020_Wat,389.0280824
30,Sample_S19S_0020_Wat,389.036144
58,Sample_S19S_0020_Wat,389.051417
8,Sample_S19S_0020_Wat,389.054731
18,Sample_S19S_0020_Wat,389.0644457
23,Sample_S19S_0020_Wat,389.0724972
84,Sample_S19S_0020_Wat,389.0878118
13,Sample_S19S_0020_Wat,389.0911204
27,Sample_S19S_0020_Wat,389.1008827
37,Sample_S19S_0020_Wat,389.108981
98,Sample_S19S_0020_Wat,389.1242045
24,Sample_S19S_0020_Wat,389.1372295
17,Sample_S19S_0020_Wat,389.1452618
31,Sample_S19S_0020_Wat,389.1605387
22,Sample_S19S_0020_Wat,389.1736085
19,Sample_S19S_0020_Wat,389.1816725
47,Sample_S19S_0020_Wat,389.1969883
35,Sample_S19S_0020_Wat,390.0466839
81,Sample_S19S_0020_Wat,390.083092
31,Sample_S19S_0020_Wat,391.0307447
38,Sample_S19S_0020_Wat,391.0518108
54,Sample_S19S_0020_Wat,391.0670531
12,Sample_S19S_0020_Wat,391.070384
15,Sample_S19S_0020_Wat,391.0881255
53,Sample_S19S_0020_Wat,391.1034381
27,Sample_S19S_0020_Wat,391.1245591
51,Sample_S19S_0020_Wat,391.1398852
18,Sample_S19S_0020_Wat,391.1528412
38,Sample_S19S_0020_Wat,391.1762035
11,Sample_S19S_0020_Wat,391.1892281
35,Sample_S19S_0020_Wat,391.212612
55,Sample_S19S_0020_Wat,392.06231
20,Sample_S19S_0020_Wat,392.0834684
77,Sample_S19S_0020_Wat,392.098752
26,Sample_S19S_0020_Wat,392.1198706
65,Sample_S19S_0020_Wat,392.1351125
16,Sample_S19S_0020_Wat,393.010021
48,Sample_S19S_0020_Wat,393.0463154
16,Sample_S19S_0020_Wat,393.0593644
81,Sample_S19S_0020_Wat,393.0827628
10,Sample_S19S_0020_Wat,393.0860569
93,Sample_S19S_0020_Wat,393.1191285
23,Sample_S19S_0020_Wat,393.1321265
2,Sample_S19S_0020_Wat,393.1475032
45,Sample_S19S_0020_Wat,393.1554711
17,Sample_S19S_0020_Wat,393.1685262
23,Sample_S19S_0020_Wat,393.1919402
39,Sample_S19S_0020_Wat,394.0415806
40,Sample_S19S_0020_Wat,394.078026
50,Sample_S19S_0020_Wat,394.1144108
35,Sample_S19S_0020_Wat,395.0255818
63,Sample_S19S_0020_Wat,395.0619708
6,Sample_S19S_0020_Wat,395.0749518
53,Sample_S19S_0020_Wat,395.0984243
20,Sample_S19S_0020_Wat,395.1114167
122,Sample_S19S_0020_Wat,395.1347697
20,Sample_S19S_0020_Wat,395.1477706
53,Sample_S19S_0020_Wat,395.171191
16,Sample_S19S_0020_Wat,395.2075813
66,Sample_S19S_0020_Wat,396.0936653
40,Sample_S19S_0020_Wat,396.13006
58,Sample_S19S_0020_Wat,396.1664019
11,Sample_S19S_0020_Wat,397.0200883
9,Sample_S19S_0020_Wat,397.0234647
55,Sample_S19S_0020_Wat,397.0412485
39,Sample_S19S_0020_Wat,397.0565368
6,Sample_S19S_0020_Wat,397.0597441
33,Sample_S19S_0020_Wat,397.0775828
20,Sample_S19S_0020_Wat,397.1059758
74,Sample_S19S_0020_Wat,397.1140135
89,Sample_S19S_0020_Wat,397.1504225
31,Sample_S19S_0020_Wat,397.1867602
21,Sample_S19S_0020_Wat,397.2232052
57,Sample_S19S_0020_Wat,398.0729329
65,Sample_S19S_0020_Wat,398.1456531
34,Sample_S19S_0020_Wat,399.0205105
13,Sample_S19S_0020_Wat,399.0356696
1,Sample_S19S_0020_Wat,399.0390544
12,Sample_S19S_0020_Wat,399.0488349
18,Sample_S19S_0020_Wat,399.0568344
40,Sample_S19S_0020_Wat,399.0721389
25,Sample_S19S_0020_Wat,399.085227
70,Sample_S19S_0020_Wat,399.0932727
23,Sample_S19S_0020_Wat,399.1086044
64,Sample_S19S_0020_Wat,399.1296635
45,Sample_S19S_0020_Wat,399.1449193
14,Sample_S19S_0020_Wat,399.1579458
4,Sample_S19S_0020_Wat,399.1659287
11,Sample_S19S_0020_Wat,399.1812586
17,Sample_S19S_0020_Wat,399.1943775
38,Sample_S19S_0020_Wat,399.2024375
18,Sample_S19S_0020_Wat,400.0310423
19,Sample_S19S_0020_Wat,400.0674729
42,Sample_S19S_0020_Wat,400.1249077
37,Sample_S19S_0020_Wat,401.0150794
1,Sample_S19S_0020_Wat,401.0185019
10,Sample_S19S_0020_Wat,401.0281026
25,Sample_S19S_0020_Wat,401.0362034
69,Sample_S19S_0020_Wat,401.0514549
18,Sample_S19S_0020_Wat,401.0547584
18,Sample_S19S_0020_Wat,401.0644945
25,Sample_S19S_0020_Wat,401.0725084
72,Sample_S19S_0020_Wat,401.0878209
4,Sample_S19S_0020_Wat,401.0910681
59,Sample_S19S_0020_Wat,401.1089631
2,Sample_S19S_0020_Wat,401.1273966
70,Sample_S19S_0020_Wat,401.1453284
67,Sample_S19S_0020_Wat,401.1605804
20,Sample_S19S_0020_Wat,401.1736033
15,Sample_S19S_0020_Wat,401.1816514
22,Sample_S19S_0020_Wat,401.1969344
30,Sample_S19S_0020_Wat,402.0466811
6,Sample_S19S_0020_Wat,402.1042761
9,Sample_S19S_0020_Wat,402.1195259
34,Sample_S19S_0020_Wat,402.1405573
16,Sample_S19S_0020_Wat,403.0305846
3,Sample_S19S_0020_Wat,403.033958
13,Sample_S19S_0020_Wat,403.0437271
22,Sample_S19S_0020_Wat,403.0517845
82,Sample_S19S_0020_Wat,403.0671122
16,Sample_S19S_0020_Wat,403.0704072
64,Sample_S19S_0020_Wat,403.0881974
72,Sample_S19S_0020_Wat,403.1034476
25,Sample_S19S_0020_Wat,403.1164656
20,Sample_S19S_0020_Wat,403.1245163
88,Sample_S19S_0020_Wat,403.1398463
29,Sample_S19S_0020_Wat,403.1529106
29,Sample_S19S_0020_Wat,403.1609357
32,Sample_S19S_0020_Wat,403.1762826
32,Sample_S19S_0020_Wat,403.2126282
78,Sample_S19S_0020_Wat,404.0623618
35,Sample_S19S_0020_Wat,404.0834492
77,Sample_S19S_0020_Wat,404.1351085
17,Sample_S19S_0020_Wat,404.1926065
13,Sample_S19S_0020_Wat,405.0098791
10,Sample_S19S_0020_Wat,405.0229747
73,Sample_S19S_0020_Wat,405.0463718
11,Sample_S19S_0020_Wat,405.0496661
37,Sample_S19S_0020_Wat,405.0674473
53,Sample_S19S_0020_Wat,405.0827082
2,Sample_S19S_0020_Wat,405.0859264
7,Sample_S19S_0020_Wat,405.103722
30,Sample_S19S_0020_Wat,405.1190623
1,Sample_S19S_0020_Wat,405.1221627
30,Sample_S19S_0020_Wat,405.1321292
11,Sample_S19S_0020_Wat,405.1401404
50,Sample_S19S_0020_Wat,405.1555362
26,Sample_S19S_0020_Wat,405.1685606
40,Sample_S19S_0020_Wat,405.1918632
4,Sample_S19S_0020_Wat,405.2048711
23,Sample_S19S_0020_Wat,406.041642
10,Sample_S19S_0020_Wat,406.0990792
80,Sample_S19S_0020_Wat,406.1143545
28,Sample_S19S_0020_Wat,407.0255705
67,Sample_S19S_0020_Wat,407.0620299
19,Sample_S19S_0020_Wat,407.0750599
99,Sample_S19S_0020_Wat,407.0983755
18,Sample_S19S_0020_Wat,407.1113661
84,Sample_S19S_0020_Wat,407.1347505
23,Sample_S19S_0020_Wat,407.1477958
11,Sample_S19S_0020_Wat,407.1712237
18,Sample_S19S_0020_Wat,407.2075913
74,Sample_S19S_0020_Wat,408.0936661
88,Sample_S19S_0020_Wat,408.1300077
32,Sample_S19S_0020_Wat,409.0412228
25,Sample_S19S_0020_Wat,409.07757
96,Sample_S19S_0020_Wat,409.1140221
17,Sample_S19S_0020_Wat,409.1270356
98,Sample_S19S_0020_Wat,409.1504235
8,Sample_S19S_0020_Wat,409.1633923
12,Sample_S19S_0020_Wat,409.1787026
19,Sample_S19S_0020_Wat,409.1867344
39,Sample_S19S_0020_Wat,409.2231724
60,Sample_S19S_0020_Wat,410.0729191
20,Sample_S19S_0020_Wat,410.1092388
65,Sample_S19S_0020_Wat,410.1456867
31,Sample_S19S_0020_Wat,411.0205049
25,Sample_S19S_0020_Wat,411.0568579
21,Sample_S19S_0020_Wat,411.0721337
78,Sample_S19S_0020_Wat,411.0933142
31,Sample_S19S_0020_Wat,411.1085859
87,Sample_S19S_0020_Wat,411.1296933
28,Sample_S19S_0020_Wat,411.1579879
49,Sample_S19S_0020_Wat,411.1660419
5,Sample_S19S_0020_Wat,411.2022993
47,Sample_S19S_0020_Wat,412.0885256
66,Sample_S19S_0020_Wat,412.1249118
20,Sample_S19S_0020_Wat,413.0150329
10,Sample_S19S_0020_Wat,413.0280916
31,Sample_S19S_0020_Wat,413.0361429
5,Sample_S19S_0020_Wat,413.0513424
6,Sample_S19S_0020_Wat,413.0546664
14,Sample_S19S_0020_Wat,413.06446
10,Sample_S19S_0020_Wat,413.072442
39,Sample_S19S_0020_Wat,413.087795
28,Sample_S19S_0020_Wat,413.1008794
83,Sample_S19S_0020_Wat,413.1089345
65,Sample_S19S_0020_Wat,413.12421
18,Sample_S19S_0020_Wat,413.1372735
24,Sample_S19S_0020_Wat,413.1452768
8,Sample_S19S_0020_Wat,413.1605228
21,Sample_S19S_0020_Wat,413.1736056
16,Sample_S19S_0020_Wat,413.1816156
14,Sample_S19S_0020_Wat,413.2100122
23,Sample_S19S_0020_Wat,413.2180661
20,Sample_S19S_0020_Wat,414.0831299
25,Sample_S19S_0020_Wat,415.0306688
23,Sample_S19S_0020_Wat,415.0340778
26,Sample_S19S_0020_Wat,415.0518724
6,Sample_S19S_0020_Wat,415.0671726
17,Sample_S19S_0020_Wat,415.0704085
11,Sample_S19S_0020_Wat,415.080159
65,Sample_S19S_0020_Wat,415.0881916
67,Sample_S19S_0020_Wat,415.1034568
3,Sample_S19S_0020_Wat,415.1066895
22,Sample_S19S_0020_Wat,415.1164835
35,Sample_S19S_0020_Wat,415.1245406
1,Sample_S19S_0020_Wat,415.1430564
20,Sample_S19S_0020_Wat,415.1529316
55,Sample_S19S_0020_Wat,415.1609859
11,Sample_S19S_0020_Wat,415.1763155
28,Sample_S19S_0020_Wat,415.1973464
38,Sample_S19S_0020_Wat,416.0623295
6,Sample_S19S_0020_Wat,416.0986591
14,Sample_S19S_0020_Wat,416.1925804
37,Sample_S19S_0020_Wat,417.009975
46,Sample_S19S_0020_Wat,417.0463346
14,Sample_S19S_0020_Wat,417.0593749
20,Sample_S19S_0020_Wat,417.0674105
27,Sample_S19S_0020_Wat,417.0826722
6,Sample_S19S_0020_Wat,417.085967
17,Sample_S19S_0020_Wat,417.0957124
22,Sample_S19S_0020_Wat,417.1037889
89,Sample_S19S_0020_Wat,417.1191101
34,Sample_S19S_0020_Wat,417.1321667
41,Sample_S19S_0020_Wat,417.1402188
74,Sample_S19S_0020_Wat,417.1555165
35,Sample_S19S_0020_Wat,417.1685514
13,Sample_S19S_0020_Wat,417.1765666
4,Sample_S19S_0020_Wat,417.2048604
10,Sample_S19S_0020_Wat,417.2281724
16,Sample_S19S_0020_Wat,418.0416648
56,Sample_S19S_0020_Wat,418.0779721
20,Sample_S19S_0020_Wat,418.1144292
34,Sample_S19S_0020_Wat,419.0256123
7,Sample_S19S_0020_Wat,419.0386764
43,Sample_S19S_0020_Wat,419.0619721
7,Sample_S19S_0020_Wat,419.0652534
10,Sample_S19S_0020_Wat,419.0829959
15,Sample_S19S_0020_Wat,419.0982983
1,Sample_S19S_0020_Wat,419.1015327
7,Sample_S19S_0020_Wat,419.1113471
10,Sample_S19S_0020_Wat,419.1194106
92,Sample_S19S_0020_Wat,419.1347745
26,Sample_S19S_0020_Wat,419.1478319
46,Sample_S19S_0020_Wat,419.1711927
27,Sample_S19S_0020_Wat,419.1842051
45,Sample_S19S_0020_Wat,419.207525
51,Sample_S19S_0020_Wat,420.0572817
50,Sample_S19S_0020_Wat,421.0412704
11,Sample_S19S_0020_Wat,421.0543002
24,Sample_S19S_0020_Wat,421.0777047
22,Sample_S19S_0020_Wat,421.0906648
105,Sample_S19S_0020_Wat,421.1140346
18,Sample_S19S_0020_Wat,421.1270174
89,Sample_S19S_0020_Wat,421.1504292
1,Sample_S19S_0020_Wat,421.1552081
21,Sample_S19S_0020_Wat,421.1634511
24,Sample_S19S_0020_Wat,421.1868654
5,Sample_S19S_0020_Wat,421.2232692
4,Sample_S19S_0020_Wat,422.0364426
59,Sample_S19S_0020_Wat,422.0728802
34,Sample_S19S_0020_Wat,422.1093338
23,Sample_S19S_0020_Wat,423.0205894
14,Sample_S19S_0020_Wat,423.0391555
56,Sample_S19S_0020_Wat,423.0569089
28,Sample_S19S_0020_Wat,423.093231
2,Sample_S19S_0020_Wat,423.1061645
111,Sample_S19S_0020_Wat,423.1296813
14,Sample_S19S_0020_Wat,423.1426961
34,Sample_S19S_0020_Wat,423.1661225
51,Sample_S19S_0020_Wat,423.2024382
17,Sample_S19S_0020_Wat,424.0522173
1,Sample_S19S_0020_Wat,424.0886497
44,Sample_S19S_0020_Wat,424.1249783
47,Sample_S19S_0020_Wat,425.0361852
13,Sample_S19S_0020_Wat,425.0513214
15,Sample_S19S_0020_Wat,425.0877557
15,Sample_S19S_0020_Wat,425.1008972
56,Sample_S19S_0020_Wat,425.1089252
22,Sample_S19S_0020_Wat,425.1453873
53,Sample_S19S_0020_Wat,425.1816982
28,Sample_S19S_0020_Wat,426.0467067
70,Sample_S19S_0020_Wat,426.1405881
57,Sample_S19S_0020_Wat,426.1769689
16,Sample_S19S_0020_Wat,427.0307487
24,Sample_S19S_0020_Wat,427.0518808
14,Sample_S19S_0020_Wat,427.0669702
10,Sample_S19S_0020_Wat,427.0801714
49,Sample_S19S_0020_Wat,427.088175
39,Sample_S19S_0020_Wat,427.1035014
4,Sample_S19S_0020_Wat,427.106705
19,Sample_S19S_0020_Wat,427.1165345
77,Sample_S19S_0020_Wat,427.1245871
5,Sample_S19S_0020_Wat,427.1399769
5,Sample_S19S_0020_Wat,427.1431663
7,Sample_S19S_0020_Wat,427.1610597
3,Sample_S19S_0020_Wat,427.1763557
35,Sample_S19S_0020_Wat,427.1973395
28,Sample_S19S_0020_Wat,428.0470647
16,Sample_S19S_0020_Wat,428.0622933
31,Sample_S19S_0020_Wat,428.1562791
15,Sample_S19S_0020_Wat,429.0099567
30,Sample_S19S_0020_Wat,429.0310878
34,Sample_S19S_0020_Wat,429.0463286
10,Sample_S19S_0020_Wat,429.0496556
47,Sample_S19S_0020_Wat,429.067488
2,Sample_S19S_0020_Wat,429.0829209
14,Sample_S19S_0020_Wat,429.0861392
11,Sample_S19S_0020_Wat,429.1039457
4,Sample_S19S_0020_Wat,429.1192381
12,Sample_S19S_0020_Wat,429.1224523
65,Sample_S19S_0020_Wat,429.1402424
28,Sample_S19S_0020_Wat,429.1555582
1,Sample_S19S_0020_Wat,429.1587517
26,Sample_S19S_0020_Wat,429.1685491
29,Sample_S19S_0020_Wat,429.1765924
43,Sample_S19S_0020_Wat,429.1919036
24,Sample_S19S_0020_Wat,430.0416122
16,Sample_S19S_0020_Wat,430.0627483
12,Sample_S19S_0020_Wat,430.0780537
37,Sample_S19S_0020_Wat,430.0991542
72,Sample_S19S_0020_Wat,430.1143962
50,Sample_S19S_0020_Wat,430.1354817
26,Sample_S19S_0020_Wat,431.0256563
9,Sample_S19S_0020_Wat,431.0386601
14,Sample_S19S_0020_Wat,431.04681
72,Sample_S19S_0020_Wat,431.0620177
12,Sample_S19S_0020_Wat,431.0653523
49,Sample_S19S_0020_Wat,431.083125
77,Sample_S19S_0020_Wat,431.098388
21,Sample_S19S_0020_Wat,431.1113826
28,Sample_S19S_0020_Wat,431.1194411
32,Sample_S19S_0020_Wat,431.1347291
25,Sample_S19S_0020_Wat,431.1477957
24,Sample_S19S_0020_Wat,431.1558407
34,Sample_S19S_0020_Wat,431.1711879
21,Sample_S19S_0020_Wat,431.1922364
18,Sample_S19S_0020_Wat,431.2076023
8,Sample_S19S_0020_Wat,432.0573233
91,Sample_S19S_0020_Wat,432.093661
4,Sample_S19S_0020_Wat,433.0178612
50,Sample_S19S_0020_Wat,433.0412948
5,Sample_S19S_0020_Wat,433.0543356
24,Sample_S19S_0020_Wat,433.0624271
80,Sample_S19S_0020_Wat,433.077665
18,Sample_S19S_0020_Wat,433.0906617
15,Sample_S19S_0020_Wat,433.0986887
27,Sample_S19S_0020_Wat,433.1139658
9,Sample_S19S_0020_Wat,433.1269982
4,Sample_S19S_0020_Wat,433.13501
31,Sample_S19S_0020_Wat,433.1503758
27,Sample_S19S_0020_Wat,433.1634586
39,Sample_S19S_0020_Wat,433.1868494
13,Sample_S19S_0020_Wat,433.1998888
37,Sample_S19S_0020_Wat,433.223189
10,Sample_S19S_0020_Wat,434.072975
21,Sample_S19S_0020_Wat,434.1093421
17,Sample_S19S_0020_Wat,435.0204588
50,Sample_S19S_0020_Wat,435.0569041
19,Sample_S19S_0020_Wat,435.0698968
76,Sample_S19S_0020_Wat,435.093324
18,Sample_S19S_0020_Wat,435.1062764
32,Sample_S19S_0020_Wat,435.1296329
6,Sample_S19S_0020_Wat,435.1426364
2,Sample_S19S_0020_Wat,435.160379
29,Sample_S19S_0020_Wat,435.1659973
19,Sample_S19S_0020_Wat,435.1790631
59,Sample_S19S_0020_Wat,435.2024665
11,Sample_S19S_0020_Wat,435.2155119
8,Sample_S19S_0020_Wat,435.238903
24,Sample_S19S_0020_Wat,436.0521427
25,Sample_S19S_0020_Wat,436.0886111
7,Sample_S19S_0020_Wat,436.1250197
37,Sample_S19S_0020_Wat,437.0361523
28,Sample_S19S_0020_Wat,437.072483
28,Sample_S19S_0020_Wat,437.1088959
4,Sample_S19S_0020_Wat,437.1219003
64,Sample_S19S_0020_Wat,437.1453651
56,Sample_S19S_0020_Wat,437.1817485
9,Sample_S19S_0020_Wat,437.2100538
10,Sample_S19S_0020_Wat,437.2180272
17,Sample_S19S_0020_Wat,438.0678822
76,Sample_S19S_0020_Wat,438.1405683
11,Sample_S19S_0020_Wat,439.0153758
3,Sample_S19S_0020_Wat,439.030563
9,Sample_S19S_0020_Wat,439.0437477
18,Sample_S19S_0020_Wat,439.051737
15,Sample_S19S_0020_Wat,439.0670176
75,Sample_S19S_0020_Wat,439.0882098
88,Sample_S19S_0020_Wat,439.1246064
16,Sample_S19S_0020_Wat,439.1529344
36,Sample_S19S_0020_Wat,439.1609425
23,Sample_S19S_0020_Wat,439.1892886
21,Sample_S19S_0020_Wat,439.1973056
12,Sample_S19S_0020_Wat,439.2256709
29,Sample_S19S_0020_Wat,439.23374
48,Sample_S19S_0020_Wat,440.0834468
37,Sample_S19S_0020_Wat,440.1198163
17,Sample_S19S_0020_Wat,441.0310268
14,Sample_S19S_0020_Wat,441.0462365
38,Sample_S19S_0020_Wat,441.0674409
37,Sample_S19S_0020_Wat,441.0827166
10,Sample_S19S_0020_Wat,441.0860426
39,Sample_S19S_0020_Wat,441.1039049
18,Sample_S19S_0020_Wat,441.1191742
56,Sample_S19S_0020_Wat,441.1402285
15,Sample_S19S_0020_Wat,441.1554489
18,Sample_S19S_0020_Wat,441.168514
22,Sample_S19S_0020_Wat,441.1765589
15,Sample_S19S_0020_Wat,441.2049192
12,Sample_S19S_0020_Wat,441.2129575
25,Sample_S19S_0020_Wat,442.0416289
13,Sample_S19S_0020_Wat,442.0779366
14,Sample_S19S_0020_Wat,442.0990637
21,Sample_S19S_0020_Wat,442.135461
18,Sample_S19S_0020_Wat,443.0255061
20,Sample_S19S_0020_Wat,443.0466588
18,Sample_S19S_0020_Wat,443.061884
4,Sample_S19S_0020_Wat,443.0652174
14,Sample_S19S_0020_Wat,443.0749837
34,Sample_S19S_0020_Wat,443.0830557
39,Sample_S19S_0020_Wat,443.0984287
3,Sample_S19S_0020_Wat,443.1016577
20,Sample_S19S_0020_Wat,443.1114516
67,Sample_S19S_0020_Wat,443.119518
6,Sample_S19S_0020_Wat,443.1348538
5,Sample_S19S_0020_Wat,443.1380667
22,Sample_S19S_0020_Wat,443.1478565
55,Sample_S19S_0020_Wat,443.1558944
29,Sample_S19S_0020_Wat,443.1711201
25,Sample_S19S_0020_Wat,443.1841796
9,Sample_S19S_0020_Wat,443.2205255
50,Sample_S19S_0020_Wat,444.0572726
21,Sample_S19S_0020_Wat,444.093696
43,Sample_S19S_0020_Wat,445.0412697
40,Sample_S19S_0020_Wat,445.0623769
40,Sample_S19S_0020_Wat,445.0776178
2,Sample_S19S_0020_Wat,445.0808638
19,Sample_S19S_0020_Wat,445.0986624
4,Sample_S19S_0020_Wat,445.1083593
19,Sample_S19S_0020_Wat,445.1139537
1,Sample_S19S_0020_Wat,445.1171907
21,Sample_S19S_0020_Wat,445.127011
14,Sample_S19S_0020_Wat,445.1350548
38,Sample_S19S_0020_Wat,445.1503907
34,Sample_S19S_0020_Wat,445.1634705
45,Sample_S19S_0020_Wat,445.1715289
42,Sample_S19S_0020_Wat,445.1868428
21,Sample_S19S_0020_Wat,446.0728598
2,Sample_S19S_0020_Wat,446.0939418
54,Sample_S19S_0020_Wat,446.1092739
16,Sample_S19S_0020_Wat,447.0204695
3,Sample_S19S_0020_Wat,447.0334964
9,Sample_S19S_0020_Wat,447.056785
6,Sample_S19S_0020_Wat,447.0698296
7,Sample_S19S_0020_Wat,447.0779114
18,Sample_S19S_0020_Wat,447.09323
19,Sample_S19S_0020_Wat,447.114388
80,Sample_S19S_0020_Wat,447.1297048
31,Sample_S19S_0020_Wat,447.1427418
80,Sample_S19S_0020_Wat,447.1660641
20,Sample_S19S_0020_Wat,447.179104
16,Sample_S19S_0020_Wat,447.2023724
4,Sample_S19S_0020_Wat,447.2154152
7,Sample_S19S_0020_Wat,448.0520882
71,Sample_S19S_0020_Wat,448.088573
22,Sample_S19S_0020_Wat,449.0360637
3,Sample_S19S_0020_Wat,449.0491393
22,Sample_S19S_0020_Wat,449.0724952
21,Sample_S19S_0020_Wat,449.0855556
98,Sample_S19S_0020_Wat,449.1089599
18,Sample_S19S_0020_Wat,449.1219859
85,Sample_S19S_0020_Wat,449.1453221
28,Sample_S19S_0020_Wat,449.1583358
27,Sample_S19S_0020_Wat,449.1816462
5,Sample_S19S_0020_Wat,449.1946593
15,Sample_S19S_0020_Wat,449.2180299
12,Sample_S19S_0020_Wat,451.0153576
20,Sample_S19S_0020_Wat,451.0517204
39,Sample_S19S_0020_Wat,451.0881744
62,Sample_S19S_0020_Wat,451.124616
20,Sample_S19S_0020_Wat,451.1376081
3,Sample_S19S_0020_Wat,451.1530256
38,Sample_S19S_0020_Wat,451.1609528
11,Sample_S19S_0020_Wat,451.1739524
12,Sample_S19S_0020_Wat,451.189303
8,Sample_S19S_0020_Wat,451.1972791
11,Sample_S19S_0020_Wat,451.2336787
2,Sample_S19S_0020_Wat,452.0469724
45,Sample_S19S_0020_Wat,452.0834394
20,Sample_S19S_0020_Wat,452.1199139
25,Sample_S19S_0020_Wat,453.0310814
10,Sample_S19S_0020_Wat,453.0462824
26,Sample_S19S_0020_Wat,453.0673983
3,Sample_S19S_0020_Wat,453.0825511
10,Sample_S19S_0020_Wat,453.0957146
18,Sample_S19S_0020_Wat,453.1037558
16,Sample_S19S_0020_Wat,453.1321972
43,Sample_S19S_0020_Wat,453.140211
4,Sample_S19S_0020_Wat,453.1686448
69,Sample_S19S_0020_Wat,453.1766436
13,Sample_S19S_0020_Wat,453.1896338
16,Sample_S19S_0020_Wat,453.2049759
11,Sample_S19S_0020_Wat,455.025566
41,Sample_S19S_0020_Wat,455.0467468
46,Sample_S19S_0020_Wat,455.0620251
14,Sample_S19S_0020_Wat,455.0750667
50,Sample_S19S_0020_Wat,455.0831528
45,Sample_S19S_0020_Wat,455.0984121
16,Sample_S19S_0020_Wat,455.111472
39,Sample_S19S_0020_Wat,455.1194736
2,Sample_S19S_0020_Wat,455.1290278
9,Sample_S19S_0020_Wat,455.1346803
22,Sample_S19S_0020_Wat,455.14777
14,Sample_S19S_0020_Wat,455.1558023
1,Sample_S19S_0020_Wat,455.1654128
1,Sample_S19S_0020_Wat,455.1709581
17,Sample_S19S_0020_Wat,455.1841535
17,Sample_S19S_0020_Wat,455.1921775
20,Sample_S19S_0020_Wat,455.2205892
8,Sample_S19S_0020_Wat,457.0049305
7,Sample_S19S_0020_Wat,457.0260917
37,Sample_S19S_0020_Wat,457.0412916
38,Sample_S19S_0020_Wat,457.0624071
18,Sample_S19S_0020_Wat,457.0776174
15,Sample_S19S_0020_Wat,457.0906483
19,Sample_S19S_0020_Wat,457.0986905
25,Sample_S19S_0020_Wat,457.1139922
13,Sample_S19S_0020_Wat,457.1270095
20,Sample_S19S_0020_Wat,457.1350642
3,Sample_S19S_0020_Wat,457.1447412
18,Sample_S19S_0020_Wat,457.150377
23,Sample_S19S_0020_Wat,457.1634444
31,Sample_S19S_0020_Wat,457.1715231
54,Sample_S19S_0020_Wat,457.1868094
17,Sample_S19S_0020_Wat,457.1998933
38,Sample_S19S_0020_Wat,457.2079257
14,Sample_S19S_0020_Wat,457.2362399
40,Sample_S19S_0020_Wat,458.1093241
23,Sample_S19S_0020_Wat,459.0205561
10,Sample_S19S_0020_Wat,459.033569
25,Sample_S19S_0020_Wat,459.0416602
24,Sample_S19S_0020_Wat,459.0568713
14,Sample_S19S_0020_Wat,459.069913
24,Sample_S19S_0020_Wat,459.0779746
20,Sample_S19S_0020_Wat,459.0932353
20,Sample_S19S_0020_Wat,459.1062882
25,Sample_S19S_0020_Wat,459.1143457
57,Sample_S19S_0020_Wat,459.1296693
3,Sample_S19S_0020_Wat,459.1328714
33,Sample_S19S_0020_Wat,459.142719
36,Sample_S19S_0020_Wat,459.1508169
45,Sample_S19S_0020_Wat,459.1661042
36,Sample_S19S_0020_Wat,459.1872169
23,Sample_S19S_0020_Wat,459.2025048
9,Sample_S19S_0020_Wat,459.2155229
11,Sample_S19S_0020_Wat,459.2387931
61,Sample_S19S_0020_Wat,460.0885829
35,Sample_S19S_0020_Wat,461.036196
9,Sample_S19S_0020_Wat,461.0492316
28,Sample_S19S_0020_Wat,461.0572822
29,Sample_S19S_0020_Wat,461.0725007
17,Sample_S19S_0020_Wat,461.0855391
11,Sample_S19S_0020_Wat,461.0935699
13,Sample_S19S_0020_Wat,461.1088271
5,Sample_S19S_0020_Wat,461.1218899
11,Sample_S19S_0020_Wat,461.1299458
3,Sample_S19S_0020_Wat,461.1396751
23,Sample_S19S_0020_Wat,461.1452647
26,Sample_S19S_0020_Wat,461.1583343
39,Sample_S19S_0020_Wat,461.1817537
16,Sample_S19S_0020_Wat,461.1948089
30,Sample_S19S_0020_Wat,461.218132
8,Sample_S19S_0020_Wat,461.2544198
36,Sample_S19S_0020_Wat,462.067799
20,Sample_S19S_0020_Wat,462.1042629
61,Sample_S19S_0020_Wat,462.1769684
10,Sample_S19S_0020_Wat,463.015396
47,Sample_S19S_0020_Wat,463.0518315
48,Sample_S19S_0020_Wat,463.0881954
4,Sample_S19S_0020_Wat,463.1189274
18,Sample_S19S_0020_Wat,463.124491
4,Sample_S19S_0020_Wat,463.1375144
8,Sample_S19S_0020_Wat,463.1608564
9,Sample_S19S_0020_Wat,463.1739081
19,Sample_S19S_0020_Wat,463.1972938
19,Sample_S19S_0020_Wat,463.210366
35,Sample_S19S_0020_Wat,463.2337601
27,Sample_S19S_0020_Wat,464.1198095
15,Sample_S19S_0020_Wat,465.0310055
1,Sample_S19S_0020_Wat,465.0461803
15,Sample_S19S_0020_Wat,465.06738
36,Sample_S19S_0020_Wat,465.1038259
19,Sample_S19S_0020_Wat,465.1168704
7,Sample_S19S_0020_Wat,465.1686035
66,Sample_S19S_0020_Wat,465.1766182
17,Sample_S19S_0020_Wat,465.1896305
17,Sample_S19S_0020_Wat,465.2129596
61,Sample_S19S_0020_Wat,466.1355201
1,Sample_S19S_0020_Wat,466.1435867
41,Sample_S19S_0020_Wat,467.0467531
19,Sample_S19S_0020_Wat,467.0620397
5,Sample_S19S_0020_Wat,467.0652254
3,Sample_S19S_0020_Wat,467.0751037
53,Sample_S19S_0020_Wat,467.0831629
52,Sample_S19S_0020_Wat,467.1195422
27,Sample_S19S_0020_Wat,467.1478261
30,Sample_S19S_0020_Wat,467.1558326
24,Sample_S19S_0020_Wat,467.184209
10,Sample_S19S_0020_Wat,467.1921933
14,Sample_S19S_0020_Wat,467.220621
24,Sample_S19S_0020_Wat,467.2286363
28,Sample_S19S_0020_Wat,468.1147294
14,Sample_S19S_0020_Wat,469.0260039
27,Sample_S19S_0020_Wat,469.0412947
3,Sample_S19S_0020_Wat,469.0445497
36,Sample_S19S_0020_Wat,469.062394
12,Sample_S19S_0020_Wat,469.0776006
14,Sample_S19S_0020_Wat,469.0906533
26,Sample_S19S_0020_Wat,469.0986993
10,Sample_S19S_0020_Wat,469.1139603
22,Sample_S19S_0020_Wat,469.1270251
17,Sample_S19S_0020_Wat,469.1350525
10,Sample_S19S_0020_Wat,469.1503074
11,Sample_S19S_0020_Wat,469.1633964
2,Sample_S19S_0020_Wat,469.1811109
23,Sample_S19S_0020_Wat,469.199861
26,Sample_S19S_0020_Wat,469.2078959
11,Sample_S19S_0020_Wat,469.2362772
4,Sample_S19S_0020_Wat,470.1092077
19,Sample_S19S_0020_Wat,471.0205509
15,Sample_S19S_0020_Wat,471.0416901
38,Sample_S19S_0020_Wat,471.0569384
11,Sample_S19S_0020_Wat,471.069939
37,Sample_S19S_0020_Wat,471.0780166
22,Sample_S19S_0020_Wat,471.093255
17,Sample_S19S_0020_Wat,471.106291
6,Sample_S19S_0020_Wat,471.1295835
10,Sample_S19S_0020_Wat,471.1426129
12,Sample_S19S_0020_Wat,471.1506882
8,Sample_S19S_0020_Wat,471.16598
25,Sample_S19S_0020_Wat,471.1790652
21,Sample_S19S_0020_Wat,471.1871307
12,Sample_S19S_0020_Wat,471.2024048
19,Sample_S19S_0020_Wat,471.2155389
22,Sample_S19S_0020_Wat,471.2235442
21,Sample_S19S_0020_Wat,473.0361823
7,Sample_S19S_0020_Wat,473.0491772
10,Sample_S19S_0020_Wat,473.0573502
42,Sample_S19S_0020_Wat,473.0726032
36,Sample_S19S_0020_Wat,473.0937108
61,Sample_S19S_0020_Wat,473.1089772
23,Sample_S19S_0020_Wat,473.121993
21,Sample_S19S_0020_Wat,473.1300234
5,Sample_S19S_0020_Wat,473.139667
25,Sample_S19S_0020_Wat,473.1452829
13,Sample_S19S_0020_Wat,473.1582831
17,Sample_S19S_0020_Wat,473.1663521
2,Sample_S19S_0020_Wat,473.1760299
22,Sample_S19S_0020_Wat,473.1816622
13,Sample_S19S_0020_Wat,473.1946924
16,Sample_S19S_0020_Wat,473.2027392
28,Sample_S19S_0020_Wat,473.2180738
30,Sample_S19S_0020_Wat,474.067818
54,Sample_S19S_0020_Wat,474.1405956
15,Sample_S19S_0020_Wat,475.0517049
14,Sample_S19S_0020_Wat,475.0648516
29,Sample_S19S_0020_Wat,475.0881586
16,Sample_S19S_0020_Wat,475.1012806
16,Sample_S19S_0020_Wat,475.1092833
69,Sample_S19S_0020_Wat,475.1245966
27,Sample_S19S_0020_Wat,475.1376596
15,Sample_S19S_0020_Wat,475.1456774
68,Sample_S19S_0020_Wat,475.1609843
28,Sample_S19S_0020_Wat,475.1739813
4,Sample_S19S_0020_Wat,475.1916559
18,Sample_S19S_0020_Wat,475.1973043
4,Sample_S19S_0020_Wat,475.2103074
4,Sample_S19S_0020_Wat,475.2336051
7,Sample_S19S_0020_Wat,476.0833408
31,Sample_S19S_0020_Wat,477.0311319
50,Sample_S19S_0020_Wat,477.0674882
5,Sample_S19S_0020_Wat,477.0805777
8,Sample_S19S_0020_Wat,477.0885024
18,Sample_S19S_0020_Wat,477.1037802
18,Sample_S19S_0020_Wat,477.1168599
6,Sample_S19S_0020_Wat,477.1401075
8,Sample_S19S_0020_Wat,477.1531747
19,Sample_S19S_0020_Wat,477.1765167
43,Sample_S19S_0020_Wat,477.2130039
12,Sample_S19S_0020_Wat,477.2493418
66,Sample_S19S_0020_Wat,478.0991507
6,Sample_S19S_0020_Wat,479.0466033
18,Sample_S19S_0020_Wat,479.0830028
39,Sample_S19S_0020_Wat,479.1194663
17,Sample_S19S_0020_Wat,479.1325629
69,Sample_S19S_0020_Wat,479.1559168
2,Sample_S19S_0020_Wat,479.1843315
53,Sample_S19S_0020_Wat,479.1923063
5,Sample_S19S_0020_Wat,479.2206471
17,Sample_S19S_0020_Wat,479.2286027
9,Sample_S19S_0020_Wat,480.151082
6,Sample_S19S_0020_Wat,481.025885
20,Sample_S19S_0020_Wat,481.0623379
55,Sample_S19S_0020_Wat,481.0987747
13,Sample_S19S_0020_Wat,481.113988
74,Sample_S19S_0020_Wat,481.1351677
18,Sample_S19S_0020_Wat,481.1634867
50,Sample_S19S_0020_Wat,481.1715313
20,Sample_S19S_0020_Wat,481.2078283
5,Sample_S19S_0020_Wat,481.2361059
2,Sample_S19S_0020_Wat,483.0203756
15,Sample_S19S_0020_Wat,483.0415833
18,Sample_S19S_0020_Wat,483.0568081
33,Sample_S19S_0020_Wat,483.0780208
30,Sample_S19S_0020_Wat,483.0933003
6,Sample_S19S_0020_Wat,483.1064043
48,Sample_S19S_0020_Wat,483.1144642
23,Sample_S19S_0020_Wat,483.1297323
34,Sample_S19S_0020_Wat,483.1508531
19,Sample_S19S_0020_Wat,483.1660394
17,Sample_S19S_0020_Wat,483.1791639
31,Sample_S19S_0020_Wat,483.1871699
18,Sample_S19S_0020_Wat,483.2154832
17,Sample_S19S_0020_Wat,483.2234722
11,Sample_S19S_0020_Wat,484.1459881
2,Sample_S19S_0020_Wat,485.0360155
10,Sample_S19S_0020_Wat,485.057196
18,Sample_S19S_0020_Wat,485.0724465
26,Sample_S19S_0020_Wat,485.0936172
46,Sample_S19S_0020_Wat,485.1089501
47,Sample_S19S_0020_Wat,485.1300644
2,Sample_S19S_0020_Wat,485.139617
26,Sample_S19S_0020_Wat,485.1453846
16,Sample_S19S_0020_Wat,485.1584131
38,Sample_S19S_0020_Wat,485.1664901
39,Sample_S19S_0020_Wat,485.181737
18,Sample_S19S_0020_Wat,485.1948096
2,Sample_S19S_0020_Wat,485.2123812
11,Sample_S19S_0020_Wat,485.2179932
2,Sample_S19S_0020_Wat,485.2310607
16,Sample_S19S_0020_Wat,487.0365498
18,Sample_S19S_0020_Wat,487.051792
21,Sample_S19S_0020_Wat,487.072871
13,Sample_S19S_0020_Wat,487.088118
15,Sample_S19S_0020_Wat,487.1011949
10,Sample_S19S_0020_Wat,487.1092152
13,Sample_S19S_0020_Wat,487.1244947
19,Sample_S19S_0020_Wat,487.1375846
13,Sample_S19S_0020_Wat,487.1456408
2,Sample_S19S_0020_Wat,487.1552674
52,Sample_S19S_0020_Wat,487.1609704
19,Sample_S19S_0020_Wat,487.1740711
31,Sample_S19S_0020_Wat,487.18211
30,Sample_S19S_0020_Wat,487.1974177
6,Sample_S19S_0020_Wat,487.2104698
20,Sample_S19S_0020_Wat,487.2337958
6,Sample_S19S_0020_Wat,487.2468303
35,Sample_S19S_0020_Wat,488.0834359
11,Sample_S19S_0020_Wat,489.0310445
50,Sample_S19S_0020_Wat,489.067487
23,Sample_S19S_0020_Wat,489.0886429
4,Sample_S19S_0020_Wat,489.0982045
33,Sample_S19S_0020_Wat,489.1039118
34,Sample_S19S_0020_Wat,489.1249814
28,Sample_S19S_0020_Wat,489.1402055
19,Sample_S19S_0020_Wat,489.1532671
12,Sample_S19S_0020_Wat,489.1612651
2,Sample_S19S_0020_Wat,489.1708695
10,Sample_S19S_0020_Wat,489.1765226
10,Sample_S19S_0020_Wat,489.1895365
9,Sample_S19S_0020_Wat,489.2128864
8,Sample_S19S_0020_Wat,489.2259164
6,Sample_S19S_0020_Wat,489.2492677
16,Sample_S19S_0020_Wat,490.0990621
4,Sample_S19S_0020_Wat,490.1201406
14,Sample_S19S_0020_Wat,491.0466906
22,Sample_S19S_0020_Wat,491.0830123
3,Sample_S19S_0020_Wat,491.1041079
10,Sample_S19S_0020_Wat,491.1193786
17,Sample_S19S_0020_Wat,491.1325378
26,Sample_S19S_0020_Wat,491.1558203
51,Sample_S19S_0020_Wat,491.1922945
11,Sample_S19S_0020_Wat,491.2287423
16,Sample_S19S_0020_Wat,491.2650776
44,Sample_S19S_0020_Wat,492.1147512
10,Sample_S19S_0020_Wat,493.0259042
3,Sample_S19S_0020_Wat,493.0411327
13,Sample_S19S_0020_Wat,493.0622921
21,Sample_S19S_0020_Wat,493.098712
73,Sample_S19S_0020_Wat,493.1351653
51,Sample_S19S_0020_Wat,493.1715856
3,Sample_S19S_0020_Wat,493.1999507
16,Sample_S19S_0020_Wat,493.2442171
2,Sample_S19S_0020_Wat,495.0203756
14,Sample_S19S_0020_Wat,495.0415683
8,Sample_S19S_0020_Wat,495.0568418
39,Sample_S19S_0020_Wat,495.0780179
47,Sample_S19S_0020_Wat,495.1144449
10,Sample_S19S_0020_Wat,495.1427989
58,Sample_S19S_0020_Wat,495.1507984
19,Sample_S19S_0020_Wat,495.1791573
11,Sample_S19S_0020_Wat,495.2154488
2,Sample_S19S_0020_Wat,496.1905351
10,Sample_S19S_0020_Wat,497.036113
20,Sample_S19S_0020_Wat,497.0572968
33,Sample_S19S_0020_Wat,497.0725711
35,Sample_S19S_0020_Wat,497.1089508
14,Sample_S19S_0020_Wat,497.1301476
25,Sample_S19S_0020_Wat,497.1947705
4,Sample_S19S_0020_Wat,497.2310629
3,Sample_S19S_0020_Wat,497.2390455
12,Sample_S19S_0020_Wat,498.1253978
37,Sample_S19S_0020_Wat,498.1617513
2,Sample_S19S_0020_Wat,498.1698072
1,Sample_S19S_0020_Wat,498.206115
2,Sample_S19S_0020_Wat,499.0152537
8,Sample_S19S_0020_Wat,499.036451
8,Sample_S19S_0020_Wat,499.0516924
19,Sample_S19S_0020_Wat,499.0728848
8,Sample_S19S_0020_Wat,499.1012958
38,Sample_S19S_0020_Wat,499.1093112
47,Sample_S19S_0020_Wat,499.1246232
12,Sample_S19S_0020_Wat,499.1377212
50,Sample_S19S_0020_Wat,499.1457371
4,Sample_S19S_0020_Wat,499.1553132
14,Sample_S19S_0020_Wat,499.1610424
21,Sample_S19S_0020_Wat,499.1740741
34,Sample_S19S_0020_Wat,499.1973555
26,Sample_S19S_0020_Wat,499.2104255
3,Sample_S19S_0020_Wat,499.2335814
6,Sample_S19S_0020_Wat,499.2466801
13,Sample_S19S_0020_Wat,501.0310269
9,Sample_S19S_0020_Wat,501.0521674
26,Sample_S19S_0020_Wat,501.0673678
15,Sample_S19S_0020_Wat,501.080502
16,Sample_S19S_0020_Wat,501.0885018
13,Sample_S19S_0020_Wat,501.1037301
13,Sample_S19S_0020_Wat,501.116864
8,Sample_S19S_0020_Wat,501.1248479
20,Sample_S19S_0020_Wat,501.1401768
31,Sample_S19S_0020_Wat,501.1532967
17,Sample_S19S_0020_Wat,501.1612956
47,Sample_S19S_0020_Wat,501.1766253
27,Sample_S19S_0020_Wat,501.1896846
28,Sample_S19S_0020_Wat,501.2130646
12,Sample_S19S_0020_Wat,503.0468089
4,Sample_S19S_0020_Wat,503.0679918
4,Sample_S19S_0020_Wat,503.0832459
19,Sample_S19S_0020_Wat,503.1042984
61,Sample_S19S_0020_Wat,503.1195309
5,Sample_S19S_0020_Wat,503.1326318
15,Sample_S19S_0020_Wat,503.1405906
24,Sample_S19S_0020_Wat,503.1558462
4,Sample_S19S_0020_Wat,503.1768678
18,Sample_S19S_0020_Wat,503.1921795
7,Sample_S19S_0020_Wat,503.2051842
22,Sample_S19S_0020_Wat,503.2285615
3,Sample_S19S_0020_Wat,503.2415628
9,Sample_S19S_0020_Wat,505.0259469
9,Sample_S19S_0020_Wat,505.0622503
7,Sample_S19S_0020_Wat,505.0833896
21,Sample_S19S_0020_Wat,505.098662
8,Sample_S19S_0020_Wat,505.1118569
17,Sample_S19S_0020_Wat,505.1350781
5,Sample_S19S_0020_Wat,505.1482794
67,Sample_S19S_0020_Wat,505.1715425
15,Sample_S19S_0020_Wat,505.1846129
31,Sample_S19S_0020_Wat,505.2079802
7,Sample_S19S_0020_Wat,505.221033
30,Sample_S19S_0020_Wat,505.2443315
8,Sample_S19S_0020_Wat,505.2805994
17,Sample_S19S_0020_Wat,506.0576414
5,Sample_S19S_0020_Wat,506.1303153
6,Sample_S19S_0020_Wat,506.1666811
14,Sample_S19S_0020_Wat,507.0415912
32,Sample_S19S_0020_Wat,507.0780238
49,Sample_S19S_0020_Wat,507.1144464
63,Sample_S19S_0020_Wat,507.1508255
5,Sample_S19S_0020_Wat,507.179192
5,Sample_S19S_0020_Wat,507.2598181
11,Sample_S19S_0020_Wat,509.036191
18,Sample_S19S_0020_Wat,509.0573918
40,Sample_S19S_0020_Wat,509.0937287
44,Sample_S19S_0020_Wat,509.1300451
11,Sample_S19S_0020_Wat,509.1583575
14,Sample_S19S_0020_Wat,509.1947371
11,Sample_S19S_0020_Wat,509.2311267
7,Sample_S19S_0020_Wat,509.2391011
6,Sample_S19S_0020_Wat,509.2675212
8,Sample_S19S_0020_Wat,509.2755137
9,Sample_S19S_0020_Wat,511.0366348
16,Sample_S19S_0020_Wat,511.0518749
37,Sample_S19S_0020_Wat,511.0729714
4,Sample_S19S_0020_Wat,511.1375472
2,Sample_S19S_0020_Wat,511.1455592
10,Sample_S19S_0020_Wat,511.1739404
15,Sample_S19S_0020_Wat,511.2103696
10,Sample_S19S_0020_Wat,511.2183807
13,Sample_S19S_0020_Wat,511.2467945
16,Sample_S19S_0020_Wat,511.2547768
23,Sample_S19S_0020_Wat,512.0834476
10,Sample_S19S_0020_Wat,513.0522762
29,Sample_S19S_0020_Wat,513.0674942
27,Sample_S19S_0020_Wat,513.0885835
17,Sample_S19S_0020_Wat,513.1169162
19,Sample_S19S_0020_Wat,513.1248843
7,Sample_S19S_0020_Wat,513.1401059
6,Sample_S19S_0020_Wat,513.1531789
7,Sample_S19S_0020_Wat,513.1612236
3,Sample_S19S_0020_Wat,513.1764786
11,Sample_S19S_0020_Wat,513.1895585
1,Sample_S19S_0020_Wat,513.2072615
2,Sample_S19S_0020_Wat,513.2127989
12,Sample_S19S_0020_Wat,515.0467951
12,Sample_S19S_0020_Wat,515.0679477
38,Sample_S19S_0020_Wat,515.083157
28,Sample_S19S_0020_Wat,515.1042917
39,Sample_S19S_0020_Wat,515.1194964
5,Sample_S19S_0020_Wat,515.1326297
21,Sample_S19S_0020_Wat,515.1405768
14,Sample_S19S_0020_Wat,515.155816
17,Sample_S19S_0020_Wat,515.1688778
11,Sample_S19S_0020_Wat,515.1768835
10,Sample_S19S_0020_Wat,515.1921599
10,Sample_S19S_0020_Wat,515.2052029
5,Sample_S19S_0020_Wat,515.2285302
3,Sample_S19S_0020_Wat,515.2416147
33,Sample_S19S_0020_Wat,517.0624113
9,Sample_S19S_0020_Wat,517.0835974
12,Sample_S19S_0020_Wat,517.098859
6,Sample_S19S_0020_Wat,517.1199999
10,Sample_S19S_0020_Wat,517.1352552
10,Sample_S19S_0020_Wat,517.1563614
14,Sample_S19S_0020_Wat,517.171616
15,Sample_S19S_0020_Wat,517.1846401
43,Sample_S19S_0020_Wat,517.2079237
1,Sample_S19S_0020_Wat,517.2804458
21,Sample_S19S_0020_Wat,518.0939924
8,Sample_S19S_0020_Wat,519.041577
13,Sample_S19S_0020_Wat,519.0779454
14,Sample_S19S_0020_Wat,519.1143103
28,Sample_S19S_0020_Wat,519.1507584
6,Sample_S19S_0020_Wat,519.1639413
56,Sample_S19S_0020_Wat,519.1872205
18,Sample_S19S_0020_Wat,519.2236508
25,Sample_S19S_0020_Wat,521.0573462
33,Sample_S19S_0020_Wat,521.0937324
49,Sample_S19S_0020_Wat,521.1301011
3,Sample_S19S_0020_Wat,521.1584978
27,Sample_S19S_0020_Wat,521.1663968
3,Sample_S19S_0020_Wat,521.1946636
11,Sample_S19S_0020_Wat,521.2027235
7,Sample_S19S_0020_Wat,521.2390738
1,Sample_S19S_0020_Wat,522.1251732
14,Sample_S19S_0020_Wat,523.0365285
10,Sample_S19S_0020_Wat,523.0728235
9,Sample_S19S_0020_Wat,523.0881098
6,Sample_S19S_0020_Wat,523.1091901
8,Sample_S19S_0020_Wat,523.1376337
14,Sample_S19S_0020_Wat,523.1456062
16,Sample_S19S_0020_Wat,523.1739853
27,Sample_S19S_0020_Wat,523.1820717
20,Sample_S19S_0020_Wat,523.2104573
8,Sample_S19S_0020_Wat,523.2468227
4,Sample_S19S_0020_Wat,525.0309309
9,Sample_S19S_0020_Wat,525.0521307
25,Sample_S19S_0020_Wat,525.0885729
35,Sample_S19S_0020_Wat,525.1250197
39,Sample_S19S_0020_Wat,525.1614051
14,Sample_S19S_0020_Wat,525.2340332
1,Sample_S19S_0020_Wat,526.2010349
12,Sample_S19S_0020_Wat,527.0467883
12,Sample_S19S_0020_Wat,527.0832056
9,Sample_S19S_0020_Wat,527.1043114
17,Sample_S19S_0020_Wat,527.119585
41,Sample_S19S_0020_Wat,527.1406475
35,Sample_S19S_0020_Wat,527.1558917
21,Sample_S19S_0020_Wat,527.1689685
29,Sample_S19S_0020_Wat,527.1769645
9,Sample_S19S_0020_Wat,527.1922169
21,Sample_S19S_0020_Wat,527.2052882
8,Sample_S19S_0020_Wat,527.2132606
4,Sample_S19S_0020_Wat,527.2284939
7,Sample_S19S_0020_Wat,527.2415754
5,Sample_S19S_0020_Wat,529.047257
14,Sample_S19S_0020_Wat,529.0624704
8,Sample_S19S_0020_Wat,529.0836238
18,Sample_S19S_0020_Wat,529.0988481
20,Sample_S19S_0020_Wat,529.119899
39,Sample_S19S_0020_Wat,529.1351825
12,Sample_S19S_0020_Wat,529.1482589
20,Sample_S19S_0020_Wat,529.1562352
16,Sample_S19S_0020_Wat,529.1714748
22,Sample_S19S_0020_Wat,529.184567
10,Sample_S19S_0020_Wat,529.2078283
8,Sample_S19S_0020_Wat,529.2208396
9,Sample_S19S_0020_Wat,529.2442413
7,Sample_S19S_0020_Wat,529.2573138
7,Sample_S19S_0020_Wat,531.0417642
7,Sample_S19S_0020_Wat,531.0781475
12,Sample_S19S_0020_Wat,531.0992322
19,Sample_S19S_0020_Wat,531.1144803
23,Sample_S19S_0020_Wat,531.1355514
30,Sample_S19S_0020_Wat,531.1507766
16,Sample_S19S_0020_Wat,531.1638843
13,Sample_S19S_0020_Wat,531.1718519
12,Sample_S19S_0020_Wat,531.1871077
13,Sample_S19S_0020_Wat,531.2001725
23,Sample_S19S_0020_Wat,531.2234777
3,Sample_S19S_0020_Wat,531.2598778
23,Sample_S19S_0020_Wat,532.1097212
9,Sample_S19S_0020_Wat,533.0574115
15,Sample_S19S_0020_Wat,533.0937827
27,Sample_S19S_0020_Wat,533.1301236
54,Sample_S19S_0020_Wat,533.166456
15,Sample_S19S_0020_Wat,533.1795306
14,Sample_S19S_0020_Wat,533.2027587
7,Sample_S19S_0020_Wat,533.2390944
2,Sample_S19S_0020_Wat,533.275424
11,Sample_S19S_0020_Wat,535.0365569
22,Sample_S19S_0020_Wat,535.0730261
16,Sample_S19S_0020_Wat,535.1094222
10,Sample_S19S_0020_Wat,535.1458132
22,Sample_S19S_0020_Wat,535.1821751
3,Sample_S19S_0020_Wat,535.2466711
17,Sample_S19S_0020_Wat,535.2547783
7,Sample_S19S_0020_Wat,537.0520931
11,Sample_S19S_0020_Wat,537.0673737
19,Sample_S19S_0020_Wat,537.0884904
31,Sample_S19S_0020_Wat,537.1249315
14,Sample_S19S_0020_Wat,537.1533456
42,Sample_S19S_0020_Wat,537.161382
7,Sample_S19S_0020_Wat,537.1897464
19,Sample_S19S_0020_Wat,537.1978101
3,Sample_S19S_0020_Wat,537.2261348
12,Sample_S19S_0020_Wat,537.2342192
6,Sample_S19S_0020_Wat,537.2706002
6,Sample_S19S_0020_Wat,539.0468046
18,Sample_S19S_0020_Wat,539.0679143
8,Sample_S19S_0020_Wat,539.0832338
22,Sample_S19S_0020_Wat,539.1042196
10,Sample_S19S_0020_Wat,539.1325679
28,Sample_S19S_0020_Wat,539.1405618
9,Sample_S19S_0020_Wat,539.1688297
6,Sample_S19S_0020_Wat,539.1768779
6,Sample_S19S_0020_Wat,539.2051955
3,Sample_S19S_0020_Wat,539.2132409
6,Sample_S19S_0020_Wat,539.2416063
3,Sample_S19S_0020_Wat,539.2496267
2,Sample_S19S_0020_Wat,539.2779882
19,Sample_S19S_0020_Wat,541.0623672
24,Sample_S19S_0020_Wat,541.0834882
26,Sample_S19S_0020_Wat,541.1199147
7,Sample_S19S_0020_Wat,541.1352769
17,Sample_S19S_0020_Wat,541.1563515
4,Sample_S19S_0020_Wat,541.1927684
13,Sample_S19S_0020_Wat,541.2079962
24,Sample_S19S_0020_Wat,541.2290565
8,Sample_S19S_0020_Wat,541.2573331
7,Sample_S19S_0020_Wat,542.1514443
5,Sample_S19S_0020_Wat,543.0418148
6,Sample_S19S_0020_Wat,543.0629181
14,Sample_S19S_0020_Wat,543.0781158
22,Sample_S19S_0020_Wat,543.09918
29,Sample_S19S_0020_Wat,543.1144211
19,Sample_S19S_0020_Wat,543.1355017
27,Sample_S19S_0020_Wat,543.1507543
16,Sample_S19S_0020_Wat,543.1638009
14,Sample_S19S_0020_Wat,543.1718262
9,Sample_S19S_0020_Wat,543.1870791
10,Sample_S19S_0020_Wat,543.2001267
1,Sample_S19S_0020_Wat,543.208077
5,Sample_S19S_0020_Wat,543.2234029
4,Sample_S19S_0020_Wat,543.2597894
11,Sample_S19S_0020_Wat,545.0571838
5,Sample_S19S_0020_Wat,545.0783592
9,Sample_S19S_0020_Wat,545.0935509
11,Sample_S19S_0020_Wat,545.1147104
16,Sample_S19S_0020_Wat,545.1299664
4,Sample_S19S_0020_Wat,545.1432084
31,Sample_S19S_0020_Wat,545.1664409
6,Sample_S19S_0020_Wat,545.1795929
31,Sample_S19S_0020_Wat,545.2028931
14,Sample_S19S_0020_Wat,545.2159419
7,Sample_S19S_0020_Wat,545.2393178
1,Sample_S19S_0020_Wat,545.2523758
21,Sample_S19S_0020_Wat,545.2756552
11,Sample_S19S_0020_Wat,547.0364584
15,Sample_S19S_0020_Wat,547.0729547
19,Sample_S19S_0020_Wat,547.109415
18,Sample_S19S_0020_Wat,547.145805
3,Sample_S19S_0020_Wat,547.1822164
17,Sample_S19S_0020_Wat,547.2185618
11,Sample_S19S_0020_Wat,547.2315171
22,Sample_S19S_0020_Wat,547.2548518
1,Sample_S19S_0020_Wat,548.1771882
13,Sample_S19S_0020_Wat,549.0523077
11,Sample_S19S_0020_Wat,549.0887119
14,Sample_S19S_0020_Wat,549.1250923
21,Sample_S19S_0020_Wat,549.1614413
38,Sample_S19S_0020_Wat,549.1977663
17,Sample_S19S_0020_Wat,549.2340464
14,Sample_S19S_0020_Wat,550.1201251
10,Sample_S19S_0020_Wat,551.0679996
15,Sample_S19S_0020_Wat,551.10435
26,Sample_S19S_0020_Wat,551.140683
28,Sample_S19S_0020_Wat,551.1769906
10,Sample_S19S_0020_Wat,551.2052511
21,Sample_S19S_0020_Wat,551.2133063
6,Sample_S19S_0020_Wat,551.2496307
6,Sample_S19S_0020_Wat,553.0836572
18,Sample_S19S_0020_Wat,553.1199748
28,Sample_S19S_0020_Wat,553.1351718
2,Sample_S19S_0020_Wat,553.1483118
47,Sample_S19S_0020_Wat,553.1562956
20,Sample_S19S_0020_Wat,553.1925971
6,Sample_S19S_0020_Wat,553.2288832
7,Sample_S19S_0020_Wat,555.0629131
9,Sample_S19S_0020_Wat,555.0781485
5,Sample_S19S_0020_Wat,555.0993123
4,Sample_S19S_0020_Wat,555.1145859
17,Sample_S19S_0020_Wat,555.1720029
10,Sample_S19S_0020_Wat,555.2365023
3,Sample_S19S_0020_Wat,555.2728474
8,Sample_S19S_0020_Wat,557.0785258
21,Sample_S19S_0020_Wat,557.0937315
16,Sample_S19S_0020_Wat,557.1149049
1,Sample_S19S_0020_Wat,557.1302225
4,Sample_S19S_0020_Wat,557.1513467
1,Sample_S19S_0020_Wat,557.1666319
2,Sample_S19S_0020_Wat,557.1877224
5,Sample_S19S_0020_Wat,557.2029722
15,Sample_S19S_0020_Wat,557.2239531
11,Sample_S19S_0020_Wat,559.1092427
26,Sample_S19S_0020_Wat,559.1456819
13,Sample_S19S_0020_Wat,561.0522506
21,Sample_S19S_0020_Wat,561.0885432
9,Sample_S19S_0020_Wat,561.1248442
5,Sample_S19S_0020_Wat,561.1611805
3,Sample_S19S_0020_Wat,561.1975534
7,Sample_S19S_0020_Wat,561.2339983
5,Sample_S19S_0020_Wat,563.0313809
10,Sample_S19S_0020_Wat,563.1043787
8,Sample_S19S_0020_Wat,563.140767
4,Sample_S19S_0020_Wat,563.1771352
23,Sample_S19S_0020_Wat,563.2134586
21,Sample_S19S_0020_Wat,563.2497644
8,Sample_S19S_0020_Wat,565.0470587
8,Sample_S19S_0020_Wat,565.0833841
11,Sample_S19S_0020_Wat,565.0987175
2,Sample_S19S_0020_Wat,565.1196921
4,Sample_S19S_0020_Wat,565.1561141
5,Sample_S19S_0020_Wat,565.2208348
20,Sample_S19S_0020_Wat,565.2290122
6,Sample_S19S_0020_Wat,565.2573399
12,Sample_S19S_0020_Wat,567.0628477
15,Sample_S19S_0020_Wat,567.0992538
8,Sample_S19S_0020_Wat,567.1356587
15,Sample_S19S_0020_Wat,567.2083955
9,Sample_S19S_0020_Wat,567.2366591
17,Sample_S19S_0020_Wat,567.2446704
13,Sample_S19S_0020_Wat,569.0784551
7,Sample_S19S_0020_Wat,569.0937538
15,Sample_S19S_0020_Wat,569.1147778
5,Sample_S19S_0020_Wat,569.1299391
8,Sample_S19S_0020_Wat,569.1510794
9,Sample_S19S_0020_Wat,569.17943
2,Sample_S19S_0020_Wat,569.1874013
1,Sample_S19S_0020_Wat,569.2025994
3,Sample_S19S_0020_Wat,569.2157305
1,Sample_S19S_0020_Wat,569.223732
1,Sample_S19S_0020_Wat,569.2885081
2,Sample_S19S_0020_Wat,571.0363946
7,Sample_S19S_0020_Wat,571.0727742
2,Sample_S19S_0020_Wat,571.0939164
20,Sample_S19S_0020_Wat,571.1668216
6,Sample_S19S_0020_Wat,571.1952621
14,Sample_S19S_0020_Wat,571.2032768
12,Sample_S19S_0020_Wat,571.2395823
9,Sample_S19S_0020_Wat,573.0521883
19,Sample_S19S_0020_Wat,573.0886509
15,Sample_S19S_0020_Wat,573.1250609
6,Sample_S19S_0020_Wat,573.1615077
5,Sample_S19S_0020_Wat,573.1978706
5,Sample_S19S_0020_Wat,573.247282
4,Sample_S19S_0020_Wat,575.0680122
10,Sample_S19S_0020_Wat,575.1043617
7,Sample_S19S_0020_Wat,575.1407714
24,Sample_S19S_0020_Wat,575.1770756
31,Sample_S19S_0020_Wat,575.213398
17,Sample_S19S_0020_Wat,575.2497017
4,Sample_S19S_0020_Wat,577.0472834
4,Sample_S19S_0020_Wat,577.0836723
41,Sample_S19S_0020_Wat,577.1563035
23,Sample_S19S_0020_Wat,577.1926143
6,Sample_S19S_0020_Wat,577.228924
2,Sample_S19S_0020_Wat,577.2651743
6,Sample_S19S_0020_Wat,579.0629358
12,Sample_S19S_0020_Wat,579.0992643
27,Sample_S19S_0020_Wat,579.1355972
34,Sample_S19S_0020_Wat,579.1719274
17,Sample_S19S_0020_Wat,579.2082488
4,Sample_S19S_0020_Wat,579.2367167
4,Sample_S19S_0020_Wat,579.2445526
5,Sample_S19S_0020_Wat,579.2811807
5,Sample_S19S_0020_Wat,581.0785526
20,Sample_S19S_0020_Wat,581.1148894
35,Sample_S19S_0020_Wat,581.1512226
5,Sample_S19S_0020_Wat,581.1665648
24,Sample_S19S_0020_Wat,581.1875335
20,Sample_S19S_0020_Wat,581.2238624
3,Sample_S19S_0020_Wat,583.0731247
2,Sample_S19S_0020_Wat,583.094266
3,Sample_S19S_0020_Wat,583.1095053
9,Sample_S19S_0020_Wat,583.1306046
16,Sample_S19S_0020_Wat,583.1669172
19,Sample_S19S_0020_Wat,583.2032587
11,Sample_S19S_0020_Wat,583.2314722
16,Sample_S19S_0020_Wat,583.2395225
6,Sample_S19S_0020_Wat,585.0886953
3,Sample_S19S_0020_Wat,585.1098543
6,Sample_S19S_0020_Wat,585.1615059
4,Sample_S19S_0020_Wat,585.2190128
6,Sample_S19S_0020_Wat,585.2472737
2,Sample_S19S_0020_Wat,585.2834097
5,Sample_S19S_0020_Wat,587.06769
12,Sample_S19S_0020_Wat,587.1041571
14,Sample_S19S_0020_Wat,587.1405809
23,Sample_S19S_0020_Wat,587.1770783
7,Sample_S19S_0020_Wat,587.19016
10,Sample_S19S_0020_Wat,587.1982185
16,Sample_S19S_0020_Wat,587.2134744
3,Sample_S19S_0020_Wat,589.0833727
5,Sample_S19S_0020_Wat,589.119725
1,Sample_S19S_0020_Wat,589.1924321
6,Sample_S19S_0020_Wat,591.0993225
4,Sample_S19S_0020_Wat,591.135742
11,Sample_S19S_0020_Wat,591.1720289
15,Sample_S19S_0020_Wat,591.2083514
11,Sample_S19S_0020_Wat,591.2446301
4,Sample_S19S_0020_Wat,593.078251
3,Sample_S19S_0020_Wat,593.1146582
8,Sample_S19S_0020_Wat,593.1511079
28,Sample_S19S_0020_Wat,593.1875846
18,Sample_S19S_0020_Wat,593.2240288
9,Sample_S19S_0020_Wat,593.2604417
15,Sample_S19S_0020_Wat,595.130396
3,Sample_S19S_0020_Wat,597.1251354
13,Sample_S19S_0020_Wat,597.1460191
27,Sample_S19S_0020_Wat,597.2188862
6,Sample_S19S_0020_Wat,597.2553504
12,Sample_S19S_0020_Wat,599.1254651
17,Sample_S19S_0020_Wat,599.1618335
1,Sample_S19S_0020_Wat,599.2624936
8,Sample_S19S_0020_Wat,601.0470688
4,Sample_S19S_0020_Wat,601.1560091
14,Sample_S19S_0020_Wat,603.135473
24,Sample_S19S_0020_Wat,603.1719444
16,Sample_S19S_0020_Wat,603.2083804
23,Sample_S19S_0020_Wat,603.2447417
2,Sample_S19S_0020_Wat,605.1513953
6,Sample_S19S_0020_Wat,605.2240726
14,Sample_S19S_0020_Wat,605.2602478
19,Sample_S19S_0020_Wat,607.094164
25,Sample_S19S_0020_Wat,607.1304892
4,Sample_S19S_0020_Wat,607.2030678
1,Sample_S19S_0020_Wat,607.2394004
18,Sample_S19S_0020_Wat,609.1096597
4,Sample_S19S_0020_Wat,609.1459321
2,Sample_S19S_0020_Wat,609.2185999
1,Sample_S19S_0020_Wat,611.0887789
1,Sample_S19S_0020_Wat,611.125099
1,Sample_S19S_0020_Wat,611.226191
1,Sample_S19S_0020_Wat,613.119618
3,Sample_S19S_0020_Wat,615.0625943
1,Sample_S19S_0020_Wat,615.1715831
11,Sample_S19S_0020_Wat,615.1930099
5,Sample_S19S_0020_Wat,619.130318
2,Sample_S19S_0020_Wat,619.1666544
2,Sample_S19S_0020_Wat,619.2029535
15,Sample_S19S_0020_Wat,621.1461897
2,Sample_S19S_0020_Wat,623.1255649
3,Sample_S19S_0020_Wat,623.162005
3,Sample_S19S_0020_Wat,623.1983716
1,Sample_S19S_0020_Wat,623.2347542
3,Sample_S19S_0020_Wat,625.1408979
18,Sample_S19S_0020_Wat,625.2137878
2,Sample_S19S_0020_Wat,627.1352883
16,Sample_S19S_0020_Wat,629.1876222
2,Sample_S19S_0020_Wat,629.2237856
2,Sample_S19S_0020_Wat,631.1302004
14,Sample_S19S_0020_Wat,631.2031269
3,Sample_S19S_0020_Wat,631.2761072
2,Sample_S19S_0020_Wat,633.2185891
17,Sample_S19S_0020_Wat,635.1617901
4,Sample_S19S_0020_Wat,635.2346553
1,Sample_S19S_0020_Wat,641.1725549
1,Sample_S19S_0020_Wat,643.2028771
7,Sample_S19S_0020_Wat,645.1462149
3,Sample_S19S_0020_Wat,647.1252258
6,Sample_S19S_0020_Wat,651.2657844
10,Sample_S19S_0020_Wat,655.2242962
5,Sample_S19S_0020_Wat,657.0733362
2,Sample_S19S_0020_Wat,657.1827495
6,Sample_S19S_0020_Wat,659.0890965
1,Sample_S19S_0020_Wat,663.2659634
1,Sample_S19S_0020_Wat,665.2089152
1,Sample_S19S_0020_Wat,665.2452775
7,Sample_S19S_0020_Wat,675.193045
6,Sample_S19S_0020_Wat,677.1360814
3,Sample_S19S_0020_Wat,679.1877778
3,Sample_S19S_0020_Wat,687.1927784
2,Sample_S19S_0020_Wat,689.2089323
2,Sample_S19S_0020_Wat,691.1870038
