num.trans.involved.in,sample,peak
28,Sample_S19S_0062_Wat,205.0142188
24,Sample_S19S_0062_Wat,205.0505947
14,Sample_S19S_0062_Wat,205.086978
5,Sample_S19S_0062_Wat,205.1597578
37,Sample_S19S_0062_Wat,207.0298709
15,Sample_S19S_0062_Wat,209.0091207
34,Sample_S19S_0062_Wat,209.0455114
27,Sample_S19S_0062_Wat,209.0818981
46,Sample_S19S_0062_Wat,211.0247874
48,Sample_S19S_0062_Wat,211.0611736
27,Sample_S19S_0062_Wat,211.097555
26,Sample_S19S_0062_Wat,213.0404285
38,Sample_S19S_0062_Wat,213.0768216
34,Sample_S19S_0062_Wat,215.0560786
33,Sample_S19S_0062_Wat,215.0924726
26,Sample_S19S_0062_Wat,217.1081169
41,Sample_S19S_0062_Wat,219.0298823
14,Sample_S19S_0062_Wat,219.0662407
23,Sample_S19S_0062_Wat,221.0091259
38,Sample_S19S_0062_Wat,221.0455191
19,Sample_S19S_0062_Wat,221.0818912
3,Sample_S19S_0062_Wat,221.1546776
48,Sample_S19S_0062_Wat,223.0247931
17,Sample_S19S_0062_Wat,223.0611523
40,Sample_S19S_0062_Wat,223.0975605
21,Sample_S19S_0062_Wat,224.0564233
12,Sample_S19S_0062_Wat,225.0040321
74,Sample_S19S_0062_Wat,225.0404494
45,Sample_S19S_0062_Wat,225.0768195
12,Sample_S19S_0062_Wat,225.1131873
22,Sample_S19S_0062_Wat,227.0196895
35,Sample_S19S_0062_Wat,227.056079
39,Sample_S19S_0062_Wat,227.092466
39,Sample_S19S_0062_Wat,229.0353497
39,Sample_S19S_0062_Wat,229.0717413
28,Sample_S19S_0062_Wat,229.1081151
18,Sample_S19S_0062_Wat,229.14452
34,Sample_S19S_0062_Wat,231.0298777
39,Sample_S19S_0062_Wat,231.051012
38,Sample_S19S_0062_Wat,231.0873835
44,Sample_S19S_0062_Wat,233.0091463
41,Sample_S19S_0062_Wat,233.0455307
39,Sample_S19S_0062_Wat,233.0819208
9,Sample_S19S_0062_Wat,233.1546845
46,Sample_S19S_0062_Wat,235.0247912
55,Sample_S19S_0062_Wat,235.0611873
41,Sample_S19S_0062_Wat,235.0975749
39,Sample_S19S_0062_Wat,237.0040579
52,Sample_S19S_0062_Wat,237.0404421
62,Sample_S19S_0062_Wat,237.0768351
40,Sample_S19S_0062_Wat,237.1132227
69,Sample_S19S_0062_Wat,239.0197221
89,Sample_S19S_0062_Wat,239.0561117
8,Sample_S19S_0062_Wat,239.0673352
83,Sample_S19S_0062_Wat,239.092497
43,Sample_S19S_0062_Wat,239.1288753
79,Sample_S19S_0062_Wat,241.03537
48,Sample_S19S_0062_Wat,241.0717422
28,Sample_S19S_0062_Wat,241.1081087
40,Sample_S19S_0062_Wat,242.0670034
10,Sample_S19S_0062_Wat,242.139775
2,Sample_S19S_0062_Wat,242.1761465
78,Sample_S19S_0062_Wat,243.0510224
39,Sample_S19S_0062_Wat,243.0873816
16,Sample_S19S_0062_Wat,243.1237626
73,Sample_S19S_0062_Wat,245.0455587
6,Sample_S19S_0062_Wat,245.0489119
82,Sample_S19S_0062_Wat,245.0666847
48,Sample_S19S_0062_Wat,245.0819342
62,Sample_S19S_0062_Wat,245.1030642
48,Sample_S19S_0062_Wat,247.024801
70,Sample_S19S_0062_Wat,247.0612011
68,Sample_S19S_0062_Wat,247.0975945
48,Sample_S19S_0062_Wat,249.0040636
81,Sample_S19S_0062_Wat,249.0404675
83,Sample_S19S_0062_Wat,249.0768527
37,Sample_S19S_0062_Wat,249.1132224
36,Sample_S19S_0062_Wat,249.1496147
79,Sample_S19S_0062_Wat,251.0197332
73,Sample_S19S_0062_Wat,251.0560986
107,Sample_S19S_0062_Wat,251.0925063
40,Sample_S19S_0062_Wat,251.1289035
38,Sample_S19S_0062_Wat,252.0513612
57,Sample_S19S_0062_Wat,252.9989785
99,Sample_S19S_0062_Wat,253.0353983
114,Sample_S19S_0062_Wat,253.0717756
41,Sample_S19S_0062_Wat,253.1081345
42,Sample_S19S_0062_Wat,253.1445337
34,Sample_S19S_0062_Wat,254.0670222
63,Sample_S19S_0062_Wat,255.0146298
97,Sample_S19S_0062_Wat,255.0510433
107,Sample_S19S_0062_Wat,255.0874163
36,Sample_S19S_0062_Wat,255.1237776
81,Sample_S19S_0062_Wat,257.030304
57,Sample_S19S_0062_Wat,257.0455598
101,Sample_S19S_0062_Wat,257.0666765
59,Sample_S19S_0062_Wat,257.1030521
45,Sample_S19S_0062_Wat,257.1394516
38,Sample_S19S_0062_Wat,258.0619166
53,Sample_S19S_0062_Wat,259.0248281
85,Sample_S19S_0062_Wat,259.0459547
65,Sample_S19S_0062_Wat,259.0612028
82,Sample_S19S_0062_Wat,259.0823405
58,Sample_S19S_0062_Wat,259.1187072
43,Sample_S19S_0062_Wat,261.0040785
67,Sample_S19S_0062_Wat,261.040468
66,Sample_S19S_0062_Wat,261.061588
88,Sample_S19S_0062_Wat,261.0768598
56,Sample_S19S_0062_Wat,261.1132477
29,Sample_S19S_0062_Wat,262.0357323
35,Sample_S19S_0062_Wat,262.0721008
52,Sample_S19S_0062_Wat,263.019721
86,Sample_S19S_0062_Wat,263.0561329
48,Sample_S19S_0062_Wat,263.0924815
38,Sample_S19S_0062_Wat,263.128908
40,Sample_S19S_0062_Wat,264.087752
61,Sample_S19S_0062_Wat,264.9989861
92,Sample_S19S_0062_Wat,265.0353938
84,Sample_S19S_0062_Wat,265.0717855
94,Sample_S19S_0062_Wat,265.1081545
30,Sample_S19S_0062_Wat,265.1445692
2,Sample_S19S_0062_Wat,265.1479151
49,Sample_S19S_0062_Wat,266.0670361
80,Sample_S19S_0062_Wat,267.0146829
117,Sample_S19S_0062_Wat,267.0510336
99,Sample_S19S_0062_Wat,267.0874299
80,Sample_S19S_0062_Wat,267.123805
33,Sample_S19S_0062_Wat,267.1601848
50,Sample_S19S_0062_Wat,268.0462977
49,Sample_S19S_0062_Wat,268.08266
83,Sample_S19S_0062_Wat,269.0303205
113,Sample_S19S_0062_Wat,269.0666802
97,Sample_S19S_0062_Wat,269.1030627
44,Sample_S19S_0062_Wat,269.1394657
48,Sample_S19S_0062_Wat,270.0619439
43,Sample_S19S_0062_Wat,270.0983057
38,Sample_S19S_0062_Wat,271.0248117
81,Sample_S19S_0062_Wat,271.0459737
94,Sample_S19S_0062_Wat,271.0823212
78,Sample_S19S_0062_Wat,271.118718
40,Sample_S19S_0062_Wat,272.0775888
65,Sample_S19S_0062_Wat,273.0252099
61,Sample_S19S_0062_Wat,273.040478
77,Sample_S19S_0062_Wat,273.061591
73,Sample_S19S_0062_Wat,273.0768603
75,Sample_S19S_0062_Wat,273.0979879
30,Sample_S19S_0062_Wat,273.1343844
67,Sample_S19S_0062_Wat,275.0197425
76,Sample_S19S_0062_Wat,275.0561155
78,Sample_S19S_0062_Wat,275.0772487
75,Sample_S19S_0062_Wat,275.0925149
63,Sample_S19S_0062_Wat,275.1136274
50,Sample_S19S_0062_Wat,275.1288873
35,Sample_S19S_0062_Wat,276.0513913
66,Sample_S19S_0062_Wat,276.9990278
94,Sample_S19S_0062_Wat,277.0354157
90,Sample_S19S_0062_Wat,277.0717892
83,Sample_S19S_0062_Wat,277.1081544
51,Sample_S19S_0062_Wat,277.1445377
34,Sample_S19S_0062_Wat,278.0306345
43,Sample_S19S_0062_Wat,278.0670289
35,Sample_S19S_0062_Wat,278.1034322
50,Sample_S19S_0062_Wat,279.0146331
95,Sample_S19S_0062_Wat,279.0510516
62,Sample_S19S_0062_Wat,279.0874539
55,Sample_S19S_0062_Wat,279.1238221
3,Sample_S19S_0062_Wat,279.1635618
49,Sample_S19S_0062_Wat,280.0463018
52,Sample_S19S_0062_Wat,280.0826921
92,Sample_S19S_0062_Wat,281.0303339
116,Sample_S19S_0062_Wat,281.0666829
19,Sample_S19S_0062_Wat,281.0779309
68,Sample_S19S_0062_Wat,281.1030502
67,Sample_S19S_0062_Wat,281.1394597
39,Sample_S19S_0062_Wat,282.0983548
77,Sample_S19S_0062_Wat,283.0095898
115,Sample_S19S_0062_Wat,283.0459554
77,Sample_S19S_0062_Wat,283.0823169
11,Sample_S19S_0062_Wat,283.0935869
102,Sample_S19S_0062_Wat,283.118715
32,Sample_S19S_0062_Wat,283.1551309
41,Sample_S19S_0062_Wat,284.0412345
55,Sample_S19S_0062_Wat,284.0776208
77,Sample_S19S_0062_Wat,285.025228
47,Sample_S19S_0062_Wat,285.0404866
82,Sample_S19S_0062_Wat,285.0616357
50,Sample_S19S_0062_Wat,285.0768513
40,Sample_S19S_0062_Wat,285.0980306
50,Sample_S19S_0062_Wat,285.1343948
37,Sample_S19S_0062_Wat,286.0568589
41,Sample_S19S_0062_Wat,286.0932539
59,Sample_S19S_0062_Wat,287.0197477
68,Sample_S19S_0062_Wat,287.0408776
63,Sample_S19S_0062_Wat,287.0561351
85,Sample_S19S_0062_Wat,287.0772537
60,Sample_S19S_0062_Wat,287.0925228
82,Sample_S19S_0062_Wat,287.1136282
48,Sample_S19S_0062_Wat,287.150015
36,Sample_S19S_0062_Wat,288.0513962
76,Sample_S19S_0062_Wat,289.0354029
73,Sample_S19S_0062_Wat,289.0565242
96,Sample_S19S_0062_Wat,289.0717704
69,Sample_S19S_0062_Wat,289.0929075
60,Sample_S19S_0062_Wat,289.1081489
58,Sample_S19S_0062_Wat,289.1292776
9,Sample_S19S_0062_Wat,290.0305978
11,Sample_S19S_0062_Wat,290.0882083
71,Sample_S19S_0062_Wat,291.0146759
93,Sample_S19S_0062_Wat,291.0510416
82,Sample_S19S_0062_Wat,291.0874132
12,Sample_S19S_0062_Wat,291.0986884
65,Sample_S19S_0062_Wat,291.1237966
32,Sample_S19S_0062_Wat,292.0462633
55,Sample_S19S_0062_Wat,292.9939323
91,Sample_S19S_0062_Wat,293.0303357
94,Sample_S19S_0062_Wat,293.0667099
17,Sample_S19S_0062_Wat,293.0779374
103,Sample_S19S_0062_Wat,293.1030793
73,Sample_S19S_0062_Wat,293.1394564
10,Sample_S19S_0062_Wat,293.1757942
1,Sample_S19S_0062_Wat,293.179192
16,Sample_S19S_0062_Wat,294.0255165
42,Sample_S19S_0062_Wat,294.0619153
46,Sample_S19S_0062_Wat,294.098304
57,Sample_S19S_0062_Wat,295.0095496
92,Sample_S19S_0062_Wat,295.0459444
14,Sample_S19S_0062_Wat,295.0572284
120,Sample_S19S_0062_Wat,295.0823376
6,Sample_S19S_0062_Wat,295.093638
109,Sample_S19S_0062_Wat,295.1187213
53,Sample_S19S_0062_Wat,295.1550986
36,Sample_S19S_0062_Wat,296.0411763
45,Sample_S19S_0062_Wat,296.0775656
33,Sample_S19S_0062_Wat,296.1139469
90,Sample_S19S_0062_Wat,297.025237
99,Sample_S19S_0062_Wat,297.0616262
67,Sample_S19S_0062_Wat,297.0980154
40,Sample_S19S_0062_Wat,297.1344063
2,Sample_S19S_0062_Wat,297.1529844
18,Sample_S19S_0062_Wat,297.1707937
57,Sample_S19S_0062_Wat,298.0568737
53,Sample_S19S_0062_Wat,298.0932671
38,Sample_S19S_0062_Wat,299.0197546
80,Sample_S19S_0062_Wat,299.0408894
102,Sample_S19S_0062_Wat,299.0772616
81,Sample_S19S_0062_Wat,299.1136455
62,Sample_S19S_0062_Wat,299.1500243
48,Sample_S19S_0062_Wat,300.0725
37,Sample_S19S_0062_Wat,300.1089049
64,Sample_S19S_0062_Wat,301.0201601
63,Sample_S19S_0062_Wat,301.0353903
75,Sample_S19S_0062_Wat,301.0565488
51,Sample_S19S_0062_Wat,301.071792
63,Sample_S19S_0062_Wat,301.092932
33,Sample_S19S_0062_Wat,301.1081829
46,Sample_S19S_0062_Wat,301.129318
30,Sample_S19S_0062_Wat,301.1656955
29,Sample_S19S_0062_Wat,302.0306578
37,Sample_S19S_0062_Wat,302.0670162
30,Sample_S19S_0062_Wat,302.0881947
21,Sample_S19S_0062_Wat,302.1245742
59,Sample_S19S_0062_Wat,303.0146906
58,Sample_S19S_0062_Wat,303.0357821
74,Sample_S19S_0062_Wat,303.0510433
78,Sample_S19S_0062_Wat,303.0721573
67,Sample_S19S_0062_Wat,303.0874395
84,Sample_S19S_0062_Wat,303.1085414
56,Sample_S19S_0062_Wat,303.1238249
50,Sample_S19S_0062_Wat,303.1449308
39,Sample_S19S_0062_Wat,304.0462877
25,Sample_S19S_0062_Wat,304.0674332
42,Sample_S19S_0062_Wat,304.0826613
26,Sample_S19S_0062_Wat,304.1038383
88,Sample_S19S_0062_Wat,305.0303157
101,Sample_S19S_0062_Wat,305.0666877
8,Sample_S19S_0062_Wat,305.0779953
40,Sample_S19S_0062_Wat,305.087829
79,Sample_S19S_0062_Wat,305.1030852
57,Sample_S19S_0062_Wat,305.1394662
52,Sample_S19S_0062_Wat,306.0983427
54,Sample_S19S_0062_Wat,307.0095853
107,Sample_S19S_0062_Wat,307.0459779
9,Sample_S19S_0062_Wat,307.0572343
68,Sample_S19S_0062_Wat,307.0823737
20,Sample_S19S_0062_Wat,307.0936059
49,Sample_S19S_0062_Wat,307.1187572
35,Sample_S19S_0062_Wat,307.1551342
62,Sample_S19S_0062_Wat,308.0412303
58,Sample_S19S_0062_Wat,308.0775973
44,Sample_S19S_0062_Wat,308.1139545
93,Sample_S19S_0062_Wat,309.0252469
118,Sample_S19S_0062_Wat,309.0616036
18,Sample_S19S_0062_Wat,309.0728691
109,Sample_S19S_0062_Wat,309.0979773
86,Sample_S19S_0062_Wat,309.1343649
36,Sample_S19S_0062_Wat,309.1707647
3,Sample_S19S_0062_Wat,309.1741269
55,Sample_S19S_0062_Wat,310.0568411
51,Sample_S19S_0062_Wat,310.0932206
71,Sample_S19S_0062_Wat,311.0045073
99,Sample_S19S_0062_Wat,311.0408991
101,Sample_S19S_0062_Wat,311.0772659
21,Sample_S19S_0062_Wat,311.0885065
129,Sample_S19S_0062_Wat,311.1136352
68,Sample_S19S_0062_Wat,311.1500195
37,Sample_S19S_0062_Wat,312.0361043
57,Sample_S19S_0062_Wat,312.0725103
64,Sample_S19S_0062_Wat,313.0201379
40,Sample_S19S_0062_Wat,313.0353909
86,Sample_S19S_0062_Wat,313.0565398
34,Sample_S19S_0062_Wat,313.071764
82,Sample_S19S_0062_Wat,313.0929245
67,Sample_S19S_0062_Wat,313.1293014
57,Sample_S19S_0062_Wat,314.0517902
64,Sample_S19S_0062_Wat,314.0881771
41,Sample_S19S_0062_Wat,314.1245573
53,Sample_S19S_0062_Wat,315.0146824
72,Sample_S19S_0062_Wat,315.035781
65,Sample_S19S_0062_Wat,315.0510397
21,Sample_S19S_0062_Wat,315.0544106
76,Sample_S19S_0062_Wat,315.0721791
33,Sample_S19S_0062_Wat,315.0873994
61,Sample_S19S_0062_Wat,315.1085755
55,Sample_S19S_0062_Wat,315.1238052
44,Sample_S19S_0062_Wat,315.1449559
40,Sample_S19S_0062_Wat,316.0463145
35,Sample_S19S_0062_Wat,316.0674166
46,Sample_S19S_0062_Wat,316.1038062
73,Sample_S19S_0062_Wat,317.0303382
69,Sample_S19S_0062_Wat,317.0514233
80,Sample_S19S_0062_Wat,317.0666936
13,Sample_S19S_0062_Wat,317.0700656
88,Sample_S19S_0062_Wat,317.0878157
57,Sample_S19S_0062_Wat,317.1030588
44,Sample_S19S_0062_Wat,317.124227
59,Sample_S19S_0062_Wat,317.1394552
30,Sample_S19S_0062_Wat,317.1606071
24,Sample_S19S_0062_Wat,318.0255948
52,Sample_S19S_0062_Wat,318.0619419
18,Sample_S19S_0062_Wat,318.0831173
18,Sample_S19S_0062_Wat,318.1194966
51,Sample_S19S_0062_Wat,319.009608
28,Sample_S19S_0062_Wat,319.0460069
42,Sample_S19S_0062_Wat,319.0670953
79,Sample_S19S_0062_Wat,319.0823624
17,Sample_S19S_0062_Wat,319.0857041
35,Sample_S19S_0062_Wat,319.103481
84,Sample_S19S_0062_Wat,319.1187158
50,Sample_S19S_0062_Wat,319.1551015
52,Sample_S19S_0062_Wat,320.0412195
6,Sample_S19S_0062_Wat,320.0623999
47,Sample_S19S_0062_Wat,320.0776287
18,Sample_S19S_0062_Wat,320.0987676
18,Sample_S19S_0062_Wat,320.1140206
14,Sample_S19S_0062_Wat,320.1351354
81,Sample_S19S_0062_Wat,321.0252313
79,Sample_S19S_0062_Wat,321.0616406
11,Sample_S19S_0062_Wat,321.0728956
47,Sample_S19S_0062_Wat,321.0980285
3,Sample_S19S_0062_Wat,321.1093021
68,Sample_S19S_0062_Wat,321.1343949
35,Sample_S19S_0062_Wat,321.1707672
65,Sample_S19S_0062_Wat,322.0568903
64,Sample_S19S_0062_Wat,322.0932669
59,Sample_S19S_0062_Wat,323.0044879
83,Sample_S19S_0062_Wat,323.0408542
9,Sample_S19S_0062_Wat,323.0521494
110,Sample_S19S_0062_Wat,323.0772527
22,Sample_S19S_0062_Wat,323.0884973
60,Sample_S19S_0062_Wat,323.1136726
52,Sample_S19S_0062_Wat,323.1500462
55,Sample_S19S_0062_Wat,324.0361498
61,Sample_S19S_0062_Wat,324.0725027
54,Sample_S19S_0062_Wat,324.108871
23,Sample_S19S_0062_Wat,325.0201894
98,Sample_S19S_0062_Wat,325.0565425
7,Sample_S19S_0062_Wat,325.0678176
116,Sample_S19S_0062_Wat,325.0928926
25,Sample_S19S_0062_Wat,325.1041654
76,Sample_S19S_0062_Wat,325.1292996
34,Sample_S19S_0062_Wat,325.1657004
1,Sample_S19S_0062_Wat,325.1842438
49,Sample_S19S_0062_Wat,326.0518083
64,Sample_S19S_0062_Wat,326.0881656
49,Sample_S19S_0062_Wat,326.1245662
37,Sample_S19S_0062_Wat,327.0146798
79,Sample_S19S_0062_Wat,327.035782
47,Sample_S19S_0062_Wat,327.0510536
81,Sample_S19S_0062_Wat,327.0722018
25,Sample_S19S_0062_Wat,327.0834311
52,Sample_S19S_0062_Wat,327.0874372
6,Sample_S19S_0062_Wat,327.090737
75,Sample_S19S_0062_Wat,327.1085831
4,Sample_S19S_0062_Wat,327.1198419
64,Sample_S19S_0062_Wat,327.1449492
47,Sample_S19S_0062_Wat,328.067419
57,Sample_S19S_0062_Wat,328.1037984
58,Sample_S19S_0062_Wat,329.0303285
50,Sample_S19S_0062_Wat,329.0514722
30,Sample_S19S_0062_Wat,329.0667319
20,Sample_S19S_0062_Wat,329.0700573
104,Sample_S19S_0062_Wat,329.0878075
53,Sample_S19S_0062_Wat,329.1030905
13,Sample_S19S_0062_Wat,329.1064332
60,Sample_S19S_0062_Wat,329.1242163
1,Sample_S19S_0062_Wat,329.152419
49,Sample_S19S_0062_Wat,329.1605843
36,Sample_S19S_0062_Wat,330.0619755
28,Sample_S19S_0062_Wat,330.0831155
43,Sample_S19S_0062_Wat,330.1194763
37,Sample_S19S_0062_Wat,331.0095615
56,Sample_S19S_0062_Wat,331.0307044
51,Sample_S19S_0062_Wat,331.0459941
13,Sample_S19S_0062_Wat,331.0493372
66,Sample_S19S_0062_Wat,331.0670688
68,Sample_S19S_0062_Wat,331.0823608
18,Sample_S19S_0062_Wat,331.0857029
49,Sample_S19S_0062_Wat,331.1034998
70,Sample_S19S_0062_Wat,331.1187275
4,Sample_S19S_0062_Wat,331.122066
22,Sample_S19S_0062_Wat,331.1399002
15,Sample_S19S_0062_Wat,331.155166
42,Sample_S19S_0062_Wat,332.0412408
57,Sample_S19S_0062_Wat,332.0775831
39,Sample_S19S_0062_Wat,332.0987468
38,Sample_S19S_0062_Wat,332.1139958
35,Sample_S19S_0062_Wat,333.0252702
38,Sample_S19S_0062_Wat,333.0463704
46,Sample_S19S_0062_Wat,333.0616512
2,Sample_S19S_0062_Wat,333.0650225
42,Sample_S19S_0062_Wat,333.08277
82,Sample_S19S_0062_Wat,333.0980074
11,Sample_S19S_0062_Wat,333.1191757
37,Sample_S19S_0062_Wat,333.1344131
25,Sample_S19S_0062_Wat,333.1707943
63,Sample_S19S_0062_Wat,334.0568812
21,Sample_S19S_0062_Wat,334.0780188
44,Sample_S19S_0062_Wat,334.0932769
9,Sample_S19S_0062_Wat,334.1144217
49,Sample_S19S_0062_Wat,335.004499
60,Sample_S19S_0062_Wat,335.0409093
4,Sample_S19S_0062_Wat,335.0521847
93,Sample_S19S_0062_Wat,335.0772597
54,Sample_S19S_0062_Wat,335.1136067
58,Sample_S19S_0062_Wat,335.150042
28,Sample_S19S_0062_Wat,335.1864245
25,Sample_S19S_0062_Wat,336.0361684
33,Sample_S19S_0062_Wat,336.0725571
1,Sample_S19S_0062_Wat,336.0937181
59,Sample_S19S_0062_Wat,336.1089144
1,Sample_S19S_0062_Wat,336.1301036
74,Sample_S19S_0062_Wat,337.0201415
64,Sample_S19S_0062_Wat,337.0564852
19,Sample_S19S_0062_Wat,337.0677837
17,Sample_S19S_0062_Wat,337.0695448
109,Sample_S19S_0062_Wat,337.0929176
9,Sample_S19S_0062_Wat,337.1041904
101,Sample_S19S_0062_Wat,337.1292866
50,Sample_S19S_0062_Wat,337.1656867
16,Sample_S19S_0062_Wat,338.0518396
72,Sample_S19S_0062_Wat,338.0881798
43,Sample_S19S_0062_Wat,338.1245766
77,Sample_S19S_0062_Wat,339.0357996
117,Sample_S19S_0062_Wat,339.0721726
7,Sample_S19S_0062_Wat,339.0834699
117,Sample_S19S_0062_Wat,339.1085453
24,Sample_S19S_0062_Wat,339.1198231
35,Sample_S19S_0062_Wat,339.1449816
33,Sample_S19S_0062_Wat,339.1813533
21,Sample_S19S_0062_Wat,340.0674792
57,Sample_S19S_0062_Wat,340.1038147
64,Sample_S19S_0062_Wat,341.0150623
29,Sample_S19S_0062_Wat,341.0302897
80,Sample_S19S_0062_Wat,341.0514621
33,Sample_S19S_0062_Wat,341.0667303
10,Sample_S19S_0062_Wat,341.0700215
115,Sample_S19S_0062_Wat,341.0878109
18,Sample_S19S_0062_Wat,341.0990914
26,Sample_S19S_0062_Wat,341.1031062
37,Sample_S19S_0062_Wat,341.12425
45,Sample_S19S_0062_Wat,341.1606173
45,Sample_S19S_0062_Wat,342.0467143
15,Sample_S19S_0062_Wat,342.0619966
56,Sample_S19S_0062_Wat,342.0830768
44,Sample_S19S_0062_Wat,342.1194926
25,Sample_S19S_0062_Wat,343.0096148
63,Sample_S19S_0062_Wat,343.0307124
49,Sample_S19S_0062_Wat,343.0459579
8,Sample_S19S_0062_Wat,343.0492868
59,Sample_S19S_0062_Wat,343.067113
21,Sample_S19S_0062_Wat,343.0823925
18,Sample_S19S_0062_Wat,343.0857039
102,Sample_S19S_0062_Wat,343.1034685
39,Sample_S19S_0062_Wat,343.1187422
17,Sample_S19S_0062_Wat,343.1399075
27,Sample_S19S_0062_Wat,343.1551386
33,Sample_S19S_0062_Wat,343.1762631
25,Sample_S19S_0062_Wat,344.0412523
47,Sample_S19S_0062_Wat,344.0623517
36,Sample_S19S_0062_Wat,344.0987606
63,Sample_S19S_0062_Wat,345.0252491
54,Sample_S19S_0062_Wat,345.0463327
74,Sample_S19S_0062_Wat,345.0616254
15,Sample_S19S_0062_Wat,345.0649742
57,Sample_S19S_0062_Wat,345.0827674
64,Sample_S19S_0062_Wat,345.0980089
7,Sample_S19S_0062_Wat,345.1013399
52,Sample_S19S_0062_Wat,345.1191373
23,Sample_S19S_0062_Wat,345.1344288
28,Sample_S19S_0062_Wat,345.1555412
36,Sample_S19S_0062_Wat,345.170772
29,Sample_S19S_0062_Wat,346.0204903
36,Sample_S19S_0062_Wat,346.0569005
32,Sample_S19S_0062_Wat,346.07802
52,Sample_S19S_0062_Wat,346.0932318
36,Sample_S19S_0062_Wat,346.1143644
14,Sample_S19S_0062_Wat,346.1507606
1,Sample_S19S_0062_Wat,346.2154294
54,Sample_S19S_0062_Wat,347.0045152
75,Sample_S19S_0062_Wat,347.0408756
40,Sample_S19S_0062_Wat,347.0620279
97,Sample_S19S_0062_Wat,347.0772564
8,Sample_S19S_0062_Wat,347.0805924
25,Sample_S19S_0062_Wat,347.0903002
63,Sample_S19S_0062_Wat,347.0983726
44,Sample_S19S_0062_Wat,347.1136821
15,Sample_S19S_0062_Wat,347.1170036
23,Sample_S19S_0062_Wat,347.1348045
65,Sample_S19S_0062_Wat,347.1500262
12,Sample_S19S_0062_Wat,347.1864695
40,Sample_S19S_0062_Wat,348.0361356
31,Sample_S19S_0062_Wat,348.0725611
61,Sample_S19S_0062_Wat,348.1089104
8,Sample_S19S_0062_Wat,348.1300774
1,Sample_S19S_0062_Wat,348.231087
71,Sample_S19S_0062_Wat,349.0201636
23,Sample_S19S_0062_Wat,349.0564693
80,Sample_S19S_0062_Wat,349.0929209
6,Sample_S19S_0062_Wat,349.0962266
22,Sample_S19S_0062_Wat,349.1059291
79,Sample_S19S_0062_Wat,349.129303
57,Sample_S19S_0062_Wat,349.1656793
13,Sample_S19S_0062_Wat,349.2021049
19,Sample_S19S_0062_Wat,350.0518357
17,Sample_S19S_0062_Wat,350.072928
77,Sample_S19S_0062_Wat,350.0881844
21,Sample_S19S_0062_Wat,350.1245924
79,Sample_S19S_0062_Wat,351.0357871
84,Sample_S19S_0062_Wat,351.0721501
46,Sample_S19S_0062_Wat,351.1085115
25,Sample_S19S_0062_Wat,351.121581
48,Sample_S19S_0062_Wat,351.1449775
37,Sample_S19S_0062_Wat,351.1813076
30,Sample_S19S_0062_Wat,352.0310225
30,Sample_S19S_0062_Wat,352.0674721
57,Sample_S19S_0062_Wat,352.1038206
28,Sample_S19S_0062_Wat,352.140233
65,Sample_S19S_0062_Wat,353.0150696
54,Sample_S19S_0062_Wat,353.0514753
114,Sample_S19S_0062_Wat,353.0878166
14,Sample_S19S_0062_Wat,353.0990962
79,Sample_S19S_0062_Wat,353.124233
44,Sample_S19S_0062_Wat,353.1605629
27,Sample_S19S_0062_Wat,353.1970034
2,Sample_S19S_0062_Wat,353.2003494
51,Sample_S19S_0062_Wat,354.0467104
64,Sample_S19S_0062_Wat,354.0830704
52,Sample_S19S_0062_Wat,354.1194893
38,Sample_S19S_0062_Wat,354.1558443
28,Sample_S19S_0062_Wat,355.0096063
65,Sample_S19S_0062_Wat,355.0306981
41,Sample_S19S_0062_Wat,355.0459559
77,Sample_S19S_0062_Wat,355.0671162
2,Sample_S19S_0062_Wat,355.0784081
6,Sample_S19S_0062_Wat,355.0824171
102,Sample_S19S_0062_Wat,355.1034699
28,Sample_S19S_0062_Wat,355.1147135
23,Sample_S19S_0062_Wat,355.1399086
39,Sample_S19S_0062_Wat,355.1762476
66,Sample_S19S_0062_Wat,356.0623586
27,Sample_S19S_0062_Wat,356.0987693
44,Sample_S19S_0062_Wat,356.1350838
33,Sample_S19S_0062_Wat,357.0251986
60,Sample_S19S_0062_Wat,357.046323
55,Sample_S19S_0062_Wat,357.061636
3,Sample_S19S_0062_Wat,357.0649448
92,Sample_S19S_0062_Wat,357.0827228
50,Sample_S19S_0062_Wat,357.0979761
24,Sample_S19S_0062_Wat,357.1110353
98,Sample_S19S_0062_Wat,357.1191097
32,Sample_S19S_0062_Wat,357.134414
64,Sample_S19S_0062_Wat,357.1554992
48,Sample_S19S_0062_Wat,358.0568909
50,Sample_S19S_0062_Wat,358.077999
47,Sample_S19S_0062_Wat,358.0932734
14,Sample_S19S_0062_Wat,358.1507103
50,Sample_S19S_0062_Wat,359.0045133
12,Sample_S19S_0062_Wat,359.0256737
23,Sample_S19S_0062_Wat,359.0409252
13,Sample_S19S_0062_Wat,359.0442657
66,Sample_S19S_0062_Wat,359.0619959
62,Sample_S19S_0062_Wat,359.077285
22,Sample_S19S_0062_Wat,359.0806207
35,Sample_S19S_0062_Wat,359.0984239
3,Sample_S19S_0062_Wat,359.1169502
47,Sample_S19S_0062_Wat,359.1347452
61,Sample_S19S_0062_Wat,359.1500213
32,Sample_S19S_0062_Wat,359.1711775
47,Sample_S19S_0062_Wat,360.0361542
30,Sample_S19S_0062_Wat,360.093678
46,Sample_S19S_0062_Wat,360.108919
2,Sample_S19S_0062_Wat,360.1299489
54,Sample_S19S_0062_Wat,361.0201475
51,Sample_S19S_0062_Wat,361.0412698
57,Sample_S19S_0062_Wat,361.056505
9,Sample_S19S_0062_Wat,361.0598496
19,Sample_S19S_0062_Wat,361.069538
39,Sample_S19S_0062_Wat,361.077621
77,Sample_S19S_0062_Wat,361.0929312
19,Sample_S19S_0062_Wat,361.0962708
43,Sample_S19S_0062_Wat,361.1140532
94,Sample_S19S_0062_Wat,361.1292859
27,Sample_S19S_0062_Wat,361.1423317
49,Sample_S19S_0062_Wat,361.1504109
40,Sample_S19S_0062_Wat,361.1657046
66,Sample_S19S_0062_Wat,362.0881611
15,Sample_S19S_0062_Wat,362.1093336
6,Sample_S19S_0062_Wat,362.1246138
72,Sample_S19S_0062_Wat,363.0357881
51,Sample_S19S_0062_Wat,363.0722122
7,Sample_S19S_0062_Wat,363.0755589
90,Sample_S19S_0062_Wat,363.108539
2,Sample_S19S_0062_Wat,363.1118361
20,Sample_S19S_0062_Wat,363.1215932
37,Sample_S19S_0062_Wat,363.1449786
22,Sample_S19S_0062_Wat,363.1812892
45,Sample_S19S_0062_Wat,364.0310639
55,Sample_S19S_0062_Wat,364.0674047
17,Sample_S19S_0062_Wat,364.0885367
64,Sample_S19S_0062_Wat,364.1038292
55,Sample_S19S_0062_Wat,364.1401707
63,Sample_S19S_0062_Wat,365.015069
29,Sample_S19S_0062_Wat,365.0513776
13,Sample_S19S_0062_Wat,365.0644569
96,Sample_S19S_0062_Wat,365.0878382
25,Sample_S19S_0062_Wat,365.1008669
45,Sample_S19S_0062_Wat,365.1241727
16,Sample_S19S_0062_Wat,365.137244
22,Sample_S19S_0062_Wat,365.1606438
33,Sample_S19S_0062_Wat,365.1969623
75,Sample_S19S_0062_Wat,366.0830912
61,Sample_S19S_0062_Wat,366.1194629
65,Sample_S19S_0062_Wat,367.0306865
101,Sample_S19S_0062_Wat,367.0671094
3,Sample_S19S_0062_Wat,367.0784012
115,Sample_S19S_0062_Wat,367.1034613
15,Sample_S19S_0062_Wat,367.1147643
15,Sample_S19S_0062_Wat,367.1399195
45,Sample_S19S_0062_Wat,367.1762158
22,Sample_S19S_0062_Wat,368.0623951
77,Sample_S19S_0062_Wat,368.0987097
52,Sample_S19S_0062_Wat,368.1351331
54,Sample_S19S_0062_Wat,369.0099679
20,Sample_S19S_0062_Wat,369.0252119
53,Sample_S19S_0062_Wat,369.0463181
51,Sample_S19S_0062_Wat,369.061629
86,Sample_S19S_0062_Wat,369.0827443
23,Sample_S19S_0062_Wat,369.111039
28,Sample_S19S_0062_Wat,369.1190631
57,Sample_S19S_0062_Wat,369.1555194
11,Sample_S19S_0062_Wat,369.1837969
13,Sample_S19S_0062_Wat,369.1918398
59,Sample_S19S_0062_Wat,370.0779692
36,Sample_S19S_0062_Wat,370.1507341
26,Sample_S19S_0062_Wat,371.0255725
43,Sample_S19S_0062_Wat,371.0408802
77,Sample_S19S_0062_Wat,371.0620102
5,Sample_S19S_0062_Wat,371.0805043
21,Sample_S19S_0062_Wat,371.0902981
47,Sample_S19S_0062_Wat,371.0983408
45,Sample_S19S_0062_Wat,371.1136558
58,Sample_S19S_0062_Wat,371.1347918
44,Sample_S19S_0062_Wat,371.171134
35,Sample_S19S_0062_Wat,372.0572277
46,Sample_S19S_0062_Wat,372.0725108
54,Sample_S19S_0062_Wat,372.1300076
30,Sample_S19S_0062_Wat,372.1663973
35,Sample_S19S_0062_Wat,373.0201141
6,Sample_S19S_0062_Wat,373.0331394
47,Sample_S19S_0062_Wat,373.0412407
71,Sample_S19S_0062_Wat,373.0565482
7,Sample_S19S_0062_Wat,373.0599109
36,Sample_S19S_0062_Wat,373.0776886
46,Sample_S19S_0062_Wat,373.09294
10,Sample_S19S_0062_Wat,373.0962346
29,Sample_S19S_0062_Wat,373.1059583
57,Sample_S19S_0062_Wat,373.1140108
15,Sample_S19S_0062_Wat,373.1504711
16,Sample_S19S_0062_Wat,373.1657318
7,Sample_S19S_0062_Wat,374.0729636
14,Sample_S19S_0062_Wat,374.1245961
13,Sample_S19S_0062_Wat,374.9994641
30,Sample_S19S_0062_Wat,375.0358416
20,Sample_S19S_0062_Wat,375.0569615
75,Sample_S19S_0062_Wat,375.0721973
18,Sample_S19S_0062_Wat,375.0755416
27,Sample_S19S_0062_Wat,375.0852221
43,Sample_S19S_0062_Wat,375.0932745
6,Sample_S19S_0062_Wat,375.1118457
32,Sample_S19S_0062_Wat,375.1297066
77,Sample_S19S_0062_Wat,375.1449442
25,Sample_S19S_0062_Wat,375.1579842
26,Sample_S19S_0062_Wat,375.1812892
25,Sample_S19S_0062_Wat,376.031082
56,Sample_S19S_0062_Wat,376.0674564
26,Sample_S19S_0062_Wat,376.1249335
38,Sample_S19S_0062_Wat,377.0150486
84,Sample_S19S_0062_Wat,377.0514538
10,Sample_S19S_0062_Wat,377.0548048
66,Sample_S19S_0062_Wat,377.0877952
6,Sample_S19S_0062_Wat,377.0911145
20,Sample_S19S_0062_Wat,377.100823
98,Sample_S19S_0062_Wat,377.1241915
27,Sample_S19S_0062_Wat,377.1372608
54,Sample_S19S_0062_Wat,377.1606102
18,Sample_S19S_0062_Wat,377.1735945
18,Sample_S19S_0062_Wat,377.1969233
22,Sample_S19S_0062_Wat,378.0466478
57,Sample_S19S_0062_Wat,378.0831073
71,Sample_S19S_0062_Wat,378.1194361
51,Sample_S19S_0062_Wat,378.1558494
71,Sample_S19S_0062_Wat,379.0307221
30,Sample_S19S_0062_Wat,379.0670295
20,Sample_S19S_0062_Wat,379.0800689
114,Sample_S19S_0062_Wat,379.1034645
26,Sample_S19S_0062_Wat,379.1165229
93,Sample_S19S_0062_Wat,379.1398402
23,Sample_S19S_0062_Wat,379.1528588
58,Sample_S19S_0062_Wat,379.1762343
10,Sample_S19S_0062_Wat,380.0259079
71,Sample_S19S_0062_Wat,380.0987084
70,Sample_S19S_0062_Wat,380.1350974
18,Sample_S19S_0062_Wat,381.0099072
74,Sample_S19S_0062_Wat,381.0463502
9,Sample_S19S_0062_Wat,381.0593318
33,Sample_S19S_0062_Wat,381.0826619
102,Sample_S19S_0062_Wat,381.1191186
21,Sample_S19S_0062_Wat,381.1321708
83,Sample_S19S_0062_Wat,381.1555031
35,Sample_S19S_0062_Wat,381.1918695
34,Sample_S19S_0062_Wat,382.0415806
63,Sample_S19S_0062_Wat,382.0779661
71,Sample_S19S_0062_Wat,382.1143936
11,Sample_S19S_0062_Wat,382.1507159
31,Sample_S19S_0062_Wat,383.0255766
12,Sample_S19S_0062_Wat,383.040804
46,Sample_S19S_0062_Wat,383.0619616
46,Sample_S19S_0062_Wat,383.0772634
105,Sample_S19S_0062_Wat,383.0983806
19,Sample_S19S_0062_Wat,383.1095949
39,Sample_S19S_0062_Wat,383.1136188
26,Sample_S19S_0062_Wat,383.1266887
35,Sample_S19S_0062_Wat,383.1347075
33,Sample_S19S_0062_Wat,383.1711132
34,Sample_S19S_0062_Wat,383.2075249
33,Sample_S19S_0062_Wat,384.0572385
62,Sample_S19S_0062_Wat,384.0936599
30,Sample_S19S_0062_Wat,384.1664077
20,Sample_S19S_0062_Wat,385.0201172
28,Sample_S19S_0062_Wat,385.0412026
43,Sample_S19S_0062_Wat,385.0564963
83,Sample_S19S_0062_Wat,385.0776412
61,Sample_S19S_0062_Wat,385.0929264
3,Sample_S19S_0062_Wat,385.0961706
38,Sample_S19S_0062_Wat,385.1139909
33,Sample_S19S_0062_Wat,385.1292595
26,Sample_S19S_0062_Wat,385.1423072
39,Sample_S19S_0062_Wat,385.1503825
30,Sample_S19S_0062_Wat,385.1868285
6,Sample_S19S_0062_Wat,386.0517072
43,Sample_S19S_0062_Wat,386.0728862
58,Sample_S19S_0062_Wat,386.0881802
52,Sample_S19S_0062_Wat,386.1093009
62,Sample_S19S_0062_Wat,387.0358113
26,Sample_S19S_0062_Wat,387.0568488
20,Sample_S19S_0062_Wat,387.0721252
6,Sample_S19S_0062_Wat,387.075423
21,Sample_S19S_0062_Wat,387.0851909
34,Sample_S19S_0062_Wat,387.0932457
82,Sample_S19S_0062_Wat,387.1085636
83,Sample_S19S_0062_Wat,387.1296791
21,Sample_S19S_0062_Wat,387.1579654
13,Sample_S19S_0062_Wat,387.1659841
13,Sample_S19S_0062_Wat,387.19436
8,Sample_S19S_0062_Wat,388.0309868
69,Sample_S19S_0062_Wat,388.0674506
36,Sample_S19S_0062_Wat,388.1037783
47,Sample_S19S_0062_Wat,388.1249219
34,Sample_S19S_0062_Wat,389.0150297
9,Sample_S19S_0062_Wat,389.0280824
29,Sample_S19S_0062_Wat,389.036144
56,Sample_S19S_0062_Wat,389.051417
5,Sample_S19S_0062_Wat,389.054731
15,Sample_S19S_0062_Wat,389.0644457
24,Sample_S19S_0062_Wat,389.0724972
80,Sample_S19S_0062_Wat,389.0878118
9,Sample_S19S_0062_Wat,389.0911204
26,Sample_S19S_0062_Wat,389.1008827
36,Sample_S19S_0062_Wat,389.108981
91,Sample_S19S_0062_Wat,389.1242045
23,Sample_S19S_0062_Wat,389.1372295
18,Sample_S19S_0062_Wat,389.1452618
26,Sample_S19S_0062_Wat,389.1605387
22,Sample_S19S_0062_Wat,389.1736085
35,Sample_S19S_0062_Wat,389.1969883
32,Sample_S19S_0062_Wat,390.0466839
81,Sample_S19S_0062_Wat,390.083092
35,Sample_S19S_0062_Wat,391.0307447
51,Sample_S19S_0062_Wat,391.0670531
7,Sample_S19S_0062_Wat,391.070384
17,Sample_S19S_0062_Wat,391.0881255
52,Sample_S19S_0062_Wat,391.1034381
3,Sample_S19S_0062_Wat,391.1066925
25,Sample_S19S_0062_Wat,391.1245591
50,Sample_S19S_0062_Wat,391.1398852
13,Sample_S19S_0062_Wat,391.1528412
34,Sample_S19S_0062_Wat,391.1762035
19,Sample_S19S_0062_Wat,392.0259958
51,Sample_S19S_0062_Wat,392.06231
14,Sample_S19S_0062_Wat,392.0834684
76,Sample_S19S_0062_Wat,392.098752
21,Sample_S19S_0062_Wat,392.1198706
59,Sample_S19S_0062_Wat,392.1351125
18,Sample_S19S_0062_Wat,393.010021
50,Sample_S19S_0062_Wat,393.0463154
13,Sample_S19S_0062_Wat,393.0593644
83,Sample_S19S_0062_Wat,393.0827628
7,Sample_S19S_0062_Wat,393.0860569
90,Sample_S19S_0062_Wat,393.1191285
24,Sample_S19S_0062_Wat,393.1321265
42,Sample_S19S_0062_Wat,393.1554711
16,Sample_S19S_0062_Wat,393.1685262
22,Sample_S19S_0062_Wat,393.1919402
35,Sample_S19S_0062_Wat,394.0415806
41,Sample_S19S_0062_Wat,394.078026
47,Sample_S19S_0062_Wat,394.1144108
39,Sample_S19S_0062_Wat,395.0255818
63,Sample_S19S_0062_Wat,395.0619708
55,Sample_S19S_0062_Wat,395.0984243
15,Sample_S19S_0062_Wat,395.1114167
114,Sample_S19S_0062_Wat,395.1347697
19,Sample_S19S_0062_Wat,395.1477706
44,Sample_S19S_0062_Wat,395.171191
13,Sample_S19S_0062_Wat,395.2075813
68,Sample_S19S_0062_Wat,396.0936653
36,Sample_S19S_0062_Wat,396.13006
52,Sample_S19S_0062_Wat,396.1664019
12,Sample_S19S_0062_Wat,397.0200883
51,Sample_S19S_0062_Wat,397.0412485
39,Sample_S19S_0062_Wat,397.0565368
34,Sample_S19S_0062_Wat,397.0775828
20,Sample_S19S_0062_Wat,397.1059758
71,Sample_S19S_0062_Wat,397.1140135
87,Sample_S19S_0062_Wat,397.1504225
23,Sample_S19S_0062_Wat,397.1867602
59,Sample_S19S_0062_Wat,398.0729329
59,Sample_S19S_0062_Wat,398.1456531
31,Sample_S19S_0062_Wat,399.0205105
13,Sample_S19S_0062_Wat,399.0356696
11,Sample_S19S_0062_Wat,399.0488349
21,Sample_S19S_0062_Wat,399.0568344
37,Sample_S19S_0062_Wat,399.0721389
2,Sample_S19S_0062_Wat,399.0753668
26,Sample_S19S_0062_Wat,399.085227
67,Sample_S19S_0062_Wat,399.0932727
23,Sample_S19S_0062_Wat,399.1086044
4,Sample_S19S_0062_Wat,399.1117451
63,Sample_S19S_0062_Wat,399.1296635
42,Sample_S19S_0062_Wat,399.1449193
15,Sample_S19S_0062_Wat,399.1579458
4,Sample_S19S_0062_Wat,399.1659287
33,Sample_S19S_0062_Wat,399.2024375
22,Sample_S19S_0062_Wat,400.0674729
29,Sample_S19S_0062_Wat,400.1037744
32,Sample_S19S_0062_Wat,400.1249077
36,Sample_S19S_0062_Wat,401.0150794
29,Sample_S19S_0062_Wat,401.0362034
69,Sample_S19S_0062_Wat,401.0514549
10,Sample_S19S_0062_Wat,401.0547584
18,Sample_S19S_0062_Wat,401.0644945
29,Sample_S19S_0062_Wat,401.0725084
68,Sample_S19S_0062_Wat,401.0878209
4,Sample_S19S_0062_Wat,401.0910681
56,Sample_S19S_0062_Wat,401.1089631
66,Sample_S19S_0062_Wat,401.1453284
57,Sample_S19S_0062_Wat,401.1605804
17,Sample_S19S_0062_Wat,401.1736033
16,Sample_S19S_0062_Wat,401.1816514
29,Sample_S19S_0062_Wat,402.0466811
18,Sample_S19S_0062_Wat,402.0831391
8,Sample_S19S_0062_Wat,402.0961225
4,Sample_S19S_0062_Wat,402.1042761
10,Sample_S19S_0062_Wat,402.1195259
26,Sample_S19S_0062_Wat,402.1405573
16,Sample_S19S_0062_Wat,403.0305846
2,Sample_S19S_0062_Wat,403.033958
12,Sample_S19S_0062_Wat,403.0437271
20,Sample_S19S_0062_Wat,403.0517845
80,Sample_S19S_0062_Wat,403.0671122
10,Sample_S19S_0062_Wat,403.0704072
60,Sample_S19S_0062_Wat,403.0881974
71,Sample_S19S_0062_Wat,403.1034476
1,Sample_S19S_0062_Wat,403.1066431
24,Sample_S19S_0062_Wat,403.1164656
19,Sample_S19S_0062_Wat,403.1245163
83,Sample_S19S_0062_Wat,403.1398463
26,Sample_S19S_0062_Wat,403.1529106
26,Sample_S19S_0062_Wat,403.1609357
30,Sample_S19S_0062_Wat,403.1762826
25,Sample_S19S_0062_Wat,403.2126282
76,Sample_S19S_0062_Wat,404.0623618
29,Sample_S19S_0062_Wat,404.0834492
68,Sample_S19S_0062_Wat,404.1351085
11,Sample_S19S_0062_Wat,405.0098791
74,Sample_S19S_0062_Wat,405.0463718
31,Sample_S19S_0062_Wat,405.0674473
52,Sample_S19S_0062_Wat,405.0827082
4,Sample_S19S_0062_Wat,405.0859264
6,Sample_S19S_0062_Wat,405.103722
30,Sample_S19S_0062_Wat,405.1190623
1,Sample_S19S_0062_Wat,405.1221627
31,Sample_S19S_0062_Wat,405.1321292
49,Sample_S19S_0062_Wat,405.1555362
22,Sample_S19S_0062_Wat,405.1685606
37,Sample_S19S_0062_Wat,405.1918632
2,Sample_S19S_0062_Wat,405.2048711
24,Sample_S19S_0062_Wat,406.041642
7,Sample_S19S_0062_Wat,406.0990792
73,Sample_S19S_0062_Wat,406.1143545
29,Sample_S19S_0062_Wat,407.0255705
66,Sample_S19S_0062_Wat,407.0620299
15,Sample_S19S_0062_Wat,407.0750599
96,Sample_S19S_0062_Wat,407.0983755
17,Sample_S19S_0062_Wat,407.1113661
82,Sample_S19S_0062_Wat,407.1347505
22,Sample_S19S_0062_Wat,407.1477958
12,Sample_S19S_0062_Wat,407.1712237
18,Sample_S19S_0062_Wat,407.2075913
73,Sample_S19S_0062_Wat,408.0936661
82,Sample_S19S_0062_Wat,408.1300077
31,Sample_S19S_0062_Wat,409.0412228
29,Sample_S19S_0062_Wat,409.07757
92,Sample_S19S_0062_Wat,409.1140221
17,Sample_S19S_0062_Wat,409.1270356
92,Sample_S19S_0062_Wat,409.1504235
8,Sample_S19S_0062_Wat,409.1633923
8,Sample_S19S_0062_Wat,409.1787026
16,Sample_S19S_0062_Wat,409.1867344
28,Sample_S19S_0062_Wat,410.0365413
62,Sample_S19S_0062_Wat,410.0729191
17,Sample_S19S_0062_Wat,410.1092388
57,Sample_S19S_0062_Wat,410.1456867
32,Sample_S19S_0062_Wat,411.0205049
24,Sample_S19S_0062_Wat,411.0568579
78,Sample_S19S_0062_Wat,411.0933142
81,Sample_S19S_0062_Wat,411.1296933
29,Sample_S19S_0062_Wat,411.1579879
49,Sample_S19S_0062_Wat,411.1660419
3,Sample_S19S_0062_Wat,411.2022993
24,Sample_S19S_0062_Wat,412.0521769
42,Sample_S19S_0062_Wat,412.0885256
56,Sample_S19S_0062_Wat,412.1249118
19,Sample_S19S_0062_Wat,413.0150329
31,Sample_S19S_0062_Wat,413.0361429
5,Sample_S19S_0062_Wat,413.0513424
15,Sample_S19S_0062_Wat,413.06446
10,Sample_S19S_0062_Wat,413.072442
39,Sample_S19S_0062_Wat,413.087795
28,Sample_S19S_0062_Wat,413.1008794
83,Sample_S19S_0062_Wat,413.1089345
57,Sample_S19S_0062_Wat,413.12421
2,Sample_S19S_0062_Wat,413.127421
17,Sample_S19S_0062_Wat,413.1372735
25,Sample_S19S_0062_Wat,413.1452768
7,Sample_S19S_0062_Wat,413.1605228
22,Sample_S19S_0062_Wat,413.1736056
14,Sample_S19S_0062_Wat,413.1816156
23,Sample_S19S_0062_Wat,414.0831299
5,Sample_S19S_0062_Wat,414.0961038
27,Sample_S19S_0062_Wat,415.0306688
24,Sample_S19S_0062_Wat,415.0518724
7,Sample_S19S_0062_Wat,415.0671726
11,Sample_S19S_0062_Wat,415.0704085
11,Sample_S19S_0062_Wat,415.080159
60,Sample_S19S_0062_Wat,415.0881916
64,Sample_S19S_0062_Wat,415.1034568
2,Sample_S19S_0062_Wat,415.1066895
21,Sample_S19S_0062_Wat,415.1164835
36,Sample_S19S_0062_Wat,415.1245406
20,Sample_S19S_0062_Wat,415.1529316
54,Sample_S19S_0062_Wat,415.1609859
9,Sample_S19S_0062_Wat,415.1763155
26,Sample_S19S_0062_Wat,415.1973464
17,Sample_S19S_0062_Wat,416.0259342
35,Sample_S19S_0062_Wat,416.0623295
36,Sample_S19S_0062_Wat,417.009975
43,Sample_S19S_0062_Wat,417.0463346
6,Sample_S19S_0062_Wat,417.0496555
14,Sample_S19S_0062_Wat,417.0593749
21,Sample_S19S_0062_Wat,417.0674105
25,Sample_S19S_0062_Wat,417.0826722
2,Sample_S19S_0062_Wat,417.085967
18,Sample_S19S_0062_Wat,417.0957124
23,Sample_S19S_0062_Wat,417.1037889
82,Sample_S19S_0062_Wat,417.1191101
34,Sample_S19S_0062_Wat,417.1321667
39,Sample_S19S_0062_Wat,417.1402188
67,Sample_S19S_0062_Wat,417.1555165
32,Sample_S19S_0062_Wat,417.1685514
13,Sample_S19S_0062_Wat,417.1765666
16,Sample_S19S_0062_Wat,418.0416648
53,Sample_S19S_0062_Wat,418.0779721
20,Sample_S19S_0062_Wat,418.1144292
35,Sample_S19S_0062_Wat,419.0256123
41,Sample_S19S_0062_Wat,419.0619721
7,Sample_S19S_0062_Wat,419.0652534
11,Sample_S19S_0062_Wat,419.0829959
18,Sample_S19S_0062_Wat,419.0982983
2,Sample_S19S_0062_Wat,419.1015327
8,Sample_S19S_0062_Wat,419.1113471
8,Sample_S19S_0062_Wat,419.1194106
88,Sample_S19S_0062_Wat,419.1347745
21,Sample_S19S_0062_Wat,419.1478319
43,Sample_S19S_0062_Wat,419.1711927
21,Sample_S19S_0062_Wat,419.1842051
39,Sample_S19S_0062_Wat,419.207525
52,Sample_S19S_0062_Wat,420.0572817
2,Sample_S19S_0062_Wat,420.0782809
51,Sample_S19S_0062_Wat,421.0412704
9,Sample_S19S_0062_Wat,421.0543002
22,Sample_S19S_0062_Wat,421.0777047
20,Sample_S19S_0062_Wat,421.0906648
103,Sample_S19S_0062_Wat,421.1140346
18,Sample_S19S_0062_Wat,421.1270174
81,Sample_S19S_0062_Wat,421.1504292
1,Sample_S19S_0062_Wat,421.1552081
21,Sample_S19S_0062_Wat,421.1634511
23,Sample_S19S_0062_Wat,421.1868654
3,Sample_S19S_0062_Wat,421.2232692
1,Sample_S19S_0062_Wat,421.2265386
6,Sample_S19S_0062_Wat,422.0364426
54,Sample_S19S_0062_Wat,422.0728802
33,Sample_S19S_0062_Wat,422.1093338
23,Sample_S19S_0062_Wat,423.0205894
58,Sample_S19S_0062_Wat,423.0569089
30,Sample_S19S_0062_Wat,423.093231
105,Sample_S19S_0062_Wat,423.1296813
14,Sample_S19S_0062_Wat,423.1426961
34,Sample_S19S_0062_Wat,423.1661225
16,Sample_S19S_0062_Wat,423.179095
44,Sample_S19S_0062_Wat,423.2024382
18,Sample_S19S_0062_Wat,424.0522173
2,Sample_S19S_0062_Wat,424.0886497
43,Sample_S19S_0062_Wat,424.1249783
19,Sample_S19S_0062_Wat,425.015064
50,Sample_S19S_0062_Wat,425.0361852
11,Sample_S19S_0062_Wat,425.0513214
19,Sample_S19S_0062_Wat,425.0724714
14,Sample_S19S_0062_Wat,425.1008972
55,Sample_S19S_0062_Wat,425.1089252
21,Sample_S19S_0062_Wat,425.1453873
47,Sample_S19S_0062_Wat,425.1816982
9,Sample_S19S_0062_Wat,426.0831471
61,Sample_S19S_0062_Wat,426.1405881
19,Sample_S19S_0062_Wat,427.0307487
24,Sample_S19S_0062_Wat,427.0518808
13,Sample_S19S_0062_Wat,427.0669702
47,Sample_S19S_0062_Wat,427.088175
40,Sample_S19S_0062_Wat,427.1035014
18,Sample_S19S_0062_Wat,427.1165345
77,Sample_S19S_0062_Wat,427.1245871
6,Sample_S19S_0062_Wat,427.1399769
2,Sample_S19S_0062_Wat,427.1431663
5,Sample_S19S_0062_Wat,427.1610597
4,Sample_S19S_0062_Wat,427.1763557
31,Sample_S19S_0062_Wat,427.1973395
24,Sample_S19S_0062_Wat,428.0470647
15,Sample_S19S_0062_Wat,428.0622933
30,Sample_S19S_0062_Wat,428.1562791
14,Sample_S19S_0062_Wat,429.0099567
30,Sample_S19S_0062_Wat,429.0310878
34,Sample_S19S_0062_Wat,429.0463286
48,Sample_S19S_0062_Wat,429.067488
2,Sample_S19S_0062_Wat,429.0829209
8,Sample_S19S_0062_Wat,429.0861392
10,Sample_S19S_0062_Wat,429.1039457
5,Sample_S19S_0062_Wat,429.1192381
65,Sample_S19S_0062_Wat,429.1402424
29,Sample_S19S_0062_Wat,429.1555582
25,Sample_S19S_0062_Wat,429.1685491
24,Sample_S19S_0062_Wat,429.1765924
37,Sample_S19S_0062_Wat,429.1919036
26,Sample_S19S_0062_Wat,430.0416122
14,Sample_S19S_0062_Wat,430.0780537
34,Sample_S19S_0062_Wat,430.0991542
5,Sample_S19S_0062_Wat,430.1273505
46,Sample_S19S_0062_Wat,430.1354817
26,Sample_S19S_0062_Wat,431.0256563
6,Sample_S19S_0062_Wat,431.0386601
12,Sample_S19S_0062_Wat,431.04681
71,Sample_S19S_0062_Wat,431.0620177
44,Sample_S19S_0062_Wat,431.083125
75,Sample_S19S_0062_Wat,431.098388
5,Sample_S19S_0062_Wat,431.1016424
21,Sample_S19S_0062_Wat,431.1113826
28,Sample_S19S_0062_Wat,431.1194411
30,Sample_S19S_0062_Wat,431.1347291
25,Sample_S19S_0062_Wat,431.1477957
24,Sample_S19S_0062_Wat,431.1558407
34,Sample_S19S_0062_Wat,431.1711879
15,Sample_S19S_0062_Wat,431.1922364
18,Sample_S19S_0062_Wat,431.2076023
9,Sample_S19S_0062_Wat,432.0573233
25,Sample_S19S_0062_Wat,432.078404
89,Sample_S19S_0062_Wat,432.093661
74,Sample_S19S_0062_Wat,432.1300404
17,Sample_S19S_0062_Wat,433.0048372
52,Sample_S19S_0062_Wat,433.0412948
3,Sample_S19S_0062_Wat,433.0543356
25,Sample_S19S_0062_Wat,433.0624271
80,Sample_S19S_0062_Wat,433.077665
17,Sample_S19S_0062_Wat,433.0906617
16,Sample_S19S_0062_Wat,433.0986887
27,Sample_S19S_0062_Wat,433.1139658
10,Sample_S19S_0062_Wat,433.1269982
4,Sample_S19S_0062_Wat,433.13501
32,Sample_S19S_0062_Wat,433.1503758
23,Sample_S19S_0062_Wat,433.1634586
38,Sample_S19S_0062_Wat,433.1868494
9,Sample_S19S_0062_Wat,433.1998888
11,Sample_S19S_0062_Wat,434.072975
20,Sample_S19S_0062_Wat,434.1093421
17,Sample_S19S_0062_Wat,435.0204588
49,Sample_S19S_0062_Wat,435.0569041
18,Sample_S19S_0062_Wat,435.0698968
78,Sample_S19S_0062_Wat,435.093324
18,Sample_S19S_0062_Wat,435.1062764
33,Sample_S19S_0062_Wat,435.1296329
6,Sample_S19S_0062_Wat,435.1426364
1,Sample_S19S_0062_Wat,435.160379
28,Sample_S19S_0062_Wat,435.1659973
13,Sample_S19S_0062_Wat,435.1790631
49,Sample_S19S_0062_Wat,435.2024665
5,Sample_S19S_0062_Wat,435.238903
23,Sample_S19S_0062_Wat,436.0521427
26,Sample_S19S_0062_Wat,436.0886111
5,Sample_S19S_0062_Wat,436.1250197
40,Sample_S19S_0062_Wat,437.0361523
28,Sample_S19S_0062_Wat,437.072483
29,Sample_S19S_0062_Wat,437.1088959
3,Sample_S19S_0062_Wat,437.1219003
61,Sample_S19S_0062_Wat,437.1453651
50,Sample_S19S_0062_Wat,437.1817485
10,Sample_S19S_0062_Wat,437.2180272
12,Sample_S19S_0062_Wat,438.031465
18,Sample_S19S_0062_Wat,438.0678822
72,Sample_S19S_0062_Wat,438.1405683
12,Sample_S19S_0062_Wat,439.0153758
21,Sample_S19S_0062_Wat,439.051737
72,Sample_S19S_0062_Wat,439.0882098
83,Sample_S19S_0062_Wat,439.1246064
16,Sample_S19S_0062_Wat,439.1529344
36,Sample_S19S_0062_Wat,439.1609425
19,Sample_S19S_0062_Wat,439.1892886
18,Sample_S19S_0062_Wat,439.1973056
43,Sample_S19S_0062_Wat,440.0834468
33,Sample_S19S_0062_Wat,440.1198163
18,Sample_S19S_0062_Wat,441.0310268
12,Sample_S19S_0062_Wat,441.0462365
35,Sample_S19S_0062_Wat,441.0674409
39,Sample_S19S_0062_Wat,441.0827166
37,Sample_S19S_0062_Wat,441.1039049
18,Sample_S19S_0062_Wat,441.1191742
56,Sample_S19S_0062_Wat,441.1402285
12,Sample_S19S_0062_Wat,441.1554489
17,Sample_S19S_0062_Wat,441.168514
23,Sample_S19S_0062_Wat,441.1765589
11,Sample_S19S_0062_Wat,441.2129575
25,Sample_S19S_0062_Wat,442.0416289
13,Sample_S19S_0062_Wat,442.0990637
20,Sample_S19S_0062_Wat,442.135461
19,Sample_S19S_0062_Wat,443.0255061
24,Sample_S19S_0062_Wat,443.0466588
18,Sample_S19S_0062_Wat,443.061884
14,Sample_S19S_0062_Wat,443.0749837
38,Sample_S19S_0062_Wat,443.0830557
39,Sample_S19S_0062_Wat,443.0984287
2,Sample_S19S_0062_Wat,443.1016577
19,Sample_S19S_0062_Wat,443.1114516
65,Sample_S19S_0062_Wat,443.119518
5,Sample_S19S_0062_Wat,443.1348538
5,Sample_S19S_0062_Wat,443.1380667
20,Sample_S19S_0062_Wat,443.1478565
55,Sample_S19S_0062_Wat,443.1558944
27,Sample_S19S_0062_Wat,443.1711201
22,Sample_S19S_0062_Wat,443.1841796
16,Sample_S19S_0062_Wat,443.1922057
52,Sample_S19S_0062_Wat,444.0572726
23,Sample_S19S_0062_Wat,444.093696
14,Sample_S19S_0062_Wat,445.0048403
45,Sample_S19S_0062_Wat,445.0412697
8,Sample_S19S_0062_Wat,445.054308
39,Sample_S19S_0062_Wat,445.0623769
37,Sample_S19S_0062_Wat,445.0776178
15,Sample_S19S_0062_Wat,445.0986624
3,Sample_S19S_0062_Wat,445.1083593
19,Sample_S19S_0062_Wat,445.1139537
1,Sample_S19S_0062_Wat,445.1171907
22,Sample_S19S_0062_Wat,445.127011
12,Sample_S19S_0062_Wat,445.1350548
36,Sample_S19S_0062_Wat,445.1503907
31,Sample_S19S_0062_Wat,445.1634705
46,Sample_S19S_0062_Wat,445.1715289
41,Sample_S19S_0062_Wat,445.1868428
27,Sample_S19S_0062_Wat,445.223207
18,Sample_S19S_0062_Wat,446.0728598
3,Sample_S19S_0062_Wat,446.0939418
51,Sample_S19S_0062_Wat,446.1092739
16,Sample_S19S_0062_Wat,447.0204695
9,Sample_S19S_0062_Wat,447.056785
6,Sample_S19S_0062_Wat,447.0698296
8,Sample_S19S_0062_Wat,447.0779114
19,Sample_S19S_0062_Wat,447.09323
19,Sample_S19S_0062_Wat,447.114388
80,Sample_S19S_0062_Wat,447.1297048
29,Sample_S19S_0062_Wat,447.1427418
72,Sample_S19S_0062_Wat,447.1660641
21,Sample_S19S_0062_Wat,447.179104
17,Sample_S19S_0062_Wat,447.2023724
7,Sample_S19S_0062_Wat,448.0520882
73,Sample_S19S_0062_Wat,448.088573
19,Sample_S19S_0062_Wat,449.0360637
24,Sample_S19S_0062_Wat,449.0724952
20,Sample_S19S_0062_Wat,449.0855556
94,Sample_S19S_0062_Wat,449.1089599
16,Sample_S19S_0062_Wat,449.1219859
83,Sample_S19S_0062_Wat,449.1453221
27,Sample_S19S_0062_Wat,449.1583358
27,Sample_S19S_0062_Wat,449.1816462
3,Sample_S19S_0062_Wat,449.1946593
12,Sample_S19S_0062_Wat,449.2180299
11,Sample_S19S_0062_Wat,451.0153576
20,Sample_S19S_0062_Wat,451.0517204
37,Sample_S19S_0062_Wat,451.0881744
64,Sample_S19S_0062_Wat,451.124616
18,Sample_S19S_0062_Wat,451.1376081
37,Sample_S19S_0062_Wat,451.1609528
10,Sample_S19S_0062_Wat,451.1739524
7,Sample_S19S_0062_Wat,451.189303
7,Sample_S19S_0062_Wat,451.1972791
12,Sample_S19S_0062_Wat,451.2336787
4,Sample_S19S_0062_Wat,452.0469724
43,Sample_S19S_0062_Wat,452.0834394
20,Sample_S19S_0062_Wat,452.1199139
25,Sample_S19S_0062_Wat,453.0310814
9,Sample_S19S_0062_Wat,453.0462824
27,Sample_S19S_0062_Wat,453.0673983
10,Sample_S19S_0062_Wat,453.0957146
18,Sample_S19S_0062_Wat,453.1037558
15,Sample_S19S_0062_Wat,453.1321972
45,Sample_S19S_0062_Wat,453.140211
3,Sample_S19S_0062_Wat,453.1686448
61,Sample_S19S_0062_Wat,453.1766436
12,Sample_S19S_0062_Wat,453.2049759
36,Sample_S19S_0062_Wat,454.0627542
13,Sample_S19S_0062_Wat,455.025566
43,Sample_S19S_0062_Wat,455.0467468
46,Sample_S19S_0062_Wat,455.0620251
13,Sample_S19S_0062_Wat,455.0750667
51,Sample_S19S_0062_Wat,455.0831528
42,Sample_S19S_0062_Wat,455.0984121
15,Sample_S19S_0062_Wat,455.111472
38,Sample_S19S_0062_Wat,455.1194736
8,Sample_S19S_0062_Wat,455.1346803
22,Sample_S19S_0062_Wat,455.14777
14,Sample_S19S_0062_Wat,455.1558023
17,Sample_S19S_0062_Wat,455.1841535
14,Sample_S19S_0062_Wat,455.1921775
15,Sample_S19S_0062_Wat,455.2205892
9,Sample_S19S_0062_Wat,456.0935705
9,Sample_S19S_0062_Wat,457.0049305
36,Sample_S19S_0062_Wat,457.0412916
10,Sample_S19S_0062_Wat,457.0542979
42,Sample_S19S_0062_Wat,457.0624071
17,Sample_S19S_0062_Wat,457.0776174
13,Sample_S19S_0062_Wat,457.0906483
22,Sample_S19S_0062_Wat,457.0986905
22,Sample_S19S_0062_Wat,457.1139922
14,Sample_S19S_0062_Wat,457.1270095
18,Sample_S19S_0062_Wat,457.1350642
2,Sample_S19S_0062_Wat,457.1447412
18,Sample_S19S_0062_Wat,457.150377
20,Sample_S19S_0062_Wat,457.1634444
29,Sample_S19S_0062_Wat,457.1715231
48,Sample_S19S_0062_Wat,457.1868094
31,Sample_S19S_0062_Wat,457.2079257
41,Sample_S19S_0062_Wat,458.0729028
24,Sample_S19S_0062_Wat,459.0205561
23,Sample_S19S_0062_Wat,459.0416602
25,Sample_S19S_0062_Wat,459.0568713
11,Sample_S19S_0062_Wat,459.069913
26,Sample_S19S_0062_Wat,459.0779746
20,Sample_S19S_0062_Wat,459.0932353
4,Sample_S19S_0062_Wat,459.0964817
20,Sample_S19S_0062_Wat,459.1062882
28,Sample_S19S_0062_Wat,459.1143457
57,Sample_S19S_0062_Wat,459.1296693
4,Sample_S19S_0062_Wat,459.1328714
30,Sample_S19S_0062_Wat,459.142719
37,Sample_S19S_0062_Wat,459.1508169
41,Sample_S19S_0062_Wat,459.1661042
24,Sample_S19S_0062_Wat,459.2025048
7,Sample_S19S_0062_Wat,460.0521036
58,Sample_S19S_0062_Wat,460.0885829
49,Sample_S19S_0062_Wat,460.1249704
36,Sample_S19S_0062_Wat,461.036196
6,Sample_S19S_0062_Wat,461.0492316
25,Sample_S19S_0062_Wat,461.0572822
26,Sample_S19S_0062_Wat,461.0725007
15,Sample_S19S_0062_Wat,461.0855391
9,Sample_S19S_0062_Wat,461.0935699
13,Sample_S19S_0062_Wat,461.1088271
4,Sample_S19S_0062_Wat,461.1218899
12,Sample_S19S_0062_Wat,461.1299458
3,Sample_S19S_0062_Wat,461.1396751
23,Sample_S19S_0062_Wat,461.1452647
23,Sample_S19S_0062_Wat,461.1583343
38,Sample_S19S_0062_Wat,461.1817537
12,Sample_S19S_0062_Wat,461.1948089
26,Sample_S19S_0062_Wat,461.218132
34,Sample_S19S_0062_Wat,462.067799
21,Sample_S19S_0062_Wat,462.1042629
13,Sample_S19S_0062_Wat,463.015396
47,Sample_S19S_0062_Wat,463.0518315
1,Sample_S19S_0062_Wat,463.064914
48,Sample_S19S_0062_Wat,463.0881954
3,Sample_S19S_0062_Wat,463.1189274
17,Sample_S19S_0062_Wat,463.124491
4,Sample_S19S_0062_Wat,463.1375144
9,Sample_S19S_0062_Wat,463.1608564
7,Sample_S19S_0062_Wat,463.1739081
20,Sample_S19S_0062_Wat,463.1972938
29,Sample_S19S_0062_Wat,463.2337601
26,Sample_S19S_0062_Wat,464.1198095
16,Sample_S19S_0062_Wat,465.0310055
16,Sample_S19S_0062_Wat,465.06738
1,Sample_S19S_0062_Wat,465.0804256
35,Sample_S19S_0062_Wat,465.1038259
20,Sample_S19S_0062_Wat,465.1168704
6,Sample_S19S_0062_Wat,465.1686035
65,Sample_S19S_0062_Wat,465.1766182
14,Sample_S19S_0062_Wat,465.1896305
13,Sample_S19S_0062_Wat,465.2129596
54,Sample_S19S_0062_Wat,466.1355201
1,Sample_S19S_0062_Wat,466.1435867
44,Sample_S19S_0062_Wat,467.0467531
20,Sample_S19S_0062_Wat,467.0620397
54,Sample_S19S_0062_Wat,467.0831629
52,Sample_S19S_0062_Wat,467.1195422
27,Sample_S19S_0062_Wat,467.1478261
33,Sample_S19S_0062_Wat,467.1558326
22,Sample_S19S_0062_Wat,467.184209
9,Sample_S19S_0062_Wat,467.1921933
10,Sample_S19S_0062_Wat,467.220621
18,Sample_S19S_0062_Wat,467.2286363
26,Sample_S19S_0062_Wat,468.1147294
14,Sample_S19S_0062_Wat,469.0260039
29,Sample_S19S_0062_Wat,469.0412947
37,Sample_S19S_0062_Wat,469.062394
12,Sample_S19S_0062_Wat,469.0776006
11,Sample_S19S_0062_Wat,469.0906533
29,Sample_S19S_0062_Wat,469.0986993
10,Sample_S19S_0062_Wat,469.1139603
21,Sample_S19S_0062_Wat,469.1270251
17,Sample_S19S_0062_Wat,469.1350525
8,Sample_S19S_0062_Wat,469.1503074
12,Sample_S19S_0062_Wat,469.1633964
21,Sample_S19S_0062_Wat,469.199861
21,Sample_S19S_0062_Wat,469.2078959
19,Sample_S19S_0062_Wat,471.0205509
17,Sample_S19S_0062_Wat,471.0416901
38,Sample_S19S_0062_Wat,471.0569384
34,Sample_S19S_0062_Wat,471.0780166
19,Sample_S19S_0062_Wat,471.093255
17,Sample_S19S_0062_Wat,471.106291
6,Sample_S19S_0062_Wat,471.1295835
11,Sample_S19S_0062_Wat,471.1426129
14,Sample_S19S_0062_Wat,471.1506882
8,Sample_S19S_0062_Wat,471.16598
23,Sample_S19S_0062_Wat,471.1790652
20,Sample_S19S_0062_Wat,471.1871307
10,Sample_S19S_0062_Wat,471.2024048
15,Sample_S19S_0062_Wat,471.2155389
21,Sample_S19S_0062_Wat,473.0361823
8,Sample_S19S_0062_Wat,473.0491772
10,Sample_S19S_0062_Wat,473.0573502
41,Sample_S19S_0062_Wat,473.0726032
38,Sample_S19S_0062_Wat,473.0937108
64,Sample_S19S_0062_Wat,473.1089772
23,Sample_S19S_0062_Wat,473.121993
22,Sample_S19S_0062_Wat,473.1300234
4,Sample_S19S_0062_Wat,473.139667
24,Sample_S19S_0062_Wat,473.1452829
11,Sample_S19S_0062_Wat,473.1582831
14,Sample_S19S_0062_Wat,473.1663521
1,Sample_S19S_0062_Wat,473.1760299
23,Sample_S19S_0062_Wat,473.1816622
13,Sample_S19S_0062_Wat,473.1946924
27,Sample_S19S_0062_Wat,473.2180738
31,Sample_S19S_0062_Wat,474.067818
14,Sample_S19S_0062_Wat,474.0889636
24,Sample_S19S_0062_Wat,474.1042477
51,Sample_S19S_0062_Wat,474.1405956
4,Sample_S19S_0062_Wat,475.0152769
17,Sample_S19S_0062_Wat,475.0517049
9,Sample_S19S_0062_Wat,475.0648516
21,Sample_S19S_0062_Wat,475.0728791
30,Sample_S19S_0062_Wat,475.0881586
15,Sample_S19S_0062_Wat,475.1012806
18,Sample_S19S_0062_Wat,475.1092833
64,Sample_S19S_0062_Wat,475.1245966
26,Sample_S19S_0062_Wat,475.1376596
16,Sample_S19S_0062_Wat,475.1456774
66,Sample_S19S_0062_Wat,475.1609843
25,Sample_S19S_0062_Wat,475.1739813
13,Sample_S19S_0062_Wat,475.1973043
2,Sample_S19S_0062_Wat,475.2103074
7,Sample_S19S_0062_Wat,476.0833408
31,Sample_S19S_0062_Wat,476.1198125
33,Sample_S19S_0062_Wat,477.0311319
52,Sample_S19S_0062_Wat,477.0674882
3,Sample_S19S_0062_Wat,477.0805777
21,Sample_S19S_0062_Wat,477.1037802
18,Sample_S19S_0062_Wat,477.1168599
2,Sample_S19S_0062_Wat,477.1344651
6,Sample_S19S_0062_Wat,477.1401075
9,Sample_S19S_0062_Wat,477.1531747
20,Sample_S19S_0062_Wat,477.1765167
6,Sample_S19S_0062_Wat,477.1895617
39,Sample_S19S_0062_Wat,477.2130039
66,Sample_S19S_0062_Wat,478.0991507
7,Sample_S19S_0062_Wat,479.0466033
17,Sample_S19S_0062_Wat,479.0830028
38,Sample_S19S_0062_Wat,479.1194663
67,Sample_S19S_0062_Wat,479.1559168
48,Sample_S19S_0062_Wat,479.1923063
14,Sample_S19S_0062_Wat,479.2286027
19,Sample_S19S_0062_Wat,480.041991
9,Sample_S19S_0062_Wat,480.151082
10,Sample_S19S_0062_Wat,481.025885
21,Sample_S19S_0062_Wat,481.0623379
6,Sample_S19S_0062_Wat,481.077508
53,Sample_S19S_0062_Wat,481.0987747
72,Sample_S19S_0062_Wat,481.1351677
50,Sample_S19S_0062_Wat,481.1715313
17,Sample_S19S_0062_Wat,481.199847
18,Sample_S19S_0062_Wat,481.2078283
6,Sample_S19S_0062_Wat,482.1302914
17,Sample_S19S_0062_Wat,483.0415833
16,Sample_S19S_0062_Wat,483.0568081
30,Sample_S19S_0062_Wat,483.0780208
28,Sample_S19S_0062_Wat,483.0933003
7,Sample_S19S_0062_Wat,483.1064043
49,Sample_S19S_0062_Wat,483.1144642
23,Sample_S19S_0062_Wat,483.1297323
35,Sample_S19S_0062_Wat,483.1508531
18,Sample_S19S_0062_Wat,483.1660394
15,Sample_S19S_0062_Wat,483.1791639
30,Sample_S19S_0062_Wat,483.1871699
13,Sample_S19S_0062_Wat,483.2154832
12,Sample_S19S_0062_Wat,483.2234722
11,Sample_S19S_0062_Wat,484.1459881
11,Sample_S19S_0062_Wat,485.0208342
2,Sample_S19S_0062_Wat,485.0360155
11,Sample_S19S_0062_Wat,485.057196
18,Sample_S19S_0062_Wat,485.0724465
32,Sample_S19S_0062_Wat,485.0936172
43,Sample_S19S_0062_Wat,485.1089501
14,Sample_S19S_0062_Wat,485.1220307
46,Sample_S19S_0062_Wat,485.1300644
1,Sample_S19S_0062_Wat,485.139617
28,Sample_S19S_0062_Wat,485.1453846
18,Sample_S19S_0062_Wat,485.1584131
36,Sample_S19S_0062_Wat,485.1664901
2,Sample_S19S_0062_Wat,485.1760615
16,Sample_S19S_0062_Wat,485.1948096
2,Sample_S19S_0062_Wat,485.2310607
12,Sample_S19S_0062_Wat,487.0154217
22,Sample_S19S_0062_Wat,487.051792
24,Sample_S19S_0062_Wat,487.072871
12,Sample_S19S_0062_Wat,487.088118
14,Sample_S19S_0062_Wat,487.1011949
10,Sample_S19S_0062_Wat,487.1092152
13,Sample_S19S_0062_Wat,487.1244947
18,Sample_S19S_0062_Wat,487.1375846
13,Sample_S19S_0062_Wat,487.1456408
2,Sample_S19S_0062_Wat,487.1552674
52,Sample_S19S_0062_Wat,487.1609704
19,Sample_S19S_0062_Wat,487.1740711
29,Sample_S19S_0062_Wat,487.18211
34,Sample_S19S_0062_Wat,487.1974177
18,Sample_S19S_0062_Wat,487.2337958
32,Sample_S19S_0062_Wat,488.0834359
12,Sample_S19S_0062_Wat,489.0310445
13,Sample_S19S_0062_Wat,489.0522438
50,Sample_S19S_0062_Wat,489.067487
24,Sample_S19S_0062_Wat,489.0886429
33,Sample_S19S_0062_Wat,489.1039118
34,Sample_S19S_0062_Wat,489.1249814
29,Sample_S19S_0062_Wat,489.1402055
18,Sample_S19S_0062_Wat,489.1532671
12,Sample_S19S_0062_Wat,489.1612651
1,Sample_S19S_0062_Wat,489.1708695
11,Sample_S19S_0062_Wat,489.1765226
5,Sample_S19S_0062_Wat,489.1895365
9,Sample_S19S_0062_Wat,489.2128864
5,Sample_S19S_0062_Wat,489.2492677
17,Sample_S19S_0062_Wat,490.0990621
15,Sample_S19S_0062_Wat,491.0466906
21,Sample_S19S_0062_Wat,491.0830123
10,Sample_S19S_0062_Wat,491.0961728
10,Sample_S19S_0062_Wat,491.1193786
18,Sample_S19S_0062_Wat,491.1325378
27,Sample_S19S_0062_Wat,491.1558203
21,Sample_S19S_0062_Wat,491.1689084
50,Sample_S19S_0062_Wat,491.1922945
5,Sample_S19S_0062_Wat,491.2053832
8,Sample_S19S_0062_Wat,491.2287423
43,Sample_S19S_0062_Wat,492.1147512
11,Sample_S19S_0062_Wat,493.0259042
13,Sample_S19S_0062_Wat,493.0622921
24,Sample_S19S_0062_Wat,493.098712
70,Sample_S19S_0062_Wat,493.1351653
51,Sample_S19S_0062_Wat,493.1715856
11,Sample_S19S_0062_Wat,493.2442171
1,Sample_S19S_0062_Wat,495.0203756
16,Sample_S19S_0062_Wat,495.0415683
38,Sample_S19S_0062_Wat,495.0780179
2,Sample_S19S_0062_Wat,495.106406
45,Sample_S19S_0062_Wat,495.1144449
9,Sample_S19S_0062_Wat,495.1427989
58,Sample_S19S_0062_Wat,495.1507984
19,Sample_S19S_0062_Wat,495.1791573
7,Sample_S19S_0062_Wat,495.2154488
1,Sample_S19S_0062_Wat,496.1905351
2,Sample_S19S_0062_Wat,497.0207701
6,Sample_S19S_0062_Wat,497.036113
21,Sample_S19S_0062_Wat,497.0572968
34,Sample_S19S_0062_Wat,497.0725711
16,Sample_S19S_0062_Wat,497.0937782
34,Sample_S19S_0062_Wat,497.1089508
14,Sample_S19S_0062_Wat,497.1301476
20,Sample_S19S_0062_Wat,497.1453801
24,Sample_S19S_0062_Wat,497.1947705
2,Sample_S19S_0062_Wat,497.2390455
32,Sample_S19S_0062_Wat,498.0889479
12,Sample_S19S_0062_Wat,498.1253978
37,Sample_S19S_0062_Wat,498.1617513
3,Sample_S19S_0062_Wat,498.1698072
10,Sample_S19S_0062_Wat,499.036451
9,Sample_S19S_0062_Wat,499.0516924
26,Sample_S19S_0062_Wat,499.0728848
8,Sample_S19S_0062_Wat,499.1012958
37,Sample_S19S_0062_Wat,499.1093112
44,Sample_S19S_0062_Wat,499.1246232
14,Sample_S19S_0062_Wat,499.1377212
47,Sample_S19S_0062_Wat,499.1457371
15,Sample_S19S_0062_Wat,499.1610424
20,Sample_S19S_0062_Wat,499.1740741
32,Sample_S19S_0062_Wat,499.1973555
21,Sample_S19S_0062_Wat,499.2104255
15,Sample_S19S_0062_Wat,499.2184243
2,Sample_S19S_0062_Wat,500.046979
9,Sample_S19S_0062_Wat,501.0310269
10,Sample_S19S_0062_Wat,501.0521674
24,Sample_S19S_0062_Wat,501.0673678
13,Sample_S19S_0062_Wat,501.080502
15,Sample_S19S_0062_Wat,501.0885018
14,Sample_S19S_0062_Wat,501.1037301
14,Sample_S19S_0062_Wat,501.116864
7,Sample_S19S_0062_Wat,501.1248479
21,Sample_S19S_0062_Wat,501.1401768
31,Sample_S19S_0062_Wat,501.1532967
18,Sample_S19S_0062_Wat,501.1612956
46,Sample_S19S_0062_Wat,501.1766253
26,Sample_S19S_0062_Wat,501.1896846
26,Sample_S19S_0062_Wat,501.2130646
16,Sample_S19S_0062_Wat,503.0468089
4,Sample_S19S_0062_Wat,503.0679918
4,Sample_S19S_0062_Wat,503.0832459
19,Sample_S19S_0062_Wat,503.1042984
58,Sample_S19S_0062_Wat,503.1195309
7,Sample_S19S_0062_Wat,503.1326318
18,Sample_S19S_0062_Wat,503.1405906
25,Sample_S19S_0062_Wat,503.1558462
4,Sample_S19S_0062_Wat,503.1768678
16,Sample_S19S_0062_Wat,503.1921795
2,Sample_S19S_0062_Wat,503.2051842
15,Sample_S19S_0062_Wat,503.2285615
9,Sample_S19S_0062_Wat,505.0622503
9,Sample_S19S_0062_Wat,505.0833896
19,Sample_S19S_0062_Wat,505.098662
1,Sample_S19S_0062_Wat,505.1293863
18,Sample_S19S_0062_Wat,505.1350781
5,Sample_S19S_0062_Wat,505.1482794
65,Sample_S19S_0062_Wat,505.1715425
13,Sample_S19S_0062_Wat,505.1846129
30,Sample_S19S_0062_Wat,505.2079802
27,Sample_S19S_0062_Wat,505.2443315
19,Sample_S19S_0062_Wat,506.0576414
7,Sample_S19S_0062_Wat,506.1303153
7,Sample_S19S_0062_Wat,506.1666811
13,Sample_S19S_0062_Wat,507.0415912
1,Sample_S19S_0062_Wat,507.0568355
32,Sample_S19S_0062_Wat,507.0780238
49,Sample_S19S_0062_Wat,507.1144464
60,Sample_S19S_0062_Wat,507.1508255
7,Sample_S19S_0062_Wat,507.2154676
7,Sample_S19S_0062_Wat,509.0209945
17,Sample_S19S_0062_Wat,509.0573918
41,Sample_S19S_0062_Wat,509.0937287
10,Sample_S19S_0062_Wat,509.1219812
42,Sample_S19S_0062_Wat,509.1300451
11,Sample_S19S_0062_Wat,509.1583575
12,Sample_S19S_0062_Wat,509.1947371
9,Sample_S19S_0062_Wat,509.2311267
6,Sample_S19S_0062_Wat,509.2391011
12,Sample_S19S_0062_Wat,510.0888729
12,Sample_S19S_0062_Wat,511.0366348
17,Sample_S19S_0062_Wat,511.0518749
40,Sample_S19S_0062_Wat,511.0729714
29,Sample_S19S_0062_Wat,511.1092846
1,Sample_S19S_0062_Wat,511.1244303
3,Sample_S19S_0062_Wat,511.1375472
3,Sample_S19S_0062_Wat,511.1455592
9,Sample_S19S_0062_Wat,511.1739404
12,Sample_S19S_0062_Wat,511.2103696
9,Sample_S19S_0062_Wat,511.2183807
1,Sample_S19S_0062_Wat,512.1854652
7,Sample_S19S_0062_Wat,513.0311674
10,Sample_S19S_0062_Wat,513.0522762
28,Sample_S19S_0062_Wat,513.0674942
24,Sample_S19S_0062_Wat,513.0885835
21,Sample_S19S_0062_Wat,513.1169162
18,Sample_S19S_0062_Wat,513.1248843
8,Sample_S19S_0062_Wat,513.1401059
6,Sample_S19S_0062_Wat,513.1531789
7,Sample_S19S_0062_Wat,513.1612236
4,Sample_S19S_0062_Wat,513.1764786
10,Sample_S19S_0062_Wat,513.1895585
1,Sample_S19S_0062_Wat,513.2127989
11,Sample_S19S_0062_Wat,515.0467951
12,Sample_S19S_0062_Wat,515.0679477
39,Sample_S19S_0062_Wat,515.083157
29,Sample_S19S_0062_Wat,515.1042917
40,Sample_S19S_0062_Wat,515.1194964
6,Sample_S19S_0062_Wat,515.1326297
23,Sample_S19S_0062_Wat,515.1405768
14,Sample_S19S_0062_Wat,515.155816
16,Sample_S19S_0062_Wat,515.1688778
12,Sample_S19S_0062_Wat,515.1768835
1,Sample_S19S_0062_Wat,515.1864986
9,Sample_S19S_0062_Wat,515.1921599
9,Sample_S19S_0062_Wat,515.2052029
5,Sample_S19S_0062_Wat,515.2285302
9,Sample_S19S_0062_Wat,517.0258857
32,Sample_S19S_0062_Wat,517.0624113
10,Sample_S19S_0062_Wat,517.0835974
14,Sample_S19S_0062_Wat,517.098859
8,Sample_S19S_0062_Wat,517.1199999
7,Sample_S19S_0062_Wat,517.1352552
9,Sample_S19S_0062_Wat,517.1563614
14,Sample_S19S_0062_Wat,517.171616
15,Sample_S19S_0062_Wat,517.1846401
42,Sample_S19S_0062_Wat,517.2079237
5,Sample_S19S_0062_Wat,517.2208996
9,Sample_S19S_0062_Wat,517.2442337
8,Sample_S19S_0062_Wat,519.041577
14,Sample_S19S_0062_Wat,519.0779454
4,Sample_S19S_0062_Wat,519.0911551
15,Sample_S19S_0062_Wat,519.1143103
8,Sample_S19S_0062_Wat,519.1275578
29,Sample_S19S_0062_Wat,519.1507584
7,Sample_S19S_0062_Wat,519.1639413
53,Sample_S19S_0062_Wat,519.1872205
14,Sample_S19S_0062_Wat,519.2002386
17,Sample_S19S_0062_Wat,519.2236508
10,Sample_S19S_0062_Wat,519.2600027
13,Sample_S19S_0062_Wat,521.020886
25,Sample_S19S_0062_Wat,521.0573462
32,Sample_S19S_0062_Wat,521.0937324
49,Sample_S19S_0062_Wat,521.1301011
28,Sample_S19S_0062_Wat,521.1663968
11,Sample_S19S_0062_Wat,521.2027235
6,Sample_S19S_0062_Wat,521.2390738
7,Sample_S19S_0062_Wat,522.0888396
1,Sample_S19S_0062_Wat,522.1251732
18,Sample_S19S_0062_Wat,523.0365285
7,Sample_S19S_0062_Wat,523.0517619
13,Sample_S19S_0062_Wat,523.0728235
5,Sample_S19S_0062_Wat,523.1091901
7,Sample_S19S_0062_Wat,523.1376337
14,Sample_S19S_0062_Wat,523.1456062
15,Sample_S19S_0062_Wat,523.1739853
23,Sample_S19S_0062_Wat,523.1820717
17,Sample_S19S_0062_Wat,523.2104573
4,Sample_S19S_0062_Wat,525.0309309
10,Sample_S19S_0062_Wat,525.0521307
19,Sample_S19S_0062_Wat,525.0674542
24,Sample_S19S_0062_Wat,525.0885729
22,Sample_S19S_0062_Wat,525.1038625
4,Sample_S19S_0062_Wat,525.1169923
34,Sample_S19S_0062_Wat,525.1250197
11,Sample_S19S_0062_Wat,525.1403116
38,Sample_S19S_0062_Wat,525.1614051
11,Sample_S19S_0062_Wat,525.2340332
15,Sample_S19S_0062_Wat,526.0626977
24,Sample_S19S_0062_Wat,526.1566707
15,Sample_S19S_0062_Wat,527.0467883
14,Sample_S19S_0062_Wat,527.0679337
13,Sample_S19S_0062_Wat,527.0832056
13,Sample_S19S_0062_Wat,527.1043114
17,Sample_S19S_0062_Wat,527.119585
39,Sample_S19S_0062_Wat,527.1406475
20,Sample_S19S_0062_Wat,527.1689685
28,Sample_S19S_0062_Wat,527.1769645
7,Sample_S19S_0062_Wat,527.1922169
21,Sample_S19S_0062_Wat,527.2052882
8,Sample_S19S_0062_Wat,527.2132606
24,Sample_S19S_0062_Wat,528.135922
14,Sample_S19S_0062_Wat,529.0624704
10,Sample_S19S_0062_Wat,529.0836238
17,Sample_S19S_0062_Wat,529.0988481
21,Sample_S19S_0062_Wat,529.119899
38,Sample_S19S_0062_Wat,529.1351825
10,Sample_S19S_0062_Wat,529.1482589
21,Sample_S19S_0062_Wat,529.1562352
17,Sample_S19S_0062_Wat,529.1714748
22,Sample_S19S_0062_Wat,529.184567
9,Sample_S19S_0062_Wat,529.1925822
10,Sample_S19S_0062_Wat,529.2078283
9,Sample_S19S_0062_Wat,531.0417642
7,Sample_S19S_0062_Wat,531.0781475
17,Sample_S19S_0062_Wat,531.1144803
22,Sample_S19S_0062_Wat,531.1355514
27,Sample_S19S_0062_Wat,531.1507766
14,Sample_S19S_0062_Wat,531.1638843
13,Sample_S19S_0062_Wat,531.1871077
13,Sample_S19S_0062_Wat,531.2001725
20,Sample_S19S_0062_Wat,531.2234777
4,Sample_S19S_0062_Wat,531.2598778
10,Sample_S19S_0062_Wat,533.0574115
17,Sample_S19S_0062_Wat,533.0937827
27,Sample_S19S_0062_Wat,533.1301236
55,Sample_S19S_0062_Wat,533.166456
14,Sample_S19S_0062_Wat,533.1795306
14,Sample_S19S_0062_Wat,533.2027587
6,Sample_S19S_0062_Wat,533.2390944
11,Sample_S19S_0062_Wat,535.0365569
21,Sample_S19S_0062_Wat,535.0730261
15,Sample_S19S_0062_Wat,535.1094222
11,Sample_S19S_0062_Wat,535.1458132
25,Sample_S19S_0062_Wat,535.1821751
12,Sample_S19S_0062_Wat,535.2547783
8,Sample_S19S_0062_Wat,537.0520931
19,Sample_S19S_0062_Wat,537.0884904
33,Sample_S19S_0062_Wat,537.1249315
12,Sample_S19S_0062_Wat,537.1533456
43,Sample_S19S_0062_Wat,537.161382
5,Sample_S19S_0062_Wat,537.1897464
18,Sample_S19S_0062_Wat,537.1978101
10,Sample_S19S_0062_Wat,537.2342192
18,Sample_S19S_0062_Wat,539.0679143
8,Sample_S19S_0062_Wat,539.0832338
23,Sample_S19S_0062_Wat,539.1042196
10,Sample_S19S_0062_Wat,539.1325679
29,Sample_S19S_0062_Wat,539.1405618
9,Sample_S19S_0062_Wat,539.1688297
6,Sample_S19S_0062_Wat,539.1768779
3,Sample_S19S_0062_Wat,539.2051955
2,Sample_S19S_0062_Wat,539.2132409
6,Sample_S19S_0062_Wat,541.0258665
21,Sample_S19S_0062_Wat,541.0623672
24,Sample_S19S_0062_Wat,541.0834882
28,Sample_S19S_0062_Wat,541.0988161
28,Sample_S19S_0062_Wat,541.1199147
6,Sample_S19S_0062_Wat,541.1352769
18,Sample_S19S_0062_Wat,541.1563515
4,Sample_S19S_0062_Wat,541.1927684
22,Sample_S19S_0062_Wat,541.2290565
6,Sample_S19S_0062_Wat,542.1514443
3,Sample_S19S_0062_Wat,543.0418148
8,Sample_S19S_0062_Wat,543.0629181
13,Sample_S19S_0062_Wat,543.0781158
24,Sample_S19S_0062_Wat,543.09918
22,Sample_S19S_0062_Wat,543.1355017
28,Sample_S19S_0062_Wat,543.1507543
16,Sample_S19S_0062_Wat,543.1638009
12,Sample_S19S_0062_Wat,543.1718262
8,Sample_S19S_0062_Wat,543.1870791
8,Sample_S19S_0062_Wat,543.2001267
3,Sample_S19S_0062_Wat,543.236535
13,Sample_S19S_0062_Wat,545.0571838
7,Sample_S19S_0062_Wat,545.0783592
10,Sample_S19S_0062_Wat,545.0935509
9,Sample_S19S_0062_Wat,545.1147104
15,Sample_S19S_0062_Wat,545.1299664
6,Sample_S19S_0062_Wat,545.1432084
23,Sample_S19S_0062_Wat,545.1511507
30,Sample_S19S_0062_Wat,545.1664409
6,Sample_S19S_0062_Wat,545.1795929
19,Sample_S19S_0062_Wat,545.1875733
32,Sample_S19S_0062_Wat,545.2028931
12,Sample_S19S_0062_Wat,547.0364584
17,Sample_S19S_0062_Wat,547.0729547
20,Sample_S19S_0062_Wat,547.109415
17,Sample_S19S_0062_Wat,547.145805
3,Sample_S19S_0062_Wat,547.1822164
2,Sample_S19S_0062_Wat,547.1952584
18,Sample_S19S_0062_Wat,547.2185618
16,Sample_S19S_0062_Wat,547.2548518
13,Sample_S19S_0062_Wat,549.0523077
13,Sample_S19S_0062_Wat,549.0887119
14,Sample_S19S_0062_Wat,549.1250923
20,Sample_S19S_0062_Wat,549.1614413
36,Sample_S19S_0062_Wat,549.1977663
13,Sample_S19S_0062_Wat,549.2340464
4,Sample_S19S_0062_Wat,551.0316023
14,Sample_S19S_0062_Wat,551.0679996
18,Sample_S19S_0062_Wat,551.10435
26,Sample_S19S_0062_Wat,551.140683
14,Sample_S19S_0062_Wat,551.1689448
25,Sample_S19S_0062_Wat,551.1769906
9,Sample_S19S_0062_Wat,551.2052511
16,Sample_S19S_0062_Wat,551.2133063
4,Sample_S19S_0062_Wat,551.2496307
10,Sample_S19S_0062_Wat,553.0472596
7,Sample_S19S_0062_Wat,553.0836572
18,Sample_S19S_0062_Wat,553.1199748
46,Sample_S19S_0062_Wat,553.1562956
23,Sample_S19S_0062_Wat,553.1925971
3,Sample_S19S_0062_Wat,553.2288832
6,Sample_S19S_0062_Wat,555.0417548
4,Sample_S19S_0062_Wat,555.0993123
7,Sample_S19S_0062_Wat,555.1356619
17,Sample_S19S_0062_Wat,555.1720029
16,Sample_S19S_0062_Wat,555.1871424
20,Sample_S19S_0062_Wat,555.2082923
14,Sample_S19S_0062_Wat,556.1307274
1,Sample_S19S_0062_Wat,556.167018
11,Sample_S19S_0062_Wat,557.0572783
8,Sample_S19S_0062_Wat,557.0785258
16,Sample_S19S_0062_Wat,557.1149049
4,Sample_S19S_0062_Wat,557.1513467
1,Sample_S19S_0062_Wat,557.1666319
3,Sample_S19S_0062_Wat,557.1877224
5,Sample_S19S_0062_Wat,557.2029722
15,Sample_S19S_0062_Wat,557.2239531
9,Sample_S19S_0062_Wat,557.2522397
8,Sample_S19S_0062_Wat,558.0525062
1,Sample_S19S_0062_Wat,559.0362955
1,Sample_S19S_0062_Wat,559.0727284
11,Sample_S19S_0062_Wat,559.1092427
12,Sample_S19S_0062_Wat,559.1951961
19,Sample_S19S_0062_Wat,559.2185569
15,Sample_S19S_0062_Wat,561.0522506
19,Sample_S19S_0062_Wat,561.0885432
8,Sample_S19S_0062_Wat,561.1248442
12,Sample_S19S_0062_Wat,561.1380479
7,Sample_S19S_0062_Wat,561.1611805
8,Sample_S19S_0062_Wat,561.1743368
3,Sample_S19S_0062_Wat,561.1975534
5,Sample_S19S_0062_Wat,561.2106672
5,Sample_S19S_0062_Wat,561.2339983
5,Sample_S19S_0062_Wat,563.0313809
23,Sample_S19S_0062_Wat,563.0679011
10,Sample_S19S_0062_Wat,563.1043787
7,Sample_S19S_0062_Wat,563.140767
4,Sample_S19S_0062_Wat,563.1771352
24,Sample_S19S_0062_Wat,563.2134586
8,Sample_S19S_0062_Wat,564.099606
1,Sample_S19S_0062_Wat,564.1801741
10,Sample_S19S_0062_Wat,565.0833841
2,Sample_S19S_0062_Wat,565.1196921
3,Sample_S19S_0062_Wat,565.1561141
2,Sample_S19S_0062_Wat,565.2208348
16,Sample_S19S_0062_Wat,565.2290122
17,Sample_S19S_0062_Wat,565.2654316
6,Sample_S19S_0062_Wat,567.0416996
13,Sample_S19S_0062_Wat,567.0628477
16,Sample_S19S_0062_Wat,567.0992538
9,Sample_S19S_0062_Wat,567.1356587
17,Sample_S19S_0062_Wat,567.2083955
6,Sample_S19S_0062_Wat,567.2366591
15,Sample_S19S_0062_Wat,567.2446704
1,Sample_S19S_0062_Wat,568.17508
5,Sample_S19S_0062_Wat,569.0573971
15,Sample_S19S_0062_Wat,569.0784551
14,Sample_S19S_0062_Wat,569.1147778
5,Sample_S19S_0062_Wat,569.1299391
9,Sample_S19S_0062_Wat,569.1510794
2,Sample_S19S_0062_Wat,569.1662706
10,Sample_S19S_0062_Wat,569.17943
2,Sample_S19S_0062_Wat,569.1874013
1,Sample_S19S_0062_Wat,569.2157305
3,Sample_S19S_0062_Wat,571.0363946
5,Sample_S19S_0062_Wat,571.0727742
2,Sample_S19S_0062_Wat,571.0939164
23,Sample_S19S_0062_Wat,571.1303995
27,Sample_S19S_0062_Wat,571.1457131
5,Sample_S19S_0062_Wat,571.1588445
26,Sample_S19S_0062_Wat,571.1821369
14,Sample_S19S_0062_Wat,571.2032768
12,Sample_S19S_0062_Wat,573.0521883
22,Sample_S19S_0062_Wat,573.0886509
15,Sample_S19S_0062_Wat,573.1250609
3,Sample_S19S_0062_Wat,573.1826266
5,Sample_S19S_0062_Wat,573.1978706
2,Sample_S19S_0062_Wat,573.2342462
5,Sample_S19S_0062_Wat,575.0680122
8,Sample_S19S_0062_Wat,575.1043617
5,Sample_S19S_0062_Wat,575.1407714
26,Sample_S19S_0062_Wat,575.1770756
29,Sample_S19S_0062_Wat,575.213398
13,Sample_S19S_0062_Wat,575.2497017
3,Sample_S19S_0062_Wat,577.0472834
3,Sample_S19S_0062_Wat,577.0836723
40,Sample_S19S_0062_Wat,577.1563035
25,Sample_S19S_0062_Wat,577.1926143
4,Sample_S19S_0062_Wat,577.228924
14,Sample_S19S_0062_Wat,579.0992643
28,Sample_S19S_0062_Wat,579.1355972
34,Sample_S19S_0062_Wat,579.1719274
18,Sample_S19S_0062_Wat,579.2082488
4,Sample_S19S_0062_Wat,579.2445526
8,Sample_S19S_0062_Wat,581.0785526
19,Sample_S19S_0062_Wat,581.1148894
38,Sample_S19S_0062_Wat,581.1512226
25,Sample_S19S_0062_Wat,581.1875335
19,Sample_S19S_0062_Wat,581.2238624
1,Sample_S19S_0062_Wat,583.1095053
8,Sample_S19S_0062_Wat,583.1306046
15,Sample_S19S_0062_Wat,583.1669172
5,Sample_S19S_0062_Wat,583.1952442
19,Sample_S19S_0062_Wat,583.2032587
11,Sample_S19S_0062_Wat,583.2314722
11,Sample_S19S_0062_Wat,585.052268
8,Sample_S19S_0062_Wat,585.0734724
8,Sample_S19S_0062_Wat,585.0886953
6,Sample_S19S_0062_Wat,585.1098543
5,Sample_S19S_0062_Wat,585.197889
4,Sample_S19S_0062_Wat,585.2190128
1,Sample_S19S_0062_Wat,587.0312669
6,Sample_S19S_0062_Wat,587.06769
7,Sample_S19S_0062_Wat,587.088865
14,Sample_S19S_0062_Wat,587.1041571
14,Sample_S19S_0062_Wat,587.1405809
11,Sample_S19S_0062_Wat,587.161795
11,Sample_S19S_0062_Wat,587.1982185
18,Sample_S19S_0062_Wat,587.2134744
3,Sample_S19S_0062_Wat,587.2265632
12,Sample_S19S_0062_Wat,587.2498677
6,Sample_S19S_0062_Wat,589.0833727
6,Sample_S19S_0062_Wat,589.119725
5,Sample_S19S_0062_Wat,589.1691978
1,Sample_S19S_0062_Wat,589.1924321
1,Sample_S19S_0062_Wat,589.2288053
8,Sample_S19S_0062_Wat,591.0629191
2,Sample_S19S_0062_Wat,591.135742
9,Sample_S19S_0062_Wat,591.1720289
14,Sample_S19S_0062_Wat,591.2083514
12,Sample_S19S_0062_Wat,591.2446301
3,Sample_S19S_0062_Wat,593.1146582
9,Sample_S19S_0062_Wat,593.1511079
26,Sample_S19S_0062_Wat,593.1875846
18,Sample_S19S_0062_Wat,593.2240288
9,Sample_S19S_0062_Wat,595.0578225
15,Sample_S19S_0062_Wat,595.0941069
19,Sample_S19S_0062_Wat,595.130396
13,Sample_S19S_0062_Wat,597.1460191
25,Sample_S19S_0062_Wat,597.1824999
11,Sample_S19S_0062_Wat,599.1254651
16,Sample_S19S_0062_Wat,599.1618335
5,Sample_S19S_0062_Wat,601.0833482
4,Sample_S19S_0062_Wat,601.1560091
9,Sample_S19S_0062_Wat,601.1773116
12,Sample_S19S_0062_Wat,603.0990962
15,Sample_S19S_0062_Wat,603.135473
22,Sample_S19S_0062_Wat,603.1719444
18,Sample_S19S_0062_Wat,603.2083804
9,Sample_S19S_0062_Wat,605.0785609
1,Sample_S19S_0062_Wat,605.1149751
2,Sample_S19S_0062_Wat,605.1513953
9,Sample_S19S_0062_Wat,605.1877226
26,Sample_S19S_0062_Wat,607.1304892
27,Sample_S19S_0062_Wat,607.1667845
3,Sample_S19S_0062_Wat,607.2030678
19,Sample_S19S_0062_Wat,609.1096597
3,Sample_S19S_0062_Wat,609.1459321
2,Sample_S19S_0062_Wat,609.1822447
1,Sample_S19S_0062_Wat,611.0887789
1,Sample_S19S_0062_Wat,611.125099
1,Sample_S19S_0062_Wat,611.1978745
3,Sample_S19S_0062_Wat,613.0681488
2,Sample_S19S_0062_Wat,613.119618
2,Sample_S19S_0062_Wat,613.2054697
3,Sample_S19S_0062_Wat,615.0988834
1,Sample_S19S_0062_Wat,615.1351062
4,Sample_S19S_0062_Wat,617.0782506
3,Sample_S19S_0062_Wat,619.1666544
2,Sample_S19S_0062_Wat,619.2029535
12,Sample_S19S_0062_Wat,621.1098264
27,Sample_S19S_0062_Wat,621.1825214
16,Sample_S19S_0062_Wat,621.218773
9,Sample_S19S_0062_Wat,623.0891397
1,Sample_S19S_0062_Wat,623.162005
3,Sample_S19S_0062_Wat,623.1983716
5,Sample_S19S_0062_Wat,625.1408979
11,Sample_S19S_0062_Wat,625.1773321
13,Sample_S19S_0062_Wat,625.2501721
8,Sample_S19S_0062_Wat,627.0626552
1,Sample_S19S_0062_Wat,629.2237856
17,Sample_S19S_0062_Wat,631.1667917
2,Sample_S19S_0062_Wat,633.1822488
6,Sample_S19S_0062_Wat,635.1982777
10,Sample_S19S_0062_Wat,637.1408976
3,Sample_S19S_0062_Wat,639.1564278
1,Sample_S19S_0062_Wat,643.1300306
4,Sample_S19S_0062_Wat,647.1252258
14,Sample_S19S_0062_Wat,647.1981103
1,Sample_S19S_0062_Wat,651.1200451
1,Sample_S19S_0062_Wat,651.2652548
2,Sample_S19S_0062_Wat,657.2038471
14,Sample_S19S_0062_Wat,659.1254648
15,Sample_S19S_0062_Wat,661.2138611
19,Sample_S19S_0062_Wat,663.2295158
1,Sample_S19S_0062_Wat,665.2089152
9,Sample_S19S_0062_Wat,667.2244188
1,Sample_S19S_0062_Wat,677.245322
5,Sample_S19S_0062_Wat,679.1151766
3,Sample_S19S_0062_Wat,679.1877778
9,Sample_S19S_0062_Wat,683.146581
1,Sample_S19S_0062_Wat,683.2195654
