num.trans.involved.in,sample,peak
42,Sample_S19S_0089_Wat,201.0404313
39,Sample_S19S_0089_Wat,201.0768122
32,Sample_S19S_0089_Wat,201.1131969
37,Sample_S19S_0089_Wat,203.0349506
47,Sample_S19S_0089_Wat,203.0560881
12,Sample_S19S_0089_Wat,203.0713203
14,Sample_S19S_0089_Wat,203.0924536
33,Sample_S19S_0089_Wat,204.0302084
44,Sample_S19S_0089_Wat,205.0142188
42,Sample_S19S_0089_Wat,205.0505947
29,Sample_S19S_0089_Wat,205.0539743
26,Sample_S19S_0089_Wat,205.086978
13,Sample_S19S_0089_Wat,205.1597578
53,Sample_S19S_0089_Wat,207.0298709
53,Sample_S19S_0089_Wat,207.066249
36,Sample_S19S_0089_Wat,207.1026321
27,Sample_S19S_0089_Wat,208.0615064
27,Sample_S19S_0089_Wat,209.0091207
49,Sample_S19S_0089_Wat,209.0455114
49,Sample_S19S_0089_Wat,209.0818981
34,Sample_S19S_0089_Wat,209.1182936
21,Sample_S19S_0089_Wat,210.0407624
20,Sample_S19S_0089_Wat,210.0771409
10,Sample_S19S_0089_Wat,211.0069933
68,Sample_S19S_0089_Wat,211.0247874
69,Sample_S19S_0089_Wat,211.0611736
47,Sample_S19S_0089_Wat,211.097555
33,Sample_S19S_0089_Wat,211.1339377
9,Sample_S19S_0089_Wat,212.0200182
30,Sample_S19S_0089_Wat,212.0564229
28,Sample_S19S_0089_Wat,212.9863172
30,Sample_S19S_0089_Wat,213.0226817
43,Sample_S19S_0089_Wat,213.0404285
56,Sample_S19S_0089_Wat,213.0768216
39,Sample_S19S_0089_Wat,213.1132092
25,Sample_S19S_0089_Wat,214.0720739
23,Sample_S19S_0089_Wat,215.0019358
18,Sample_S19S_0089_Wat,215.0349424
36,Sample_S19S_0089_Wat,215.0383432
49,Sample_S19S_0089_Wat,215.0560786
50,Sample_S19S_0089_Wat,215.0924726
28,Sample_S19S_0089_Wat,215.1288446
20,Sample_S19S_0089_Wat,217.0505866
55,Sample_S19S_0089_Wat,217.0717431
39,Sample_S19S_0089_Wat,217.1081169
62,Sample_S19S_0089_Wat,219.0298823
26,Sample_S19S_0089_Wat,219.0662407
10,Sample_S19S_0089_Wat,219.0695813
41,Sample_S19S_0089_Wat,219.0873877
32,Sample_S19S_0089_Wat,219.1026309
11,Sample_S19S_0089_Wat,220.0614803
11,Sample_S19S_0089_Wat,220.9913602
30,Sample_S19S_0089_Wat,221.0091259
51,Sample_S19S_0089_Wat,221.0455191
33,Sample_S19S_0089_Wat,221.048891
31,Sample_S19S_0089_Wat,221.0818912
36,Sample_S19S_0089_Wat,221.1182865
12,Sample_S19S_0089_Wat,222.0407486
18,Sample_S19S_0089_Wat,222.0771399
62,Sample_S19S_0089_Wat,223.0247931
13,Sample_S19S_0089_Wat,223.0400483
31,Sample_S19S_0089_Wat,223.0611523
28,Sample_S19S_0089_Wat,223.0645431
54,Sample_S19S_0089_Wat,223.0975605
41,Sample_S19S_0089_Wat,223.1339546
36,Sample_S19S_0089_Wat,224.0564233
11,Sample_S19S_0089_Wat,224.092781
18,Sample_S19S_0089_Wat,225.0040321
29,Sample_S19S_0089_Wat,225.0226783
89,Sample_S19S_0089_Wat,225.0404494
30,Sample_S19S_0089_Wat,225.0557149
66,Sample_S19S_0089_Wat,225.0768195
25,Sample_S19S_0089_Wat,225.1131873
32,Sample_S19S_0089_Wat,225.1496041
23,Sample_S19S_0089_Wat,226.0356785
40,Sample_S19S_0089_Wat,226.072077
10,Sample_S19S_0089_Wat,227.0019215
26,Sample_S19S_0089_Wat,227.0196895
28,Sample_S19S_0089_Wat,227.0383214
48,Sample_S19S_0089_Wat,227.056079
62,Sample_S19S_0089_Wat,227.092466
43,Sample_S19S_0089_Wat,227.1288722
13,Sample_S19S_0089_Wat,228.0513116
32,Sample_S19S_0089_Wat,229.0175957
49,Sample_S19S_0089_Wat,229.0353497
22,Sample_S19S_0089_Wat,229.050599
36,Sample_S19S_0089_Wat,229.0539812
58,Sample_S19S_0089_Wat,229.0717413
48,Sample_S19S_0089_Wat,229.1081151
29,Sample_S19S_0089_Wat,229.14452
54,Sample_S19S_0089_Wat,231.0298777
41,Sample_S19S_0089_Wat,231.0332653
49,Sample_S19S_0089_Wat,231.051012
40,Sample_S19S_0089_Wat,231.0662593
34,Sample_S19S_0089_Wat,231.0696453
54,Sample_S19S_0089_Wat,231.0873835
1,Sample_S19S_0089_Wat,231.1025998
19,Sample_S19S_0089_Wat,231.1237543
35,Sample_S19S_0089_Wat,232.0615087
60,Sample_S19S_0089_Wat,233.0091463
53,Sample_S19S_0089_Wat,233.0455307
34,Sample_S19S_0089_Wat,233.0489051
72,Sample_S19S_0089_Wat,233.0666759
50,Sample_S19S_0089_Wat,233.0819208
33,Sample_S19S_0089_Wat,233.0852976
43,Sample_S19S_0089_Wat,233.1030488
39,Sample_S19S_0089_Wat,233.1182842
20,Sample_S19S_0089_Wat,233.1546845
10,Sample_S19S_0089_Wat,234.0407445
7,Sample_S19S_0089_Wat,234.0771258
9,Sample_S19S_0089_Wat,235.0070019
62,Sample_S19S_0089_Wat,235.0247912
29,Sample_S19S_0089_Wat,235.0281549
71,Sample_S19S_0089_Wat,235.0611873
37,Sample_S19S_0089_Wat,235.0645616
54,Sample_S19S_0089_Wat,235.0975749
33,Sample_S19S_0089_Wat,235.1339408
42,Sample_S19S_0089_Wat,236.0200457
58,Sample_S19S_0089_Wat,236.0564412
41,Sample_S19S_0089_Wat,237.0040579
13,Sample_S19S_0089_Wat,237.022664
61,Sample_S19S_0089_Wat,237.0404421
29,Sample_S19S_0089_Wat,237.0438231
71,Sample_S19S_0089_Wat,237.0768351
35,Sample_S19S_0089_Wat,237.0802207
56,Sample_S19S_0089_Wat,237.1132227
43,Sample_S19S_0089_Wat,237.1496102
21,Sample_S19S_0089_Wat,238.0356696
37,Sample_S19S_0089_Wat,238.0720655
75,Sample_S19S_0089_Wat,239.0197221
38,Sample_S19S_0089_Wat,239.0349883
106,Sample_S19S_0089_Wat,239.0561117
12,Sample_S19S_0089_Wat,239.0673352
49,Sample_S19S_0089_Wat,239.0713784
103,Sample_S19S_0089_Wat,239.092497
61,Sample_S19S_0089_Wat,239.1288753
42,Sample_S19S_0089_Wat,240.0513448
41,Sample_S19S_0089_Wat,240.0877319
29,Sample_S19S_0089_Wat,241.0176131
79,Sample_S19S_0089_Wat,241.03537
39,Sample_S19S_0089_Wat,241.0506299
31,Sample_S19S_0089_Wat,241.0539901
63,Sample_S19S_0089_Wat,241.0717422
48,Sample_S19S_0089_Wat,241.1081087
33,Sample_S19S_0089_Wat,241.1445007
56,Sample_S19S_0089_Wat,242.0670034
30,Sample_S19S_0089_Wat,242.1033669
21,Sample_S19S_0089_Wat,242.139775
28,Sample_S19S_0089_Wat,242.9968753
52,Sample_S19S_0089_Wat,243.0332768
82,Sample_S19S_0089_Wat,243.0510224
23,Sample_S19S_0089_Wat,243.0662508
37,Sample_S19S_0089_Wat,243.0696352
52,Sample_S19S_0089_Wat,243.0873816
37,Sample_S19S_0089_Wat,243.1237626
39,Sample_S19S_0089_Wat,244.0826525
36,Sample_S19S_0089_Wat,245.0125083
93,Sample_S19S_0089_Wat,245.0455587
37,Sample_S19S_0089_Wat,245.0489119
98,Sample_S19S_0089_Wat,245.0666847
65,Sample_S19S_0089_Wat,245.0819342
53,Sample_S19S_0089_Wat,245.0853113
77,Sample_S19S_0089_Wat,245.1030642
27,Sample_S19S_0089_Wat,245.1182896
33,Sample_S19S_0089_Wat,245.1394342
36,Sample_S19S_0089_Wat,246.0407845
62,Sample_S19S_0089_Wat,247.024801
35,Sample_S19S_0089_Wat,247.0281631
28,Sample_S19S_0089_Wat,247.0459114
89,Sample_S19S_0089_Wat,247.0612011
14,Sample_S19S_0089_Wat,247.0645256
83,Sample_S19S_0089_Wat,247.0823368
83,Sample_S19S_0089_Wat,247.0975945
40,Sample_S19S_0089_Wat,247.1009705
62,Sample_S19S_0089_Wat,247.118733
54,Sample_S19S_0089_Wat,247.1339672
38,Sample_S19S_0089_Wat,248.0200547
53,Sample_S19S_0089_Wat,248.0564361
36,Sample_S19S_0089_Wat,248.0928093
53,Sample_S19S_0089_Wat,249.0040636
30,Sample_S19S_0089_Wat,249.0227066
95,Sample_S19S_0089_Wat,249.0404675
40,Sample_S19S_0089_Wat,249.0438151
105,Sample_S19S_0089_Wat,249.0768527
40,Sample_S19S_0089_Wat,249.0802097
51,Sample_S19S_0089_Wat,249.1132224
51,Sample_S19S_0089_Wat,249.1496147
62,Sample_S19S_0089_Wat,250.07209
31,Sample_S19S_0089_Wat,251.0019799
85,Sample_S19S_0089_Wat,251.0197332
85,Sample_S19S_0089_Wat,251.0560986
38,Sample_S19S_0089_Wat,251.0594793
13,Sample_S19S_0089_Wat,251.0673594
126,Sample_S19S_0089_Wat,251.0925063
34,Sample_S19S_0089_Wat,251.0958765
61,Sample_S19S_0089_Wat,251.1289035
56,Sample_S19S_0089_Wat,252.0513612
53,Sample_S19S_0089_Wat,252.0877348
36,Sample_S19S_0089_Wat,253.0176287
106,Sample_S19S_0089_Wat,253.0353983
26,Sample_S19S_0089_Wat,253.0506737
11,Sample_S19S_0089_Wat,253.0540606
129,Sample_S19S_0089_Wat,253.0717756
28,Sample_S19S_0089_Wat,253.0751557
9,Sample_S19S_0089_Wat,253.0829986
53,Sample_S19S_0089_Wat,253.1081345
65,Sample_S19S_0089_Wat,253.1445337
12,Sample_S19S_0089_Wat,254.0458809
48,Sample_S19S_0089_Wat,254.0670222
47,Sample_S19S_0089_Wat,254.1033853
30,Sample_S19S_0089_Wat,254.9968923
61,Sample_S19S_0089_Wat,255.0146298
56,Sample_S19S_0089_Wat,255.0299194
46,Sample_S19S_0089_Wat,255.0332681
109,Sample_S19S_0089_Wat,255.0510433
53,Sample_S19S_0089_Wat,255.0663123
22,Sample_S19S_0089_Wat,255.0696877
131,Sample_S19S_0089_Wat,255.0874163
60,Sample_S19S_0089_Wat,255.1237776
47,Sample_S19S_0089_Wat,255.1602018
2,Sample_S19S_0089_Wat,255.2329705
55,Sample_S19S_0089_Wat,256.0826837
30,Sample_S19S_0089_Wat,256.1190609
36,Sample_S19S_0089_Wat,257.012566
85,Sample_S19S_0089_Wat,257.030304
77,Sample_S19S_0089_Wat,257.0455598
63,Sample_S19S_0089_Wat,257.048925
104,Sample_S19S_0089_Wat,257.0666765
54,Sample_S19S_0089_Wat,257.0819311
52,Sample_S19S_0089_Wat,257.085313
74,Sample_S19S_0089_Wat,257.1030521
69,Sample_S19S_0089_Wat,257.1394516
39,Sample_S19S_0089_Wat,257.175834
50,Sample_S19S_0089_Wat,258.0619166
50,Sample_S19S_0089_Wat,258.0983343
20,Sample_S19S_0089_Wat,258.9917817
69,Sample_S19S_0089_Wat,259.0248281
45,Sample_S19S_0089_Wat,259.0282061
89,Sample_S19S_0089_Wat,259.0459547
87,Sample_S19S_0089_Wat,259.0612028
64,Sample_S19S_0089_Wat,259.0645754
101,Sample_S19S_0089_Wat,259.0823405
76,Sample_S19S_0089_Wat,259.0975861
46,Sample_S19S_0089_Wat,259.1009624
77,Sample_S19S_0089_Wat,259.1187072
46,Sample_S19S_0089_Wat,259.1551113
24,Sample_S19S_0089_Wat,260.0564172
38,Sample_S19S_0089_Wat,260.0775722
34,Sample_S19S_0089_Wat,260.1139812
45,Sample_S19S_0089_Wat,261.0040785
78,Sample_S19S_0089_Wat,261.040468
39,Sample_S19S_0089_Wat,261.04386
70,Sample_S19S_0089_Wat,261.061588
107,Sample_S19S_0089_Wat,261.0768598
41,Sample_S19S_0089_Wat,261.0801943
67,Sample_S19S_0089_Wat,261.0980071
71,Sample_S19S_0089_Wat,261.1132477
62,Sample_S19S_0089_Wat,261.1343647
40,Sample_S19S_0089_Wat,262.0357323
47,Sample_S19S_0089_Wat,262.0721008
40,Sample_S19S_0089_Wat,262.0932448
23,Sample_S19S_0089_Wat,263.0019992
60,Sample_S19S_0089_Wat,263.019721
31,Sample_S19S_0089_Wat,263.0230946
18,Sample_S19S_0089_Wat,263.0384053
99,Sample_S19S_0089_Wat,263.0561329
54,Sample_S19S_0089_Wat,263.0595
60,Sample_S19S_0089_Wat,263.0924815
41,Sample_S19S_0089_Wat,263.0958535
60,Sample_S19S_0089_Wat,263.128908
8,Sample_S19S_0089_Wat,263.1322936
38,Sample_S19S_0089_Wat,263.1500397
59,Sample_S19S_0089_Wat,264.0513612
53,Sample_S19S_0089_Wat,264.087752
20,Sample_S19S_0089_Wat,264.9812269
29,Sample_S19S_0089_Wat,265.017661
96,Sample_S19S_0089_Wat,265.0353938
40,Sample_S19S_0089_Wat,265.038755
101,Sample_S19S_0089_Wat,265.0717855
45,Sample_S19S_0089_Wat,265.07514
20,Sample_S19S_0089_Wat,265.0829943
113,Sample_S19S_0089_Wat,265.1081545
50,Sample_S19S_0089_Wat,265.1445692
14,Sample_S19S_0089_Wat,265.1479151
4,Sample_S19S_0089_Wat,265.1575521
44,Sample_S19S_0089_Wat,266.0306266
65,Sample_S19S_0089_Wat,266.0670361
44,Sample_S19S_0089_Wat,266.1034196
38,Sample_S19S_0089_Wat,266.9969045
67,Sample_S19S_0089_Wat,267.0146829
45,Sample_S19S_0089_Wat,267.029917
20,Sample_S19S_0089_Wat,267.03333
120,Sample_S19S_0089_Wat,267.0510336
26,Sample_S19S_0089_Wat,267.0543943
15,Sample_S19S_0089_Wat,267.0622941
31,Sample_S19S_0089_Wat,267.0663132
14,Sample_S19S_0089_Wat,267.0696979
116,Sample_S19S_0089_Wat,267.0874299
31,Sample_S19S_0089_Wat,267.0908069
107,Sample_S19S_0089_Wat,267.123805
58,Sample_S19S_0089_Wat,267.1601848
63,Sample_S19S_0089_Wat,268.0462977
67,Sample_S19S_0089_Wat,268.08266
48,Sample_S19S_0089_Wat,268.1190514
43,Sample_S19S_0089_Wat,269.01256
82,Sample_S19S_0089_Wat,269.0303205
17,Sample_S19S_0089_Wat,269.0455202
63,Sample_S19S_0089_Wat,269.0489342
130,Sample_S19S_0089_Wat,269.0666802
21,Sample_S19S_0089_Wat,269.0779259
54,Sample_S19S_0089_Wat,269.0819528
48,Sample_S19S_0089_Wat,269.0853155
110,Sample_S19S_0089_Wat,269.1030627
73,Sample_S19S_0089_Wat,269.1394657
39,Sample_S19S_0089_Wat,269.1758579
40,Sample_S19S_0089_Wat,270.0255615
63,Sample_S19S_0089_Wat,270.0619439
58,Sample_S19S_0089_Wat,270.0983057
31,Sample_S19S_0089_Wat,270.9918312
13,Sample_S19S_0089_Wat,271.0070625
52,Sample_S19S_0089_Wat,271.0281864
82,Sample_S19S_0089_Wat,271.0459737
39,Sample_S19S_0089_Wat,271.061176
54,Sample_S19S_0089_Wat,271.0645721
106,Sample_S19S_0089_Wat,271.0823212
47,Sample_S19S_0089_Wat,271.0976146
13,Sample_S19S_0089_Wat,271.1009969
104,Sample_S19S_0089_Wat,271.118718
46,Sample_S19S_0089_Wat,271.1551343
45,Sample_S19S_0089_Wat,272.0412153
27,Sample_S19S_0089_Wat,272.0564234
59,Sample_S19S_0089_Wat,272.0775888
39,Sample_S19S_0089_Wat,273.0074568
84,Sample_S19S_0089_Wat,273.040478
51,Sample_S19S_0089_Wat,273.0438577
80,Sample_S19S_0089_Wat,273.061591
102,Sample_S19S_0089_Wat,273.0768603
38,Sample_S19S_0089_Wat,273.0802466
10,Sample_S19S_0089_Wat,273.0881174
90,Sample_S19S_0089_Wat,273.0979879
68,Sample_S19S_0089_Wat,273.1132445
38,Sample_S19S_0089_Wat,273.1166186
62,Sample_S19S_0089_Wat,273.1343844
41,Sample_S19S_0089_Wat,273.1707658
41,Sample_S19S_0089_Wat,274.0357454
39,Sample_S19S_0089_Wat,274.0568533
49,Sample_S19S_0089_Wat,274.0720917
42,Sample_S19S_0089_Wat,274.0932637
33,Sample_S19S_0089_Wat,274.1296219
77,Sample_S19S_0089_Wat,275.0197425
48,Sample_S19S_0089_Wat,275.0231068
90,Sample_S19S_0089_Wat,275.0561155
64,Sample_S19S_0089_Wat,275.0594984
88,Sample_S19S_0089_Wat,275.0772487
103,Sample_S19S_0089_Wat,275.0925149
33,Sample_S19S_0089_Wat,275.0958927
75,Sample_S19S_0089_Wat,275.1136274
69,Sample_S19S_0089_Wat,275.1288873
48,Sample_S19S_0089_Wat,275.1500444
35,Sample_S19S_0089_Wat,276.0150051
49,Sample_S19S_0089_Wat,276.0513913
23,Sample_S19S_0089_Wat,276.0725557
30,Sample_S19S_0089_Wat,276.0877174
27,Sample_S19S_0089_Wat,276.108923
23,Sample_S19S_0089_Wat,277.017612
105,Sample_S19S_0089_Wat,277.0354157
30,Sample_S19S_0089_Wat,277.0387785
20,Sample_S19S_0089_Wat,277.0540428
103,Sample_S19S_0089_Wat,277.0717892
60,Sample_S19S_0089_Wat,277.0751477
48,Sample_S19S_0089_Wat,277.0929294
105,Sample_S19S_0089_Wat,277.1081544
20,Sample_S19S_0089_Wat,277.1115453
44,Sample_S19S_0089_Wat,277.1293085
74,Sample_S19S_0089_Wat,277.1445377
39,Sample_S19S_0089_Wat,278.0306345
58,Sample_S19S_0089_Wat,278.0670289
30,Sample_S19S_0089_Wat,278.0881845
43,Sample_S19S_0089_Wat,278.1034322
30,Sample_S19S_0089_Wat,278.9969129
47,Sample_S19S_0089_Wat,279.0146331
45,Sample_S19S_0089_Wat,279.0332802
102,Sample_S19S_0089_Wat,279.0510516
51,Sample_S19S_0089_Wat,279.0544147
21,Sample_S19S_0089_Wat,279.0622836
65,Sample_S19S_0089_Wat,279.0874539
8,Sample_S19S_0089_Wat,279.0908266
24,Sample_S19S_0089_Wat,279.0986672
78,Sample_S19S_0089_Wat,279.1238221
31,Sample_S19S_0089_Wat,279.1271864
57,Sample_S19S_0089_Wat,279.160186
10,Sample_S19S_0089_Wat,279.1635618
65,Sample_S19S_0089_Wat,280.0463018
68,Sample_S19S_0089_Wat,280.0826921
54,Sample_S19S_0089_Wat,280.1190492
14,Sample_S19S_0089_Wat,280.976198
34,Sample_S19S_0089_Wat,281.0125726
82,Sample_S19S_0089_Wat,281.0303339
29,Sample_S19S_0089_Wat,281.0336775
41,Sample_S19S_0089_Wat,281.0455622
9,Sample_S19S_0089_Wat,281.0489881
128,Sample_S19S_0089_Wat,281.0666829
21,Sample_S19S_0089_Wat,281.0700358
25,Sample_S19S_0089_Wat,281.0779309
12,Sample_S19S_0089_Wat,281.0819903
80,Sample_S19S_0089_Wat,281.1030502
28,Sample_S19S_0089_Wat,281.106436
92,Sample_S19S_0089_Wat,281.1394597
40,Sample_S19S_0089_Wat,281.1758716
36,Sample_S19S_0089_Wat,282.025533
50,Sample_S19S_0089_Wat,282.0983548
27,Sample_S19S_0089_Wat,282.9917912
60,Sample_S19S_0089_Wat,283.0095898
29,Sample_S19S_0089_Wat,283.0247982
41,Sample_S19S_0089_Wat,283.0282193
111,Sample_S19S_0089_Wat,283.0459554
56,Sample_S19S_0089_Wat,283.0612062
11,Sample_S19S_0089_Wat,283.064623
82,Sample_S19S_0089_Wat,283.0823169
5,Sample_S19S_0089_Wat,283.1010031
124,Sample_S19S_0089_Wat,283.118715
56,Sample_S19S_0089_Wat,283.1551309
15,Sample_S19S_0089_Wat,283.1915306
15,Sample_S19S_0089_Wat,284.0201135
41,Sample_S19S_0089_Wat,284.0412345
60,Sample_S19S_0089_Wat,284.0776208
52,Sample_S19S_0089_Wat,284.1139788
47,Sample_S19S_0089_Wat,285.0041133
42,Sample_S19S_0089_Wat,285.0074703
11,Sample_S19S_0089_Wat,285.0227065
72,Sample_S19S_0089_Wat,285.025228
74,Sample_S19S_0089_Wat,285.0404866
36,Sample_S19S_0089_Wat,285.0438689
81,Sample_S19S_0089_Wat,285.0616357
64,Sample_S19S_0089_Wat,285.0768513
52,Sample_S19S_0089_Wat,285.0802217
47,Sample_S19S_0089_Wat,285.0980306
26,Sample_S19S_0089_Wat,285.1132165
39,Sample_S19S_0089_Wat,285.1166168
9,Sample_S19S_0089_Wat,285.1262347
66,Sample_S19S_0089_Wat,285.1343948
57,Sample_S19S_0089_Wat,285.17075
24,Sample_S19S_0089_Wat,286.0356968
49,Sample_S19S_0089_Wat,286.0568589
62,Sample_S19S_0089_Wat,286.0932539
23,Sample_S19S_0089_Wat,286.9867155
11,Sample_S19S_0089_Wat,287.0019955
72,Sample_S19S_0089_Wat,287.0197477
41,Sample_S19S_0089_Wat,287.0231311
2,Sample_S19S_0089_Wat,287.0384639
70,Sample_S19S_0089_Wat,287.0408776
82,Sample_S19S_0089_Wat,287.0561351
17,Sample_S19S_0089_Wat,287.0595327
93,Sample_S19S_0089_Wat,287.0772537
82,Sample_S19S_0089_Wat,287.0925228
59,Sample_S19S_0089_Wat,287.0958808
92,Sample_S19S_0089_Wat,287.1136282
55,Sample_S19S_0089_Wat,287.1289021
68,Sample_S19S_0089_Wat,287.150015
34,Sample_S19S_0089_Wat,287.1864124
46,Sample_S19S_0089_Wat,288.0513962
49,Sample_S19S_0089_Wat,288.0725046
42,Sample_S19S_0089_Wat,288.1089115
8,Sample_S19S_0089_Wat,288.1453272
87,Sample_S19S_0089_Wat,289.0354029
41,Sample_S19S_0089_Wat,289.0387746
75,Sample_S19S_0089_Wat,289.0565242
108,Sample_S19S_0089_Wat,289.0717704
69,Sample_S19S_0089_Wat,289.0751476
16,Sample_S19S_0089_Wat,289.0830287
80,Sample_S19S_0089_Wat,289.0929075
81,Sample_S19S_0089_Wat,289.1081489
54,Sample_S19S_0089_Wat,289.1115236
72,Sample_S19S_0089_Wat,289.1292776
64,Sample_S19S_0089_Wat,289.1445478
13,Sample_S19S_0089_Wat,290.0305978
33,Sample_S19S_0089_Wat,290.0669883
14,Sample_S19S_0089_Wat,290.0882083
58,Sample_S19S_0089_Wat,290.1033932
11,Sample_S19S_0089_Wat,290.1245994
12,Sample_S19S_0089_Wat,290.1431651
19,Sample_S19S_0089_Wat,290.9969451
72,Sample_S19S_0089_Wat,291.0146759
13,Sample_S19S_0089_Wat,291.0333342
101,Sample_S19S_0089_Wat,291.0510416
55,Sample_S19S_0089_Wat,291.0543989
18,Sample_S19S_0089_Wat,291.0622947
19,Sample_S19S_0089_Wat,291.0663145
26,Sample_S19S_0089_Wat,291.0696667
64,Sample_S19S_0089_Wat,291.0721692
99,Sample_S19S_0089_Wat,291.0874132
37,Sample_S19S_0089_Wat,291.0907683
14,Sample_S19S_0089_Wat,291.0986884
59,Sample_S19S_0089_Wat,291.1085682
82,Sample_S19S_0089_Wat,291.1237966
28,Sample_S19S_0089_Wat,291.1271615
60,Sample_S19S_0089_Wat,291.1601932
24,Sample_S19S_0089_Wat,292.0098809
50,Sample_S19S_0089_Wat,292.0462633
24,Sample_S19S_0089_Wat,292.0674445
37,Sample_S19S_0089_Wat,292.1038307
45,Sample_S19S_0089_Wat,292.1190716
25,Sample_S19S_0089_Wat,293.0125803
89,Sample_S19S_0089_Wat,293.0303357
32,Sample_S19S_0089_Wat,293.0336884
27,Sample_S19S_0089_Wat,293.0489616
94,Sample_S19S_0089_Wat,293.0667099
43,Sample_S19S_0089_Wat,293.0700724
24,Sample_S19S_0089_Wat,293.0779374
30,Sample_S19S_0089_Wat,293.0853214
111,Sample_S19S_0089_Wat,293.1030793
37,Sample_S19S_0089_Wat,293.1064492
94,Sample_S19S_0089_Wat,293.1394564
22,Sample_S19S_0089_Wat,293.1757942
17,Sample_S19S_0089_Wat,294.0255165
56,Sample_S19S_0089_Wat,294.0619153
14,Sample_S19S_0089_Wat,294.0831174
62,Sample_S19S_0089_Wat,294.098304
10,Sample_S19S_0089_Wat,294.9918681
48,Sample_S19S_0089_Wat,295.0095496
22,Sample_S19S_0089_Wat,295.0248575
4,Sample_S19S_0089_Wat,295.0282728
91,Sample_S19S_0089_Wat,295.0459444
35,Sample_S19S_0089_Wat,295.0493263
8,Sample_S19S_0089_Wat,295.0646393
123,Sample_S19S_0089_Wat,295.0823376
44,Sample_S19S_0089_Wat,295.0857132
2,Sample_S19S_0089_Wat,295.093638
7,Sample_S19S_0089_Wat,295.1010171
127,Sample_S19S_0089_Wat,295.1187213
30,Sample_S19S_0089_Wat,295.1221028
3,Sample_S19S_0089_Wat,295.137392
73,Sample_S19S_0089_Wat,295.1550986
41,Sample_S19S_0089_Wat,295.1914926
42,Sample_S19S_0089_Wat,296.0411763
65,Sample_S19S_0089_Wat,296.0775656
48,Sample_S19S_0089_Wat,296.1139469
36,Sample_S19S_0089_Wat,297.0074532
78,Sample_S19S_0089_Wat,297.025237
37,Sample_S19S_0089_Wat,297.0404658
39,Sample_S19S_0089_Wat,297.0438655
93,Sample_S19S_0089_Wat,297.0616262
24,Sample_S19S_0089_Wat,297.0728378
31,Sample_S19S_0089_Wat,297.0768371
53,Sample_S19S_0089_Wat,297.080232
75,Sample_S19S_0089_Wat,297.0980154
38,Sample_S19S_0089_Wat,297.1132369
50,Sample_S19S_0089_Wat,297.1344063
16,Sample_S19S_0089_Wat,297.1529844
31,Sample_S19S_0089_Wat,297.1707937
18,Sample_S19S_0089_Wat,298.0357121
60,Sample_S19S_0089_Wat,298.0568737
60,Sample_S19S_0089_Wat,298.0932671
43,Sample_S19S_0089_Wat,298.1296449
28,Sample_S19S_0089_Wat,298.9867348
47,Sample_S19S_0089_Wat,299.0197546
44,Sample_S19S_0089_Wat,299.0231228
3,Sample_S19S_0089_Wat,299.038435
68,Sample_S19S_0089_Wat,299.0408894
83,Sample_S19S_0089_Wat,299.05613
69,Sample_S19S_0089_Wat,299.0595
107,Sample_S19S_0089_Wat,299.0772616
60,Sample_S19S_0089_Wat,299.0924991
37,Sample_S19S_0089_Wat,299.0958611
98,Sample_S19S_0089_Wat,299.1136455
26,Sample_S19S_0089_Wat,299.1288646
34,Sample_S19S_0089_Wat,299.1322536
88,Sample_S19S_0089_Wat,299.1500243
39,Sample_S19S_0089_Wat,299.1864335
44,Sample_S19S_0089_Wat,300.0513851
60,Sample_S19S_0089_Wat,300.0725
44,Sample_S19S_0089_Wat,300.0877696
50,Sample_S19S_0089_Wat,300.1089049
28,Sample_S19S_0089_Wat,300.1453117
26,Sample_S19S_0089_Wat,300.9989926
30,Sample_S19S_0089_Wat,301.0023572
5,Sample_S19S_0089_Wat,301.0177318
77,Sample_S19S_0089_Wat,301.0353903
54,Sample_S19S_0089_Wat,301.0387674
66,Sample_S19S_0089_Wat,301.0565488
74,Sample_S19S_0089_Wat,301.071792
69,Sample_S19S_0089_Wat,301.0751454
73,Sample_S19S_0089_Wat,301.092932
17,Sample_S19S_0089_Wat,301.1041695
45,Sample_S19S_0089_Wat,301.1081829
41,Sample_S19S_0089_Wat,301.1115398
60,Sample_S19S_0089_Wat,301.129318
51,Sample_S19S_0089_Wat,301.1445638
50,Sample_S19S_0089_Wat,301.1656955
37,Sample_S19S_0089_Wat,302.0306578
51,Sample_S19S_0089_Wat,302.0670162
38,Sample_S19S_0089_Wat,302.0881947
33,Sample_S19S_0089_Wat,302.1245742
20,Sample_S19S_0089_Wat,302.9968961
60,Sample_S19S_0089_Wat,303.0146906
41,Sample_S19S_0089_Wat,303.0180437
10,Sample_S19S_0089_Wat,303.033326
88,Sample_S19S_0089_Wat,303.0510433
68,Sample_S19S_0089_Wat,303.0544081
82,Sample_S19S_0089_Wat,303.0721573
88,Sample_S19S_0089_Wat,303.0874395
62,Sample_S19S_0089_Wat,303.0907893
90,Sample_S19S_0089_Wat,303.1085414
73,Sample_S19S_0089_Wat,303.1238249
34,Sample_S19S_0089_Wat,303.1271588
73,Sample_S19S_0089_Wat,303.1449308
45,Sample_S19S_0089_Wat,303.1602155
24,Sample_S19S_0089_Wat,304.0099148
46,Sample_S19S_0089_Wat,304.0462877
29,Sample_S19S_0089_Wat,304.0674332
55,Sample_S19S_0089_Wat,304.0826613
38,Sample_S19S_0089_Wat,304.1038383
57,Sample_S19S_0089_Wat,304.119049
10,Sample_S19S_0089_Wat,304.1402446
22,Sample_S19S_0089_Wat,305.0125752
87,Sample_S19S_0089_Wat,305.0303157
46,Sample_S19S_0089_Wat,305.0336873
36,Sample_S19S_0089_Wat,305.0489365
118,Sample_S19S_0089_Wat,305.0666877
60,Sample_S19S_0089_Wat,305.0700613
2,Sample_S19S_0089_Wat,305.0779953
52,Sample_S19S_0089_Wat,305.087829
97,Sample_S19S_0089_Wat,305.1030852
34,Sample_S19S_0089_Wat,305.1064563
1,Sample_S19S_0089_Wat,305.1143903
37,Sample_S19S_0089_Wat,305.1242388
74,Sample_S19S_0089_Wat,305.1394662
16,Sample_S19S_0089_Wat,305.1428533
48,Sample_S19S_0089_Wat,305.1758605
21,Sample_S19S_0089_Wat,306.0831168
68,Sample_S19S_0089_Wat,306.0983427
8,Sample_S19S_0089_Wat,306.1195211
50,Sample_S19S_0089_Wat,306.1347087
5,Sample_S19S_0089_Wat,306.155916
21,Sample_S19S_0089_Wat,306.9918439
47,Sample_S19S_0089_Wat,307.0095853
16,Sample_S19S_0089_Wat,307.0282517
106,Sample_S19S_0089_Wat,307.0459779
34,Sample_S19S_0089_Wat,307.0493115
31,Sample_S19S_0089_Wat,307.0612222
40,Sample_S19S_0089_Wat,307.0645834
69,Sample_S19S_0089_Wat,307.0823737
38,Sample_S19S_0089_Wat,307.0857227
17,Sample_S19S_0089_Wat,307.0936059
42,Sample_S19S_0089_Wat,307.1034833
53,Sample_S19S_0089_Wat,307.1187572
19,Sample_S19S_0089_Wat,307.1221115
51,Sample_S19S_0089_Wat,307.1551342
7,Sample_S19S_0089_Wat,307.1585022
42,Sample_S19S_0089_Wat,307.1915179
58,Sample_S19S_0089_Wat,308.0412303
14,Sample_S19S_0089_Wat,308.062332
77,Sample_S19S_0089_Wat,308.0775973
5,Sample_S19S_0089_Wat,308.098784
63,Sample_S19S_0089_Wat,308.1139545
3,Sample_S19S_0089_Wat,308.1351748
15,Sample_S19S_0089_Wat,308.9710829
33,Sample_S19S_0089_Wat,309.007479
78,Sample_S19S_0089_Wat,309.0252469
30,Sample_S19S_0089_Wat,309.0405118
25,Sample_S19S_0089_Wat,309.0438781
114,Sample_S19S_0089_Wat,309.0616036
32,Sample_S19S_0089_Wat,309.0649579
18,Sample_S19S_0089_Wat,309.0728691
38,Sample_S19S_0089_Wat,309.0802354
115,Sample_S19S_0089_Wat,309.0979773
39,Sample_S19S_0089_Wat,309.1013433
4,Sample_S19S_0089_Wat,309.1092661
104,Sample_S19S_0089_Wat,309.1343649
16,Sample_S19S_0089_Wat,309.1377003
61,Sample_S19S_0089_Wat,309.1707647
55,Sample_S19S_0089_Wat,310.0568411
67,Sample_S19S_0089_Wat,310.0932206
63,Sample_S19S_0089_Wat,310.1296176
46,Sample_S19S_0089_Wat,311.0197516
49,Sample_S19S_0089_Wat,311.0231058
79,Sample_S19S_0089_Wat,311.0408991
9,Sample_S19S_0089_Wat,311.0538666
60,Sample_S19S_0089_Wat,311.0561331
34,Sample_S19S_0089_Wat,311.0594676
104,Sample_S19S_0089_Wat,311.0772659
23,Sample_S19S_0089_Wat,311.0805811
25,Sample_S19S_0089_Wat,311.0885065
48,Sample_S19S_0089_Wat,311.0925054
30,Sample_S19S_0089_Wat,311.0958599
15,Sample_S19S_0089_Wat,311.105537
137,Sample_S19S_0089_Wat,311.1136352
16,Sample_S19S_0089_Wat,311.132285
98,Sample_S19S_0089_Wat,311.1500195
5,Sample_S19S_0089_Wat,311.1686157
42,Sample_S19S_0089_Wat,311.186419
38,Sample_S19S_0089_Wat,312.0361043
67,Sample_S19S_0089_Wat,312.0725103
19,Sample_S19S_0089_Wat,312.1453188
28,Sample_S19S_0089_Wat,313.0024017
2,Sample_S19S_0089_Wat,313.0175674
48,Sample_S19S_0089_Wat,313.0353909
59,Sample_S19S_0089_Wat,313.0387549
2,Sample_S19S_0089_Wat,313.0517812
78,Sample_S19S_0089_Wat,313.0565398
47,Sample_S19S_0089_Wat,313.071764
21,Sample_S19S_0089_Wat,313.075094
87,Sample_S19S_0089_Wat,313.0929245
29,Sample_S19S_0089_Wat,313.1041391
65,Sample_S19S_0089_Wat,313.1081574
36,Sample_S19S_0089_Wat,313.1115031
88,Sample_S19S_0089_Wat,313.1293014
20,Sample_S19S_0089_Wat,313.1445801
14,Sample_S19S_0089_Wat,313.1479364
72,Sample_S19S_0089_Wat,313.1656688
38,Sample_S19S_0089_Wat,313.2020808
28,Sample_S19S_0089_Wat,314.0670019
67,Sample_S19S_0089_Wat,314.0881771
56,Sample_S19S_0089_Wat,314.1245573
13,Sample_S19S_0089_Wat,314.9968733
60,Sample_S19S_0089_Wat,315.0146824
37,Sample_S19S_0089_Wat,315.0180328
64,Sample_S19S_0089_Wat,315.035781
79,Sample_S19S_0089_Wat,315.0510397
73,Sample_S19S_0089_Wat,315.0544106
81,Sample_S19S_0089_Wat,315.0721791
46,Sample_S19S_0089_Wat,315.0873994
22,Sample_S19S_0089_Wat,315.0907452
78,Sample_S19S_0089_Wat,315.1085755
72,Sample_S19S_0089_Wat,315.1238052
26,Sample_S19S_0089_Wat,315.1271409
67,Sample_S19S_0089_Wat,315.1449559
50,Sample_S19S_0089_Wat,315.1602065
49,Sample_S19S_0089_Wat,315.1813307
44,Sample_S19S_0089_Wat,316.0463145
38,Sample_S19S_0089_Wat,316.0674166
65,Sample_S19S_0089_Wat,316.0826874
67,Sample_S19S_0089_Wat,316.1038062
32,Sample_S19S_0089_Wat,316.1402237
21,Sample_S19S_0089_Wat,317.0125419
72,Sample_S19S_0089_Wat,317.0303382
13,Sample_S19S_0089_Wat,317.0337185
16,Sample_S19S_0089_Wat,317.0489587
67,Sample_S19S_0089_Wat,317.0514233
99,Sample_S19S_0089_Wat,317.0666936
69,Sample_S19S_0089_Wat,317.0700656
92,Sample_S19S_0089_Wat,317.0878157
74,Sample_S19S_0089_Wat,317.1030588
27,Sample_S19S_0089_Wat,317.1063977
59,Sample_S19S_0089_Wat,317.124227
75,Sample_S19S_0089_Wat,317.1394552
20,Sample_S19S_0089_Wat,317.1427951
53,Sample_S19S_0089_Wat,317.1606071
41,Sample_S19S_0089_Wat,317.1758589
25,Sample_S19S_0089_Wat,318.0255948
60,Sample_S19S_0089_Wat,318.0619419
22,Sample_S19S_0089_Wat,318.0831173
54,Sample_S19S_0089_Wat,318.0982984
32,Sample_S19S_0089_Wat,318.1194966
30,Sample_S19S_0089_Wat,318.1558543
11,Sample_S19S_0089_Wat,318.9918592
45,Sample_S19S_0089_Wat,319.009608
13,Sample_S19S_0089_Wat,319.0282488
27,Sample_S19S_0089_Wat,319.0460069
11,Sample_S19S_0089_Wat,319.0493681
44,Sample_S19S_0089_Wat,319.0670953
89,Sample_S19S_0089_Wat,319.0823624
61,Sample_S19S_0089_Wat,319.0857041
46,Sample_S19S_0089_Wat,319.103481
99,Sample_S19S_0089_Wat,319.1187158
26,Sample_S19S_0089_Wat,319.1220501
49,Sample_S19S_0089_Wat,319.139868
67,Sample_S19S_0089_Wat,319.1551015
43,Sample_S19S_0089_Wat,319.1915149
54,Sample_S19S_0089_Wat,320.0412195
9,Sample_S19S_0089_Wat,320.0623999
47,Sample_S19S_0089_Wat,320.0776287
22,Sample_S19S_0089_Wat,320.0987676
22,Sample_S19S_0089_Wat,320.1140206
27,Sample_S19S_0089_Wat,320.1351354
1,Sample_S19S_0089_Wat,320.2442999
8,Sample_S19S_0089_Wat,321.0075283
69,Sample_S19S_0089_Wat,321.0252313
38,Sample_S19S_0089_Wat,321.0438595
75,Sample_S19S_0089_Wat,321.0616406
29,Sample_S19S_0089_Wat,321.0649964
16,Sample_S19S_0089_Wat,321.0801765
36,Sample_S19S_0089_Wat,321.0827529
48,Sample_S19S_0089_Wat,321.0980285
13,Sample_S19S_0089_Wat,321.1013887
20,Sample_S19S_0089_Wat,321.1191648
81,Sample_S19S_0089_Wat,321.1343949
25,Sample_S19S_0089_Wat,321.1377596
61,Sample_S19S_0089_Wat,321.1707672
5,Sample_S19S_0089_Wat,321.1919373
26,Sample_S19S_0089_Wat,322.0204668
55,Sample_S19S_0089_Wat,322.0568903
15,Sample_S19S_0089_Wat,322.0780206
67,Sample_S19S_0089_Wat,322.0932669
11,Sample_S19S_0089_Wat,322.1144282
9,Sample_S19S_0089_Wat,322.9866927
43,Sample_S19S_0089_Wat,323.0231329
73,Sample_S19S_0089_Wat,323.0408542
24,Sample_S19S_0089_Wat,323.0560932
44,Sample_S19S_0089_Wat,323.0595051
114,Sample_S19S_0089_Wat,323.0772527
25,Sample_S19S_0089_Wat,323.0805863
30,Sample_S19S_0089_Wat,323.0884973
22,Sample_S19S_0089_Wat,323.0958413
62,Sample_S19S_0089_Wat,323.1136726
38,Sample_S19S_0089_Wat,323.1170088
72,Sample_S19S_0089_Wat,323.1500462
54,Sample_S19S_0089_Wat,323.1864241
44,Sample_S19S_0089_Wat,324.0361498
71,Sample_S19S_0089_Wat,324.0725027
69,Sample_S19S_0089_Wat,324.108871
37,Sample_S19S_0089_Wat,324.1453087
31,Sample_S19S_0089_Wat,325.0024079
16,Sample_S19S_0089_Wat,325.0201894
42,Sample_S19S_0089_Wat,325.0354075
44,Sample_S19S_0089_Wat,325.0387758
89,Sample_S19S_0089_Wat,325.0565425
19,Sample_S19S_0089_Wat,325.0718212
46,Sample_S19S_0089_Wat,325.0751326
116,Sample_S19S_0089_Wat,325.0928926
19,Sample_S19S_0089_Wat,325.0962248
26,Sample_S19S_0089_Wat,325.1041654
35,Sample_S19S_0089_Wat,325.1081822
43,Sample_S19S_0089_Wat,325.111525
95,Sample_S19S_0089_Wat,325.1292996
23,Sample_S19S_0089_Wat,325.1445257
27,Sample_S19S_0089_Wat,325.1479013
57,Sample_S19S_0089_Wat,325.1657004
5,Sample_S19S_0089_Wat,325.1842438
52,Sample_S19S_0089_Wat,325.2020573
27,Sample_S19S_0089_Wat,326.0306593
39,Sample_S19S_0089_Wat,326.0518083
1,Sample_S19S_0089_Wat,326.0644102
70,Sample_S19S_0089_Wat,326.0881656
58,Sample_S19S_0089_Wat,326.1245662
35,Sample_S19S_0089_Wat,327.0146798
30,Sample_S19S_0089_Wat,327.0180623
9,Sample_S19S_0089_Wat,327.0333514
65,Sample_S19S_0089_Wat,327.035782
65,Sample_S19S_0089_Wat,327.0510536
36,Sample_S19S_0089_Wat,327.0543882
72,Sample_S19S_0089_Wat,327.0722018
75,Sample_S19S_0089_Wat,327.0874372
23,Sample_S19S_0089_Wat,327.090737
77,Sample_S19S_0089_Wat,327.1085831
30,Sample_S19S_0089_Wat,327.1238447
24,Sample_S19S_0089_Wat,327.1271924
86,Sample_S19S_0089_Wat,327.1449492
36,Sample_S19S_0089_Wat,327.1602062
47,Sample_S19S_0089_Wat,327.1813344
3,Sample_S19S_0089_Wat,327.2177565
35,Sample_S19S_0089_Wat,328.0463026
53,Sample_S19S_0089_Wat,328.067419
71,Sample_S19S_0089_Wat,328.1037984
33,Sample_S19S_0089_Wat,328.140231
20,Sample_S19S_0089_Wat,328.997322
4,Sample_S19S_0089_Wat,329.0126431
63,Sample_S19S_0089_Wat,329.0303285
53,Sample_S19S_0089_Wat,329.0336784
41,Sample_S19S_0089_Wat,329.0514722
35,Sample_S19S_0089_Wat,329.0667319
64,Sample_S19S_0089_Wat,329.0700573
107,Sample_S19S_0089_Wat,329.0878075
72,Sample_S19S_0089_Wat,329.1030905
56,Sample_S19S_0089_Wat,329.1064332
79,Sample_S19S_0089_Wat,329.1242163
22,Sample_S19S_0089_Wat,329.1394079
25,Sample_S19S_0089_Wat,329.1427997
1,Sample_S19S_0089_Wat,329.152419
69,Sample_S19S_0089_Wat,329.1605843
39,Sample_S19S_0089_Wat,329.1969687
36,Sample_S19S_0089_Wat,330.0619755
31,Sample_S19S_0089_Wat,330.0831155
24,Sample_S19S_0089_Wat,330.0983753
55,Sample_S19S_0089_Wat,330.1194763
9,Sample_S19S_0089_Wat,330.9917617
30,Sample_S19S_0089_Wat,331.0095615
33,Sample_S19S_0089_Wat,331.012931
7,Sample_S19S_0089_Wat,331.0282755
55,Sample_S19S_0089_Wat,331.0459941
57,Sample_S19S_0089_Wat,331.0493372
59,Sample_S19S_0089_Wat,331.0670688
80,Sample_S19S_0089_Wat,331.0823608
60,Sample_S19S_0089_Wat,331.0857029
52,Sample_S19S_0089_Wat,331.1034998
90,Sample_S19S_0089_Wat,331.1187275
36,Sample_S19S_0089_Wat,331.122066
31,Sample_S19S_0089_Wat,331.1399002
17,Sample_S19S_0089_Wat,331.155166
53,Sample_S19S_0089_Wat,331.1762541
15,Sample_S19S_0089_Wat,331.1915481
41,Sample_S19S_0089_Wat,332.0412408
29,Sample_S19S_0089_Wat,332.0623668
62,Sample_S19S_0089_Wat,332.0775831
44,Sample_S19S_0089_Wat,332.0987468
46,Sample_S19S_0089_Wat,332.1139958
36,Sample_S19S_0089_Wat,332.1351167
7,Sample_S19S_0089_Wat,333.0075348
32,Sample_S19S_0089_Wat,333.0252702
14,Sample_S19S_0089_Wat,333.0286322
24,Sample_S19S_0089_Wat,333.0438315
46,Sample_S19S_0089_Wat,333.0616512
6,Sample_S19S_0089_Wat,333.0650225
39,Sample_S19S_0089_Wat,333.08277
93,Sample_S19S_0089_Wat,333.0980074
53,Sample_S19S_0089_Wat,333.1013488
11,Sample_S19S_0089_Wat,333.1191757
41,Sample_S19S_0089_Wat,333.1344131
42,Sample_S19S_0089_Wat,333.137741
2,Sample_S19S_0089_Wat,333.1553813
35,Sample_S19S_0089_Wat,333.1707943
35,Sample_S19S_0089_Wat,333.2071238
19,Sample_S19S_0089_Wat,334.0204647
62,Sample_S19S_0089_Wat,334.0568812
22,Sample_S19S_0089_Wat,334.0780188
42,Sample_S19S_0089_Wat,334.0932769
17,Sample_S19S_0089_Wat,334.1144217
5,Sample_S19S_0089_Wat,334.1508295
19,Sample_S19S_0089_Wat,334.9867658
40,Sample_S19S_0089_Wat,335.004499
13,Sample_S19S_0089_Wat,335.0231747
53,Sample_S19S_0089_Wat,335.0409093
16,Sample_S19S_0089_Wat,335.0442667
17,Sample_S19S_0089_Wat,335.0594193
97,Sample_S19S_0089_Wat,335.0772597
55,Sample_S19S_0089_Wat,335.0806299
13,Sample_S19S_0089_Wat,335.0958393
35,Sample_S19S_0089_Wat,335.0984028
59,Sample_S19S_0089_Wat,335.1136067
10,Sample_S19S_0089_Wat,335.1169263
80,Sample_S19S_0089_Wat,335.150042
5,Sample_S19S_0089_Wat,335.1533332
33,Sample_S19S_0089_Wat,335.1711407
55,Sample_S19S_0089_Wat,335.1864245
22,Sample_S19S_0089_Wat,336.0361684
29,Sample_S19S_0089_Wat,336.0725571
1,Sample_S19S_0089_Wat,336.0937181
67,Sample_S19S_0089_Wat,336.1089144
4,Sample_S19S_0089_Wat,336.1301036
2,Sample_S19S_0089_Wat,336.1453517
53,Sample_S19S_0089_Wat,337.0201415
30,Sample_S19S_0089_Wat,337.0354209
24,Sample_S19S_0089_Wat,337.0387346
60,Sample_S19S_0089_Wat,337.0564852
12,Sample_S19S_0089_Wat,337.0598227
17,Sample_S19S_0089_Wat,337.0695448
11,Sample_S19S_0089_Wat,337.0717342
22,Sample_S19S_0089_Wat,337.0750727
108,Sample_S19S_0089_Wat,337.0929176
27,Sample_S19S_0089_Wat,337.0962416
2,Sample_S19S_0089_Wat,337.108048
22,Sample_S19S_0089_Wat,337.111496
115,Sample_S19S_0089_Wat,337.1292866
11,Sample_S19S_0089_Wat,337.1326102
77,Sample_S19S_0089_Wat,337.1656867
10,Sample_S19S_0089_Wat,337.2021218
12,Sample_S19S_0089_Wat,338.0518396
75,Sample_S19S_0089_Wat,338.0881798
51,Sample_S19S_0089_Wat,338.1245766
25,Sample_S19S_0089_Wat,339.0146728
26,Sample_S19S_0089_Wat,339.0180613
59,Sample_S19S_0089_Wat,339.0357996
31,Sample_S19S_0089_Wat,339.0510159
20,Sample_S19S_0089_Wat,339.0543354
111,Sample_S19S_0089_Wat,339.0721726
7,Sample_S19S_0089_Wat,339.0754853
32,Sample_S19S_0089_Wat,339.0874561
17,Sample_S19S_0089_Wat,339.0907316
121,Sample_S19S_0089_Wat,339.1085453
18,Sample_S19S_0089_Wat,339.1118793
32,Sample_S19S_0089_Wat,339.1238093
33,Sample_S19S_0089_Wat,339.1271705
41,Sample_S19S_0089_Wat,339.1449816
55,Sample_S19S_0089_Wat,339.1813533
3,Sample_S19S_0089_Wat,339.1999929
22,Sample_S19S_0089_Wat,339.2177427
18,Sample_S19S_0089_Wat,340.0674792
69,Sample_S19S_0089_Wat,340.1038147
61,Sample_S19S_0089_Wat,340.1401964
23,Sample_S19S_0089_Wat,340.9973236
31,Sample_S19S_0089_Wat,341.0302897
26,Sample_S19S_0089_Wat,341.0336306
66,Sample_S19S_0089_Wat,341.0514621
38,Sample_S19S_0089_Wat,341.0667303
32,Sample_S19S_0089_Wat,341.0700215
116,Sample_S19S_0089_Wat,341.0878109
31,Sample_S19S_0089_Wat,341.1031062
29,Sample_S19S_0089_Wat,341.1064053
43,Sample_S19S_0089_Wat,341.12425
29,Sample_S19S_0089_Wat,341.1394885
35,Sample_S19S_0089_Wat,341.1428161
66,Sample_S19S_0089_Wat,341.1606173
46,Sample_S19S_0089_Wat,341.1969848
30,Sample_S19S_0089_Wat,342.0255847
16,Sample_S19S_0089_Wat,342.0619966
66,Sample_S19S_0089_Wat,342.0830768
54,Sample_S19S_0089_Wat,342.1194926
53,Sample_S19S_0089_Wat,342.155837
21,Sample_S19S_0089_Wat,343.0096148
21,Sample_S19S_0089_Wat,343.0129774
16,Sample_S19S_0089_Wat,343.0281918
58,Sample_S19S_0089_Wat,343.0459579
31,Sample_S19S_0089_Wat,343.0492868
49,Sample_S19S_0089_Wat,343.067113
23,Sample_S19S_0089_Wat,343.0823925
61,Sample_S19S_0089_Wat,343.0857039
105,Sample_S19S_0089_Wat,343.1034685
58,Sample_S19S_0089_Wat,343.1187422
39,Sample_S19S_0089_Wat,343.1220769
23,Sample_S19S_0089_Wat,343.1399075
37,Sample_S19S_0089_Wat,343.1551386
32,Sample_S19S_0089_Wat,343.1584698
57,Sample_S19S_0089_Wat,343.1762631
37,Sample_S19S_0089_Wat,343.2126496
27,Sample_S19S_0089_Wat,344.0412523
41,Sample_S19S_0089_Wat,344.0623517
55,Sample_S19S_0089_Wat,344.0775907
45,Sample_S19S_0089_Wat,344.0987606
57,Sample_S19S_0089_Wat,344.1139904
3,Sample_S19S_0089_Wat,344.1350437
14,Sample_S19S_0089_Wat,344.1715382
55,Sample_S19S_0089_Wat,345.0252491
43,Sample_S19S_0089_Wat,345.0286059
11,Sample_S19S_0089_Wat,345.0437668
45,Sample_S19S_0089_Wat,345.0463327
77,Sample_S19S_0089_Wat,345.0616254
50,Sample_S19S_0089_Wat,345.0649742
51,Sample_S19S_0089_Wat,345.0827674
75,Sample_S19S_0089_Wat,345.0980089
50,Sample_S19S_0089_Wat,345.1013399
65,Sample_S19S_0089_Wat,345.1191373
23,Sample_S19S_0089_Wat,345.1344288
44,Sample_S19S_0089_Wat,345.1377389
38,Sample_S19S_0089_Wat,345.1555412
54,Sample_S19S_0089_Wat,345.170772
8,Sample_S19S_0089_Wat,345.1919508
30,Sample_S19S_0089_Wat,346.0204903
35,Sample_S19S_0089_Wat,346.0569005
34,Sample_S19S_0089_Wat,346.07802
62,Sample_S19S_0089_Wat,346.0932318
51,Sample_S19S_0089_Wat,346.1143644
44,Sample_S19S_0089_Wat,346.1296472
35,Sample_S19S_0089_Wat,346.1507606
3,Sample_S19S_0089_Wat,346.9868203
19,Sample_S19S_0089_Wat,347.023097
76,Sample_S19S_0089_Wat,347.0408756
50,Sample_S19S_0089_Wat,347.0442381
26,Sample_S19S_0089_Wat,347.0595033
103,Sample_S19S_0089_Wat,347.0772564
30,Sample_S19S_0089_Wat,347.0805924
25,Sample_S19S_0089_Wat,347.0903002
62,Sample_S19S_0089_Wat,347.0983726
46,Sample_S19S_0089_Wat,347.1136821
49,Sample_S19S_0089_Wat,347.1170036
28,Sample_S19S_0089_Wat,347.1348045
79,Sample_S19S_0089_Wat,347.1500262
35,Sample_S19S_0089_Wat,347.1711801
14,Sample_S19S_0089_Wat,347.1864695
41,Sample_S19S_0089_Wat,348.0361356
27,Sample_S19S_0089_Wat,348.0725611
66,Sample_S19S_0089_Wat,348.1089104
14,Sample_S19S_0089_Wat,348.1300774
57,Sample_S19S_0089_Wat,348.1452906
25,Sample_S19S_0089_Wat,348.1664038
18,Sample_S19S_0089_Wat,349.0023882
53,Sample_S19S_0089_Wat,349.0201636
23,Sample_S19S_0089_Wat,349.0387327
21,Sample_S19S_0089_Wat,349.0598406
18,Sample_S19S_0089_Wat,349.075097
89,Sample_S19S_0089_Wat,349.0929209
30,Sample_S19S_0089_Wat,349.0962266
24,Sample_S19S_0089_Wat,349.1059291
10,Sample_S19S_0089_Wat,349.1113881
18,Sample_S19S_0089_Wat,349.1139524
91,Sample_S19S_0089_Wat,349.129303
11,Sample_S19S_0089_Wat,349.1325881
21,Sample_S19S_0089_Wat,349.1504562
77,Sample_S19S_0089_Wat,349.1656793
17,Sample_S19S_0089_Wat,349.1690154
15,Sample_S19S_0089_Wat,349.2021049
17,Sample_S19S_0089_Wat,350.0518357
71,Sample_S19S_0089_Wat,350.0881844
24,Sample_S19S_0089_Wat,350.1245924
24,Sample_S19S_0089_Wat,350.1457077
5,Sample_S19S_0089_Wat,350.1609877
9,Sample_S19S_0089_Wat,350.9816016
36,Sample_S19S_0089_Wat,351.0180535
65,Sample_S19S_0089_Wat,351.0357871
11,Sample_S19S_0089_Wat,351.0488144
5,Sample_S19S_0089_Wat,351.054245
82,Sample_S19S_0089_Wat,351.0721501
22,Sample_S19S_0089_Wat,351.075514
17,Sample_S19S_0089_Wat,351.090714
56,Sample_S19S_0089_Wat,351.1085115
9,Sample_S19S_0089_Wat,351.1118012
27,Sample_S19S_0089_Wat,351.121581
11,Sample_S19S_0089_Wat,351.1271127
52,Sample_S19S_0089_Wat,351.1449775
21,Sample_S19S_0089_Wat,351.1482835
64,Sample_S19S_0089_Wat,351.1813076
32,Sample_S19S_0089_Wat,351.2177372
27,Sample_S19S_0089_Wat,352.0310225
24,Sample_S19S_0089_Wat,352.0674721
13,Sample_S19S_0089_Wat,352.0885619
70,Sample_S19S_0089_Wat,352.1038206
36,Sample_S19S_0089_Wat,352.140233
7,Sample_S19S_0089_Wat,352.997352
46,Sample_S19S_0089_Wat,353.0150696
36,Sample_S19S_0089_Wat,353.0303338
42,Sample_S19S_0089_Wat,353.0336695
44,Sample_S19S_0089_Wat,353.0514753
15,Sample_S19S_0089_Wat,353.066743
18,Sample_S19S_0089_Wat,353.0700048
108,Sample_S19S_0089_Wat,353.0878166
9,Sample_S19S_0089_Wat,353.0911135
14,Sample_S19S_0089_Wat,353.1008561
51,Sample_S19S_0089_Wat,353.1030839
11,Sample_S19S_0089_Wat,353.1063571
78,Sample_S19S_0089_Wat,353.124233
20,Sample_S19S_0089_Wat,353.1275362
39,Sample_S19S_0089_Wat,353.1394652
26,Sample_S19S_0089_Wat,353.1428017
59,Sample_S19S_0089_Wat,353.1605629
45,Sample_S19S_0089_Wat,353.1970034
14,Sample_S19S_0089_Wat,353.2333297
41,Sample_S19S_0089_Wat,354.0467104
72,Sample_S19S_0089_Wat,354.0830704
60,Sample_S19S_0089_Wat,354.1194893
27,Sample_S19S_0089_Wat,355.0096063
25,Sample_S19S_0089_Wat,355.0129751
47,Sample_S19S_0089_Wat,355.0306981
44,Sample_S19S_0089_Wat,355.0459559
25,Sample_S19S_0089_Wat,355.0492579
62,Sample_S19S_0089_Wat,355.0671162
5,Sample_S19S_0089_Wat,355.0824171
24,Sample_S19S_0089_Wat,355.0856467
103,Sample_S19S_0089_Wat,355.1034699
1,Sample_S19S_0089_Wat,355.1066216
20,Sample_S19S_0089_Wat,355.1164999
57,Sample_S19S_0089_Wat,355.1187368
15,Sample_S19S_0089_Wat,355.1220436
24,Sample_S19S_0089_Wat,355.1399086
1,Sample_S19S_0089_Wat,355.1551939
25,Sample_S19S_0089_Wat,355.1584835
66,Sample_S19S_0089_Wat,355.1762476
13,Sample_S19S_0089_Wat,355.2126797
1,Sample_S19S_0089_Wat,356.0412949
54,Sample_S19S_0089_Wat,356.0623586
31,Sample_S19S_0089_Wat,356.0987693
55,Sample_S19S_0089_Wat,356.1350838
38,Sample_S19S_0089_Wat,356.1715182
7,Sample_S19S_0089_Wat,357.0075284
36,Sample_S19S_0089_Wat,357.0251986
19,Sample_S19S_0089_Wat,357.028543
8,Sample_S19S_0089_Wat,357.0438045
50,Sample_S19S_0089_Wat,357.046323
55,Sample_S19S_0089_Wat,357.061636
31,Sample_S19S_0089_Wat,357.0649448
83,Sample_S19S_0089_Wat,357.0827228
1,Sample_S19S_0089_Wat,357.0858552
56,Sample_S19S_0089_Wat,357.0979761
17,Sample_S19S_0089_Wat,357.1012479
25,Sample_S19S_0089_Wat,357.1110353
98,Sample_S19S_0089_Wat,357.1191097
35,Sample_S19S_0089_Wat,357.134414
29,Sample_S19S_0089_Wat,357.1377249
82,Sample_S19S_0089_Wat,357.1554992
32,Sample_S19S_0089_Wat,357.1707355
3,Sample_S19S_0089_Wat,357.1739556
51,Sample_S19S_0089_Wat,357.191896
33,Sample_S19S_0089_Wat,357.2282738
52,Sample_S19S_0089_Wat,358.0568909
51,Sample_S19S_0089_Wat,358.077999
46,Sample_S19S_0089_Wat,358.0932734
22,Sample_S19S_0089_Wat,358.1507103
44,Sample_S19S_0089_Wat,359.0045133
20,Sample_S19S_0089_Wat,359.007892
18,Sample_S19S_0089_Wat,359.0409252
42,Sample_S19S_0089_Wat,359.0442657
12,Sample_S19S_0089_Wat,359.0595502
56,Sample_S19S_0089_Wat,359.0619959
61,Sample_S19S_0089_Wat,359.077285
62,Sample_S19S_0089_Wat,359.0806207
36,Sample_S19S_0089_Wat,359.0984239
17,Sample_S19S_0089_Wat,359.1169502
56,Sample_S19S_0089_Wat,359.1347452
74,Sample_S19S_0089_Wat,359.1500213
9,Sample_S19S_0089_Wat,359.1533018
55,Sample_S19S_0089_Wat,359.1711775
50,Sample_S19S_0089_Wat,359.1864203
16,Sample_S19S_0089_Wat,359.2074846
43,Sample_S19S_0089_Wat,360.0361542
37,Sample_S19S_0089_Wat,360.093678
48,Sample_S19S_0089_Wat,360.108919
4,Sample_S19S_0089_Wat,360.1299489
10,Sample_S19S_0089_Wat,361.0024232
42,Sample_S19S_0089_Wat,361.0201475
30,Sample_S19S_0089_Wat,361.0387603
57,Sample_S19S_0089_Wat,361.056505
33,Sample_S19S_0089_Wat,361.0598496
13,Sample_S19S_0089_Wat,361.069538
35,Sample_S19S_0089_Wat,361.077621
80,Sample_S19S_0089_Wat,361.0929312
63,Sample_S19S_0089_Wat,361.0962708
51,Sample_S19S_0089_Wat,361.1140532
107,Sample_S19S_0089_Wat,361.1292859
8,Sample_S19S_0089_Wat,361.132556
34,Sample_S19S_0089_Wat,361.1423317
63,Sample_S19S_0089_Wat,361.1504109
49,Sample_S19S_0089_Wat,361.1657046
7,Sample_S19S_0089_Wat,361.1689811
38,Sample_S19S_0089_Wat,361.186829
41,Sample_S19S_0089_Wat,361.2020508
7,Sample_S19S_0089_Wat,361.2151155
78,Sample_S19S_0089_Wat,362.0881611
21,Sample_S19S_0089_Wat,362.1093336
6,Sample_S19S_0089_Wat,362.1246138
10,Sample_S19S_0089_Wat,363.0180917
61,Sample_S19S_0089_Wat,363.0357881
13,Sample_S19S_0089_Wat,363.0390813
19,Sample_S19S_0089_Wat,363.0543747
53,Sample_S19S_0089_Wat,363.0722122
35,Sample_S19S_0089_Wat,363.0755589
21,Sample_S19S_0089_Wat,363.0907668
28,Sample_S19S_0089_Wat,363.0932688
101,Sample_S19S_0089_Wat,363.108539
9,Sample_S19S_0089_Wat,363.1118361
22,Sample_S19S_0089_Wat,363.1215932
29,Sample_S19S_0089_Wat,363.129641
41,Sample_S19S_0089_Wat,363.1449786
9,Sample_S19S_0089_Wat,363.1481714
34,Sample_S19S_0089_Wat,363.1812892
9,Sample_S19S_0089_Wat,363.1943423
38,Sample_S19S_0089_Wat,363.2177281
54,Sample_S19S_0089_Wat,364.0674047
67,Sample_S19S_0089_Wat,364.1038292
70,Sample_S19S_0089_Wat,364.1401707
20,Sample_S19S_0089_Wat,364.1613157
23,Sample_S19S_0089_Wat,364.9973305
46,Sample_S19S_0089_Wat,365.015069
19,Sample_S19S_0089_Wat,365.0336024
28,Sample_S19S_0089_Wat,365.0513776
14,Sample_S19S_0089_Wat,365.0644569
12,Sample_S19S_0089_Wat,365.0699436
94,Sample_S19S_0089_Wat,365.0878382
16,Sample_S19S_0089_Wat,365.0911348
25,Sample_S19S_0089_Wat,365.1008669
13,Sample_S19S_0089_Wat,365.1063376
52,Sample_S19S_0089_Wat,365.1241727
7,Sample_S19S_0089_Wat,365.1274365
20,Sample_S19S_0089_Wat,365.137244
26,Sample_S19S_0089_Wat,365.1606438
8,Sample_S19S_0089_Wat,365.1639128
56,Sample_S19S_0089_Wat,365.1969623
69,Sample_S19S_0089_Wat,366.0830912
75,Sample_S19S_0089_Wat,366.1194629
13,Sample_S19S_0089_Wat,366.1558943
52,Sample_S19S_0089_Wat,367.0306865
41,Sample_S19S_0089_Wat,367.0459765
34,Sample_S19S_0089_Wat,367.0492837
84,Sample_S19S_0089_Wat,367.0671094
8,Sample_S19S_0089_Wat,367.0703979
13,Sample_S19S_0089_Wat,367.0801169
24,Sample_S19S_0089_Wat,367.0823779
14,Sample_S19S_0089_Wat,367.0855977
113,Sample_S19S_0089_Wat,367.1034613
8,Sample_S19S_0089_Wat,367.106713
18,Sample_S19S_0089_Wat,367.1165264
30,Sample_S19S_0089_Wat,367.1220623
10,Sample_S19S_0089_Wat,367.1399195
7,Sample_S19S_0089_Wat,367.1431531
62,Sample_S19S_0089_Wat,367.1762158
38,Sample_S19S_0089_Wat,367.2126519
4,Sample_S19S_0089_Wat,368.041272
19,Sample_S19S_0089_Wat,368.0623951
93,Sample_S19S_0089_Wat,368.0987097
63,Sample_S19S_0089_Wat,368.1351331
50,Sample_S19S_0089_Wat,368.1714856
20,Sample_S19S_0089_Wat,369.0252119
16,Sample_S19S_0089_Wat,369.0285398
40,Sample_S19S_0089_Wat,369.0463181
56,Sample_S19S_0089_Wat,369.061629
12,Sample_S19S_0089_Wat,369.0648494
81,Sample_S19S_0089_Wat,369.0827443
49,Sample_S19S_0089_Wat,369.0980102
12,Sample_S19S_0089_Wat,369.1012127
24,Sample_S19S_0089_Wat,369.111039
27,Sample_S19S_0089_Wat,369.1190631
7,Sample_S19S_0089_Wat,369.1376674
78,Sample_S19S_0089_Wat,369.1555194
35,Sample_S19S_0089_Wat,369.1707724
7,Sample_S19S_0089_Wat,369.1740825
18,Sample_S19S_0089_Wat,369.1837969
26,Sample_S19S_0089_Wat,369.1918398
12,Sample_S19S_0089_Wat,370.054153
30,Sample_S19S_0089_Wat,370.0568279
52,Sample_S19S_0089_Wat,370.0779692
46,Sample_S19S_0089_Wat,370.1507341
1,Sample_S19S_0089_Wat,371.0229615
48,Sample_S19S_0089_Wat,371.0408802
18,Sample_S19S_0089_Wat,371.0441824
66,Sample_S19S_0089_Wat,371.0620102
16,Sample_S19S_0089_Wat,371.0805043
18,Sample_S19S_0089_Wat,371.0902981
49,Sample_S19S_0089_Wat,371.0983408
1,Sample_S19S_0089_Wat,371.1014586
55,Sample_S19S_0089_Wat,371.1136558
18,Sample_S19S_0089_Wat,371.1169082
64,Sample_S19S_0089_Wat,371.1347918
66,Sample_S19S_0089_Wat,371.1500297
28,Sample_S19S_0089_Wat,371.1533601
59,Sample_S19S_0089_Wat,371.171134
33,Sample_S19S_0089_Wat,371.2075705
40,Sample_S19S_0089_Wat,372.0361265
59,Sample_S19S_0089_Wat,372.0725108
59,Sample_S19S_0089_Wat,372.1300076
15,Sample_S19S_0089_Wat,372.2028242
28,Sample_S19S_0089_Wat,373.0201141
19,Sample_S19S_0089_Wat,373.02348
1,Sample_S19S_0089_Wat,373.0386711
66,Sample_S19S_0089_Wat,373.0565482
38,Sample_S19S_0089_Wat,373.0599109
31,Sample_S19S_0089_Wat,373.0776886
44,Sample_S19S_0089_Wat,373.09294
44,Sample_S19S_0089_Wat,373.0962346
28,Sample_S19S_0089_Wat,373.1059583
61,Sample_S19S_0089_Wat,373.1140108
13,Sample_S19S_0089_Wat,373.1325699
19,Sample_S19S_0089_Wat,373.1504711
15,Sample_S19S_0089_Wat,373.1657318
23,Sample_S19S_0089_Wat,373.1690278
45,Sample_S19S_0089_Wat,373.1867821
29,Sample_S19S_0089_Wat,373.2020495
7,Sample_S19S_0089_Wat,374.0729636
16,Sample_S19S_0089_Wat,374.1245961
44,Sample_S19S_0089_Wat,374.1456527
14,Sample_S19S_0089_Wat,374.1820296
4,Sample_S19S_0089_Wat,375.0181159
22,Sample_S19S_0089_Wat,375.0358416
20,Sample_S19S_0089_Wat,375.0544395
13,Sample_S19S_0089_Wat,375.0569615
71,Sample_S19S_0089_Wat,375.0721973
50,Sample_S19S_0089_Wat,375.0755416
22,Sample_S19S_0089_Wat,375.0852221
15,Sample_S19S_0089_Wat,375.0907276
43,Sample_S19S_0089_Wat,375.0932745
18,Sample_S19S_0089_Wat,375.1118457
40,Sample_S19S_0089_Wat,375.1297066
93,Sample_S19S_0089_Wat,375.1449442
7,Sample_S19S_0089_Wat,375.1481846
34,Sample_S19S_0089_Wat,375.1579842
24,Sample_S19S_0089_Wat,375.1660121
40,Sample_S19S_0089_Wat,375.1812892
4,Sample_S19S_0089_Wat,375.184554
23,Sample_S19S_0089_Wat,375.194367
38,Sample_S19S_0089_Wat,375.2177037
7,Sample_S19S_0089_Wat,375.230771
23,Sample_S19S_0089_Wat,376.031082
51,Sample_S19S_0089_Wat,376.0674564
37,Sample_S19S_0089_Wat,376.1249335
1,Sample_S19S_0089_Wat,376.9974183
30,Sample_S19S_0089_Wat,377.0150486
6,Sample_S19S_0089_Wat,377.033545
69,Sample_S19S_0089_Wat,377.0514538
36,Sample_S19S_0089_Wat,377.0548048
13,Sample_S19S_0089_Wat,377.0699843
68,Sample_S19S_0089_Wat,377.0877952
15,Sample_S19S_0089_Wat,377.0911145
15,Sample_S19S_0089_Wat,377.100823
4,Sample_S19S_0089_Wat,377.1062344
11,Sample_S19S_0089_Wat,377.1088705
100,Sample_S19S_0089_Wat,377.1241915
13,Sample_S19S_0089_Wat,377.1274434
28,Sample_S19S_0089_Wat,377.1372608
32,Sample_S19S_0089_Wat,377.1453086
70,Sample_S19S_0089_Wat,377.1606102
22,Sample_S19S_0089_Wat,377.1639353
20,Sample_S19S_0089_Wat,377.1735945
31,Sample_S19S_0089_Wat,377.1969233
9,Sample_S19S_0089_Wat,377.2099902
33,Sample_S19S_0089_Wat,377.2333521
23,Sample_S19S_0089_Wat,378.0466478
55,Sample_S19S_0089_Wat,378.0831073
83,Sample_S19S_0089_Wat,378.1194361
65,Sample_S19S_0089_Wat,378.1558494
12,Sample_S19S_0089_Wat,379.012892
51,Sample_S19S_0089_Wat,379.0307221
27,Sample_S19S_0089_Wat,379.0670295
12,Sample_S19S_0089_Wat,379.0703337
14,Sample_S19S_0089_Wat,379.0800689
4,Sample_S19S_0089_Wat,379.0854949
114,Sample_S19S_0089_Wat,379.1034645
10,Sample_S19S_0089_Wat,379.1067259
26,Sample_S19S_0089_Wat,379.1165229
101,Sample_S19S_0089_Wat,379.1398402
5,Sample_S19S_0089_Wat,379.1431159
24,Sample_S19S_0089_Wat,379.1528588
81,Sample_S19S_0089_Wat,379.1762343
20,Sample_S19S_0089_Wat,379.1892722
32,Sample_S19S_0089_Wat,379.2126518
7,Sample_S19S_0089_Wat,379.2337456
79,Sample_S19S_0089_Wat,380.0987084
86,Sample_S19S_0089_Wat,380.1350974
29,Sample_S19S_0089_Wat,380.1715321
15,Sample_S19S_0089_Wat,381.0285164
57,Sample_S19S_0089_Wat,381.0463502
8,Sample_S19S_0089_Wat,381.0615425
2,Sample_S19S_0089_Wat,381.0647709
28,Sample_S19S_0089_Wat,381.0826619
2,Sample_S19S_0089_Wat,381.0859046
3,Sample_S19S_0089_Wat,381.095685
8,Sample_S19S_0089_Wat,381.1011448
102,Sample_S19S_0089_Wat,381.1191186
7,Sample_S19S_0089_Wat,381.1224004
25,Sample_S19S_0089_Wat,381.1321708
9,Sample_S19S_0089_Wat,381.137641
92,Sample_S19S_0089_Wat,381.1555031
11,Sample_S19S_0089_Wat,381.1684945
58,Sample_S19S_0089_Wat,381.1918695
28,Sample_S19S_0089_Wat,381.2282913
3,Sample_S19S_0089_Wat,382.0567444
57,Sample_S19S_0089_Wat,382.0779661
78,Sample_S19S_0089_Wat,382.1143936
20,Sample_S19S_0089_Wat,382.1507159
10,Sample_S19S_0089_Wat,383.040804
4,Sample_S19S_0089_Wat,383.0440773
35,Sample_S19S_0089_Wat,383.0619616
59,Sample_S19S_0089_Wat,383.0772634
100,Sample_S19S_0089_Wat,383.0983806
7,Sample_S19S_0089_Wat,383.1016255
46,Sample_S19S_0089_Wat,383.1136188
11,Sample_S19S_0089_Wat,383.1168248
27,Sample_S19S_0089_Wat,383.1266887
35,Sample_S19S_0089_Wat,383.1347075
10,Sample_S19S_0089_Wat,383.1533024
48,Sample_S19S_0089_Wat,383.1711132
51,Sample_S19S_0089_Wat,383.2075249
24,Sample_S19S_0089_Wat,383.2439132
5,Sample_S19S_0089_Wat,384.0360658
31,Sample_S19S_0089_Wat,384.0572385
57,Sample_S19S_0089_Wat,384.0936599
47,Sample_S19S_0089_Wat,384.1664077
17,Sample_S19S_0089_Wat,385.0201172
18,Sample_S19S_0089_Wat,385.0234761
20,Sample_S19S_0089_Wat,385.0412026
42,Sample_S19S_0089_Wat,385.0564963
8,Sample_S19S_0089_Wat,385.0597522
78,Sample_S19S_0089_Wat,385.0776412
65,Sample_S19S_0089_Wat,385.0929264
19,Sample_S19S_0089_Wat,385.0961706
39,Sample_S19S_0089_Wat,385.1139909
42,Sample_S19S_0089_Wat,385.1292595
7,Sample_S19S_0089_Wat,385.1324986
25,Sample_S19S_0089_Wat,385.1423072
50,Sample_S19S_0089_Wat,385.1503825
57,Sample_S19S_0089_Wat,385.1656784
51,Sample_S19S_0089_Wat,385.1868285
17,Sample_S19S_0089_Wat,385.2231361
20,Sample_S19S_0089_Wat,386.0154196
6,Sample_S19S_0089_Wat,386.0517072
39,Sample_S19S_0089_Wat,386.0728862
60,Sample_S19S_0089_Wat,386.1093009
48,Sample_S19S_0089_Wat,386.1820531
3,Sample_S19S_0089_Wat,387.002686
53,Sample_S19S_0089_Wat,387.0358113
42,Sample_S19S_0089_Wat,387.0391593
16,Sample_S19S_0089_Wat,387.0568488
23,Sample_S19S_0089_Wat,387.0721252
16,Sample_S19S_0089_Wat,387.075423
15,Sample_S19S_0089_Wat,387.0851909
26,Sample_S19S_0089_Wat,387.0932457
2,Sample_S19S_0089_Wat,387.0962706
84,Sample_S19S_0089_Wat,387.1085636
15,Sample_S19S_0089_Wat,387.1118261
88,Sample_S19S_0089_Wat,387.1296791
14,Sample_S19S_0089_Wat,387.1481778
26,Sample_S19S_0089_Wat,387.1579654
16,Sample_S19S_0089_Wat,387.1659841
35,Sample_S19S_0089_Wat,387.1812925
4,Sample_S19S_0089_Wat,387.1845404
20,Sample_S19S_0089_Wat,387.19436
48,Sample_S19S_0089_Wat,387.2024406
31,Sample_S19S_0089_Wat,387.2176957
64,Sample_S19S_0089_Wat,388.0674506
55,Sample_S19S_0089_Wat,388.1037783
49,Sample_S19S_0089_Wat,388.1249219
62,Sample_S19S_0089_Wat,388.1401722
10,Sample_S19S_0089_Wat,388.9972989
24,Sample_S19S_0089_Wat,389.0150297
12,Sample_S19S_0089_Wat,389.0336505
44,Sample_S19S_0089_Wat,389.051417
13,Sample_S19S_0089_Wat,389.054731
19,Sample_S19S_0089_Wat,389.0724972
83,Sample_S19S_0089_Wat,389.0878118
20,Sample_S19S_0089_Wat,389.0911204
22,Sample_S19S_0089_Wat,389.1008827
33,Sample_S19S_0089_Wat,389.108981
101,Sample_S19S_0089_Wat,389.1242045
12,Sample_S19S_0089_Wat,389.1274498
26,Sample_S19S_0089_Wat,389.1372295
21,Sample_S19S_0089_Wat,389.1452618
36,Sample_S19S_0089_Wat,389.1605387
9,Sample_S19S_0089_Wat,389.1637812
24,Sample_S19S_0089_Wat,389.1736085
25,Sample_S19S_0089_Wat,389.1816725
56,Sample_S19S_0089_Wat,389.1969883
36,Sample_S19S_0089_Wat,390.0466839
78,Sample_S19S_0089_Wat,390.083092
15,Sample_S19S_0089_Wat,391.0129322
27,Sample_S19S_0089_Wat,391.0307447
11,Sample_S19S_0089_Wat,391.0492425
47,Sample_S19S_0089_Wat,391.0670531
20,Sample_S19S_0089_Wat,391.070384
53,Sample_S19S_0089_Wat,391.1034381
11,Sample_S19S_0089_Wat,391.1066925
29,Sample_S19S_0089_Wat,391.1245591
50,Sample_S19S_0089_Wat,391.1398852
12,Sample_S19S_0089_Wat,391.1430378
17,Sample_S19S_0089_Wat,391.1528412
44,Sample_S19S_0089_Wat,391.1762035
5,Sample_S19S_0089_Wat,391.1794391
11,Sample_S19S_0089_Wat,391.1892281
44,Sample_S19S_0089_Wat,391.212612
10,Sample_S19S_0089_Wat,391.2256863
51,Sample_S19S_0089_Wat,392.06231
74,Sample_S19S_0089_Wat,392.098752
29,Sample_S19S_0089_Wat,392.1198706
73,Sample_S19S_0089_Wat,392.1351125
25,Sample_S19S_0089_Wat,393.0285634
36,Sample_S19S_0089_Wat,393.0463154
73,Sample_S19S_0089_Wat,393.0827628
19,Sample_S19S_0089_Wat,393.0860569
31,Sample_S19S_0089_Wat,393.1013234
91,Sample_S19S_0089_Wat,393.1191285
5,Sample_S19S_0089_Wat,393.1223142
19,Sample_S19S_0089_Wat,393.1321265
50,Sample_S19S_0089_Wat,393.1554711
3,Sample_S19S_0089_Wat,393.1586268
20,Sample_S19S_0089_Wat,393.1685262
24,Sample_S19S_0089_Wat,393.1919402
19,Sample_S19S_0089_Wat,393.2049392
15,Sample_S19S_0089_Wat,393.2130193
18,Sample_S19S_0089_Wat,393.2282185
39,Sample_S19S_0089_Wat,394.078026
52,Sample_S19S_0089_Wat,394.1144108
22,Sample_S19S_0089_Wat,395.0255818
9,Sample_S19S_0089_Wat,395.0408318
7,Sample_S19S_0089_Wat,395.0441067
50,Sample_S19S_0089_Wat,395.0619708
51,Sample_S19S_0089_Wat,395.0984243
19,Sample_S19S_0089_Wat,395.1114167
14,Sample_S19S_0089_Wat,395.116912
120,Sample_S19S_0089_Wat,395.1347697
5,Sample_S19S_0089_Wat,395.1379432
16,Sample_S19S_0089_Wat,395.1477706
9,Sample_S19S_0089_Wat,395.153248
52,Sample_S19S_0089_Wat,395.171191
18,Sample_S19S_0089_Wat,395.2075813
12,Sample_S19S_0089_Wat,395.2438669
61,Sample_S19S_0089_Wat,396.0936653
43,Sample_S19S_0089_Wat,396.13006
69,Sample_S19S_0089_Wat,396.1664019
6,Sample_S19S_0089_Wat,397.0200883
17,Sample_S19S_0089_Wat,397.0234647
34,Sample_S19S_0089_Wat,397.0412485
39,Sample_S19S_0089_Wat,397.0565368
10,Sample_S19S_0089_Wat,397.0597441
25,Sample_S19S_0089_Wat,397.0775828
6,Sample_S19S_0089_Wat,397.0960818
17,Sample_S19S_0089_Wat,397.1059758
70,Sample_S19S_0089_Wat,397.1140135
15,Sample_S19S_0089_Wat,397.1270557
11,Sample_S19S_0089_Wat,397.1325142
93,Sample_S19S_0089_Wat,397.1504225
22,Sample_S19S_0089_Wat,397.165634
8,Sample_S19S_0089_Wat,397.1689524
35,Sample_S19S_0089_Wat,397.1867602
10,Sample_S19S_0089_Wat,397.2151289
36,Sample_S19S_0089_Wat,397.2232052
45,Sample_S19S_0089_Wat,398.0881509
74,Sample_S19S_0089_Wat,398.1456531
49,Sample_S19S_0089_Wat,398.182038
10,Sample_S19S_0089_Wat,399.0356696
7,Sample_S19S_0089_Wat,399.0390544
13,Sample_S19S_0089_Wat,399.0568344
42,Sample_S19S_0089_Wat,399.0721389
9,Sample_S19S_0089_Wat,399.0753668
18,Sample_S19S_0089_Wat,399.085227
60,Sample_S19S_0089_Wat,399.0932727
23,Sample_S19S_0089_Wat,399.1086044
15,Sample_S19S_0089_Wat,399.1117451
68,Sample_S19S_0089_Wat,399.1296635
52,Sample_S19S_0089_Wat,399.1449193
5,Sample_S19S_0089_Wat,399.1480952
17,Sample_S19S_0089_Wat,399.1579458
6,Sample_S19S_0089_Wat,399.1659287
10,Sample_S19S_0089_Wat,399.1812586
7,Sample_S19S_0089_Wat,399.1845539
20,Sample_S19S_0089_Wat,399.1943775
50,Sample_S19S_0089_Wat,399.2024375
14,Sample_S19S_0089_Wat,399.2388025
22,Sample_S19S_0089_Wat,400.0674729
44,Sample_S19S_0089_Wat,400.1037744
39,Sample_S19S_0089_Wat,400.1249077
28,Sample_S19S_0089_Wat,401.0150794
1,Sample_S19S_0089_Wat,401.0185019
58,Sample_S19S_0089_Wat,401.0514549
25,Sample_S19S_0089_Wat,401.0547584
12,Sample_S19S_0089_Wat,401.0644945
20,Sample_S19S_0089_Wat,401.0725084
75,Sample_S19S_0089_Wat,401.0878209
15,Sample_S19S_0089_Wat,401.0910681
55,Sample_S19S_0089_Wat,401.1089631
16,Sample_S19S_0089_Wat,401.1273966
73,Sample_S19S_0089_Wat,401.1453284
70,Sample_S19S_0089_Wat,401.1605804
21,Sample_S19S_0089_Wat,401.1736033
21,Sample_S19S_0089_Wat,401.1816514
22,Sample_S19S_0089_Wat,401.1969344
5,Sample_S19S_0089_Wat,401.200282
23,Sample_S19S_0089_Wat,401.2100146
25,Sample_S19S_0089_Wat,401.2180808
28,Sample_S19S_0089_Wat,402.0466811
6,Sample_S19S_0089_Wat,402.1042761
37,Sample_S19S_0089_Wat,402.1405573
13,Sample_S19S_0089_Wat,403.0129628
12,Sample_S19S_0089_Wat,403.0305846
6,Sample_S19S_0089_Wat,403.033958
75,Sample_S19S_0089_Wat,403.0671122
24,Sample_S19S_0089_Wat,403.0704072
51,Sample_S19S_0089_Wat,403.0881974
74,Sample_S19S_0089_Wat,403.1034476
7,Sample_S19S_0089_Wat,403.1066431
21,Sample_S19S_0089_Wat,403.1164656
19,Sample_S19S_0089_Wat,403.1245163
90,Sample_S19S_0089_Wat,403.1398463
29,Sample_S19S_0089_Wat,403.1529106
35,Sample_S19S_0089_Wat,403.1609357
30,Sample_S19S_0089_Wat,403.1762826
2,Sample_S19S_0089_Wat,403.1793815
38,Sample_S19S_0089_Wat,403.1973716
43,Sample_S19S_0089_Wat,403.2126282
12,Sample_S19S_0089_Wat,403.2256482
69,Sample_S19S_0089_Wat,404.0623618
24,Sample_S19S_0089_Wat,404.0834492
86,Sample_S19S_0089_Wat,404.1351085
50,Sample_S19S_0089_Wat,404.1715089
21,Sample_S19S_0089_Wat,404.1926065
5,Sample_S19S_0089_Wat,405.0286705
60,Sample_S19S_0089_Wat,405.0463718
4,Sample_S19S_0089_Wat,405.0648476
50,Sample_S19S_0089_Wat,405.0827082
10,Sample_S19S_0089_Wat,405.0859264
3,Sample_S19S_0089_Wat,405.103722
28,Sample_S19S_0089_Wat,405.1190623
25,Sample_S19S_0089_Wat,405.1321292
8,Sample_S19S_0089_Wat,405.1401404
52,Sample_S19S_0089_Wat,405.1555362
24,Sample_S19S_0089_Wat,405.1588394
29,Sample_S19S_0089_Wat,405.1685606
10,Sample_S19S_0089_Wat,405.1765627
41,Sample_S19S_0089_Wat,405.1918632
8,Sample_S19S_0089_Wat,405.2048711
17,Sample_S19S_0089_Wat,405.2282192
4,Sample_S19S_0089_Wat,405.2412525
20,Sample_S19S_0089_Wat,406.041642
82,Sample_S19S_0089_Wat,406.1143545
11,Sample_S19S_0089_Wat,407.0255705
6,Sample_S19S_0089_Wat,407.0441258
50,Sample_S19S_0089_Wat,407.0620299
7,Sample_S19S_0089_Wat,407.0652661
19,Sample_S19S_0089_Wat,407.0805558
91,Sample_S19S_0089_Wat,407.0983755
13,Sample_S19S_0089_Wat,407.1113661
5,Sample_S19S_0089_Wat,407.1167921
82,Sample_S19S_0089_Wat,407.1347505
24,Sample_S19S_0089_Wat,407.1477958
11,Sample_S19S_0089_Wat,407.1712237
15,Sample_S19S_0089_Wat,407.174489
21,Sample_S19S_0089_Wat,407.2075913
13,Sample_S19S_0089_Wat,407.2205546
67,Sample_S19S_0089_Wat,408.0936661
95,Sample_S19S_0089_Wat,408.1300077
17,Sample_S19S_0089_Wat,409.0412228
23,Sample_S19S_0089_Wat,409.07757
10,Sample_S19S_0089_Wat,409.0961049
91,Sample_S19S_0089_Wat,409.1140221
7,Sample_S19S_0089_Wat,409.1172689
14,Sample_S19S_0089_Wat,409.1270356
8,Sample_S19S_0089_Wat,409.1325189
99,Sample_S19S_0089_Wat,409.1504235
5,Sample_S19S_0089_Wat,409.1535431
9,Sample_S19S_0089_Wat,409.1633923
13,Sample_S19S_0089_Wat,409.1787026
23,Sample_S19S_0089_Wat,409.1867344
3,Sample_S19S_0089_Wat,409.1997594
54,Sample_S19S_0089_Wat,409.2231724
11,Sample_S19S_0089_Wat,410.0518216
52,Sample_S19S_0089_Wat,410.0729191
20,Sample_S19S_0089_Wat,410.1092388
78,Sample_S19S_0089_Wat,410.1456867
9,Sample_S19S_0089_Wat,411.0357156
15,Sample_S19S_0089_Wat,411.0390774
18,Sample_S19S_0089_Wat,411.0568579
24,Sample_S19S_0089_Wat,411.0721337
13,Sample_S19S_0089_Wat,411.0754405
63,Sample_S19S_0089_Wat,411.0933142
35,Sample_S19S_0089_Wat,411.1085859
85,Sample_S19S_0089_Wat,411.1296933
9,Sample_S19S_0089_Wat,411.1482057
28,Sample_S19S_0089_Wat,411.1579879
53,Sample_S19S_0089_Wat,411.1660419
5,Sample_S19S_0089_Wat,411.2022993
26,Sample_S19S_0089_Wat,411.2388467
37,Sample_S19S_0089_Wat,412.0673926
41,Sample_S19S_0089_Wat,412.0885256
64,Sample_S19S_0089_Wat,412.1249118
46,Sample_S19S_0089_Wat,412.1977027
17,Sample_S19S_0089_Wat,413.0150329
15,Sample_S19S_0089_Wat,413.018396
1,Sample_S19S_0089_Wat,413.0513424
9,Sample_S19S_0089_Wat,413.0546664
7,Sample_S19S_0089_Wat,413.06446
5,Sample_S19S_0089_Wat,413.072442
38,Sample_S19S_0089_Wat,413.087795
11,Sample_S19S_0089_Wat,413.0910377
20,Sample_S19S_0089_Wat,413.1008794
79,Sample_S19S_0089_Wat,413.1089345
66,Sample_S19S_0089_Wat,413.12421
12,Sample_S19S_0089_Wat,413.127421
15,Sample_S19S_0089_Wat,413.1372735
27,Sample_S19S_0089_Wat,413.1452768
6,Sample_S19S_0089_Wat,413.1605228
6,Sample_S19S_0089_Wat,413.1637843
23,Sample_S19S_0089_Wat,413.1736056
13,Sample_S19S_0089_Wat,413.1816156
2,Sample_S19S_0089_Wat,413.1968493
18,Sample_S19S_0089_Wat,413.2100122
24,Sample_S19S_0089_Wat,413.2180661
21,Sample_S19S_0089_Wat,413.2544798
22,Sample_S19S_0089_Wat,414.0831299
20,Sample_S19S_0089_Wat,415.0306688
24,Sample_S19S_0089_Wat,415.0340778
6,Sample_S19S_0089_Wat,415.0671726
20,Sample_S19S_0089_Wat,415.0704085
8,Sample_S19S_0089_Wat,415.080159
56,Sample_S19S_0089_Wat,415.0881916
67,Sample_S19S_0089_Wat,415.1034568
11,Sample_S19S_0089_Wat,415.1066895
16,Sample_S19S_0089_Wat,415.1164835
37,Sample_S19S_0089_Wat,415.1245406
22,Sample_S19S_0089_Wat,415.1529316
57,Sample_S19S_0089_Wat,415.1609859
11,Sample_S19S_0089_Wat,415.1763155
23,Sample_S19S_0089_Wat,415.1795937
37,Sample_S19S_0089_Wat,415.1973464
11,Sample_S19S_0089_Wat,415.2125416
10,Sample_S19S_0089_Wat,415.2256541
14,Sample_S19S_0089_Wat,415.2336924
37,Sample_S19S_0089_Wat,416.0623295
8,Sample_S19S_0089_Wat,416.0986591
77,Sample_S19S_0089_Wat,416.1351142
6,Sample_S19S_0089_Wat,417.0284698
34,Sample_S19S_0089_Wat,417.0463346
17,Sample_S19S_0089_Wat,417.0496555
27,Sample_S19S_0089_Wat,417.0826722
12,Sample_S19S_0089_Wat,417.085967
15,Sample_S19S_0089_Wat,417.0957124
21,Sample_S19S_0089_Wat,417.1037889
83,Sample_S19S_0089_Wat,417.1191101
12,Sample_S19S_0089_Wat,417.1223013
35,Sample_S19S_0089_Wat,417.1321667
39,Sample_S19S_0089_Wat,417.1402188
76,Sample_S19S_0089_Wat,417.1555165
22,Sample_S19S_0089_Wat,417.1588896
37,Sample_S19S_0089_Wat,417.1685514
17,Sample_S19S_0089_Wat,417.1765666
8,Sample_S19S_0089_Wat,417.2048604
9,Sample_S19S_0089_Wat,417.2281724
22,Sample_S19S_0089_Wat,418.1144292
13,Sample_S19S_0089_Wat,419.0078377
24,Sample_S19S_0089_Wat,419.0256123
23,Sample_S19S_0089_Wat,419.0442249
37,Sample_S19S_0089_Wat,419.0619721
11,Sample_S19S_0089_Wat,419.0652534
8,Sample_S19S_0089_Wat,419.0805129
12,Sample_S19S_0089_Wat,419.0982983
3,Sample_S19S_0089_Wat,419.1015327
6,Sample_S19S_0089_Wat,419.1113471
8,Sample_S19S_0089_Wat,419.1194106
96,Sample_S19S_0089_Wat,419.1347745
8,Sample_S19S_0089_Wat,419.1379181
24,Sample_S19S_0089_Wat,419.1478319
21,Sample_S19S_0089_Wat,419.1558387
43,Sample_S19S_0089_Wat,419.1711927
1,Sample_S19S_0089_Wat,419.1743097
29,Sample_S19S_0089_Wat,419.1842051
51,Sample_S19S_0089_Wat,419.207525
7,Sample_S19S_0089_Wat,419.2205119
43,Sample_S19S_0089_Wat,420.0572817
5,Sample_S19S_0089_Wat,421.0234417
36,Sample_S19S_0089_Wat,421.0412704
18,Sample_S19S_0089_Wat,421.0777047
7,Sample_S19S_0089_Wat,421.0809217
14,Sample_S19S_0089_Wat,421.0906648
2,Sample_S19S_0089_Wat,421.0964093
95,Sample_S19S_0089_Wat,421.1140346
4,Sample_S19S_0089_Wat,421.117183
15,Sample_S19S_0089_Wat,421.1270174
88,Sample_S19S_0089_Wat,421.1504292
1,Sample_S19S_0089_Wat,421.1552081
25,Sample_S19S_0089_Wat,421.1634511
20,Sample_S19S_0089_Wat,421.1868654
5,Sample_S19S_0089_Wat,421.2232692
52,Sample_S19S_0089_Wat,422.0728802
36,Sample_S19S_0089_Wat,422.1093338
22,Sample_S19S_0089_Wat,423.0391555
43,Sample_S19S_0089_Wat,423.0569089
29,Sample_S19S_0089_Wat,423.093231
7,Sample_S19S_0089_Wat,423.1117609
105,Sample_S19S_0089_Wat,423.1296813
13,Sample_S19S_0089_Wat,423.1426961
30,Sample_S19S_0089_Wat,423.1661225
20,Sample_S19S_0089_Wat,423.179095
66,Sample_S19S_0089_Wat,423.2024382
12,Sample_S19S_0089_Wat,423.2387546
1,Sample_S19S_0089_Wat,424.0735701
1,Sample_S19S_0089_Wat,424.0886497
50,Sample_S19S_0089_Wat,424.1249783
8,Sample_S19S_0089_Wat,425.0513214
9,Sample_S19S_0089_Wat,425.0724714
14,Sample_S19S_0089_Wat,425.0877557
13,Sample_S19S_0089_Wat,425.091008
15,Sample_S19S_0089_Wat,425.1008972
48,Sample_S19S_0089_Wat,425.1089252
17,Sample_S19S_0089_Wat,425.1453873
11,Sample_S19S_0089_Wat,425.1638972
57,Sample_S19S_0089_Wat,425.1816982
16,Sample_S19S_0089_Wat,425.2100538
4,Sample_S19S_0089_Wat,425.2178813
8,Sample_S19S_0089_Wat,426.0831471
73,Sample_S19S_0089_Wat,426.1405881
66,Sample_S19S_0089_Wat,426.1769689
7,Sample_S19S_0089_Wat,427.0307487
26,Sample_S19S_0089_Wat,427.0340833
10,Sample_S19S_0089_Wat,427.0518808
16,Sample_S19S_0089_Wat,427.0703757
9,Sample_S19S_0089_Wat,427.0801714
36,Sample_S19S_0089_Wat,427.088175
34,Sample_S19S_0089_Wat,427.1035014
11,Sample_S19S_0089_Wat,427.106705
15,Sample_S19S_0089_Wat,427.1165345
78,Sample_S19S_0089_Wat,427.1245871
2,Sample_S19S_0089_Wat,427.1399769
13,Sample_S19S_0089_Wat,427.1431663
4,Sample_S19S_0089_Wat,427.1610597
1,Sample_S19S_0089_Wat,427.1763557
26,Sample_S19S_0089_Wat,427.1796099
40,Sample_S19S_0089_Wat,427.1973395
9,Sample_S19S_0089_Wat,427.22569
22,Sample_S19S_0089_Wat,427.2337286
39,Sample_S19S_0089_Wat,428.1562791
14,Sample_S19S_0089_Wat,428.1925676
27,Sample_S19S_0089_Wat,429.0463286
17,Sample_S19S_0089_Wat,429.0496556
32,Sample_S19S_0089_Wat,429.067488
1,Sample_S19S_0089_Wat,429.0829209
21,Sample_S19S_0089_Wat,429.0861392
9,Sample_S19S_0089_Wat,429.1039457
1,Sample_S19S_0089_Wat,429.1192381
22,Sample_S19S_0089_Wat,429.1224523
65,Sample_S19S_0089_Wat,429.1402424
22,Sample_S19S_0089_Wat,429.1555582
7,Sample_S19S_0089_Wat,429.1587517
30,Sample_S19S_0089_Wat,429.1685491
32,Sample_S19S_0089_Wat,429.1765924
49,Sample_S19S_0089_Wat,429.1919036
32,Sample_S19S_0089_Wat,429.2129876
16,Sample_S19S_0089_Wat,429.2494299
22,Sample_S19S_0089_Wat,430.0416122
11,Sample_S19S_0089_Wat,430.0780537
6,Sample_S19S_0089_Wat,430.0892575
33,Sample_S19S_0089_Wat,430.0991542
50,Sample_S19S_0089_Wat,430.1354817
15,Sample_S19S_0089_Wat,430.2083192
14,Sample_S19S_0089_Wat,431.0256563
53,Sample_S19S_0089_Wat,431.0620177
17,Sample_S19S_0089_Wat,431.0653523
37,Sample_S19S_0089_Wat,431.083125
80,Sample_S19S_0089_Wat,431.098388
13,Sample_S19S_0089_Wat,431.1016424
16,Sample_S19S_0089_Wat,431.1113826
26,Sample_S19S_0089_Wat,431.1194411
31,Sample_S19S_0089_Wat,431.1347291
6,Sample_S19S_0089_Wat,431.1378968
27,Sample_S19S_0089_Wat,431.1477957
24,Sample_S19S_0089_Wat,431.1558407
36,Sample_S19S_0089_Wat,431.1711879
28,Sample_S19S_0089_Wat,431.1922364
17,Sample_S19S_0089_Wat,431.2076023
10,Sample_S19S_0089_Wat,431.2206124
18,Sample_S19S_0089_Wat,431.2286229
7,Sample_S19S_0089_Wat,432.0573233
77,Sample_S19S_0089_Wat,432.093661
76,Sample_S19S_0089_Wat,432.1300404
6,Sample_S19S_0089_Wat,432.1876103
35,Sample_S19S_0089_Wat,433.0412948
65,Sample_S19S_0089_Wat,433.077665
10,Sample_S19S_0089_Wat,433.0809249
10,Sample_S19S_0089_Wat,433.0906617
24,Sample_S19S_0089_Wat,433.1139658
7,Sample_S19S_0089_Wat,433.1269982
2,Sample_S19S_0089_Wat,433.13501
33,Sample_S19S_0089_Wat,433.1503758
28,Sample_S19S_0089_Wat,433.1634586
22,Sample_S19S_0089_Wat,433.1714809
36,Sample_S19S_0089_Wat,433.1868494
4,Sample_S19S_0089_Wat,433.1900623
13,Sample_S19S_0089_Wat,433.1998888
45,Sample_S19S_0089_Wat,433.223189
12,Sample_S19S_0089_Wat,434.072975
21,Sample_S19S_0089_Wat,434.1093421
2,Sample_S19S_0089_Wat,435.0389878
33,Sample_S19S_0089_Wat,435.0569041
69,Sample_S19S_0089_Wat,435.093324
8,Sample_S19S_0089_Wat,435.0964958
13,Sample_S19S_0089_Wat,435.1062764
5,Sample_S19S_0089_Wat,435.1117065
34,Sample_S19S_0089_Wat,435.1296329
4,Sample_S19S_0089_Wat,435.1426364
27,Sample_S19S_0089_Wat,435.1659973
16,Sample_S19S_0089_Wat,435.1790631
69,Sample_S19S_0089_Wat,435.2024665
11,Sample_S19S_0089_Wat,435.238903
23,Sample_S19S_0089_Wat,436.0886111
8,Sample_S19S_0089_Wat,436.1250197
23,Sample_S19S_0089_Wat,437.0361523
6,Sample_S19S_0089_Wat,437.0513267
3,Sample_S19S_0089_Wat,437.0546147
14,Sample_S19S_0089_Wat,437.072483
5,Sample_S19S_0089_Wat,437.1009114
24,Sample_S19S_0089_Wat,437.1088959
57,Sample_S19S_0089_Wat,437.1453651
21,Sample_S19S_0089_Wat,437.158378
7,Sample_S19S_0089_Wat,437.1638066
53,Sample_S19S_0089_Wat,437.1817485
11,Sample_S19S_0089_Wat,437.1946984
13,Sample_S19S_0089_Wat,437.2100538
15,Sample_S19S_0089_Wat,437.2180272
8,Sample_S19S_0089_Wat,437.2544148
3,Sample_S19S_0089_Wat,437.2755877
13,Sample_S19S_0089_Wat,438.0678822
77,Sample_S19S_0089_Wat,438.1405683
6,Sample_S19S_0089_Wat,439.051737
12,Sample_S19S_0089_Wat,439.0670176
13,Sample_S19S_0089_Wat,439.0703504
62,Sample_S19S_0089_Wat,439.0882098
29,Sample_S19S_0089_Wat,439.1034575
15,Sample_S19S_0089_Wat,439.1067637
80,Sample_S19S_0089_Wat,439.1246064
17,Sample_S19S_0089_Wat,439.1431598
19,Sample_S19S_0089_Wat,439.1529344
39,Sample_S19S_0089_Wat,439.1609425
23,Sample_S19S_0089_Wat,439.1892886
25,Sample_S19S_0089_Wat,439.1973056
35,Sample_S19S_0089_Wat,440.0834468
35,Sample_S19S_0089_Wat,440.1198163
8,Sample_S19S_0089_Wat,441.0462365
26,Sample_S19S_0089_Wat,441.0674409
21,Sample_S19S_0089_Wat,441.0860426
28,Sample_S19S_0089_Wat,441.1039049
54,Sample_S19S_0089_Wat,441.1402285
13,Sample_S19S_0089_Wat,441.1554489
8,Sample_S19S_0089_Wat,441.1586837
13,Sample_S19S_0089_Wat,441.168514
29,Sample_S19S_0089_Wat,441.1765589
5,Sample_S19S_0089_Wat,441.1951724
16,Sample_S19S_0089_Wat,441.2049192
20,Sample_S19S_0089_Wat,441.2129575
11,Sample_S19S_0089_Wat,442.0779366
9,Sample_S19S_0089_Wat,442.0990637
11,Sample_S19S_0089_Wat,442.114299
13,Sample_S19S_0089_Wat,443.061884
5,Sample_S19S_0089_Wat,443.0652174
12,Sample_S19S_0089_Wat,443.0749837
25,Sample_S19S_0089_Wat,443.0830557
36,Sample_S19S_0089_Wat,443.0984287
14,Sample_S19S_0089_Wat,443.1016577
15,Sample_S19S_0089_Wat,443.1114516
60,Sample_S19S_0089_Wat,443.119518
4,Sample_S19S_0089_Wat,443.1348538
15,Sample_S19S_0089_Wat,443.1380667
20,Sample_S19S_0089_Wat,443.1478565
58,Sample_S19S_0089_Wat,443.1558944
33,Sample_S19S_0089_Wat,443.1711201
27,Sample_S19S_0089_Wat,443.1841796
18,Sample_S19S_0089_Wat,443.1922057
4,Sample_S19S_0089_Wat,443.2285235
21,Sample_S19S_0089_Wat,444.093696
14,Sample_S19S_0089_Wat,444.1299715
42,Sample_S19S_0089_Wat,444.1663872
28,Sample_S19S_0089_Wat,445.0412697
36,Sample_S19S_0089_Wat,445.0776178
9,Sample_S19S_0089_Wat,445.0986624
1,Sample_S19S_0089_Wat,445.1083593
13,Sample_S19S_0089_Wat,445.1139537
5,Sample_S19S_0089_Wat,445.1171907
18,Sample_S19S_0089_Wat,445.127011
34,Sample_S19S_0089_Wat,445.1503907
32,Sample_S19S_0089_Wat,445.1634705
50,Sample_S19S_0089_Wat,445.1715289
42,Sample_S19S_0089_Wat,445.1868428
37,Sample_S19S_0089_Wat,445.2079177
45,Sample_S19S_0089_Wat,445.223207
11,Sample_S19S_0089_Wat,445.2362316
30,Sample_S19S_0089_Wat,446.1457127
6,Sample_S19S_0089_Wat,447.056785
1,Sample_S19S_0089_Wat,447.0757187
15,Sample_S19S_0089_Wat,447.09323
17,Sample_S19S_0089_Wat,447.114388
8,Sample_S19S_0089_Wat,447.1507185
79,Sample_S19S_0089_Wat,447.1660641
27,Sample_S19S_0089_Wat,447.179104
2,Sample_S19S_0089_Wat,447.1869913
19,Sample_S19S_0089_Wat,447.2023724
5,Sample_S19S_0089_Wat,447.2154152
10,Sample_S19S_0089_Wat,449.0360637
17,Sample_S19S_0089_Wat,449.0724952
83,Sample_S19S_0089_Wat,449.1089599
21,Sample_S19S_0089_Wat,449.1219859
81,Sample_S19S_0089_Wat,449.1453221
30,Sample_S19S_0089_Wat,449.1816462
5,Sample_S19S_0089_Wat,449.1946593
16,Sample_S19S_0089_Wat,449.2180299
10,Sample_S19S_0089_Wat,449.2310912
32,Sample_S19S_0089_Wat,449.2544787
9,Sample_S19S_0089_Wat,451.0517204
4,Sample_S19S_0089_Wat,451.0703075
31,Sample_S19S_0089_Wat,451.0881744
56,Sample_S19S_0089_Wat,451.124616
1,Sample_S19S_0089_Wat,451.1530256
38,Sample_S19S_0089_Wat,451.1609528
11,Sample_S19S_0089_Wat,451.1972791
7,Sample_S19S_0089_Wat,451.2256352
17,Sample_S19S_0089_Wat,451.2336787
35,Sample_S19S_0089_Wat,452.0834394
19,Sample_S19S_0089_Wat,452.1199139
12,Sample_S19S_0089_Wat,453.0673983
6,Sample_S19S_0089_Wat,453.0859155
10,Sample_S19S_0089_Wat,453.0957146
10,Sample_S19S_0089_Wat,453.1037558
15,Sample_S19S_0089_Wat,453.1321972
42,Sample_S19S_0089_Wat,453.140211
10,Sample_S19S_0089_Wat,453.1587585
1,Sample_S19S_0089_Wat,453.1686448
75,Sample_S19S_0089_Wat,453.1766436
16,Sample_S19S_0089_Wat,453.2049759
3,Sample_S19S_0089_Wat,453.2492245
2,Sample_S19S_0089_Wat,454.114255
40,Sample_S19S_0089_Wat,455.0620251
15,Sample_S19S_0089_Wat,455.0652945
39,Sample_S19S_0089_Wat,455.0831528
22,Sample_S19S_0089_Wat,455.1016835
15,Sample_S19S_0089_Wat,455.111472
32,Sample_S19S_0089_Wat,455.1194736
12,Sample_S19S_0089_Wat,455.1380162
18,Sample_S19S_0089_Wat,455.14777
15,Sample_S19S_0089_Wat,455.1558023
2,Sample_S19S_0089_Wat,455.1742756
17,Sample_S19S_0089_Wat,455.1841535
14,Sample_S19S_0089_Wat,455.1921775
22,Sample_S19S_0089_Wat,455.2205892
3,Sample_S19S_0089_Wat,455.2285132
18,Sample_S19S_0089_Wat,455.2650512
15,Sample_S19S_0089_Wat,456.0935705
18,Sample_S19S_0089_Wat,457.0776174
8,Sample_S19S_0089_Wat,457.0906483
16,Sample_S19S_0089_Wat,457.0986905
19,Sample_S19S_0089_Wat,457.1139922
10,Sample_S19S_0089_Wat,457.1172314
13,Sample_S19S_0089_Wat,457.1270095
16,Sample_S19S_0089_Wat,457.1350642
17,Sample_S19S_0089_Wat,457.150377
3,Sample_S19S_0089_Wat,457.1535372
22,Sample_S19S_0089_Wat,457.1634444
32,Sample_S19S_0089_Wat,457.1715231
57,Sample_S19S_0089_Wat,457.1868094
24,Sample_S19S_0089_Wat,457.1998933
43,Sample_S19S_0089_Wat,457.2079257
22,Sample_S19S_0089_Wat,457.2231614
12,Sample_S19S_0089_Wat,457.2442623
13,Sample_S19S_0089_Wat,459.0568713
19,Sample_S19S_0089_Wat,459.0932353
9,Sample_S19S_0089_Wat,459.0964817
16,Sample_S19S_0089_Wat,459.1062882
18,Sample_S19S_0089_Wat,459.1143457
51,Sample_S19S_0089_Wat,459.1296693
14,Sample_S19S_0089_Wat,459.1328714
33,Sample_S19S_0089_Wat,459.142719
36,Sample_S19S_0089_Wat,459.1508169
44,Sample_S19S_0089_Wat,459.1661042
10,Sample_S19S_0089_Wat,459.1692924
19,Sample_S19S_0089_Wat,459.2025048
14,Sample_S19S_0089_Wat,459.2155229
16,Sample_S19S_0089_Wat,459.2235091
13,Sample_S19S_0089_Wat,459.2387931
52,Sample_S19S_0089_Wat,460.0885829
25,Sample_S19S_0089_Wat,461.036196
18,Sample_S19S_0089_Wat,461.0725007
12,Sample_S19S_0089_Wat,461.0855391
9,Sample_S19S_0089_Wat,461.1088271
3,Sample_S19S_0089_Wat,461.1218899
7,Sample_S19S_0089_Wat,461.1299458
21,Sample_S19S_0089_Wat,461.1452647
26,Sample_S19S_0089_Wat,461.1583343
37,Sample_S19S_0089_Wat,461.1817537
13,Sample_S19S_0089_Wat,461.1948089
34,Sample_S19S_0089_Wat,461.218132
21,Sample_S19S_0089_Wat,461.2311454
8,Sample_S19S_0089_Wat,461.2544198
16,Sample_S19S_0089_Wat,462.1042629
34,Sample_S19S_0089_Wat,463.0518315
36,Sample_S19S_0089_Wat,463.0881954
18,Sample_S19S_0089_Wat,463.1068687
11,Sample_S19S_0089_Wat,463.124491
3,Sample_S19S_0089_Wat,463.1375144
7,Sample_S19S_0089_Wat,463.1608564
9,Sample_S19S_0089_Wat,463.1739081
24,Sample_S19S_0089_Wat,463.1972938
17,Sample_S19S_0089_Wat,463.210366
43,Sample_S19S_0089_Wat,463.2337601
25,Sample_S19S_0089_Wat,464.1198095
6,Sample_S19S_0089_Wat,465.06738
23,Sample_S19S_0089_Wat,465.0861231
34,Sample_S19S_0089_Wat,465.1038259
9,Sample_S19S_0089_Wat,465.1588151
62,Sample_S19S_0089_Wat,465.1766182
18,Sample_S19S_0089_Wat,465.1896305
14,Sample_S19S_0089_Wat,465.2049695
19,Sample_S19S_0089_Wat,465.2129596
3,Sample_S19S_0089_Wat,465.2259434
4,Sample_S19S_0089_Wat,465.2491835
60,Sample_S19S_0089_Wat,466.1355201
28,Sample_S19S_0089_Wat,467.0467531
30,Sample_S19S_0089_Wat,467.0831629
16,Sample_S19S_0089_Wat,467.1016939
37,Sample_S19S_0089_Wat,467.1195422
22,Sample_S19S_0089_Wat,467.1478261
28,Sample_S19S_0089_Wat,467.1558326
5,Sample_S19S_0089_Wat,467.1743282
20,Sample_S19S_0089_Wat,467.184209
9,Sample_S19S_0089_Wat,467.1921933
16,Sample_S19S_0089_Wat,467.220621
28,Sample_S19S_0089_Wat,467.2286363
29,Sample_S19S_0089_Wat,468.1147294
16,Sample_S19S_0089_Wat,469.0412947
23,Sample_S19S_0089_Wat,469.062394
10,Sample_S19S_0089_Wat,469.0776006
12,Sample_S19S_0089_Wat,469.0809014
17,Sample_S19S_0089_Wat,469.0986993
21,Sample_S19S_0089_Wat,469.1270251
13,Sample_S19S_0089_Wat,469.1350525
11,Sample_S19S_0089_Wat,469.1633964
7,Sample_S19S_0089_Wat,469.190083
25,Sample_S19S_0089_Wat,469.199861
31,Sample_S19S_0089_Wat,469.2078959
13,Sample_S19S_0089_Wat,469.2362772
26,Sample_S19S_0089_Wat,469.2442937
23,Sample_S19S_0089_Wat,471.0780166
6,Sample_S19S_0089_Wat,471.0965112
11,Sample_S19S_0089_Wat,471.106291
8,Sample_S19S_0089_Wat,471.1426129
9,Sample_S19S_0089_Wat,471.1506882
6,Sample_S19S_0089_Wat,471.16598
20,Sample_S19S_0089_Wat,471.1790652
24,Sample_S19S_0089_Wat,471.1871307
13,Sample_S19S_0089_Wat,471.2024048
18,Sample_S19S_0089_Wat,471.2155389
24,Sample_S19S_0089_Wat,471.2235442
5,Sample_S19S_0089_Wat,471.2519375
13,Sample_S19S_0089_Wat,473.0361823
25,Sample_S19S_0089_Wat,473.0937108
18,Sample_S19S_0089_Wat,473.121993
19,Sample_S19S_0089_Wat,473.1300234
2,Sample_S19S_0089_Wat,473.139667
20,Sample_S19S_0089_Wat,473.1452829
11,Sample_S19S_0089_Wat,473.1582831
12,Sample_S19S_0089_Wat,473.1663521
19,Sample_S19S_0089_Wat,473.1816622
13,Sample_S19S_0089_Wat,473.1946924
12,Sample_S19S_0089_Wat,473.2027392
29,Sample_S19S_0089_Wat,473.2180738
22,Sample_S19S_0089_Wat,473.2311386
27,Sample_S19S_0089_Wat,474.067818
58,Sample_S19S_0089_Wat,474.1405956
7,Sample_S19S_0089_Wat,474.1768894
10,Sample_S19S_0089_Wat,475.0517049
22,Sample_S19S_0089_Wat,475.0881586
11,Sample_S19S_0089_Wat,475.1012806
12,Sample_S19S_0089_Wat,475.1092833
63,Sample_S19S_0089_Wat,475.1245966
24,Sample_S19S_0089_Wat,475.1376596
17,Sample_S19S_0089_Wat,475.1456774
68,Sample_S19S_0089_Wat,475.1609843
24,Sample_S19S_0089_Wat,475.1739813
3,Sample_S19S_0089_Wat,475.1819356
15,Sample_S19S_0089_Wat,475.1973043
3,Sample_S19S_0089_Wat,475.2103074
8,Sample_S19S_0089_Wat,476.0833408
29,Sample_S19S_0089_Wat,476.1198125
32,Sample_S19S_0089_Wat,477.0674882
12,Sample_S19S_0089_Wat,477.1037802
12,Sample_S19S_0089_Wat,477.1168599
2,Sample_S19S_0089_Wat,477.1401075
8,Sample_S19S_0089_Wat,477.1531747
12,Sample_S19S_0089_Wat,477.1765167
7,Sample_S19S_0089_Wat,477.1895617
43,Sample_S19S_0089_Wat,477.2130039
58,Sample_S19S_0089_Wat,478.0991507
13,Sample_S19S_0089_Wat,479.0830028
34,Sample_S19S_0089_Wat,479.1194663
61,Sample_S19S_0089_Wat,479.1559168
10,Sample_S19S_0089_Wat,479.1689644
52,Sample_S19S_0089_Wat,479.1923063
22,Sample_S19S_0089_Wat,479.2286027
43,Sample_S19S_0089_Wat,481.0987747
20,Sample_S19S_0089_Wat,481.117364
63,Sample_S19S_0089_Wat,481.1351677
2,Sample_S19S_0089_Wat,481.1538719
49,Sample_S19S_0089_Wat,481.1715313
15,Sample_S19S_0089_Wat,481.2078283
3,Sample_S19S_0089_Wat,481.2361059
4,Sample_S19S_0089_Wat,482.1302914
24,Sample_S19S_0089_Wat,483.0966868
33,Sample_S19S_0089_Wat,483.1144642
32,Sample_S19S_0089_Wat,483.1508531
32,Sample_S19S_0089_Wat,483.1871699
20,Sample_S19S_0089_Wat,483.2154832
13,Sample_S19S_0089_Wat,483.2234722
4,Sample_S19S_0089_Wat,483.259746
13,Sample_S19S_0089_Wat,484.1459881
17,Sample_S19S_0089_Wat,485.0936172
14,Sample_S19S_0089_Wat,485.1220307
41,Sample_S19S_0089_Wat,485.1300644
21,Sample_S19S_0089_Wat,485.1453846
15,Sample_S19S_0089_Wat,485.1584131
1,Sample_S19S_0089_Wat,485.1760615
17,Sample_S19S_0089_Wat,485.1948096
5,Sample_S19S_0089_Wat,485.2310607
5,Sample_S19S_0089_Wat,485.2390821
13,Sample_S19S_0089_Wat,487.1011949
5,Sample_S19S_0089_Wat,487.1092152
5,Sample_S19S_0089_Wat,487.1244947
15,Sample_S19S_0089_Wat,487.1375846
12,Sample_S19S_0089_Wat,487.1456408
20,Sample_S19S_0089_Wat,487.1740711
32,Sample_S19S_0089_Wat,487.18211
25,Sample_S19S_0089_Wat,487.1974177
5,Sample_S19S_0089_Wat,487.2104698
8,Sample_S19S_0089_Wat,487.2468303
31,Sample_S19S_0089_Wat,488.0834359
34,Sample_S19S_0089_Wat,489.067487
26,Sample_S19S_0089_Wat,489.1039118
31,Sample_S19S_0089_Wat,489.1249814
26,Sample_S19S_0089_Wat,489.1402055
17,Sample_S19S_0089_Wat,489.1532671
8,Sample_S19S_0089_Wat,489.1895365
6,Sample_S19S_0089_Wat,489.2128864
5,Sample_S19S_0089_Wat,489.2259164
1,Sample_S19S_0089_Wat,490.1201406
15,Sample_S19S_0089_Wat,491.0830123
4,Sample_S19S_0089_Wat,491.1193786
22,Sample_S19S_0089_Wat,491.1558203
16,Sample_S19S_0089_Wat,491.1689084
53,Sample_S19S_0089_Wat,491.1922945
7,Sample_S19S_0089_Wat,491.2053832
8,Sample_S19S_0089_Wat,491.2287423
7,Sample_S19S_0089_Wat,491.2417678
21,Sample_S19S_0089_Wat,491.2650776
15,Sample_S19S_0089_Wat,493.098712
64,Sample_S19S_0089_Wat,493.1351653
49,Sample_S19S_0089_Wat,493.1715856
8,Sample_S19S_0089_Wat,493.1846305
12,Sample_S19S_0089_Wat,493.2442171
22,Sample_S19S_0089_Wat,495.0780179
35,Sample_S19S_0089_Wat,495.1144449
22,Sample_S19S_0089_Wat,495.133068
5,Sample_S19S_0089_Wat,495.1427989
52,Sample_S19S_0089_Wat,495.1507984
18,Sample_S19S_0089_Wat,495.1791573
7,Sample_S19S_0089_Wat,495.2154488
2,Sample_S19S_0089_Wat,495.2517612
7,Sample_S19S_0089_Wat,497.1301476
1,Sample_S19S_0089_Wat,497.1487934
25,Sample_S19S_0089_Wat,497.1947705
6,Sample_S19S_0089_Wat,497.2310629
1,Sample_S19S_0089_Wat,497.2390455
3,Sample_S19S_0089_Wat,497.2673797
11,Sample_S19S_0089_Wat,498.1253978
29,Sample_S19S_0089_Wat,499.1093112
6,Sample_S19S_0089_Wat,499.1377212
43,Sample_S19S_0089_Wat,499.1457371
19,Sample_S19S_0089_Wat,499.1740741
25,Sample_S19S_0089_Wat,499.2104255
20,Sample_S19S_0089_Wat,499.2184243
6,Sample_S19S_0089_Wat,499.2466801
5,Sample_S19S_0089_Wat,499.2546595
14,Sample_S19S_0089_Wat,501.0673678
10,Sample_S19S_0089_Wat,501.116864
5,Sample_S19S_0089_Wat,501.1248479
16,Sample_S19S_0089_Wat,501.1401768
26,Sample_S19S_0089_Wat,501.1532967
17,Sample_S19S_0089_Wat,501.1612956
27,Sample_S19S_0089_Wat,501.1896846
27,Sample_S19S_0089_Wat,501.2130646
18,Sample_S19S_0089_Wat,501.2341074
27,Sample_S19S_0089_Wat,501.2494293
10,Sample_S19S_0089_Wat,501.2624631
3,Sample_S19S_0089_Wat,503.1326318
13,Sample_S19S_0089_Wat,503.1405906
20,Sample_S19S_0089_Wat,503.1558462
1,Sample_S19S_0089_Wat,503.1768678
9,Sample_S19S_0089_Wat,503.1921795
5,Sample_S19S_0089_Wat,503.2051842
12,Sample_S19S_0089_Wat,503.2285615
5,Sample_S19S_0089_Wat,503.2415628
7,Sample_S19S_0089_Wat,503.2649518
3,Sample_S19S_0089_Wat,504.1876267
12,Sample_S19S_0089_Wat,505.098662
59,Sample_S19S_0089_Wat,505.1715425
12,Sample_S19S_0089_Wat,505.1846129
26,Sample_S19S_0089_Wat,505.2079802
32,Sample_S19S_0089_Wat,505.2443315
7,Sample_S19S_0089_Wat,505.2573293
7,Sample_S19S_0089_Wat,505.2805994
11,Sample_S19S_0089_Wat,507.0602406
19,Sample_S19S_0089_Wat,507.0780238
38,Sample_S19S_0089_Wat,507.1144464
54,Sample_S19S_0089_Wat,507.1508255
7,Sample_S19S_0089_Wat,507.2154676
37,Sample_S19S_0089_Wat,509.1300451
10,Sample_S19S_0089_Wat,509.1583575
6,Sample_S19S_0089_Wat,509.2391011
1,Sample_S19S_0089_Wat,509.2967909
9,Sample_S19S_0089_Wat,511.1739404
9,Sample_S19S_0089_Wat,511.2183807
17,Sample_S19S_0089_Wat,511.2467945
13,Sample_S19S_0089_Wat,511.2547768
2,Sample_S19S_0089_Wat,511.2911339
14,Sample_S19S_0089_Wat,513.1248843
8,Sample_S19S_0089_Wat,513.1895585
4,Sample_S19S_0089_Wat,515.1326297
16,Sample_S19S_0089_Wat,515.1405768
15,Sample_S19S_0089_Wat,515.1688778
4,Sample_S19S_0089_Wat,515.1921599
9,Sample_S19S_0089_Wat,515.2052029
2,Sample_S19S_0089_Wat,515.213195
2,Sample_S19S_0089_Wat,515.2495874
2,Sample_S19S_0089_Wat,517.1199999
5,Sample_S19S_0089_Wat,517.1352552
42,Sample_S19S_0089_Wat,517.2079237
9,Sample_S19S_0089_Wat,517.2208996
10,Sample_S19S_0089_Wat,517.2442337
3,Sample_S19S_0089_Wat,517.2572088
9,Sample_S19S_0089_Wat,519.1143103
12,Sample_S19S_0089_Wat,519.2236508
19,Sample_S19S_0089_Wat,521.0937324
22,Sample_S19S_0089_Wat,521.1663968
8,Sample_S19S_0089_Wat,521.2027235
3,Sample_S19S_0089_Wat,521.2390738
1,Sample_S19S_0089_Wat,522.1251732
2,Sample_S19S_0089_Wat,523.0728235
3,Sample_S19S_0089_Wat,523.1091901
23,Sample_S19S_0089_Wat,523.1820717
21,Sample_S19S_0089_Wat,523.2104573
11,Sample_S19S_0089_Wat,523.2468227
31,Sample_S19S_0089_Wat,525.1614051
11,Sample_S19S_0089_Wat,525.2340332
22,Sample_S19S_0089_Wat,526.1566707
18,Sample_S19S_0089_Wat,527.1689685
28,Sample_S19S_0089_Wat,527.1769645
21,Sample_S19S_0089_Wat,527.2052882
3,Sample_S19S_0089_Wat,527.2495897
6,Sample_S19S_0089_Wat,529.0988481
17,Sample_S19S_0089_Wat,529.119899
6,Sample_S19S_0089_Wat,529.1482589
17,Sample_S19S_0089_Wat,529.1562352
8,Sample_S19S_0089_Wat,529.2573138
3,Sample_S19S_0089_Wat,531.0781475
11,Sample_S19S_0089_Wat,531.1144803
11,Sample_S19S_0089_Wat,531.1718519
13,Sample_S19S_0089_Wat,531.2001725
14,Sample_S19S_0089_Wat,531.2234777
5,Sample_S19S_0089_Wat,531.2598778
1,Sample_S19S_0089_Wat,531.2996826
7,Sample_S19S_0089_Wat,533.0937827
14,Sample_S19S_0089_Wat,533.1795306
12,Sample_S19S_0089_Wat,533.2027587
4,Sample_S19S_0089_Wat,535.0730261
4,Sample_S19S_0089_Wat,535.1094222
7,Sample_S19S_0089_Wat,535.1458132
12,Sample_S19S_0089_Wat,535.1821751
13,Sample_S19S_0089_Wat,535.2547783
10,Sample_S19S_0089_Wat,537.0884904
38,Sample_S19S_0089_Wat,537.161382
16,Sample_S19S_0089_Wat,537.1978101
10,Sample_S19S_0089_Wat,537.2342192
5,Sample_S19S_0089_Wat,537.2706002
14,Sample_S19S_0089_Wat,539.1042196
21,Sample_S19S_0089_Wat,539.1405618
4,Sample_S19S_0089_Wat,539.1768779
3,Sample_S19S_0089_Wat,539.2051955
2,Sample_S19S_0089_Wat,539.2132409
4,Sample_S19S_0089_Wat,539.2416063
2,Sample_S19S_0089_Wat,539.2496267
2,Sample_S19S_0089_Wat,539.2779882
4,Sample_S19S_0089_Wat,539.2859556
17,Sample_S19S_0089_Wat,541.1199147
2,Sample_S19S_0089_Wat,541.1927684
26,Sample_S19S_0089_Wat,541.2290565
14,Sample_S19S_0089_Wat,542.224289
8,Sample_S19S_0089_Wat,543.1718262
18,Sample_S19S_0089_Wat,545.1875733
28,Sample_S19S_0089_Wat,545.2028931
13,Sample_S19S_0089_Wat,545.2159419
12,Sample_S19S_0089_Wat,547.145805
12,Sample_S19S_0089_Wat,547.2315171
3,Sample_S19S_0089_Wat,549.0887119
9,Sample_S19S_0089_Wat,549.1614413
35,Sample_S19S_0089_Wat,549.1977663
8,Sample_S19S_0089_Wat,551.10435
27,Sample_S19S_0089_Wat,551.1769906
8,Sample_S19S_0089_Wat,551.2052511
40,Sample_S19S_0089_Wat,553.1562956
16,Sample_S19S_0089_Wat,553.1925971
24,Sample_S19S_0089_Wat,555.2082923
5,Sample_S19S_0089_Wat,557.1149049
10,Sample_S19S_0089_Wat,561.0885432
1,Sample_S19S_0089_Wat,561.1611805
21,Sample_S19S_0089_Wat,565.2290122
11,Sample_S19S_0089_Wat,565.2573399
1,Sample_S19S_0089_Wat,565.3019685
10,Sample_S19S_0089_Wat,567.2083955
16,Sample_S19S_0089_Wat,567.2446704
3,Sample_S19S_0089_Wat,569.1510794
13,Sample_S19S_0089_Wat,571.2032768
5,Sample_S19S_0089_Wat,573.1250609
3,Sample_S19S_0089_Wat,575.1043617
1,Sample_S19S_0089_Wat,575.1407714
18,Sample_S19S_0089_Wat,575.1770756
25,Sample_S19S_0089_Wat,575.213398
18,Sample_S19S_0089_Wat,577.1926143
1,Sample_S19S_0089_Wat,577.2651743
31,Sample_S19S_0089_Wat,579.1719274
16,Sample_S19S_0089_Wat,579.2082488
20,Sample_S19S_0089_Wat,581.1875335
5,Sample_S19S_0089_Wat,583.1669172
13,Sample_S19S_0089_Wat,583.2032587
9,Sample_S19S_0089_Wat,583.2314722
11,Sample_S19S_0089_Wat,583.2395225
1,Sample_S19S_0089_Wat,583.2757337
2,Sample_S19S_0089_Wat,585.2472737
15,Sample_S19S_0089_Wat,587.1770783
7,Sample_S19S_0089_Wat,591.1720289
9,Sample_S19S_0089_Wat,591.2083514
13,Sample_S19S_0089_Wat,591.2446301
3,Sample_S19S_0089_Wat,593.1511079
24,Sample_S19S_0089_Wat,593.1875846
29,Sample_S19S_0089_Wat,597.2188862
8,Sample_S19S_0089_Wat,597.291611
1,Sample_S19S_0089_Wat,609.1459321
1,Sample_S19S_0089_Wat,623.162005
