num.trans.involved.in,sample,peak
24,Sample_S19S_0045_Wat,200.0564158
34,Sample_S19S_0045_Wat,201.0226766
43,Sample_S19S_0045_Wat,201.0404313
40,Sample_S19S_0045_Wat,201.0768122
29,Sample_S19S_0045_Wat,201.1131969
48,Sample_S19S_0045_Wat,203.0560881
13,Sample_S19S_0045_Wat,203.0924536
29,Sample_S19S_0045_Wat,204.0665886
29,Sample_S19S_0045_Wat,205.0505947
6,Sample_S19S_0045_Wat,205.0618278
17,Sample_S19S_0045_Wat,205.086978
28,Sample_S19S_0045_Wat,205.1081166
48,Sample_S19S_0045_Wat,207.0298709
43,Sample_S19S_0045_Wat,207.066249
30,Sample_S19S_0045_Wat,207.1026321
31,Sample_S19S_0045_Wat,208.0615064
24,Sample_S19S_0045_Wat,208.0978901
44,Sample_S19S_0045_Wat,209.0455114
42,Sample_S19S_0045_Wat,209.0818981
25,Sample_S19S_0045_Wat,210.0407624
23,Sample_S19S_0045_Wat,210.0771409
59,Sample_S19S_0045_Wat,211.0247874
66,Sample_S19S_0045_Wat,211.0611736
2,Sample_S19S_0045_Wat,211.083621
41,Sample_S19S_0045_Wat,211.097555
34,Sample_S19S_0045_Wat,212.0564229
33,Sample_S19S_0045_Wat,212.0928177
2,Sample_S19S_0045_Wat,213.0152775
34,Sample_S19S_0045_Wat,213.0226817
41,Sample_S19S_0045_Wat,213.0404285
53,Sample_S19S_0045_Wat,213.0768216
33,Sample_S19S_0045_Wat,213.1132092
34,Sample_S19S_0045_Wat,214.0720739
25,Sample_S19S_0045_Wat,215.0019358
36,Sample_S19S_0045_Wat,215.0383432
47,Sample_S19S_0045_Wat,215.0560786
46,Sample_S19S_0045_Wat,215.0924726
24,Sample_S19S_0045_Wat,215.1288446
8,Sample_S19S_0045_Wat,217.0175559
13,Sample_S19S_0045_Wat,217.0505866
52,Sample_S19S_0045_Wat,217.0717431
37,Sample_S19S_0045_Wat,217.1081169
18,Sample_S19S_0045_Wat,219.0332238
18,Sample_S19S_0045_Wat,219.0662407
40,Sample_S19S_0045_Wat,219.0873877
11,Sample_S19S_0045_Wat,220.0614803
46,Sample_S19S_0045_Wat,221.0455191
30,Sample_S19S_0045_Wat,221.048891
25,Sample_S19S_0045_Wat,221.0818912
11,Sample_S19S_0045_Wat,222.0407486
18,Sample_S19S_0045_Wat,222.0771399
29,Sample_S19S_0045_Wat,222.1135588
52,Sample_S19S_0045_Wat,223.0247931
27,Sample_S19S_0045_Wat,223.0611523
48,Sample_S19S_0045_Wat,223.0975605
43,Sample_S19S_0045_Wat,224.0564233
12,Sample_S19S_0045_Wat,224.092781
30,Sample_S19S_0045_Wat,225.0226783
84,Sample_S19S_0045_Wat,225.0404494
11,Sample_S19S_0045_Wat,225.0516605
1,Sample_S19S_0045_Wat,225.0628904
64,Sample_S19S_0045_Wat,225.0768195
19,Sample_S19S_0045_Wat,225.0880535
20,Sample_S19S_0045_Wat,225.1131873
24,Sample_S19S_0045_Wat,226.0356785
48,Sample_S19S_0045_Wat,226.072077
6,Sample_S19S_0045_Wat,227.0019215
29,Sample_S19S_0045_Wat,227.0383214
46,Sample_S19S_0045_Wat,227.056079
56,Sample_S19S_0045_Wat,227.092466
35,Sample_S19S_0045_Wat,227.1288722
13,Sample_S19S_0045_Wat,228.0335725
11,Sample_S19S_0045_Wat,228.0513116
35,Sample_S19S_0045_Wat,229.0175957
47,Sample_S19S_0045_Wat,229.0353497
38,Sample_S19S_0045_Wat,229.0539812
59,Sample_S19S_0045_Wat,229.0717413
39,Sample_S19S_0045_Wat,229.1081151
23,Sample_S19S_0045_Wat,229.14452
8,Sample_S19S_0045_Wat,230.0128488
40,Sample_S19S_0045_Wat,231.0332653
54,Sample_S19S_0045_Wat,231.051012
28,Sample_S19S_0045_Wat,231.0662593
53,Sample_S19S_0045_Wat,231.0873835
17,Sample_S19S_0045_Wat,231.1237543
6,Sample_S19S_0045_Wat,232.0284788
29,Sample_S19S_0045_Wat,232.0615087
33,Sample_S19S_0045_Wat,232.0826607
33,Sample_S19S_0045_Wat,233.0125103
46,Sample_S19S_0045_Wat,233.0455307
32,Sample_S19S_0045_Wat,233.0489051
9,Sample_S19S_0045_Wat,233.0567413
75,Sample_S19S_0045_Wat,233.0666759
38,Sample_S19S_0045_Wat,233.0819208
30,Sample_S19S_0045_Wat,233.0852976
44,Sample_S19S_0045_Wat,233.1030488
12,Sample_S19S_0045_Wat,233.1546845
10,Sample_S19S_0045_Wat,234.0407445
7,Sample_S19S_0045_Wat,234.0771258
45,Sample_S19S_0045_Wat,235.0247912
16,Sample_S19S_0045_Wat,235.0434342
2,Sample_S19S_0045_Wat,235.0472823
59,Sample_S19S_0045_Wat,235.0611873
30,Sample_S19S_0045_Wat,235.0645616
17,Sample_S19S_0045_Wat,235.0724095
44,Sample_S19S_0045_Wat,235.0975749
11,Sample_S19S_0045_Wat,235.1009797
56,Sample_S19S_0045_Wat,236.0564412
52,Sample_S19S_0045_Wat,237.0404421
68,Sample_S19S_0045_Wat,237.0768351
12,Sample_S19S_0045_Wat,237.088034
48,Sample_S19S_0045_Wat,237.1132227
16,Sample_S19S_0045_Wat,238.0356696
43,Sample_S19S_0045_Wat,238.0720655
1,Sample_S19S_0045_Wat,238.9629644
22,Sample_S19S_0045_Wat,239.0019507
69,Sample_S19S_0045_Wat,239.0197221
44,Sample_S19S_0045_Wat,239.0383585
106,Sample_S19S_0045_Wat,239.0561117
15,Sample_S19S_0045_Wat,239.0673352
103,Sample_S19S_0045_Wat,239.092497
51,Sample_S19S_0045_Wat,239.1288753
43,Sample_S19S_0045_Wat,240.0513448
47,Sample_S19S_0045_Wat,240.0877319
27,Sample_S19S_0045_Wat,241.0176131
78,Sample_S19S_0045_Wat,241.03537
38,Sample_S19S_0045_Wat,241.0539901
63,Sample_S19S_0045_Wat,241.0717422
17,Sample_S19S_0045_Wat,241.0829909
20,Sample_S19S_0045_Wat,241.0903544
39,Sample_S19S_0045_Wat,241.1081087
26,Sample_S19S_0045_Wat,241.1445007
61,Sample_S19S_0045_Wat,242.0670034
36,Sample_S19S_0045_Wat,242.1033669
23,Sample_S19S_0045_Wat,242.139775
5,Sample_S19S_0045_Wat,242.1761465
52,Sample_S19S_0045_Wat,243.0332768
90,Sample_S19S_0045_Wat,243.0510224
36,Sample_S19S_0045_Wat,243.0696352
49,Sample_S19S_0045_Wat,243.0873816
28,Sample_S19S_0045_Wat,243.1237626
20,Sample_S19S_0045_Wat,243.1601665
16,Sample_S19S_0045_Wat,244.0284895
31,Sample_S19S_0045_Wat,244.0615406
43,Sample_S19S_0045_Wat,244.0826525
36,Sample_S19S_0045_Wat,245.0125083
75,Sample_S19S_0045_Wat,245.0455587
36,Sample_S19S_0045_Wat,245.0489119
96,Sample_S19S_0045_Wat,245.0666847
52,Sample_S19S_0045_Wat,245.0819342
75,Sample_S19S_0045_Wat,245.1030642
25,Sample_S19S_0045_Wat,245.1394342
7,Sample_S19S_0045_Wat,246.0441272
40,Sample_S19S_0045_Wat,247.024801
38,Sample_S19S_0045_Wat,247.0281631
28,Sample_S19S_0045_Wat,247.0459114
75,Sample_S19S_0045_Wat,247.0612011
13,Sample_S19S_0045_Wat,247.0645256
82,Sample_S19S_0045_Wat,247.0823368
76,Sample_S19S_0045_Wat,247.0975945
50,Sample_S19S_0045_Wat,247.118733
48,Sample_S19S_0045_Wat,247.1339672
44,Sample_S19S_0045_Wat,248.0564361
38,Sample_S19S_0045_Wat,248.0928093
21,Sample_S19S_0045_Wat,249.0227066
87,Sample_S19S_0045_Wat,249.0404675
37,Sample_S19S_0045_Wat,249.0438151
14,Sample_S19S_0045_Wat,249.0516664
21,Sample_S19S_0045_Wat,249.0591113
96,Sample_S19S_0045_Wat,249.0768527
33,Sample_S19S_0045_Wat,249.0802097
17,Sample_S19S_0045_Wat,249.0880558
41,Sample_S19S_0045_Wat,249.1132224
36,Sample_S19S_0045_Wat,249.134357
63,Sample_S19S_0045_Wat,250.07209
2,Sample_S19S_0045_Wat,250.0873786
16,Sample_S19S_0045_Wat,250.1448617
21,Sample_S19S_0045_Wat,251.0019799
71,Sample_S19S_0045_Wat,251.0197332
75,Sample_S19S_0045_Wat,251.0560986
30,Sample_S19S_0045_Wat,251.0594793
22,Sample_S19S_0045_Wat,251.0673594
26,Sample_S19S_0045_Wat,251.0772196
118,Sample_S19S_0045_Wat,251.0925063
25,Sample_S19S_0045_Wat,251.0958765
18,Sample_S19S_0045_Wat,251.1037616
51,Sample_S19S_0045_Wat,251.1289035
56,Sample_S19S_0045_Wat,252.0513612
52,Sample_S19S_0045_Wat,252.0877348
37,Sample_S19S_0045_Wat,253.0176287
105,Sample_S19S_0045_Wat,253.0353983
14,Sample_S19S_0045_Wat,253.0466122
12,Sample_S19S_0045_Wat,253.0540606
125,Sample_S19S_0045_Wat,253.0717756
15,Sample_S19S_0045_Wat,253.0829986
22,Sample_S19S_0045_Wat,253.0903635
49,Sample_S19S_0045_Wat,253.1081345
51,Sample_S19S_0045_Wat,253.1445337
9,Sample_S19S_0045_Wat,254.0128615
49,Sample_S19S_0045_Wat,254.0670222
49,Sample_S19S_0045_Wat,254.1033853
42,Sample_S19S_0045_Wat,255.0332681
109,Sample_S19S_0045_Wat,255.0510433
16,Sample_S19S_0045_Wat,255.0622462
24,Sample_S19S_0045_Wat,255.0696877
124,Sample_S19S_0045_Wat,255.0874163
24,Sample_S19S_0045_Wat,255.0986256
50,Sample_S19S_0045_Wat,255.1237776
54,Sample_S19S_0045_Wat,256.0826837
33,Sample_S19S_0045_Wat,257.012566
84,Sample_S19S_0045_Wat,257.030304
60,Sample_S19S_0045_Wat,257.048925
110,Sample_S19S_0045_Wat,257.0666765
18,Sample_S19S_0045_Wat,257.0779166
53,Sample_S19S_0045_Wat,257.085313
77,Sample_S19S_0045_Wat,257.1030521
54,Sample_S19S_0045_Wat,257.1394516
20,Sample_S19S_0045_Wat,258.0441616
55,Sample_S19S_0045_Wat,258.0619166
34,Sample_S19S_0045_Wat,258.0771841
51,Sample_S19S_0045_Wat,258.0983343
43,Sample_S19S_0045_Wat,259.0248281
44,Sample_S19S_0045_Wat,259.0282061
90,Sample_S19S_0045_Wat,259.0459547
64,Sample_S19S_0045_Wat,259.0612028
61,Sample_S19S_0045_Wat,259.0645754
102,Sample_S19S_0045_Wat,259.0823405
59,Sample_S19S_0045_Wat,259.0975861
72,Sample_S19S_0045_Wat,259.1187072
35,Sample_S19S_0045_Wat,259.1551113
13,Sample_S19S_0045_Wat,260.0234343
20,Sample_S19S_0045_Wat,260.0564172
43,Sample_S19S_0045_Wat,260.0775722
25,Sample_S19S_0045_Wat,261.0074429
58,Sample_S19S_0045_Wat,261.040468
35,Sample_S19S_0045_Wat,261.04386
10,Sample_S19S_0045_Wat,261.0590781
74,Sample_S19S_0045_Wat,261.061588
89,Sample_S19S_0045_Wat,261.0768598
17,Sample_S19S_0045_Wat,261.0880981
68,Sample_S19S_0045_Wat,261.0980071
65,Sample_S19S_0045_Wat,261.1132477
32,Sample_S19S_0045_Wat,262.0357323
45,Sample_S19S_0045_Wat,262.0721008
33,Sample_S19S_0045_Wat,262.0932448
43,Sample_S19S_0045_Wat,263.019721
33,Sample_S19S_0045_Wat,263.0230946
84,Sample_S19S_0045_Wat,263.0561329
50,Sample_S19S_0045_Wat,263.0595
20,Sample_S19S_0045_Wat,263.074735
64,Sample_S19S_0045_Wat,263.0772341
50,Sample_S19S_0045_Wat,263.0924815
30,Sample_S19S_0045_Wat,263.0958535
54,Sample_S19S_0045_Wat,263.1136323
51,Sample_S19S_0045_Wat,263.128908
29,Sample_S19S_0045_Wat,263.1500397
57,Sample_S19S_0045_Wat,264.0513612
52,Sample_S19S_0045_Wat,264.087752
18,Sample_S19S_0045_Wat,265.017661
80,Sample_S19S_0045_Wat,265.0353938
44,Sample_S19S_0045_Wat,265.0540149
45,Sample_S19S_0045_Wat,265.0565045
96,Sample_S19S_0045_Wat,265.0717855
1,Sample_S19S_0045_Wat,265.0730955
39,Sample_S19S_0045_Wat,265.07514
26,Sample_S19S_0045_Wat,265.0829943
15,Sample_S19S_0045_Wat,265.0929432
103,Sample_S19S_0045_Wat,265.1081545
39,Sample_S19S_0045_Wat,265.1445692
7,Sample_S19S_0045_Wat,265.1479151
44,Sample_S19S_0045_Wat,266.0306266
65,Sample_S19S_0045_Wat,266.0670361
43,Sample_S19S_0045_Wat,266.1034196
2,Sample_S19S_0045_Wat,266.9942715
66,Sample_S19S_0045_Wat,267.0146829
12,Sample_S19S_0045_Wat,267.03333
118,Sample_S19S_0045_Wat,267.0510336
24,Sample_S19S_0045_Wat,267.0622941
16,Sample_S19S_0045_Wat,267.0696979
110,Sample_S19S_0045_Wat,267.0874299
23,Sample_S19S_0045_Wat,267.0986455
29,Sample_S19S_0045_Wat,267.1060484
95,Sample_S19S_0045_Wat,267.123805
41,Sample_S19S_0045_Wat,267.1601848
15,Sample_S19S_0045_Wat,268.0285092
62,Sample_S19S_0045_Wat,268.0462977
71,Sample_S19S_0045_Wat,268.08266
40,Sample_S19S_0045_Wat,269.01256
83,Sample_S19S_0045_Wat,269.0303205
60,Sample_S19S_0045_Wat,269.0489342
130,Sample_S19S_0045_Wat,269.0666802
29,Sample_S19S_0045_Wat,269.0779259
49,Sample_S19S_0045_Wat,269.0853155
110,Sample_S19S_0045_Wat,269.1030627
62,Sample_S19S_0045_Wat,269.1394657
26,Sample_S19S_0045_Wat,269.1758579
59,Sample_S19S_0045_Wat,270.0619439
61,Sample_S19S_0045_Wat,270.0983057
25,Sample_S19S_0045_Wat,270.9918312
55,Sample_S19S_0045_Wat,271.0281864
87,Sample_S19S_0045_Wat,271.0459737
52,Sample_S19S_0045_Wat,271.0645721
104,Sample_S19S_0045_Wat,271.0823212
26,Sample_S19S_0045_Wat,271.0935785
37,Sample_S19S_0045_Wat,271.0976146
14,Sample_S19S_0045_Wat,271.1009969
95,Sample_S19S_0045_Wat,271.118718
29,Sample_S19S_0045_Wat,271.1551343
19,Sample_S19S_0045_Wat,272.0234317
20,Sample_S19S_0045_Wat,272.0564234
11,Sample_S19S_0045_Wat,272.0598625
56,Sample_S19S_0045_Wat,272.0775888
48,Sample_S19S_0045_Wat,272.1139554
40,Sample_S19S_0045_Wat,273.0074568
1,Sample_S19S_0045_Wat,273.0339438
50,Sample_S19S_0045_Wat,273.0438577
85,Sample_S19S_0045_Wat,273.061591
74,Sample_S19S_0045_Wat,273.0768603
33,Sample_S19S_0045_Wat,273.0802466
88,Sample_S19S_0045_Wat,273.0979879
54,Sample_S19S_0045_Wat,273.1132445
35,Sample_S19S_0045_Wat,273.1166186
45,Sample_S19S_0045_Wat,273.1343844
28,Sample_S19S_0045_Wat,273.1707658
35,Sample_S19S_0045_Wat,274.0357454
19,Sample_S19S_0045_Wat,274.0391096
39,Sample_S19S_0045_Wat,274.0568533
45,Sample_S19S_0045_Wat,274.0720917
41,Sample_S19S_0045_Wat,274.0932637
52,Sample_S19S_0045_Wat,275.0197425
51,Sample_S19S_0045_Wat,275.0231068
75,Sample_S19S_0045_Wat,275.0561155
56,Sample_S19S_0045_Wat,275.0594984
16,Sample_S19S_0045_Wat,275.0673647
10,Sample_S19S_0045_Wat,275.0747694
89,Sample_S19S_0045_Wat,275.0772487
82,Sample_S19S_0045_Wat,275.0925149
77,Sample_S19S_0045_Wat,275.1136274
55,Sample_S19S_0045_Wat,275.1288873
34,Sample_S19S_0045_Wat,275.1500444
6,Sample_S19S_0045_Wat,276.0183977
41,Sample_S19S_0045_Wat,276.0513913
23,Sample_S19S_0045_Wat,276.0725557
29,Sample_S19S_0045_Wat,276.0877174
91,Sample_S19S_0045_Wat,277.0354157
33,Sample_S19S_0045_Wat,277.0387785
59,Sample_S19S_0045_Wat,277.0565299
98,Sample_S19S_0045_Wat,277.0717892
50,Sample_S19S_0045_Wat,277.0751477
13,Sample_S19S_0045_Wat,277.0904394
49,Sample_S19S_0045_Wat,277.0929294
94,Sample_S19S_0045_Wat,277.1081544
37,Sample_S19S_0045_Wat,277.1293085
60,Sample_S19S_0045_Wat,277.1445377
32,Sample_S19S_0045_Wat,278.0306345
56,Sample_S19S_0045_Wat,278.0670289
12,Sample_S19S_0045_Wat,278.0856561
28,Sample_S19S_0045_Wat,278.0881845
46,Sample_S19S_0045_Wat,278.1034322
41,Sample_S19S_0045_Wat,279.0146331
39,Sample_S19S_0045_Wat,279.0332802
91,Sample_S19S_0045_Wat,279.0510516
47,Sample_S19S_0045_Wat,279.0544147
26,Sample_S19S_0045_Wat,279.0622836
14,Sample_S19S_0045_Wat,279.0697012
32,Sample_S19S_0045_Wat,279.0721384
69,Sample_S19S_0045_Wat,279.0874539
7,Sample_S19S_0045_Wat,279.0908266
30,Sample_S19S_0045_Wat,279.0986672
31,Sample_S19S_0045_Wat,279.1060487
71,Sample_S19S_0045_Wat,279.1238221
46,Sample_S19S_0045_Wat,279.160186
57,Sample_S19S_0045_Wat,280.0463018
70,Sample_S19S_0045_Wat,280.0826921
53,Sample_S19S_0045_Wat,280.1190492
22,Sample_S19S_0045_Wat,281.0125726
85,Sample_S19S_0045_Wat,281.0303339
5,Sample_S19S_0045_Wat,281.0489881
126,Sample_S19S_0045_Wat,281.0666829
21,Sample_S19S_0045_Wat,281.0700358
32,Sample_S19S_0045_Wat,281.0779309
2,Sample_S19S_0045_Wat,281.0853812
76,Sample_S19S_0045_Wat,281.1030502
17,Sample_S19S_0045_Wat,281.106436
16,Sample_S19S_0045_Wat,281.1143409
24,Sample_S19S_0045_Wat,281.1217043
11,Sample_S19S_0045_Wat,281.1242389
78,Sample_S19S_0045_Wat,281.1394597
26,Sample_S19S_0045_Wat,281.1758716
55,Sample_S19S_0045_Wat,282.0983548
28,Sample_S19S_0045_Wat,283.0282193
111,Sample_S19S_0045_Wat,283.0459554
14,Sample_S19S_0045_Wat,283.064623
82,Sample_S19S_0045_Wat,283.0823169
29,Sample_S19S_0045_Wat,283.0935869
11,Sample_S19S_0045_Wat,283.1010031
117,Sample_S19S_0045_Wat,283.118715
12,Sample_S19S_0045_Wat,283.1373752
42,Sample_S19S_0045_Wat,283.1551309
17,Sample_S19S_0045_Wat,284.0234505
50,Sample_S19S_0045_Wat,284.0412345
66,Sample_S19S_0045_Wat,284.0776208
50,Sample_S19S_0045_Wat,284.1139788
33,Sample_S19S_0045_Wat,285.0074703
73,Sample_S19S_0045_Wat,285.025228
34,Sample_S19S_0045_Wat,285.0438689
8,Sample_S19S_0045_Wat,285.0550936
89,Sample_S19S_0045_Wat,285.0616357
50,Sample_S19S_0045_Wat,285.0802217
46,Sample_S19S_0045_Wat,285.0980306
21,Sample_S19S_0045_Wat,285.1092216
39,Sample_S19S_0045_Wat,285.1166168
7,Sample_S19S_0045_Wat,285.1262347
62,Sample_S19S_0045_Wat,285.1343948
41,Sample_S19S_0045_Wat,285.17075
47,Sample_S19S_0045_Wat,286.0568589
60,Sample_S19S_0045_Wat,286.0932539
41,Sample_S19S_0045_Wat,287.0231311
72,Sample_S19S_0045_Wat,287.0408776
59,Sample_S19S_0045_Wat,287.0561351
20,Sample_S19S_0045_Wat,287.0595327
96,Sample_S19S_0045_Wat,287.0772537
28,Sample_S19S_0045_Wat,287.0885054
64,Sample_S19S_0045_Wat,287.0925228
55,Sample_S19S_0045_Wat,287.0958808
92,Sample_S19S_0045_Wat,287.1136282
45,Sample_S19S_0045_Wat,287.1289021
20,Sample_S19S_0045_Wat,287.1322824
61,Sample_S19S_0045_Wat,287.150015
24,Sample_S19S_0045_Wat,287.1864124
43,Sample_S19S_0045_Wat,288.0513962
14,Sample_S19S_0045_Wat,288.0547736
51,Sample_S19S_0045_Wat,288.0725046
42,Sample_S19S_0045_Wat,288.0877815
41,Sample_S19S_0045_Wat,288.1089115
33,Sample_S19S_0045_Wat,289.0023755
68,Sample_S19S_0045_Wat,289.0354029
43,Sample_S19S_0045_Wat,289.0387746
76,Sample_S19S_0045_Wat,289.0565242
94,Sample_S19S_0045_Wat,289.0717704
59,Sample_S19S_0045_Wat,289.0751476
19,Sample_S19S_0045_Wat,289.0830287
7,Sample_S19S_0045_Wat,289.0904345
82,Sample_S19S_0045_Wat,289.0929075
67,Sample_S19S_0045_Wat,289.1081489
70,Sample_S19S_0045_Wat,289.1292776
50,Sample_S19S_0045_Wat,289.1445478
10,Sample_S19S_0045_Wat,290.0305978
18,Sample_S19S_0045_Wat,290.0339824
25,Sample_S19S_0045_Wat,290.0669883
15,Sample_S19S_0045_Wat,290.0882083
58,Sample_S19S_0045_Wat,290.1033932
53,Sample_S19S_0045_Wat,291.0146759
23,Sample_S19S_0045_Wat,291.0180075
6,Sample_S19S_0045_Wat,291.0333342
86,Sample_S19S_0045_Wat,291.0510416
47,Sample_S19S_0045_Wat,291.0543989
68,Sample_S19S_0045_Wat,291.0721692
87,Sample_S19S_0045_Wat,291.0874132
30,Sample_S19S_0045_Wat,291.0907683
22,Sample_S19S_0045_Wat,291.0986884
25,Sample_S19S_0045_Wat,291.1060509
57,Sample_S19S_0045_Wat,291.1085682
68,Sample_S19S_0045_Wat,291.1237966
50,Sample_S19S_0045_Wat,291.1601932
37,Sample_S19S_0045_Wat,292.0462633
28,Sample_S19S_0045_Wat,292.0674445
48,Sample_S19S_0045_Wat,292.1190716
1,Sample_S19S_0045_Wat,292.2129776
86,Sample_S19S_0045_Wat,293.0303357
38,Sample_S19S_0045_Wat,293.0336884
20,Sample_S19S_0045_Wat,293.0489616
95,Sample_S19S_0045_Wat,293.0667099
37,Sample_S19S_0045_Wat,293.0700724
33,Sample_S19S_0045_Wat,293.0779374
38,Sample_S19S_0045_Wat,293.0853214
106,Sample_S19S_0045_Wat,293.1030793
23,Sample_S19S_0045_Wat,293.1143295
24,Sample_S19S_0045_Wat,293.121713
84,Sample_S19S_0045_Wat,293.1394564
14,Sample_S19S_0045_Wat,293.1757942
47,Sample_S19S_0045_Wat,294.0619153
12,Sample_S19S_0045_Wat,294.0653214
65,Sample_S19S_0045_Wat,294.098304
41,Sample_S19S_0045_Wat,295.0095496
91,Sample_S19S_0045_Wat,295.0459444
33,Sample_S19S_0045_Wat,295.0493263
16,Sample_S19S_0045_Wat,295.0572284
6,Sample_S19S_0045_Wat,295.0646393
121,Sample_S19S_0045_Wat,295.0823376
34,Sample_S19S_0045_Wat,295.0857132
8,Sample_S19S_0045_Wat,295.093638
10,Sample_S19S_0045_Wat,295.1010171
8,Sample_S19S_0045_Wat,295.1035272
121,Sample_S19S_0045_Wat,295.1187213
21,Sample_S19S_0045_Wat,295.1221028
4,Sample_S19S_0045_Wat,295.1300362
8,Sample_S19S_0045_Wat,295.137392
62,Sample_S19S_0045_Wat,295.1550986
36,Sample_S19S_0045_Wat,296.0411763
62,Sample_S19S_0045_Wat,296.0775656
8,Sample_S19S_0045_Wat,296.0888474
51,Sample_S19S_0045_Wat,296.1139469
31,Sample_S19S_0045_Wat,297.0074532
78,Sample_S19S_0045_Wat,297.025237
31,Sample_S19S_0045_Wat,297.0438655
98,Sample_S19S_0045_Wat,297.0616262
56,Sample_S19S_0045_Wat,297.080232
75,Sample_S19S_0045_Wat,297.0980154
23,Sample_S19S_0045_Wat,297.109248
25,Sample_S19S_0045_Wat,297.116632
46,Sample_S19S_0045_Wat,297.1344063
17,Sample_S19S_0045_Wat,297.1529844
20,Sample_S19S_0045_Wat,297.1707937
64,Sample_S19S_0045_Wat,298.0568737
66,Sample_S19S_0045_Wat,298.0932671
43,Sample_S19S_0045_Wat,298.1296449
38,Sample_S19S_0045_Wat,299.0231228
6,Sample_S19S_0045_Wat,299.0343684
75,Sample_S19S_0045_Wat,299.0408894
64,Sample_S19S_0045_Wat,299.0595
109,Sample_S19S_0045_Wat,299.0772616
42,Sample_S19S_0045_Wat,299.0958611
91,Sample_S19S_0045_Wat,299.1136455
20,Sample_S19S_0045_Wat,299.1248677
78,Sample_S19S_0045_Wat,299.1500243
25,Sample_S19S_0045_Wat,300.0547441
63,Sample_S19S_0045_Wat,300.0725
52,Sample_S19S_0045_Wat,300.1089049
4,Sample_S19S_0045_Wat,300.127546
53,Sample_S19S_0045_Wat,301.0387674
74,Sample_S19S_0045_Wat,301.0565488
51,Sample_S19S_0045_Wat,301.071792
64,Sample_S19S_0045_Wat,301.0751454
72,Sample_S19S_0045_Wat,301.092932
26,Sample_S19S_0045_Wat,301.1041695
39,Sample_S19S_0045_Wat,301.1081829
39,Sample_S19S_0045_Wat,301.1115398
56,Sample_S19S_0045_Wat,301.129318
36,Sample_S19S_0045_Wat,301.1445638
38,Sample_S19S_0045_Wat,301.1656955
14,Sample_S19S_0045_Wat,302.0340371
43,Sample_S19S_0045_Wat,302.0670162
36,Sample_S19S_0045_Wat,302.0881947
26,Sample_S19S_0045_Wat,302.1245742
37,Sample_S19S_0045_Wat,303.0180437
63,Sample_S19S_0045_Wat,303.0510433
64,Sample_S19S_0045_Wat,303.0544081
85,Sample_S19S_0045_Wat,303.0721573
69,Sample_S19S_0045_Wat,303.0874395
56,Sample_S19S_0045_Wat,303.0907893
12,Sample_S19S_0045_Wat,303.1060677
94,Sample_S19S_0045_Wat,303.1085414
64,Sample_S19S_0045_Wat,303.1238249
62,Sample_S19S_0045_Wat,303.1449308
36,Sample_S19S_0045_Wat,303.1602155
26,Sample_S19S_0045_Wat,303.1813306
40,Sample_S19S_0045_Wat,304.0462877
17,Sample_S19S_0045_Wat,304.0496456
54,Sample_S19S_0045_Wat,304.0826613
34,Sample_S19S_0045_Wat,304.1038383
7,Sample_S19S_0045_Wat,304.1402446
68,Sample_S19S_0045_Wat,305.0303157
47,Sample_S19S_0045_Wat,305.0336873
26,Sample_S19S_0045_Wat,305.0489365
92,Sample_S19S_0045_Wat,305.0666877
56,Sample_S19S_0045_Wat,305.0700613
9,Sample_S19S_0045_Wat,305.0779953
52,Sample_S19S_0045_Wat,305.087829
85,Sample_S19S_0045_Wat,305.1030852
28,Sample_S19S_0045_Wat,305.1064563
13,Sample_S19S_0045_Wat,305.1217175
36,Sample_S19S_0045_Wat,305.1242388
64,Sample_S19S_0045_Wat,305.1394662
13,Sample_S19S_0045_Wat,306.0289446
24,Sample_S19S_0045_Wat,306.0831168
66,Sample_S19S_0045_Wat,306.0983427
3,Sample_S19S_0045_Wat,306.1195211
8,Sample_S19S_0045_Wat,307.0282517
100,Sample_S19S_0045_Wat,307.0459779
32,Sample_S19S_0045_Wat,307.0493115
41,Sample_S19S_0045_Wat,307.0645834
72,Sample_S19S_0045_Wat,307.0823737
31,Sample_S19S_0045_Wat,307.0857227
24,Sample_S19S_0045_Wat,307.0936059
25,Sample_S19S_0045_Wat,307.1009424
48,Sample_S19S_0045_Wat,307.1187572
21,Sample_S19S_0045_Wat,307.137328
38,Sample_S19S_0045_Wat,307.1551342
18,Sample_S19S_0045_Wat,307.1762215
58,Sample_S19S_0045_Wat,308.0412303
71,Sample_S19S_0045_Wat,308.0775973
67,Sample_S19S_0045_Wat,308.1139545
81,Sample_S19S_0045_Wat,309.0252469
19,Sample_S19S_0045_Wat,309.0438781
111,Sample_S19S_0045_Wat,309.0616036
28,Sample_S19S_0045_Wat,309.0649579
28,Sample_S19S_0045_Wat,309.0728691
44,Sample_S19S_0045_Wat,309.0802354
27,Sample_S19S_0045_Wat,309.0827414
113,Sample_S19S_0045_Wat,309.0979773
9,Sample_S19S_0045_Wat,309.1092661
29,Sample_S19S_0045_Wat,309.1165856
22,Sample_S19S_0045_Wat,309.1191413
95,Sample_S19S_0045_Wat,309.1343649
17,Sample_S19S_0045_Wat,309.1530159
45,Sample_S19S_0045_Wat,309.1707647
5,Sample_S19S_0045_Wat,309.1741269
57,Sample_S19S_0045_Wat,310.0568411
71,Sample_S19S_0045_Wat,310.0932206
57,Sample_S19S_0045_Wat,310.1296176
45,Sample_S19S_0045_Wat,311.0231058
92,Sample_S19S_0045_Wat,311.0408991
11,Sample_S19S_0045_Wat,311.0442627
22,Sample_S19S_0045_Wat,311.0521121
10,Sample_S19S_0045_Wat,311.0538666
31,Sample_S19S_0045_Wat,311.0594676
101,Sample_S19S_0045_Wat,311.0772659
37,Sample_S19S_0045_Wat,311.0958599
133,Sample_S19S_0045_Wat,311.1136352
31,Sample_S19S_0045_Wat,311.1248899
21,Sample_S19S_0045_Wat,311.132285
82,Sample_S19S_0045_Wat,311.1500195
10,Sample_S19S_0045_Wat,311.1686157
28,Sample_S19S_0045_Wat,311.186419
15,Sample_S19S_0045_Wat,312.018346
61,Sample_S19S_0045_Wat,312.0725103
57,Sample_S19S_0045_Wat,313.0387549
85,Sample_S19S_0045_Wat,313.0565398
30,Sample_S19S_0045_Wat,313.071764
23,Sample_S19S_0045_Wat,313.075094
89,Sample_S19S_0045_Wat,313.0929245
1,Sample_S19S_0045_Wat,313.1001001
38,Sample_S19S_0045_Wat,313.1115031
81,Sample_S19S_0045_Wat,313.1293014
15,Sample_S19S_0045_Wat,313.1479364
22,Sample_S19S_0045_Wat,314.0340001
49,Sample_S19S_0045_Wat,314.0517902
19,Sample_S19S_0045_Wat,314.0670019
72,Sample_S19S_0045_Wat,314.0881771
52,Sample_S19S_0045_Wat,314.1245573
35,Sample_S19S_0045_Wat,315.0180328
68,Sample_S19S_0045_Wat,315.0544106
83,Sample_S19S_0045_Wat,315.0721791
32,Sample_S19S_0045_Wat,315.0873994
22,Sample_S19S_0045_Wat,315.0907452
2,Sample_S19S_0045_Wat,315.0987828
76,Sample_S19S_0045_Wat,315.1085755
1,Sample_S19S_0045_Wat,315.1157834
57,Sample_S19S_0045_Wat,315.1238052
23,Sample_S19S_0045_Wat,315.1271409
57,Sample_S19S_0045_Wat,315.1449559
32,Sample_S19S_0045_Wat,315.1602065
35,Sample_S19S_0045_Wat,315.1813307
38,Sample_S19S_0045_Wat,316.0463145
12,Sample_S19S_0045_Wat,316.0497023
39,Sample_S19S_0045_Wat,316.0674166
50,Sample_S19S_0045_Wat,316.0826874
66,Sample_S19S_0045_Wat,316.1038062
24,Sample_S19S_0045_Wat,316.9973002
57,Sample_S19S_0045_Wat,317.0303382
17,Sample_S19S_0045_Wat,317.0337185
69,Sample_S19S_0045_Wat,317.0514233
69,Sample_S19S_0045_Wat,317.0666936
60,Sample_S19S_0045_Wat,317.0700656
94,Sample_S19S_0045_Wat,317.0878157
61,Sample_S19S_0045_Wat,317.1030588
23,Sample_S19S_0045_Wat,317.1063977
3,Sample_S19S_0045_Wat,317.1217608
57,Sample_S19S_0045_Wat,317.124227
61,Sample_S19S_0045_Wat,317.1394552
19,Sample_S19S_0045_Wat,317.1427951
46,Sample_S19S_0045_Wat,317.1606071
9,Sample_S19S_0045_Wat,318.0289877
49,Sample_S19S_0045_Wat,318.0619419
21,Sample_S19S_0045_Wat,318.0831173
51,Sample_S19S_0045_Wat,318.0982984
27,Sample_S19S_0045_Wat,318.1194966
24,Sample_S19S_0045_Wat,319.0460069
15,Sample_S19S_0045_Wat,319.0493681
2,Sample_S19S_0045_Wat,319.0573003
2,Sample_S19S_0045_Wat,319.0644839
44,Sample_S19S_0045_Wat,319.0670953
85,Sample_S19S_0045_Wat,319.0823624
52,Sample_S19S_0045_Wat,319.0857041
4,Sample_S19S_0045_Wat,319.0936659
45,Sample_S19S_0045_Wat,319.103481
87,Sample_S19S_0045_Wat,319.1187158
17,Sample_S19S_0045_Wat,319.1373652
57,Sample_S19S_0045_Wat,319.1551015
12,Sample_S19S_0045_Wat,319.1663556
48,Sample_S19S_0045_Wat,320.0412195
49,Sample_S19S_0045_Wat,320.0776287
22,Sample_S19S_0045_Wat,320.0987676
25,Sample_S19S_0045_Wat,320.1140206
1,Sample_S19S_0045_Wat,320.2442999
57,Sample_S19S_0045_Wat,321.0252313
22,Sample_S19S_0045_Wat,321.028557
78,Sample_S19S_0045_Wat,321.0616406
26,Sample_S19S_0045_Wat,321.0649964
13,Sample_S19S_0045_Wat,321.0728956
11,Sample_S19S_0045_Wat,321.0801765
45,Sample_S19S_0045_Wat,321.0980285
10,Sample_S19S_0045_Wat,321.1013887
5,Sample_S19S_0045_Wat,321.1093021
22,Sample_S19S_0045_Wat,321.1165866
74,Sample_S19S_0045_Wat,321.1343949
4,Sample_S19S_0045_Wat,321.1530533
8,Sample_S19S_0045_Wat,321.1555528
44,Sample_S19S_0045_Wat,321.1707672
4,Sample_S19S_0045_Wat,321.1919373
57,Sample_S19S_0045_Wat,322.0568903
76,Sample_S19S_0045_Wat,322.0932669
26,Sample_S19S_0045_Wat,323.0231329
75,Sample_S19S_0045_Wat,323.0408542
39,Sample_S19S_0045_Wat,323.0595051
109,Sample_S19S_0045_Wat,323.0772527
18,Sample_S19S_0045_Wat,323.0805863
37,Sample_S19S_0045_Wat,323.0884973
25,Sample_S19S_0045_Wat,323.0958413
47,Sample_S19S_0045_Wat,323.098376
63,Sample_S19S_0045_Wat,323.1136726
22,Sample_S19S_0045_Wat,323.1249109
27,Sample_S19S_0045_Wat,323.1322416
62,Sample_S19S_0045_Wat,323.1500462
10,Sample_S19S_0045_Wat,323.1686736
36,Sample_S19S_0045_Wat,323.1864241
48,Sample_S19S_0045_Wat,324.0361498
71,Sample_S19S_0045_Wat,324.0725027
67,Sample_S19S_0045_Wat,324.108871
36,Sample_S19S_0045_Wat,324.1453087
17,Sample_S19S_0045_Wat,325.0201894
36,Sample_S19S_0045_Wat,325.0387758
91,Sample_S19S_0045_Wat,325.0565425
11,Sample_S19S_0045_Wat,325.0678176
45,Sample_S19S_0045_Wat,325.0751326
117,Sample_S19S_0045_Wat,325.0928926
44,Sample_S19S_0045_Wat,325.111525
85,Sample_S19S_0045_Wat,325.1292996
29,Sample_S19S_0045_Wat,325.1479013
41,Sample_S19S_0045_Wat,325.1657004
3,Sample_S19S_0045_Wat,325.1842438
50,Sample_S19S_0045_Wat,326.0518083
68,Sample_S19S_0045_Wat,326.0881656
58,Sample_S19S_0045_Wat,326.1245662
18,Sample_S19S_0045_Wat,327.0180623
63,Sample_S19S_0045_Wat,327.035782
30,Sample_S19S_0045_Wat,327.0543882
78,Sample_S19S_0045_Wat,327.0722018
32,Sample_S19S_0045_Wat,327.0834311
48,Sample_S19S_0045_Wat,327.0874372
19,Sample_S19S_0045_Wat,327.090737
82,Sample_S19S_0045_Wat,327.1085831
28,Sample_S19S_0045_Wat,327.1271924
76,Sample_S19S_0045_Wat,327.1449492
6,Sample_S19S_0045_Wat,327.1636073
21,Sample_S19S_0045_Wat,328.0496201
50,Sample_S19S_0045_Wat,328.067419
68,Sample_S19S_0045_Wat,328.1037984
29,Sample_S19S_0045_Wat,328.140231
53,Sample_S19S_0045_Wat,329.0336784
49,Sample_S19S_0045_Wat,329.0514722
64,Sample_S19S_0045_Wat,329.0700573
106,Sample_S19S_0045_Wat,329.0878075
33,Sample_S19S_0045_Wat,329.0990585
56,Sample_S19S_0045_Wat,329.1030905
47,Sample_S19S_0045_Wat,329.1064332
76,Sample_S19S_0045_Wat,329.1242163
29,Sample_S19S_0045_Wat,329.1427997
1,Sample_S19S_0045_Wat,329.152419
59,Sample_S19S_0045_Wat,329.1605843
11,Sample_S19S_0045_Wat,330.0289763
33,Sample_S19S_0045_Wat,330.0619755
13,Sample_S19S_0045_Wat,330.0653631
33,Sample_S19S_0045_Wat,330.0831155
21,Sample_S19S_0045_Wat,330.0983753
52,Sample_S19S_0045_Wat,330.1194763
27,Sample_S19S_0045_Wat,331.012931
43,Sample_S19S_0045_Wat,331.0459941
51,Sample_S19S_0045_Wat,331.0493372
66,Sample_S19S_0045_Wat,331.0670688
67,Sample_S19S_0045_Wat,331.0823608
54,Sample_S19S_0045_Wat,331.0857029
55,Sample_S19S_0045_Wat,331.1034998
73,Sample_S19S_0045_Wat,331.1187275
32,Sample_S19S_0045_Wat,331.122066
24,Sample_S19S_0045_Wat,331.1399002
13,Sample_S19S_0045_Wat,331.155166
1,Sample_S19S_0045_Wat,331.2126721
38,Sample_S19S_0045_Wat,332.0412408
4,Sample_S19S_0045_Wat,332.0446462
35,Sample_S19S_0045_Wat,332.0623668
54,Sample_S19S_0045_Wat,332.0775831
45,Sample_S19S_0045_Wat,332.0987468
47,Sample_S19S_0045_Wat,332.1139958
34,Sample_S19S_0045_Wat,332.1351167
26,Sample_S19S_0045_Wat,333.0252702
17,Sample_S19S_0045_Wat,333.0286322
42,Sample_S19S_0045_Wat,333.0616512
11,Sample_S19S_0045_Wat,333.0650225
1,Sample_S19S_0045_Wat,333.0729806
9,Sample_S19S_0045_Wat,333.0802709
40,Sample_S19S_0045_Wat,333.08277
86,Sample_S19S_0045_Wat,333.0980074
43,Sample_S19S_0045_Wat,333.1013488
2,Sample_S19S_0045_Wat,333.109335
14,Sample_S19S_0045_Wat,333.1191757
36,Sample_S19S_0045_Wat,333.1344131
33,Sample_S19S_0045_Wat,333.137741
5,Sample_S19S_0045_Wat,333.1529476
27,Sample_S19S_0045_Wat,333.1707943
60,Sample_S19S_0045_Wat,334.0568812
23,Sample_S19S_0045_Wat,334.0780188
45,Sample_S19S_0045_Wat,334.0932769
13,Sample_S19S_0045_Wat,334.1144217
2,Sample_S19S_0045_Wat,334.1674083
52,Sample_S19S_0045_Wat,335.0409093
16,Sample_S19S_0045_Wat,335.0442667
87,Sample_S19S_0045_Wat,335.0772597
48,Sample_S19S_0045_Wat,335.0806299
13,Sample_S19S_0045_Wat,335.0958393
38,Sample_S19S_0045_Wat,335.0984028
53,Sample_S19S_0045_Wat,335.1136067
7,Sample_S19S_0045_Wat,335.1169263
24,Sample_S19S_0045_Wat,335.1322424
66,Sample_S19S_0045_Wat,335.150042
12,Sample_S19S_0045_Wat,335.1686629
28,Sample_S19S_0045_Wat,335.1711407
36,Sample_S19S_0045_Wat,335.1864245
1,Sample_S19S_0045_Wat,335.2358032
19,Sample_S19S_0045_Wat,336.0361684
5,Sample_S19S_0045_Wat,336.039556
36,Sample_S19S_0045_Wat,336.0725571
70,Sample_S19S_0045_Wat,336.1089144
47,Sample_S19S_0045_Wat,337.0201415
16,Sample_S19S_0045_Wat,337.0387346
57,Sample_S19S_0045_Wat,337.0564852
11,Sample_S19S_0045_Wat,337.0598227
22,Sample_S19S_0045_Wat,337.0677837
15,Sample_S19S_0045_Wat,337.0695448
107,Sample_S19S_0045_Wat,337.0929176
18,Sample_S19S_0045_Wat,337.0962416
14,Sample_S19S_0045_Wat,337.1041904
25,Sample_S19S_0045_Wat,337.111496
107,Sample_S19S_0045_Wat,337.1292866
14,Sample_S19S_0045_Wat,337.1405715
26,Sample_S19S_0045_Wat,337.1479222
58,Sample_S19S_0045_Wat,337.1656867
13,Sample_S19S_0045_Wat,337.1842796
15,Sample_S19S_0045_Wat,338.0518396
78,Sample_S19S_0045_Wat,338.0881798
48,Sample_S19S_0045_Wat,338.1245766
13,Sample_S19S_0045_Wat,339.0180613
60,Sample_S19S_0045_Wat,339.0357996
13,Sample_S19S_0045_Wat,339.0543354
109,Sample_S19S_0045_Wat,339.0721726
11,Sample_S19S_0045_Wat,339.0834699
13,Sample_S19S_0045_Wat,339.0907316
119,Sample_S19S_0045_Wat,339.1085453
31,Sample_S19S_0045_Wat,339.1271705
36,Sample_S19S_0045_Wat,339.1449816
18,Sample_S19S_0045_Wat,339.1635623
5,Sample_S19S_0045_Wat,339.1999929
24,Sample_S19S_0045_Wat,340.0496356
24,Sample_S19S_0045_Wat,340.0674792
68,Sample_S19S_0045_Wat,340.1038147
56,Sample_S19S_0045_Wat,340.1401964
24,Sample_S19S_0045_Wat,341.0336306
72,Sample_S19S_0045_Wat,341.0514621
31,Sample_S19S_0045_Wat,341.0667303
30,Sample_S19S_0045_Wat,341.0700215
115,Sample_S19S_0045_Wat,341.0878109
23,Sample_S19S_0045_Wat,341.0990914
25,Sample_S19S_0045_Wat,341.1031062
29,Sample_S19S_0045_Wat,341.1064053
43,Sample_S19S_0045_Wat,341.12425
37,Sample_S19S_0045_Wat,341.1428161
52,Sample_S19S_0045_Wat,341.1606173
4,Sample_S19S_0045_Wat,341.179252
17,Sample_S19S_0045_Wat,342.0289642
37,Sample_S19S_0045_Wat,342.0467143
22,Sample_S19S_0045_Wat,342.0653388
62,Sample_S19S_0045_Wat,342.0830768
24,Sample_S19S_0045_Wat,342.0983003
54,Sample_S19S_0045_Wat,342.1194926
15,Sample_S19S_0045_Wat,343.0129774
47,Sample_S19S_0045_Wat,343.0307124
29,Sample_S19S_0045_Wat,343.0492868
58,Sample_S19S_0045_Wat,343.067113
18,Sample_S19S_0045_Wat,343.0823925
62,Sample_S19S_0045_Wat,343.0857039
109,Sample_S19S_0045_Wat,343.1034685
36,Sample_S19S_0045_Wat,343.1147254
41,Sample_S19S_0045_Wat,343.1187422
41,Sample_S19S_0045_Wat,343.1220769
18,Sample_S19S_0045_Wat,343.1399075
30,Sample_S19S_0045_Wat,343.1551386
28,Sample_S19S_0045_Wat,343.1584698
41,Sample_S19S_0045_Wat,343.1762631
24,Sample_S19S_0045_Wat,344.0412523
7,Sample_S19S_0045_Wat,344.0446381
42,Sample_S19S_0045_Wat,344.0623517
41,Sample_S19S_0045_Wat,344.0775907
45,Sample_S19S_0045_Wat,344.0987606
51,Sample_S19S_0045_Wat,344.1139904
3,Sample_S19S_0045_Wat,344.1350437
48,Sample_S19S_0045_Wat,345.0252491
39,Sample_S19S_0045_Wat,345.0286059
50,Sample_S19S_0045_Wat,345.0463327
66,Sample_S19S_0045_Wat,345.0616254
51,Sample_S19S_0045_Wat,345.0649742
60,Sample_S19S_0045_Wat,345.0827674
69,Sample_S19S_0045_Wat,345.0980089
38,Sample_S19S_0045_Wat,345.1013399
64,Sample_S19S_0045_Wat,345.1191373
20,Sample_S19S_0045_Wat,345.1344288
41,Sample_S19S_0045_Wat,345.1377389
32,Sample_S19S_0045_Wat,345.1555412
42,Sample_S19S_0045_Wat,345.170772
30,Sample_S19S_0045_Wat,346.0569005
9,Sample_S19S_0045_Wat,346.0602831
35,Sample_S19S_0045_Wat,346.07802
55,Sample_S19S_0045_Wat,346.0932318
49,Sample_S19S_0045_Wat,346.1143644
44,Sample_S19S_0045_Wat,346.1296472
27,Sample_S19S_0045_Wat,346.1507606
1,Sample_S19S_0045_Wat,346.2154294
54,Sample_S19S_0045_Wat,347.0408756
50,Sample_S19S_0045_Wat,347.0442381
37,Sample_S19S_0045_Wat,347.0620279
87,Sample_S19S_0045_Wat,347.0772564
32,Sample_S19S_0045_Wat,347.0805924
20,Sample_S19S_0045_Wat,347.0903002
66,Sample_S19S_0045_Wat,347.0983726
40,Sample_S19S_0045_Wat,347.1136821
43,Sample_S19S_0045_Wat,347.1170036
28,Sample_S19S_0045_Wat,347.1348045
69,Sample_S19S_0045_Wat,347.1500262
10,Sample_S19S_0045_Wat,347.1864695
28,Sample_S19S_0045_Wat,348.0361356
31,Sample_S19S_0045_Wat,348.0725611
68,Sample_S19S_0045_Wat,348.1089104
11,Sample_S19S_0045_Wat,348.1300774
54,Sample_S19S_0045_Wat,348.1452906
1,Sample_S19S_0045_Wat,348.231087
53,Sample_S19S_0045_Wat,349.0201636
16,Sample_S19S_0045_Wat,349.0598406
2,Sample_S19S_0045_Wat,349.0678584
86,Sample_S19S_0045_Wat,349.0929209
20,Sample_S19S_0045_Wat,349.0962266
7,Sample_S19S_0045_Wat,349.1042255
21,Sample_S19S_0045_Wat,349.1059291
10,Sample_S19S_0045_Wat,349.1113881
83,Sample_S19S_0045_Wat,349.129303
9,Sample_S19S_0045_Wat,349.1325881
18,Sample_S19S_0045_Wat,349.1479
60,Sample_S19S_0045_Wat,349.1656793
12,Sample_S19S_0045_Wat,349.2021049
17,Sample_S19S_0045_Wat,350.0518357
78,Sample_S19S_0045_Wat,350.0881844
25,Sample_S19S_0045_Wat,350.1245924
19,Sample_S19S_0045_Wat,350.1457077
60,Sample_S19S_0045_Wat,351.0357871
10,Sample_S19S_0045_Wat,351.0488144
78,Sample_S19S_0045_Wat,351.0721501
19,Sample_S19S_0045_Wat,351.075514
53,Sample_S19S_0045_Wat,351.1085115
6,Sample_S19S_0045_Wat,351.1118012
15,Sample_S19S_0045_Wat,351.1198443
21,Sample_S19S_0045_Wat,351.121581
6,Sample_S19S_0045_Wat,351.1271127
48,Sample_S19S_0045_Wat,351.1449775
21,Sample_S19S_0045_Wat,351.1635528
47,Sample_S19S_0045_Wat,351.1813076
29,Sample_S19S_0045_Wat,352.0674721
73,Sample_S19S_0045_Wat,352.1038206
33,Sample_S19S_0045_Wat,352.140233
47,Sample_S19S_0045_Wat,353.0150696
34,Sample_S19S_0045_Wat,353.0336695
47,Sample_S19S_0045_Wat,353.0514753
14,Sample_S19S_0045_Wat,353.0700048
109,Sample_S19S_0045_Wat,353.0878166
8,Sample_S19S_0045_Wat,353.0911135
20,Sample_S19S_0045_Wat,353.0990962
10,Sample_S19S_0045_Wat,353.1063571
26,Sample_S19S_0045_Wat,353.1089374
78,Sample_S19S_0045_Wat,353.124233
9,Sample_S19S_0045_Wat,353.1354923
29,Sample_S19S_0045_Wat,353.1428017
54,Sample_S19S_0045_Wat,353.1605629
15,Sample_S19S_0045_Wat,353.1791877
30,Sample_S19S_0045_Wat,353.1970034
2,Sample_S19S_0045_Wat,353.2003494
44,Sample_S19S_0045_Wat,354.0467104
36,Sample_S19S_0045_Wat,354.0653026
72,Sample_S19S_0045_Wat,354.0830704
63,Sample_S19S_0045_Wat,354.1194893
54,Sample_S19S_0045_Wat,354.1558443
14,Sample_S19S_0045_Wat,355.0129751
46,Sample_S19S_0045_Wat,355.0306981
19,Sample_S19S_0045_Wat,355.0492579
73,Sample_S19S_0045_Wat,355.0671162
4,Sample_S19S_0045_Wat,355.0784081
3,Sample_S19S_0045_Wat,355.0824171
15,Sample_S19S_0045_Wat,355.0856467
104,Sample_S19S_0045_Wat,355.1034699
44,Sample_S19S_0045_Wat,355.1147135
15,Sample_S19S_0045_Wat,355.1220436
22,Sample_S19S_0045_Wat,355.1399086
2,Sample_S19S_0045_Wat,355.1431231
23,Sample_S19S_0045_Wat,355.1584835
52,Sample_S19S_0045_Wat,355.1762476
10,Sample_S19S_0045_Wat,356.0446338
60,Sample_S19S_0045_Wat,356.0623586
36,Sample_S19S_0045_Wat,356.0987693
53,Sample_S19S_0045_Wat,356.1350838
31,Sample_S19S_0045_Wat,356.1715182
15,Sample_S19S_0045_Wat,357.028543
53,Sample_S19S_0045_Wat,357.046323
51,Sample_S19S_0045_Wat,357.061636
28,Sample_S19S_0045_Wat,357.0649448
89,Sample_S19S_0045_Wat,357.0827228
45,Sample_S19S_0045_Wat,357.0979761
14,Sample_S19S_0045_Wat,357.1012479
23,Sample_S19S_0045_Wat,357.1110353
103,Sample_S19S_0045_Wat,357.1191097
31,Sample_S19S_0045_Wat,357.134414
30,Sample_S19S_0045_Wat,357.1377249
73,Sample_S19S_0045_Wat,357.1554992
43,Sample_S19S_0045_Wat,358.0568909
14,Sample_S19S_0045_Wat,358.0602729
52,Sample_S19S_0045_Wat,358.077999
48,Sample_S19S_0045_Wat,358.0932734
24,Sample_S19S_0045_Wat,358.1507103
15,Sample_S19S_0045_Wat,359.0409252
38,Sample_S19S_0045_Wat,359.0442657
55,Sample_S19S_0045_Wat,359.0619959
60,Sample_S19S_0045_Wat,359.077285
62,Sample_S19S_0045_Wat,359.0806207
36,Sample_S19S_0045_Wat,359.0984239
12,Sample_S19S_0045_Wat,359.1169502
56,Sample_S19S_0045_Wat,359.1347452
59,Sample_S19S_0045_Wat,359.1500213
9,Sample_S19S_0045_Wat,359.1533018
46,Sample_S19S_0045_Wat,359.1711775
16,Sample_S19S_0045_Wat,360.0759181
37,Sample_S19S_0045_Wat,360.093678
53,Sample_S19S_0045_Wat,360.108919
6,Sample_S19S_0045_Wat,360.1299489
36,Sample_S19S_0045_Wat,361.0201475
8,Sample_S19S_0045_Wat,361.0235551
47,Sample_S19S_0045_Wat,361.056505
31,Sample_S19S_0045_Wat,361.0598496
16,Sample_S19S_0045_Wat,361.069538
40,Sample_S19S_0045_Wat,361.077621
78,Sample_S19S_0045_Wat,361.0929312
53,Sample_S19S_0045_Wat,361.0962708
52,Sample_S19S_0045_Wat,361.1140532
97,Sample_S19S_0045_Wat,361.1292859
8,Sample_S19S_0045_Wat,361.132556
25,Sample_S19S_0045_Wat,361.1423317
61,Sample_S19S_0045_Wat,361.1504109
41,Sample_S19S_0045_Wat,361.1657046
4,Sample_S19S_0045_Wat,362.0648049
70,Sample_S19S_0045_Wat,362.0881611
18,Sample_S19S_0045_Wat,362.1093336
7,Sample_S19S_0045_Wat,362.1246138
57,Sample_S19S_0045_Wat,363.0357881
12,Sample_S19S_0045_Wat,363.0390813
17,Sample_S19S_0045_Wat,363.0543747
50,Sample_S19S_0045_Wat,363.0722122
32,Sample_S19S_0045_Wat,363.0755589
2,Sample_S19S_0045_Wat,363.0835367
89,Sample_S19S_0045_Wat,363.108539
8,Sample_S19S_0045_Wat,363.1118361
19,Sample_S19S_0045_Wat,363.1215932
38,Sample_S19S_0045_Wat,363.1449786
26,Sample_S19S_0045_Wat,363.1812892
56,Sample_S19S_0045_Wat,364.0674047
71,Sample_S19S_0045_Wat,364.1038292
70,Sample_S19S_0045_Wat,364.1401707
4,Sample_S19S_0045_Wat,364.155426
24,Sample_S19S_0045_Wat,365.0513776
12,Sample_S19S_0045_Wat,365.0644569
9,Sample_S19S_0045_Wat,365.0699436
95,Sample_S19S_0045_Wat,365.0878382
13,Sample_S19S_0045_Wat,365.0911348
10,Sample_S19S_0045_Wat,365.0991282
22,Sample_S19S_0045_Wat,365.1008669
48,Sample_S19S_0045_Wat,365.1241727
16,Sample_S19S_0045_Wat,365.137244
23,Sample_S19S_0045_Wat,365.1427874
23,Sample_S19S_0045_Wat,365.1606438
3,Sample_S19S_0045_Wat,365.1639128
17,Sample_S19S_0045_Wat,365.1817123
36,Sample_S19S_0045_Wat,365.1969623
6,Sample_S19S_0045_Wat,365.2181231
75,Sample_S19S_0045_Wat,366.0830912
77,Sample_S19S_0045_Wat,366.1194629
9,Sample_S19S_0045_Wat,366.1558943
53,Sample_S19S_0045_Wat,367.0306865
21,Sample_S19S_0045_Wat,367.0492837
92,Sample_S19S_0045_Wat,367.0671094
6,Sample_S19S_0045_Wat,367.0784012
12,Sample_S19S_0045_Wat,367.0855977
115,Sample_S19S_0045_Wat,367.1034613
21,Sample_S19S_0045_Wat,367.1147643
34,Sample_S19S_0045_Wat,367.1220623
17,Sample_S19S_0045_Wat,367.1246205
12,Sample_S19S_0045_Wat,367.1399195
22,Sample_S19S_0045_Wat,367.1584369
52,Sample_S19S_0045_Wat,367.1762158
24,Sample_S19S_0045_Wat,367.2126519
20,Sample_S19S_0045_Wat,368.0623951
90,Sample_S19S_0045_Wat,368.0987097
63,Sample_S19S_0045_Wat,368.1351331
46,Sample_S19S_0045_Wat,368.1714856
11,Sample_S19S_0045_Wat,369.0285398
43,Sample_S19S_0045_Wat,369.0463181
41,Sample_S19S_0045_Wat,369.061629
11,Sample_S19S_0045_Wat,369.0648494
83,Sample_S19S_0045_Wat,369.0827443
38,Sample_S19S_0045_Wat,369.0980102
10,Sample_S19S_0045_Wat,369.1012127
25,Sample_S19S_0045_Wat,369.111039
28,Sample_S19S_0045_Wat,369.1190631
1,Sample_S19S_0045_Wat,369.1222192
5,Sample_S19S_0045_Wat,369.1376674
68,Sample_S19S_0045_Wat,369.1555194
14,Sample_S19S_0045_Wat,369.1740825
14,Sample_S19S_0045_Wat,369.1837969
18,Sample_S19S_0045_Wat,369.1918398
4,Sample_S19S_0045_Wat,370.0698682
57,Sample_S19S_0045_Wat,370.0779692
47,Sample_S19S_0045_Wat,370.1507341
23,Sample_S19S_0045_Wat,371.0408802
13,Sample_S19S_0045_Wat,371.0441824
68,Sample_S19S_0045_Wat,371.0620102
14,Sample_S19S_0045_Wat,371.0805043
19,Sample_S19S_0045_Wat,371.0902981
46,Sample_S19S_0045_Wat,371.0983408
44,Sample_S19S_0045_Wat,371.1136558
15,Sample_S19S_0045_Wat,371.1169082
61,Sample_S19S_0045_Wat,371.1347918
2,Sample_S19S_0045_Wat,371.1380372
24,Sample_S19S_0045_Wat,371.1533601
53,Sample_S19S_0045_Wat,371.171134
5,Sample_S19S_0045_Wat,371.1896859
29,Sample_S19S_0045_Wat,372.0572277
36,Sample_S19S_0045_Wat,372.0725108
60,Sample_S19S_0045_Wat,372.1300076
39,Sample_S19S_0045_Wat,372.1663973
16,Sample_S19S_0045_Wat,373.02348
37,Sample_S19S_0045_Wat,373.0412407
58,Sample_S19S_0045_Wat,373.0565482
37,Sample_S19S_0045_Wat,373.0599109
36,Sample_S19S_0045_Wat,373.0776886
44,Sample_S19S_0045_Wat,373.09294
34,Sample_S19S_0045_Wat,373.0962346
28,Sample_S19S_0045_Wat,373.1059583
61,Sample_S19S_0045_Wat,373.1140108
2,Sample_S19S_0045_Wat,373.1171335
10,Sample_S19S_0045_Wat,373.1325699
16,Sample_S19S_0045_Wat,373.1504711
13,Sample_S19S_0045_Wat,373.1657318
6,Sample_S19S_0045_Wat,374.0729636
12,Sample_S19S_0045_Wat,374.091578
2,Sample_S19S_0045_Wat,374.1011509
14,Sample_S19S_0045_Wat,374.1245961
47,Sample_S19S_0045_Wat,374.1456527
21,Sample_S19S_0045_Wat,375.0358416
17,Sample_S19S_0045_Wat,375.0569615
70,Sample_S19S_0045_Wat,375.0721973
50,Sample_S19S_0045_Wat,375.0755416
22,Sample_S19S_0045_Wat,375.0852221
45,Sample_S19S_0045_Wat,375.0932745
14,Sample_S19S_0045_Wat,375.1118457
40,Sample_S19S_0045_Wat,375.1297066
1,Sample_S19S_0045_Wat,375.1329028
79,Sample_S19S_0045_Wat,375.1449442
25,Sample_S19S_0045_Wat,375.1579842
22,Sample_S19S_0045_Wat,375.1660121
30,Sample_S19S_0045_Wat,375.1812892
49,Sample_S19S_0045_Wat,376.0674564
18,Sample_S19S_0045_Wat,376.0708261
32,Sample_S19S_0045_Wat,376.1249335
24,Sample_S19S_0045_Wat,377.0150486
67,Sample_S19S_0045_Wat,377.0514538
34,Sample_S19S_0045_Wat,377.0548048
58,Sample_S19S_0045_Wat,377.0877952
14,Sample_S19S_0045_Wat,377.0911145
17,Sample_S19S_0045_Wat,377.100823
96,Sample_S19S_0045_Wat,377.1241915
9,Sample_S19S_0045_Wat,377.1274434
21,Sample_S19S_0045_Wat,377.1372608
58,Sample_S19S_0045_Wat,377.1606102
17,Sample_S19S_0045_Wat,377.1735945
21,Sample_S19S_0045_Wat,377.1969233
18,Sample_S19S_0045_Wat,378.0466478
58,Sample_S19S_0045_Wat,378.0831073
85,Sample_S19S_0045_Wat,378.1194361
59,Sample_S19S_0045_Wat,378.1558494
51,Sample_S19S_0045_Wat,379.0307221
24,Sample_S19S_0045_Wat,379.0670295
7,Sample_S19S_0045_Wat,379.0703337
14,Sample_S19S_0045_Wat,379.0800689
111,Sample_S19S_0045_Wat,379.1034645
8,Sample_S19S_0045_Wat,379.1067259
24,Sample_S19S_0045_Wat,379.1165229
98,Sample_S19S_0045_Wat,379.1398402
20,Sample_S19S_0045_Wat,379.1528588
4,Sample_S19S_0045_Wat,379.1583093
64,Sample_S19S_0045_Wat,379.1762343
10,Sample_S19S_0045_Wat,379.1973729
6,Sample_S19S_0045_Wat,379.2337456
84,Sample_S19S_0045_Wat,380.0987084
83,Sample_S19S_0045_Wat,380.1350974
24,Sample_S19S_0045_Wat,380.1715321
10,Sample_S19S_0045_Wat,381.0285164
62,Sample_S19S_0045_Wat,381.0463502
2,Sample_S19S_0045_Wat,381.0647709
33,Sample_S19S_0045_Wat,381.0826619
2,Sample_S19S_0045_Wat,381.0859046
38,Sample_S19S_0045_Wat,381.0939738
4,Sample_S19S_0045_Wat,381.1011448
103,Sample_S19S_0045_Wat,381.1191186
16,Sample_S19S_0045_Wat,381.1304071
10,Sample_S19S_0045_Wat,381.137641
87,Sample_S19S_0045_Wat,381.1555031
9,Sample_S19S_0045_Wat,381.1684945
3,Sample_S19S_0045_Wat,381.1739965
41,Sample_S19S_0045_Wat,381.1918695
26,Sample_S19S_0045_Wat,382.0415806
61,Sample_S19S_0045_Wat,382.0779661
86,Sample_S19S_0045_Wat,382.1143936
23,Sample_S19S_0045_Wat,382.1507159
24,Sample_S19S_0045_Wat,383.0255766
37,Sample_S19S_0045_Wat,383.0619616
8,Sample_S19S_0045_Wat,383.0804294
100,Sample_S19S_0045_Wat,383.0983806
24,Sample_S19S_0045_Wat,383.1095949
9,Sample_S19S_0045_Wat,383.1168248
27,Sample_S19S_0045_Wat,383.1266887
34,Sample_S19S_0045_Wat,383.1347075
8,Sample_S19S_0045_Wat,383.1533024
6,Sample_S19S_0045_Wat,383.1558428
37,Sample_S19S_0045_Wat,383.1711132
15,Sample_S19S_0045_Wat,383.1897381
38,Sample_S19S_0045_Wat,383.2075249
30,Sample_S19S_0045_Wat,384.0572385
62,Sample_S19S_0045_Wat,384.0936599
43,Sample_S19S_0045_Wat,384.1088846
39,Sample_S19S_0045_Wat,384.1664077
13,Sample_S19S_0045_Wat,385.0234761
21,Sample_S19S_0045_Wat,385.0412026
29,Sample_S19S_0045_Wat,385.0564963
7,Sample_S19S_0045_Wat,385.0597522
81,Sample_S19S_0045_Wat,385.0776412
30,Sample_S19S_0045_Wat,385.0888784
54,Sample_S19S_0045_Wat,385.0929264
18,Sample_S19S_0045_Wat,385.0961706
39,Sample_S19S_0045_Wat,385.1139909
31,Sample_S19S_0045_Wat,385.1292595
5,Sample_S19S_0045_Wat,385.1324986
22,Sample_S19S_0045_Wat,385.1423072
40,Sample_S19S_0045_Wat,385.1503825
22,Sample_S19S_0045_Wat,385.1690029
39,Sample_S19S_0045_Wat,385.1868285
10,Sample_S19S_0045_Wat,385.2053835
4,Sample_S19S_0045_Wat,386.0517072
39,Sample_S19S_0045_Wat,386.0728862
55,Sample_S19S_0045_Wat,386.0881802
33,Sample_S19S_0045_Wat,386.0915448
10,Sample_S19S_0045_Wat,386.1012164
59,Sample_S19S_0045_Wat,386.1093009
43,Sample_S19S_0045_Wat,386.1820531
41,Sample_S19S_0045_Wat,387.0358113
38,Sample_S19S_0045_Wat,387.0391593
22,Sample_S19S_0045_Wat,387.0568488
15,Sample_S19S_0045_Wat,387.0721252
12,Sample_S19S_0045_Wat,387.075423
16,Sample_S19S_0045_Wat,387.0851909
29,Sample_S19S_0045_Wat,387.0932457
2,Sample_S19S_0045_Wat,387.0962706
70,Sample_S19S_0045_Wat,387.1085636
12,Sample_S19S_0045_Wat,387.1118261
87,Sample_S19S_0045_Wat,387.1296791
9,Sample_S19S_0045_Wat,387.1481778
21,Sample_S19S_0045_Wat,387.1579654
14,Sample_S19S_0045_Wat,387.1659841
22,Sample_S19S_0045_Wat,387.1812925
15,Sample_S19S_0045_Wat,387.19436
62,Sample_S19S_0045_Wat,388.0674506
13,Sample_S19S_0045_Wat,388.0708456
8,Sample_S19S_0045_Wat,388.080429
49,Sample_S19S_0045_Wat,388.1037783
55,Sample_S19S_0045_Wat,388.1249219
17,Sample_S19S_0045_Wat,389.0150297
35,Sample_S19S_0045_Wat,389.051417
9,Sample_S19S_0045_Wat,389.054731
13,Sample_S19S_0045_Wat,389.0644457
20,Sample_S19S_0045_Wat,389.0724972
72,Sample_S19S_0045_Wat,389.0878118
18,Sample_S19S_0045_Wat,389.0911204
26,Sample_S19S_0045_Wat,389.1008827
36,Sample_S19S_0045_Wat,389.108981
89,Sample_S19S_0045_Wat,389.1242045
10,Sample_S19S_0045_Wat,389.1274498
19,Sample_S19S_0045_Wat,389.1372295
16,Sample_S19S_0045_Wat,389.1452618
28,Sample_S19S_0045_Wat,389.1605387
18,Sample_S19S_0045_Wat,389.1736085
39,Sample_S19S_0045_Wat,389.1969883
25,Sample_S19S_0045_Wat,390.0466839
74,Sample_S19S_0045_Wat,390.083092
20,Sample_S19S_0045_Wat,391.0307447
43,Sample_S19S_0045_Wat,391.0670531
17,Sample_S19S_0045_Wat,391.070384
19,Sample_S19S_0045_Wat,391.0881255
48,Sample_S19S_0045_Wat,391.1034381
50,Sample_S19S_0045_Wat,391.1398852
9,Sample_S19S_0045_Wat,391.1430378
16,Sample_S19S_0045_Wat,391.1528412
37,Sample_S19S_0045_Wat,391.1762035
11,Sample_S19S_0045_Wat,391.1892281
32,Sample_S19S_0045_Wat,391.212612
42,Sample_S19S_0045_Wat,392.06231
77,Sample_S19S_0045_Wat,392.098752
28,Sample_S19S_0045_Wat,392.1198706
71,Sample_S19S_0045_Wat,392.1351125
36,Sample_S19S_0045_Wat,393.0463154
9,Sample_S19S_0045_Wat,393.0593644
5,Sample_S19S_0045_Wat,393.0647845
78,Sample_S19S_0045_Wat,393.0827628
14,Sample_S19S_0045_Wat,393.0860569
88,Sample_S19S_0045_Wat,393.1191285
6,Sample_S19S_0045_Wat,393.1223142
19,Sample_S19S_0045_Wat,393.1321265
47,Sample_S19S_0045_Wat,393.1554711
15,Sample_S19S_0045_Wat,393.1685262
22,Sample_S19S_0045_Wat,393.1919402
13,Sample_S19S_0045_Wat,393.2130193
11,Sample_S19S_0045_Wat,393.2282185
28,Sample_S19S_0045_Wat,394.0415806
41,Sample_S19S_0045_Wat,394.078026
53,Sample_S19S_0045_Wat,394.1144108
25,Sample_S19S_0045_Wat,395.0255818
9,Sample_S19S_0045_Wat,395.0441067
51,Sample_S19S_0045_Wat,395.0619708
53,Sample_S19S_0045_Wat,395.0984243
13,Sample_S19S_0045_Wat,395.116912
120,Sample_S19S_0045_Wat,395.1347697
15,Sample_S19S_0045_Wat,395.1477706
8,Sample_S19S_0045_Wat,395.153248
49,Sample_S19S_0045_Wat,395.171191
13,Sample_S19S_0045_Wat,395.2075813
69,Sample_S19S_0045_Wat,396.0936653
43,Sample_S19S_0045_Wat,396.13006
63,Sample_S19S_0045_Wat,396.1664019
12,Sample_S19S_0045_Wat,397.0234647
40,Sample_S19S_0045_Wat,397.0412485
10,Sample_S19S_0045_Wat,397.0597441
28,Sample_S19S_0045_Wat,397.0775828
6,Sample_S19S_0045_Wat,397.0960818
19,Sample_S19S_0045_Wat,397.1059758
72,Sample_S19S_0045_Wat,397.1140135
48,Sample_S19S_0045_Wat,397.1252995
8,Sample_S19S_0045_Wat,397.1325142
9,Sample_S19S_0045_Wat,397.1351812
89,Sample_S19S_0045_Wat,397.1504225
8,Sample_S19S_0045_Wat,397.1689524
24,Sample_S19S_0045_Wat,397.1867602
20,Sample_S19S_0045_Wat,397.2232052
53,Sample_S19S_0045_Wat,398.0729329
5,Sample_S19S_0045_Wat,398.1011943
73,Sample_S19S_0045_Wat,398.1456531
47,Sample_S19S_0045_Wat,398.182038
6,Sample_S19S_0045_Wat,399.0390544
19,Sample_S19S_0045_Wat,399.0568344
28,Sample_S19S_0045_Wat,399.0721389
7,Sample_S19S_0045_Wat,399.0753668
21,Sample_S19S_0045_Wat,399.085227
65,Sample_S19S_0045_Wat,399.0932727
19,Sample_S19S_0045_Wat,399.1086044
13,Sample_S19S_0045_Wat,399.1117451
65,Sample_S19S_0045_Wat,399.1296635
41,Sample_S19S_0045_Wat,399.1449193
4,Sample_S19S_0045_Wat,399.1480952
13,Sample_S19S_0045_Wat,399.1579458
3,Sample_S19S_0045_Wat,399.1659287
13,Sample_S19S_0045_Wat,399.1943775
41,Sample_S19S_0045_Wat,399.2024375
18,Sample_S19S_0045_Wat,400.0674729
37,Sample_S19S_0045_Wat,400.1037744
43,Sample_S19S_0045_Wat,400.1249077
16,Sample_S19S_0045_Wat,401.0362034
47,Sample_S19S_0045_Wat,401.0514549
23,Sample_S19S_0045_Wat,401.0547584
14,Sample_S19S_0045_Wat,401.0644945
19,Sample_S19S_0045_Wat,401.0725084
55,Sample_S19S_0045_Wat,401.0878209
15,Sample_S19S_0045_Wat,401.0910681
56,Sample_S19S_0045_Wat,401.1089631
1,Sample_S19S_0045_Wat,401.1119991
13,Sample_S19S_0045_Wat,401.1273966
70,Sample_S19S_0045_Wat,401.1453284
57,Sample_S19S_0045_Wat,401.1605804
10,Sample_S19S_0045_Wat,401.1638799
15,Sample_S19S_0045_Wat,401.1736033
17,Sample_S19S_0045_Wat,401.1816514
15,Sample_S19S_0045_Wat,402.0831391
9,Sample_S19S_0045_Wat,402.0961225
4,Sample_S19S_0045_Wat,402.1042761
10,Sample_S19S_0045_Wat,402.1195259
34,Sample_S19S_0045_Wat,402.1405573
11,Sample_S19S_0045_Wat,403.0305846
15,Sample_S19S_0045_Wat,403.0517845
70,Sample_S19S_0045_Wat,403.0671122
23,Sample_S19S_0045_Wat,403.0704072
56,Sample_S19S_0045_Wat,403.0881974
61,Sample_S19S_0045_Wat,403.1034476
7,Sample_S19S_0045_Wat,403.1066431
21,Sample_S19S_0045_Wat,403.1164656
18,Sample_S19S_0045_Wat,403.1245163
80,Sample_S19S_0045_Wat,403.1398463
21,Sample_S19S_0045_Wat,403.1529106
26,Sample_S19S_0045_Wat,403.1609357
29,Sample_S19S_0045_Wat,403.1762826
63,Sample_S19S_0045_Wat,404.0623618
26,Sample_S19S_0045_Wat,404.0834492
77,Sample_S19S_0045_Wat,404.1351085
52,Sample_S19S_0045_Wat,405.0463718
15,Sample_S19S_0045_Wat,405.0496661
4,Sample_S19S_0045_Wat,405.0648476
44,Sample_S19S_0045_Wat,405.0827082
9,Sample_S19S_0045_Wat,405.0859264
3,Sample_S19S_0045_Wat,405.103722
29,Sample_S19S_0045_Wat,405.1190623
25,Sample_S19S_0045_Wat,405.1321292
49,Sample_S19S_0045_Wat,405.1555362
20,Sample_S19S_0045_Wat,405.1685606
38,Sample_S19S_0045_Wat,405.1918632
6,Sample_S19S_0045_Wat,405.2048711
19,Sample_S19S_0045_Wat,406.041642
8,Sample_S19S_0045_Wat,406.0990792
85,Sample_S19S_0045_Wat,406.1143545
15,Sample_S19S_0045_Wat,407.0255705
3,Sample_S19S_0045_Wat,407.0441258
57,Sample_S19S_0045_Wat,407.0620299
6,Sample_S19S_0045_Wat,407.0652661
13,Sample_S19S_0045_Wat,407.0750599
9,Sample_S19S_0045_Wat,407.0805558
93,Sample_S19S_0045_Wat,407.0983755
14,Sample_S19S_0045_Wat,407.1113661
78,Sample_S19S_0045_Wat,407.1347505
17,Sample_S19S_0045_Wat,407.1477958
7,Sample_S19S_0045_Wat,407.1712237
17,Sample_S19S_0045_Wat,407.2075913
74,Sample_S19S_0045_Wat,408.0936661
96,Sample_S19S_0045_Wat,408.1300077
22,Sample_S19S_0045_Wat,409.0412228
1,Sample_S19S_0045_Wat,409.0596552
26,Sample_S19S_0045_Wat,409.07757
93,Sample_S19S_0045_Wat,409.1140221
10,Sample_S19S_0045_Wat,409.1325189
98,Sample_S19S_0045_Wat,409.1504235
6,Sample_S19S_0045_Wat,409.1633923
10,Sample_S19S_0045_Wat,409.1787026
17,Sample_S19S_0045_Wat,409.1867344
33,Sample_S19S_0045_Wat,409.2231724
53,Sample_S19S_0045_Wat,410.0729191
20,Sample_S19S_0045_Wat,410.1092388
73,Sample_S19S_0045_Wat,410.1456867
13,Sample_S19S_0045_Wat,411.0390774
19,Sample_S19S_0045_Wat,411.0568579
11,Sample_S19S_0045_Wat,411.0754405
72,Sample_S19S_0045_Wat,411.0933142
84,Sample_S19S_0045_Wat,411.1296933
8,Sample_S19S_0045_Wat,411.1482057
25,Sample_S19S_0045_Wat,411.1579879
50,Sample_S19S_0045_Wat,411.1660419
40,Sample_S19S_0045_Wat,412.0885256
1,Sample_S19S_0045_Wat,412.1037183
69,Sample_S19S_0045_Wat,412.1249118
24,Sample_S19S_0045_Wat,413.0361429
8,Sample_S19S_0045_Wat,413.0546664
8,Sample_S19S_0045_Wat,413.06446
8,Sample_S19S_0045_Wat,413.072442
30,Sample_S19S_0045_Wat,413.087795
10,Sample_S19S_0045_Wat,413.0910377
24,Sample_S19S_0045_Wat,413.1008794
80,Sample_S19S_0045_Wat,413.1089345
9,Sample_S19S_0045_Wat,413.127421
16,Sample_S19S_0045_Wat,413.1372735
23,Sample_S19S_0045_Wat,413.1452768
5,Sample_S19S_0045_Wat,413.1637843
17,Sample_S19S_0045_Wat,413.1736056
11,Sample_S19S_0045_Wat,413.1816156
1,Sample_S19S_0045_Wat,413.2027038
11,Sample_S19S_0045_Wat,413.2100122
16,Sample_S19S_0045_Wat,413.2180661
16,Sample_S19S_0045_Wat,415.0306688
22,Sample_S19S_0045_Wat,415.0340778
17,Sample_S19S_0045_Wat,415.0518724
5,Sample_S19S_0045_Wat,415.0671726
19,Sample_S19S_0045_Wat,415.0704085
9,Sample_S19S_0045_Wat,415.080159
55,Sample_S19S_0045_Wat,415.0881916
54,Sample_S19S_0045_Wat,415.1034568
11,Sample_S19S_0045_Wat,415.1066895
17,Sample_S19S_0045_Wat,415.1164835
34,Sample_S19S_0045_Wat,415.1245406
8,Sample_S19S_0045_Wat,415.1430564
18,Sample_S19S_0045_Wat,415.1529316
57,Sample_S19S_0045_Wat,415.1609859
8,Sample_S19S_0045_Wat,415.1763155
22,Sample_S19S_0045_Wat,415.1795937
31,Sample_S19S_0045_Wat,415.1973464
26,Sample_S19S_0045_Wat,416.0623295
6,Sample_S19S_0045_Wat,416.0986591
26,Sample_S19S_0045_Wat,417.0463346
8,Sample_S19S_0045_Wat,417.0593749
18,Sample_S19S_0045_Wat,417.0674105
21,Sample_S19S_0045_Wat,417.0826722
11,Sample_S19S_0045_Wat,417.085967
15,Sample_S19S_0045_Wat,417.0957124
21,Sample_S19S_0045_Wat,417.1037889
71,Sample_S19S_0045_Wat,417.1191101
10,Sample_S19S_0045_Wat,417.1223013
31,Sample_S19S_0045_Wat,417.1321667
38,Sample_S19S_0045_Wat,417.1402188
68,Sample_S19S_0045_Wat,417.1555165
16,Sample_S19S_0045_Wat,417.1588896
31,Sample_S19S_0045_Wat,417.1685514
14,Sample_S19S_0045_Wat,417.1765666
3,Sample_S19S_0045_Wat,417.1951164
4,Sample_S19S_0045_Wat,417.2048604
13,Sample_S19S_0045_Wat,418.0416648
46,Sample_S19S_0045_Wat,418.0779721
1,Sample_S19S_0045_Wat,418.0908033
21,Sample_S19S_0045_Wat,418.1144292
20,Sample_S19S_0045_Wat,419.0256123
33,Sample_S19S_0045_Wat,419.0619721
9,Sample_S19S_0045_Wat,419.0652534
13,Sample_S19S_0045_Wat,419.0982983
5,Sample_S19S_0045_Wat,419.1015327
3,Sample_S19S_0045_Wat,419.1113471
10,Sample_S19S_0045_Wat,419.1194106
87,Sample_S19S_0045_Wat,419.1347745
8,Sample_S19S_0045_Wat,419.1379181
17,Sample_S19S_0045_Wat,419.1478319
42,Sample_S19S_0045_Wat,419.1711927
22,Sample_S19S_0045_Wat,419.1842051
41,Sample_S19S_0045_Wat,419.207525
40,Sample_S19S_0045_Wat,420.0572817
32,Sample_S19S_0045_Wat,421.0412704
10,Sample_S19S_0045_Wat,421.0598183
17,Sample_S19S_0045_Wat,421.0777047
7,Sample_S19S_0045_Wat,421.0809217
16,Sample_S19S_0045_Wat,421.0906648
92,Sample_S19S_0045_Wat,421.1140346
6,Sample_S19S_0045_Wat,421.117183
15,Sample_S19S_0045_Wat,421.1270174
2,Sample_S19S_0045_Wat,421.1381854
81,Sample_S19S_0045_Wat,421.1504292
1,Sample_S19S_0045_Wat,421.1552081
21,Sample_S19S_0045_Wat,421.1634511
18,Sample_S19S_0045_Wat,421.1868654
3,Sample_S19S_0045_Wat,421.2232692
1,Sample_S19S_0045_Wat,421.2265386
49,Sample_S19S_0045_Wat,422.0728802
36,Sample_S19S_0045_Wat,422.1093338
45,Sample_S19S_0045_Wat,423.0569089
31,Sample_S19S_0045_Wat,423.093231
6,Sample_S19S_0045_Wat,423.1046157
102,Sample_S19S_0045_Wat,423.1296813
28,Sample_S19S_0045_Wat,423.1661225
47,Sample_S19S_0045_Wat,423.2024382
2,Sample_S19S_0045_Wat,424.0886497
49,Sample_S19S_0045_Wat,424.1249783
35,Sample_S19S_0045_Wat,425.0361852
5,Sample_S19S_0045_Wat,425.054654
15,Sample_S19S_0045_Wat,425.0724714
12,Sample_S19S_0045_Wat,425.0838582
11,Sample_S19S_0045_Wat,425.091008
16,Sample_S19S_0045_Wat,425.1008972
52,Sample_S19S_0045_Wat,425.1089252
1,Sample_S19S_0045_Wat,425.1120366
1,Sample_S19S_0045_Wat,425.120287
11,Sample_S19S_0045_Wat,425.127471
17,Sample_S19S_0045_Wat,425.1453873
7,Sample_S19S_0045_Wat,425.1638972
53,Sample_S19S_0045_Wat,425.1816982
71,Sample_S19S_0045_Wat,426.1405881
66,Sample_S19S_0045_Wat,426.1769689
19,Sample_S19S_0045_Wat,427.0340833
12,Sample_S19S_0045_Wat,427.0518808
10,Sample_S19S_0045_Wat,427.0669702
12,Sample_S19S_0045_Wat,427.0703757
9,Sample_S19S_0045_Wat,427.0801714
42,Sample_S19S_0045_Wat,427.088175
35,Sample_S19S_0045_Wat,427.1035014
12,Sample_S19S_0045_Wat,427.106705
17,Sample_S19S_0045_Wat,427.1165345
77,Sample_S19S_0045_Wat,427.1245871
2,Sample_S19S_0045_Wat,427.1399769
5,Sample_S19S_0045_Wat,427.1610597
30,Sample_S19S_0045_Wat,427.1973395
6,Sample_S19S_0045_Wat,427.22569
49,Sample_S19S_0045_Wat,428.0987544
10,Sample_S19S_0045_Wat,428.1117671
34,Sample_S19S_0045_Wat,428.1562791
19,Sample_S19S_0045_Wat,429.0463286
37,Sample_S19S_0045_Wat,429.067488
1,Sample_S19S_0045_Wat,429.0829209
19,Sample_S19S_0045_Wat,429.0861392
5,Sample_S19S_0045_Wat,429.1039457
1,Sample_S19S_0045_Wat,429.1192381
21,Sample_S19S_0045_Wat,429.1224523
63,Sample_S19S_0045_Wat,429.1402424
22,Sample_S19S_0045_Wat,429.1555582
5,Sample_S19S_0045_Wat,429.1587517
25,Sample_S19S_0045_Wat,429.1685491
20,Sample_S19S_0045_Wat,429.1765924
3,Sample_S19S_0045_Wat,429.195138
23,Sample_S19S_0045_Wat,429.2129876
11,Sample_S19S_0045_Wat,430.0780537
36,Sample_S19S_0045_Wat,430.0991542
75,Sample_S19S_0045_Wat,430.1143962
54,Sample_S19S_0045_Wat,430.1354817
11,Sample_S19S_0045_Wat,431.0256563
53,Sample_S19S_0045_Wat,431.0620177
10,Sample_S19S_0045_Wat,431.0653523
37,Sample_S19S_0045_Wat,431.083125
62,Sample_S19S_0045_Wat,431.098388
12,Sample_S19S_0045_Wat,431.1016424
17,Sample_S19S_0045_Wat,431.1113826
26,Sample_S19S_0045_Wat,431.1194411
30,Sample_S19S_0045_Wat,431.1347291
23,Sample_S19S_0045_Wat,431.1477957
24,Sample_S19S_0045_Wat,431.1558407
33,Sample_S19S_0045_Wat,431.1711879
5,Sample_S19S_0045_Wat,431.1744536
4,Sample_S19S_0045_Wat,431.2206124
20,Sample_S19S_0045_Wat,432.078404
79,Sample_S19S_0045_Wat,432.093661
80,Sample_S19S_0045_Wat,432.1300404
2,Sample_S19S_0045_Wat,432.1876103
31,Sample_S19S_0045_Wat,433.0412948
64,Sample_S19S_0045_Wat,433.077665
9,Sample_S19S_0045_Wat,433.0809249
12,Sample_S19S_0045_Wat,433.0906617
12,Sample_S19S_0045_Wat,433.0986887
25,Sample_S19S_0045_Wat,433.1139658
4,Sample_S19S_0045_Wat,433.1269982
2,Sample_S19S_0045_Wat,433.13501
28,Sample_S19S_0045_Wat,433.1503758
23,Sample_S19S_0045_Wat,433.1634586
36,Sample_S19S_0045_Wat,433.1868494
8,Sample_S19S_0045_Wat,433.1998888
31,Sample_S19S_0045_Wat,433.223189
9,Sample_S19S_0045_Wat,434.072975
21,Sample_S19S_0045_Wat,434.1093421
35,Sample_S19S_0045_Wat,435.0569041
73,Sample_S19S_0045_Wat,435.093324
8,Sample_S19S_0045_Wat,435.0964958
13,Sample_S19S_0045_Wat,435.1062764
30,Sample_S19S_0045_Wat,435.1296329
2,Sample_S19S_0045_Wat,435.1426364
26,Sample_S19S_0045_Wat,435.1659973
16,Sample_S19S_0045_Wat,435.1790631
54,Sample_S19S_0045_Wat,435.2024665
4,Sample_S19S_0045_Wat,435.238903
24,Sample_S19S_0045_Wat,436.0886111
7,Sample_S19S_0045_Wat,436.1250197
24,Sample_S19S_0045_Wat,437.0361523
22,Sample_S19S_0045_Wat,437.072483
26,Sample_S19S_0045_Wat,437.1088959
61,Sample_S19S_0045_Wat,437.1453651
15,Sample_S19S_0045_Wat,437.158378
53,Sample_S19S_0045_Wat,437.1817485
8,Sample_S19S_0045_Wat,437.1946984
10,Sample_S19S_0045_Wat,437.2180272
15,Sample_S19S_0045_Wat,438.0678822
81,Sample_S19S_0045_Wat,438.1405683
11,Sample_S19S_0045_Wat,439.051737
68,Sample_S19S_0045_Wat,439.0882098
79,Sample_S19S_0045_Wat,439.1246064
52,Sample_S19S_0045_Wat,439.1358561
13,Sample_S19S_0045_Wat,439.1529344
33,Sample_S19S_0045_Wat,439.1609425
19,Sample_S19S_0045_Wat,439.1973056
38,Sample_S19S_0045_Wat,440.0834468
37,Sample_S19S_0045_Wat,440.1198163
11,Sample_S19S_0045_Wat,441.0310268
9,Sample_S19S_0045_Wat,441.0462365
9,Sample_S19S_0045_Wat,441.0495906
29,Sample_S19S_0045_Wat,441.0674409
14,Sample_S19S_0045_Wat,441.0860426
34,Sample_S19S_0045_Wat,441.1039049
13,Sample_S19S_0045_Wat,441.1191742
53,Sample_S19S_0045_Wat,441.1402285
14,Sample_S19S_0045_Wat,441.168514
22,Sample_S19S_0045_Wat,441.1765589
6,Sample_S19S_0045_Wat,441.1951724
13,Sample_S19S_0045_Wat,441.2049192
10,Sample_S19S_0045_Wat,441.2129575
12,Sample_S19S_0045_Wat,442.0990637
20,Sample_S19S_0045_Wat,442.135461
12,Sample_S19S_0045_Wat,443.0255061
16,Sample_S19S_0045_Wat,443.0466588
13,Sample_S19S_0045_Wat,443.061884
13,Sample_S19S_0045_Wat,443.0749837
31,Sample_S19S_0045_Wat,443.0830557
32,Sample_S19S_0045_Wat,443.0984287
14,Sample_S19S_0045_Wat,443.1016577
18,Sample_S19S_0045_Wat,443.1114516
66,Sample_S19S_0045_Wat,443.119518
3,Sample_S19S_0045_Wat,443.1348538
12,Sample_S19S_0045_Wat,443.1380667
16,Sample_S19S_0045_Wat,443.1478565
56,Sample_S19S_0045_Wat,443.1558944
23,Sample_S19S_0045_Wat,443.1711201
7,Sample_S19S_0045_Wat,443.1743827
23,Sample_S19S_0045_Wat,443.1841796
15,Sample_S19S_0045_Wat,443.1922057
1,Sample_S19S_0045_Wat,443.2107455
9,Sample_S19S_0045_Wat,443.2205255
21,Sample_S19S_0045_Wat,444.093696
12,Sample_S19S_0045_Wat,444.1299715
24,Sample_S19S_0045_Wat,445.0412697
29,Sample_S19S_0045_Wat,445.0623769
32,Sample_S19S_0045_Wat,445.0776178
6,Sample_S19S_0045_Wat,445.0808638
12,Sample_S19S_0045_Wat,445.0986624
1,Sample_S19S_0045_Wat,445.1083593
15,Sample_S19S_0045_Wat,445.1139537
8,Sample_S19S_0045_Wat,445.1171907
15,Sample_S19S_0045_Wat,445.127011
8,Sample_S19S_0045_Wat,445.1350548
32,Sample_S19S_0045_Wat,445.1503907
5,Sample_S19S_0045_Wat,445.1536246
28,Sample_S19S_0045_Wat,445.1634705
45,Sample_S19S_0045_Wat,445.1715289
39,Sample_S19S_0045_Wat,445.1868428
16,Sample_S19S_0045_Wat,446.0728598
47,Sample_S19S_0045_Wat,446.1092739
32,Sample_S19S_0045_Wat,446.1457127
7,Sample_S19S_0045_Wat,446.2031197
7,Sample_S19S_0045_Wat,447.056785
6,Sample_S19S_0045_Wat,447.0698296
14,Sample_S19S_0045_Wat,447.09323
7,Sample_S19S_0045_Wat,447.0964519
17,Sample_S19S_0045_Wat,447.114388
76,Sample_S19S_0045_Wat,447.1297048
24,Sample_S19S_0045_Wat,447.1427418
10,Sample_S19S_0045_Wat,447.1507185
69,Sample_S19S_0045_Wat,447.1660641
4,Sample_S19S_0045_Wat,447.1692235
20,Sample_S19S_0045_Wat,447.179104
14,Sample_S19S_0045_Wat,447.2023724
2,Sample_S19S_0045_Wat,447.2154152
3,Sample_S19S_0045_Wat,448.0520882
59,Sample_S19S_0045_Wat,448.088573
14,Sample_S19S_0045_Wat,449.0360637
18,Sample_S19S_0045_Wat,449.0724952
15,Sample_S19S_0045_Wat,449.0855556
81,Sample_S19S_0045_Wat,449.1089599
16,Sample_S19S_0045_Wat,449.1219859
77,Sample_S19S_0045_Wat,449.1453221
25,Sample_S19S_0045_Wat,449.1583358
26,Sample_S19S_0045_Wat,449.1816462
5,Sample_S19S_0045_Wat,449.1946593
12,Sample_S19S_0045_Wat,449.2180299
1,Sample_S19S_0045_Wat,451.0338422
13,Sample_S19S_0045_Wat,451.0517204
36,Sample_S19S_0045_Wat,451.0881744
62,Sample_S19S_0045_Wat,451.124616
1,Sample_S19S_0045_Wat,451.1530256
38,Sample_S19S_0045_Wat,451.1609528
9,Sample_S19S_0045_Wat,451.189303
6,Sample_S19S_0045_Wat,451.1972791
11,Sample_S19S_0045_Wat,451.2336787
2,Sample_S19S_0045_Wat,451.2548993
37,Sample_S19S_0045_Wat,452.0834394
18,Sample_S19S_0045_Wat,452.1199139
16,Sample_S19S_0045_Wat,453.0310814
20,Sample_S19S_0045_Wat,453.0673983
10,Sample_S19S_0045_Wat,453.0957146
13,Sample_S19S_0045_Wat,453.1037558
14,Sample_S19S_0045_Wat,453.1321972
41,Sample_S19S_0045_Wat,453.140211
1,Sample_S19S_0045_Wat,453.1686448
68,Sample_S19S_0045_Wat,453.1766436
10,Sample_S19S_0045_Wat,453.2049759
31,Sample_S19S_0045_Wat,455.0467468
33,Sample_S19S_0045_Wat,455.0620251
11,Sample_S19S_0045_Wat,455.0652945
43,Sample_S19S_0045_Wat,455.0831528
41,Sample_S19S_0045_Wat,455.0984121
15,Sample_S19S_0045_Wat,455.111472
37,Sample_S19S_0045_Wat,455.1194736
9,Sample_S19S_0045_Wat,455.1380162
18,Sample_S19S_0045_Wat,455.14777
15,Sample_S19S_0045_Wat,455.1558023
16,Sample_S19S_0045_Wat,455.1841535
12,Sample_S19S_0045_Wat,455.1921775
13,Sample_S19S_0045_Wat,455.2205892
20,Sample_S19S_0045_Wat,457.0412916
24,Sample_S19S_0045_Wat,457.0624071
14,Sample_S19S_0045_Wat,457.0776174
7,Sample_S19S_0045_Wat,457.0808688
9,Sample_S19S_0045_Wat,457.0906483
19,Sample_S19S_0045_Wat,457.0986905
20,Sample_S19S_0045_Wat,457.1139922
10,Sample_S19S_0045_Wat,457.1172314
12,Sample_S19S_0045_Wat,457.1270095
16,Sample_S19S_0045_Wat,457.1350642
20,Sample_S19S_0045_Wat,457.1634444
27,Sample_S19S_0045_Wat,457.1715231
20,Sample_S19S_0045_Wat,457.1901515
12,Sample_S19S_0045_Wat,457.1998933
34,Sample_S19S_0045_Wat,457.2079257
38,Sample_S19S_0045_Wat,458.1093241
13,Sample_S19S_0045_Wat,459.0568713
7,Sample_S19S_0045_Wat,459.069913
20,Sample_S19S_0045_Wat,459.0779746
15,Sample_S19S_0045_Wat,459.0932353
9,Sample_S19S_0045_Wat,459.0964817
18,Sample_S19S_0045_Wat,459.1062882
23,Sample_S19S_0045_Wat,459.1143457
47,Sample_S19S_0045_Wat,459.1296693
11,Sample_S19S_0045_Wat,459.1328714
29,Sample_S19S_0045_Wat,459.142719
37,Sample_S19S_0045_Wat,459.1508169
40,Sample_S19S_0045_Wat,459.1661042
5,Sample_S19S_0045_Wat,459.1692924
36,Sample_S19S_0045_Wat,459.1872169
19,Sample_S19S_0045_Wat,459.2025048
7,Sample_S19S_0045_Wat,459.2155229
53,Sample_S19S_0045_Wat,460.0885829
49,Sample_S19S_0045_Wat,460.1249704
19,Sample_S19S_0045_Wat,461.036196
19,Sample_S19S_0045_Wat,461.0725007
11,Sample_S19S_0045_Wat,461.0855391
5,Sample_S19S_0045_Wat,461.0935699
12,Sample_S19S_0045_Wat,461.1088271
4,Sample_S19S_0045_Wat,461.1218899
8,Sample_S19S_0045_Wat,461.1299458
2,Sample_S19S_0045_Wat,461.1396751
19,Sample_S19S_0045_Wat,461.1452647
23,Sample_S19S_0045_Wat,461.1583343
33,Sample_S19S_0045_Wat,461.1817537
10,Sample_S19S_0045_Wat,461.1948089
26,Sample_S19S_0045_Wat,461.218132
15,Sample_S19S_0045_Wat,461.2311454
25,Sample_S19S_0045_Wat,462.067799
17,Sample_S19S_0045_Wat,462.1042629
33,Sample_S19S_0045_Wat,463.0518315
40,Sample_S19S_0045_Wat,463.0881954
14,Sample_S19S_0045_Wat,463.124491
3,Sample_S19S_0045_Wat,463.1375144
7,Sample_S19S_0045_Wat,463.1608564
6,Sample_S19S_0045_Wat,463.1739081
18,Sample_S19S_0045_Wat,463.1972938
17,Sample_S19S_0045_Wat,463.210366
29,Sample_S19S_0045_Wat,464.1198095
6,Sample_S19S_0045_Wat,465.0310055
10,Sample_S19S_0045_Wat,465.06738
35,Sample_S19S_0045_Wat,465.1038259
38,Sample_S19S_0045_Wat,465.115136
60,Sample_S19S_0045_Wat,465.1766182
15,Sample_S19S_0045_Wat,465.2129596
62,Sample_S19S_0045_Wat,466.1355201
31,Sample_S19S_0045_Wat,467.0467531
44,Sample_S19S_0045_Wat,467.0831629
47,Sample_S19S_0045_Wat,467.1195422
19,Sample_S19S_0045_Wat,467.1478261
30,Sample_S19S_0045_Wat,467.1558326
16,Sample_S19S_0045_Wat,467.184209
8,Sample_S19S_0045_Wat,467.1921933
17,Sample_S19S_0045_Wat,467.2286363
29,Sample_S19S_0045_Wat,468.1147294
26,Sample_S19S_0045_Wat,469.062394
23,Sample_S19S_0045_Wat,469.0986993
19,Sample_S19S_0045_Wat,469.1270251
14,Sample_S19S_0045_Wat,469.1350525
10,Sample_S19S_0045_Wat,469.1633964
17,Sample_S19S_0045_Wat,469.199861
23,Sample_S19S_0045_Wat,469.2078959
9,Sample_S19S_0045_Wat,471.0416901
27,Sample_S19S_0045_Wat,471.0569384
28,Sample_S19S_0045_Wat,471.0780166
15,Sample_S19S_0045_Wat,471.093255
12,Sample_S19S_0045_Wat,471.106291
6,Sample_S19S_0045_Wat,471.1295835
8,Sample_S19S_0045_Wat,471.1426129
11,Sample_S19S_0045_Wat,471.1506882
6,Sample_S19S_0045_Wat,471.16598
21,Sample_S19S_0045_Wat,471.1790652
19,Sample_S19S_0045_Wat,471.1871307
11,Sample_S19S_0045_Wat,471.2155389
1,Sample_S19S_0045_Wat,472.1247587
12,Sample_S19S_0045_Wat,473.0361823
7,Sample_S19S_0045_Wat,473.0573502
28,Sample_S19S_0045_Wat,473.0726032
31,Sample_S19S_0045_Wat,473.0937108
60,Sample_S19S_0045_Wat,473.1089772
19,Sample_S19S_0045_Wat,473.121993
17,Sample_S19S_0045_Wat,473.1300234
2,Sample_S19S_0045_Wat,473.139667
18,Sample_S19S_0045_Wat,473.1452829
9,Sample_S19S_0045_Wat,473.1582831
9,Sample_S19S_0045_Wat,473.1663521
15,Sample_S19S_0045_Wat,473.1816622
9,Sample_S19S_0045_Wat,473.1946924
17,Sample_S19S_0045_Wat,473.2311386
22,Sample_S19S_0045_Wat,474.1042477
10,Sample_S19S_0045_Wat,475.0517049
13,Sample_S19S_0045_Wat,475.0728791
23,Sample_S19S_0045_Wat,475.0881586
14,Sample_S19S_0045_Wat,475.1012806
14,Sample_S19S_0045_Wat,475.1092833
58,Sample_S19S_0045_Wat,475.1245966
21,Sample_S19S_0045_Wat,475.1376596
59,Sample_S19S_0045_Wat,475.1609843
25,Sample_S19S_0045_Wat,475.1739813
11,Sample_S19S_0045_Wat,475.1973043
3,Sample_S19S_0045_Wat,475.2103074
3,Sample_S19S_0045_Wat,475.2336051
7,Sample_S19S_0045_Wat,476.0833408
26,Sample_S19S_0045_Wat,476.1198125
18,Sample_S19S_0045_Wat,477.0311319
36,Sample_S19S_0045_Wat,477.0674882
17,Sample_S19S_0045_Wat,477.1037802
16,Sample_S19S_0045_Wat,477.1168599
2,Sample_S19S_0045_Wat,477.1401075
8,Sample_S19S_0045_Wat,477.1531747
13,Sample_S19S_0045_Wat,477.1765167
36,Sample_S19S_0045_Wat,477.2130039
12,Sample_S19S_0045_Wat,477.2260597
63,Sample_S19S_0045_Wat,478.0991507
3,Sample_S19S_0045_Wat,479.0466033
14,Sample_S19S_0045_Wat,479.0830028
36,Sample_S19S_0045_Wat,479.1194663
8,Sample_S19S_0045_Wat,479.1306872
64,Sample_S19S_0045_Wat,479.1559168
1,Sample_S19S_0045_Wat,479.1843315
50,Sample_S19S_0045_Wat,479.1923063
16,Sample_S19S_0045_Wat,479.2286027
9,Sample_S19S_0045_Wat,480.151082
14,Sample_S19S_0045_Wat,481.0623379
4,Sample_S19S_0045_Wat,481.0834141
44,Sample_S19S_0045_Wat,481.0987747
64,Sample_S19S_0045_Wat,481.1351677
15,Sample_S19S_0045_Wat,481.1634867
44,Sample_S19S_0045_Wat,481.1715313
15,Sample_S19S_0045_Wat,481.199847
15,Sample_S19S_0045_Wat,481.2078283
1,Sample_S19S_0045_Wat,481.2652954
5,Sample_S19S_0045_Wat,482.1302914
12,Sample_S19S_0045_Wat,483.0415833
10,Sample_S19S_0045_Wat,483.0568081
27,Sample_S19S_0045_Wat,483.0780208
3,Sample_S19S_0045_Wat,483.1064043
43,Sample_S19S_0045_Wat,483.1144642
17,Sample_S19S_0045_Wat,483.1297323
33,Sample_S19S_0045_Wat,483.1508531
12,Sample_S19S_0045_Wat,483.1791639
29,Sample_S19S_0045_Wat,483.1871699
15,Sample_S19S_0045_Wat,483.2154832
8,Sample_S19S_0045_Wat,483.2234722
10,Sample_S19S_0045_Wat,484.1459881
7,Sample_S19S_0045_Wat,485.057196
14,Sample_S19S_0045_Wat,485.0724465
25,Sample_S19S_0045_Wat,485.0936172
34,Sample_S19S_0045_Wat,485.1089501
14,Sample_S19S_0045_Wat,485.1220307
44,Sample_S19S_0045_Wat,485.1300644
39,Sample_S19S_0045_Wat,485.1664901
11,Sample_S19S_0045_Wat,485.1948096
1,Sample_S19S_0045_Wat,485.2310607
4,Sample_S19S_0045_Wat,486.140486
13,Sample_S19S_0045_Wat,487.051792
17,Sample_S19S_0045_Wat,487.072871
7,Sample_S19S_0045_Wat,487.088118
12,Sample_S19S_0045_Wat,487.1011949
7,Sample_S19S_0045_Wat,487.1092152
11,Sample_S19S_0045_Wat,487.1244947
16,Sample_S19S_0045_Wat,487.1375846
13,Sample_S19S_0045_Wat,487.1456408
47,Sample_S19S_0045_Wat,487.1609704
17,Sample_S19S_0045_Wat,487.1740711
29,Sample_S19S_0045_Wat,487.18211
25,Sample_S19S_0045_Wat,487.1974177
1,Sample_S19S_0045_Wat,487.2104698
35,Sample_S19S_0045_Wat,489.067487
26,Sample_S19S_0045_Wat,489.1039118
27,Sample_S19S_0045_Wat,489.1402055
15,Sample_S19S_0045_Wat,489.1532671
8,Sample_S19S_0045_Wat,489.1765226
4,Sample_S19S_0045_Wat,489.1895365
6,Sample_S19S_0045_Wat,489.2128864
3,Sample_S19S_0045_Wat,489.2259164
15,Sample_S19S_0045_Wat,490.0990621
5,Sample_S19S_0045_Wat,491.0466906
20,Sample_S19S_0045_Wat,491.0830123
6,Sample_S19S_0045_Wat,491.1193786
23,Sample_S19S_0045_Wat,491.1558203
15,Sample_S19S_0045_Wat,491.1689084
46,Sample_S19S_0045_Wat,491.1922945
6,Sample_S19S_0045_Wat,491.2287423
41,Sample_S19S_0045_Wat,492.1147512
8,Sample_S19S_0045_Wat,493.0622921
21,Sample_S19S_0045_Wat,493.098712
67,Sample_S19S_0045_Wat,493.1351653
48,Sample_S19S_0045_Wat,493.1715856
7,Sample_S19S_0045_Wat,493.1846305
9,Sample_S19S_0045_Wat,493.2442171
28,Sample_S19S_0045_Wat,495.0780179
14,Sample_S19S_0045_Wat,495.0965914
42,Sample_S19S_0045_Wat,495.1144449
6,Sample_S19S_0045_Wat,495.1427989
53,Sample_S19S_0045_Wat,495.1507984
13,Sample_S19S_0045_Wat,495.1791573
8,Sample_S19S_0045_Wat,495.2154488
14,Sample_S19S_0045_Wat,497.0572968
25,Sample_S19S_0045_Wat,497.1089508
7,Sample_S19S_0045_Wat,497.1301476
11,Sample_S19S_0045_Wat,498.1253978
39,Sample_S19S_0045_Wat,498.1617513
17,Sample_S19S_0045_Wat,499.0728848
7,Sample_S19S_0045_Wat,499.1012958
32,Sample_S19S_0045_Wat,499.1093112
37,Sample_S19S_0045_Wat,499.1246232
5,Sample_S19S_0045_Wat,499.1377212
44,Sample_S19S_0045_Wat,499.1457371
8,Sample_S19S_0045_Wat,499.1610424
16,Sample_S19S_0045_Wat,499.1740741
14,Sample_S19S_0045_Wat,499.2184243
15,Sample_S19S_0045_Wat,501.0673678
12,Sample_S19S_0045_Wat,501.0885018
6,Sample_S19S_0045_Wat,501.1248479
17,Sample_S19S_0045_Wat,501.1401768
22,Sample_S19S_0045_Wat,501.1532967
16,Sample_S19S_0045_Wat,501.1612956
24,Sample_S19S_0045_Wat,501.2130646
4,Sample_S19S_0045_Wat,503.0468089
1,Sample_S19S_0045_Wat,503.0832459
47,Sample_S19S_0045_Wat,503.1195309
3,Sample_S19S_0045_Wat,503.1326318
13,Sample_S19S_0045_Wat,503.1405906
21,Sample_S19S_0045_Wat,503.1558462
11,Sample_S19S_0045_Wat,503.1921795
3,Sample_S19S_0045_Wat,503.2051842
4,Sample_S19S_0045_Wat,503.2649518
4,Sample_S19S_0045_Wat,505.0622503
15,Sample_S19S_0045_Wat,505.098662
14,Sample_S19S_0045_Wat,505.1350781
58,Sample_S19S_0045_Wat,505.1715425
24,Sample_S19S_0045_Wat,505.2079802
25,Sample_S19S_0045_Wat,505.2443315
7,Sample_S19S_0045_Wat,506.1303153
6,Sample_S19S_0045_Wat,506.1666811
7,Sample_S19S_0045_Wat,507.0415912
22,Sample_S19S_0045_Wat,507.0780238
40,Sample_S19S_0045_Wat,507.1144464
57,Sample_S19S_0045_Wat,507.1508255
3,Sample_S19S_0045_Wat,507.2598181
5,Sample_S19S_0045_Wat,509.0573918
32,Sample_S19S_0045_Wat,509.0937287
39,Sample_S19S_0045_Wat,509.1300451
4,Sample_S19S_0045_Wat,509.2391011
1,Sample_S19S_0045_Wat,509.2967909
29,Sample_S19S_0045_Wat,511.0729714
3,Sample_S19S_0045_Wat,511.1375472
13,Sample_S19S_0045_Wat,511.2103696
7,Sample_S19S_0045_Wat,511.2183807
18,Sample_S19S_0045_Wat,513.0885835
13,Sample_S19S_0045_Wat,513.1248843
5,Sample_S19S_0045_Wat,513.1531789
5,Sample_S19S_0045_Wat,513.1612236
7,Sample_S19S_0045_Wat,513.1895585
2,Sample_S19S_0045_Wat,515.0467951
29,Sample_S19S_0045_Wat,515.083157
24,Sample_S19S_0045_Wat,515.1042917
3,Sample_S19S_0045_Wat,515.1326297
18,Sample_S19S_0045_Wat,515.1405768
10,Sample_S19S_0045_Wat,515.155816
13,Sample_S19S_0045_Wat,515.1688778
6,Sample_S19S_0045_Wat,515.2052029
19,Sample_S19S_0045_Wat,517.0624113
7,Sample_S19S_0045_Wat,517.098859
6,Sample_S19S_0045_Wat,517.1352552
8,Sample_S19S_0045_Wat,517.171616
6,Sample_S19S_0045_Wat,517.2442337
10,Sample_S19S_0045_Wat,519.1143103
23,Sample_S19S_0045_Wat,519.1507584
49,Sample_S19S_0045_Wat,519.1872205
9,Sample_S19S_0045_Wat,519.2236508
16,Sample_S19S_0045_Wat,521.0573462
25,Sample_S19S_0045_Wat,521.0937324
43,Sample_S19S_0045_Wat,521.1301011
24,Sample_S19S_0045_Wat,521.1663968
6,Sample_S19S_0045_Wat,521.2027235
1,Sample_S19S_0045_Wat,522.1615064
4,Sample_S19S_0045_Wat,523.0728235
3,Sample_S19S_0045_Wat,523.0939948
3,Sample_S19S_0045_Wat,523.1091901
12,Sample_S19S_0045_Wat,523.1456062
22,Sample_S19S_0045_Wat,523.1820717
19,Sample_S19S_0045_Wat,525.0885729
29,Sample_S19S_0045_Wat,525.1250197
37,Sample_S19S_0045_Wat,525.1614051
3,Sample_S19S_0045_Wat,527.1043114
16,Sample_S19S_0045_Wat,527.1689685
26,Sample_S19S_0045_Wat,527.1769645
17,Sample_S19S_0045_Wat,527.2052882
3,Sample_S19S_0045_Wat,527.2132606
18,Sample_S19S_0045_Wat,529.119899
6,Sample_S19S_0045_Wat,529.1482589
17,Sample_S19S_0045_Wat,529.1562352
14,Sample_S19S_0045_Wat,529.1714748
19,Sample_S19S_0045_Wat,529.184567
9,Sample_S19S_0045_Wat,529.1925822
6,Sample_S19S_0045_Wat,529.2078283
4,Sample_S19S_0045_Wat,529.2208396
27,Sample_S19S_0045_Wat,531.1507766
14,Sample_S19S_0045_Wat,531.2234777
10,Sample_S19S_0045_Wat,533.0937827
47,Sample_S19S_0045_Wat,533.166456
10,Sample_S19S_0045_Wat,533.2027587
5,Sample_S19S_0045_Wat,533.2390944
5,Sample_S19S_0045_Wat,535.1094222
6,Sample_S19S_0045_Wat,535.1458132
27,Sample_S19S_0045_Wat,537.1249315
39,Sample_S19S_0045_Wat,537.161382
15,Sample_S19S_0045_Wat,537.1978101
6,Sample_S19S_0045_Wat,537.2342192
16,Sample_S19S_0045_Wat,539.1042196
23,Sample_S19S_0045_Wat,539.1405618
5,Sample_S19S_0045_Wat,539.1768779
2,Sample_S19S_0045_Wat,539.2132409
2,Sample_S19S_0045_Wat,539.2416063
21,Sample_S19S_0045_Wat,541.1199147
9,Sample_S19S_0045_Wat,541.1563515
2,Sample_S19S_0045_Wat,541.1927684
5,Sample_S19S_0045_Wat,543.0781158
22,Sample_S19S_0045_Wat,543.1144211
9,Sample_S19S_0045_Wat,543.1718262
4,Sample_S19S_0045_Wat,543.1870791
7,Sample_S19S_0045_Wat,545.0571838
26,Sample_S19S_0045_Wat,545.1664409
4,Sample_S19S_0045_Wat,545.2393178
10,Sample_S19S_0045_Wat,547.0729547
7,Sample_S19S_0045_Wat,547.109415
7,Sample_S19S_0045_Wat,549.1250923
12,Sample_S19S_0045_Wat,549.1614413
9,Sample_S19S_0045_Wat,549.2340464
11,Sample_S19S_0045_Wat,551.10435
24,Sample_S19S_0045_Wat,551.140683
22,Sample_S19S_0045_Wat,551.1769906
12,Sample_S19S_0045_Wat,551.2133063
1,Sample_S19S_0045_Wat,551.2496307
5,Sample_S19S_0045_Wat,553.1199748
41,Sample_S19S_0045_Wat,553.1562956
18,Sample_S19S_0045_Wat,553.1925971
1,Sample_S19S_0045_Wat,553.2288832
10,Sample_S19S_0045_Wat,555.1720029
18,Sample_S19S_0045_Wat,555.2082923
12,Sample_S19S_0045_Wat,561.0885432
1,Sample_S19S_0045_Wat,561.1611805
1,Sample_S19S_0045_Wat,561.1975534
3,Sample_S19S_0045_Wat,561.2339983
5,Sample_S19S_0045_Wat,563.1043787
3,Sample_S19S_0045_Wat,563.140767
1,Sample_S19S_0045_Wat,563.1566894
18,Sample_S19S_0045_Wat,563.2134586
15,Sample_S19S_0045_Wat,565.2290122
4,Sample_S19S_0045_Wat,567.1356587
5,Sample_S19S_0045_Wat,569.1510794
3,Sample_S19S_0045_Wat,575.1407714
17,Sample_S19S_0045_Wat,575.1770756
26,Sample_S19S_0045_Wat,575.213398
31,Sample_S19S_0045_Wat,577.1563035
19,Sample_S19S_0045_Wat,577.1926143
4,Sample_S19S_0045_Wat,577.228924
7,Sample_S19S_0045_Wat,579.0992643
20,Sample_S19S_0045_Wat,579.1355972
16,Sample_S19S_0045_Wat,579.2082488
28,Sample_S19S_0045_Wat,581.1512226
20,Sample_S19S_0045_Wat,581.1875335
7,Sample_S19S_0045_Wat,583.1669172
12,Sample_S19S_0045_Wat,591.2083514
5,Sample_S19S_0045_Wat,593.1511079
20,Sample_S19S_0045_Wat,593.1875846
1,Sample_S19S_0045_Wat,605.1513953
