num.trans.involved.in,sample,peak
32,Sample_S19S_0025_Wat,201.0404313
28,Sample_S19S_0025_Wat,201.0768122
29,Sample_S19S_0025_Wat,205.0142188
24,Sample_S19S_0025_Wat,205.0505947
42,Sample_S19S_0025_Wat,207.0298709
35,Sample_S19S_0025_Wat,207.066249
14,Sample_S19S_0025_Wat,209.0091207
37,Sample_S19S_0025_Wat,209.0455114
34,Sample_S19S_0025_Wat,209.0818981
53,Sample_S19S_0025_Wat,211.0247874
55,Sample_S19S_0025_Wat,211.0611736
31,Sample_S19S_0025_Wat,211.097555
30,Sample_S19S_0025_Wat,213.0404285
41,Sample_S19S_0025_Wat,213.0768216
34,Sample_S19S_0025_Wat,215.0560786
36,Sample_S19S_0025_Wat,215.0924726
17,Sample_S19S_0025_Wat,215.1288446
37,Sample_S19S_0025_Wat,217.0717431
28,Sample_S19S_0025_Wat,217.1081169
47,Sample_S19S_0025_Wat,219.0298823
13,Sample_S19S_0025_Wat,219.0662407
42,Sample_S19S_0025_Wat,221.0455191
21,Sample_S19S_0025_Wat,221.0818912
51,Sample_S19S_0025_Wat,223.0247931
17,Sample_S19S_0025_Wat,223.0611523
44,Sample_S19S_0025_Wat,223.0975605
23,Sample_S19S_0025_Wat,224.0564233
12,Sample_S19S_0025_Wat,225.0040321
79,Sample_S19S_0025_Wat,225.0404494
52,Sample_S19S_0025_Wat,225.0768195
12,Sample_S19S_0025_Wat,225.1131873
22,Sample_S19S_0025_Wat,227.0196895
39,Sample_S19S_0025_Wat,227.056079
44,Sample_S19S_0025_Wat,227.092466
27,Sample_S19S_0025_Wat,227.1288722
40,Sample_S19S_0025_Wat,229.0353497
43,Sample_S19S_0025_Wat,229.0717413
30,Sample_S19S_0025_Wat,229.1081151
18,Sample_S19S_0025_Wat,229.14452
39,Sample_S19S_0025_Wat,231.0298777
38,Sample_S19S_0025_Wat,231.051012
38,Sample_S19S_0025_Wat,231.0873835
44,Sample_S19S_0025_Wat,233.0091463
45,Sample_S19S_0025_Wat,233.0455307
41,Sample_S19S_0025_Wat,233.0819208
9,Sample_S19S_0025_Wat,233.1546845
50,Sample_S19S_0025_Wat,235.0247912
62,Sample_S19S_0025_Wat,235.0611873
40,Sample_S19S_0025_Wat,235.0975749
19,Sample_S19S_0025_Wat,235.1339408
45,Sample_S19S_0025_Wat,236.0564412
38,Sample_S19S_0025_Wat,237.0040579
56,Sample_S19S_0025_Wat,237.0404421
64,Sample_S19S_0025_Wat,237.0768351
40,Sample_S19S_0025_Wat,237.1132227
9,Sample_S19S_0025_Wat,238.0356696
24,Sample_S19S_0025_Wat,238.0720655
67,Sample_S19S_0025_Wat,239.0197221
94,Sample_S19S_0025_Wat,239.0561117
7,Sample_S19S_0025_Wat,239.0673352
91,Sample_S19S_0025_Wat,239.092497
43,Sample_S19S_0025_Wat,239.1288753
28,Sample_S19S_0025_Wat,240.0513448
30,Sample_S19S_0025_Wat,240.0877319
76,Sample_S19S_0025_Wat,241.03537
51,Sample_S19S_0025_Wat,241.0717422
30,Sample_S19S_0025_Wat,241.1081087
19,Sample_S19S_0025_Wat,241.1445007
46,Sample_S19S_0025_Wat,242.0670034
15,Sample_S19S_0025_Wat,242.139775
3,Sample_S19S_0025_Wat,242.1761465
77,Sample_S19S_0025_Wat,243.0510224
11,Sample_S19S_0025_Wat,243.0662508
42,Sample_S19S_0025_Wat,243.0873816
18,Sample_S19S_0025_Wat,243.1237626
76,Sample_S19S_0025_Wat,245.0455587
5,Sample_S19S_0025_Wat,245.0489119
79,Sample_S19S_0025_Wat,245.0666847
50,Sample_S19S_0025_Wat,245.0819342
64,Sample_S19S_0025_Wat,245.1030642
27,Sample_S19S_0025_Wat,246.0407845
48,Sample_S19S_0025_Wat,247.024801
70,Sample_S19S_0025_Wat,247.0612011
72,Sample_S19S_0025_Wat,247.0975945
27,Sample_S19S_0025_Wat,248.0200547
45,Sample_S19S_0025_Wat,249.0040636
80,Sample_S19S_0025_Wat,249.0404675
90,Sample_S19S_0025_Wat,249.0768527
37,Sample_S19S_0025_Wat,249.1132224
52,Sample_S19S_0025_Wat,250.07209
79,Sample_S19S_0025_Wat,251.0197332
77,Sample_S19S_0025_Wat,251.0560986
114,Sample_S19S_0025_Wat,251.0925063
47,Sample_S19S_0025_Wat,251.1289035
45,Sample_S19S_0025_Wat,252.0513612
41,Sample_S19S_0025_Wat,252.0877348
51,Sample_S19S_0025_Wat,252.9989785
103,Sample_S19S_0025_Wat,253.0353983
124,Sample_S19S_0025_Wat,253.0717756
41,Sample_S19S_0025_Wat,253.1081345
44,Sample_S19S_0025_Wat,253.1445337
41,Sample_S19S_0025_Wat,254.0670222
102,Sample_S19S_0025_Wat,255.0510433
37,Sample_S19S_0025_Wat,255.0663123
114,Sample_S19S_0025_Wat,255.0874163
41,Sample_S19S_0025_Wat,255.1237776
45,Sample_S19S_0025_Wat,256.0826837
79,Sample_S19S_0025_Wat,257.030304
97,Sample_S19S_0025_Wat,257.0666765
64,Sample_S19S_0025_Wat,257.1030521
45,Sample_S19S_0025_Wat,257.1394516
52,Sample_S19S_0025_Wat,259.0248281
84,Sample_S19S_0025_Wat,259.0459547
67,Sample_S19S_0025_Wat,259.0612028
85,Sample_S19S_0025_Wat,259.0823405
57,Sample_S19S_0025_Wat,259.0975861
13,Sample_S19S_0025_Wat,259.1009624
61,Sample_S19S_0025_Wat,259.1187072
64,Sample_S19S_0025_Wat,261.040468
63,Sample_S19S_0025_Wat,261.061588
94,Sample_S19S_0025_Wat,261.0768598
50,Sample_S19S_0025_Wat,261.0980071
62,Sample_S19S_0025_Wat,261.1132477
35,Sample_S19S_0025_Wat,262.0357323
41,Sample_S19S_0025_Wat,262.0721008
50,Sample_S19S_0025_Wat,263.019721
92,Sample_S19S_0025_Wat,263.0561329
48,Sample_S19S_0025_Wat,263.0924815
45,Sample_S19S_0025_Wat,263.128908
48,Sample_S19S_0025_Wat,264.0513612
43,Sample_S19S_0025_Wat,264.087752
54,Sample_S19S_0025_Wat,264.9989861
93,Sample_S19S_0025_Wat,265.0353938
91,Sample_S19S_0025_Wat,265.0717855
99,Sample_S19S_0025_Wat,265.1081545
33,Sample_S19S_0025_Wat,265.1445692
1,Sample_S19S_0025_Wat,265.1479151
42,Sample_S19S_0025_Wat,266.0306266
61,Sample_S19S_0025_Wat,266.0670361
77,Sample_S19S_0025_Wat,267.0146829
116,Sample_S19S_0025_Wat,267.0510336
18,Sample_S19S_0025_Wat,267.0622941
105,Sample_S19S_0025_Wat,267.0874299
89,Sample_S19S_0025_Wat,267.123805
37,Sample_S19S_0025_Wat,267.1601848
60,Sample_S19S_0025_Wat,268.0462977
52,Sample_S19S_0025_Wat,268.08266
77,Sample_S19S_0025_Wat,269.0303205
119,Sample_S19S_0025_Wat,269.0666802
102,Sample_S19S_0025_Wat,269.1030627
48,Sample_S19S_0025_Wat,269.1394657
53,Sample_S19S_0025_Wat,270.0619439
50,Sample_S19S_0025_Wat,270.0983057
80,Sample_S19S_0025_Wat,271.0459737
25,Sample_S19S_0025_Wat,271.061176
94,Sample_S19S_0025_Wat,271.0823212
84,Sample_S19S_0025_Wat,271.118718
22,Sample_S19S_0025_Wat,271.1551343
43,Sample_S19S_0025_Wat,272.0412153
45,Sample_S19S_0025_Wat,272.0775888
62,Sample_S19S_0025_Wat,273.040478
77,Sample_S19S_0025_Wat,273.061591
80,Sample_S19S_0025_Wat,273.0768603
76,Sample_S19S_0025_Wat,273.0979879
55,Sample_S19S_0025_Wat,273.1132445
32,Sample_S19S_0025_Wat,273.1343844
36,Sample_S19S_0025_Wat,274.0357454
34,Sample_S19S_0025_Wat,274.0932637
66,Sample_S19S_0025_Wat,275.0197425
61,Sample_S19S_0025_Wat,275.0408652
75,Sample_S19S_0025_Wat,275.0561155
79,Sample_S19S_0025_Wat,275.0772487
83,Sample_S19S_0025_Wat,275.0925149
61,Sample_S19S_0025_Wat,275.1136274
53,Sample_S19S_0025_Wat,275.1288873
30,Sample_S19S_0025_Wat,276.0150051
45,Sample_S19S_0025_Wat,276.0513913
20,Sample_S19S_0025_Wat,276.0877174
57,Sample_S19S_0025_Wat,276.9990278
95,Sample_S19S_0025_Wat,277.0354157
92,Sample_S19S_0025_Wat,277.0717892
24,Sample_S19S_0025_Wat,277.0830242
88,Sample_S19S_0025_Wat,277.1081544
52,Sample_S19S_0025_Wat,277.1445377
34,Sample_S19S_0025_Wat,278.0306345
51,Sample_S19S_0025_Wat,278.0670289
43,Sample_S19S_0025_Wat,278.1034322
48,Sample_S19S_0025_Wat,279.0146331
96,Sample_S19S_0025_Wat,279.0510516
21,Sample_S19S_0025_Wat,279.0622836
63,Sample_S19S_0025_Wat,279.0874539
21,Sample_S19S_0025_Wat,279.0986672
60,Sample_S19S_0025_Wat,279.1238221
39,Sample_S19S_0025_Wat,279.160186
57,Sample_S19S_0025_Wat,280.0463018
64,Sample_S19S_0025_Wat,280.0826921
46,Sample_S19S_0025_Wat,280.1190492
93,Sample_S19S_0025_Wat,281.0303339
122,Sample_S19S_0025_Wat,281.0666829
26,Sample_S19S_0025_Wat,281.0779309
69,Sample_S19S_0025_Wat,281.1030502
70,Sample_S19S_0025_Wat,281.1394597
45,Sample_S19S_0025_Wat,282.0983548
66,Sample_S19S_0025_Wat,283.0095898
112,Sample_S19S_0025_Wat,283.0459554
78,Sample_S19S_0025_Wat,283.0823169
19,Sample_S19S_0025_Wat,283.0935869
107,Sample_S19S_0025_Wat,283.118715
34,Sample_S19S_0025_Wat,283.1551309
43,Sample_S19S_0025_Wat,284.0412345
56,Sample_S19S_0025_Wat,284.0776208
39,Sample_S19S_0025_Wat,284.1139788
71,Sample_S19S_0025_Wat,285.025228
49,Sample_S19S_0025_Wat,285.0404866
77,Sample_S19S_0025_Wat,285.0616357
51,Sample_S19S_0025_Wat,285.0768513
40,Sample_S19S_0025_Wat,285.0980306
8,Sample_S19S_0025_Wat,285.1262347
54,Sample_S19S_0025_Wat,285.1343948
35,Sample_S19S_0025_Wat,285.17075
39,Sample_S19S_0025_Wat,286.0568589
46,Sample_S19S_0025_Wat,286.0932539
58,Sample_S19S_0025_Wat,287.0197477
6,Sample_S19S_0025_Wat,287.0231311
67,Sample_S19S_0025_Wat,287.0408776
66,Sample_S19S_0025_Wat,287.0561351
7,Sample_S19S_0025_Wat,287.0673913
87,Sample_S19S_0025_Wat,287.0772537
68,Sample_S19S_0025_Wat,287.0925228
19,Sample_S19S_0025_Wat,287.0958808
83,Sample_S19S_0025_Wat,287.1136282
45,Sample_S19S_0025_Wat,287.1289021
51,Sample_S19S_0025_Wat,287.150015
41,Sample_S19S_0025_Wat,288.0513962
39,Sample_S19S_0025_Wat,288.0725046
2,Sample_S19S_0025_Wat,288.1453272
76,Sample_S19S_0025_Wat,289.0354029
70,Sample_S19S_0025_Wat,289.0565242
96,Sample_S19S_0025_Wat,289.0717704
20,Sample_S19S_0025_Wat,289.0751476
69,Sample_S19S_0025_Wat,289.0929075
67,Sample_S19S_0025_Wat,289.1081489
60,Sample_S19S_0025_Wat,289.1292776
50,Sample_S19S_0025_Wat,289.1445478
11,Sample_S19S_0025_Wat,290.0305978
21,Sample_S19S_0025_Wat,290.0669883
50,Sample_S19S_0025_Wat,290.1033932
65,Sample_S19S_0025_Wat,291.0146759
91,Sample_S19S_0025_Wat,291.0510416
22,Sample_S19S_0025_Wat,291.0622947
85,Sample_S19S_0025_Wat,291.0874132
18,Sample_S19S_0025_Wat,291.0986884
66,Sample_S19S_0025_Wat,291.1237966
39,Sample_S19S_0025_Wat,292.0462633
44,Sample_S19S_0025_Wat,292.1190716
90,Sample_S19S_0025_Wat,293.0303357
92,Sample_S19S_0025_Wat,293.0667099
24,Sample_S19S_0025_Wat,293.0779374
105,Sample_S19S_0025_Wat,293.1030793
19,Sample_S19S_0025_Wat,293.1143295
78,Sample_S19S_0025_Wat,293.1394564
11,Sample_S19S_0025_Wat,293.1757942
16,Sample_S19S_0025_Wat,294.0255165
45,Sample_S19S_0025_Wat,294.0619153
50,Sample_S19S_0025_Wat,294.098304
51,Sample_S19S_0025_Wat,295.0095496
89,Sample_S19S_0025_Wat,295.0459444
15,Sample_S19S_0025_Wat,295.0572284
121,Sample_S19S_0025_Wat,295.0823376
8,Sample_S19S_0025_Wat,295.093638
116,Sample_S19S_0025_Wat,295.1187213
53,Sample_S19S_0025_Wat,295.1550986
35,Sample_S19S_0025_Wat,296.0411763
50,Sample_S19S_0025_Wat,296.0775656
34,Sample_S19S_0025_Wat,296.1139469
80,Sample_S19S_0025_Wat,297.025237
94,Sample_S19S_0025_Wat,297.0616262
20,Sample_S19S_0025_Wat,297.0728378
71,Sample_S19S_0025_Wat,297.0980154
19,Sample_S19S_0025_Wat,297.109248
41,Sample_S19S_0025_Wat,297.1344063
2,Sample_S19S_0025_Wat,297.1529844
19,Sample_S19S_0025_Wat,297.1707937
59,Sample_S19S_0025_Wat,298.0568737
56,Sample_S19S_0025_Wat,298.0932671
37,Sample_S19S_0025_Wat,298.1296449
33,Sample_S19S_0025_Wat,299.0197546
72,Sample_S19S_0025_Wat,299.0408894
60,Sample_S19S_0025_Wat,299.05613
103,Sample_S19S_0025_Wat,299.0772616
48,Sample_S19S_0025_Wat,299.0924991
83,Sample_S19S_0025_Wat,299.1136455
62,Sample_S19S_0025_Wat,299.1500243
52,Sample_S19S_0025_Wat,300.0725
42,Sample_S19S_0025_Wat,300.1089049
54,Sample_S19S_0025_Wat,301.0201601
65,Sample_S19S_0025_Wat,301.0353903
67,Sample_S19S_0025_Wat,301.0565488
53,Sample_S19S_0025_Wat,301.071792
22,Sample_S19S_0025_Wat,301.0751454
63,Sample_S19S_0025_Wat,301.092932
36,Sample_S19S_0025_Wat,301.1081829
47,Sample_S19S_0025_Wat,301.129318
33,Sample_S19S_0025_Wat,301.1656955
27,Sample_S19S_0025_Wat,302.0306578
42,Sample_S19S_0025_Wat,302.0670162
29,Sample_S19S_0025_Wat,302.0881947
21,Sample_S19S_0025_Wat,302.1245742
54,Sample_S19S_0025_Wat,303.0146906
52,Sample_S19S_0025_Wat,303.0357821
73,Sample_S19S_0025_Wat,303.0510433
7,Sample_S19S_0025_Wat,303.0623453
76,Sample_S19S_0025_Wat,303.0721573
75,Sample_S19S_0025_Wat,303.0874395
23,Sample_S19S_0025_Wat,303.0907893
81,Sample_S19S_0025_Wat,303.1085414
61,Sample_S19S_0025_Wat,303.1238249
52,Sample_S19S_0025_Wat,303.1449308
31,Sample_S19S_0025_Wat,303.1602155
42,Sample_S19S_0025_Wat,304.0462877
25,Sample_S19S_0025_Wat,304.1038383
4,Sample_S19S_0025_Wat,304.1402446
84,Sample_S19S_0025_Wat,305.0303157
100,Sample_S19S_0025_Wat,305.0666877
21,Sample_S19S_0025_Wat,305.0700613
9,Sample_S19S_0025_Wat,305.0779953
40,Sample_S19S_0025_Wat,305.087829
90,Sample_S19S_0025_Wat,305.1030852
5,Sample_S19S_0025_Wat,305.1143903
62,Sample_S19S_0025_Wat,305.1394662
62,Sample_S19S_0025_Wat,306.0983427
47,Sample_S19S_0025_Wat,307.0095853
103,Sample_S19S_0025_Wat,307.0459779
12,Sample_S19S_0025_Wat,307.0572343
70,Sample_S19S_0025_Wat,307.0823737
22,Sample_S19S_0025_Wat,307.0936059
46,Sample_S19S_0025_Wat,307.1187572
36,Sample_S19S_0025_Wat,307.1551342
63,Sample_S19S_0025_Wat,308.0412303
68,Sample_S19S_0025_Wat,308.0775973
52,Sample_S19S_0025_Wat,308.1139545
85,Sample_S19S_0025_Wat,309.0252469
119,Sample_S19S_0025_Wat,309.0616036
23,Sample_S19S_0025_Wat,309.0728691
111,Sample_S19S_0025_Wat,309.0979773
10,Sample_S19S_0025_Wat,309.1092661
88,Sample_S19S_0025_Wat,309.1343649
36,Sample_S19S_0025_Wat,309.1707647
56,Sample_S19S_0025_Wat,310.0568411
56,Sample_S19S_0025_Wat,310.0932206
52,Sample_S19S_0025_Wat,310.1296176
92,Sample_S19S_0025_Wat,311.0408991
102,Sample_S19S_0025_Wat,311.0772659
28,Sample_S19S_0025_Wat,311.0885065
127,Sample_S19S_0025_Wat,311.1136352
69,Sample_S19S_0025_Wat,311.1500195
1,Sample_S19S_0025_Wat,311.1686157
38,Sample_S19S_0025_Wat,312.0361043
61,Sample_S19S_0025_Wat,312.0725103
60,Sample_S19S_0025_Wat,313.0201379
37,Sample_S19S_0025_Wat,313.0353909
79,Sample_S19S_0025_Wat,313.0565398
33,Sample_S19S_0025_Wat,313.071764
79,Sample_S19S_0025_Wat,313.0929245
26,Sample_S19S_0025_Wat,313.1041391
72,Sample_S19S_0025_Wat,313.1293014
60,Sample_S19S_0025_Wat,314.0881771
46,Sample_S19S_0025_Wat,314.1245573
49,Sample_S19S_0025_Wat,315.0146824
63,Sample_S19S_0025_Wat,315.035781
66,Sample_S19S_0025_Wat,315.0510397
27,Sample_S19S_0025_Wat,315.0544106
74,Sample_S19S_0025_Wat,315.0721791
31,Sample_S19S_0025_Wat,315.0873994
64,Sample_S19S_0025_Wat,315.1085755
61,Sample_S19S_0025_Wat,315.1238052
2,Sample_S19S_0025_Wat,315.1271409
47,Sample_S19S_0025_Wat,315.1449559
42,Sample_S19S_0025_Wat,316.0463145
52,Sample_S19S_0025_Wat,316.0826874
50,Sample_S19S_0025_Wat,316.1038062
62,Sample_S19S_0025_Wat,317.0303382
2,Sample_S19S_0025_Wat,317.0337185
67,Sample_S19S_0025_Wat,317.0514233
81,Sample_S19S_0025_Wat,317.0666936
18,Sample_S19S_0025_Wat,317.0700656
1,Sample_S19S_0025_Wat,317.0780371
87,Sample_S19S_0025_Wat,317.0878157
62,Sample_S19S_0025_Wat,317.1030588
45,Sample_S19S_0025_Wat,317.124227
64,Sample_S19S_0025_Wat,317.1394552
4,Sample_S19S_0025_Wat,317.1427951
24,Sample_S19S_0025_Wat,318.0255948
55,Sample_S19S_0025_Wat,318.0619419
16,Sample_S19S_0025_Wat,318.0831173
43,Sample_S19S_0025_Wat,318.0982984
16,Sample_S19S_0025_Wat,318.1194966
43,Sample_S19S_0025_Wat,319.009608
25,Sample_S19S_0025_Wat,319.0460069
40,Sample_S19S_0025_Wat,319.0670953
82,Sample_S19S_0025_Wat,319.0823624
25,Sample_S19S_0025_Wat,319.0857041
2,Sample_S19S_0025_Wat,319.0936659
35,Sample_S19S_0025_Wat,319.103481
89,Sample_S19S_0025_Wat,319.1187158
54,Sample_S19S_0025_Wat,319.1551015
47,Sample_S19S_0025_Wat,320.0412195
48,Sample_S19S_0025_Wat,320.0776287
20,Sample_S19S_0025_Wat,320.1140206
13,Sample_S19S_0025_Wat,320.1351354
73,Sample_S19S_0025_Wat,321.0252313
78,Sample_S19S_0025_Wat,321.0616406
11,Sample_S19S_0025_Wat,321.0728956
45,Sample_S19S_0025_Wat,321.0980285
6,Sample_S19S_0025_Wat,321.1093021
70,Sample_S19S_0025_Wat,321.1343949
38,Sample_S19S_0025_Wat,321.1707672
24,Sample_S19S_0025_Wat,322.0204668
65,Sample_S19S_0025_Wat,322.0568903
66,Sample_S19S_0025_Wat,322.0932669
80,Sample_S19S_0025_Wat,323.0408542
10,Sample_S19S_0025_Wat,323.0521494
113,Sample_S19S_0025_Wat,323.0772527
29,Sample_S19S_0025_Wat,323.0884973
59,Sample_S19S_0025_Wat,323.1136726
54,Sample_S19S_0025_Wat,323.1500462
27,Sample_S19S_0025_Wat,323.1864241
52,Sample_S19S_0025_Wat,324.0361498
70,Sample_S19S_0025_Wat,324.0725027
60,Sample_S19S_0025_Wat,324.108871
19,Sample_S19S_0025_Wat,325.0201894
93,Sample_S19S_0025_Wat,325.0565425
9,Sample_S19S_0025_Wat,325.0678176
113,Sample_S19S_0025_Wat,325.0928926
30,Sample_S19S_0025_Wat,325.1041654
78,Sample_S19S_0025_Wat,325.1292996
34,Sample_S19S_0025_Wat,325.1657004
1,Sample_S19S_0025_Wat,325.1842438
47,Sample_S19S_0025_Wat,326.0518083
64,Sample_S19S_0025_Wat,326.0881656
51,Sample_S19S_0025_Wat,326.1245662
71,Sample_S19S_0025_Wat,327.035782
47,Sample_S19S_0025_Wat,327.0510536
77,Sample_S19S_0025_Wat,327.0722018
28,Sample_S19S_0025_Wat,327.0834311
56,Sample_S19S_0025_Wat,327.0874372
4,Sample_S19S_0025_Wat,327.090737
77,Sample_S19S_0025_Wat,327.1085831
6,Sample_S19S_0025_Wat,327.1198419
67,Sample_S19S_0025_Wat,327.1449492
48,Sample_S19S_0025_Wat,328.067419
59,Sample_S19S_0025_Wat,328.1037984
51,Sample_S19S_0025_Wat,329.0303285
18,Sample_S19S_0025_Wat,329.0336784
49,Sample_S19S_0025_Wat,329.0514722
29,Sample_S19S_0025_Wat,329.0667319
27,Sample_S19S_0025_Wat,329.0700573
101,Sample_S19S_0025_Wat,329.0878075
57,Sample_S19S_0025_Wat,329.1030905
16,Sample_S19S_0025_Wat,329.1064332
64,Sample_S19S_0025_Wat,329.1242163
1,Sample_S19S_0025_Wat,329.152419
38,Sample_S19S_0025_Wat,330.0619755
24,Sample_S19S_0025_Wat,330.0831155
30,Sample_S19S_0025_Wat,331.0095615
51,Sample_S19S_0025_Wat,331.0307044
46,Sample_S19S_0025_Wat,331.0459941
58,Sample_S19S_0025_Wat,331.0670688
70,Sample_S19S_0025_Wat,331.0823608
25,Sample_S19S_0025_Wat,331.0857029
47,Sample_S19S_0025_Wat,331.1034998
79,Sample_S19S_0025_Wat,331.1187275
6,Sample_S19S_0025_Wat,331.122066
22,Sample_S19S_0025_Wat,331.1399002
15,Sample_S19S_0025_Wat,331.155166
43,Sample_S19S_0025_Wat,332.0412408
57,Sample_S19S_0025_Wat,332.0775831
36,Sample_S19S_0025_Wat,332.0987468
43,Sample_S19S_0025_Wat,332.1139958
25,Sample_S19S_0025_Wat,333.0252702
42,Sample_S19S_0025_Wat,333.0616512
3,Sample_S19S_0025_Wat,333.0650225
1,Sample_S19S_0025_Wat,333.0729806
40,Sample_S19S_0025_Wat,333.08277
87,Sample_S19S_0025_Wat,333.0980074
16,Sample_S19S_0025_Wat,333.1013488
10,Sample_S19S_0025_Wat,333.1191757
34,Sample_S19S_0025_Wat,333.1344131
15,Sample_S19S_0025_Wat,333.137741
23,Sample_S19S_0025_Wat,333.1707943
17,Sample_S19S_0025_Wat,334.0204647
59,Sample_S19S_0025_Wat,334.0568812
44,Sample_S19S_0025_Wat,334.0932769
42,Sample_S19S_0025_Wat,335.004499
54,Sample_S19S_0025_Wat,335.0409093
6,Sample_S19S_0025_Wat,335.0521847
93,Sample_S19S_0025_Wat,335.0772597
57,Sample_S19S_0025_Wat,335.1136067
62,Sample_S19S_0025_Wat,335.150042
31,Sample_S19S_0025_Wat,335.1864245
25,Sample_S19S_0025_Wat,336.0361684
31,Sample_S19S_0025_Wat,336.0725571
63,Sample_S19S_0025_Wat,336.1089144
2,Sample_S19S_0025_Wat,336.1453517
64,Sample_S19S_0025_Wat,337.0201415
62,Sample_S19S_0025_Wat,337.0564852
22,Sample_S19S_0025_Wat,337.0677837
13,Sample_S19S_0025_Wat,337.0695448
107,Sample_S19S_0025_Wat,337.0929176
11,Sample_S19S_0025_Wat,337.1041904
104,Sample_S19S_0025_Wat,337.1292866
53,Sample_S19S_0025_Wat,337.1656867
12,Sample_S19S_0025_Wat,338.0518396
72,Sample_S19S_0025_Wat,338.0881798
45,Sample_S19S_0025_Wat,338.1245766
70,Sample_S19S_0025_Wat,339.0357996
116,Sample_S19S_0025_Wat,339.0721726
10,Sample_S19S_0025_Wat,339.0834699
115,Sample_S19S_0025_Wat,339.1085453
25,Sample_S19S_0025_Wat,339.1198231
37,Sample_S19S_0025_Wat,339.1449816
36,Sample_S19S_0025_Wat,339.1813533
17,Sample_S19S_0025_Wat,340.0674792
62,Sample_S19S_0025_Wat,340.1038147
50,Sample_S19S_0025_Wat,340.1401964
49,Sample_S19S_0025_Wat,341.0150623
72,Sample_S19S_0025_Wat,341.0514621
7,Sample_S19S_0025_Wat,341.0700215
113,Sample_S19S_0025_Wat,341.0878109
21,Sample_S19S_0025_Wat,341.0990914
20,Sample_S19S_0025_Wat,341.1031062
38,Sample_S19S_0025_Wat,341.12425
46,Sample_S19S_0025_Wat,341.1606173
36,Sample_S19S_0025_Wat,342.0467143
56,Sample_S19S_0025_Wat,342.0830768
43,Sample_S19S_0025_Wat,342.1194926
5,Sample_S19S_0025_Wat,343.0129774
55,Sample_S19S_0025_Wat,343.0307124
49,Sample_S19S_0025_Wat,343.0459579
6,Sample_S19S_0025_Wat,343.0492868
52,Sample_S19S_0025_Wat,343.067113
19,Sample_S19S_0025_Wat,343.0823925
27,Sample_S19S_0025_Wat,343.0857039
99,Sample_S19S_0025_Wat,343.1034685
25,Sample_S19S_0025_Wat,343.1147254
43,Sample_S19S_0025_Wat,343.1187422
16,Sample_S19S_0025_Wat,343.1399075
35,Sample_S19S_0025_Wat,343.1762631
23,Sample_S19S_0025_Wat,344.0412523
49,Sample_S19S_0025_Wat,344.0775907
35,Sample_S19S_0025_Wat,344.0987606
49,Sample_S19S_0025_Wat,344.1139904
52,Sample_S19S_0025_Wat,345.0252491
47,Sample_S19S_0025_Wat,345.0463327
69,Sample_S19S_0025_Wat,345.0616254
19,Sample_S19S_0025_Wat,345.0649742
53,Sample_S19S_0025_Wat,345.0827674
68,Sample_S19S_0025_Wat,345.0980089
7,Sample_S19S_0025_Wat,345.1013399
52,Sample_S19S_0025_Wat,345.1191373
21,Sample_S19S_0025_Wat,345.1344288
29,Sample_S19S_0025_Wat,345.1555412
43,Sample_S19S_0025_Wat,345.170772
33,Sample_S19S_0025_Wat,346.0569005
27,Sample_S19S_0025_Wat,346.07802
55,Sample_S19S_0025_Wat,346.0932318
15,Sample_S19S_0025_Wat,346.1507606
69,Sample_S19S_0025_Wat,347.0408756
34,Sample_S19S_0025_Wat,347.0620279
97,Sample_S19S_0025_Wat,347.0772564
7,Sample_S19S_0025_Wat,347.0805924
20,Sample_S19S_0025_Wat,347.0903002
61,Sample_S19S_0025_Wat,347.0983726
39,Sample_S19S_0025_Wat,347.1136821
23,Sample_S19S_0025_Wat,347.1170036
23,Sample_S19S_0025_Wat,347.1348045
71,Sample_S19S_0025_Wat,347.1500262
10,Sample_S19S_0025_Wat,347.1864695
38,Sample_S19S_0025_Wat,348.0361356
28,Sample_S19S_0025_Wat,348.0725611
66,Sample_S19S_0025_Wat,348.1089104
6,Sample_S19S_0025_Wat,348.1300774
51,Sample_S19S_0025_Wat,348.1452906
58,Sample_S19S_0025_Wat,349.0201636
1,Sample_S19S_0025_Wat,349.0678584
83,Sample_S19S_0025_Wat,349.0929209
6,Sample_S19S_0025_Wat,349.1042255
19,Sample_S19S_0025_Wat,349.1059291
87,Sample_S19S_0025_Wat,349.129303
3,Sample_S19S_0025_Wat,349.1325881
60,Sample_S19S_0025_Wat,349.1656793
13,Sample_S19S_0025_Wat,349.2021049
16,Sample_S19S_0025_Wat,350.0518357
76,Sample_S19S_0025_Wat,350.0881844
21,Sample_S19S_0025_Wat,350.1245924
70,Sample_S19S_0025_Wat,351.0357871
9,Sample_S19S_0025_Wat,351.0488144
84,Sample_S19S_0025_Wat,351.0721501
50,Sample_S19S_0025_Wat,351.1085115
12,Sample_S19S_0025_Wat,351.1198443
20,Sample_S19S_0025_Wat,351.121581
45,Sample_S19S_0025_Wat,351.1449775
40,Sample_S19S_0025_Wat,351.1813076
31,Sample_S19S_0025_Wat,352.0310225
27,Sample_S19S_0025_Wat,352.0674721
61,Sample_S19S_0025_Wat,352.1038206
28,Sample_S19S_0025_Wat,352.140233
57,Sample_S19S_0025_Wat,353.0150696
51,Sample_S19S_0025_Wat,353.0514753
114,Sample_S19S_0025_Wat,353.0878166
17,Sample_S19S_0025_Wat,353.0990962
79,Sample_S19S_0025_Wat,353.124233
47,Sample_S19S_0025_Wat,353.1605629
28,Sample_S19S_0025_Wat,353.1970034
45,Sample_S19S_0025_Wat,354.0467104
71,Sample_S19S_0025_Wat,354.0830704
54,Sample_S19S_0025_Wat,354.1194893
44,Sample_S19S_0025_Wat,354.1558443
54,Sample_S19S_0025_Wat,355.0306981
33,Sample_S19S_0025_Wat,355.0459559
5,Sample_S19S_0025_Wat,355.0492579
71,Sample_S19S_0025_Wat,355.0671162
4,Sample_S19S_0025_Wat,355.0784081
103,Sample_S19S_0025_Wat,355.1034699
41,Sample_S19S_0025_Wat,355.1187368
24,Sample_S19S_0025_Wat,355.1399086
40,Sample_S19S_0025_Wat,355.1762476
60,Sample_S19S_0025_Wat,356.0623586
27,Sample_S19S_0025_Wat,356.0987693
47,Sample_S19S_0025_Wat,356.1350838
28,Sample_S19S_0025_Wat,357.0251986
54,Sample_S19S_0025_Wat,357.046323
51,Sample_S19S_0025_Wat,357.061636
4,Sample_S19S_0025_Wat,357.0649448
88,Sample_S19S_0025_Wat,357.0827228
50,Sample_S19S_0025_Wat,357.0979761
5,Sample_S19S_0025_Wat,357.1012479
23,Sample_S19S_0025_Wat,357.1110353
93,Sample_S19S_0025_Wat,357.1191097
61,Sample_S19S_0025_Wat,357.1554992
49,Sample_S19S_0025_Wat,358.0568909
49,Sample_S19S_0025_Wat,358.077999
47,Sample_S19S_0025_Wat,358.0932734
15,Sample_S19S_0025_Wat,359.0409252
60,Sample_S19S_0025_Wat,359.0619959
59,Sample_S19S_0025_Wat,359.077285
27,Sample_S19S_0025_Wat,359.0806207
35,Sample_S19S_0025_Wat,359.0984239
3,Sample_S19S_0025_Wat,359.1169502
50,Sample_S19S_0025_Wat,359.1347452
63,Sample_S19S_0025_Wat,359.1500213
34,Sample_S19S_0025_Wat,359.1711775
44,Sample_S19S_0025_Wat,360.0361542
28,Sample_S19S_0025_Wat,360.093678
48,Sample_S19S_0025_Wat,360.108919
2,Sample_S19S_0025_Wat,360.1299489
43,Sample_S19S_0025_Wat,361.0201475
54,Sample_S19S_0025_Wat,361.056505
13,Sample_S19S_0025_Wat,361.069538
36,Sample_S19S_0025_Wat,361.077621
76,Sample_S19S_0025_Wat,361.0929312
26,Sample_S19S_0025_Wat,361.0962708
44,Sample_S19S_0025_Wat,361.1140532
99,Sample_S19S_0025_Wat,361.1292859
27,Sample_S19S_0025_Wat,361.1423317
47,Sample_S19S_0025_Wat,361.1504109
40,Sample_S19S_0025_Wat,361.1657046
74,Sample_S19S_0025_Wat,362.0881611
14,Sample_S19S_0025_Wat,362.1093336
8,Sample_S19S_0025_Wat,362.1246138
38,Sample_S19S_0025_Wat,362.1609376
68,Sample_S19S_0025_Wat,363.0357881
49,Sample_S19S_0025_Wat,363.0722122
4,Sample_S19S_0025_Wat,363.0755589
1,Sample_S19S_0025_Wat,363.0835367
92,Sample_S19S_0025_Wat,363.108539
1,Sample_S19S_0025_Wat,363.1118361
17,Sample_S19S_0025_Wat,363.1215932
36,Sample_S19S_0025_Wat,363.1449786
25,Sample_S19S_0025_Wat,363.1812892
41,Sample_S19S_0025_Wat,364.0310639
58,Sample_S19S_0025_Wat,364.0674047
66,Sample_S19S_0025_Wat,364.1038292
62,Sample_S19S_0025_Wat,364.1401707
51,Sample_S19S_0025_Wat,365.015069
24,Sample_S19S_0025_Wat,365.0513776
97,Sample_S19S_0025_Wat,365.0878382
7,Sample_S19S_0025_Wat,365.0991282
46,Sample_S19S_0025_Wat,365.1241727
13,Sample_S19S_0025_Wat,365.137244
23,Sample_S19S_0025_Wat,365.1606438
30,Sample_S19S_0025_Wat,365.1969623
72,Sample_S19S_0025_Wat,366.0830912
67,Sample_S19S_0025_Wat,366.1194629
8,Sample_S19S_0025_Wat,366.1558943
58,Sample_S19S_0025_Wat,367.0306865
90,Sample_S19S_0025_Wat,367.0671094
116,Sample_S19S_0025_Wat,367.1034613
15,Sample_S19S_0025_Wat,367.1147643
13,Sample_S19S_0025_Wat,367.1399195
46,Sample_S19S_0025_Wat,367.1762158
85,Sample_S19S_0025_Wat,368.0987097
53,Sample_S19S_0025_Wat,368.1351331
14,Sample_S19S_0025_Wat,369.0252119
48,Sample_S19S_0025_Wat,369.0463181
47,Sample_S19S_0025_Wat,369.061629
85,Sample_S19S_0025_Wat,369.0827443
22,Sample_S19S_0025_Wat,369.111039
26,Sample_S19S_0025_Wat,369.1190631
62,Sample_S19S_0025_Wat,369.1555194
12,Sample_S19S_0025_Wat,369.1837969
13,Sample_S19S_0025_Wat,369.1918398
57,Sample_S19S_0025_Wat,370.0779692
20,Sample_S19S_0025_Wat,371.0255725
37,Sample_S19S_0025_Wat,371.0408802
70,Sample_S19S_0025_Wat,371.0620102
6,Sample_S19S_0025_Wat,371.0805043
19,Sample_S19S_0025_Wat,371.0902981
44,Sample_S19S_0025_Wat,371.0983408
45,Sample_S19S_0025_Wat,371.1136558
58,Sample_S19S_0025_Wat,371.1347918
51,Sample_S19S_0025_Wat,371.1500297
45,Sample_S19S_0025_Wat,371.171134
31,Sample_S19S_0025_Wat,372.0361265
48,Sample_S19S_0025_Wat,372.0725108
51,Sample_S19S_0025_Wat,372.1300076
42,Sample_S19S_0025_Wat,373.0412407
63,Sample_S19S_0025_Wat,373.0565482
7,Sample_S19S_0025_Wat,373.0599109
35,Sample_S19S_0025_Wat,373.0776886
45,Sample_S19S_0025_Wat,373.09294
6,Sample_S19S_0025_Wat,373.0962346
27,Sample_S19S_0025_Wat,373.1059583
58,Sample_S19S_0025_Wat,373.1140108
16,Sample_S19S_0025_Wat,373.1504711
15,Sample_S19S_0025_Wat,373.1657318
4,Sample_S19S_0025_Wat,374.0729636
13,Sample_S19S_0025_Wat,374.1245961
40,Sample_S19S_0025_Wat,374.1456527
21,Sample_S19S_0025_Wat,375.0358416
17,Sample_S19S_0025_Wat,375.0569615
70,Sample_S19S_0025_Wat,375.0721973
22,Sample_S19S_0025_Wat,375.0755416
21,Sample_S19S_0025_Wat,375.0852221
43,Sample_S19S_0025_Wat,375.0932745
7,Sample_S19S_0025_Wat,375.1118457
32,Sample_S19S_0025_Wat,375.1297066
84,Sample_S19S_0025_Wat,375.1449442
25,Sample_S19S_0025_Wat,375.1579842
29,Sample_S19S_0025_Wat,375.1812892
22,Sample_S19S_0025_Wat,376.031082
56,Sample_S19S_0025_Wat,376.0674564
31,Sample_S19S_0025_Wat,377.0150486
75,Sample_S19S_0025_Wat,377.0514538
63,Sample_S19S_0025_Wat,377.0877952
7,Sample_S19S_0025_Wat,377.0911145
14,Sample_S19S_0025_Wat,377.100823
99,Sample_S19S_0025_Wat,377.1241915
22,Sample_S19S_0025_Wat,377.1372608
56,Sample_S19S_0025_Wat,377.1606102
15,Sample_S19S_0025_Wat,377.1735945
19,Sample_S19S_0025_Wat,377.1969233
20,Sample_S19S_0025_Wat,378.0466478
57,Sample_S19S_0025_Wat,378.0831073
75,Sample_S19S_0025_Wat,378.1194361
54,Sample_S19S_0025_Wat,378.1558494
60,Sample_S19S_0025_Wat,379.0307221
25,Sample_S19S_0025_Wat,379.0670295
115,Sample_S19S_0025_Wat,379.1034645
98,Sample_S19S_0025_Wat,379.1398402
18,Sample_S19S_0025_Wat,379.1528588
58,Sample_S19S_0025_Wat,379.1762343
73,Sample_S19S_0025_Wat,380.0987084
78,Sample_S19S_0025_Wat,380.1350974
19,Sample_S19S_0025_Wat,380.1715321
67,Sample_S19S_0025_Wat,381.0463502
34,Sample_S19S_0025_Wat,381.0826619
29,Sample_S19S_0025_Wat,381.0939738
103,Sample_S19S_0025_Wat,381.1191186
85,Sample_S19S_0025_Wat,381.1555031
33,Sample_S19S_0025_Wat,381.1918695
31,Sample_S19S_0025_Wat,382.0415806
62,Sample_S19S_0025_Wat,382.0779661
73,Sample_S19S_0025_Wat,382.1143936
14,Sample_S19S_0025_Wat,382.1507159
27,Sample_S19S_0025_Wat,383.0255766
7,Sample_S19S_0025_Wat,383.040804
40,Sample_S19S_0025_Wat,383.0619616
4,Sample_S19S_0025_Wat,383.0804294
102,Sample_S19S_0025_Wat,383.0983806
28,Sample_S19S_0025_Wat,383.1266887
30,Sample_S19S_0025_Wat,383.1347075
36,Sample_S19S_0025_Wat,383.1711132
33,Sample_S19S_0025_Wat,383.2075249
37,Sample_S19S_0025_Wat,384.0572385
55,Sample_S19S_0025_Wat,384.0936599
15,Sample_S19S_0025_Wat,385.0201172
23,Sample_S19S_0025_Wat,385.0412026
36,Sample_S19S_0025_Wat,385.0564963
80,Sample_S19S_0025_Wat,385.0776412
2,Sample_S19S_0025_Wat,385.0806355
57,Sample_S19S_0025_Wat,385.0929264
34,Sample_S19S_0025_Wat,385.1139909
33,Sample_S19S_0025_Wat,385.1292595
22,Sample_S19S_0025_Wat,385.1423072
36,Sample_S19S_0025_Wat,385.1503825
43,Sample_S19S_0025_Wat,385.1656784
32,Sample_S19S_0025_Wat,385.1868285
39,Sample_S19S_0025_Wat,386.0728862
58,Sample_S19S_0025_Wat,386.0881802
50,Sample_S19S_0025_Wat,386.1093009
47,Sample_S19S_0025_Wat,387.0358113
25,Sample_S19S_0025_Wat,387.0568488
14,Sample_S19S_0025_Wat,387.0721252
5,Sample_S19S_0025_Wat,387.075423
14,Sample_S19S_0025_Wat,387.0851909
28,Sample_S19S_0025_Wat,387.0932457
2,Sample_S19S_0025_Wat,387.0962706
81,Sample_S19S_0025_Wat,387.1085636
2,Sample_S19S_0025_Wat,387.1118261
84,Sample_S19S_0025_Wat,387.1296791
17,Sample_S19S_0025_Wat,387.1579654
10,Sample_S19S_0025_Wat,387.1659841
27,Sample_S19S_0025_Wat,387.1812925
10,Sample_S19S_0025_Wat,387.19436
7,Sample_S19S_0025_Wat,388.0309868
65,Sample_S19S_0025_Wat,388.0674506
6,Sample_S19S_0025_Wat,388.080429
46,Sample_S19S_0025_Wat,388.1037783
1,Sample_S19S_0025_Wat,388.1167563
44,Sample_S19S_0025_Wat,388.1249219
24,Sample_S19S_0025_Wat,389.0150297
42,Sample_S19S_0025_Wat,389.051417
5,Sample_S19S_0025_Wat,389.054731
11,Sample_S19S_0025_Wat,389.0644457
20,Sample_S19S_0025_Wat,389.0724972
78,Sample_S19S_0025_Wat,389.0878118
8,Sample_S19S_0025_Wat,389.0911204
24,Sample_S19S_0025_Wat,389.1008827
35,Sample_S19S_0025_Wat,389.108981
95,Sample_S19S_0025_Wat,389.1242045
5,Sample_S19S_0025_Wat,389.1274498
17,Sample_S19S_0025_Wat,389.1372295
13,Sample_S19S_0025_Wat,389.1452618
27,Sample_S19S_0025_Wat,389.1605387
17,Sample_S19S_0025_Wat,389.1736085
38,Sample_S19S_0025_Wat,389.1969883
35,Sample_S19S_0025_Wat,390.0466839
79,Sample_S19S_0025_Wat,390.083092
22,Sample_S19S_0025_Wat,391.0307447
45,Sample_S19S_0025_Wat,391.0670531
6,Sample_S19S_0025_Wat,391.070384
49,Sample_S19S_0025_Wat,391.1034381
46,Sample_S19S_0025_Wat,391.1398852
11,Sample_S19S_0025_Wat,391.1528412
36,Sample_S19S_0025_Wat,391.1762035
27,Sample_S19S_0025_Wat,391.212612
16,Sample_S19S_0025_Wat,392.0259958
49,Sample_S19S_0025_Wat,392.06231
73,Sample_S19S_0025_Wat,392.098752
20,Sample_S19S_0025_Wat,392.1198706
67,Sample_S19S_0025_Wat,392.1351125
41,Sample_S19S_0025_Wat,393.0463154
81,Sample_S19S_0025_Wat,393.0827628
91,Sample_S19S_0025_Wat,393.1191285
17,Sample_S19S_0025_Wat,393.1321265
45,Sample_S19S_0025_Wat,393.1554711
15,Sample_S19S_0025_Wat,393.1685262
22,Sample_S19S_0025_Wat,393.1919402
34,Sample_S19S_0025_Wat,394.0415806
42,Sample_S19S_0025_Wat,394.078026
47,Sample_S19S_0025_Wat,394.1144108
27,Sample_S19S_0025_Wat,395.0255818
59,Sample_S19S_0025_Wat,395.0619708
52,Sample_S19S_0025_Wat,395.0984243
120,Sample_S19S_0025_Wat,395.1347697
47,Sample_S19S_0025_Wat,395.171191
14,Sample_S19S_0025_Wat,395.2075813
64,Sample_S19S_0025_Wat,396.0936653
34,Sample_S19S_0025_Wat,396.13006
54,Sample_S19S_0025_Wat,396.1664019
45,Sample_S19S_0025_Wat,397.0412485
27,Sample_S19S_0025_Wat,397.0775828
21,Sample_S19S_0025_Wat,397.1059758
70,Sample_S19S_0025_Wat,397.1140135
86,Sample_S19S_0025_Wat,397.1504225
24,Sample_S19S_0025_Wat,397.1867602
54,Sample_S19S_0025_Wat,398.0729329
5,Sample_S19S_0025_Wat,398.1011943
63,Sample_S19S_0025_Wat,398.1456531
37,Sample_S19S_0025_Wat,398.182038
16,Sample_S19S_0025_Wat,399.0568344
32,Sample_S19S_0025_Wat,399.0721389
4,Sample_S19S_0025_Wat,399.0753668
23,Sample_S19S_0025_Wat,399.085227
65,Sample_S19S_0025_Wat,399.0932727
17,Sample_S19S_0025_Wat,399.1086044
6,Sample_S19S_0025_Wat,399.1117451
62,Sample_S19S_0025_Wat,399.1296635
40,Sample_S19S_0025_Wat,399.1449193
12,Sample_S19S_0025_Wat,399.1579458
2,Sample_S19S_0025_Wat,399.1659287
12,Sample_S19S_0025_Wat,399.1943775
30,Sample_S19S_0025_Wat,399.2024375
36,Sample_S19S_0025_Wat,400.1249077
24,Sample_S19S_0025_Wat,401.0150794
49,Sample_S19S_0025_Wat,401.0514549
6,Sample_S19S_0025_Wat,401.0547584
14,Sample_S19S_0025_Wat,401.0644945
20,Sample_S19S_0025_Wat,401.0725084
63,Sample_S19S_0025_Wat,401.0878209
5,Sample_S19S_0025_Wat,401.0910681
56,Sample_S19S_0025_Wat,401.1089631
67,Sample_S19S_0025_Wat,401.1453284
61,Sample_S19S_0025_Wat,401.1605804
15,Sample_S19S_0025_Wat,401.1736033
17,Sample_S19S_0025_Wat,401.1969344
29,Sample_S19S_0025_Wat,402.0466811
12,Sample_S19S_0025_Wat,402.0831391
8,Sample_S19S_0025_Wat,402.0961225
2,Sample_S19S_0025_Wat,402.1042761
9,Sample_S19S_0025_Wat,402.1195259
27,Sample_S19S_0025_Wat,402.1405573
7,Sample_S19S_0025_Wat,403.0305846
18,Sample_S19S_0025_Wat,403.0517845
68,Sample_S19S_0025_Wat,403.0671122
55,Sample_S19S_0025_Wat,403.0881974
66,Sample_S19S_0025_Wat,403.1034476
3,Sample_S19S_0025_Wat,403.1066431
22,Sample_S19S_0025_Wat,403.1164656
16,Sample_S19S_0025_Wat,403.1245163
86,Sample_S19S_0025_Wat,403.1398463
22,Sample_S19S_0025_Wat,403.1529106
22,Sample_S19S_0025_Wat,403.1609357
30,Sample_S19S_0025_Wat,403.1762826
73,Sample_S19S_0025_Wat,404.0623618
26,Sample_S19S_0025_Wat,404.0834492
75,Sample_S19S_0025_Wat,404.1351085
43,Sample_S19S_0025_Wat,404.1715089
8,Sample_S19S_0025_Wat,405.0098791
57,Sample_S19S_0025_Wat,405.0463718
47,Sample_S19S_0025_Wat,405.0827082
5,Sample_S19S_0025_Wat,405.0859264
3,Sample_S19S_0025_Wat,405.103722
29,Sample_S19S_0025_Wat,405.1190623
1,Sample_S19S_0025_Wat,405.1221627
23,Sample_S19S_0025_Wat,405.1321292
48,Sample_S19S_0025_Wat,405.1555362
21,Sample_S19S_0025_Wat,405.1685606
36,Sample_S19S_0025_Wat,405.1918632
22,Sample_S19S_0025_Wat,406.041642
5,Sample_S19S_0025_Wat,406.0990792
78,Sample_S19S_0025_Wat,406.1143545
18,Sample_S19S_0025_Wat,407.0255705
54,Sample_S19S_0025_Wat,407.0620299
97,Sample_S19S_0025_Wat,407.0983755
79,Sample_S19S_0025_Wat,407.1347505
18,Sample_S19S_0025_Wat,407.1477958
10,Sample_S19S_0025_Wat,407.1712237
17,Sample_S19S_0025_Wat,407.2075913
72,Sample_S19S_0025_Wat,408.0936661
86,Sample_S19S_0025_Wat,408.1300077
26,Sample_S19S_0025_Wat,409.0412228
25,Sample_S19S_0025_Wat,409.07757
91,Sample_S19S_0025_Wat,409.1140221
92,Sample_S19S_0025_Wat,409.1504235
13,Sample_S19S_0025_Wat,409.1867344
22,Sample_S19S_0025_Wat,410.0365413
60,Sample_S19S_0025_Wat,410.0729191
16,Sample_S19S_0025_Wat,410.1092388
63,Sample_S19S_0025_Wat,410.1456867
28,Sample_S19S_0025_Wat,411.0205049
20,Sample_S19S_0025_Wat,411.0568579
73,Sample_S19S_0025_Wat,411.0933142
86,Sample_S19S_0025_Wat,411.1296933
28,Sample_S19S_0025_Wat,411.1579879
47,Sample_S19S_0025_Wat,411.1660419
21,Sample_S19S_0025_Wat,412.0521769
22,Sample_S19S_0025_Wat,412.0673926
40,Sample_S19S_0025_Wat,412.0885256
1,Sample_S19S_0025_Wat,412.116775
60,Sample_S19S_0025_Wat,412.1249118
27,Sample_S19S_0025_Wat,413.0361429
10,Sample_S19S_0025_Wat,413.06446
7,Sample_S19S_0025_Wat,413.072442
25,Sample_S19S_0025_Wat,413.1008794
79,Sample_S19S_0025_Wat,413.1089345
57,Sample_S19S_0025_Wat,413.12421
1,Sample_S19S_0025_Wat,413.127421
18,Sample_S19S_0025_Wat,413.1372735
20,Sample_S19S_0025_Wat,413.1452768
5,Sample_S19S_0025_Wat,413.1605228
15,Sample_S19S_0025_Wat,413.1736056
10,Sample_S19S_0025_Wat,413.1816156
10,Sample_S19S_0025_Wat,413.2100122
17,Sample_S19S_0025_Wat,414.0831299
6,Sample_S19S_0025_Wat,414.0961038
8,Sample_S19S_0025_Wat,414.1194124
19,Sample_S19S_0025_Wat,415.0306688
22,Sample_S19S_0025_Wat,415.0518724
5,Sample_S19S_0025_Wat,415.0671726
12,Sample_S19S_0025_Wat,415.080159
57,Sample_S19S_0025_Wat,415.0881916
61,Sample_S19S_0025_Wat,415.1034568
3,Sample_S19S_0025_Wat,415.1066895
16,Sample_S19S_0025_Wat,415.1164835
30,Sample_S19S_0025_Wat,415.1245406
2,Sample_S19S_0025_Wat,415.1430564
18,Sample_S19S_0025_Wat,415.1529316
53,Sample_S19S_0025_Wat,415.1609859
7,Sample_S19S_0025_Wat,415.1763155
14,Sample_S19S_0025_Wat,416.0259342
34,Sample_S19S_0025_Wat,416.0623295
4,Sample_S19S_0025_Wat,416.0986591
34,Sample_S19S_0025_Wat,417.0463346
17,Sample_S19S_0025_Wat,417.0674105
23,Sample_S19S_0025_Wat,417.0826722
2,Sample_S19S_0025_Wat,417.085967
13,Sample_S19S_0025_Wat,417.0957124
20,Sample_S19S_0025_Wat,417.1037889
83,Sample_S19S_0025_Wat,417.1191101
5,Sample_S19S_0025_Wat,417.1223013
31,Sample_S19S_0025_Wat,417.1321667
36,Sample_S19S_0025_Wat,417.1402188
70,Sample_S19S_0025_Wat,417.1555165
1,Sample_S19S_0025_Wat,417.1586377
29,Sample_S19S_0025_Wat,417.1685514
12,Sample_S19S_0025_Wat,417.1765666
3,Sample_S19S_0025_Wat,417.2048604
9,Sample_S19S_0025_Wat,418.0416648
54,Sample_S19S_0025_Wat,418.0779721
16,Sample_S19S_0025_Wat,418.1144292
1,Sample_S19S_0025_Wat,418.1508546
26,Sample_S19S_0025_Wat,419.0256123
38,Sample_S19S_0025_Wat,419.0619721
12,Sample_S19S_0025_Wat,419.0982983
2,Sample_S19S_0025_Wat,419.1015327
6,Sample_S19S_0025_Wat,419.1113471
90,Sample_S19S_0025_Wat,419.1347745
19,Sample_S19S_0025_Wat,419.1478319
43,Sample_S19S_0025_Wat,419.1711927
20,Sample_S19S_0025_Wat,419.1842051
40,Sample_S19S_0025_Wat,419.207525
49,Sample_S19S_0025_Wat,420.0572817
42,Sample_S19S_0025_Wat,421.0412704
21,Sample_S19S_0025_Wat,421.0777047
99,Sample_S19S_0025_Wat,421.1140346
13,Sample_S19S_0025_Wat,421.1270174
84,Sample_S19S_0025_Wat,421.1504292
1,Sample_S19S_0025_Wat,421.1552081
18,Sample_S19S_0025_Wat,421.1634511
20,Sample_S19S_0025_Wat,421.1868654
3,Sample_S19S_0025_Wat,422.0364426
58,Sample_S19S_0025_Wat,422.0728802
33,Sample_S19S_0025_Wat,422.1093338
13,Sample_S19S_0025_Wat,423.0205894
52,Sample_S19S_0025_Wat,423.0569089
27,Sample_S19S_0025_Wat,423.093231
7,Sample_S19S_0025_Wat,423.1046157
106,Sample_S19S_0025_Wat,423.1296813
30,Sample_S19S_0025_Wat,423.1661225
40,Sample_S19S_0025_Wat,423.2024382
12,Sample_S19S_0025_Wat,424.0522173
1,Sample_S19S_0025_Wat,424.0886497
40,Sample_S19S_0025_Wat,424.1249783
40,Sample_S19S_0025_Wat,425.0361852
15,Sample_S19S_0025_Wat,425.0724714
16,Sample_S19S_0025_Wat,425.1008972
53,Sample_S19S_0025_Wat,425.1089252
19,Sample_S19S_0025_Wat,425.1453873
45,Sample_S19S_0025_Wat,425.1816982
61,Sample_S19S_0025_Wat,426.1405881
56,Sample_S19S_0025_Wat,426.1769689
19,Sample_S19S_0025_Wat,427.0518808
11,Sample_S19S_0025_Wat,427.0801714
42,Sample_S19S_0025_Wat,427.088175
35,Sample_S19S_0025_Wat,427.1035014
19,Sample_S19S_0025_Wat,427.1165345
77,Sample_S19S_0025_Wat,427.1245871
5,Sample_S19S_0025_Wat,427.1399769
4,Sample_S19S_0025_Wat,427.1610597
3,Sample_S19S_0025_Wat,427.1763557
30,Sample_S19S_0025_Wat,427.1973395
52,Sample_S19S_0025_Wat,428.0987544
10,Sample_S19S_0025_Wat,428.1117671
31,Sample_S19S_0025_Wat,428.1562791
23,Sample_S19S_0025_Wat,429.0310878
23,Sample_S19S_0025_Wat,429.0463286
44,Sample_S19S_0025_Wat,429.067488
7,Sample_S19S_0025_Wat,429.1039457
3,Sample_S19S_0025_Wat,429.1192381
8,Sample_S19S_0025_Wat,429.1224523
63,Sample_S19S_0025_Wat,429.1402424
23,Sample_S19S_0025_Wat,429.1555582
1,Sample_S19S_0025_Wat,429.1587517
26,Sample_S19S_0025_Wat,429.1685491
21,Sample_S19S_0025_Wat,429.1765924
32,Sample_S19S_0025_Wat,430.0991542
72,Sample_S19S_0025_Wat,430.1143962
48,Sample_S19S_0025_Wat,430.1354817
12,Sample_S19S_0025_Wat,431.0256563
50,Sample_S19S_0025_Wat,431.0620177
3,Sample_S19S_0025_Wat,431.0653523
41,Sample_S19S_0025_Wat,431.083125
69,Sample_S19S_0025_Wat,431.098388
4,Sample_S19S_0025_Wat,431.1016424
18,Sample_S19S_0025_Wat,431.1113826
27,Sample_S19S_0025_Wat,431.1194411
31,Sample_S19S_0025_Wat,431.1347291
1,Sample_S19S_0025_Wat,431.1378968
21,Sample_S19S_0025_Wat,431.1477957
18,Sample_S19S_0025_Wat,431.1558407
32,Sample_S19S_0025_Wat,431.1711879
13,Sample_S19S_0025_Wat,431.2076023
82,Sample_S19S_0025_Wat,432.093661
1,Sample_S19S_0025_Wat,432.1665051
36,Sample_S19S_0025_Wat,433.0412948
4,Sample_S19S_0025_Wat,433.0543356
68,Sample_S19S_0025_Wat,433.077665
3,Sample_S19S_0025_Wat,433.0809249
12,Sample_S19S_0025_Wat,433.0906617
11,Sample_S19S_0025_Wat,433.0986887
24,Sample_S19S_0025_Wat,433.1139658
5,Sample_S19S_0025_Wat,433.1269982
27,Sample_S19S_0025_Wat,433.1503758
21,Sample_S19S_0025_Wat,433.1634586
38,Sample_S19S_0025_Wat,433.1868494
27,Sample_S19S_0025_Wat,433.223189
7,Sample_S19S_0025_Wat,434.072975
18,Sample_S19S_0025_Wat,434.1093421
10,Sample_S19S_0025_Wat,435.0204588
43,Sample_S19S_0025_Wat,435.0569041
72,Sample_S19S_0025_Wat,435.093324
12,Sample_S19S_0025_Wat,435.1062764
29,Sample_S19S_0025_Wat,435.1296329
4,Sample_S19S_0025_Wat,435.1426364
23,Sample_S19S_0025_Wat,435.1659973
12,Sample_S19S_0025_Wat,435.1790631
48,Sample_S19S_0025_Wat,435.2024665
22,Sample_S19S_0025_Wat,436.0521427
22,Sample_S19S_0025_Wat,436.0886111
6,Sample_S19S_0025_Wat,436.1250197
31,Sample_S19S_0025_Wat,437.0361523
21,Sample_S19S_0025_Wat,437.072483
26,Sample_S19S_0025_Wat,437.1088959
60,Sample_S19S_0025_Wat,437.1453651
1,Sample_S19S_0025_Wat,437.1737814
49,Sample_S19S_0025_Wat,437.1817485
7,Sample_S19S_0025_Wat,437.2180272
13,Sample_S19S_0025_Wat,438.0678822
75,Sample_S19S_0025_Wat,438.1405683
16,Sample_S19S_0025_Wat,439.051737
68,Sample_S19S_0025_Wat,439.0882098
78,Sample_S19S_0025_Wat,439.1246064
17,Sample_S19S_0025_Wat,439.1529344
33,Sample_S19S_0025_Wat,439.1609425
19,Sample_S19S_0025_Wat,439.1892886
16,Sample_S19S_0025_Wat,439.1973056
44,Sample_S19S_0025_Wat,440.0834468
34,Sample_S19S_0025_Wat,440.1198163
14,Sample_S19S_0025_Wat,441.0310268
32,Sample_S19S_0025_Wat,441.0674409
38,Sample_S19S_0025_Wat,441.1039049
14,Sample_S19S_0025_Wat,441.1191742
54,Sample_S19S_0025_Wat,441.1402285
10,Sample_S19S_0025_Wat,441.1554489
13,Sample_S19S_0025_Wat,441.168514
18,Sample_S19S_0025_Wat,441.1765589
7,Sample_S19S_0025_Wat,441.2129575
17,Sample_S19S_0025_Wat,442.0416289
11,Sample_S19S_0025_Wat,442.0779366
11,Sample_S19S_0025_Wat,442.0990637
7,Sample_S19S_0025_Wat,443.0255061
18,Sample_S19S_0025_Wat,443.0466588
9,Sample_S19S_0025_Wat,443.061884
2,Sample_S19S_0025_Wat,443.0652174
14,Sample_S19S_0025_Wat,443.0749837
31,Sample_S19S_0025_Wat,443.0830557
32,Sample_S19S_0025_Wat,443.0984287
19,Sample_S19S_0025_Wat,443.1114516
63,Sample_S19S_0025_Wat,443.119518
6,Sample_S19S_0025_Wat,443.1348538
20,Sample_S19S_0025_Wat,443.1478565
50,Sample_S19S_0025_Wat,443.1558944
29,Sample_S19S_0025_Wat,443.1711201
19,Sample_S19S_0025_Wat,443.1841796
5,Sample_S19S_0025_Wat,443.2074098
44,Sample_S19S_0025_Wat,444.0572726
30,Sample_S19S_0025_Wat,445.0412697
4,Sample_S19S_0025_Wat,445.054308
33,Sample_S19S_0025_Wat,445.0623769
33,Sample_S19S_0025_Wat,445.0776178
3,Sample_S19S_0025_Wat,445.0808638
8,Sample_S19S_0025_Wat,445.0986624
4,Sample_S19S_0025_Wat,445.1083593
17,Sample_S19S_0025_Wat,445.1139537
3,Sample_S19S_0025_Wat,445.1171907
17,Sample_S19S_0025_Wat,445.127011
8,Sample_S19S_0025_Wat,445.1350548
34,Sample_S19S_0025_Wat,445.1503907
31,Sample_S19S_0025_Wat,445.1634705
43,Sample_S19S_0025_Wat,445.1715289
39,Sample_S19S_0025_Wat,445.1868428
15,Sample_S19S_0025_Wat,446.0364887
18,Sample_S19S_0025_Wat,446.0728598
2,Sample_S19S_0025_Wat,446.0939418
52,Sample_S19S_0025_Wat,446.1092739
10,Sample_S19S_0025_Wat,447.0204695
7,Sample_S19S_0025_Wat,447.056785
6,Sample_S19S_0025_Wat,447.0698296
14,Sample_S19S_0025_Wat,447.09323
18,Sample_S19S_0025_Wat,447.114388
74,Sample_S19S_0025_Wat,447.1297048
24,Sample_S19S_0025_Wat,447.1427418
76,Sample_S19S_0025_Wat,447.1660641
18,Sample_S19S_0025_Wat,447.179104
13,Sample_S19S_0025_Wat,447.2023724
15,Sample_S19S_0025_Wat,448.1096972
9,Sample_S19S_0025_Wat,449.0360637
21,Sample_S19S_0025_Wat,449.0724952
15,Sample_S19S_0025_Wat,449.0855556
90,Sample_S19S_0025_Wat,449.1089599
16,Sample_S19S_0025_Wat,449.1219859
79,Sample_S19S_0025_Wat,449.1453221
20,Sample_S19S_0025_Wat,449.1583358
25,Sample_S19S_0025_Wat,449.1816462
10,Sample_S19S_0025_Wat,449.2180299
12,Sample_S19S_0025_Wat,451.0517204
36,Sample_S19S_0025_Wat,451.0881744
61,Sample_S19S_0025_Wat,451.124616
1,Sample_S19S_0025_Wat,451.1530256
37,Sample_S19S_0025_Wat,451.1609528
6,Sample_S19S_0025_Wat,451.1972791
9,Sample_S19S_0025_Wat,451.2336787
2,Sample_S19S_0025_Wat,452.0469724
42,Sample_S19S_0025_Wat,452.0834394
16,Sample_S19S_0025_Wat,452.1199139
21,Sample_S19S_0025_Wat,453.0673983
11,Sample_S19S_0025_Wat,453.0957146
16,Sample_S19S_0025_Wat,453.1037558
16,Sample_S19S_0025_Wat,453.1321972
42,Sample_S19S_0025_Wat,453.140211
4,Sample_S19S_0025_Wat,453.1686448
64,Sample_S19S_0025_Wat,453.1766436
12,Sample_S19S_0025_Wat,453.2049759
28,Sample_S19S_0025_Wat,454.0627542
34,Sample_S19S_0025_Wat,455.0467468
12,Sample_S19S_0025_Wat,455.0750667
43,Sample_S19S_0025_Wat,455.0831528
17,Sample_S19S_0025_Wat,455.111472
36,Sample_S19S_0025_Wat,455.1194736
7,Sample_S19S_0025_Wat,455.1346803
19,Sample_S19S_0025_Wat,455.14777
13,Sample_S19S_0025_Wat,455.1558023
14,Sample_S19S_0025_Wat,455.1841535
10,Sample_S19S_0025_Wat,455.1921775
6,Sample_S19S_0025_Wat,457.0542979
32,Sample_S19S_0025_Wat,457.0624071
13,Sample_S19S_0025_Wat,457.0776174
10,Sample_S19S_0025_Wat,457.0906483
19,Sample_S19S_0025_Wat,457.0986905
19,Sample_S19S_0025_Wat,457.1139922
5,Sample_S19S_0025_Wat,457.1172314
12,Sample_S19S_0025_Wat,457.1270095
15,Sample_S19S_0025_Wat,457.1350642
3,Sample_S19S_0025_Wat,457.1447412
17,Sample_S19S_0025_Wat,457.150377
16,Sample_S19S_0025_Wat,457.1634444
25,Sample_S19S_0025_Wat,457.1715231
11,Sample_S19S_0025_Wat,457.1998933
36,Sample_S19S_0025_Wat,458.0729028
37,Sample_S19S_0025_Wat,458.1093241
18,Sample_S19S_0025_Wat,459.0416602
14,Sample_S19S_0025_Wat,459.0568713
8,Sample_S19S_0025_Wat,459.069913
18,Sample_S19S_0025_Wat,459.0779746
17,Sample_S19S_0025_Wat,459.0932353
6,Sample_S19S_0025_Wat,459.0964817
16,Sample_S19S_0025_Wat,459.1062882
24,Sample_S19S_0025_Wat,459.1143457
55,Sample_S19S_0025_Wat,459.1296693
6,Sample_S19S_0025_Wat,459.1328714
29,Sample_S19S_0025_Wat,459.142719
36,Sample_S19S_0025_Wat,459.1508169
39,Sample_S19S_0025_Wat,459.1661042
32,Sample_S19S_0025_Wat,459.1872169
23,Sample_S19S_0025_Wat,459.2025048
3,Sample_S19S_0025_Wat,460.0521036
55,Sample_S19S_0025_Wat,460.0885829
49,Sample_S19S_0025_Wat,460.1249704
25,Sample_S19S_0025_Wat,461.036196
22,Sample_S19S_0025_Wat,461.0725007
10,Sample_S19S_0025_Wat,461.0855391
10,Sample_S19S_0025_Wat,461.1088271
4,Sample_S19S_0025_Wat,461.1218899
3,Sample_S19S_0025_Wat,461.1396751
21,Sample_S19S_0025_Wat,461.1452647
21,Sample_S19S_0025_Wat,461.1583343
36,Sample_S19S_0025_Wat,461.1817537
11,Sample_S19S_0025_Wat,461.1948089
26,Sample_S19S_0025_Wat,461.218132
30,Sample_S19S_0025_Wat,462.067799
16,Sample_S19S_0025_Wat,462.1042629
60,Sample_S19S_0025_Wat,462.1769684
39,Sample_S19S_0025_Wat,463.0518315
44,Sample_S19S_0025_Wat,463.0881954
4,Sample_S19S_0025_Wat,463.1189274
14,Sample_S19S_0025_Wat,463.124491
4,Sample_S19S_0025_Wat,463.1375144
8,Sample_S19S_0025_Wat,463.1608564
6,Sample_S19S_0025_Wat,463.1739081
16,Sample_S19S_0025_Wat,463.1972938
27,Sample_S19S_0025_Wat,463.2337601
24,Sample_S19S_0025_Wat,464.1198095
12,Sample_S19S_0025_Wat,465.0310055
11,Sample_S19S_0025_Wat,465.06738
33,Sample_S19S_0025_Wat,465.1038259
19,Sample_S19S_0025_Wat,465.1532935
63,Sample_S19S_0025_Wat,465.1766182
12,Sample_S19S_0025_Wat,465.1896305
11,Sample_S19S_0025_Wat,465.2129596
55,Sample_S19S_0025_Wat,466.1355201
1,Sample_S19S_0025_Wat,466.1435867
36,Sample_S19S_0025_Wat,467.0467531
45,Sample_S19S_0025_Wat,467.0831629
48,Sample_S19S_0025_Wat,467.1195422
22,Sample_S19S_0025_Wat,467.1478261
31,Sample_S19S_0025_Wat,467.1558326
20,Sample_S19S_0025_Wat,467.184209
8,Sample_S19S_0025_Wat,467.1921933
9,Sample_S19S_0025_Wat,467.220621
20,Sample_S19S_0025_Wat,467.2286363
28,Sample_S19S_0025_Wat,468.1147294
31,Sample_S19S_0025_Wat,469.062394
9,Sample_S19S_0025_Wat,469.0906533
23,Sample_S19S_0025_Wat,469.0986993
8,Sample_S19S_0025_Wat,469.1139603
22,Sample_S19S_0025_Wat,469.1270251
12,Sample_S19S_0025_Wat,469.1350525
5,Sample_S19S_0025_Wat,469.1503074
10,Sample_S19S_0025_Wat,469.1633964
18,Sample_S19S_0025_Wat,469.199861
19,Sample_S19S_0025_Wat,469.2078959
27,Sample_S19S_0025_Wat,471.0569384
6,Sample_S19S_0025_Wat,471.069939
32,Sample_S19S_0025_Wat,471.0780166
14,Sample_S19S_0025_Wat,471.093255
15,Sample_S19S_0025_Wat,471.106291
5,Sample_S19S_0025_Wat,471.1295835
9,Sample_S19S_0025_Wat,471.1426129
10,Sample_S19S_0025_Wat,471.1506882
21,Sample_S19S_0025_Wat,471.1790652
18,Sample_S19S_0025_Wat,471.1871307
10,Sample_S19S_0025_Wat,471.2024048
14,Sample_S19S_0025_Wat,471.2155389
8,Sample_S19S_0025_Wat,473.0573502
28,Sample_S19S_0025_Wat,473.0726032
32,Sample_S19S_0025_Wat,473.0937108
57,Sample_S19S_0025_Wat,473.1089772
20,Sample_S19S_0025_Wat,473.121993
18,Sample_S19S_0025_Wat,473.1300234
5,Sample_S19S_0025_Wat,473.139667
21,Sample_S19S_0025_Wat,473.1452829
9,Sample_S19S_0025_Wat,473.1582831
9,Sample_S19S_0025_Wat,473.1663521
1,Sample_S19S_0025_Wat,473.1760299
18,Sample_S19S_0025_Wat,473.1816622
8,Sample_S19S_0025_Wat,473.1946924
26,Sample_S19S_0025_Wat,473.2180738
9,Sample_S19S_0025_Wat,475.0517049
4,Sample_S19S_0025_Wat,475.0648516
14,Sample_S19S_0025_Wat,475.0728791
22,Sample_S19S_0025_Wat,475.0881586
14,Sample_S19S_0025_Wat,475.1012806
65,Sample_S19S_0025_Wat,475.1245966
23,Sample_S19S_0025_Wat,475.1376596
14,Sample_S19S_0025_Wat,475.1456774
65,Sample_S19S_0025_Wat,475.1609843
22,Sample_S19S_0025_Wat,475.1739813
11,Sample_S19S_0025_Wat,475.1973043
2,Sample_S19S_0025_Wat,475.2103074
28,Sample_S19S_0025_Wat,476.1198125
41,Sample_S19S_0025_Wat,477.0674882
1,Sample_S19S_0025_Wat,477.0981716
17,Sample_S19S_0025_Wat,477.1037802
18,Sample_S19S_0025_Wat,477.1168599
5,Sample_S19S_0025_Wat,477.1401075
7,Sample_S19S_0025_Wat,477.1531747
15,Sample_S19S_0025_Wat,477.1765167
35,Sample_S19S_0025_Wat,477.2130039
6,Sample_S19S_0025_Wat,479.0466033
15,Sample_S19S_0025_Wat,479.0830028
36,Sample_S19S_0025_Wat,479.1194663
65,Sample_S19S_0025_Wat,479.1559168
49,Sample_S19S_0025_Wat,479.1923063
10,Sample_S19S_0025_Wat,480.151082
16,Sample_S19S_0025_Wat,481.0623379
50,Sample_S19S_0025_Wat,481.0987747
68,Sample_S19S_0025_Wat,481.1351677
13,Sample_S19S_0025_Wat,481.1634867
47,Sample_S19S_0025_Wat,481.1715313
16,Sample_S19S_0025_Wat,481.199847
13,Sample_S19S_0025_Wat,481.2078283
4,Sample_S19S_0025_Wat,482.1302914
28,Sample_S19S_0025_Wat,483.0780208
5,Sample_S19S_0025_Wat,483.1064043
46,Sample_S19S_0025_Wat,483.1144642
1,Sample_S19S_0025_Wat,483.1331152
33,Sample_S19S_0025_Wat,483.1508531
15,Sample_S19S_0025_Wat,483.1791639
28,Sample_S19S_0025_Wat,483.1871699
12,Sample_S19S_0025_Wat,483.2154832
11,Sample_S19S_0025_Wat,484.1459881
8,Sample_S19S_0025_Wat,485.057196
11,Sample_S19S_0025_Wat,485.0855526
27,Sample_S19S_0025_Wat,485.0936172
35,Sample_S19S_0025_Wat,485.1089501
16,Sample_S19S_0025_Wat,485.1220307
43,Sample_S19S_0025_Wat,485.1300644
17,Sample_S19S_0025_Wat,485.1584131
34,Sample_S19S_0025_Wat,485.1664901
2,Sample_S19S_0025_Wat,485.1760615
35,Sample_S19S_0025_Wat,485.181737
13,Sample_S19S_0025_Wat,485.1948096
4,Sample_S19S_0025_Wat,487.0648683
17,Sample_S19S_0025_Wat,487.072871
7,Sample_S19S_0025_Wat,487.088118
13,Sample_S19S_0025_Wat,487.1011949
5,Sample_S19S_0025_Wat,487.1092152
9,Sample_S19S_0025_Wat,487.1244947
15,Sample_S19S_0025_Wat,487.1375846
10,Sample_S19S_0025_Wat,487.1456408
51,Sample_S19S_0025_Wat,487.1609704
18,Sample_S19S_0025_Wat,487.1740711
28,Sample_S19S_0025_Wat,487.1974177
3,Sample_S19S_0025_Wat,487.2104698
18,Sample_S19S_0025_Wat,487.2337958
39,Sample_S19S_0025_Wat,489.067487
21,Sample_S19S_0025_Wat,489.0886429
28,Sample_S19S_0025_Wat,489.1039118
25,Sample_S19S_0025_Wat,489.1402055
1,Sample_S19S_0025_Wat,489.1708695
10,Sample_S19S_0025_Wat,489.1765226
2,Sample_S19S_0025_Wat,489.1895365
7,Sample_S19S_0025_Wat,489.2128864
4,Sample_S19S_0025_Wat,489.2492677
14,Sample_S19S_0025_Wat,490.0990621
2,Sample_S19S_0025_Wat,490.1201406
8,Sample_S19S_0025_Wat,491.0466906
16,Sample_S19S_0025_Wat,491.0830123
8,Sample_S19S_0025_Wat,491.1193786
9,Sample_S19S_0025_Wat,491.1325378
23,Sample_S19S_0025_Wat,491.1558203
47,Sample_S19S_0025_Wat,491.1922945
6,Sample_S19S_0025_Wat,491.2287423
42,Sample_S19S_0025_Wat,492.1147512
9,Sample_S19S_0025_Wat,493.0622921
22,Sample_S19S_0025_Wat,493.098712
69,Sample_S19S_0025_Wat,493.1351653
47,Sample_S19S_0025_Wat,493.1715856
13,Sample_S19S_0025_Wat,495.0415683
31,Sample_S19S_0025_Wat,495.0780179
41,Sample_S19S_0025_Wat,495.1144449
9,Sample_S19S_0025_Wat,495.1427989
56,Sample_S19S_0025_Wat,495.1507984
19,Sample_S19S_0025_Wat,495.1791573
7,Sample_S19S_0025_Wat,495.2154488
1,Sample_S19S_0025_Wat,496.1905351
16,Sample_S19S_0025_Wat,497.0572968
11,Sample_S19S_0025_Wat,497.0937782
7,Sample_S19S_0025_Wat,497.1301476
6,Sample_S19S_0025_Wat,497.1816335
21,Sample_S19S_0025_Wat,497.1947705
33,Sample_S19S_0025_Wat,498.1617513
3,Sample_S19S_0025_Wat,498.1698072
5,Sample_S19S_0025_Wat,499.0516924
18,Sample_S19S_0025_Wat,499.0728848
8,Sample_S19S_0025_Wat,499.1012958
35,Sample_S19S_0025_Wat,499.1093112
10,Sample_S19S_0025_Wat,499.1377212
48,Sample_S19S_0025_Wat,499.1457371
4,Sample_S19S_0025_Wat,499.1553132
12,Sample_S19S_0025_Wat,499.1610424
18,Sample_S19S_0025_Wat,499.1740741
31,Sample_S19S_0025_Wat,499.1973555
19,Sample_S19S_0025_Wat,499.2104255
10,Sample_S19S_0025_Wat,499.2184243
5,Sample_S19S_0025_Wat,501.0310269
8,Sample_S19S_0025_Wat,501.0521674
14,Sample_S19S_0025_Wat,501.0885018
7,Sample_S19S_0025_Wat,501.1037301
12,Sample_S19S_0025_Wat,501.116864
6,Sample_S19S_0025_Wat,501.1248479
18,Sample_S19S_0025_Wat,501.1401768
24,Sample_S19S_0025_Wat,501.1532967
43,Sample_S19S_0025_Wat,501.1766253
22,Sample_S19S_0025_Wat,501.1896846
25,Sample_S19S_0025_Wat,501.2130646
1,Sample_S19S_0025_Wat,503.0832459
18,Sample_S19S_0025_Wat,503.1042984
48,Sample_S19S_0025_Wat,503.1195309
5,Sample_S19S_0025_Wat,503.1326318
2,Sample_S19S_0025_Wat,503.1502092
22,Sample_S19S_0025_Wat,503.1558462
2,Sample_S19S_0025_Wat,503.1768678
11,Sample_S19S_0025_Wat,503.1921795
1,Sample_S19S_0025_Wat,503.2051842
10,Sample_S19S_0025_Wat,503.2285615
2,Sample_S19S_0025_Wat,503.2649518
6,Sample_S19S_0025_Wat,504.1512304
8,Sample_S19S_0025_Wat,505.0622503
15,Sample_S19S_0025_Wat,505.098662
8,Sample_S19S_0025_Wat,505.1118569
17,Sample_S19S_0025_Wat,505.1350781
5,Sample_S19S_0025_Wat,505.1482794
65,Sample_S19S_0025_Wat,505.1715425
26,Sample_S19S_0025_Wat,505.2079802
23,Sample_S19S_0025_Wat,505.2443315
16,Sample_S19S_0025_Wat,506.0576414
6,Sample_S19S_0025_Wat,506.1666811
9,Sample_S19S_0025_Wat,507.0415912
25,Sample_S19S_0025_Wat,507.0780238
45,Sample_S19S_0025_Wat,507.1144464
57,Sample_S19S_0025_Wat,507.1508255
4,Sample_S19S_0025_Wat,507.179192
10,Sample_S19S_0025_Wat,509.0573918
33,Sample_S19S_0025_Wat,509.0937287
41,Sample_S19S_0025_Wat,509.1300451
10,Sample_S19S_0025_Wat,510.0888729
31,Sample_S19S_0025_Wat,511.0729714
3,Sample_S19S_0025_Wat,511.1375472
2,Sample_S19S_0025_Wat,511.1455592
6,Sample_S19S_0025_Wat,511.1739404
11,Sample_S19S_0025_Wat,511.2103696
7,Sample_S19S_0025_Wat,511.2183807
7,Sample_S19S_0025_Wat,511.2467945
22,Sample_S19S_0025_Wat,513.0885835
14,Sample_S19S_0025_Wat,513.1169162
15,Sample_S19S_0025_Wat,513.1248843
6,Sample_S19S_0025_Wat,513.1531789
5,Sample_S19S_0025_Wat,513.1612236
9,Sample_S19S_0025_Wat,513.1895585
1,Sample_S19S_0025_Wat,513.2127989
1,Sample_S19S_0025_Wat,513.233912
5,Sample_S19S_0025_Wat,515.0679477
24,Sample_S19S_0025_Wat,515.1042917
35,Sample_S19S_0025_Wat,515.1194964
4,Sample_S19S_0025_Wat,515.1326297
18,Sample_S19S_0025_Wat,515.1405768
12,Sample_S19S_0025_Wat,515.155816
7,Sample_S19S_0025_Wat,515.1768835
7,Sample_S19S_0025_Wat,515.1921599
6,Sample_S19S_0025_Wat,515.2052029
47,Sample_S19S_0025_Wat,516.1511394
9,Sample_S19S_0025_Wat,517.098859
6,Sample_S19S_0025_Wat,517.1199999
11,Sample_S19S_0025_Wat,517.171616
14,Sample_S19S_0025_Wat,517.1846401
8,Sample_S19S_0025_Wat,518.1514949
4,Sample_S19S_0025_Wat,519.041577
10,Sample_S19S_0025_Wat,519.0779454
3,Sample_S19S_0025_Wat,519.0911551
10,Sample_S19S_0025_Wat,519.1143103
24,Sample_S19S_0025_Wat,519.1507584
51,Sample_S19S_0025_Wat,519.1872205
14,Sample_S19S_0025_Wat,519.2236508
11,Sample_S19S_0025_Wat,519.2600027
22,Sample_S19S_0025_Wat,520.1461126
25,Sample_S19S_0025_Wat,521.0937324
42,Sample_S19S_0025_Wat,521.1301011
3,Sample_S19S_0025_Wat,521.1584978
25,Sample_S19S_0025_Wat,521.1663968
3,Sample_S19S_0025_Wat,521.1946636
9,Sample_S19S_0025_Wat,521.2027235
1,Sample_S19S_0025_Wat,521.2390738
8,Sample_S19S_0025_Wat,523.0728235
6,Sample_S19S_0025_Wat,523.1091901
7,Sample_S19S_0025_Wat,523.1376337
13,Sample_S19S_0025_Wat,523.1456062
15,Sample_S19S_0025_Wat,523.1739853
21,Sample_S19S_0025_Wat,523.1820717
16,Sample_S19S_0025_Wat,523.2104573
8,Sample_S19S_0025_Wat,525.0521307
19,Sample_S19S_0025_Wat,525.0885729
30,Sample_S19S_0025_Wat,525.1250197
35,Sample_S19S_0025_Wat,525.1614051
8,Sample_S19S_0025_Wat,525.2340332
9,Sample_S19S_0025_Wat,527.0679337
7,Sample_S19S_0025_Wat,527.1043114
36,Sample_S19S_0025_Wat,527.1406475
19,Sample_S19S_0025_Wat,527.1689685
22,Sample_S19S_0025_Wat,527.1769645
16,Sample_S19S_0025_Wat,527.2052882
18,Sample_S19S_0025_Wat,529.119899
9,Sample_S19S_0025_Wat,529.1482589
15,Sample_S19S_0025_Wat,529.184567
6,Sample_S19S_0025_Wat,529.1925822
8,Sample_S19S_0025_Wat,529.2078283
11,Sample_S19S_0025_Wat,530.1152024
3,Sample_S19S_0025_Wat,531.0417642
10,Sample_S19S_0025_Wat,531.0992322
15,Sample_S19S_0025_Wat,531.1638843
10,Sample_S19S_0025_Wat,531.1871077
8,Sample_S19S_0025_Wat,531.2001725
14,Sample_S19S_0025_Wat,531.2234777
5,Sample_S19S_0025_Wat,533.0574115
13,Sample_S19S_0025_Wat,533.0937827
21,Sample_S19S_0025_Wat,533.1301236
49,Sample_S19S_0025_Wat,533.166456
11,Sample_S19S_0025_Wat,533.1795306
11,Sample_S19S_0025_Wat,533.2027587
10,Sample_S19S_0025_Wat,535.0730261
7,Sample_S19S_0025_Wat,535.1094222
8,Sample_S19S_0025_Wat,535.1458132
18,Sample_S19S_0025_Wat,535.1821751
30,Sample_S19S_0025_Wat,536.1045749
5,Sample_S19S_0025_Wat,537.0520931
14,Sample_S19S_0025_Wat,537.0884904
28,Sample_S19S_0025_Wat,537.1249315
12,Sample_S19S_0025_Wat,537.1533456
41,Sample_S19S_0025_Wat,537.161382
5,Sample_S19S_0025_Wat,537.1897464
15,Sample_S19S_0025_Wat,537.1978101
9,Sample_S19S_0025_Wat,537.2342192
12,Sample_S19S_0025_Wat,539.0679143
18,Sample_S19S_0025_Wat,539.1042196
22,Sample_S19S_0025_Wat,539.1405618
8,Sample_S19S_0025_Wat,539.1688297
5,Sample_S19S_0025_Wat,539.1768779
2,Sample_S19S_0025_Wat,539.2416063
20,Sample_S19S_0025_Wat,541.0834882
23,Sample_S19S_0025_Wat,541.1199147
13,Sample_S19S_0025_Wat,541.1563515
4,Sample_S19S_0025_Wat,541.1927684
5,Sample_S19S_0025_Wat,541.2573331
5,Sample_S19S_0025_Wat,542.1514443
5,Sample_S19S_0025_Wat,543.0781158
19,Sample_S19S_0025_Wat,543.09918
15,Sample_S19S_0025_Wat,543.1355017
12,Sample_S19S_0025_Wat,543.1638009
1,Sample_S19S_0025_Wat,543.2234029
7,Sample_S19S_0025_Wat,545.0571838
7,Sample_S19S_0025_Wat,545.1147104
29,Sample_S19S_0025_Wat,545.1664409
3,Sample_S19S_0025_Wat,545.1795929
30,Sample_S19S_0025_Wat,545.2028931
4,Sample_S19S_0025_Wat,545.2393178
11,Sample_S19S_0025_Wat,547.145805
1,Sample_S19S_0025_Wat,547.1822164
15,Sample_S19S_0025_Wat,547.2185618
17,Sample_S19S_0025_Wat,547.2548518
6,Sample_S19S_0025_Wat,549.0523077
10,Sample_S19S_0025_Wat,549.1250923
13,Sample_S19S_0025_Wat,549.1614413
35,Sample_S19S_0025_Wat,549.1977663
1,Sample_S19S_0025_Wat,549.2259034
16,Sample_S19S_0025_Wat,551.10435
25,Sample_S19S_0025_Wat,551.140683
24,Sample_S19S_0025_Wat,551.1769906
10,Sample_S19S_0025_Wat,551.2133063
1,Sample_S19S_0025_Wat,551.2418136
1,Sample_S19S_0025_Wat,553.0836572
11,Sample_S19S_0025_Wat,553.1199748
2,Sample_S19S_0025_Wat,553.1483118
43,Sample_S19S_0025_Wat,553.1562956
18,Sample_S19S_0025_Wat,553.1925971
4,Sample_S19S_0025_Wat,555.1356619
1,Sample_S19S_0025_Wat,555.1639967
20,Sample_S19S_0025_Wat,555.2082923
4,Sample_S19S_0025_Wat,555.2365023
6,Sample_S19S_0025_Wat,557.0785258
2,Sample_S19S_0025_Wat,557.1877224
7,Sample_S19S_0025_Wat,561.0522506
4,Sample_S19S_0025_Wat,561.1248442
2,Sample_S19S_0025_Wat,561.1611805
3,Sample_S19S_0025_Wat,561.1975534
4,Sample_S19S_0025_Wat,563.1043787
6,Sample_S19S_0025_Wat,563.140767
4,Sample_S19S_0025_Wat,563.1771352
20,Sample_S19S_0025_Wat,563.2134586
17,Sample_S19S_0025_Wat,563.2497644
7,Sample_S19S_0025_Wat,565.0833841
1,Sample_S19S_0025_Wat,565.1561141
7,Sample_S19S_0025_Wat,567.0628477
7,Sample_S19S_0025_Wat,567.1356587
13,Sample_S19S_0025_Wat,567.2083955
10,Sample_S19S_0025_Wat,568.1671174
12,Sample_S19S_0025_Wat,569.0784551
14,Sample_S19S_0025_Wat,569.1147778
4,Sample_S19S_0025_Wat,569.1510794
1,Sample_S19S_0025_Wat,569.1874013
1,Sample_S19S_0025_Wat,569.2157305
1,Sample_S19S_0025_Wat,569.223732
24,Sample_S19S_0025_Wat,571.1457131
18,Sample_S19S_0025_Wat,571.1668216
24,Sample_S19S_0025_Wat,571.1821369
4,Sample_S19S_0025_Wat,571.1952621
5,Sample_S19S_0025_Wat,573.1615077
4,Sample_S19S_0025_Wat,575.1043617
21,Sample_S19S_0025_Wat,575.1770756
27,Sample_S19S_0025_Wat,575.213398
20,Sample_S19S_0025_Wat,577.1926143
3,Sample_S19S_0025_Wat,577.228924
1,Sample_S19S_0025_Wat,579.0629358
9,Sample_S19S_0025_Wat,579.0992643
21,Sample_S19S_0025_Wat,579.1355972
30,Sample_S19S_0025_Wat,579.1719274
16,Sample_S19S_0025_Wat,579.2082488
2,Sample_S19S_0025_Wat,579.2445526
16,Sample_S19S_0025_Wat,581.1148894
31,Sample_S19S_0025_Wat,581.1512226
18,Sample_S19S_0025_Wat,581.1875335
2,Sample_S19S_0025_Wat,583.1306046
11,Sample_S19S_0025_Wat,583.1669172
3,Sample_S19S_0025_Wat,583.1952442
17,Sample_S19S_0025_Wat,583.2032587
7,Sample_S19S_0025_Wat,583.2314722
5,Sample_S19S_0025_Wat,585.197889
3,Sample_S19S_0025_Wat,585.2190128
10,Sample_S19S_0025_Wat,587.1405809
20,Sample_S19S_0025_Wat,587.1770783
14,Sample_S19S_0025_Wat,587.2134744
1,Sample_S19S_0025_Wat,591.0993225
5,Sample_S19S_0025_Wat,591.1720289
14,Sample_S19S_0025_Wat,591.2083514
6,Sample_S19S_0025_Wat,593.1511079
25,Sample_S19S_0025_Wat,593.1875846
11,Sample_S19S_0025_Wat,597.1460191
4,Sample_S19S_0025_Wat,599.2263731
11,Sample_S19S_0025_Wat,603.135473
20,Sample_S19S_0025_Wat,603.1719444
7,Sample_S19S_0025_Wat,605.1877226
22,Sample_S19S_0025_Wat,607.1667845
3,Sample_S19S_0025_Wat,607.2030678
2,Sample_S19S_0025_Wat,619.130318
10,Sample_S19S_0025_Wat,621.1098264
8,Sample_S19S_0025_Wat,621.1461897
21,Sample_S19S_0025_Wat,621.1825214
12,Sample_S19S_0025_Wat,621.218773
1,Sample_S19S_0025_Wat,623.162005
1,Sample_S19S_0025_Wat,623.1983716
2,Sample_S19S_0025_Wat,625.1408979
12,Sample_S19S_0025_Wat,625.2137878
4,Sample_S19S_0025_Wat,635.1252433
3,Sample_S19S_0025_Wat,635.2346553
3,Sample_S19S_0025_Wat,659.1465816
1,Sample_S19S_0025_Wat,659.197939
11,Sample_S19S_0025_Wat,661.2138611
