num.trans.involved.in,sample,peak
28,Sample_S19S_0058_Wat,201.0768122
22,Sample_S19S_0058_Wat,201.1131969
33,Sample_S19S_0058_Wat,207.0298709
14,Sample_S19S_0058_Wat,209.0091207
27,Sample_S19S_0058_Wat,209.0455114
28,Sample_S19S_0058_Wat,209.0818981
13,Sample_S19S_0058_Wat,210.0407624
43,Sample_S19S_0058_Wat,211.0247874
45,Sample_S19S_0058_Wat,211.0611736
28,Sample_S19S_0058_Wat,211.097555
3,Sample_S19S_0058_Wat,212.0200182
13,Sample_S19S_0058_Wat,212.0564229
1,Sample_S19S_0058_Wat,213.0152775
25,Sample_S19S_0058_Wat,213.0404285
39,Sample_S19S_0058_Wat,213.0768216
33,Sample_S19S_0058_Wat,215.0560786
34,Sample_S19S_0058_Wat,215.0924726
15,Sample_S19S_0058_Wat,215.1288446
6,Sample_S19S_0058_Wat,216.1240952
37,Sample_S19S_0058_Wat,217.0717431
31,Sample_S19S_0058_Wat,217.1081169
17,Sample_S19S_0058_Wat,221.0091259
31,Sample_S19S_0058_Wat,221.0455191
16,Sample_S19S_0058_Wat,221.0818912
35,Sample_S19S_0058_Wat,223.0247931
13,Sample_S19S_0058_Wat,223.0611523
38,Sample_S19S_0058_Wat,223.0975605
22,Sample_S19S_0058_Wat,224.0564233
64,Sample_S19S_0058_Wat,225.0404494
47,Sample_S19S_0058_Wat,225.0768195
12,Sample_S19S_0058_Wat,226.0356785
27,Sample_S19S_0058_Wat,226.072077
33,Sample_S19S_0058_Wat,227.056079
38,Sample_S19S_0058_Wat,227.092466
25,Sample_S19S_0058_Wat,227.1288722
39,Sample_S19S_0058_Wat,229.0353497
40,Sample_S19S_0058_Wat,229.0717413
28,Sample_S19S_0058_Wat,229.1081151
18,Sample_S19S_0058_Wat,229.14452
40,Sample_S19S_0058_Wat,231.0873835
32,Sample_S19S_0058_Wat,233.0455307
7,Sample_S19S_0058_Wat,233.1546845
34,Sample_S19S_0058_Wat,235.0247912
46,Sample_S19S_0058_Wat,235.0611873
36,Sample_S19S_0058_Wat,236.0564412
38,Sample_S19S_0058_Wat,237.0404421
55,Sample_S19S_0058_Wat,237.0768351
36,Sample_S19S_0058_Wat,237.1132227
10,Sample_S19S_0058_Wat,238.0356696
22,Sample_S19S_0058_Wat,238.0720655
58,Sample_S19S_0058_Wat,239.0197221
83,Sample_S19S_0058_Wat,239.0561117
10,Sample_S19S_0058_Wat,239.0673352
79,Sample_S19S_0058_Wat,239.092497
37,Sample_S19S_0058_Wat,239.1288753
12,Sample_S19S_0058_Wat,239.1652571
25,Sample_S19S_0058_Wat,240.0513448
67,Sample_S19S_0058_Wat,241.03537
43,Sample_S19S_0058_Wat,241.0717422
24,Sample_S19S_0058_Wat,241.1081087
17,Sample_S19S_0058_Wat,241.1445007
37,Sample_S19S_0058_Wat,242.0670034
11,Sample_S19S_0058_Wat,242.139775
3,Sample_S19S_0058_Wat,242.1761465
10,Sample_S19S_0058_Wat,243.0332768
69,Sample_S19S_0058_Wat,243.0510224
37,Sample_S19S_0058_Wat,243.0873816
19,Sample_S19S_0058_Wat,243.1237626
8,Sample_S19S_0058_Wat,245.0489119
73,Sample_S19S_0058_Wat,245.0666847
58,Sample_S19S_0058_Wat,245.1030642
29,Sample_S19S_0058_Wat,247.024801
51,Sample_S19S_0058_Wat,247.0612011
21,Sample_S19S_0058_Wat,248.0775975
65,Sample_S19S_0058_Wat,249.0404675
67,Sample_S19S_0058_Wat,249.0768527
42,Sample_S19S_0058_Wat,250.07209
63,Sample_S19S_0058_Wat,251.0197332
57,Sample_S19S_0058_Wat,251.0560986
91,Sample_S19S_0058_Wat,251.0925063
32,Sample_S19S_0058_Wat,251.1289035
34,Sample_S19S_0058_Wat,252.0513612
37,Sample_S19S_0058_Wat,252.0877348
88,Sample_S19S_0058_Wat,253.0353983
100,Sample_S19S_0058_Wat,253.0717756
36,Sample_S19S_0058_Wat,253.1081345
37,Sample_S19S_0058_Wat,253.1445337
29,Sample_S19S_0058_Wat,254.0670222
91,Sample_S19S_0058_Wat,255.0510433
98,Sample_S19S_0058_Wat,255.0874163
32,Sample_S19S_0058_Wat,255.1237776
31,Sample_S19S_0058_Wat,256.0826837
15,Sample_S19S_0058_Wat,257.048925
92,Sample_S19S_0058_Wat,257.0666765
55,Sample_S19S_0058_Wat,257.1030521
43,Sample_S19S_0058_Wat,257.1394516
35,Sample_S19S_0058_Wat,258.0619166
74,Sample_S19S_0058_Wat,259.0459547
80,Sample_S19S_0058_Wat,259.0823405
56,Sample_S19S_0058_Wat,259.1187072
38,Sample_S19S_0058_Wat,263.019721
65,Sample_S19S_0058_Wat,263.0561329
36,Sample_S19S_0058_Wat,263.0924815
31,Sample_S19S_0058_Wat,263.128908
37,Sample_S19S_0058_Wat,264.0513612
70,Sample_S19S_0058_Wat,265.0353938
73,Sample_S19S_0058_Wat,265.0717855
80,Sample_S19S_0058_Wat,265.1081545
1,Sample_S19S_0058_Wat,265.1479151
40,Sample_S19S_0058_Wat,266.0670361
56,Sample_S19S_0058_Wat,267.0146829
99,Sample_S19S_0058_Wat,267.0510336
88,Sample_S19S_0058_Wat,267.0874299
68,Sample_S19S_0058_Wat,267.123805
30,Sample_S19S_0058_Wat,267.1601848
40,Sample_S19S_0058_Wat,268.0462977
47,Sample_S19S_0058_Wat,268.08266
64,Sample_S19S_0058_Wat,269.0303205
102,Sample_S19S_0058_Wat,269.0666802
15,Sample_S19S_0058_Wat,269.0779259
84,Sample_S19S_0058_Wat,269.1030627
37,Sample_S19S_0058_Wat,269.1394657
42,Sample_S19S_0058_Wat,270.0619439
68,Sample_S19S_0058_Wat,271.0459737
17,Sample_S19S_0058_Wat,271.0645721
82,Sample_S19S_0058_Wat,271.0823212
75,Sample_S19S_0058_Wat,271.118718
19,Sample_S19S_0058_Wat,271.1551343
36,Sample_S19S_0058_Wat,272.0775888
42,Sample_S19S_0058_Wat,273.040478
71,Sample_S19S_0058_Wat,273.061591
68,Sample_S19S_0058_Wat,273.0979879
30,Sample_S19S_0058_Wat,273.1343844
21,Sample_S19S_0058_Wat,274.0932637
44,Sample_S19S_0058_Wat,275.0197425
59,Sample_S19S_0058_Wat,275.0561155
71,Sample_S19S_0058_Wat,275.0772487
55,Sample_S19S_0058_Wat,275.0925149
56,Sample_S19S_0058_Wat,275.1136274
78,Sample_S19S_0058_Wat,277.0354157
69,Sample_S19S_0058_Wat,277.0717892
66,Sample_S19S_0058_Wat,277.1081544
43,Sample_S19S_0058_Wat,277.1445377
41,Sample_S19S_0058_Wat,278.0670289
34,Sample_S19S_0058_Wat,279.0146331
78,Sample_S19S_0058_Wat,279.0510516
56,Sample_S19S_0058_Wat,279.0874539
47,Sample_S19S_0058_Wat,279.1238221
33,Sample_S19S_0058_Wat,279.160186
39,Sample_S19S_0058_Wat,280.0463018
45,Sample_S19S_0058_Wat,280.0826921
73,Sample_S19S_0058_Wat,281.0303339
101,Sample_S19S_0058_Wat,281.0666829
60,Sample_S19S_0058_Wat,281.1030502
58,Sample_S19S_0058_Wat,281.1394597
32,Sample_S19S_0058_Wat,282.0983548
96,Sample_S19S_0058_Wat,283.0459554
73,Sample_S19S_0058_Wat,283.0823169
92,Sample_S19S_0058_Wat,283.118715
28,Sample_S19S_0058_Wat,283.1551309
31,Sample_S19S_0058_Wat,284.0412345
45,Sample_S19S_0058_Wat,284.0776208
36,Sample_S19S_0058_Wat,284.1139788
69,Sample_S19S_0058_Wat,285.0616357
17,Sample_S19S_0058_Wat,285.0802217
33,Sample_S19S_0058_Wat,285.0980306
6,Sample_S19S_0058_Wat,285.1262347
43,Sample_S19S_0058_Wat,285.1343948
32,Sample_S19S_0058_Wat,286.0568589
36,Sample_S19S_0058_Wat,286.0932539
56,Sample_S19S_0058_Wat,287.0408776
80,Sample_S19S_0058_Wat,287.0772537
79,Sample_S19S_0058_Wat,287.1136282
46,Sample_S19S_0058_Wat,287.150015
27,Sample_S19S_0058_Wat,288.0513962
26,Sample_S19S_0058_Wat,288.1089115
57,Sample_S19S_0058_Wat,289.0354029
61,Sample_S19S_0058_Wat,289.0565242
74,Sample_S19S_0058_Wat,289.0717704
64,Sample_S19S_0058_Wat,289.0929075
52,Sample_S19S_0058_Wat,289.1081489
55,Sample_S19S_0058_Wat,289.1292776
5,Sample_S19S_0058_Wat,290.0305978
3,Sample_S19S_0058_Wat,290.1245994
51,Sample_S19S_0058_Wat,291.0146759
72,Sample_S19S_0058_Wat,291.0510416
71,Sample_S19S_0058_Wat,291.0874132
39,Sample_S19S_0058_Wat,291.1085682
55,Sample_S19S_0058_Wat,291.1237966
29,Sample_S19S_0058_Wat,292.0462633
71,Sample_S19S_0058_Wat,293.0303357
76,Sample_S19S_0058_Wat,293.0667099
85,Sample_S19S_0058_Wat,293.1030793
65,Sample_S19S_0058_Wat,293.1394564
8,Sample_S19S_0058_Wat,293.1757942
2,Sample_S19S_0058_Wat,293.179192
36,Sample_S19S_0058_Wat,294.0619153
43,Sample_S19S_0058_Wat,294.098304
36,Sample_S19S_0058_Wat,295.0095496
82,Sample_S19S_0058_Wat,295.0459444
11,Sample_S19S_0058_Wat,295.0572284
104,Sample_S19S_0058_Wat,295.0823376
6,Sample_S19S_0058_Wat,295.093638
98,Sample_S19S_0058_Wat,295.1187213
1,Sample_S19S_0058_Wat,295.137392
44,Sample_S19S_0058_Wat,295.1550986
30,Sample_S19S_0058_Wat,296.0411763
44,Sample_S19S_0058_Wat,296.0775656
34,Sample_S19S_0058_Wat,296.1139469
69,Sample_S19S_0058_Wat,297.025237
85,Sample_S19S_0058_Wat,297.0616262
16,Sample_S19S_0058_Wat,297.0728378
56,Sample_S19S_0058_Wat,297.0980154
37,Sample_S19S_0058_Wat,297.1344063
3,Sample_S19S_0058_Wat,297.1529844
16,Sample_S19S_0058_Wat,297.1707937
46,Sample_S19S_0058_Wat,298.0568737
37,Sample_S19S_0058_Wat,298.0932671
30,Sample_S19S_0058_Wat,298.1296449
66,Sample_S19S_0058_Wat,299.0408894
92,Sample_S19S_0058_Wat,299.0772616
7,Sample_S19S_0058_Wat,299.0958611
76,Sample_S19S_0058_Wat,299.1136455
1,Sample_S19S_0058_Wat,299.1488351
59,Sample_S19S_0058_Wat,299.1500243
41,Sample_S19S_0058_Wat,300.0725
36,Sample_S19S_0058_Wat,300.1089049
44,Sample_S19S_0058_Wat,301.0353903
7,Sample_S19S_0058_Wat,301.0387674
58,Sample_S19S_0058_Wat,301.0565488
32,Sample_S19S_0058_Wat,301.071792
18,Sample_S19S_0058_Wat,301.0751454
52,Sample_S19S_0058_Wat,301.092932
41,Sample_S19S_0058_Wat,301.129318
24,Sample_S19S_0058_Wat,301.1656955
28,Sample_S19S_0058_Wat,302.0670162
20,Sample_S19S_0058_Wat,302.0881947
16,Sample_S19S_0058_Wat,302.1245742
39,Sample_S19S_0058_Wat,303.0146906
54,Sample_S19S_0058_Wat,303.0510433
71,Sample_S19S_0058_Wat,303.0721573
48,Sample_S19S_0058_Wat,303.0874395
18,Sample_S19S_0058_Wat,303.0907893
78,Sample_S19S_0058_Wat,303.1085414
49,Sample_S19S_0058_Wat,303.1449308
29,Sample_S19S_0058_Wat,304.0462877
37,Sample_S19S_0058_Wat,304.0826613
3,Sample_S19S_0058_Wat,304.1402446
65,Sample_S19S_0058_Wat,305.0303157
79,Sample_S19S_0058_Wat,305.0666877
15,Sample_S19S_0058_Wat,305.0700613
7,Sample_S19S_0058_Wat,305.0779953
34,Sample_S19S_0058_Wat,305.087829
67,Sample_S19S_0058_Wat,305.1030852
43,Sample_S19S_0058_Wat,305.1394662
34,Sample_S19S_0058_Wat,307.0095853
87,Sample_S19S_0058_Wat,307.0459779
63,Sample_S19S_0058_Wat,307.0823737
14,Sample_S19S_0058_Wat,307.0936059
42,Sample_S19S_0058_Wat,307.1187572
29,Sample_S19S_0058_Wat,307.1551342
47,Sample_S19S_0058_Wat,308.0412303
50,Sample_S19S_0058_Wat,308.0775973
45,Sample_S19S_0058_Wat,308.1139545
68,Sample_S19S_0058_Wat,309.0252469
102,Sample_S19S_0058_Wat,309.0616036
99,Sample_S19S_0058_Wat,309.0979773
7,Sample_S19S_0058_Wat,309.1092661
80,Sample_S19S_0058_Wat,309.1343649
3,Sample_S19S_0058_Wat,309.1530159
29,Sample_S19S_0058_Wat,309.1707647
3,Sample_S19S_0058_Wat,309.1741269
42,Sample_S19S_0058_Wat,310.0568411
53,Sample_S19S_0058_Wat,310.0932206
75,Sample_S19S_0058_Wat,311.0408991
93,Sample_S19S_0058_Wat,311.0772659
18,Sample_S19S_0058_Wat,311.0885065
116,Sample_S19S_0058_Wat,311.1136352
61,Sample_S19S_0058_Wat,311.1500195
1,Sample_S19S_0058_Wat,311.1686157
48,Sample_S19S_0058_Wat,312.0725103
71,Sample_S19S_0058_Wat,313.0565398
74,Sample_S19S_0058_Wat,313.0929245
7,Sample_S19S_0058_Wat,313.1115031
58,Sample_S19S_0058_Wat,313.1293014
47,Sample_S19S_0058_Wat,314.0881771
55,Sample_S19S_0058_Wat,315.035781
24,Sample_S19S_0058_Wat,315.0544106
63,Sample_S19S_0058_Wat,315.0721791
57,Sample_S19S_0058_Wat,315.1085755
42,Sample_S19S_0058_Wat,315.1449559
17,Sample_S19S_0058_Wat,315.1813307
46,Sample_S19S_0058_Wat,317.0303382
57,Sample_S19S_0058_Wat,317.0514233
57,Sample_S19S_0058_Wat,317.0666936
78,Sample_S19S_0058_Wat,317.0878157
43,Sample_S19S_0058_Wat,317.1030588
42,Sample_S19S_0058_Wat,317.124227
45,Sample_S19S_0058_Wat,317.1394552
1,Sample_S19S_0058_Wat,317.2446454
41,Sample_S19S_0058_Wat,318.0619419
10,Sample_S19S_0058_Wat,318.1194966
2,Sample_S19S_0058_Wat,318.2286611
22,Sample_S19S_0058_Wat,319.0460069
64,Sample_S19S_0058_Wat,319.0823624
19,Sample_S19S_0058_Wat,319.0857041
3,Sample_S19S_0058_Wat,319.0936659
33,Sample_S19S_0058_Wat,319.103481
72,Sample_S19S_0058_Wat,319.1187158
45,Sample_S19S_0058_Wat,319.1551015
39,Sample_S19S_0058_Wat,320.0412195
41,Sample_S19S_0058_Wat,320.0776287
10,Sample_S19S_0058_Wat,320.1351354
58,Sample_S19S_0058_Wat,321.0252313
68,Sample_S19S_0058_Wat,321.0616406
9,Sample_S19S_0058_Wat,321.0728956
41,Sample_S19S_0058_Wat,321.0980285
6,Sample_S19S_0058_Wat,321.1093021
53,Sample_S19S_0058_Wat,321.1343949
29,Sample_S19S_0058_Wat,321.1707672
48,Sample_S19S_0058_Wat,322.0568903
49,Sample_S19S_0058_Wat,322.0932669
68,Sample_S19S_0058_Wat,323.0408542
100,Sample_S19S_0058_Wat,323.0772527
21,Sample_S19S_0058_Wat,323.0884973
52,Sample_S19S_0058_Wat,323.1136726
43,Sample_S19S_0058_Wat,323.1500462
2,Sample_S19S_0058_Wat,323.1686736
52,Sample_S19S_0058_Wat,324.0725027
51,Sample_S19S_0058_Wat,324.108871
14,Sample_S19S_0058_Wat,325.0201894
83,Sample_S19S_0058_Wat,325.0565425
109,Sample_S19S_0058_Wat,325.0928926
18,Sample_S19S_0058_Wat,325.1041654
68,Sample_S19S_0058_Wat,325.1292996
31,Sample_S19S_0058_Wat,325.1657004
1,Sample_S19S_0058_Wat,325.1842438
31,Sample_S19S_0058_Wat,326.0518083
54,Sample_S19S_0058_Wat,326.0881656
60,Sample_S19S_0058_Wat,327.035782
69,Sample_S19S_0058_Wat,327.0722018
65,Sample_S19S_0058_Wat,327.1085831
3,Sample_S19S_0058_Wat,327.1271924
54,Sample_S19S_0058_Wat,327.1449492
39,Sample_S19S_0058_Wat,328.067419
49,Sample_S19S_0058_Wat,328.1037984
3,Sample_S19S_0058_Wat,328.1766323
36,Sample_S19S_0058_Wat,329.0303285
34,Sample_S19S_0058_Wat,329.0514722
24,Sample_S19S_0058_Wat,329.0667319
20,Sample_S19S_0058_Wat,329.0700573
92,Sample_S19S_0058_Wat,329.0878075
17,Sample_S19S_0058_Wat,329.1064332
59,Sample_S19S_0058_Wat,329.1242163
1,Sample_S19S_0058_Wat,329.152419
45,Sample_S19S_0058_Wat,329.1605843
18,Sample_S19S_0058_Wat,330.0831155
33,Sample_S19S_0058_Wat,331.0459941
55,Sample_S19S_0058_Wat,331.0670688
49,Sample_S19S_0058_Wat,331.0823608
41,Sample_S19S_0058_Wat,331.1034998
52,Sample_S19S_0058_Wat,331.1187275
4,Sample_S19S_0058_Wat,331.122066
20,Sample_S19S_0058_Wat,331.1399002
8,Sample_S19S_0058_Wat,331.155166
42,Sample_S19S_0058_Wat,332.0775831
25,Sample_S19S_0058_Wat,332.1351167
22,Sample_S19S_0058_Wat,333.0252702
34,Sample_S19S_0058_Wat,333.0616512
1,Sample_S19S_0058_Wat,333.0729806
64,Sample_S19S_0058_Wat,333.0980074
2,Sample_S19S_0058_Wat,333.109335
29,Sample_S19S_0058_Wat,333.1344131
11,Sample_S19S_0058_Wat,333.137741
21,Sample_S19S_0058_Wat,333.1707943
45,Sample_S19S_0058_Wat,334.0568812
36,Sample_S19S_0058_Wat,334.0932769
34,Sample_S19S_0058_Wat,335.004499
48,Sample_S19S_0058_Wat,335.0409093
4,Sample_S19S_0058_Wat,335.0521847
80,Sample_S19S_0058_Wat,335.0772597
41,Sample_S19S_0058_Wat,335.1136067
44,Sample_S19S_0058_Wat,335.150042
2,Sample_S19S_0058_Wat,335.2358032
18,Sample_S19S_0058_Wat,336.0361684
26,Sample_S19S_0058_Wat,336.0725571
51,Sample_S19S_0058_Wat,336.1089144
49,Sample_S19S_0058_Wat,337.0201415
53,Sample_S19S_0058_Wat,337.0564852
12,Sample_S19S_0058_Wat,337.0677837
12,Sample_S19S_0058_Wat,337.0695448
89,Sample_S19S_0058_Wat,337.0929176
9,Sample_S19S_0058_Wat,337.1041904
90,Sample_S19S_0058_Wat,337.1292866
40,Sample_S19S_0058_Wat,337.1656867
11,Sample_S19S_0058_Wat,338.0518396
61,Sample_S19S_0058_Wat,338.0881798
36,Sample_S19S_0058_Wat,338.1245766
61,Sample_S19S_0058_Wat,339.0357996
100,Sample_S19S_0058_Wat,339.0721726
8,Sample_S19S_0058_Wat,339.0834699
107,Sample_S19S_0058_Wat,339.1085453
30,Sample_S19S_0058_Wat,339.1449816
2,Sample_S19S_0058_Wat,339.1660725
30,Sample_S19S_0058_Wat,339.1813533
1,Sample_S19S_0058_Wat,339.1999929
18,Sample_S19S_0058_Wat,340.0674792
51,Sample_S19S_0058_Wat,340.1038147
63,Sample_S19S_0058_Wat,341.0514621
103,Sample_S19S_0058_Wat,341.0878109
13,Sample_S19S_0058_Wat,341.0990914
33,Sample_S19S_0058_Wat,341.12425
44,Sample_S19S_0058_Wat,341.1606173
1,Sample_S19S_0058_Wat,341.1957794
51,Sample_S19S_0058_Wat,342.0830768
32,Sample_S19S_0058_Wat,342.1194926
44,Sample_S19S_0058_Wat,343.0307124
31,Sample_S19S_0058_Wat,343.0459579
47,Sample_S19S_0058_Wat,343.067113
13,Sample_S19S_0058_Wat,343.0823925
22,Sample_S19S_0058_Wat,343.0857039
92,Sample_S19S_0058_Wat,343.1034685
13,Sample_S19S_0058_Wat,343.1399075
30,Sample_S19S_0058_Wat,343.1762631
18,Sample_S19S_0058_Wat,344.0412523
26,Sample_S19S_0058_Wat,344.0987606
2,Sample_S19S_0058_Wat,344.1350437
42,Sample_S19S_0058_Wat,345.0463327
54,Sample_S19S_0058_Wat,345.0616254
45,Sample_S19S_0058_Wat,345.0827674
48,Sample_S19S_0058_Wat,345.0980089
8,Sample_S19S_0058_Wat,345.1013399
3,Sample_S19S_0058_Wat,345.1093206
45,Sample_S19S_0058_Wat,345.1191373
24,Sample_S19S_0058_Wat,345.1555412
26,Sample_S19S_0058_Wat,346.0569005
30,Sample_S19S_0058_Wat,346.1143644
15,Sample_S19S_0058_Wat,346.1507606
1,Sample_S19S_0058_Wat,346.2154294
56,Sample_S19S_0058_Wat,347.0408756
77,Sample_S19S_0058_Wat,347.0772564
4,Sample_S19S_0058_Wat,347.0885951
23,Sample_S19S_0058_Wat,347.0903002
35,Sample_S19S_0058_Wat,347.1136821
15,Sample_S19S_0058_Wat,347.1170036
54,Sample_S19S_0058_Wat,347.1500262
25,Sample_S19S_0058_Wat,348.0361356
27,Sample_S19S_0058_Wat,348.0725611
50,Sample_S19S_0058_Wat,348.1089104
5,Sample_S19S_0058_Wat,348.1300774
45,Sample_S19S_0058_Wat,349.0201636
69,Sample_S19S_0058_Wat,349.0929209
6,Sample_S19S_0058_Wat,349.1042255
20,Sample_S19S_0058_Wat,349.1059291
68,Sample_S19S_0058_Wat,349.129303
46,Sample_S19S_0058_Wat,349.1656793
13,Sample_S19S_0058_Wat,350.0518357
59,Sample_S19S_0058_Wat,350.0881844
13,Sample_S19S_0058_Wat,350.1245924
57,Sample_S19S_0058_Wat,351.0357871
71,Sample_S19S_0058_Wat,351.0721501
44,Sample_S19S_0058_Wat,351.1085115
21,Sample_S19S_0058_Wat,351.121581
40,Sample_S19S_0058_Wat,351.1449775
32,Sample_S19S_0058_Wat,351.1813076
22,Sample_S19S_0058_Wat,352.0674721
51,Sample_S19S_0058_Wat,352.1038206
24,Sample_S19S_0058_Wat,352.140233
46,Sample_S19S_0058_Wat,353.0150696
42,Sample_S19S_0058_Wat,353.0514753
104,Sample_S19S_0058_Wat,353.0878166
12,Sample_S19S_0058_Wat,353.0990962
9,Sample_S19S_0058_Wat,353.1008561
66,Sample_S19S_0058_Wat,353.124233
41,Sample_S19S_0058_Wat,353.1605629
1,Sample_S19S_0058_Wat,353.2003494
1,Sample_S19S_0058_Wat,353.2099396
2,Sample_S19S_0058_Wat,353.2155648
36,Sample_S19S_0058_Wat,354.0467104
56,Sample_S19S_0058_Wat,354.0830704
46,Sample_S19S_0058_Wat,354.1194893
40,Sample_S19S_0058_Wat,355.0306981
63,Sample_S19S_0058_Wat,355.0671162
96,Sample_S19S_0058_Wat,355.1034699
27,Sample_S19S_0058_Wat,355.1147135
14,Sample_S19S_0058_Wat,355.1399086
32,Sample_S19S_0058_Wat,355.1762476
51,Sample_S19S_0058_Wat,356.0623586
19,Sample_S19S_0058_Wat,356.0987693
41,Sample_S19S_0058_Wat,356.1350838
25,Sample_S19S_0058_Wat,356.1715182
20,Sample_S19S_0058_Wat,357.0251986
46,Sample_S19S_0058_Wat,357.046323
81,Sample_S19S_0058_Wat,357.0827228
22,Sample_S19S_0058_Wat,357.1110353
87,Sample_S19S_0058_Wat,357.1191097
59,Sample_S19S_0058_Wat,357.1554992
42,Sample_S19S_0058_Wat,358.077999
35,Sample_S19S_0058_Wat,358.0932734
14,Sample_S19S_0058_Wat,358.1507103
12,Sample_S19S_0058_Wat,359.0409252
48,Sample_S19S_0058_Wat,359.0619959
45,Sample_S19S_0058_Wat,359.077285
27,Sample_S19S_0058_Wat,359.0984239
43,Sample_S19S_0058_Wat,359.1347452
31,Sample_S19S_0058_Wat,359.1711775
38,Sample_S19S_0058_Wat,360.108919
4,Sample_S19S_0058_Wat,360.1299489
35,Sample_S19S_0058_Wat,361.0201475
44,Sample_S19S_0058_Wat,361.056505
11,Sample_S19S_0058_Wat,361.069538
67,Sample_S19S_0058_Wat,361.0929312
20,Sample_S19S_0058_Wat,361.0962708
77,Sample_S19S_0058_Wat,361.1292859
28,Sample_S19S_0058_Wat,361.1423317
33,Sample_S19S_0058_Wat,361.1657046
58,Sample_S19S_0058_Wat,362.0881611
53,Sample_S19S_0058_Wat,363.0357881
43,Sample_S19S_0058_Wat,363.0722122
1,Sample_S19S_0058_Wat,363.0835367
75,Sample_S19S_0058_Wat,363.108539
4,Sample_S19S_0058_Wat,363.1198751
18,Sample_S19S_0058_Wat,363.1215932
32,Sample_S19S_0058_Wat,363.1449786
19,Sample_S19S_0058_Wat,363.1812892
6,Sample_S19S_0058_Wat,363.1943423
31,Sample_S19S_0058_Wat,364.0310639
44,Sample_S19S_0058_Wat,364.0674047
54,Sample_S19S_0058_Wat,364.1038292
52,Sample_S19S_0058_Wat,364.1401707
1,Sample_S19S_0058_Wat,364.2259804
20,Sample_S19S_0058_Wat,365.0513776
84,Sample_S19S_0058_Wat,365.0878382
7,Sample_S19S_0058_Wat,365.0991282
26,Sample_S19S_0058_Wat,365.1008669
36,Sample_S19S_0058_Wat,365.1241727
15,Sample_S19S_0058_Wat,365.137244
16,Sample_S19S_0058_Wat,365.1606438
26,Sample_S19S_0058_Wat,365.1969623
4,Sample_S19S_0058_Wat,365.2100088
63,Sample_S19S_0058_Wat,366.0830912
55,Sample_S19S_0058_Wat,366.1194629
6,Sample_S19S_0058_Wat,366.1325089
46,Sample_S19S_0058_Wat,367.0306865
83,Sample_S19S_0058_Wat,367.0671094
109,Sample_S19S_0058_Wat,367.1034613
13,Sample_S19S_0058_Wat,367.1147643
6,Sample_S19S_0058_Wat,367.1399195
38,Sample_S19S_0058_Wat,367.1762158
17,Sample_S19S_0058_Wat,368.0623951
67,Sample_S19S_0058_Wat,368.0987097
46,Sample_S19S_0058_Wat,368.1351331
39,Sample_S19S_0058_Wat,369.0463181
80,Sample_S19S_0058_Wat,369.0827443
20,Sample_S19S_0058_Wat,369.111039
19,Sample_S19S_0058_Wat,369.1190631
52,Sample_S19S_0058_Wat,369.1555194
11,Sample_S19S_0058_Wat,369.1837969
8,Sample_S19S_0058_Wat,369.1918398
45,Sample_S19S_0058_Wat,370.0779692
34,Sample_S19S_0058_Wat,370.1507341
61,Sample_S19S_0058_Wat,371.0620102
17,Sample_S19S_0058_Wat,371.0902981
39,Sample_S19S_0058_Wat,371.0983408
52,Sample_S19S_0058_Wat,371.1347918
41,Sample_S19S_0058_Wat,371.171134
28,Sample_S19S_0058_Wat,372.0725108
5,Sample_S19S_0058_Wat,372.0855522
48,Sample_S19S_0058_Wat,372.1300076
28,Sample_S19S_0058_Wat,372.1663973
16,Sample_S19S_0058_Wat,373.0201141
32,Sample_S19S_0058_Wat,373.0412407
44,Sample_S19S_0058_Wat,373.0565482
26,Sample_S19S_0058_Wat,373.0776886
34,Sample_S19S_0058_Wat,373.09294
24,Sample_S19S_0058_Wat,373.1059583
53,Sample_S19S_0058_Wat,373.1140108
12,Sample_S19S_0058_Wat,373.1504711
33,Sample_S19S_0058_Wat,374.1456527
15,Sample_S19S_0058_Wat,375.0358416
62,Sample_S19S_0058_Wat,375.0721973
21,Sample_S19S_0058_Wat,375.0852221
36,Sample_S19S_0058_Wat,375.0932745
63,Sample_S19S_0058_Wat,375.1449442
25,Sample_S19S_0058_Wat,375.1579842
40,Sample_S19S_0058_Wat,376.0674564
20,Sample_S19S_0058_Wat,377.0150486
65,Sample_S19S_0058_Wat,377.0514538
52,Sample_S19S_0058_Wat,377.0877952
1,Sample_S19S_0058_Wat,377.0911145
12,Sample_S19S_0058_Wat,377.100823
86,Sample_S19S_0058_Wat,377.1241915
7,Sample_S19S_0058_Wat,377.1355192
23,Sample_S19S_0058_Wat,377.1372608
38,Sample_S19S_0058_Wat,377.1606102
13,Sample_S19S_0058_Wat,377.1735945
15,Sample_S19S_0058_Wat,378.0466478
47,Sample_S19S_0058_Wat,378.0831073
67,Sample_S19S_0058_Wat,378.1194361
2,Sample_S19S_0058_Wat,378.1227642
49,Sample_S19S_0058_Wat,379.0307221
23,Sample_S19S_0058_Wat,379.0670295
99,Sample_S19S_0058_Wat,379.1034645
28,Sample_S19S_0058_Wat,379.1165229
2,Sample_S19S_0058_Wat,379.1277178
84,Sample_S19S_0058_Wat,379.1398402
16,Sample_S19S_0058_Wat,379.1528588
50,Sample_S19S_0058_Wat,379.1762343
63,Sample_S19S_0058_Wat,380.0987084
63,Sample_S19S_0058_Wat,380.1350974
53,Sample_S19S_0058_Wat,381.0463502
28,Sample_S19S_0058_Wat,381.0826619
25,Sample_S19S_0058_Wat,381.0939738
96,Sample_S19S_0058_Wat,381.1191186
22,Sample_S19S_0058_Wat,381.1321708
1,Sample_S19S_0058_Wat,381.1433347
74,Sample_S19S_0058_Wat,381.1555031
27,Sample_S19S_0058_Wat,381.1918695
2,Sample_S19S_0058_Wat,381.2316122
50,Sample_S19S_0058_Wat,382.0779661
59,Sample_S19S_0058_Wat,382.1143936
22,Sample_S19S_0058_Wat,383.0255766
31,Sample_S19S_0058_Wat,383.0619616
95,Sample_S19S_0058_Wat,383.0983806
18,Sample_S19S_0058_Wat,383.1095949
23,Sample_S19S_0058_Wat,383.1266887
20,Sample_S19S_0058_Wat,383.1347075
27,Sample_S19S_0058_Wat,383.1711132
47,Sample_S19S_0058_Wat,384.0936599
30,Sample_S19S_0058_Wat,384.1664077
7,Sample_S19S_0058_Wat,385.0201172
19,Sample_S19S_0058_Wat,385.0412026
71,Sample_S19S_0058_Wat,385.0776412
33,Sample_S19S_0058_Wat,385.1139909
24,Sample_S19S_0058_Wat,385.1423072
32,Sample_S19S_0058_Wat,385.1503825
28,Sample_S19S_0058_Wat,385.1868285
30,Sample_S19S_0058_Wat,386.0728862
44,Sample_S19S_0058_Wat,386.1093009
35,Sample_S19S_0058_Wat,387.0358113
18,Sample_S19S_0058_Wat,387.0568488
14,Sample_S19S_0058_Wat,387.0721252
12,Sample_S19S_0058_Wat,387.0851909
18,Sample_S19S_0058_Wat,387.0932457
55,Sample_S19S_0058_Wat,387.1085636
79,Sample_S19S_0058_Wat,387.1296791
19,Sample_S19S_0058_Wat,387.1579654
8,Sample_S19S_0058_Wat,387.1659841
12,Sample_S19S_0058_Wat,387.19436
49,Sample_S19S_0058_Wat,388.0674506
33,Sample_S19S_0058_Wat,388.1037783
33,Sample_S19S_0058_Wat,389.051417
9,Sample_S19S_0058_Wat,389.0644457
14,Sample_S19S_0058_Wat,389.0724972
61,Sample_S19S_0058_Wat,389.0878118
20,Sample_S19S_0058_Wat,389.1008827
28,Sample_S19S_0058_Wat,389.108981
75,Sample_S19S_0058_Wat,389.1242045
20,Sample_S19S_0058_Wat,389.1372295
22,Sample_S19S_0058_Wat,389.1605387
18,Sample_S19S_0058_Wat,389.1736085
22,Sample_S19S_0058_Wat,390.0466839
66,Sample_S19S_0058_Wat,390.083092
17,Sample_S19S_0058_Wat,391.0307447
37,Sample_S19S_0058_Wat,391.0670531
38,Sample_S19S_0058_Wat,391.1034381
44,Sample_S19S_0058_Wat,391.1398852
8,Sample_S19S_0058_Wat,391.1528412
28,Sample_S19S_0058_Wat,391.1762035
7,Sample_S19S_0058_Wat,391.1892281
34,Sample_S19S_0058_Wat,392.06231
66,Sample_S19S_0058_Wat,392.098752
53,Sample_S19S_0058_Wat,392.1351125
33,Sample_S19S_0058_Wat,393.0463154
70,Sample_S19S_0058_Wat,393.0827628
5,Sample_S19S_0058_Wat,393.0940727
73,Sample_S19S_0058_Wat,393.1191285
16,Sample_S19S_0058_Wat,393.1321265
34,Sample_S19S_0058_Wat,393.1554711
17,Sample_S19S_0058_Wat,393.1685262
13,Sample_S19S_0058_Wat,393.1919402
30,Sample_S19S_0058_Wat,394.078026
39,Sample_S19S_0058_Wat,394.1144108
22,Sample_S19S_0058_Wat,395.0255818
48,Sample_S19S_0058_Wat,395.0619708
45,Sample_S19S_0058_Wat,395.0984243
1,Sample_S19S_0058_Wat,395.1226264
108,Sample_S19S_0058_Wat,395.1347697
13,Sample_S19S_0058_Wat,395.1477706
35,Sample_S19S_0058_Wat,395.171191
51,Sample_S19S_0058_Wat,396.0936653
27,Sample_S19S_0058_Wat,396.13006
46,Sample_S19S_0058_Wat,396.1664019
34,Sample_S19S_0058_Wat,397.0412485
24,Sample_S19S_0058_Wat,397.0775828
17,Sample_S19S_0058_Wat,397.1059758
63,Sample_S19S_0058_Wat,397.1140135
80,Sample_S19S_0058_Wat,397.1504225
15,Sample_S19S_0058_Wat,397.1867602
45,Sample_S19S_0058_Wat,398.0729329
56,Sample_S19S_0058_Wat,398.1456531
13,Sample_S19S_0058_Wat,399.0568344
55,Sample_S19S_0058_Wat,399.0932727
11,Sample_S19S_0058_Wat,399.1086044
55,Sample_S19S_0058_Wat,399.1296635
12,Sample_S19S_0058_Wat,399.1579458
1,Sample_S19S_0058_Wat,399.1659287
12,Sample_S19S_0058_Wat,399.1943775
32,Sample_S19S_0058_Wat,400.1249077
36,Sample_S19S_0058_Wat,401.0514549
15,Sample_S19S_0058_Wat,401.0725084
44,Sample_S19S_0058_Wat,401.0878209
47,Sample_S19S_0058_Wat,401.1089631
64,Sample_S19S_0058_Wat,401.1453284
49,Sample_S19S_0058_Wat,401.1605804
15,Sample_S19S_0058_Wat,401.1736033
13,Sample_S19S_0058_Wat,401.2100146
18,Sample_S19S_0058_Wat,402.0466811
3,Sample_S19S_0058_Wat,402.1042761
5,Sample_S19S_0058_Wat,403.0305846
56,Sample_S19S_0058_Wat,403.0671122
46,Sample_S19S_0058_Wat,403.0881974
53,Sample_S19S_0058_Wat,403.1034476
17,Sample_S19S_0058_Wat,403.1164656
13,Sample_S19S_0058_Wat,403.1245163
70,Sample_S19S_0058_Wat,403.1398463
23,Sample_S19S_0058_Wat,403.1529106
20,Sample_S19S_0058_Wat,403.1762826
55,Sample_S19S_0058_Wat,404.0623618
47,Sample_S19S_0058_Wat,405.0463718
40,Sample_S19S_0058_Wat,405.0827082
26,Sample_S19S_0058_Wat,405.1190623
23,Sample_S19S_0058_Wat,405.1321292
45,Sample_S19S_0058_Wat,405.1555362
23,Sample_S19S_0058_Wat,405.1685606
25,Sample_S19S_0058_Wat,405.1918632
15,Sample_S19S_0058_Wat,406.041642
70,Sample_S19S_0058_Wat,406.1143545
14,Sample_S19S_0058_Wat,407.0255705
52,Sample_S19S_0058_Wat,407.0620299
87,Sample_S19S_0058_Wat,407.0983755
68,Sample_S19S_0058_Wat,407.1347505
21,Sample_S19S_0058_Wat,407.1477958
5,Sample_S19S_0058_Wat,407.1712237
62,Sample_S19S_0058_Wat,408.0936661
75,Sample_S19S_0058_Wat,408.1300077
19,Sample_S19S_0058_Wat,409.0412228
22,Sample_S19S_0058_Wat,409.07757
14,Sample_S19S_0058_Wat,409.0889394
84,Sample_S19S_0058_Wat,409.1140221
82,Sample_S19S_0058_Wat,409.1504235
47,Sample_S19S_0058_Wat,410.0729191
15,Sample_S19S_0058_Wat,410.1092388
53,Sample_S19S_0058_Wat,410.1456867
15,Sample_S19S_0058_Wat,411.0568579
65,Sample_S19S_0058_Wat,411.0933142
1,Sample_S19S_0058_Wat,411.1175219
76,Sample_S19S_0058_Wat,411.1296933
26,Sample_S19S_0058_Wat,411.1579879
37,Sample_S19S_0058_Wat,411.1660419
31,Sample_S19S_0058_Wat,412.0885256
54,Sample_S19S_0058_Wat,412.1249118
22,Sample_S19S_0058_Wat,413.0361429
5,Sample_S19S_0058_Wat,413.072442
19,Sample_S19S_0058_Wat,413.1008794
71,Sample_S19S_0058_Wat,413.1089345
1,Sample_S19S_0058_Wat,413.1332361
16,Sample_S19S_0058_Wat,413.1372735
17,Sample_S19S_0058_Wat,413.1452768
16,Sample_S19S_0058_Wat,413.1736056
5,Sample_S19S_0058_Wat,413.1816156
5,Sample_S19S_0058_Wat,415.0671726
8,Sample_S19S_0058_Wat,415.080159
48,Sample_S19S_0058_Wat,415.0881916
50,Sample_S19S_0058_Wat,415.1034568
17,Sample_S19S_0058_Wat,415.1164835
21,Sample_S19S_0058_Wat,415.1245406
18,Sample_S19S_0058_Wat,415.1529316
52,Sample_S19S_0058_Wat,415.1609859
24,Sample_S19S_0058_Wat,416.0623295
26,Sample_S19S_0058_Wat,417.0463346
13,Sample_S19S_0058_Wat,417.0674105
20,Sample_S19S_0058_Wat,417.0826722
10,Sample_S19S_0058_Wat,417.0957124
14,Sample_S19S_0058_Wat,417.1037889
66,Sample_S19S_0058_Wat,417.1191101
31,Sample_S19S_0058_Wat,417.1321667
34,Sample_S19S_0058_Wat,417.1402188
52,Sample_S19S_0058_Wat,417.1555165
31,Sample_S19S_0058_Wat,417.1685514
2,Sample_S19S_0058_Wat,417.2048604
38,Sample_S19S_0058_Wat,418.0779721
15,Sample_S19S_0058_Wat,418.1144292
21,Sample_S19S_0058_Wat,419.0256123
30,Sample_S19S_0058_Wat,419.0619721
12,Sample_S19S_0058_Wat,419.0982983
4,Sample_S19S_0058_Wat,419.1113471
76,Sample_S19S_0058_Wat,419.1347745
19,Sample_S19S_0058_Wat,419.1478319
37,Sample_S19S_0058_Wat,419.1711927
22,Sample_S19S_0058_Wat,419.1842051
35,Sample_S19S_0058_Wat,419.207525
34,Sample_S19S_0058_Wat,420.0572817
37,Sample_S19S_0058_Wat,421.0412704
16,Sample_S19S_0058_Wat,421.0777047
13,Sample_S19S_0058_Wat,421.0906648
78,Sample_S19S_0058_Wat,421.1140346
68,Sample_S19S_0058_Wat,421.1504292
1,Sample_S19S_0058_Wat,421.1552081
19,Sample_S19S_0058_Wat,421.1634511
10,Sample_S19S_0058_Wat,421.1868654
1,Sample_S19S_0058_Wat,421.2265386
40,Sample_S19S_0058_Wat,422.0728802
25,Sample_S19S_0058_Wat,422.1093338
43,Sample_S19S_0058_Wat,423.0569089
23,Sample_S19S_0058_Wat,423.093231
6,Sample_S19S_0058_Wat,423.1046157
90,Sample_S19S_0058_Wat,423.1296813
21,Sample_S19S_0058_Wat,423.1661225
16,Sample_S19S_0058_Wat,423.179095
34,Sample_S19S_0058_Wat,423.2024382
2,Sample_S19S_0058_Wat,424.0886497
30,Sample_S19S_0058_Wat,424.1249783
32,Sample_S19S_0058_Wat,425.0361852
10,Sample_S19S_0058_Wat,425.0724714
16,Sample_S19S_0058_Wat,425.1008972
45,Sample_S19S_0058_Wat,425.1089252
3,Sample_S19S_0058_Wat,425.120287
11,Sample_S19S_0058_Wat,425.1453873
38,Sample_S19S_0058_Wat,425.1816982
54,Sample_S19S_0058_Wat,426.1405881
9,Sample_S19S_0058_Wat,427.0518808
7,Sample_S19S_0058_Wat,427.0801714
36,Sample_S19S_0058_Wat,427.088175
15,Sample_S19S_0058_Wat,427.1165345
71,Sample_S19S_0058_Wat,427.1245871
1,Sample_S19S_0058_Wat,427.1610597
22,Sample_S19S_0058_Wat,427.1973395
16,Sample_S19S_0058_Wat,429.0463286
34,Sample_S19S_0058_Wat,429.067488
5,Sample_S19S_0058_Wat,429.1039457
57,Sample_S19S_0058_Wat,429.1402424
24,Sample_S19S_0058_Wat,429.1685491
15,Sample_S19S_0058_Wat,429.1765924
9,Sample_S19S_0058_Wat,431.0256563
39,Sample_S19S_0058_Wat,431.0620177
31,Sample_S19S_0058_Wat,431.083125
54,Sample_S19S_0058_Wat,431.098388
12,Sample_S19S_0058_Wat,431.1113826
28,Sample_S19S_0058_Wat,431.1347291
24,Sample_S19S_0058_Wat,431.1477957
30,Sample_S19S_0058_Wat,431.1711879
5,Sample_S19S_0058_Wat,432.0573233
61,Sample_S19S_0058_Wat,432.093661
26,Sample_S19S_0058_Wat,433.0412948
53,Sample_S19S_0058_Wat,433.077665
10,Sample_S19S_0058_Wat,433.0906617
8,Sample_S19S_0058_Wat,433.0986887
19,Sample_S19S_0058_Wat,433.1139658
4,Sample_S19S_0058_Wat,433.1269982
26,Sample_S19S_0058_Wat,433.1503758
23,Sample_S19S_0058_Wat,433.1634586
25,Sample_S19S_0058_Wat,433.1868494
8,Sample_S19S_0058_Wat,433.1998888
8,Sample_S19S_0058_Wat,434.072975
15,Sample_S19S_0058_Wat,434.1093421
5,Sample_S19S_0058_Wat,435.0204588
29,Sample_S19S_0058_Wat,435.0569041
67,Sample_S19S_0058_Wat,435.093324
25,Sample_S19S_0058_Wat,435.1296329
2,Sample_S19S_0058_Wat,435.1426364
15,Sample_S19S_0058_Wat,435.1659973
12,Sample_S19S_0058_Wat,435.1790631
38,Sample_S19S_0058_Wat,435.2024665
19,Sample_S19S_0058_Wat,436.0886111
4,Sample_S19S_0058_Wat,436.1250197
14,Sample_S19S_0058_Wat,437.072483
22,Sample_S19S_0058_Wat,437.1088959
52,Sample_S19S_0058_Wat,437.1453651
16,Sample_S19S_0058_Wat,437.158378
45,Sample_S19S_0058_Wat,437.1817485
11,Sample_S19S_0058_Wat,438.0678822
63,Sample_S19S_0058_Wat,438.1405683
9,Sample_S19S_0058_Wat,439.051737
60,Sample_S19S_0058_Wat,439.0882098
71,Sample_S19S_0058_Wat,439.1246064
13,Sample_S19S_0058_Wat,439.1529344
24,Sample_S19S_0058_Wat,439.1609425
18,Sample_S19S_0058_Wat,439.1892886
10,Sample_S19S_0058_Wat,439.1973056
28,Sample_S19S_0058_Wat,440.0834468
27,Sample_S19S_0058_Wat,440.1198163
25,Sample_S19S_0058_Wat,441.0674409
27,Sample_S19S_0058_Wat,441.1039049
49,Sample_S19S_0058_Wat,441.1402285
12,Sample_S19S_0058_Wat,441.168514
11,Sample_S19S_0058_Wat,441.1765589
10,Sample_S19S_0058_Wat,441.2049192
7,Sample_S19S_0058_Wat,442.0990637
16,Sample_S19S_0058_Wat,442.135461
9,Sample_S19S_0058_Wat,443.0749837
24,Sample_S19S_0058_Wat,443.0830557
24,Sample_S19S_0058_Wat,443.0984287
15,Sample_S19S_0058_Wat,443.1114516
58,Sample_S19S_0058_Wat,443.119518
15,Sample_S19S_0058_Wat,443.1478565
47,Sample_S19S_0058_Wat,443.1558944
22,Sample_S19S_0058_Wat,443.1841796
15,Sample_S19S_0058_Wat,444.093696
12,Sample_S19S_0058_Wat,444.1299715
20,Sample_S19S_0058_Wat,445.0412697
28,Sample_S19S_0058_Wat,445.0776178
7,Sample_S19S_0058_Wat,445.0986624
12,Sample_S19S_0058_Wat,445.1139537
11,Sample_S19S_0058_Wat,445.127011
4,Sample_S19S_0058_Wat,445.1350548
24,Sample_S19S_0058_Wat,445.1503907
29,Sample_S19S_0058_Wat,445.1634705
31,Sample_S19S_0058_Wat,445.1868428
11,Sample_S19S_0058_Wat,446.0728598
41,Sample_S19S_0058_Wat,446.1092739
5,Sample_S19S_0058_Wat,447.056785
12,Sample_S19S_0058_Wat,447.09323
63,Sample_S19S_0058_Wat,447.1297048
23,Sample_S19S_0058_Wat,447.1427418
64,Sample_S19S_0058_Wat,447.1660641
20,Sample_S19S_0058_Wat,447.179104
7,Sample_S19S_0058_Wat,447.2023724
55,Sample_S19S_0058_Wat,448.088573
5,Sample_S19S_0058_Wat,449.0360637
16,Sample_S19S_0058_Wat,449.0724952
73,Sample_S19S_0058_Wat,449.1089599
73,Sample_S19S_0058_Wat,449.1453221
20,Sample_S19S_0058_Wat,449.1583358
14,Sample_S19S_0058_Wat,449.1816462
1,Sample_S19S_0058_Wat,449.1946593
7,Sample_S19S_0058_Wat,451.0517204
32,Sample_S19S_0058_Wat,451.0881744
50,Sample_S19S_0058_Wat,451.124616
28,Sample_S19S_0058_Wat,451.1609528
6,Sample_S19S_0058_Wat,451.1739524
4,Sample_S19S_0058_Wat,451.1972791
32,Sample_S19S_0058_Wat,452.0834394
15,Sample_S19S_0058_Wat,452.1199139
15,Sample_S19S_0058_Wat,453.0673983
9,Sample_S19S_0058_Wat,453.0957146
14,Sample_S19S_0058_Wat,453.1037558
14,Sample_S19S_0058_Wat,453.1321972
34,Sample_S19S_0058_Wat,453.140211
1,Sample_S19S_0058_Wat,453.1686448
52,Sample_S19S_0058_Wat,453.1766436
9,Sample_S19S_0058_Wat,453.2049759
30,Sample_S19S_0058_Wat,455.0467468
40,Sample_S19S_0058_Wat,455.0831528
12,Sample_S19S_0058_Wat,455.111472
33,Sample_S19S_0058_Wat,455.1194736
14,Sample_S19S_0058_Wat,455.14777
9,Sample_S19S_0058_Wat,455.1558023
11,Sample_S19S_0058_Wat,455.1841535
23,Sample_S19S_0058_Wat,457.0624071
10,Sample_S19S_0058_Wat,457.0776174
4,Sample_S19S_0058_Wat,457.0906483
14,Sample_S19S_0058_Wat,457.0986905
18,Sample_S19S_0058_Wat,457.1139922
9,Sample_S19S_0058_Wat,457.1270095
11,Sample_S19S_0058_Wat,457.1350642
18,Sample_S19S_0058_Wat,457.1634444
22,Sample_S19S_0058_Wat,457.1715231
10,Sample_S19S_0058_Wat,457.1998933
10,Sample_S19S_0058_Wat,459.0568713
15,Sample_S19S_0058_Wat,459.0932353
10,Sample_S19S_0058_Wat,459.1062882
16,Sample_S19S_0058_Wat,459.1143457
44,Sample_S19S_0058_Wat,459.1296693
26,Sample_S19S_0058_Wat,459.142719
34,Sample_S19S_0058_Wat,459.1508169
31,Sample_S19S_0058_Wat,459.1661042
3,Sample_S19S_0058_Wat,459.2155229
41,Sample_S19S_0058_Wat,460.0885829
13,Sample_S19S_0058_Wat,460.1612688
19,Sample_S19S_0058_Wat,461.036196
17,Sample_S19S_0058_Wat,461.0725007
8,Sample_S19S_0058_Wat,461.1088271
3,Sample_S19S_0058_Wat,461.1218899
16,Sample_S19S_0058_Wat,461.1452647
20,Sample_S19S_0058_Wat,461.1583343
28,Sample_S19S_0058_Wat,461.1817537
9,Sample_S19S_0058_Wat,461.1948089
12,Sample_S19S_0058_Wat,462.1042629
33,Sample_S19S_0058_Wat,463.0518315
37,Sample_S19S_0058_Wat,463.0881954
11,Sample_S19S_0058_Wat,463.124491
5,Sample_S19S_0058_Wat,463.1608564
5,Sample_S19S_0058_Wat,463.1739081
8,Sample_S19S_0058_Wat,463.1972938
25,Sample_S19S_0058_Wat,464.1198095
8,Sample_S19S_0058_Wat,465.06738
31,Sample_S19S_0058_Wat,465.1038259
53,Sample_S19S_0058_Wat,465.1766182
5,Sample_S19S_0058_Wat,465.2129596
47,Sample_S19S_0058_Wat,466.1355201
31,Sample_S19S_0058_Wat,467.0467531
38,Sample_S19S_0058_Wat,467.0831629
42,Sample_S19S_0058_Wat,467.1195422
19,Sample_S19S_0058_Wat,467.1478261
21,Sample_S19S_0058_Wat,467.1558326
7,Sample_S19S_0058_Wat,467.1921933
7,Sample_S19S_0058_Wat,467.220621
24,Sample_S19S_0058_Wat,468.1147294
24,Sample_S19S_0058_Wat,469.062394
16,Sample_S19S_0058_Wat,469.0986993
9,Sample_S19S_0058_Wat,469.1350525
9,Sample_S19S_0058_Wat,469.1633964
17,Sample_S19S_0058_Wat,469.199861
22,Sample_S19S_0058_Wat,471.0569384
26,Sample_S19S_0058_Wat,471.0780166
8,Sample_S19S_0058_Wat,471.106291
7,Sample_S19S_0058_Wat,471.1426129
6,Sample_S19S_0058_Wat,471.1506882
15,Sample_S19S_0058_Wat,471.1790652
29,Sample_S19S_0058_Wat,473.0937108
48,Sample_S19S_0058_Wat,473.1089772
17,Sample_S19S_0058_Wat,473.121993
10,Sample_S19S_0058_Wat,473.1300234
16,Sample_S19S_0058_Wat,473.1452829
7,Sample_S19S_0058_Wat,473.1582831
6,Sample_S19S_0058_Wat,473.1946924
7,Sample_S19S_0058_Wat,475.0517049
19,Sample_S19S_0058_Wat,475.0881586
10,Sample_S19S_0058_Wat,475.1012806
55,Sample_S19S_0058_Wat,475.1245966
22,Sample_S19S_0058_Wat,475.1376596
58,Sample_S19S_0058_Wat,475.1609843
18,Sample_S19S_0058_Wat,475.1739813
8,Sample_S19S_0058_Wat,475.1973043
23,Sample_S19S_0058_Wat,476.1198125
34,Sample_S19S_0058_Wat,477.0674882
14,Sample_S19S_0058_Wat,477.1037802
3,Sample_S19S_0058_Wat,477.1401075
4,Sample_S19S_0058_Wat,477.1531747
9,Sample_S19S_0058_Wat,477.1765167
30,Sample_S19S_0058_Wat,477.2130039
52,Sample_S19S_0058_Wat,478.0991507
12,Sample_S19S_0058_Wat,479.0830028
30,Sample_S19S_0058_Wat,479.1194663
53,Sample_S19S_0058_Wat,479.1559168
38,Sample_S19S_0058_Wat,479.1923063
8,Sample_S19S_0058_Wat,480.151082
12,Sample_S19S_0058_Wat,481.0623379
42,Sample_S19S_0058_Wat,481.0987747
60,Sample_S19S_0058_Wat,481.1351677
13,Sample_S19S_0058_Wat,481.1634867
42,Sample_S19S_0058_Wat,481.1715313
7,Sample_S19S_0058_Wat,481.2078283
3,Sample_S19S_0058_Wat,482.1302914
24,Sample_S19S_0058_Wat,483.0780208
37,Sample_S19S_0058_Wat,483.1144642
24,Sample_S19S_0058_Wat,483.1508531
9,Sample_S19S_0058_Wat,483.1791639
21,Sample_S19S_0058_Wat,483.1871699
12,Sample_S19S_0058_Wat,483.2154832
17,Sample_S19S_0058_Wat,485.0936172
13,Sample_S19S_0058_Wat,485.1220307
38,Sample_S19S_0058_Wat,485.1300644
11,Sample_S19S_0058_Wat,485.1584131
29,Sample_S19S_0058_Wat,485.1664901
9,Sample_S19S_0058_Wat,485.1948096
1,Sample_S19S_0058_Wat,485.2310607
11,Sample_S19S_0058_Wat,487.051792
12,Sample_S19S_0058_Wat,487.072871
4,Sample_S19S_0058_Wat,487.088118
9,Sample_S19S_0058_Wat,487.1011949
4,Sample_S19S_0058_Wat,487.1092152
5,Sample_S19S_0058_Wat,487.1244947
10,Sample_S19S_0058_Wat,487.1375846
7,Sample_S19S_0058_Wat,487.1456408
42,Sample_S19S_0058_Wat,487.1609704
14,Sample_S19S_0058_Wat,487.1740711
17,Sample_S19S_0058_Wat,487.1974177
1,Sample_S19S_0058_Wat,487.2104698
30,Sample_S19S_0058_Wat,489.067487
19,Sample_S19S_0058_Wat,489.1039118
23,Sample_S19S_0058_Wat,489.1402055
16,Sample_S19S_0058_Wat,489.1532671
5,Sample_S19S_0058_Wat,489.1765226
3,Sample_S19S_0058_Wat,489.2128864
4,Sample_S19S_0058_Wat,491.0466906
13,Sample_S19S_0058_Wat,491.0830123
6,Sample_S19S_0058_Wat,491.1193786
11,Sample_S19S_0058_Wat,491.1325378
17,Sample_S19S_0058_Wat,491.1558203
16,Sample_S19S_0058_Wat,491.1689084
40,Sample_S19S_0058_Wat,491.1922945
7,Sample_S19S_0058_Wat,493.0622921
18,Sample_S19S_0058_Wat,493.098712
62,Sample_S19S_0058_Wat,493.1351653
41,Sample_S19S_0058_Wat,493.1715856
25,Sample_S19S_0058_Wat,495.0780179
38,Sample_S19S_0058_Wat,495.1144449
46,Sample_S19S_0058_Wat,495.1507984
10,Sample_S19S_0058_Wat,497.0572968
6,Sample_S19S_0058_Wat,497.0937782
6,Sample_S19S_0058_Wat,497.1301476
21,Sample_S19S_0058_Wat,497.1947705
11,Sample_S19S_0058_Wat,498.1253978
12,Sample_S19S_0058_Wat,499.0728848
30,Sample_S19S_0058_Wat,499.1093112
2,Sample_S19S_0058_Wat,499.1377212
40,Sample_S19S_0058_Wat,499.1457371
12,Sample_S19S_0058_Wat,499.1740741
18,Sample_S19S_0058_Wat,499.2104255
9,Sample_S19S_0058_Wat,501.0885018
5,Sample_S19S_0058_Wat,501.1037301
7,Sample_S19S_0058_Wat,501.116864
3,Sample_S19S_0058_Wat,501.1248479
15,Sample_S19S_0058_Wat,501.1401768
24,Sample_S19S_0058_Wat,501.1532967
38,Sample_S19S_0058_Wat,501.1766253
23,Sample_S19S_0058_Wat,501.1896846
38,Sample_S19S_0058_Wat,503.1195309
17,Sample_S19S_0058_Wat,503.1558462
5,Sample_S19S_0058_Wat,503.1921795
1,Sample_S19S_0058_Wat,505.0622503
12,Sample_S19S_0058_Wat,505.098662
14,Sample_S19S_0058_Wat,505.1350781
56,Sample_S19S_0058_Wat,505.1715425
17,Sample_S19S_0058_Wat,505.2079802
22,Sample_S19S_0058_Wat,507.0780238
35,Sample_S19S_0058_Wat,507.1144464
49,Sample_S19S_0058_Wat,507.1508255
25,Sample_S19S_0058_Wat,509.0937287
36,Sample_S19S_0058_Wat,509.1300451
27,Sample_S19S_0058_Wat,511.0729714
16,Sample_S19S_0058_Wat,513.0885835
12,Sample_S19S_0058_Wat,513.1248843
3,Sample_S19S_0058_Wat,513.1612236
5,Sample_S19S_0058_Wat,513.1895585
23,Sample_S19S_0058_Wat,515.083157
18,Sample_S19S_0058_Wat,515.1042917
28,Sample_S19S_0058_Wat,515.1194964
12,Sample_S19S_0058_Wat,515.1405768
8,Sample_S19S_0058_Wat,515.155816
9,Sample_S19S_0058_Wat,515.1688778
5,Sample_S19S_0058_Wat,517.098859
5,Sample_S19S_0058_Wat,517.1352552
6,Sample_S19S_0058_Wat,517.171616
36,Sample_S19S_0058_Wat,517.2079237
9,Sample_S19S_0058_Wat,519.1143103
17,Sample_S19S_0058_Wat,519.1507584
38,Sample_S19S_0058_Wat,519.1872205
18,Sample_S19S_0058_Wat,521.0937324
35,Sample_S19S_0058_Wat,521.1301011
16,Sample_S19S_0058_Wat,521.1663968
3,Sample_S19S_0058_Wat,521.2027235
3,Sample_S19S_0058_Wat,523.1091901
10,Sample_S19S_0058_Wat,523.1456062
17,Sample_S19S_0058_Wat,523.1820717
17,Sample_S19S_0058_Wat,525.0885729
27,Sample_S19S_0058_Wat,525.1250197
33,Sample_S19S_0058_Wat,525.1614051
2,Sample_S19S_0058_Wat,527.1043114
32,Sample_S19S_0058_Wat,527.1406475
15,Sample_S19S_0058_Wat,527.1689685
16,Sample_S19S_0058_Wat,529.184567
25,Sample_S19S_0058_Wat,531.1507766
1,Sample_S19S_0058_Wat,531.2996826
8,Sample_S19S_0058_Wat,533.0937827
15,Sample_S19S_0058_Wat,533.1301236
44,Sample_S19S_0058_Wat,533.166456
9,Sample_S19S_0058_Wat,533.2027587
3,Sample_S19S_0058_Wat,535.1094222
4,Sample_S19S_0058_Wat,535.1458132
9,Sample_S19S_0058_Wat,535.1821751
10,Sample_S19S_0058_Wat,537.0884904
23,Sample_S19S_0058_Wat,537.1249315
38,Sample_S19S_0058_Wat,537.161382
9,Sample_S19S_0058_Wat,537.1978101
14,Sample_S19S_0058_Wat,539.1042196
17,Sample_S19S_0058_Wat,539.1405618
4,Sample_S19S_0058_Wat,539.1768779
5,Sample_S19S_0058_Wat,543.2001267
1,Sample_S19S_0058_Wat,547.1822164
5,Sample_S19S_0058_Wat,549.0887119
8,Sample_S19S_0058_Wat,549.1250923
8,Sample_S19S_0058_Wat,549.1614413
29,Sample_S19S_0058_Wat,549.1977663
20,Sample_S19S_0058_Wat,551.140683
19,Sample_S19S_0058_Wat,551.1769906
5,Sample_S19S_0058_Wat,551.2133063
2,Sample_S19S_0058_Wat,553.1199748
37,Sample_S19S_0058_Wat,553.1562956
13,Sample_S19S_0058_Wat,553.1925971
4,Sample_S19S_0058_Wat,555.1356619
1,Sample_S19S_0058_Wat,563.140767
3,Sample_S19S_0058_Wat,563.1771352
2,Sample_S19S_0058_Wat,575.1043617
19,Sample_S19S_0058_Wat,593.1875846
9,Sample_S19S_0058_Wat,595.1667494
