num.trans.involved.in,sample,peak
23,Sample_S19S_0022_Wat,201.0768122
18,Sample_S19S_0022_Wat,201.1131969
19,Sample_S19S_0022_Wat,205.0505947
5,Sample_S19S_0022_Wat,205.1597578
23,Sample_S19S_0022_Wat,209.0455114
26,Sample_S19S_0022_Wat,209.0818981
36,Sample_S19S_0022_Wat,211.0247874
34,Sample_S19S_0022_Wat,211.0611736
20,Sample_S19S_0022_Wat,213.0404285
30,Sample_S19S_0022_Wat,213.0768216
26,Sample_S19S_0022_Wat,215.0560786
26,Sample_S19S_0022_Wat,215.0924726
16,Sample_S19S_0022_Wat,215.1288446
23,Sample_S19S_0022_Wat,217.1081169
14,Sample_S19S_0022_Wat,219.0662407
17,Sample_S19S_0022_Wat,221.0818912
33,Sample_S19S_0022_Wat,223.0247931
14,Sample_S19S_0022_Wat,223.0611523
58,Sample_S19S_0022_Wat,225.0404494
43,Sample_S19S_0022_Wat,225.0768195
12,Sample_S19S_0022_Wat,225.1131873
26,Sample_S19S_0022_Wat,227.056079
34,Sample_S19S_0022_Wat,227.092466
25,Sample_S19S_0022_Wat,227.1288722
31,Sample_S19S_0022_Wat,229.0717413
25,Sample_S19S_0022_Wat,229.1081151
18,Sample_S19S_0022_Wat,229.14452
31,Sample_S19S_0022_Wat,231.0873835
34,Sample_S19S_0022_Wat,233.0455307
34,Sample_S19S_0022_Wat,233.0819208
6,Sample_S19S_0022_Wat,233.1546845
33,Sample_S19S_0022_Wat,235.0247912
49,Sample_S19S_0022_Wat,235.0611873
39,Sample_S19S_0022_Wat,237.0404421
54,Sample_S19S_0022_Wat,237.0768351
36,Sample_S19S_0022_Wat,237.1132227
78,Sample_S19S_0022_Wat,239.0561117
4,Sample_S19S_0022_Wat,239.0673352
75,Sample_S19S_0022_Wat,239.092497
38,Sample_S19S_0022_Wat,239.1288753
59,Sample_S19S_0022_Wat,241.03537
38,Sample_S19S_0022_Wat,241.0717422
10,Sample_S19S_0022_Wat,242.139775
3,Sample_S19S_0022_Wat,242.1761465
60,Sample_S19S_0022_Wat,243.0510224
34,Sample_S19S_0022_Wat,243.0873816
14,Sample_S19S_0022_Wat,243.1237626
70,Sample_S19S_0022_Wat,245.0455587
3,Sample_S19S_0022_Wat,245.0489119
75,Sample_S19S_0022_Wat,245.0666847
48,Sample_S19S_0022_Wat,245.0819342
53,Sample_S19S_0022_Wat,245.1030642
36,Sample_S19S_0022_Wat,247.024801
67,Sample_S19S_0022_Wat,247.0612011
66,Sample_S19S_0022_Wat,247.0975945
74,Sample_S19S_0022_Wat,249.0404675
80,Sample_S19S_0022_Wat,249.0768527
65,Sample_S19S_0022_Wat,251.0197332
57,Sample_S19S_0022_Wat,251.0560986
103,Sample_S19S_0022_Wat,251.0925063
40,Sample_S19S_0022_Wat,251.1289035
87,Sample_S19S_0022_Wat,253.0353983
107,Sample_S19S_0022_Wat,253.0717756
36,Sample_S19S_0022_Wat,253.1081345
35,Sample_S19S_0022_Wat,253.1445337
84,Sample_S19S_0022_Wat,255.0510433
94,Sample_S19S_0022_Wat,255.0874163
33,Sample_S19S_0022_Wat,255.1237776
69,Sample_S19S_0022_Wat,257.030304
53,Sample_S19S_0022_Wat,257.0455598
83,Sample_S19S_0022_Wat,257.0666765
55,Sample_S19S_0022_Wat,257.1030521
39,Sample_S19S_0022_Wat,257.1394516
6,Sample_S19S_0022_Wat,258.1347123
73,Sample_S19S_0022_Wat,259.0459547
62,Sample_S19S_0022_Wat,259.0612028
77,Sample_S19S_0022_Wat,259.0823405
50,Sample_S19S_0022_Wat,259.1187072
61,Sample_S19S_0022_Wat,261.040468
86,Sample_S19S_0022_Wat,261.0768598
56,Sample_S19S_0022_Wat,261.1132477
41,Sample_S19S_0022_Wat,263.019721
82,Sample_S19S_0022_Wat,263.0561329
41,Sample_S19S_0022_Wat,263.0924815
39,Sample_S19S_0022_Wat,263.128908
83,Sample_S19S_0022_Wat,265.0353938
77,Sample_S19S_0022_Wat,265.0717855
88,Sample_S19S_0022_Wat,265.1081545
31,Sample_S19S_0022_Wat,265.1445692
2,Sample_S19S_0022_Wat,265.1479151
64,Sample_S19S_0022_Wat,267.0146829
101,Sample_S19S_0022_Wat,267.0510336
93,Sample_S19S_0022_Wat,267.0874299
74,Sample_S19S_0022_Wat,267.123805
30,Sample_S19S_0022_Wat,267.1601848
70,Sample_S19S_0022_Wat,269.0303205
104,Sample_S19S_0022_Wat,269.0666802
82,Sample_S19S_0022_Wat,269.1030627
43,Sample_S19S_0022_Wat,269.1394657
63,Sample_S19S_0022_Wat,271.0459737
19,Sample_S19S_0022_Wat,271.061176
77,Sample_S19S_0022_Wat,271.0823212
71,Sample_S19S_0022_Wat,271.118718
21,Sample_S19S_0022_Wat,271.1551343
61,Sample_S19S_0022_Wat,273.040478
66,Sample_S19S_0022_Wat,273.061591
71,Sample_S19S_0022_Wat,273.0768603
69,Sample_S19S_0022_Wat,273.0979879
28,Sample_S19S_0022_Wat,273.1343844
61,Sample_S19S_0022_Wat,275.0197425
71,Sample_S19S_0022_Wat,275.0561155
72,Sample_S19S_0022_Wat,275.0772487
76,Sample_S19S_0022_Wat,275.0925149
80,Sample_S19S_0022_Wat,277.0354157
81,Sample_S19S_0022_Wat,277.0717892
84,Sample_S19S_0022_Wat,277.1081544
47,Sample_S19S_0022_Wat,277.1445377
30,Sample_S19S_0022_Wat,278.0670289
38,Sample_S19S_0022_Wat,279.0146331
84,Sample_S19S_0022_Wat,279.0510516
56,Sample_S19S_0022_Wat,279.0874539
55,Sample_S19S_0022_Wat,279.1238221
3,Sample_S19S_0022_Wat,279.1635618
83,Sample_S19S_0022_Wat,281.0303339
104,Sample_S19S_0022_Wat,281.0666829
58,Sample_S19S_0022_Wat,281.1030502
61,Sample_S19S_0022_Wat,281.1394597
98,Sample_S19S_0022_Wat,283.0459554
67,Sample_S19S_0022_Wat,283.0823169
92,Sample_S19S_0022_Wat,283.118715
32,Sample_S19S_0022_Wat,283.1551309
36,Sample_S19S_0022_Wat,284.0776208
64,Sample_S19S_0022_Wat,285.025228
48,Sample_S19S_0022_Wat,285.0404866
70,Sample_S19S_0022_Wat,285.0616357
48,Sample_S19S_0022_Wat,285.0768513
30,Sample_S19S_0022_Wat,285.0980306
8,Sample_S19S_0022_Wat,285.1262347
47,Sample_S19S_0022_Wat,285.1343948
57,Sample_S19S_0022_Wat,287.0408776
61,Sample_S19S_0022_Wat,287.0561351
78,Sample_S19S_0022_Wat,287.0772537
61,Sample_S19S_0022_Wat,287.0925228
71,Sample_S19S_0022_Wat,287.1136282
42,Sample_S19S_0022_Wat,287.150015
68,Sample_S19S_0022_Wat,289.0354029
63,Sample_S19S_0022_Wat,289.0565242
90,Sample_S19S_0022_Wat,289.0717704
61,Sample_S19S_0022_Wat,289.0929075
59,Sample_S19S_0022_Wat,289.1081489
54,Sample_S19S_0022_Wat,291.0146759
88,Sample_S19S_0022_Wat,291.0510416
76,Sample_S19S_0022_Wat,291.0874132
59,Sample_S19S_0022_Wat,291.1237966
39,Sample_S19S_0022_Wat,291.1601932
81,Sample_S19S_0022_Wat,293.0303357
85,Sample_S19S_0022_Wat,293.0667099
102,Sample_S19S_0022_Wat,293.1030793
70,Sample_S19S_0022_Wat,293.1394564
9,Sample_S19S_0022_Wat,293.1757942
26,Sample_S19S_0022_Wat,294.0619153
41,Sample_S19S_0022_Wat,295.0095496
84,Sample_S19S_0022_Wat,295.0459444
110,Sample_S19S_0022_Wat,295.0823376
101,Sample_S19S_0022_Wat,295.1187213
9,Sample_S19S_0022_Wat,295.1398774
45,Sample_S19S_0022_Wat,295.1550986
30,Sample_S19S_0022_Wat,296.0775656
21,Sample_S19S_0022_Wat,296.1139469
73,Sample_S19S_0022_Wat,297.025237
87,Sample_S19S_0022_Wat,297.0616262
58,Sample_S19S_0022_Wat,297.0980154
39,Sample_S19S_0022_Wat,297.1344063
1,Sample_S19S_0022_Wat,297.1529844
18,Sample_S19S_0022_Wat,297.1707937
35,Sample_S19S_0022_Wat,298.0568737
30,Sample_S19S_0022_Wat,298.0932671
65,Sample_S19S_0022_Wat,299.0408894
58,Sample_S19S_0022_Wat,299.05613
92,Sample_S19S_0022_Wat,299.0772616
45,Sample_S19S_0022_Wat,299.0924991
73,Sample_S19S_0022_Wat,299.1136455
58,Sample_S19S_0022_Wat,299.1500243
34,Sample_S19S_0022_Wat,300.0725
61,Sample_S19S_0022_Wat,301.0353903
61,Sample_S19S_0022_Wat,301.0565488
50,Sample_S19S_0022_Wat,301.071792
55,Sample_S19S_0022_Wat,301.092932
29,Sample_S19S_0022_Wat,301.1081829
44,Sample_S19S_0022_Wat,301.129318
31,Sample_S19S_0022_Wat,301.1656955
12,Sample_S19S_0022_Wat,302.1245742
49,Sample_S19S_0022_Wat,303.0146906
48,Sample_S19S_0022_Wat,303.0357821
73,Sample_S19S_0022_Wat,303.0510433
70,Sample_S19S_0022_Wat,303.0721573
67,Sample_S19S_0022_Wat,303.0874395
74,Sample_S19S_0022_Wat,303.1085414
53,Sample_S19S_0022_Wat,303.1238249
28,Sample_S19S_0022_Wat,304.0462877
27,Sample_S19S_0022_Wat,304.0826613
5,Sample_S19S_0022_Wat,304.1402446
74,Sample_S19S_0022_Wat,305.0303157
95,Sample_S19S_0022_Wat,305.0666877
81,Sample_S19S_0022_Wat,305.1030852
58,Sample_S19S_0022_Wat,305.1394662
42,Sample_S19S_0022_Wat,307.0095853
92,Sample_S19S_0022_Wat,307.0459779
66,Sample_S19S_0022_Wat,307.0823737
45,Sample_S19S_0022_Wat,307.1187572
34,Sample_S19S_0022_Wat,307.1551342
44,Sample_S19S_0022_Wat,308.0412303
40,Sample_S19S_0022_Wat,308.0775973
33,Sample_S19S_0022_Wat,308.1139545
79,Sample_S19S_0022_Wat,309.0252469
114,Sample_S19S_0022_Wat,309.0616036
103,Sample_S19S_0022_Wat,309.0979773
77,Sample_S19S_0022_Wat,309.1343649
36,Sample_S19S_0022_Wat,309.1707647
3,Sample_S19S_0022_Wat,309.1741269
37,Sample_S19S_0022_Wat,310.0932206
83,Sample_S19S_0022_Wat,311.0408991
96,Sample_S19S_0022_Wat,311.0772659
118,Sample_S19S_0022_Wat,311.1136352
59,Sample_S19S_0022_Wat,311.1500195
41,Sample_S19S_0022_Wat,312.0725103
53,Sample_S19S_0022_Wat,313.0201379
37,Sample_S19S_0022_Wat,313.0353909
73,Sample_S19S_0022_Wat,313.0565398
33,Sample_S19S_0022_Wat,313.071764
73,Sample_S19S_0022_Wat,313.0929245
52,Sample_S19S_0022_Wat,313.1081574
62,Sample_S19S_0022_Wat,313.1293014
40,Sample_S19S_0022_Wat,314.0881771
62,Sample_S19S_0022_Wat,315.035781
61,Sample_S19S_0022_Wat,315.0510397
66,Sample_S19S_0022_Wat,315.0721791
31,Sample_S19S_0022_Wat,315.0873994
53,Sample_S19S_0022_Wat,315.1085755
57,Sample_S19S_0022_Wat,315.1238052
44,Sample_S19S_0022_Wat,315.1449559
28,Sample_S19S_0022_Wat,316.0826874
35,Sample_S19S_0022_Wat,316.1038062
60,Sample_S19S_0022_Wat,317.0303382
60,Sample_S19S_0022_Wat,317.0514233
79,Sample_S19S_0022_Wat,317.0666936
78,Sample_S19S_0022_Wat,317.0878157
53,Sample_S19S_0022_Wat,317.1030588
40,Sample_S19S_0022_Wat,317.124227
58,Sample_S19S_0022_Wat,317.1394552
19,Sample_S19S_0022_Wat,318.0255948
42,Sample_S19S_0022_Wat,318.0619419
13,Sample_S19S_0022_Wat,318.0831173
13,Sample_S19S_0022_Wat,318.1194966
41,Sample_S19S_0022_Wat,319.009608
23,Sample_S19S_0022_Wat,319.0460069
79,Sample_S19S_0022_Wat,319.0823624
31,Sample_S19S_0022_Wat,319.103481
82,Sample_S19S_0022_Wat,319.1187158
50,Sample_S19S_0022_Wat,319.1551015
32,Sample_S19S_0022_Wat,320.0412195
35,Sample_S19S_0022_Wat,320.0776287
14,Sample_S19S_0022_Wat,320.0987676
6,Sample_S19S_0022_Wat,320.1351354
67,Sample_S19S_0022_Wat,321.0252313
72,Sample_S19S_0022_Wat,321.0616406
44,Sample_S19S_0022_Wat,321.0980285
65,Sample_S19S_0022_Wat,321.1343949
38,Sample_S19S_0022_Wat,321.1707672
47,Sample_S19S_0022_Wat,322.0568903
41,Sample_S19S_0022_Wat,322.0932669
71,Sample_S19S_0022_Wat,323.0408542
108,Sample_S19S_0022_Wat,323.0772527
56,Sample_S19S_0022_Wat,323.1136726
51,Sample_S19S_0022_Wat,323.1500462
26,Sample_S19S_0022_Wat,323.1864241
40,Sample_S19S_0022_Wat,324.0361498
48,Sample_S19S_0022_Wat,324.0725027
40,Sample_S19S_0022_Wat,324.108871
2,Sample_S19S_0022_Wat,324.1664479
17,Sample_S19S_0022_Wat,325.0201894
85,Sample_S19S_0022_Wat,325.0565425
108,Sample_S19S_0022_Wat,325.0928926
75,Sample_S19S_0022_Wat,325.1292996
34,Sample_S19S_0022_Wat,325.1657004
1,Sample_S19S_0022_Wat,325.1842438
34,Sample_S19S_0022_Wat,326.0518083
44,Sample_S19S_0022_Wat,326.0881656
64,Sample_S19S_0022_Wat,327.035782
45,Sample_S19S_0022_Wat,327.0510536
69,Sample_S19S_0022_Wat,327.0722018
51,Sample_S19S_0022_Wat,327.0874372
68,Sample_S19S_0022_Wat,327.1085831
61,Sample_S19S_0022_Wat,327.1449492
35,Sample_S19S_0022_Wat,328.067419
48,Sample_S19S_0022_Wat,329.0303285
42,Sample_S19S_0022_Wat,329.0514722
24,Sample_S19S_0022_Wat,329.0667319
92,Sample_S19S_0022_Wat,329.0878075
53,Sample_S19S_0022_Wat,329.1030905
8,Sample_S19S_0022_Wat,329.1064332
56,Sample_S19S_0022_Wat,329.1242163
1,Sample_S19S_0022_Wat,329.152419
29,Sample_S19S_0022_Wat,331.0095615
40,Sample_S19S_0022_Wat,331.0459941
57,Sample_S19S_0022_Wat,331.0670688
63,Sample_S19S_0022_Wat,331.0823608
43,Sample_S19S_0022_Wat,331.1034998
72,Sample_S19S_0022_Wat,331.1187275
2,Sample_S19S_0022_Wat,331.122066
33,Sample_S19S_0022_Wat,332.0412408
46,Sample_S19S_0022_Wat,332.0775831
28,Sample_S19S_0022_Wat,333.0252702
40,Sample_S19S_0022_Wat,333.0616512
36,Sample_S19S_0022_Wat,333.08277
75,Sample_S19S_0022_Wat,333.0980074
35,Sample_S19S_0022_Wat,333.1344131
24,Sample_S19S_0022_Wat,333.1707943
42,Sample_S19S_0022_Wat,334.0568812
36,Sample_S19S_0022_Wat,334.0932769
9,Sample_S19S_0022_Wat,334.1144217
54,Sample_S19S_0022_Wat,335.0409093
91,Sample_S19S_0022_Wat,335.0772597
46,Sample_S19S_0022_Wat,335.1136067
57,Sample_S19S_0022_Wat,335.150042
30,Sample_S19S_0022_Wat,335.1864245
17,Sample_S19S_0022_Wat,336.0361684
22,Sample_S19S_0022_Wat,336.0725571
41,Sample_S19S_0022_Wat,336.1089144
59,Sample_S19S_0022_Wat,337.0201415
53,Sample_S19S_0022_Wat,337.0564852
15,Sample_S19S_0022_Wat,337.0695448
104,Sample_S19S_0022_Wat,337.0929176
100,Sample_S19S_0022_Wat,337.1292866
51,Sample_S19S_0022_Wat,337.1656867
8,Sample_S19S_0022_Wat,338.0518396
48,Sample_S19S_0022_Wat,338.0881798
64,Sample_S19S_0022_Wat,339.0357996
107,Sample_S19S_0022_Wat,339.0721726
112,Sample_S19S_0022_Wat,339.1085453
32,Sample_S19S_0022_Wat,339.1449816
34,Sample_S19S_0022_Wat,339.1813533
13,Sample_S19S_0022_Wat,340.0674792
39,Sample_S19S_0022_Wat,340.1038147
24,Sample_S19S_0022_Wat,341.0302897
69,Sample_S19S_0022_Wat,341.0514621
105,Sample_S19S_0022_Wat,341.0878109
22,Sample_S19S_0022_Wat,341.1031062
33,Sample_S19S_0022_Wat,341.12425
45,Sample_S19S_0022_Wat,341.1606173
30,Sample_S19S_0022_Wat,342.0467143
41,Sample_S19S_0022_Wat,342.0830768
31,Sample_S19S_0022_Wat,342.1194926
48,Sample_S19S_0022_Wat,343.0307124
46,Sample_S19S_0022_Wat,343.0459579
51,Sample_S19S_0022_Wat,343.067113
16,Sample_S19S_0022_Wat,343.0823925
12,Sample_S19S_0022_Wat,343.0857039
91,Sample_S19S_0022_Wat,343.1034685
40,Sample_S19S_0022_Wat,343.1187422
12,Sample_S19S_0022_Wat,343.1399075
34,Sample_S19S_0022_Wat,343.1762631
41,Sample_S19S_0022_Wat,344.0775907
28,Sample_S19S_0022_Wat,344.0987606
51,Sample_S19S_0022_Wat,345.0252491
47,Sample_S19S_0022_Wat,345.0463327
65,Sample_S19S_0022_Wat,345.0616254
51,Sample_S19S_0022_Wat,345.0827674
63,Sample_S19S_0022_Wat,345.0980089
42,Sample_S19S_0022_Wat,345.1191373
19,Sample_S19S_0022_Wat,345.1344288
24,Sample_S19S_0022_Wat,345.1555412
39,Sample_S19S_0022_Wat,345.170772
15,Sample_S19S_0022_Wat,346.0204903
29,Sample_S19S_0022_Wat,346.0569005
23,Sample_S19S_0022_Wat,346.07802
31,Sample_S19S_0022_Wat,346.1143644
13,Sample_S19S_0022_Wat,346.1507606
2,Sample_S19S_0022_Wat,346.2154294
65,Sample_S19S_0022_Wat,347.0408756
30,Sample_S19S_0022_Wat,347.0620279
93,Sample_S19S_0022_Wat,347.0772564
2,Sample_S19S_0022_Wat,347.0805924
23,Sample_S19S_0022_Wat,347.0903002
55,Sample_S19S_0022_Wat,347.0983726
40,Sample_S19S_0022_Wat,347.1136821
9,Sample_S19S_0022_Wat,347.1170036
65,Sample_S19S_0022_Wat,347.1500262
10,Sample_S19S_0022_Wat,347.1864695
22,Sample_S19S_0022_Wat,348.0725611
7,Sample_S19S_0022_Wat,348.1300774
2,Sample_S19S_0022_Wat,348.231087
58,Sample_S19S_0022_Wat,349.0201636
78,Sample_S19S_0022_Wat,349.0929209
21,Sample_S19S_0022_Wat,349.1059291
81,Sample_S19S_0022_Wat,349.129303
58,Sample_S19S_0022_Wat,349.1656793
13,Sample_S19S_0022_Wat,349.2021049
12,Sample_S19S_0022_Wat,350.0518357
9,Sample_S19S_0022_Wat,350.072928
61,Sample_S19S_0022_Wat,350.0881844
14,Sample_S19S_0022_Wat,350.1245924
68,Sample_S19S_0022_Wat,351.0357871
8,Sample_S19S_0022_Wat,351.0488144
78,Sample_S19S_0022_Wat,351.0721501
41,Sample_S19S_0022_Wat,351.1085115
21,Sample_S19S_0022_Wat,351.121581
46,Sample_S19S_0022_Wat,351.1449775
32,Sample_S19S_0022_Wat,351.1813076
19,Sample_S19S_0022_Wat,352.0674721
42,Sample_S19S_0022_Wat,352.1038206
24,Sample_S19S_0022_Wat,352.140233
52,Sample_S19S_0022_Wat,353.0150696
50,Sample_S19S_0022_Wat,353.0514753
106,Sample_S19S_0022_Wat,353.0878166
70,Sample_S19S_0022_Wat,353.124233
41,Sample_S19S_0022_Wat,353.1605629
27,Sample_S19S_0022_Wat,353.1970034
2,Sample_S19S_0022_Wat,353.2003494
37,Sample_S19S_0022_Wat,354.0467104
53,Sample_S19S_0022_Wat,354.0830704
42,Sample_S19S_0022_Wat,354.1194893
49,Sample_S19S_0022_Wat,355.0306981
33,Sample_S19S_0022_Wat,355.0459559
71,Sample_S19S_0022_Wat,355.0671162
5,Sample_S19S_0022_Wat,355.0824171
96,Sample_S19S_0022_Wat,355.1034699
14,Sample_S19S_0022_Wat,355.1147135
17,Sample_S19S_0022_Wat,355.1399086
40,Sample_S19S_0022_Wat,355.1762476
49,Sample_S19S_0022_Wat,356.0623586
20,Sample_S19S_0022_Wat,356.0987693
25,Sample_S19S_0022_Wat,357.0251986
50,Sample_S19S_0022_Wat,357.046323
46,Sample_S19S_0022_Wat,357.061636
87,Sample_S19S_0022_Wat,357.0827228
46,Sample_S19S_0022_Wat,357.0979761
23,Sample_S19S_0022_Wat,357.1110353
86,Sample_S19S_0022_Wat,357.1191097
31,Sample_S19S_0022_Wat,357.134414
57,Sample_S19S_0022_Wat,357.1554992
39,Sample_S19S_0022_Wat,358.0568909
35,Sample_S19S_0022_Wat,358.077999
14,Sample_S19S_0022_Wat,359.0409252
56,Sample_S19S_0022_Wat,359.0619959
56,Sample_S19S_0022_Wat,359.077285
14,Sample_S19S_0022_Wat,359.0806207
30,Sample_S19S_0022_Wat,359.0984239
42,Sample_S19S_0022_Wat,359.1347452
60,Sample_S19S_0022_Wat,359.1500213
36,Sample_S19S_0022_Wat,360.0361542
23,Sample_S19S_0022_Wat,360.093678
35,Sample_S19S_0022_Wat,360.108919
45,Sample_S19S_0022_Wat,361.0201475
51,Sample_S19S_0022_Wat,361.056505
14,Sample_S19S_0022_Wat,361.069538
35,Sample_S19S_0022_Wat,361.077621
73,Sample_S19S_0022_Wat,361.0929312
11,Sample_S19S_0022_Wat,361.0962708
38,Sample_S19S_0022_Wat,361.1140532
94,Sample_S19S_0022_Wat,361.1292859
30,Sample_S19S_0022_Wat,361.1423317
38,Sample_S19S_0022_Wat,361.1657046
58,Sample_S19S_0022_Wat,362.0881611
12,Sample_S19S_0022_Wat,362.1093336
64,Sample_S19S_0022_Wat,363.0357881
48,Sample_S19S_0022_Wat,363.0722122
86,Sample_S19S_0022_Wat,363.108539
20,Sample_S19S_0022_Wat,363.1215932
37,Sample_S19S_0022_Wat,363.1449786
23,Sample_S19S_0022_Wat,363.1812892
38,Sample_S19S_0022_Wat,364.0310639
39,Sample_S19S_0022_Wat,364.0674047
49,Sample_S19S_0022_Wat,364.1038292
49,Sample_S19S_0022_Wat,365.015069
22,Sample_S19S_0022_Wat,365.0513776
94,Sample_S19S_0022_Wat,365.0878382
24,Sample_S19S_0022_Wat,365.1008669
40,Sample_S19S_0022_Wat,365.1241727
17,Sample_S19S_0022_Wat,365.137244
21,Sample_S19S_0022_Wat,365.1606438
29,Sample_S19S_0022_Wat,365.1969623
5,Sample_S19S_0022_Wat,365.2100088
61,Sample_S19S_0022_Wat,366.0830912
49,Sample_S19S_0022_Wat,366.1194629
54,Sample_S19S_0022_Wat,367.0306865
90,Sample_S19S_0022_Wat,367.0671094
112,Sample_S19S_0022_Wat,367.1034613
9,Sample_S19S_0022_Wat,367.1399195
40,Sample_S19S_0022_Wat,367.1762158
15,Sample_S19S_0022_Wat,368.0623951
61,Sample_S19S_0022_Wat,368.0987097
41,Sample_S19S_0022_Wat,368.1351331
16,Sample_S19S_0022_Wat,369.0252119
42,Sample_S19S_0022_Wat,369.0463181
44,Sample_S19S_0022_Wat,369.061629
82,Sample_S19S_0022_Wat,369.0827443
40,Sample_S19S_0022_Wat,369.0980102
22,Sample_S19S_0022_Wat,369.111039
21,Sample_S19S_0022_Wat,369.1190631
56,Sample_S19S_0022_Wat,369.1555194
14,Sample_S19S_0022_Wat,369.1837969
12,Sample_S19S_0022_Wat,369.1918398
42,Sample_S19S_0022_Wat,370.0779692
31,Sample_S19S_0022_Wat,370.1507341
20,Sample_S19S_0022_Wat,371.0255725
35,Sample_S19S_0022_Wat,371.0408802
65,Sample_S19S_0022_Wat,371.0620102
20,Sample_S19S_0022_Wat,371.0902981
35,Sample_S19S_0022_Wat,371.0983408
47,Sample_S19S_0022_Wat,371.1136558
53,Sample_S19S_0022_Wat,371.1347918
51,Sample_S19S_0022_Wat,371.1500297
38,Sample_S19S_0022_Wat,371.171134
25,Sample_S19S_0022_Wat,372.0572277
43,Sample_S19S_0022_Wat,372.1300076
24,Sample_S19S_0022_Wat,373.0201141
39,Sample_S19S_0022_Wat,373.0412407
58,Sample_S19S_0022_Wat,373.0565482
4,Sample_S19S_0022_Wat,373.0599109
32,Sample_S19S_0022_Wat,373.0776886
41,Sample_S19S_0022_Wat,373.09294
25,Sample_S19S_0022_Wat,373.1059583
53,Sample_S19S_0022_Wat,373.1140108
13,Sample_S19S_0022_Wat,373.1504711
13,Sample_S19S_0022_Wat,373.1657318
30,Sample_S19S_0022_Wat,374.1456527
20,Sample_S19S_0022_Wat,375.0358416
16,Sample_S19S_0022_Wat,375.0569615
67,Sample_S19S_0022_Wat,375.0721973
20,Sample_S19S_0022_Wat,375.0852221
39,Sample_S19S_0022_Wat,375.0932745
27,Sample_S19S_0022_Wat,375.1297066
78,Sample_S19S_0022_Wat,375.1449442
27,Sample_S19S_0022_Wat,375.1579842
26,Sample_S19S_0022_Wat,375.1812892
46,Sample_S19S_0022_Wat,376.0674564
21,Sample_S19S_0022_Wat,376.1249335
30,Sample_S19S_0022_Wat,377.0150486
69,Sample_S19S_0022_Wat,377.0514538
61,Sample_S19S_0022_Wat,377.0877952
17,Sample_S19S_0022_Wat,377.100823
93,Sample_S19S_0022_Wat,377.1241915
24,Sample_S19S_0022_Wat,377.1372608
54,Sample_S19S_0022_Wat,377.1606102
18,Sample_S19S_0022_Wat,377.1735945
16,Sample_S19S_0022_Wat,377.1969233
12,Sample_S19S_0022_Wat,378.0466478
44,Sample_S19S_0022_Wat,378.0831073
54,Sample_S19S_0022_Wat,378.1194361
58,Sample_S19S_0022_Wat,379.0307221
25,Sample_S19S_0022_Wat,379.0670295
12,Sample_S19S_0022_Wat,379.0800689
114,Sample_S19S_0022_Wat,379.1034645
23,Sample_S19S_0022_Wat,379.1165229
88,Sample_S19S_0022_Wat,379.1398402
19,Sample_S19S_0022_Wat,379.1528588
50,Sample_S19S_0022_Wat,379.1762343
52,Sample_S19S_0022_Wat,380.0987084
64,Sample_S19S_0022_Wat,380.1350974
61,Sample_S19S_0022_Wat,381.0463502
31,Sample_S19S_0022_Wat,381.0826619
101,Sample_S19S_0022_Wat,381.1191186
22,Sample_S19S_0022_Wat,381.1321708
78,Sample_S19S_0022_Wat,381.1555031
28,Sample_S19S_0022_Wat,381.1918695
22,Sample_S19S_0022_Wat,382.0415806
44,Sample_S19S_0022_Wat,382.0779661
53,Sample_S19S_0022_Wat,382.1143936
8,Sample_S19S_0022_Wat,382.1507159
25,Sample_S19S_0022_Wat,383.0255766
8,Sample_S19S_0022_Wat,383.040804
38,Sample_S19S_0022_Wat,383.0619616
45,Sample_S19S_0022_Wat,383.0772634
99,Sample_S19S_0022_Wat,383.0983806
36,Sample_S19S_0022_Wat,383.1136188
26,Sample_S19S_0022_Wat,383.1266887
26,Sample_S19S_0022_Wat,383.1347075
27,Sample_S19S_0022_Wat,383.1711132
27,Sample_S19S_0022_Wat,383.2075249
23,Sample_S19S_0022_Wat,384.0572385
45,Sample_S19S_0022_Wat,384.0936599
30,Sample_S19S_0022_Wat,384.1664077
13,Sample_S19S_0022_Wat,385.0201172
21,Sample_S19S_0022_Wat,385.0412026
33,Sample_S19S_0022_Wat,385.0564963
77,Sample_S19S_0022_Wat,385.0776412
57,Sample_S19S_0022_Wat,385.0929264
31,Sample_S19S_0022_Wat,385.1139909
30,Sample_S19S_0022_Wat,385.1292595
25,Sample_S19S_0022_Wat,385.1423072
33,Sample_S19S_0022_Wat,385.1503825
43,Sample_S19S_0022_Wat,385.1656784
30,Sample_S19S_0022_Wat,385.1868285
33,Sample_S19S_0022_Wat,386.0728862
40,Sample_S19S_0022_Wat,386.1093009
26,Sample_S19S_0022_Wat,386.1820531
51,Sample_S19S_0022_Wat,387.0358113
21,Sample_S19S_0022_Wat,387.0568488
15,Sample_S19S_0022_Wat,387.0721252
15,Sample_S19S_0022_Wat,387.0851909
24,Sample_S19S_0022_Wat,387.0932457
81,Sample_S19S_0022_Wat,387.1085636
77,Sample_S19S_0022_Wat,387.1296791
23,Sample_S19S_0022_Wat,387.1579654
12,Sample_S19S_0022_Wat,387.1659841
22,Sample_S19S_0022_Wat,387.1812925
14,Sample_S19S_0022_Wat,387.19436
6,Sample_S19S_0022_Wat,388.0309868
54,Sample_S19S_0022_Wat,388.0674506
25,Sample_S19S_0022_Wat,388.1037783
38,Sample_S19S_0022_Wat,388.1249219
24,Sample_S19S_0022_Wat,389.0150297
45,Sample_S19S_0022_Wat,389.051417
11,Sample_S19S_0022_Wat,389.0644457
17,Sample_S19S_0022_Wat,389.0724972
75,Sample_S19S_0022_Wat,389.0878118
21,Sample_S19S_0022_Wat,389.1008827
33,Sample_S19S_0022_Wat,389.108981
89,Sample_S19S_0022_Wat,389.1242045
23,Sample_S19S_0022_Wat,389.1372295
10,Sample_S19S_0022_Wat,389.1452618
24,Sample_S19S_0022_Wat,389.1605387
22,Sample_S19S_0022_Wat,389.1736085
39,Sample_S19S_0022_Wat,389.1969883
25,Sample_S19S_0022_Wat,390.0466839
67,Sample_S19S_0022_Wat,390.083092
28,Sample_S19S_0022_Wat,391.0307447
44,Sample_S19S_0022_Wat,391.0670531
47,Sample_S19S_0022_Wat,391.1034381
48,Sample_S19S_0022_Wat,391.1398852
13,Sample_S19S_0022_Wat,391.1528412
33,Sample_S19S_0022_Wat,391.1762035
7,Sample_S19S_0022_Wat,391.1892281
36,Sample_S19S_0022_Wat,392.06231
63,Sample_S19S_0022_Wat,392.098752
53,Sample_S19S_0022_Wat,392.1351125
39,Sample_S19S_0022_Wat,393.0463154
79,Sample_S19S_0022_Wat,393.0827628
86,Sample_S19S_0022_Wat,393.1191285
19,Sample_S19S_0022_Wat,393.1321265
39,Sample_S19S_0022_Wat,393.1554711
16,Sample_S19S_0022_Wat,393.1685262
19,Sample_S19S_0022_Wat,393.1919402
22,Sample_S19S_0022_Wat,394.0415806
33,Sample_S19S_0022_Wat,394.078026
39,Sample_S19S_0022_Wat,394.1144108
29,Sample_S19S_0022_Wat,395.0255818
52,Sample_S19S_0022_Wat,395.0619708
51,Sample_S19S_0022_Wat,395.0984243
14,Sample_S19S_0022_Wat,395.1114167
109,Sample_S19S_0022_Wat,395.1347697
15,Sample_S19S_0022_Wat,395.1477706
42,Sample_S19S_0022_Wat,395.171191
13,Sample_S19S_0022_Wat,395.2075813
52,Sample_S19S_0022_Wat,396.0936653
28,Sample_S19S_0022_Wat,396.13006
10,Sample_S19S_0022_Wat,397.0200883
42,Sample_S19S_0022_Wat,397.0412485
35,Sample_S19S_0022_Wat,397.0565368
26,Sample_S19S_0022_Wat,397.0775828
17,Sample_S19S_0022_Wat,397.1059758
65,Sample_S19S_0022_Wat,397.1140135
83,Sample_S19S_0022_Wat,397.1504225
18,Sample_S19S_0022_Wat,397.1867602
48,Sample_S19S_0022_Wat,398.0729329
51,Sample_S19S_0022_Wat,398.1456531
14,Sample_S19S_0022_Wat,399.0568344
29,Sample_S19S_0022_Wat,399.0721389
22,Sample_S19S_0022_Wat,399.085227
60,Sample_S19S_0022_Wat,399.0932727
20,Sample_S19S_0022_Wat,399.1086044
58,Sample_S19S_0022_Wat,399.1296635
41,Sample_S19S_0022_Wat,399.1449193
12,Sample_S19S_0022_Wat,399.1579458
2,Sample_S19S_0022_Wat,399.1659287
15,Sample_S19S_0022_Wat,399.1943775
14,Sample_S19S_0022_Wat,400.0674729
25,Sample_S19S_0022_Wat,400.1249077
29,Sample_S19S_0022_Wat,401.0150794
53,Sample_S19S_0022_Wat,401.0514549
14,Sample_S19S_0022_Wat,401.0644945
17,Sample_S19S_0022_Wat,401.0725084
65,Sample_S19S_0022_Wat,401.0878209
50,Sample_S19S_0022_Wat,401.1089631
59,Sample_S19S_0022_Wat,401.1453284
55,Sample_S19S_0022_Wat,401.1605804
17,Sample_S19S_0022_Wat,401.1736033
12,Sample_S19S_0022_Wat,401.1969344
21,Sample_S19S_0022_Wat,402.0466811
13,Sample_S19S_0022_Wat,402.0831391
11,Sample_S19S_0022_Wat,403.0305846
5,Sample_S19S_0022_Wat,403.0437271
14,Sample_S19S_0022_Wat,403.0517845
69,Sample_S19S_0022_Wat,403.0671122
50,Sample_S19S_0022_Wat,403.0881974
62,Sample_S19S_0022_Wat,403.1034476
18,Sample_S19S_0022_Wat,403.1164656
12,Sample_S19S_0022_Wat,403.1245163
81,Sample_S19S_0022_Wat,403.1398463
26,Sample_S19S_0022_Wat,403.1529106
29,Sample_S19S_0022_Wat,403.1762826
60,Sample_S19S_0022_Wat,404.0623618
24,Sample_S19S_0022_Wat,404.0834492
58,Sample_S19S_0022_Wat,405.0463718
49,Sample_S19S_0022_Wat,405.0827082
30,Sample_S19S_0022_Wat,405.1190623
26,Sample_S19S_0022_Wat,405.1321292
49,Sample_S19S_0022_Wat,405.1555362
23,Sample_S19S_0022_Wat,405.1685606
32,Sample_S19S_0022_Wat,405.1918632
19,Sample_S19S_0022_Wat,406.041642
6,Sample_S19S_0022_Wat,406.0990792
61,Sample_S19S_0022_Wat,406.1143545
21,Sample_S19S_0022_Wat,407.0255705
60,Sample_S19S_0022_Wat,407.0620299
92,Sample_S19S_0022_Wat,407.0983755
12,Sample_S19S_0022_Wat,407.1113661
73,Sample_S19S_0022_Wat,407.1347505
20,Sample_S19S_0022_Wat,407.1477958
10,Sample_S19S_0022_Wat,407.1712237
16,Sample_S19S_0022_Wat,407.2075913
64,Sample_S19S_0022_Wat,408.0936661
65,Sample_S19S_0022_Wat,408.1300077
25,Sample_S19S_0022_Wat,409.0412228
24,Sample_S19S_0022_Wat,409.07757
88,Sample_S19S_0022_Wat,409.1140221
88,Sample_S19S_0022_Wat,409.1504235
4,Sample_S19S_0022_Wat,409.1633923
10,Sample_S19S_0022_Wat,409.1787026
10,Sample_S19S_0022_Wat,409.1867344
27,Sample_S19S_0022_Wat,409.2231724
49,Sample_S19S_0022_Wat,410.0729191
14,Sample_S19S_0022_Wat,410.1092388
47,Sample_S19S_0022_Wat,410.1456867
27,Sample_S19S_0022_Wat,411.0205049
7,Sample_S19S_0022_Wat,411.0357156
19,Sample_S19S_0022_Wat,411.0568579
73,Sample_S19S_0022_Wat,411.0933142
78,Sample_S19S_0022_Wat,411.1296933
28,Sample_S19S_0022_Wat,411.1579879
42,Sample_S19S_0022_Wat,411.1660419
15,Sample_S19S_0022_Wat,412.0521769
32,Sample_S19S_0022_Wat,412.0885256
46,Sample_S19S_0022_Wat,412.1249118
24,Sample_S19S_0022_Wat,413.0361429
3,Sample_S19S_0022_Wat,413.0513424
11,Sample_S19S_0022_Wat,413.06446
7,Sample_S19S_0022_Wat,413.072442
35,Sample_S19S_0022_Wat,413.087795
22,Sample_S19S_0022_Wat,413.1008794
73,Sample_S19S_0022_Wat,413.1089345
58,Sample_S19S_0022_Wat,413.12421
15,Sample_S19S_0022_Wat,413.1372735
18,Sample_S19S_0022_Wat,413.1452768
6,Sample_S19S_0022_Wat,413.1605228
20,Sample_S19S_0022_Wat,413.1736056
12,Sample_S19S_0022_Wat,413.1816156
21,Sample_S19S_0022_Wat,415.0306688
21,Sample_S19S_0022_Wat,415.0518724
5,Sample_S19S_0022_Wat,415.0671726
9,Sample_S19S_0022_Wat,415.080159
52,Sample_S19S_0022_Wat,415.0881916
60,Sample_S19S_0022_Wat,415.1034568
16,Sample_S19S_0022_Wat,415.1164835
25,Sample_S19S_0022_Wat,415.1245406
16,Sample_S19S_0022_Wat,415.1529316
51,Sample_S19S_0022_Wat,415.1609859
6,Sample_S19S_0022_Wat,415.1763155
26,Sample_S19S_0022_Wat,416.0623295
35,Sample_S19S_0022_Wat,417.0463346
16,Sample_S19S_0022_Wat,417.0674105
24,Sample_S19S_0022_Wat,417.0826722
13,Sample_S19S_0022_Wat,417.0957124
18,Sample_S19S_0022_Wat,417.1037889
79,Sample_S19S_0022_Wat,417.1191101
32,Sample_S19S_0022_Wat,417.1321667
35,Sample_S19S_0022_Wat,417.1402188
68,Sample_S19S_0022_Wat,417.1555165
32,Sample_S19S_0022_Wat,417.1685514
12,Sample_S19S_0022_Wat,418.0416648
16,Sample_S19S_0022_Wat,418.1144292
25,Sample_S19S_0022_Wat,419.0256123
39,Sample_S19S_0022_Wat,419.0619721
13,Sample_S19S_0022_Wat,419.0982983
3,Sample_S19S_0022_Wat,419.1113471
88,Sample_S19S_0022_Wat,419.1347745
19,Sample_S19S_0022_Wat,419.1478319
40,Sample_S19S_0022_Wat,419.1711927
23,Sample_S19S_0022_Wat,419.1842051
36,Sample_S19S_0022_Wat,419.207525
1,Sample_S19S_0022_Wat,419.2205119
40,Sample_S19S_0022_Wat,420.0572817
41,Sample_S19S_0022_Wat,421.0412704
21,Sample_S19S_0022_Wat,421.0777047
12,Sample_S19S_0022_Wat,421.0906648
97,Sample_S19S_0022_Wat,421.1140346
11,Sample_S19S_0022_Wat,421.1270174
80,Sample_S19S_0022_Wat,421.1504292
1,Sample_S19S_0022_Wat,421.1552081
21,Sample_S19S_0022_Wat,421.1634511
19,Sample_S19S_0022_Wat,421.1868654
39,Sample_S19S_0022_Wat,422.0728802
27,Sample_S19S_0022_Wat,422.1093338
50,Sample_S19S_0022_Wat,423.0569089
26,Sample_S19S_0022_Wat,423.093231
100,Sample_S19S_0022_Wat,423.1296813
26,Sample_S19S_0022_Wat,423.1661225
17,Sample_S19S_0022_Wat,423.179095
34,Sample_S19S_0022_Wat,423.2024382
1,Sample_S19S_0022_Wat,424.0886497
33,Sample_S19S_0022_Wat,424.1249783
40,Sample_S19S_0022_Wat,425.0361852
8,Sample_S19S_0022_Wat,425.0644881
17,Sample_S19S_0022_Wat,425.0724714
13,Sample_S19S_0022_Wat,425.1008972
49,Sample_S19S_0022_Wat,425.1089252
14,Sample_S19S_0022_Wat,425.1453873
39,Sample_S19S_0022_Wat,425.1816982
1,Sample_S19S_0022_Wat,425.2178813
53,Sample_S19S_0022_Wat,426.1405881
45,Sample_S19S_0022_Wat,426.1769689
13,Sample_S19S_0022_Wat,427.0307487
15,Sample_S19S_0022_Wat,427.0518808
36,Sample_S19S_0022_Wat,427.088175
37,Sample_S19S_0022_Wat,427.1035014
17,Sample_S19S_0022_Wat,427.1165345
72,Sample_S19S_0022_Wat,427.1245871
3,Sample_S19S_0022_Wat,427.1399769
5,Sample_S19S_0022_Wat,427.1610597
24,Sample_S19S_0022_Wat,427.1973395
12,Sample_S19S_0022_Wat,428.0622933
22,Sample_S19S_0022_Wat,429.0310878
25,Sample_S19S_0022_Wat,429.0463286
41,Sample_S19S_0022_Wat,429.067488
5,Sample_S19S_0022_Wat,429.1039457
7,Sample_S19S_0022_Wat,429.1192381
59,Sample_S19S_0022_Wat,429.1402424
22,Sample_S19S_0022_Wat,429.1555582
26,Sample_S19S_0022_Wat,429.1685491
16,Sample_S19S_0022_Wat,429.1765924
38,Sample_S19S_0022_Wat,429.1919036
10,Sample_S19S_0022_Wat,430.0780537
28,Sample_S19S_0022_Wat,430.0991542
40,Sample_S19S_0022_Wat,430.1354817
20,Sample_S19S_0022_Wat,431.0256563
5,Sample_S19S_0022_Wat,431.04681
55,Sample_S19S_0022_Wat,431.0620177
38,Sample_S19S_0022_Wat,431.083125
73,Sample_S19S_0022_Wat,431.098388
14,Sample_S19S_0022_Wat,431.1113826
29,Sample_S19S_0022_Wat,431.1347291
25,Sample_S19S_0022_Wat,431.1477957
14,Sample_S19S_0022_Wat,431.1558407
32,Sample_S19S_0022_Wat,431.1711879
13,Sample_S19S_0022_Wat,431.2076023
7,Sample_S19S_0022_Wat,432.0573233
61,Sample_S19S_0022_Wat,432.1300404
40,Sample_S19S_0022_Wat,433.0412948
67,Sample_S19S_0022_Wat,433.077665
12,Sample_S19S_0022_Wat,433.0906617
24,Sample_S19S_0022_Wat,433.1139658
4,Sample_S19S_0022_Wat,433.1269982
28,Sample_S19S_0022_Wat,433.1503758
22,Sample_S19S_0022_Wat,433.1634586
35,Sample_S19S_0022_Wat,433.1868494
8,Sample_S19S_0022_Wat,433.1998888
19,Sample_S19S_0022_Wat,434.1093421
8,Sample_S19S_0022_Wat,435.0204588
40,Sample_S19S_0022_Wat,435.0569041
9,Sample_S19S_0022_Wat,435.0698968
75,Sample_S19S_0022_Wat,435.093324
29,Sample_S19S_0022_Wat,435.1296329
23,Sample_S19S_0022_Wat,435.1659973
14,Sample_S19S_0022_Wat,435.1790631
48,Sample_S19S_0022_Wat,435.2024665
10,Sample_S19S_0022_Wat,435.2155119
21,Sample_S19S_0022_Wat,436.0886111
2,Sample_S19S_0022_Wat,436.1250197
29,Sample_S19S_0022_Wat,437.0361523
19,Sample_S19S_0022_Wat,437.072483
24,Sample_S19S_0022_Wat,437.1088959
59,Sample_S19S_0022_Wat,437.1453651
17,Sample_S19S_0022_Wat,437.158378
49,Sample_S19S_0022_Wat,437.1817485
7,Sample_S19S_0022_Wat,437.2180272
15,Sample_S19S_0022_Wat,438.0678822
60,Sample_S19S_0022_Wat,438.1405683
2,Sample_S19S_0022_Wat,439.030563
16,Sample_S19S_0022_Wat,439.051737
9,Sample_S19S_0022_Wat,439.0670176
64,Sample_S19S_0022_Wat,439.0882098
75,Sample_S19S_0022_Wat,439.1246064
15,Sample_S19S_0022_Wat,439.1529344
28,Sample_S19S_0022_Wat,439.1609425
21,Sample_S19S_0022_Wat,439.1892886
17,Sample_S19S_0022_Wat,439.1973056
31,Sample_S19S_0022_Wat,440.0834468
27,Sample_S19S_0022_Wat,440.1198163
13,Sample_S19S_0022_Wat,441.0310268
9,Sample_S19S_0022_Wat,441.0462365
27,Sample_S19S_0022_Wat,441.0674409
33,Sample_S19S_0022_Wat,441.0827166
33,Sample_S19S_0022_Wat,441.1039049
16,Sample_S19S_0022_Wat,441.1191742
50,Sample_S19S_0022_Wat,441.1402285
9,Sample_S19S_0022_Wat,441.1554489
16,Sample_S19S_0022_Wat,441.168514
19,Sample_S19S_0022_Wat,441.1765589
13,Sample_S19S_0022_Wat,441.2049192
7,Sample_S19S_0022_Wat,441.2129575
9,Sample_S19S_0022_Wat,442.0779366
10,Sample_S19S_0022_Wat,442.0990637
19,Sample_S19S_0022_Wat,442.135461
13,Sample_S19S_0022_Wat,443.0466588
13,Sample_S19S_0022_Wat,443.061884
28,Sample_S19S_0022_Wat,443.0830557
35,Sample_S19S_0022_Wat,443.0984287
16,Sample_S19S_0022_Wat,443.1114516
59,Sample_S19S_0022_Wat,443.119518
4,Sample_S19S_0022_Wat,443.1348538
19,Sample_S19S_0022_Wat,443.1478565
48,Sample_S19S_0022_Wat,443.1558944
28,Sample_S19S_0022_Wat,443.1711201
23,Sample_S19S_0022_Wat,443.1841796
8,Sample_S19S_0022_Wat,443.2205255
36,Sample_S19S_0022_Wat,444.0572726
18,Sample_S19S_0022_Wat,444.093696
31,Sample_S19S_0022_Wat,445.0412697
2,Sample_S19S_0022_Wat,445.054308
30,Sample_S19S_0022_Wat,445.0623769
35,Sample_S19S_0022_Wat,445.0776178
9,Sample_S19S_0022_Wat,445.0986624
2,Sample_S19S_0022_Wat,445.1083593
16,Sample_S19S_0022_Wat,445.1139537
13,Sample_S19S_0022_Wat,445.127011
5,Sample_S19S_0022_Wat,445.1350548
34,Sample_S19S_0022_Wat,445.1503907
32,Sample_S19S_0022_Wat,445.1634705
40,Sample_S19S_0022_Wat,445.1868428
31,Sample_S19S_0022_Wat,445.223207
16,Sample_S19S_0022_Wat,446.0728598
11,Sample_S19S_0022_Wat,447.0204695
9,Sample_S19S_0022_Wat,447.056785
15,Sample_S19S_0022_Wat,447.09323
75,Sample_S19S_0022_Wat,447.1297048
71,Sample_S19S_0022_Wat,447.1660641
21,Sample_S19S_0022_Wat,447.179104
14,Sample_S19S_0022_Wat,447.2023724
56,Sample_S19S_0022_Wat,448.088573
12,Sample_S19S_0022_Wat,449.0360637
23,Sample_S19S_0022_Wat,449.0724952
87,Sample_S19S_0022_Wat,449.1089599
16,Sample_S19S_0022_Wat,449.1219859
77,Sample_S19S_0022_Wat,449.1453221
20,Sample_S19S_0022_Wat,449.1583358
21,Sample_S19S_0022_Wat,449.1816462
10,Sample_S19S_0022_Wat,449.2180299
14,Sample_S19S_0022_Wat,451.0517204
35,Sample_S19S_0022_Wat,451.0881744
57,Sample_S19S_0022_Wat,451.124616
14,Sample_S19S_0022_Wat,451.1376081
3,Sample_S19S_0022_Wat,451.1530256
32,Sample_S19S_0022_Wat,451.1609528
9,Sample_S19S_0022_Wat,451.189303
6,Sample_S19S_0022_Wat,451.1972791
36,Sample_S19S_0022_Wat,452.0834394
14,Sample_S19S_0022_Wat,452.1199139
17,Sample_S19S_0022_Wat,453.0310814
7,Sample_S19S_0022_Wat,453.0462824
18,Sample_S19S_0022_Wat,453.0673983
7,Sample_S19S_0022_Wat,453.0957146
14,Sample_S19S_0022_Wat,453.1037558
13,Sample_S19S_0022_Wat,453.1321972
38,Sample_S19S_0022_Wat,453.140211
3,Sample_S19S_0022_Wat,453.1686448
58,Sample_S19S_0022_Wat,453.1766436
11,Sample_S19S_0022_Wat,453.2049759
27,Sample_S19S_0022_Wat,454.0627542
33,Sample_S19S_0022_Wat,455.0467468
39,Sample_S19S_0022_Wat,455.0620251
10,Sample_S19S_0022_Wat,455.0750667
42,Sample_S19S_0022_Wat,455.0831528
41,Sample_S19S_0022_Wat,455.0984121
13,Sample_S19S_0022_Wat,455.111472
34,Sample_S19S_0022_Wat,455.1194736
18,Sample_S19S_0022_Wat,455.14777
12,Sample_S19S_0022_Wat,455.1558023
11,Sample_S19S_0022_Wat,455.1921775
18,Sample_S19S_0022_Wat,455.2205892
30,Sample_S19S_0022_Wat,457.0412916
6,Sample_S19S_0022_Wat,457.0542979
30,Sample_S19S_0022_Wat,457.0624071
15,Sample_S19S_0022_Wat,457.0776174
7,Sample_S19S_0022_Wat,457.0906483
16,Sample_S19S_0022_Wat,457.0986905
22,Sample_S19S_0022_Wat,457.1139922
9,Sample_S19S_0022_Wat,457.1270095
10,Sample_S19S_0022_Wat,457.1350642
16,Sample_S19S_0022_Wat,457.150377
21,Sample_S19S_0022_Wat,457.1634444
22,Sample_S19S_0022_Wat,457.1715231
49,Sample_S19S_0022_Wat,457.1868094
29,Sample_S19S_0022_Wat,458.0729028
17,Sample_S19S_0022_Wat,459.0205561
18,Sample_S19S_0022_Wat,459.0568713
16,Sample_S19S_0022_Wat,459.0779746
20,Sample_S19S_0022_Wat,459.0932353
13,Sample_S19S_0022_Wat,459.1062882
19,Sample_S19S_0022_Wat,459.1143457
51,Sample_S19S_0022_Wat,459.1296693
31,Sample_S19S_0022_Wat,459.142719
34,Sample_S19S_0022_Wat,459.1508169
39,Sample_S19S_0022_Wat,459.1661042
48,Sample_S19S_0022_Wat,460.0885829
27,Sample_S19S_0022_Wat,461.036196
23,Sample_S19S_0022_Wat,461.0725007
3,Sample_S19S_0022_Wat,461.0935699
10,Sample_S19S_0022_Wat,461.1088271
4,Sample_S19S_0022_Wat,461.1218899
1,Sample_S19S_0022_Wat,461.1396751
22,Sample_S19S_0022_Wat,461.1452647
22,Sample_S19S_0022_Wat,461.1583343
35,Sample_S19S_0022_Wat,461.1817537
11,Sample_S19S_0022_Wat,461.1948089
25,Sample_S19S_0022_Wat,461.218132
23,Sample_S19S_0022_Wat,462.067799
14,Sample_S19S_0022_Wat,462.1042629
6,Sample_S19S_0022_Wat,463.015396
39,Sample_S19S_0022_Wat,463.0518315
40,Sample_S19S_0022_Wat,463.0881954
14,Sample_S19S_0022_Wat,463.124491
2,Sample_S19S_0022_Wat,463.1375144
7,Sample_S19S_0022_Wat,463.1608564
6,Sample_S19S_0022_Wat,463.1739081
15,Sample_S19S_0022_Wat,463.1972938
27,Sample_S19S_0022_Wat,463.2337601
22,Sample_S19S_0022_Wat,464.1198095
10,Sample_S19S_0022_Wat,465.0310055
13,Sample_S19S_0022_Wat,465.06738
33,Sample_S19S_0022_Wat,465.1038259
52,Sample_S19S_0022_Wat,465.1766182
12,Sample_S19S_0022_Wat,465.1896305
10,Sample_S19S_0022_Wat,465.2129596
45,Sample_S19S_0022_Wat,466.1355201
32,Sample_S19S_0022_Wat,467.0467531
19,Sample_S19S_0022_Wat,467.0620397
49,Sample_S19S_0022_Wat,467.0831629
47,Sample_S19S_0022_Wat,467.1195422
22,Sample_S19S_0022_Wat,467.1478261
26,Sample_S19S_0022_Wat,467.1558326
22,Sample_S19S_0022_Wat,467.184209
7,Sample_S19S_0022_Wat,467.1921933
16,Sample_S19S_0022_Wat,467.2286363
23,Sample_S19S_0022_Wat,468.1147294
20,Sample_S19S_0022_Wat,469.0412947
29,Sample_S19S_0022_Wat,469.062394
9,Sample_S19S_0022_Wat,469.0776006
19,Sample_S19S_0022_Wat,469.0986993
9,Sample_S19S_0022_Wat,469.1139603
17,Sample_S19S_0022_Wat,469.1270251
11,Sample_S19S_0022_Wat,469.1350525
10,Sample_S19S_0022_Wat,469.1633964
2,Sample_S19S_0022_Wat,469.1811109
21,Sample_S19S_0022_Wat,469.199861
20,Sample_S19S_0022_Wat,469.2078959
15,Sample_S19S_0022_Wat,471.0205509
27,Sample_S19S_0022_Wat,471.0780166
15,Sample_S19S_0022_Wat,471.093255
11,Sample_S19S_0022_Wat,471.106291
6,Sample_S19S_0022_Wat,471.1295835
9,Sample_S19S_0022_Wat,471.1426129
7,Sample_S19S_0022_Wat,471.1506882
6,Sample_S19S_0022_Wat,471.16598
21,Sample_S19S_0022_Wat,471.1790652
16,Sample_S19S_0022_Wat,471.1871307
12,Sample_S19S_0022_Wat,471.2155389
13,Sample_S19S_0022_Wat,473.0361823
7,Sample_S19S_0022_Wat,473.0573502
35,Sample_S19S_0022_Wat,473.0726032
32,Sample_S19S_0022_Wat,473.0937108
61,Sample_S19S_0022_Wat,473.1089772
14,Sample_S19S_0022_Wat,473.1300234
3,Sample_S19S_0022_Wat,473.139667
22,Sample_S19S_0022_Wat,473.1452829
7,Sample_S19S_0022_Wat,473.1582831
2,Sample_S19S_0022_Wat,473.1760299
17,Sample_S19S_0022_Wat,473.1816622
7,Sample_S19S_0022_Wat,473.1946924
10,Sample_S19S_0022_Wat,475.0517049
25,Sample_S19S_0022_Wat,475.0881586
11,Sample_S19S_0022_Wat,475.1012806
63,Sample_S19S_0022_Wat,475.1245966
20,Sample_S19S_0022_Wat,475.1376596
65,Sample_S19S_0022_Wat,475.1609843
23,Sample_S19S_0022_Wat,475.1739813
13,Sample_S19S_0022_Wat,475.1973043
2,Sample_S19S_0022_Wat,475.2103074
1,Sample_S19S_0022_Wat,475.2336051
25,Sample_S19S_0022_Wat,476.1198125
25,Sample_S19S_0022_Wat,477.0311319
44,Sample_S19S_0022_Wat,477.0674882
15,Sample_S19S_0022_Wat,477.1037802
4,Sample_S19S_0022_Wat,477.1401075
6,Sample_S19S_0022_Wat,477.1531747
5,Sample_S19S_0022_Wat,477.1686766
13,Sample_S19S_0022_Wat,477.1765167
31,Sample_S19S_0022_Wat,477.2130039
6,Sample_S19S_0022_Wat,479.0466033
13,Sample_S19S_0022_Wat,479.0830028
35,Sample_S19S_0022_Wat,479.1194663
62,Sample_S19S_0022_Wat,479.1559168
3,Sample_S19S_0022_Wat,479.1843315
43,Sample_S19S_0022_Wat,479.1923063
11,Sample_S19S_0022_Wat,479.2286027
16,Sample_S19S_0022_Wat,481.0623379
9,Sample_S19S_0022_Wat,481.0906559
45,Sample_S19S_0022_Wat,481.0987747
65,Sample_S19S_0022_Wat,481.1351677
39,Sample_S19S_0022_Wat,481.1715313
16,Sample_S19S_0022_Wat,481.199847
15,Sample_S19S_0022_Wat,481.2078283
12,Sample_S19S_0022_Wat,483.0568081
28,Sample_S19S_0022_Wat,483.0780208
26,Sample_S19S_0022_Wat,483.0933003
43,Sample_S19S_0022_Wat,483.1144642
21,Sample_S19S_0022_Wat,483.1297323
31,Sample_S19S_0022_Wat,483.1508531
14,Sample_S19S_0022_Wat,483.1660394
13,Sample_S19S_0022_Wat,483.1791639
24,Sample_S19S_0022_Wat,483.1871699
14,Sample_S19S_0022_Wat,483.2154832
8,Sample_S19S_0022_Wat,485.057196
22,Sample_S19S_0022_Wat,485.0936172
39,Sample_S19S_0022_Wat,485.1089501
13,Sample_S19S_0022_Wat,485.1220307
42,Sample_S19S_0022_Wat,485.1300644
1,Sample_S19S_0022_Wat,485.139617
15,Sample_S19S_0022_Wat,485.1584131
34,Sample_S19S_0022_Wat,485.1664901
39,Sample_S19S_0022_Wat,485.181737
13,Sample_S19S_0022_Wat,485.1948096
2,Sample_S19S_0022_Wat,485.2310607
15,Sample_S19S_0022_Wat,487.051792
13,Sample_S19S_0022_Wat,487.072871
13,Sample_S19S_0022_Wat,487.088118
6,Sample_S19S_0022_Wat,487.1092152
9,Sample_S19S_0022_Wat,487.1244947
13,Sample_S19S_0022_Wat,487.1375846
10,Sample_S19S_0022_Wat,487.1456408
1,Sample_S19S_0022_Wat,487.1552674
48,Sample_S19S_0022_Wat,487.1609704
18,Sample_S19S_0022_Wat,487.1740711
26,Sample_S19S_0022_Wat,487.1974177
3,Sample_S19S_0022_Wat,487.2104698
17,Sample_S19S_0022_Wat,487.2337958
7,Sample_S19S_0022_Wat,489.0310445
43,Sample_S19S_0022_Wat,489.067487
30,Sample_S19S_0022_Wat,489.1039118
28,Sample_S19S_0022_Wat,489.1249814
26,Sample_S19S_0022_Wat,489.1402055
1,Sample_S19S_0022_Wat,489.1708695
7,Sample_S19S_0022_Wat,489.1765226
8,Sample_S19S_0022_Wat,489.2128864
4,Sample_S19S_0022_Wat,489.2492677
16,Sample_S19S_0022_Wat,490.0990621
10,Sample_S19S_0022_Wat,491.0466906
17,Sample_S19S_0022_Wat,491.0830123
8,Sample_S19S_0022_Wat,491.1193786
23,Sample_S19S_0022_Wat,491.1558203
16,Sample_S19S_0022_Wat,491.1689084
47,Sample_S19S_0022_Wat,491.1922945
6,Sample_S19S_0022_Wat,491.2287423
13,Sample_S19S_0022_Wat,491.2650776
9,Sample_S19S_0022_Wat,493.0622921
21,Sample_S19S_0022_Wat,493.098712
65,Sample_S19S_0022_Wat,493.1351653
1,Sample_S19S_0022_Wat,493.1636569
45,Sample_S19S_0022_Wat,493.1715856
3,Sample_S19S_0022_Wat,493.1999507
9,Sample_S19S_0022_Wat,493.2442171
11,Sample_S19S_0022_Wat,495.0415683
30,Sample_S19S_0022_Wat,495.0780179
1,Sample_S19S_0022_Wat,495.106406
41,Sample_S19S_0022_Wat,495.1144449
6,Sample_S19S_0022_Wat,495.1427989
51,Sample_S19S_0022_Wat,495.1507984
17,Sample_S19S_0022_Wat,495.1791573
8,Sample_S19S_0022_Wat,495.2154488
15,Sample_S19S_0022_Wat,497.0572968
27,Sample_S19S_0022_Wat,497.0725711
9,Sample_S19S_0022_Wat,497.0937782
8,Sample_S19S_0022_Wat,497.1301476
17,Sample_S19S_0022_Wat,497.1453801
5,Sample_S19S_0022_Wat,497.1816335
25,Sample_S19S_0022_Wat,497.1947705
3,Sample_S19S_0022_Wat,497.2310629
28,Sample_S19S_0022_Wat,498.1617513
5,Sample_S19S_0022_Wat,499.0516924
17,Sample_S19S_0022_Wat,499.0728848
31,Sample_S19S_0022_Wat,499.1093112
42,Sample_S19S_0022_Wat,499.1246232
8,Sample_S19S_0022_Wat,499.1377212
42,Sample_S19S_0022_Wat,499.1457371
2,Sample_S19S_0022_Wat,499.1553132
10,Sample_S19S_0022_Wat,499.1610424
17,Sample_S19S_0022_Wat,499.1740741
21,Sample_S19S_0022_Wat,499.2104255
17,Sample_S19S_0022_Wat,501.0673678
10,Sample_S19S_0022_Wat,501.0885018
11,Sample_S19S_0022_Wat,501.1037301
9,Sample_S19S_0022_Wat,501.116864
3,Sample_S19S_0022_Wat,501.1248479
19,Sample_S19S_0022_Wat,501.1401768
26,Sample_S19S_0022_Wat,501.1532967
14,Sample_S19S_0022_Wat,501.1612956
43,Sample_S19S_0022_Wat,501.1766253
27,Sample_S19S_0022_Wat,501.1896846
22,Sample_S19S_0022_Wat,501.2130646
17,Sample_S19S_0022_Wat,501.2494293
9,Sample_S19S_0022_Wat,503.0468089
2,Sample_S19S_0022_Wat,503.0679918
4,Sample_S19S_0022_Wat,503.0832459
15,Sample_S19S_0022_Wat,503.1042984
51,Sample_S19S_0022_Wat,503.1195309
22,Sample_S19S_0022_Wat,503.1558462
13,Sample_S19S_0022_Wat,503.1921795
1,Sample_S19S_0022_Wat,503.2051842
12,Sample_S19S_0022_Wat,503.2285615
6,Sample_S19S_0022_Wat,505.0622503
16,Sample_S19S_0022_Wat,505.098662
14,Sample_S19S_0022_Wat,505.1350781
59,Sample_S19S_0022_Wat,505.1715425
10,Sample_S19S_0022_Wat,505.1846129
26,Sample_S19S_0022_Wat,505.2079802
25,Sample_S19S_0022_Wat,505.2443315
4,Sample_S19S_0022_Wat,506.1303153
8,Sample_S19S_0022_Wat,507.0415912
26,Sample_S19S_0022_Wat,507.0780238
43,Sample_S19S_0022_Wat,507.1144464
2,Sample_S19S_0022_Wat,507.1428505
57,Sample_S19S_0022_Wat,507.1508255
3,Sample_S19S_0022_Wat,507.179192
8,Sample_S19S_0022_Wat,507.2154676
6,Sample_S19S_0022_Wat,509.0573918
36,Sample_S19S_0022_Wat,509.0937287
7,Sample_S19S_0022_Wat,509.1219812
37,Sample_S19S_0022_Wat,509.1300451
10,Sample_S19S_0022_Wat,509.1583575
12,Sample_S19S_0022_Wat,509.1947371
10,Sample_S19S_0022_Wat,509.2311267
5,Sample_S19S_0022_Wat,509.2391011
8,Sample_S19S_0022_Wat,510.0888729
33,Sample_S19S_0022_Wat,511.0729714
11,Sample_S19S_0022_Wat,511.1012674
3,Sample_S19S_0022_Wat,511.1375472
7,Sample_S19S_0022_Wat,511.1739404
11,Sample_S19S_0022_Wat,511.2103696
5,Sample_S19S_0022_Wat,511.2183807
11,Sample_S19S_0022_Wat,511.2467945
4,Sample_S19S_0022_Wat,513.0311674
25,Sample_S19S_0022_Wat,513.0674942
20,Sample_S19S_0022_Wat,513.0885835
11,Sample_S19S_0022_Wat,513.1248843
3,Sample_S19S_0022_Wat,513.1401059
6,Sample_S19S_0022_Wat,513.1531789
3,Sample_S19S_0022_Wat,513.1612236
8,Sample_S19S_0022_Wat,513.1895585
1,Sample_S19S_0022_Wat,513.2127989
37,Sample_S19S_0022_Wat,515.083157
22,Sample_S19S_0022_Wat,515.1042917
37,Sample_S19S_0022_Wat,515.1194964
4,Sample_S19S_0022_Wat,515.1326297
14,Sample_S19S_0022_Wat,515.1405768
10,Sample_S19S_0022_Wat,515.1688778
5,Sample_S19S_0022_Wat,515.1921599
5,Sample_S19S_0022_Wat,517.0258857
25,Sample_S19S_0022_Wat,517.0624113
9,Sample_S19S_0022_Wat,517.098859
6,Sample_S19S_0022_Wat,517.1352552
7,Sample_S19S_0022_Wat,517.1563614
14,Sample_S19S_0022_Wat,517.1846401
35,Sample_S19S_0022_Wat,517.2079237
8,Sample_S19S_0022_Wat,517.2442337
4,Sample_S19S_0022_Wat,519.041577
11,Sample_S19S_0022_Wat,519.0779454
13,Sample_S19S_0022_Wat,519.1143103
4,Sample_S19S_0022_Wat,519.1275578
24,Sample_S19S_0022_Wat,519.1507584
49,Sample_S19S_0022_Wat,519.1872205
12,Sample_S19S_0022_Wat,519.2236508
21,Sample_S19S_0022_Wat,520.1461126
21,Sample_S19S_0022_Wat,521.0573462
29,Sample_S19S_0022_Wat,521.0937324
44,Sample_S19S_0022_Wat,521.1301011
21,Sample_S19S_0022_Wat,521.1663968
3,Sample_S19S_0022_Wat,521.1946636
7,Sample_S19S_0022_Wat,521.2027235
8,Sample_S19S_0022_Wat,523.0728235
6,Sample_S19S_0022_Wat,523.0881098
3,Sample_S19S_0022_Wat,523.1091901
7,Sample_S19S_0022_Wat,523.1376337
11,Sample_S19S_0022_Wat,523.1456062
13,Sample_S19S_0022_Wat,523.1739853
19,Sample_S19S_0022_Wat,523.1820717
15,Sample_S19S_0022_Wat,523.2104573
28,Sample_S19S_0022_Wat,525.1250197
37,Sample_S19S_0022_Wat,525.1614051
11,Sample_S19S_0022_Wat,527.0467883
8,Sample_S19S_0022_Wat,527.0679337
6,Sample_S19S_0022_Wat,527.1043114
11,Sample_S19S_0022_Wat,527.119585
34,Sample_S19S_0022_Wat,527.1406475
16,Sample_S19S_0022_Wat,527.2052882
5,Sample_S19S_0022_Wat,529.0836238
10,Sample_S19S_0022_Wat,529.0988481
34,Sample_S19S_0022_Wat,529.1351825
13,Sample_S19S_0022_Wat,529.1714748
17,Sample_S19S_0022_Wat,529.184567
6,Sample_S19S_0022_Wat,529.1925822
8,Sample_S19S_0022_Wat,529.2078283
3,Sample_S19S_0022_Wat,529.2208396
4,Sample_S19S_0022_Wat,531.0417642
4,Sample_S19S_0022_Wat,531.0781475
8,Sample_S19S_0022_Wat,531.0992322
12,Sample_S19S_0022_Wat,531.1144803
19,Sample_S19S_0022_Wat,531.1355514
26,Sample_S19S_0022_Wat,531.1507766
11,Sample_S19S_0022_Wat,531.1638843
10,Sample_S19S_0022_Wat,531.1871077
10,Sample_S19S_0022_Wat,533.0937827
25,Sample_S19S_0022_Wat,533.1301236
12,Sample_S19S_0022_Wat,533.2027587
6,Sample_S19S_0022_Wat,533.2390944
8,Sample_S19S_0022_Wat,535.0730261
8,Sample_S19S_0022_Wat,535.1094222
7,Sample_S19S_0022_Wat,535.1458132
16,Sample_S19S_0022_Wat,535.1821751
10,Sample_S19S_0022_Wat,535.2547783
6,Sample_S19S_0022_Wat,537.0520931
8,Sample_S19S_0022_Wat,537.0673737
15,Sample_S19S_0022_Wat,537.0884904
28,Sample_S19S_0022_Wat,537.1249315
10,Sample_S19S_0022_Wat,537.1533456
40,Sample_S19S_0022_Wat,537.161382
6,Sample_S19S_0022_Wat,537.1897464
12,Sample_S19S_0022_Wat,537.1978101
2,Sample_S19S_0022_Wat,537.2261348
8,Sample_S19S_0022_Wat,537.2342192
13,Sample_S19S_0022_Wat,539.0679143
15,Sample_S19S_0022_Wat,539.1042196
21,Sample_S19S_0022_Wat,539.1405618
7,Sample_S19S_0022_Wat,539.1688297
4,Sample_S19S_0022_Wat,539.1768779
1,Sample_S19S_0022_Wat,539.2051955
1,Sample_S19S_0022_Wat,539.2132409
3,Sample_S19S_0022_Wat,539.2416063
1,Sample_S19S_0022_Wat,539.2779882
15,Sample_S19S_0022_Wat,541.0623672
19,Sample_S19S_0022_Wat,541.0834882
26,Sample_S19S_0022_Wat,541.0988161
23,Sample_S19S_0022_Wat,541.1199147
5,Sample_S19S_0022_Wat,541.1352769
9,Sample_S19S_0022_Wat,541.1563515
4,Sample_S19S_0022_Wat,541.1927684
2,Sample_S19S_0022_Wat,541.2022438
10,Sample_S19S_0022_Wat,541.2079962
5,Sample_S19S_0022_Wat,542.1878502
18,Sample_S19S_0022_Wat,543.09918
24,Sample_S19S_0022_Wat,543.1144211
15,Sample_S19S_0022_Wat,543.1355017
25,Sample_S19S_0022_Wat,543.1507543
7,Sample_S19S_0022_Wat,543.1718262
6,Sample_S19S_0022_Wat,543.2001267
1,Sample_S19S_0022_Wat,543.2234029
3,Sample_S19S_0022_Wat,543.236535
9,Sample_S19S_0022_Wat,545.0571838
13,Sample_S19S_0022_Wat,545.1299664
10,Sample_S19S_0022_Wat,545.2159419
9,Sample_S19S_0022_Wat,547.109415
12,Sample_S19S_0022_Wat,547.145805
2,Sample_S19S_0022_Wat,547.1822164
2,Sample_S19S_0022_Wat,547.1952584
14,Sample_S19S_0022_Wat,547.2185618
9,Sample_S19S_0022_Wat,549.0887119
11,Sample_S19S_0022_Wat,549.1250923
11,Sample_S19S_0022_Wat,549.1614413
11,Sample_S19S_0022_Wat,549.1896683
34,Sample_S19S_0022_Wat,549.1977663
11,Sample_S19S_0022_Wat,549.2340464
8,Sample_S19S_0022_Wat,551.0679996
22,Sample_S19S_0022_Wat,551.140683
12,Sample_S19S_0022_Wat,551.1689448
21,Sample_S19S_0022_Wat,551.1769906
11,Sample_S19S_0022_Wat,551.2133063
6,Sample_S19S_0022_Wat,553.0836572
4,Sample_S19S_0022_Wat,553.0988926
2,Sample_S19S_0022_Wat,553.2288832
4,Sample_S19S_0022_Wat,555.0629131
2,Sample_S19S_0022_Wat,555.0993123
6,Sample_S19S_0022_Wat,555.1356619
7,Sample_S19S_0022_Wat,557.0572783
20,Sample_S19S_0022_Wat,557.0937315
1,Sample_S19S_0022_Wat,557.1797008
10,Sample_S19S_0022_Wat,559.1092427
13,Sample_S19S_0022_Wat,561.0522506
1,Sample_S19S_0022_Wat,561.1975534
19,Sample_S19S_0022_Wat,563.0679011
5,Sample_S19S_0022_Wat,563.140767
5,Sample_S19S_0022_Wat,563.1771352
18,Sample_S19S_0022_Wat,563.2134586
2,Sample_S19S_0022_Wat,565.0470587
7,Sample_S19S_0022_Wat,565.0833841
7,Sample_S19S_0022_Wat,567.1356587
10,Sample_S19S_0022_Wat,567.2446704
2,Sample_S19S_0022_Wat,569.0573971
12,Sample_S19S_0022_Wat,569.0784551
26,Sample_S19S_0022_Wat,571.1457131
5,Sample_S19S_0022_Wat,571.1952621
14,Sample_S19S_0022_Wat,571.2032768
8,Sample_S19S_0022_Wat,571.2185728
9,Sample_S19S_0022_Wat,573.0521883
20,Sample_S19S_0022_Wat,573.0886509
5,Sample_S19S_0022_Wat,573.1615077
4,Sample_S19S_0022_Wat,573.1978706
3,Sample_S19S_0022_Wat,575.0680122
6,Sample_S19S_0022_Wat,575.1043617
4,Sample_S19S_0022_Wat,575.1407714
11,Sample_S19S_0022_Wat,575.2497017
3,Sample_S19S_0022_Wat,577.0836723
35,Sample_S19S_0022_Wat,577.1563035
21,Sample_S19S_0022_Wat,577.1926143
4,Sample_S19S_0022_Wat,577.228924
5,Sample_S19S_0022_Wat,579.0629358
9,Sample_S19S_0022_Wat,579.0992643
29,Sample_S19S_0022_Wat,579.1719274
15,Sample_S19S_0022_Wat,579.2082488
3,Sample_S19S_0022_Wat,581.0785526
29,Sample_S19S_0022_Wat,581.1512226
19,Sample_S19S_0022_Wat,581.1875335
1,Sample_S19S_0022_Wat,583.0731247
1,Sample_S19S_0022_Wat,583.1095053
8,Sample_S19S_0022_Wat,583.1669172
8,Sample_S19S_0022_Wat,585.052268
4,Sample_S19S_0022_Wat,585.0886953
6,Sample_S19S_0022_Wat,585.1615059
3,Sample_S19S_0022_Wat,585.2472737
11,Sample_S19S_0022_Wat,587.1041571
12,Sample_S19S_0022_Wat,587.1405809
20,Sample_S19S_0022_Wat,587.1770783
3,Sample_S19S_0022_Wat,591.0993225
8,Sample_S19S_0022_Wat,591.2446301
5,Sample_S19S_0022_Wat,605.0785609
3,Sample_S19S_0022_Wat,605.1149751
6,Sample_S19S_0022_Wat,605.1877226
5,Sample_S19S_0022_Wat,623.0891397
13,Sample_S19S_0022_Wat,631.1667917
4,Sample_S19S_0022_Wat,633.1459928
