num.trans.involved.in,sample,peak
35,Sample_S19S_0081_Wat,201.0404313
33,Sample_S19S_0081_Wat,201.0768122
28,Sample_S19S_0081_Wat,201.1131969
36,Sample_S19S_0081_Wat,203.0560881
15,Sample_S19S_0081_Wat,203.0924536
35,Sample_S19S_0081_Wat,205.0142188
32,Sample_S19S_0081_Wat,205.0505947
17,Sample_S19S_0081_Wat,205.086978
7,Sample_S19S_0081_Wat,205.1597578
43,Sample_S19S_0081_Wat,207.0298709
40,Sample_S19S_0081_Wat,207.066249
19,Sample_S19S_0081_Wat,209.0091207
39,Sample_S19S_0081_Wat,209.0455114
37,Sample_S19S_0081_Wat,209.0818981
13,Sample_S19S_0081_Wat,210.0407624
56,Sample_S19S_0081_Wat,211.0247874
62,Sample_S19S_0081_Wat,211.0611736
36,Sample_S19S_0081_Wat,211.097555
19,Sample_S19S_0081_Wat,212.0564229
34,Sample_S19S_0081_Wat,213.0404285
47,Sample_S19S_0081_Wat,213.0768216
29,Sample_S19S_0081_Wat,213.1132092
6,Sample_S19S_0081_Wat,214.050931
40,Sample_S19S_0081_Wat,215.0560786
40,Sample_S19S_0081_Wat,215.0924726
22,Sample_S19S_0081_Wat,215.1288446
18,Sample_S19S_0081_Wat,217.0505866
45,Sample_S19S_0081_Wat,217.0717431
34,Sample_S19S_0081_Wat,217.1081169
50,Sample_S19S_0081_Wat,219.0298823
23,Sample_S19S_0081_Wat,219.0662407
22,Sample_S19S_0081_Wat,221.0091259
45,Sample_S19S_0081_Wat,221.0455191
21,Sample_S19S_0081_Wat,221.048891
25,Sample_S19S_0081_Wat,221.0818912
5,Sample_S19S_0081_Wat,222.0407486
51,Sample_S19S_0081_Wat,223.0247931
25,Sample_S19S_0081_Wat,223.0611523
45,Sample_S19S_0081_Wat,223.0975605
28,Sample_S19S_0081_Wat,224.0564233
81,Sample_S19S_0081_Wat,225.0404494
58,Sample_S19S_0081_Wat,225.0768195
21,Sample_S19S_0081_Wat,225.1131873
32,Sample_S19S_0081_Wat,226.072077
24,Sample_S19S_0081_Wat,227.0196895
21,Sample_S19S_0081_Wat,227.0383214
40,Sample_S19S_0081_Wat,227.056079
52,Sample_S19S_0081_Wat,227.092466
32,Sample_S19S_0081_Wat,227.1288722
5,Sample_S19S_0081_Wat,228.0513116
22,Sample_S19S_0081_Wat,229.0175957
45,Sample_S19S_0081_Wat,229.0353497
50,Sample_S19S_0081_Wat,229.0717413
34,Sample_S19S_0081_Wat,229.1081151
22,Sample_S19S_0081_Wat,229.14452
44,Sample_S19S_0081_Wat,231.0298777
45,Sample_S19S_0081_Wat,231.051012
30,Sample_S19S_0081_Wat,231.0662593
44,Sample_S19S_0081_Wat,231.0873835
1,Sample_S19S_0081_Wat,231.1025998
16,Sample_S19S_0081_Wat,231.1237543
48,Sample_S19S_0081_Wat,233.0455307
45,Sample_S19S_0081_Wat,233.0819208
23,Sample_S19S_0081_Wat,233.0852976
14,Sample_S19S_0081_Wat,233.1546845
5,Sample_S19S_0081_Wat,234.0407445
51,Sample_S19S_0081_Wat,235.0247912
65,Sample_S19S_0081_Wat,235.0611873
47,Sample_S19S_0081_Wat,235.0975749
50,Sample_S19S_0081_Wat,236.0564412
57,Sample_S19S_0081_Wat,237.0404421
68,Sample_S19S_0081_Wat,237.0768351
48,Sample_S19S_0081_Wat,237.1132227
28,Sample_S19S_0081_Wat,238.0720655
69,Sample_S19S_0081_Wat,239.0197221
105,Sample_S19S_0081_Wat,239.0561117
9,Sample_S19S_0081_Wat,239.0673352
101,Sample_S19S_0081_Wat,239.092497
49,Sample_S19S_0081_Wat,239.1288753
31,Sample_S19S_0081_Wat,240.0513448
38,Sample_S19S_0081_Wat,240.0877319
16,Sample_S19S_0081_Wat,241.0176131
76,Sample_S19S_0081_Wat,241.03537
55,Sample_S19S_0081_Wat,241.0717422
37,Sample_S19S_0081_Wat,241.1081087
23,Sample_S19S_0081_Wat,241.1445007
51,Sample_S19S_0081_Wat,242.0670034
20,Sample_S19S_0081_Wat,242.139775
5,Sample_S19S_0081_Wat,242.1761465
40,Sample_S19S_0081_Wat,243.0332768
79,Sample_S19S_0081_Wat,243.0510224
28,Sample_S19S_0081_Wat,243.0696352
45,Sample_S19S_0081_Wat,243.0873816
25,Sample_S19S_0081_Wat,243.1237626
85,Sample_S19S_0081_Wat,245.0455587
24,Sample_S19S_0081_Wat,245.0489119
89,Sample_S19S_0081_Wat,245.0666847
57,Sample_S19S_0081_Wat,245.0819342
70,Sample_S19S_0081_Wat,245.1030642
52,Sample_S19S_0081_Wat,247.024801
78,Sample_S19S_0081_Wat,247.0612011
12,Sample_S19S_0081_Wat,247.0645256
75,Sample_S19S_0081_Wat,247.0823368
80,Sample_S19S_0081_Wat,247.0975945
50,Sample_S19S_0081_Wat,247.1339672
27,Sample_S19S_0081_Wat,248.0200547
44,Sample_S19S_0081_Wat,248.0564361
45,Sample_S19S_0081_Wat,249.0040636
13,Sample_S19S_0081_Wat,249.0227066
87,Sample_S19S_0081_Wat,249.0404675
24,Sample_S19S_0081_Wat,249.0438151
97,Sample_S19S_0081_Wat,249.0768527
24,Sample_S19S_0081_Wat,249.0802097
42,Sample_S19S_0081_Wat,249.1132224
45,Sample_S19S_0081_Wat,249.1496147
53,Sample_S19S_0081_Wat,250.07209
81,Sample_S19S_0081_Wat,251.0197332
83,Sample_S19S_0081_Wat,251.0560986
21,Sample_S19S_0081_Wat,251.0594793
122,Sample_S19S_0081_Wat,251.0925063
57,Sample_S19S_0081_Wat,251.1289035
49,Sample_S19S_0081_Wat,252.0513612
48,Sample_S19S_0081_Wat,252.0877348
106,Sample_S19S_0081_Wat,253.0353983
9,Sample_S19S_0081_Wat,253.0540606
126,Sample_S19S_0081_Wat,253.0717756
7,Sample_S19S_0081_Wat,253.0829986
46,Sample_S19S_0081_Wat,253.1081345
55,Sample_S19S_0081_Wat,253.1445337
37,Sample_S19S_0081_Wat,254.0670222
44,Sample_S19S_0081_Wat,254.1033853
32,Sample_S19S_0081_Wat,255.0332681
107,Sample_S19S_0081_Wat,255.0510433
47,Sample_S19S_0081_Wat,255.0663123
20,Sample_S19S_0081_Wat,255.0696877
125,Sample_S19S_0081_Wat,255.0874163
45,Sample_S19S_0081_Wat,255.1237776
36,Sample_S19S_0081_Wat,255.1602018
44,Sample_S19S_0081_Wat,256.0826837
27,Sample_S19S_0081_Wat,257.012566
85,Sample_S19S_0081_Wat,257.030304
66,Sample_S19S_0081_Wat,257.0455598
49,Sample_S19S_0081_Wat,257.048925
104,Sample_S19S_0081_Wat,257.0666765
70,Sample_S19S_0081_Wat,257.1030521
56,Sample_S19S_0081_Wat,257.1394516
45,Sample_S19S_0081_Wat,258.0619166
60,Sample_S19S_0081_Wat,259.0248281
37,Sample_S19S_0081_Wat,259.0282061
90,Sample_S19S_0081_Wat,259.0459547
78,Sample_S19S_0081_Wat,259.0612028
50,Sample_S19S_0081_Wat,259.0645754
94,Sample_S19S_0081_Wat,259.0823405
70,Sample_S19S_0081_Wat,259.0975861
67,Sample_S19S_0081_Wat,259.1187072
40,Sample_S19S_0081_Wat,259.1339886
71,Sample_S19S_0081_Wat,261.040468
31,Sample_S19S_0081_Wat,261.04386
66,Sample_S19S_0081_Wat,261.061588
99,Sample_S19S_0081_Wat,261.0768598
27,Sample_S19S_0081_Wat,261.0801943
54,Sample_S19S_0081_Wat,261.0980071
69,Sample_S19S_0081_Wat,261.1132477
32,Sample_S19S_0081_Wat,262.0357323
14,Sample_S19S_0081_Wat,263.0019992
51,Sample_S19S_0081_Wat,263.019721
95,Sample_S19S_0081_Wat,263.0561329
40,Sample_S19S_0081_Wat,263.0595
55,Sample_S19S_0081_Wat,263.0924815
25,Sample_S19S_0081_Wat,263.0958535
60,Sample_S19S_0081_Wat,263.128908
51,Sample_S19S_0081_Wat,264.0513612
47,Sample_S19S_0081_Wat,264.087752
11,Sample_S19S_0081_Wat,264.9812269
96,Sample_S19S_0081_Wat,265.0353938
96,Sample_S19S_0081_Wat,265.0717855
30,Sample_S19S_0081_Wat,265.07514
112,Sample_S19S_0081_Wat,265.1081545
4,Sample_S19S_0081_Wat,265.1479151
43,Sample_S19S_0081_Wat,266.0306266
57,Sample_S19S_0081_Wat,266.0670361
39,Sample_S19S_0081_Wat,266.1034196
76,Sample_S19S_0081_Wat,267.0146829
13,Sample_S19S_0081_Wat,267.03333
121,Sample_S19S_0081_Wat,267.0510336
26,Sample_S19S_0081_Wat,267.0663132
115,Sample_S19S_0081_Wat,267.0874299
106,Sample_S19S_0081_Wat,267.123805
46,Sample_S19S_0081_Wat,267.1601848
56,Sample_S19S_0081_Wat,268.0462977
62,Sample_S19S_0081_Wat,268.08266
34,Sample_S19S_0081_Wat,269.01256
82,Sample_S19S_0081_Wat,269.0303205
11,Sample_S19S_0081_Wat,269.0455202
51,Sample_S19S_0081_Wat,269.0489342
128,Sample_S19S_0081_Wat,269.0666802
48,Sample_S19S_0081_Wat,269.0819528
39,Sample_S19S_0081_Wat,269.0853155
110,Sample_S19S_0081_Wat,269.1030627
66,Sample_S19S_0081_Wat,269.1394657
29,Sample_S19S_0081_Wat,269.1758579
55,Sample_S19S_0081_Wat,270.0619439
56,Sample_S19S_0081_Wat,270.0983057
36,Sample_S19S_0081_Wat,271.0281864
86,Sample_S19S_0081_Wat,271.0459737
30,Sample_S19S_0081_Wat,271.061176
43,Sample_S19S_0081_Wat,271.0645721
100,Sample_S19S_0081_Wat,271.0823212
44,Sample_S19S_0081_Wat,271.0976146
6,Sample_S19S_0081_Wat,271.1009969
91,Sample_S19S_0081_Wat,271.118718
30,Sample_S19S_0081_Wat,271.1551343
44,Sample_S19S_0081_Wat,272.0412153
19,Sample_S19S_0081_Wat,272.0564234
49,Sample_S19S_0081_Wat,272.0775888
41,Sample_S19S_0081_Wat,272.1139554
28,Sample_S19S_0081_Wat,273.0074568
67,Sample_S19S_0081_Wat,273.0252099
72,Sample_S19S_0081_Wat,273.040478
47,Sample_S19S_0081_Wat,273.0438577
81,Sample_S19S_0081_Wat,273.061591
92,Sample_S19S_0081_Wat,273.0768603
34,Sample_S19S_0081_Wat,273.0802466
82,Sample_S19S_0081_Wat,273.0979879
63,Sample_S19S_0081_Wat,273.1132445
27,Sample_S19S_0081_Wat,273.1166186
42,Sample_S19S_0081_Wat,273.1343844
37,Sample_S19S_0081_Wat,274.0357454
72,Sample_S19S_0081_Wat,275.0197425
69,Sample_S19S_0081_Wat,275.0408652
82,Sample_S19S_0081_Wat,275.0561155
49,Sample_S19S_0081_Wat,275.0594984
86,Sample_S19S_0081_Wat,275.0772487
97,Sample_S19S_0081_Wat,275.0925149
25,Sample_S19S_0081_Wat,275.0958927
68,Sample_S19S_0081_Wat,275.1136274
62,Sample_S19S_0081_Wat,275.1288873
42,Sample_S19S_0081_Wat,276.0513913
22,Sample_S19S_0081_Wat,276.0877174
97,Sample_S19S_0081_Wat,277.0354157
22,Sample_S19S_0081_Wat,277.0387785
100,Sample_S19S_0081_Wat,277.0717892
42,Sample_S19S_0081_Wat,277.0751477
102,Sample_S19S_0081_Wat,277.1081544
15,Sample_S19S_0081_Wat,277.1115453
67,Sample_S19S_0081_Wat,277.1445377
34,Sample_S19S_0081_Wat,278.0306345
54,Sample_S19S_0081_Wat,278.0670289
41,Sample_S19S_0081_Wat,278.1034322
33,Sample_S19S_0081_Wat,278.1397966
19,Sample_S19S_0081_Wat,278.9969129
49,Sample_S19S_0081_Wat,279.0146331
99,Sample_S19S_0081_Wat,279.0510516
38,Sample_S19S_0081_Wat,279.0544147
15,Sample_S19S_0081_Wat,279.0622836
65,Sample_S19S_0081_Wat,279.0874539
5,Sample_S19S_0081_Wat,279.0908266
81,Sample_S19S_0081_Wat,279.1238221
51,Sample_S19S_0081_Wat,279.160186
59,Sample_S19S_0081_Wat,280.0463018
62,Sample_S19S_0081_Wat,280.0826921
51,Sample_S19S_0081_Wat,280.1190492
20,Sample_S19S_0081_Wat,281.0125726
90,Sample_S19S_0081_Wat,281.0303339
32,Sample_S19S_0081_Wat,281.0455622
6,Sample_S19S_0081_Wat,281.0489881
129,Sample_S19S_0081_Wat,281.0666829
12,Sample_S19S_0081_Wat,281.0700358
76,Sample_S19S_0081_Wat,281.1030502
85,Sample_S19S_0081_Wat,281.1394597
31,Sample_S19S_0081_Wat,281.1758716
47,Sample_S19S_0081_Wat,282.0983548
27,Sample_S19S_0081_Wat,283.0282193
116,Sample_S19S_0081_Wat,283.0459554
51,Sample_S19S_0081_Wat,283.0612062
10,Sample_S19S_0081_Wat,283.064623
80,Sample_S19S_0081_Wat,283.0823169
118,Sample_S19S_0081_Wat,283.118715
46,Sample_S19S_0081_Wat,283.1551309
42,Sample_S19S_0081_Wat,284.0412345
56,Sample_S19S_0081_Wat,284.0776208
29,Sample_S19S_0081_Wat,285.0074703
77,Sample_S19S_0081_Wat,285.025228
58,Sample_S19S_0081_Wat,285.0404866
28,Sample_S19S_0081_Wat,285.0438689
80,Sample_S19S_0081_Wat,285.0616357
58,Sample_S19S_0081_Wat,285.0768513
40,Sample_S19S_0081_Wat,285.0802217
43,Sample_S19S_0081_Wat,285.0980306
20,Sample_S19S_0081_Wat,285.1132165
28,Sample_S19S_0081_Wat,285.1166168
8,Sample_S19S_0081_Wat,285.1262347
59,Sample_S19S_0081_Wat,285.1343948
45,Sample_S19S_0081_Wat,285.17075
43,Sample_S19S_0081_Wat,286.0568589
51,Sample_S19S_0081_Wat,286.0932539
33,Sample_S19S_0081_Wat,287.0231311
73,Sample_S19S_0081_Wat,287.0408776
75,Sample_S19S_0081_Wat,287.0561351
12,Sample_S19S_0081_Wat,287.0595327
95,Sample_S19S_0081_Wat,287.0772537
78,Sample_S19S_0081_Wat,287.0925228
44,Sample_S19S_0081_Wat,287.0958808
89,Sample_S19S_0081_Wat,287.1136282
51,Sample_S19S_0081_Wat,287.1289021
17,Sample_S19S_0081_Wat,287.1322824
55,Sample_S19S_0081_Wat,287.150015
42,Sample_S19S_0081_Wat,288.0513962
43,Sample_S19S_0081_Wat,288.0725046
43,Sample_S19S_0081_Wat,288.0877815
34,Sample_S19S_0081_Wat,288.1089115
81,Sample_S19S_0081_Wat,289.0354029
36,Sample_S19S_0081_Wat,289.0387746
78,Sample_S19S_0081_Wat,289.0565242
104,Sample_S19S_0081_Wat,289.0717704
50,Sample_S19S_0081_Wat,289.0751476
77,Sample_S19S_0081_Wat,289.0929075
76,Sample_S19S_0081_Wat,289.1081489
39,Sample_S19S_0081_Wat,289.1115236
65,Sample_S19S_0081_Wat,289.1292776
58,Sample_S19S_0081_Wat,289.1445478
11,Sample_S19S_0081_Wat,290.0305978
21,Sample_S19S_0081_Wat,290.0669883
12,Sample_S19S_0081_Wat,290.0882083
52,Sample_S19S_0081_Wat,290.1033932
8,Sample_S19S_0081_Wat,290.1245994
66,Sample_S19S_0081_Wat,291.0146759
7,Sample_S19S_0081_Wat,291.0333342
97,Sample_S19S_0081_Wat,291.0510416
39,Sample_S19S_0081_Wat,291.0543989
15,Sample_S19S_0081_Wat,291.0622947
19,Sample_S19S_0081_Wat,291.0696667
69,Sample_S19S_0081_Wat,291.0721692
95,Sample_S19S_0081_Wat,291.0874132
27,Sample_S19S_0081_Wat,291.0907683
10,Sample_S19S_0081_Wat,291.0986884
75,Sample_S19S_0081_Wat,291.1237966
56,Sample_S19S_0081_Wat,291.1601932
37,Sample_S19S_0081_Wat,292.0462633
30,Sample_S19S_0081_Wat,292.1038307
45,Sample_S19S_0081_Wat,292.1190716
1,Sample_S19S_0081_Wat,292.2129776
93,Sample_S19S_0081_Wat,293.0303357
97,Sample_S19S_0081_Wat,293.0667099
33,Sample_S19S_0081_Wat,293.0700724
19,Sample_S19S_0081_Wat,293.0779374
112,Sample_S19S_0081_Wat,293.1030793
93,Sample_S19S_0081_Wat,293.1394564
14,Sample_S19S_0081_Wat,293.1757942
15,Sample_S19S_0081_Wat,294.0255165
45,Sample_S19S_0081_Wat,294.0619153
56,Sample_S19S_0081_Wat,294.098304
44,Sample_S19S_0081_Wat,294.1347046
51,Sample_S19S_0081_Wat,295.0095496
1,Sample_S19S_0081_Wat,295.0282728
93,Sample_S19S_0081_Wat,295.0459444
11,Sample_S19S_0081_Wat,295.0572284
6,Sample_S19S_0081_Wat,295.0646393
127,Sample_S19S_0081_Wat,295.0823376
5,Sample_S19S_0081_Wat,295.093638
7,Sample_S19S_0081_Wat,295.1010171
127,Sample_S19S_0081_Wat,295.1187213
65,Sample_S19S_0081_Wat,295.1550986
36,Sample_S19S_0081_Wat,296.0411763
58,Sample_S19S_0081_Wat,296.0775656
44,Sample_S19S_0081_Wat,296.1139469
85,Sample_S19S_0081_Wat,297.025237
28,Sample_S19S_0081_Wat,297.0404658
31,Sample_S19S_0081_Wat,297.0438655
98,Sample_S19S_0081_Wat,297.0616262
19,Sample_S19S_0081_Wat,297.0728378
24,Sample_S19S_0081_Wat,297.0768371
44,Sample_S19S_0081_Wat,297.080232
73,Sample_S19S_0081_Wat,297.0980154
15,Sample_S19S_0081_Wat,297.109248
17,Sample_S19S_0081_Wat,297.116632
45,Sample_S19S_0081_Wat,297.1344063
14,Sample_S19S_0081_Wat,297.1529844
20,Sample_S19S_0081_Wat,297.1707937
62,Sample_S19S_0081_Wat,298.0568737
57,Sample_S19S_0081_Wat,298.0932671
37,Sample_S19S_0081_Wat,298.1296449
32,Sample_S19S_0081_Wat,299.0231228
77,Sample_S19S_0081_Wat,299.0408894
70,Sample_S19S_0081_Wat,299.05613
55,Sample_S19S_0081_Wat,299.0595
108,Sample_S19S_0081_Wat,299.0772616
54,Sample_S19S_0081_Wat,299.0924991
27,Sample_S19S_0081_Wat,299.0958611
89,Sample_S19S_0081_Wat,299.1136455
25,Sample_S19S_0081_Wat,299.1322536
79,Sample_S19S_0081_Wat,299.1500243
25,Sample_S19S_0081_Wat,299.1864335
34,Sample_S19S_0081_Wat,300.0513851
58,Sample_S19S_0081_Wat,300.0725
46,Sample_S19S_0081_Wat,300.1089049
19,Sample_S19S_0081_Wat,301.0023572
61,Sample_S19S_0081_Wat,301.0201601
69,Sample_S19S_0081_Wat,301.0353903
44,Sample_S19S_0081_Wat,301.0387674
75,Sample_S19S_0081_Wat,301.0565488
64,Sample_S19S_0081_Wat,301.071792
56,Sample_S19S_0081_Wat,301.0751454
65,Sample_S19S_0081_Wat,301.092932
43,Sample_S19S_0081_Wat,301.1081829
33,Sample_S19S_0081_Wat,301.1115398
50,Sample_S19S_0081_Wat,301.129318
44,Sample_S19S_0081_Wat,301.1445638
39,Sample_S19S_0081_Wat,301.1656955
28,Sample_S19S_0081_Wat,302.0306578
44,Sample_S19S_0081_Wat,302.0670162
34,Sample_S19S_0081_Wat,302.0881947
26,Sample_S19S_0081_Wat,302.1245742
55,Sample_S19S_0081_Wat,303.0146906
57,Sample_S19S_0081_Wat,303.0357821
86,Sample_S19S_0081_Wat,303.0510433
54,Sample_S19S_0081_Wat,303.0544081
81,Sample_S19S_0081_Wat,303.0721573
83,Sample_S19S_0081_Wat,303.0874395
49,Sample_S19S_0081_Wat,303.0907893
86,Sample_S19S_0081_Wat,303.1085414
69,Sample_S19S_0081_Wat,303.1238249
22,Sample_S19S_0081_Wat,303.1271588
58,Sample_S19S_0081_Wat,303.1449308
40,Sample_S19S_0081_Wat,303.1602155
40,Sample_S19S_0081_Wat,304.0462877
27,Sample_S19S_0081_Wat,304.0674332
52,Sample_S19S_0081_Wat,304.0826613
29,Sample_S19S_0081_Wat,304.1038383
57,Sample_S19S_0081_Wat,304.119049
8,Sample_S19S_0081_Wat,304.1402446
87,Sample_S19S_0081_Wat,305.0303157
37,Sample_S19S_0081_Wat,305.0336873
110,Sample_S19S_0081_Wat,305.0666877
47,Sample_S19S_0081_Wat,305.0700613
6,Sample_S19S_0081_Wat,305.0779953
8,Sample_S19S_0081_Wat,305.0852605
44,Sample_S19S_0081_Wat,305.087829
95,Sample_S19S_0081_Wat,305.1030852
26,Sample_S19S_0081_Wat,305.1064563
1,Sample_S19S_0081_Wat,305.1143903
72,Sample_S19S_0081_Wat,305.1394662
43,Sample_S19S_0081_Wat,305.1758605
18,Sample_S19S_0081_Wat,306.0831168
64,Sample_S19S_0081_Wat,306.0983427
6,Sample_S19S_0081_Wat,306.1195211
10,Sample_S19S_0081_Wat,306.9918439
44,Sample_S19S_0081_Wat,307.0095853
9,Sample_S19S_0081_Wat,307.0282517
106,Sample_S19S_0081_Wat,307.0459779
25,Sample_S19S_0081_Wat,307.0493115
9,Sample_S19S_0081_Wat,307.0572343
30,Sample_S19S_0081_Wat,307.0645834
70,Sample_S19S_0081_Wat,307.0823737
28,Sample_S19S_0081_Wat,307.0857227
17,Sample_S19S_0081_Wat,307.0936059
50,Sample_S19S_0081_Wat,307.1187572
14,Sample_S19S_0081_Wat,307.1221115
47,Sample_S19S_0081_Wat,307.1551342
33,Sample_S19S_0081_Wat,307.1915179
61,Sample_S19S_0081_Wat,308.0412303
67,Sample_S19S_0081_Wat,308.0775973
4,Sample_S19S_0081_Wat,308.098784
58,Sample_S19S_0081_Wat,308.1139545
86,Sample_S19S_0081_Wat,309.0252469
26,Sample_S19S_0081_Wat,309.0405118
16,Sample_S19S_0081_Wat,309.0438781
119,Sample_S19S_0081_Wat,309.0616036
20,Sample_S19S_0081_Wat,309.0649579
17,Sample_S19S_0081_Wat,309.0728691
35,Sample_S19S_0081_Wat,309.0802354
116,Sample_S19S_0081_Wat,309.0979773
8,Sample_S19S_0081_Wat,309.1092661
100,Sample_S19S_0081_Wat,309.1343649
51,Sample_S19S_0081_Wat,309.1707647
4,Sample_S19S_0081_Wat,309.1741269
53,Sample_S19S_0081_Wat,310.0568411
63,Sample_S19S_0081_Wat,310.0932206
60,Sample_S19S_0081_Wat,310.1296176
35,Sample_S19S_0081_Wat,311.0197516
34,Sample_S19S_0081_Wat,311.0231058
91,Sample_S19S_0081_Wat,311.0408991
51,Sample_S19S_0081_Wat,311.0561331
23,Sample_S19S_0081_Wat,311.0594676
102,Sample_S19S_0081_Wat,311.0772659
23,Sample_S19S_0081_Wat,311.0885065
23,Sample_S19S_0081_Wat,311.0958599
14,Sample_S19S_0081_Wat,311.105537
137,Sample_S19S_0081_Wat,311.1136352
15,Sample_S19S_0081_Wat,311.132285
85,Sample_S19S_0081_Wat,311.1500195
2,Sample_S19S_0081_Wat,311.1686157
33,Sample_S19S_0081_Wat,311.186419
63,Sample_S19S_0081_Wat,312.0725103
17,Sample_S19S_0081_Wat,313.0024017
60,Sample_S19S_0081_Wat,313.0201379
43,Sample_S19S_0081_Wat,313.0353909
46,Sample_S19S_0081_Wat,313.0387549
88,Sample_S19S_0081_Wat,313.0565398
37,Sample_S19S_0081_Wat,313.071764
17,Sample_S19S_0081_Wat,313.075094
81,Sample_S19S_0081_Wat,313.0929245
23,Sample_S19S_0081_Wat,313.1041391
60,Sample_S19S_0081_Wat,313.1081574
26,Sample_S19S_0081_Wat,313.1115031
79,Sample_S19S_0081_Wat,313.1293014
10,Sample_S19S_0081_Wat,313.1479364
54,Sample_S19S_0081_Wat,313.1656688
52,Sample_S19S_0081_Wat,314.0517902
65,Sample_S19S_0081_Wat,314.0881771
49,Sample_S19S_0081_Wat,314.1245573
7,Sample_S19S_0081_Wat,314.9968733
48,Sample_S19S_0081_Wat,315.0146824
27,Sample_S19S_0081_Wat,315.0180328
72,Sample_S19S_0081_Wat,315.035781
72,Sample_S19S_0081_Wat,315.0510397
57,Sample_S19S_0081_Wat,315.0544106
84,Sample_S19S_0081_Wat,315.0721791
40,Sample_S19S_0081_Wat,315.0873994
18,Sample_S19S_0081_Wat,315.0907452
67,Sample_S19S_0081_Wat,315.1085755
66,Sample_S19S_0081_Wat,315.1238052
16,Sample_S19S_0081_Wat,315.1271409
53,Sample_S19S_0081_Wat,315.1449559
46,Sample_S19S_0081_Wat,315.1602065
35,Sample_S19S_0081_Wat,315.1813307
43,Sample_S19S_0081_Wat,316.0463145
40,Sample_S19S_0081_Wat,316.0674166
55,Sample_S19S_0081_Wat,316.0826874
58,Sample_S19S_0081_Wat,316.1038062
26,Sample_S19S_0081_Wat,316.1402237
67,Sample_S19S_0081_Wat,317.0303382
10,Sample_S19S_0081_Wat,317.0337185
71,Sample_S19S_0081_Wat,317.0514233
92,Sample_S19S_0081_Wat,317.0666936
57,Sample_S19S_0081_Wat,317.0700656
93,Sample_S19S_0081_Wat,317.0878157
69,Sample_S19S_0081_Wat,317.1030588
16,Sample_S19S_0081_Wat,317.1063977
49,Sample_S19S_0081_Wat,317.124227
73,Sample_S19S_0081_Wat,317.1394552
12,Sample_S19S_0081_Wat,317.1427951
40,Sample_S19S_0081_Wat,317.1606071
36,Sample_S19S_0081_Wat,317.1758589
21,Sample_S19S_0081_Wat,318.0255948
56,Sample_S19S_0081_Wat,318.0619419
19,Sample_S19S_0081_Wat,318.0831173
45,Sample_S19S_0081_Wat,318.0982984
24,Sample_S19S_0081_Wat,318.1194966
40,Sample_S19S_0081_Wat,319.009608
6,Sample_S19S_0081_Wat,319.0282488
26,Sample_S19S_0081_Wat,319.0460069
9,Sample_S19S_0081_Wat,319.0493681
43,Sample_S19S_0081_Wat,319.0670953
87,Sample_S19S_0081_Wat,319.0823624
47,Sample_S19S_0081_Wat,319.0857041
39,Sample_S19S_0081_Wat,319.103481
98,Sample_S19S_0081_Wat,319.1187158
16,Sample_S19S_0081_Wat,319.1220501
63,Sample_S19S_0081_Wat,319.1551015
38,Sample_S19S_0081_Wat,319.1915149
50,Sample_S19S_0081_Wat,320.0412195
46,Sample_S19S_0081_Wat,320.0776287
21,Sample_S19S_0081_Wat,320.0987676
20,Sample_S19S_0081_Wat,320.1140206
18,Sample_S19S_0081_Wat,320.1351354
1,Sample_S19S_0081_Wat,321.0075283
73,Sample_S19S_0081_Wat,321.0252313
30,Sample_S19S_0081_Wat,321.0438595
79,Sample_S19S_0081_Wat,321.0616406
22,Sample_S19S_0081_Wat,321.0649964
9,Sample_S19S_0081_Wat,321.0728956
13,Sample_S19S_0081_Wat,321.0801765
47,Sample_S19S_0081_Wat,321.0980285
9,Sample_S19S_0081_Wat,321.1013887
2,Sample_S19S_0081_Wat,321.1093021
77,Sample_S19S_0081_Wat,321.1343949
52,Sample_S19S_0081_Wat,321.1707672
60,Sample_S19S_0081_Wat,322.0568903
13,Sample_S19S_0081_Wat,322.0780206
67,Sample_S19S_0081_Wat,322.0932669
8,Sample_S19S_0081_Wat,322.1144282
23,Sample_S19S_0081_Wat,323.0231329
81,Sample_S19S_0081_Wat,323.0408542
35,Sample_S19S_0081_Wat,323.0595051
113,Sample_S19S_0081_Wat,323.0772527
14,Sample_S19S_0081_Wat,323.0805863
25,Sample_S19S_0081_Wat,323.0884973
18,Sample_S19S_0081_Wat,323.0958413
62,Sample_S19S_0081_Wat,323.1136726
65,Sample_S19S_0081_Wat,323.1500462
43,Sample_S19S_0081_Wat,323.1864241
48,Sample_S19S_0081_Wat,324.0361498
69,Sample_S19S_0081_Wat,324.0725027
62,Sample_S19S_0081_Wat,324.108871
36,Sample_S19S_0081_Wat,324.1453087
17,Sample_S19S_0081_Wat,325.0201894
31,Sample_S19S_0081_Wat,325.0387758
92,Sample_S19S_0081_Wat,325.0565425
6,Sample_S19S_0081_Wat,325.0678176
16,Sample_S19S_0081_Wat,325.0718212
40,Sample_S19S_0081_Wat,325.0751326
115,Sample_S19S_0081_Wat,325.0928926
32,Sample_S19S_0081_Wat,325.1081822
36,Sample_S19S_0081_Wat,325.111525
89,Sample_S19S_0081_Wat,325.1292996
22,Sample_S19S_0081_Wat,325.1445257
22,Sample_S19S_0081_Wat,325.1479013
44,Sample_S19S_0081_Wat,325.1657004
1,Sample_S19S_0081_Wat,325.1842438
36,Sample_S19S_0081_Wat,325.2020573
45,Sample_S19S_0081_Wat,326.0518083
1,Sample_S19S_0081_Wat,326.0644102
68,Sample_S19S_0081_Wat,326.0881656
57,Sample_S19S_0081_Wat,326.1245662
17,Sample_S19S_0081_Wat,327.0180623
74,Sample_S19S_0081_Wat,327.035782
49,Sample_S19S_0081_Wat,327.0510536
24,Sample_S19S_0081_Wat,327.0543882
73,Sample_S19S_0081_Wat,327.0722018
24,Sample_S19S_0081_Wat,327.0834311
67,Sample_S19S_0081_Wat,327.0874372
20,Sample_S19S_0081_Wat,327.090737
73,Sample_S19S_0081_Wat,327.1085831
30,Sample_S19S_0081_Wat,327.1238447
18,Sample_S19S_0081_Wat,327.1271924
76,Sample_S19S_0081_Wat,327.1449492
4,Sample_S19S_0081_Wat,327.1636073
49,Sample_S19S_0081_Wat,328.067419
34,Sample_S19S_0081_Wat,328.0826716
65,Sample_S19S_0081_Wat,328.1037984
26,Sample_S19S_0081_Wat,328.140231
11,Sample_S19S_0081_Wat,328.997322
53,Sample_S19S_0081_Wat,329.0303285
44,Sample_S19S_0081_Wat,329.0336784
47,Sample_S19S_0081_Wat,329.0514722
30,Sample_S19S_0081_Wat,329.0667319
54,Sample_S19S_0081_Wat,329.0700573
105,Sample_S19S_0081_Wat,329.0878075
67,Sample_S19S_0081_Wat,329.1030905
46,Sample_S19S_0081_Wat,329.1064332
70,Sample_S19S_0081_Wat,329.1242163
16,Sample_S19S_0081_Wat,329.1394079
20,Sample_S19S_0081_Wat,329.1427997
1,Sample_S19S_0081_Wat,329.152419
57,Sample_S19S_0081_Wat,329.1605843
34,Sample_S19S_0081_Wat,330.0619755
27,Sample_S19S_0081_Wat,330.0831155
48,Sample_S19S_0081_Wat,330.1194763
30,Sample_S19S_0081_Wat,331.0095615
21,Sample_S19S_0081_Wat,331.012931
52,Sample_S19S_0081_Wat,331.0307044
48,Sample_S19S_0081_Wat,331.0459941
46,Sample_S19S_0081_Wat,331.0493372
65,Sample_S19S_0081_Wat,331.0670688
72,Sample_S19S_0081_Wat,331.0823608
48,Sample_S19S_0081_Wat,331.0857029
47,Sample_S19S_0081_Wat,331.1034998
87,Sample_S19S_0081_Wat,331.1187275
25,Sample_S19S_0081_Wat,331.122066
23,Sample_S19S_0081_Wat,331.1399002
17,Sample_S19S_0081_Wat,331.155166
15,Sample_S19S_0081_Wat,331.1915481
41,Sample_S19S_0081_Wat,332.0412408
31,Sample_S19S_0081_Wat,332.0623668
61,Sample_S19S_0081_Wat,332.0775831
44,Sample_S19S_0081_Wat,332.0987468
46,Sample_S19S_0081_Wat,332.1139958
28,Sample_S19S_0081_Wat,332.1351167
31,Sample_S19S_0081_Wat,333.0252702
10,Sample_S19S_0081_Wat,333.0286322
14,Sample_S19S_0081_Wat,333.0438315
37,Sample_S19S_0081_Wat,333.0463704
42,Sample_S19S_0081_Wat,333.0616512
5,Sample_S19S_0081_Wat,333.0650225
4,Sample_S19S_0081_Wat,333.0802709
41,Sample_S19S_0081_Wat,333.08277
89,Sample_S19S_0081_Wat,333.0980074
39,Sample_S19S_0081_Wat,333.1013488
11,Sample_S19S_0081_Wat,333.1191757
39,Sample_S19S_0081_Wat,333.1344131
31,Sample_S19S_0081_Wat,333.137741
33,Sample_S19S_0081_Wat,333.1707943
62,Sample_S19S_0081_Wat,334.0568812
22,Sample_S19S_0081_Wat,334.0780188
44,Sample_S19S_0081_Wat,334.0932769
13,Sample_S19S_0081_Wat,334.1144217
42,Sample_S19S_0081_Wat,335.004499
54,Sample_S19S_0081_Wat,335.0409093
12,Sample_S19S_0081_Wat,335.0442667
13,Sample_S19S_0081_Wat,335.0594193
95,Sample_S19S_0081_Wat,335.0772597
43,Sample_S19S_0081_Wat,335.0806299
10,Sample_S19S_0081_Wat,335.0958393
57,Sample_S19S_0081_Wat,335.1136067
6,Sample_S19S_0081_Wat,335.1169263
74,Sample_S19S_0081_Wat,335.150042
48,Sample_S19S_0081_Wat,335.1864245
23,Sample_S19S_0081_Wat,336.0361684
32,Sample_S19S_0081_Wat,336.0725571
2,Sample_S19S_0081_Wat,336.0937181
65,Sample_S19S_0081_Wat,336.1089144
2,Sample_S19S_0081_Wat,336.1301036
2,Sample_S19S_0081_Wat,336.1453517
63,Sample_S19S_0081_Wat,337.0201415
16,Sample_S19S_0081_Wat,337.0387346
61,Sample_S19S_0081_Wat,337.0564852
15,Sample_S19S_0081_Wat,337.0695448
19,Sample_S19S_0081_Wat,337.0750727
110,Sample_S19S_0081_Wat,337.0929176
7,Sample_S19S_0081_Wat,337.1041904
18,Sample_S19S_0081_Wat,337.111496
112,Sample_S19S_0081_Wat,337.1292866
68,Sample_S19S_0081_Wat,337.1656867
10,Sample_S19S_0081_Wat,337.2021218
13,Sample_S19S_0081_Wat,338.0518396
75,Sample_S19S_0081_Wat,338.0881798
3,Sample_S19S_0081_Wat,338.1093609
47,Sample_S19S_0081_Wat,338.1245766
13,Sample_S19S_0081_Wat,339.0180613
73,Sample_S19S_0081_Wat,339.0357996
26,Sample_S19S_0081_Wat,339.0510159
15,Sample_S19S_0081_Wat,339.0543354
115,Sample_S19S_0081_Wat,339.0721726
6,Sample_S19S_0081_Wat,339.0834699
15,Sample_S19S_0081_Wat,339.0907316
120,Sample_S19S_0081_Wat,339.1085453
26,Sample_S19S_0081_Wat,339.1271705
35,Sample_S19S_0081_Wat,339.1449816
44,Sample_S19S_0081_Wat,339.1813533
5,Sample_S19S_0081_Wat,339.1999929
19,Sample_S19S_0081_Wat,340.0674792
67,Sample_S19S_0081_Wat,340.1038147
52,Sample_S19S_0081_Wat,340.1401964
55,Sample_S19S_0081_Wat,341.0150623
29,Sample_S19S_0081_Wat,341.0302897
18,Sample_S19S_0081_Wat,341.0336306
75,Sample_S19S_0081_Wat,341.0514621
35,Sample_S19S_0081_Wat,341.0667303
25,Sample_S19S_0081_Wat,341.0700215
116,Sample_S19S_0081_Wat,341.0878109
29,Sample_S19S_0081_Wat,341.1031062
26,Sample_S19S_0081_Wat,341.1064053
40,Sample_S19S_0081_Wat,341.12425
27,Sample_S19S_0081_Wat,341.1394885
29,Sample_S19S_0081_Wat,341.1428161
51,Sample_S19S_0081_Wat,341.1606173
3,Sample_S19S_0081_Wat,341.179252
38,Sample_S19S_0081_Wat,341.1969848
38,Sample_S19S_0081_Wat,342.0467143
14,Sample_S19S_0081_Wat,342.0619966
62,Sample_S19S_0081_Wat,342.0830768
49,Sample_S19S_0081_Wat,342.1194926
45,Sample_S19S_0081_Wat,342.155837
13,Sample_S19S_0081_Wat,343.0129774
57,Sample_S19S_0081_Wat,343.0307124
50,Sample_S19S_0081_Wat,343.0459579
18,Sample_S19S_0081_Wat,343.0492868
55,Sample_S19S_0081_Wat,343.067113
19,Sample_S19S_0081_Wat,343.0823925
53,Sample_S19S_0081_Wat,343.0857039
103,Sample_S19S_0081_Wat,343.1034685
54,Sample_S19S_0081_Wat,343.1187422
32,Sample_S19S_0081_Wat,343.1220769
18,Sample_S19S_0081_Wat,343.1399075
38,Sample_S19S_0081_Wat,343.1551386
21,Sample_S19S_0081_Wat,343.1584698
41,Sample_S19S_0081_Wat,343.1762631
25,Sample_S19S_0081_Wat,344.0412523
46,Sample_S19S_0081_Wat,344.0623517
51,Sample_S19S_0081_Wat,344.0775907
42,Sample_S19S_0081_Wat,344.0987606
52,Sample_S19S_0081_Wat,344.1139904
1,Sample_S19S_0081_Wat,344.1350437
55,Sample_S19S_0081_Wat,345.0252491
33,Sample_S19S_0081_Wat,345.0286059
53,Sample_S19S_0081_Wat,345.0463327
71,Sample_S19S_0081_Wat,345.0616254
42,Sample_S19S_0081_Wat,345.0649742
54,Sample_S19S_0081_Wat,345.0827674
73,Sample_S19S_0081_Wat,345.0980089
35,Sample_S19S_0081_Wat,345.1013399
56,Sample_S19S_0081_Wat,345.1191373
24,Sample_S19S_0081_Wat,345.1344288
36,Sample_S19S_0081_Wat,345.1377389
30,Sample_S19S_0081_Wat,345.1555412
54,Sample_S19S_0081_Wat,345.170772
7,Sample_S19S_0081_Wat,345.1919508
31,Sample_S19S_0081_Wat,346.0569005
33,Sample_S19S_0081_Wat,346.07802
59,Sample_S19S_0081_Wat,346.0932318
45,Sample_S19S_0081_Wat,346.1143644
45,Sample_S19S_0081_Wat,346.1296472
23,Sample_S19S_0081_Wat,346.1507606
1,Sample_S19S_0081_Wat,346.2154294
73,Sample_S19S_0081_Wat,347.0408756
45,Sample_S19S_0081_Wat,347.0442381
17,Sample_S19S_0081_Wat,347.0595033
39,Sample_S19S_0081_Wat,347.0620279
102,Sample_S19S_0081_Wat,347.0772564
21,Sample_S19S_0081_Wat,347.0805924
25,Sample_S19S_0081_Wat,347.0903002
64,Sample_S19S_0081_Wat,347.0983726
44,Sample_S19S_0081_Wat,347.1136821
40,Sample_S19S_0081_Wat,347.1170036
27,Sample_S19S_0081_Wat,347.1348045
77,Sample_S19S_0081_Wat,347.1500262
15,Sample_S19S_0081_Wat,347.1864695
35,Sample_S19S_0081_Wat,348.0361356
29,Sample_S19S_0081_Wat,348.0725611
65,Sample_S19S_0081_Wat,348.1089104
13,Sample_S19S_0081_Wat,348.1300774
1,Sample_S19S_0081_Wat,348.231087
58,Sample_S19S_0081_Wat,349.0201636
13,Sample_S19S_0081_Wat,349.0387327
25,Sample_S19S_0081_Wat,349.0564693
12,Sample_S19S_0081_Wat,349.0598406
17,Sample_S19S_0081_Wat,349.075097
89,Sample_S19S_0081_Wat,349.0929209
18,Sample_S19S_0081_Wat,349.0962266
22,Sample_S19S_0081_Wat,349.1059291
90,Sample_S19S_0081_Wat,349.129303
6,Sample_S19S_0081_Wat,349.1325881
72,Sample_S19S_0081_Wat,349.1656793
12,Sample_S19S_0081_Wat,349.1690154
14,Sample_S19S_0081_Wat,349.2021049
17,Sample_S19S_0081_Wat,350.0518357
76,Sample_S19S_0081_Wat,350.0881844
21,Sample_S19S_0081_Wat,350.1245924
69,Sample_S19S_0081_Wat,351.0357871
81,Sample_S19S_0081_Wat,351.0721501
12,Sample_S19S_0081_Wat,351.075514
14,Sample_S19S_0081_Wat,351.090714
52,Sample_S19S_0081_Wat,351.1085115
6,Sample_S19S_0081_Wat,351.1118012
24,Sample_S19S_0081_Wat,351.121581
52,Sample_S19S_0081_Wat,351.1449775
48,Sample_S19S_0081_Wat,351.1813076
27,Sample_S19S_0081_Wat,352.0310225
26,Sample_S19S_0081_Wat,352.0674721
67,Sample_S19S_0081_Wat,352.1038206
32,Sample_S19S_0081_Wat,352.140233
55,Sample_S19S_0081_Wat,353.0150696
29,Sample_S19S_0081_Wat,353.0336695
48,Sample_S19S_0081_Wat,353.0514753
16,Sample_S19S_0081_Wat,353.0700048
111,Sample_S19S_0081_Wat,353.0878166
13,Sample_S19S_0081_Wat,353.0990962
12,Sample_S19S_0081_Wat,353.1008561
7,Sample_S19S_0081_Wat,353.1063571
78,Sample_S19S_0081_Wat,353.124233
52,Sample_S19S_0081_Wat,353.1605629
36,Sample_S19S_0081_Wat,353.1970034
1,Sample_S19S_0081_Wat,353.2003494
46,Sample_S19S_0081_Wat,354.0467104
71,Sample_S19S_0081_Wat,354.0830704
59,Sample_S19S_0081_Wat,354.1194893
52,Sample_S19S_0081_Wat,354.1558443
13,Sample_S19S_0081_Wat,355.0129751
58,Sample_S19S_0081_Wat,355.0306981
39,Sample_S19S_0081_Wat,355.0459559
19,Sample_S19S_0081_Wat,355.0492579
70,Sample_S19S_0081_Wat,355.0671162
5,Sample_S19S_0081_Wat,355.0824171
20,Sample_S19S_0081_Wat,355.0856467
105,Sample_S19S_0081_Wat,355.1034699
55,Sample_S19S_0081_Wat,355.1187368
13,Sample_S19S_0081_Wat,355.1220436
25,Sample_S19S_0081_Wat,355.1399086
1,Sample_S19S_0081_Wat,355.1551939
17,Sample_S19S_0081_Wat,355.1584835
52,Sample_S19S_0081_Wat,355.1762476
11,Sample_S19S_0081_Wat,355.2126797
61,Sample_S19S_0081_Wat,356.0623586
49,Sample_S19S_0081_Wat,356.0776181
31,Sample_S19S_0081_Wat,356.0987693
52,Sample_S19S_0081_Wat,356.1350838
33,Sample_S19S_0081_Wat,357.0251986
13,Sample_S19S_0081_Wat,357.028543
57,Sample_S19S_0081_Wat,357.046323
53,Sample_S19S_0081_Wat,357.061636
21,Sample_S19S_0081_Wat,357.0649448
90,Sample_S19S_0081_Wat,357.0827228
53,Sample_S19S_0081_Wat,357.0979761
13,Sample_S19S_0081_Wat,357.1012479
23,Sample_S19S_0081_Wat,357.1110353
98,Sample_S19S_0081_Wat,357.1191097
35,Sample_S19S_0081_Wat,357.134414
22,Sample_S19S_0081_Wat,357.1377249
69,Sample_S19S_0081_Wat,357.1554992
38,Sample_S19S_0081_Wat,357.191896
49,Sample_S19S_0081_Wat,358.0568909
51,Sample_S19S_0081_Wat,358.077999
48,Sample_S19S_0081_Wat,358.0932734
17,Sample_S19S_0081_Wat,359.0409252
29,Sample_S19S_0081_Wat,359.0442657
64,Sample_S19S_0081_Wat,359.0619959
60,Sample_S19S_0081_Wat,359.077285
57,Sample_S19S_0081_Wat,359.0806207
35,Sample_S19S_0081_Wat,359.0984239
14,Sample_S19S_0081_Wat,359.1169502
53,Sample_S19S_0081_Wat,359.1347452
72,Sample_S19S_0081_Wat,359.1500213
39,Sample_S19S_0081_Wat,359.1711775
45,Sample_S19S_0081_Wat,359.1864203
42,Sample_S19S_0081_Wat,360.0361542
30,Sample_S19S_0081_Wat,360.0572322
32,Sample_S19S_0081_Wat,360.093678
49,Sample_S19S_0081_Wat,360.108919
3,Sample_S19S_0081_Wat,360.1299489
20,Sample_S19S_0081_Wat,360.1664452
45,Sample_S19S_0081_Wat,361.0201475
44,Sample_S19S_0081_Wat,361.0412698
59,Sample_S19S_0081_Wat,361.056505
22,Sample_S19S_0081_Wat,361.0598496
20,Sample_S19S_0081_Wat,361.069538
12,Sample_S19S_0081_Wat,361.07507
38,Sample_S19S_0081_Wat,361.077621
79,Sample_S19S_0081_Wat,361.0929312
51,Sample_S19S_0081_Wat,361.0962708
46,Sample_S19S_0081_Wat,361.1140532
104,Sample_S19S_0081_Wat,361.1292859
5,Sample_S19S_0081_Wat,361.132556
29,Sample_S19S_0081_Wat,361.1423317
48,Sample_S19S_0081_Wat,361.1657046
36,Sample_S19S_0081_Wat,361.2020508
73,Sample_S19S_0081_Wat,362.0881611
18,Sample_S19S_0081_Wat,362.1093336
7,Sample_S19S_0081_Wat,362.1246138
64,Sample_S19S_0081_Wat,363.0357881
12,Sample_S19S_0081_Wat,363.0543747
48,Sample_S19S_0081_Wat,363.0722122
28,Sample_S19S_0081_Wat,363.0755589
12,Sample_S19S_0081_Wat,363.0907668
98,Sample_S19S_0081_Wat,363.108539
6,Sample_S19S_0081_Wat,363.1118361
21,Sample_S19S_0081_Wat,363.1215932
41,Sample_S19S_0081_Wat,363.1449786
4,Sample_S19S_0081_Wat,363.1481714
28,Sample_S19S_0081_Wat,363.1812892
39,Sample_S19S_0081_Wat,364.0310639
56,Sample_S19S_0081_Wat,364.0674047
19,Sample_S19S_0081_Wat,364.0885367
68,Sample_S19S_0081_Wat,364.1038292
67,Sample_S19S_0081_Wat,364.1401707
51,Sample_S19S_0081_Wat,365.015069
13,Sample_S19S_0081_Wat,365.0336024
30,Sample_S19S_0081_Wat,365.0513776
13,Sample_S19S_0081_Wat,365.0644569
9,Sample_S19S_0081_Wat,365.0699436
98,Sample_S19S_0081_Wat,365.0878382
11,Sample_S19S_0081_Wat,365.0911348
28,Sample_S19S_0081_Wat,365.1008669
9,Sample_S19S_0081_Wat,365.1063376
51,Sample_S19S_0081_Wat,365.1241727
17,Sample_S19S_0081_Wat,365.137244
25,Sample_S19S_0081_Wat,365.1606438
42,Sample_S19S_0081_Wat,365.1969623
76,Sample_S19S_0081_Wat,366.0830912
70,Sample_S19S_0081_Wat,366.1194629
9,Sample_S19S_0081_Wat,366.1558943
62,Sample_S19S_0081_Wat,367.0306865
21,Sample_S19S_0081_Wat,367.0492837
92,Sample_S19S_0081_Wat,367.0671094
11,Sample_S19S_0081_Wat,367.0855977
116,Sample_S19S_0081_Wat,367.1034613
20,Sample_S19S_0081_Wat,367.1165264
24,Sample_S19S_0081_Wat,367.1220623
12,Sample_S19S_0081_Wat,367.1399195
52,Sample_S19S_0081_Wat,367.1762158
30,Sample_S19S_0081_Wat,367.2126519
19,Sample_S19S_0081_Wat,368.0623951
92,Sample_S19S_0081_Wat,368.0987097
58,Sample_S19S_0081_Wat,368.1351331
47,Sample_S19S_0081_Wat,368.1714856
9,Sample_S19S_0081_Wat,369.0285398
9,Sample_S19S_0081_Wat,369.0382289
48,Sample_S19S_0081_Wat,369.0463181
49,Sample_S19S_0081_Wat,369.061629
10,Sample_S19S_0081_Wat,369.0648494
85,Sample_S19S_0081_Wat,369.0827443
47,Sample_S19S_0081_Wat,369.0980102
9,Sample_S19S_0081_Wat,369.1012127
24,Sample_S19S_0081_Wat,369.111039
30,Sample_S19S_0081_Wat,369.1190631
7,Sample_S19S_0081_Wat,369.1376674
70,Sample_S19S_0081_Wat,369.1555194
13,Sample_S19S_0081_Wat,369.1837969
18,Sample_S19S_0081_Wat,369.1918398
11,Sample_S19S_0081_Wat,370.054153
19,Sample_S19S_0081_Wat,370.0568279
60,Sample_S19S_0081_Wat,370.0779692
43,Sample_S19S_0081_Wat,370.1507341
21,Sample_S19S_0081_Wat,371.0255725
40,Sample_S19S_0081_Wat,371.0408802
11,Sample_S19S_0081_Wat,371.0441824
74,Sample_S19S_0081_Wat,371.0620102
15,Sample_S19S_0081_Wat,371.0805043
20,Sample_S19S_0081_Wat,371.0902981
45,Sample_S19S_0081_Wat,371.0983408
55,Sample_S19S_0081_Wat,371.1136558
12,Sample_S19S_0081_Wat,371.1169082
58,Sample_S19S_0081_Wat,371.1347918
61,Sample_S19S_0081_Wat,371.1500297
20,Sample_S19S_0081_Wat,371.1533601
48,Sample_S19S_0081_Wat,371.171134
20,Sample_S19S_0081_Wat,371.1864439
51,Sample_S19S_0081_Wat,372.0725108
57,Sample_S19S_0081_Wat,372.1300076
25,Sample_S19S_0081_Wat,373.0201141
14,Sample_S19S_0081_Wat,373.02348
8,Sample_S19S_0081_Wat,373.0331394
41,Sample_S19S_0081_Wat,373.0412407
63,Sample_S19S_0081_Wat,373.0565482
29,Sample_S19S_0081_Wat,373.0599109
34,Sample_S19S_0081_Wat,373.0776886
46,Sample_S19S_0081_Wat,373.09294
33,Sample_S19S_0081_Wat,373.0962346
32,Sample_S19S_0081_Wat,373.1059583
59,Sample_S19S_0081_Wat,373.1140108
7,Sample_S19S_0081_Wat,373.1325699
18,Sample_S19S_0081_Wat,373.1504711
16,Sample_S19S_0081_Wat,373.1657318
32,Sample_S19S_0081_Wat,373.1867821
24,Sample_S19S_0081_Wat,373.2020495
6,Sample_S19S_0081_Wat,374.0729636
14,Sample_S19S_0081_Wat,374.1245961
42,Sample_S19S_0081_Wat,374.1456527
14,Sample_S19S_0081_Wat,374.1820296
21,Sample_S19S_0081_Wat,375.0358416
15,Sample_S19S_0081_Wat,375.0569615
71,Sample_S19S_0081_Wat,375.0721973
45,Sample_S19S_0081_Wat,375.0755416
27,Sample_S19S_0081_Wat,375.0852221
44,Sample_S19S_0081_Wat,375.0932745
15,Sample_S19S_0081_Wat,375.1118457
34,Sample_S19S_0081_Wat,375.1297066
91,Sample_S19S_0081_Wat,375.1449442
5,Sample_S19S_0081_Wat,375.1481846
31,Sample_S19S_0081_Wat,375.1579842
20,Sample_S19S_0081_Wat,375.1660121
34,Sample_S19S_0081_Wat,375.1812892
14,Sample_S19S_0081_Wat,375.194367
32,Sample_S19S_0081_Wat,375.2177037
21,Sample_S19S_0081_Wat,376.031082
51,Sample_S19S_0081_Wat,376.0674564
31,Sample_S19S_0081_Wat,376.1249335
32,Sample_S19S_0081_Wat,377.0150486
76,Sample_S19S_0081_Wat,377.0514538
32,Sample_S19S_0081_Wat,377.0548048
9,Sample_S19S_0081_Wat,377.0699843
67,Sample_S19S_0081_Wat,377.0877952
10,Sample_S19S_0081_Wat,377.0911145
19,Sample_S19S_0081_Wat,377.100823
3,Sample_S19S_0081_Wat,377.1062344
101,Sample_S19S_0081_Wat,377.1241915
9,Sample_S19S_0081_Wat,377.1274434
27,Sample_S19S_0081_Wat,377.1372608
67,Sample_S19S_0081_Wat,377.1606102
22,Sample_S19S_0081_Wat,377.1735945
24,Sample_S19S_0081_Wat,377.1969233
19,Sample_S19S_0081_Wat,378.0466478
13,Sample_S19S_0081_Wat,378.0678072
55,Sample_S19S_0081_Wat,378.0831073
82,Sample_S19S_0081_Wat,378.1194361
60,Sample_S19S_0081_Wat,378.1558494
62,Sample_S19S_0081_Wat,379.0307221
4,Sample_S19S_0081_Wat,379.0491346
29,Sample_S19S_0081_Wat,379.0670295
8,Sample_S19S_0081_Wat,379.0703337
18,Sample_S19S_0081_Wat,379.0800689
3,Sample_S19S_0081_Wat,379.0854949
115,Sample_S19S_0081_Wat,379.1034645
8,Sample_S19S_0081_Wat,379.1067259
28,Sample_S19S_0081_Wat,379.1165229
8,Sample_S19S_0081_Wat,379.1219101
100,Sample_S19S_0081_Wat,379.1398402
23,Sample_S19S_0081_Wat,379.1528588
72,Sample_S19S_0081_Wat,379.1762343
25,Sample_S19S_0081_Wat,379.2126518
78,Sample_S19S_0081_Wat,380.0987084
85,Sample_S19S_0081_Wat,380.1350974
24,Sample_S19S_0081_Wat,380.1715321
16,Sample_S19S_0081_Wat,381.0099072
8,Sample_S19S_0081_Wat,381.0285164
66,Sample_S19S_0081_Wat,381.0463502
2,Sample_S19S_0081_Wat,381.0647709
32,Sample_S19S_0081_Wat,381.0826619
6,Sample_S19S_0081_Wat,381.095685
7,Sample_S19S_0081_Wat,381.1011448
107,Sample_S19S_0081_Wat,381.1191186
23,Sample_S19S_0081_Wat,381.1321708
90,Sample_S19S_0081_Wat,381.1555031
40,Sample_S19S_0081_Wat,381.1918695
21,Sample_S19S_0081_Wat,381.2282913
30,Sample_S19S_0081_Wat,382.0415806
61,Sample_S19S_0081_Wat,382.0779661
76,Sample_S19S_0081_Wat,382.1143936
15,Sample_S19S_0081_Wat,382.1507159
28,Sample_S19S_0081_Wat,383.0255766
7,Sample_S19S_0081_Wat,383.040804
3,Sample_S19S_0081_Wat,383.0440773
38,Sample_S19S_0081_Wat,383.0619616
54,Sample_S19S_0081_Wat,383.0772634
9,Sample_S19S_0081_Wat,383.0804294
108,Sample_S19S_0081_Wat,383.0983806
41,Sample_S19S_0081_Wat,383.1136188
11,Sample_S19S_0081_Wat,383.1168248
27,Sample_S19S_0081_Wat,383.1266887
36,Sample_S19S_0081_Wat,383.1347075
15,Sample_S19S_0081_Wat,383.1499631
4,Sample_S19S_0081_Wat,383.1533024
34,Sample_S19S_0081_Wat,383.1711132
41,Sample_S19S_0081_Wat,383.2075249
35,Sample_S19S_0081_Wat,384.0572385
62,Sample_S19S_0081_Wat,384.0936599
39,Sample_S19S_0081_Wat,384.1664077
14,Sample_S19S_0081_Wat,385.0201172
13,Sample_S19S_0081_Wat,385.0234761
25,Sample_S19S_0081_Wat,385.0412026
40,Sample_S19S_0081_Wat,385.0564963
9,Sample_S19S_0081_Wat,385.0597522
82,Sample_S19S_0081_Wat,385.0776412
64,Sample_S19S_0081_Wat,385.0929264
18,Sample_S19S_0081_Wat,385.0961706
38,Sample_S19S_0081_Wat,385.1139909
37,Sample_S19S_0081_Wat,385.1292595
6,Sample_S19S_0081_Wat,385.1324986
25,Sample_S19S_0081_Wat,385.1423072
39,Sample_S19S_0081_Wat,385.1503825
53,Sample_S19S_0081_Wat,385.1656784
1,Sample_S19S_0081_Wat,385.1687507
39,Sample_S19S_0081_Wat,385.1868285
5,Sample_S19S_0081_Wat,386.0517072
43,Sample_S19S_0081_Wat,386.0728862
58,Sample_S19S_0081_Wat,386.0881802
8,Sample_S19S_0081_Wat,386.1012164
57,Sample_S19S_0081_Wat,386.1093009
40,Sample_S19S_0081_Wat,386.1820531
25,Sample_S19S_0081_Wat,387.0205032
50,Sample_S19S_0081_Wat,387.0358113
32,Sample_S19S_0081_Wat,387.0391593
25,Sample_S19S_0081_Wat,387.0568488
18,Sample_S19S_0081_Wat,387.0721252
14,Sample_S19S_0081_Wat,387.075423
19,Sample_S19S_0081_Wat,387.0851909
31,Sample_S19S_0081_Wat,387.0932457
87,Sample_S19S_0081_Wat,387.1085636
10,Sample_S19S_0081_Wat,387.1118261
86,Sample_S19S_0081_Wat,387.1296791
21,Sample_S19S_0081_Wat,387.1579654
12,Sample_S19S_0081_Wat,387.1659841
27,Sample_S19S_0081_Wat,387.1812925
16,Sample_S19S_0081_Wat,387.19436
65,Sample_S19S_0081_Wat,388.0674506
48,Sample_S19S_0081_Wat,388.1037783
48,Sample_S19S_0081_Wat,388.1249219
56,Sample_S19S_0081_Wat,388.1401722
26,Sample_S19S_0081_Wat,389.0150297
8,Sample_S19S_0081_Wat,389.0280824
48,Sample_S19S_0081_Wat,389.051417
8,Sample_S19S_0081_Wat,389.054731
14,Sample_S19S_0081_Wat,389.0644457
20,Sample_S19S_0081_Wat,389.0724972
81,Sample_S19S_0081_Wat,389.0878118
15,Sample_S19S_0081_Wat,389.0911204
27,Sample_S19S_0081_Wat,389.1008827
34,Sample_S19S_0081_Wat,389.108981
98,Sample_S19S_0081_Wat,389.1242045
9,Sample_S19S_0081_Wat,389.1274498
23,Sample_S19S_0081_Wat,389.1372295
17,Sample_S19S_0081_Wat,389.1452618
32,Sample_S19S_0081_Wat,389.1605387
8,Sample_S19S_0081_Wat,389.1637812
21,Sample_S19S_0081_Wat,389.1736085
53,Sample_S19S_0081_Wat,389.1969883
32,Sample_S19S_0081_Wat,390.0466839
79,Sample_S19S_0081_Wat,390.083092
26,Sample_S19S_0081_Wat,391.0307447
48,Sample_S19S_0081_Wat,391.0670531
12,Sample_S19S_0081_Wat,391.070384
6,Sample_S19S_0081_Wat,391.0855389
51,Sample_S19S_0081_Wat,391.1034381
9,Sample_S19S_0081_Wat,391.1066925
52,Sample_S19S_0081_Wat,391.1398852
10,Sample_S19S_0081_Wat,391.1430378
15,Sample_S19S_0081_Wat,391.1528412
38,Sample_S19S_0081_Wat,391.1762035
34,Sample_S19S_0081_Wat,391.212612
43,Sample_S19S_0081_Wat,392.06231
17,Sample_S19S_0081_Wat,392.0834684
76,Sample_S19S_0081_Wat,392.098752
22,Sample_S19S_0081_Wat,392.1198706
69,Sample_S19S_0081_Wat,392.1351125
43,Sample_S19S_0081_Wat,393.0463154
14,Sample_S19S_0081_Wat,393.0593644
77,Sample_S19S_0081_Wat,393.0827628
10,Sample_S19S_0081_Wat,393.0860569
24,Sample_S19S_0081_Wat,393.1013234
92,Sample_S19S_0081_Wat,393.1191285
6,Sample_S19S_0081_Wat,393.1223142
19,Sample_S19S_0081_Wat,393.1321265
3,Sample_S19S_0081_Wat,393.1475032
44,Sample_S19S_0081_Wat,393.1554711
16,Sample_S19S_0081_Wat,393.1685262
23,Sample_S19S_0081_Wat,393.1919402
14,Sample_S19S_0081_Wat,393.2282185
29,Sample_S19S_0081_Wat,394.0415806
38,Sample_S19S_0081_Wat,394.078026
48,Sample_S19S_0081_Wat,394.1144108
29,Sample_S19S_0081_Wat,395.0255818
8,Sample_S19S_0081_Wat,395.0441067
57,Sample_S19S_0081_Wat,395.0619708
4,Sample_S19S_0081_Wat,395.0749518
26,Sample_S19S_0081_Wat,395.0805847
49,Sample_S19S_0081_Wat,395.0984243
15,Sample_S19S_0081_Wat,395.1114167
121,Sample_S19S_0081_Wat,395.1347697
18,Sample_S19S_0081_Wat,395.1477706
49,Sample_S19S_0081_Wat,395.171191
15,Sample_S19S_0081_Wat,395.2075813
65,Sample_S19S_0081_Wat,396.0936653
39,Sample_S19S_0081_Wat,396.13006
62,Sample_S19S_0081_Wat,396.1664019
47,Sample_S19S_0081_Wat,397.0412485
34,Sample_S19S_0081_Wat,397.0565368
11,Sample_S19S_0081_Wat,397.0597441
33,Sample_S19S_0081_Wat,397.0775828
7,Sample_S19S_0081_Wat,397.0960818
20,Sample_S19S_0081_Wat,397.1059758
69,Sample_S19S_0081_Wat,397.1140135
7,Sample_S19S_0081_Wat,397.1325142
91,Sample_S19S_0081_Wat,397.1504225
4,Sample_S19S_0081_Wat,397.1689524
26,Sample_S19S_0081_Wat,397.1867602
26,Sample_S19S_0081_Wat,397.2232052
5,Sample_S19S_0081_Wat,398.0364549
54,Sample_S19S_0081_Wat,398.0729329
44,Sample_S19S_0081_Wat,398.0881509
70,Sample_S19S_0081_Wat,398.1456531
41,Sample_S19S_0081_Wat,398.182038
27,Sample_S19S_0081_Wat,399.0205105
9,Sample_S19S_0081_Wat,399.0356696
6,Sample_S19S_0081_Wat,399.0390544
7,Sample_S19S_0081_Wat,399.0488349
17,Sample_S19S_0081_Wat,399.0568344
35,Sample_S19S_0081_Wat,399.0721389
10,Sample_S19S_0081_Wat,399.0753668
25,Sample_S19S_0081_Wat,399.085227
66,Sample_S19S_0081_Wat,399.0932727
21,Sample_S19S_0081_Wat,399.1086044
17,Sample_S19S_0081_Wat,399.1117451
61,Sample_S19S_0081_Wat,399.1296635
46,Sample_S19S_0081_Wat,399.1449193
5,Sample_S19S_0081_Wat,399.1480952
14,Sample_S19S_0081_Wat,399.1579458
4,Sample_S19S_0081_Wat,399.1659287
13,Sample_S19S_0081_Wat,399.1812586
16,Sample_S19S_0081_Wat,399.1943775
34,Sample_S19S_0081_Wat,399.2024375
17,Sample_S19S_0081_Wat,400.0674729
35,Sample_S19S_0081_Wat,400.1037744
3,Sample_S19S_0081_Wat,400.1167843
41,Sample_S19S_0081_Wat,400.1249077
29,Sample_S19S_0081_Wat,401.0150794
21,Sample_S19S_0081_Wat,401.0362034
56,Sample_S19S_0081_Wat,401.0514549
18,Sample_S19S_0081_Wat,401.0547584
14,Sample_S19S_0081_Wat,401.0644945
24,Sample_S19S_0081_Wat,401.0725084
68,Sample_S19S_0081_Wat,401.0878209
14,Sample_S19S_0081_Wat,401.0910681
57,Sample_S19S_0081_Wat,401.1089631
15,Sample_S19S_0081_Wat,401.1273966
68,Sample_S19S_0081_Wat,401.1453284
67,Sample_S19S_0081_Wat,401.1605804
19,Sample_S19S_0081_Wat,401.1736033
16,Sample_S19S_0081_Wat,401.1816514
16,Sample_S19S_0081_Wat,401.1969344
24,Sample_S19S_0081_Wat,402.0466811
16,Sample_S19S_0081_Wat,402.0831391
5,Sample_S19S_0081_Wat,402.1042761
11,Sample_S19S_0081_Wat,402.1195259
34,Sample_S19S_0081_Wat,402.1405573
12,Sample_S19S_0081_Wat,403.0305846
11,Sample_S19S_0081_Wat,403.0437271
19,Sample_S19S_0081_Wat,403.0517845
72,Sample_S19S_0081_Wat,403.0671122
19,Sample_S19S_0081_Wat,403.0704072
57,Sample_S19S_0081_Wat,403.0881974
68,Sample_S19S_0081_Wat,403.1034476
5,Sample_S19S_0081_Wat,403.1066431
22,Sample_S19S_0081_Wat,403.1164656
16,Sample_S19S_0081_Wat,403.1245163
88,Sample_S19S_0081_Wat,403.1398463
1,Sample_S19S_0081_Wat,403.1429314
28,Sample_S19S_0081_Wat,403.1529106
26,Sample_S19S_0081_Wat,403.1609357
31,Sample_S19S_0081_Wat,403.1762826
38,Sample_S19S_0081_Wat,403.2126282
7,Sample_S19S_0081_Wat,403.2256482
70,Sample_S19S_0081_Wat,404.0623618
30,Sample_S19S_0081_Wat,404.0834492
77,Sample_S19S_0081_Wat,404.1351085
45,Sample_S19S_0081_Wat,404.1715089
61,Sample_S19S_0081_Wat,405.0463718
29,Sample_S19S_0081_Wat,405.0674473
50,Sample_S19S_0081_Wat,405.0827082
9,Sample_S19S_0081_Wat,405.0859264
3,Sample_S19S_0081_Wat,405.103722
36,Sample_S19S_0081_Wat,405.1190623
2,Sample_S19S_0081_Wat,405.1221627
29,Sample_S19S_0081_Wat,405.1321292
49,Sample_S19S_0081_Wat,405.1555362
25,Sample_S19S_0081_Wat,405.1685606
37,Sample_S19S_0081_Wat,405.1918632
4,Sample_S19S_0081_Wat,405.2048711
12,Sample_S19S_0081_Wat,405.2282192
20,Sample_S19S_0081_Wat,406.041642
7,Sample_S19S_0081_Wat,406.0990792
79,Sample_S19S_0081_Wat,406.1143545
21,Sample_S19S_0081_Wat,407.0255705
59,Sample_S19S_0081_Wat,407.0620299
15,Sample_S19S_0081_Wat,407.0750599
15,Sample_S19S_0081_Wat,407.0805558
96,Sample_S19S_0081_Wat,407.0983755
15,Sample_S19S_0081_Wat,407.1113661
4,Sample_S19S_0081_Wat,407.1167921
80,Sample_S19S_0081_Wat,407.1347505
1,Sample_S19S_0081_Wat,407.1378212
21,Sample_S19S_0081_Wat,407.1477958
1,Sample_S19S_0081_Wat,407.1632455
11,Sample_S19S_0081_Wat,407.1712237
18,Sample_S19S_0081_Wat,407.2075913
72,Sample_S19S_0081_Wat,408.0936661
89,Sample_S19S_0081_Wat,408.1300077
25,Sample_S19S_0081_Wat,409.0412228
27,Sample_S19S_0081_Wat,409.07757
10,Sample_S19S_0081_Wat,409.0961049
93,Sample_S19S_0081_Wat,409.1140221
14,Sample_S19S_0081_Wat,409.1270356
97,Sample_S19S_0081_Wat,409.1504235
7,Sample_S19S_0081_Wat,409.1633923
11,Sample_S19S_0081_Wat,409.1787026
19,Sample_S19S_0081_Wat,409.1867344
61,Sample_S19S_0081_Wat,410.0729191
19,Sample_S19S_0081_Wat,410.1092388
70,Sample_S19S_0081_Wat,410.1456867
28,Sample_S19S_0081_Wat,411.0205049
22,Sample_S19S_0081_Wat,411.0568579
13,Sample_S19S_0081_Wat,411.0754405
73,Sample_S19S_0081_Wat,411.0933142
33,Sample_S19S_0081_Wat,411.1085859
86,Sample_S19S_0081_Wat,411.1296933
18,Sample_S19S_0081_Wat,411.1448873
7,Sample_S19S_0081_Wat,411.1482057
29,Sample_S19S_0081_Wat,411.1579879
48,Sample_S19S_0081_Wat,411.1660419
9,Sample_S19S_0081_Wat,411.1812601
5,Sample_S19S_0081_Wat,411.2022993
20,Sample_S19S_0081_Wat,412.0521769
39,Sample_S19S_0081_Wat,412.0885256
64,Sample_S19S_0081_Wat,412.1249118
15,Sample_S19S_0081_Wat,413.0150329
27,Sample_S19S_0081_Wat,413.0361429
2,Sample_S19S_0081_Wat,413.0513424
8,Sample_S19S_0081_Wat,413.0546664
13,Sample_S19S_0081_Wat,413.06446
9,Sample_S19S_0081_Wat,413.072442
39,Sample_S19S_0081_Wat,413.087795
11,Sample_S19S_0081_Wat,413.0910377
27,Sample_S19S_0081_Wat,413.1008794
79,Sample_S19S_0081_Wat,413.1089345
63,Sample_S19S_0081_Wat,413.12421
7,Sample_S19S_0081_Wat,413.127421
18,Sample_S19S_0081_Wat,413.1372735
24,Sample_S19S_0081_Wat,413.1452768
11,Sample_S19S_0081_Wat,413.1605228
6,Sample_S19S_0081_Wat,413.1637843
22,Sample_S19S_0081_Wat,413.1736056
14,Sample_S19S_0081_Wat,413.1816156
4,Sample_S19S_0081_Wat,413.1968493
19,Sample_S19S_0081_Wat,413.2180661
20,Sample_S19S_0081_Wat,415.0306688
23,Sample_S19S_0081_Wat,415.0518724
5,Sample_S19S_0081_Wat,415.0671726
11,Sample_S19S_0081_Wat,415.080159
59,Sample_S19S_0081_Wat,415.0881916
64,Sample_S19S_0081_Wat,415.1034568
9,Sample_S19S_0081_Wat,415.1066895
18,Sample_S19S_0081_Wat,415.1164835
36,Sample_S19S_0081_Wat,415.1245406
9,Sample_S19S_0081_Wat,415.1430564
22,Sample_S19S_0081_Wat,415.1529316
57,Sample_S19S_0081_Wat,415.1609859
10,Sample_S19S_0081_Wat,415.1763155
21,Sample_S19S_0081_Wat,415.1795937
10,Sample_S19S_0081_Wat,415.2125416
34,Sample_S19S_0081_Wat,416.0623295
6,Sample_S19S_0081_Wat,416.0986591
5,Sample_S19S_0081_Wat,416.1115895
72,Sample_S19S_0081_Wat,416.1351142
36,Sample_S19S_0081_Wat,417.0463346
12,Sample_S19S_0081_Wat,417.0593749
17,Sample_S19S_0081_Wat,417.0674105
23,Sample_S19S_0081_Wat,417.0826722
11,Sample_S19S_0081_Wat,417.085967
20,Sample_S19S_0081_Wat,417.0957124
21,Sample_S19S_0081_Wat,417.1037889
83,Sample_S19S_0081_Wat,417.1191101
11,Sample_S19S_0081_Wat,417.1223013
36,Sample_S19S_0081_Wat,417.1321667
37,Sample_S19S_0081_Wat,417.1402188
78,Sample_S19S_0081_Wat,417.1555165
1,Sample_S19S_0081_Wat,417.1586377
35,Sample_S19S_0081_Wat,417.1685514
13,Sample_S19S_0081_Wat,417.1765666
6,Sample_S19S_0081_Wat,417.2048604
8,Sample_S19S_0081_Wat,417.2281724
11,Sample_S19S_0081_Wat,418.0416648
51,Sample_S19S_0081_Wat,418.0779721
18,Sample_S19S_0081_Wat,418.1144292
28,Sample_S19S_0081_Wat,419.0256123
11,Sample_S19S_0081_Wat,419.0442249
38,Sample_S19S_0081_Wat,419.0619721
9,Sample_S19S_0081_Wat,419.0652534
16,Sample_S19S_0081_Wat,419.0982983
4,Sample_S19S_0081_Wat,419.1015327
6,Sample_S19S_0081_Wat,419.1113471
95,Sample_S19S_0081_Wat,419.1347745
7,Sample_S19S_0081_Wat,419.1379181
24,Sample_S19S_0081_Wat,419.1478319
44,Sample_S19S_0081_Wat,419.1711927
27,Sample_S19S_0081_Wat,419.1842051
45,Sample_S19S_0081_Wat,419.207525
4,Sample_S19S_0081_Wat,419.2205119
46,Sample_S19S_0081_Wat,420.0572817
41,Sample_S19S_0081_Wat,421.0412704
6,Sample_S19S_0081_Wat,421.0543002
19,Sample_S19S_0081_Wat,421.0777047
6,Sample_S19S_0081_Wat,421.0809217
19,Sample_S19S_0081_Wat,421.0906648
101,Sample_S19S_0081_Wat,421.1140346
4,Sample_S19S_0081_Wat,421.117183
16,Sample_S19S_0081_Wat,421.1270174
89,Sample_S19S_0081_Wat,421.1504292
1,Sample_S19S_0081_Wat,421.1552081
21,Sample_S19S_0081_Wat,421.1634511
22,Sample_S19S_0081_Wat,421.1868654
4,Sample_S19S_0081_Wat,421.2232692
2,Sample_S19S_0081_Wat,421.2265386
50,Sample_S19S_0081_Wat,422.0728802
35,Sample_S19S_0081_Wat,422.1093338
16,Sample_S19S_0081_Wat,423.0205894
51,Sample_S19S_0081_Wat,423.0569089
31,Sample_S19S_0081_Wat,423.093231
3,Sample_S19S_0081_Wat,423.1061645
7,Sample_S19S_0081_Wat,423.1117609
110,Sample_S19S_0081_Wat,423.1296813
12,Sample_S19S_0081_Wat,423.1426961
10,Sample_S19S_0081_Wat,423.148244
1,Sample_S19S_0081_Wat,423.1581494
33,Sample_S19S_0081_Wat,423.1661225
47,Sample_S19S_0081_Wat,423.2024382
10,Sample_S19S_0081_Wat,423.2387546
1,Sample_S19S_0081_Wat,424.0886497
44,Sample_S19S_0081_Wat,424.1249783
39,Sample_S19S_0081_Wat,425.0361852
16,Sample_S19S_0081_Wat,425.0724714
11,Sample_S19S_0081_Wat,425.0877557
12,Sample_S19S_0081_Wat,425.091008
17,Sample_S19S_0081_Wat,425.1008972
50,Sample_S19S_0081_Wat,425.1089252
17,Sample_S19S_0081_Wat,425.1453873
48,Sample_S19S_0081_Wat,425.1816982
14,Sample_S19S_0081_Wat,425.2100538
8,Sample_S19S_0081_Wat,426.0831471
72,Sample_S19S_0081_Wat,426.1405881
60,Sample_S19S_0081_Wat,426.1769689
10,Sample_S19S_0081_Wat,427.0307487
16,Sample_S19S_0081_Wat,427.0518808
10,Sample_S19S_0081_Wat,427.0669702
12,Sample_S19S_0081_Wat,427.0703757
12,Sample_S19S_0081_Wat,427.0801714
45,Sample_S19S_0081_Wat,427.088175
11,Sample_S19S_0081_Wat,427.106705
18,Sample_S19S_0081_Wat,427.1165345
75,Sample_S19S_0081_Wat,427.1245871
6,Sample_S19S_0081_Wat,427.1399769
9,Sample_S19S_0081_Wat,427.1431663
5,Sample_S19S_0081_Wat,427.1610597
3,Sample_S19S_0081_Wat,427.1763557
30,Sample_S19S_0081_Wat,427.1973395
9,Sample_S19S_0081_Wat,427.22569
13,Sample_S19S_0081_Wat,428.0622933
34,Sample_S19S_0081_Wat,428.1562791
13,Sample_S19S_0081_Wat,429.0099567
22,Sample_S19S_0081_Wat,429.0310878
27,Sample_S19S_0081_Wat,429.0463286
43,Sample_S19S_0081_Wat,429.067488
7,Sample_S19S_0081_Wat,429.1039457
5,Sample_S19S_0081_Wat,429.1192381
16,Sample_S19S_0081_Wat,429.1224523
64,Sample_S19S_0081_Wat,429.1402424
22,Sample_S19S_0081_Wat,429.1555582
5,Sample_S19S_0081_Wat,429.1587517
29,Sample_S19S_0081_Wat,429.1685491
21,Sample_S19S_0081_Wat,429.1765924
46,Sample_S19S_0081_Wat,429.1919036
24,Sample_S19S_0081_Wat,429.2129876
12,Sample_S19S_0081_Wat,430.0780537
33,Sample_S19S_0081_Wat,430.0991542
6,Sample_S19S_0081_Wat,430.1273505
52,Sample_S19S_0081_Wat,430.1354817
18,Sample_S19S_0081_Wat,431.0256563
6,Sample_S19S_0081_Wat,431.04681
60,Sample_S19S_0081_Wat,431.0620177
11,Sample_S19S_0081_Wat,431.0653523
46,Sample_S19S_0081_Wat,431.083125
75,Sample_S19S_0081_Wat,431.098388
11,Sample_S19S_0081_Wat,431.1016424
17,Sample_S19S_0081_Wat,431.1113826
26,Sample_S19S_0081_Wat,431.1194411
29,Sample_S19S_0081_Wat,431.1347291
5,Sample_S19S_0081_Wat,431.1378968
25,Sample_S19S_0081_Wat,431.1477957
23,Sample_S19S_0081_Wat,431.1558407
36,Sample_S19S_0081_Wat,431.1711879
19,Sample_S19S_0081_Wat,431.2076023
7,Sample_S19S_0081_Wat,431.2206124
23,Sample_S19S_0081_Wat,432.078404
81,Sample_S19S_0081_Wat,432.093661
39,Sample_S19S_0081_Wat,433.0412948
3,Sample_S19S_0081_Wat,433.0543356
22,Sample_S19S_0081_Wat,433.0624271
70,Sample_S19S_0081_Wat,433.077665
10,Sample_S19S_0081_Wat,433.0809249
16,Sample_S19S_0081_Wat,433.0906617
10,Sample_S19S_0081_Wat,433.0986887
27,Sample_S19S_0081_Wat,433.1139658
6,Sample_S19S_0081_Wat,433.1269982
32,Sample_S19S_0081_Wat,433.1503758
1,Sample_S19S_0081_Wat,433.1535318
29,Sample_S19S_0081_Wat,433.1634586
37,Sample_S19S_0081_Wat,433.1868494
12,Sample_S19S_0081_Wat,433.1998888
40,Sample_S19S_0081_Wat,433.223189
10,Sample_S19S_0081_Wat,434.072975
18,Sample_S19S_0081_Wat,434.1093421
11,Sample_S19S_0081_Wat,435.0204588
43,Sample_S19S_0081_Wat,435.0569041
17,Sample_S19S_0081_Wat,435.0698968
75,Sample_S19S_0081_Wat,435.093324
8,Sample_S19S_0081_Wat,435.0964958
16,Sample_S19S_0081_Wat,435.1062764
32,Sample_S19S_0081_Wat,435.1296329
6,Sample_S19S_0081_Wat,435.1426364
3,Sample_S19S_0081_Wat,435.1581104
29,Sample_S19S_0081_Wat,435.1659973
16,Sample_S19S_0081_Wat,435.1790631
3,Sample_S19S_0081_Wat,435.1944635
62,Sample_S19S_0081_Wat,435.2024665
9,Sample_S19S_0081_Wat,435.238903
20,Sample_S19S_0081_Wat,436.0521427
24,Sample_S19S_0081_Wat,436.0886111
6,Sample_S19S_0081_Wat,436.1250197
32,Sample_S19S_0081_Wat,437.0361523
22,Sample_S19S_0081_Wat,437.072483
6,Sample_S19S_0081_Wat,437.1009114
28,Sample_S19S_0081_Wat,437.1088959
7,Sample_S19S_0081_Wat,437.1274359
58,Sample_S19S_0081_Wat,437.1453651
19,Sample_S19S_0081_Wat,437.158378
2,Sample_S19S_0081_Wat,437.1737814
53,Sample_S19S_0081_Wat,437.1817485
13,Sample_S19S_0081_Wat,437.2100538
12,Sample_S19S_0081_Wat,437.2180272
15,Sample_S19S_0081_Wat,438.0678822
75,Sample_S19S_0081_Wat,438.1405683
14,Sample_S19S_0081_Wat,439.051737
10,Sample_S19S_0081_Wat,439.0703504
72,Sample_S19S_0081_Wat,439.0882098
13,Sample_S19S_0081_Wat,439.1067637
81,Sample_S19S_0081_Wat,439.1246064
14,Sample_S19S_0081_Wat,439.1397909
12,Sample_S19S_0081_Wat,439.1431598
20,Sample_S19S_0081_Wat,439.1529344
32,Sample_S19S_0081_Wat,439.1609425
22,Sample_S19S_0081_Wat,439.1892886
22,Sample_S19S_0081_Wat,439.1973056
28,Sample_S19S_0081_Wat,439.23374
41,Sample_S19S_0081_Wat,440.0834468
35,Sample_S19S_0081_Wat,440.1198163
15,Sample_S19S_0081_Wat,441.0310268
10,Sample_S19S_0081_Wat,441.0462365
8,Sample_S19S_0081_Wat,441.0495906
6,Sample_S19S_0081_Wat,441.0593601
35,Sample_S19S_0081_Wat,441.0674409
35,Sample_S19S_0081_Wat,441.0827166
15,Sample_S19S_0081_Wat,441.0860426
36,Sample_S19S_0081_Wat,441.1039049
14,Sample_S19S_0081_Wat,441.1191742
54,Sample_S19S_0081_Wat,441.1402285
18,Sample_S19S_0081_Wat,441.1554489
16,Sample_S19S_0081_Wat,441.168514
22,Sample_S19S_0081_Wat,441.1765589
12,Sample_S19S_0081_Wat,441.2049192
13,Sample_S19S_0081_Wat,441.2129575
17,Sample_S19S_0081_Wat,442.0416289
10,Sample_S19S_0081_Wat,442.0779366
14,Sample_S19S_0081_Wat,442.0990637
20,Sample_S19S_0081_Wat,442.135461
17,Sample_S19S_0081_Wat,443.0466588
15,Sample_S19S_0081_Wat,443.061884
5,Sample_S19S_0081_Wat,443.0652174
14,Sample_S19S_0081_Wat,443.0749837
31,Sample_S19S_0081_Wat,443.0830557
36,Sample_S19S_0081_Wat,443.0984287
11,Sample_S19S_0081_Wat,443.1016577
19,Sample_S19S_0081_Wat,443.1114516
65,Sample_S19S_0081_Wat,443.119518
3,Sample_S19S_0081_Wat,443.1348538
13,Sample_S19S_0081_Wat,443.1380667
22,Sample_S19S_0081_Wat,443.1478565
53,Sample_S19S_0081_Wat,443.1558944
28,Sample_S19S_0081_Wat,443.1711201
7,Sample_S19S_0081_Wat,443.1743827
24,Sample_S19S_0081_Wat,443.1841796
16,Sample_S19S_0081_Wat,443.1922057
7,Sample_S19S_0081_Wat,443.2074098
8,Sample_S19S_0081_Wat,443.2205255
43,Sample_S19S_0081_Wat,444.0572726
22,Sample_S19S_0081_Wat,444.093696
32,Sample_S19S_0081_Wat,445.0412697
33,Sample_S19S_0081_Wat,445.0623769
36,Sample_S19S_0081_Wat,445.0776178
6,Sample_S19S_0081_Wat,445.0808638
12,Sample_S19S_0081_Wat,445.0986624
1,Sample_S19S_0081_Wat,445.1083593
16,Sample_S19S_0081_Wat,445.1139537
6,Sample_S19S_0081_Wat,445.1171907
21,Sample_S19S_0081_Wat,445.127011
7,Sample_S19S_0081_Wat,445.1350548
35,Sample_S19S_0081_Wat,445.1503907
4,Sample_S19S_0081_Wat,445.1536246
35,Sample_S19S_0081_Wat,445.1634705
43,Sample_S19S_0081_Wat,445.1715289
42,Sample_S19S_0081_Wat,445.1868428
20,Sample_S19S_0081_Wat,446.0728598
12,Sample_S19S_0081_Wat,447.0204695
8,Sample_S19S_0081_Wat,447.056785
6,Sample_S19S_0081_Wat,447.0698296
15,Sample_S19S_0081_Wat,447.09323
18,Sample_S19S_0081_Wat,447.114388
82,Sample_S19S_0081_Wat,447.1297048
29,Sample_S19S_0081_Wat,447.1427418
78,Sample_S19S_0081_Wat,447.1660641
23,Sample_S19S_0081_Wat,447.179104
17,Sample_S19S_0081_Wat,447.2023724
4,Sample_S19S_0081_Wat,447.2154152
18,Sample_S19S_0081_Wat,447.2388005
4,Sample_S19S_0081_Wat,448.0520882
66,Sample_S19S_0081_Wat,448.088573
15,Sample_S19S_0081_Wat,449.0360637
22,Sample_S19S_0081_Wat,449.0724952
91,Sample_S19S_0081_Wat,449.1089599
18,Sample_S19S_0081_Wat,449.1219859
80,Sample_S19S_0081_Wat,449.1453221
23,Sample_S19S_0081_Wat,449.1583358
30,Sample_S19S_0081_Wat,449.1816462
5,Sample_S19S_0081_Wat,449.1946593
13,Sample_S19S_0081_Wat,449.2180299
13,Sample_S19S_0081_Wat,451.0517204
37,Sample_S19S_0081_Wat,451.0881744
5,Sample_S19S_0081_Wat,451.1011798
63,Sample_S19S_0081_Wat,451.124616
4,Sample_S19S_0081_Wat,451.1530256
36,Sample_S19S_0081_Wat,451.1609528
13,Sample_S19S_0081_Wat,451.189303
9,Sample_S19S_0081_Wat,451.1972791
14,Sample_S19S_0081_Wat,451.2336787
40,Sample_S19S_0081_Wat,452.0834394
18,Sample_S19S_0081_Wat,452.1199139
21,Sample_S19S_0081_Wat,453.0310814
21,Sample_S19S_0081_Wat,453.0673983
7,Sample_S19S_0081_Wat,453.0859155
11,Sample_S19S_0081_Wat,453.0957146
14,Sample_S19S_0081_Wat,453.1037558
3,Sample_S19S_0081_Wat,453.1222475
18,Sample_S19S_0081_Wat,453.1321972
42,Sample_S19S_0081_Wat,453.140211
4,Sample_S19S_0081_Wat,453.1686448
68,Sample_S19S_0081_Wat,453.1766436
19,Sample_S19S_0081_Wat,453.2049759
30,Sample_S19S_0081_Wat,454.0627542
7,Sample_S19S_0081_Wat,455.025566
34,Sample_S19S_0081_Wat,455.0467468
36,Sample_S19S_0081_Wat,455.0620251
44,Sample_S19S_0081_Wat,455.0831528
41,Sample_S19S_0081_Wat,455.0984121
16,Sample_S19S_0081_Wat,455.1016835
18,Sample_S19S_0081_Wat,455.111472
37,Sample_S19S_0081_Wat,455.1194736
2,Sample_S19S_0081_Wat,455.1290278
8,Sample_S19S_0081_Wat,455.1380162
21,Sample_S19S_0081_Wat,455.14777
13,Sample_S19S_0081_Wat,455.1558023
1,Sample_S19S_0081_Wat,455.1654128
3,Sample_S19S_0081_Wat,455.1742756
18,Sample_S19S_0081_Wat,455.1841535
14,Sample_S19S_0081_Wat,455.1921775
18,Sample_S19S_0081_Wat,455.2205892
6,Sample_S19S_0081_Wat,455.2285132
27,Sample_S19S_0081_Wat,457.0412916
32,Sample_S19S_0081_Wat,457.0624071
15,Sample_S19S_0081_Wat,457.0776174
6,Sample_S19S_0081_Wat,457.0808688
11,Sample_S19S_0081_Wat,457.0906483
19,Sample_S19S_0081_Wat,457.0986905
21,Sample_S19S_0081_Wat,457.1139922
12,Sample_S19S_0081_Wat,457.1172314
14,Sample_S19S_0081_Wat,457.1270095
14,Sample_S19S_0081_Wat,457.1350642
22,Sample_S19S_0081_Wat,457.1634444
27,Sample_S19S_0081_Wat,457.1715231
55,Sample_S19S_0081_Wat,457.1868094
20,Sample_S19S_0081_Wat,457.1998933
35,Sample_S19S_0081_Wat,458.1093241
18,Sample_S19S_0081_Wat,459.0568713
8,Sample_S19S_0081_Wat,459.069913
19,Sample_S19S_0081_Wat,459.0779746
17,Sample_S19S_0081_Wat,459.0932353
18,Sample_S19S_0081_Wat,459.1062882
21,Sample_S19S_0081_Wat,459.1143457
56,Sample_S19S_0081_Wat,459.1296693
12,Sample_S19S_0081_Wat,459.1328714
31,Sample_S19S_0081_Wat,459.142719
36,Sample_S19S_0081_Wat,459.1508169
42,Sample_S19S_0081_Wat,459.1661042
36,Sample_S19S_0081_Wat,459.1872169
21,Sample_S19S_0081_Wat,459.2025048
8,Sample_S19S_0081_Wat,459.2155229
5,Sample_S19S_0081_Wat,460.0521036
27,Sample_S19S_0081_Wat,461.036196
24,Sample_S19S_0081_Wat,461.0725007
15,Sample_S19S_0081_Wat,461.0855391
4,Sample_S19S_0081_Wat,461.0935699
12,Sample_S19S_0081_Wat,461.1088271
5,Sample_S19S_0081_Wat,461.1218899
2,Sample_S19S_0081_Wat,461.1396751
25,Sample_S19S_0081_Wat,461.1452647
23,Sample_S19S_0081_Wat,461.1583343
37,Sample_S19S_0081_Wat,461.1817537
14,Sample_S19S_0081_Wat,461.1948089
34,Sample_S19S_0081_Wat,461.218132
19,Sample_S19S_0081_Wat,462.1042629
64,Sample_S19S_0081_Wat,462.1769684
42,Sample_S19S_0081_Wat,463.0518315
43,Sample_S19S_0081_Wat,463.0881954
1,Sample_S19S_0081_Wat,463.1189274
14,Sample_S19S_0081_Wat,463.124491
4,Sample_S19S_0081_Wat,463.1375144
8,Sample_S19S_0081_Wat,463.1608564
9,Sample_S19S_0081_Wat,463.1739081
4,Sample_S19S_0081_Wat,463.1893644
23,Sample_S19S_0081_Wat,463.1972938
16,Sample_S19S_0081_Wat,463.210366
38,Sample_S19S_0081_Wat,463.2337601
28,Sample_S19S_0081_Wat,464.1198095
9,Sample_S19S_0081_Wat,465.0310055
11,Sample_S19S_0081_Wat,465.06738
34,Sample_S19S_0081_Wat,465.1038259
5,Sample_S19S_0081_Wat,465.1686035
61,Sample_S19S_0081_Wat,465.1766182
15,Sample_S19S_0081_Wat,465.1896305
13,Sample_S19S_0081_Wat,465.2049695
18,Sample_S19S_0081_Wat,465.2129596
57,Sample_S19S_0081_Wat,466.1355201
35,Sample_S19S_0081_Wat,467.0467531
16,Sample_S19S_0081_Wat,467.0620397
46,Sample_S19S_0081_Wat,467.0831629
47,Sample_S19S_0081_Wat,467.1195422
25,Sample_S19S_0081_Wat,467.1478261
31,Sample_S19S_0081_Wat,467.1558326
22,Sample_S19S_0081_Wat,467.184209
10,Sample_S19S_0081_Wat,467.1921933
16,Sample_S19S_0081_Wat,467.220621
23,Sample_S19S_0081_Wat,467.2286363
29,Sample_S19S_0081_Wat,468.1147294
31,Sample_S19S_0081_Wat,469.062394
13,Sample_S19S_0081_Wat,469.0906533
22,Sample_S19S_0081_Wat,469.0986993
22,Sample_S19S_0081_Wat,469.1270251
14,Sample_S19S_0081_Wat,469.1350525
10,Sample_S19S_0081_Wat,469.1633964
23,Sample_S19S_0081_Wat,469.199861
22,Sample_S19S_0081_Wat,469.2078959
13,Sample_S19S_0081_Wat,469.2362772
11,Sample_S19S_0081_Wat,471.0205509
32,Sample_S19S_0081_Wat,471.0569384
8,Sample_S19S_0081_Wat,471.069939
30,Sample_S19S_0081_Wat,471.0780166
14,Sample_S19S_0081_Wat,471.106291
5,Sample_S19S_0081_Wat,471.1295835
10,Sample_S19S_0081_Wat,471.1426129
12,Sample_S19S_0081_Wat,471.1506882
10,Sample_S19S_0081_Wat,471.16598
4,Sample_S19S_0081_Wat,471.1692176
23,Sample_S19S_0081_Wat,471.1790652
20,Sample_S19S_0081_Wat,471.1871307
1,Sample_S19S_0081_Wat,471.1968006
19,Sample_S19S_0081_Wat,471.2155389
15,Sample_S19S_0081_Wat,473.0361823
9,Sample_S19S_0081_Wat,473.0573502
32,Sample_S19S_0081_Wat,473.0726032
31,Sample_S19S_0081_Wat,473.0937108
59,Sample_S19S_0081_Wat,473.1089772
23,Sample_S19S_0081_Wat,473.121993
20,Sample_S19S_0081_Wat,473.1300234
21,Sample_S19S_0081_Wat,473.1452829
12,Sample_S19S_0081_Wat,473.1582831
13,Sample_S19S_0081_Wat,473.1663521
22,Sample_S19S_0081_Wat,473.1816622
12,Sample_S19S_0081_Wat,473.1946924
12,Sample_S19S_0081_Wat,473.2027392
27,Sample_S19S_0081_Wat,473.2180738
26,Sample_S19S_0081_Wat,474.067818
11,Sample_S19S_0081_Wat,475.0517049
8,Sample_S19S_0081_Wat,475.0648516
13,Sample_S19S_0081_Wat,475.0728791
26,Sample_S19S_0081_Wat,475.0881586
15,Sample_S19S_0081_Wat,475.1012806
15,Sample_S19S_0081_Wat,475.1092833
27,Sample_S19S_0081_Wat,475.1376596
15,Sample_S19S_0081_Wat,475.1456774
70,Sample_S19S_0081_Wat,475.1609843
25,Sample_S19S_0081_Wat,475.1739813
16,Sample_S19S_0081_Wat,475.1973043
3,Sample_S19S_0081_Wat,475.2103074
5,Sample_S19S_0081_Wat,475.2336051
7,Sample_S19S_0081_Wat,476.0833408
29,Sample_S19S_0081_Wat,476.1198125
24,Sample_S19S_0081_Wat,477.0311319
45,Sample_S19S_0081_Wat,477.0674882
3,Sample_S19S_0081_Wat,477.0805777
17,Sample_S19S_0081_Wat,477.1037802
5,Sample_S19S_0081_Wat,477.1401075
8,Sample_S19S_0081_Wat,477.1531747
5,Sample_S19S_0081_Wat,477.1686766
20,Sample_S19S_0081_Wat,477.1765167
2,Sample_S19S_0081_Wat,477.2050881
43,Sample_S19S_0081_Wat,477.2130039
15,Sample_S19S_0081_Wat,477.2260597
13,Sample_S19S_0081_Wat,477.2493418
4,Sample_S19S_0081_Wat,479.0466033
16,Sample_S19S_0081_Wat,479.0830028
1,Sample_S19S_0081_Wat,479.1015064
38,Sample_S19S_0081_Wat,479.1194663
65,Sample_S19S_0081_Wat,479.1559168
4,Sample_S19S_0081_Wat,479.1843315
52,Sample_S19S_0081_Wat,479.1923063
18,Sample_S19S_0081_Wat,479.2286027
9,Sample_S19S_0081_Wat,480.151082
21,Sample_S19S_0081_Wat,481.0623379
14,Sample_S19S_0081_Wat,481.0906559
52,Sample_S19S_0081_Wat,481.0987747
66,Sample_S19S_0081_Wat,481.1351677
16,Sample_S19S_0081_Wat,481.1634867
46,Sample_S19S_0081_Wat,481.1715313
16,Sample_S19S_0081_Wat,481.199847
19,Sample_S19S_0081_Wat,481.2078283
6,Sample_S19S_0081_Wat,481.2361059
5,Sample_S19S_0081_Wat,482.1302914
13,Sample_S19S_0081_Wat,483.0415833
10,Sample_S19S_0081_Wat,483.0568081
30,Sample_S19S_0081_Wat,483.0780208
5,Sample_S19S_0081_Wat,483.1064043
43,Sample_S19S_0081_Wat,483.1144642
1,Sample_S19S_0081_Wat,483.1331152
33,Sample_S19S_0081_Wat,483.1508531
16,Sample_S19S_0081_Wat,483.1791639
30,Sample_S19S_0081_Wat,483.1871699
14,Sample_S19S_0081_Wat,483.2154832
13,Sample_S19S_0081_Wat,483.2234722
10,Sample_S19S_0081_Wat,484.1459881
8,Sample_S19S_0081_Wat,485.057196
13,Sample_S19S_0081_Wat,485.0724465
10,Sample_S19S_0081_Wat,485.0855526
24,Sample_S19S_0081_Wat,485.0936172
38,Sample_S19S_0081_Wat,485.1089501
17,Sample_S19S_0081_Wat,485.1220307
45,Sample_S19S_0081_Wat,485.1300644
22,Sample_S19S_0081_Wat,485.1453846
17,Sample_S19S_0081_Wat,485.1584131
35,Sample_S19S_0081_Wat,485.1664901
2,Sample_S19S_0081_Wat,485.1760615
39,Sample_S19S_0081_Wat,485.181737
19,Sample_S19S_0081_Wat,485.1948096
9,Sample_S19S_0081_Wat,485.2179932
5,Sample_S19S_0081_Wat,485.2310607
12,Sample_S19S_0081_Wat,487.051792
17,Sample_S19S_0081_Wat,487.072871
15,Sample_S19S_0081_Wat,487.1011949
6,Sample_S19S_0081_Wat,487.1092152
8,Sample_S19S_0081_Wat,487.1244947
18,Sample_S19S_0081_Wat,487.1375846
9,Sample_S19S_0081_Wat,487.1456408
50,Sample_S19S_0081_Wat,487.1609704
21,Sample_S19S_0081_Wat,487.1740711
27,Sample_S19S_0081_Wat,487.1974177
4,Sample_S19S_0081_Wat,487.2104698
7,Sample_S19S_0081_Wat,489.0310445
44,Sample_S19S_0081_Wat,489.067487
20,Sample_S19S_0081_Wat,489.0886429
31,Sample_S19S_0081_Wat,489.1039118
31,Sample_S19S_0081_Wat,489.1249814
25,Sample_S19S_0081_Wat,489.1402055
18,Sample_S19S_0081_Wat,489.1532671
9,Sample_S19S_0081_Wat,489.1765226
10,Sample_S19S_0081_Wat,489.1895365
11,Sample_S19S_0081_Wat,489.2128864
6,Sample_S19S_0081_Wat,489.2259164
6,Sample_S19S_0081_Wat,489.2492677
18,Sample_S19S_0081_Wat,490.0990621
12,Sample_S19S_0081_Wat,491.0466906
19,Sample_S19S_0081_Wat,491.0830123
7,Sample_S19S_0081_Wat,491.0961728
8,Sample_S19S_0081_Wat,491.1193786
17,Sample_S19S_0081_Wat,491.1325378
24,Sample_S19S_0081_Wat,491.1558203
20,Sample_S19S_0081_Wat,491.1689084
51,Sample_S19S_0081_Wat,491.1922945
8,Sample_S19S_0081_Wat,491.2287423
41,Sample_S19S_0081_Wat,492.1147512
9,Sample_S19S_0081_Wat,493.0622921
21,Sample_S19S_0081_Wat,493.098712
69,Sample_S19S_0081_Wat,493.1351653
3,Sample_S19S_0081_Wat,493.1636569
47,Sample_S19S_0081_Wat,493.1715856
13,Sample_S19S_0081_Wat,493.2442171
10,Sample_S19S_0081_Wat,495.0415683
33,Sample_S19S_0081_Wat,495.0780179
2,Sample_S19S_0081_Wat,495.106406
43,Sample_S19S_0081_Wat,495.1144449
18,Sample_S19S_0081_Wat,495.133068
7,Sample_S19S_0081_Wat,495.1427989
55,Sample_S19S_0081_Wat,495.1507984
21,Sample_S19S_0081_Wat,495.1791573
8,Sample_S19S_0081_Wat,495.2154488
3,Sample_S19S_0081_Wat,495.2517612
15,Sample_S19S_0081_Wat,497.0572968
26,Sample_S19S_0081_Wat,497.0725711
8,Sample_S19S_0081_Wat,497.0937782
8,Sample_S19S_0081_Wat,497.1301476
25,Sample_S19S_0081_Wat,497.1947705
5,Sample_S19S_0081_Wat,497.2310629
11,Sample_S19S_0081_Wat,498.1253978
35,Sample_S19S_0081_Wat,498.1617513
17,Sample_S19S_0081_Wat,499.0728848
10,Sample_S19S_0081_Wat,499.1012958
34,Sample_S19S_0081_Wat,499.1093112
9,Sample_S19S_0081_Wat,499.1377212
48,Sample_S19S_0081_Wat,499.1457371
21,Sample_S19S_0081_Wat,499.1740741
34,Sample_S19S_0081_Wat,499.1973555
25,Sample_S19S_0081_Wat,499.2104255
15,Sample_S19S_0081_Wat,499.2184243
6,Sample_S19S_0081_Wat,499.2466801
5,Sample_S19S_0081_Wat,501.0310269
9,Sample_S19S_0081_Wat,501.0521674
16,Sample_S19S_0081_Wat,501.0673678
10,Sample_S19S_0081_Wat,501.0885018
8,Sample_S19S_0081_Wat,501.1037301
12,Sample_S19S_0081_Wat,501.116864
6,Sample_S19S_0081_Wat,501.1248479
20,Sample_S19S_0081_Wat,501.1401768
29,Sample_S19S_0081_Wat,501.1532967
45,Sample_S19S_0081_Wat,501.1766253
28,Sample_S19S_0081_Wat,501.1896846
26,Sample_S19S_0081_Wat,501.2130646
22,Sample_S19S_0081_Wat,501.2494293
4,Sample_S19S_0081_Wat,503.0468089
1,Sample_S19S_0081_Wat,503.0679918
2,Sample_S19S_0081_Wat,503.0832459
53,Sample_S19S_0081_Wat,503.1195309
22,Sample_S19S_0081_Wat,503.1558462
16,Sample_S19S_0081_Wat,503.1921795
5,Sample_S19S_0081_Wat,503.2051842
17,Sample_S19S_0081_Wat,503.2285615
3,Sample_S19S_0081_Wat,503.2415628
12,Sample_S19S_0081_Wat,504.1722947
7,Sample_S19S_0081_Wat,505.0259469
7,Sample_S19S_0081_Wat,505.0622503
18,Sample_S19S_0081_Wat,505.098662
9,Sample_S19S_0081_Wat,505.1118569
17,Sample_S19S_0081_Wat,505.1350781
3,Sample_S19S_0081_Wat,505.1482794
65,Sample_S19S_0081_Wat,505.1715425
14,Sample_S19S_0081_Wat,505.1846129
26,Sample_S19S_0081_Wat,505.2079802
6,Sample_S19S_0081_Wat,505.221033
30,Sample_S19S_0081_Wat,505.2443315
6,Sample_S19S_0081_Wat,506.1666811
11,Sample_S19S_0081_Wat,507.0415912
28,Sample_S19S_0081_Wat,507.0780238
45,Sample_S19S_0081_Wat,507.1144464
60,Sample_S19S_0081_Wat,507.1508255
9,Sample_S19S_0081_Wat,507.2154676
6,Sample_S19S_0081_Wat,507.2598181
7,Sample_S19S_0081_Wat,509.0573918
33,Sample_S19S_0081_Wat,509.0937287
9,Sample_S19S_0081_Wat,509.1219812
42,Sample_S19S_0081_Wat,509.1300451
11,Sample_S19S_0081_Wat,509.1583575
7,Sample_S19S_0081_Wat,509.184904
13,Sample_S19S_0081_Wat,509.1947371
7,Sample_S19S_0081_Wat,509.2391011
32,Sample_S19S_0081_Wat,511.0729714
4,Sample_S19S_0081_Wat,511.1375472
1,Sample_S19S_0081_Wat,511.1455592
10,Sample_S19S_0081_Wat,511.1739404
13,Sample_S19S_0081_Wat,511.2103696
10,Sample_S19S_0081_Wat,511.2183807
11,Sample_S19S_0081_Wat,511.2547768
5,Sample_S19S_0081_Wat,513.0522762
23,Sample_S19S_0081_Wat,513.0885835
16,Sample_S19S_0081_Wat,513.1169162
12,Sample_S19S_0081_Wat,513.1248843
7,Sample_S19S_0081_Wat,513.1531789
5,Sample_S19S_0081_Wat,513.1612236
11,Sample_S19S_0081_Wat,513.1895585
6,Sample_S19S_0081_Wat,515.0467951
5,Sample_S19S_0081_Wat,515.0679477
39,Sample_S19S_0081_Wat,515.1194964
4,Sample_S19S_0081_Wat,515.1326297
20,Sample_S19S_0081_Wat,515.1405768
12,Sample_S19S_0081_Wat,515.155816
15,Sample_S19S_0081_Wat,515.1688778
7,Sample_S19S_0081_Wat,515.1768835
9,Sample_S19S_0081_Wat,515.1921599
10,Sample_S19S_0081_Wat,515.2052029
5,Sample_S19S_0081_Wat,515.2285302
24,Sample_S19S_0081_Wat,517.0624113
6,Sample_S19S_0081_Wat,517.1199999
4,Sample_S19S_0081_Wat,517.1352552
9,Sample_S19S_0081_Wat,517.171616
16,Sample_S19S_0081_Wat,517.1846401
43,Sample_S19S_0081_Wat,517.2079237
9,Sample_S19S_0081_Wat,517.2208996
11,Sample_S19S_0081_Wat,517.2442337
9,Sample_S19S_0081_Wat,519.0779454
5,Sample_S19S_0081_Wat,519.1275578
25,Sample_S19S_0081_Wat,519.1507584
4,Sample_S19S_0081_Wat,519.1639413
54,Sample_S19S_0081_Wat,519.1872205
16,Sample_S19S_0081_Wat,519.2002386
14,Sample_S19S_0081_Wat,519.2236508
13,Sample_S19S_0081_Wat,519.2600027
17,Sample_S19S_0081_Wat,521.0573462
29,Sample_S19S_0081_Wat,521.0937324
41,Sample_S19S_0081_Wat,521.1301011
26,Sample_S19S_0081_Wat,521.1663968
12,Sample_S19S_0081_Wat,521.2027235
5,Sample_S19S_0081_Wat,521.2390738
6,Sample_S19S_0081_Wat,523.0728235
4,Sample_S19S_0081_Wat,523.1091901
8,Sample_S19S_0081_Wat,523.1376337
14,Sample_S19S_0081_Wat,523.1456062
24,Sample_S19S_0081_Wat,523.1820717
22,Sample_S19S_0081_Wat,523.2104573
7,Sample_S19S_0081_Wat,523.2468227
8,Sample_S19S_0081_Wat,525.0521307
21,Sample_S19S_0081_Wat,525.0885729
32,Sample_S19S_0081_Wat,525.1250197
36,Sample_S19S_0081_Wat,525.1614051
13,Sample_S19S_0081_Wat,525.2340332
6,Sample_S19S_0081_Wat,527.1043114
37,Sample_S19S_0081_Wat,527.1406475
20,Sample_S19S_0081_Wat,527.1689685
28,Sample_S19S_0081_Wat,527.1769645
12,Sample_S19S_0081_Wat,527.1922169
21,Sample_S19S_0081_Wat,527.2052882
7,Sample_S19S_0081_Wat,527.2132606
5,Sample_S19S_0081_Wat,529.0836238
19,Sample_S19S_0081_Wat,529.119899
30,Sample_S19S_0081_Wat,529.1351825
9,Sample_S19S_0081_Wat,529.1482589
19,Sample_S19S_0081_Wat,529.1562352
16,Sample_S19S_0081_Wat,529.1714748
22,Sample_S19S_0081_Wat,529.184567
11,Sample_S19S_0081_Wat,529.2078283
7,Sample_S19S_0081_Wat,529.2208396
2,Sample_S19S_0081_Wat,531.0781475
15,Sample_S19S_0081_Wat,531.1144803
27,Sample_S19S_0081_Wat,531.1507766
15,Sample_S19S_0081_Wat,531.1638843
13,Sample_S19S_0081_Wat,531.1871077
10,Sample_S19S_0081_Wat,531.2001725
21,Sample_S19S_0081_Wat,531.2234777
3,Sample_S19S_0081_Wat,533.0574115
10,Sample_S19S_0081_Wat,533.0937827
26,Sample_S19S_0081_Wat,533.1301236
53,Sample_S19S_0081_Wat,533.166456
15,Sample_S19S_0081_Wat,533.1795306
16,Sample_S19S_0081_Wat,533.2027587
2,Sample_S19S_0081_Wat,533.2156961
7,Sample_S19S_0081_Wat,533.2390944
8,Sample_S19S_0081_Wat,535.0730261
4,Sample_S19S_0081_Wat,535.1094222
6,Sample_S19S_0081_Wat,535.1458132
17,Sample_S19S_0081_Wat,535.1821751
4,Sample_S19S_0081_Wat,535.2466711
13,Sample_S19S_0081_Wat,537.0884904
31,Sample_S19S_0081_Wat,537.1249315
41,Sample_S19S_0081_Wat,537.161382
7,Sample_S19S_0081_Wat,537.1897464
17,Sample_S19S_0081_Wat,537.1978101
3,Sample_S19S_0081_Wat,537.2261348
10,Sample_S19S_0081_Wat,537.2342192
9,Sample_S19S_0081_Wat,537.2624882
19,Sample_S19S_0081_Wat,539.1042196
22,Sample_S19S_0081_Wat,539.1405618
9,Sample_S19S_0081_Wat,539.1688297
6,Sample_S19S_0081_Wat,539.1768779
5,Sample_S19S_0081_Wat,539.2051955
2,Sample_S19S_0081_Wat,539.2132409
2,Sample_S19S_0081_Wat,539.2416063
20,Sample_S19S_0081_Wat,541.0834882
22,Sample_S19S_0081_Wat,541.1199147
12,Sample_S19S_0081_Wat,541.1563515
8,Sample_S19S_0081_Wat,541.2573331
23,Sample_S19S_0081_Wat,543.1144211
18,Sample_S19S_0081_Wat,543.1355017
27,Sample_S19S_0081_Wat,543.1507543
15,Sample_S19S_0081_Wat,543.1638009
10,Sample_S19S_0081_Wat,543.1718262
10,Sample_S19S_0081_Wat,543.2001267
2,Sample_S19S_0081_Wat,543.2234029
4,Sample_S19S_0081_Wat,543.236535
8,Sample_S19S_0081_Wat,545.0571838
7,Sample_S19S_0081_Wat,545.0935509
12,Sample_S19S_0081_Wat,545.1299664
21,Sample_S19S_0081_Wat,545.1511507
4,Sample_S19S_0081_Wat,545.1795929
4,Sample_S19S_0081_Wat,545.2393178
11,Sample_S19S_0081_Wat,547.145805
3,Sample_S19S_0081_Wat,547.1822164
1,Sample_S19S_0081_Wat,547.1952584
14,Sample_S19S_0081_Wat,547.2185618
14,Sample_S19S_0081_Wat,549.1614413
37,Sample_S19S_0081_Wat,549.1977663
2,Sample_S19S_0081_Wat,549.2259034
14,Sample_S19S_0081_Wat,549.2340464
7,Sample_S19S_0081_Wat,551.0679996
12,Sample_S19S_0081_Wat,551.10435
25,Sample_S19S_0081_Wat,551.140683
24,Sample_S19S_0081_Wat,551.1769906
16,Sample_S19S_0081_Wat,551.2133063
3,Sample_S19S_0081_Wat,551.2496307
2,Sample_S19S_0081_Wat,553.0836572
9,Sample_S19S_0081_Wat,553.1199748
44,Sample_S19S_0081_Wat,553.1562956
19,Sample_S19S_0081_Wat,553.1925971
3,Sample_S19S_0081_Wat,553.2288832
4,Sample_S19S_0081_Wat,555.1356619
1,Sample_S19S_0081_Wat,555.1639967
13,Sample_S19S_0081_Wat,555.1720029
20,Sample_S19S_0081_Wat,555.2082923
10,Sample_S19S_0081_Wat,555.2365023
3,Sample_S19S_0081_Wat,555.2728474
18,Sample_S19S_0081_Wat,556.2035902
18,Sample_S19S_0081_Wat,557.0937315
1,Sample_S19S_0081_Wat,557.1877224
14,Sample_S19S_0081_Wat,561.0885432
4,Sample_S19S_0081_Wat,561.1248442
2,Sample_S19S_0081_Wat,561.1611805
1,Sample_S19S_0081_Wat,561.1975534
5,Sample_S19S_0081_Wat,563.1043787
6,Sample_S19S_0081_Wat,563.140767
3,Sample_S19S_0081_Wat,563.1771352
19,Sample_S19S_0081_Wat,563.2134586
19,Sample_S19S_0081_Wat,563.2497644
6,Sample_S19S_0081_Wat,565.0833841
2,Sample_S19S_0081_Wat,565.1561141
1,Sample_S19S_0081_Wat,565.1844084
3,Sample_S19S_0081_Wat,565.2208348
16,Sample_S19S_0081_Wat,565.2290122
7,Sample_S19S_0081_Wat,565.2573399
5,Sample_S19S_0081_Wat,567.1356587
14,Sample_S19S_0081_Wat,567.2083955
15,Sample_S19S_0081_Wat,567.2446704
14,Sample_S19S_0081_Wat,569.1147778
5,Sample_S19S_0081_Wat,569.1510794
1,Sample_S19S_0081_Wat,569.1874013
3,Sample_S19S_0081_Wat,569.2157305
4,Sample_S19S_0081_Wat,571.1952621
1,Sample_S19S_0081_Wat,571.2316576
17,Sample_S19S_0081_Wat,573.0886509
7,Sample_S19S_0081_Wat,573.1250609
4,Sample_S19S_0081_Wat,573.1978706
2,Sample_S19S_0081_Wat,573.2342462
20,Sample_S19S_0081_Wat,575.1770756
27,Sample_S19S_0081_Wat,575.213398
14,Sample_S19S_0081_Wat,575.2497017
1,Sample_S19S_0081_Wat,577.0836723
21,Sample_S19S_0081_Wat,577.1926143
6,Sample_S19S_0081_Wat,577.228924
21,Sample_S19S_0081_Wat,579.1355972
30,Sample_S19S_0081_Wat,579.1719274
18,Sample_S19S_0081_Wat,579.2082488
28,Sample_S19S_0081_Wat,581.1512226
25,Sample_S19S_0081_Wat,581.1875335
18,Sample_S19S_0081_Wat,581.2238624
6,Sample_S19S_0081_Wat,581.2602074
2,Sample_S19S_0081_Wat,583.1306046
12,Sample_S19S_0081_Wat,583.1669172
18,Sample_S19S_0081_Wat,583.2032587
2,Sample_S19S_0081_Wat,585.0886953
5,Sample_S19S_0081_Wat,585.1615059
4,Sample_S19S_0081_Wat,585.197889
2,Sample_S19S_0081_Wat,589.119725
1,Sample_S19S_0081_Wat,591.0993225
13,Sample_S19S_0081_Wat,591.2083514
15,Sample_S19S_0081_Wat,591.2446301
27,Sample_S19S_0081_Wat,593.1875846
3,Sample_S19S_0081_Wat,597.1095532
15,Sample_S19S_0081_Wat,599.1901116
20,Sample_S19S_0081_Wat,603.1719444
7,Sample_S19S_0081_Wat,605.1877226
4,Sample_S19S_0081_Wat,607.2030678
7,Sample_S19S_0081_Wat,621.1098264
13,Sample_S19S_0081_Wat,621.218773
1,Sample_S19S_0081_Wat,623.162005
2,Sample_S19S_0081_Wat,623.1983716
12,Sample_S19S_0081_Wat,631.2031269
11,Sample_S19S_0081_Wat,631.2395415
10,Sample_S19S_0081_Wat,635.2709215
12,Sample_S19S_0081_Wat,663.2295158
1,Sample_S19S_0081_Wat,677.245322
