num.trans.involved.in,sample,peak
26,Sample_S19S_0097_Wat,201.0768122
21,Sample_S19S_0097_Wat,201.1131969
11,Sample_S19S_0097_Wat,203.0924536
17,Sample_S19S_0097_Wat,204.0302084
32,Sample_S19S_0097_Wat,207.0298709
11,Sample_S19S_0097_Wat,209.0091207
29,Sample_S19S_0097_Wat,209.0455114
41,Sample_S19S_0097_Wat,211.0247874
43,Sample_S19S_0097_Wat,211.0611736
26,Sample_S19S_0097_Wat,211.097555
5,Sample_S19S_0097_Wat,212.0200182
11,Sample_S19S_0097_Wat,212.0564229
2,Sample_S19S_0097_Wat,213.0152775
23,Sample_S19S_0097_Wat,213.0404285
35,Sample_S19S_0097_Wat,213.0768216
30,Sample_S19S_0097_Wat,215.0560786
30,Sample_S19S_0097_Wat,215.0924726
15,Sample_S19S_0097_Wat,215.1288446
24,Sample_S19S_0097_Wat,217.1081169
29,Sample_S19S_0097_Wat,221.0455191
16,Sample_S19S_0097_Wat,221.0818912
3,Sample_S19S_0097_Wat,221.1546776
8,Sample_S19S_0097_Wat,222.0771399
41,Sample_S19S_0097_Wat,223.0247931
17,Sample_S19S_0097_Wat,223.0611523
21,Sample_S19S_0097_Wat,224.0564233
11,Sample_S19S_0097_Wat,225.0040321
64,Sample_S19S_0097_Wat,225.0404494
45,Sample_S19S_0097_Wat,225.0768195
14,Sample_S19S_0097_Wat,225.1131873
27,Sample_S19S_0097_Wat,226.072077
30,Sample_S19S_0097_Wat,227.056079
38,Sample_S19S_0097_Wat,227.092466
7,Sample_S19S_0097_Wat,228.0513116
35,Sample_S19S_0097_Wat,229.0353497
37,Sample_S19S_0097_Wat,229.0717413
18,Sample_S19S_0097_Wat,229.14452
37,Sample_S19S_0097_Wat,231.0873835
14,Sample_S19S_0097_Wat,231.1237543
35,Sample_S19S_0097_Wat,233.0455307
9,Sample_S19S_0097_Wat,233.1546845
40,Sample_S19S_0097_Wat,235.0247912
51,Sample_S19S_0097_Wat,235.0611873
42,Sample_S19S_0097_Wat,237.0404421
54,Sample_S19S_0097_Wat,237.0768351
37,Sample_S19S_0097_Wat,237.1132227
10,Sample_S19S_0097_Wat,238.0356696
62,Sample_S19S_0097_Wat,239.0197221
85,Sample_S19S_0097_Wat,239.0561117
9,Sample_S19S_0097_Wat,239.0673352
80,Sample_S19S_0097_Wat,239.092497
42,Sample_S19S_0097_Wat,239.1288753
26,Sample_S19S_0097_Wat,240.0513448
42,Sample_S19S_0097_Wat,241.0717422
29,Sample_S19S_0097_Wat,241.1081087
39,Sample_S19S_0097_Wat,242.0670034
10,Sample_S19S_0097_Wat,242.139775
3,Sample_S19S_0097_Wat,242.1761465
73,Sample_S19S_0097_Wat,243.0510224
35,Sample_S19S_0097_Wat,243.0873816
18,Sample_S19S_0097_Wat,243.1237626
17,Sample_S19S_0097_Wat,243.1601665
64,Sample_S19S_0097_Wat,245.0455587
3,Sample_S19S_0097_Wat,245.0489119
73,Sample_S19S_0097_Wat,245.0666847
59,Sample_S19S_0097_Wat,245.1030642
39,Sample_S19S_0097_Wat,247.024801
63,Sample_S19S_0097_Wat,247.0612011
38,Sample_S19S_0097_Wat,247.118733
34,Sample_S19S_0097_Wat,248.0564361
35,Sample_S19S_0097_Wat,249.0040636
73,Sample_S19S_0097_Wat,249.0404675
78,Sample_S19S_0097_Wat,249.0768527
34,Sample_S19S_0097_Wat,249.1132224
46,Sample_S19S_0097_Wat,250.07209
67,Sample_S19S_0097_Wat,251.0197332
62,Sample_S19S_0097_Wat,251.0560986
101,Sample_S19S_0097_Wat,251.0925063
37,Sample_S19S_0097_Wat,252.0513612
89,Sample_S19S_0097_Wat,253.0353983
107,Sample_S19S_0097_Wat,253.0717756
38,Sample_S19S_0097_Wat,253.1081345
39,Sample_S19S_0097_Wat,253.1445337
31,Sample_S19S_0097_Wat,254.0670222
88,Sample_S19S_0097_Wat,255.0510433
99,Sample_S19S_0097_Wat,255.0874163
35,Sample_S19S_0097_Wat,255.1237776
2,Sample_S19S_0097_Wat,255.2329705
36,Sample_S19S_0097_Wat,256.0826837
95,Sample_S19S_0097_Wat,257.0666765
58,Sample_S19S_0097_Wat,257.1030521
16,Sample_S19S_0097_Wat,257.175834
35,Sample_S19S_0097_Wat,258.0619166
14,Sample_S19S_0097_Wat,258.1347123
83,Sample_S19S_0097_Wat,259.0823405
8,Sample_S19S_0097_Wat,259.1009624
55,Sample_S19S_0097_Wat,259.1187072
56,Sample_S19S_0097_Wat,261.040468
84,Sample_S19S_0097_Wat,261.0768598
46,Sample_S19S_0097_Wat,261.0980071
57,Sample_S19S_0097_Wat,261.1132477
42,Sample_S19S_0097_Wat,263.019721
78,Sample_S19S_0097_Wat,263.0561329
41,Sample_S19S_0097_Wat,263.0924815
40,Sample_S19S_0097_Wat,263.128908
43,Sample_S19S_0097_Wat,264.0513612
77,Sample_S19S_0097_Wat,265.0353938
84,Sample_S19S_0097_Wat,265.0717855
85,Sample_S19S_0097_Wat,265.1081545
4,Sample_S19S_0097_Wat,265.1479151
45,Sample_S19S_0097_Wat,266.0670361
65,Sample_S19S_0097_Wat,267.0146829
102,Sample_S19S_0097_Wat,267.0510336
97,Sample_S19S_0097_Wat,267.0874299
80,Sample_S19S_0097_Wat,267.123805
32,Sample_S19S_0097_Wat,267.1601848
45,Sample_S19S_0097_Wat,268.0462977
51,Sample_S19S_0097_Wat,268.08266
67,Sample_S19S_0097_Wat,269.0303205
107,Sample_S19S_0097_Wat,269.0666802
88,Sample_S19S_0097_Wat,269.1030627
54,Sample_S19S_0097_Wat,269.1394657
43,Sample_S19S_0097_Wat,270.0619439
46,Sample_S19S_0097_Wat,270.0983057
71,Sample_S19S_0097_Wat,271.0459737
88,Sample_S19S_0097_Wat,271.0823212
77,Sample_S19S_0097_Wat,271.118718
24,Sample_S19S_0097_Wat,271.1551343
15,Sample_S19S_0097_Wat,271.1914941
41,Sample_S19S_0097_Wat,272.0412153
34,Sample_S19S_0097_Wat,272.0775888
58,Sample_S19S_0097_Wat,273.040478
69,Sample_S19S_0097_Wat,273.061591
71,Sample_S19S_0097_Wat,273.0768603
70,Sample_S19S_0097_Wat,273.0979879
35,Sample_S19S_0097_Wat,273.1343844
30,Sample_S19S_0097_Wat,274.0357454
25,Sample_S19S_0097_Wat,274.0932637
53,Sample_S19S_0097_Wat,275.0197425
71,Sample_S19S_0097_Wat,275.0561155
10,Sample_S19S_0097_Wat,275.0594984
73,Sample_S19S_0097_Wat,275.0925149
3,Sample_S19S_0097_Wat,275.0958927
61,Sample_S19S_0097_Wat,275.1136274
88,Sample_S19S_0097_Wat,277.0354157
86,Sample_S19S_0097_Wat,277.0717892
83,Sample_S19S_0097_Wat,277.1081544
46,Sample_S19S_0097_Wat,277.1445377
44,Sample_S19S_0097_Wat,278.0670289
31,Sample_S19S_0097_Wat,279.0146331
88,Sample_S19S_0097_Wat,279.0510516
15,Sample_S19S_0097_Wat,279.0622836
62,Sample_S19S_0097_Wat,279.0874539
57,Sample_S19S_0097_Wat,279.1238221
6,Sample_S19S_0097_Wat,279.1271864
4,Sample_S19S_0097_Wat,279.1635618
50,Sample_S19S_0097_Wat,280.0463018
54,Sample_S19S_0097_Wat,280.0826921
85,Sample_S19S_0097_Wat,281.0303339
104,Sample_S19S_0097_Wat,281.0666829
60,Sample_S19S_0097_Wat,281.1030502
67,Sample_S19S_0097_Wat,281.1394597
43,Sample_S19S_0097_Wat,282.0983548
91,Sample_S19S_0097_Wat,283.0459554
72,Sample_S19S_0097_Wat,283.0823169
15,Sample_S19S_0097_Wat,283.0935869
98,Sample_S19S_0097_Wat,283.118715
34,Sample_S19S_0097_Wat,283.1551309
42,Sample_S19S_0097_Wat,284.0412345
53,Sample_S19S_0097_Wat,284.0776208
78,Sample_S19S_0097_Wat,285.0616357
42,Sample_S19S_0097_Wat,285.0768513
40,Sample_S19S_0097_Wat,285.0980306
8,Sample_S19S_0097_Wat,285.1262347
49,Sample_S19S_0097_Wat,285.1343948
4,Sample_S19S_0097_Wat,285.2071124
30,Sample_S19S_0097_Wat,286.0568589
54,Sample_S19S_0097_Wat,287.0408776
62,Sample_S19S_0097_Wat,287.0561351
81,Sample_S19S_0097_Wat,287.0772537
62,Sample_S19S_0097_Wat,287.0925228
80,Sample_S19S_0097_Wat,287.1136282
40,Sample_S19S_0097_Wat,287.1289021
49,Sample_S19S_0097_Wat,287.150015
21,Sample_S19S_0097_Wat,287.1864124
26,Sample_S19S_0097_Wat,288.1089115
65,Sample_S19S_0097_Wat,289.0354029
60,Sample_S19S_0097_Wat,289.0565242
87,Sample_S19S_0097_Wat,289.0717704
11,Sample_S19S_0097_Wat,289.0830287
66,Sample_S19S_0097_Wat,289.0929075
60,Sample_S19S_0097_Wat,289.1081489
56,Sample_S19S_0097_Wat,289.1292776
15,Sample_S19S_0097_Wat,290.0669883
42,Sample_S19S_0097_Wat,290.1033932
55,Sample_S19S_0097_Wat,291.0146759
82,Sample_S19S_0097_Wat,291.0510416
77,Sample_S19S_0097_Wat,291.0874132
15,Sample_S19S_0097_Wat,291.0986884
62,Sample_S19S_0097_Wat,291.1237966
41,Sample_S19S_0097_Wat,291.1601932
30,Sample_S19S_0097_Wat,292.0462633
81,Sample_S19S_0097_Wat,293.0303357
89,Sample_S19S_0097_Wat,293.0667099
20,Sample_S19S_0097_Wat,293.0779374
99,Sample_S19S_0097_Wat,293.1030793
67,Sample_S19S_0097_Wat,293.1394564
9,Sample_S19S_0097_Wat,293.1757942
3,Sample_S19S_0097_Wat,293.179192
36,Sample_S19S_0097_Wat,294.0619153
50,Sample_S19S_0097_Wat,294.098304
82,Sample_S19S_0097_Wat,295.0459444
114,Sample_S19S_0097_Wat,295.0823376
10,Sample_S19S_0097_Wat,295.093638
107,Sample_S19S_0097_Wat,295.1187213
51,Sample_S19S_0097_Wat,295.1550986
45,Sample_S19S_0097_Wat,296.0775656
35,Sample_S19S_0097_Wat,296.1139469
72,Sample_S19S_0097_Wat,297.025237
96,Sample_S19S_0097_Wat,297.0616262
66,Sample_S19S_0097_Wat,297.0980154
43,Sample_S19S_0097_Wat,297.1344063
2,Sample_S19S_0097_Wat,297.1529844
22,Sample_S19S_0097_Wat,297.1707937
53,Sample_S19S_0097_Wat,298.0568737
50,Sample_S19S_0097_Wat,298.0932671
67,Sample_S19S_0097_Wat,299.0408894
94,Sample_S19S_0097_Wat,299.0772616
81,Sample_S19S_0097_Wat,299.1136455
19,Sample_S19S_0097_Wat,299.1864335
41,Sample_S19S_0097_Wat,300.0725
36,Sample_S19S_0097_Wat,300.1089049
57,Sample_S19S_0097_Wat,301.0353903
61,Sample_S19S_0097_Wat,301.0565488
53,Sample_S19S_0097_Wat,301.071792
59,Sample_S19S_0097_Wat,301.092932
31,Sample_S19S_0097_Wat,301.1081829
46,Sample_S19S_0097_Wat,301.129318
30,Sample_S19S_0097_Wat,301.1656955
36,Sample_S19S_0097_Wat,302.0670162
22,Sample_S19S_0097_Wat,302.0881947
19,Sample_S19S_0097_Wat,302.1245742
48,Sample_S19S_0097_Wat,303.0146906
67,Sample_S19S_0097_Wat,303.0510433
68,Sample_S19S_0097_Wat,303.0721573
71,Sample_S19S_0097_Wat,303.0874395
77,Sample_S19S_0097_Wat,303.1085414
55,Sample_S19S_0097_Wat,303.1238249
50,Sample_S19S_0097_Wat,303.1449308
31,Sample_S19S_0097_Wat,304.0462877
41,Sample_S19S_0097_Wat,304.0826613
44,Sample_S19S_0097_Wat,304.119049
69,Sample_S19S_0097_Wat,305.0303157
4,Sample_S19S_0097_Wat,305.0416206
91,Sample_S19S_0097_Wat,305.0666877
12,Sample_S19S_0097_Wat,305.0700613
13,Sample_S19S_0097_Wat,305.0779953
84,Sample_S19S_0097_Wat,305.1030852
12,Sample_S19S_0097_Wat,305.1143903
57,Sample_S19S_0097_Wat,305.1394662
52,Sample_S19S_0097_Wat,306.0983427
35,Sample_S19S_0097_Wat,307.0095853
95,Sample_S19S_0097_Wat,307.0459779
10,Sample_S19S_0097_Wat,307.0572343
68,Sample_S19S_0097_Wat,307.0823737
5,Sample_S19S_0097_Wat,307.0857227
22,Sample_S19S_0097_Wat,307.0936059
50,Sample_S19S_0097_Wat,307.1187572
35,Sample_S19S_0097_Wat,307.1551342
2,Sample_S19S_0097_Wat,307.1585022
3,Sample_S19S_0097_Wat,307.194883
53,Sample_S19S_0097_Wat,308.0412303
56,Sample_S19S_0097_Wat,308.0775973
50,Sample_S19S_0097_Wat,308.1139545
77,Sample_S19S_0097_Wat,309.0252469
107,Sample_S19S_0097_Wat,309.0616036
21,Sample_S19S_0097_Wat,309.0728691
105,Sample_S19S_0097_Wat,309.0979773
7,Sample_S19S_0097_Wat,309.1013433
10,Sample_S19S_0097_Wat,309.1092661
82,Sample_S19S_0097_Wat,309.1343649
2,Sample_S19S_0097_Wat,309.1530159
38,Sample_S19S_0097_Wat,309.1707647
3,Sample_S19S_0097_Wat,309.1741269
47,Sample_S19S_0097_Wat,310.0568411
55,Sample_S19S_0097_Wat,310.0932206
86,Sample_S19S_0097_Wat,311.0408991
101,Sample_S19S_0097_Wat,311.0772659
24,Sample_S19S_0097_Wat,311.0885065
117,Sample_S19S_0097_Wat,311.1136352
73,Sample_S19S_0097_Wat,311.1500195
52,Sample_S19S_0097_Wat,312.0725103
76,Sample_S19S_0097_Wat,313.0565398
78,Sample_S19S_0097_Wat,313.0929245
68,Sample_S19S_0097_Wat,313.1293014
6,Sample_S19S_0097_Wat,313.2384778
52,Sample_S19S_0097_Wat,314.0881771
53,Sample_S19S_0097_Wat,315.0510397
66,Sample_S19S_0097_Wat,315.0721791
29,Sample_S19S_0097_Wat,315.0873994
62,Sample_S19S_0097_Wat,315.1085755
53,Sample_S19S_0097_Wat,315.1238052
47,Sample_S19S_0097_Wat,315.1449559
28,Sample_S19S_0097_Wat,315.1813307
39,Sample_S19S_0097_Wat,316.0826874
46,Sample_S19S_0097_Wat,316.1038062
59,Sample_S19S_0097_Wat,317.0303382
73,Sample_S19S_0097_Wat,317.0666936
8,Sample_S19S_0097_Wat,317.0780371
79,Sample_S19S_0097_Wat,317.0878157
54,Sample_S19S_0097_Wat,317.1030588
9,Sample_S19S_0097_Wat,317.1143954
43,Sample_S19S_0097_Wat,317.124227
56,Sample_S19S_0097_Wat,317.1394552
48,Sample_S19S_0097_Wat,318.0619419
40,Sample_S19S_0097_Wat,318.0982984
14,Sample_S19S_0097_Wat,318.1194966
41,Sample_S19S_0097_Wat,319.009608
28,Sample_S19S_0097_Wat,319.0460069
9,Sample_S19S_0097_Wat,319.0573003
82,Sample_S19S_0097_Wat,319.0823624
14,Sample_S19S_0097_Wat,319.0857041
6,Sample_S19S_0097_Wat,319.0936659
34,Sample_S19S_0097_Wat,319.103481
81,Sample_S19S_0097_Wat,319.1187158
49,Sample_S19S_0097_Wat,319.1551015
40,Sample_S19S_0097_Wat,320.0412195
45,Sample_S19S_0097_Wat,320.0776287
22,Sample_S19S_0097_Wat,320.1140206
59,Sample_S19S_0097_Wat,321.0252313
77,Sample_S19S_0097_Wat,321.0616406
12,Sample_S19S_0097_Wat,321.0728956
47,Sample_S19S_0097_Wat,321.0980285
13,Sample_S19S_0097_Wat,321.1093021
66,Sample_S19S_0097_Wat,321.1343949
37,Sample_S19S_0097_Wat,321.1707672
4,Sample_S19S_0097_Wat,321.2105248
58,Sample_S19S_0097_Wat,322.0568903
64,Sample_S19S_0097_Wat,322.0932669
7,Sample_S19S_0097_Wat,322.1045081
65,Sample_S19S_0097_Wat,323.0408542
103,Sample_S19S_0097_Wat,323.0772527
23,Sample_S19S_0097_Wat,323.0884973
61,Sample_S19S_0097_Wat,323.1136726
21,Sample_S19S_0097_Wat,323.1249109
50,Sample_S19S_0097_Wat,323.1500462
44,Sample_S19S_0097_Wat,324.0361498
57,Sample_S19S_0097_Wat,324.0725027
53,Sample_S19S_0097_Wat,324.108871
34,Sample_S19S_0097_Wat,324.1453087
18,Sample_S19S_0097_Wat,325.0201894
23,Sample_S19S_0097_Wat,325.0354075
85,Sample_S19S_0097_Wat,325.0565425
109,Sample_S19S_0097_Wat,325.0928926
78,Sample_S19S_0097_Wat,325.1292996
36,Sample_S19S_0097_Wat,325.1657004
1,Sample_S19S_0097_Wat,325.1842438
59,Sample_S19S_0097_Wat,326.0881656
48,Sample_S19S_0097_Wat,326.1245662
59,Sample_S19S_0097_Wat,327.035782
42,Sample_S19S_0097_Wat,327.0510536
72,Sample_S19S_0097_Wat,327.0722018
22,Sample_S19S_0097_Wat,327.0834311
74,Sample_S19S_0097_Wat,327.1085831
67,Sample_S19S_0097_Wat,327.1449492
1,Sample_S19S_0097_Wat,327.1636073
50,Sample_S19S_0097_Wat,328.1037984
44,Sample_S19S_0097_Wat,329.0303285
42,Sample_S19S_0097_Wat,329.0514722
28,Sample_S19S_0097_Wat,329.0667319
96,Sample_S19S_0097_Wat,329.0878075
54,Sample_S19S_0097_Wat,329.1030905
60,Sample_S19S_0097_Wat,329.1242163
1,Sample_S19S_0097_Wat,329.152419
22,Sample_S19S_0097_Wat,330.0983753
43,Sample_S19S_0097_Wat,331.0459941
54,Sample_S19S_0097_Wat,331.0670688
67,Sample_S19S_0097_Wat,331.0823608
3,Sample_S19S_0097_Wat,331.0937101
43,Sample_S19S_0097_Wat,331.1034998
72,Sample_S19S_0097_Wat,331.1187275
2,Sample_S19S_0097_Wat,331.122066
23,Sample_S19S_0097_Wat,331.1399002
15,Sample_S19S_0097_Wat,331.155166
37,Sample_S19S_0097_Wat,332.0412408
54,Sample_S19S_0097_Wat,332.0775831
3,Sample_S19S_0097_Wat,332.0888882
38,Sample_S19S_0097_Wat,332.1139958
27,Sample_S19S_0097_Wat,333.0252702
44,Sample_S19S_0097_Wat,333.0616512
3,Sample_S19S_0097_Wat,333.0729806
80,Sample_S19S_0097_Wat,333.0980074
7,Sample_S19S_0097_Wat,333.109335
33,Sample_S19S_0097_Wat,333.1344131
27,Sample_S19S_0097_Wat,333.1707943
12,Sample_S19S_0097_Wat,334.0204647
55,Sample_S19S_0097_Wat,334.0568812
42,Sample_S19S_0097_Wat,334.0932769
6,Sample_S19S_0097_Wat,334.1144217
54,Sample_S19S_0097_Wat,335.0409093
9,Sample_S19S_0097_Wat,335.0521847
89,Sample_S19S_0097_Wat,335.0772597
49,Sample_S19S_0097_Wat,335.1136067
11,Sample_S19S_0097_Wat,335.124927
58,Sample_S19S_0097_Wat,335.150042
33,Sample_S19S_0097_Wat,335.1864245
1,Sample_S19S_0097_Wat,335.2358032
20,Sample_S19S_0097_Wat,336.0361684
36,Sample_S19S_0097_Wat,336.0725571
59,Sample_S19S_0097_Wat,336.1089144
3,Sample_S19S_0097_Wat,336.1453517
54,Sample_S19S_0097_Wat,337.0201415
54,Sample_S19S_0097_Wat,337.0564852
19,Sample_S19S_0097_Wat,337.0677837
109,Sample_S19S_0097_Wat,337.0929176
12,Sample_S19S_0097_Wat,337.1041904
100,Sample_S19S_0097_Wat,337.1292866
51,Sample_S19S_0097_Wat,337.1656867
18,Sample_S19S_0097_Wat,338.0518396
70,Sample_S19S_0097_Wat,338.0881798
43,Sample_S19S_0097_Wat,338.1245766
61,Sample_S19S_0097_Wat,339.0357996
105,Sample_S19S_0097_Wat,339.0721726
11,Sample_S19S_0097_Wat,339.0834699
110,Sample_S19S_0097_Wat,339.1085453
25,Sample_S19S_0097_Wat,339.1198231
6,Sample_S19S_0097_Wat,339.1271705
37,Sample_S19S_0097_Wat,339.1449816
2,Sample_S19S_0097_Wat,339.1660725
37,Sample_S19S_0097_Wat,339.1813533
2,Sample_S19S_0097_Wat,339.1999929
22,Sample_S19S_0097_Wat,340.0674792
56,Sample_S19S_0097_Wat,340.1038147
46,Sample_S19S_0097_Wat,340.1401964
18,Sample_S19S_0097_Wat,341.0302897
67,Sample_S19S_0097_Wat,341.0514621
105,Sample_S19S_0097_Wat,341.0878109
20,Sample_S19S_0097_Wat,341.0990914
39,Sample_S19S_0097_Wat,341.12425
50,Sample_S19S_0097_Wat,341.1606173
32,Sample_S19S_0097_Wat,342.0467143
52,Sample_S19S_0097_Wat,342.0830768
39,Sample_S19S_0097_Wat,342.1194926
45,Sample_S19S_0097_Wat,343.0307124
39,Sample_S19S_0097_Wat,343.0459579
51,Sample_S19S_0097_Wat,343.067113
22,Sample_S19S_0097_Wat,343.0823925
16,Sample_S19S_0097_Wat,343.0857039
96,Sample_S19S_0097_Wat,343.1034685
39,Sample_S19S_0097_Wat,343.1187422
16,Sample_S19S_0097_Wat,343.1399075
19,Sample_S19S_0097_Wat,343.2126496
20,Sample_S19S_0097_Wat,344.0412523
43,Sample_S19S_0097_Wat,344.0775907
29,Sample_S19S_0097_Wat,344.0987606
1,Sample_S19S_0097_Wat,344.1350437
8,Sample_S19S_0097_Wat,344.1715382
45,Sample_S19S_0097_Wat,345.0252491
65,Sample_S19S_0097_Wat,345.0616254
50,Sample_S19S_0097_Wat,345.0827674
67,Sample_S19S_0097_Wat,345.0980089
5,Sample_S19S_0097_Wat,345.1013399
6,Sample_S19S_0097_Wat,345.1093206
49,Sample_S19S_0097_Wat,345.1191373
24,Sample_S19S_0097_Wat,345.1344288
29,Sample_S19S_0097_Wat,345.1555412
41,Sample_S19S_0097_Wat,345.170772
30,Sample_S19S_0097_Wat,346.0569005
50,Sample_S19S_0097_Wat,346.0932318
29,Sample_S19S_0097_Wat,346.1143644
37,Sample_S19S_0097_Wat,346.1296472
16,Sample_S19S_0097_Wat,346.1507606
2,Sample_S19S_0097_Wat,346.2154294
56,Sample_S19S_0097_Wat,347.0408756
89,Sample_S19S_0097_Wat,347.0772564
9,Sample_S19S_0097_Wat,347.0885951
25,Sample_S19S_0097_Wat,347.0903002
44,Sample_S19S_0097_Wat,347.1136821
13,Sample_S19S_0097_Wat,347.1170036
2,Sample_S19S_0097_Wat,347.1250187
22,Sample_S19S_0097_Wat,347.1348045
67,Sample_S19S_0097_Wat,347.1500262
11,Sample_S19S_0097_Wat,347.1864695
28,Sample_S19S_0097_Wat,348.0361356
32,Sample_S19S_0097_Wat,348.0725611
61,Sample_S19S_0097_Wat,348.1089104
5,Sample_S19S_0097_Wat,348.1300774
2,Sample_S19S_0097_Wat,348.231087
53,Sample_S19S_0097_Wat,349.0201636
1,Sample_S19S_0097_Wat,349.0551349
7,Sample_S19S_0097_Wat,349.0678584
84,Sample_S19S_0097_Wat,349.0929209
11,Sample_S19S_0097_Wat,349.1042255
18,Sample_S19S_0097_Wat,349.1059291
83,Sample_S19S_0097_Wat,349.129303
59,Sample_S19S_0097_Wat,349.1656793
21,Sample_S19S_0097_Wat,350.0518357
73,Sample_S19S_0097_Wat,350.0881844
24,Sample_S19S_0097_Wat,350.1245924
60,Sample_S19S_0097_Wat,351.0357871
72,Sample_S19S_0097_Wat,351.0721501
48,Sample_S19S_0097_Wat,351.1085115
13,Sample_S19S_0097_Wat,351.1198443
22,Sample_S19S_0097_Wat,351.121581
47,Sample_S19S_0097_Wat,351.1449775
37,Sample_S19S_0097_Wat,351.1813076
15,Sample_S19S_0097_Wat,351.2177372
2,Sample_S19S_0097_Wat,351.2210572
2,Sample_S19S_0097_Wat,351.2307319
27,Sample_S19S_0097_Wat,352.0674721
59,Sample_S19S_0097_Wat,352.1038206
31,Sample_S19S_0097_Wat,352.140233
50,Sample_S19S_0097_Wat,353.0514753
3,Sample_S19S_0097_Wat,353.0627608
108,Sample_S19S_0097_Wat,353.0878166
15,Sample_S19S_0097_Wat,353.0990962
74,Sample_S19S_0097_Wat,353.124233
43,Sample_S19S_0097_Wat,353.1605629
34,Sample_S19S_0097_Wat,353.1970034
3,Sample_S19S_0097_Wat,353.2003494
41,Sample_S19S_0097_Wat,354.0467104
59,Sample_S19S_0097_Wat,354.0830704
56,Sample_S19S_0097_Wat,354.1194893
38,Sample_S19S_0097_Wat,355.0306981
69,Sample_S19S_0097_Wat,355.0671162
8,Sample_S19S_0097_Wat,355.0784081
4,Sample_S19S_0097_Wat,355.0824171
95,Sample_S19S_0097_Wat,355.1034699
26,Sample_S19S_0097_Wat,355.1147135
42,Sample_S19S_0097_Wat,355.1187368
22,Sample_S19S_0097_Wat,355.1399086
41,Sample_S19S_0097_Wat,355.1762476
56,Sample_S19S_0097_Wat,356.0623586
25,Sample_S19S_0097_Wat,356.0987693
43,Sample_S19S_0097_Wat,356.1350838
24,Sample_S19S_0097_Wat,356.1715182
22,Sample_S19S_0097_Wat,357.0251986
41,Sample_S19S_0097_Wat,357.046323
46,Sample_S19S_0097_Wat,357.061636
81,Sample_S19S_0097_Wat,357.0827228
44,Sample_S19S_0097_Wat,357.0979761
26,Sample_S19S_0097_Wat,357.1110353
93,Sample_S19S_0097_Wat,357.1191097
29,Sample_S19S_0097_Wat,357.134414
63,Sample_S19S_0097_Wat,357.1554992
32,Sample_S19S_0097_Wat,357.191896
44,Sample_S19S_0097_Wat,358.0568909
45,Sample_S19S_0097_Wat,358.077999
43,Sample_S19S_0097_Wat,358.0932734
15,Sample_S19S_0097_Wat,358.1507103
10,Sample_S19S_0097_Wat,358.2235211
18,Sample_S19S_0097_Wat,359.0409252
48,Sample_S19S_0097_Wat,359.0619959
58,Sample_S19S_0097_Wat,359.077285
16,Sample_S19S_0097_Wat,359.0806207
32,Sample_S19S_0097_Wat,359.0984239
45,Sample_S19S_0097_Wat,359.1347452
60,Sample_S19S_0097_Wat,359.1500213
36,Sample_S19S_0097_Wat,359.1711775
25,Sample_S19S_0097_Wat,360.093678
47,Sample_S19S_0097_Wat,360.108919
6,Sample_S19S_0097_Wat,360.1219285
38,Sample_S19S_0097_Wat,361.0201475
48,Sample_S19S_0097_Wat,361.056505
9,Sample_S19S_0097_Wat,361.0678574
12,Sample_S19S_0097_Wat,361.069538
75,Sample_S19S_0097_Wat,361.0929312
15,Sample_S19S_0097_Wat,361.0962708
40,Sample_S19S_0097_Wat,361.1140532
93,Sample_S19S_0097_Wat,361.1292859
31,Sample_S19S_0097_Wat,361.1423317
43,Sample_S19S_0097_Wat,361.1504109
40,Sample_S19S_0097_Wat,361.1657046
67,Sample_S19S_0097_Wat,362.0881611
11,Sample_S19S_0097_Wat,362.1093336
8,Sample_S19S_0097_Wat,362.1246138
54,Sample_S19S_0097_Wat,363.0357881
51,Sample_S19S_0097_Wat,363.0722122
3,Sample_S19S_0097_Wat,363.0835367
83,Sample_S19S_0097_Wat,363.108539
8,Sample_S19S_0097_Wat,363.1198751
22,Sample_S19S_0097_Wat,363.1215932
36,Sample_S19S_0097_Wat,363.1449786
22,Sample_S19S_0097_Wat,363.1812892
9,Sample_S19S_0097_Wat,363.1943423
38,Sample_S19S_0097_Wat,364.0310639
47,Sample_S19S_0097_Wat,364.0674047
65,Sample_S19S_0097_Wat,364.1038292
58,Sample_S19S_0097_Wat,364.1401707
2,Sample_S19S_0097_Wat,364.2259804
24,Sample_S19S_0097_Wat,365.0513776
13,Sample_S19S_0097_Wat,365.0627075
99,Sample_S19S_0097_Wat,365.0878382
12,Sample_S19S_0097_Wat,365.0991282
30,Sample_S19S_0097_Wat,365.1008669
41,Sample_S19S_0097_Wat,365.1241727
18,Sample_S19S_0097_Wat,365.137244
23,Sample_S19S_0097_Wat,365.1606438
29,Sample_S19S_0097_Wat,365.1969623
7,Sample_S19S_0097_Wat,365.2100088
74,Sample_S19S_0097_Wat,366.0830912
62,Sample_S19S_0097_Wat,366.1194629
7,Sample_S19S_0097_Wat,366.1325089
9,Sample_S19S_0097_Wat,366.1558943
46,Sample_S19S_0097_Wat,367.0306865
89,Sample_S19S_0097_Wat,367.0671094
10,Sample_S19S_0097_Wat,367.0784012
110,Sample_S19S_0097_Wat,367.1034613
19,Sample_S19S_0097_Wat,367.1147643
19,Sample_S19S_0097_Wat,367.1165264
12,Sample_S19S_0097_Wat,367.1399195
42,Sample_S19S_0097_Wat,367.1762158
27,Sample_S19S_0097_Wat,367.2126519
21,Sample_S19S_0097_Wat,368.0623951
71,Sample_S19S_0097_Wat,368.0987097
53,Sample_S19S_0097_Wat,368.1351331
36,Sample_S19S_0097_Wat,369.0463181
81,Sample_S19S_0097_Wat,369.0827443
38,Sample_S19S_0097_Wat,369.0980102
24,Sample_S19S_0097_Wat,369.111039
26,Sample_S19S_0097_Wat,369.1190631
60,Sample_S19S_0097_Wat,369.1555194
16,Sample_S19S_0097_Wat,369.1837969
45,Sample_S19S_0097_Wat,370.0779692
37,Sample_S19S_0097_Wat,370.1507341
28,Sample_S19S_0097_Wat,371.0408802
63,Sample_S19S_0097_Wat,371.0620102
23,Sample_S19S_0097_Wat,371.0902981
44,Sample_S19S_0097_Wat,371.0983408
45,Sample_S19S_0097_Wat,371.1136558
56,Sample_S19S_0097_Wat,371.1347918
50,Sample_S19S_0097_Wat,371.1500297
43,Sample_S19S_0097_Wat,371.171134
40,Sample_S19S_0097_Wat,372.0725108
51,Sample_S19S_0097_Wat,372.1300076
31,Sample_S19S_0097_Wat,372.1663973
58,Sample_S19S_0097_Wat,373.0565482
5,Sample_S19S_0097_Wat,373.0599109
30,Sample_S19S_0097_Wat,373.0776886
44,Sample_S19S_0097_Wat,373.09294
4,Sample_S19S_0097_Wat,373.0962346
32,Sample_S19S_0097_Wat,373.1059583
55,Sample_S19S_0097_Wat,373.1140108
15,Sample_S19S_0097_Wat,373.1504711
16,Sample_S19S_0097_Wat,373.1657318
6,Sample_S19S_0097_Wat,374.0729636
16,Sample_S19S_0097_Wat,374.1245961
36,Sample_S19S_0097_Wat,374.1456527
23,Sample_S19S_0097_Wat,375.0358416
70,Sample_S19S_0097_Wat,375.0721973
13,Sample_S19S_0097_Wat,375.0755416
27,Sample_S19S_0097_Wat,375.0852221
35,Sample_S19S_0097_Wat,375.0932745
1,Sample_S19S_0097_Wat,375.1118457
32,Sample_S19S_0097_Wat,375.1297066
80,Sample_S19S_0097_Wat,375.1449442
28,Sample_S19S_0097_Wat,375.1579842
27,Sample_S19S_0097_Wat,375.1812892
49,Sample_S19S_0097_Wat,376.0674564
22,Sample_S19S_0097_Wat,376.1249335
67,Sample_S19S_0097_Wat,377.0514538
2,Sample_S19S_0097_Wat,377.0627857
57,Sample_S19S_0097_Wat,377.0877952
13,Sample_S19S_0097_Wat,377.0991254
16,Sample_S19S_0097_Wat,377.100823
96,Sample_S19S_0097_Wat,377.1241915
13,Sample_S19S_0097_Wat,377.1355192
26,Sample_S19S_0097_Wat,377.1372608
55,Sample_S19S_0097_Wat,377.1606102
19,Sample_S19S_0097_Wat,377.1735945
16,Sample_S19S_0097_Wat,377.1969233
15,Sample_S19S_0097_Wat,378.0466478
52,Sample_S19S_0097_Wat,378.0831073
74,Sample_S19S_0097_Wat,378.1194361
51,Sample_S19S_0097_Wat,378.1558494
52,Sample_S19S_0097_Wat,379.0307221
26,Sample_S19S_0097_Wat,379.0670295
23,Sample_S19S_0097_Wat,379.0783458
109,Sample_S19S_0097_Wat,379.1034645
16,Sample_S19S_0097_Wat,379.1147799
29,Sample_S19S_0097_Wat,379.1165229
88,Sample_S19S_0097_Wat,379.1398402
21,Sample_S19S_0097_Wat,379.1528588
55,Sample_S19S_0097_Wat,379.1762343
16,Sample_S19S_0097_Wat,379.1892722
65,Sample_S19S_0097_Wat,380.0987084
71,Sample_S19S_0097_Wat,380.1350974
21,Sample_S19S_0097_Wat,380.1715321
56,Sample_S19S_0097_Wat,381.0463502
32,Sample_S19S_0097_Wat,381.0826619
28,Sample_S19S_0097_Wat,381.0939738
102,Sample_S19S_0097_Wat,381.1191186
11,Sample_S19S_0097_Wat,381.1304071
25,Sample_S19S_0097_Wat,381.1321708
85,Sample_S19S_0097_Wat,381.1555031
8,Sample_S19S_0097_Wat,381.1684945
33,Sample_S19S_0097_Wat,381.1918695
2,Sample_S19S_0097_Wat,381.2316122
50,Sample_S19S_0097_Wat,382.0779661
71,Sample_S19S_0097_Wat,382.1143936
10,Sample_S19S_0097_Wat,382.1507159
28,Sample_S19S_0097_Wat,383.0619616
98,Sample_S19S_0097_Wat,383.0983806
16,Sample_S19S_0097_Wat,383.1095949
28,Sample_S19S_0097_Wat,383.1266887
34,Sample_S19S_0097_Wat,383.1347075
32,Sample_S19S_0097_Wat,383.1711132
32,Sample_S19S_0097_Wat,383.2075249
23,Sample_S19S_0097_Wat,384.0572385
57,Sample_S19S_0097_Wat,384.0936599
34,Sample_S19S_0097_Wat,384.1664077
9,Sample_S19S_0097_Wat,385.0201172
22,Sample_S19S_0097_Wat,385.0412026
31,Sample_S19S_0097_Wat,385.0564963
75,Sample_S19S_0097_Wat,385.0776412
53,Sample_S19S_0097_Wat,385.0929264
36,Sample_S19S_0097_Wat,385.1139909
4,Sample_S19S_0097_Wat,385.1171124
29,Sample_S19S_0097_Wat,385.1292595
24,Sample_S19S_0097_Wat,385.1423072
33,Sample_S19S_0097_Wat,385.1503825
43,Sample_S19S_0097_Wat,385.1656784
32,Sample_S19S_0097_Wat,385.1868285
31,Sample_S19S_0097_Wat,386.0728862
49,Sample_S19S_0097_Wat,386.0881802
9,Sample_S19S_0097_Wat,386.1012164
47,Sample_S19S_0097_Wat,386.1093009
46,Sample_S19S_0097_Wat,386.1245256
32,Sample_S19S_0097_Wat,386.1820531
41,Sample_S19S_0097_Wat,387.0358113
22,Sample_S19S_0097_Wat,387.0568488
14,Sample_S19S_0097_Wat,387.0721252
16,Sample_S19S_0097_Wat,387.0851909
30,Sample_S19S_0097_Wat,387.0932457
75,Sample_S19S_0097_Wat,387.1085636
85,Sample_S19S_0097_Wat,387.1296791
24,Sample_S19S_0097_Wat,387.1579654
14,Sample_S19S_0097_Wat,387.1659841
17,Sample_S19S_0097_Wat,387.19436
59,Sample_S19S_0097_Wat,388.0674506
36,Sample_S19S_0097_Wat,388.1037783
3,Sample_S19S_0097_Wat,388.1167563
40,Sample_S19S_0097_Wat,388.1249219
37,Sample_S19S_0097_Wat,389.051417
11,Sample_S19S_0097_Wat,389.0644457
72,Sample_S19S_0097_Wat,389.0878118
1,Sample_S19S_0097_Wat,389.0911204
28,Sample_S19S_0097_Wat,389.1008827
34,Sample_S19S_0097_Wat,389.108981
88,Sample_S19S_0097_Wat,389.1242045
23,Sample_S19S_0097_Wat,389.1372295
12,Sample_S19S_0097_Wat,389.1452618
28,Sample_S19S_0097_Wat,389.1605387
24,Sample_S19S_0097_Wat,389.1736085
39,Sample_S19S_0097_Wat,389.1969883
73,Sample_S19S_0097_Wat,390.083092
22,Sample_S19S_0097_Wat,391.0307447
41,Sample_S19S_0097_Wat,391.0670531
46,Sample_S19S_0097_Wat,391.1034381
49,Sample_S19S_0097_Wat,391.1398852
14,Sample_S19S_0097_Wat,391.1528412
33,Sample_S19S_0097_Wat,391.1762035
36,Sample_S19S_0097_Wat,392.06231
77,Sample_S19S_0097_Wat,392.098752
62,Sample_S19S_0097_Wat,392.1351125
33,Sample_S19S_0097_Wat,393.0463154
78,Sample_S19S_0097_Wat,393.0827628
10,Sample_S19S_0097_Wat,393.0940727
87,Sample_S19S_0097_Wat,393.1191285
17,Sample_S19S_0097_Wat,393.1321265
41,Sample_S19S_0097_Wat,393.1554711
19,Sample_S19S_0097_Wat,393.1685262
21,Sample_S19S_0097_Wat,393.1919402
36,Sample_S19S_0097_Wat,394.078026
48,Sample_S19S_0097_Wat,394.1144108
47,Sample_S19S_0097_Wat,395.0619708
56,Sample_S19S_0097_Wat,395.0984243
114,Sample_S19S_0097_Wat,395.1347697
18,Sample_S19S_0097_Wat,395.1477706
46,Sample_S19S_0097_Wat,395.171191
12,Sample_S19S_0097_Wat,395.2075813
68,Sample_S19S_0097_Wat,396.0936653
35,Sample_S19S_0097_Wat,396.13006
53,Sample_S19S_0097_Wat,396.1664019
36,Sample_S19S_0097_Wat,397.0412485
30,Sample_S19S_0097_Wat,397.0775828
22,Sample_S19S_0097_Wat,397.1059758
62,Sample_S19S_0097_Wat,397.1140135
38,Sample_S19S_0097_Wat,397.1252995
84,Sample_S19S_0097_Wat,397.1504225
23,Sample_S19S_0097_Wat,397.1867602
2,Sample_S19S_0097_Wat,397.2265763
20,Sample_S19S_0097_Wat,398.0517674
56,Sample_S19S_0097_Wat,398.0729329
6,Sample_S19S_0097_Wat,398.1011943
58,Sample_S19S_0097_Wat,398.1456531
12,Sample_S19S_0097_Wat,399.0488349
16,Sample_S19S_0097_Wat,399.0568344
29,Sample_S19S_0097_Wat,399.0721389
27,Sample_S19S_0097_Wat,399.085227
60,Sample_S19S_0097_Wat,399.0932727
21,Sample_S19S_0097_Wat,399.1086044
59,Sample_S19S_0097_Wat,399.1296635
38,Sample_S19S_0097_Wat,399.1449193
13,Sample_S19S_0097_Wat,399.1579458
4,Sample_S19S_0097_Wat,399.1659287
16,Sample_S19S_0097_Wat,399.1943775
27,Sample_S19S_0097_Wat,399.2024375
5,Sample_S19S_0097_Wat,400.1167843
33,Sample_S19S_0097_Wat,400.1249077
21,Sample_S19S_0097_Wat,401.0150794
49,Sample_S19S_0097_Wat,401.0514549
15,Sample_S19S_0097_Wat,401.0644945
24,Sample_S19S_0097_Wat,401.0725084
56,Sample_S19S_0097_Wat,401.0878209
53,Sample_S19S_0097_Wat,401.1089631
65,Sample_S19S_0097_Wat,401.1453284
58,Sample_S19S_0097_Wat,401.1605804
19,Sample_S19S_0097_Wat,401.1736033
12,Sample_S19S_0097_Wat,401.1816514
17,Sample_S19S_0097_Wat,401.2100146
20,Sample_S19S_0097_Wat,402.0466811
17,Sample_S19S_0097_Wat,402.0831391
9,Sample_S19S_0097_Wat,402.0961225
4,Sample_S19S_0097_Wat,402.1042761
10,Sample_S19S_0097_Wat,402.1195259
5,Sample_S19S_0097_Wat,402.1324119
26,Sample_S19S_0097_Wat,402.1405573
7,Sample_S19S_0097_Wat,403.0305846
68,Sample_S19S_0097_Wat,403.0671122
4,Sample_S19S_0097_Wat,403.0704072
50,Sample_S19S_0097_Wat,403.0881974
61,Sample_S19S_0097_Wat,403.1034476
1,Sample_S19S_0097_Wat,403.1066431
22,Sample_S19S_0097_Wat,403.1164656
17,Sample_S19S_0097_Wat,403.1245163
78,Sample_S19S_0097_Wat,403.1398463
30,Sample_S19S_0097_Wat,403.1529106
23,Sample_S19S_0097_Wat,403.1609357
29,Sample_S19S_0097_Wat,403.1762826
28,Sample_S19S_0097_Wat,403.2126282
62,Sample_S19S_0097_Wat,404.0623618
71,Sample_S19S_0097_Wat,404.1351085
53,Sample_S19S_0097_Wat,405.0463718
44,Sample_S19S_0097_Wat,405.0827082
33,Sample_S19S_0097_Wat,405.1190623
27,Sample_S19S_0097_Wat,405.1321292
47,Sample_S19S_0097_Wat,405.1555362
25,Sample_S19S_0097_Wat,405.1685606
33,Sample_S19S_0097_Wat,405.1918632
5,Sample_S19S_0097_Wat,405.2048711
18,Sample_S19S_0097_Wat,406.041642
74,Sample_S19S_0097_Wat,406.1143545
58,Sample_S19S_0097_Wat,407.0620299
3,Sample_S19S_0097_Wat,407.0733562
86,Sample_S19S_0097_Wat,407.0983755
10,Sample_S19S_0097_Wat,407.1097304
74,Sample_S19S_0097_Wat,407.1347505
22,Sample_S19S_0097_Wat,407.1477958
12,Sample_S19S_0097_Wat,407.1712237
17,Sample_S19S_0097_Wat,407.2075913
72,Sample_S19S_0097_Wat,408.0936661
82,Sample_S19S_0097_Wat,408.1300077
21,Sample_S19S_0097_Wat,409.0412228
27,Sample_S19S_0097_Wat,409.07757
16,Sample_S19S_0097_Wat,409.0889394
86,Sample_S19S_0097_Wat,409.1140221
90,Sample_S19S_0097_Wat,409.1504235
8,Sample_S19S_0097_Wat,409.1633923
10,Sample_S19S_0097_Wat,409.1787026
13,Sample_S19S_0097_Wat,409.1867344
55,Sample_S19S_0097_Wat,410.0729191
4,Sample_S19S_0097_Wat,410.1010872
17,Sample_S19S_0097_Wat,410.1092388
62,Sample_S19S_0097_Wat,410.1456867
22,Sample_S19S_0097_Wat,411.0568579
72,Sample_S19S_0097_Wat,411.0933142
82,Sample_S19S_0097_Wat,411.1296933
31,Sample_S19S_0097_Wat,411.1579879
46,Sample_S19S_0097_Wat,411.1660419
2,Sample_S19S_0097_Wat,411.2022993
14,Sample_S19S_0097_Wat,412.0521769
30,Sample_S19S_0097_Wat,412.0885256
4,Sample_S19S_0097_Wat,412.116775
53,Sample_S19S_0097_Wat,412.1249118
12,Sample_S19S_0097_Wat,413.06446
7,Sample_S19S_0097_Wat,413.072442
32,Sample_S19S_0097_Wat,413.087795
28,Sample_S19S_0097_Wat,413.1008794
76,Sample_S19S_0097_Wat,413.1089345
3,Sample_S19S_0097_Wat,413.1119149
57,Sample_S19S_0097_Wat,413.12421
1,Sample_S19S_0097_Wat,413.1332361
21,Sample_S19S_0097_Wat,413.1372735
25,Sample_S19S_0097_Wat,413.1452768
7,Sample_S19S_0097_Wat,413.1605228
21,Sample_S19S_0097_Wat,413.1736056
12,Sample_S19S_0097_Wat,413.1816156
14,Sample_S19S_0097_Wat,413.2100122
17,Sample_S19S_0097_Wat,414.0831299
2,Sample_S19S_0097_Wat,414.132396
17,Sample_S19S_0097_Wat,415.0306688
6,Sample_S19S_0097_Wat,415.0671726
6,Sample_S19S_0097_Wat,415.0704085
12,Sample_S19S_0097_Wat,415.080159
52,Sample_S19S_0097_Wat,415.0881916
56,Sample_S19S_0097_Wat,415.1034568
17,Sample_S19S_0097_Wat,415.1164835
32,Sample_S19S_0097_Wat,415.1245406
23,Sample_S19S_0097_Wat,415.1529316
52,Sample_S19S_0097_Wat,415.1609859
10,Sample_S19S_0097_Wat,415.1763155
29,Sample_S19S_0097_Wat,416.0623295
8,Sample_S19S_0097_Wat,416.0986591
63,Sample_S19S_0097_Wat,416.1351142
27,Sample_S19S_0097_Wat,417.0463346
11,Sample_S19S_0097_Wat,417.0593749
18,Sample_S19S_0097_Wat,417.0674105
22,Sample_S19S_0097_Wat,417.0826722
1,Sample_S19S_0097_Wat,417.085967
16,Sample_S19S_0097_Wat,417.0957124
19,Sample_S19S_0097_Wat,417.1037889
78,Sample_S19S_0097_Wat,417.1191101
37,Sample_S19S_0097_Wat,417.1321667
36,Sample_S19S_0097_Wat,417.1402188
71,Sample_S19S_0097_Wat,417.1555165
35,Sample_S19S_0097_Wat,417.1685514
6,Sample_S19S_0097_Wat,417.2048604
14,Sample_S19S_0097_Wat,418.0416648
43,Sample_S19S_0097_Wat,418.0779721
20,Sample_S19S_0097_Wat,418.1144292
34,Sample_S19S_0097_Wat,419.0619721
13,Sample_S19S_0097_Wat,419.0982983
11,Sample_S19S_0097_Wat,419.1113471
94,Sample_S19S_0097_Wat,419.1347745
24,Sample_S19S_0097_Wat,419.1478319
42,Sample_S19S_0097_Wat,419.1711927
28,Sample_S19S_0097_Wat,419.1842051
36,Sample_S19S_0097_Wat,419.207525
40,Sample_S19S_0097_Wat,420.0572817
33,Sample_S19S_0097_Wat,421.0412704
22,Sample_S19S_0097_Wat,421.0777047
90,Sample_S19S_0097_Wat,421.1140346
83,Sample_S19S_0097_Wat,421.1504292
1,Sample_S19S_0097_Wat,421.1552081
21,Sample_S19S_0097_Wat,421.1634511
21,Sample_S19S_0097_Wat,421.1868654
3,Sample_S19S_0097_Wat,421.2265386
44,Sample_S19S_0097_Wat,422.0728802
31,Sample_S19S_0097_Wat,422.1093338
28,Sample_S19S_0097_Wat,423.093231
11,Sample_S19S_0097_Wat,423.1046157
100,Sample_S19S_0097_Wat,423.1296813
33,Sample_S19S_0097_Wat,423.1661225
18,Sample_S19S_0097_Wat,423.179095
38,Sample_S19S_0097_Wat,423.2024382
2,Sample_S19S_0097_Wat,424.0886497
42,Sample_S19S_0097_Wat,424.1249783
18,Sample_S19S_0097_Wat,425.1008972
47,Sample_S19S_0097_Wat,425.1089252
4,Sample_S19S_0097_Wat,425.120287
20,Sample_S19S_0097_Wat,425.1453873
44,Sample_S19S_0097_Wat,425.1816982
1,Sample_S19S_0097_Wat,425.2178813
61,Sample_S19S_0097_Wat,426.1405881
53,Sample_S19S_0097_Wat,426.1769689
14,Sample_S19S_0097_Wat,427.0518808
13,Sample_S19S_0097_Wat,427.0801714
37,Sample_S19S_0097_Wat,427.088175
31,Sample_S19S_0097_Wat,427.1035014
21,Sample_S19S_0097_Wat,427.1165345
73,Sample_S19S_0097_Wat,427.1245871
6,Sample_S19S_0097_Wat,427.1399769
5,Sample_S19S_0097_Wat,427.1610597
29,Sample_S19S_0097_Wat,427.1973395
10,Sample_S19S_0097_Wat,428.0622933
11,Sample_S19S_0097_Wat,428.1117671
10,Sample_S19S_0097_Wat,428.1481747
29,Sample_S19S_0097_Wat,428.1562791
11,Sample_S19S_0097_Wat,428.1925676
20,Sample_S19S_0097_Wat,429.0463286
37,Sample_S19S_0097_Wat,429.067488
2,Sample_S19S_0097_Wat,429.0829209
6,Sample_S19S_0097_Wat,429.0861392
9,Sample_S19S_0097_Wat,429.1039457
6,Sample_S19S_0097_Wat,429.1192381
61,Sample_S19S_0097_Wat,429.1402424
28,Sample_S19S_0097_Wat,429.1555582
30,Sample_S19S_0097_Wat,429.1685491
21,Sample_S19S_0097_Wat,429.1765924
39,Sample_S19S_0097_Wat,429.1919036
14,Sample_S19S_0097_Wat,430.0416122
14,Sample_S19S_0097_Wat,430.0780537
28,Sample_S19S_0097_Wat,430.0991542
70,Sample_S19S_0097_Wat,430.1143962
5,Sample_S19S_0097_Wat,430.1273505
46,Sample_S19S_0097_Wat,430.1354817
15,Sample_S19S_0097_Wat,431.0256563
50,Sample_S19S_0097_Wat,431.0620177
3,Sample_S19S_0097_Wat,431.0653523
35,Sample_S19S_0097_Wat,431.083125
63,Sample_S19S_0097_Wat,431.098388
17,Sample_S19S_0097_Wat,431.1113826
27,Sample_S19S_0097_Wat,431.1194411
32,Sample_S19S_0097_Wat,431.1347291
25,Sample_S19S_0097_Wat,431.1477957
21,Sample_S19S_0097_Wat,431.1558407
33,Sample_S19S_0097_Wat,431.1711879
16,Sample_S19S_0097_Wat,431.2076023
5,Sample_S19S_0097_Wat,431.2206124
8,Sample_S19S_0097_Wat,432.0573233
14,Sample_S19S_0097_Wat,432.078404
74,Sample_S19S_0097_Wat,432.093661
76,Sample_S19S_0097_Wat,432.1300404
32,Sample_S19S_0097_Wat,433.0412948
63,Sample_S19S_0097_Wat,433.077665
12,Sample_S19S_0097_Wat,433.0906617
11,Sample_S19S_0097_Wat,433.0986887
26,Sample_S19S_0097_Wat,433.1139658
11,Sample_S19S_0097_Wat,433.1269982
3,Sample_S19S_0097_Wat,433.13501
30,Sample_S19S_0097_Wat,433.1503758
26,Sample_S19S_0097_Wat,433.1634586
37,Sample_S19S_0097_Wat,433.1868494
12,Sample_S19S_0097_Wat,433.1998888
33,Sample_S19S_0097_Wat,433.223189
11,Sample_S19S_0097_Wat,434.072975
20,Sample_S19S_0097_Wat,434.1093421
30,Sample_S19S_0097_Wat,435.0569041
74,Sample_S19S_0097_Wat,435.093324
13,Sample_S19S_0097_Wat,435.1062764
32,Sample_S19S_0097_Wat,435.1296329
6,Sample_S19S_0097_Wat,435.1426364
1,Sample_S19S_0097_Wat,435.160379
27,Sample_S19S_0097_Wat,435.1659973
17,Sample_S19S_0097_Wat,435.1790631
51,Sample_S19S_0097_Wat,435.2024665
10,Sample_S19S_0097_Wat,435.2155119
25,Sample_S19S_0097_Wat,436.0886111
8,Sample_S19S_0097_Wat,436.1250197
20,Sample_S19S_0097_Wat,437.072483
9,Sample_S19S_0097_Wat,437.1009114
26,Sample_S19S_0097_Wat,437.1088959
17,Sample_S19S_0097_Wat,437.120251
60,Sample_S19S_0097_Wat,437.1453651
17,Sample_S19S_0097_Wat,437.158378
1,Sample_S19S_0097_Wat,437.1737814
49,Sample_S19S_0097_Wat,437.1817485
6,Sample_S19S_0097_Wat,437.1946984
11,Sample_S19S_0097_Wat,437.2100538
10,Sample_S19S_0097_Wat,437.2180272
15,Sample_S19S_0097_Wat,438.0678822
65,Sample_S19S_0097_Wat,438.1405683
12,Sample_S19S_0097_Wat,439.051737
64,Sample_S19S_0097_Wat,439.0882098
76,Sample_S19S_0097_Wat,439.1246064
44,Sample_S19S_0097_Wat,439.1358561
18,Sample_S19S_0097_Wat,439.1529344
32,Sample_S19S_0097_Wat,439.1609425
21,Sample_S19S_0097_Wat,439.1892886
16,Sample_S19S_0097_Wat,439.1973056
31,Sample_S19S_0097_Wat,440.0834468
31,Sample_S19S_0097_Wat,440.1198163
2,Sample_S19S_0097_Wat,441.0593601
24,Sample_S19S_0097_Wat,441.0674409
34,Sample_S19S_0097_Wat,441.1039049
18,Sample_S19S_0097_Wat,441.1191742
54,Sample_S19S_0097_Wat,441.1402285
11,Sample_S19S_0097_Wat,441.1554489
16,Sample_S19S_0097_Wat,441.168514
21,Sample_S19S_0097_Wat,441.1765589
13,Sample_S19S_0097_Wat,441.2049192
7,Sample_S19S_0097_Wat,442.0990637
4,Sample_S19S_0097_Wat,442.127302
16,Sample_S19S_0097_Wat,442.135461
14,Sample_S19S_0097_Wat,443.0466588
10,Sample_S19S_0097_Wat,443.061884
1,Sample_S19S_0097_Wat,443.0652174
13,Sample_S19S_0097_Wat,443.0749837
30,Sample_S19S_0097_Wat,443.0830557
36,Sample_S19S_0097_Wat,443.0984287
2,Sample_S19S_0097_Wat,443.1016577
19,Sample_S19S_0097_Wat,443.1114516
63,Sample_S19S_0097_Wat,443.119518
6,Sample_S19S_0097_Wat,443.1348538
25,Sample_S19S_0097_Wat,443.1478565
51,Sample_S19S_0097_Wat,443.1558944
23,Sample_S19S_0097_Wat,443.1711201
24,Sample_S19S_0097_Wat,443.1841796
13,Sample_S19S_0097_Wat,443.1922057
21,Sample_S19S_0097_Wat,444.093696
24,Sample_S19S_0097_Wat,445.0412697
6,Sample_S19S_0097_Wat,445.054308
27,Sample_S19S_0097_Wat,445.0623769
30,Sample_S19S_0097_Wat,445.0776178
12,Sample_S19S_0097_Wat,445.0986624
4,Sample_S19S_0097_Wat,445.1083593
18,Sample_S19S_0097_Wat,445.1139537
19,Sample_S19S_0097_Wat,445.127011
11,Sample_S19S_0097_Wat,445.1350548
33,Sample_S19S_0097_Wat,445.1503907
35,Sample_S19S_0097_Wat,445.1634705
42,Sample_S19S_0097_Wat,445.1715289
39,Sample_S19S_0097_Wat,445.1868428
9,Sample_S19S_0097_Wat,446.0364887
12,Sample_S19S_0097_Wat,446.0728598
2,Sample_S19S_0097_Wat,446.0939418
48,Sample_S19S_0097_Wat,446.1092739
7,Sample_S19S_0097_Wat,447.056785
6,Sample_S19S_0097_Wat,447.0698296
17,Sample_S19S_0097_Wat,447.09323
79,Sample_S19S_0097_Wat,447.1297048
28,Sample_S19S_0097_Wat,447.1427418
75,Sample_S19S_0097_Wat,447.1660641
23,Sample_S19S_0097_Wat,447.179104
16,Sample_S19S_0097_Wat,447.2023724
2,Sample_S19S_0097_Wat,448.0520882
57,Sample_S19S_0097_Wat,448.088573
13,Sample_S19S_0097_Wat,448.1096972
20,Sample_S19S_0097_Wat,449.0724952
88,Sample_S19S_0097_Wat,449.1089599
19,Sample_S19S_0097_Wat,449.1219859
77,Sample_S19S_0097_Wat,449.1453221
25,Sample_S19S_0097_Wat,449.1583358
27,Sample_S19S_0097_Wat,449.1816462
5,Sample_S19S_0097_Wat,449.1946593
12,Sample_S19S_0097_Wat,449.2180299
13,Sample_S19S_0097_Wat,451.0517204
32,Sample_S19S_0097_Wat,451.0881744
59,Sample_S19S_0097_Wat,451.124616
3,Sample_S19S_0097_Wat,451.1530256
35,Sample_S19S_0097_Wat,451.1609528
9,Sample_S19S_0097_Wat,451.1739524
10,Sample_S19S_0097_Wat,451.189303
7,Sample_S19S_0097_Wat,451.1972791
3,Sample_S19S_0097_Wat,451.2103087
31,Sample_S19S_0097_Wat,452.0834394
20,Sample_S19S_0097_Wat,452.1199139
20,Sample_S19S_0097_Wat,453.0673983
11,Sample_S19S_0097_Wat,453.0957146
17,Sample_S19S_0097_Wat,453.1037558
17,Sample_S19S_0097_Wat,453.1321972
41,Sample_S19S_0097_Wat,453.140211
6,Sample_S19S_0097_Wat,453.1686448
64,Sample_S19S_0097_Wat,453.1766436
13,Sample_S19S_0097_Wat,453.1896338
16,Sample_S19S_0097_Wat,453.2049759
24,Sample_S19S_0097_Wat,454.0627542
28,Sample_S19S_0097_Wat,455.0467468
11,Sample_S19S_0097_Wat,455.0750667
43,Sample_S19S_0097_Wat,455.0831528
19,Sample_S19S_0097_Wat,455.111472
38,Sample_S19S_0097_Wat,455.1194736
21,Sample_S19S_0097_Wat,455.14777
13,Sample_S19S_0097_Wat,455.1558023
1,Sample_S19S_0097_Wat,455.1709581
17,Sample_S19S_0097_Wat,455.1841535
11,Sample_S19S_0097_Wat,455.1921775
18,Sample_S19S_0097_Wat,455.2205892
8,Sample_S19S_0097_Wat,456.0935705
3,Sample_S19S_0097_Wat,456.1065963
6,Sample_S19S_0097_Wat,456.1431009
23,Sample_S19S_0097_Wat,457.0412916
9,Sample_S19S_0097_Wat,457.0542979
27,Sample_S19S_0097_Wat,457.0624071
13,Sample_S19S_0097_Wat,457.0776174
1,Sample_S19S_0097_Wat,457.0808688
9,Sample_S19S_0097_Wat,457.0906483
19,Sample_S19S_0097_Wat,457.0986905
20,Sample_S19S_0097_Wat,457.1139922
1,Sample_S19S_0097_Wat,457.1172314
12,Sample_S19S_0097_Wat,457.1270095
17,Sample_S19S_0097_Wat,457.1350642
3,Sample_S19S_0097_Wat,457.1447412
17,Sample_S19S_0097_Wat,457.150377
22,Sample_S19S_0097_Wat,457.1634444
24,Sample_S19S_0097_Wat,457.1715231
49,Sample_S19S_0097_Wat,457.1868094
21,Sample_S19S_0097_Wat,457.1998933
31,Sample_S19S_0097_Wat,458.0729028
11,Sample_S19S_0097_Wat,459.0568713
7,Sample_S19S_0097_Wat,459.069913
19,Sample_S19S_0097_Wat,459.0779746
1,Sample_S19S_0097_Wat,459.0875624
19,Sample_S19S_0097_Wat,459.0932353
15,Sample_S19S_0097_Wat,459.1062882
26,Sample_S19S_0097_Wat,459.1143457
51,Sample_S19S_0097_Wat,459.1296693
1,Sample_S19S_0097_Wat,459.1328714
30,Sample_S19S_0097_Wat,459.142719
35,Sample_S19S_0097_Wat,459.1508169
41,Sample_S19S_0097_Wat,459.1661042
31,Sample_S19S_0097_Wat,459.1872169
23,Sample_S19S_0097_Wat,459.2025048
51,Sample_S19S_0097_Wat,460.0885829
49,Sample_S19S_0097_Wat,460.1249704
13,Sample_S19S_0097_Wat,460.1612688
18,Sample_S19S_0097_Wat,461.036196
17,Sample_S19S_0097_Wat,461.0725007
10,Sample_S19S_0097_Wat,461.0855391
12,Sample_S19S_0097_Wat,461.1088271
5,Sample_S19S_0097_Wat,461.1218899
8,Sample_S19S_0097_Wat,461.1299458
4,Sample_S19S_0097_Wat,461.1396751
23,Sample_S19S_0097_Wat,461.1452647
24,Sample_S19S_0097_Wat,461.1583343
36,Sample_S19S_0097_Wat,461.1817537
17,Sample_S19S_0097_Wat,461.1948089
27,Sample_S19S_0097_Wat,461.218132
23,Sample_S19S_0097_Wat,462.067799
18,Sample_S19S_0097_Wat,462.1042629
60,Sample_S19S_0097_Wat,462.1769684
29,Sample_S19S_0097_Wat,463.0518315
40,Sample_S19S_0097_Wat,463.0881954
4,Sample_S19S_0097_Wat,463.1189274
19,Sample_S19S_0097_Wat,463.124491
4,Sample_S19S_0097_Wat,463.1375144
9,Sample_S19S_0097_Wat,463.1608564
10,Sample_S19S_0097_Wat,463.1739081
17,Sample_S19S_0097_Wat,463.1972938
18,Sample_S19S_0097_Wat,463.210366
31,Sample_S19S_0097_Wat,463.2337601
23,Sample_S19S_0097_Wat,464.1198095
9,Sample_S19S_0097_Wat,465.06738
33,Sample_S19S_0097_Wat,465.1038259
23,Sample_S19S_0097_Wat,465.1532935
62,Sample_S19S_0097_Wat,465.1766182
16,Sample_S19S_0097_Wat,465.1896305
14,Sample_S19S_0097_Wat,465.2049695
12,Sample_S19S_0097_Wat,465.2129596
54,Sample_S19S_0097_Wat,466.1355201
1,Sample_S19S_0097_Wat,466.1435867
31,Sample_S19S_0097_Wat,467.0467531
45,Sample_S19S_0097_Wat,467.0831629
48,Sample_S19S_0097_Wat,467.1195422
25,Sample_S19S_0097_Wat,467.1478261
32,Sample_S19S_0097_Wat,467.1558326
22,Sample_S19S_0097_Wat,467.184209
9,Sample_S19S_0097_Wat,467.1921933
4,Sample_S19S_0097_Wat,467.2052403
15,Sample_S19S_0097_Wat,467.220621
18,Sample_S19S_0097_Wat,467.2286363
27,Sample_S19S_0097_Wat,468.1147294
26,Sample_S19S_0097_Wat,469.062394
10,Sample_S19S_0097_Wat,469.0906533
26,Sample_S19S_0097_Wat,469.0986993
21,Sample_S19S_0097_Wat,469.1270251
15,Sample_S19S_0097_Wat,469.1350525
8,Sample_S19S_0097_Wat,469.1503074
11,Sample_S19S_0097_Wat,469.1633964
22,Sample_S19S_0097_Wat,469.199861
21,Sample_S19S_0097_Wat,469.2078959
11,Sample_S19S_0097_Wat,469.2362772
25,Sample_S19S_0097_Wat,471.0569384
7,Sample_S19S_0097_Wat,471.069939
26,Sample_S19S_0097_Wat,471.0780166
16,Sample_S19S_0097_Wat,471.093255
14,Sample_S19S_0097_Wat,471.106291
6,Sample_S19S_0097_Wat,471.1295835
11,Sample_S19S_0097_Wat,471.1426129
13,Sample_S19S_0097_Wat,471.1506882
7,Sample_S19S_0097_Wat,471.16598
23,Sample_S19S_0097_Wat,471.1790652
18,Sample_S19S_0097_Wat,471.1871307
10,Sample_S19S_0097_Wat,471.2024048
19,Sample_S19S_0097_Wat,471.2155389
9,Sample_S19S_0097_Wat,473.0361823
32,Sample_S19S_0097_Wat,473.0726032
32,Sample_S19S_0097_Wat,473.0937108
59,Sample_S19S_0097_Wat,473.1089772
3,Sample_S19S_0097_Wat,473.1122201
24,Sample_S19S_0097_Wat,473.121993
20,Sample_S19S_0097_Wat,473.1300234
6,Sample_S19S_0097_Wat,473.139667
24,Sample_S19S_0097_Wat,473.1452829
11,Sample_S19S_0097_Wat,473.1582831
12,Sample_S19S_0097_Wat,473.1663521
2,Sample_S19S_0097_Wat,473.1760299
20,Sample_S19S_0097_Wat,473.1816622
11,Sample_S19S_0097_Wat,473.1946924
25,Sample_S19S_0097_Wat,473.2180738
24,Sample_S19S_0097_Wat,474.067818
20,Sample_S19S_0097_Wat,474.1042477
52,Sample_S19S_0097_Wat,474.1405956
9,Sample_S19S_0097_Wat,475.0517049
26,Sample_S19S_0097_Wat,475.0881586
14,Sample_S19S_0097_Wat,475.1012806
15,Sample_S19S_0097_Wat,475.1092833
61,Sample_S19S_0097_Wat,475.1245966
26,Sample_S19S_0097_Wat,475.1376596
68,Sample_S19S_0097_Wat,475.1609843
28,Sample_S19S_0097_Wat,475.1739813
14,Sample_S19S_0097_Wat,475.1973043
4,Sample_S19S_0097_Wat,475.2103074
6,Sample_S19S_0097_Wat,476.0833408
23,Sample_S19S_0097_Wat,476.1198125
21,Sample_S19S_0097_Wat,477.0311319
39,Sample_S19S_0097_Wat,477.0674882
2,Sample_S19S_0097_Wat,477.0805777
19,Sample_S19S_0097_Wat,477.1037802
18,Sample_S19S_0097_Wat,477.1168599
2,Sample_S19S_0097_Wat,477.1344651
6,Sample_S19S_0097_Wat,477.1401075
8,Sample_S19S_0097_Wat,477.1531747
20,Sample_S19S_0097_Wat,477.1765167
5,Sample_S19S_0097_Wat,477.1895617
32,Sample_S19S_0097_Wat,477.2130039
58,Sample_S19S_0097_Wat,478.0991507
4,Sample_S19S_0097_Wat,479.0466033
17,Sample_S19S_0097_Wat,479.0830028
37,Sample_S19S_0097_Wat,479.1194663
68,Sample_S19S_0097_Wat,479.1559168
10,Sample_S19S_0097_Wat,479.1689644
2,Sample_S19S_0097_Wat,479.1843315
48,Sample_S19S_0097_Wat,479.1923063
11,Sample_S19S_0097_Wat,479.2286027
11,Sample_S19S_0097_Wat,480.151082
14,Sample_S19S_0097_Wat,481.0623379
48,Sample_S19S_0097_Wat,481.0987747
65,Sample_S19S_0097_Wat,481.1351677
17,Sample_S19S_0097_Wat,481.1634867
47,Sample_S19S_0097_Wat,481.1715313
17,Sample_S19S_0097_Wat,481.199847
15,Sample_S19S_0097_Wat,481.2078283
6,Sample_S19S_0097_Wat,482.1302914
24,Sample_S19S_0097_Wat,483.0780208
6,Sample_S19S_0097_Wat,483.1064043
43,Sample_S19S_0097_Wat,483.1144642
21,Sample_S19S_0097_Wat,483.1297323
33,Sample_S19S_0097_Wat,483.1508531
17,Sample_S19S_0097_Wat,483.1791639
28,Sample_S19S_0097_Wat,483.1871699
16,Sample_S19S_0097_Wat,483.2154832
14,Sample_S19S_0097_Wat,484.1459881
6,Sample_S19S_0097_Wat,485.057196
9,Sample_S19S_0097_Wat,485.0724465
10,Sample_S19S_0097_Wat,485.0855526
28,Sample_S19S_0097_Wat,485.0936172
33,Sample_S19S_0097_Wat,485.1089501
17,Sample_S19S_0097_Wat,485.1220307
44,Sample_S19S_0097_Wat,485.1300644
1,Sample_S19S_0097_Wat,485.139617
27,Sample_S19S_0097_Wat,485.1453846
19,Sample_S19S_0097_Wat,485.1584131
34,Sample_S19S_0097_Wat,485.1664901
2,Sample_S19S_0097_Wat,485.1760615
41,Sample_S19S_0097_Wat,485.181737
19,Sample_S19S_0097_Wat,485.1948096
10,Sample_S19S_0097_Wat,485.2179932
2,Sample_S19S_0097_Wat,485.2310607
5,Sample_S19S_0097_Wat,487.0648683
16,Sample_S19S_0097_Wat,487.072871
9,Sample_S19S_0097_Wat,487.088118
14,Sample_S19S_0097_Wat,487.1011949
6,Sample_S19S_0097_Wat,487.1092152
12,Sample_S19S_0097_Wat,487.1244947
15,Sample_S19S_0097_Wat,487.1375846
11,Sample_S19S_0097_Wat,487.1456408
1,Sample_S19S_0097_Wat,487.1552674
50,Sample_S19S_0097_Wat,487.1609704
21,Sample_S19S_0097_Wat,487.1740711
29,Sample_S19S_0097_Wat,487.18211
32,Sample_S19S_0097_Wat,487.1974177
5,Sample_S19S_0097_Wat,487.2104698
33,Sample_S19S_0097_Wat,489.067487
3,Sample_S19S_0097_Wat,489.0982045
33,Sample_S19S_0097_Wat,489.1039118
31,Sample_S19S_0097_Wat,489.1249814
28,Sample_S19S_0097_Wat,489.1402055
16,Sample_S19S_0097_Wat,489.1532671
1,Sample_S19S_0097_Wat,489.1708695
11,Sample_S19S_0097_Wat,489.1765226
6,Sample_S19S_0097_Wat,489.1895365
8,Sample_S19S_0097_Wat,489.2128864
14,Sample_S19S_0097_Wat,490.0990621
2,Sample_S19S_0097_Wat,490.1201406
10,Sample_S19S_0097_Wat,490.171809
4,Sample_S19S_0097_Wat,491.0466906
19,Sample_S19S_0097_Wat,491.0830123
10,Sample_S19S_0097_Wat,491.0961728
9,Sample_S19S_0097_Wat,491.1193786
11,Sample_S19S_0097_Wat,491.1325378
26,Sample_S19S_0097_Wat,491.1558203
18,Sample_S19S_0097_Wat,491.1689084
48,Sample_S19S_0097_Wat,491.1922945
10,Sample_S19S_0097_Wat,491.2053832
7,Sample_S19S_0097_Wat,491.2287423
36,Sample_S19S_0097_Wat,492.1147512
9,Sample_S19S_0097_Wat,493.0622921
20,Sample_S19S_0097_Wat,493.098712
70,Sample_S19S_0097_Wat,493.1351653
1,Sample_S19S_0097_Wat,493.1636569
50,Sample_S19S_0097_Wat,493.1715856
10,Sample_S19S_0097_Wat,493.1846305
6,Sample_S19S_0097_Wat,493.1999507
26,Sample_S19S_0097_Wat,495.0780179
2,Sample_S19S_0097_Wat,495.106406
42,Sample_S19S_0097_Wat,495.1144449
10,Sample_S19S_0097_Wat,495.1427989
56,Sample_S19S_0097_Wat,495.1507984
20,Sample_S19S_0097_Wat,495.1791573
7,Sample_S19S_0097_Wat,495.2154488
1,Sample_S19S_0097_Wat,496.1905351
12,Sample_S19S_0097_Wat,497.0572968
13,Sample_S19S_0097_Wat,497.1301476
20,Sample_S19S_0097_Wat,497.1453801
26,Sample_S19S_0097_Wat,497.1947705
3,Sample_S19S_0097_Wat,497.2310629
11,Sample_S19S_0097_Wat,498.1253978
33,Sample_S19S_0097_Wat,498.1617513
3,Sample_S19S_0097_Wat,498.1698072
19,Sample_S19S_0097_Wat,499.0728848
9,Sample_S19S_0097_Wat,499.1012958
32,Sample_S19S_0097_Wat,499.1093112
40,Sample_S19S_0097_Wat,499.1246232
15,Sample_S19S_0097_Wat,499.1377212
45,Sample_S19S_0097_Wat,499.1457371
5,Sample_S19S_0097_Wat,499.1553132
15,Sample_S19S_0097_Wat,499.1610424
23,Sample_S19S_0097_Wat,499.1740741
32,Sample_S19S_0097_Wat,499.1973555
25,Sample_S19S_0097_Wat,499.2104255
13,Sample_S19S_0097_Wat,501.0673678
10,Sample_S19S_0097_Wat,501.080502
13,Sample_S19S_0097_Wat,501.0885018
7,Sample_S19S_0097_Wat,501.1037301
12,Sample_S19S_0097_Wat,501.116864
6,Sample_S19S_0097_Wat,501.1248479
20,Sample_S19S_0097_Wat,501.1401768
32,Sample_S19S_0097_Wat,501.1532967
18,Sample_S19S_0097_Wat,501.1612956
45,Sample_S19S_0097_Wat,501.1766253
28,Sample_S19S_0097_Wat,501.1896846
24,Sample_S19S_0097_Wat,501.2130646
20,Sample_S19S_0097_Wat,501.2494293
3,Sample_S19S_0097_Wat,503.0468089
3,Sample_S19S_0097_Wat,503.0832459
49,Sample_S19S_0097_Wat,503.1195309
6,Sample_S19S_0097_Wat,503.1326318
14,Sample_S19S_0097_Wat,503.1405906
1,Sample_S19S_0097_Wat,503.1502092
24,Sample_S19S_0097_Wat,503.1558462
15,Sample_S19S_0097_Wat,503.1921795
3,Sample_S19S_0097_Wat,503.2051842
13,Sample_S19S_0097_Wat,503.2285615
5,Sample_S19S_0097_Wat,503.2649518
8,Sample_S19S_0097_Wat,504.1512304
6,Sample_S19S_0097_Wat,505.0622503
19,Sample_S19S_0097_Wat,505.098662
7,Sample_S19S_0097_Wat,505.1118569
1,Sample_S19S_0097_Wat,505.1293863
16,Sample_S19S_0097_Wat,505.1350781
4,Sample_S19S_0097_Wat,505.1482794
64,Sample_S19S_0097_Wat,505.1715425
15,Sample_S19S_0097_Wat,505.1846129
30,Sample_S19S_0097_Wat,505.2079802
8,Sample_S19S_0097_Wat,505.221033
27,Sample_S19S_0097_Wat,505.2443315
4,Sample_S19S_0097_Wat,506.1303153
7,Sample_S19S_0097_Wat,506.1666811
21,Sample_S19S_0097_Wat,507.0780238
44,Sample_S19S_0097_Wat,507.1144464
56,Sample_S19S_0097_Wat,507.1508255
5,Sample_S19S_0097_Wat,507.179192
8,Sample_S19S_0097_Wat,509.0573918
33,Sample_S19S_0097_Wat,509.0937287
9,Sample_S19S_0097_Wat,509.1219812
35,Sample_S19S_0097_Wat,509.1300451
11,Sample_S19S_0097_Wat,509.1583575
12,Sample_S19S_0097_Wat,509.1947371
11,Sample_S19S_0097_Wat,509.2311267
5,Sample_S19S_0097_Wat,509.2391011
5,Sample_S19S_0097_Wat,510.0888729
28,Sample_S19S_0097_Wat,511.0729714
14,Sample_S19S_0097_Wat,511.1012674
3,Sample_S19S_0097_Wat,511.1375472
1,Sample_S19S_0097_Wat,511.1455592
8,Sample_S19S_0097_Wat,511.1739404
12,Sample_S19S_0097_Wat,511.2103696
8,Sample_S19S_0097_Wat,511.2183807
1,Sample_S19S_0097_Wat,512.1854652
19,Sample_S19S_0097_Wat,513.0885835
20,Sample_S19S_0097_Wat,513.1169162
15,Sample_S19S_0097_Wat,513.1248843
6,Sample_S19S_0097_Wat,513.1401059
6,Sample_S19S_0097_Wat,513.1531789
6,Sample_S19S_0097_Wat,513.1612236
3,Sample_S19S_0097_Wat,513.1764786
11,Sample_S19S_0097_Wat,513.1895585
1,Sample_S19S_0097_Wat,513.2127989
6,Sample_S19S_0097_Wat,515.0679477
29,Sample_S19S_0097_Wat,515.083157
24,Sample_S19S_0097_Wat,515.1042917
32,Sample_S19S_0097_Wat,515.1194964
6,Sample_S19S_0097_Wat,515.1326297
22,Sample_S19S_0097_Wat,515.1405768
11,Sample_S19S_0097_Wat,515.155816
12,Sample_S19S_0097_Wat,515.1688778
8,Sample_S19S_0097_Wat,515.1768835
1,Sample_S19S_0097_Wat,515.1864986
9,Sample_S19S_0097_Wat,515.1921599
10,Sample_S19S_0097_Wat,515.2052029
4,Sample_S19S_0097_Wat,515.2285302
19,Sample_S19S_0097_Wat,517.0624113
9,Sample_S19S_0097_Wat,517.098859
7,Sample_S19S_0097_Wat,517.1352552
14,Sample_S19S_0097_Wat,517.171616
18,Sample_S19S_0097_Wat,517.1846401
41,Sample_S19S_0097_Wat,517.2079237
9,Sample_S19S_0097_Wat,517.2442337
6,Sample_S19S_0097_Wat,519.0779454
15,Sample_S19S_0097_Wat,519.1143103
6,Sample_S19S_0097_Wat,519.1275578
27,Sample_S19S_0097_Wat,519.1507584
7,Sample_S19S_0097_Wat,519.1639413
52,Sample_S19S_0097_Wat,519.1872205
19,Sample_S19S_0097_Wat,519.2236508
13,Sample_S19S_0097_Wat,519.2600027
23,Sample_S19S_0097_Wat,520.1461126
27,Sample_S19S_0097_Wat,521.0937324
45,Sample_S19S_0097_Wat,521.1301011
2,Sample_S19S_0097_Wat,521.1584978
27,Sample_S19S_0097_Wat,521.1663968
13,Sample_S19S_0097_Wat,521.1794927
11,Sample_S19S_0097_Wat,521.2027235
1,Sample_S19S_0097_Wat,522.1251732
6,Sample_S19S_0097_Wat,523.0728235
5,Sample_S19S_0097_Wat,523.1091901
8,Sample_S19S_0097_Wat,523.1376337
15,Sample_S19S_0097_Wat,523.1456062
13,Sample_S19S_0097_Wat,523.1739853
24,Sample_S19S_0097_Wat,523.1820717
21,Sample_S19S_0097_Wat,523.2104573
6,Sample_S19S_0097_Wat,523.2468227
15,Sample_S19S_0097_Wat,525.0885729
4,Sample_S19S_0097_Wat,525.1169923
28,Sample_S19S_0097_Wat,525.1250197
36,Sample_S19S_0097_Wat,525.1614051
10,Sample_S19S_0097_Wat,525.2340332
24,Sample_S19S_0097_Wat,526.1566707
7,Sample_S19S_0097_Wat,526.1929575
6,Sample_S19S_0097_Wat,527.1043114
14,Sample_S19S_0097_Wat,527.119585
36,Sample_S19S_0097_Wat,527.1406475
32,Sample_S19S_0097_Wat,527.1558917
21,Sample_S19S_0097_Wat,527.1689685
27,Sample_S19S_0097_Wat,527.1769645
7,Sample_S19S_0097_Wat,527.1922169
19,Sample_S19S_0097_Wat,527.2052882
6,Sample_S19S_0097_Wat,527.2132606
5,Sample_S19S_0097_Wat,527.2415754
10,Sample_S19S_0097_Wat,528.0995056
23,Sample_S19S_0097_Wat,528.135922
7,Sample_S19S_0097_Wat,529.0624704
4,Sample_S19S_0097_Wat,529.0836238
20,Sample_S19S_0097_Wat,529.119899
32,Sample_S19S_0097_Wat,529.1351825
11,Sample_S19S_0097_Wat,529.1482589
18,Sample_S19S_0097_Wat,529.1562352
17,Sample_S19S_0097_Wat,529.1714748
18,Sample_S19S_0097_Wat,529.184567
6,Sample_S19S_0097_Wat,529.1925822
10,Sample_S19S_0097_Wat,529.2078283
6,Sample_S19S_0097_Wat,529.2208396
10,Sample_S19S_0097_Wat,529.2442413
3,Sample_S19S_0097_Wat,531.0781475
9,Sample_S19S_0097_Wat,531.0992322
15,Sample_S19S_0097_Wat,531.1144803
22,Sample_S19S_0097_Wat,531.1355514
25,Sample_S19S_0097_Wat,531.1507766
16,Sample_S19S_0097_Wat,531.1638843
14,Sample_S19S_0097_Wat,531.1871077
12,Sample_S19S_0097_Wat,531.2001725
19,Sample_S19S_0097_Wat,531.2234777
1,Sample_S19S_0097_Wat,531.236471
4,Sample_S19S_0097_Wat,531.2598778
1,Sample_S19S_0097_Wat,531.2996826
19,Sample_S19S_0097_Wat,532.1097212
9,Sample_S19S_0097_Wat,532.1308495
11,Sample_S19S_0097_Wat,533.0937827
26,Sample_S19S_0097_Wat,533.1301236
53,Sample_S19S_0097_Wat,533.166456
13,Sample_S19S_0097_Wat,533.2027587
5,Sample_S19S_0097_Wat,533.2390944
11,Sample_S19S_0097_Wat,535.0730261
9,Sample_S19S_0097_Wat,535.1094222
9,Sample_S19S_0097_Wat,535.1458132
24,Sample_S19S_0097_Wat,535.1821751
24,Sample_S19S_0097_Wat,536.1045749
4,Sample_S19S_0097_Wat,537.0520931
14,Sample_S19S_0097_Wat,537.0884904
30,Sample_S19S_0097_Wat,537.1249315
14,Sample_S19S_0097_Wat,537.1533456
41,Sample_S19S_0097_Wat,537.161382
5,Sample_S19S_0097_Wat,537.1897464
17,Sample_S19S_0097_Wat,537.1978101
9,Sample_S19S_0097_Wat,537.2342192
13,Sample_S19S_0097_Wat,539.0679143
17,Sample_S19S_0097_Wat,539.1042196
9,Sample_S19S_0097_Wat,539.1325679
28,Sample_S19S_0097_Wat,539.1405618
8,Sample_S19S_0097_Wat,539.1688297
6,Sample_S19S_0097_Wat,539.1768779
5,Sample_S19S_0097_Wat,539.2051955
3,Sample_S19S_0097_Wat,539.2416063
14,Sample_S19S_0097_Wat,541.0834882
25,Sample_S19S_0097_Wat,541.1199147
6,Sample_S19S_0097_Wat,541.1352769
15,Sample_S19S_0097_Wat,541.1563515
6,Sample_S19S_0097_Wat,541.1716527
4,Sample_S19S_0097_Wat,541.1927684
14,Sample_S19S_0097_Wat,541.2079962
19,Sample_S19S_0097_Wat,541.2290565
7,Sample_S19S_0097_Wat,541.2573331
6,Sample_S19S_0097_Wat,542.1514443
8,Sample_S19S_0097_Wat,542.1878502
19,Sample_S19S_0097_Wat,543.09918
19,Sample_S19S_0097_Wat,543.1355017
27,Sample_S19S_0097_Wat,543.1507543
12,Sample_S19S_0097_Wat,543.1638009
12,Sample_S19S_0097_Wat,543.1718262
10,Sample_S19S_0097_Wat,543.1870791
9,Sample_S19S_0097_Wat,543.2001267
13,Sample_S19S_0097_Wat,545.1299664
7,Sample_S19S_0097_Wat,545.1432084
18,Sample_S19S_0097_Wat,545.1511507
1,Sample_S19S_0097_Wat,545.1607324
29,Sample_S19S_0097_Wat,545.1664409
6,Sample_S19S_0097_Wat,545.1795929
33,Sample_S19S_0097_Wat,545.2028931
14,Sample_S19S_0097_Wat,545.2159419
4,Sample_S19S_0097_Wat,545.2393178
15,Sample_S19S_0097_Wat,547.109415
17,Sample_S19S_0097_Wat,547.145805
5,Sample_S19S_0097_Wat,547.1822164
3,Sample_S19S_0097_Wat,547.1952584
17,Sample_S19S_0097_Wat,547.2185618
15,Sample_S19S_0097_Wat,547.2548518
7,Sample_S19S_0097_Wat,549.0887119
11,Sample_S19S_0097_Wat,549.1250923
18,Sample_S19S_0097_Wat,549.1614413
35,Sample_S19S_0097_Wat,549.1977663
13,Sample_S19S_0097_Wat,549.2340464
5,Sample_S19S_0097_Wat,551.0679996
12,Sample_S19S_0097_Wat,551.10435
23,Sample_S19S_0097_Wat,551.140683
14,Sample_S19S_0097_Wat,551.1689448
24,Sample_S19S_0097_Wat,551.1769906
10,Sample_S19S_0097_Wat,551.2052511
13,Sample_S19S_0097_Wat,551.2133063
3,Sample_S19S_0097_Wat,553.0836572
12,Sample_S19S_0097_Wat,553.1199748
3,Sample_S19S_0097_Wat,553.1483118
43,Sample_S19S_0097_Wat,553.1562956
19,Sample_S19S_0097_Wat,553.1925971
3,Sample_S19S_0097_Wat,555.0993123
6,Sample_S19S_0097_Wat,555.1356619
1,Sample_S19S_0097_Wat,555.1639967
14,Sample_S19S_0097_Wat,555.1720029
20,Sample_S19S_0097_Wat,555.2082923
6,Sample_S19S_0097_Wat,555.2365023
1,Sample_S19S_0097_Wat,556.1749807
16,Sample_S19S_0097_Wat,557.0937315
9,Sample_S19S_0097_Wat,557.1149049
3,Sample_S19S_0097_Wat,557.1513467
1,Sample_S19S_0097_Wat,557.1797008
3,Sample_S19S_0097_Wat,557.1877224
7,Sample_S19S_0097_Wat,557.2029722
8,Sample_S19S_0097_Wat,559.1092427
23,Sample_S19S_0097_Wat,559.1456819
20,Sample_S19S_0097_Wat,559.2185569
10,Sample_S19S_0097_Wat,561.0885432
4,Sample_S19S_0097_Wat,561.1248442
4,Sample_S19S_0097_Wat,561.1611805
10,Sample_S19S_0097_Wat,561.1743368
2,Sample_S19S_0097_Wat,561.1975534
3,Sample_S19S_0097_Wat,561.2339983
6,Sample_S19S_0097_Wat,563.1043787
8,Sample_S19S_0097_Wat,563.140767
6,Sample_S19S_0097_Wat,563.1771352
24,Sample_S19S_0097_Wat,563.2134586
16,Sample_S19S_0097_Wat,563.2497644
8,Sample_S19S_0097_Wat,564.1357791
6,Sample_S19S_0097_Wat,565.0833841
2,Sample_S19S_0097_Wat,565.1561141
5,Sample_S19S_0097_Wat,565.2208348
14,Sample_S19S_0097_Wat,565.2290122
8,Sample_S19S_0097_Wat,567.0992538
7,Sample_S19S_0097_Wat,567.1356587
15,Sample_S19S_0097_Wat,567.2083955
9,Sample_S19S_0097_Wat,567.2366591
14,Sample_S19S_0097_Wat,567.2446704
12,Sample_S19S_0097_Wat,568.1671174
14,Sample_S19S_0097_Wat,569.1147778
5,Sample_S19S_0097_Wat,569.1510794
9,Sample_S19S_0097_Wat,569.17943
2,Sample_S19S_0097_Wat,569.1874013
1,Sample_S19S_0097_Wat,569.2157305
20,Sample_S19S_0097_Wat,571.1303995
25,Sample_S19S_0097_Wat,571.1457131
5,Sample_S19S_0097_Wat,571.1588445
17,Sample_S19S_0097_Wat,571.1668216
24,Sample_S19S_0097_Wat,571.1821369
10,Sample_S19S_0097_Wat,571.1952621
14,Sample_S19S_0097_Wat,571.2032768
9,Sample_S19S_0097_Wat,571.2185728
14,Sample_S19S_0097_Wat,573.0886509
10,Sample_S19S_0097_Wat,573.1250609
9,Sample_S19S_0097_Wat,573.1615077
6,Sample_S19S_0097_Wat,573.1978706
4,Sample_S19S_0097_Wat,573.2342462
4,Sample_S19S_0097_Wat,575.1043617
7,Sample_S19S_0097_Wat,575.1407714
26,Sample_S19S_0097_Wat,575.1770756
29,Sample_S19S_0097_Wat,575.213398
13,Sample_S19S_0097_Wat,575.2497017
38,Sample_S19S_0097_Wat,577.1563035
24,Sample_S19S_0097_Wat,577.1926143
5,Sample_S19S_0097_Wat,577.228924
1,Sample_S19S_0097_Wat,577.2651743
21,Sample_S19S_0097_Wat,579.1355972
34,Sample_S19S_0097_Wat,579.1719274
17,Sample_S19S_0097_Wat,579.2082488
1,Sample_S19S_0097_Wat,579.2445526
15,Sample_S19S_0097_Wat,581.1148894
34,Sample_S19S_0097_Wat,581.1512226
22,Sample_S19S_0097_Wat,581.1875335
18,Sample_S19S_0097_Wat,581.2238624
6,Sample_S19S_0097_Wat,583.1306046
13,Sample_S19S_0097_Wat,583.1669172
7,Sample_S19S_0097_Wat,583.1952442
16,Sample_S19S_0097_Wat,583.2032587
8,Sample_S19S_0097_Wat,585.1615059
7,Sample_S19S_0097_Wat,585.197889
4,Sample_S19S_0097_Wat,585.2190128
11,Sample_S19S_0097_Wat,587.1405809
27,Sample_S19S_0097_Wat,587.1770783
18,Sample_S19S_0097_Wat,587.2134744
6,Sample_S19S_0097_Wat,587.2265632
3,Sample_S19S_0097_Wat,591.135742
11,Sample_S19S_0097_Wat,591.1720289
12,Sample_S19S_0097_Wat,591.2083514
8,Sample_S19S_0097_Wat,593.1511079
26,Sample_S19S_0097_Wat,593.1875846
16,Sample_S19S_0097_Wat,593.2240288
1,Sample_S19S_0097_Wat,594.1906307
17,Sample_S19S_0097_Wat,595.130396
15,Sample_S19S_0097_Wat,595.1667494
12,Sample_S19S_0097_Wat,597.1460191
25,Sample_S19S_0097_Wat,597.1824999
24,Sample_S19S_0097_Wat,597.2188862
5,Sample_S19S_0097_Wat,597.2472943
14,Sample_S19S_0097_Wat,599.1618335
9,Sample_S19S_0097_Wat,599.2263731
1,Sample_S19S_0097_Wat,601.1560091
1,Sample_S19S_0097_Wat,601.1922438
2,Sample_S19S_0097_Wat,601.2058462
11,Sample_S19S_0097_Wat,603.135473
23,Sample_S19S_0097_Wat,603.1719444
16,Sample_S19S_0097_Wat,603.2083804
2,Sample_S19S_0097_Wat,605.1513953
11,Sample_S19S_0097_Wat,605.1877226
6,Sample_S19S_0097_Wat,605.2159215
6,Sample_S19S_0097_Wat,605.2240726
22,Sample_S19S_0097_Wat,607.1304892
26,Sample_S19S_0097_Wat,607.1667845
2,Sample_S19S_0097_Wat,607.2030678
13,Sample_S19S_0097_Wat,609.1096597
2,Sample_S19S_0097_Wat,609.1459321
1,Sample_S19S_0097_Wat,609.1822447
2,Sample_S19S_0097_Wat,611.1898292
1,Sample_S19S_0097_Wat,611.1978745
3,Sample_S19S_0097_Wat,613.2054697
1,Sample_S19S_0097_Wat,615.208139
1,Sample_S19S_0097_Wat,619.1666544
2,Sample_S19S_0097_Wat,619.2029535
12,Sample_S19S_0097_Wat,621.1461897
16,Sample_S19S_0097_Wat,621.218773
1,Sample_S19S_0097_Wat,623.1255649
1,Sample_S19S_0097_Wat,623.162005
2,Sample_S19S_0097_Wat,623.1983716
1,Sample_S19S_0097_Wat,623.2347542
15,Sample_S19S_0097_Wat,631.1667917
14,Sample_S19S_0097_Wat,631.2031269
1,Sample_S19S_0097_Wat,633.2185891
15,Sample_S19S_0097_Wat,635.1617901
8,Sample_S19S_0097_Wat,635.1982777
5,Sample_S19S_0097_Wat,635.2346553
1,Sample_S19S_0097_Wat,637.1771558
1,Sample_S19S_0097_Wat,649.2133728
15,Sample_S19S_0097_Wat,661.2138611
