num.trans.involved.in,sample,peak
30,Sample_S19S_0064_Wat,201.0404313
29,Sample_S19S_0064_Wat,201.0768122
22,Sample_S19S_0064_Wat,201.1131969
11,Sample_S19S_0064_Wat,203.0924536
24,Sample_S19S_0064_Wat,205.0142188
6,Sample_S19S_0064_Wat,205.1597578
36,Sample_S19S_0064_Wat,207.0298709
35,Sample_S19S_0064_Wat,207.066249
16,Sample_S19S_0064_Wat,209.0091207
33,Sample_S19S_0064_Wat,209.0455114
33,Sample_S19S_0064_Wat,209.0818981
51,Sample_S19S_0064_Wat,211.0247874
50,Sample_S19S_0064_Wat,211.0611736
31,Sample_S19S_0064_Wat,211.097555
29,Sample_S19S_0064_Wat,213.0404285
44,Sample_S19S_0064_Wat,213.0768216
25,Sample_S19S_0064_Wat,213.1132092
33,Sample_S19S_0064_Wat,215.0560786
38,Sample_S19S_0064_Wat,215.0924726
17,Sample_S19S_0064_Wat,215.1288446
35,Sample_S19S_0064_Wat,217.0717431
38,Sample_S19S_0064_Wat,219.0298823
21,Sample_S19S_0064_Wat,221.0091259
38,Sample_S19S_0064_Wat,221.0455191
18,Sample_S19S_0064_Wat,221.0818912
3,Sample_S19S_0064_Wat,222.0407486
49,Sample_S19S_0064_Wat,223.0247931
14,Sample_S19S_0064_Wat,223.0611523
42,Sample_S19S_0064_Wat,223.0975605
19,Sample_S19S_0064_Wat,224.0564233
12,Sample_S19S_0064_Wat,225.0040321
74,Sample_S19S_0064_Wat,225.0404494
52,Sample_S19S_0064_Wat,225.0768195
34,Sample_S19S_0064_Wat,227.056079
47,Sample_S19S_0064_Wat,227.092466
29,Sample_S19S_0064_Wat,227.1288722
41,Sample_S19S_0064_Wat,229.0353497
43,Sample_S19S_0064_Wat,229.0717413
31,Sample_S19S_0064_Wat,229.1081151
20,Sample_S19S_0064_Wat,229.14452
37,Sample_S19S_0064_Wat,231.051012
42,Sample_S19S_0064_Wat,231.0873835
39,Sample_S19S_0064_Wat,233.0091463
42,Sample_S19S_0064_Wat,233.0455307
9,Sample_S19S_0064_Wat,233.1546845
45,Sample_S19S_0064_Wat,235.0247912
55,Sample_S19S_0064_Wat,235.0611873
40,Sample_S19S_0064_Wat,235.0975749
38,Sample_S19S_0064_Wat,236.0564412
51,Sample_S19S_0064_Wat,237.0404421
61,Sample_S19S_0064_Wat,237.0768351
41,Sample_S19S_0064_Wat,237.1132227
9,Sample_S19S_0064_Wat,238.0356696
20,Sample_S19S_0064_Wat,238.0720655
67,Sample_S19S_0064_Wat,239.0197221
92,Sample_S19S_0064_Wat,239.0561117
8,Sample_S19S_0064_Wat,239.0673352
91,Sample_S19S_0064_Wat,239.092497
44,Sample_S19S_0064_Wat,239.1288753
26,Sample_S19S_0064_Wat,240.0513448
75,Sample_S19S_0064_Wat,241.03537
48,Sample_S19S_0064_Wat,241.0717422
31,Sample_S19S_0064_Wat,241.1081087
21,Sample_S19S_0064_Wat,241.1445007
44,Sample_S19S_0064_Wat,242.0670034
15,Sample_S19S_0064_Wat,242.139775
5,Sample_S19S_0064_Wat,242.1761465
76,Sample_S19S_0064_Wat,243.0510224
42,Sample_S19S_0064_Wat,243.0873816
19,Sample_S19S_0064_Wat,243.1237626
17,Sample_S19S_0064_Wat,243.1601665
69,Sample_S19S_0064_Wat,245.0455587
7,Sample_S19S_0064_Wat,245.0489119
78,Sample_S19S_0064_Wat,245.0666847
49,Sample_S19S_0064_Wat,245.0819342
64,Sample_S19S_0064_Wat,245.1030642
45,Sample_S19S_0064_Wat,247.024801
64,Sample_S19S_0064_Wat,247.0612011
68,Sample_S19S_0064_Wat,247.0975945
41,Sample_S19S_0064_Wat,249.0040636
77,Sample_S19S_0064_Wat,249.0404675
83,Sample_S19S_0064_Wat,249.0768527
35,Sample_S19S_0064_Wat,249.1132224
75,Sample_S19S_0064_Wat,251.0197332
70,Sample_S19S_0064_Wat,251.0560986
107,Sample_S19S_0064_Wat,251.0925063
44,Sample_S19S_0064_Wat,251.1289035
39,Sample_S19S_0064_Wat,252.0513612
37,Sample_S19S_0064_Wat,252.0877348
50,Sample_S19S_0064_Wat,252.9989785
99,Sample_S19S_0064_Wat,253.0353983
115,Sample_S19S_0064_Wat,253.0717756
42,Sample_S19S_0064_Wat,253.1081345
42,Sample_S19S_0064_Wat,253.1445337
34,Sample_S19S_0064_Wat,254.0670222
59,Sample_S19S_0064_Wat,255.0146298
98,Sample_S19S_0064_Wat,255.0510433
110,Sample_S19S_0064_Wat,255.0874163
42,Sample_S19S_0064_Wat,255.1237776
39,Sample_S19S_0064_Wat,256.0826837
77,Sample_S19S_0064_Wat,257.030304
15,Sample_S19S_0064_Wat,257.048925
96,Sample_S19S_0064_Wat,257.0666765
66,Sample_S19S_0064_Wat,257.1030521
45,Sample_S19S_0064_Wat,257.1394516
54,Sample_S19S_0064_Wat,259.0248281
82,Sample_S19S_0064_Wat,259.0459547
63,Sample_S19S_0064_Wat,259.0612028
85,Sample_S19S_0064_Wat,259.0823405
53,Sample_S19S_0064_Wat,259.0975861
61,Sample_S19S_0064_Wat,259.1187072
59,Sample_S19S_0064_Wat,261.040468
64,Sample_S19S_0064_Wat,261.061588
87,Sample_S19S_0064_Wat,261.0768598
48,Sample_S19S_0064_Wat,261.0980071
58,Sample_S19S_0064_Wat,261.1132477
47,Sample_S19S_0064_Wat,263.019721
86,Sample_S19S_0064_Wat,263.0561329
47,Sample_S19S_0064_Wat,263.0924815
41,Sample_S19S_0064_Wat,263.128908
41,Sample_S19S_0064_Wat,264.0513612
86,Sample_S19S_0064_Wat,265.0353938
85,Sample_S19S_0064_Wat,265.0717855
96,Sample_S19S_0064_Wat,265.1081545
1,Sample_S19S_0064_Wat,265.1479151
37,Sample_S19S_0064_Wat,266.0306266
51,Sample_S19S_0064_Wat,266.0670361
73,Sample_S19S_0064_Wat,267.0146829
113,Sample_S19S_0064_Wat,267.0510336
101,Sample_S19S_0064_Wat,267.0874299
86,Sample_S19S_0064_Wat,267.123805
38,Sample_S19S_0064_Wat,267.1601848
51,Sample_S19S_0064_Wat,268.0462977
51,Sample_S19S_0064_Wat,268.08266
78,Sample_S19S_0064_Wat,269.0303205
115,Sample_S19S_0064_Wat,269.0666802
99,Sample_S19S_0064_Wat,269.1030627
51,Sample_S19S_0064_Wat,269.1394657
46,Sample_S19S_0064_Wat,270.0619439
47,Sample_S19S_0064_Wat,270.0983057
75,Sample_S19S_0064_Wat,271.0459737
16,Sample_S19S_0064_Wat,271.0645721
93,Sample_S19S_0064_Wat,271.0823212
80,Sample_S19S_0064_Wat,271.118718
22,Sample_S19S_0064_Wat,271.1551343
41,Sample_S19S_0064_Wat,272.0775888
60,Sample_S19S_0064_Wat,273.040478
74,Sample_S19S_0064_Wat,273.061591
75,Sample_S19S_0064_Wat,273.0768603
77,Sample_S19S_0064_Wat,273.0979879
31,Sample_S19S_0064_Wat,273.1343844
31,Sample_S19S_0064_Wat,274.0357454
32,Sample_S19S_0064_Wat,274.0932637
64,Sample_S19S_0064_Wat,275.0197425
71,Sample_S19S_0064_Wat,275.0561155
7,Sample_S19S_0064_Wat,275.0673647
76,Sample_S19S_0064_Wat,275.0772487
77,Sample_S19S_0064_Wat,275.0925149
65,Sample_S19S_0064_Wat,275.1136274
50,Sample_S19S_0064_Wat,275.1288873
30,Sample_S19S_0064_Wat,276.0513913
89,Sample_S19S_0064_Wat,277.0354157
85,Sample_S19S_0064_Wat,277.0717892
86,Sample_S19S_0064_Wat,277.1081544
54,Sample_S19S_0064_Wat,277.1445377
29,Sample_S19S_0064_Wat,278.0306345
44,Sample_S19S_0064_Wat,278.0670289
47,Sample_S19S_0064_Wat,279.0146331
96,Sample_S19S_0064_Wat,279.0510516
59,Sample_S19S_0064_Wat,279.0874539
59,Sample_S19S_0064_Wat,279.1238221
38,Sample_S19S_0064_Wat,279.160186
48,Sample_S19S_0064_Wat,280.0463018
54,Sample_S19S_0064_Wat,280.0826921
85,Sample_S19S_0064_Wat,281.0303339
114,Sample_S19S_0064_Wat,281.0666829
21,Sample_S19S_0064_Wat,281.0779309
67,Sample_S19S_0064_Wat,281.1030502
71,Sample_S19S_0064_Wat,281.1394597
37,Sample_S19S_0064_Wat,282.0983548
69,Sample_S19S_0064_Wat,283.0095898
108,Sample_S19S_0064_Wat,283.0459554
79,Sample_S19S_0064_Wat,283.0823169
106,Sample_S19S_0064_Wat,283.118715
34,Sample_S19S_0064_Wat,283.1551309
40,Sample_S19S_0064_Wat,284.0412345
52,Sample_S19S_0064_Wat,284.0776208
72,Sample_S19S_0064_Wat,285.025228
47,Sample_S19S_0064_Wat,285.0404866
78,Sample_S19S_0064_Wat,285.0616357
13,Sample_S19S_0064_Wat,285.0802217
38,Sample_S19S_0064_Wat,285.0980306
8,Sample_S19S_0064_Wat,285.1262347
54,Sample_S19S_0064_Wat,285.1343948
35,Sample_S19S_0064_Wat,285.17075
36,Sample_S19S_0064_Wat,286.0568589
42,Sample_S19S_0064_Wat,286.0932539
55,Sample_S19S_0064_Wat,287.0197477
64,Sample_S19S_0064_Wat,287.0408776
63,Sample_S19S_0064_Wat,287.0561351
87,Sample_S19S_0064_Wat,287.0772537
61,Sample_S19S_0064_Wat,287.0925228
81,Sample_S19S_0064_Wat,287.1136282
52,Sample_S19S_0064_Wat,287.150015
73,Sample_S19S_0064_Wat,289.0354029
69,Sample_S19S_0064_Wat,289.0565242
91,Sample_S19S_0064_Wat,289.0717704
10,Sample_S19S_0064_Wat,289.0830287
69,Sample_S19S_0064_Wat,289.0929075
65,Sample_S19S_0064_Wat,289.1081489
17,Sample_S19S_0064_Wat,290.0669883
4,Sample_S19S_0064_Wat,290.1245994
61,Sample_S19S_0064_Wat,291.0146759
89,Sample_S19S_0064_Wat,291.0510416
80,Sample_S19S_0064_Wat,291.0874132
66,Sample_S19S_0064_Wat,291.1237966
32,Sample_S19S_0064_Wat,292.0462633
1,Sample_S19S_0064_Wat,292.2129776
83,Sample_S19S_0064_Wat,293.0303357
89,Sample_S19S_0064_Wat,293.0667099
19,Sample_S19S_0064_Wat,293.0779374
102,Sample_S19S_0064_Wat,293.1030793
77,Sample_S19S_0064_Wat,293.1394564
12,Sample_S19S_0064_Wat,293.1757942
2,Sample_S19S_0064_Wat,293.179192
43,Sample_S19S_0064_Wat,294.0619153
47,Sample_S19S_0064_Wat,294.098304
51,Sample_S19S_0064_Wat,295.0095496
88,Sample_S19S_0064_Wat,295.0459444
116,Sample_S19S_0064_Wat,295.0823376
9,Sample_S19S_0064_Wat,295.093638
117,Sample_S19S_0064_Wat,295.1187213
54,Sample_S19S_0064_Wat,295.1550986
33,Sample_S19S_0064_Wat,296.0411763
47,Sample_S19S_0064_Wat,296.0775656
80,Sample_S19S_0064_Wat,297.025237
95,Sample_S19S_0064_Wat,297.0616262
68,Sample_S19S_0064_Wat,297.0980154
42,Sample_S19S_0064_Wat,297.1344063
2,Sample_S19S_0064_Wat,297.1529844
19,Sample_S19S_0064_Wat,297.1707937
57,Sample_S19S_0064_Wat,298.0568737
52,Sample_S19S_0064_Wat,298.0932671
31,Sample_S19S_0064_Wat,298.1296449
71,Sample_S19S_0064_Wat,299.0408894
57,Sample_S19S_0064_Wat,299.05613
99,Sample_S19S_0064_Wat,299.0772616
7,Sample_S19S_0064_Wat,299.0958611
83,Sample_S19S_0064_Wat,299.1136455
67,Sample_S19S_0064_Wat,299.1500243
50,Sample_S19S_0064_Wat,300.0725
41,Sample_S19S_0064_Wat,300.1089049
24,Sample_S19S_0064_Wat,300.9989926
60,Sample_S19S_0064_Wat,301.0353903
69,Sample_S19S_0064_Wat,301.0565488
47,Sample_S19S_0064_Wat,301.071792
63,Sample_S19S_0064_Wat,301.092932
32,Sample_S19S_0064_Wat,301.1081829
50,Sample_S19S_0064_Wat,301.129318
33,Sample_S19S_0064_Wat,301.1656955
20,Sample_S19S_0064_Wat,302.0306578
22,Sample_S19S_0064_Wat,302.1245742
52,Sample_S19S_0064_Wat,303.0146906
52,Sample_S19S_0064_Wat,303.0357821
73,Sample_S19S_0064_Wat,303.0510433
76,Sample_S19S_0064_Wat,303.0721573
70,Sample_S19S_0064_Wat,303.0874395
19,Sample_S19S_0064_Wat,303.0907893
81,Sample_S19S_0064_Wat,303.1085414
54,Sample_S19S_0064_Wat,303.1238249
54,Sample_S19S_0064_Wat,303.1449308
36,Sample_S19S_0064_Wat,304.0462877
44,Sample_S19S_0064_Wat,304.0826613
26,Sample_S19S_0064_Wat,304.1038383
6,Sample_S19S_0064_Wat,304.1402446
84,Sample_S19S_0064_Wat,305.0303157
95,Sample_S19S_0064_Wat,305.0666877
15,Sample_S19S_0064_Wat,305.0700613
8,Sample_S19S_0064_Wat,305.0779953
42,Sample_S19S_0064_Wat,305.087829
83,Sample_S19S_0064_Wat,305.1030852
58,Sample_S19S_0064_Wat,305.1394662
52,Sample_S19S_0064_Wat,306.0983427
45,Sample_S19S_0064_Wat,307.0095853
99,Sample_S19S_0064_Wat,307.0459779
9,Sample_S19S_0064_Wat,307.0572343
67,Sample_S19S_0064_Wat,307.0823737
17,Sample_S19S_0064_Wat,307.0936059
46,Sample_S19S_0064_Wat,307.1187572
34,Sample_S19S_0064_Wat,307.1551342
59,Sample_S19S_0064_Wat,308.0412303
59,Sample_S19S_0064_Wat,308.0775973
49,Sample_S19S_0064_Wat,308.1139545
82,Sample_S19S_0064_Wat,309.0252469
116,Sample_S19S_0064_Wat,309.0616036
16,Sample_S19S_0064_Wat,309.0728691
108,Sample_S19S_0064_Wat,309.0979773
8,Sample_S19S_0064_Wat,309.1092661
87,Sample_S19S_0064_Wat,309.1343649
38,Sample_S19S_0064_Wat,309.1707647
2,Sample_S19S_0064_Wat,309.1741269
50,Sample_S19S_0064_Wat,310.0568411
55,Sample_S19S_0064_Wat,310.0932206
50,Sample_S19S_0064_Wat,310.1296176
88,Sample_S19S_0064_Wat,311.0408991
101,Sample_S19S_0064_Wat,311.0772659
20,Sample_S19S_0064_Wat,311.0885065
129,Sample_S19S_0064_Wat,311.1136352
72,Sample_S19S_0064_Wat,311.1500195
34,Sample_S19S_0064_Wat,312.0361043
56,Sample_S19S_0064_Wat,312.0725103
57,Sample_S19S_0064_Wat,313.0201379
35,Sample_S19S_0064_Wat,313.0353909
79,Sample_S19S_0064_Wat,313.0565398
80,Sample_S19S_0064_Wat,313.0929245
23,Sample_S19S_0064_Wat,313.1041391
73,Sample_S19S_0064_Wat,313.1293014
53,Sample_S19S_0064_Wat,314.0517902
61,Sample_S19S_0064_Wat,314.0881771
43,Sample_S19S_0064_Wat,314.1245573
41,Sample_S19S_0064_Wat,315.0146824
64,Sample_S19S_0064_Wat,315.035781
60,Sample_S19S_0064_Wat,315.0510397
23,Sample_S19S_0064_Wat,315.0544106
75,Sample_S19S_0064_Wat,315.0721791
28,Sample_S19S_0064_Wat,315.0873994
62,Sample_S19S_0064_Wat,315.1085755
55,Sample_S19S_0064_Wat,315.1238052
47,Sample_S19S_0064_Wat,315.1449559
50,Sample_S19S_0064_Wat,316.1038062
62,Sample_S19S_0064_Wat,317.0303382
67,Sample_S19S_0064_Wat,317.0514233
79,Sample_S19S_0064_Wat,317.0666936
2,Sample_S19S_0064_Wat,317.0780371
87,Sample_S19S_0064_Wat,317.0878157
55,Sample_S19S_0064_Wat,317.1030588
48,Sample_S19S_0064_Wat,317.124227
58,Sample_S19S_0064_Wat,317.1394552
19,Sample_S19S_0064_Wat,318.0255948
49,Sample_S19S_0064_Wat,318.0619419
17,Sample_S19S_0064_Wat,318.0831173
36,Sample_S19S_0064_Wat,318.0982984
17,Sample_S19S_0064_Wat,318.1194966
42,Sample_S19S_0064_Wat,319.009608
24,Sample_S19S_0064_Wat,319.0460069
78,Sample_S19S_0064_Wat,319.0823624
4,Sample_S19S_0064_Wat,319.0936659
34,Sample_S19S_0064_Wat,319.103481
85,Sample_S19S_0064_Wat,319.1187158
53,Sample_S19S_0064_Wat,319.1551015
45,Sample_S19S_0064_Wat,320.0412195
49,Sample_S19S_0064_Wat,320.0776287
19,Sample_S19S_0064_Wat,320.0987676
15,Sample_S19S_0064_Wat,320.1351354
75,Sample_S19S_0064_Wat,321.0252313
79,Sample_S19S_0064_Wat,321.0616406
45,Sample_S19S_0064_Wat,321.0980285
5,Sample_S19S_0064_Wat,321.1093021
67,Sample_S19S_0064_Wat,321.1343949
37,Sample_S19S_0064_Wat,321.1707672
63,Sample_S19S_0064_Wat,322.0568903
62,Sample_S19S_0064_Wat,322.0932669
52,Sample_S19S_0064_Wat,323.0044879
76,Sample_S19S_0064_Wat,323.0408542
109,Sample_S19S_0064_Wat,323.0772527
23,Sample_S19S_0064_Wat,323.0884973
59,Sample_S19S_0064_Wat,323.1136726
52,Sample_S19S_0064_Wat,323.1500462
28,Sample_S19S_0064_Wat,323.1864241
45,Sample_S19S_0064_Wat,324.0361498
62,Sample_S19S_0064_Wat,324.0725027
55,Sample_S19S_0064_Wat,324.108871
19,Sample_S19S_0064_Wat,325.0201894
91,Sample_S19S_0064_Wat,325.0565425
8,Sample_S19S_0064_Wat,325.0678176
114,Sample_S19S_0064_Wat,325.0928926
24,Sample_S19S_0064_Wat,325.1041654
81,Sample_S19S_0064_Wat,325.1292996
35,Sample_S19S_0064_Wat,325.1657004
1,Sample_S19S_0064_Wat,325.1842438
44,Sample_S19S_0064_Wat,326.0518083
66,Sample_S19S_0064_Wat,326.0881656
50,Sample_S19S_0064_Wat,326.1245662
72,Sample_S19S_0064_Wat,327.035782
45,Sample_S19S_0064_Wat,327.0510536
76,Sample_S19S_0064_Wat,327.0722018
53,Sample_S19S_0064_Wat,327.0874372
77,Sample_S19S_0064_Wat,327.1085831
67,Sample_S19S_0064_Wat,327.1449492
45,Sample_S19S_0064_Wat,328.067419
59,Sample_S19S_0064_Wat,328.1037984
22,Sample_S19S_0064_Wat,328.140231
49,Sample_S19S_0064_Wat,329.0303285
49,Sample_S19S_0064_Wat,329.0514722
28,Sample_S19S_0064_Wat,329.0667319
21,Sample_S19S_0064_Wat,329.0700573
103,Sample_S19S_0064_Wat,329.0878075
51,Sample_S19S_0064_Wat,329.1030905
15,Sample_S19S_0064_Wat,329.1064332
66,Sample_S19S_0064_Wat,329.1242163
13,Sample_S19S_0064_Wat,329.1394079
1,Sample_S19S_0064_Wat,329.152419
19,Sample_S19S_0064_Wat,330.0467323
34,Sample_S19S_0064_Wat,330.0619755
25,Sample_S19S_0064_Wat,330.0831155
47,Sample_S19S_0064_Wat,330.1194763
51,Sample_S19S_0064_Wat,331.0307044
45,Sample_S19S_0064_Wat,331.0459941
61,Sample_S19S_0064_Wat,331.0670688
66,Sample_S19S_0064_Wat,331.0823608
49,Sample_S19S_0064_Wat,331.1034998
73,Sample_S19S_0064_Wat,331.1187275
5,Sample_S19S_0064_Wat,331.122066
23,Sample_S19S_0064_Wat,331.1399002
15,Sample_S19S_0064_Wat,331.155166
54,Sample_S19S_0064_Wat,332.0775831
37,Sample_S19S_0064_Wat,332.0987468
27,Sample_S19S_0064_Wat,333.0252702
42,Sample_S19S_0064_Wat,333.0616512
39,Sample_S19S_0064_Wat,333.08277
83,Sample_S19S_0064_Wat,333.0980074
2,Sample_S19S_0064_Wat,333.109335
11,Sample_S19S_0064_Wat,333.1191757
35,Sample_S19S_0064_Wat,333.1344131
26,Sample_S19S_0064_Wat,333.1707943
59,Sample_S19S_0064_Wat,334.0568812
41,Sample_S19S_0064_Wat,334.0932769
11,Sample_S19S_0064_Wat,334.1144217
42,Sample_S19S_0064_Wat,335.004499
53,Sample_S19S_0064_Wat,335.0409093
89,Sample_S19S_0064_Wat,335.0772597
55,Sample_S19S_0064_Wat,335.1136067
59,Sample_S19S_0064_Wat,335.150042
32,Sample_S19S_0064_Wat,335.1864245
2,Sample_S19S_0064_Wat,335.2358032
24,Sample_S19S_0064_Wat,336.0361684
33,Sample_S19S_0064_Wat,336.0725571
56,Sample_S19S_0064_Wat,336.1089144
63,Sample_S19S_0064_Wat,337.0201415
63,Sample_S19S_0064_Wat,337.0564852
16,Sample_S19S_0064_Wat,337.0677837
14,Sample_S19S_0064_Wat,337.0695448
109,Sample_S19S_0064_Wat,337.0929176
11,Sample_S19S_0064_Wat,337.1041904
102,Sample_S19S_0064_Wat,337.1292866
54,Sample_S19S_0064_Wat,337.1656867
15,Sample_S19S_0064_Wat,338.0518396
72,Sample_S19S_0064_Wat,338.0881798
44,Sample_S19S_0064_Wat,338.1245766
68,Sample_S19S_0064_Wat,339.0357996
111,Sample_S19S_0064_Wat,339.0721726
9,Sample_S19S_0064_Wat,339.0834699
117,Sample_S19S_0064_Wat,339.1085453
24,Sample_S19S_0064_Wat,339.1198231
38,Sample_S19S_0064_Wat,339.1449816
34,Sample_S19S_0064_Wat,339.1813533
20,Sample_S19S_0064_Wat,340.0674792
58,Sample_S19S_0064_Wat,340.1038147
46,Sample_S19S_0064_Wat,340.1401964
53,Sample_S19S_0064_Wat,341.0150623
21,Sample_S19S_0064_Wat,341.0302897
76,Sample_S19S_0064_Wat,341.0514621
32,Sample_S19S_0064_Wat,341.0667303
112,Sample_S19S_0064_Wat,341.0878109
18,Sample_S19S_0064_Wat,341.0990914
21,Sample_S19S_0064_Wat,341.1031062
39,Sample_S19S_0064_Wat,341.12425
17,Sample_S19S_0064_Wat,341.1394885
47,Sample_S19S_0064_Wat,341.1606173
35,Sample_S19S_0064_Wat,342.0467143
59,Sample_S19S_0064_Wat,342.0830768
43,Sample_S19S_0064_Wat,342.1194926
58,Sample_S19S_0064_Wat,343.0307124
45,Sample_S19S_0064_Wat,343.0459579
54,Sample_S19S_0064_Wat,343.067113
18,Sample_S19S_0064_Wat,343.0823925
21,Sample_S19S_0064_Wat,343.0857039
100,Sample_S19S_0064_Wat,343.1034685
39,Sample_S19S_0064_Wat,343.1187422
16,Sample_S19S_0064_Wat,343.1399075
36,Sample_S19S_0064_Wat,343.1762631
16,Sample_S19S_0064_Wat,343.2126496
22,Sample_S19S_0064_Wat,344.0412523
44,Sample_S19S_0064_Wat,344.0623517
45,Sample_S19S_0064_Wat,344.0775907
36,Sample_S19S_0064_Wat,344.0987606
50,Sample_S19S_0064_Wat,345.0252491
52,Sample_S19S_0064_Wat,345.0463327
64,Sample_S19S_0064_Wat,345.0616254
14,Sample_S19S_0064_Wat,345.0649742
54,Sample_S19S_0064_Wat,345.0827674
64,Sample_S19S_0064_Wat,345.0980089
7,Sample_S19S_0064_Wat,345.1013399
51,Sample_S19S_0064_Wat,345.1191373
22,Sample_S19S_0064_Wat,345.1344288
30,Sample_S19S_0064_Wat,345.1555412
43,Sample_S19S_0064_Wat,345.170772
32,Sample_S19S_0064_Wat,346.0569005
29,Sample_S19S_0064_Wat,346.07802
51,Sample_S19S_0064_Wat,346.0932318
39,Sample_S19S_0064_Wat,346.1143644
17,Sample_S19S_0064_Wat,346.1507606
1,Sample_S19S_0064_Wat,346.2154294
70,Sample_S19S_0064_Wat,347.0408756
36,Sample_S19S_0064_Wat,347.0620279
94,Sample_S19S_0064_Wat,347.0772564
2,Sample_S19S_0064_Wat,347.0885951
25,Sample_S19S_0064_Wat,347.0903002
43,Sample_S19S_0064_Wat,347.1136821
15,Sample_S19S_0064_Wat,347.1170036
25,Sample_S19S_0064_Wat,347.1348045
69,Sample_S19S_0064_Wat,347.1500262
10,Sample_S19S_0064_Wat,347.1864695
32,Sample_S19S_0064_Wat,348.0361356
28,Sample_S19S_0064_Wat,348.0725611
58,Sample_S19S_0064_Wat,348.1089104
9,Sample_S19S_0064_Wat,348.1300774
1,Sample_S19S_0064_Wat,348.231087
61,Sample_S19S_0064_Wat,349.0201636
21,Sample_S19S_0064_Wat,349.0564693
80,Sample_S19S_0064_Wat,349.0929209
5,Sample_S19S_0064_Wat,349.1042255
22,Sample_S19S_0064_Wat,349.1059291
84,Sample_S19S_0064_Wat,349.129303
2,Sample_S19S_0064_Wat,349.1325881
63,Sample_S19S_0064_Wat,349.1656793
3,Sample_S19S_0064_Wat,349.1690154
13,Sample_S19S_0064_Wat,349.2021049
17,Sample_S19S_0064_Wat,350.0518357
72,Sample_S19S_0064_Wat,350.0881844
20,Sample_S19S_0064_Wat,350.1245924
69,Sample_S19S_0064_Wat,351.0357871
10,Sample_S19S_0064_Wat,351.0488144
82,Sample_S19S_0064_Wat,351.0721501
50,Sample_S19S_0064_Wat,351.1085115
12,Sample_S19S_0064_Wat,351.1198443
22,Sample_S19S_0064_Wat,351.121581
48,Sample_S19S_0064_Wat,351.1449775
40,Sample_S19S_0064_Wat,351.1813076
28,Sample_S19S_0064_Wat,352.0674721
59,Sample_S19S_0064_Wat,352.1038206
30,Sample_S19S_0064_Wat,352.140233
56,Sample_S19S_0064_Wat,353.0150696
51,Sample_S19S_0064_Wat,353.0514753
111,Sample_S19S_0064_Wat,353.0878166
14,Sample_S19S_0064_Wat,353.0990962
11,Sample_S19S_0064_Wat,353.1008561
79,Sample_S19S_0064_Wat,353.124233
6,Sample_S19S_0064_Wat,353.1354923
47,Sample_S19S_0064_Wat,353.1605629
28,Sample_S19S_0064_Wat,353.1970034
1,Sample_S19S_0064_Wat,353.2003494
47,Sample_S19S_0064_Wat,354.0467104
66,Sample_S19S_0064_Wat,354.0830704
56,Sample_S19S_0064_Wat,354.1194893
45,Sample_S19S_0064_Wat,354.1558443
22,Sample_S19S_0064_Wat,355.0096063
52,Sample_S19S_0064_Wat,355.0306981
33,Sample_S19S_0064_Wat,355.0459559
75,Sample_S19S_0064_Wat,355.0671162
4,Sample_S19S_0064_Wat,355.0784081
102,Sample_S19S_0064_Wat,355.1034699
28,Sample_S19S_0064_Wat,355.1147135
40,Sample_S19S_0064_Wat,355.1187368
23,Sample_S19S_0064_Wat,355.1399086
42,Sample_S19S_0064_Wat,355.1762476
61,Sample_S19S_0064_Wat,356.0623586
28,Sample_S19S_0064_Wat,356.0987693
45,Sample_S19S_0064_Wat,356.1350838
27,Sample_S19S_0064_Wat,356.1715182
56,Sample_S19S_0064_Wat,357.046323
52,Sample_S19S_0064_Wat,357.061636
2,Sample_S19S_0064_Wat,357.0649448
88,Sample_S19S_0064_Wat,357.0827228
46,Sample_S19S_0064_Wat,357.0979761
1,Sample_S19S_0064_Wat,357.1012479
25,Sample_S19S_0064_Wat,357.1110353
96,Sample_S19S_0064_Wat,357.1191097
32,Sample_S19S_0064_Wat,357.134414
65,Sample_S19S_0064_Wat,357.1554992
29,Sample_S19S_0064_Wat,357.191896
44,Sample_S19S_0064_Wat,358.0568909
51,Sample_S19S_0064_Wat,358.077999
44,Sample_S19S_0064_Wat,358.0932734
17,Sample_S19S_0064_Wat,358.1507103
16,Sample_S19S_0064_Wat,359.0409252
57,Sample_S19S_0064_Wat,359.0619959
56,Sample_S19S_0064_Wat,359.077285
22,Sample_S19S_0064_Wat,359.0806207
33,Sample_S19S_0064_Wat,359.0984239
51,Sample_S19S_0064_Wat,359.1347452
64,Sample_S19S_0064_Wat,359.1500213
36,Sample_S19S_0064_Wat,359.1711775
38,Sample_S19S_0064_Wat,360.0361542
30,Sample_S19S_0064_Wat,360.093678
42,Sample_S19S_0064_Wat,360.108919
2,Sample_S19S_0064_Wat,360.1299489
2,Sample_S19S_0064_Wat,360.2391994
48,Sample_S19S_0064_Wat,361.0201475
52,Sample_S19S_0064_Wat,361.056505
16,Sample_S19S_0064_Wat,361.069538
38,Sample_S19S_0064_Wat,361.077621
75,Sample_S19S_0064_Wat,361.0929312
20,Sample_S19S_0064_Wat,361.0962708
44,Sample_S19S_0064_Wat,361.1140532
95,Sample_S19S_0064_Wat,361.1292859
30,Sample_S19S_0064_Wat,361.1423317
47,Sample_S19S_0064_Wat,361.1504109
39,Sample_S19S_0064_Wat,361.1657046
66,Sample_S19S_0064_Wat,362.0881611
15,Sample_S19S_0064_Wat,362.1093336
6,Sample_S19S_0064_Wat,362.1246138
67,Sample_S19S_0064_Wat,363.0357881
50,Sample_S19S_0064_Wat,363.0722122
88,Sample_S19S_0064_Wat,363.108539
19,Sample_S19S_0064_Wat,363.1215932
38,Sample_S19S_0064_Wat,363.1449786
27,Sample_S19S_0064_Wat,363.1812892
7,Sample_S19S_0064_Wat,363.1943423
38,Sample_S19S_0064_Wat,364.0310639
55,Sample_S19S_0064_Wat,364.0674047
16,Sample_S19S_0064_Wat,364.0885367
60,Sample_S19S_0064_Wat,364.1038292
57,Sample_S19S_0064_Wat,364.1401707
1,Sample_S19S_0064_Wat,364.2259804
54,Sample_S19S_0064_Wat,365.015069
25,Sample_S19S_0064_Wat,365.0513776
12,Sample_S19S_0064_Wat,365.0644569
99,Sample_S19S_0064_Wat,365.0878382
8,Sample_S19S_0064_Wat,365.0991282
26,Sample_S19S_0064_Wat,365.1008669
45,Sample_S19S_0064_Wat,365.1241727
17,Sample_S19S_0064_Wat,365.137244
22,Sample_S19S_0064_Wat,365.1606438
35,Sample_S19S_0064_Wat,365.1969623
74,Sample_S19S_0064_Wat,366.0830912
64,Sample_S19S_0064_Wat,366.1194629
57,Sample_S19S_0064_Wat,367.0306865
95,Sample_S19S_0064_Wat,367.0671094
7,Sample_S19S_0064_Wat,367.0784012
113,Sample_S19S_0064_Wat,367.1034613
15,Sample_S19S_0064_Wat,367.1147643
18,Sample_S19S_0064_Wat,367.1165264
13,Sample_S19S_0064_Wat,367.1399195
47,Sample_S19S_0064_Wat,367.1762158
21,Sample_S19S_0064_Wat,368.0623951
78,Sample_S19S_0064_Wat,368.0987097
51,Sample_S19S_0064_Wat,368.1351331
43,Sample_S19S_0064_Wat,368.1714856
16,Sample_S19S_0064_Wat,369.0252119
48,Sample_S19S_0064_Wat,369.0463181
84,Sample_S19S_0064_Wat,369.0827443
24,Sample_S19S_0064_Wat,369.111039
26,Sample_S19S_0064_Wat,369.1190631
61,Sample_S19S_0064_Wat,369.1555194
17,Sample_S19S_0064_Wat,369.1837969
13,Sample_S19S_0064_Wat,369.1918398
57,Sample_S19S_0064_Wat,370.0779692
37,Sample_S19S_0064_Wat,370.1507341
22,Sample_S19S_0064_Wat,371.0255725
38,Sample_S19S_0064_Wat,371.0408802
71,Sample_S19S_0064_Wat,371.0620102
22,Sample_S19S_0064_Wat,371.0902981
42,Sample_S19S_0064_Wat,371.0983408
45,Sample_S19S_0064_Wat,371.1136558
58,Sample_S19S_0064_Wat,371.1347918
52,Sample_S19S_0064_Wat,371.1500297
47,Sample_S19S_0064_Wat,371.171134
32,Sample_S19S_0064_Wat,372.0572277
43,Sample_S19S_0064_Wat,372.0725108
54,Sample_S19S_0064_Wat,372.1300076
34,Sample_S19S_0064_Wat,372.1663973
28,Sample_S19S_0064_Wat,373.0201141
43,Sample_S19S_0064_Wat,373.0412407
60,Sample_S19S_0064_Wat,373.0565482
36,Sample_S19S_0064_Wat,373.0776886
44,Sample_S19S_0064_Wat,373.09294
3,Sample_S19S_0064_Wat,373.0962346
32,Sample_S19S_0064_Wat,373.1059583
58,Sample_S19S_0064_Wat,373.1140108
16,Sample_S19S_0064_Wat,373.1504711
16,Sample_S19S_0064_Wat,373.1657318
6,Sample_S19S_0064_Wat,374.0729636
11,Sample_S19S_0064_Wat,374.1245961
38,Sample_S19S_0064_Wat,374.1456527
22,Sample_S19S_0064_Wat,375.0358416
20,Sample_S19S_0064_Wat,375.0569615
68,Sample_S19S_0064_Wat,375.0721973
18,Sample_S19S_0064_Wat,375.0755416
27,Sample_S19S_0064_Wat,375.0852221
43,Sample_S19S_0064_Wat,375.0932745
2,Sample_S19S_0064_Wat,375.1118457
32,Sample_S19S_0064_Wat,375.1297066
80,Sample_S19S_0064_Wat,375.1449442
30,Sample_S19S_0064_Wat,375.1579842
33,Sample_S19S_0064_Wat,375.1812892
15,Sample_S19S_0064_Wat,375.194367
21,Sample_S19S_0064_Wat,376.031082
51,Sample_S19S_0064_Wat,376.0674564
27,Sample_S19S_0064_Wat,376.1249335
31,Sample_S19S_0064_Wat,377.0150486
73,Sample_S19S_0064_Wat,377.0514538
60,Sample_S19S_0064_Wat,377.0877952
3,Sample_S19S_0064_Wat,377.0911145
17,Sample_S19S_0064_Wat,377.100823
98,Sample_S19S_0064_Wat,377.1241915
26,Sample_S19S_0064_Wat,377.1372608
55,Sample_S19S_0064_Wat,377.1606102
20,Sample_S19S_0064_Wat,377.1735945
21,Sample_S19S_0064_Wat,377.1969233
18,Sample_S19S_0064_Wat,378.0466478
53,Sample_S19S_0064_Wat,378.0831073
72,Sample_S19S_0064_Wat,378.1194361
52,Sample_S19S_0064_Wat,378.1558494
63,Sample_S19S_0064_Wat,379.0307221
27,Sample_S19S_0064_Wat,379.0670295
25,Sample_S19S_0064_Wat,379.0783458
19,Sample_S19S_0064_Wat,379.0800689
111,Sample_S19S_0064_Wat,379.1034645
8,Sample_S19S_0064_Wat,379.1147799
26,Sample_S19S_0064_Wat,379.1165229
96,Sample_S19S_0064_Wat,379.1398402
21,Sample_S19S_0064_Wat,379.1528588
60,Sample_S19S_0064_Wat,379.1762343
71,Sample_S19S_0064_Wat,380.0987084
74,Sample_S19S_0064_Wat,380.1350974
21,Sample_S19S_0064_Wat,380.1715321
66,Sample_S19S_0064_Wat,381.0463502
31,Sample_S19S_0064_Wat,381.0826619
27,Sample_S19S_0064_Wat,381.0939738
103,Sample_S19S_0064_Wat,381.1191186
22,Sample_S19S_0064_Wat,381.1321708
89,Sample_S19S_0064_Wat,381.1555031
35,Sample_S19S_0064_Wat,381.1918695
31,Sample_S19S_0064_Wat,382.0415806
62,Sample_S19S_0064_Wat,382.0779661
72,Sample_S19S_0064_Wat,382.1143936
15,Sample_S19S_0064_Wat,382.1507159
26,Sample_S19S_0064_Wat,383.0255766
6,Sample_S19S_0064_Wat,383.040804
40,Sample_S19S_0064_Wat,383.0619616
102,Sample_S19S_0064_Wat,383.0983806
20,Sample_S19S_0064_Wat,383.1095949
28,Sample_S19S_0064_Wat,383.1266887
31,Sample_S19S_0064_Wat,383.1347075
36,Sample_S19S_0064_Wat,383.1711132
36,Sample_S19S_0064_Wat,383.2075249
31,Sample_S19S_0064_Wat,384.0572385
61,Sample_S19S_0064_Wat,384.0936599
34,Sample_S19S_0064_Wat,384.1664077
15,Sample_S19S_0064_Wat,385.0201172
24,Sample_S19S_0064_Wat,385.0412026
36,Sample_S19S_0064_Wat,385.0564963
82,Sample_S19S_0064_Wat,385.0776412
56,Sample_S19S_0064_Wat,385.0929264
3,Sample_S19S_0064_Wat,385.0961706
36,Sample_S19S_0064_Wat,385.1139909
31,Sample_S19S_0064_Wat,385.1292595
24,Sample_S19S_0064_Wat,385.1423072
36,Sample_S19S_0064_Wat,385.1503825
42,Sample_S19S_0064_Wat,385.1656784
32,Sample_S19S_0064_Wat,385.1868285
4,Sample_S19S_0064_Wat,386.0517072
38,Sample_S19S_0064_Wat,386.0728862
9,Sample_S19S_0064_Wat,386.1012164
52,Sample_S19S_0064_Wat,386.1093009
36,Sample_S19S_0064_Wat,386.1820531
25,Sample_S19S_0064_Wat,387.0205032
51,Sample_S19S_0064_Wat,387.0358113
25,Sample_S19S_0064_Wat,387.0568488
16,Sample_S19S_0064_Wat,387.0721252
17,Sample_S19S_0064_Wat,387.0851909
31,Sample_S19S_0064_Wat,387.0932457
78,Sample_S19S_0064_Wat,387.1085636
84,Sample_S19S_0064_Wat,387.1296791
22,Sample_S19S_0064_Wat,387.1579654
14,Sample_S19S_0064_Wat,387.1659841
26,Sample_S19S_0064_Wat,387.1812925
18,Sample_S19S_0064_Wat,387.19436
4,Sample_S19S_0064_Wat,388.0309868
18,Sample_S19S_0064_Wat,388.0521812
59,Sample_S19S_0064_Wat,388.0674506
6,Sample_S19S_0064_Wat,388.080429
36,Sample_S19S_0064_Wat,388.1037783
48,Sample_S19S_0064_Wat,388.1249219
49,Sample_S19S_0064_Wat,388.1401722
27,Sample_S19S_0064_Wat,389.0150297
27,Sample_S19S_0064_Wat,389.036144
48,Sample_S19S_0064_Wat,389.051417
11,Sample_S19S_0064_Wat,389.0644457
22,Sample_S19S_0064_Wat,389.0724972
76,Sample_S19S_0064_Wat,389.0878118
26,Sample_S19S_0064_Wat,389.1008827
35,Sample_S19S_0064_Wat,389.108981
92,Sample_S19S_0064_Wat,389.1242045
21,Sample_S19S_0064_Wat,389.1372295
16,Sample_S19S_0064_Wat,389.1452618
31,Sample_S19S_0064_Wat,389.1605387
22,Sample_S19S_0064_Wat,389.1736085
38,Sample_S19S_0064_Wat,389.1969883
29,Sample_S19S_0064_Wat,390.0466839
75,Sample_S19S_0064_Wat,390.083092
28,Sample_S19S_0064_Wat,391.0307447
46,Sample_S19S_0064_Wat,391.0670531
46,Sample_S19S_0064_Wat,391.1034381
48,Sample_S19S_0064_Wat,391.1398852
15,Sample_S19S_0064_Wat,391.1528412
38,Sample_S19S_0064_Wat,391.1762035
11,Sample_S19S_0064_Wat,391.1892281
29,Sample_S19S_0064_Wat,391.212612
46,Sample_S19S_0064_Wat,392.06231
10,Sample_S19S_0064_Wat,392.0834684
73,Sample_S19S_0064_Wat,392.098752
22,Sample_S19S_0064_Wat,392.1198706
62,Sample_S19S_0064_Wat,392.1351125
13,Sample_S19S_0064_Wat,393.010021
44,Sample_S19S_0064_Wat,393.0463154
78,Sample_S19S_0064_Wat,393.0827628
89,Sample_S19S_0064_Wat,393.1191285
20,Sample_S19S_0064_Wat,393.1321265
42,Sample_S19S_0064_Wat,393.1554711
17,Sample_S19S_0064_Wat,393.1685262
21,Sample_S19S_0064_Wat,393.1919402
1,Sample_S19S_0064_Wat,393.2776995
30,Sample_S19S_0064_Wat,394.0415806
38,Sample_S19S_0064_Wat,394.078026
46,Sample_S19S_0064_Wat,394.1144108
31,Sample_S19S_0064_Wat,395.0255818
59,Sample_S19S_0064_Wat,395.0619708
53,Sample_S19S_0064_Wat,395.0984243
119,Sample_S19S_0064_Wat,395.1347697
16,Sample_S19S_0064_Wat,395.1477706
47,Sample_S19S_0064_Wat,395.171191
14,Sample_S19S_0064_Wat,395.2075813
64,Sample_S19S_0064_Wat,396.0936653
35,Sample_S19S_0064_Wat,396.13006
57,Sample_S19S_0064_Wat,396.1664019
44,Sample_S19S_0064_Wat,397.0412485
31,Sample_S19S_0064_Wat,397.0565368
31,Sample_S19S_0064_Wat,397.0775828
20,Sample_S19S_0064_Wat,397.1059758
68,Sample_S19S_0064_Wat,397.1140135
88,Sample_S19S_0064_Wat,397.1504225
24,Sample_S19S_0064_Wat,397.1867602
55,Sample_S19S_0064_Wat,398.0729329
61,Sample_S19S_0064_Wat,398.1456531
10,Sample_S19S_0064_Wat,399.0488349
17,Sample_S19S_0064_Wat,399.0568344
31,Sample_S19S_0064_Wat,399.0721389
26,Sample_S19S_0064_Wat,399.085227
68,Sample_S19S_0064_Wat,399.0932727
21,Sample_S19S_0064_Wat,399.1086044
61,Sample_S19S_0064_Wat,399.1296635
37,Sample_S19S_0064_Wat,399.1449193
14,Sample_S19S_0064_Wat,399.1579458
3,Sample_S19S_0064_Wat,399.1659287
16,Sample_S19S_0064_Wat,399.1943775
31,Sample_S19S_0064_Wat,399.2024375
3,Sample_S19S_0064_Wat,400.1167843
34,Sample_S19S_0064_Wat,400.1249077
31,Sample_S19S_0064_Wat,401.0150794
23,Sample_S19S_0064_Wat,401.0362034
56,Sample_S19S_0064_Wat,401.0514549
15,Sample_S19S_0064_Wat,401.0644945
24,Sample_S19S_0064_Wat,401.0725084
62,Sample_S19S_0064_Wat,401.0878209
54,Sample_S19S_0064_Wat,401.1089631
66,Sample_S19S_0064_Wat,401.1453284
60,Sample_S19S_0064_Wat,401.1605804
18,Sample_S19S_0064_Wat,401.1736033
15,Sample_S19S_0064_Wat,401.1816514
18,Sample_S19S_0064_Wat,401.1969344
20,Sample_S19S_0064_Wat,401.2100146
26,Sample_S19S_0064_Wat,402.0466811
13,Sample_S19S_0064_Wat,402.0831391
9,Sample_S19S_0064_Wat,402.0961225
3,Sample_S19S_0064_Wat,402.1042761
8,Sample_S19S_0064_Wat,402.1195259
2,Sample_S19S_0064_Wat,402.1324119
28,Sample_S19S_0064_Wat,402.1405573
10,Sample_S19S_0064_Wat,403.0305846
5,Sample_S19S_0064_Wat,403.0437271
17,Sample_S19S_0064_Wat,403.0517845
73,Sample_S19S_0064_Wat,403.0671122
56,Sample_S19S_0064_Wat,403.0881974
64,Sample_S19S_0064_Wat,403.1034476
1,Sample_S19S_0064_Wat,403.1066431
22,Sample_S19S_0064_Wat,403.1164656
17,Sample_S19S_0064_Wat,403.1245163
85,Sample_S19S_0064_Wat,403.1398463
27,Sample_S19S_0064_Wat,403.1529106
26,Sample_S19S_0064_Wat,403.1609357
31,Sample_S19S_0064_Wat,403.1762826
27,Sample_S19S_0064_Wat,403.2126282
65,Sample_S19S_0064_Wat,404.0623618
27,Sample_S19S_0064_Wat,404.0834492
69,Sample_S19S_0064_Wat,404.1351085
15,Sample_S19S_0064_Wat,404.1926065
64,Sample_S19S_0064_Wat,405.0463718
46,Sample_S19S_0064_Wat,405.0827082
30,Sample_S19S_0064_Wat,405.1190623
28,Sample_S19S_0064_Wat,405.1321292
48,Sample_S19S_0064_Wat,405.1555362
25,Sample_S19S_0064_Wat,405.1685606
39,Sample_S19S_0064_Wat,405.1918632
4,Sample_S19S_0064_Wat,405.2048711
7,Sample_S19S_0064_Wat,406.0990792
73,Sample_S19S_0064_Wat,406.1143545
19,Sample_S19S_0064_Wat,407.0255705
63,Sample_S19S_0064_Wat,407.0620299
95,Sample_S19S_0064_Wat,407.0983755
16,Sample_S19S_0064_Wat,407.1113661
82,Sample_S19S_0064_Wat,407.1347505
20,Sample_S19S_0064_Wat,407.1477958
11,Sample_S19S_0064_Wat,407.1712237
19,Sample_S19S_0064_Wat,407.2075913
70,Sample_S19S_0064_Wat,408.0936661
82,Sample_S19S_0064_Wat,408.1300077
28,Sample_S19S_0064_Wat,409.0412228
27,Sample_S19S_0064_Wat,409.07757
16,Sample_S19S_0064_Wat,409.0889394
90,Sample_S19S_0064_Wat,409.1140221
92,Sample_S19S_0064_Wat,409.1504235
8,Sample_S19S_0064_Wat,409.1633923
11,Sample_S19S_0064_Wat,409.1787026
18,Sample_S19S_0064_Wat,409.1867344
32,Sample_S19S_0064_Wat,409.2231724
60,Sample_S19S_0064_Wat,410.0729191
18,Sample_S19S_0064_Wat,410.1092388
58,Sample_S19S_0064_Wat,410.1456867
23,Sample_S19S_0064_Wat,411.0568579
75,Sample_S19S_0064_Wat,411.0933142
82,Sample_S19S_0064_Wat,411.1296933
31,Sample_S19S_0064_Wat,411.1579879
46,Sample_S19S_0064_Wat,411.1660419
6,Sample_S19S_0064_Wat,411.2022993
22,Sample_S19S_0064_Wat,412.0521769
40,Sample_S19S_0064_Wat,412.0885256
57,Sample_S19S_0064_Wat,412.1249118
14,Sample_S19S_0064_Wat,413.0150329
27,Sample_S19S_0064_Wat,413.0361429
4,Sample_S19S_0064_Wat,413.0513424
9,Sample_S19S_0064_Wat,413.072442
26,Sample_S19S_0064_Wat,413.1008794
79,Sample_S19S_0064_Wat,413.1089345
18,Sample_S19S_0064_Wat,413.1372735
25,Sample_S19S_0064_Wat,413.1452768
5,Sample_S19S_0064_Wat,413.1605228
21,Sample_S19S_0064_Wat,413.1736056
13,Sample_S19S_0064_Wat,413.1816156
15,Sample_S19S_0064_Wat,413.2100122
20,Sample_S19S_0064_Wat,415.0306688
23,Sample_S19S_0064_Wat,415.0518724
6,Sample_S19S_0064_Wat,415.0671726
10,Sample_S19S_0064_Wat,415.080159
56,Sample_S19S_0064_Wat,415.0881916
56,Sample_S19S_0064_Wat,415.1034568
19,Sample_S19S_0064_Wat,415.1164835
33,Sample_S19S_0064_Wat,415.1245406
22,Sample_S19S_0064_Wat,415.1529316
56,Sample_S19S_0064_Wat,415.1609859
9,Sample_S19S_0064_Wat,415.1763155
26,Sample_S19S_0064_Wat,415.1973464
33,Sample_S19S_0064_Wat,416.0623295
36,Sample_S19S_0064_Wat,417.0463346
9,Sample_S19S_0064_Wat,417.0593749
19,Sample_S19S_0064_Wat,417.0674105
23,Sample_S19S_0064_Wat,417.0826722
18,Sample_S19S_0064_Wat,417.0957124
20,Sample_S19S_0064_Wat,417.1037889
75,Sample_S19S_0064_Wat,417.1191101
36,Sample_S19S_0064_Wat,417.1321667
38,Sample_S19S_0064_Wat,417.1402188
69,Sample_S19S_0064_Wat,417.1555165
36,Sample_S19S_0064_Wat,417.1685514
13,Sample_S19S_0064_Wat,417.1765666
4,Sample_S19S_0064_Wat,417.2048604
7,Sample_S19S_0064_Wat,417.2281724
48,Sample_S19S_0064_Wat,418.0779721
17,Sample_S19S_0064_Wat,418.1144292
27,Sample_S19S_0064_Wat,419.0256123
37,Sample_S19S_0064_Wat,419.0619721
6,Sample_S19S_0064_Wat,419.0829959
14,Sample_S19S_0064_Wat,419.0982983
8,Sample_S19S_0064_Wat,419.1113471
90,Sample_S19S_0064_Wat,419.1347745
22,Sample_S19S_0064_Wat,419.1478319
43,Sample_S19S_0064_Wat,419.1711927
25,Sample_S19S_0064_Wat,419.1842051
40,Sample_S19S_0064_Wat,419.207525
41,Sample_S19S_0064_Wat,420.0572817
43,Sample_S19S_0064_Wat,421.0412704
21,Sample_S19S_0064_Wat,421.0777047
17,Sample_S19S_0064_Wat,421.0906648
98,Sample_S19S_0064_Wat,421.1140346
17,Sample_S19S_0064_Wat,421.1270174
83,Sample_S19S_0064_Wat,421.1504292
1,Sample_S19S_0064_Wat,421.1552081
21,Sample_S19S_0064_Wat,421.1634511
22,Sample_S19S_0064_Wat,421.1868654
4,Sample_S19S_0064_Wat,421.2232692
2,Sample_S19S_0064_Wat,421.2265386
51,Sample_S19S_0064_Wat,422.0728802
32,Sample_S19S_0064_Wat,422.1093338
20,Sample_S19S_0064_Wat,423.0205894
49,Sample_S19S_0064_Wat,423.0569089
30,Sample_S19S_0064_Wat,423.093231
7,Sample_S19S_0064_Wat,423.1046157
105,Sample_S19S_0064_Wat,423.1296813
12,Sample_S19S_0064_Wat,423.1426961
33,Sample_S19S_0064_Wat,423.1661225
45,Sample_S19S_0064_Wat,423.2024382
16,Sample_S19S_0064_Wat,424.0522173
1,Sample_S19S_0064_Wat,424.0886497
39,Sample_S19S_0064_Wat,424.1249783
44,Sample_S19S_0064_Wat,425.0361852
18,Sample_S19S_0064_Wat,425.0724714
16,Sample_S19S_0064_Wat,425.1008972
52,Sample_S19S_0064_Wat,425.1089252
19,Sample_S19S_0064_Wat,425.1453873
44,Sample_S19S_0064_Wat,425.1816982
11,Sample_S19S_0064_Wat,425.2100538
1,Sample_S19S_0064_Wat,425.2178813
63,Sample_S19S_0064_Wat,426.1405881
55,Sample_S19S_0064_Wat,426.1769689
11,Sample_S19S_0064_Wat,427.0307487
20,Sample_S19S_0064_Wat,427.0518808
10,Sample_S19S_0064_Wat,427.0801714
41,Sample_S19S_0064_Wat,427.088175
19,Sample_S19S_0064_Wat,427.1165345
74,Sample_S19S_0064_Wat,427.1245871
4,Sample_S19S_0064_Wat,427.1610597
30,Sample_S19S_0064_Wat,427.1973395
9,Sample_S19S_0064_Wat,428.1117671
32,Sample_S19S_0064_Wat,428.1562791
10,Sample_S19S_0064_Wat,428.1925676
27,Sample_S19S_0064_Wat,429.0463286
44,Sample_S19S_0064_Wat,429.067488
2,Sample_S19S_0064_Wat,429.0829209
9,Sample_S19S_0064_Wat,429.1039457
2,Sample_S19S_0064_Wat,429.1192381
5,Sample_S19S_0064_Wat,429.1224523
62,Sample_S19S_0064_Wat,429.1402424
24,Sample_S19S_0064_Wat,429.1555582
29,Sample_S19S_0064_Wat,429.1685491
23,Sample_S19S_0064_Wat,429.1765924
38,Sample_S19S_0064_Wat,429.1919036
33,Sample_S19S_0064_Wat,430.0991542
63,Sample_S19S_0064_Wat,430.1143962
6,Sample_S19S_0064_Wat,430.1273505
48,Sample_S19S_0064_Wat,430.1354817
19,Sample_S19S_0064_Wat,431.0256563
10,Sample_S19S_0064_Wat,431.04681
60,Sample_S19S_0064_Wat,431.0620177
41,Sample_S19S_0064_Wat,431.083125
67,Sample_S19S_0064_Wat,431.098388
17,Sample_S19S_0064_Wat,431.1113826
27,Sample_S19S_0064_Wat,431.1194411
31,Sample_S19S_0064_Wat,431.1347291
24,Sample_S19S_0064_Wat,431.1477957
22,Sample_S19S_0064_Wat,431.1558407
34,Sample_S19S_0064_Wat,431.1711879
14,Sample_S19S_0064_Wat,431.1922364
17,Sample_S19S_0064_Wat,431.2076023
6,Sample_S19S_0064_Wat,432.0573233
22,Sample_S19S_0064_Wat,432.078404
78,Sample_S19S_0064_Wat,432.093661
73,Sample_S19S_0064_Wat,432.1300404
1,Sample_S19S_0064_Wat,432.1876103
41,Sample_S19S_0064_Wat,433.0412948
23,Sample_S19S_0064_Wat,433.0624271
72,Sample_S19S_0064_Wat,433.077665
12,Sample_S19S_0064_Wat,433.0906617
26,Sample_S19S_0064_Wat,433.1139658
10,Sample_S19S_0064_Wat,433.1269982
32,Sample_S19S_0064_Wat,433.1503758
26,Sample_S19S_0064_Wat,433.1634586
40,Sample_S19S_0064_Wat,433.1868494
13,Sample_S19S_0064_Wat,433.1998888
30,Sample_S19S_0064_Wat,433.223189
9,Sample_S19S_0064_Wat,434.072975
17,Sample_S19S_0064_Wat,434.1093421
39,Sample_S19S_0064_Wat,435.0569041
16,Sample_S19S_0064_Wat,435.0698968
74,Sample_S19S_0064_Wat,435.093324
17,Sample_S19S_0064_Wat,435.1062764
30,Sample_S19S_0064_Wat,435.1296329
4,Sample_S19S_0064_Wat,435.1426364
27,Sample_S19S_0064_Wat,435.1659973
15,Sample_S19S_0064_Wat,435.1790631
49,Sample_S19S_0064_Wat,435.2024665
6,Sample_S19S_0064_Wat,435.238903
20,Sample_S19S_0064_Wat,436.0521427
23,Sample_S19S_0064_Wat,436.0886111
5,Sample_S19S_0064_Wat,436.1250197
32,Sample_S19S_0064_Wat,437.0361523
23,Sample_S19S_0064_Wat,437.072483
27,Sample_S19S_0064_Wat,437.1088959
60,Sample_S19S_0064_Wat,437.1453651
1,Sample_S19S_0064_Wat,437.1737814
48,Sample_S19S_0064_Wat,437.1817485
11,Sample_S19S_0064_Wat,437.2100538
11,Sample_S19S_0064_Wat,437.2180272
14,Sample_S19S_0064_Wat,438.0678822
70,Sample_S19S_0064_Wat,438.1405683
17,Sample_S19S_0064_Wat,439.051737
68,Sample_S19S_0064_Wat,439.0882098
81,Sample_S19S_0064_Wat,439.1246064
18,Sample_S19S_0064_Wat,439.1529344
35,Sample_S19S_0064_Wat,439.1609425
22,Sample_S19S_0064_Wat,439.1892886
20,Sample_S19S_0064_Wat,439.1973056
12,Sample_S19S_0064_Wat,439.2256709
40,Sample_S19S_0064_Wat,440.0834468
35,Sample_S19S_0064_Wat,440.1198163
13,Sample_S19S_0064_Wat,441.0310268
7,Sample_S19S_0064_Wat,441.0462365
33,Sample_S19S_0064_Wat,441.0674409
39,Sample_S19S_0064_Wat,441.1039049
55,Sample_S19S_0064_Wat,441.1402285
15,Sample_S19S_0064_Wat,441.168514
23,Sample_S19S_0064_Wat,441.1765589
14,Sample_S19S_0064_Wat,441.2049192
12,Sample_S19S_0064_Wat,441.2129575
11,Sample_S19S_0064_Wat,442.0990637
20,Sample_S19S_0064_Wat,442.135461
16,Sample_S19S_0064_Wat,443.0466588
12,Sample_S19S_0064_Wat,443.061884
14,Sample_S19S_0064_Wat,443.0749837
31,Sample_S19S_0064_Wat,443.0830557
38,Sample_S19S_0064_Wat,443.0984287
18,Sample_S19S_0064_Wat,443.1114516
65,Sample_S19S_0064_Wat,443.119518
5,Sample_S19S_0064_Wat,443.1348538
23,Sample_S19S_0064_Wat,443.1478565
54,Sample_S19S_0064_Wat,443.1558944
27,Sample_S19S_0064_Wat,443.1711201
23,Sample_S19S_0064_Wat,443.1841796
16,Sample_S19S_0064_Wat,443.1922057
10,Sample_S19S_0064_Wat,443.2205255
18,Sample_S19S_0064_Wat,444.093696
32,Sample_S19S_0064_Wat,445.0412697
34,Sample_S19S_0064_Wat,445.0623769
35,Sample_S19S_0064_Wat,445.0776178
11,Sample_S19S_0064_Wat,445.0986624
4,Sample_S19S_0064_Wat,445.1083593
16,Sample_S19S_0064_Wat,445.1139537
22,Sample_S19S_0064_Wat,445.127011
8,Sample_S19S_0064_Wat,445.1350548
33,Sample_S19S_0064_Wat,445.1503907
1,Sample_S19S_0064_Wat,445.1536246
33,Sample_S19S_0064_Wat,445.1634705
40,Sample_S19S_0064_Wat,445.1715289
41,Sample_S19S_0064_Wat,445.1868428
28,Sample_S19S_0064_Wat,445.223207
16,Sample_S19S_0064_Wat,446.0364887
15,Sample_S19S_0064_Wat,446.0728598
1,Sample_S19S_0064_Wat,446.0939418
48,Sample_S19S_0064_Wat,446.1092739
2,Sample_S19S_0064_Wat,446.1586042
8,Sample_S19S_0064_Wat,447.056785
6,Sample_S19S_0064_Wat,447.0698296
4,Sample_S19S_0064_Wat,447.0779114
15,Sample_S19S_0064_Wat,447.09323
77,Sample_S19S_0064_Wat,447.1297048
28,Sample_S19S_0064_Wat,447.1427418
75,Sample_S19S_0064_Wat,447.1660641
21,Sample_S19S_0064_Wat,447.179104
17,Sample_S19S_0064_Wat,447.2023724
18,Sample_S19S_0064_Wat,447.2388005
3,Sample_S19S_0064_Wat,448.0520882
63,Sample_S19S_0064_Wat,448.088573
18,Sample_S19S_0064_Wat,448.1096972
14,Sample_S19S_0064_Wat,449.0360637
19,Sample_S19S_0064_Wat,449.0724952
17,Sample_S19S_0064_Wat,449.0855556
91,Sample_S19S_0064_Wat,449.1089599
17,Sample_S19S_0064_Wat,449.1219859
80,Sample_S19S_0064_Wat,449.1453221
23,Sample_S19S_0064_Wat,449.1583358
28,Sample_S19S_0064_Wat,449.1816462
4,Sample_S19S_0064_Wat,449.1946593
13,Sample_S19S_0064_Wat,449.2180299
16,Sample_S19S_0064_Wat,451.0517204
36,Sample_S19S_0064_Wat,451.0881744
61,Sample_S19S_0064_Wat,451.124616
3,Sample_S19S_0064_Wat,451.1530256
36,Sample_S19S_0064_Wat,451.1609528
11,Sample_S19S_0064_Wat,451.1739524
11,Sample_S19S_0064_Wat,451.189303
7,Sample_S19S_0064_Wat,451.1972791
12,Sample_S19S_0064_Wat,451.2336787
42,Sample_S19S_0064_Wat,452.0834394
18,Sample_S19S_0064_Wat,452.1199139
20,Sample_S19S_0064_Wat,453.0310814
20,Sample_S19S_0064_Wat,453.0673983
14,Sample_S19S_0064_Wat,453.1037558
17,Sample_S19S_0064_Wat,453.1321972
43,Sample_S19S_0064_Wat,453.140211
5,Sample_S19S_0064_Wat,453.1686448
64,Sample_S19S_0064_Wat,453.1766436
17,Sample_S19S_0064_Wat,453.2049759
26,Sample_S19S_0064_Wat,454.0627542
5,Sample_S19S_0064_Wat,455.025566
35,Sample_S19S_0064_Wat,455.0467468
36,Sample_S19S_0064_Wat,455.0620251
47,Sample_S19S_0064_Wat,455.0831528
16,Sample_S19S_0064_Wat,455.111472
38,Sample_S19S_0064_Wat,455.1194736
2,Sample_S19S_0064_Wat,455.1290278
18,Sample_S19S_0064_Wat,455.14777
13,Sample_S19S_0064_Wat,455.1558023
1,Sample_S19S_0064_Wat,455.1654128
16,Sample_S19S_0064_Wat,455.1841535
13,Sample_S19S_0064_Wat,455.1921775
19,Sample_S19S_0064_Wat,455.2205892
29,Sample_S19S_0064_Wat,457.0412916
35,Sample_S19S_0064_Wat,457.0624071
15,Sample_S19S_0064_Wat,457.0776174
9,Sample_S19S_0064_Wat,457.0906483
16,Sample_S19S_0064_Wat,457.0986905
21,Sample_S19S_0064_Wat,457.1139922
13,Sample_S19S_0064_Wat,457.1270095
12,Sample_S19S_0064_Wat,457.1350642
3,Sample_S19S_0064_Wat,457.1447412
18,Sample_S19S_0064_Wat,457.150377
21,Sample_S19S_0064_Wat,457.1634444
26,Sample_S19S_0064_Wat,457.1715231
50,Sample_S19S_0064_Wat,457.1868094
19,Sample_S19S_0064_Wat,457.1998933
34,Sample_S19S_0064_Wat,458.1093241
18,Sample_S19S_0064_Wat,459.0205561
18,Sample_S19S_0064_Wat,459.0416602
15,Sample_S19S_0064_Wat,459.0568713
7,Sample_S19S_0064_Wat,459.069913
21,Sample_S19S_0064_Wat,459.0779746
16,Sample_S19S_0064_Wat,459.0932353
19,Sample_S19S_0064_Wat,459.1062882
22,Sample_S19S_0064_Wat,459.1143457
51,Sample_S19S_0064_Wat,459.1296693
28,Sample_S19S_0064_Wat,459.142719
37,Sample_S19S_0064_Wat,459.1508169
40,Sample_S19S_0064_Wat,459.1661042
32,Sample_S19S_0064_Wat,459.1872169
22,Sample_S19S_0064_Wat,459.2025048
8,Sample_S19S_0064_Wat,459.2155229
29,Sample_S19S_0064_Wat,461.036196
20,Sample_S19S_0064_Wat,461.0725007
12,Sample_S19S_0064_Wat,461.0855391
7,Sample_S19S_0064_Wat,461.0935699
12,Sample_S19S_0064_Wat,461.1088271
4,Sample_S19S_0064_Wat,461.1218899
3,Sample_S19S_0064_Wat,461.1396751
21,Sample_S19S_0064_Wat,461.1452647
23,Sample_S19S_0064_Wat,461.1583343
35,Sample_S19S_0064_Wat,461.1817537
15,Sample_S19S_0064_Wat,461.1948089
24,Sample_S19S_0064_Wat,461.218132
29,Sample_S19S_0064_Wat,462.067799
16,Sample_S19S_0064_Wat,462.1042629
39,Sample_S19S_0064_Wat,463.0518315
42,Sample_S19S_0064_Wat,463.0881954
4,Sample_S19S_0064_Wat,463.1189274
16,Sample_S19S_0064_Wat,463.124491
4,Sample_S19S_0064_Wat,463.1375144
8,Sample_S19S_0064_Wat,463.1608564
9,Sample_S19S_0064_Wat,463.1739081
19,Sample_S19S_0064_Wat,463.1972938
30,Sample_S19S_0064_Wat,463.2337601
24,Sample_S19S_0064_Wat,464.1198095
9,Sample_S19S_0064_Wat,465.0310055
14,Sample_S19S_0064_Wat,465.06738
34,Sample_S19S_0064_Wat,465.1038259
6,Sample_S19S_0064_Wat,465.1686035
61,Sample_S19S_0064_Wat,465.1766182
13,Sample_S19S_0064_Wat,465.1896305
14,Sample_S19S_0064_Wat,465.2049695
15,Sample_S19S_0064_Wat,465.2129596
54,Sample_S19S_0064_Wat,466.1355201
1,Sample_S19S_0064_Wat,466.1435867
37,Sample_S19S_0064_Wat,467.0467531
53,Sample_S19S_0064_Wat,467.0831629
50,Sample_S19S_0064_Wat,467.1195422
26,Sample_S19S_0064_Wat,467.1478261
31,Sample_S19S_0064_Wat,467.1558326
24,Sample_S19S_0064_Wat,467.184209
9,Sample_S19S_0064_Wat,467.1921933
14,Sample_S19S_0064_Wat,467.220621
21,Sample_S19S_0064_Wat,467.2286363
28,Sample_S19S_0064_Wat,468.1147294
21,Sample_S19S_0064_Wat,469.0412947
31,Sample_S19S_0064_Wat,469.062394
24,Sample_S19S_0064_Wat,469.0986993
22,Sample_S19S_0064_Wat,469.1270251
13,Sample_S19S_0064_Wat,469.1350525
11,Sample_S19S_0064_Wat,469.1633964
23,Sample_S19S_0064_Wat,469.199861
22,Sample_S19S_0064_Wat,469.2078959
34,Sample_S19S_0064_Wat,471.0569384
31,Sample_S19S_0064_Wat,471.0780166
16,Sample_S19S_0064_Wat,471.106291
6,Sample_S19S_0064_Wat,471.1295835
11,Sample_S19S_0064_Wat,471.1426129
12,Sample_S19S_0064_Wat,471.1506882
7,Sample_S19S_0064_Wat,471.16598
22,Sample_S19S_0064_Wat,471.1790652
20,Sample_S19S_0064_Wat,471.1871307
1,Sample_S19S_0064_Wat,471.1968006
12,Sample_S19S_0064_Wat,471.2024048
19,Sample_S19S_0064_Wat,471.2155389
17,Sample_S19S_0064_Wat,473.0361823
10,Sample_S19S_0064_Wat,473.0573502
33,Sample_S19S_0064_Wat,473.0726032
32,Sample_S19S_0064_Wat,473.0937108
59,Sample_S19S_0064_Wat,473.1089772
23,Sample_S19S_0064_Wat,473.121993
20,Sample_S19S_0064_Wat,473.1300234
5,Sample_S19S_0064_Wat,473.139667
20,Sample_S19S_0064_Wat,473.1452829
11,Sample_S19S_0064_Wat,473.1582831
9,Sample_S19S_0064_Wat,473.1663521
22,Sample_S19S_0064_Wat,473.1816622
12,Sample_S19S_0064_Wat,473.1946924
29,Sample_S19S_0064_Wat,473.2180738
25,Sample_S19S_0064_Wat,474.067818
12,Sample_S19S_0064_Wat,475.0517049
27,Sample_S19S_0064_Wat,475.0881586
13,Sample_S19S_0064_Wat,475.1012806
16,Sample_S19S_0064_Wat,475.1092833
62,Sample_S19S_0064_Wat,475.1245966
1,Sample_S19S_0064_Wat,475.1278093
25,Sample_S19S_0064_Wat,475.1376596
63,Sample_S19S_0064_Wat,475.1609843
24,Sample_S19S_0064_Wat,475.1739813
14,Sample_S19S_0064_Wat,475.1973043
4,Sample_S19S_0064_Wat,475.2103074
5,Sample_S19S_0064_Wat,475.2336051
7,Sample_S19S_0064_Wat,476.0833408
27,Sample_S19S_0064_Wat,476.1198125
25,Sample_S19S_0064_Wat,477.0311319
45,Sample_S19S_0064_Wat,477.0674882
2,Sample_S19S_0064_Wat,477.0805777
17,Sample_S19S_0064_Wat,477.1037802
18,Sample_S19S_0064_Wat,477.1168599
6,Sample_S19S_0064_Wat,477.1401075
8,Sample_S19S_0064_Wat,477.1531747
16,Sample_S19S_0064_Wat,477.1765167
6,Sample_S19S_0064_Wat,477.1895617
34,Sample_S19S_0064_Wat,477.2130039
10,Sample_S19S_0064_Wat,477.2493418
59,Sample_S19S_0064_Wat,478.0991507
4,Sample_S19S_0064_Wat,479.0466033
16,Sample_S19S_0064_Wat,479.0830028
39,Sample_S19S_0064_Wat,479.1194663
65,Sample_S19S_0064_Wat,479.1559168
2,Sample_S19S_0064_Wat,479.1843315
48,Sample_S19S_0064_Wat,479.1923063
5,Sample_S19S_0064_Wat,479.2206471
15,Sample_S19S_0064_Wat,479.2286027
9,Sample_S19S_0064_Wat,480.151082
5,Sample_S19S_0064_Wat,481.025885
16,Sample_S19S_0064_Wat,481.0623379
50,Sample_S19S_0064_Wat,481.0987747
69,Sample_S19S_0064_Wat,481.1351677
16,Sample_S19S_0064_Wat,481.1634867
47,Sample_S19S_0064_Wat,481.1715313
20,Sample_S19S_0064_Wat,481.199847
18,Sample_S19S_0064_Wat,481.2078283
3,Sample_S19S_0064_Wat,481.2361059
5,Sample_S19S_0064_Wat,482.1302914
12,Sample_S19S_0064_Wat,483.0415833
28,Sample_S19S_0064_Wat,483.0780208
4,Sample_S19S_0064_Wat,483.1064043
48,Sample_S19S_0064_Wat,483.1144642
34,Sample_S19S_0064_Wat,483.1508531
15,Sample_S19S_0064_Wat,483.1791639
30,Sample_S19S_0064_Wat,483.1871699
16,Sample_S19S_0064_Wat,483.2154832
10,Sample_S19S_0064_Wat,483.2234722
11,Sample_S19S_0064_Wat,484.1459881
9,Sample_S19S_0064_Wat,485.057196
12,Sample_S19S_0064_Wat,485.0724465
11,Sample_S19S_0064_Wat,485.0855526
26,Sample_S19S_0064_Wat,485.0936172
16,Sample_S19S_0064_Wat,485.1220307
42,Sample_S19S_0064_Wat,485.1300644
1,Sample_S19S_0064_Wat,485.139617
24,Sample_S19S_0064_Wat,485.1453846
17,Sample_S19S_0064_Wat,485.1584131
35,Sample_S19S_0064_Wat,485.1664901
3,Sample_S19S_0064_Wat,485.1760615
40,Sample_S19S_0064_Wat,485.181737
18,Sample_S19S_0064_Wat,485.1948096
1,Sample_S19S_0064_Wat,485.2310607
13,Sample_S19S_0064_Wat,487.051792
15,Sample_S19S_0064_Wat,487.072871
11,Sample_S19S_0064_Wat,487.088118
14,Sample_S19S_0064_Wat,487.1011949
8,Sample_S19S_0064_Wat,487.1092152
11,Sample_S19S_0064_Wat,487.1244947
18,Sample_S19S_0064_Wat,487.1375846
10,Sample_S19S_0064_Wat,487.1456408
1,Sample_S19S_0064_Wat,487.1552674
48,Sample_S19S_0064_Wat,487.1609704
22,Sample_S19S_0064_Wat,487.1740711
29,Sample_S19S_0064_Wat,487.18211
31,Sample_S19S_0064_Wat,487.1974177
5,Sample_S19S_0064_Wat,487.2104698
18,Sample_S19S_0064_Wat,487.2337958
29,Sample_S19S_0064_Wat,488.0834359
44,Sample_S19S_0064_Wat,489.067487
23,Sample_S19S_0064_Wat,489.0886429
29,Sample_S19S_0064_Wat,489.1039118
32,Sample_S19S_0064_Wat,489.1249814
27,Sample_S19S_0064_Wat,489.1402055
17,Sample_S19S_0064_Wat,489.1532671
1,Sample_S19S_0064_Wat,489.1708695
9,Sample_S19S_0064_Wat,489.1765226
6,Sample_S19S_0064_Wat,489.1895365
9,Sample_S19S_0064_Wat,489.2128864
6,Sample_S19S_0064_Wat,489.2259164
5,Sample_S19S_0064_Wat,489.2492677
15,Sample_S19S_0064_Wat,490.0990621
7,Sample_S19S_0064_Wat,491.0466906
19,Sample_S19S_0064_Wat,491.0830123
7,Sample_S19S_0064_Wat,491.0961728
9,Sample_S19S_0064_Wat,491.1193786
13,Sample_S19S_0064_Wat,491.1325378
25,Sample_S19S_0064_Wat,491.1558203
18,Sample_S19S_0064_Wat,491.1689084
51,Sample_S19S_0064_Wat,491.1922945
7,Sample_S19S_0064_Wat,491.2287423
42,Sample_S19S_0064_Wat,492.1147512
8,Sample_S19S_0064_Wat,493.0259042
10,Sample_S19S_0064_Wat,493.0622921
24,Sample_S19S_0064_Wat,493.098712
70,Sample_S19S_0064_Wat,493.1351653
1,Sample_S19S_0064_Wat,493.1636569
48,Sample_S19S_0064_Wat,493.1715856
10,Sample_S19S_0064_Wat,495.0415683
30,Sample_S19S_0064_Wat,495.0780179
41,Sample_S19S_0064_Wat,495.1144449
9,Sample_S19S_0064_Wat,495.1427989
56,Sample_S19S_0064_Wat,495.1507984
21,Sample_S19S_0064_Wat,495.1791573
10,Sample_S19S_0064_Wat,495.2154488
1,Sample_S19S_0064_Wat,496.1905351
16,Sample_S19S_0064_Wat,497.0572968
26,Sample_S19S_0064_Wat,497.0725711
14,Sample_S19S_0064_Wat,497.0937782
11,Sample_S19S_0064_Wat,497.1301476
17,Sample_S19S_0064_Wat,497.1453801
26,Sample_S19S_0064_Wat,497.1947705
3,Sample_S19S_0064_Wat,497.2310629
12,Sample_S19S_0064_Wat,498.1253978
34,Sample_S19S_0064_Wat,498.1617513
2,Sample_S19S_0064_Wat,498.1698072
6,Sample_S19S_0064_Wat,499.0516924
19,Sample_S19S_0064_Wat,499.0728848
9,Sample_S19S_0064_Wat,499.1012958
33,Sample_S19S_0064_Wat,499.1093112
39,Sample_S19S_0064_Wat,499.1246232
12,Sample_S19S_0064_Wat,499.1377212
46,Sample_S19S_0064_Wat,499.1457371
5,Sample_S19S_0064_Wat,499.1553132
11,Sample_S19S_0064_Wat,499.1610424
22,Sample_S19S_0064_Wat,499.1740741
32,Sample_S19S_0064_Wat,499.1973555
25,Sample_S19S_0064_Wat,499.2104255
15,Sample_S19S_0064_Wat,499.2184243
4,Sample_S19S_0064_Wat,501.0310269
7,Sample_S19S_0064_Wat,501.0521674
16,Sample_S19S_0064_Wat,501.0673678
13,Sample_S19S_0064_Wat,501.0885018
10,Sample_S19S_0064_Wat,501.1037301
12,Sample_S19S_0064_Wat,501.116864
4,Sample_S19S_0064_Wat,501.1248479
1,Sample_S19S_0064_Wat,501.1344245
17,Sample_S19S_0064_Wat,501.1401768
31,Sample_S19S_0064_Wat,501.1532967
16,Sample_S19S_0064_Wat,501.1612956
44,Sample_S19S_0064_Wat,501.1766253
28,Sample_S19S_0064_Wat,501.1896846
27,Sample_S19S_0064_Wat,501.2130646
11,Sample_S19S_0064_Wat,503.0468089
3,Sample_S19S_0064_Wat,503.0679918
2,Sample_S19S_0064_Wat,503.0832459
18,Sample_S19S_0064_Wat,503.1042984
54,Sample_S19S_0064_Wat,503.1195309
5,Sample_S19S_0064_Wat,503.1326318
14,Sample_S19S_0064_Wat,503.1405906
23,Sample_S19S_0064_Wat,503.1558462
14,Sample_S19S_0064_Wat,503.1921795
4,Sample_S19S_0064_Wat,503.2051842
14,Sample_S19S_0064_Wat,503.2285615
7,Sample_S19S_0064_Wat,505.0622503
16,Sample_S19S_0064_Wat,505.098662
7,Sample_S19S_0064_Wat,505.1118569
16,Sample_S19S_0064_Wat,505.1350781
5,Sample_S19S_0064_Wat,505.1482794
64,Sample_S19S_0064_Wat,505.1715425
13,Sample_S19S_0064_Wat,505.1846129
29,Sample_S19S_0064_Wat,505.2079802
7,Sample_S19S_0064_Wat,505.221033
27,Sample_S19S_0064_Wat,505.2443315
4,Sample_S19S_0064_Wat,506.1303153
6,Sample_S19S_0064_Wat,506.1666811
9,Sample_S19S_0064_Wat,507.0415912
27,Sample_S19S_0064_Wat,507.0780238
45,Sample_S19S_0064_Wat,507.1144464
2,Sample_S19S_0064_Wat,507.1428505
59,Sample_S19S_0064_Wat,507.1508255
4,Sample_S19S_0064_Wat,507.179192
9,Sample_S19S_0064_Wat,507.2154676
6,Sample_S19S_0064_Wat,507.2598181
14,Sample_S19S_0064_Wat,509.0573918
40,Sample_S19S_0064_Wat,509.0937287
7,Sample_S19S_0064_Wat,509.1219812
42,Sample_S19S_0064_Wat,509.1300451
11,Sample_S19S_0064_Wat,509.1583575
14,Sample_S19S_0064_Wat,509.1947371
12,Sample_S19S_0064_Wat,509.2311267
7,Sample_S19S_0064_Wat,509.2391011
7,Sample_S19S_0064_Wat,509.2675212
9,Sample_S19S_0064_Wat,510.0888729
8,Sample_S19S_0064_Wat,511.0366348
13,Sample_S19S_0064_Wat,511.0518749
34,Sample_S19S_0064_Wat,511.0729714
13,Sample_S19S_0064_Wat,511.1012674
26,Sample_S19S_0064_Wat,511.1092846
3,Sample_S19S_0064_Wat,511.1375472
1,Sample_S19S_0064_Wat,511.1455592
7,Sample_S19S_0064_Wat,511.1739404
12,Sample_S19S_0064_Wat,511.2103696
8,Sample_S19S_0064_Wat,511.2183807
10,Sample_S19S_0064_Wat,513.0522762
24,Sample_S19S_0064_Wat,513.0674942
19,Sample_S19S_0064_Wat,513.0885835
18,Sample_S19S_0064_Wat,513.1169162
14,Sample_S19S_0064_Wat,513.1248843
5,Sample_S19S_0064_Wat,513.1401059
6,Sample_S19S_0064_Wat,513.1531789
5,Sample_S19S_0064_Wat,513.1612236
11,Sample_S19S_0064_Wat,513.1895585
4,Sample_S19S_0064_Wat,513.2623964
7,Sample_S19S_0064_Wat,515.0467951
9,Sample_S19S_0064_Wat,515.0679477
38,Sample_S19S_0064_Wat,515.083157
27,Sample_S19S_0064_Wat,515.1042917
35,Sample_S19S_0064_Wat,515.1194964
5,Sample_S19S_0064_Wat,515.1326297
22,Sample_S19S_0064_Wat,515.1405768
12,Sample_S19S_0064_Wat,515.155816
16,Sample_S19S_0064_Wat,515.1688778
7,Sample_S19S_0064_Wat,515.1768835
8,Sample_S19S_0064_Wat,515.1921599
10,Sample_S19S_0064_Wat,515.2052029
6,Sample_S19S_0064_Wat,515.2285302
3,Sample_S19S_0064_Wat,515.2416147
26,Sample_S19S_0064_Wat,517.0624113
7,Sample_S19S_0064_Wat,517.0835974
11,Sample_S19S_0064_Wat,517.098859
7,Sample_S19S_0064_Wat,517.1199999
7,Sample_S19S_0064_Wat,517.1352552
11,Sample_S19S_0064_Wat,517.171616
17,Sample_S19S_0064_Wat,517.1846401
41,Sample_S19S_0064_Wat,517.2079237
10,Sample_S19S_0064_Wat,517.2442337
12,Sample_S19S_0064_Wat,519.0779454
13,Sample_S19S_0064_Wat,519.1143103
7,Sample_S19S_0064_Wat,519.1275578
27,Sample_S19S_0064_Wat,519.1507584
7,Sample_S19S_0064_Wat,519.1639413
53,Sample_S19S_0064_Wat,519.1872205
16,Sample_S19S_0064_Wat,519.2002386
15,Sample_S19S_0064_Wat,519.2236508
20,Sample_S19S_0064_Wat,521.0573462
31,Sample_S19S_0064_Wat,521.0937324
43,Sample_S19S_0064_Wat,521.1301011
3,Sample_S19S_0064_Wat,521.1584978
26,Sample_S19S_0064_Wat,521.1663968
9,Sample_S19S_0064_Wat,521.2027235
6,Sample_S19S_0064_Wat,521.2390738
7,Sample_S19S_0064_Wat,523.0728235
4,Sample_S19S_0064_Wat,523.1091901
6,Sample_S19S_0064_Wat,523.1376337
13,Sample_S19S_0064_Wat,523.1456062
24,Sample_S19S_0064_Wat,523.1820717
22,Sample_S19S_0064_Wat,523.2104573
6,Sample_S19S_0064_Wat,523.2468227
4,Sample_S19S_0064_Wat,523.3195564
8,Sample_S19S_0064_Wat,525.0521307
20,Sample_S19S_0064_Wat,525.0885729
30,Sample_S19S_0064_Wat,525.1250197
36,Sample_S19S_0064_Wat,525.1614051
22,Sample_S19S_0064_Wat,526.1566707
7,Sample_S19S_0064_Wat,526.1929575
14,Sample_S19S_0064_Wat,527.0679337
8,Sample_S19S_0064_Wat,527.0832056
10,Sample_S19S_0064_Wat,527.1043114
38,Sample_S19S_0064_Wat,527.1406475
29,Sample_S19S_0064_Wat,527.1558917
20,Sample_S19S_0064_Wat,527.1689685
27,Sample_S19S_0064_Wat,527.1769645
20,Sample_S19S_0064_Wat,527.2052882
7,Sample_S19S_0064_Wat,527.2132606
5,Sample_S19S_0064_Wat,527.2415754
24,Sample_S19S_0064_Wat,528.135922
10,Sample_S19S_0064_Wat,529.0624704
7,Sample_S19S_0064_Wat,529.0836238
11,Sample_S19S_0064_Wat,529.0988481
19,Sample_S19S_0064_Wat,529.119899
33,Sample_S19S_0064_Wat,529.1351825
10,Sample_S19S_0064_Wat,529.1482589
18,Sample_S19S_0064_Wat,529.1562352
16,Sample_S19S_0064_Wat,529.1714748
21,Sample_S19S_0064_Wat,529.184567
6,Sample_S19S_0064_Wat,529.1925822
9,Sample_S19S_0064_Wat,529.2078283
6,Sample_S19S_0064_Wat,529.2208396
9,Sample_S19S_0064_Wat,529.2442413
3,Sample_S19S_0064_Wat,531.0417642
4,Sample_S19S_0064_Wat,531.0781475
10,Sample_S19S_0064_Wat,531.0992322
15,Sample_S19S_0064_Wat,531.1144803
27,Sample_S19S_0064_Wat,531.1507766
14,Sample_S19S_0064_Wat,531.1638843
13,Sample_S19S_0064_Wat,531.1871077
12,Sample_S19S_0064_Wat,531.2001725
18,Sample_S19S_0064_Wat,531.2234777
4,Sample_S19S_0064_Wat,531.2598778
5,Sample_S19S_0064_Wat,533.0574115
15,Sample_S19S_0064_Wat,533.0937827
26,Sample_S19S_0064_Wat,533.1301236
49,Sample_S19S_0064_Wat,533.166456
14,Sample_S19S_0064_Wat,533.2027587
7,Sample_S19S_0064_Wat,533.2390944
16,Sample_S19S_0064_Wat,535.0730261
13,Sample_S19S_0064_Wat,535.1094222
9,Sample_S19S_0064_Wat,535.1458132
18,Sample_S19S_0064_Wat,535.1821751
12,Sample_S19S_0064_Wat,535.2547783
16,Sample_S19S_0064_Wat,537.0884904
30,Sample_S19S_0064_Wat,537.1249315
42,Sample_S19S_0064_Wat,537.161382
17,Sample_S19S_0064_Wat,537.1978101
2,Sample_S19S_0064_Wat,537.2261348
9,Sample_S19S_0064_Wat,537.2342192
9,Sample_S19S_0064_Wat,537.2624882
13,Sample_S19S_0064_Wat,539.0679143
18,Sample_S19S_0064_Wat,539.1042196
24,Sample_S19S_0064_Wat,539.1405618
8,Sample_S19S_0064_Wat,539.1688297
6,Sample_S19S_0064_Wat,539.1768779
6,Sample_S19S_0064_Wat,539.2051955
1,Sample_S19S_0064_Wat,539.2132409
3,Sample_S19S_0064_Wat,539.2416063
12,Sample_S19S_0064_Wat,541.0623672
23,Sample_S19S_0064_Wat,541.0988161
25,Sample_S19S_0064_Wat,541.1199147
13,Sample_S19S_0064_Wat,541.1563515
4,Sample_S19S_0064_Wat,541.1716527
3,Sample_S19S_0064_Wat,541.1927684
22,Sample_S19S_0064_Wat,541.2290565
8,Sample_S19S_0064_Wat,541.2573331
11,Sample_S19S_0064_Wat,543.0781158
20,Sample_S19S_0064_Wat,543.09918
19,Sample_S19S_0064_Wat,543.1355017
24,Sample_S19S_0064_Wat,543.1507543
16,Sample_S19S_0064_Wat,543.1638009
9,Sample_S19S_0064_Wat,543.1718262
1,Sample_S19S_0064_Wat,543.1813791
6,Sample_S19S_0064_Wat,543.1870791
9,Sample_S19S_0064_Wat,543.2001267
2,Sample_S19S_0064_Wat,543.2234029
8,Sample_S19S_0064_Wat,545.0571838
6,Sample_S19S_0064_Wat,545.0935509
7,Sample_S19S_0064_Wat,545.1147104
12,Sample_S19S_0064_Wat,545.1299664
5,Sample_S19S_0064_Wat,545.1432084
26,Sample_S19S_0064_Wat,545.1664409
7,Sample_S19S_0064_Wat,545.1795929
31,Sample_S19S_0064_Wat,545.2028931
13,Sample_S19S_0064_Wat,545.2159419
4,Sample_S19S_0064_Wat,545.2393178
12,Sample_S19S_0064_Wat,547.0729547
15,Sample_S19S_0064_Wat,547.109415
12,Sample_S19S_0064_Wat,547.145805
3,Sample_S19S_0064_Wat,547.1822164
2,Sample_S19S_0064_Wat,547.1952584
15,Sample_S19S_0064_Wat,547.2185618
19,Sample_S19S_0064_Wat,547.2548518
8,Sample_S19S_0064_Wat,549.0523077
9,Sample_S19S_0064_Wat,549.0887119
12,Sample_S19S_0064_Wat,549.1250923
13,Sample_S19S_0064_Wat,549.1614413
38,Sample_S19S_0064_Wat,549.1977663
13,Sample_S19S_0064_Wat,549.2340464
1,Sample_S19S_0064_Wat,549.2702581
7,Sample_S19S_0064_Wat,551.0679996
16,Sample_S19S_0064_Wat,551.10435
26,Sample_S19S_0064_Wat,551.140683
13,Sample_S19S_0064_Wat,551.1689448
24,Sample_S19S_0064_Wat,551.1769906
9,Sample_S19S_0064_Wat,551.2052511
13,Sample_S19S_0064_Wat,551.2133063
4,Sample_S19S_0064_Wat,553.0836572
14,Sample_S19S_0064_Wat,553.1199748
3,Sample_S19S_0064_Wat,553.1483118
44,Sample_S19S_0064_Wat,553.1562956
21,Sample_S19S_0064_Wat,553.1925971
3,Sample_S19S_0064_Wat,553.2288832
19,Sample_S19S_0064_Wat,554.1878947
4,Sample_S19S_0064_Wat,555.0629131
3,Sample_S19S_0064_Wat,555.0993123
6,Sample_S19S_0064_Wat,555.1356619
1,Sample_S19S_0064_Wat,555.1639967
13,Sample_S19S_0064_Wat,555.1720029
19,Sample_S19S_0064_Wat,555.2082923
7,Sample_S19S_0064_Wat,555.2365023
7,Sample_S19S_0064_Wat,557.0785258
18,Sample_S19S_0064_Wat,557.0937315
15,Sample_S19S_0064_Wat,557.1149049
3,Sample_S19S_0064_Wat,557.1513467
1,Sample_S19S_0064_Wat,557.1797008
1,Sample_S19S_0064_Wat,557.1877224
10,Sample_S19S_0064_Wat,559.1092427
22,Sample_S19S_0064_Wat,559.1456819
13,Sample_S19S_0064_Wat,559.1951961
17,Sample_S19S_0064_Wat,559.2185569
14,Sample_S19S_0064_Wat,561.0522506
12,Sample_S19S_0064_Wat,561.0885432
5,Sample_S19S_0064_Wat,561.1248442
2,Sample_S19S_0064_Wat,561.1611805
8,Sample_S19S_0064_Wat,561.1743368
1,Sample_S19S_0064_Wat,561.1975534
6,Sample_S19S_0064_Wat,561.2339983
6,Sample_S19S_0064_Wat,561.2703823
20,Sample_S19S_0064_Wat,563.0679011
7,Sample_S19S_0064_Wat,563.1043787
6,Sample_S19S_0064_Wat,563.140767
5,Sample_S19S_0064_Wat,563.1771352
22,Sample_S19S_0064_Wat,563.2134586
19,Sample_S19S_0064_Wat,563.2497644
3,Sample_S19S_0064_Wat,565.1561141
17,Sample_S19S_0064_Wat,565.2290122
12,Sample_S19S_0064_Wat,567.0628477
13,Sample_S19S_0064_Wat,567.0992538
8,Sample_S19S_0064_Wat,567.1356587
14,Sample_S19S_0064_Wat,567.2083955
12,Sample_S19S_0064_Wat,567.2366591
15,Sample_S19S_0064_Wat,567.2446704
15,Sample_S19S_0064_Wat,569.1147778
6,Sample_S19S_0064_Wat,569.1510794
1,Sample_S19S_0064_Wat,569.1874013
1,Sample_S19S_0064_Wat,569.2885081
17,Sample_S19S_0064_Wat,571.1303995
23,Sample_S19S_0064_Wat,571.1821369
8,Sample_S19S_0064_Wat,571.1952621
1,Sample_S19S_0064_Wat,571.2316576
5,Sample_S19S_0064_Wat,573.1615077
4,Sample_S19S_0064_Wat,573.1978706
5,Sample_S19S_0064_Wat,575.1407714
23,Sample_S19S_0064_Wat,575.1770756
13,Sample_S19S_0064_Wat,575.2497017
39,Sample_S19S_0064_Wat,577.1563035
21,Sample_S19S_0064_Wat,577.1926143
5,Sample_S19S_0064_Wat,577.228924
1,Sample_S19S_0064_Wat,577.2651743
11,Sample_S19S_0064_Wat,579.0992643
25,Sample_S19S_0064_Wat,579.1355972
32,Sample_S19S_0064_Wat,579.1719274
18,Sample_S19S_0064_Wat,579.2082488
4,Sample_S19S_0064_Wat,579.2445526
17,Sample_S19S_0064_Wat,581.1148894
34,Sample_S19S_0064_Wat,581.1512226
22,Sample_S19S_0064_Wat,581.1875335
16,Sample_S19S_0064_Wat,581.2238624
1,Sample_S19S_0064_Wat,583.094266
6,Sample_S19S_0064_Wat,583.1306046
13,Sample_S19S_0064_Wat,583.1669172
18,Sample_S19S_0064_Wat,583.2032587
9,Sample_S19S_0064_Wat,583.2314722
2,Sample_S19S_0064_Wat,585.1098543
4,Sample_S19S_0064_Wat,585.2472737
11,Sample_S19S_0064_Wat,587.1041571
21,Sample_S19S_0064_Wat,587.1770783
7,Sample_S19S_0064_Wat,587.19016
6,Sample_S19S_0064_Wat,587.2265632
1,Sample_S19S_0064_Wat,589.119725
3,Sample_S19S_0064_Wat,591.135742
8,Sample_S19S_0064_Wat,591.1720289
14,Sample_S19S_0064_Wat,591.2083514
12,Sample_S19S_0064_Wat,591.2446301
7,Sample_S19S_0064_Wat,593.1511079
22,Sample_S19S_0064_Wat,593.1875846
16,Sample_S19S_0064_Wat,593.2240288
13,Sample_S19S_0064_Wat,595.0941069
27,Sample_S19S_0064_Wat,595.2032478
1,Sample_S19S_0064_Wat,595.2312495
24,Sample_S19S_0064_Wat,597.1824999
24,Sample_S19S_0064_Wat,597.2188862
4,Sample_S19S_0064_Wat,597.2472943
2,Sample_S19S_0064_Wat,605.1513953
24,Sample_S19S_0064_Wat,607.1667845
4,Sample_S19S_0064_Wat,607.2030678
4,Sample_S19S_0064_Wat,635.1982777
