num.trans.involved.in,sample,peak
41,Sample_S19S_0079_Wat,201.0404313
36,Sample_S19S_0079_Wat,201.0768122
28,Sample_S19S_0079_Wat,201.1131969
25,Sample_S19S_0079_Wat,203.0349506
41,Sample_S19S_0079_Wat,203.0560881
14,Sample_S19S_0079_Wat,203.0924536
32,Sample_S19S_0079_Wat,205.0142188
29,Sample_S19S_0079_Wat,205.0505947
18,Sample_S19S_0079_Wat,205.086978
8,Sample_S19S_0079_Wat,205.1597578
45,Sample_S19S_0079_Wat,207.0298709
41,Sample_S19S_0079_Wat,207.066249
22,Sample_S19S_0079_Wat,208.0615064
22,Sample_S19S_0079_Wat,209.0091207
44,Sample_S19S_0079_Wat,209.0455114
40,Sample_S19S_0079_Wat,209.0818981
21,Sample_S19S_0079_Wat,210.0407624
22,Sample_S19S_0079_Wat,210.0771409
60,Sample_S19S_0079_Wat,211.0247874
61,Sample_S19S_0079_Wat,211.0611736
37,Sample_S19S_0079_Wat,211.097555
27,Sample_S19S_0079_Wat,211.1339377
10,Sample_S19S_0079_Wat,212.0200182
22,Sample_S19S_0079_Wat,212.0564229
44,Sample_S19S_0079_Wat,213.0040549
1,Sample_S19S_0079_Wat,213.0152775
40,Sample_S19S_0079_Wat,213.0404285
50,Sample_S19S_0079_Wat,213.0768216
31,Sample_S19S_0079_Wat,213.1132092
23,Sample_S19S_0079_Wat,214.0720739
43,Sample_S19S_0079_Wat,215.0560786
46,Sample_S19S_0079_Wat,215.0924726
24,Sample_S19S_0079_Wat,215.1288446
11,Sample_S19S_0079_Wat,216.1240952
14,Sample_S19S_0079_Wat,217.0505866
46,Sample_S19S_0079_Wat,217.0717431
36,Sample_S19S_0079_Wat,217.1081169
45,Sample_S19S_0079_Wat,219.0298823
18,Sample_S19S_0079_Wat,219.0662407
25,Sample_S19S_0079_Wat,221.0091259
46,Sample_S19S_0079_Wat,221.0455191
25,Sample_S19S_0079_Wat,221.0818912
8,Sample_S19S_0079_Wat,221.1546776
9,Sample_S19S_0079_Wat,222.0407486
16,Sample_S19S_0079_Wat,222.0771399
54,Sample_S19S_0079_Wat,223.0247931
24,Sample_S19S_0079_Wat,223.0611523
9,Sample_S19S_0079_Wat,223.0723955
46,Sample_S19S_0079_Wat,223.0975605
10,Sample_S19S_0079_Wat,224.0200135
28,Sample_S19S_0079_Wat,224.0564233
8,Sample_S19S_0079_Wat,224.092781
17,Sample_S19S_0079_Wat,225.0040321
87,Sample_S19S_0079_Wat,225.0404494
57,Sample_S19S_0079_Wat,225.0768195
21,Sample_S19S_0079_Wat,225.1131873
21,Sample_S19S_0079_Wat,226.0356785
35,Sample_S19S_0079_Wat,226.072077
29,Sample_S19S_0079_Wat,227.0196895
46,Sample_S19S_0079_Wat,227.056079
54,Sample_S19S_0079_Wat,227.092466
36,Sample_S19S_0079_Wat,227.1288722
10,Sample_S19S_0079_Wat,228.0513116
50,Sample_S19S_0079_Wat,229.0353497
55,Sample_S19S_0079_Wat,229.0717413
39,Sample_S19S_0079_Wat,229.1081151
25,Sample_S19S_0079_Wat,229.14452
35,Sample_S19S_0079_Wat,231.0298777
47,Sample_S19S_0079_Wat,231.051012
47,Sample_S19S_0079_Wat,231.0873835
17,Sample_S19S_0079_Wat,231.1237543
42,Sample_S19S_0079_Wat,233.0455307
41,Sample_S19S_0079_Wat,233.0819208
36,Sample_S19S_0079_Wat,233.1030488
15,Sample_S19S_0079_Wat,233.1546845
8,Sample_S19S_0079_Wat,234.0407445
49,Sample_S19S_0079_Wat,235.0247912
62,Sample_S19S_0079_Wat,235.0611873
43,Sample_S19S_0079_Wat,235.0975749
52,Sample_S19S_0079_Wat,236.0564412
40,Sample_S19S_0079_Wat,237.0040579
55,Sample_S19S_0079_Wat,237.0404421
67,Sample_S19S_0079_Wat,237.0768351
42,Sample_S19S_0079_Wat,237.1132227
17,Sample_S19S_0079_Wat,238.0356696
30,Sample_S19S_0079_Wat,238.0720655
73,Sample_S19S_0079_Wat,239.0197221
101,Sample_S19S_0079_Wat,239.0561117
11,Sample_S19S_0079_Wat,239.0673352
96,Sample_S19S_0079_Wat,239.092497
53,Sample_S19S_0079_Wat,239.1288753
24,Sample_S19S_0079_Wat,239.1652571
38,Sample_S19S_0079_Wat,240.0513448
37,Sample_S19S_0079_Wat,240.0877319
83,Sample_S19S_0079_Wat,241.03537
58,Sample_S19S_0079_Wat,241.0717422
40,Sample_S19S_0079_Wat,241.1081087
24,Sample_S19S_0079_Wat,241.1445007
51,Sample_S19S_0079_Wat,242.0670034
32,Sample_S19S_0079_Wat,242.1033669
23,Sample_S19S_0079_Wat,242.139775
8,Sample_S19S_0079_Wat,242.1761465
84,Sample_S19S_0079_Wat,243.0510224
49,Sample_S19S_0079_Wat,243.0873816
26,Sample_S19S_0079_Wat,243.1237626
22,Sample_S19S_0079_Wat,243.1601665
50,Sample_S19S_0079_Wat,245.0302737
72,Sample_S19S_0079_Wat,245.0455587
11,Sample_S19S_0079_Wat,245.0489119
93,Sample_S19S_0079_Wat,245.0666847
50,Sample_S19S_0079_Wat,245.0819342
68,Sample_S19S_0079_Wat,245.1030642
27,Sample_S19S_0079_Wat,245.1394342
49,Sample_S19S_0079_Wat,247.024801
73,Sample_S19S_0079_Wat,247.0612011
74,Sample_S19S_0079_Wat,247.0823368
69,Sample_S19S_0079_Wat,247.0975945
45,Sample_S19S_0079_Wat,247.118733
28,Sample_S19S_0079_Wat,248.0200547
4,Sample_S19S_0079_Wat,248.9710643
49,Sample_S19S_0079_Wat,249.0040636
83,Sample_S19S_0079_Wat,249.0404675
89,Sample_S19S_0079_Wat,249.0768527
38,Sample_S19S_0079_Wat,249.1132224
43,Sample_S19S_0079_Wat,249.1496147
55,Sample_S19S_0079_Wat,250.07209
81,Sample_S19S_0079_Wat,251.0197332
79,Sample_S19S_0079_Wat,251.0560986
12,Sample_S19S_0079_Wat,251.0594793
114,Sample_S19S_0079_Wat,251.0925063
12,Sample_S19S_0079_Wat,251.0958765
43,Sample_S19S_0079_Wat,251.1289035
50,Sample_S19S_0079_Wat,252.0513612
45,Sample_S19S_0079_Wat,252.0877348
57,Sample_S19S_0079_Wat,252.9989785
104,Sample_S19S_0079_Wat,253.0353983
13,Sample_S19S_0079_Wat,253.0466122
128,Sample_S19S_0079_Wat,253.0717756
13,Sample_S19S_0079_Wat,253.0829986
46,Sample_S19S_0079_Wat,253.1081345
49,Sample_S19S_0079_Wat,253.1445337
45,Sample_S19S_0079_Wat,254.0670222
40,Sample_S19S_0079_Wat,254.1033853
67,Sample_S19S_0079_Wat,255.0146298
109,Sample_S19S_0079_Wat,255.0510433
120,Sample_S19S_0079_Wat,255.0874163
48,Sample_S19S_0079_Wat,255.1237776
51,Sample_S19S_0079_Wat,256.0826837
87,Sample_S19S_0079_Wat,257.030304
53,Sample_S19S_0079_Wat,257.0455598
24,Sample_S19S_0079_Wat,257.048925
104,Sample_S19S_0079_Wat,257.0666765
70,Sample_S19S_0079_Wat,257.1030521
53,Sample_S19S_0079_Wat,257.1394516
24,Sample_S19S_0079_Wat,257.175834
49,Sample_S19S_0079_Wat,258.0619166
46,Sample_S19S_0079_Wat,258.0983343
18,Sample_S19S_0079_Wat,258.1347123
54,Sample_S19S_0079_Wat,259.0248281
91,Sample_S19S_0079_Wat,259.0459547
64,Sample_S19S_0079_Wat,259.0612028
101,Sample_S19S_0079_Wat,259.0823405
18,Sample_S19S_0079_Wat,259.1009624
67,Sample_S19S_0079_Wat,259.1187072
66,Sample_S19S_0079_Wat,261.040468
7,Sample_S19S_0079_Wat,261.04386
71,Sample_S19S_0079_Wat,261.061588
90,Sample_S19S_0079_Wat,261.0768598
60,Sample_S19S_0079_Wat,261.0980071
57,Sample_S19S_0079_Wat,261.1132477
52,Sample_S19S_0079_Wat,261.1343647
32,Sample_S19S_0079_Wat,262.0357323
42,Sample_S19S_0079_Wat,262.0721008
52,Sample_S19S_0079_Wat,263.019721
87,Sample_S19S_0079_Wat,263.0561329
25,Sample_S19S_0079_Wat,263.0595
48,Sample_S19S_0079_Wat,263.0924815
12,Sample_S19S_0079_Wat,263.0958535
39,Sample_S19S_0079_Wat,263.128908
51,Sample_S19S_0079_Wat,264.0513612
46,Sample_S19S_0079_Wat,264.087752
64,Sample_S19S_0079_Wat,264.9989861
91,Sample_S19S_0079_Wat,265.0353938
87,Sample_S19S_0079_Wat,265.0717855
99,Sample_S19S_0079_Wat,265.1081545
34,Sample_S19S_0079_Wat,265.1445692
4,Sample_S19S_0079_Wat,265.1479151
48,Sample_S19S_0079_Wat,266.0306266
65,Sample_S19S_0079_Wat,266.0670361
42,Sample_S19S_0079_Wat,266.1034196
76,Sample_S19S_0079_Wat,267.0146829
119,Sample_S19S_0079_Wat,267.0510336
22,Sample_S19S_0079_Wat,267.0622941
104,Sample_S19S_0079_Wat,267.0874299
17,Sample_S19S_0079_Wat,267.0986455
91,Sample_S19S_0079_Wat,267.123805
40,Sample_S19S_0079_Wat,267.1601848
61,Sample_S19S_0079_Wat,268.0462977
62,Sample_S19S_0079_Wat,268.08266
38,Sample_S19S_0079_Wat,268.1190514
83,Sample_S19S_0079_Wat,269.0303205
127,Sample_S19S_0079_Wat,269.0666802
26,Sample_S19S_0079_Wat,269.0779259
105,Sample_S19S_0079_Wat,269.1030627
52,Sample_S19S_0079_Wat,269.1394657
59,Sample_S19S_0079_Wat,270.0619439
54,Sample_S19S_0079_Wat,270.0983057
65,Sample_S19S_0079_Wat,271.0095529
84,Sample_S19S_0079_Wat,271.0459737
23,Sample_S19S_0079_Wat,271.061176
25,Sample_S19S_0079_Wat,271.0645721
103,Sample_S19S_0079_Wat,271.0823212
88,Sample_S19S_0079_Wat,271.118718
25,Sample_S19S_0079_Wat,271.1551343
51,Sample_S19S_0079_Wat,272.0412153
57,Sample_S19S_0079_Wat,272.0775888
14,Sample_S19S_0079_Wat,273.0074568
67,Sample_S19S_0079_Wat,273.0252099
60,Sample_S19S_0079_Wat,273.040478
17,Sample_S19S_0079_Wat,273.0438577
83,Sample_S19S_0079_Wat,273.061591
74,Sample_S19S_0079_Wat,273.0768603
83,Sample_S19S_0079_Wat,273.0979879
39,Sample_S19S_0079_Wat,273.1343844
35,Sample_S19S_0079_Wat,274.0357454
40,Sample_S19S_0079_Wat,274.0720917
40,Sample_S19S_0079_Wat,274.0932637
65,Sample_S19S_0079_Wat,275.0197425
21,Sample_S19S_0079_Wat,275.0231068
72,Sample_S19S_0079_Wat,275.0408652
73,Sample_S19S_0079_Wat,275.0561155
26,Sample_S19S_0079_Wat,275.0594984
17,Sample_S19S_0079_Wat,275.0673647
86,Sample_S19S_0079_Wat,275.0772487
77,Sample_S19S_0079_Wat,275.0925149
10,Sample_S19S_0079_Wat,275.1037747
70,Sample_S19S_0079_Wat,275.1136274
53,Sample_S19S_0079_Wat,275.1288873
38,Sample_S19S_0079_Wat,276.0513913
23,Sample_S19S_0079_Wat,276.108923
60,Sample_S19S_0079_Wat,276.9990278
92,Sample_S19S_0079_Wat,277.0354157
12,Sample_S19S_0079_Wat,277.046621
88,Sample_S19S_0079_Wat,277.0717892
25,Sample_S19S_0079_Wat,277.0751477
28,Sample_S19S_0079_Wat,277.0830242
85,Sample_S19S_0079_Wat,277.1081544
54,Sample_S19S_0079_Wat,277.1445377
34,Sample_S19S_0079_Wat,278.0306345
54,Sample_S19S_0079_Wat,278.0670289
41,Sample_S19S_0079_Wat,278.1034322
53,Sample_S19S_0079_Wat,279.0146331
95,Sample_S19S_0079_Wat,279.0510516
25,Sample_S19S_0079_Wat,279.0622836
61,Sample_S19S_0079_Wat,279.0874539
2,Sample_S19S_0079_Wat,279.0908266
29,Sample_S19S_0079_Wat,279.0986672
59,Sample_S19S_0079_Wat,279.1238221
43,Sample_S19S_0079_Wat,279.160186
3,Sample_S19S_0079_Wat,279.1635618
57,Sample_S19S_0079_Wat,280.0463018
67,Sample_S19S_0079_Wat,280.0826921
51,Sample_S19S_0079_Wat,280.1190492
89,Sample_S19S_0079_Wat,281.0303339
122,Sample_S19S_0079_Wat,281.0666829
33,Sample_S19S_0079_Wat,281.0779309
75,Sample_S19S_0079_Wat,281.1030502
73,Sample_S19S_0079_Wat,281.1394597
36,Sample_S19S_0079_Wat,282.025533
49,Sample_S19S_0079_Wat,282.0983548
75,Sample_S19S_0079_Wat,283.0095898
114,Sample_S19S_0079_Wat,283.0459554
17,Sample_S19S_0079_Wat,283.0571681
81,Sample_S19S_0079_Wat,283.0823169
25,Sample_S19S_0079_Wat,283.0935869
111,Sample_S19S_0079_Wat,283.118715
38,Sample_S19S_0079_Wat,283.1551309
46,Sample_S19S_0079_Wat,284.0412345
63,Sample_S19S_0079_Wat,284.0776208
49,Sample_S19S_0079_Wat,284.1139788
78,Sample_S19S_0079_Wat,285.025228
48,Sample_S19S_0079_Wat,285.0404866
84,Sample_S19S_0079_Wat,285.0616357
23,Sample_S19S_0079_Wat,285.0802217
43,Sample_S19S_0079_Wat,285.0980306
20,Sample_S19S_0079_Wat,285.1092216
8,Sample_S19S_0079_Wat,285.1262347
61,Sample_S19S_0079_Wat,285.1343948
47,Sample_S19S_0079_Wat,286.0568589
54,Sample_S19S_0079_Wat,286.0932539
59,Sample_S19S_0079_Wat,287.0197477
71,Sample_S19S_0079_Wat,287.0408776
62,Sample_S19S_0079_Wat,287.0561351
96,Sample_S19S_0079_Wat,287.0772537
59,Sample_S19S_0079_Wat,287.0925228
26,Sample_S19S_0079_Wat,287.0958808
13,Sample_S19S_0079_Wat,287.1037505
87,Sample_S19S_0079_Wat,287.1136282
59,Sample_S19S_0079_Wat,287.150015
35,Sample_S19S_0079_Wat,288.0513962
49,Sample_S19S_0079_Wat,288.0725046
39,Sample_S19S_0079_Wat,288.1089115
6,Sample_S19S_0079_Wat,288.1453272
77,Sample_S19S_0079_Wat,289.0354029
78,Sample_S19S_0079_Wat,289.0565242
95,Sample_S19S_0079_Wat,289.0717704
29,Sample_S19S_0079_Wat,289.0751476
20,Sample_S19S_0079_Wat,289.0830287
77,Sample_S19S_0079_Wat,289.0929075
65,Sample_S19S_0079_Wat,289.1081489
63,Sample_S19S_0079_Wat,289.1292776
22,Sample_S19S_0079_Wat,290.0669883
13,Sample_S19S_0079_Wat,290.0882083
51,Sample_S19S_0079_Wat,290.1033932
68,Sample_S19S_0079_Wat,291.0146759
91,Sample_S19S_0079_Wat,291.0510416
25,Sample_S19S_0079_Wat,291.0543989
23,Sample_S19S_0079_Wat,291.0622947
82,Sample_S19S_0079_Wat,291.0874132
21,Sample_S19S_0079_Wat,291.0986884
49,Sample_S19S_0079_Wat,291.1085682
64,Sample_S19S_0079_Wat,291.1237966
44,Sample_S19S_0079_Wat,291.1601932
41,Sample_S19S_0079_Wat,292.0462633
30,Sample_S19S_0079_Wat,292.1038307
2,Sample_S19S_0079_Wat,292.2129776
51,Sample_S19S_0079_Wat,292.9939323
88,Sample_S19S_0079_Wat,293.0303357
92,Sample_S19S_0079_Wat,293.0667099
14,Sample_S19S_0079_Wat,293.0700724
30,Sample_S19S_0079_Wat,293.0779374
102,Sample_S19S_0079_Wat,293.1030793
26,Sample_S19S_0079_Wat,293.1143295
75,Sample_S19S_0079_Wat,293.1394564
13,Sample_S19S_0079_Wat,293.1757942
1,Sample_S19S_0079_Wat,293.179192
12,Sample_S19S_0079_Wat,294.0255165
51,Sample_S19S_0079_Wat,294.0619153
56,Sample_S19S_0079_Wat,294.098304
44,Sample_S19S_0079_Wat,294.1347046
56,Sample_S19S_0079_Wat,295.0095496
93,Sample_S19S_0079_Wat,295.0459444
16,Sample_S19S_0079_Wat,295.0572284
119,Sample_S19S_0079_Wat,295.0823376
13,Sample_S19S_0079_Wat,295.093638
115,Sample_S19S_0079_Wat,295.1187213
1,Sample_S19S_0079_Wat,295.137392
16,Sample_S19S_0079_Wat,295.1398774
57,Sample_S19S_0079_Wat,295.1550986
41,Sample_S19S_0079_Wat,296.0411763
59,Sample_S19S_0079_Wat,296.0775656
43,Sample_S19S_0079_Wat,296.1139469
86,Sample_S19S_0079_Wat,297.025237
96,Sample_S19S_0079_Wat,297.0616262
30,Sample_S19S_0079_Wat,297.0728378
71,Sample_S19S_0079_Wat,297.0980154
24,Sample_S19S_0079_Wat,297.109248
44,Sample_S19S_0079_Wat,297.1344063
6,Sample_S19S_0079_Wat,297.1529844
20,Sample_S19S_0079_Wat,297.1707937
63,Sample_S19S_0079_Wat,298.0568737
62,Sample_S19S_0079_Wat,298.0932671
40,Sample_S19S_0079_Wat,298.1296449
20,Sample_S19S_0079_Wat,299.0045261
35,Sample_S19S_0079_Wat,299.0197546
81,Sample_S19S_0079_Wat,299.0408894
58,Sample_S19S_0079_Wat,299.05613
108,Sample_S19S_0079_Wat,299.0772616
26,Sample_S19S_0079_Wat,299.0884889
44,Sample_S19S_0079_Wat,299.0924991
12,Sample_S19S_0079_Wat,299.0958611
87,Sample_S19S_0079_Wat,299.1136455
72,Sample_S19S_0079_Wat,299.1500243
61,Sample_S19S_0079_Wat,300.0725
49,Sample_S19S_0079_Wat,300.1089049
25,Sample_S19S_0079_Wat,300.9989926
62,Sample_S19S_0079_Wat,301.0201601
60,Sample_S19S_0079_Wat,301.0353903
19,Sample_S19S_0079_Wat,301.0387674
76,Sample_S19S_0079_Wat,301.0565488
48,Sample_S19S_0079_Wat,301.071792
28,Sample_S19S_0079_Wat,301.0751454
68,Sample_S19S_0079_Wat,301.092932
31,Sample_S19S_0079_Wat,301.1081829
54,Sample_S19S_0079_Wat,301.129318
35,Sample_S19S_0079_Wat,301.1656955
25,Sample_S19S_0079_Wat,302.0306578
34,Sample_S19S_0079_Wat,302.0881947
30,Sample_S19S_0079_Wat,302.1245742
51,Sample_S19S_0079_Wat,303.0146906
59,Sample_S19S_0079_Wat,303.0357821
72,Sample_S19S_0079_Wat,303.0510433
34,Sample_S19S_0079_Wat,303.0544081
8,Sample_S19S_0079_Wat,303.0623453
83,Sample_S19S_0079_Wat,303.0721573
68,Sample_S19S_0079_Wat,303.0874395
30,Sample_S19S_0079_Wat,303.0907893
87,Sample_S19S_0079_Wat,303.1085414
55,Sample_S19S_0079_Wat,303.1238249
60,Sample_S19S_0079_Wat,303.1449308
39,Sample_S19S_0079_Wat,304.0462877
49,Sample_S19S_0079_Wat,304.0826613
33,Sample_S19S_0079_Wat,304.1038383
9,Sample_S19S_0079_Wat,304.1402446
84,Sample_S19S_0079_Wat,305.0303157
97,Sample_S19S_0079_Wat,305.0666877
29,Sample_S19S_0079_Wat,305.0700613
12,Sample_S19S_0079_Wat,305.0779953
47,Sample_S19S_0079_Wat,305.087829
83,Sample_S19S_0079_Wat,305.1030852
9,Sample_S19S_0079_Wat,305.1064563
13,Sample_S19S_0079_Wat,305.1143903
35,Sample_S19S_0079_Wat,305.1242388
59,Sample_S19S_0079_Wat,305.1394662
21,Sample_S19S_0079_Wat,306.0831168
57,Sample_S19S_0079_Wat,306.0983427
5,Sample_S19S_0079_Wat,306.1195211
51,Sample_S19S_0079_Wat,307.0095853
103,Sample_S19S_0079_Wat,307.0459779
12,Sample_S19S_0079_Wat,307.0572343
68,Sample_S19S_0079_Wat,307.0823737
25,Sample_S19S_0079_Wat,307.0936059
47,Sample_S19S_0079_Wat,307.1187572
38,Sample_S19S_0079_Wat,307.1551342
2,Sample_S19S_0079_Wat,307.1585022
1,Sample_S19S_0079_Wat,307.194883
61,Sample_S19S_0079_Wat,308.0412303
66,Sample_S19S_0079_Wat,308.0775973
3,Sample_S19S_0079_Wat,308.098784
57,Sample_S19S_0079_Wat,308.1139545
88,Sample_S19S_0079_Wat,309.0252469
119,Sample_S19S_0079_Wat,309.0616036
24,Sample_S19S_0079_Wat,309.0728691
109,Sample_S19S_0079_Wat,309.0979773
18,Sample_S19S_0079_Wat,309.1013433
12,Sample_S19S_0079_Wat,309.1092661
91,Sample_S19S_0079_Wat,309.1343649
3,Sample_S19S_0079_Wat,309.1530159
42,Sample_S19S_0079_Wat,309.1707647
3,Sample_S19S_0079_Wat,309.1741269
62,Sample_S19S_0079_Wat,310.0568411
66,Sample_S19S_0079_Wat,310.0932206
54,Sample_S19S_0079_Wat,310.1296176
64,Sample_S19S_0079_Wat,311.0045073
93,Sample_S19S_0079_Wat,311.0408991
105,Sample_S19S_0079_Wat,311.0772659
33,Sample_S19S_0079_Wat,311.0885065
10,Sample_S19S_0079_Wat,311.0958599
14,Sample_S19S_0079_Wat,311.105537
133,Sample_S19S_0079_Wat,311.1136352
31,Sample_S19S_0079_Wat,311.1248899
76,Sample_S19S_0079_Wat,311.1500195
1,Sample_S19S_0079_Wat,311.1686157
41,Sample_S19S_0079_Wat,312.0361043
64,Sample_S19S_0079_Wat,312.0725103
65,Sample_S19S_0079_Wat,313.0201379
36,Sample_S19S_0079_Wat,313.0353909
87,Sample_S19S_0079_Wat,313.0565398
31,Sample_S19S_0079_Wat,313.071764
86,Sample_S19S_0079_Wat,313.0929245
35,Sample_S19S_0079_Wat,313.1041391
11,Sample_S19S_0079_Wat,313.1115031
78,Sample_S19S_0079_Wat,313.1293014
54,Sample_S19S_0079_Wat,314.0517902
66,Sample_S19S_0079_Wat,314.0881771
54,Sample_S19S_0079_Wat,314.1245573
42,Sample_S19S_0079_Wat,315.0146824
70,Sample_S19S_0079_Wat,315.035781
60,Sample_S19S_0079_Wat,315.0510397
34,Sample_S19S_0079_Wat,315.0544106
80,Sample_S19S_0079_Wat,315.0721791
31,Sample_S19S_0079_Wat,315.0873994
2,Sample_S19S_0079_Wat,315.0987828
69,Sample_S19S_0079_Wat,315.1085755
57,Sample_S19S_0079_Wat,315.1238052
54,Sample_S19S_0079_Wat,315.1449559
29,Sample_S19S_0079_Wat,315.1813307
44,Sample_S19S_0079_Wat,316.0674166
45,Sample_S19S_0079_Wat,316.0826874
61,Sample_S19S_0079_Wat,316.1038062
30,Sample_S19S_0079_Wat,316.1402237
58,Sample_S19S_0079_Wat,317.0303382
71,Sample_S19S_0079_Wat,317.0514233
80,Sample_S19S_0079_Wat,317.0666936
28,Sample_S19S_0079_Wat,317.0700656
7,Sample_S19S_0079_Wat,317.0780371
93,Sample_S19S_0079_Wat,317.0878157
60,Sample_S19S_0079_Wat,317.1030588
10,Sample_S19S_0079_Wat,317.1143954
54,Sample_S19S_0079_Wat,317.124227
60,Sample_S19S_0079_Wat,317.1394552
37,Sample_S19S_0079_Wat,317.1606071
18,Sample_S19S_0079_Wat,318.0255948
51,Sample_S19S_0079_Wat,318.0619419
21,Sample_S19S_0079_Wat,318.0831173
44,Sample_S19S_0079_Wat,318.0982984
25,Sample_S19S_0079_Wat,318.1194966
40,Sample_S19S_0079_Wat,319.009608
26,Sample_S19S_0079_Wat,319.0460069
8,Sample_S19S_0079_Wat,319.0573003
45,Sample_S19S_0079_Wat,319.0670953
77,Sample_S19S_0079_Wat,319.0823624
30,Sample_S19S_0079_Wat,319.0857041
7,Sample_S19S_0079_Wat,319.0936659
43,Sample_S19S_0079_Wat,319.103481
86,Sample_S19S_0079_Wat,319.1187158
6,Sample_S19S_0079_Wat,319.1300522
42,Sample_S19S_0079_Wat,319.139868
54,Sample_S19S_0079_Wat,319.1551015
51,Sample_S19S_0079_Wat,320.0412195
45,Sample_S19S_0079_Wat,320.0776287
22,Sample_S19S_0079_Wat,320.0987676
22,Sample_S19S_0079_Wat,320.1140206
24,Sample_S19S_0079_Wat,320.1351354
78,Sample_S19S_0079_Wat,321.0252313
78,Sample_S19S_0079_Wat,321.0616406
13,Sample_S19S_0079_Wat,321.0728956
45,Sample_S19S_0079_Wat,321.0980285
5,Sample_S19S_0079_Wat,321.1013887
12,Sample_S19S_0079_Wat,321.1093021
69,Sample_S19S_0079_Wat,321.1343949
40,Sample_S19S_0079_Wat,321.1707672
59,Sample_S19S_0079_Wat,322.0568903
64,Sample_S19S_0079_Wat,322.0932669
7,Sample_S19S_0079_Wat,322.1144282
59,Sample_S19S_0079_Wat,323.0044879
83,Sample_S19S_0079_Wat,323.0408542
11,Sample_S19S_0079_Wat,323.0521494
111,Sample_S19S_0079_Wat,323.0772527
8,Sample_S19S_0079_Wat,323.0805863
37,Sample_S19S_0079_Wat,323.0884973
61,Sample_S19S_0079_Wat,323.1136726
23,Sample_S19S_0079_Wat,323.1249109
55,Sample_S19S_0079_Wat,323.1500462
2,Sample_S19S_0079_Wat,323.1686736
30,Sample_S19S_0079_Wat,323.1864241
44,Sample_S19S_0079_Wat,324.0361498
68,Sample_S19S_0079_Wat,324.0725027
62,Sample_S19S_0079_Wat,324.108871
21,Sample_S19S_0079_Wat,325.0201894
94,Sample_S19S_0079_Wat,325.0565425
11,Sample_S19S_0079_Wat,325.0678176
116,Sample_S19S_0079_Wat,325.0928926
33,Sample_S19S_0079_Wat,325.1041654
86,Sample_S19S_0079_Wat,325.1292996
37,Sample_S19S_0079_Wat,325.1657004
1,Sample_S19S_0079_Wat,325.1842438
46,Sample_S19S_0079_Wat,326.0518083
69,Sample_S19S_0079_Wat,326.0881656
56,Sample_S19S_0079_Wat,326.1245662
75,Sample_S19S_0079_Wat,327.035782
44,Sample_S19S_0079_Wat,327.0510536
77,Sample_S19S_0079_Wat,327.0722018
30,Sample_S19S_0079_Wat,327.0834311
52,Sample_S19S_0079_Wat,327.0874372
78,Sample_S19S_0079_Wat,327.1085831
8,Sample_S19S_0079_Wat,327.1198419
74,Sample_S19S_0079_Wat,327.1449492
52,Sample_S19S_0079_Wat,328.067419
67,Sample_S19S_0079_Wat,328.1037984
31,Sample_S19S_0079_Wat,328.140231
16,Sample_S19S_0079_Wat,329.0151141
52,Sample_S19S_0079_Wat,329.0303285
51,Sample_S19S_0079_Wat,329.0514722
25,Sample_S19S_0079_Wat,329.0667319
32,Sample_S19S_0079_Wat,329.0700573
107,Sample_S19S_0079_Wat,329.0878075
50,Sample_S19S_0079_Wat,329.1030905
26,Sample_S19S_0079_Wat,329.1064332
73,Sample_S19S_0079_Wat,329.1242163
15,Sample_S19S_0079_Wat,329.1394079
2,Sample_S19S_0079_Wat,329.145371
1,Sample_S19S_0079_Wat,329.152419
29,Sample_S19S_0079_Wat,330.0831155
54,Sample_S19S_0079_Wat,330.1194763
33,Sample_S19S_0079_Wat,331.0095615
58,Sample_S19S_0079_Wat,331.0307044
40,Sample_S19S_0079_Wat,331.0459941
68,Sample_S19S_0079_Wat,331.0670688
66,Sample_S19S_0079_Wat,331.0823608
3,Sample_S19S_0079_Wat,331.0937101
51,Sample_S19S_0079_Wat,331.1034998
72,Sample_S19S_0079_Wat,331.1187275
8,Sample_S19S_0079_Wat,331.122066
25,Sample_S19S_0079_Wat,331.1399002
17,Sample_S19S_0079_Wat,331.155166
34,Sample_S19S_0079_Wat,332.0412408
54,Sample_S19S_0079_Wat,332.0775831
44,Sample_S19S_0079_Wat,332.0987468
34,Sample_S19S_0079_Wat,332.1351167
31,Sample_S19S_0079_Wat,333.0252702
38,Sample_S19S_0079_Wat,333.0463704
41,Sample_S19S_0079_Wat,333.0616512
3,Sample_S19S_0079_Wat,333.0729806
40,Sample_S19S_0079_Wat,333.08277
79,Sample_S19S_0079_Wat,333.0980074
23,Sample_S19S_0079_Wat,333.1013488
6,Sample_S19S_0079_Wat,333.109335
11,Sample_S19S_0079_Wat,333.1191757
35,Sample_S19S_0079_Wat,333.1344131
28,Sample_S19S_0079_Wat,333.1707943
56,Sample_S19S_0079_Wat,334.0568812
39,Sample_S19S_0079_Wat,334.0932769
14,Sample_S19S_0079_Wat,334.1144217
3,Sample_S19S_0079_Wat,334.1508295
48,Sample_S19S_0079_Wat,335.004499
55,Sample_S19S_0079_Wat,335.0409093
9,Sample_S19S_0079_Wat,335.0521847
91,Sample_S19S_0079_Wat,335.0772597
23,Sample_S19S_0079_Wat,335.0806299
55,Sample_S19S_0079_Wat,335.1136067
13,Sample_S19S_0079_Wat,335.124927
62,Sample_S19S_0079_Wat,335.150042
34,Sample_S19S_0079_Wat,335.1864245
1,Sample_S19S_0079_Wat,335.2358032
23,Sample_S19S_0079_Wat,336.0361684
34,Sample_S19S_0079_Wat,336.0725571
1,Sample_S19S_0079_Wat,336.0937181
60,Sample_S19S_0079_Wat,336.1089144
3,Sample_S19S_0079_Wat,336.1301036
72,Sample_S19S_0079_Wat,337.0201415
63,Sample_S19S_0079_Wat,337.0564852
24,Sample_S19S_0079_Wat,337.0677837
17,Sample_S19S_0079_Wat,337.0695448
110,Sample_S19S_0079_Wat,337.0929176
14,Sample_S19S_0079_Wat,337.1041904
106,Sample_S19S_0079_Wat,337.1292866
55,Sample_S19S_0079_Wat,337.1656867
2,Sample_S19S_0079_Wat,337.1842796
6,Sample_S19S_0079_Wat,337.2021218
16,Sample_S19S_0079_Wat,338.0518396
72,Sample_S19S_0079_Wat,338.0881798
45,Sample_S19S_0079_Wat,338.1245766
16,Sample_S19S_0079_Wat,338.160969
75,Sample_S19S_0079_Wat,339.0357996
117,Sample_S19S_0079_Wat,339.0721726
11,Sample_S19S_0079_Wat,339.0834699
118,Sample_S19S_0079_Wat,339.1085453
30,Sample_S19S_0079_Wat,339.1198231
39,Sample_S19S_0079_Wat,339.1449816
3,Sample_S19S_0079_Wat,339.1660725
37,Sample_S19S_0079_Wat,339.1813533
2,Sample_S19S_0079_Wat,339.1999929
37,Sample_S19S_0079_Wat,340.0310651
20,Sample_S19S_0079_Wat,340.0674792
66,Sample_S19S_0079_Wat,340.1038147
54,Sample_S19S_0079_Wat,340.1401964
60,Sample_S19S_0079_Wat,341.0150623
26,Sample_S19S_0079_Wat,341.0302897
74,Sample_S19S_0079_Wat,341.0514621
29,Sample_S19S_0079_Wat,341.0667303
115,Sample_S19S_0079_Wat,341.0878109
2,Sample_S19S_0079_Wat,341.0910268
25,Sample_S19S_0079_Wat,341.0990914
17,Sample_S19S_0079_Wat,341.100854
40,Sample_S19S_0079_Wat,341.12425
37,Sample_S19S_0079_Wat,341.1354562
51,Sample_S19S_0079_Wat,341.1606173
36,Sample_S19S_0079_Wat,342.0467143
63,Sample_S19S_0079_Wat,342.0830768
50,Sample_S19S_0079_Wat,342.1194926
19,Sample_S19S_0079_Wat,343.0096148
61,Sample_S19S_0079_Wat,343.0307124
46,Sample_S19S_0079_Wat,343.0459579
55,Sample_S19S_0079_Wat,343.067113
6,Sample_S19S_0079_Wat,343.0783969
17,Sample_S19S_0079_Wat,343.0823925
31,Sample_S19S_0079_Wat,343.0857039
104,Sample_S19S_0079_Wat,343.1034685
38,Sample_S19S_0079_Wat,343.1187422
18,Sample_S19S_0079_Wat,343.1399075
26,Sample_S19S_0079_Wat,343.1551386
41,Sample_S19S_0079_Wat,343.1762631
24,Sample_S19S_0079_Wat,344.0412523
47,Sample_S19S_0079_Wat,344.0623517
43,Sample_S19S_0079_Wat,344.0987606
4,Sample_S19S_0079_Wat,344.1350437
13,Sample_S19S_0079_Wat,344.1715382
53,Sample_S19S_0079_Wat,345.0252491
55,Sample_S19S_0079_Wat,345.0463327
67,Sample_S19S_0079_Wat,345.0616254
24,Sample_S19S_0079_Wat,345.0649742
57,Sample_S19S_0079_Wat,345.0827674
62,Sample_S19S_0079_Wat,345.0980089
14,Sample_S19S_0079_Wat,345.1013399
58,Sample_S19S_0079_Wat,345.1191373
20,Sample_S19S_0079_Wat,345.1344288
32,Sample_S19S_0079_Wat,345.1555412
39,Sample_S19S_0079_Wat,345.170772
7,Sample_S19S_0079_Wat,345.2071936
31,Sample_S19S_0079_Wat,346.0569005
34,Sample_S19S_0079_Wat,346.07802
55,Sample_S19S_0079_Wat,346.0932318
48,Sample_S19S_0079_Wat,346.1143644
27,Sample_S19S_0079_Wat,346.1507606
2,Sample_S19S_0079_Wat,346.2154294
43,Sample_S19S_0079_Wat,347.0045152
72,Sample_S19S_0079_Wat,347.0408756
39,Sample_S19S_0079_Wat,347.0620279
94,Sample_S19S_0079_Wat,347.0772564
7,Sample_S19S_0079_Wat,347.0805924
7,Sample_S19S_0079_Wat,347.0885951
29,Sample_S19S_0079_Wat,347.0903002
66,Sample_S19S_0079_Wat,347.0983726
42,Sample_S19S_0079_Wat,347.1136821
24,Sample_S19S_0079_Wat,347.1170036
3,Sample_S19S_0079_Wat,347.1250187
29,Sample_S19S_0079_Wat,347.1348045
69,Sample_S19S_0079_Wat,347.1500262
11,Sample_S19S_0079_Wat,347.1864695
34,Sample_S19S_0079_Wat,348.0361356
28,Sample_S19S_0079_Wat,348.0725611
59,Sample_S19S_0079_Wat,348.1089104
12,Sample_S19S_0079_Wat,348.1300774
3,Sample_S19S_0079_Wat,348.231087
60,Sample_S19S_0079_Wat,349.0201636
23,Sample_S19S_0079_Wat,349.0564693
3,Sample_S19S_0079_Wat,349.0598406
7,Sample_S19S_0079_Wat,349.0678584
80,Sample_S19S_0079_Wat,349.0929209
4,Sample_S19S_0079_Wat,349.0962266
12,Sample_S19S_0079_Wat,349.1042255
23,Sample_S19S_0079_Wat,349.1059291
18,Sample_S19S_0079_Wat,349.1139524
83,Sample_S19S_0079_Wat,349.129303
61,Sample_S19S_0079_Wat,349.1656793
13,Sample_S19S_0079_Wat,349.2021049
16,Sample_S19S_0079_Wat,350.0518357
67,Sample_S19S_0079_Wat,350.0881844
22,Sample_S19S_0079_Wat,350.1245924
20,Sample_S19S_0079_Wat,350.1457077
76,Sample_S19S_0079_Wat,351.0357871
11,Sample_S19S_0079_Wat,351.0488144
86,Sample_S19S_0079_Wat,351.0721501
53,Sample_S19S_0079_Wat,351.1085115
15,Sample_S19S_0079_Wat,351.1198443
25,Sample_S19S_0079_Wat,351.121581
48,Sample_S19S_0079_Wat,351.1449775
48,Sample_S19S_0079_Wat,351.1813076
2,Sample_S19S_0079_Wat,351.2307319
1,Sample_S19S_0079_Wat,351.2500934
31,Sample_S19S_0079_Wat,352.0310225
28,Sample_S19S_0079_Wat,352.0674721
64,Sample_S19S_0079_Wat,352.1038206
35,Sample_S19S_0079_Wat,352.140233
58,Sample_S19S_0079_Wat,353.0150696
51,Sample_S19S_0079_Wat,353.0514753
114,Sample_S19S_0079_Wat,353.0878166
17,Sample_S19S_0079_Wat,353.0990962
13,Sample_S19S_0079_Wat,353.1008561
79,Sample_S19S_0079_Wat,353.124233
9,Sample_S19S_0079_Wat,353.1354923
53,Sample_S19S_0079_Wat,353.1605629
30,Sample_S19S_0079_Wat,353.1970034
3,Sample_S19S_0079_Wat,353.2003494
2,Sample_S19S_0079_Wat,353.2155648
44,Sample_S19S_0079_Wat,354.0467104
73,Sample_S19S_0079_Wat,354.0830704
60,Sample_S19S_0079_Wat,354.1194893
54,Sample_S19S_0079_Wat,354.1558443
62,Sample_S19S_0079_Wat,355.0306981
35,Sample_S19S_0079_Wat,355.0459559
76,Sample_S19S_0079_Wat,355.0671162
6,Sample_S19S_0079_Wat,355.0784081
106,Sample_S19S_0079_Wat,355.1034699
4,Sample_S19S_0079_Wat,355.1066216
43,Sample_S19S_0079_Wat,355.1147135
25,Sample_S19S_0079_Wat,355.1399086
47,Sample_S19S_0079_Wat,355.1762476
64,Sample_S19S_0079_Wat,356.0623586
31,Sample_S19S_0079_Wat,356.0987693
53,Sample_S19S_0079_Wat,356.1350838
32,Sample_S19S_0079_Wat,356.1715182
47,Sample_S19S_0079_Wat,357.009976
30,Sample_S19S_0079_Wat,357.0251986
64,Sample_S19S_0079_Wat,357.046323
48,Sample_S19S_0079_Wat,357.061636
92,Sample_S19S_0079_Wat,357.0827228
25,Sample_S19S_0079_Wat,357.093958
45,Sample_S19S_0079_Wat,357.0979761
2,Sample_S19S_0079_Wat,357.1012479
25,Sample_S19S_0079_Wat,357.1110353
100,Sample_S19S_0079_Wat,357.1191097
30,Sample_S19S_0079_Wat,357.134414
69,Sample_S19S_0079_Wat,357.1554992
33,Sample_S19S_0079_Wat,357.191896
54,Sample_S19S_0079_Wat,358.077999
23,Sample_S19S_0079_Wat,358.1507103
10,Sample_S19S_0079_Wat,358.2235211
11,Sample_S19S_0079_Wat,359.0256737
17,Sample_S19S_0079_Wat,359.0409252
65,Sample_S19S_0079_Wat,359.0619959
54,Sample_S19S_0079_Wat,359.077285
35,Sample_S19S_0079_Wat,359.0806207
35,Sample_S19S_0079_Wat,359.0984239
56,Sample_S19S_0079_Wat,359.1347452
61,Sample_S19S_0079_Wat,359.1500213
42,Sample_S19S_0079_Wat,359.1711775
1,Sample_S19S_0079_Wat,359.2106313
35,Sample_S19S_0079_Wat,360.093678
40,Sample_S19S_0079_Wat,360.108919
5,Sample_S19S_0079_Wat,360.1299489
24,Sample_S19S_0079_Wat,360.1664452
50,Sample_S19S_0079_Wat,361.0201475
51,Sample_S19S_0079_Wat,361.0412698
57,Sample_S19S_0079_Wat,361.056505
7,Sample_S19S_0079_Wat,361.0678574
17,Sample_S19S_0079_Wat,361.069538
42,Sample_S19S_0079_Wat,361.077621
74,Sample_S19S_0079_Wat,361.0929312
36,Sample_S19S_0079_Wat,361.0962708
47,Sample_S19S_0079_Wat,361.1140532
95,Sample_S19S_0079_Wat,361.1292859
37,Sample_S19S_0079_Wat,361.1423317
55,Sample_S19S_0079_Wat,361.1504109
42,Sample_S19S_0079_Wat,361.1657046
69,Sample_S19S_0079_Wat,362.0881611
18,Sample_S19S_0079_Wat,362.1093336
7,Sample_S19S_0079_Wat,362.1246138
71,Sample_S19S_0079_Wat,363.0357881
48,Sample_S19S_0079_Wat,363.0722122
3,Sample_S19S_0079_Wat,363.0835367
31,Sample_S19S_0079_Wat,363.0932688
87,Sample_S19S_0079_Wat,363.108539
1,Sample_S19S_0079_Wat,363.1118361
11,Sample_S19S_0079_Wat,363.1198751
23,Sample_S19S_0079_Wat,363.1215932
38,Sample_S19S_0079_Wat,363.1449786
29,Sample_S19S_0079_Wat,363.1812892
62,Sample_S19S_0079_Wat,364.0674047
18,Sample_S19S_0079_Wat,364.0885367
60,Sample_S19S_0079_Wat,364.1038292
64,Sample_S19S_0079_Wat,364.1401707
19,Sample_S19S_0079_Wat,364.1613157
2,Sample_S19S_0079_Wat,364.2259804
57,Sample_S19S_0079_Wat,365.015069
27,Sample_S19S_0079_Wat,365.0513776
95,Sample_S19S_0079_Wat,365.0878382
11,Sample_S19S_0079_Wat,365.0991282
31,Sample_S19S_0079_Wat,365.1008669
50,Sample_S19S_0079_Wat,365.1241727
21,Sample_S19S_0079_Wat,365.137244
25,Sample_S19S_0079_Wat,365.1606438
37,Sample_S19S_0079_Wat,365.1969623
14,Sample_S19S_0079_Wat,365.2100088
75,Sample_S19S_0079_Wat,366.0830912
68,Sample_S19S_0079_Wat,366.1194629
7,Sample_S19S_0079_Wat,366.1325089
9,Sample_S19S_0079_Wat,366.1558943
65,Sample_S19S_0079_Wat,367.0306865
97,Sample_S19S_0079_Wat,367.0671094
9,Sample_S19S_0079_Wat,367.0784012
13,Sample_S19S_0079_Wat,367.0801169
115,Sample_S19S_0079_Wat,367.1034613
21,Sample_S19S_0079_Wat,367.1147643
21,Sample_S19S_0079_Wat,367.1165264
14,Sample_S19S_0079_Wat,367.1399195
50,Sample_S19S_0079_Wat,367.1762158
25,Sample_S19S_0079_Wat,367.2126519
23,Sample_S19S_0079_Wat,368.0623951
87,Sample_S19S_0079_Wat,368.0987097
56,Sample_S19S_0079_Wat,368.1351331
52,Sample_S19S_0079_Wat,369.0099679
18,Sample_S19S_0079_Wat,369.0252119
51,Sample_S19S_0079_Wat,369.0463181
46,Sample_S19S_0079_Wat,369.061629
87,Sample_S19S_0079_Wat,369.0827443
2,Sample_S19S_0079_Wat,369.0858916
23,Sample_S19S_0079_Wat,369.111039
27,Sample_S19S_0079_Wat,369.1190631
1,Sample_S19S_0079_Wat,369.1222192
65,Sample_S19S_0079_Wat,369.1555194
19,Sample_S19S_0079_Wat,369.1837969
17,Sample_S19S_0079_Wat,369.1918398
64,Sample_S19S_0079_Wat,370.0779692
43,Sample_S19S_0079_Wat,370.1507341
24,Sample_S19S_0079_Wat,371.0255725
38,Sample_S19S_0079_Wat,371.0408802
75,Sample_S19S_0079_Wat,371.0620102
19,Sample_S19S_0079_Wat,371.0902981
44,Sample_S19S_0079_Wat,371.0983408
3,Sample_S19S_0079_Wat,371.1014586
44,Sample_S19S_0079_Wat,371.1136558
60,Sample_S19S_0079_Wat,371.1347918
48,Sample_S19S_0079_Wat,371.1500297
51,Sample_S19S_0079_Wat,371.171134
38,Sample_S19S_0079_Wat,372.0572277
8,Sample_S19S_0079_Wat,372.0855522
59,Sample_S19S_0079_Wat,372.1300076
39,Sample_S19S_0079_Wat,372.1663973
29,Sample_S19S_0079_Wat,373.0201141
49,Sample_S19S_0079_Wat,373.0412407
61,Sample_S19S_0079_Wat,373.0565482
7,Sample_S19S_0079_Wat,373.0599109
36,Sample_S19S_0079_Wat,373.0776886
43,Sample_S19S_0079_Wat,373.09294
8,Sample_S19S_0079_Wat,373.0962346
29,Sample_S19S_0079_Wat,373.1059583
62,Sample_S19S_0079_Wat,373.1140108
3,Sample_S19S_0079_Wat,373.1171335
17,Sample_S19S_0079_Wat,373.1504711
17,Sample_S19S_0079_Wat,373.1657318
38,Sample_S19S_0079_Wat,373.1867821
9,Sample_S19S_0079_Wat,374.0729636
3,Sample_S19S_0079_Wat,374.1011509
42,Sample_S19S_0079_Wat,374.1456527
13,Sample_S19S_0079_Wat,374.1820296
24,Sample_S19S_0079_Wat,375.0358416
18,Sample_S19S_0079_Wat,375.0569615
67,Sample_S19S_0079_Wat,375.0721973
8,Sample_S19S_0079_Wat,375.0834994
27,Sample_S19S_0079_Wat,375.0852221
48,Sample_S19S_0079_Wat,375.0932745
4,Sample_S19S_0079_Wat,375.0964463
35,Sample_S19S_0079_Wat,375.1297066
77,Sample_S19S_0079_Wat,375.1449442
32,Sample_S19S_0079_Wat,375.1579842
23,Sample_S19S_0079_Wat,375.1660121
32,Sample_S19S_0079_Wat,375.1812892
24,Sample_S19S_0079_Wat,375.194367
22,Sample_S19S_0079_Wat,376.031082
46,Sample_S19S_0079_Wat,376.0674564
33,Sample_S19S_0079_Wat,376.1249335
34,Sample_S19S_0079_Wat,377.0150486
81,Sample_S19S_0079_Wat,377.0514538
3,Sample_S19S_0079_Wat,377.0627857
34,Sample_S19S_0079_Wat,377.0725712
63,Sample_S19S_0079_Wat,377.0877952
1,Sample_S19S_0079_Wat,377.0911145
14,Sample_S19S_0079_Wat,377.0991254
21,Sample_S19S_0079_Wat,377.100823
97,Sample_S19S_0079_Wat,377.1241915
12,Sample_S19S_0079_Wat,377.1355192
29,Sample_S19S_0079_Wat,377.1372608
57,Sample_S19S_0079_Wat,377.1606102
25,Sample_S19S_0079_Wat,377.1735945
22,Sample_S19S_0079_Wat,377.1969233
17,Sample_S19S_0079_Wat,378.0466478
51,Sample_S19S_0079_Wat,378.0831073
80,Sample_S19S_0079_Wat,378.1194361
56,Sample_S19S_0079_Wat,378.1558494
4,Sample_S19S_0079_Wat,378.2052199
2,Sample_S19S_0079_Wat,378.2416575
66,Sample_S19S_0079_Wat,379.0307221
30,Sample_S19S_0079_Wat,379.0670295
26,Sample_S19S_0079_Wat,379.0783458
19,Sample_S19S_0079_Wat,379.0800689
115,Sample_S19S_0079_Wat,379.1034645
3,Sample_S19S_0079_Wat,379.1067259
16,Sample_S19S_0079_Wat,379.1147799
31,Sample_S19S_0079_Wat,379.1165229
94,Sample_S19S_0079_Wat,379.1398402
27,Sample_S19S_0079_Wat,379.1528588
63,Sample_S19S_0079_Wat,379.1762343
23,Sample_S19S_0079_Wat,379.1892722
21,Sample_S19S_0079_Wat,379.2126518
75,Sample_S19S_0079_Wat,380.0987084
80,Sample_S19S_0079_Wat,380.1350974
27,Sample_S19S_0079_Wat,380.1715321
14,Sample_S19S_0079_Wat,381.0099072
71,Sample_S19S_0079_Wat,381.0463502
32,Sample_S19S_0079_Wat,381.0826619
40,Sample_S19S_0079_Wat,381.0939738
105,Sample_S19S_0079_Wat,381.1191186
27,Sample_S19S_0079_Wat,381.1321708
88,Sample_S19S_0079_Wat,381.1555031
13,Sample_S19S_0079_Wat,381.1684945
40,Sample_S19S_0079_Wat,381.1918695
35,Sample_S19S_0079_Wat,382.0415806
65,Sample_S19S_0079_Wat,382.0779661
78,Sample_S19S_0079_Wat,382.1143936
18,Sample_S19S_0079_Wat,382.1507159
31,Sample_S19S_0079_Wat,383.0255766
7,Sample_S19S_0079_Wat,383.040804
44,Sample_S19S_0079_Wat,383.0619616
105,Sample_S19S_0079_Wat,383.0983806
23,Sample_S19S_0079_Wat,383.1095949
28,Sample_S19S_0079_Wat,383.1266887
37,Sample_S19S_0079_Wat,383.1347075
36,Sample_S19S_0079_Wat,383.1711132
39,Sample_S19S_0079_Wat,383.2075249
35,Sample_S19S_0079_Wat,384.0572385
63,Sample_S19S_0079_Wat,384.0936599
42,Sample_S19S_0079_Wat,384.1664077
15,Sample_S19S_0079_Wat,385.0201172
25,Sample_S19S_0079_Wat,385.0412026
39,Sample_S19S_0079_Wat,385.0564963
82,Sample_S19S_0079_Wat,385.0776412
32,Sample_S19S_0079_Wat,385.0888784
59,Sample_S19S_0079_Wat,385.0929264
40,Sample_S19S_0079_Wat,385.1139909
5,Sample_S19S_0079_Wat,385.1171124
33,Sample_S19S_0079_Wat,385.1292595
27,Sample_S19S_0079_Wat,385.1423072
43,Sample_S19S_0079_Wat,385.1503825
36,Sample_S19S_0079_Wat,385.1868285
45,Sample_S19S_0079_Wat,386.0728862
58,Sample_S19S_0079_Wat,386.1093009
41,Sample_S19S_0079_Wat,386.1820531
30,Sample_S19S_0079_Wat,387.0205032
54,Sample_S19S_0079_Wat,387.0358113
24,Sample_S19S_0079_Wat,387.0568488
16,Sample_S19S_0079_Wat,387.0721252
20,Sample_S19S_0079_Wat,387.0851909
33,Sample_S19S_0079_Wat,387.0932457
2,Sample_S19S_0079_Wat,387.0962706
81,Sample_S19S_0079_Wat,387.1085636
86,Sample_S19S_0079_Wat,387.1296791
24,Sample_S19S_0079_Wat,387.1579654
15,Sample_S19S_0079_Wat,387.1659841
26,Sample_S19S_0079_Wat,387.1812925
21,Sample_S19S_0079_Wat,387.19436
35,Sample_S19S_0079_Wat,387.2024406
56,Sample_S19S_0079_Wat,388.0674506
45,Sample_S19S_0079_Wat,388.1037783
51,Sample_S19S_0079_Wat,388.1249219
27,Sample_S19S_0079_Wat,389.0150297
30,Sample_S19S_0079_Wat,389.036144
52,Sample_S19S_0079_Wat,389.051417
13,Sample_S19S_0079_Wat,389.0644457
21,Sample_S19S_0079_Wat,389.0724972
79,Sample_S19S_0079_Wat,389.0878118
26,Sample_S19S_0079_Wat,389.1008827
34,Sample_S19S_0079_Wat,389.108981
2,Sample_S19S_0079_Wat,389.1120281
91,Sample_S19S_0079_Wat,389.1242045
24,Sample_S19S_0079_Wat,389.1372295
18,Sample_S19S_0079_Wat,389.1452618
32,Sample_S19S_0079_Wat,389.1605387
24,Sample_S19S_0079_Wat,389.1736085
37,Sample_S19S_0079_Wat,389.1969883
28,Sample_S19S_0079_Wat,390.0466839
74,Sample_S19S_0079_Wat,390.083092
26,Sample_S19S_0079_Wat,391.0307447
49,Sample_S19S_0079_Wat,391.0670531
17,Sample_S19S_0079_Wat,391.0881255
52,Sample_S19S_0079_Wat,391.1034381
27,Sample_S19S_0079_Wat,391.1245591
49,Sample_S19S_0079_Wat,391.1398852
19,Sample_S19S_0079_Wat,391.1528412
37,Sample_S19S_0079_Wat,391.1762035
15,Sample_S19S_0079_Wat,391.1892281
34,Sample_S19S_0079_Wat,391.212612
7,Sample_S19S_0079_Wat,391.2256863
48,Sample_S19S_0079_Wat,392.06231
69,Sample_S19S_0079_Wat,392.098752
24,Sample_S19S_0079_Wat,392.1198706
64,Sample_S19S_0079_Wat,392.1351125
11,Sample_S19S_0079_Wat,393.010021
45,Sample_S19S_0079_Wat,393.0463154
11,Sample_S19S_0079_Wat,393.0593644
78,Sample_S19S_0079_Wat,393.0827628
9,Sample_S19S_0079_Wat,393.0940727
91,Sample_S19S_0079_Wat,393.1191285
22,Sample_S19S_0079_Wat,393.1321265
1,Sample_S19S_0079_Wat,393.1475032
44,Sample_S19S_0079_Wat,393.1554711
19,Sample_S19S_0079_Wat,393.1685262
22,Sample_S19S_0079_Wat,393.1919402
18,Sample_S19S_0079_Wat,393.2049392
34,Sample_S19S_0079_Wat,394.0415806
33,Sample_S19S_0079_Wat,394.078026
47,Sample_S19S_0079_Wat,394.1144108
33,Sample_S19S_0079_Wat,395.0255818
62,Sample_S19S_0079_Wat,395.0619708
53,Sample_S19S_0079_Wat,395.0984243
118,Sample_S19S_0079_Wat,395.1347697
23,Sample_S19S_0079_Wat,395.1477706
48,Sample_S19S_0079_Wat,395.171191
13,Sample_S19S_0079_Wat,395.2075813
2,Sample_S19S_0079_Wat,395.2317962
59,Sample_S19S_0079_Wat,396.0936653
40,Sample_S19S_0079_Wat,396.13006
63,Sample_S19S_0079_Wat,396.1664019
50,Sample_S19S_0079_Wat,397.0412485
35,Sample_S19S_0079_Wat,397.0565368
31,Sample_S19S_0079_Wat,397.0775828
20,Sample_S19S_0079_Wat,397.1059758
72,Sample_S19S_0079_Wat,397.1140135
46,Sample_S19S_0079_Wat,397.1252995
90,Sample_S19S_0079_Wat,397.1504225
28,Sample_S19S_0079_Wat,397.1867602
55,Sample_S19S_0079_Wat,398.0729329
68,Sample_S19S_0079_Wat,398.1456531
29,Sample_S19S_0079_Wat,399.0205105
8,Sample_S19S_0079_Wat,399.0356696
18,Sample_S19S_0079_Wat,399.0568344
34,Sample_S19S_0079_Wat,399.0721389
24,Sample_S19S_0079_Wat,399.085227
67,Sample_S19S_0079_Wat,399.0932727
21,Sample_S19S_0079_Wat,399.1086044
63,Sample_S19S_0079_Wat,399.1296635
16,Sample_S19S_0079_Wat,399.1579458
5,Sample_S19S_0079_Wat,399.1659287
20,Sample_S19S_0079_Wat,399.1943775
38,Sample_S19S_0079_Wat,399.2024375
17,Sample_S19S_0079_Wat,400.0674729
40,Sample_S19S_0079_Wat,400.1249077
31,Sample_S19S_0079_Wat,401.0150794
24,Sample_S19S_0079_Wat,401.0362034
62,Sample_S19S_0079_Wat,401.0514549
12,Sample_S19S_0079_Wat,401.0644945
27,Sample_S19S_0079_Wat,401.0725084
64,Sample_S19S_0079_Wat,401.0878209
61,Sample_S19S_0079_Wat,401.1089631
1,Sample_S19S_0079_Wat,401.1119991
71,Sample_S19S_0079_Wat,401.1453284
59,Sample_S19S_0079_Wat,401.1605804
18,Sample_S19S_0079_Wat,401.1736033
17,Sample_S19S_0079_Wat,401.1816514
23,Sample_S19S_0079_Wat,401.2100146
25,Sample_S19S_0079_Wat,402.0466811
11,Sample_S19S_0079_Wat,402.0831391
5,Sample_S19S_0079_Wat,402.1042761
34,Sample_S19S_0079_Wat,402.1405573
12,Sample_S19S_0079_Wat,403.0305846
6,Sample_S19S_0079_Wat,403.0437271
19,Sample_S19S_0079_Wat,403.0517845
71,Sample_S19S_0079_Wat,403.0671122
59,Sample_S19S_0079_Wat,403.0881974
3,Sample_S19S_0079_Wat,403.0913079
69,Sample_S19S_0079_Wat,403.1034476
1,Sample_S19S_0079_Wat,403.1066431
24,Sample_S19S_0079_Wat,403.1164656
19,Sample_S19S_0079_Wat,403.1245163
83,Sample_S19S_0079_Wat,403.1398463
32,Sample_S19S_0079_Wat,403.1529106
29,Sample_S19S_0079_Wat,403.1609357
31,Sample_S19S_0079_Wat,403.1762826
65,Sample_S19S_0079_Wat,404.0623618
29,Sample_S19S_0079_Wat,404.0834492
74,Sample_S19S_0079_Wat,404.1351085
20,Sample_S19S_0079_Wat,404.1926065
9,Sample_S19S_0079_Wat,405.0098791
68,Sample_S19S_0079_Wat,405.0463718
36,Sample_S19S_0079_Wat,405.0674473
51,Sample_S19S_0079_Wat,405.0827082
6,Sample_S19S_0079_Wat,405.103722
29,Sample_S19S_0079_Wat,405.1190623
32,Sample_S19S_0079_Wat,405.1321292
12,Sample_S19S_0079_Wat,405.1401404
49,Sample_S19S_0079_Wat,405.1555362
30,Sample_S19S_0079_Wat,405.1685606
39,Sample_S19S_0079_Wat,405.1918632
5,Sample_S19S_0079_Wat,405.2048711
9,Sample_S19S_0079_Wat,406.0990792
77,Sample_S19S_0079_Wat,406.1143545
21,Sample_S19S_0079_Wat,407.0255705
65,Sample_S19S_0079_Wat,407.0620299
96,Sample_S19S_0079_Wat,407.0983755
16,Sample_S19S_0079_Wat,407.1113661
80,Sample_S19S_0079_Wat,407.1347505
26,Sample_S19S_0079_Wat,407.1477958
11,Sample_S19S_0079_Wat,407.1712237
17,Sample_S19S_0079_Wat,407.2075913
66,Sample_S19S_0079_Wat,408.0936661
90,Sample_S19S_0079_Wat,408.1300077
29,Sample_S19S_0079_Wat,409.0412228
26,Sample_S19S_0079_Wat,409.07757
19,Sample_S19S_0079_Wat,409.0889394
93,Sample_S19S_0079_Wat,409.1140221
18,Sample_S19S_0079_Wat,409.1270356
96,Sample_S19S_0079_Wat,409.1504235
9,Sample_S19S_0079_Wat,409.1633923
12,Sample_S19S_0079_Wat,409.1787026
17,Sample_S19S_0079_Wat,409.1867344
60,Sample_S19S_0079_Wat,410.0729191
18,Sample_S19S_0079_Wat,410.1092388
64,Sample_S19S_0079_Wat,410.1456867
31,Sample_S19S_0079_Wat,411.0205049
22,Sample_S19S_0079_Wat,411.0568579
78,Sample_S19S_0079_Wat,411.0933142
85,Sample_S19S_0079_Wat,411.1296933
30,Sample_S19S_0079_Wat,411.1579879
49,Sample_S19S_0079_Wat,411.1660419
4,Sample_S19S_0079_Wat,411.2022993
25,Sample_S19S_0079_Wat,412.0521769
43,Sample_S19S_0079_Wat,412.0885256
64,Sample_S19S_0079_Wat,412.1249118
30,Sample_S19S_0079_Wat,413.0361429
4,Sample_S19S_0079_Wat,413.0513424
9,Sample_S19S_0079_Wat,413.06446
10,Sample_S19S_0079_Wat,413.072442
36,Sample_S19S_0079_Wat,413.087795
24,Sample_S19S_0079_Wat,413.1008794
81,Sample_S19S_0079_Wat,413.1089345
19,Sample_S19S_0079_Wat,413.1372735
26,Sample_S19S_0079_Wat,413.1452768
23,Sample_S19S_0079_Wat,413.1736056
16,Sample_S19S_0079_Wat,413.1816156
19,Sample_S19S_0079_Wat,413.2100122
19,Sample_S19S_0079_Wat,413.2180661
22,Sample_S19S_0079_Wat,415.0306688
25,Sample_S19S_0079_Wat,415.0518724
6,Sample_S19S_0079_Wat,415.0671726
12,Sample_S19S_0079_Wat,415.080159
62,Sample_S19S_0079_Wat,415.0881916
61,Sample_S19S_0079_Wat,415.1034568
22,Sample_S19S_0079_Wat,415.1164835
39,Sample_S19S_0079_Wat,415.1245406
1,Sample_S19S_0079_Wat,415.1430564
23,Sample_S19S_0079_Wat,415.1529316
57,Sample_S19S_0079_Wat,415.1609859
10,Sample_S19S_0079_Wat,415.1763155
31,Sample_S19S_0079_Wat,415.1973464
10,Sample_S19S_0079_Wat,415.2256541
32,Sample_S19S_0079_Wat,416.0623295
16,Sample_S19S_0079_Wat,416.1925804
29,Sample_S19S_0079_Wat,417.009975
39,Sample_S19S_0079_Wat,417.0463346
8,Sample_S19S_0079_Wat,417.0593749
18,Sample_S19S_0079_Wat,417.0674105
23,Sample_S19S_0079_Wat,417.0826722
2,Sample_S19S_0079_Wat,417.085967
18,Sample_S19S_0079_Wat,417.0957124
21,Sample_S19S_0079_Wat,417.1037889
81,Sample_S19S_0079_Wat,417.1191101
1,Sample_S19S_0079_Wat,417.1223013
37,Sample_S19S_0079_Wat,417.1321667
41,Sample_S19S_0079_Wat,417.1402188
66,Sample_S19S_0079_Wat,417.1555165
43,Sample_S19S_0079_Wat,417.1685514
14,Sample_S19S_0079_Wat,417.1765666
5,Sample_S19S_0079_Wat,417.2048604
4,Sample_S19S_0079_Wat,417.2128787
50,Sample_S19S_0079_Wat,418.0779721
17,Sample_S19S_0079_Wat,418.1144292
29,Sample_S19S_0079_Wat,419.0256123
40,Sample_S19S_0079_Wat,419.0619721
9,Sample_S19S_0079_Wat,419.0829959
17,Sample_S19S_0079_Wat,419.0982983
8,Sample_S19S_0079_Wat,419.1113471
12,Sample_S19S_0079_Wat,419.1194106
89,Sample_S19S_0079_Wat,419.1347745
28,Sample_S19S_0079_Wat,419.1478319
21,Sample_S19S_0079_Wat,419.1558387
43,Sample_S19S_0079_Wat,419.1711927
32,Sample_S19S_0079_Wat,419.1842051
42,Sample_S19S_0079_Wat,419.207525
41,Sample_S19S_0079_Wat,420.0572817
47,Sample_S19S_0079_Wat,421.0412704
22,Sample_S19S_0079_Wat,421.0777047
19,Sample_S19S_0079_Wat,421.0906648
100,Sample_S19S_0079_Wat,421.1140346
19,Sample_S19S_0079_Wat,421.1270174
84,Sample_S19S_0079_Wat,421.1504292
1,Sample_S19S_0079_Wat,421.1552081
26,Sample_S19S_0079_Wat,421.1634511
21,Sample_S19S_0079_Wat,421.1868654
3,Sample_S19S_0079_Wat,421.2232692
2,Sample_S19S_0079_Wat,421.2265386
52,Sample_S19S_0079_Wat,422.0728802
32,Sample_S19S_0079_Wat,422.1093338
21,Sample_S19S_0079_Wat,423.0205894
56,Sample_S19S_0079_Wat,423.0569089
28,Sample_S19S_0079_Wat,423.093231
108,Sample_S19S_0079_Wat,423.1296813
15,Sample_S19S_0079_Wat,423.1426961
33,Sample_S19S_0079_Wat,423.1661225
18,Sample_S19S_0079_Wat,423.179095
49,Sample_S19S_0079_Wat,423.2024382
3,Sample_S19S_0079_Wat,424.0886497
43,Sample_S19S_0079_Wat,424.1249783
50,Sample_S19S_0079_Wat,425.0361852
18,Sample_S19S_0079_Wat,425.0724714
16,Sample_S19S_0079_Wat,425.1008972
56,Sample_S19S_0079_Wat,425.1089252
3,Sample_S19S_0079_Wat,425.120287
18,Sample_S19S_0079_Wat,425.1453873
15,Sample_S19S_0079_Wat,425.1583275
49,Sample_S19S_0079_Wat,425.1816982
13,Sample_S19S_0079_Wat,425.2100538
70,Sample_S19S_0079_Wat,426.1405881
60,Sample_S19S_0079_Wat,426.1769689
22,Sample_S19S_0079_Wat,427.0518808
11,Sample_S19S_0079_Wat,427.0801714
45,Sample_S19S_0079_Wat,427.088175
18,Sample_S19S_0079_Wat,427.1165345
77,Sample_S19S_0079_Wat,427.1245871
6,Sample_S19S_0079_Wat,427.1610597
32,Sample_S19S_0079_Wat,427.1973395
9,Sample_S19S_0079_Wat,427.22569
36,Sample_S19S_0079_Wat,428.1562791
13,Sample_S19S_0079_Wat,428.1925676
27,Sample_S19S_0079_Wat,429.0310878
28,Sample_S19S_0079_Wat,429.0463286
48,Sample_S19S_0079_Wat,429.067488
2,Sample_S19S_0079_Wat,429.0829209
10,Sample_S19S_0079_Wat,429.1039457
1,Sample_S19S_0079_Wat,429.107041
4,Sample_S19S_0079_Wat,429.1192381
67,Sample_S19S_0079_Wat,429.1402424
26,Sample_S19S_0079_Wat,429.1555582
32,Sample_S19S_0079_Wat,429.1685491
26,Sample_S19S_0079_Wat,429.1765924
37,Sample_S19S_0079_Wat,429.1919036
25,Sample_S19S_0079_Wat,429.2129876
33,Sample_S19S_0079_Wat,430.0991542
6,Sample_S19S_0079_Wat,430.1273505
51,Sample_S19S_0079_Wat,430.1354817
19,Sample_S19S_0079_Wat,431.0256563
13,Sample_S19S_0079_Wat,431.04681
65,Sample_S19S_0079_Wat,431.0620177
46,Sample_S19S_0079_Wat,431.083125
73,Sample_S19S_0079_Wat,431.098388
18,Sample_S19S_0079_Wat,431.1113826
30,Sample_S19S_0079_Wat,431.1347291
1,Sample_S19S_0079_Wat,431.1378968
27,Sample_S19S_0079_Wat,431.1477957
25,Sample_S19S_0079_Wat,431.1558407
34,Sample_S19S_0079_Wat,431.1711879
20,Sample_S19S_0079_Wat,431.1922364
18,Sample_S19S_0079_Wat,431.2076023
9,Sample_S19S_0079_Wat,431.2206124
77,Sample_S19S_0079_Wat,432.093661
4,Sample_S19S_0079_Wat,432.1876103
44,Sample_S19S_0079_Wat,433.0412948
3,Sample_S19S_0079_Wat,433.0543356
25,Sample_S19S_0079_Wat,433.0624271
75,Sample_S19S_0079_Wat,433.077665
16,Sample_S19S_0079_Wat,433.0906617
17,Sample_S19S_0079_Wat,433.0986887
26,Sample_S19S_0079_Wat,433.1139658
11,Sample_S19S_0079_Wat,433.1269982
3,Sample_S19S_0079_Wat,433.13501
30,Sample_S19S_0079_Wat,433.1503758
30,Sample_S19S_0079_Wat,433.1634586
38,Sample_S19S_0079_Wat,433.1868494
13,Sample_S19S_0079_Wat,433.1998888
30,Sample_S19S_0079_Wat,433.223189
8,Sample_S19S_0079_Wat,434.072975
16,Sample_S19S_0079_Wat,434.1093421
12,Sample_S19S_0079_Wat,435.0204588
45,Sample_S19S_0079_Wat,435.0569041
16,Sample_S19S_0079_Wat,435.0698968
74,Sample_S19S_0079_Wat,435.093324
18,Sample_S19S_0079_Wat,435.1062764
31,Sample_S19S_0079_Wat,435.1296329
6,Sample_S19S_0079_Wat,435.1426364
1,Sample_S19S_0079_Wat,435.160379
26,Sample_S19S_0079_Wat,435.1659973
22,Sample_S19S_0079_Wat,435.1790631
50,Sample_S19S_0079_Wat,435.2024665
14,Sample_S19S_0079_Wat,435.2155119
20,Sample_S19S_0079_Wat,436.0521427
22,Sample_S19S_0079_Wat,436.0886111
6,Sample_S19S_0079_Wat,436.1250197
34,Sample_S19S_0079_Wat,437.0361523
25,Sample_S19S_0079_Wat,437.072483
28,Sample_S19S_0079_Wat,437.1088959
2,Sample_S19S_0079_Wat,437.1219003
59,Sample_S19S_0079_Wat,437.1453651
22,Sample_S19S_0079_Wat,437.158378
52,Sample_S19S_0079_Wat,437.1817485
11,Sample_S19S_0079_Wat,437.2100538
10,Sample_S19S_0079_Wat,437.2180272
16,Sample_S19S_0079_Wat,438.0678822
77,Sample_S19S_0079_Wat,438.1405683
17,Sample_S19S_0079_Wat,439.051737
70,Sample_S19S_0079_Wat,439.0882098
84,Sample_S19S_0079_Wat,439.1246064
19,Sample_S19S_0079_Wat,439.1529344
35,Sample_S19S_0079_Wat,439.1609425
24,Sample_S19S_0079_Wat,439.1892886
20,Sample_S19S_0079_Wat,439.1973056
45,Sample_S19S_0079_Wat,440.0834468
33,Sample_S19S_0079_Wat,440.1198163
15,Sample_S19S_0079_Wat,441.0310268
9,Sample_S19S_0079_Wat,441.0462365
34,Sample_S19S_0079_Wat,441.0674409
36,Sample_S19S_0079_Wat,441.0827166
37,Sample_S19S_0079_Wat,441.1039049
55,Sample_S19S_0079_Wat,441.1402285
18,Sample_S19S_0079_Wat,441.168514
24,Sample_S19S_0079_Wat,441.1765589
10,Sample_S19S_0079_Wat,441.2129575
13,Sample_S19S_0079_Wat,442.0990637
21,Sample_S19S_0079_Wat,442.135461
13,Sample_S19S_0079_Wat,443.0255061
21,Sample_S19S_0079_Wat,443.0466588
14,Sample_S19S_0079_Wat,443.061884
15,Sample_S19S_0079_Wat,443.0749837
34,Sample_S19S_0079_Wat,443.0830557
35,Sample_S19S_0079_Wat,443.0984287
18,Sample_S19S_0079_Wat,443.1114516
67,Sample_S19S_0079_Wat,443.119518
6,Sample_S19S_0079_Wat,443.1348538
21,Sample_S19S_0079_Wat,443.1478565
55,Sample_S19S_0079_Wat,443.1558944
28,Sample_S19S_0079_Wat,443.1711201
25,Sample_S19S_0079_Wat,443.1841796
15,Sample_S19S_0079_Wat,443.1922057
10,Sample_S19S_0079_Wat,443.2205255
16,Sample_S19S_0079_Wat,444.093696
36,Sample_S19S_0079_Wat,445.0412697
4,Sample_S19S_0079_Wat,445.054308
39,Sample_S19S_0079_Wat,445.0623769
36,Sample_S19S_0079_Wat,445.0776178
16,Sample_S19S_0079_Wat,445.0986624
4,Sample_S19S_0079_Wat,445.1083593
16,Sample_S19S_0079_Wat,445.1139537
22,Sample_S19S_0079_Wat,445.127011
14,Sample_S19S_0079_Wat,445.1350548
31,Sample_S19S_0079_Wat,445.1503907
2,Sample_S19S_0079_Wat,445.1536246
37,Sample_S19S_0079_Wat,445.1634705
48,Sample_S19S_0079_Wat,445.1715289
40,Sample_S19S_0079_Wat,445.1868428
24,Sample_S19S_0079_Wat,445.2079177
15,Sample_S19S_0079_Wat,446.0728598
49,Sample_S19S_0079_Wat,446.1092739
8,Sample_S19S_0079_Wat,446.2031197
10,Sample_S19S_0079_Wat,447.0204695
7,Sample_S19S_0079_Wat,447.056785
6,Sample_S19S_0079_Wat,447.0698296
8,Sample_S19S_0079_Wat,447.0779114
15,Sample_S19S_0079_Wat,447.09323
19,Sample_S19S_0079_Wat,447.114388
79,Sample_S19S_0079_Wat,447.1297048
31,Sample_S19S_0079_Wat,447.1427418
11,Sample_S19S_0079_Wat,447.1507185
75,Sample_S19S_0079_Wat,447.1660641
27,Sample_S19S_0079_Wat,447.179104
14,Sample_S19S_0079_Wat,447.2023724
6,Sample_S19S_0079_Wat,447.2154152
4,Sample_S19S_0079_Wat,448.0520882
62,Sample_S19S_0079_Wat,448.088573
19,Sample_S19S_0079_Wat,448.1096972
14,Sample_S19S_0079_Wat,449.0360637
21,Sample_S19S_0079_Wat,449.0724952
94,Sample_S19S_0079_Wat,449.1089599
21,Sample_S19S_0079_Wat,449.1219859
82,Sample_S19S_0079_Wat,449.1453221
32,Sample_S19S_0079_Wat,449.1583358
2,Sample_S19S_0079_Wat,449.1759639
26,Sample_S19S_0079_Wat,449.1816462
6,Sample_S19S_0079_Wat,449.1946593
12,Sample_S19S_0079_Wat,449.2180299
15,Sample_S19S_0079_Wat,451.0517204
36,Sample_S19S_0079_Wat,451.0881744
6,Sample_S19S_0079_Wat,451.1011798
63,Sample_S19S_0079_Wat,451.124616
20,Sample_S19S_0079_Wat,451.1376081
2,Sample_S19S_0079_Wat,451.1530256
37,Sample_S19S_0079_Wat,451.1609528
11,Sample_S19S_0079_Wat,451.1739524
13,Sample_S19S_0079_Wat,451.189303
7,Sample_S19S_0079_Wat,451.1972791
4,Sample_S19S_0079_Wat,451.2103087
11,Sample_S19S_0079_Wat,451.2336787
42,Sample_S19S_0079_Wat,452.0834394
17,Sample_S19S_0079_Wat,452.1199139
22,Sample_S19S_0079_Wat,453.0310814
24,Sample_S19S_0079_Wat,453.0673983
11,Sample_S19S_0079_Wat,453.0957146
17,Sample_S19S_0079_Wat,453.1037558
17,Sample_S19S_0079_Wat,453.1321972
45,Sample_S19S_0079_Wat,453.140211
11,Sample_S19S_0079_Wat,453.1532352
4,Sample_S19S_0079_Wat,453.1686448
68,Sample_S19S_0079_Wat,453.1766436
17,Sample_S19S_0079_Wat,453.1896338
17,Sample_S19S_0079_Wat,453.2049759
42,Sample_S19S_0079_Wat,455.0467468
42,Sample_S19S_0079_Wat,455.0620251
49,Sample_S19S_0079_Wat,455.0831528
40,Sample_S19S_0079_Wat,455.0984121
16,Sample_S19S_0079_Wat,455.111472
36,Sample_S19S_0079_Wat,455.1194736
8,Sample_S19S_0079_Wat,455.1346803
22,Sample_S19S_0079_Wat,455.14777
16,Sample_S19S_0079_Wat,455.1558023
20,Sample_S19S_0079_Wat,455.1841535
15,Sample_S19S_0079_Wat,455.1921775
22,Sample_S19S_0079_Wat,455.2205892
29,Sample_S19S_0079_Wat,457.0412916
38,Sample_S19S_0079_Wat,457.0624071
14,Sample_S19S_0079_Wat,457.0776174
10,Sample_S19S_0079_Wat,457.0906483
20,Sample_S19S_0079_Wat,457.0986905
22,Sample_S19S_0079_Wat,457.1139922
14,Sample_S19S_0079_Wat,457.1270095
22,Sample_S19S_0079_Wat,457.1350642
3,Sample_S19S_0079_Wat,457.1447412
18,Sample_S19S_0079_Wat,457.150377
23,Sample_S19S_0079_Wat,457.1634444
31,Sample_S19S_0079_Wat,457.1715231
47,Sample_S19S_0079_Wat,457.1868094
23,Sample_S19S_0079_Wat,457.1998933
36,Sample_S19S_0079_Wat,457.2079257
16,Sample_S19S_0079_Wat,457.2362399
20,Sample_S19S_0079_Wat,459.0205561
23,Sample_S19S_0079_Wat,459.0416602
18,Sample_S19S_0079_Wat,459.0568713
8,Sample_S19S_0079_Wat,459.069913
24,Sample_S19S_0079_Wat,459.0779746
18,Sample_S19S_0079_Wat,459.0932353
19,Sample_S19S_0079_Wat,459.1062882
27,Sample_S19S_0079_Wat,459.1143457
53,Sample_S19S_0079_Wat,459.1296693
33,Sample_S19S_0079_Wat,459.142719
38,Sample_S19S_0079_Wat,459.1508169
42,Sample_S19S_0079_Wat,459.1661042
32,Sample_S19S_0079_Wat,459.1872169
23,Sample_S19S_0079_Wat,459.2025048
12,Sample_S19S_0079_Wat,459.2155229
30,Sample_S19S_0079_Wat,461.036196
26,Sample_S19S_0079_Wat,461.0572822
24,Sample_S19S_0079_Wat,461.0725007
15,Sample_S19S_0079_Wat,461.0855391
10,Sample_S19S_0079_Wat,461.0935699
11,Sample_S19S_0079_Wat,461.1088271
4,Sample_S19S_0079_Wat,461.1218899
12,Sample_S19S_0079_Wat,461.1299458
3,Sample_S19S_0079_Wat,461.1396751
21,Sample_S19S_0079_Wat,461.1452647
29,Sample_S19S_0079_Wat,461.1583343
36,Sample_S19S_0079_Wat,461.1817537
17,Sample_S19S_0079_Wat,461.1948089
28,Sample_S19S_0079_Wat,461.218132
22,Sample_S19S_0079_Wat,461.2311454
31,Sample_S19S_0079_Wat,462.067799
16,Sample_S19S_0079_Wat,462.1042629
43,Sample_S19S_0079_Wat,463.0518315
3,Sample_S19S_0079_Wat,463.064914
44,Sample_S19S_0079_Wat,463.0881954
4,Sample_S19S_0079_Wat,463.1189274
16,Sample_S19S_0079_Wat,463.124491
4,Sample_S19S_0079_Wat,463.1375144
9,Sample_S19S_0079_Wat,463.1608564
10,Sample_S19S_0079_Wat,463.1739081
18,Sample_S19S_0079_Wat,463.1972938
21,Sample_S19S_0079_Wat,463.210366
32,Sample_S19S_0079_Wat,463.2337601
24,Sample_S19S_0079_Wat,464.1198095
11,Sample_S19S_0079_Wat,465.0310055
14,Sample_S19S_0079_Wat,465.06738
32,Sample_S19S_0079_Wat,465.1038259
20,Sample_S19S_0079_Wat,465.1168704
24,Sample_S19S_0079_Wat,465.1532935
5,Sample_S19S_0079_Wat,465.1686035
63,Sample_S19S_0079_Wat,465.1766182
20,Sample_S19S_0079_Wat,465.1896305
13,Sample_S19S_0079_Wat,465.2049695
14,Sample_S19S_0079_Wat,465.2129596
55,Sample_S19S_0079_Wat,466.1355201
1,Sample_S19S_0079_Wat,466.1435867
42,Sample_S19S_0079_Wat,467.0467531
53,Sample_S19S_0079_Wat,467.0831629
48,Sample_S19S_0079_Wat,467.1195422
26,Sample_S19S_0079_Wat,467.1478261
30,Sample_S19S_0079_Wat,467.1558326
23,Sample_S19S_0079_Wat,467.184209
10,Sample_S19S_0079_Wat,467.1921933
16,Sample_S19S_0079_Wat,467.220621
22,Sample_S19S_0079_Wat,467.2286363
28,Sample_S19S_0079_Wat,468.1147294
14,Sample_S19S_0079_Wat,469.0260039
23,Sample_S19S_0079_Wat,469.0412947
36,Sample_S19S_0079_Wat,469.062394
10,Sample_S19S_0079_Wat,469.0906533
26,Sample_S19S_0079_Wat,469.0986993
23,Sample_S19S_0079_Wat,469.1270251
16,Sample_S19S_0079_Wat,469.1350525
11,Sample_S19S_0079_Wat,469.1633964
26,Sample_S19S_0079_Wat,469.199861
23,Sample_S19S_0079_Wat,469.2078959
12,Sample_S19S_0079_Wat,469.2362772
16,Sample_S19S_0079_Wat,471.0416901
34,Sample_S19S_0079_Wat,471.0569384
34,Sample_S19S_0079_Wat,471.0780166
17,Sample_S19S_0079_Wat,471.093255
15,Sample_S19S_0079_Wat,471.106291
6,Sample_S19S_0079_Wat,471.1295835
11,Sample_S19S_0079_Wat,471.1426129
13,Sample_S19S_0079_Wat,471.1506882
8,Sample_S19S_0079_Wat,471.16598
24,Sample_S19S_0079_Wat,471.1790652
21,Sample_S19S_0079_Wat,471.1871307
20,Sample_S19S_0079_Wat,471.2155389
18,Sample_S19S_0079_Wat,471.2235442
17,Sample_S19S_0079_Wat,473.0361823
11,Sample_S19S_0079_Wat,473.0573502
34,Sample_S19S_0079_Wat,473.0726032
37,Sample_S19S_0079_Wat,473.0937108
59,Sample_S19S_0079_Wat,473.1089772
24,Sample_S19S_0079_Wat,473.121993
21,Sample_S19S_0079_Wat,473.1300234
5,Sample_S19S_0079_Wat,473.139667
22,Sample_S19S_0079_Wat,473.1452829
11,Sample_S19S_0079_Wat,473.1582831
16,Sample_S19S_0079_Wat,473.1663521
2,Sample_S19S_0079_Wat,473.1760299
19,Sample_S19S_0079_Wat,473.1816622
13,Sample_S19S_0079_Wat,473.1946924
15,Sample_S19S_0079_Wat,473.2027392
26,Sample_S19S_0079_Wat,473.2180738
22,Sample_S19S_0079_Wat,473.2311386
12,Sample_S19S_0079_Wat,475.0517049
18,Sample_S19S_0079_Wat,475.0728791
27,Sample_S19S_0079_Wat,475.0881586
13,Sample_S19S_0079_Wat,475.1012806
16,Sample_S19S_0079_Wat,475.1092833
65,Sample_S19S_0079_Wat,475.1245966
28,Sample_S19S_0079_Wat,475.1376596
16,Sample_S19S_0079_Wat,475.1456774
64,Sample_S19S_0079_Wat,475.1609843
29,Sample_S19S_0079_Wat,475.1739813
2,Sample_S19S_0079_Wat,475.1916559
12,Sample_S19S_0079_Wat,475.1973043
4,Sample_S19S_0079_Wat,475.2103074
3,Sample_S19S_0079_Wat,475.2336051
7,Sample_S19S_0079_Wat,476.0833408
26,Sample_S19S_0079_Wat,477.0311319
49,Sample_S19S_0079_Wat,477.0674882
4,Sample_S19S_0079_Wat,477.0805777
8,Sample_S19S_0079_Wat,477.0885024
19,Sample_S19S_0079_Wat,477.1037802
19,Sample_S19S_0079_Wat,477.1168599
5,Sample_S19S_0079_Wat,477.1401075
9,Sample_S19S_0079_Wat,477.1531747
18,Sample_S19S_0079_Wat,477.1765167
6,Sample_S19S_0079_Wat,477.1895617
40,Sample_S19S_0079_Wat,477.2130039
56,Sample_S19S_0079_Wat,478.0991507
3,Sample_S19S_0079_Wat,479.0466033
16,Sample_S19S_0079_Wat,479.0830028
9,Sample_S19S_0079_Wat,479.0961506
40,Sample_S19S_0079_Wat,479.1194663
19,Sample_S19S_0079_Wat,479.1325629
65,Sample_S19S_0079_Wat,479.1559168
11,Sample_S19S_0079_Wat,479.1689644
2,Sample_S19S_0079_Wat,479.1843315
50,Sample_S19S_0079_Wat,479.1923063
19,Sample_S19S_0079_Wat,479.2053091
15,Sample_S19S_0079_Wat,479.2286027
9,Sample_S19S_0079_Wat,480.151082
4,Sample_S19S_0079_Wat,481.025885
19,Sample_S19S_0079_Wat,481.0623379
50,Sample_S19S_0079_Wat,481.0987747
71,Sample_S19S_0079_Wat,481.1351677
15,Sample_S19S_0079_Wat,481.1634867
49,Sample_S19S_0079_Wat,481.1715313
20,Sample_S19S_0079_Wat,481.199847
21,Sample_S19S_0079_Wat,481.2078283
5,Sample_S19S_0079_Wat,482.1302914
14,Sample_S19S_0079_Wat,483.0415833
31,Sample_S19S_0079_Wat,483.0780208
26,Sample_S19S_0079_Wat,483.0933003
4,Sample_S19S_0079_Wat,483.1064043
47,Sample_S19S_0079_Wat,483.1144642
20,Sample_S19S_0079_Wat,483.1297323
33,Sample_S19S_0079_Wat,483.1508531
17,Sample_S19S_0079_Wat,483.1791639
30,Sample_S19S_0079_Wat,483.1871699
18,Sample_S19S_0079_Wat,483.2154832
16,Sample_S19S_0079_Wat,483.2234722
12,Sample_S19S_0079_Wat,484.1459881
9,Sample_S19S_0079_Wat,485.057196
13,Sample_S19S_0079_Wat,485.0724465
11,Sample_S19S_0079_Wat,485.0855526
27,Sample_S19S_0079_Wat,485.0936172
38,Sample_S19S_0079_Wat,485.1089501
17,Sample_S19S_0079_Wat,485.1220307
45,Sample_S19S_0079_Wat,485.1300644
24,Sample_S19S_0079_Wat,485.1453846
17,Sample_S19S_0079_Wat,485.1584131
36,Sample_S19S_0079_Wat,485.1664901
2,Sample_S19S_0079_Wat,485.1760615
37,Sample_S19S_0079_Wat,485.181737
20,Sample_S19S_0079_Wat,485.1948096
5,Sample_S19S_0079_Wat,485.2310607
14,Sample_S19S_0079_Wat,487.051792
22,Sample_S19S_0079_Wat,487.072871
10,Sample_S19S_0079_Wat,487.088118
15,Sample_S19S_0079_Wat,487.1011949
10,Sample_S19S_0079_Wat,487.1092152
11,Sample_S19S_0079_Wat,487.1244947
18,Sample_S19S_0079_Wat,487.1375846
16,Sample_S19S_0079_Wat,487.1456408
1,Sample_S19S_0079_Wat,487.1552674
48,Sample_S19S_0079_Wat,487.1609704
22,Sample_S19S_0079_Wat,487.1740711
30,Sample_S19S_0079_Wat,487.18211
29,Sample_S19S_0079_Wat,487.1974177
5,Sample_S19S_0079_Wat,487.2104698
7,Sample_S19S_0079_Wat,487.2468303
7,Sample_S19S_0079_Wat,489.0310445
46,Sample_S19S_0079_Wat,489.067487
23,Sample_S19S_0079_Wat,489.0886429
29,Sample_S19S_0079_Wat,489.1039118
31,Sample_S19S_0079_Wat,489.1249814
26,Sample_S19S_0079_Wat,489.1402055
21,Sample_S19S_0079_Wat,489.1532671
12,Sample_S19S_0079_Wat,489.1612651
2,Sample_S19S_0079_Wat,489.1708695
10,Sample_S19S_0079_Wat,489.1765226
6,Sample_S19S_0079_Wat,489.1895365
9,Sample_S19S_0079_Wat,489.2128864
6,Sample_S19S_0079_Wat,489.2259164
5,Sample_S19S_0079_Wat,489.2492677
14,Sample_S19S_0079_Wat,490.0990621
10,Sample_S19S_0079_Wat,491.0466906
13,Sample_S19S_0079_Wat,491.0677984
20,Sample_S19S_0079_Wat,491.0830123
8,Sample_S19S_0079_Wat,491.0961728
9,Sample_S19S_0079_Wat,491.1193786
15,Sample_S19S_0079_Wat,491.1325378
26,Sample_S19S_0079_Wat,491.1558203
24,Sample_S19S_0079_Wat,491.1689084
47,Sample_S19S_0079_Wat,491.1922945
9,Sample_S19S_0079_Wat,491.2053832
6,Sample_S19S_0079_Wat,491.2287423
11,Sample_S19S_0079_Wat,493.0622921
23,Sample_S19S_0079_Wat,493.098712
70,Sample_S19S_0079_Wat,493.1351653
49,Sample_S19S_0079_Wat,493.1715856
10,Sample_S19S_0079_Wat,493.1846305
15,Sample_S19S_0079_Wat,493.2209368
4,Sample_S19S_0079_Wat,493.2361897
11,Sample_S19S_0079_Wat,493.2442171
11,Sample_S19S_0079_Wat,495.0415683
37,Sample_S19S_0079_Wat,495.0780179
49,Sample_S19S_0079_Wat,495.1144449
9,Sample_S19S_0079_Wat,495.1427989
57,Sample_S19S_0079_Wat,495.1507984
20,Sample_S19S_0079_Wat,495.1791573
9,Sample_S19S_0079_Wat,495.2154488
1,Sample_S19S_0079_Wat,496.1905351
20,Sample_S19S_0079_Wat,497.0572968
14,Sample_S19S_0079_Wat,497.0937782
13,Sample_S19S_0079_Wat,497.1301476
27,Sample_S19S_0079_Wat,497.1947705
6,Sample_S19S_0079_Wat,497.2310629
2,Sample_S19S_0079_Wat,497.2390455
11,Sample_S19S_0079_Wat,498.1253978
2,Sample_S19S_0079_Wat,498.1698072
22,Sample_S19S_0079_Wat,499.0728848
10,Sample_S19S_0079_Wat,499.1012958
37,Sample_S19S_0079_Wat,499.1093112
41,Sample_S19S_0079_Wat,499.1246232
11,Sample_S19S_0079_Wat,499.1377212
49,Sample_S19S_0079_Wat,499.1457371
4,Sample_S19S_0079_Wat,499.1553132
11,Sample_S19S_0079_Wat,499.1610424
23,Sample_S19S_0079_Wat,499.1740741
27,Sample_S19S_0079_Wat,499.2104255
15,Sample_S19S_0079_Wat,499.2184243
3,Sample_S19S_0079_Wat,499.2466801
6,Sample_S19S_0079_Wat,501.0310269
8,Sample_S19S_0079_Wat,501.0521674
18,Sample_S19S_0079_Wat,501.0673678
14,Sample_S19S_0079_Wat,501.0885018
9,Sample_S19S_0079_Wat,501.1037301
13,Sample_S19S_0079_Wat,501.116864
7,Sample_S19S_0079_Wat,501.1248479
17,Sample_S19S_0079_Wat,501.1401768
29,Sample_S19S_0079_Wat,501.1532967
20,Sample_S19S_0079_Wat,501.1612956
43,Sample_S19S_0079_Wat,501.1766253
30,Sample_S19S_0079_Wat,501.1896846
25,Sample_S19S_0079_Wat,501.2130646
11,Sample_S19S_0079_Wat,503.0468089
4,Sample_S19S_0079_Wat,503.0679918
3,Sample_S19S_0079_Wat,503.0832459
19,Sample_S19S_0079_Wat,503.1042984
57,Sample_S19S_0079_Wat,503.1195309
5,Sample_S19S_0079_Wat,503.1326318
16,Sample_S19S_0079_Wat,503.1405906
1,Sample_S19S_0079_Wat,503.1502092
24,Sample_S19S_0079_Wat,503.1558462
15,Sample_S19S_0079_Wat,503.1921795
4,Sample_S19S_0079_Wat,503.2051842
15,Sample_S19S_0079_Wat,503.2285615
9,Sample_S19S_0079_Wat,505.0622503
7,Sample_S19S_0079_Wat,505.0833896
17,Sample_S19S_0079_Wat,505.098662
9,Sample_S19S_0079_Wat,505.1118569
1,Sample_S19S_0079_Wat,505.1293863
16,Sample_S19S_0079_Wat,505.1350781
5,Sample_S19S_0079_Wat,505.1482794
63,Sample_S19S_0079_Wat,505.1715425
16,Sample_S19S_0079_Wat,505.1846129
27,Sample_S19S_0079_Wat,505.2079802
8,Sample_S19S_0079_Wat,505.221033
28,Sample_S19S_0079_Wat,505.2443315
5,Sample_S19S_0079_Wat,506.1303153
10,Sample_S19S_0079_Wat,507.0415912
29,Sample_S19S_0079_Wat,507.0780238
50,Sample_S19S_0079_Wat,507.1144464
61,Sample_S19S_0079_Wat,507.1508255
9,Sample_S19S_0079_Wat,507.2001826
9,Sample_S19S_0079_Wat,507.2154676
15,Sample_S19S_0079_Wat,509.0573918
40,Sample_S19S_0079_Wat,509.0937287
43,Sample_S19S_0079_Wat,509.1300451
11,Sample_S19S_0079_Wat,509.1583575
13,Sample_S19S_0079_Wat,509.1947371
11,Sample_S19S_0079_Wat,509.2311267
7,Sample_S19S_0079_Wat,509.2391011
10,Sample_S19S_0079_Wat,509.2675212
9,Sample_S19S_0079_Wat,511.0366348
37,Sample_S19S_0079_Wat,511.0729714
27,Sample_S19S_0079_Wat,511.1092846
3,Sample_S19S_0079_Wat,511.1375472
1,Sample_S19S_0079_Wat,511.1455592
10,Sample_S19S_0079_Wat,511.1739404
15,Sample_S19S_0079_Wat,511.2103696
10,Sample_S19S_0079_Wat,511.2183807
18,Sample_S19S_0079_Wat,511.2467945
12,Sample_S19S_0079_Wat,511.2547768
8,Sample_S19S_0079_Wat,513.0522762
25,Sample_S19S_0079_Wat,513.0674942
24,Sample_S19S_0079_Wat,513.0885835
16,Sample_S19S_0079_Wat,513.1169162
20,Sample_S19S_0079_Wat,513.1248843
6,Sample_S19S_0079_Wat,513.1531789
6,Sample_S19S_0079_Wat,513.1612236
12,Sample_S19S_0079_Wat,513.1895585
6,Sample_S19S_0079_Wat,515.0467951
9,Sample_S19S_0079_Wat,515.0679477
37,Sample_S19S_0079_Wat,515.083157
28,Sample_S19S_0079_Wat,515.1042917
4,Sample_S19S_0079_Wat,515.1326297
21,Sample_S19S_0079_Wat,515.1405768
13,Sample_S19S_0079_Wat,515.155816
16,Sample_S19S_0079_Wat,515.1688778
10,Sample_S19S_0079_Wat,515.1768835
9,Sample_S19S_0079_Wat,515.1921599
11,Sample_S19S_0079_Wat,515.2052029
1,Sample_S19S_0079_Wat,515.213195
5,Sample_S19S_0079_Wat,515.2285302
28,Sample_S19S_0079_Wat,517.0624113
7,Sample_S19S_0079_Wat,517.0835974
13,Sample_S19S_0079_Wat,517.098859
7,Sample_S19S_0079_Wat,517.1199999
7,Sample_S19S_0079_Wat,517.1352552
8,Sample_S19S_0079_Wat,517.1563614
11,Sample_S19S_0079_Wat,517.171616
19,Sample_S19S_0079_Wat,517.1846401
40,Sample_S19S_0079_Wat,517.2079237
10,Sample_S19S_0079_Wat,517.2208996
7,Sample_S19S_0079_Wat,517.2442337
10,Sample_S19S_0079_Wat,519.0779454
14,Sample_S19S_0079_Wat,519.1143103
8,Sample_S19S_0079_Wat,519.1275578
26,Sample_S19S_0079_Wat,519.1507584
7,Sample_S19S_0079_Wat,519.1639413
54,Sample_S19S_0079_Wat,519.1872205
17,Sample_S19S_0079_Wat,519.2236508
11,Sample_S19S_0079_Wat,519.2600027
22,Sample_S19S_0079_Wat,521.0573462
32,Sample_S19S_0079_Wat,521.0937324
48,Sample_S19S_0079_Wat,521.1301011
25,Sample_S19S_0079_Wat,521.1663968
11,Sample_S19S_0079_Wat,521.2027235
4,Sample_S19S_0079_Wat,521.2390738
12,Sample_S19S_0079_Wat,523.0365285
8,Sample_S19S_0079_Wat,523.0728235
5,Sample_S19S_0079_Wat,523.1091901
6,Sample_S19S_0079_Wat,523.1376337
13,Sample_S19S_0079_Wat,523.1456062
23,Sample_S19S_0079_Wat,523.1820717
20,Sample_S19S_0079_Wat,523.2104573
10,Sample_S19S_0079_Wat,523.2468227
8,Sample_S19S_0079_Wat,525.0521307
13,Sample_S19S_0079_Wat,525.0674542
24,Sample_S19S_0079_Wat,525.0885729
34,Sample_S19S_0079_Wat,525.1250197
37,Sample_S19S_0079_Wat,525.1614051
14,Sample_S19S_0079_Wat,525.2340332
21,Sample_S19S_0079_Wat,526.1566707
14,Sample_S19S_0079_Wat,527.0679337
11,Sample_S19S_0079_Wat,527.0832056
10,Sample_S19S_0079_Wat,527.1043114
14,Sample_S19S_0079_Wat,527.119585
39,Sample_S19S_0079_Wat,527.1406475
21,Sample_S19S_0079_Wat,527.1689685
28,Sample_S19S_0079_Wat,527.1769645
21,Sample_S19S_0079_Wat,527.2052882
7,Sample_S19S_0079_Wat,527.2132606
12,Sample_S19S_0079_Wat,529.0624704
8,Sample_S19S_0079_Wat,529.0836238
13,Sample_S19S_0079_Wat,529.0988481
20,Sample_S19S_0079_Wat,529.119899
35,Sample_S19S_0079_Wat,529.1351825
10,Sample_S19S_0079_Wat,529.1482589
20,Sample_S19S_0079_Wat,529.1562352
14,Sample_S19S_0079_Wat,529.1714748
23,Sample_S19S_0079_Wat,529.184567
12,Sample_S19S_0079_Wat,529.1925822
9,Sample_S19S_0079_Wat,529.2078283
6,Sample_S19S_0079_Wat,529.2208396
5,Sample_S19S_0079_Wat,531.0417642
6,Sample_S19S_0079_Wat,531.0629135
6,Sample_S19S_0079_Wat,531.0781475
10,Sample_S19S_0079_Wat,531.0992322
17,Sample_S19S_0079_Wat,531.1144803
27,Sample_S19S_0079_Wat,531.1507766
17,Sample_S19S_0079_Wat,531.1638843
15,Sample_S19S_0079_Wat,531.1718519
13,Sample_S19S_0079_Wat,531.1871077
13,Sample_S19S_0079_Wat,531.2001725
19,Sample_S19S_0079_Wat,531.2234777
1,Sample_S19S_0079_Wat,531.236471
7,Sample_S19S_0079_Wat,533.0574115
15,Sample_S19S_0079_Wat,533.0937827
26,Sample_S19S_0079_Wat,533.1301236
51,Sample_S19S_0079_Wat,533.166456
15,Sample_S19S_0079_Wat,533.1795306
12,Sample_S19S_0079_Wat,533.2027587
2,Sample_S19S_0079_Wat,533.2156961
7,Sample_S19S_0079_Wat,533.2390944
19,Sample_S19S_0079_Wat,535.0730261
14,Sample_S19S_0079_Wat,535.1094222
9,Sample_S19S_0079_Wat,535.1458132
18,Sample_S19S_0079_Wat,535.1821751
13,Sample_S19S_0079_Wat,535.2547783
16,Sample_S19S_0079_Wat,537.0884904
32,Sample_S19S_0079_Wat,537.1249315
43,Sample_S19S_0079_Wat,537.161382
5,Sample_S19S_0079_Wat,537.1897464
18,Sample_S19S_0079_Wat,537.1978101
9,Sample_S19S_0079_Wat,537.2342192
19,Sample_S19S_0079_Wat,539.0679143
21,Sample_S19S_0079_Wat,539.1042196
28,Sample_S19S_0079_Wat,539.1405618
8,Sample_S19S_0079_Wat,539.1688297
6,Sample_S19S_0079_Wat,539.1768779
5,Sample_S19S_0079_Wat,539.2051955
2,Sample_S19S_0079_Wat,539.2132409
3,Sample_S19S_0079_Wat,539.2416063
2,Sample_S19S_0079_Wat,539.2496267
23,Sample_S19S_0079_Wat,541.0834882
28,Sample_S19S_0079_Wat,541.1199147
6,Sample_S19S_0079_Wat,541.1352769
14,Sample_S19S_0079_Wat,541.1563515
5,Sample_S19S_0079_Wat,541.1927684
9,Sample_S19S_0079_Wat,541.2573331
13,Sample_S19S_0079_Wat,543.0781158
22,Sample_S19S_0079_Wat,543.09918
26,Sample_S19S_0079_Wat,543.1144211
19,Sample_S19S_0079_Wat,543.1355017
25,Sample_S19S_0079_Wat,543.1507543
16,Sample_S19S_0079_Wat,543.1638009
13,Sample_S19S_0079_Wat,543.1718262
7,Sample_S19S_0079_Wat,543.1870791
9,Sample_S19S_0079_Wat,543.2001267
5,Sample_S19S_0079_Wat,543.236535
8,Sample_S19S_0079_Wat,545.0783592
8,Sample_S19S_0079_Wat,545.0935509
10,Sample_S19S_0079_Wat,545.1147104
14,Sample_S19S_0079_Wat,545.1299664
5,Sample_S19S_0079_Wat,545.1432084
29,Sample_S19S_0079_Wat,545.1664409
6,Sample_S19S_0079_Wat,545.1795929
30,Sample_S19S_0079_Wat,545.2028931
14,Sample_S19S_0079_Wat,545.2159419
4,Sample_S19S_0079_Wat,545.2393178
1,Sample_S19S_0079_Wat,545.2523758
14,Sample_S19S_0079_Wat,547.0729547
17,Sample_S19S_0079_Wat,547.109415
14,Sample_S19S_0079_Wat,547.145805
3,Sample_S19S_0079_Wat,547.1822164
15,Sample_S19S_0079_Wat,547.2185618
10,Sample_S19S_0079_Wat,549.0523077
11,Sample_S19S_0079_Wat,549.0887119
13,Sample_S19S_0079_Wat,549.1250923
15,Sample_S19S_0079_Wat,549.1614413
38,Sample_S19S_0079_Wat,549.1977663
14,Sample_S19S_0079_Wat,549.2340464
10,Sample_S19S_0079_Wat,551.0679996
16,Sample_S19S_0079_Wat,551.10435
26,Sample_S19S_0079_Wat,551.140683
25,Sample_S19S_0079_Wat,551.1769906
10,Sample_S19S_0079_Wat,551.2052511
19,Sample_S19S_0079_Wat,551.2133063
2,Sample_S19S_0079_Wat,551.2418136
6,Sample_S19S_0079_Wat,553.0836572
16,Sample_S19S_0079_Wat,553.1199748
44,Sample_S19S_0079_Wat,553.1562956
19,Sample_S19S_0079_Wat,553.1925971
4,Sample_S19S_0079_Wat,553.2288832
6,Sample_S19S_0079_Wat,555.0629131
7,Sample_S19S_0079_Wat,555.0781485
3,Sample_S19S_0079_Wat,555.0993123
6,Sample_S19S_0079_Wat,555.1356619
13,Sample_S19S_0079_Wat,555.1720029
22,Sample_S19S_0079_Wat,555.2082923
8,Sample_S19S_0079_Wat,555.2365023
7,Sample_S19S_0079_Wat,557.0785258
18,Sample_S19S_0079_Wat,557.0937315
15,Sample_S19S_0079_Wat,557.1149049
3,Sample_S19S_0079_Wat,557.1513467
3,Sample_S19S_0079_Wat,557.1877224
12,Sample_S19S_0079_Wat,557.2522397
17,Sample_S19S_0079_Wat,559.2185569
12,Sample_S19S_0079_Wat,561.0522506
16,Sample_S19S_0079_Wat,561.0885432
5,Sample_S19S_0079_Wat,561.1248442
2,Sample_S19S_0079_Wat,561.1611805
6,Sample_S19S_0079_Wat,561.2106672
5,Sample_S19S_0079_Wat,561.2339983
20,Sample_S19S_0079_Wat,563.0679011
7,Sample_S19S_0079_Wat,563.1043787
6,Sample_S19S_0079_Wat,563.140767
4,Sample_S19S_0079_Wat,563.1771352
22,Sample_S19S_0079_Wat,563.2134586
8,Sample_S19S_0079_Wat,565.0833841
1,Sample_S19S_0079_Wat,565.1196921
2,Sample_S19S_0079_Wat,565.1561141
17,Sample_S19S_0079_Wat,565.2290122
19,Sample_S19S_0079_Wat,565.2654316
12,Sample_S19S_0079_Wat,567.0628477
13,Sample_S19S_0079_Wat,567.0992538
9,Sample_S19S_0079_Wat,567.1356587
13,Sample_S19S_0079_Wat,567.2083955
13,Sample_S19S_0079_Wat,569.0784551
8,Sample_S19S_0079_Wat,569.1510794
9,Sample_S19S_0079_Wat,569.17943
2,Sample_S19S_0079_Wat,569.1874013
1,Sample_S19S_0079_Wat,569.2157305
21,Sample_S19S_0079_Wat,571.1303995
27,Sample_S19S_0079_Wat,571.1457131
18,Sample_S19S_0079_Wat,571.1668216
4,Sample_S19S_0079_Wat,571.1952621
17,Sample_S19S_0079_Wat,573.0886509
13,Sample_S19S_0079_Wat,573.1250609
5,Sample_S19S_0079_Wat,573.1615077
4,Sample_S19S_0079_Wat,573.1978706
8,Sample_S19S_0079_Wat,575.1043617
6,Sample_S19S_0079_Wat,575.1407714
22,Sample_S19S_0079_Wat,575.1770756
27,Sample_S19S_0079_Wat,575.213398
1,Sample_S19S_0079_Wat,577.0836723
42,Sample_S19S_0079_Wat,577.1563035
21,Sample_S19S_0079_Wat,577.1926143
4,Sample_S19S_0079_Wat,577.228924
12,Sample_S19S_0079_Wat,579.0992643
27,Sample_S19S_0079_Wat,579.1355972
32,Sample_S19S_0079_Wat,579.1719274
15,Sample_S19S_0079_Wat,579.2082488
3,Sample_S19S_0079_Wat,579.2445526
17,Sample_S19S_0079_Wat,581.1148894
36,Sample_S19S_0079_Wat,581.1512226
24,Sample_S19S_0079_Wat,581.1875335
21,Sample_S19S_0079_Wat,581.2238624
1,Sample_S19S_0079_Wat,583.094266
7,Sample_S19S_0079_Wat,583.1306046
19,Sample_S19S_0079_Wat,583.2032587
15,Sample_S19S_0079_Wat,583.2395225
6,Sample_S19S_0079_Wat,585.0886953
3,Sample_S19S_0079_Wat,585.1098543
3,Sample_S19S_0079_Wat,585.2190128
5,Sample_S19S_0079_Wat,587.088865
12,Sample_S19S_0079_Wat,587.1041571
13,Sample_S19S_0079_Wat,587.1405809
22,Sample_S19S_0079_Wat,587.1770783
7,Sample_S19S_0079_Wat,587.19016
4,Sample_S19S_0079_Wat,589.0833727
2,Sample_S19S_0079_Wat,589.119725
4,Sample_S19S_0079_Wat,591.0629191
1,Sample_S19S_0079_Wat,591.0993225
3,Sample_S19S_0079_Wat,591.135742
10,Sample_S19S_0079_Wat,591.1720289
9,Sample_S19S_0079_Wat,593.1511079
26,Sample_S19S_0079_Wat,593.1875846
16,Sample_S19S_0079_Wat,593.2240288
17,Sample_S19S_0079_Wat,595.130396
16,Sample_S19S_0079_Wat,595.1667494
22,Sample_S19S_0079_Wat,595.239629
13,Sample_S19S_0079_Wat,597.1460191
23,Sample_S19S_0079_Wat,597.1824999
10,Sample_S19S_0079_Wat,599.2263731
2,Sample_S19S_0079_Wat,605.1513953
6,Sample_S19S_0079_Wat,605.1877226
5,Sample_S19S_0079_Wat,605.2240726
26,Sample_S19S_0079_Wat,607.1304892
3,Sample_S19S_0079_Wat,607.2030678
1,Sample_S19S_0079_Wat,607.2394004
18,Sample_S19S_0079_Wat,609.1096597
3,Sample_S19S_0079_Wat,609.1459321
1,Sample_S19S_0079_Wat,611.0887789
24,Sample_S19S_0079_Wat,621.1825214
15,Sample_S19S_0079_Wat,621.218773
12,Sample_S19S_0079_Wat,625.1773321
5,Sample_S19S_0079_Wat,635.1252433
17,Sample_S19S_0079_Wat,635.1617901
