num.trans.involved.in,sample,peak
40,Sample_S19S_0061_Wat,201.0404313
34,Sample_S19S_0061_Wat,201.0768122
25,Sample_S19S_0061_Wat,201.1131969
40,Sample_S19S_0061_Wat,203.0560881
11,Sample_S19S_0061_Wat,203.0924536
27,Sample_S19S_0061_Wat,205.0505947
38,Sample_S19S_0061_Wat,207.0298709
36,Sample_S19S_0061_Wat,207.066249
22,Sample_S19S_0061_Wat,209.0091207
39,Sample_S19S_0061_Wat,209.0455114
35,Sample_S19S_0061_Wat,209.0818981
19,Sample_S19S_0061_Wat,210.0407624
59,Sample_S19S_0061_Wat,211.0247874
6,Sample_S19S_0061_Wat,211.0360077
60,Sample_S19S_0061_Wat,211.0611736
34,Sample_S19S_0061_Wat,211.097555
24,Sample_S19S_0061_Wat,212.0564229
3,Sample_S19S_0061_Wat,213.0152775
36,Sample_S19S_0061_Wat,213.0404285
47,Sample_S19S_0061_Wat,213.0768216
27,Sample_S19S_0061_Wat,213.1132092
22,Sample_S19S_0061_Wat,214.0720739
42,Sample_S19S_0061_Wat,215.0560786
41,Sample_S19S_0061_Wat,215.0924726
20,Sample_S19S_0061_Wat,215.1288446
13,Sample_S19S_0061_Wat,217.0505866
48,Sample_S19S_0061_Wat,217.0717431
33,Sample_S19S_0061_Wat,217.1081169
47,Sample_S19S_0061_Wat,219.0298823
15,Sample_S19S_0061_Wat,219.0662407
40,Sample_S19S_0061_Wat,221.0455191
22,Sample_S19S_0061_Wat,221.0818912
6,Sample_S19S_0061_Wat,222.0407486
15,Sample_S19S_0061_Wat,222.0771399
56,Sample_S19S_0061_Wat,223.0247931
19,Sample_S19S_0061_Wat,223.0611523
45,Sample_S19S_0061_Wat,223.0975605
28,Sample_S19S_0061_Wat,224.0564233
13,Sample_S19S_0061_Wat,225.0040321
86,Sample_S19S_0061_Wat,225.0404494
10,Sample_S19S_0061_Wat,225.0516605
56,Sample_S19S_0061_Wat,225.0768195
15,Sample_S19S_0061_Wat,225.1131873
22,Sample_S19S_0061_Wat,226.0356785
39,Sample_S19S_0061_Wat,226.072077
26,Sample_S19S_0061_Wat,227.0196895
42,Sample_S19S_0061_Wat,227.056079
49,Sample_S19S_0061_Wat,227.092466
31,Sample_S19S_0061_Wat,227.1288722
8,Sample_S19S_0061_Wat,228.0513116
48,Sample_S19S_0061_Wat,229.0353497
53,Sample_S19S_0061_Wat,229.0717413
35,Sample_S19S_0061_Wat,229.1081151
20,Sample_S19S_0061_Wat,229.14452
49,Sample_S19S_0061_Wat,231.051012
46,Sample_S19S_0061_Wat,231.0873835
45,Sample_S19S_0061_Wat,233.0091463
44,Sample_S19S_0061_Wat,233.0455307
69,Sample_S19S_0061_Wat,233.0666759
38,Sample_S19S_0061_Wat,233.0819208
38,Sample_S19S_0061_Wat,233.1030488
11,Sample_S19S_0061_Wat,233.1546845
50,Sample_S19S_0061_Wat,235.0247912
63,Sample_S19S_0061_Wat,235.0611873
41,Sample_S19S_0061_Wat,235.0975749
35,Sample_S19S_0061_Wat,236.0200457
58,Sample_S19S_0061_Wat,236.0564412
52,Sample_S19S_0061_Wat,237.0404421
2,Sample_S19S_0061_Wat,237.0516402
68,Sample_S19S_0061_Wat,237.0768351
38,Sample_S19S_0061_Wat,237.1132227
16,Sample_S19S_0061_Wat,238.0356696
32,Sample_S19S_0061_Wat,238.0720655
76,Sample_S19S_0061_Wat,239.0197221
102,Sample_S19S_0061_Wat,239.0561117
14,Sample_S19S_0061_Wat,239.0673352
98,Sample_S19S_0061_Wat,239.092497
46,Sample_S19S_0061_Wat,239.1288753
38,Sample_S19S_0061_Wat,240.0513448
42,Sample_S19S_0061_Wat,240.0877319
86,Sample_S19S_0061_Wat,241.03537
60,Sample_S19S_0061_Wat,241.0717422
33,Sample_S19S_0061_Wat,241.1081087
22,Sample_S19S_0061_Wat,241.1445007
60,Sample_S19S_0061_Wat,242.0670034
20,Sample_S19S_0061_Wat,242.139775
5,Sample_S19S_0061_Wat,242.1761465
87,Sample_S19S_0061_Wat,243.0510224
48,Sample_S19S_0061_Wat,243.0873816
21,Sample_S19S_0061_Wat,243.1237626
41,Sample_S19S_0061_Wat,244.0826525
49,Sample_S19S_0061_Wat,245.0302737
12,Sample_S19S_0061_Wat,245.0489119
95,Sample_S19S_0061_Wat,245.0666847
49,Sample_S19S_0061_Wat,245.0819342
69,Sample_S19S_0061_Wat,245.1030642
32,Sample_S19S_0061_Wat,246.0407845
49,Sample_S19S_0061_Wat,247.024801
28,Sample_S19S_0061_Wat,247.0459114
68,Sample_S19S_0061_Wat,247.0612011
78,Sample_S19S_0061_Wat,247.0823368
68,Sample_S19S_0061_Wat,247.0975945
44,Sample_S19S_0061_Wat,247.118733
47,Sample_S19S_0061_Wat,248.0564361
45,Sample_S19S_0061_Wat,249.0040636
85,Sample_S19S_0061_Wat,249.0404675
87,Sample_S19S_0061_Wat,249.0768527
13,Sample_S19S_0061_Wat,249.0802097
37,Sample_S19S_0061_Wat,249.1132224
61,Sample_S19S_0061_Wat,250.07209
80,Sample_S19S_0061_Wat,251.0197332
77,Sample_S19S_0061_Wat,251.0560986
111,Sample_S19S_0061_Wat,251.0925063
44,Sample_S19S_0061_Wat,251.1289035
55,Sample_S19S_0061_Wat,252.0513612
51,Sample_S19S_0061_Wat,252.0877348
111,Sample_S19S_0061_Wat,253.0353983
16,Sample_S19S_0061_Wat,253.0466122
125,Sample_S19S_0061_Wat,253.0717756
43,Sample_S19S_0061_Wat,253.1081345
46,Sample_S19S_0061_Wat,253.1445337
46,Sample_S19S_0061_Wat,254.0306157
49,Sample_S19S_0061_Wat,254.0670222
45,Sample_S19S_0061_Wat,254.1033853
111,Sample_S19S_0061_Wat,255.0510433
122,Sample_S19S_0061_Wat,255.0874163
44,Sample_S19S_0061_Wat,255.1237776
56,Sample_S19S_0061_Wat,256.0826837
89,Sample_S19S_0061_Wat,257.030304
24,Sample_S19S_0061_Wat,257.048925
105,Sample_S19S_0061_Wat,257.0666765
69,Sample_S19S_0061_Wat,257.1030521
47,Sample_S19S_0061_Wat,257.1394516
53,Sample_S19S_0061_Wat,258.0619166
50,Sample_S19S_0061_Wat,258.0983343
94,Sample_S19S_0061_Wat,259.0459547
61,Sample_S19S_0061_Wat,259.0612028
98,Sample_S19S_0061_Wat,259.0823405
52,Sample_S19S_0061_Wat,259.0975861
66,Sample_S19S_0061_Wat,259.1187072
32,Sample_S19S_0061_Wat,260.0200818
15,Sample_S19S_0061_Wat,260.0564172
41,Sample_S19S_0061_Wat,260.0775722
62,Sample_S19S_0061_Wat,261.040468
73,Sample_S19S_0061_Wat,261.061588
86,Sample_S19S_0061_Wat,261.0768598
60,Sample_S19S_0061_Wat,261.0980071
57,Sample_S19S_0061_Wat,261.1132477
41,Sample_S19S_0061_Wat,262.0357323
42,Sample_S19S_0061_Wat,262.0721008
52,Sample_S19S_0061_Wat,263.019721
88,Sample_S19S_0061_Wat,263.0561329
26,Sample_S19S_0061_Wat,263.0595
46,Sample_S19S_0061_Wat,263.0924815
42,Sample_S19S_0061_Wat,263.128908
57,Sample_S19S_0061_Wat,264.0513612
47,Sample_S19S_0061_Wat,264.087752
26,Sample_S19S_0061_Wat,264.1241638
63,Sample_S19S_0061_Wat,264.9989861
97,Sample_S19S_0061_Wat,265.0353938
18,Sample_S19S_0061_Wat,265.046622
91,Sample_S19S_0061_Wat,265.0717855
25,Sample_S19S_0061_Wat,265.0829943
98,Sample_S19S_0061_Wat,265.1081545
34,Sample_S19S_0061_Wat,265.1445692
1,Sample_S19S_0061_Wat,265.1479151
51,Sample_S19S_0061_Wat,266.0306266
70,Sample_S19S_0061_Wat,266.0670361
44,Sample_S19S_0061_Wat,266.1034196
84,Sample_S19S_0061_Wat,267.0146829
118,Sample_S19S_0061_Wat,267.0510336
108,Sample_S19S_0061_Wat,267.0874299
19,Sample_S19S_0061_Wat,267.0986455
92,Sample_S19S_0061_Wat,267.123805
39,Sample_S19S_0061_Wat,267.1601848
76,Sample_S19S_0061_Wat,268.0462977
68,Sample_S19S_0061_Wat,268.08266
91,Sample_S19S_0061_Wat,269.0303205
131,Sample_S19S_0061_Wat,269.0666802
33,Sample_S19S_0061_Wat,269.0779259
105,Sample_S19S_0061_Wat,269.1030627
55,Sample_S19S_0061_Wat,269.1394657
44,Sample_S19S_0061_Wat,270.0255615
67,Sample_S19S_0061_Wat,270.0619439
58,Sample_S19S_0061_Wat,270.0983057
90,Sample_S19S_0061_Wat,271.0459737
24,Sample_S19S_0061_Wat,271.061176
103,Sample_S19S_0061_Wat,271.0823212
28,Sample_S19S_0061_Wat,271.0935785
89,Sample_S19S_0061_Wat,271.118718
27,Sample_S19S_0061_Wat,271.1551343
59,Sample_S19S_0061_Wat,272.0412153
62,Sample_S19S_0061_Wat,272.0775888
45,Sample_S19S_0061_Wat,272.1139554
70,Sample_S19S_0061_Wat,273.0252099
62,Sample_S19S_0061_Wat,273.040478
86,Sample_S19S_0061_Wat,273.061591
74,Sample_S19S_0061_Wat,273.0768603
83,Sample_S19S_0061_Wat,273.0979879
39,Sample_S19S_0061_Wat,273.1343844
41,Sample_S19S_0061_Wat,274.0357454
42,Sample_S19S_0061_Wat,274.0568533
42,Sample_S19S_0061_Wat,274.0720917
43,Sample_S19S_0061_Wat,274.0932637
69,Sample_S19S_0061_Wat,275.0197425
73,Sample_S19S_0061_Wat,275.0408652
75,Sample_S19S_0061_Wat,275.0561155
28,Sample_S19S_0061_Wat,275.0594984
21,Sample_S19S_0061_Wat,275.0673647
85,Sample_S19S_0061_Wat,275.0772487
74,Sample_S19S_0061_Wat,275.0925149
9,Sample_S19S_0061_Wat,275.0958927
71,Sample_S19S_0061_Wat,275.1136274
44,Sample_S19S_0061_Wat,276.0150051
49,Sample_S19S_0061_Wat,276.0513913
20,Sample_S19S_0061_Wat,276.0877174
21,Sample_S19S_0061_Wat,276.108923
63,Sample_S19S_0061_Wat,276.9990278
95,Sample_S19S_0061_Wat,277.0354157
16,Sample_S19S_0061_Wat,277.046621
93,Sample_S19S_0061_Wat,277.0717892
44,Sample_S19S_0061_Wat,277.0929294
85,Sample_S19S_0061_Wat,277.1081544
54,Sample_S19S_0061_Wat,277.1445377
41,Sample_S19S_0061_Wat,278.0306345
57,Sample_S19S_0061_Wat,278.0670289
43,Sample_S19S_0061_Wat,278.1034322
33,Sample_S19S_0061_Wat,278.1397966
50,Sample_S19S_0061_Wat,279.0146331
95,Sample_S19S_0061_Wat,279.0510516
24,Sample_S19S_0061_Wat,279.0544147
31,Sample_S19S_0061_Wat,279.0622836
63,Sample_S19S_0061_Wat,279.0874539
29,Sample_S19S_0061_Wat,279.0986672
62,Sample_S19S_0061_Wat,279.1238221
41,Sample_S19S_0061_Wat,279.160186
69,Sample_S19S_0061_Wat,280.0463018
73,Sample_S19S_0061_Wat,280.0826921
50,Sample_S19S_0061_Wat,280.1190492
95,Sample_S19S_0061_Wat,281.0303339
16,Sample_S19S_0061_Wat,281.0415261
122,Sample_S19S_0061_Wat,281.0666829
36,Sample_S19S_0061_Wat,281.0779309
74,Sample_S19S_0061_Wat,281.1030502
16,Sample_S19S_0061_Wat,281.1143409
74,Sample_S19S_0061_Wat,281.1394597
40,Sample_S19S_0061_Wat,282.025533
54,Sample_S19S_0061_Wat,282.0983548
77,Sample_S19S_0061_Wat,283.0095898
119,Sample_S19S_0061_Wat,283.0459554
21,Sample_S19S_0061_Wat,283.0571681
84,Sample_S19S_0061_Wat,283.0823169
28,Sample_S19S_0061_Wat,283.0935869
111,Sample_S19S_0061_Wat,283.118715
39,Sample_S19S_0061_Wat,283.1551309
54,Sample_S19S_0061_Wat,284.0412345
65,Sample_S19S_0061_Wat,284.0776208
52,Sample_S19S_0061_Wat,284.1139788
85,Sample_S19S_0061_Wat,285.025228
48,Sample_S19S_0061_Wat,285.0404866
14,Sample_S19S_0061_Wat,285.0438689
86,Sample_S19S_0061_Wat,285.0616357
22,Sample_S19S_0061_Wat,285.0728595
48,Sample_S19S_0061_Wat,285.0768513
46,Sample_S19S_0061_Wat,285.0980306
9,Sample_S19S_0061_Wat,285.1262347
60,Sample_S19S_0061_Wat,285.1343948
38,Sample_S19S_0061_Wat,285.17075
54,Sample_S19S_0061_Wat,286.0568589
37,Sample_S19S_0061_Wat,286.0720931
64,Sample_S19S_0061_Wat,286.0932539
59,Sample_S19S_0061_Wat,287.0197477
17,Sample_S19S_0061_Wat,287.0231311
76,Sample_S19S_0061_Wat,287.0408776
65,Sample_S19S_0061_Wat,287.0561351
4,Sample_S19S_0061_Wat,287.0595327
9,Sample_S19S_0061_Wat,287.0673913
99,Sample_S19S_0061_Wat,287.0772537
64,Sample_S19S_0061_Wat,287.0925228
86,Sample_S19S_0061_Wat,287.1136282
55,Sample_S19S_0061_Wat,287.150015
44,Sample_S19S_0061_Wat,288.0513962
55,Sample_S19S_0061_Wat,288.0725046
40,Sample_S19S_0061_Wat,288.1089115
78,Sample_S19S_0061_Wat,289.0354029
24,Sample_S19S_0061_Wat,289.0387746
81,Sample_S19S_0061_Wat,289.0565242
91,Sample_S19S_0061_Wat,289.0717704
32,Sample_S19S_0061_Wat,289.0751476
78,Sample_S19S_0061_Wat,289.0929075
61,Sample_S19S_0061_Wat,289.1081489
65,Sample_S19S_0061_Wat,289.1292776
46,Sample_S19S_0061_Wat,289.1445478
13,Sample_S19S_0061_Wat,290.0305978
24,Sample_S19S_0061_Wat,290.0669883
14,Sample_S19S_0061_Wat,290.0882083
8,Sample_S19S_0061_Wat,290.1245994
72,Sample_S19S_0061_Wat,291.0146759
90,Sample_S19S_0061_Wat,291.0510416
25,Sample_S19S_0061_Wat,291.0622947
70,Sample_S19S_0061_Wat,291.0721692
84,Sample_S19S_0061_Wat,291.0874132
22,Sample_S19S_0061_Wat,291.0986884
50,Sample_S19S_0061_Wat,291.1085682
63,Sample_S19S_0061_Wat,291.1237966
30,Sample_S19S_0061_Wat,292.0098809
47,Sample_S19S_0061_Wat,292.0462633
47,Sample_S19S_0061_Wat,292.1190716
95,Sample_S19S_0061_Wat,293.0303357
24,Sample_S19S_0061_Wat,293.0415474
96,Sample_S19S_0061_Wat,293.0667099
22,Sample_S19S_0061_Wat,293.0700724
36,Sample_S19S_0061_Wat,293.0779374
102,Sample_S19S_0061_Wat,293.1030793
80,Sample_S19S_0061_Wat,293.1394564
12,Sample_S19S_0061_Wat,293.1757942
21,Sample_S19S_0061_Wat,294.0255165
57,Sample_S19S_0061_Wat,294.0619153
11,Sample_S19S_0061_Wat,294.0831174
64,Sample_S19S_0061_Wat,294.098304
44,Sample_S19S_0061_Wat,294.1347046
54,Sample_S19S_0061_Wat,295.0095496
92,Sample_S19S_0061_Wat,295.0459444
23,Sample_S19S_0061_Wat,295.0572284
120,Sample_S19S_0061_Wat,295.0823376
9,Sample_S19S_0061_Wat,295.093638
118,Sample_S19S_0061_Wat,295.1187213
56,Sample_S19S_0061_Wat,295.1550986
44,Sample_S19S_0061_Wat,296.0411763
63,Sample_S19S_0061_Wat,296.0775656
46,Sample_S19S_0061_Wat,296.1139469
94,Sample_S19S_0061_Wat,297.025237
102,Sample_S19S_0061_Wat,297.0616262
35,Sample_S19S_0061_Wat,297.0728378
75,Sample_S19S_0061_Wat,297.0980154
22,Sample_S19S_0061_Wat,297.109248
44,Sample_S19S_0061_Wat,297.1344063
4,Sample_S19S_0061_Wat,297.1529844
21,Sample_S19S_0061_Wat,297.1707937
69,Sample_S19S_0061_Wat,298.0568737
67,Sample_S19S_0061_Wat,298.0932671
43,Sample_S19S_0061_Wat,298.1296449
39,Sample_S19S_0061_Wat,299.0197546
17,Sample_S19S_0061_Wat,299.0231228
79,Sample_S19S_0061_Wat,299.0408894
58,Sample_S19S_0061_Wat,299.05613
110,Sample_S19S_0061_Wat,299.0772616
33,Sample_S19S_0061_Wat,299.0884889
89,Sample_S19S_0061_Wat,299.1136455
71,Sample_S19S_0061_Wat,299.1500243
18,Sample_S19S_0061_Wat,300.0149792
17,Sample_S19S_0061_Wat,300.0360843
40,Sample_S19S_0061_Wat,300.0513851
68,Sample_S19S_0061_Wat,300.0725
51,Sample_S19S_0061_Wat,300.1089049
8,Sample_S19S_0061_Wat,301.0023572
63,Sample_S19S_0061_Wat,301.0201601
64,Sample_S19S_0061_Wat,301.0353903
28,Sample_S19S_0061_Wat,301.0387674
76,Sample_S19S_0061_Wat,301.0565488
53,Sample_S19S_0061_Wat,301.071792
30,Sample_S19S_0061_Wat,301.0751454
73,Sample_S19S_0061_Wat,301.092932
34,Sample_S19S_0061_Wat,301.1081829
14,Sample_S19S_0061_Wat,301.1115398
54,Sample_S19S_0061_Wat,301.129318
34,Sample_S19S_0061_Wat,301.1656955
33,Sample_S19S_0061_Wat,302.0306578
43,Sample_S19S_0061_Wat,302.0518004
45,Sample_S19S_0061_Wat,302.0670162
37,Sample_S19S_0061_Wat,302.0881947
27,Sample_S19S_0061_Wat,302.1245742
58,Sample_S19S_0061_Wat,303.0146906
16,Sample_S19S_0061_Wat,303.0180437
59,Sample_S19S_0061_Wat,303.0357821
72,Sample_S19S_0061_Wat,303.0510433
34,Sample_S19S_0061_Wat,303.0544081
9,Sample_S19S_0061_Wat,303.0623453
84,Sample_S19S_0061_Wat,303.0721573
27,Sample_S19S_0061_Wat,303.0834122
70,Sample_S19S_0061_Wat,303.0874395
25,Sample_S19S_0061_Wat,303.0907893
88,Sample_S19S_0061_Wat,303.1085414
57,Sample_S19S_0061_Wat,303.1238249
58,Sample_S19S_0061_Wat,303.1449308
31,Sample_S19S_0061_Wat,303.1602155
27,Sample_S19S_0061_Wat,304.0099148
51,Sample_S19S_0061_Wat,304.0462877
53,Sample_S19S_0061_Wat,304.0826613
35,Sample_S19S_0061_Wat,304.1038383
8,Sample_S19S_0061_Wat,304.1402446
85,Sample_S19S_0061_Wat,305.0303157
6,Sample_S19S_0061_Wat,305.0416206
43,Sample_S19S_0061_Wat,305.0514118
94,Sample_S19S_0061_Wat,305.0666877
30,Sample_S19S_0061_Wat,305.0700613
12,Sample_S19S_0061_Wat,305.0779953
51,Sample_S19S_0061_Wat,305.087829
82,Sample_S19S_0061_Wat,305.1030852
11,Sample_S19S_0061_Wat,305.1064563
6,Sample_S19S_0061_Wat,305.1143903
31,Sample_S19S_0061_Wat,305.1242388
57,Sample_S19S_0061_Wat,305.1394662
20,Sample_S19S_0061_Wat,306.0831168
65,Sample_S19S_0061_Wat,306.0983427
5,Sample_S19S_0061_Wat,306.1195211
54,Sample_S19S_0061_Wat,307.0095853
108,Sample_S19S_0061_Wat,307.0459779
14,Sample_S19S_0061_Wat,307.0493115
19,Sample_S19S_0061_Wat,307.0572343
71,Sample_S19S_0061_Wat,307.0823737
28,Sample_S19S_0061_Wat,307.0936059
49,Sample_S19S_0061_Wat,307.1187572
38,Sample_S19S_0061_Wat,307.1551342
72,Sample_S19S_0061_Wat,308.0412303
76,Sample_S19S_0061_Wat,308.0775973
4,Sample_S19S_0061_Wat,308.098784
60,Sample_S19S_0061_Wat,308.1139545
91,Sample_S19S_0061_Wat,309.0252469
20,Sample_S19S_0061_Wat,309.0364835
118,Sample_S19S_0061_Wat,309.0616036
31,Sample_S19S_0061_Wat,309.0728691
112,Sample_S19S_0061_Wat,309.0979773
12,Sample_S19S_0061_Wat,309.1092661
90,Sample_S19S_0061_Wat,309.1343649
39,Sample_S19S_0061_Wat,309.1707647
2,Sample_S19S_0061_Wat,309.1741269
44,Sample_S19S_0061_Wat,310.0204823
66,Sample_S19S_0061_Wat,310.0568411
73,Sample_S19S_0061_Wat,310.0932206
57,Sample_S19S_0061_Wat,310.1296176
98,Sample_S19S_0061_Wat,311.0408991
31,Sample_S19S_0061_Wat,311.0521121
104,Sample_S19S_0061_Wat,311.0772659
35,Sample_S19S_0061_Wat,311.0885065
11,Sample_S19S_0061_Wat,311.105537
133,Sample_S19S_0061_Wat,311.1136352
31,Sample_S19S_0061_Wat,311.1248899
73,Sample_S19S_0061_Wat,311.1500195
49,Sample_S19S_0061_Wat,312.0361043
71,Sample_S19S_0061_Wat,312.0725103
66,Sample_S19S_0061_Wat,313.0201379
40,Sample_S19S_0061_Wat,313.0353909
91,Sample_S19S_0061_Wat,313.0565398
33,Sample_S19S_0061_Wat,313.071764
7,Sample_S19S_0061_Wat,313.075094
88,Sample_S19S_0061_Wat,313.0929245
38,Sample_S19S_0061_Wat,313.1041391
11,Sample_S19S_0061_Wat,313.1115031
78,Sample_S19S_0061_Wat,313.1293014
49,Sample_S19S_0061_Wat,313.1656688
63,Sample_S19S_0061_Wat,314.0517902
20,Sample_S19S_0061_Wat,314.0670019
69,Sample_S19S_0061_Wat,314.0881771
13,Sample_S19S_0061_Wat,314.1067669
52,Sample_S19S_0061_Wat,314.1245573
51,Sample_S19S_0061_Wat,315.0146824
17,Sample_S19S_0061_Wat,315.0180328
72,Sample_S19S_0061_Wat,315.035781
63,Sample_S19S_0061_Wat,315.0510397
35,Sample_S19S_0061_Wat,315.0544106
85,Sample_S19S_0061_Wat,315.0721791
30,Sample_S19S_0061_Wat,315.0873994
8,Sample_S19S_0061_Wat,315.0907452
73,Sample_S19S_0061_Wat,315.1085755
54,Sample_S19S_0061_Wat,315.1238052
53,Sample_S19S_0061_Wat,315.1449559
44,Sample_S19S_0061_Wat,316.0463145
49,Sample_S19S_0061_Wat,316.0674166
54,Sample_S19S_0061_Wat,316.0826874
61,Sample_S19S_0061_Wat,316.1038062
27,Sample_S19S_0061_Wat,316.1402237
70,Sample_S19S_0061_Wat,317.0303382
5,Sample_S19S_0061_Wat,317.0337185
73,Sample_S19S_0061_Wat,317.0514233
77,Sample_S19S_0061_Wat,317.0666936
33,Sample_S19S_0061_Wat,317.0700656
8,Sample_S19S_0061_Wat,317.0780371
95,Sample_S19S_0061_Wat,317.0878157
57,Sample_S19S_0061_Wat,317.1030588
55,Sample_S19S_0061_Wat,317.124227
57,Sample_S19S_0061_Wat,317.1394552
37,Sample_S19S_0061_Wat,317.1606071
27,Sample_S19S_0061_Wat,318.0255948
58,Sample_S19S_0061_Wat,318.0619419
21,Sample_S19S_0061_Wat,318.0831173
46,Sample_S19S_0061_Wat,318.0982984
26,Sample_S19S_0061_Wat,318.1194966
47,Sample_S19S_0061_Wat,319.009608
25,Sample_S19S_0061_Wat,319.0460069
6,Sample_S19S_0061_Wat,319.0493681
9,Sample_S19S_0061_Wat,319.0573003
46,Sample_S19S_0061_Wat,319.0670953
79,Sample_S19S_0061_Wat,319.0823624
28,Sample_S19S_0061_Wat,319.0857041
3,Sample_S19S_0061_Wat,319.0936659
43,Sample_S19S_0061_Wat,319.103481
84,Sample_S19S_0061_Wat,319.1187158
41,Sample_S19S_0061_Wat,319.139868
51,Sample_S19S_0061_Wat,319.1551015
61,Sample_S19S_0061_Wat,320.0412195
53,Sample_S19S_0061_Wat,320.0776287
22,Sample_S19S_0061_Wat,320.0987676
21,Sample_S19S_0061_Wat,320.1140206
23,Sample_S19S_0061_Wat,320.1351354
78,Sample_S19S_0061_Wat,321.0252313
11,Sample_S19S_0061_Wat,321.0365015
82,Sample_S19S_0061_Wat,321.0616406
12,Sample_S19S_0061_Wat,321.0649964
14,Sample_S19S_0061_Wat,321.0728956
42,Sample_S19S_0061_Wat,321.0980285
8,Sample_S19S_0061_Wat,321.1093021
70,Sample_S19S_0061_Wat,321.1343949
39,Sample_S19S_0061_Wat,321.1707672
35,Sample_S19S_0061_Wat,322.0204668
73,Sample_S19S_0061_Wat,322.0568903
74,Sample_S19S_0061_Wat,322.0932669
8,Sample_S19S_0061_Wat,322.1144282
61,Sample_S19S_0061_Wat,323.0044879
80,Sample_S19S_0061_Wat,323.0408542
19,Sample_S19S_0061_Wat,323.0521494
110,Sample_S19S_0061_Wat,323.0772527
42,Sample_S19S_0061_Wat,323.0884973
61,Sample_S19S_0061_Wat,323.1136726
23,Sample_S19S_0061_Wat,323.1249109
54,Sample_S19S_0061_Wat,323.1500462
2,Sample_S19S_0061_Wat,323.1534135
29,Sample_S19S_0061_Wat,323.1864241
61,Sample_S19S_0061_Wat,324.0361498
77,Sample_S19S_0061_Wat,324.0725027
66,Sample_S19S_0061_Wat,324.108871
25,Sample_S19S_0061_Wat,325.0201894
20,Sample_S19S_0061_Wat,325.0387758
97,Sample_S19S_0061_Wat,325.0565425
12,Sample_S19S_0061_Wat,325.0678176
117,Sample_S19S_0061_Wat,325.0928926
36,Sample_S19S_0061_Wat,325.1041654
86,Sample_S19S_0061_Wat,325.1292996
39,Sample_S19S_0061_Wat,325.1657004
2,Sample_S19S_0061_Wat,325.1842438
56,Sample_S19S_0061_Wat,326.0518083
73,Sample_S19S_0061_Wat,326.0881656
60,Sample_S19S_0061_Wat,326.1245662
77,Sample_S19S_0061_Wat,327.035782
12,Sample_S19S_0061_Wat,327.0543882
82,Sample_S19S_0061_Wat,327.0722018
37,Sample_S19S_0061_Wat,327.0834311
51,Sample_S19S_0061_Wat,327.0874372
8,Sample_S19S_0061_Wat,327.090737
84,Sample_S19S_0061_Wat,327.1085831
6,Sample_S19S_0061_Wat,327.1198419
69,Sample_S19S_0061_Wat,327.1449492
34,Sample_S19S_0061_Wat,328.0463026
59,Sample_S19S_0061_Wat,328.067419
13,Sample_S19S_0061_Wat,328.0860593
74,Sample_S19S_0061_Wat,328.1037984
27,Sample_S19S_0061_Wat,328.140231
57,Sample_S19S_0061_Wat,329.0303285
28,Sample_S19S_0061_Wat,329.0336784
55,Sample_S19S_0061_Wat,329.0514722
31,Sample_S19S_0061_Wat,329.0667319
109,Sample_S19S_0061_Wat,329.0878075
34,Sample_S19S_0061_Wat,329.0990585
52,Sample_S19S_0061_Wat,329.1030905
22,Sample_S19S_0061_Wat,329.1064332
72,Sample_S19S_0061_Wat,329.1242163
1,Sample_S19S_0061_Wat,329.152419
24,Sample_S19S_0061_Wat,330.0255466
40,Sample_S19S_0061_Wat,330.0619755
31,Sample_S19S_0061_Wat,330.0831155
54,Sample_S19S_0061_Wat,330.1194763
37,Sample_S19S_0061_Wat,331.0095615
56,Sample_S19S_0061_Wat,331.0307044
49,Sample_S19S_0061_Wat,331.0459941
30,Sample_S19S_0061_Wat,331.0493372
70,Sample_S19S_0061_Wat,331.0670688
68,Sample_S19S_0061_Wat,331.0823608
29,Sample_S19S_0061_Wat,331.0857029
2,Sample_S19S_0061_Wat,331.0937101
52,Sample_S19S_0061_Wat,331.1034998
71,Sample_S19S_0061_Wat,331.1187275
7,Sample_S19S_0061_Wat,331.122066
23,Sample_S19S_0061_Wat,331.1399002
15,Sample_S19S_0061_Wat,331.155166
12,Sample_S19S_0061_Wat,331.1915481
47,Sample_S19S_0061_Wat,332.0412408
60,Sample_S19S_0061_Wat,332.0775831
45,Sample_S19S_0061_Wat,332.0987468
44,Sample_S19S_0061_Wat,332.1139958
34,Sample_S19S_0061_Wat,332.1351167
30,Sample_S19S_0061_Wat,333.0252702
41,Sample_S19S_0061_Wat,333.0616512
6,Sample_S19S_0061_Wat,333.0650225
3,Sample_S19S_0061_Wat,333.0729806
42,Sample_S19S_0061_Wat,333.08277
82,Sample_S19S_0061_Wat,333.0980074
20,Sample_S19S_0061_Wat,333.1013488
6,Sample_S19S_0061_Wat,333.109335
11,Sample_S19S_0061_Wat,333.1191757
35,Sample_S19S_0061_Wat,333.1344131
15,Sample_S19S_0061_Wat,333.137741
26,Sample_S19S_0061_Wat,333.1707943
26,Sample_S19S_0061_Wat,334.0204647
68,Sample_S19S_0061_Wat,334.0568812
3,Sample_S19S_0061_Wat,334.0681951
21,Sample_S19S_0061_Wat,334.0780188
44,Sample_S19S_0061_Wat,334.0932769
15,Sample_S19S_0061_Wat,334.1144217
54,Sample_S19S_0061_Wat,335.004499
57,Sample_S19S_0061_Wat,335.0409093
11,Sample_S19S_0061_Wat,335.0521847
93,Sample_S19S_0061_Wat,335.0772597
29,Sample_S19S_0061_Wat,335.0806299
36,Sample_S19S_0061_Wat,335.0984028
56,Sample_S19S_0061_Wat,335.1136067
3,Sample_S19S_0061_Wat,335.1169263
61,Sample_S19S_0061_Wat,335.150042
32,Sample_S19S_0061_Wat,335.1864245
1,Sample_S19S_0061_Wat,335.2358032
33,Sample_S19S_0061_Wat,336.0361684
36,Sample_S19S_0061_Wat,336.0725571
2,Sample_S19S_0061_Wat,336.0937181
67,Sample_S19S_0061_Wat,336.1089144
2,Sample_S19S_0061_Wat,336.1301036
2,Sample_S19S_0061_Wat,336.1453517
69,Sample_S19S_0061_Wat,337.0201415
63,Sample_S19S_0061_Wat,337.0564852
29,Sample_S19S_0061_Wat,337.0677837
12,Sample_S19S_0061_Wat,337.0695448
106,Sample_S19S_0061_Wat,337.0929176
16,Sample_S19S_0061_Wat,337.1041904
104,Sample_S19S_0061_Wat,337.1292866
53,Sample_S19S_0061_Wat,337.1656867
6,Sample_S19S_0061_Wat,337.2021218
17,Sample_S19S_0061_Wat,338.0518396
80,Sample_S19S_0061_Wat,338.0881798
48,Sample_S19S_0061_Wat,338.1245766
74,Sample_S19S_0061_Wat,339.0357996
24,Sample_S19S_0061_Wat,339.0470361
118,Sample_S19S_0061_Wat,339.0721726
12,Sample_S19S_0061_Wat,339.0834699
119,Sample_S19S_0061_Wat,339.1085453
30,Sample_S19S_0061_Wat,339.1198231
34,Sample_S19S_0061_Wat,339.1449816
38,Sample_S19S_0061_Wat,339.1813533
1,Sample_S19S_0061_Wat,339.1999929
51,Sample_S19S_0061_Wat,340.0310651
24,Sample_S19S_0061_Wat,340.0674792
69,Sample_S19S_0061_Wat,340.1038147
56,Sample_S19S_0061_Wat,340.1401964
62,Sample_S19S_0061_Wat,341.0150623
26,Sample_S19S_0061_Wat,341.0302897
11,Sample_S19S_0061_Wat,341.0336306
77,Sample_S19S_0061_Wat,341.0514621
5,Sample_S19S_0061_Wat,341.0627609
12,Sample_S19S_0061_Wat,341.0700215
120,Sample_S19S_0061_Wat,341.0878109
28,Sample_S19S_0061_Wat,341.0990914
38,Sample_S19S_0061_Wat,341.12425
37,Sample_S19S_0061_Wat,341.1354562
51,Sample_S19S_0061_Wat,341.1606173
44,Sample_S19S_0061_Wat,342.0467143
14,Sample_S19S_0061_Wat,342.0619966
68,Sample_S19S_0061_Wat,342.0830768
23,Sample_S19S_0061_Wat,342.1016758
53,Sample_S19S_0061_Wat,342.1194926
46,Sample_S19S_0061_Wat,342.155837
23,Sample_S19S_0061_Wat,343.0096148
7,Sample_S19S_0061_Wat,343.0129774
64,Sample_S19S_0061_Wat,343.0307124
47,Sample_S19S_0061_Wat,343.0459579
12,Sample_S19S_0061_Wat,343.0492868
57,Sample_S19S_0061_Wat,343.067113
7,Sample_S19S_0061_Wat,343.0783969
15,Sample_S19S_0061_Wat,343.0823925
29,Sample_S19S_0061_Wat,343.0857039
105,Sample_S19S_0061_Wat,343.1034685
40,Sample_S19S_0061_Wat,343.1187422
16,Sample_S19S_0061_Wat,343.1399075
40,Sample_S19S_0061_Wat,343.1762631
30,Sample_S19S_0061_Wat,344.0412523
51,Sample_S19S_0061_Wat,344.0623517
55,Sample_S19S_0061_Wat,344.0775907
16,Sample_S19S_0061_Wat,344.0809341
44,Sample_S19S_0061_Wat,344.0987606
51,Sample_S19S_0061_Wat,344.1139904
1,Sample_S19S_0061_Wat,344.1350437
59,Sample_S19S_0061_Wat,345.0252491
24,Sample_S19S_0061_Wat,345.0286059
53,Sample_S19S_0061_Wat,345.0463327
70,Sample_S19S_0061_Wat,345.0616254
27,Sample_S19S_0061_Wat,345.0649742
59,Sample_S19S_0061_Wat,345.0827674
67,Sample_S19S_0061_Wat,345.0980089
16,Sample_S19S_0061_Wat,345.1013399
61,Sample_S19S_0061_Wat,345.1191373
20,Sample_S19S_0061_Wat,345.1344288
19,Sample_S19S_0061_Wat,345.1377389
29,Sample_S19S_0061_Wat,345.1555412
40,Sample_S19S_0061_Wat,345.170772
37,Sample_S19S_0061_Wat,346.0204903
38,Sample_S19S_0061_Wat,346.0569005
38,Sample_S19S_0061_Wat,346.07802
56,Sample_S19S_0061_Wat,346.0932318
48,Sample_S19S_0061_Wat,346.1143644
44,Sample_S19S_0061_Wat,346.1296472
26,Sample_S19S_0061_Wat,346.1507606
51,Sample_S19S_0061_Wat,347.0045152
73,Sample_S19S_0061_Wat,347.0408756
29,Sample_S19S_0061_Wat,347.0442381
43,Sample_S19S_0061_Wat,347.0620279
94,Sample_S19S_0061_Wat,347.0772564
9,Sample_S19S_0061_Wat,347.0805924
7,Sample_S19S_0061_Wat,347.0885951
22,Sample_S19S_0061_Wat,347.0903002
65,Sample_S19S_0061_Wat,347.0983726
42,Sample_S19S_0061_Wat,347.1136821
25,Sample_S19S_0061_Wat,347.1170036
28,Sample_S19S_0061_Wat,347.1348045
64,Sample_S19S_0061_Wat,347.1500262
10,Sample_S19S_0061_Wat,347.1864695
47,Sample_S19S_0061_Wat,348.0361356
33,Sample_S19S_0061_Wat,348.0725611
68,Sample_S19S_0061_Wat,348.1089104
13,Sample_S19S_0061_Wat,348.1300774
67,Sample_S19S_0061_Wat,349.0201636
5,Sample_S19S_0061_Wat,349.0313461
12,Sample_S19S_0061_Wat,349.0598406
10,Sample_S19S_0061_Wat,349.0678584
80,Sample_S19S_0061_Wat,349.0929209
10,Sample_S19S_0061_Wat,349.0962266
10,Sample_S19S_0061_Wat,349.1042255
20,Sample_S19S_0061_Wat,349.1059291
82,Sample_S19S_0061_Wat,349.129303
59,Sample_S19S_0061_Wat,349.1656793
3,Sample_S19S_0061_Wat,349.1690154
13,Sample_S19S_0061_Wat,349.2021049
22,Sample_S19S_0061_Wat,350.0518357
83,Sample_S19S_0061_Wat,350.0881844
22,Sample_S19S_0061_Wat,350.1245924
72,Sample_S19S_0061_Wat,351.0357871
13,Sample_S19S_0061_Wat,351.0470717
83,Sample_S19S_0061_Wat,351.0721501
54,Sample_S19S_0061_Wat,351.1085115
13,Sample_S19S_0061_Wat,351.1198443
20,Sample_S19S_0061_Wat,351.121581
44,Sample_S19S_0061_Wat,351.1449775
45,Sample_S19S_0061_Wat,351.1813076
2,Sample_S19S_0061_Wat,351.1846476
14,Sample_S19S_0061_Wat,351.2177372
38,Sample_S19S_0061_Wat,352.0310225
36,Sample_S19S_0061_Wat,352.0674721
71,Sample_S19S_0061_Wat,352.1038206
31,Sample_S19S_0061_Wat,352.140233
61,Sample_S19S_0061_Wat,353.0150696
54,Sample_S19S_0061_Wat,353.0514753
7,Sample_S19S_0061_Wat,353.0627608
115,Sample_S19S_0061_Wat,353.0878166
24,Sample_S19S_0061_Wat,353.0990962
81,Sample_S19S_0061_Wat,353.124233
51,Sample_S19S_0061_Wat,353.1605629
29,Sample_S19S_0061_Wat,353.1970034
55,Sample_S19S_0061_Wat,354.0467104
79,Sample_S19S_0061_Wat,354.0830704
63,Sample_S19S_0061_Wat,354.1194893
56,Sample_S19S_0061_Wat,354.1558443
26,Sample_S19S_0061_Wat,355.0096063
61,Sample_S19S_0061_Wat,355.0306981
35,Sample_S19S_0061_Wat,355.0459559
6,Sample_S19S_0061_Wat,355.0492579
78,Sample_S19S_0061_Wat,355.0671162
9,Sample_S19S_0061_Wat,355.0784081
4,Sample_S19S_0061_Wat,355.0824171
105,Sample_S19S_0061_Wat,355.1034699
48,Sample_S19S_0061_Wat,355.1147135
20,Sample_S19S_0061_Wat,355.1399086
45,Sample_S19S_0061_Wat,355.1762476
2,Sample_S19S_0061_Wat,356.0412949
70,Sample_S19S_0061_Wat,356.0623586
31,Sample_S19S_0061_Wat,356.0987693
55,Sample_S19S_0061_Wat,356.1350838
31,Sample_S19S_0061_Wat,356.1715182
29,Sample_S19S_0061_Wat,357.0251986
10,Sample_S19S_0061_Wat,357.028543
58,Sample_S19S_0061_Wat,357.046323
51,Sample_S19S_0061_Wat,357.061636
8,Sample_S19S_0061_Wat,357.0649448
92,Sample_S19S_0061_Wat,357.0827228
25,Sample_S19S_0061_Wat,357.093958
48,Sample_S19S_0061_Wat,357.0979761
22,Sample_S19S_0061_Wat,357.1110353
97,Sample_S19S_0061_Wat,357.1191097
27,Sample_S19S_0061_Wat,357.134414
71,Sample_S19S_0061_Wat,357.1554992
31,Sample_S19S_0061_Wat,357.191896
28,Sample_S19S_0061_Wat,358.0204637
54,Sample_S19S_0061_Wat,358.0568909
3,Sample_S19S_0061_Wat,358.0602729
60,Sample_S19S_0061_Wat,358.077999
50,Sample_S19S_0061_Wat,358.0932734
21,Sample_S19S_0061_Wat,358.1507103
47,Sample_S19S_0061_Wat,359.0045133
11,Sample_S19S_0061_Wat,359.0256737
19,Sample_S19S_0061_Wat,359.0409252
19,Sample_S19S_0061_Wat,359.0442657
66,Sample_S19S_0061_Wat,359.0619959
58,Sample_S19S_0061_Wat,359.077285
39,Sample_S19S_0061_Wat,359.0806207
35,Sample_S19S_0061_Wat,359.0984239
54,Sample_S19S_0061_Wat,359.1347452
58,Sample_S19S_0061_Wat,359.1500213
42,Sample_S19S_0061_Wat,359.1711775
55,Sample_S19S_0061_Wat,360.0361542
34,Sample_S19S_0061_Wat,360.0572322
34,Sample_S19S_0061_Wat,360.093678
52,Sample_S19S_0061_Wat,360.108919
4,Sample_S19S_0061_Wat,360.1299489
20,Sample_S19S_0061_Wat,360.1664452
56,Sample_S19S_0061_Wat,361.0201475
46,Sample_S19S_0061_Wat,361.0412698
58,Sample_S19S_0061_Wat,361.056505
16,Sample_S19S_0061_Wat,361.0598496
13,Sample_S19S_0061_Wat,361.0678574
8,Sample_S19S_0061_Wat,361.069538
43,Sample_S19S_0061_Wat,361.077621
76,Sample_S19S_0061_Wat,361.0929312
34,Sample_S19S_0061_Wat,361.0962708
49,Sample_S19S_0061_Wat,361.1140532
91,Sample_S19S_0061_Wat,361.1292859
30,Sample_S19S_0061_Wat,361.1423317
54,Sample_S19S_0061_Wat,361.1504109
42,Sample_S19S_0061_Wat,361.1657046
26,Sample_S19S_0061_Wat,362.0153701
2,Sample_S19S_0061_Wat,362.0648049
82,Sample_S19S_0061_Wat,362.0881611
19,Sample_S19S_0061_Wat,362.1093336
7,Sample_S19S_0061_Wat,362.1246138
69,Sample_S19S_0061_Wat,363.0357881
9,Sample_S19S_0061_Wat,363.0471313
52,Sample_S19S_0061_Wat,363.0722122
16,Sample_S19S_0061_Wat,363.0755589
6,Sample_S19S_0061_Wat,363.0835367
32,Sample_S19S_0061_Wat,363.0932688
90,Sample_S19S_0061_Wat,363.108539
5,Sample_S19S_0061_Wat,363.1118361
18,Sample_S19S_0061_Wat,363.1215932
37,Sample_S19S_0061_Wat,363.1449786
26,Sample_S19S_0061_Wat,363.1812892
1,Sample_S19S_0061_Wat,363.1846032
51,Sample_S19S_0061_Wat,364.0310639
71,Sample_S19S_0061_Wat,364.0674047
19,Sample_S19S_0061_Wat,364.0885367
67,Sample_S19S_0061_Wat,364.1038292
66,Sample_S19S_0061_Wat,364.1401707
62,Sample_S19S_0061_Wat,365.015069
27,Sample_S19S_0061_Wat,365.0513776
22,Sample_S19S_0061_Wat,365.0627075
97,Sample_S19S_0061_Wat,365.0878382
11,Sample_S19S_0061_Wat,365.0991282
25,Sample_S19S_0061_Wat,365.1008669
48,Sample_S19S_0061_Wat,365.1241727
14,Sample_S19S_0061_Wat,365.137244
21,Sample_S19S_0061_Wat,365.1606438
34,Sample_S19S_0061_Wat,365.1969623
86,Sample_S19S_0061_Wat,366.0830912
74,Sample_S19S_0061_Wat,366.1194629
65,Sample_S19S_0061_Wat,367.0306865
94,Sample_S19S_0061_Wat,367.0671094
12,Sample_S19S_0061_Wat,367.0784012
117,Sample_S19S_0061_Wat,367.1034613
22,Sample_S19S_0061_Wat,367.1147643
11,Sample_S19S_0061_Wat,367.1399195
48,Sample_S19S_0061_Wat,367.1762158
1,Sample_S19S_0061_Wat,367.1948787
24,Sample_S19S_0061_Wat,367.2126519
26,Sample_S19S_0061_Wat,368.0623951
95,Sample_S19S_0061_Wat,368.0987097
62,Sample_S19S_0061_Wat,368.1351331
48,Sample_S19S_0061_Wat,368.1714856
16,Sample_S19S_0061_Wat,369.0252119
51,Sample_S19S_0061_Wat,369.0463181
86,Sample_S19S_0061_Wat,369.0827443
23,Sample_S19S_0061_Wat,369.111039
27,Sample_S19S_0061_Wat,369.1190631
65,Sample_S19S_0061_Wat,369.1555194
15,Sample_S19S_0061_Wat,369.1837969
16,Sample_S19S_0061_Wat,369.1918398
27,Sample_S19S_0061_Wat,370.0568279
69,Sample_S19S_0061_Wat,370.0779692
44,Sample_S19S_0061_Wat,370.1507341
25,Sample_S19S_0061_Wat,371.0255725
44,Sample_S19S_0061_Wat,371.0408802
8,Sample_S19S_0061_Wat,371.0441824
77,Sample_S19S_0061_Wat,371.0620102
6,Sample_S19S_0061_Wat,371.0805043
19,Sample_S19S_0061_Wat,371.0902981
47,Sample_S19S_0061_Wat,371.0983408
42,Sample_S19S_0061_Wat,371.1136558
5,Sample_S19S_0061_Wat,371.1169082
61,Sample_S19S_0061_Wat,371.1347918
50,Sample_S19S_0061_Wat,371.171134
39,Sample_S19S_0061_Wat,372.0361265
53,Sample_S19S_0061_Wat,372.0725108
58,Sample_S19S_0061_Wat,372.1300076
29,Sample_S19S_0061_Wat,373.0201141
45,Sample_S19S_0061_Wat,373.0412407
69,Sample_S19S_0061_Wat,373.0565482
15,Sample_S19S_0061_Wat,373.0599109
36,Sample_S19S_0061_Wat,373.0776886
44,Sample_S19S_0061_Wat,373.09294
16,Sample_S19S_0061_Wat,373.0962346
27,Sample_S19S_0061_Wat,373.1059583
62,Sample_S19S_0061_Wat,373.1140108
17,Sample_S19S_0061_Wat,373.1504711
14,Sample_S19S_0061_Wat,373.1657318
34,Sample_S19S_0061_Wat,373.1867821
8,Sample_S19S_0061_Wat,374.0729636
43,Sample_S19S_0061_Wat,374.1456527
26,Sample_S19S_0061_Wat,375.0358416
19,Sample_S19S_0061_Wat,375.0569615
72,Sample_S19S_0061_Wat,375.0721973
33,Sample_S19S_0061_Wat,375.0755416
21,Sample_S19S_0061_Wat,375.0852221
48,Sample_S19S_0061_Wat,375.0932745
8,Sample_S19S_0061_Wat,375.1118457
38,Sample_S19S_0061_Wat,375.1297066
75,Sample_S19S_0061_Wat,375.1449442
29,Sample_S19S_0061_Wat,375.1579842
20,Sample_S19S_0061_Wat,375.1660121
30,Sample_S19S_0061_Wat,375.1812892
17,Sample_S19S_0061_Wat,375.194367
28,Sample_S19S_0061_Wat,376.031082
65,Sample_S19S_0061_Wat,376.0674564
32,Sample_S19S_0061_Wat,376.1249335
36,Sample_S19S_0061_Wat,377.0150486
78,Sample_S19S_0061_Wat,377.0514538
24,Sample_S19S_0061_Wat,377.0548048
5,Sample_S19S_0061_Wat,377.0627857
35,Sample_S19S_0061_Wat,377.0725712
66,Sample_S19S_0061_Wat,377.0877952
8,Sample_S19S_0061_Wat,377.0911145
13,Sample_S19S_0061_Wat,377.100823
10,Sample_S19S_0061_Wat,377.1088705
95,Sample_S19S_0061_Wat,377.1241915
23,Sample_S19S_0061_Wat,377.1372608
55,Sample_S19S_0061_Wat,377.1606102
18,Sample_S19S_0061_Wat,377.1735945
19,Sample_S19S_0061_Wat,377.1969233
24,Sample_S19S_0061_Wat,378.0466478
9,Sample_S19S_0061_Wat,378.0579196
65,Sample_S19S_0061_Wat,378.0831073
85,Sample_S19S_0061_Wat,378.1194361
61,Sample_S19S_0061_Wat,378.1558494
66,Sample_S19S_0061_Wat,379.0307221
7,Sample_S19S_0061_Wat,379.0420461
25,Sample_S19S_0061_Wat,379.0670295
33,Sample_S19S_0061_Wat,379.0783458
115,Sample_S19S_0061_Wat,379.1034645
24,Sample_S19S_0061_Wat,379.1165229
95,Sample_S19S_0061_Wat,379.1398402
22,Sample_S19S_0061_Wat,379.1528588
58,Sample_S19S_0061_Wat,379.1762343
12,Sample_S19S_0061_Wat,380.0259079
82,Sample_S19S_0061_Wat,380.0987084
81,Sample_S19S_0061_Wat,380.1350974
17,Sample_S19S_0061_Wat,381.0099072
69,Sample_S19S_0061_Wat,381.0463502
14,Sample_S19S_0061_Wat,381.0576349
33,Sample_S19S_0061_Wat,381.0826619
43,Sample_S19S_0061_Wat,381.0939738
104,Sample_S19S_0061_Wat,381.1191186
87,Sample_S19S_0061_Wat,381.1555031
38,Sample_S19S_0061_Wat,381.1918695
38,Sample_S19S_0061_Wat,382.0415806
70,Sample_S19S_0061_Wat,382.0779661
84,Sample_S19S_0061_Wat,382.1143936
17,Sample_S19S_0061_Wat,382.1507159
31,Sample_S19S_0061_Wat,383.0255766
9,Sample_S19S_0061_Wat,383.040804
44,Sample_S19S_0061_Wat,383.0619616
39,Sample_S19S_0061_Wat,383.0772634
106,Sample_S19S_0061_Wat,383.0983806
23,Sample_S19S_0061_Wat,383.1095949
27,Sample_S19S_0061_Wat,383.1266887
33,Sample_S19S_0061_Wat,383.1347075
35,Sample_S19S_0061_Wat,383.1711132
36,Sample_S19S_0061_Wat,383.2075249
41,Sample_S19S_0061_Wat,384.0572385
70,Sample_S19S_0061_Wat,384.0936599
43,Sample_S19S_0061_Wat,384.1664077
17,Sample_S19S_0061_Wat,385.0201172
7,Sample_S19S_0061_Wat,385.0234761
27,Sample_S19S_0061_Wat,385.0412026
38,Sample_S19S_0061_Wat,385.0564963
1,Sample_S19S_0061_Wat,385.0597522
86,Sample_S19S_0061_Wat,385.0776412
36,Sample_S19S_0061_Wat,385.0888784
54,Sample_S19S_0061_Wat,385.0929264
40,Sample_S19S_0061_Wat,385.1139909
33,Sample_S19S_0061_Wat,385.1292595
26,Sample_S19S_0061_Wat,385.1423072
42,Sample_S19S_0061_Wat,385.1503825
34,Sample_S19S_0061_Wat,385.1868285
3,Sample_S19S_0061_Wat,385.2053835
6,Sample_S19S_0061_Wat,386.0517072
47,Sample_S19S_0061_Wat,386.0728862
61,Sample_S19S_0061_Wat,386.0881802
7,Sample_S19S_0061_Wat,386.1012164
59,Sample_S19S_0061_Wat,386.1093009
41,Sample_S19S_0061_Wat,386.1820531
56,Sample_S19S_0061_Wat,387.0358113
20,Sample_S19S_0061_Wat,387.0391593
25,Sample_S19S_0061_Wat,387.0568488
19,Sample_S19S_0061_Wat,387.0721252
6,Sample_S19S_0061_Wat,387.075423
10,Sample_S19S_0061_Wat,387.0851909
29,Sample_S19S_0061_Wat,387.0932457
76,Sample_S19S_0061_Wat,387.1085636
3,Sample_S19S_0061_Wat,387.1118261
86,Sample_S19S_0061_Wat,387.1296791
19,Sample_S19S_0061_Wat,387.1579654
14,Sample_S19S_0061_Wat,387.1659841
23,Sample_S19S_0061_Wat,387.1812925
15,Sample_S19S_0061_Wat,387.19436
8,Sample_S19S_0061_Wat,388.0309868
71,Sample_S19S_0061_Wat,388.0674506
48,Sample_S19S_0061_Wat,388.1037783
1,Sample_S19S_0061_Wat,388.1167563
52,Sample_S19S_0061_Wat,388.1249219
29,Sample_S19S_0061_Wat,389.0150297
28,Sample_S19S_0061_Wat,389.036144
49,Sample_S19S_0061_Wat,389.051417
6,Sample_S19S_0061_Wat,389.054731
22,Sample_S19S_0061_Wat,389.0724972
75,Sample_S19S_0061_Wat,389.0878118
9,Sample_S19S_0061_Wat,389.0911204
19,Sample_S19S_0061_Wat,389.1008827
36,Sample_S19S_0061_Wat,389.108981
91,Sample_S19S_0061_Wat,389.1242045
5,Sample_S19S_0061_Wat,389.1274498
20,Sample_S19S_0061_Wat,389.1372295
15,Sample_S19S_0061_Wat,389.1452618
29,Sample_S19S_0061_Wat,389.1605387
19,Sample_S19S_0061_Wat,389.1736085
37,Sample_S19S_0061_Wat,389.1969883
45,Sample_S19S_0061_Wat,390.0466839
87,Sample_S19S_0061_Wat,390.083092
34,Sample_S19S_0061_Wat,391.0307447
48,Sample_S19S_0061_Wat,391.0670531
9,Sample_S19S_0061_Wat,391.070384
16,Sample_S19S_0061_Wat,391.0881255
48,Sample_S19S_0061_Wat,391.1034381
26,Sample_S19S_0061_Wat,391.1245591
49,Sample_S19S_0061_Wat,391.1398852
14,Sample_S19S_0061_Wat,391.1528412
36,Sample_S19S_0061_Wat,391.1762035
11,Sample_S19S_0061_Wat,391.1892281
30,Sample_S19S_0061_Wat,391.212612
24,Sample_S19S_0061_Wat,392.0259958
58,Sample_S19S_0061_Wat,392.06231
83,Sample_S19S_0061_Wat,392.098752
26,Sample_S19S_0061_Wat,392.1198706
71,Sample_S19S_0061_Wat,392.1351125
14,Sample_S19S_0061_Wat,393.010021
46,Sample_S19S_0061_Wat,393.0463154
27,Sample_S19S_0061_Wat,393.0576201
81,Sample_S19S_0061_Wat,393.0827628
9,Sample_S19S_0061_Wat,393.0860569
10,Sample_S19S_0061_Wat,393.0940727
88,Sample_S19S_0061_Wat,393.1191285
16,Sample_S19S_0061_Wat,393.1321265
1,Sample_S19S_0061_Wat,393.1475032
42,Sample_S19S_0061_Wat,393.1554711
17,Sample_S19S_0061_Wat,393.1685262
19,Sample_S19S_0061_Wat,393.1919402
47,Sample_S19S_0061_Wat,394.0415806
47,Sample_S19S_0061_Wat,394.078026
49,Sample_S19S_0061_Wat,394.1144108
40,Sample_S19S_0061_Wat,395.0255818
6,Sample_S19S_0061_Wat,395.0408318
61,Sample_S19S_0061_Wat,395.0619708
20,Sample_S19S_0061_Wat,395.0732837
52,Sample_S19S_0061_Wat,395.0984243
119,Sample_S19S_0061_Wat,395.1347697
16,Sample_S19S_0061_Wat,395.1477706
46,Sample_S19S_0061_Wat,395.171191
14,Sample_S19S_0061_Wat,395.2075813
71,Sample_S19S_0061_Wat,396.0936653
40,Sample_S19S_0061_Wat,396.13006
63,Sample_S19S_0061_Wat,396.1664019
50,Sample_S19S_0061_Wat,397.0412485
33,Sample_S19S_0061_Wat,397.0565368
29,Sample_S19S_0061_Wat,397.0775828
17,Sample_S19S_0061_Wat,397.1059758
73,Sample_S19S_0061_Wat,397.1140135
48,Sample_S19S_0061_Wat,397.1252995
2,Sample_S19S_0061_Wat,397.1325142
90,Sample_S19S_0061_Wat,397.1504225
22,Sample_S19S_0061_Wat,397.1867602
8,Sample_S19S_0061_Wat,398.0364549
66,Sample_S19S_0061_Wat,398.0729329
69,Sample_S19S_0061_Wat,398.1456531
24,Sample_S19S_0061_Wat,398.9994202
12,Sample_S19S_0061_Wat,399.0356696
6,Sample_S19S_0061_Wat,399.0488349
19,Sample_S19S_0061_Wat,399.0568344
34,Sample_S19S_0061_Wat,399.0721389
4,Sample_S19S_0061_Wat,399.0753668
20,Sample_S19S_0061_Wat,399.085227
68,Sample_S19S_0061_Wat,399.0932727
18,Sample_S19S_0061_Wat,399.1086044
7,Sample_S19S_0061_Wat,399.1117451
67,Sample_S19S_0061_Wat,399.1296635
14,Sample_S19S_0061_Wat,399.1579458
4,Sample_S19S_0061_Wat,399.1659287
16,Sample_S19S_0061_Wat,399.1943775
36,Sample_S19S_0061_Wat,399.2024375
25,Sample_S19S_0061_Wat,400.0310423
21,Sample_S19S_0061_Wat,400.0674729
43,Sample_S19S_0061_Wat,400.1249077
34,Sample_S19S_0061_Wat,401.0150794
26,Sample_S19S_0061_Wat,401.0362034
61,Sample_S19S_0061_Wat,401.0514549
13,Sample_S19S_0061_Wat,401.0547584
13,Sample_S19S_0061_Wat,401.0644945
23,Sample_S19S_0061_Wat,401.0725084
62,Sample_S19S_0061_Wat,401.0878209
6,Sample_S19S_0061_Wat,401.0910681
57,Sample_S19S_0061_Wat,401.1089631
5,Sample_S19S_0061_Wat,401.1273966
70,Sample_S19S_0061_Wat,401.1453284
57,Sample_S19S_0061_Wat,401.1605804
16,Sample_S19S_0061_Wat,401.1736033
16,Sample_S19S_0061_Wat,401.1816514
2,Sample_S19S_0061_Wat,401.200282
36,Sample_S19S_0061_Wat,402.0466811
16,Sample_S19S_0061_Wat,402.0831391
5,Sample_S19S_0061_Wat,402.1042761
10,Sample_S19S_0061_Wat,402.1195259
38,Sample_S19S_0061_Wat,402.1405573
15,Sample_S19S_0061_Wat,403.0305846
20,Sample_S19S_0061_Wat,403.0517845
74,Sample_S19S_0061_Wat,403.0671122
13,Sample_S19S_0061_Wat,403.0704072
60,Sample_S19S_0061_Wat,403.0881974
65,Sample_S19S_0061_Wat,403.1034476
2,Sample_S19S_0061_Wat,403.1066431
20,Sample_S19S_0061_Wat,403.1164656
19,Sample_S19S_0061_Wat,403.1245163
81,Sample_S19S_0061_Wat,403.1398463
26,Sample_S19S_0061_Wat,403.1529106
26,Sample_S19S_0061_Wat,403.1609357
28,Sample_S19S_0061_Wat,403.1762826
16,Sample_S19S_0061_Wat,404.025924
81,Sample_S19S_0061_Wat,404.0623618
33,Sample_S19S_0061_Wat,404.0834492
78,Sample_S19S_0061_Wat,404.1351085
18,Sample_S19S_0061_Wat,404.1926065
12,Sample_S19S_0061_Wat,405.0098791
70,Sample_S19S_0061_Wat,405.0463718
35,Sample_S19S_0061_Wat,405.0674473
49,Sample_S19S_0061_Wat,405.0827082
6,Sample_S19S_0061_Wat,405.0859264
8,Sample_S19S_0061_Wat,405.103722
27,Sample_S19S_0061_Wat,405.1190623
23,Sample_S19S_0061_Wat,405.1321292
9,Sample_S19S_0061_Wat,405.1401404
49,Sample_S19S_0061_Wat,405.1555362
22,Sample_S19S_0061_Wat,405.1685606
38,Sample_S19S_0061_Wat,405.1918632
3,Sample_S19S_0061_Wat,405.2048711
28,Sample_S19S_0061_Wat,406.041642
10,Sample_S19S_0061_Wat,406.0990792
85,Sample_S19S_0061_Wat,406.1143545
28,Sample_S19S_0061_Wat,407.0255705
63,Sample_S19S_0061_Wat,407.0620299
5,Sample_S19S_0061_Wat,407.0733562
96,Sample_S19S_0061_Wat,407.0983755
77,Sample_S19S_0061_Wat,407.1347505
18,Sample_S19S_0061_Wat,407.1477958
9,Sample_S19S_0061_Wat,407.1712237
17,Sample_S19S_0061_Wat,407.2075913
79,Sample_S19S_0061_Wat,408.0936661
92,Sample_S19S_0061_Wat,408.1300077
32,Sample_S19S_0061_Wat,409.0412228
26,Sample_S19S_0061_Wat,409.07757
23,Sample_S19S_0061_Wat,409.0889394
92,Sample_S19S_0061_Wat,409.1140221
97,Sample_S19S_0061_Wat,409.1504235
16,Sample_S19S_0061_Wat,409.1867344
31,Sample_S19S_0061_Wat,410.0365413
69,Sample_S19S_0061_Wat,410.0729191
22,Sample_S19S_0061_Wat,410.1092388
72,Sample_S19S_0061_Wat,410.1456867
28,Sample_S19S_0061_Wat,411.0205049
20,Sample_S19S_0061_Wat,411.0568579
72,Sample_S19S_0061_Wat,411.0933142
86,Sample_S19S_0061_Wat,411.1296933
28,Sample_S19S_0061_Wat,411.1579879
47,Sample_S19S_0061_Wat,411.1660419
7,Sample_S19S_0061_Wat,412.0309985
26,Sample_S19S_0061_Wat,412.0521769
46,Sample_S19S_0061_Wat,412.0885256
1,Sample_S19S_0061_Wat,412.116775
67,Sample_S19S_0061_Wat,412.1249118
31,Sample_S19S_0061_Wat,413.0361429
3,Sample_S19S_0061_Wat,413.0513424
9,Sample_S19S_0061_Wat,413.072442
24,Sample_S19S_0061_Wat,413.1008794
83,Sample_S19S_0061_Wat,413.1089345
2,Sample_S19S_0061_Wat,413.127421
15,Sample_S19S_0061_Wat,413.1372735
24,Sample_S19S_0061_Wat,413.1452768
3,Sample_S19S_0061_Wat,413.1637843
17,Sample_S19S_0061_Wat,413.1736056
13,Sample_S19S_0061_Wat,413.1816156
12,Sample_S19S_0061_Wat,413.2100122
17,Sample_S19S_0061_Wat,413.2180661
12,Sample_S19S_0061_Wat,414.1194124
2,Sample_S19S_0061_Wat,414.132396
26,Sample_S19S_0061_Wat,415.0306688
26,Sample_S19S_0061_Wat,415.0518724
6,Sample_S19S_0061_Wat,415.0671726
14,Sample_S19S_0061_Wat,415.0704085
8,Sample_S19S_0061_Wat,415.080159
63,Sample_S19S_0061_Wat,415.0881916
60,Sample_S19S_0061_Wat,415.1034568
3,Sample_S19S_0061_Wat,415.1066895
14,Sample_S19S_0061_Wat,415.1164835
33,Sample_S19S_0061_Wat,415.1245406
18,Sample_S19S_0061_Wat,415.1529316
55,Sample_S19S_0061_Wat,415.1609859
14,Sample_S19S_0061_Wat,415.1795937
29,Sample_S19S_0061_Wat,415.1973464
19,Sample_S19S_0061_Wat,416.0259342
38,Sample_S19S_0061_Wat,416.0623295
7,Sample_S19S_0061_Wat,416.0986591
69,Sample_S19S_0061_Wat,416.1351142
14,Sample_S19S_0061_Wat,416.1925804
35,Sample_S19S_0061_Wat,417.009975
25,Sample_S19S_0061_Wat,417.0310977
39,Sample_S19S_0061_Wat,417.0463346
7,Sample_S19S_0061_Wat,417.0496555
20,Sample_S19S_0061_Wat,417.0674105
24,Sample_S19S_0061_Wat,417.0826722
2,Sample_S19S_0061_Wat,417.085967
12,Sample_S19S_0061_Wat,417.0957124
22,Sample_S19S_0061_Wat,417.1037889
80,Sample_S19S_0061_Wat,417.1191101
31,Sample_S19S_0061_Wat,417.1321667
42,Sample_S19S_0061_Wat,417.1402188
65,Sample_S19S_0061_Wat,417.1555165
34,Sample_S19S_0061_Wat,417.1685514
13,Sample_S19S_0061_Wat,417.1765666
2,Sample_S19S_0061_Wat,417.2048604
16,Sample_S19S_0061_Wat,418.0416648
60,Sample_S19S_0061_Wat,418.0779721
19,Sample_S19S_0061_Wat,418.1144292
1,Sample_S19S_0061_Wat,418.1508546
32,Sample_S19S_0061_Wat,419.0256123
43,Sample_S19S_0061_Wat,419.0619721
8,Sample_S19S_0061_Wat,419.0652534
10,Sample_S19S_0061_Wat,419.0829959
15,Sample_S19S_0061_Wat,419.0982983
2,Sample_S19S_0061_Wat,419.1015327
6,Sample_S19S_0061_Wat,419.1113471
10,Sample_S19S_0061_Wat,419.1194106
86,Sample_S19S_0061_Wat,419.1347745
20,Sample_S19S_0061_Wat,419.1478319
39,Sample_S19S_0061_Wat,419.1711927
26,Sample_S19S_0061_Wat,419.1842051
38,Sample_S19S_0061_Wat,419.207525
59,Sample_S19S_0061_Wat,420.0572817
49,Sample_S19S_0061_Wat,421.0412704
21,Sample_S19S_0061_Wat,421.0777047
4,Sample_S19S_0061_Wat,421.0809217
99,Sample_S19S_0061_Wat,421.1140346
3,Sample_S19S_0061_Wat,421.117183
10,Sample_S19S_0061_Wat,421.1270174
83,Sample_S19S_0061_Wat,421.1504292
1,Sample_S19S_0061_Wat,421.1552081
19,Sample_S19S_0061_Wat,421.1634511
19,Sample_S19S_0061_Wat,421.1868654
2,Sample_S19S_0061_Wat,421.2232692
2,Sample_S19S_0061_Wat,421.2265386
6,Sample_S19S_0061_Wat,422.0364426
63,Sample_S19S_0061_Wat,422.0728802
35,Sample_S19S_0061_Wat,422.1093338
19,Sample_S19S_0061_Wat,423.0205894
57,Sample_S19S_0061_Wat,423.0569089
5,Sample_S19S_0061_Wat,423.0682304
28,Sample_S19S_0061_Wat,423.093231
12,Sample_S19S_0061_Wat,423.1046157
108,Sample_S19S_0061_Wat,423.1296813
29,Sample_S19S_0061_Wat,423.1661225
15,Sample_S19S_0061_Wat,423.179095
46,Sample_S19S_0061_Wat,423.2024382
18,Sample_S19S_0061_Wat,424.0522173
3,Sample_S19S_0061_Wat,424.0886497
47,Sample_S19S_0061_Wat,424.1249783
45,Sample_S19S_0061_Wat,425.0361852
16,Sample_S19S_0061_Wat,425.0724714
18,Sample_S19S_0061_Wat,425.0838582
12,Sample_S19S_0061_Wat,425.1008972
53,Sample_S19S_0061_Wat,425.1089252
16,Sample_S19S_0061_Wat,425.1453873
48,Sample_S19S_0061_Wat,425.1816982
32,Sample_S19S_0061_Wat,426.0467067
71,Sample_S19S_0061_Wat,426.1405881
62,Sample_S19S_0061_Wat,426.1769689
21,Sample_S19S_0061_Wat,427.0518808
12,Sample_S19S_0061_Wat,427.0669702
46,Sample_S19S_0061_Wat,427.088175
15,Sample_S19S_0061_Wat,427.1165345
77,Sample_S19S_0061_Wat,427.1245871
3,Sample_S19S_0061_Wat,427.1399769
2,Sample_S19S_0061_Wat,427.1431663
5,Sample_S19S_0061_Wat,427.1610597
34,Sample_S19S_0061_Wat,427.1973395
7,Sample_S19S_0061_Wat,428.0259138
28,Sample_S19S_0061_Wat,428.0470647
54,Sample_S19S_0061_Wat,428.0987544
32,Sample_S19S_0061_Wat,428.1562791
27,Sample_S19S_0061_Wat,429.0310878
27,Sample_S19S_0061_Wat,429.0463286
44,Sample_S19S_0061_Wat,429.067488
1,Sample_S19S_0061_Wat,429.0829209
10,Sample_S19S_0061_Wat,429.0861392
8,Sample_S19S_0061_Wat,429.1039457
2,Sample_S19S_0061_Wat,429.1192381
10,Sample_S19S_0061_Wat,429.1224523
65,Sample_S19S_0061_Wat,429.1402424
19,Sample_S19S_0061_Wat,429.1555582
1,Sample_S19S_0061_Wat,429.1587517
28,Sample_S19S_0061_Wat,429.1685491
22,Sample_S19S_0061_Wat,429.1765924
35,Sample_S19S_0061_Wat,429.1919036
25,Sample_S19S_0061_Wat,429.2129876
30,Sample_S19S_0061_Wat,430.0416122
23,Sample_S19S_0061_Wat,430.0627483
13,Sample_S19S_0061_Wat,430.0780537
36,Sample_S19S_0061_Wat,430.0991542
75,Sample_S19S_0061_Wat,430.1143962
51,Sample_S19S_0061_Wat,430.1354817
22,Sample_S19S_0061_Wat,431.0256563
10,Sample_S19S_0061_Wat,431.04681
62,Sample_S19S_0061_Wat,431.0620177
5,Sample_S19S_0061_Wat,431.0653523
46,Sample_S19S_0061_Wat,431.083125
68,Sample_S19S_0061_Wat,431.098388
5,Sample_S19S_0061_Wat,431.1016424
13,Sample_S19S_0061_Wat,431.1113826
27,Sample_S19S_0061_Wat,431.1194411
31,Sample_S19S_0061_Wat,431.1347291
24,Sample_S19S_0061_Wat,431.1477957
22,Sample_S19S_0061_Wat,431.1558407
33,Sample_S19S_0061_Wat,431.1711879
3,Sample_S19S_0061_Wat,431.1744536
15,Sample_S19S_0061_Wat,432.020878
8,Sample_S19S_0061_Wat,432.0573233
26,Sample_S19S_0061_Wat,432.078404
91,Sample_S19S_0061_Wat,432.093661
80,Sample_S19S_0061_Wat,432.1300404
1,Sample_S19S_0061_Wat,432.1665051
2,Sample_S19S_0061_Wat,432.1876103
16,Sample_S19S_0061_Wat,433.0048372
45,Sample_S19S_0061_Wat,433.0412948
24,Sample_S19S_0061_Wat,433.0624271
73,Sample_S19S_0061_Wat,433.077665
6,Sample_S19S_0061_Wat,433.0809249
9,Sample_S19S_0061_Wat,433.0906617
16,Sample_S19S_0061_Wat,433.0986887
21,Sample_S19S_0061_Wat,433.1139658
4,Sample_S19S_0061_Wat,433.1269982
29,Sample_S19S_0061_Wat,433.1503758
23,Sample_S19S_0061_Wat,433.1634586
34,Sample_S19S_0061_Wat,433.1868494
10,Sample_S19S_0061_Wat,433.1998888
28,Sample_S19S_0061_Wat,433.223189
12,Sample_S19S_0061_Wat,434.072975
22,Sample_S19S_0061_Wat,434.1093421
13,Sample_S19S_0061_Wat,435.0204588
46,Sample_S19S_0061_Wat,435.0569041
6,Sample_S19S_0061_Wat,435.0682762
73,Sample_S19S_0061_Wat,435.093324
5,Sample_S19S_0061_Wat,435.0964958
12,Sample_S19S_0061_Wat,435.1062764
29,Sample_S19S_0061_Wat,435.1296329
2,Sample_S19S_0061_Wat,435.1426364
23,Sample_S19S_0061_Wat,435.1659973
15,Sample_S19S_0061_Wat,435.1790631
50,Sample_S19S_0061_Wat,435.2024665
10,Sample_S19S_0061_Wat,435.2155119
29,Sample_S19S_0061_Wat,436.0521427
26,Sample_S19S_0061_Wat,436.0886111
6,Sample_S19S_0061_Wat,436.1250197
36,Sample_S19S_0061_Wat,437.0361523
25,Sample_S19S_0061_Wat,437.072483
20,Sample_S19S_0061_Wat,437.0837898
27,Sample_S19S_0061_Wat,437.1088959
16,Sample_S19S_0061_Wat,437.120251
60,Sample_S19S_0061_Wat,437.1453651
17,Sample_S19S_0061_Wat,437.158378
50,Sample_S19S_0061_Wat,437.1817485
9,Sample_S19S_0061_Wat,437.2180272
13,Sample_S19S_0061_Wat,438.031465
19,Sample_S19S_0061_Wat,438.0678822
77,Sample_S19S_0061_Wat,438.1405683
2,Sample_S19S_0061_Wat,439.030563
15,Sample_S19S_0061_Wat,439.051737
68,Sample_S19S_0061_Wat,439.0882098
81,Sample_S19S_0061_Wat,439.1246064
51,Sample_S19S_0061_Wat,439.1358561
15,Sample_S19S_0061_Wat,439.1529344
34,Sample_S19S_0061_Wat,439.1609425
23,Sample_S19S_0061_Wat,439.1892886
19,Sample_S19S_0061_Wat,439.1973056
48,Sample_S19S_0061_Wat,440.0834468
38,Sample_S19S_0061_Wat,440.1198163
7,Sample_S19S_0061_Wat,441.0098592
16,Sample_S19S_0061_Wat,441.0310268
12,Sample_S19S_0061_Wat,441.0462365
37,Sample_S19S_0061_Wat,441.0674409
34,Sample_S19S_0061_Wat,441.0827166
37,Sample_S19S_0061_Wat,441.1039049
56,Sample_S19S_0061_Wat,441.1402285
14,Sample_S19S_0061_Wat,441.168514
21,Sample_S19S_0061_Wat,441.1765589
13,Sample_S19S_0061_Wat,441.2049192
9,Sample_S19S_0061_Wat,441.2129575
26,Sample_S19S_0061_Wat,442.0416289
15,Sample_S19S_0061_Wat,442.0990637
3,Sample_S19S_0061_Wat,442.127302
21,Sample_S19S_0061_Wat,442.135461
14,Sample_S19S_0061_Wat,443.0255061
20,Sample_S19S_0061_Wat,443.0466588
16,Sample_S19S_0061_Wat,443.061884
12,Sample_S19S_0061_Wat,443.0749837
33,Sample_S19S_0061_Wat,443.0830557
35,Sample_S19S_0061_Wat,443.0984287
5,Sample_S19S_0061_Wat,443.1016577
16,Sample_S19S_0061_Wat,443.1114516
64,Sample_S19S_0061_Wat,443.119518
4,Sample_S19S_0061_Wat,443.1348538
6,Sample_S19S_0061_Wat,443.1380667
16,Sample_S19S_0061_Wat,443.1478565
54,Sample_S19S_0061_Wat,443.1558944
26,Sample_S19S_0061_Wat,443.1711201
21,Sample_S19S_0061_Wat,443.1841796
15,Sample_S19S_0061_Wat,443.1922057
54,Sample_S19S_0061_Wat,444.0572726
21,Sample_S19S_0061_Wat,444.093696
14,Sample_S19S_0061_Wat,444.1299715
13,Sample_S19S_0061_Wat,445.0048403
39,Sample_S19S_0061_Wat,445.0412697
36,Sample_S19S_0061_Wat,445.0623769
36,Sample_S19S_0061_Wat,445.0776178
2,Sample_S19S_0061_Wat,445.0808638
13,Sample_S19S_0061_Wat,445.0986624
2,Sample_S19S_0061_Wat,445.1083593
14,Sample_S19S_0061_Wat,445.1139537
2,Sample_S19S_0061_Wat,445.1171907
14,Sample_S19S_0061_Wat,445.127011
8,Sample_S19S_0061_Wat,445.1350548
32,Sample_S19S_0061_Wat,445.1503907
33,Sample_S19S_0061_Wat,445.1634705
46,Sample_S19S_0061_Wat,445.1715289
37,Sample_S19S_0061_Wat,445.1868428
26,Sample_S19S_0061_Wat,445.2079177
21,Sample_S19S_0061_Wat,446.0728598
2,Sample_S19S_0061_Wat,446.0939418
55,Sample_S19S_0061_Wat,446.1092739
33,Sample_S19S_0061_Wat,446.1457127
11,Sample_S19S_0061_Wat,447.0204695
8,Sample_S19S_0061_Wat,447.056785
7,Sample_S19S_0061_Wat,447.0779114
13,Sample_S19S_0061_Wat,447.09323
18,Sample_S19S_0061_Wat,447.114388
75,Sample_S19S_0061_Wat,447.1297048
23,Sample_S19S_0061_Wat,447.1427418
10,Sample_S19S_0061_Wat,447.1507185
71,Sample_S19S_0061_Wat,447.1660641
20,Sample_S19S_0061_Wat,447.179104
3,Sample_S19S_0061_Wat,447.2154152
7,Sample_S19S_0061_Wat,448.0520882
75,Sample_S19S_0061_Wat,448.088573
22,Sample_S19S_0061_Wat,448.1096972
16,Sample_S19S_0061_Wat,449.0360637
22,Sample_S19S_0061_Wat,449.0724952
7,Sample_S19S_0061_Wat,449.0838924
87,Sample_S19S_0061_Wat,449.1089599
15,Sample_S19S_0061_Wat,449.1219859
80,Sample_S19S_0061_Wat,449.1453221
22,Sample_S19S_0061_Wat,449.1583358
22,Sample_S19S_0061_Wat,449.1816462
6,Sample_S19S_0061_Wat,449.1946593
11,Sample_S19S_0061_Wat,449.2180299
3,Sample_S19S_0061_Wat,450.0313071
9,Sample_S19S_0061_Wat,451.0153576
17,Sample_S19S_0061_Wat,451.0517204
37,Sample_S19S_0061_Wat,451.0881744
28,Sample_S19S_0061_Wat,451.0994605
60,Sample_S19S_0061_Wat,451.124616
14,Sample_S19S_0061_Wat,451.1376081
1,Sample_S19S_0061_Wat,451.1530256
36,Sample_S19S_0061_Wat,451.1609528
9,Sample_S19S_0061_Wat,451.1739524
10,Sample_S19S_0061_Wat,451.189303
6,Sample_S19S_0061_Wat,451.1972791
3,Sample_S19S_0061_Wat,451.2103087
10,Sample_S19S_0061_Wat,451.2336787
3,Sample_S19S_0061_Wat,452.0469724
46,Sample_S19S_0061_Wat,452.0834394
18,Sample_S19S_0061_Wat,452.1199139
22,Sample_S19S_0061_Wat,453.0310814
23,Sample_S19S_0061_Wat,453.0673983
10,Sample_S19S_0061_Wat,453.0957146
15,Sample_S19S_0061_Wat,453.1037558
14,Sample_S19S_0061_Wat,453.1321972
44,Sample_S19S_0061_Wat,453.140211
2,Sample_S19S_0061_Wat,453.1686448
69,Sample_S19S_0061_Wat,453.1766436
12,Sample_S19S_0061_Wat,453.2049759
36,Sample_S19S_0061_Wat,454.0627542
8,Sample_S19S_0061_Wat,454.0779327
15,Sample_S19S_0061_Wat,455.025566
39,Sample_S19S_0061_Wat,455.0467468
39,Sample_S19S_0061_Wat,455.0620251
9,Sample_S19S_0061_Wat,455.0750667
47,Sample_S19S_0061_Wat,455.0831528
38,Sample_S19S_0061_Wat,455.0984121
12,Sample_S19S_0061_Wat,455.111472
37,Sample_S19S_0061_Wat,455.1194736
18,Sample_S19S_0061_Wat,455.14777
16,Sample_S19S_0061_Wat,455.1558023
15,Sample_S19S_0061_Wat,455.1841535
12,Sample_S19S_0061_Wat,455.1921775
19,Sample_S19S_0061_Wat,455.2205892
4,Sample_S19S_0061_Wat,455.2285132
33,Sample_S19S_0061_Wat,457.0412916
38,Sample_S19S_0061_Wat,457.0624071
16,Sample_S19S_0061_Wat,457.0776174
6,Sample_S19S_0061_Wat,457.0906483
20,Sample_S19S_0061_Wat,457.0986905
21,Sample_S19S_0061_Wat,457.1139922
12,Sample_S19S_0061_Wat,457.1270095
19,Sample_S19S_0061_Wat,457.1350642
14,Sample_S19S_0061_Wat,457.150377
17,Sample_S19S_0061_Wat,457.1634444
32,Sample_S19S_0061_Wat,457.1715231
15,Sample_S19S_0061_Wat,457.1998933
34,Sample_S19S_0061_Wat,457.2079257
14,Sample_S19S_0061_Wat,457.2362399
48,Sample_S19S_0061_Wat,458.0729028
41,Sample_S19S_0061_Wat,458.1093241
18,Sample_S19S_0061_Wat,459.0205561
22,Sample_S19S_0061_Wat,459.0568713
21,Sample_S19S_0061_Wat,459.0779746
16,Sample_S19S_0061_Wat,459.0932353
5,Sample_S19S_0061_Wat,459.0964817
11,Sample_S19S_0061_Wat,459.1062882
27,Sample_S19S_0061_Wat,459.1143457
52,Sample_S19S_0061_Wat,459.1296693
7,Sample_S19S_0061_Wat,459.1328714
29,Sample_S19S_0061_Wat,459.142719
35,Sample_S19S_0061_Wat,459.1508169
40,Sample_S19S_0061_Wat,459.1661042
33,Sample_S19S_0061_Wat,459.1872169
19,Sample_S19S_0061_Wat,459.2025048
66,Sample_S19S_0061_Wat,460.0885829
53,Sample_S19S_0061_Wat,460.1249704
32,Sample_S19S_0061_Wat,461.036196
24,Sample_S19S_0061_Wat,461.0572822
26,Sample_S19S_0061_Wat,461.0725007
9,Sample_S19S_0061_Wat,461.0855391
9,Sample_S19S_0061_Wat,461.0935699
13,Sample_S19S_0061_Wat,461.1088271
4,Sample_S19S_0061_Wat,461.1218899
11,Sample_S19S_0061_Wat,461.1299458
2,Sample_S19S_0061_Wat,461.1396751
17,Sample_S19S_0061_Wat,461.1452647
23,Sample_S19S_0061_Wat,461.1583343
33,Sample_S19S_0061_Wat,461.1817537
14,Sample_S19S_0061_Wat,461.1948089
28,Sample_S19S_0061_Wat,461.218132
42,Sample_S19S_0061_Wat,462.067799
20,Sample_S19S_0061_Wat,462.1042629
11,Sample_S19S_0061_Wat,463.015396
44,Sample_S19S_0061_Wat,463.0518315
47,Sample_S19S_0061_Wat,463.0881954
2,Sample_S19S_0061_Wat,463.1189274
13,Sample_S19S_0061_Wat,463.124491
3,Sample_S19S_0061_Wat,463.1375144
7,Sample_S19S_0061_Wat,463.1608564
7,Sample_S19S_0061_Wat,463.1739081
17,Sample_S19S_0061_Wat,463.1972938
17,Sample_S19S_0061_Wat,463.210366
28,Sample_S19S_0061_Wat,463.2337601
29,Sample_S19S_0061_Wat,464.1198095
13,Sample_S19S_0061_Wat,465.0310055
13,Sample_S19S_0061_Wat,465.06738
5,Sample_S19S_0061_Wat,465.0786706
35,Sample_S19S_0061_Wat,465.1038259
45,Sample_S19S_0061_Wat,465.115136
62,Sample_S19S_0061_Wat,465.1766182
14,Sample_S19S_0061_Wat,465.1896305
14,Sample_S19S_0061_Wat,465.2129596
62,Sample_S19S_0061_Wat,466.1355201
1,Sample_S19S_0061_Wat,466.1435867
36,Sample_S19S_0061_Wat,467.0467531
52,Sample_S19S_0061_Wat,467.0831629
2,Sample_S19S_0061_Wat,467.0945031
51,Sample_S19S_0061_Wat,467.1195422
21,Sample_S19S_0061_Wat,467.1478261
30,Sample_S19S_0061_Wat,467.1558326
21,Sample_S19S_0061_Wat,467.184209
6,Sample_S19S_0061_Wat,467.1921933
22,Sample_S19S_0061_Wat,467.2286363
30,Sample_S19S_0061_Wat,468.1147294
23,Sample_S19S_0061_Wat,469.0412947
34,Sample_S19S_0061_Wat,469.062394
9,Sample_S19S_0061_Wat,469.0776006
23,Sample_S19S_0061_Wat,469.0986993
18,Sample_S19S_0061_Wat,469.1270251
13,Sample_S19S_0061_Wat,469.1350525
10,Sample_S19S_0061_Wat,469.1633964
22,Sample_S19S_0061_Wat,469.199861
20,Sample_S19S_0061_Wat,469.2078959
7,Sample_S19S_0061_Wat,469.2362772
21,Sample_S19S_0061_Wat,469.2442937
20,Sample_S19S_0061_Wat,470.0365241
14,Sample_S19S_0061_Wat,471.0416901
36,Sample_S19S_0061_Wat,471.0569384
2,Sample_S19S_0061_Wat,471.069939
34,Sample_S19S_0061_Wat,471.0780166
9,Sample_S19S_0061_Wat,471.106291
4,Sample_S19S_0061_Wat,471.1295835
8,Sample_S19S_0061_Wat,471.1426129
12,Sample_S19S_0061_Wat,471.1506882
5,Sample_S19S_0061_Wat,471.16598
21,Sample_S19S_0061_Wat,471.1790652
20,Sample_S19S_0061_Wat,471.1871307
15,Sample_S19S_0061_Wat,471.2155389
20,Sample_S19S_0061_Wat,473.0361823
10,Sample_S19S_0061_Wat,473.0573502
37,Sample_S19S_0061_Wat,473.0726032
35,Sample_S19S_0061_Wat,473.0937108
57,Sample_S19S_0061_Wat,473.1089772
17,Sample_S19S_0061_Wat,473.121993
19,Sample_S19S_0061_Wat,473.1300234
3,Sample_S19S_0061_Wat,473.139667
18,Sample_S19S_0061_Wat,473.1452829
9,Sample_S19S_0061_Wat,473.1582831
11,Sample_S19S_0061_Wat,473.1663521
14,Sample_S19S_0061_Wat,473.1816622
8,Sample_S19S_0061_Wat,473.1946924
24,Sample_S19S_0061_Wat,473.2180738
1,Sample_S19S_0061_Wat,474.0312946
38,Sample_S19S_0061_Wat,474.067818
18,Sample_S19S_0061_Wat,474.0889636
27,Sample_S19S_0061_Wat,474.1042477
2,Sample_S19S_0061_Wat,475.0152769
13,Sample_S19S_0061_Wat,475.0517049
15,Sample_S19S_0061_Wat,475.0728791
23,Sample_S19S_0061_Wat,475.0881586
15,Sample_S19S_0061_Wat,475.1092833
62,Sample_S19S_0061_Wat,475.1245966
16,Sample_S19S_0061_Wat,475.1456774
59,Sample_S19S_0061_Wat,475.1609843
24,Sample_S19S_0061_Wat,475.1739813
11,Sample_S19S_0061_Wat,475.1973043
4,Sample_S19S_0061_Wat,475.2103074
3,Sample_S19S_0061_Wat,475.2336051
27,Sample_S19S_0061_Wat,476.1198125
46,Sample_S19S_0061_Wat,477.0674882
5,Sample_S19S_0061_Wat,477.0786444
16,Sample_S19S_0061_Wat,477.1037802
5,Sample_S19S_0061_Wat,477.1401075
14,Sample_S19S_0061_Wat,477.1765167
38,Sample_S19S_0061_Wat,477.2130039
70,Sample_S19S_0061_Wat,478.0991507
7,Sample_S19S_0061_Wat,479.0466033
17,Sample_S19S_0061_Wat,479.0830028
35,Sample_S19S_0061_Wat,479.1194663
9,Sample_S19S_0061_Wat,479.1306872
62,Sample_S19S_0061_Wat,479.1559168
7,Sample_S19S_0061_Wat,479.1689644
49,Sample_S19S_0061_Wat,479.1923063
15,Sample_S19S_0061_Wat,479.2286027
10,Sample_S19S_0061_Wat,480.151082
8,Sample_S19S_0061_Wat,481.025885
2,Sample_S19S_0061_Wat,481.0410867
20,Sample_S19S_0061_Wat,481.0623379
52,Sample_S19S_0061_Wat,481.0987747
67,Sample_S19S_0061_Wat,481.1351677
49,Sample_S19S_0061_Wat,481.1715313
19,Sample_S19S_0061_Wat,481.199847
15,Sample_S19S_0061_Wat,481.2078283
5,Sample_S19S_0061_Wat,482.1302914
16,Sample_S19S_0061_Wat,483.0415833
13,Sample_S19S_0061_Wat,483.0568081
29,Sample_S19S_0061_Wat,483.0780208
5,Sample_S19S_0061_Wat,483.0893721
2,Sample_S19S_0061_Wat,483.1064043
47,Sample_S19S_0061_Wat,483.1144642
32,Sample_S19S_0061_Wat,483.1508531
14,Sample_S19S_0061_Wat,483.1791639
30,Sample_S19S_0061_Wat,483.1871699
15,Sample_S19S_0061_Wat,483.2154832
10,Sample_S19S_0061_Wat,483.2234722
16,Sample_S19S_0061_Wat,484.0521229
12,Sample_S19S_0061_Wat,484.1459881
1,Sample_S19S_0061_Wat,485.0360155
9,Sample_S19S_0061_Wat,485.057196
15,Sample_S19S_0061_Wat,485.0724465
27,Sample_S19S_0061_Wat,485.0936172
14,Sample_S19S_0061_Wat,485.1220307
45,Sample_S19S_0061_Wat,485.1300644
18,Sample_S19S_0061_Wat,485.1453846
14,Sample_S19S_0061_Wat,485.1584131
35,Sample_S19S_0061_Wat,485.1664901
14,Sample_S19S_0061_Wat,485.1948096
2,Sample_S19S_0061_Wat,485.2310607
18,Sample_S19S_0061_Wat,487.051792
20,Sample_S19S_0061_Wat,487.072871
11,Sample_S19S_0061_Wat,487.1011949
11,Sample_S19S_0061_Wat,487.1092152
12,Sample_S19S_0061_Wat,487.1375846
15,Sample_S19S_0061_Wat,487.1456408
48,Sample_S19S_0061_Wat,487.1609704
18,Sample_S19S_0061_Wat,487.1740711
30,Sample_S19S_0061_Wat,487.18211
4,Sample_S19S_0061_Wat,487.2104698
4,Sample_S19S_0061_Wat,487.2468303
11,Sample_S19S_0061_Wat,489.0310445
46,Sample_S19S_0061_Wat,489.067487
24,Sample_S19S_0061_Wat,489.0886429
29,Sample_S19S_0061_Wat,489.1039118
32,Sample_S19S_0061_Wat,489.1249814
25,Sample_S19S_0061_Wat,489.1402055
7,Sample_S19S_0061_Wat,489.1765226
6,Sample_S19S_0061_Wat,489.2128864
2,Sample_S19S_0061_Wat,489.2492677
17,Sample_S19S_0061_Wat,490.0990621
14,Sample_S19S_0061_Wat,491.0466906
20,Sample_S19S_0061_Wat,491.0830123
2,Sample_S19S_0061_Wat,491.1041079
8,Sample_S19S_0061_Wat,491.1193786
22,Sample_S19S_0061_Wat,491.1558203
44,Sample_S19S_0061_Wat,491.1922945
7,Sample_S19S_0061_Wat,491.2053832
6,Sample_S19S_0061_Wat,491.2287423
12,Sample_S19S_0061_Wat,491.2650776
45,Sample_S19S_0061_Wat,492.1147512
10,Sample_S19S_0061_Wat,493.0259042
11,Sample_S19S_0061_Wat,493.0622921
21,Sample_S19S_0061_Wat,493.098712
4,Sample_S19S_0061_Wat,493.1098806
66,Sample_S19S_0061_Wat,493.1351653
48,Sample_S19S_0061_Wat,493.1715856
9,Sample_S19S_0061_Wat,493.1846305
10,Sample_S19S_0061_Wat,493.2442171
2,Sample_S19S_0061_Wat,494.0574822
14,Sample_S19S_0061_Wat,495.0415683
4,Sample_S19S_0061_Wat,495.0568418
36,Sample_S19S_0061_Wat,495.0780179
43,Sample_S19S_0061_Wat,495.1144449
55,Sample_S19S_0061_Wat,495.1507984
16,Sample_S19S_0061_Wat,495.1791573
9,Sample_S19S_0061_Wat,495.2154488
18,Sample_S19S_0061_Wat,497.0572968
29,Sample_S19S_0061_Wat,497.0725711
10,Sample_S19S_0061_Wat,497.1301476
3,Sample_S19S_0061_Wat,497.141453
25,Sample_S19S_0061_Wat,497.1947705
2,Sample_S19S_0061_Wat,497.2310629
2,Sample_S19S_0061_Wat,497.2390455
27,Sample_S19S_0061_Wat,498.1041744
12,Sample_S19S_0061_Wat,498.1253978
37,Sample_S19S_0061_Wat,498.1617513
1,Sample_S19S_0061_Wat,498.1698072
1,Sample_S19S_0061_Wat,499.0152537
7,Sample_S19S_0061_Wat,499.0516924
19,Sample_S19S_0061_Wat,499.0728848
36,Sample_S19S_0061_Wat,499.1093112
2,Sample_S19S_0061_Wat,499.1377212
47,Sample_S19S_0061_Wat,499.1457371
17,Sample_S19S_0061_Wat,499.1740741
22,Sample_S19S_0061_Wat,499.2104255
14,Sample_S19S_0061_Wat,499.2184243
8,Sample_S19S_0061_Wat,501.0310269
10,Sample_S19S_0061_Wat,501.0521674
18,Sample_S19S_0061_Wat,501.0673678
14,Sample_S19S_0061_Wat,501.0885018
10,Sample_S19S_0061_Wat,501.1037301
8,Sample_S19S_0061_Wat,501.116864
7,Sample_S19S_0061_Wat,501.1248479
17,Sample_S19S_0061_Wat,501.1401768
25,Sample_S19S_0061_Wat,501.1532967
17,Sample_S19S_0061_Wat,501.1612956
40,Sample_S19S_0061_Wat,501.1766253
27,Sample_S19S_0061_Wat,501.1896846
24,Sample_S19S_0061_Wat,501.2130646
11,Sample_S19S_0061_Wat,503.0468089
3,Sample_S19S_0061_Wat,503.0679918
3,Sample_S19S_0061_Wat,503.0832459
19,Sample_S19S_0061_Wat,503.1042984
49,Sample_S19S_0061_Wat,503.1195309
15,Sample_S19S_0061_Wat,503.1405906
20,Sample_S19S_0061_Wat,503.1558462
10,Sample_S19S_0061_Wat,503.1921795
1,Sample_S19S_0061_Wat,503.2051842
11,Sample_S19S_0061_Wat,503.2285615
3,Sample_S19S_0061_Wat,503.2649518
7,Sample_S19S_0061_Wat,505.0259469
9,Sample_S19S_0061_Wat,505.0622503
18,Sample_S19S_0061_Wat,505.098662
15,Sample_S19S_0061_Wat,505.1350781
58,Sample_S19S_0061_Wat,505.1715425
25,Sample_S19S_0061_Wat,505.2079802
25,Sample_S19S_0061_Wat,505.2443315
20,Sample_S19S_0061_Wat,506.0576414
6,Sample_S19S_0061_Wat,506.1666811
12,Sample_S19S_0061_Wat,507.0415912
30,Sample_S19S_0061_Wat,507.0780238
44,Sample_S19S_0061_Wat,507.1144464
57,Sample_S19S_0061_Wat,507.1508255
6,Sample_S19S_0061_Wat,507.2154676
5,Sample_S19S_0061_Wat,507.2598181
13,Sample_S19S_0061_Wat,509.0573918
9,Sample_S19S_0061_Wat,509.0726169
37,Sample_S19S_0061_Wat,509.0937287
1,Sample_S19S_0061_Wat,509.1047924
43,Sample_S19S_0061_Wat,509.1300451
6,Sample_S19S_0061_Wat,509.2675212
11,Sample_S19S_0061_Wat,510.0888729
7,Sample_S19S_0061_Wat,511.0366348
12,Sample_S19S_0061_Wat,511.0518749
33,Sample_S19S_0061_Wat,511.0729714
8,Sample_S19S_0061_Wat,511.0881435
2,Sample_S19S_0061_Wat,511.1455592
14,Sample_S19S_0061_Wat,511.2103696
8,Sample_S19S_0061_Wat,511.2183807
13,Sample_S19S_0061_Wat,511.2467945
9,Sample_S19S_0061_Wat,511.2547768
5,Sample_S19S_0061_Wat,513.0311674
6,Sample_S19S_0061_Wat,513.0522762
25,Sample_S19S_0061_Wat,513.0674942
23,Sample_S19S_0061_Wat,513.0885835
15,Sample_S19S_0061_Wat,513.1248843
5,Sample_S19S_0061_Wat,513.1612236
7,Sample_S19S_0061_Wat,513.1895585
1,Sample_S19S_0061_Wat,513.233912
4,Sample_S19S_0061_Wat,513.2623964
10,Sample_S19S_0061_Wat,515.0467951
9,Sample_S19S_0061_Wat,515.0679477
29,Sample_S19S_0061_Wat,515.1042917
37,Sample_S19S_0061_Wat,515.1194964
19,Sample_S19S_0061_Wat,515.1405768
11,Sample_S19S_0061_Wat,515.155816
10,Sample_S19S_0061_Wat,515.1768835
7,Sample_S19S_0061_Wat,515.2052029
2,Sample_S19S_0061_Wat,515.2285302
4,Sample_S19S_0061_Wat,516.0993717
47,Sample_S19S_0061_Wat,516.1511394
26,Sample_S19S_0061_Wat,517.0624113
6,Sample_S19S_0061_Wat,517.0835974
8,Sample_S19S_0061_Wat,517.098859
4,Sample_S19S_0061_Wat,517.1199999
6,Sample_S19S_0061_Wat,517.1352552
7,Sample_S19S_0061_Wat,517.171616
14,Sample_S19S_0061_Wat,517.1846401
6,Sample_S19S_0061_Wat,517.2442337
14,Sample_S19S_0061_Wat,518.0576863
7,Sample_S19S_0061_Wat,519.041577
11,Sample_S19S_0061_Wat,519.0779454
12,Sample_S19S_0061_Wat,519.1143103
50,Sample_S19S_0061_Wat,519.1872205
10,Sample_S19S_0061_Wat,519.2236508
10,Sample_S19S_0061_Wat,519.2600027
22,Sample_S19S_0061_Wat,521.0573462
32,Sample_S19S_0061_Wat,521.0937324
43,Sample_S19S_0061_Wat,521.1301011
24,Sample_S19S_0061_Wat,521.1663968
7,Sample_S19S_0061_Wat,521.2027235
4,Sample_S19S_0061_Wat,521.2390738
6,Sample_S19S_0061_Wat,522.0888396
17,Sample_S19S_0061_Wat,523.0365285
10,Sample_S19S_0061_Wat,523.0728235
6,Sample_S19S_0061_Wat,523.1091901
13,Sample_S19S_0061_Wat,523.1456062
23,Sample_S19S_0061_Wat,523.1820717
6,Sample_S19S_0061_Wat,523.2468227
24,Sample_S19S_0061_Wat,525.0885729
32,Sample_S19S_0061_Wat,525.1250197
35,Sample_S19S_0061_Wat,525.1614051
10,Sample_S19S_0061_Wat,525.2340332
6,Sample_S19S_0061_Wat,527.1043114
36,Sample_S19S_0061_Wat,527.1406475
15,Sample_S19S_0061_Wat,527.1689685
25,Sample_S19S_0061_Wat,527.1769645
19,Sample_S19S_0061_Wat,527.2052882
6,Sample_S19S_0061_Wat,527.2132606
15,Sample_S19S_0061_Wat,528.0995056
26,Sample_S19S_0061_Wat,528.135922
12,Sample_S19S_0061_Wat,529.0624704
16,Sample_S19S_0061_Wat,529.0988481
19,Sample_S19S_0061_Wat,529.119899
18,Sample_S19S_0061_Wat,529.1562352
14,Sample_S19S_0061_Wat,529.184567
10,Sample_S19S_0061_Wat,529.1925822
3,Sample_S19S_0061_Wat,529.2208396
7,Sample_S19S_0061_Wat,529.2573138
6,Sample_S19S_0061_Wat,531.0417642
6,Sample_S19S_0061_Wat,531.0781475
18,Sample_S19S_0061_Wat,531.1144803
27,Sample_S19S_0061_Wat,531.1507766
9,Sample_S19S_0061_Wat,531.1871077
14,Sample_S19S_0061_Wat,531.2234777
25,Sample_S19S_0061_Wat,532.1097212
12,Sample_S19S_0061_Wat,533.0937827
22,Sample_S19S_0061_Wat,533.1301236
47,Sample_S19S_0061_Wat,533.166456
10,Sample_S19S_0061_Wat,533.2027587
10,Sample_S19S_0061_Wat,535.0365569
17,Sample_S19S_0061_Wat,535.0730261
11,Sample_S19S_0061_Wat,535.1094222
15,Sample_S19S_0061_Wat,535.1821751
36,Sample_S19S_0061_Wat,536.1045749
6,Sample_S19S_0061_Wat,537.0520931
15,Sample_S19S_0061_Wat,537.0884904
28,Sample_S19S_0061_Wat,537.1249315
38,Sample_S19S_0061_Wat,537.161382
16,Sample_S19S_0061_Wat,537.1978101
9,Sample_S19S_0061_Wat,537.2342192
18,Sample_S19S_0061_Wat,539.0679143
6,Sample_S19S_0061_Wat,539.0832338
22,Sample_S19S_0061_Wat,539.1042196
26,Sample_S19S_0061_Wat,539.1405618
6,Sample_S19S_0061_Wat,539.1688297
6,Sample_S19S_0061_Wat,539.1768779
2,Sample_S19S_0061_Wat,539.2051955
3,Sample_S19S_0061_Wat,539.2132409
3,Sample_S19S_0061_Wat,539.2416063
3,Sample_S19S_0061_Wat,539.2496267
16,Sample_S19S_0061_Wat,541.0623672
23,Sample_S19S_0061_Wat,541.0834882
22,Sample_S19S_0061_Wat,541.1199147
10,Sample_S19S_0061_Wat,541.1563515
1,Sample_S19S_0061_Wat,541.1927684
6,Sample_S19S_0061_Wat,541.2573331
4,Sample_S19S_0061_Wat,542.1514443
2,Sample_S19S_0061_Wat,543.0418148
10,Sample_S19S_0061_Wat,543.0781158
23,Sample_S19S_0061_Wat,543.1144211
10,Sample_S19S_0061_Wat,543.1718262
3,Sample_S19S_0061_Wat,543.1870791
8,Sample_S19S_0061_Wat,543.2001267
1,Sample_S19S_0061_Wat,543.208077
10,Sample_S19S_0061_Wat,545.0571838
5,Sample_S19S_0061_Wat,545.0783592
8,Sample_S19S_0061_Wat,545.0935509
7,Sample_S19S_0061_Wat,545.1147104
12,Sample_S19S_0061_Wat,545.1299664
21,Sample_S19S_0061_Wat,545.1511507
26,Sample_S19S_0061_Wat,545.1664409
17,Sample_S19S_0061_Wat,545.1875733
3,Sample_S19S_0061_Wat,545.2393178
14,Sample_S19S_0061_Wat,547.0729547
13,Sample_S19S_0061_Wat,547.109415
13,Sample_S19S_0061_Wat,547.145805
2,Sample_S19S_0061_Wat,547.1822164
12,Sample_S19S_0061_Wat,547.2185618
10,Sample_S19S_0061_Wat,549.0523077
8,Sample_S19S_0061_Wat,549.0887119
12,Sample_S19S_0061_Wat,549.1250923
34,Sample_S19S_0061_Wat,549.1977663
8,Sample_S19S_0061_Wat,551.0679996
13,Sample_S19S_0061_Wat,551.10435
23,Sample_S19S_0061_Wat,551.1769906
14,Sample_S19S_0061_Wat,551.2133063
3,Sample_S19S_0061_Wat,551.2496307
2,Sample_S19S_0061_Wat,552.1357425
12,Sample_S19S_0061_Wat,553.1199748
19,Sample_S19S_0061_Wat,553.1925971
4,Sample_S19S_0061_Wat,553.2288832
4,Sample_S19S_0061_Wat,555.0417548
4,Sample_S19S_0061_Wat,555.0629131
5,Sample_S19S_0061_Wat,555.1356619
1,Sample_S19S_0061_Wat,556.167018
8,Sample_S19S_0061_Wat,557.0572783
6,Sample_S19S_0061_Wat,557.0785258
18,Sample_S19S_0061_Wat,557.0937315
17,Sample_S19S_0061_Wat,561.0885432
5,Sample_S19S_0061_Wat,561.1248442
2,Sample_S19S_0061_Wat,561.1611805
1,Sample_S19S_0061_Wat,561.1975534
5,Sample_S19S_0061_Wat,561.2339983
21,Sample_S19S_0061_Wat,562.1202083
10,Sample_S19S_0061_Wat,563.1043787
4,Sample_S19S_0061_Wat,563.140767
5,Sample_S19S_0061_Wat,563.1771352
18,Sample_S19S_0061_Wat,563.2134586
16,Sample_S19S_0061_Wat,563.2497644
2,Sample_S19S_0061_Wat,564.172115
6,Sample_S19S_0061_Wat,565.0470587
8,Sample_S19S_0061_Wat,565.0833841
2,Sample_S19S_0061_Wat,565.1561141
15,Sample_S19S_0061_Wat,565.2290122
12,Sample_S19S_0061_Wat,567.0992538
8,Sample_S19S_0061_Wat,567.1356587
10,Sample_S19S_0061_Wat,567.2083955
10,Sample_S19S_0061_Wat,568.1671174
3,Sample_S19S_0061_Wat,569.0573971
12,Sample_S19S_0061_Wat,569.0784551
9,Sample_S19S_0061_Wat,569.0937538
14,Sample_S19S_0061_Wat,569.1147778
8,Sample_S19S_0061_Wat,569.1510794
1,Sample_S19S_0061_Wat,569.1874013
2,Sample_S19S_0061_Wat,569.223732
4,Sample_S19S_0061_Wat,571.0727742
18,Sample_S19S_0061_Wat,571.1668216
3,Sample_S19S_0061_Wat,571.1952621
12,Sample_S19S_0061_Wat,573.0521883
19,Sample_S19S_0061_Wat,573.0886509
11,Sample_S19S_0061_Wat,573.1250609
3,Sample_S19S_0061_Wat,573.1978706
7,Sample_S19S_0061_Wat,575.1043617
4,Sample_S19S_0061_Wat,575.1407714
19,Sample_S19S_0061_Wat,575.1770756
26,Sample_S19S_0061_Wat,575.213398
3,Sample_S19S_0061_Wat,577.0836723
3,Sample_S19S_0061_Wat,577.228924
8,Sample_S19S_0061_Wat,579.0992643
24,Sample_S19S_0061_Wat,579.1355972
31,Sample_S19S_0061_Wat,579.1719274
14,Sample_S19S_0061_Wat,579.2082488
4,Sample_S19S_0061_Wat,581.0785526
15,Sample_S19S_0061_Wat,581.1148894
30,Sample_S19S_0061_Wat,581.1512226
20,Sample_S19S_0061_Wat,581.1875335
10,Sample_S19S_0061_Wat,582.1828966
1,Sample_S19S_0061_Wat,583.094266
17,Sample_S19S_0061_Wat,583.2032587
6,Sample_S19S_0061_Wat,583.2314722
6,Sample_S19S_0061_Wat,585.052268
4,Sample_S19S_0061_Wat,585.1098543
10,Sample_S19S_0061_Wat,587.1405809
8,Sample_S19S_0061_Wat,589.047112
4,Sample_S19S_0061_Wat,589.0833727
2,Sample_S19S_0061_Wat,589.119725
3,Sample_S19S_0061_Wat,591.0993225
6,Sample_S19S_0061_Wat,591.1720289
13,Sample_S19S_0061_Wat,591.2083514
1,Sample_S19S_0061_Wat,593.078251
6,Sample_S19S_0061_Wat,593.1511079
26,Sample_S19S_0061_Wat,593.1875846
25,Sample_S19S_0061_Wat,597.2188862
7,Sample_S19S_0061_Wat,603.2083804
5,Sample_S19S_0061_Wat,605.0785609
2,Sample_S19S_0061_Wat,605.1149751
1,Sample_S19S_0061_Wat,605.1513953
13,Sample_S19S_0061_Wat,607.094164
3,Sample_S19S_0061_Wat,607.2030678
1,Sample_S19S_0061_Wat,609.1822447
1,Sample_S19S_0061_Wat,623.1255649
1,Sample_S19S_0061_Wat,623.162005
11,Sample_S19S_0061_Wat,625.1773321
6,Sample_S19S_0061_Wat,633.1459928
1,Sample_S19S_0061_Wat,633.1822488
2,Sample_S19S_0061_Wat,635.2346553
4,Sample_S19S_0061_Wat,637.1045624
5,Sample_S19S_0061_Wat,663.1931909
