num.trans.involved.in,sample,peak
43,Sample_S19S_0055_Wat,201.0404313
39,Sample_S19S_0055_Wat,201.0768122
30,Sample_S19S_0055_Wat,201.1131969
43,Sample_S19S_0055_Wat,203.0560881
14,Sample_S19S_0055_Wat,203.0924536
32,Sample_S19S_0055_Wat,205.0142188
29,Sample_S19S_0055_Wat,205.0505947
46,Sample_S19S_0055_Wat,207.0298709
42,Sample_S19S_0055_Wat,207.066249
32,Sample_S19S_0055_Wat,207.1026321
30,Sample_S19S_0055_Wat,208.0615064
22,Sample_S19S_0055_Wat,209.0091207
42,Sample_S19S_0055_Wat,209.0455114
43,Sample_S19S_0055_Wat,209.0818981
22,Sample_S19S_0055_Wat,210.0407624
21,Sample_S19S_0055_Wat,210.0771409
64,Sample_S19S_0055_Wat,211.0247874
67,Sample_S19S_0055_Wat,211.0611736
42,Sample_S19S_0055_Wat,211.097555
29,Sample_S19S_0055_Wat,212.0564229
1,Sample_S19S_0055_Wat,213.0152775
40,Sample_S19S_0055_Wat,213.0404285
53,Sample_S19S_0055_Wat,213.0768216
33,Sample_S19S_0055_Wat,213.1132092
28,Sample_S19S_0055_Wat,214.0720739
32,Sample_S19S_0055_Wat,215.0383432
45,Sample_S19S_0055_Wat,215.0560786
46,Sample_S19S_0055_Wat,215.0924726
22,Sample_S19S_0055_Wat,215.1288446
53,Sample_S19S_0055_Wat,217.0717431
36,Sample_S19S_0055_Wat,217.1081169
47,Sample_S19S_0055_Wat,219.0298823
18,Sample_S19S_0055_Wat,219.0662407
38,Sample_S19S_0055_Wat,219.0873877
22,Sample_S19S_0055_Wat,219.1026309
9,Sample_S19S_0055_Wat,220.0614803
47,Sample_S19S_0055_Wat,221.0455191
23,Sample_S19S_0055_Wat,221.048891
25,Sample_S19S_0055_Wat,221.0818912
10,Sample_S19S_0055_Wat,222.0407486
18,Sample_S19S_0055_Wat,222.0771399
55,Sample_S19S_0055_Wat,223.0247931
25,Sample_S19S_0055_Wat,223.0611523
10,Sample_S19S_0055_Wat,223.0723955
48,Sample_S19S_0055_Wat,223.0975605
36,Sample_S19S_0055_Wat,224.0564233
10,Sample_S19S_0055_Wat,224.092781
13,Sample_S19S_0055_Wat,225.0040321
86,Sample_S19S_0055_Wat,225.0404494
10,Sample_S19S_0055_Wat,225.0516605
63,Sample_S19S_0055_Wat,225.0768195
21,Sample_S19S_0055_Wat,225.1131873
24,Sample_S19S_0055_Wat,226.0356785
45,Sample_S19S_0055_Wat,226.072077
26,Sample_S19S_0055_Wat,227.0196895
23,Sample_S19S_0055_Wat,227.0383214
45,Sample_S19S_0055_Wat,227.056079
59,Sample_S19S_0055_Wat,227.092466
36,Sample_S19S_0055_Wat,227.1288722
11,Sample_S19S_0055_Wat,228.0513116
25,Sample_S19S_0055_Wat,229.0175957
49,Sample_S19S_0055_Wat,229.0353497
35,Sample_S19S_0055_Wat,229.0539812
57,Sample_S19S_0055_Wat,229.0717413
41,Sample_S19S_0055_Wat,229.1081151
23,Sample_S19S_0055_Wat,229.14452
33,Sample_S19S_0055_Wat,231.0332653
53,Sample_S19S_0055_Wat,231.051012
48,Sample_S19S_0055_Wat,231.0873835
17,Sample_S19S_0055_Wat,231.1237543
30,Sample_S19S_0055_Wat,232.0615087
48,Sample_S19S_0055_Wat,233.0455307
27,Sample_S19S_0055_Wat,233.0489051
41,Sample_S19S_0055_Wat,233.0819208
39,Sample_S19S_0055_Wat,233.1030488
30,Sample_S19S_0055_Wat,233.1182842
14,Sample_S19S_0055_Wat,233.1546845
4,Sample_S19S_0055_Wat,234.0771258
48,Sample_S19S_0055_Wat,235.0247912
14,Sample_S19S_0055_Wat,235.0434342
63,Sample_S19S_0055_Wat,235.0611873
31,Sample_S19S_0055_Wat,235.0645616
12,Sample_S19S_0055_Wat,235.0724095
46,Sample_S19S_0055_Wat,235.0975749
26,Sample_S19S_0055_Wat,235.1339408
36,Sample_S19S_0055_Wat,236.0200457
59,Sample_S19S_0055_Wat,236.0564412
56,Sample_S19S_0055_Wat,237.0404421
2,Sample_S19S_0055_Wat,237.0516402
69,Sample_S19S_0055_Wat,237.0768351
48,Sample_S19S_0055_Wat,237.1132227
19,Sample_S19S_0055_Wat,238.0356696
41,Sample_S19S_0055_Wat,238.0720655
14,Sample_S19S_0055_Wat,239.0019507
72,Sample_S19S_0055_Wat,239.0197221
108,Sample_S19S_0055_Wat,239.0561117
14,Sample_S19S_0055_Wat,239.0673352
102,Sample_S19S_0055_Wat,239.092497
53,Sample_S19S_0055_Wat,239.1288753
44,Sample_S19S_0055_Wat,240.0513448
45,Sample_S19S_0055_Wat,240.0877319
15,Sample_S19S_0055_Wat,241.0176131
83,Sample_S19S_0055_Wat,241.03537
30,Sample_S19S_0055_Wat,241.0539901
60,Sample_S19S_0055_Wat,241.0717422
19,Sample_S19S_0055_Wat,241.0903544
42,Sample_S19S_0055_Wat,241.1081087
26,Sample_S19S_0055_Wat,241.1445007
59,Sample_S19S_0055_Wat,242.0670034
33,Sample_S19S_0055_Wat,242.1033669
22,Sample_S19S_0055_Wat,242.139775
43,Sample_S19S_0055_Wat,243.0332768
86,Sample_S19S_0055_Wat,243.0510224
53,Sample_S19S_0055_Wat,243.0873816
29,Sample_S19S_0055_Wat,243.1237626
41,Sample_S19S_0055_Wat,244.0826525
48,Sample_S19S_0055_Wat,245.0302737
76,Sample_S19S_0055_Wat,245.0455587
31,Sample_S19S_0055_Wat,245.0489119
97,Sample_S19S_0055_Wat,245.0666847
53,Sample_S19S_0055_Wat,245.0819342
74,Sample_S19S_0055_Wat,245.1030642
32,Sample_S19S_0055_Wat,246.0407845
28,Sample_S19S_0055_Wat,246.0771588
48,Sample_S19S_0055_Wat,247.024801
28,Sample_S19S_0055_Wat,247.0281631
29,Sample_S19S_0055_Wat,247.0459114
73,Sample_S19S_0055_Wat,247.0612011
13,Sample_S19S_0055_Wat,247.0645256
81,Sample_S19S_0055_Wat,247.0823368
75,Sample_S19S_0055_Wat,247.0975945
53,Sample_S19S_0055_Wat,247.1339672
33,Sample_S19S_0055_Wat,248.0200547
50,Sample_S19S_0055_Wat,248.0564361
33,Sample_S19S_0055_Wat,248.0928093
43,Sample_S19S_0055_Wat,249.0040636
84,Sample_S19S_0055_Wat,249.0404675
30,Sample_S19S_0055_Wat,249.0438151
17,Sample_S19S_0055_Wat,249.0591113
96,Sample_S19S_0055_Wat,249.0768527
33,Sample_S19S_0055_Wat,249.0802097
43,Sample_S19S_0055_Wat,249.1132224
48,Sample_S19S_0055_Wat,249.1496147
64,Sample_S19S_0055_Wat,250.07209
78,Sample_S19S_0055_Wat,251.0197332
79,Sample_S19S_0055_Wat,251.0560986
28,Sample_S19S_0055_Wat,251.0594793
19,Sample_S19S_0055_Wat,251.0673594
122,Sample_S19S_0055_Wat,251.0925063
56,Sample_S19S_0055_Wat,251.1289035
56,Sample_S19S_0055_Wat,252.0513612
53,Sample_S19S_0055_Wat,252.0877348
26,Sample_S19S_0055_Wat,253.0176287
111,Sample_S19S_0055_Wat,253.0353983
11,Sample_S19S_0055_Wat,253.0466122
7,Sample_S19S_0055_Wat,253.0540606
130,Sample_S19S_0055_Wat,253.0717756
11,Sample_S19S_0055_Wat,253.0829986
19,Sample_S19S_0055_Wat,253.0903635
49,Sample_S19S_0055_Wat,253.1081345
52,Sample_S19S_0055_Wat,253.1445337
45,Sample_S19S_0055_Wat,254.0306157
48,Sample_S19S_0055_Wat,254.0670222
47,Sample_S19S_0055_Wat,254.1033853
35,Sample_S19S_0055_Wat,255.0332681
113,Sample_S19S_0055_Wat,255.0510433
21,Sample_S19S_0055_Wat,255.0696877
129,Sample_S19S_0055_Wat,255.0874163
53,Sample_S19S_0055_Wat,255.1237776
37,Sample_S19S_0055_Wat,255.1602018
55,Sample_S19S_0055_Wat,256.0826837
27,Sample_S19S_0055_Wat,257.012566
86,Sample_S19S_0055_Wat,257.030304
53,Sample_S19S_0055_Wat,257.048925
111,Sample_S19S_0055_Wat,257.0666765
71,Sample_S19S_0055_Wat,257.1030521
59,Sample_S19S_0055_Wat,257.1394516
54,Sample_S19S_0055_Wat,258.0619166
48,Sample_S19S_0055_Wat,258.0983343
54,Sample_S19S_0055_Wat,259.0248281
40,Sample_S19S_0055_Wat,259.0282061
91,Sample_S19S_0055_Wat,259.0459547
68,Sample_S19S_0055_Wat,259.0612028
57,Sample_S19S_0055_Wat,259.0645754
101,Sample_S19S_0055_Wat,259.0823405
63,Sample_S19S_0055_Wat,259.0975861
70,Sample_S19S_0055_Wat,259.1187072
39,Sample_S19S_0055_Wat,259.1551113
18,Sample_S19S_0055_Wat,260.0564172
43,Sample_S19S_0055_Wat,260.0775722
62,Sample_S19S_0055_Wat,261.040468
33,Sample_S19S_0055_Wat,261.04386
14,Sample_S19S_0055_Wat,261.0516928
75,Sample_S19S_0055_Wat,261.061588
95,Sample_S19S_0055_Wat,261.0768598
33,Sample_S19S_0055_Wat,261.0801943
64,Sample_S19S_0055_Wat,261.0980071
68,Sample_S19S_0055_Wat,261.1132477
60,Sample_S19S_0055_Wat,261.1343647
36,Sample_S19S_0055_Wat,262.0357323
46,Sample_S19S_0055_Wat,262.0721008
50,Sample_S19S_0055_Wat,263.019721
94,Sample_S19S_0055_Wat,263.0561329
46,Sample_S19S_0055_Wat,263.0595
10,Sample_S19S_0055_Wat,263.0673138
16,Sample_S19S_0055_Wat,263.074735
62,Sample_S19S_0055_Wat,263.0772341
54,Sample_S19S_0055_Wat,263.0924815
32,Sample_S19S_0055_Wat,263.0958535
62,Sample_S19S_0055_Wat,263.128908
56,Sample_S19S_0055_Wat,264.0513612
50,Sample_S19S_0055_Wat,264.087752
14,Sample_S19S_0055_Wat,265.017661
93,Sample_S19S_0055_Wat,265.0353938
101,Sample_S19S_0055_Wat,265.0717855
1,Sample_S19S_0055_Wat,265.0730955
37,Sample_S19S_0055_Wat,265.07514
19,Sample_S19S_0055_Wat,265.0929432
108,Sample_S19S_0055_Wat,265.1081545
45,Sample_S19S_0055_Wat,265.1445692
10,Sample_S19S_0055_Wat,265.1479151
44,Sample_S19S_0055_Wat,266.0306266
69,Sample_S19S_0055_Wat,266.0670361
45,Sample_S19S_0055_Wat,266.1034196
77,Sample_S19S_0055_Wat,267.0146829
9,Sample_S19S_0055_Wat,267.03333
120,Sample_S19S_0055_Wat,267.0510336
22,Sample_S19S_0055_Wat,267.0622941
11,Sample_S19S_0055_Wat,267.0696979
116,Sample_S19S_0055_Wat,267.0874299
24,Sample_S19S_0055_Wat,267.0908069
17,Sample_S19S_0055_Wat,267.0986455
29,Sample_S19S_0055_Wat,267.1060484
107,Sample_S19S_0055_Wat,267.123805
45,Sample_S19S_0055_Wat,267.1601848
66,Sample_S19S_0055_Wat,268.0462977
70,Sample_S19S_0055_Wat,268.08266
45,Sample_S19S_0055_Wat,268.1190514
32,Sample_S19S_0055_Wat,269.01256
84,Sample_S19S_0055_Wat,269.0303205
55,Sample_S19S_0055_Wat,269.0489342
130,Sample_S19S_0055_Wat,269.0666802
25,Sample_S19S_0055_Wat,269.0779259
46,Sample_S19S_0055_Wat,269.0853155
111,Sample_S19S_0055_Wat,269.1030627
67,Sample_S19S_0055_Wat,269.1394657
32,Sample_S19S_0055_Wat,269.1758579
60,Sample_S19S_0055_Wat,270.0619439
60,Sample_S19S_0055_Wat,270.0983057
39,Sample_S19S_0055_Wat,271.0281864
84,Sample_S19S_0055_Wat,271.0459737
47,Sample_S19S_0055_Wat,271.0645721
107,Sample_S19S_0055_Wat,271.0823212
23,Sample_S19S_0055_Wat,271.0935785
39,Sample_S19S_0055_Wat,271.0976146
97,Sample_S19S_0055_Wat,271.118718
33,Sample_S19S_0055_Wat,271.1551343
56,Sample_S19S_0055_Wat,272.0775888
46,Sample_S19S_0055_Wat,272.1139554
30,Sample_S19S_0055_Wat,273.0074568
64,Sample_S19S_0055_Wat,273.0252099
63,Sample_S19S_0055_Wat,273.040478
47,Sample_S19S_0055_Wat,273.0438577
84,Sample_S19S_0055_Wat,273.061591
81,Sample_S19S_0055_Wat,273.0768603
34,Sample_S19S_0055_Wat,273.0802466
89,Sample_S19S_0055_Wat,273.0979879
56,Sample_S19S_0055_Wat,273.1132445
37,Sample_S19S_0055_Wat,273.1166186
49,Sample_S19S_0055_Wat,273.1343844
40,Sample_S19S_0055_Wat,274.0357454
37,Sample_S19S_0055_Wat,274.0568533
44,Sample_S19S_0055_Wat,274.0720917
41,Sample_S19S_0055_Wat,274.0932637
65,Sample_S19S_0055_Wat,275.0197425
40,Sample_S19S_0055_Wat,275.0231068
75,Sample_S19S_0055_Wat,275.0561155
54,Sample_S19S_0055_Wat,275.0594984
17,Sample_S19S_0055_Wat,275.0673647
90,Sample_S19S_0055_Wat,275.0772487
91,Sample_S19S_0055_Wat,275.0925149
30,Sample_S19S_0055_Wat,275.0958927
75,Sample_S19S_0055_Wat,275.1136274
59,Sample_S19S_0055_Wat,275.1288873
26,Sample_S19S_0055_Wat,275.132271
38,Sample_S19S_0055_Wat,275.1500444
33,Sample_S19S_0055_Wat,276.0150051
47,Sample_S19S_0055_Wat,276.0513913
26,Sample_S19S_0055_Wat,276.0877174
25,Sample_S19S_0055_Wat,276.108923
92,Sample_S19S_0055_Wat,277.0354157
26,Sample_S19S_0055_Wat,277.0387785
99,Sample_S19S_0055_Wat,277.0717892
50,Sample_S19S_0055_Wat,277.0751477
28,Sample_S19S_0055_Wat,277.0830242
48,Sample_S19S_0055_Wat,277.0929294
101,Sample_S19S_0055_Wat,277.1081544
39,Sample_S19S_0055_Wat,277.1293085
66,Sample_S19S_0055_Wat,277.1445377
33,Sample_S19S_0055_Wat,278.0306345
56,Sample_S19S_0055_Wat,278.0670289
48,Sample_S19S_0055_Wat,278.1034322
46,Sample_S19S_0055_Wat,279.0146331
97,Sample_S19S_0055_Wat,279.0510516
43,Sample_S19S_0055_Wat,279.0544147
26,Sample_S19S_0055_Wat,279.0622836
71,Sample_S19S_0055_Wat,279.0874539
5,Sample_S19S_0055_Wat,279.0908266
28,Sample_S19S_0055_Wat,279.0986672
80,Sample_S19S_0055_Wat,279.1238221
52,Sample_S19S_0055_Wat,279.160186
9,Sample_S19S_0055_Wat,279.1635618
62,Sample_S19S_0055_Wat,280.0463018
73,Sample_S19S_0055_Wat,280.0826921
55,Sample_S19S_0055_Wat,280.1190492
88,Sample_S19S_0055_Wat,281.0303339
3,Sample_S19S_0055_Wat,281.0489881
127,Sample_S19S_0055_Wat,281.0666829
19,Sample_S19S_0055_Wat,281.0700358
31,Sample_S19S_0055_Wat,281.0779309
1,Sample_S19S_0055_Wat,281.0853812
77,Sample_S19S_0055_Wat,281.1030502
15,Sample_S19S_0055_Wat,281.106436
15,Sample_S19S_0055_Wat,281.1143409
22,Sample_S19S_0055_Wat,281.1217043
85,Sample_S19S_0055_Wat,281.1394597
34,Sample_S19S_0055_Wat,281.1758716
35,Sample_S19S_0055_Wat,282.025533
59,Sample_S19S_0055_Wat,282.0983548
22,Sample_S19S_0055_Wat,282.1347472
26,Sample_S19S_0055_Wat,283.0282193
117,Sample_S19S_0055_Wat,283.0459554
11,Sample_S19S_0055_Wat,283.064623
83,Sample_S19S_0055_Wat,283.0823169
26,Sample_S19S_0055_Wat,283.0935869
6,Sample_S19S_0055_Wat,283.1010031
123,Sample_S19S_0055_Wat,283.118715
50,Sample_S19S_0055_Wat,283.1551309
14,Sample_S19S_0055_Wat,283.1915306
49,Sample_S19S_0055_Wat,284.0412345
66,Sample_S19S_0055_Wat,284.0776208
51,Sample_S19S_0055_Wat,284.1139788
29,Sample_S19S_0055_Wat,285.0074703
75,Sample_S19S_0055_Wat,285.025228
49,Sample_S19S_0055_Wat,285.0404866
28,Sample_S19S_0055_Wat,285.0438689
87,Sample_S19S_0055_Wat,285.0616357
46,Sample_S19S_0055_Wat,285.0802217
49,Sample_S19S_0055_Wat,285.0980306
18,Sample_S19S_0055_Wat,285.1092216
22,Sample_S19S_0055_Wat,285.1132165
38,Sample_S19S_0055_Wat,285.1166168
9,Sample_S19S_0055_Wat,285.1262347
67,Sample_S19S_0055_Wat,285.1343948
41,Sample_S19S_0055_Wat,285.17075
46,Sample_S19S_0055_Wat,286.0568589
59,Sample_S19S_0055_Wat,286.0932539
55,Sample_S19S_0055_Wat,287.0197477
32,Sample_S19S_0055_Wat,287.0231311
72,Sample_S19S_0055_Wat,287.0408776
68,Sample_S19S_0055_Wat,287.0561351
15,Sample_S19S_0055_Wat,287.0595327
100,Sample_S19S_0055_Wat,287.0772537
72,Sample_S19S_0055_Wat,287.0925228
54,Sample_S19S_0055_Wat,287.0958808
95,Sample_S19S_0055_Wat,287.1136282
51,Sample_S19S_0055_Wat,287.1289021
20,Sample_S19S_0055_Wat,287.1322824
57,Sample_S19S_0055_Wat,287.150015
25,Sample_S19S_0055_Wat,287.1864124
46,Sample_S19S_0055_Wat,288.0513962
6,Sample_S19S_0055_Wat,288.0547736
47,Sample_S19S_0055_Wat,288.0725046
45,Sample_S19S_0055_Wat,288.0877815
42,Sample_S19S_0055_Wat,288.1089115
75,Sample_S19S_0055_Wat,289.0354029
38,Sample_S19S_0055_Wat,289.0387746
83,Sample_S19S_0055_Wat,289.0565242
98,Sample_S19S_0055_Wat,289.0717704
57,Sample_S19S_0055_Wat,289.0751476
21,Sample_S19S_0055_Wat,289.0830287
4,Sample_S19S_0055_Wat,289.0904345
79,Sample_S19S_0055_Wat,289.0929075
71,Sample_S19S_0055_Wat,289.1081489
45,Sample_S19S_0055_Wat,289.1115236
68,Sample_S19S_0055_Wat,289.1292776
56,Sample_S19S_0055_Wat,289.1445478
13,Sample_S19S_0055_Wat,290.0305978
29,Sample_S19S_0055_Wat,290.0669883
13,Sample_S19S_0055_Wat,290.0882083
57,Sample_S19S_0055_Wat,290.1033932
9,Sample_S19S_0055_Wat,290.1245994
61,Sample_S19S_0055_Wat,291.0146759
94,Sample_S19S_0055_Wat,291.0510416
43,Sample_S19S_0055_Wat,291.0543989
23,Sample_S19S_0055_Wat,291.0622947
69,Sample_S19S_0055_Wat,291.0721692
90,Sample_S19S_0055_Wat,291.0874132
29,Sample_S19S_0055_Wat,291.0907683
21,Sample_S19S_0055_Wat,291.0986884
54,Sample_S19S_0055_Wat,291.1085682
72,Sample_S19S_0055_Wat,291.1237966
55,Sample_S19S_0055_Wat,291.1601932
43,Sample_S19S_0055_Wat,292.0462633
33,Sample_S19S_0055_Wat,292.1038307
51,Sample_S19S_0055_Wat,292.1190716
1,Sample_S19S_0055_Wat,292.2129776
89,Sample_S19S_0055_Wat,293.0303357
18,Sample_S19S_0055_Wat,293.0415474
15,Sample_S19S_0055_Wat,293.0489616
97,Sample_S19S_0055_Wat,293.0667099
37,Sample_S19S_0055_Wat,293.0700724
30,Sample_S19S_0055_Wat,293.0779374
30,Sample_S19S_0055_Wat,293.0853214
112,Sample_S19S_0055_Wat,293.1030793
32,Sample_S19S_0055_Wat,293.1064492
24,Sample_S19S_0055_Wat,293.1143295
19,Sample_S19S_0055_Wat,293.121713
91,Sample_S19S_0055_Wat,293.1394564
15,Sample_S19S_0055_Wat,293.1757942
2,Sample_S19S_0055_Wat,293.179192
18,Sample_S19S_0055_Wat,294.0255165
54,Sample_S19S_0055_Wat,294.0619153
64,Sample_S19S_0055_Wat,294.098304
48,Sample_S19S_0055_Wat,294.1347046
47,Sample_S19S_0055_Wat,295.0095496
92,Sample_S19S_0055_Wat,295.0459444
17,Sample_S19S_0055_Wat,295.0572284
4,Sample_S19S_0055_Wat,295.0646393
124,Sample_S19S_0055_Wat,295.0823376
34,Sample_S19S_0055_Wat,295.0857132
10,Sample_S19S_0055_Wat,295.093638
9,Sample_S19S_0055_Wat,295.1010171
127,Sample_S19S_0055_Wat,295.1187213
23,Sample_S19S_0055_Wat,295.1221028
6,Sample_S19S_0055_Wat,295.137392
65,Sample_S19S_0055_Wat,295.1550986
8,Sample_S19S_0055_Wat,295.1584873
43,Sample_S19S_0055_Wat,296.0411763
65,Sample_S19S_0055_Wat,296.0775656
49,Sample_S19S_0055_Wat,296.1139469
21,Sample_S19S_0055_Wat,297.0074532
83,Sample_S19S_0055_Wat,297.025237
29,Sample_S19S_0055_Wat,297.0438655
98,Sample_S19S_0055_Wat,297.0616262
49,Sample_S19S_0055_Wat,297.080232
79,Sample_S19S_0055_Wat,297.0980154
24,Sample_S19S_0055_Wat,297.109248
22,Sample_S19S_0055_Wat,297.116632
49,Sample_S19S_0055_Wat,297.1344063
20,Sample_S19S_0055_Wat,297.1529844
23,Sample_S19S_0055_Wat,297.1707937
64,Sample_S19S_0055_Wat,298.0568737
70,Sample_S19S_0055_Wat,298.0932671
44,Sample_S19S_0055_Wat,298.1296449
31,Sample_S19S_0055_Wat,299.0231228
76,Sample_S19S_0055_Wat,299.0408894
59,Sample_S19S_0055_Wat,299.0595
113,Sample_S19S_0055_Wat,299.0772616
43,Sample_S19S_0055_Wat,299.0958611
96,Sample_S19S_0055_Wat,299.1136455
21,Sample_S19S_0055_Wat,299.1288646
28,Sample_S19S_0055_Wat,299.1322536
83,Sample_S19S_0055_Wat,299.1500243
29,Sample_S19S_0055_Wat,299.1864335
61,Sample_S19S_0055_Wat,300.0725
34,Sample_S19S_0055_Wat,300.0877696
50,Sample_S19S_0055_Wat,300.1089049
62,Sample_S19S_0055_Wat,301.0353903
45,Sample_S19S_0055_Wat,301.0387674
75,Sample_S19S_0055_Wat,301.0565488
55,Sample_S19S_0055_Wat,301.071792
62,Sample_S19S_0055_Wat,301.0751454
74,Sample_S19S_0055_Wat,301.092932
41,Sample_S19S_0055_Wat,301.1081829
42,Sample_S19S_0055_Wat,301.1115398
57,Sample_S19S_0055_Wat,301.129318
46,Sample_S19S_0055_Wat,301.1445638
40,Sample_S19S_0055_Wat,301.1656955
22,Sample_S19S_0055_Wat,301.202066
28,Sample_S19S_0055_Wat,302.0306578
45,Sample_S19S_0055_Wat,302.0670162
37,Sample_S19S_0055_Wat,302.0881947
33,Sample_S19S_0055_Wat,302.1245742
52,Sample_S19S_0055_Wat,303.0146906
30,Sample_S19S_0055_Wat,303.0180437
59,Sample_S19S_0055_Wat,303.0357821
75,Sample_S19S_0055_Wat,303.0510433
59,Sample_S19S_0055_Wat,303.0544081
9,Sample_S19S_0055_Wat,303.0623453
85,Sample_S19S_0055_Wat,303.0721573
78,Sample_S19S_0055_Wat,303.0874395
56,Sample_S19S_0055_Wat,303.0907893
92,Sample_S19S_0055_Wat,303.1085414
67,Sample_S19S_0055_Wat,303.1238249
27,Sample_S19S_0055_Wat,303.1271588
61,Sample_S19S_0055_Wat,303.1449308
43,Sample_S19S_0055_Wat,303.1602155
42,Sample_S19S_0055_Wat,304.0462877
31,Sample_S19S_0055_Wat,304.0674332
53,Sample_S19S_0055_Wat,304.0826613
34,Sample_S19S_0055_Wat,304.1038383
57,Sample_S19S_0055_Wat,304.119049
10,Sample_S19S_0055_Wat,304.1402446
83,Sample_S19S_0055_Wat,305.0303157
41,Sample_S19S_0055_Wat,305.0336873
40,Sample_S19S_0055_Wat,305.0514118
100,Sample_S19S_0055_Wat,305.0666877
51,Sample_S19S_0055_Wat,305.0700613
12,Sample_S19S_0055_Wat,305.0779953
52,Sample_S19S_0055_Wat,305.087829
91,Sample_S19S_0055_Wat,305.1030852
32,Sample_S19S_0055_Wat,305.1064563
6,Sample_S19S_0055_Wat,305.1143903
36,Sample_S19S_0055_Wat,305.1242388
72,Sample_S19S_0055_Wat,305.1394662
43,Sample_S19S_0055_Wat,305.1758605
7,Sample_S19S_0055_Wat,306.0289446
4,Sample_S19S_0055_Wat,306.0732435
21,Sample_S19S_0055_Wat,306.0831168
69,Sample_S19S_0055_Wat,306.0983427
6,Sample_S19S_0055_Wat,306.1195211
43,Sample_S19S_0055_Wat,307.0095853
105,Sample_S19S_0055_Wat,307.0459779
27,Sample_S19S_0055_Wat,307.0493115
12,Sample_S19S_0055_Wat,307.0572343
34,Sample_S19S_0055_Wat,307.0645834
73,Sample_S19S_0055_Wat,307.0823737
32,Sample_S19S_0055_Wat,307.0857227
25,Sample_S19S_0055_Wat,307.0936059
22,Sample_S19S_0055_Wat,307.1009424
40,Sample_S19S_0055_Wat,307.1034833
54,Sample_S19S_0055_Wat,307.1187572
17,Sample_S19S_0055_Wat,307.1221115
22,Sample_S19S_0055_Wat,307.1299781
19,Sample_S19S_0055_Wat,307.137328
47,Sample_S19S_0055_Wat,307.1551342
64,Sample_S19S_0055_Wat,308.0412303
75,Sample_S19S_0055_Wat,308.0775973
5,Sample_S19S_0055_Wat,308.098784
63,Sample_S19S_0055_Wat,308.1139545
88,Sample_S19S_0055_Wat,309.0252469
15,Sample_S19S_0055_Wat,309.0438781
118,Sample_S19S_0055_Wat,309.0616036
25,Sample_S19S_0055_Wat,309.0649579
25,Sample_S19S_0055_Wat,309.0728691
38,Sample_S19S_0055_Wat,309.0802354
29,Sample_S19S_0055_Wat,309.0827414
114,Sample_S19S_0055_Wat,309.0979773
28,Sample_S19S_0055_Wat,309.1013433
12,Sample_S19S_0055_Wat,309.1092661
27,Sample_S19S_0055_Wat,309.1165856
20,Sample_S19S_0055_Wat,309.1191413
102,Sample_S19S_0055_Wat,309.1343649
11,Sample_S19S_0055_Wat,309.1377003
13,Sample_S19S_0055_Wat,309.1530159
52,Sample_S19S_0055_Wat,309.1707647
7,Sample_S19S_0055_Wat,309.1741269
56,Sample_S19S_0055_Wat,310.0568411
71,Sample_S19S_0055_Wat,310.0932206
61,Sample_S19S_0055_Wat,310.1296176
35,Sample_S19S_0055_Wat,311.0231058
96,Sample_S19S_0055_Wat,311.0408991
10,Sample_S19S_0055_Wat,311.0442627
23,Sample_S19S_0055_Wat,311.0594676
107,Sample_S19S_0055_Wat,311.0772659
36,Sample_S19S_0055_Wat,311.0958599
14,Sample_S19S_0055_Wat,311.105537
139,Sample_S19S_0055_Wat,311.1136352
29,Sample_S19S_0055_Wat,311.1248899
16,Sample_S19S_0055_Wat,311.132285
89,Sample_S19S_0055_Wat,311.1500195
9,Sample_S19S_0055_Wat,311.1686157
34,Sample_S19S_0055_Wat,311.186419
42,Sample_S19S_0055_Wat,312.0361043
65,Sample_S19S_0055_Wat,312.0725103
22,Sample_S19S_0055_Wat,312.1453188
55,Sample_S19S_0055_Wat,313.0201379
34,Sample_S19S_0055_Wat,313.0353909
47,Sample_S19S_0055_Wat,313.0387549
87,Sample_S19S_0055_Wat,313.0565398
33,Sample_S19S_0055_Wat,313.071764
22,Sample_S19S_0055_Wat,313.075094
88,Sample_S19S_0055_Wat,313.0929245
33,Sample_S19S_0055_Wat,313.1041391
37,Sample_S19S_0055_Wat,313.1115031
85,Sample_S19S_0055_Wat,313.1293014
13,Sample_S19S_0055_Wat,313.1479364
56,Sample_S19S_0055_Wat,313.1656688
55,Sample_S19S_0055_Wat,314.0517902
69,Sample_S19S_0055_Wat,314.0881771
26,Sample_S19S_0055_Wat,314.1067669
53,Sample_S19S_0055_Wat,314.1245573
28,Sample_S19S_0055_Wat,315.0180328
70,Sample_S19S_0055_Wat,315.035781
61,Sample_S19S_0055_Wat,315.0544106
86,Sample_S19S_0055_Wat,315.0721791
35,Sample_S19S_0055_Wat,315.0873994
22,Sample_S19S_0055_Wat,315.0907452
2,Sample_S19S_0055_Wat,315.0987828
74,Sample_S19S_0055_Wat,315.1085755
62,Sample_S19S_0055_Wat,315.1238052
23,Sample_S19S_0055_Wat,315.1271409
61,Sample_S19S_0055_Wat,315.1449559
45,Sample_S19S_0055_Wat,315.1602065
37,Sample_S19S_0055_Wat,315.1813307
43,Sample_S19S_0055_Wat,316.0463145
42,Sample_S19S_0055_Wat,316.0674166
56,Sample_S19S_0055_Wat,316.0826874
66,Sample_S19S_0055_Wat,316.1038062
32,Sample_S19S_0055_Wat,316.1402237
65,Sample_S19S_0055_Wat,317.0303382
11,Sample_S19S_0055_Wat,317.0337185
72,Sample_S19S_0055_Wat,317.0514233
82,Sample_S19S_0055_Wat,317.0666936
58,Sample_S19S_0055_Wat,317.0700656
4,Sample_S19S_0055_Wat,317.0780371
96,Sample_S19S_0055_Wat,317.0878157
64,Sample_S19S_0055_Wat,317.1030588
23,Sample_S19S_0055_Wat,317.1063977
6,Sample_S19S_0055_Wat,317.1143954
57,Sample_S19S_0055_Wat,317.124227
69,Sample_S19S_0055_Wat,317.1394552
20,Sample_S19S_0055_Wat,317.1427951
43,Sample_S19S_0055_Wat,317.1606071
38,Sample_S19S_0055_Wat,317.1758589
26,Sample_S19S_0055_Wat,318.0255948
55,Sample_S19S_0055_Wat,318.0619419
21,Sample_S19S_0055_Wat,318.0831173
50,Sample_S19S_0055_Wat,318.0982984
30,Sample_S19S_0055_Wat,318.1194966
49,Sample_S19S_0055_Wat,318.134695
41,Sample_S19S_0055_Wat,319.009608
26,Sample_S19S_0055_Wat,319.0460069
11,Sample_S19S_0055_Wat,319.0493681
3,Sample_S19S_0055_Wat,319.0573003
46,Sample_S19S_0055_Wat,319.0670953
87,Sample_S19S_0055_Wat,319.0823624
53,Sample_S19S_0055_Wat,319.0857041
4,Sample_S19S_0055_Wat,319.0936659
45,Sample_S19S_0055_Wat,319.103481
92,Sample_S19S_0055_Wat,319.1187158
21,Sample_S19S_0055_Wat,319.1220501
61,Sample_S19S_0055_Wat,319.1551015
39,Sample_S19S_0055_Wat,319.1915149
52,Sample_S19S_0055_Wat,320.0412195
10,Sample_S19S_0055_Wat,320.0623999
51,Sample_S19S_0055_Wat,320.0776287
22,Sample_S19S_0055_Wat,320.0987676
27,Sample_S19S_0055_Wat,320.1140206
25,Sample_S19S_0055_Wat,320.1351354
7,Sample_S19S_0055_Wat,320.1715427
73,Sample_S19S_0055_Wat,321.0252313
28,Sample_S19S_0055_Wat,321.0438595
81,Sample_S19S_0055_Wat,321.0616406
25,Sample_S19S_0055_Wat,321.0649964
15,Sample_S19S_0055_Wat,321.0728956
11,Sample_S19S_0055_Wat,321.0801765
44,Sample_S19S_0055_Wat,321.0827529
47,Sample_S19S_0055_Wat,321.0980285
10,Sample_S19S_0055_Wat,321.1013887
7,Sample_S19S_0055_Wat,321.1093021
19,Sample_S19S_0055_Wat,321.1165866
22,Sample_S19S_0055_Wat,321.1191648
79,Sample_S19S_0055_Wat,321.1343949
3,Sample_S19S_0055_Wat,321.1530533
52,Sample_S19S_0055_Wat,321.1707672
24,Sample_S19S_0055_Wat,321.2071667
68,Sample_S19S_0055_Wat,322.0568903
73,Sample_S19S_0055_Wat,322.0932669
10,Sample_S19S_0055_Wat,322.1144282
50,Sample_S19S_0055_Wat,323.0044879
20,Sample_S19S_0055_Wat,323.0231329
81,Sample_S19S_0055_Wat,323.0408542
16,Sample_S19S_0055_Wat,323.0441903
10,Sample_S19S_0055_Wat,323.0521494
36,Sample_S19S_0055_Wat,323.0595051
111,Sample_S19S_0055_Wat,323.0772527
17,Sample_S19S_0055_Wat,323.0805863
33,Sample_S19S_0055_Wat,323.0884973
19,Sample_S19S_0055_Wat,323.0958413
47,Sample_S19S_0055_Wat,323.098376
63,Sample_S19S_0055_Wat,323.1136726
24,Sample_S19S_0055_Wat,323.1249109
22,Sample_S19S_0055_Wat,323.1322416
69,Sample_S19S_0055_Wat,323.1500462
7,Sample_S19S_0055_Wat,323.1686736
44,Sample_S19S_0055_Wat,323.1864241
53,Sample_S19S_0055_Wat,324.0361498
72,Sample_S19S_0055_Wat,324.0725027
69,Sample_S19S_0055_Wat,324.108871
39,Sample_S19S_0055_Wat,324.1453087
22,Sample_S19S_0055_Wat,325.0201894
31,Sample_S19S_0055_Wat,325.0387758
93,Sample_S19S_0055_Wat,325.0565425
16,Sample_S19S_0055_Wat,325.0598684
11,Sample_S19S_0055_Wat,325.0678176
42,Sample_S19S_0055_Wat,325.0751326
118,Sample_S19S_0055_Wat,325.0928926
33,Sample_S19S_0055_Wat,325.1041654
41,Sample_S19S_0055_Wat,325.111525
91,Sample_S19S_0055_Wat,325.1292996
10,Sample_S19S_0055_Wat,325.1326189
27,Sample_S19S_0055_Wat,325.1479013
48,Sample_S19S_0055_Wat,325.1657004
2,Sample_S19S_0055_Wat,325.1842438
53,Sample_S19S_0055_Wat,326.0518083
69,Sample_S19S_0055_Wat,326.0881656
9,Sample_S19S_0055_Wat,326.0994109
64,Sample_S19S_0055_Wat,326.1245662
14,Sample_S19S_0055_Wat,327.0180623
70,Sample_S19S_0055_Wat,327.035782
45,Sample_S19S_0055_Wat,327.0510536
20,Sample_S19S_0055_Wat,327.0543882
82,Sample_S19S_0055_Wat,327.0722018
31,Sample_S19S_0055_Wat,327.0834311
15,Sample_S19S_0055_Wat,327.0851879
57,Sample_S19S_0055_Wat,327.0874372
20,Sample_S19S_0055_Wat,327.090737
81,Sample_S19S_0055_Wat,327.1085831
8,Sample_S19S_0055_Wat,327.1198419
28,Sample_S19S_0055_Wat,327.1238447
25,Sample_S19S_0055_Wat,327.1271924
85,Sample_S19S_0055_Wat,327.1449492
6,Sample_S19S_0055_Wat,327.1636073
2,Sample_S19S_0055_Wat,327.2177565
53,Sample_S19S_0055_Wat,328.067419
73,Sample_S19S_0055_Wat,328.1037984
34,Sample_S19S_0055_Wat,328.140231
48,Sample_S19S_0055_Wat,329.0303285
44,Sample_S19S_0055_Wat,329.0336784
50,Sample_S19S_0055_Wat,329.0514722
32,Sample_S19S_0055_Wat,329.0667319
56,Sample_S19S_0055_Wat,329.0700573
109,Sample_S19S_0055_Wat,329.0878075
62,Sample_S19S_0055_Wat,329.1030905
51,Sample_S19S_0055_Wat,329.1064332
75,Sample_S19S_0055_Wat,329.1242163
1,Sample_S19S_0055_Wat,329.152419
33,Sample_S19S_0055_Wat,329.1758446
39,Sample_S19S_0055_Wat,330.0619755
29,Sample_S19S_0055_Wat,330.0831155
25,Sample_S19S_0055_Wat,330.0983753
54,Sample_S19S_0055_Wat,330.1194763
50,Sample_S19S_0055_Wat,331.0459941
45,Sample_S19S_0055_Wat,331.0493372
67,Sample_S19S_0055_Wat,331.0670688
71,Sample_S19S_0055_Wat,331.0823608
53,Sample_S19S_0055_Wat,331.0857029
2,Sample_S19S_0055_Wat,331.0937101
54,Sample_S19S_0055_Wat,331.1034998
78,Sample_S19S_0055_Wat,331.1187275
29,Sample_S19S_0055_Wat,331.122066
28,Sample_S19S_0055_Wat,331.1399002
16,Sample_S19S_0055_Wat,331.155166
44,Sample_S19S_0055_Wat,332.0412408
61,Sample_S19S_0055_Wat,332.0775831
4,Sample_S19S_0055_Wat,332.0888882
46,Sample_S19S_0055_Wat,332.0987468
48,Sample_S19S_0055_Wat,332.1139958
33,Sample_S19S_0055_Wat,332.1351167
31,Sample_S19S_0055_Wat,333.0252702
12,Sample_S19S_0055_Wat,333.0286322
36,Sample_S19S_0055_Wat,333.0463704
45,Sample_S19S_0055_Wat,333.0616512
7,Sample_S19S_0055_Wat,333.0650225
2,Sample_S19S_0055_Wat,333.0729806
43,Sample_S19S_0055_Wat,333.08277
90,Sample_S19S_0055_Wat,333.0980074
45,Sample_S19S_0055_Wat,333.1013488
3,Sample_S19S_0055_Wat,333.109335
11,Sample_S19S_0055_Wat,333.1191757
40,Sample_S19S_0055_Wat,333.1344131
38,Sample_S19S_0055_Wat,333.137741
33,Sample_S19S_0055_Wat,333.1707943
64,Sample_S19S_0055_Wat,334.0568812
20,Sample_S19S_0055_Wat,334.0780188
46,Sample_S19S_0055_Wat,334.0932769
18,Sample_S19S_0055_Wat,334.1144217
55,Sample_S19S_0055_Wat,335.0409093
14,Sample_S19S_0055_Wat,335.0442667
5,Sample_S19S_0055_Wat,335.0521847
94,Sample_S19S_0055_Wat,335.0772597
46,Sample_S19S_0055_Wat,335.0806299
11,Sample_S19S_0055_Wat,335.0958393
58,Sample_S19S_0055_Wat,335.1136067
6,Sample_S19S_0055_Wat,335.1169263
13,Sample_S19S_0055_Wat,335.124927
21,Sample_S19S_0055_Wat,335.1322424
76,Sample_S19S_0055_Wat,335.150042
24,Sample_S19S_0055_Wat,335.1711407
47,Sample_S19S_0055_Wat,335.1864245
25,Sample_S19S_0055_Wat,336.0361684
38,Sample_S19S_0055_Wat,336.0725571
69,Sample_S19S_0055_Wat,336.1089144
2,Sample_S19S_0055_Wat,336.1453517
62,Sample_S19S_0055_Wat,337.0201415
62,Sample_S19S_0055_Wat,337.0564852
23,Sample_S19S_0055_Wat,337.0677837
18,Sample_S19S_0055_Wat,337.0695448
11,Sample_S19S_0055_Wat,337.0750727
111,Sample_S19S_0055_Wat,337.0929176
17,Sample_S19S_0055_Wat,337.0962416
13,Sample_S19S_0055_Wat,337.1041904
25,Sample_S19S_0055_Wat,337.111496
111,Sample_S19S_0055_Wat,337.1292866
20,Sample_S19S_0055_Wat,337.1479222
71,Sample_S19S_0055_Wat,337.1656867
8,Sample_S19S_0055_Wat,337.2021218
17,Sample_S19S_0055_Wat,338.0518396
78,Sample_S19S_0055_Wat,338.0881798
53,Sample_S19S_0055_Wat,338.1245766
18,Sample_S19S_0055_Wat,338.160969
70,Sample_S19S_0055_Wat,339.0357996
7,Sample_S19S_0055_Wat,339.0543354
116,Sample_S19S_0055_Wat,339.0721726
10,Sample_S19S_0055_Wat,339.0834699
15,Sample_S19S_0055_Wat,339.0907316
122,Sample_S19S_0055_Wat,339.1085453
30,Sample_S19S_0055_Wat,339.1198231
31,Sample_S19S_0055_Wat,339.1271705
43,Sample_S19S_0055_Wat,339.1449816
20,Sample_S19S_0055_Wat,339.1635623
48,Sample_S19S_0055_Wat,339.1813533
6,Sample_S19S_0055_Wat,339.1999929
42,Sample_S19S_0055_Wat,340.0310651
25,Sample_S19S_0055_Wat,340.0674792
69,Sample_S19S_0055_Wat,340.1038147
57,Sample_S19S_0055_Wat,340.1401964
23,Sample_S19S_0055_Wat,341.0302897
16,Sample_S19S_0055_Wat,341.0336306
78,Sample_S19S_0055_Wat,341.0514621
35,Sample_S19S_0055_Wat,341.0667303
25,Sample_S19S_0055_Wat,341.0700215
119,Sample_S19S_0055_Wat,341.0878109
2,Sample_S19S_0055_Wat,341.0910268
25,Sample_S19S_0055_Wat,341.0990914
16,Sample_S19S_0055_Wat,341.100854
25,Sample_S19S_0055_Wat,341.1031062
26,Sample_S19S_0055_Wat,341.1064053
46,Sample_S19S_0055_Wat,341.12425
24,Sample_S19S_0055_Wat,341.1394885
35,Sample_S19S_0055_Wat,341.1428161
56,Sample_S19S_0055_Wat,341.1606173
4,Sample_S19S_0055_Wat,341.179252
41,Sample_S19S_0055_Wat,341.1969848
41,Sample_S19S_0055_Wat,342.0467143
17,Sample_S19S_0055_Wat,342.0619966
64,Sample_S19S_0055_Wat,342.0830768
55,Sample_S19S_0055_Wat,342.1194926
48,Sample_S19S_0055_Wat,342.155837
12,Sample_S19S_0055_Wat,343.0129774
55,Sample_S19S_0055_Wat,343.0307124
47,Sample_S19S_0055_Wat,343.0459579
19,Sample_S19S_0055_Wat,343.0492868
56,Sample_S19S_0055_Wat,343.067113
4,Sample_S19S_0055_Wat,343.0702855
20,Sample_S19S_0055_Wat,343.0823925
56,Sample_S19S_0055_Wat,343.0857039
109,Sample_S19S_0055_Wat,343.1034685
48,Sample_S19S_0055_Wat,343.1187422
42,Sample_S19S_0055_Wat,343.1220769
22,Sample_S19S_0055_Wat,343.1399075
35,Sample_S19S_0055_Wat,343.1551386
27,Sample_S19S_0055_Wat,343.1584698
46,Sample_S19S_0055_Wat,343.1762631
28,Sample_S19S_0055_Wat,344.0412523
1,Sample_S19S_0055_Wat,344.0446381
45,Sample_S19S_0055_Wat,344.0623517
49,Sample_S19S_0055_Wat,344.0775907
47,Sample_S19S_0055_Wat,344.0987606
54,Sample_S19S_0055_Wat,344.1139904
3,Sample_S19S_0055_Wat,344.1350437
16,Sample_S19S_0055_Wat,344.1715382
51,Sample_S19S_0055_Wat,345.0252491
32,Sample_S19S_0055_Wat,345.0286059
54,Sample_S19S_0055_Wat,345.0463327
68,Sample_S19S_0055_Wat,345.0616254
44,Sample_S19S_0055_Wat,345.0649742
58,Sample_S19S_0055_Wat,345.0827674
72,Sample_S19S_0055_Wat,345.0980089
41,Sample_S19S_0055_Wat,345.1013399
60,Sample_S19S_0055_Wat,345.1191373
23,Sample_S19S_0055_Wat,345.1344288
43,Sample_S19S_0055_Wat,345.1377389
38,Sample_S19S_0055_Wat,345.1555412
53,Sample_S19S_0055_Wat,345.170772
37,Sample_S19S_0055_Wat,346.0569005
37,Sample_S19S_0055_Wat,346.07802
56,Sample_S19S_0055_Wat,346.0932318
48,Sample_S19S_0055_Wat,346.1143644
47,Sample_S19S_0055_Wat,346.1296472
27,Sample_S19S_0055_Wat,346.1507606
68,Sample_S19S_0055_Wat,347.0408756
47,Sample_S19S_0055_Wat,347.0442381
39,Sample_S19S_0055_Wat,347.0620279
95,Sample_S19S_0055_Wat,347.0772564
26,Sample_S19S_0055_Wat,347.0805924
3,Sample_S19S_0055_Wat,347.0885951
27,Sample_S19S_0055_Wat,347.0903002
66,Sample_S19S_0055_Wat,347.0983726
45,Sample_S19S_0055_Wat,347.1136821
43,Sample_S19S_0055_Wat,347.1170036
30,Sample_S19S_0055_Wat,347.1348045
75,Sample_S19S_0055_Wat,347.1500262
15,Sample_S19S_0055_Wat,347.1864695
37,Sample_S19S_0055_Wat,348.0361356
33,Sample_S19S_0055_Wat,348.0725611
70,Sample_S19S_0055_Wat,348.1089104
14,Sample_S19S_0055_Wat,348.1300774
56,Sample_S19S_0055_Wat,348.1452906
57,Sample_S19S_0055_Wat,349.0201636
15,Sample_S19S_0055_Wat,349.0598406
85,Sample_S19S_0055_Wat,349.0929209
22,Sample_S19S_0055_Wat,349.0962266
6,Sample_S19S_0055_Wat,349.1042255
22,Sample_S19S_0055_Wat,349.1059291
91,Sample_S19S_0055_Wat,349.129303
8,Sample_S19S_0055_Wat,349.1325881
72,Sample_S19S_0055_Wat,349.1656793
15,Sample_S19S_0055_Wat,349.2021049
21,Sample_S19S_0055_Wat,350.0518357
80,Sample_S19S_0055_Wat,350.0881844
29,Sample_S19S_0055_Wat,350.1245924
72,Sample_S19S_0055_Wat,351.0357871
14,Sample_S19S_0055_Wat,351.0488144
3,Sample_S19S_0055_Wat,351.054245
81,Sample_S19S_0055_Wat,351.0721501
19,Sample_S19S_0055_Wat,351.075514
9,Sample_S19S_0055_Wat,351.090714
41,Sample_S19S_0055_Wat,351.0932965
55,Sample_S19S_0055_Wat,351.1085115
8,Sample_S19S_0055_Wat,351.1118012
15,Sample_S19S_0055_Wat,351.1198443
26,Sample_S19S_0055_Wat,351.121581
8,Sample_S19S_0055_Wat,351.1271127
54,Sample_S19S_0055_Wat,351.1449775
19,Sample_S19S_0055_Wat,351.1635528
51,Sample_S19S_0055_Wat,351.1813076
24,Sample_S19S_0055_Wat,351.2177372
33,Sample_S19S_0055_Wat,352.0674721
71,Sample_S19S_0055_Wat,352.1038206
38,Sample_S19S_0055_Wat,352.140233
53,Sample_S19S_0055_Wat,353.0150696
27,Sample_S19S_0055_Wat,353.0336695
54,Sample_S19S_0055_Wat,353.0514753
16,Sample_S19S_0055_Wat,353.0700048
115,Sample_S19S_0055_Wat,353.0878166
6,Sample_S19S_0055_Wat,353.0911135
18,Sample_S19S_0055_Wat,353.0990962
12,Sample_S19S_0055_Wat,353.1008561
8,Sample_S19S_0055_Wat,353.1063571
80,Sample_S19S_0055_Wat,353.124233
9,Sample_S19S_0055_Wat,353.1354923
28,Sample_S19S_0055_Wat,353.1428017
53,Sample_S19S_0055_Wat,353.1605629
13,Sample_S19S_0055_Wat,353.1791877
38,Sample_S19S_0055_Wat,353.1970034
48,Sample_S19S_0055_Wat,354.0467104
75,Sample_S19S_0055_Wat,354.0830704
10,Sample_S19S_0055_Wat,354.0942884
69,Sample_S19S_0055_Wat,354.1194893
55,Sample_S19S_0055_Wat,354.1558443
11,Sample_S19S_0055_Wat,355.0129751
55,Sample_S19S_0055_Wat,355.0306981
32,Sample_S19S_0055_Wat,355.0459559
13,Sample_S19S_0055_Wat,355.0492579
73,Sample_S19S_0055_Wat,355.0671162
3,Sample_S19S_0055_Wat,355.0784081
6,Sample_S19S_0055_Wat,355.0824171
18,Sample_S19S_0055_Wat,355.0856467
107,Sample_S19S_0055_Wat,355.1034699
42,Sample_S19S_0055_Wat,355.1147135
46,Sample_S19S_0055_Wat,355.1187368
16,Sample_S19S_0055_Wat,355.1220436
28,Sample_S19S_0055_Wat,355.1399086
22,Sample_S19S_0055_Wat,355.1584835
57,Sample_S19S_0055_Wat,355.1762476
11,Sample_S19S_0055_Wat,355.2126797
64,Sample_S19S_0055_Wat,356.0623586
49,Sample_S19S_0055_Wat,356.0776181
34,Sample_S19S_0055_Wat,356.0987693
57,Sample_S19S_0055_Wat,356.1350838
33,Sample_S19S_0055_Wat,356.1715182
29,Sample_S19S_0055_Wat,357.0251986
14,Sample_S19S_0055_Wat,357.028543
1,Sample_S19S_0055_Wat,357.0357541
54,Sample_S19S_0055_Wat,357.046323
54,Sample_S19S_0055_Wat,357.061636
16,Sample_S19S_0055_Wat,357.0649448
93,Sample_S19S_0055_Wat,357.0827228
2,Sample_S19S_0055_Wat,357.0858552
50,Sample_S19S_0055_Wat,357.0979761
14,Sample_S19S_0055_Wat,357.1012479
25,Sample_S19S_0055_Wat,357.1110353
103,Sample_S19S_0055_Wat,357.1191097
33,Sample_S19S_0055_Wat,357.134414
29,Sample_S19S_0055_Wat,357.1377249
76,Sample_S19S_0055_Wat,357.1554992
24,Sample_S19S_0055_Wat,357.1707355
39,Sample_S19S_0055_Wat,357.191896
51,Sample_S19S_0055_Wat,358.0568909
7,Sample_S19S_0055_Wat,358.0602729
55,Sample_S19S_0055_Wat,358.077999
52,Sample_S19S_0055_Wat,358.0932734
23,Sample_S19S_0055_Wat,358.1507103
19,Sample_S19S_0055_Wat,359.0409252
31,Sample_S19S_0055_Wat,359.0442657
61,Sample_S19S_0055_Wat,359.0619959
60,Sample_S19S_0055_Wat,359.077285
59,Sample_S19S_0055_Wat,359.0806207
38,Sample_S19S_0055_Wat,359.0984239
14,Sample_S19S_0055_Wat,359.1169502
56,Sample_S19S_0055_Wat,359.1347452
68,Sample_S19S_0055_Wat,359.1500213
45,Sample_S19S_0055_Wat,359.1711775
44,Sample_S19S_0055_Wat,359.1864203
44,Sample_S19S_0055_Wat,360.0361542
9,Sample_S19S_0055_Wat,360.0759181
35,Sample_S19S_0055_Wat,360.093678
53,Sample_S19S_0055_Wat,360.108919
7,Sample_S19S_0055_Wat,360.1219285
6,Sample_S19S_0055_Wat,360.1299489
27,Sample_S19S_0055_Wat,360.1664452
46,Sample_S19S_0055_Wat,361.0201475
54,Sample_S19S_0055_Wat,361.056505
24,Sample_S19S_0055_Wat,361.0598496
19,Sample_S19S_0055_Wat,361.069538
42,Sample_S19S_0055_Wat,361.077621
3,Sample_S19S_0055_Wat,361.0807807
78,Sample_S19S_0055_Wat,361.0929312
54,Sample_S19S_0055_Wat,361.0962708
50,Sample_S19S_0055_Wat,361.1140532
104,Sample_S19S_0055_Wat,361.1292859
6,Sample_S19S_0055_Wat,361.132556
33,Sample_S19S_0055_Wat,361.1423317
58,Sample_S19S_0055_Wat,361.1504109
48,Sample_S19S_0055_Wat,361.1657046
35,Sample_S19S_0055_Wat,361.2020508
5,Sample_S19S_0055_Wat,362.0648049
78,Sample_S19S_0055_Wat,362.0881611
19,Sample_S19S_0055_Wat,362.1093336
8,Sample_S19S_0055_Wat,362.1246138
47,Sample_S19S_0055_Wat,362.1609376
68,Sample_S19S_0055_Wat,363.0357881
11,Sample_S19S_0055_Wat,363.0543747
53,Sample_S19S_0055_Wat,363.0722122
32,Sample_S19S_0055_Wat,363.0755589
3,Sample_S19S_0055_Wat,363.0835367
30,Sample_S19S_0055_Wat,363.0932688
89,Sample_S19S_0055_Wat,363.108539
5,Sample_S19S_0055_Wat,363.1118361
22,Sample_S19S_0055_Wat,363.1215932
40,Sample_S19S_0055_Wat,363.1449786
29,Sample_S19S_0055_Wat,363.1812892
9,Sample_S19S_0055_Wat,363.1943423
43,Sample_S19S_0055_Wat,364.0310639
61,Sample_S19S_0055_Wat,364.0674047
20,Sample_S19S_0055_Wat,364.0885367
69,Sample_S19S_0055_Wat,364.1038292
72,Sample_S19S_0055_Wat,364.1401707
1,Sample_S19S_0055_Wat,364.2259804
52,Sample_S19S_0055_Wat,365.015069
26,Sample_S19S_0055_Wat,365.0513776
14,Sample_S19S_0055_Wat,365.0644569
100,Sample_S19S_0055_Wat,365.0878382
13,Sample_S19S_0055_Wat,365.0911348
7,Sample_S19S_0055_Wat,365.0991282
28,Sample_S19S_0055_Wat,365.1008669
51,Sample_S19S_0055_Wat,365.1241727
19,Sample_S19S_0055_Wat,365.137244
22,Sample_S19S_0055_Wat,365.1427874
27,Sample_S19S_0055_Wat,365.1606438
6,Sample_S19S_0055_Wat,365.1639128
43,Sample_S19S_0055_Wat,365.1969623
80,Sample_S19S_0055_Wat,366.0830912
76,Sample_S19S_0055_Wat,366.1194629
12,Sample_S19S_0055_Wat,366.1558943
57,Sample_S19S_0055_Wat,367.0306865
19,Sample_S19S_0055_Wat,367.0492837
97,Sample_S19S_0055_Wat,367.0671094
10,Sample_S19S_0055_Wat,367.0855977
116,Sample_S19S_0055_Wat,367.1034613
21,Sample_S19S_0055_Wat,367.1147643
18,Sample_S19S_0055_Wat,367.1165264
33,Sample_S19S_0055_Wat,367.1220623
13,Sample_S19S_0055_Wat,367.1399195
19,Sample_S19S_0055_Wat,367.1584369
54,Sample_S19S_0055_Wat,367.1762158
34,Sample_S19S_0055_Wat,367.2126519
23,Sample_S19S_0055_Wat,368.0623951
92,Sample_S19S_0055_Wat,368.0987097
64,Sample_S19S_0055_Wat,368.1351331
51,Sample_S19S_0055_Wat,368.1714856
10,Sample_S19S_0055_Wat,369.0285398
46,Sample_S19S_0055_Wat,369.0463181
8,Sample_S19S_0055_Wat,369.0648494
86,Sample_S19S_0055_Wat,369.0827443
2,Sample_S19S_0055_Wat,369.0858916
8,Sample_S19S_0055_Wat,369.1012127
26,Sample_S19S_0055_Wat,369.111039
29,Sample_S19S_0055_Wat,369.1190631
5,Sample_S19S_0055_Wat,369.1376674
71,Sample_S19S_0055_Wat,369.1555194
13,Sample_S19S_0055_Wat,369.1740825
17,Sample_S19S_0055_Wat,369.1837969
20,Sample_S19S_0055_Wat,369.1918398
61,Sample_S19S_0055_Wat,370.0779692
46,Sample_S19S_0055_Wat,370.1507341
23,Sample_S19S_0055_Wat,371.0255725
38,Sample_S19S_0055_Wat,371.0408802
14,Sample_S19S_0055_Wat,371.0441824
73,Sample_S19S_0055_Wat,371.0620102
12,Sample_S19S_0055_Wat,371.0805043
20,Sample_S19S_0055_Wat,371.0902981
49,Sample_S19S_0055_Wat,371.0983408
3,Sample_S19S_0055_Wat,371.1014586
49,Sample_S19S_0055_Wat,371.1136558
13,Sample_S19S_0055_Wat,371.1169082
62,Sample_S19S_0055_Wat,371.1347918
59,Sample_S19S_0055_Wat,371.1500297
24,Sample_S19S_0055_Wat,371.1533601
52,Sample_S19S_0055_Wat,371.171134
9,Sample_S19S_0055_Wat,371.2439257
30,Sample_S19S_0055_Wat,372.0361265
35,Sample_S19S_0055_Wat,372.0572277
49,Sample_S19S_0055_Wat,372.0725108
9,Sample_S19S_0055_Wat,372.0855522
61,Sample_S19S_0055_Wat,372.1300076
39,Sample_S19S_0055_Wat,372.1663973
25,Sample_S19S_0055_Wat,373.0201141
7,Sample_S19S_0055_Wat,373.0331394
41,Sample_S19S_0055_Wat,373.0412407
62,Sample_S19S_0055_Wat,373.0565482
30,Sample_S19S_0055_Wat,373.0599109
37,Sample_S19S_0055_Wat,373.0776886
48,Sample_S19S_0055_Wat,373.09294
34,Sample_S19S_0055_Wat,373.0962346
29,Sample_S19S_0055_Wat,373.1059583
63,Sample_S19S_0055_Wat,373.1140108
8,Sample_S19S_0055_Wat,373.1325699
20,Sample_S19S_0055_Wat,373.1504711
15,Sample_S19S_0055_Wat,373.1657318
37,Sample_S19S_0055_Wat,373.1867821
7,Sample_S19S_0055_Wat,374.0729636
2,Sample_S19S_0055_Wat,374.1011509
17,Sample_S19S_0055_Wat,374.1245961
47,Sample_S19S_0055_Wat,374.1456527
13,Sample_S19S_0055_Wat,374.1820296
24,Sample_S19S_0055_Wat,375.0358416
17,Sample_S19S_0055_Wat,375.0569615
71,Sample_S19S_0055_Wat,375.0721973
45,Sample_S19S_0055_Wat,375.0755416
27,Sample_S19S_0055_Wat,375.0852221
48,Sample_S19S_0055_Wat,375.0932745
14,Sample_S19S_0055_Wat,375.1118457
39,Sample_S19S_0055_Wat,375.1297066
1,Sample_S19S_0055_Wat,375.1329028
91,Sample_S19S_0055_Wat,375.1449442
6,Sample_S19S_0055_Wat,375.1481846
33,Sample_S19S_0055_Wat,375.1579842
21,Sample_S19S_0055_Wat,375.1660121
33,Sample_S19S_0055_Wat,375.1812892
19,Sample_S19S_0055_Wat,375.194367
25,Sample_S19S_0055_Wat,376.031082
58,Sample_S19S_0055_Wat,376.0674564
34,Sample_S19S_0055_Wat,376.1249335
31,Sample_S19S_0055_Wat,377.0150486
69,Sample_S19S_0055_Wat,377.0514538
32,Sample_S19S_0055_Wat,377.0548048
32,Sample_S19S_0055_Wat,377.0725712
64,Sample_S19S_0055_Wat,377.0877952
11,Sample_S19S_0055_Wat,377.0911145
20,Sample_S19S_0055_Wat,377.100823
10,Sample_S19S_0055_Wat,377.1088705
96,Sample_S19S_0055_Wat,377.1241915
8,Sample_S19S_0055_Wat,377.1274434
27,Sample_S19S_0055_Wat,377.1372608
2,Sample_S19S_0055_Wat,377.1526961
67,Sample_S19S_0055_Wat,377.1606102
21,Sample_S19S_0055_Wat,377.1735945
24,Sample_S19S_0055_Wat,377.1969233
21,Sample_S19S_0055_Wat,378.0466478
62,Sample_S19S_0055_Wat,378.0831073
86,Sample_S19S_0055_Wat,378.1194361
63,Sample_S19S_0055_Wat,378.1558494
57,Sample_S19S_0055_Wat,379.0307221
26,Sample_S19S_0055_Wat,379.0670295
10,Sample_S19S_0055_Wat,379.0703337
20,Sample_S19S_0055_Wat,379.0800689
2,Sample_S19S_0055_Wat,379.0854949
117,Sample_S19S_0055_Wat,379.1034645
9,Sample_S19S_0055_Wat,379.1067259
29,Sample_S19S_0055_Wat,379.1165229
99,Sample_S19S_0055_Wat,379.1398402
25,Sample_S19S_0055_Wat,379.1528588
3,Sample_S19S_0055_Wat,379.1583093
73,Sample_S19S_0055_Wat,379.1762343
28,Sample_S19S_0055_Wat,379.2126518
81,Sample_S19S_0055_Wat,380.0987084
88,Sample_S19S_0055_Wat,380.1350974
31,Sample_S19S_0055_Wat,380.1715321
66,Sample_S19S_0055_Wat,381.0463502
2,Sample_S19S_0055_Wat,381.0647709
32,Sample_S19S_0055_Wat,381.0826619
1,Sample_S19S_0055_Wat,381.0859046
40,Sample_S19S_0055_Wat,381.0939738
5,Sample_S19S_0055_Wat,381.1011448
109,Sample_S19S_0055_Wat,381.1191186
24,Sample_S19S_0055_Wat,381.1321708
9,Sample_S19S_0055_Wat,381.137641
91,Sample_S19S_0055_Wat,381.1555031
12,Sample_S19S_0055_Wat,381.1684945
4,Sample_S19S_0055_Wat,381.1739965
42,Sample_S19S_0055_Wat,381.1918695
68,Sample_S19S_0055_Wat,382.0779661
85,Sample_S19S_0055_Wat,382.1143936
20,Sample_S19S_0055_Wat,382.1507159
29,Sample_S19S_0055_Wat,383.0255766
8,Sample_S19S_0055_Wat,383.040804
2,Sample_S19S_0055_Wat,383.0440773
44,Sample_S19S_0055_Wat,383.0619616
44,Sample_S19S_0055_Wat,383.0772634
6,Sample_S19S_0055_Wat,383.0804294
107,Sample_S19S_0055_Wat,383.0983806
4,Sample_S19S_0055_Wat,383.1016255
22,Sample_S19S_0055_Wat,383.1095949
39,Sample_S19S_0055_Wat,383.1136188
7,Sample_S19S_0055_Wat,383.1168248
27,Sample_S19S_0055_Wat,383.1266887
35,Sample_S19S_0055_Wat,383.1347075
5,Sample_S19S_0055_Wat,383.1533024
43,Sample_S19S_0055_Wat,383.1711132
13,Sample_S19S_0055_Wat,383.1897381
42,Sample_S19S_0055_Wat,383.2075249
32,Sample_S19S_0055_Wat,384.0572385
64,Sample_S19S_0055_Wat,384.0936599
42,Sample_S19S_0055_Wat,384.1664077
11,Sample_S19S_0055_Wat,385.0201172
9,Sample_S19S_0055_Wat,385.0331631
26,Sample_S19S_0055_Wat,385.0412026
37,Sample_S19S_0055_Wat,385.0564963
5,Sample_S19S_0055_Wat,385.0597522
82,Sample_S19S_0055_Wat,385.0776412
59,Sample_S19S_0055_Wat,385.0929264
15,Sample_S19S_0055_Wat,385.0961706
39,Sample_S19S_0055_Wat,385.1139909
39,Sample_S19S_0055_Wat,385.1292595
5,Sample_S19S_0055_Wat,385.1324986
26,Sample_S19S_0055_Wat,385.1423072
41,Sample_S19S_0055_Wat,385.1503825
46,Sample_S19S_0055_Wat,385.1656784
22,Sample_S19S_0055_Wat,385.1690029
41,Sample_S19S_0055_Wat,385.1868285
10,Sample_S19S_0055_Wat,385.2231361
6,Sample_S19S_0055_Wat,386.0517072
43,Sample_S19S_0055_Wat,386.0728862
63,Sample_S19S_0055_Wat,386.1093009
45,Sample_S19S_0055_Wat,386.1820531
48,Sample_S19S_0055_Wat,387.0358113
32,Sample_S19S_0055_Wat,387.0391593
24,Sample_S19S_0055_Wat,387.0568488
19,Sample_S19S_0055_Wat,387.0721252
11,Sample_S19S_0055_Wat,387.075423
21,Sample_S19S_0055_Wat,387.0851909
34,Sample_S19S_0055_Wat,387.0932457
2,Sample_S19S_0055_Wat,387.0962706
83,Sample_S19S_0055_Wat,387.1085636
13,Sample_S19S_0055_Wat,387.1118261
90,Sample_S19S_0055_Wat,387.1296791
11,Sample_S19S_0055_Wat,387.1481778
24,Sample_S19S_0055_Wat,387.1579654
11,Sample_S19S_0055_Wat,387.1659841
29,Sample_S19S_0055_Wat,387.1812925
17,Sample_S19S_0055_Wat,387.19436
7,Sample_S19S_0055_Wat,388.0309868
68,Sample_S19S_0055_Wat,388.0674506
5,Sample_S19S_0055_Wat,388.0708456
9,Sample_S19S_0055_Wat,388.080429
49,Sample_S19S_0055_Wat,388.1037783
3,Sample_S19S_0055_Wat,388.1167563
54,Sample_S19S_0055_Wat,388.1249219
26,Sample_S19S_0055_Wat,389.0150297
44,Sample_S19S_0055_Wat,389.051417
6,Sample_S19S_0055_Wat,389.054731
14,Sample_S19S_0055_Wat,389.0644457
21,Sample_S19S_0055_Wat,389.0724972
79,Sample_S19S_0055_Wat,389.0878118
16,Sample_S19S_0055_Wat,389.0911204
25,Sample_S19S_0055_Wat,389.1008827
37,Sample_S19S_0055_Wat,389.108981
2,Sample_S19S_0055_Wat,389.1120281
96,Sample_S19S_0055_Wat,389.1242045
11,Sample_S19S_0055_Wat,389.1274498
24,Sample_S19S_0055_Wat,389.1372295
15,Sample_S19S_0055_Wat,389.1452618
32,Sample_S19S_0055_Wat,389.1605387
25,Sample_S19S_0055_Wat,389.1736085
51,Sample_S19S_0055_Wat,389.1969883
32,Sample_S19S_0055_Wat,390.0466839
81,Sample_S19S_0055_Wat,390.083092
27,Sample_S19S_0055_Wat,391.0307447
48,Sample_S19S_0055_Wat,391.0670531
14,Sample_S19S_0055_Wat,391.070384
16,Sample_S19S_0055_Wat,391.0881255
51,Sample_S19S_0055_Wat,391.1034381
6,Sample_S19S_0055_Wat,391.1066925
2,Sample_S19S_0055_Wat,391.1319638
52,Sample_S19S_0055_Wat,391.1398852
8,Sample_S19S_0055_Wat,391.1430378
19,Sample_S19S_0055_Wat,391.1528412
40,Sample_S19S_0055_Wat,391.1762035
13,Sample_S19S_0055_Wat,391.1892281
37,Sample_S19S_0055_Wat,391.212612
51,Sample_S19S_0055_Wat,392.06231
83,Sample_S19S_0055_Wat,392.098752
28,Sample_S19S_0055_Wat,392.1198706
72,Sample_S19S_0055_Wat,392.1351125
43,Sample_S19S_0055_Wat,393.0463154
10,Sample_S19S_0055_Wat,393.0593644
81,Sample_S19S_0055_Wat,393.0827628
12,Sample_S19S_0055_Wat,393.0860569
95,Sample_S19S_0055_Wat,393.1191285
20,Sample_S19S_0055_Wat,393.1321265
2,Sample_S19S_0055_Wat,393.1475032
49,Sample_S19S_0055_Wat,393.1554711
20,Sample_S19S_0055_Wat,393.1685262
23,Sample_S19S_0055_Wat,393.1919402
11,Sample_S19S_0055_Wat,393.2130193
13,Sample_S19S_0055_Wat,393.2282185
33,Sample_S19S_0055_Wat,394.0415806
45,Sample_S19S_0055_Wat,394.078026
52,Sample_S19S_0055_Wat,394.1144108
29,Sample_S19S_0055_Wat,395.0255818
57,Sample_S19S_0055_Wat,395.0619708
24,Sample_S19S_0055_Wat,395.0805847
9,Sample_S19S_0055_Wat,395.0830853
54,Sample_S19S_0055_Wat,395.0984243
14,Sample_S19S_0055_Wat,395.116912
122,Sample_S19S_0055_Wat,395.1347697
18,Sample_S19S_0055_Wat,395.1477706
55,Sample_S19S_0055_Wat,395.171191
16,Sample_S19S_0055_Wat,395.2075813
70,Sample_S19S_0055_Wat,396.0936653
46,Sample_S19S_0055_Wat,396.13006
65,Sample_S19S_0055_Wat,396.1664019
6,Sample_S19S_0055_Wat,397.0200883
42,Sample_S19S_0055_Wat,397.0412485
8,Sample_S19S_0055_Wat,397.0597441
31,Sample_S19S_0055_Wat,397.0775828
4,Sample_S19S_0055_Wat,397.0960818
20,Sample_S19S_0055_Wat,397.1059758
73,Sample_S19S_0055_Wat,397.1140135
47,Sample_S19S_0055_Wat,397.1252995
5,Sample_S19S_0055_Wat,397.1293597
7,Sample_S19S_0055_Wat,397.1325142
90,Sample_S19S_0055_Wat,397.1504225
5,Sample_S19S_0055_Wat,397.1689524
30,Sample_S19S_0055_Wat,397.1867602
59,Sample_S19S_0055_Wat,398.0729329
7,Sample_S19S_0055_Wat,398.1011943
74,Sample_S19S_0055_Wat,398.1456531
46,Sample_S19S_0055_Wat,398.182038
15,Sample_S19S_0055_Wat,398.9994202
9,Sample_S19S_0055_Wat,399.0356696
10,Sample_S19S_0055_Wat,399.0488349
18,Sample_S19S_0055_Wat,399.0568344
33,Sample_S19S_0055_Wat,399.0721389
9,Sample_S19S_0055_Wat,399.0753668
25,Sample_S19S_0055_Wat,399.085227
67,Sample_S19S_0055_Wat,399.0932727
21,Sample_S19S_0055_Wat,399.1086044
12,Sample_S19S_0055_Wat,399.1117451
65,Sample_S19S_0055_Wat,399.1296635
45,Sample_S19S_0055_Wat,399.1449193
4,Sample_S19S_0055_Wat,399.1480952
14,Sample_S19S_0055_Wat,399.1579458
4,Sample_S19S_0055_Wat,399.1659287
5,Sample_S19S_0055_Wat,399.1845539
18,Sample_S19S_0055_Wat,399.1943775
41,Sample_S19S_0055_Wat,399.2024375
22,Sample_S19S_0055_Wat,400.0674729
40,Sample_S19S_0055_Wat,400.1037744
5,Sample_S19S_0055_Wat,400.1167843
43,Sample_S19S_0055_Wat,400.1249077
53,Sample_S19S_0055_Wat,401.0514549
20,Sample_S19S_0055_Wat,401.0547584
14,Sample_S19S_0055_Wat,401.0644945
26,Sample_S19S_0055_Wat,401.0725084
64,Sample_S19S_0055_Wat,401.0878209
14,Sample_S19S_0055_Wat,401.0910681
62,Sample_S19S_0055_Wat,401.1089631
2,Sample_S19S_0055_Wat,401.1119991
11,Sample_S19S_0055_Wat,401.1273966
68,Sample_S19S_0055_Wat,401.1453284
62,Sample_S19S_0055_Wat,401.1605804
21,Sample_S19S_0055_Wat,401.1736033
16,Sample_S19S_0055_Wat,401.1816514
18,Sample_S19S_0055_Wat,401.1969344
19,Sample_S19S_0055_Wat,401.2100146
25,Sample_S19S_0055_Wat,402.0466811
17,Sample_S19S_0055_Wat,402.0831391
6,Sample_S19S_0055_Wat,402.1042761
11,Sample_S19S_0055_Wat,402.1195259
38,Sample_S19S_0055_Wat,402.1405573
12,Sample_S19S_0055_Wat,403.0305846
10,Sample_S19S_0055_Wat,403.0437271
21,Sample_S19S_0055_Wat,403.0517845
71,Sample_S19S_0055_Wat,403.0671122
21,Sample_S19S_0055_Wat,403.0704072
59,Sample_S19S_0055_Wat,403.0881974
3,Sample_S19S_0055_Wat,403.0913079
68,Sample_S19S_0055_Wat,403.1034476
6,Sample_S19S_0055_Wat,403.1066431
22,Sample_S19S_0055_Wat,403.1164656
19,Sample_S19S_0055_Wat,403.1245163
85,Sample_S19S_0055_Wat,403.1398463
30,Sample_S19S_0055_Wat,403.1529106
28,Sample_S19S_0055_Wat,403.1609357
31,Sample_S19S_0055_Wat,403.1762826
37,Sample_S19S_0055_Wat,403.2126282
71,Sample_S19S_0055_Wat,404.0623618
31,Sample_S19S_0055_Wat,404.0834492
80,Sample_S19S_0055_Wat,404.1351085
10,Sample_S19S_0055_Wat,405.0098791
58,Sample_S19S_0055_Wat,405.0463718
13,Sample_S19S_0055_Wat,405.0496661
50,Sample_S19S_0055_Wat,405.0827082
9,Sample_S19S_0055_Wat,405.0859264
6,Sample_S19S_0055_Wat,405.103722
33,Sample_S19S_0055_Wat,405.1190623
2,Sample_S19S_0055_Wat,405.1221627
28,Sample_S19S_0055_Wat,405.1321292
11,Sample_S19S_0055_Wat,405.1401404
51,Sample_S19S_0055_Wat,405.1555362
28,Sample_S19S_0055_Wat,405.1685606
42,Sample_S19S_0055_Wat,405.1918632
6,Sample_S19S_0055_Wat,405.2048711
13,Sample_S19S_0055_Wat,405.2282192
24,Sample_S19S_0055_Wat,406.041642
10,Sample_S19S_0055_Wat,406.0990792
84,Sample_S19S_0055_Wat,406.1143545
23,Sample_S19S_0055_Wat,407.0255705
63,Sample_S19S_0055_Wat,407.0620299
3,Sample_S19S_0055_Wat,407.0652661
96,Sample_S19S_0055_Wat,407.0983755
16,Sample_S19S_0055_Wat,407.1113661
3,Sample_S19S_0055_Wat,407.1167921
83,Sample_S19S_0055_Wat,407.1347505
24,Sample_S19S_0055_Wat,407.1477958
1,Sample_S19S_0055_Wat,407.1632455
11,Sample_S19S_0055_Wat,407.1712237
19,Sample_S19S_0055_Wat,407.2075913
7,Sample_S19S_0055_Wat,407.2205546
77,Sample_S19S_0055_Wat,408.0936661
97,Sample_S19S_0055_Wat,408.1300077
29,Sample_S19S_0055_Wat,409.0412228
27,Sample_S19S_0055_Wat,409.07757
1,Sample_S19S_0055_Wat,409.0985818
95,Sample_S19S_0055_Wat,409.1140221
8,Sample_S19S_0055_Wat,409.1325189
98,Sample_S19S_0055_Wat,409.1504235
7,Sample_S19S_0055_Wat,409.1633923
12,Sample_S19S_0055_Wat,409.1787026
18,Sample_S19S_0055_Wat,409.1867344
41,Sample_S19S_0055_Wat,409.2231724
59,Sample_S19S_0055_Wat,410.0729191
21,Sample_S19S_0055_Wat,410.1092388
73,Sample_S19S_0055_Wat,410.1456867
22,Sample_S19S_0055_Wat,411.0568579
9,Sample_S19S_0055_Wat,411.0754405
78,Sample_S19S_0055_Wat,411.0933142
88,Sample_S19S_0055_Wat,411.1296933
10,Sample_S19S_0055_Wat,411.1482057
30,Sample_S19S_0055_Wat,411.1579879
51,Sample_S19S_0055_Wat,411.1660419
3,Sample_S19S_0055_Wat,411.2022993
20,Sample_S19S_0055_Wat,412.0521769
45,Sample_S19S_0055_Wat,412.0885256
68,Sample_S19S_0055_Wat,412.1249118
27,Sample_S19S_0055_Wat,413.0361429
4,Sample_S19S_0055_Wat,413.0513424
5,Sample_S19S_0055_Wat,413.0546664
14,Sample_S19S_0055_Wat,413.06446
9,Sample_S19S_0055_Wat,413.072442
38,Sample_S19S_0055_Wat,413.087795
9,Sample_S19S_0055_Wat,413.0910377
26,Sample_S19S_0055_Wat,413.1008794
81,Sample_S19S_0055_Wat,413.1089345
60,Sample_S19S_0055_Wat,413.12421
7,Sample_S19S_0055_Wat,413.127421
18,Sample_S19S_0055_Wat,413.1372735
26,Sample_S19S_0055_Wat,413.1452768
5,Sample_S19S_0055_Wat,413.1605228
5,Sample_S19S_0055_Wat,413.1637843
23,Sample_S19S_0055_Wat,413.1736056
14,Sample_S19S_0055_Wat,413.1816156
16,Sample_S19S_0055_Wat,413.2100122
19,Sample_S19S_0055_Wat,413.2180661
21,Sample_S19S_0055_Wat,414.0831299
12,Sample_S19S_0055_Wat,414.1194124
21,Sample_S19S_0055_Wat,415.0306688
6,Sample_S19S_0055_Wat,415.0671726
12,Sample_S19S_0055_Wat,415.080159
59,Sample_S19S_0055_Wat,415.0881916
2,Sample_S19S_0055_Wat,415.0912805
63,Sample_S19S_0055_Wat,415.1034568
8,Sample_S19S_0055_Wat,415.1066895
20,Sample_S19S_0055_Wat,415.1164835
36,Sample_S19S_0055_Wat,415.1245406
7,Sample_S19S_0055_Wat,415.1430564
21,Sample_S19S_0055_Wat,415.1529316
57,Sample_S19S_0055_Wat,415.1609859
9,Sample_S19S_0055_Wat,415.1763155
20,Sample_S19S_0055_Wat,415.1795937
32,Sample_S19S_0055_Wat,415.1973464
33,Sample_S19S_0055_Wat,416.0623295
6,Sample_S19S_0055_Wat,416.0986591
6,Sample_S19S_0055_Wat,416.1115895
15,Sample_S19S_0055_Wat,416.1925804
34,Sample_S19S_0055_Wat,417.0463346
11,Sample_S19S_0055_Wat,417.0496555
13,Sample_S19S_0055_Wat,417.0593749
19,Sample_S19S_0055_Wat,417.0674105
24,Sample_S19S_0055_Wat,417.0826722
21,Sample_S19S_0055_Wat,417.0957124
23,Sample_S19S_0055_Wat,417.1037889
77,Sample_S19S_0055_Wat,417.1191101
10,Sample_S19S_0055_Wat,417.1223013
37,Sample_S19S_0055_Wat,417.1321667
40,Sample_S19S_0055_Wat,417.1402188
75,Sample_S19S_0055_Wat,417.1555165
40,Sample_S19S_0055_Wat,417.1685514
12,Sample_S19S_0055_Wat,417.1765666
2,Sample_S19S_0055_Wat,417.1951164
4,Sample_S19S_0055_Wat,417.2048604
14,Sample_S19S_0055_Wat,418.0416648
51,Sample_S19S_0055_Wat,418.0779721
22,Sample_S19S_0055_Wat,418.1144292
2,Sample_S19S_0055_Wat,418.1508546
26,Sample_S19S_0055_Wat,419.0256123
39,Sample_S19S_0055_Wat,419.0619721
10,Sample_S19S_0055_Wat,419.0652534
9,Sample_S19S_0055_Wat,419.0829959
14,Sample_S19S_0055_Wat,419.0982983
3,Sample_S19S_0055_Wat,419.1015327
8,Sample_S19S_0055_Wat,419.1113471
9,Sample_S19S_0055_Wat,419.1194106
94,Sample_S19S_0055_Wat,419.1347745
5,Sample_S19S_0055_Wat,419.1379181
23,Sample_S19S_0055_Wat,419.1478319
45,Sample_S19S_0055_Wat,419.1711927
29,Sample_S19S_0055_Wat,419.1842051
44,Sample_S19S_0055_Wat,419.207525
47,Sample_S19S_0055_Wat,420.0572817
43,Sample_S19S_0055_Wat,421.0412704
21,Sample_S19S_0055_Wat,421.0777047
102,Sample_S19S_0055_Wat,421.1140346
18,Sample_S19S_0055_Wat,421.1270174
2,Sample_S19S_0055_Wat,421.1424748
90,Sample_S19S_0055_Wat,421.1504292
1,Sample_S19S_0055_Wat,421.1552081
24,Sample_S19S_0055_Wat,421.1634511
23,Sample_S19S_0055_Wat,421.1868654
4,Sample_S19S_0055_Wat,421.2232692
4,Sample_S19S_0055_Wat,422.0364426
54,Sample_S19S_0055_Wat,422.0728802
37,Sample_S19S_0055_Wat,422.1093338
52,Sample_S19S_0055_Wat,423.0569089
29,Sample_S19S_0055_Wat,423.093231
6,Sample_S19S_0055_Wat,423.1117609
109,Sample_S19S_0055_Wat,423.1296813
3,Sample_S19S_0055_Wat,423.1327812
13,Sample_S19S_0055_Wat,423.1426961
35,Sample_S19S_0055_Wat,423.1661225
16,Sample_S19S_0055_Wat,423.179095
56,Sample_S19S_0055_Wat,423.2024382
13,Sample_S19S_0055_Wat,424.0522173
1,Sample_S19S_0055_Wat,424.0886497
52,Sample_S19S_0055_Wat,424.1249783
2,Sample_S19S_0055_Wat,424.1978108
41,Sample_S19S_0055_Wat,425.0361852
14,Sample_S19S_0055_Wat,425.0838582
10,Sample_S19S_0055_Wat,425.091008
16,Sample_S19S_0055_Wat,425.1008972
55,Sample_S19S_0055_Wat,425.1089252
7,Sample_S19S_0055_Wat,425.1120366
12,Sample_S19S_0055_Wat,425.127471
19,Sample_S19S_0055_Wat,425.1453873
10,Sample_S19S_0055_Wat,425.1638972
53,Sample_S19S_0055_Wat,425.1816982
12,Sample_S19S_0055_Wat,425.2100538
77,Sample_S19S_0055_Wat,426.1405881
66,Sample_S19S_0055_Wat,426.1769689
10,Sample_S19S_0055_Wat,427.0307487
16,Sample_S19S_0055_Wat,427.0518808
11,Sample_S19S_0055_Wat,427.0801714
43,Sample_S19S_0055_Wat,427.088175
37,Sample_S19S_0055_Wat,427.1035014
6,Sample_S19S_0055_Wat,427.106705
18,Sample_S19S_0055_Wat,427.1165345
78,Sample_S19S_0055_Wat,427.1245871
14,Sample_S19S_0055_Wat,427.1431663
4,Sample_S19S_0055_Wat,427.1610597
1,Sample_S19S_0055_Wat,427.1763557
29,Sample_S19S_0055_Wat,427.1796099
35,Sample_S19S_0055_Wat,427.1973395
55,Sample_S19S_0055_Wat,428.0987544
39,Sample_S19S_0055_Wat,428.1562791
12,Sample_S19S_0055_Wat,428.1925676
28,Sample_S19S_0055_Wat,429.0463286
43,Sample_S19S_0055_Wat,429.067488
1,Sample_S19S_0055_Wat,429.0829209
18,Sample_S19S_0055_Wat,429.0861392
10,Sample_S19S_0055_Wat,429.1039457
1,Sample_S19S_0055_Wat,429.1192381
65,Sample_S19S_0055_Wat,429.1402424
24,Sample_S19S_0055_Wat,429.1555582
6,Sample_S19S_0055_Wat,429.1587517
32,Sample_S19S_0055_Wat,429.1685491
25,Sample_S19S_0055_Wat,429.1765924
48,Sample_S19S_0055_Wat,429.1919036
25,Sample_S19S_0055_Wat,429.2129876
19,Sample_S19S_0055_Wat,430.0416122
14,Sample_S19S_0055_Wat,430.0780537
8,Sample_S19S_0055_Wat,430.0909545
34,Sample_S19S_0055_Wat,430.0991542
75,Sample_S19S_0055_Wat,430.1143962
7,Sample_S19S_0055_Wat,430.1273505
53,Sample_S19S_0055_Wat,430.1354817
12,Sample_S19S_0055_Wat,430.2083192
19,Sample_S19S_0055_Wat,431.0256563
6,Sample_S19S_0055_Wat,431.04681
61,Sample_S19S_0055_Wat,431.0620177
8,Sample_S19S_0055_Wat,431.0653523
42,Sample_S19S_0055_Wat,431.083125
70,Sample_S19S_0055_Wat,431.098388
10,Sample_S19S_0055_Wat,431.1016424
17,Sample_S19S_0055_Wat,431.1113826
32,Sample_S19S_0055_Wat,431.1347291
28,Sample_S19S_0055_Wat,431.1477957
23,Sample_S19S_0055_Wat,431.1558407
35,Sample_S19S_0055_Wat,431.1711879
5,Sample_S19S_0055_Wat,431.1744536
19,Sample_S19S_0055_Wat,431.1922364
18,Sample_S19S_0055_Wat,431.2076023
5,Sample_S19S_0055_Wat,431.2206124
8,Sample_S19S_0055_Wat,432.0573233
21,Sample_S19S_0055_Wat,432.078404
86,Sample_S19S_0055_Wat,432.093661
83,Sample_S19S_0055_Wat,432.1300404
2,Sample_S19S_0055_Wat,432.1665051
3,Sample_S19S_0055_Wat,432.1876103
4,Sample_S19S_0055_Wat,433.0543356
69,Sample_S19S_0055_Wat,433.077665
15,Sample_S19S_0055_Wat,433.0906617
12,Sample_S19S_0055_Wat,433.0986887
27,Sample_S19S_0055_Wat,433.1139658
2,Sample_S19S_0055_Wat,433.1171258
5,Sample_S19S_0055_Wat,433.1269982
4,Sample_S19S_0055_Wat,433.13501
33,Sample_S19S_0055_Wat,433.1503758
28,Sample_S19S_0055_Wat,433.1634586
38,Sample_S19S_0055_Wat,433.1868494
13,Sample_S19S_0055_Wat,433.1998888
10,Sample_S19S_0055_Wat,434.072975
23,Sample_S19S_0055_Wat,434.1093421
42,Sample_S19S_0055_Wat,435.0569041
17,Sample_S19S_0055_Wat,435.0698968
76,Sample_S19S_0055_Wat,435.093324
8,Sample_S19S_0055_Wat,435.0964958
19,Sample_S19S_0055_Wat,435.1062764
34,Sample_S19S_0055_Wat,435.1296329
2,Sample_S19S_0055_Wat,435.1326997
4,Sample_S19S_0055_Wat,435.1426364
1,Sample_S19S_0055_Wat,435.160379
25,Sample_S19S_0055_Wat,435.1659973
19,Sample_S19S_0055_Wat,435.1790631
61,Sample_S19S_0055_Wat,435.2024665
8,Sample_S19S_0055_Wat,435.238903
18,Sample_S19S_0055_Wat,436.0521427
27,Sample_S19S_0055_Wat,436.0886111
8,Sample_S19S_0055_Wat,436.1250197
31,Sample_S19S_0055_Wat,437.0361523
23,Sample_S19S_0055_Wat,437.072483
26,Sample_S19S_0055_Wat,437.1088959
61,Sample_S19S_0055_Wat,437.1453651
21,Sample_S19S_0055_Wat,437.158378
1,Sample_S19S_0055_Wat,437.1737814
55,Sample_S19S_0055_Wat,437.1817485
9,Sample_S19S_0055_Wat,437.1946984
12,Sample_S19S_0055_Wat,437.2100538
9,Sample_S19S_0055_Wat,437.2180272
16,Sample_S19S_0055_Wat,438.0678822
79,Sample_S19S_0055_Wat,438.1405683
15,Sample_S19S_0055_Wat,439.051737
71,Sample_S19S_0055_Wat,439.0882098
4,Sample_S19S_0055_Wat,439.1092047
87,Sample_S19S_0055_Wat,439.1246064
14,Sample_S19S_0055_Wat,439.1431598
18,Sample_S19S_0055_Wat,439.1529344
36,Sample_S19S_0055_Wat,439.1609425
25,Sample_S19S_0055_Wat,439.1892886
21,Sample_S19S_0055_Wat,439.1973056
15,Sample_S19S_0055_Wat,439.2256709
31,Sample_S19S_0055_Wat,439.23374
42,Sample_S19S_0055_Wat,440.0834468
38,Sample_S19S_0055_Wat,440.1198163
14,Sample_S19S_0055_Wat,441.0310268
10,Sample_S19S_0055_Wat,441.0462365
35,Sample_S19S_0055_Wat,441.0674409
35,Sample_S19S_0055_Wat,441.0827166
15,Sample_S19S_0055_Wat,441.0860426
36,Sample_S19S_0055_Wat,441.1039049
56,Sample_S19S_0055_Wat,441.1402285
10,Sample_S19S_0055_Wat,441.1554489
18,Sample_S19S_0055_Wat,441.168514
22,Sample_S19S_0055_Wat,441.1765589
14,Sample_S19S_0055_Wat,441.2049192
14,Sample_S19S_0055_Wat,441.2129575
13,Sample_S19S_0055_Wat,442.0779366
11,Sample_S19S_0055_Wat,442.0990637
22,Sample_S19S_0055_Wat,442.135461
13,Sample_S19S_0055_Wat,443.0255061
18,Sample_S19S_0055_Wat,443.0466588
14,Sample_S19S_0055_Wat,443.061884
3,Sample_S19S_0055_Wat,443.0652174
15,Sample_S19S_0055_Wat,443.0749837
33,Sample_S19S_0055_Wat,443.0830557
39,Sample_S19S_0055_Wat,443.0984287
12,Sample_S19S_0055_Wat,443.1016577
19,Sample_S19S_0055_Wat,443.1114516
67,Sample_S19S_0055_Wat,443.119518
5,Sample_S19S_0055_Wat,443.1348538
11,Sample_S19S_0055_Wat,443.1380667
21,Sample_S19S_0055_Wat,443.1478565
56,Sample_S19S_0055_Wat,443.1558944
29,Sample_S19S_0055_Wat,443.1711201
25,Sample_S19S_0055_Wat,443.1841796
15,Sample_S19S_0055_Wat,443.1922057
10,Sample_S19S_0055_Wat,443.2205255
39,Sample_S19S_0055_Wat,444.0572726
24,Sample_S19S_0055_Wat,444.093696
14,Sample_S19S_0055_Wat,444.1299715
35,Sample_S19S_0055_Wat,445.0412697
5,Sample_S19S_0055_Wat,445.054308
32,Sample_S19S_0055_Wat,445.0623769
38,Sample_S19S_0055_Wat,445.0776178
13,Sample_S19S_0055_Wat,445.0986624
4,Sample_S19S_0055_Wat,445.1083593
16,Sample_S19S_0055_Wat,445.1139537
21,Sample_S19S_0055_Wat,445.127011
10,Sample_S19S_0055_Wat,445.1350548
36,Sample_S19S_0055_Wat,445.1503907
35,Sample_S19S_0055_Wat,445.1634705
45,Sample_S19S_0055_Wat,445.1715289
43,Sample_S19S_0055_Wat,445.1868428
40,Sample_S19S_0055_Wat,445.223207
19,Sample_S19S_0055_Wat,446.0728598
52,Sample_S19S_0055_Wat,446.1092739
35,Sample_S19S_0055_Wat,446.1457127
7,Sample_S19S_0055_Wat,447.056785
6,Sample_S19S_0055_Wat,447.0698296
16,Sample_S19S_0055_Wat,447.09323
18,Sample_S19S_0055_Wat,447.114388
80,Sample_S19S_0055_Wat,447.1297048
28,Sample_S19S_0055_Wat,447.1427418
77,Sample_S19S_0055_Wat,447.1660641
25,Sample_S19S_0055_Wat,447.179104
13,Sample_S19S_0055_Wat,447.2023724
3,Sample_S19S_0055_Wat,447.2154152
5,Sample_S19S_0055_Wat,448.0520882
67,Sample_S19S_0055_Wat,448.088573
22,Sample_S19S_0055_Wat,448.1096972
13,Sample_S19S_0055_Wat,449.0360637
22,Sample_S19S_0055_Wat,449.0724952
93,Sample_S19S_0055_Wat,449.1089599
21,Sample_S19S_0055_Wat,449.1219859
80,Sample_S19S_0055_Wat,449.1453221
27,Sample_S19S_0055_Wat,449.1583358
27,Sample_S19S_0055_Wat,449.1816462
5,Sample_S19S_0055_Wat,449.1946593
12,Sample_S19S_0055_Wat,449.2180299
14,Sample_S19S_0055_Wat,451.0517204
39,Sample_S19S_0055_Wat,451.0881744
66,Sample_S19S_0055_Wat,451.124616
18,Sample_S19S_0055_Wat,451.1376081
2,Sample_S19S_0055_Wat,451.1530256
39,Sample_S19S_0055_Wat,451.1609528
9,Sample_S19S_0055_Wat,451.1739524
11,Sample_S19S_0055_Wat,451.189303
5,Sample_S19S_0055_Wat,451.1972791
11,Sample_S19S_0055_Wat,451.2336787
1,Sample_S19S_0055_Wat,451.2548993
41,Sample_S19S_0055_Wat,452.0834394
20,Sample_S19S_0055_Wat,452.1199139
17,Sample_S19S_0055_Wat,453.0310814
24,Sample_S19S_0055_Wat,453.0673983
11,Sample_S19S_0055_Wat,453.0957146
16,Sample_S19S_0055_Wat,453.1037558
15,Sample_S19S_0055_Wat,453.1321972
45,Sample_S19S_0055_Wat,453.140211
10,Sample_S19S_0055_Wat,453.1532352
9,Sample_S19S_0055_Wat,453.1587585
2,Sample_S19S_0055_Wat,453.1686448
73,Sample_S19S_0055_Wat,453.1766436
14,Sample_S19S_0055_Wat,453.1896338
19,Sample_S19S_0055_Wat,453.2049759
33,Sample_S19S_0055_Wat,454.0627542
9,Sample_S19S_0055_Wat,455.025566
34,Sample_S19S_0055_Wat,455.0467468
35,Sample_S19S_0055_Wat,455.0620251
12,Sample_S19S_0055_Wat,455.0750667
47,Sample_S19S_0055_Wat,455.0831528
42,Sample_S19S_0055_Wat,455.0984121
16,Sample_S19S_0055_Wat,455.111472
37,Sample_S19S_0055_Wat,455.1194736
10,Sample_S19S_0055_Wat,455.1380162
20,Sample_S19S_0055_Wat,455.14777
15,Sample_S19S_0055_Wat,455.1558023
18,Sample_S19S_0055_Wat,455.1841535
13,Sample_S19S_0055_Wat,455.1921775
22,Sample_S19S_0055_Wat,455.2205892
2,Sample_S19S_0055_Wat,456.1065963
30,Sample_S19S_0055_Wat,456.129991
27,Sample_S19S_0055_Wat,457.0412916
31,Sample_S19S_0055_Wat,457.0624071
18,Sample_S19S_0055_Wat,457.0776174
11,Sample_S19S_0055_Wat,457.0906483
19,Sample_S19S_0055_Wat,457.0986905
22,Sample_S19S_0055_Wat,457.1139922
10,Sample_S19S_0055_Wat,457.1172314
13,Sample_S19S_0055_Wat,457.1270095
18,Sample_S19S_0055_Wat,457.1350642
3,Sample_S19S_0055_Wat,457.1447412
17,Sample_S19S_0055_Wat,457.150377
24,Sample_S19S_0055_Wat,457.1634444
31,Sample_S19S_0055_Wat,457.1715231
54,Sample_S19S_0055_Wat,457.1868094
19,Sample_S19S_0055_Wat,457.1901515
19,Sample_S19S_0055_Wat,457.1998933
36,Sample_S19S_0055_Wat,457.2079257
14,Sample_S19S_0055_Wat,457.2362399
36,Sample_S19S_0055_Wat,458.0729028
43,Sample_S19S_0055_Wat,458.1093241
13,Sample_S19S_0055_Wat,459.0205561
19,Sample_S19S_0055_Wat,459.0568713
9,Sample_S19S_0055_Wat,459.069913
22,Sample_S19S_0055_Wat,459.0779746
18,Sample_S19S_0055_Wat,459.0932353
8,Sample_S19S_0055_Wat,459.0964817
20,Sample_S19S_0055_Wat,459.1062882
25,Sample_S19S_0055_Wat,459.1143457
53,Sample_S19S_0055_Wat,459.1296693
12,Sample_S19S_0055_Wat,459.1328714
32,Sample_S19S_0055_Wat,459.142719
38,Sample_S19S_0055_Wat,459.1508169
45,Sample_S19S_0055_Wat,459.1661042
36,Sample_S19S_0055_Wat,459.1872169
24,Sample_S19S_0055_Wat,459.2025048
9,Sample_S19S_0055_Wat,459.2155229
3,Sample_S19S_0055_Wat,460.0521036
61,Sample_S19S_0055_Wat,460.0885829
55,Sample_S19S_0055_Wat,460.1249704
28,Sample_S19S_0055_Wat,461.036196
21,Sample_S19S_0055_Wat,461.0725007
13,Sample_S19S_0055_Wat,461.0855391
7,Sample_S19S_0055_Wat,461.0935699
12,Sample_S19S_0055_Wat,461.1088271
1,Sample_S19S_0055_Wat,461.1119997
3,Sample_S19S_0055_Wat,461.1218899
11,Sample_S19S_0055_Wat,461.1299458
3,Sample_S19S_0055_Wat,461.1396751
21,Sample_S19S_0055_Wat,461.1452647
26,Sample_S19S_0055_Wat,461.1583343
37,Sample_S19S_0055_Wat,461.1817537
14,Sample_S19S_0055_Wat,461.1948089
32,Sample_S19S_0055_Wat,461.218132
19,Sample_S19S_0055_Wat,461.2311454
29,Sample_S19S_0055_Wat,462.067799
20,Sample_S19S_0055_Wat,462.1042629
64,Sample_S19S_0055_Wat,462.1769684
38,Sample_S19S_0055_Wat,463.0518315
3,Sample_S19S_0055_Wat,463.064914
44,Sample_S19S_0055_Wat,463.0881954
4,Sample_S19S_0055_Wat,463.1189274
16,Sample_S19S_0055_Wat,463.124491
4,Sample_S19S_0055_Wat,463.1375144
8,Sample_S19S_0055_Wat,463.1608564
9,Sample_S19S_0055_Wat,463.1739081
17,Sample_S19S_0055_Wat,463.1972938
19,Sample_S19S_0055_Wat,463.210366
40,Sample_S19S_0055_Wat,463.2337601
29,Sample_S19S_0055_Wat,464.1198095
11,Sample_S19S_0055_Wat,465.0310055
13,Sample_S19S_0055_Wat,465.06738
9,Sample_S19S_0055_Wat,465.0957611
36,Sample_S19S_0055_Wat,465.1038259
22,Sample_S19S_0055_Wat,465.1532935
63,Sample_S19S_0055_Wat,465.1766182
17,Sample_S19S_0055_Wat,465.1896305
14,Sample_S19S_0055_Wat,465.2049695
16,Sample_S19S_0055_Wat,465.2129596
63,Sample_S19S_0055_Wat,466.1355201
1,Sample_S19S_0055_Wat,466.1435867
34,Sample_S19S_0055_Wat,467.0467531
50,Sample_S19S_0055_Wat,467.0831629
13,Sample_S19S_0055_Wat,467.1016939
52,Sample_S19S_0055_Wat,467.1195422
24,Sample_S19S_0055_Wat,467.1478261
32,Sample_S19S_0055_Wat,467.1558326
23,Sample_S19S_0055_Wat,467.184209
9,Sample_S19S_0055_Wat,467.1921933
16,Sample_S19S_0055_Wat,467.220621
22,Sample_S19S_0055_Wat,467.2286363
29,Sample_S19S_0055_Wat,468.1147294
29,Sample_S19S_0055_Wat,469.062394
11,Sample_S19S_0055_Wat,469.0906533
26,Sample_S19S_0055_Wat,469.0986993
23,Sample_S19S_0055_Wat,469.1270251
16,Sample_S19S_0055_Wat,469.1350525
10,Sample_S19S_0055_Wat,469.1633964
24,Sample_S19S_0055_Wat,469.199861
24,Sample_S19S_0055_Wat,469.2078959
12,Sample_S19S_0055_Wat,471.0416901
31,Sample_S19S_0055_Wat,471.0569384
9,Sample_S19S_0055_Wat,471.069939
30,Sample_S19S_0055_Wat,471.0780166
18,Sample_S19S_0055_Wat,471.093255
15,Sample_S19S_0055_Wat,471.106291
7,Sample_S19S_0055_Wat,471.1295835
11,Sample_S19S_0055_Wat,471.1426129
13,Sample_S19S_0055_Wat,471.1506882
7,Sample_S19S_0055_Wat,471.16598
4,Sample_S19S_0055_Wat,471.1692176
23,Sample_S19S_0055_Wat,471.1790652
19,Sample_S19S_0055_Wat,471.1871307
11,Sample_S19S_0055_Wat,471.2024048
19,Sample_S19S_0055_Wat,471.2155389
15,Sample_S19S_0055_Wat,473.0361823
8,Sample_S19S_0055_Wat,473.0491772
7,Sample_S19S_0055_Wat,473.0573502
34,Sample_S19S_0055_Wat,473.0726032
35,Sample_S19S_0055_Wat,473.0937108
61,Sample_S19S_0055_Wat,473.1089772
8,Sample_S19S_0055_Wat,473.1122201
22,Sample_S19S_0055_Wat,473.121993
20,Sample_S19S_0055_Wat,473.1300234
5,Sample_S19S_0055_Wat,473.139667
23,Sample_S19S_0055_Wat,473.1452829
9,Sample_S19S_0055_Wat,473.1582831
13,Sample_S19S_0055_Wat,473.1663521
1,Sample_S19S_0055_Wat,473.1760299
19,Sample_S19S_0055_Wat,473.1816622
11,Sample_S19S_0055_Wat,473.1946924
28,Sample_S19S_0055_Wat,473.2180738
28,Sample_S19S_0055_Wat,474.1042477
56,Sample_S19S_0055_Wat,474.1405956
10,Sample_S19S_0055_Wat,475.0517049
17,Sample_S19S_0055_Wat,475.0728791
26,Sample_S19S_0055_Wat,475.0881586
14,Sample_S19S_0055_Wat,475.1012806
17,Sample_S19S_0055_Wat,475.1092833
63,Sample_S19S_0055_Wat,475.1245966
25,Sample_S19S_0055_Wat,475.1376596
67,Sample_S19S_0055_Wat,475.1609843
27,Sample_S19S_0055_Wat,475.1739813
13,Sample_S19S_0055_Wat,475.1973043
4,Sample_S19S_0055_Wat,475.2103074
2,Sample_S19S_0055_Wat,475.2336051
7,Sample_S19S_0055_Wat,476.0833408
30,Sample_S19S_0055_Wat,476.1198125
22,Sample_S19S_0055_Wat,477.0311319
43,Sample_S19S_0055_Wat,477.0674882
16,Sample_S19S_0055_Wat,477.1037802
19,Sample_S19S_0055_Wat,477.1168599
6,Sample_S19S_0055_Wat,477.1401075
9,Sample_S19S_0055_Wat,477.1531747
17,Sample_S19S_0055_Wat,477.1765167
6,Sample_S19S_0055_Wat,477.1895617
43,Sample_S19S_0055_Wat,477.2130039
65,Sample_S19S_0055_Wat,478.0991507
4,Sample_S19S_0055_Wat,479.0466033
14,Sample_S19S_0055_Wat,479.0830028
39,Sample_S19S_0055_Wat,479.1194663
69,Sample_S19S_0055_Wat,479.1559168
9,Sample_S19S_0055_Wat,479.1689644
2,Sample_S19S_0055_Wat,479.1843315
55,Sample_S19S_0055_Wat,479.1923063
17,Sample_S19S_0055_Wat,479.2053091
17,Sample_S19S_0055_Wat,479.2286027
10,Sample_S19S_0055_Wat,480.151082
16,Sample_S19S_0055_Wat,481.0623379
48,Sample_S19S_0055_Wat,481.0987747
70,Sample_S19S_0055_Wat,481.1351677
16,Sample_S19S_0055_Wat,481.1634867
48,Sample_S19S_0055_Wat,481.1715313
19,Sample_S19S_0055_Wat,481.199847
17,Sample_S19S_0055_Wat,481.2078283
6,Sample_S19S_0055_Wat,482.1302914
14,Sample_S19S_0055_Wat,483.0415833
11,Sample_S19S_0055_Wat,483.0568081
27,Sample_S19S_0055_Wat,483.0780208
26,Sample_S19S_0055_Wat,483.0933003
3,Sample_S19S_0055_Wat,483.1064043
46,Sample_S19S_0055_Wat,483.1144642
36,Sample_S19S_0055_Wat,483.1508531
15,Sample_S19S_0055_Wat,483.1791639
32,Sample_S19S_0055_Wat,483.1871699
16,Sample_S19S_0055_Wat,483.2154832
11,Sample_S19S_0055_Wat,483.2234722
13,Sample_S19S_0055_Wat,484.1459881
7,Sample_S19S_0055_Wat,485.057196
12,Sample_S19S_0055_Wat,485.0855526
28,Sample_S19S_0055_Wat,485.0936172
42,Sample_S19S_0055_Wat,485.1089501
16,Sample_S19S_0055_Wat,485.1220307
45,Sample_S19S_0055_Wat,485.1300644
1,Sample_S19S_0055_Wat,485.139617
21,Sample_S19S_0055_Wat,485.1453846
15,Sample_S19S_0055_Wat,485.1584131
38,Sample_S19S_0055_Wat,485.1664901
2,Sample_S19S_0055_Wat,485.1760615
41,Sample_S19S_0055_Wat,485.181737
18,Sample_S19S_0055_Wat,485.1948096
3,Sample_S19S_0055_Wat,485.2310607
4,Sample_S19S_0055_Wat,486.140486
17,Sample_S19S_0055_Wat,487.051792
19,Sample_S19S_0055_Wat,487.072871
12,Sample_S19S_0055_Wat,487.088118
14,Sample_S19S_0055_Wat,487.1011949
9,Sample_S19S_0055_Wat,487.1092152
12,Sample_S19S_0055_Wat,487.1244947
18,Sample_S19S_0055_Wat,487.1375846
12,Sample_S19S_0055_Wat,487.1456408
1,Sample_S19S_0055_Wat,487.1552674
51,Sample_S19S_0055_Wat,487.1609704
21,Sample_S19S_0055_Wat,487.1740711
32,Sample_S19S_0055_Wat,487.18211
32,Sample_S19S_0055_Wat,487.1974177
5,Sample_S19S_0055_Wat,487.2104698
20,Sample_S19S_0055_Wat,487.2337958
32,Sample_S19S_0055_Wat,488.0834359
25,Sample_S19S_0055_Wat,488.1562868
7,Sample_S19S_0055_Wat,489.0310445
43,Sample_S19S_0055_Wat,489.067487
23,Sample_S19S_0055_Wat,489.0886429
31,Sample_S19S_0055_Wat,489.1039118
30,Sample_S19S_0055_Wat,489.1249814
27,Sample_S19S_0055_Wat,489.1402055
20,Sample_S19S_0055_Wat,489.1532671
11,Sample_S19S_0055_Wat,489.1612651
8,Sample_S19S_0055_Wat,489.1765226
9,Sample_S19S_0055_Wat,489.1895365
7,Sample_S19S_0055_Wat,489.2128864
5,Sample_S19S_0055_Wat,489.2259164
4,Sample_S19S_0055_Wat,489.2492677
18,Sample_S19S_0055_Wat,490.0990621
10,Sample_S19S_0055_Wat,490.171809
12,Sample_S19S_0055_Wat,491.0466906
20,Sample_S19S_0055_Wat,491.0830123
7,Sample_S19S_0055_Wat,491.0961728
9,Sample_S19S_0055_Wat,491.1193786
14,Sample_S19S_0055_Wat,491.1325378
25,Sample_S19S_0055_Wat,491.1558203
21,Sample_S19S_0055_Wat,491.1689084
54,Sample_S19S_0055_Wat,491.1922945
9,Sample_S19S_0055_Wat,491.2053832
7,Sample_S19S_0055_Wat,491.2287423
16,Sample_S19S_0055_Wat,491.2650776
42,Sample_S19S_0055_Wat,492.1147512
11,Sample_S19S_0055_Wat,493.0622921
23,Sample_S19S_0055_Wat,493.098712
70,Sample_S19S_0055_Wat,493.1351653
5,Sample_S19S_0055_Wat,493.1636569
50,Sample_S19S_0055_Wat,493.1715856
5,Sample_S19S_0055_Wat,493.2361897
11,Sample_S19S_0055_Wat,493.2442171
1,Sample_S19S_0055_Wat,494.0574822
11,Sample_S19S_0055_Wat,495.0415683
4,Sample_S19S_0055_Wat,495.0568418
29,Sample_S19S_0055_Wat,495.0780179
45,Sample_S19S_0055_Wat,495.1144449
9,Sample_S19S_0055_Wat,495.1427989
55,Sample_S19S_0055_Wat,495.1507984
20,Sample_S19S_0055_Wat,495.1791573
10,Sample_S19S_0055_Wat,495.2154488
1,Sample_S19S_0055_Wat,496.1905351
4,Sample_S19S_0055_Wat,497.036113
14,Sample_S19S_0055_Wat,497.0572968
30,Sample_S19S_0055_Wat,497.0725711
31,Sample_S19S_0055_Wat,497.1089508
11,Sample_S19S_0055_Wat,497.1301476
26,Sample_S19S_0055_Wat,497.1947705
4,Sample_S19S_0055_Wat,497.2310629
1,Sample_S19S_0055_Wat,497.2390455
12,Sample_S19S_0055_Wat,498.1253978
39,Sample_S19S_0055_Wat,498.1617513
2,Sample_S19S_0055_Wat,498.1698072
6,Sample_S19S_0055_Wat,499.0516924
22,Sample_S19S_0055_Wat,499.0728848
9,Sample_S19S_0055_Wat,499.1012958
36,Sample_S19S_0055_Wat,499.1093112
41,Sample_S19S_0055_Wat,499.1246232
12,Sample_S19S_0055_Wat,499.1377212
48,Sample_S19S_0055_Wat,499.1457371
4,Sample_S19S_0055_Wat,499.1553132
11,Sample_S19S_0055_Wat,499.1610424
21,Sample_S19S_0055_Wat,499.1740741
26,Sample_S19S_0055_Wat,499.2104255
14,Sample_S19S_0055_Wat,499.2184243
3,Sample_S19S_0055_Wat,499.2466801
9,Sample_S19S_0055_Wat,501.0521674
18,Sample_S19S_0055_Wat,501.0673678
16,Sample_S19S_0055_Wat,501.080502
12,Sample_S19S_0055_Wat,501.0885018
12,Sample_S19S_0055_Wat,501.1037301
12,Sample_S19S_0055_Wat,501.116864
6,Sample_S19S_0055_Wat,501.1248479
19,Sample_S19S_0055_Wat,501.1401768
29,Sample_S19S_0055_Wat,501.1532967
17,Sample_S19S_0055_Wat,501.1612956
44,Sample_S19S_0055_Wat,501.1766253
31,Sample_S19S_0055_Wat,501.1896846
28,Sample_S19S_0055_Wat,501.2130646
7,Sample_S19S_0055_Wat,503.0468089
3,Sample_S19S_0055_Wat,503.0832459
17,Sample_S19S_0055_Wat,503.1042984
52,Sample_S19S_0055_Wat,503.1195309
4,Sample_S19S_0055_Wat,503.1326318
17,Sample_S19S_0055_Wat,503.1405906
23,Sample_S19S_0055_Wat,503.1558462
12,Sample_S19S_0055_Wat,503.1921795
6,Sample_S19S_0055_Wat,503.2051842
12,Sample_S19S_0055_Wat,503.2285615
3,Sample_S19S_0055_Wat,503.2415628
5,Sample_S19S_0055_Wat,503.2649518
8,Sample_S19S_0055_Wat,504.1512304
8,Sample_S19S_0055_Wat,505.0622503
17,Sample_S19S_0055_Wat,505.098662
8,Sample_S19S_0055_Wat,505.1118569
15,Sample_S19S_0055_Wat,505.1350781
4,Sample_S19S_0055_Wat,505.1482794
62,Sample_S19S_0055_Wat,505.1715425
13,Sample_S19S_0055_Wat,505.1846129
28,Sample_S19S_0055_Wat,505.2079802
8,Sample_S19S_0055_Wat,505.221033
32,Sample_S19S_0055_Wat,505.2443315
5,Sample_S19S_0055_Wat,506.1303153
7,Sample_S19S_0055_Wat,506.1666811
10,Sample_S19S_0055_Wat,507.0415912
27,Sample_S19S_0055_Wat,507.0780238
45,Sample_S19S_0055_Wat,507.1144464
63,Sample_S19S_0055_Wat,507.1508255
4,Sample_S19S_0055_Wat,507.179192
9,Sample_S19S_0055_Wat,509.0573918
40,Sample_S19S_0055_Wat,509.0937287
9,Sample_S19S_0055_Wat,509.1219812
42,Sample_S19S_0055_Wat,509.1300451
13,Sample_S19S_0055_Wat,509.1583575
12,Sample_S19S_0055_Wat,509.1947371
10,Sample_S19S_0055_Wat,509.2311267
5,Sample_S19S_0055_Wat,509.2391011
11,Sample_S19S_0055_Wat,510.0888729
32,Sample_S19S_0055_Wat,511.0729714
9,Sample_S19S_0055_Wat,511.0881435
1,Sample_S19S_0055_Wat,511.1244303
1,Sample_S19S_0055_Wat,511.1455592
8,Sample_S19S_0055_Wat,511.1739404
15,Sample_S19S_0055_Wat,511.2103696
8,Sample_S19S_0055_Wat,511.2183807
15,Sample_S19S_0055_Wat,511.2467945
25,Sample_S19S_0055_Wat,513.0674942
21,Sample_S19S_0055_Wat,513.0885835
17,Sample_S19S_0055_Wat,513.1169162
15,Sample_S19S_0055_Wat,513.1248843
6,Sample_S19S_0055_Wat,513.1401059
6,Sample_S19S_0055_Wat,513.1531789
6,Sample_S19S_0055_Wat,513.1612236
3,Sample_S19S_0055_Wat,513.1764786
11,Sample_S19S_0055_Wat,513.1895585
5,Sample_S19S_0055_Wat,515.0467951
7,Sample_S19S_0055_Wat,515.0679477
33,Sample_S19S_0055_Wat,515.083157
27,Sample_S19S_0055_Wat,515.1042917
40,Sample_S19S_0055_Wat,515.1194964
6,Sample_S19S_0055_Wat,515.1326297
20,Sample_S19S_0055_Wat,515.1405768
11,Sample_S19S_0055_Wat,515.155816
14,Sample_S19S_0055_Wat,515.1688778
10,Sample_S19S_0055_Wat,515.1768835
4,Sample_S19S_0055_Wat,515.1921599
10,Sample_S19S_0055_Wat,515.2052029
4,Sample_S19S_0055_Wat,515.2416147
45,Sample_S19S_0055_Wat,516.1511394
22,Sample_S19S_0055_Wat,517.0624113
10,Sample_S19S_0055_Wat,517.098859
5,Sample_S19S_0055_Wat,517.1199999
7,Sample_S19S_0055_Wat,517.1352552
17,Sample_S19S_0055_Wat,517.1846401
41,Sample_S19S_0055_Wat,517.2079237
22,Sample_S19S_0055_Wat,518.0939924
5,Sample_S19S_0055_Wat,519.041577
10,Sample_S19S_0055_Wat,519.0779454
14,Sample_S19S_0055_Wat,519.1143103
5,Sample_S19S_0055_Wat,519.1275578
26,Sample_S19S_0055_Wat,519.1507584
54,Sample_S19S_0055_Wat,519.1872205
14,Sample_S19S_0055_Wat,519.2236508
12,Sample_S19S_0055_Wat,519.2600027
27,Sample_S19S_0055_Wat,520.1461126
19,Sample_S19S_0055_Wat,521.0573462
29,Sample_S19S_0055_Wat,521.0937324
46,Sample_S19S_0055_Wat,521.1301011
26,Sample_S19S_0055_Wat,521.1663968
9,Sample_S19S_0055_Wat,521.2027235
5,Sample_S19S_0055_Wat,521.2390738
2,Sample_S19S_0055_Wat,522.1251732
12,Sample_S19S_0055_Wat,523.0365285
9,Sample_S19S_0055_Wat,523.0728235
6,Sample_S19S_0055_Wat,523.1091901
14,Sample_S19S_0055_Wat,523.1456062
23,Sample_S19S_0055_Wat,523.1820717
20,Sample_S19S_0055_Wat,523.2104573
8,Sample_S19S_0055_Wat,525.0521307
21,Sample_S19S_0055_Wat,525.0885729
32,Sample_S19S_0055_Wat,525.1250197
38,Sample_S19S_0055_Wat,525.1614051
10,Sample_S19S_0055_Wat,525.2340332
9,Sample_S19S_0055_Wat,527.0467883
7,Sample_S19S_0055_Wat,527.1043114
10,Sample_S19S_0055_Wat,527.119585
39,Sample_S19S_0055_Wat,527.1406475
20,Sample_S19S_0055_Wat,527.1689685
28,Sample_S19S_0055_Wat,527.1769645
19,Sample_S19S_0055_Wat,527.2052882
6,Sample_S19S_0055_Wat,527.2132606
6,Sample_S19S_0055_Wat,527.2415754
24,Sample_S19S_0055_Wat,528.135922
8,Sample_S19S_0055_Wat,529.0624704
6,Sample_S19S_0055_Wat,529.0836238
12,Sample_S19S_0055_Wat,529.0988481
19,Sample_S19S_0055_Wat,529.119899
36,Sample_S19S_0055_Wat,529.1351825
9,Sample_S19S_0055_Wat,529.1482589
19,Sample_S19S_0055_Wat,529.1562352
21,Sample_S19S_0055_Wat,529.184567
8,Sample_S19S_0055_Wat,529.1925822
7,Sample_S19S_0055_Wat,529.2208396
9,Sample_S19S_0055_Wat,529.2573138
4,Sample_S19S_0055_Wat,531.0417642
8,Sample_S19S_0055_Wat,531.0992322
14,Sample_S19S_0055_Wat,531.1144803
27,Sample_S19S_0055_Wat,531.1507766
10,Sample_S19S_0055_Wat,531.1871077
18,Sample_S19S_0055_Wat,531.2234777
25,Sample_S19S_0055_Wat,532.1097212
5,Sample_S19S_0055_Wat,533.0574115
12,Sample_S19S_0055_Wat,533.0937827
25,Sample_S19S_0055_Wat,533.1301236
51,Sample_S19S_0055_Wat,533.166456
10,Sample_S19S_0055_Wat,533.2027587
5,Sample_S19S_0055_Wat,533.2390944
13,Sample_S19S_0055_Wat,535.0730261
11,Sample_S19S_0055_Wat,535.1094222
9,Sample_S19S_0055_Wat,535.1458132
20,Sample_S19S_0055_Wat,535.1821751
11,Sample_S19S_0055_Wat,535.2547783
14,Sample_S19S_0055_Wat,537.0884904
32,Sample_S19S_0055_Wat,537.1249315
41,Sample_S19S_0055_Wat,537.161382
5,Sample_S19S_0055_Wat,537.1897464
16,Sample_S19S_0055_Wat,537.1978101
9,Sample_S19S_0055_Wat,537.2342192
9,Sample_S19S_0055_Wat,537.2624882
14,Sample_S19S_0055_Wat,539.0679143
20,Sample_S19S_0055_Wat,539.1042196
25,Sample_S19S_0055_Wat,539.1405618
9,Sample_S19S_0055_Wat,539.1688297
6,Sample_S19S_0055_Wat,539.1768779
4,Sample_S19S_0055_Wat,539.2051955
2,Sample_S19S_0055_Wat,539.2132409
4,Sample_S19S_0055_Wat,539.2416063
2,Sample_S19S_0055_Wat,539.2779882
12,Sample_S19S_0055_Wat,541.0623672
21,Sample_S19S_0055_Wat,541.0834882
24,Sample_S19S_0055_Wat,541.1199147
13,Sample_S19S_0055_Wat,541.1563515
2,Sample_S19S_0055_Wat,541.1927684
25,Sample_S19S_0055_Wat,541.2290565
12,Sample_S19S_0055_Wat,543.0781158
18,Sample_S19S_0055_Wat,543.09918
25,Sample_S19S_0055_Wat,543.1144211
21,Sample_S19S_0055_Wat,543.1355017
27,Sample_S19S_0055_Wat,543.1507543
16,Sample_S19S_0055_Wat,543.1638009
11,Sample_S19S_0055_Wat,543.1718262
8,Sample_S19S_0055_Wat,543.2001267
1,Sample_S19S_0055_Wat,543.208077
5,Sample_S19S_0055_Wat,543.236535
36,Sample_S19S_0055_Wat,544.1460902
7,Sample_S19S_0055_Wat,545.0935509
15,Sample_S19S_0055_Wat,545.1299664
3,Sample_S19S_0055_Wat,545.1432084
21,Sample_S19S_0055_Wat,545.1511507
29,Sample_S19S_0055_Wat,545.1664409
5,Sample_S19S_0055_Wat,545.1795929
29,Sample_S19S_0055_Wat,545.2028931
14,Sample_S19S_0055_Wat,545.2159419
13,Sample_S19S_0055_Wat,547.0729547
15,Sample_S19S_0055_Wat,547.109415
14,Sample_S19S_0055_Wat,547.145805
2,Sample_S19S_0055_Wat,547.1822164
16,Sample_S19S_0055_Wat,547.2185618
1,Sample_S19S_0055_Wat,548.1771882
8,Sample_S19S_0055_Wat,549.0887119
11,Sample_S19S_0055_Wat,549.1250923
14,Sample_S19S_0055_Wat,549.1614413
37,Sample_S19S_0055_Wat,549.1977663
10,Sample_S19S_0055_Wat,549.2340464
5,Sample_S19S_0055_Wat,551.0679996
12,Sample_S19S_0055_Wat,551.10435
24,Sample_S19S_0055_Wat,551.140683
25,Sample_S19S_0055_Wat,551.1769906
15,Sample_S19S_0055_Wat,551.2133063
3,Sample_S19S_0055_Wat,551.2496307
4,Sample_S19S_0055_Wat,553.0836572
12,Sample_S19S_0055_Wat,553.1199748
42,Sample_S19S_0055_Wat,553.1562956
17,Sample_S19S_0055_Wat,553.1925971
3,Sample_S19S_0055_Wat,553.2288832
3,Sample_S19S_0055_Wat,555.0993123
7,Sample_S19S_0055_Wat,555.1356619
13,Sample_S19S_0055_Wat,555.1720029
21,Sample_S19S_0055_Wat,555.2082923
16,Sample_S19S_0055_Wat,557.0937315
10,Sample_S19S_0055_Wat,557.1149049
1,Sample_S19S_0055_Wat,557.1302225
3,Sample_S19S_0055_Wat,557.1513467
1,Sample_S19S_0055_Wat,557.1797008
1,Sample_S19S_0055_Wat,557.1877224
17,Sample_S19S_0055_Wat,559.2185569
2,Sample_S19S_0055_Wat,559.2316115
15,Sample_S19S_0055_Wat,561.0885432
6,Sample_S19S_0055_Wat,561.1248442
4,Sample_S19S_0055_Wat,561.1611805
1,Sample_S19S_0055_Wat,561.1975534
7,Sample_S19S_0055_Wat,563.1043787
6,Sample_S19S_0055_Wat,563.140767
4,Sample_S19S_0055_Wat,563.1771352
21,Sample_S19S_0055_Wat,563.2134586
18,Sample_S19S_0055_Wat,563.2497644
4,Sample_S19S_0055_Wat,564.172115
7,Sample_S19S_0055_Wat,565.0833841
3,Sample_S19S_0055_Wat,565.1561141
16,Sample_S19S_0055_Wat,565.2290122
21,Sample_S19S_0055_Wat,565.2654316
7,Sample_S19S_0055_Wat,567.0628477
9,Sample_S19S_0055_Wat,567.0992538
8,Sample_S19S_0055_Wat,567.1356587
15,Sample_S19S_0055_Wat,567.2083955
10,Sample_S19S_0055_Wat,567.2366591
12,Sample_S19S_0055_Wat,569.0784551
14,Sample_S19S_0055_Wat,569.1147778
8,Sample_S19S_0055_Wat,569.1510794
1,Sample_S19S_0055_Wat,569.1874013
1,Sample_S19S_0055_Wat,569.223732
18,Sample_S19S_0055_Wat,571.1668216
14,Sample_S19S_0055_Wat,571.2032768
4,Sample_S19S_0055_Wat,573.1615077
3,Sample_S19S_0055_Wat,573.1978706
2,Sample_S19S_0055_Wat,575.0680122
6,Sample_S19S_0055_Wat,575.1043617
5,Sample_S19S_0055_Wat,575.1407714
21,Sample_S19S_0055_Wat,575.1770756
28,Sample_S19S_0055_Wat,575.213398
1,Sample_S19S_0055_Wat,577.0836723
37,Sample_S19S_0055_Wat,577.1563035
22,Sample_S19S_0055_Wat,577.1926143
25,Sample_S19S_0055_Wat,579.1355972
30,Sample_S19S_0055_Wat,579.1719274
4,Sample_S19S_0055_Wat,579.2445526
4,Sample_S19S_0055_Wat,581.0785526
15,Sample_S19S_0055_Wat,581.1148894
31,Sample_S19S_0055_Wat,581.1512226
25,Sample_S19S_0055_Wat,581.1875335
1,Sample_S19S_0055_Wat,583.094266
7,Sample_S19S_0055_Wat,583.1306046
12,Sample_S19S_0055_Wat,583.1669172
16,Sample_S19S_0055_Wat,583.2032587
2,Sample_S19S_0055_Wat,585.1098543
3,Sample_S19S_0055_Wat,585.2472737
11,Sample_S19S_0055_Wat,587.1041571
11,Sample_S19S_0055_Wat,587.1405809
2,Sample_S19S_0055_Wat,591.135742
7,Sample_S19S_0055_Wat,591.1720289
12,Sample_S19S_0055_Wat,591.2083514
7,Sample_S19S_0055_Wat,593.1511079
16,Sample_S19S_0055_Wat,595.130396
10,Sample_S19S_0055_Wat,597.1460191
12,Sample_S19S_0055_Wat,603.2083804
2,Sample_S19S_0055_Wat,605.1149751
23,Sample_S19S_0055_Wat,607.1667845
3,Sample_S19S_0055_Wat,607.2030678
13,Sample_S19S_0055_Wat,609.1096597
8,Sample_S19S_0055_Wat,613.15618
1,Sample_S19S_0055_Wat,619.1666544
14,Sample_S19S_0055_Wat,621.218773
1,Sample_S19S_0055_Wat,623.162005
1,Sample_S19S_0055_Wat,623.1983716
15,Sample_S19S_0055_Wat,631.1667917
6,Sample_S19S_0055_Wat,637.1408976
13,Sample_S19S_0055_Wat,651.1566303
15,Sample_S19S_0055_Wat,663.2295158
