num.trans.involved.in,sample,peak
28,Sample_S19S_0072_Wat,201.0404313
26,Sample_S19S_0072_Wat,201.0768122
25,Sample_S19S_0072_Wat,205.0505947
15,Sample_S19S_0072_Wat,205.086978
31,Sample_S19S_0072_Wat,207.0298709
35,Sample_S19S_0072_Wat,207.066249
12,Sample_S19S_0072_Wat,209.0091207
30,Sample_S19S_0072_Wat,209.0455114
32,Sample_S19S_0072_Wat,209.0818981
42,Sample_S19S_0072_Wat,211.0611736
27,Sample_S19S_0072_Wat,211.097555
36,Sample_S19S_0072_Wat,213.0768216
31,Sample_S19S_0072_Wat,215.0560786
32,Sample_S19S_0072_Wat,215.0924726
33,Sample_S19S_0072_Wat,217.0717431
18,Sample_S19S_0072_Wat,219.0662407
35,Sample_S19S_0072_Wat,221.0455191
22,Sample_S19S_0072_Wat,221.0818912
38,Sample_S19S_0072_Wat,223.0247931
19,Sample_S19S_0072_Wat,223.0611523
41,Sample_S19S_0072_Wat,223.0975605
10,Sample_S19S_0072_Wat,225.0040321
70,Sample_S19S_0072_Wat,225.0404494
46,Sample_S19S_0072_Wat,225.0768195
14,Sample_S19S_0072_Wat,225.1131873
30,Sample_S19S_0072_Wat,227.056079
41,Sample_S19S_0072_Wat,227.092466
27,Sample_S19S_0072_Wat,227.1288722
38,Sample_S19S_0072_Wat,229.0717413
28,Sample_S19S_0072_Wat,229.1081151
34,Sample_S19S_0072_Wat,231.0873835
40,Sample_S19S_0072_Wat,233.0455307
39,Sample_S19S_0072_Wat,233.0819208
9,Sample_S19S_0072_Wat,233.1546845
41,Sample_S19S_0072_Wat,235.0247912
56,Sample_S19S_0072_Wat,235.0611873
42,Sample_S19S_0072_Wat,235.0975749
43,Sample_S19S_0072_Wat,237.0404421
62,Sample_S19S_0072_Wat,237.0768351
41,Sample_S19S_0072_Wat,237.1132227
63,Sample_S19S_0072_Wat,239.0197221
95,Sample_S19S_0072_Wat,239.0561117
5,Sample_S19S_0072_Wat,239.0673352
91,Sample_S19S_0072_Wat,239.092497
42,Sample_S19S_0072_Wat,239.1288753
67,Sample_S19S_0072_Wat,241.03537
48,Sample_S19S_0072_Wat,241.0717422
29,Sample_S19S_0072_Wat,241.1081087
17,Sample_S19S_0072_Wat,241.1445007
11,Sample_S19S_0072_Wat,242.139775
33,Sample_S19S_0072_Wat,243.0332768
75,Sample_S19S_0072_Wat,243.0510224
36,Sample_S19S_0072_Wat,243.0873816
17,Sample_S19S_0072_Wat,243.1237626
18,Sample_S19S_0072_Wat,245.0489119
84,Sample_S19S_0072_Wat,245.0666847
51,Sample_S19S_0072_Wat,245.0819342
60,Sample_S19S_0072_Wat,245.1030642
44,Sample_S19S_0072_Wat,247.024801
70,Sample_S19S_0072_Wat,247.0612011
72,Sample_S19S_0072_Wat,247.0975945
78,Sample_S19S_0072_Wat,249.0404675
90,Sample_S19S_0072_Wat,249.0768527
39,Sample_S19S_0072_Wat,249.1132224
75,Sample_S19S_0072_Wat,251.0197332
68,Sample_S19S_0072_Wat,251.0560986
14,Sample_S19S_0072_Wat,251.0594793
114,Sample_S19S_0072_Wat,251.0925063
47,Sample_S19S_0072_Wat,251.1289035
36,Sample_S19S_0072_Wat,252.0513612
36,Sample_S19S_0072_Wat,252.0877348
98,Sample_S19S_0072_Wat,253.0353983
121,Sample_S19S_0072_Wat,253.0717756
42,Sample_S19S_0072_Wat,253.1081345
42,Sample_S19S_0072_Wat,253.1445337
36,Sample_S19S_0072_Wat,254.0670222
52,Sample_S19S_0072_Wat,255.0146298
102,Sample_S19S_0072_Wat,255.0510433
111,Sample_S19S_0072_Wat,255.0874163
37,Sample_S19S_0072_Wat,255.1237776
78,Sample_S19S_0072_Wat,257.030304
39,Sample_S19S_0072_Wat,257.048925
95,Sample_S19S_0072_Wat,257.0666765
62,Sample_S19S_0072_Wat,257.1030521
44,Sample_S19S_0072_Wat,257.1394516
5,Sample_S19S_0072_Wat,258.0441616
83,Sample_S19S_0072_Wat,259.0459547
66,Sample_S19S_0072_Wat,259.0612028
85,Sample_S19S_0072_Wat,259.0823405
59,Sample_S19S_0072_Wat,259.0975861
28,Sample_S19S_0072_Wat,259.1009624
55,Sample_S19S_0072_Wat,259.1187072
59,Sample_S19S_0072_Wat,261.040468
24,Sample_S19S_0072_Wat,261.04386
62,Sample_S19S_0072_Wat,261.061588
92,Sample_S19S_0072_Wat,261.0768598
16,Sample_S19S_0072_Wat,261.0801943
45,Sample_S19S_0072_Wat,261.0980071
61,Sample_S19S_0072_Wat,261.1132477
45,Sample_S19S_0072_Wat,263.019721
86,Sample_S19S_0072_Wat,263.0561329
31,Sample_S19S_0072_Wat,263.0595
49,Sample_S19S_0072_Wat,263.0924815
48,Sample_S19S_0072_Wat,263.128908
40,Sample_S19S_0072_Wat,264.0513612
40,Sample_S19S_0072_Wat,264.087752
88,Sample_S19S_0072_Wat,265.0353938
91,Sample_S19S_0072_Wat,265.0717855
101,Sample_S19S_0072_Wat,265.1081545
35,Sample_S19S_0072_Wat,265.1445692
2,Sample_S19S_0072_Wat,265.1479151
33,Sample_S19S_0072_Wat,266.0306266
50,Sample_S19S_0072_Wat,266.0670361
34,Sample_S19S_0072_Wat,266.1034196
68,Sample_S19S_0072_Wat,267.0146829
112,Sample_S19S_0072_Wat,267.0510336
108,Sample_S19S_0072_Wat,267.0874299
88,Sample_S19S_0072_Wat,267.123805
36,Sample_S19S_0072_Wat,267.1601848
48,Sample_S19S_0072_Wat,268.0462977
47,Sample_S19S_0072_Wat,268.08266
81,Sample_S19S_0072_Wat,269.0303205
41,Sample_S19S_0072_Wat,269.0489342
118,Sample_S19S_0072_Wat,269.0666802
98,Sample_S19S_0072_Wat,269.1030627
53,Sample_S19S_0072_Wat,269.1394657
46,Sample_S19S_0072_Wat,270.0619439
24,Sample_S19S_0072_Wat,271.0281864
78,Sample_S19S_0072_Wat,271.0459737
25,Sample_S19S_0072_Wat,271.061176
34,Sample_S19S_0072_Wat,271.0645721
90,Sample_S19S_0072_Wat,271.0823212
38,Sample_S19S_0072_Wat,271.0976146
6,Sample_S19S_0072_Wat,271.1009969
82,Sample_S19S_0072_Wat,271.118718
45,Sample_S19S_0072_Wat,272.0775888
62,Sample_S19S_0072_Wat,273.0252099
59,Sample_S19S_0072_Wat,273.040478
38,Sample_S19S_0072_Wat,273.0438577
74,Sample_S19S_0072_Wat,273.061591
82,Sample_S19S_0072_Wat,273.0768603
23,Sample_S19S_0072_Wat,273.0802466
79,Sample_S19S_0072_Wat,273.0979879
57,Sample_S19S_0072_Wat,273.1132445
33,Sample_S19S_0072_Wat,273.1343844
61,Sample_S19S_0072_Wat,275.0197425
74,Sample_S19S_0072_Wat,275.0561155
42,Sample_S19S_0072_Wat,275.0594984
78,Sample_S19S_0072_Wat,275.0772487
85,Sample_S19S_0072_Wat,275.0925149
17,Sample_S19S_0072_Wat,275.0958927
56,Sample_S19S_0072_Wat,275.1288873
12,Sample_S19S_0072_Wat,276.0877174
88,Sample_S19S_0072_Wat,277.0354157
17,Sample_S19S_0072_Wat,277.0387785
94,Sample_S19S_0072_Wat,277.0717892
37,Sample_S19S_0072_Wat,277.0751477
92,Sample_S19S_0072_Wat,277.1081544
54,Sample_S19S_0072_Wat,277.1445377
43,Sample_S19S_0072_Wat,278.0670289
37,Sample_S19S_0072_Wat,278.1034322
43,Sample_S19S_0072_Wat,279.0146331
93,Sample_S19S_0072_Wat,279.0510516
29,Sample_S19S_0072_Wat,279.0544147
64,Sample_S19S_0072_Wat,279.0874539
4,Sample_S19S_0072_Wat,279.0908266
68,Sample_S19S_0072_Wat,279.1238221
41,Sample_S19S_0072_Wat,279.160186
46,Sample_S19S_0072_Wat,280.0463018
53,Sample_S19S_0072_Wat,280.0826921
44,Sample_S19S_0072_Wat,280.1190492
82,Sample_S19S_0072_Wat,281.0303339
1,Sample_S19S_0072_Wat,281.0489881
119,Sample_S19S_0072_Wat,281.0666829
17,Sample_S19S_0072_Wat,281.0779309
73,Sample_S19S_0072_Wat,281.1030502
72,Sample_S19S_0072_Wat,281.1394597
22,Sample_S19S_0072_Wat,281.1758716
39,Sample_S19S_0072_Wat,282.0983548
69,Sample_S19S_0072_Wat,283.0095898
17,Sample_S19S_0072_Wat,283.0282193
114,Sample_S19S_0072_Wat,283.0459554
6,Sample_S19S_0072_Wat,283.064623
78,Sample_S19S_0072_Wat,283.0823169
3,Sample_S19S_0072_Wat,283.1010031
106,Sample_S19S_0072_Wat,283.118715
35,Sample_S19S_0072_Wat,283.1551309
37,Sample_S19S_0072_Wat,284.0412345
52,Sample_S19S_0072_Wat,284.0776208
41,Sample_S19S_0072_Wat,284.1139788
21,Sample_S19S_0072_Wat,285.0074703
73,Sample_S19S_0072_Wat,285.025228
47,Sample_S19S_0072_Wat,285.0404866
20,Sample_S19S_0072_Wat,285.0438689
79,Sample_S19S_0072_Wat,285.0616357
49,Sample_S19S_0072_Wat,285.0768513
32,Sample_S19S_0072_Wat,285.0802217
38,Sample_S19S_0072_Wat,285.0980306
23,Sample_S19S_0072_Wat,285.1166168
51,Sample_S19S_0072_Wat,285.1343948
35,Sample_S19S_0072_Wat,286.0568589
41,Sample_S19S_0072_Wat,286.0932539
23,Sample_S19S_0072_Wat,287.0231311
64,Sample_S19S_0072_Wat,287.0408776
65,Sample_S19S_0072_Wat,287.0561351
12,Sample_S19S_0072_Wat,287.0595327
88,Sample_S19S_0072_Wat,287.0772537
69,Sample_S19S_0072_Wat,287.0925228
40,Sample_S19S_0072_Wat,287.0958808
79,Sample_S19S_0072_Wat,287.1136282
46,Sample_S19S_0072_Wat,287.1289021
46,Sample_S19S_0072_Wat,287.150015
33,Sample_S19S_0072_Wat,288.0513962
70,Sample_S19S_0072_Wat,289.0354029
31,Sample_S19S_0072_Wat,289.0387746
72,Sample_S19S_0072_Wat,289.0565242
97,Sample_S19S_0072_Wat,289.0717704
41,Sample_S19S_0072_Wat,289.0751476
71,Sample_S19S_0072_Wat,289.0929075
67,Sample_S19S_0072_Wat,289.1081489
33,Sample_S19S_0072_Wat,289.1115236
51,Sample_S19S_0072_Wat,289.1445478
13,Sample_S19S_0072_Wat,290.0669883
4,Sample_S19S_0072_Wat,290.1245994
57,Sample_S19S_0072_Wat,291.0146759
89,Sample_S19S_0072_Wat,291.0510416
28,Sample_S19S_0072_Wat,291.0543989
12,Sample_S19S_0072_Wat,291.0622947
88,Sample_S19S_0072_Wat,291.0874132
15,Sample_S19S_0072_Wat,291.0907683
71,Sample_S19S_0072_Wat,291.1237966
46,Sample_S19S_0072_Wat,291.1601932
25,Sample_S19S_0072_Wat,292.0462633
1,Sample_S19S_0072_Wat,292.2129776
83,Sample_S19S_0072_Wat,293.0303357
10,Sample_S19S_0072_Wat,293.0489616
92,Sample_S19S_0072_Wat,293.0667099
15,Sample_S19S_0072_Wat,293.0779374
108,Sample_S19S_0072_Wat,293.1030793
78,Sample_S19S_0072_Wat,293.1394564
13,Sample_S19S_0072_Wat,293.1757942
9,Sample_S19S_0072_Wat,294.0255165
35,Sample_S19S_0072_Wat,294.0619153
46,Sample_S19S_0072_Wat,294.098304
49,Sample_S19S_0072_Wat,295.0095496
88,Sample_S19S_0072_Wat,295.0459444
1,Sample_S19S_0072_Wat,295.0646393
119,Sample_S19S_0072_Wat,295.0823376
4,Sample_S19S_0072_Wat,295.093638
115,Sample_S19S_0072_Wat,295.1187213
52,Sample_S19S_0072_Wat,295.1550986
26,Sample_S19S_0072_Wat,296.0411763
42,Sample_S19S_0072_Wat,296.0775656
32,Sample_S19S_0072_Wat,296.1139469
81,Sample_S19S_0072_Wat,297.025237
19,Sample_S19S_0072_Wat,297.0438655
96,Sample_S19S_0072_Wat,297.0616262
16,Sample_S19S_0072_Wat,297.0728378
38,Sample_S19S_0072_Wat,297.080232
68,Sample_S19S_0072_Wat,297.0980154
11,Sample_S19S_0072_Wat,297.116632
39,Sample_S19S_0072_Wat,297.1344063
1,Sample_S19S_0072_Wat,297.1377915
9,Sample_S19S_0072_Wat,297.1529844
18,Sample_S19S_0072_Wat,297.1707937
53,Sample_S19S_0072_Wat,298.0568737
53,Sample_S19S_0072_Wat,298.0932671
32,Sample_S19S_0072_Wat,298.1296449
25,Sample_S19S_0072_Wat,299.0231228
72,Sample_S19S_0072_Wat,299.0408894
57,Sample_S19S_0072_Wat,299.05613
44,Sample_S19S_0072_Wat,299.0595
102,Sample_S19S_0072_Wat,299.0772616
48,Sample_S19S_0072_Wat,299.0924991
22,Sample_S19S_0072_Wat,299.0958611
81,Sample_S19S_0072_Wat,299.1136455
67,Sample_S19S_0072_Wat,299.1500243
55,Sample_S19S_0072_Wat,300.0725
60,Sample_S19S_0072_Wat,301.0353903
37,Sample_S19S_0072_Wat,301.0387674
71,Sample_S19S_0072_Wat,301.0565488
53,Sample_S19S_0072_Wat,301.071792
47,Sample_S19S_0072_Wat,301.0751454
60,Sample_S19S_0072_Wat,301.092932
39,Sample_S19S_0072_Wat,301.1081829
26,Sample_S19S_0072_Wat,301.1115398
45,Sample_S19S_0072_Wat,301.129318
40,Sample_S19S_0072_Wat,301.1445638
30,Sample_S19S_0072_Wat,301.1656955
34,Sample_S19S_0072_Wat,302.0670162
28,Sample_S19S_0072_Wat,302.0881947
18,Sample_S19S_0072_Wat,302.1245742
51,Sample_S19S_0072_Wat,303.0146906
56,Sample_S19S_0072_Wat,303.0357821
72,Sample_S19S_0072_Wat,303.0510433
47,Sample_S19S_0072_Wat,303.0544081
74,Sample_S19S_0072_Wat,303.0721573
75,Sample_S19S_0072_Wat,303.0874395
43,Sample_S19S_0072_Wat,303.0907893
79,Sample_S19S_0072_Wat,303.1085414
64,Sample_S19S_0072_Wat,303.1238249
37,Sample_S19S_0072_Wat,303.1602155
43,Sample_S19S_0072_Wat,304.0826613
23,Sample_S19S_0072_Wat,304.1038383
79,Sample_S19S_0072_Wat,305.0303157
99,Sample_S19S_0072_Wat,305.0666877
40,Sample_S19S_0072_Wat,305.0700613
86,Sample_S19S_0072_Wat,305.1030852
20,Sample_S19S_0072_Wat,305.1064563
66,Sample_S19S_0072_Wat,305.1394662
33,Sample_S19S_0072_Wat,305.1758605
55,Sample_S19S_0072_Wat,306.0983427
44,Sample_S19S_0072_Wat,307.0095853
101,Sample_S19S_0072_Wat,307.0459779
7,Sample_S19S_0072_Wat,307.0572343
23,Sample_S19S_0072_Wat,307.0645834
67,Sample_S19S_0072_Wat,307.0823737
21,Sample_S19S_0072_Wat,307.0857227
15,Sample_S19S_0072_Wat,307.0936059
47,Sample_S19S_0072_Wat,307.1187572
38,Sample_S19S_0072_Wat,307.1551342
55,Sample_S19S_0072_Wat,308.0412303
59,Sample_S19S_0072_Wat,308.0775973
49,Sample_S19S_0072_Wat,308.1139545
82,Sample_S19S_0072_Wat,309.0252469
12,Sample_S19S_0072_Wat,309.0438781
120,Sample_S19S_0072_Wat,309.0616036
15,Sample_S19S_0072_Wat,309.0728691
29,Sample_S19S_0072_Wat,309.0802354
111,Sample_S19S_0072_Wat,309.0979773
5,Sample_S19S_0072_Wat,309.1092661
88,Sample_S19S_0072_Wat,309.1343649
42,Sample_S19S_0072_Wat,309.1707647
46,Sample_S19S_0072_Wat,310.0568411
50,Sample_S19S_0072_Wat,310.0932206
50,Sample_S19S_0072_Wat,310.1296176
90,Sample_S19S_0072_Wat,311.0408991
39,Sample_S19S_0072_Wat,311.0561331
16,Sample_S19S_0072_Wat,311.0594676
99,Sample_S19S_0072_Wat,311.0772659
19,Sample_S19S_0072_Wat,311.0885065
18,Sample_S19S_0072_Wat,311.0958599
13,Sample_S19S_0072_Wat,311.105537
129,Sample_S19S_0072_Wat,311.1136352
72,Sample_S19S_0072_Wat,311.1500195
1,Sample_S19S_0072_Wat,311.1686157
23,Sample_S19S_0072_Wat,311.186419
33,Sample_S19S_0072_Wat,312.0361043
55,Sample_S19S_0072_Wat,312.0725103
59,Sample_S19S_0072_Wat,313.0201379
35,Sample_S19S_0072_Wat,313.0353909
36,Sample_S19S_0072_Wat,313.0387549
82,Sample_S19S_0072_Wat,313.0565398
32,Sample_S19S_0072_Wat,313.071764
14,Sample_S19S_0072_Wat,313.075094
80,Sample_S19S_0072_Wat,313.0929245
56,Sample_S19S_0072_Wat,313.1081574
18,Sample_S19S_0072_Wat,313.1115031
69,Sample_S19S_0072_Wat,313.1293014
58,Sample_S19S_0072_Wat,314.0881771
43,Sample_S19S_0072_Wat,314.1245573
22,Sample_S19S_0072_Wat,315.0180328
68,Sample_S19S_0072_Wat,315.035781
59,Sample_S19S_0072_Wat,315.0510397
49,Sample_S19S_0072_Wat,315.0544106
76,Sample_S19S_0072_Wat,315.0721791
32,Sample_S19S_0072_Wat,315.0873994
11,Sample_S19S_0072_Wat,315.0907452
60,Sample_S19S_0072_Wat,315.1085755
61,Sample_S19S_0072_Wat,315.1238052
5,Sample_S19S_0072_Wat,315.1271409
43,Sample_S19S_0072_Wat,315.1449559
39,Sample_S19S_0072_Wat,315.1602065
36,Sample_S19S_0072_Wat,316.0674166
44,Sample_S19S_0072_Wat,316.0826874
48,Sample_S19S_0072_Wat,316.1038062
61,Sample_S19S_0072_Wat,317.0303382
6,Sample_S19S_0072_Wat,317.0337185
66,Sample_S19S_0072_Wat,317.0514233
79,Sample_S19S_0072_Wat,317.0666936
46,Sample_S19S_0072_Wat,317.0700656
88,Sample_S19S_0072_Wat,317.0878157
62,Sample_S19S_0072_Wat,317.1030588
10,Sample_S19S_0072_Wat,317.1063977
44,Sample_S19S_0072_Wat,317.124227
66,Sample_S19S_0072_Wat,317.1394552
30,Sample_S19S_0072_Wat,317.1758589
47,Sample_S19S_0072_Wat,318.0619419
14,Sample_S19S_0072_Wat,318.0831173
35,Sample_S19S_0072_Wat,318.0982984
40,Sample_S19S_0072_Wat,319.009608
27,Sample_S19S_0072_Wat,319.0460069
7,Sample_S19S_0072_Wat,319.0493681
39,Sample_S19S_0072_Wat,319.0670953
83,Sample_S19S_0072_Wat,319.0823624
37,Sample_S19S_0072_Wat,319.0857041
91,Sample_S19S_0072_Wat,319.1187158
55,Sample_S19S_0072_Wat,319.1551015
42,Sample_S19S_0072_Wat,320.0412195
41,Sample_S19S_0072_Wat,320.0776287
16,Sample_S19S_0072_Wat,320.0987676
19,Sample_S19S_0072_Wat,320.1140206
73,Sample_S19S_0072_Wat,321.0252313
76,Sample_S19S_0072_Wat,321.0616406
17,Sample_S19S_0072_Wat,321.0649964
9,Sample_S19S_0072_Wat,321.0728956
12,Sample_S19S_0072_Wat,321.0801765
47,Sample_S19S_0072_Wat,321.0980285
6,Sample_S19S_0072_Wat,321.1013887
74,Sample_S19S_0072_Wat,321.1343949
46,Sample_S19S_0072_Wat,321.1707672
56,Sample_S19S_0072_Wat,322.0568903
63,Sample_S19S_0072_Wat,322.0932669
51,Sample_S19S_0072_Wat,323.0044879
15,Sample_S19S_0072_Wat,323.0231329
77,Sample_S19S_0072_Wat,323.0408542
27,Sample_S19S_0072_Wat,323.0595051
111,Sample_S19S_0072_Wat,323.0772527
20,Sample_S19S_0072_Wat,323.0884973
9,Sample_S19S_0072_Wat,323.0958413
59,Sample_S19S_0072_Wat,323.1136726
57,Sample_S19S_0072_Wat,323.1500462
29,Sample_S19S_0072_Wat,323.1864241
64,Sample_S19S_0072_Wat,324.0725027
53,Sample_S19S_0072_Wat,324.108871
21,Sample_S19S_0072_Wat,325.0201894
25,Sample_S19S_0072_Wat,325.0387758
90,Sample_S19S_0072_Wat,325.0565425
5,Sample_S19S_0072_Wat,325.0678176
16,Sample_S19S_0072_Wat,325.0718212
34,Sample_S19S_0072_Wat,325.0751326
114,Sample_S19S_0072_Wat,325.0928926
23,Sample_S19S_0072_Wat,325.1041654
80,Sample_S19S_0072_Wat,325.1292996
36,Sample_S19S_0072_Wat,325.1657004
1,Sample_S19S_0072_Wat,325.1842438
42,Sample_S19S_0072_Wat,326.0518083
1,Sample_S19S_0072_Wat,326.0644102
66,Sample_S19S_0072_Wat,326.0881656
49,Sample_S19S_0072_Wat,326.1245662
11,Sample_S19S_0072_Wat,327.0180623
72,Sample_S19S_0072_Wat,327.035782
14,Sample_S19S_0072_Wat,327.0543882
76,Sample_S19S_0072_Wat,327.0722018
21,Sample_S19S_0072_Wat,327.0834311
53,Sample_S19S_0072_Wat,327.0874372
13,Sample_S19S_0072_Wat,327.090737
74,Sample_S19S_0072_Wat,327.1085831
11,Sample_S19S_0072_Wat,327.1271924
67,Sample_S19S_0072_Wat,327.1449492
45,Sample_S19S_0072_Wat,328.067419
61,Sample_S19S_0072_Wat,328.1037984
45,Sample_S19S_0072_Wat,329.0303285
36,Sample_S19S_0072_Wat,329.0336784
45,Sample_S19S_0072_Wat,329.0514722
28,Sample_S19S_0072_Wat,329.0667319
49,Sample_S19S_0072_Wat,329.0700573
101,Sample_S19S_0072_Wat,329.0878075
58,Sample_S19S_0072_Wat,329.1030905
36,Sample_S19S_0072_Wat,329.1064332
63,Sample_S19S_0072_Wat,329.1242163
16,Sample_S19S_0072_Wat,329.1394079
45,Sample_S19S_0072_Wat,329.1605843
31,Sample_S19S_0072_Wat,330.0619755
23,Sample_S19S_0072_Wat,330.0831155
43,Sample_S19S_0072_Wat,330.1194763
52,Sample_S19S_0072_Wat,331.0307044
45,Sample_S19S_0072_Wat,331.0459941
38,Sample_S19S_0072_Wat,331.0493372
61,Sample_S19S_0072_Wat,331.0670688
67,Sample_S19S_0072_Wat,331.0823608
41,Sample_S19S_0072_Wat,331.0857029
48,Sample_S19S_0072_Wat,331.1034998
78,Sample_S19S_0072_Wat,331.1187275
13,Sample_S19S_0072_Wat,331.122066
22,Sample_S19S_0072_Wat,331.1399002
16,Sample_S19S_0072_Wat,331.155166
39,Sample_S19S_0072_Wat,332.0412408
26,Sample_S19S_0072_Wat,332.0623668
51,Sample_S19S_0072_Wat,332.0775831
36,Sample_S19S_0072_Wat,332.0987468
41,Sample_S19S_0072_Wat,332.1139958
25,Sample_S19S_0072_Wat,332.1351167
29,Sample_S19S_0072_Wat,333.0252702
47,Sample_S19S_0072_Wat,333.0616512
5,Sample_S19S_0072_Wat,333.0650225
37,Sample_S19S_0072_Wat,333.08277
81,Sample_S19S_0072_Wat,333.0980074
28,Sample_S19S_0072_Wat,333.1013488
11,Sample_S19S_0072_Wat,333.1191757
38,Sample_S19S_0072_Wat,333.1344131
25,Sample_S19S_0072_Wat,333.137741
28,Sample_S19S_0072_Wat,333.1707943
54,Sample_S19S_0072_Wat,334.0568812
17,Sample_S19S_0072_Wat,334.0780188
41,Sample_S19S_0072_Wat,334.0932769
11,Sample_S19S_0072_Wat,334.1144217
40,Sample_S19S_0072_Wat,335.004499
57,Sample_S19S_0072_Wat,335.0409093
10,Sample_S19S_0072_Wat,335.0442667
93,Sample_S19S_0072_Wat,335.0772597
33,Sample_S19S_0072_Wat,335.0806299
53,Sample_S19S_0072_Wat,335.1136067
5,Sample_S19S_0072_Wat,335.1169263
65,Sample_S19S_0072_Wat,335.150042
35,Sample_S19S_0072_Wat,335.1864245
21,Sample_S19S_0072_Wat,336.0361684
27,Sample_S19S_0072_Wat,336.0725571
59,Sample_S19S_0072_Wat,336.1089144
61,Sample_S19S_0072_Wat,337.0201415
8,Sample_S19S_0072_Wat,337.0387346
56,Sample_S19S_0072_Wat,337.0564852
15,Sample_S19S_0072_Wat,337.0695448
110,Sample_S19S_0072_Wat,337.0929176
7,Sample_S19S_0072_Wat,337.1041904
108,Sample_S19S_0072_Wat,337.1292866
57,Sample_S19S_0072_Wat,337.1656867
6,Sample_S19S_0072_Wat,337.2021218
13,Sample_S19S_0072_Wat,338.0518396
71,Sample_S19S_0072_Wat,338.0881798
41,Sample_S19S_0072_Wat,338.1245766
8,Sample_S19S_0072_Wat,339.0180613
68,Sample_S19S_0072_Wat,339.0357996
18,Sample_S19S_0072_Wat,339.0510159
6,Sample_S19S_0072_Wat,339.0543354
115,Sample_S19S_0072_Wat,339.0721726
5,Sample_S19S_0072_Wat,339.0834699
9,Sample_S19S_0072_Wat,339.0907316
117,Sample_S19S_0072_Wat,339.1085453
22,Sample_S19S_0072_Wat,339.1271705
33,Sample_S19S_0072_Wat,339.1449816
36,Sample_S19S_0072_Wat,339.1813533
19,Sample_S19S_0072_Wat,340.0674792
59,Sample_S19S_0072_Wat,340.1038147
47,Sample_S19S_0072_Wat,340.1401964
56,Sample_S19S_0072_Wat,341.0150623
21,Sample_S19S_0072_Wat,341.0302897
14,Sample_S19S_0072_Wat,341.0336306
71,Sample_S19S_0072_Wat,341.0514621
32,Sample_S19S_0072_Wat,341.0667303
17,Sample_S19S_0072_Wat,341.0700215
114,Sample_S19S_0072_Wat,341.0878109
24,Sample_S19S_0072_Wat,341.1031062
13,Sample_S19S_0072_Wat,341.1064053
37,Sample_S19S_0072_Wat,341.12425
21,Sample_S19S_0072_Wat,341.1394885
21,Sample_S19S_0072_Wat,341.1428161
44,Sample_S19S_0072_Wat,341.1606173
37,Sample_S19S_0072_Wat,342.0467143
13,Sample_S19S_0072_Wat,342.0619966
54,Sample_S19S_0072_Wat,342.0830768
40,Sample_S19S_0072_Wat,342.1194926
8,Sample_S19S_0072_Wat,343.0129774
57,Sample_S19S_0072_Wat,343.0307124
44,Sample_S19S_0072_Wat,343.0459579
13,Sample_S19S_0072_Wat,343.0492868
56,Sample_S19S_0072_Wat,343.067113
20,Sample_S19S_0072_Wat,343.0823925
47,Sample_S19S_0072_Wat,343.0857039
98,Sample_S19S_0072_Wat,343.1034685
43,Sample_S19S_0072_Wat,343.1187422
24,Sample_S19S_0072_Wat,343.1220769
15,Sample_S19S_0072_Wat,343.1399075
31,Sample_S19S_0072_Wat,343.1551386
17,Sample_S19S_0072_Wat,343.1584698
43,Sample_S19S_0072_Wat,344.0623517
45,Sample_S19S_0072_Wat,344.0775907
34,Sample_S19S_0072_Wat,344.0987606
1,Sample_S19S_0072_Wat,344.1350437
46,Sample_S19S_0072_Wat,345.0252491
28,Sample_S19S_0072_Wat,345.0286059
51,Sample_S19S_0072_Wat,345.0463327
66,Sample_S19S_0072_Wat,345.0616254
36,Sample_S19S_0072_Wat,345.0649742
54,Sample_S19S_0072_Wat,345.0827674
67,Sample_S19S_0072_Wat,345.0980089
23,Sample_S19S_0072_Wat,345.1013399
48,Sample_S19S_0072_Wat,345.1191373
22,Sample_S19S_0072_Wat,345.1344288
31,Sample_S19S_0072_Wat,345.1377389
28,Sample_S19S_0072_Wat,345.1555412
47,Sample_S19S_0072_Wat,345.170772
30,Sample_S19S_0072_Wat,346.0569005
30,Sample_S19S_0072_Wat,346.07802
51,Sample_S19S_0072_Wat,346.0932318
38,Sample_S19S_0072_Wat,346.1143644
40,Sample_S19S_0072_Wat,346.1296472
16,Sample_S19S_0072_Wat,346.1507606
68,Sample_S19S_0072_Wat,347.0408756
37,Sample_S19S_0072_Wat,347.0620279
95,Sample_S19S_0072_Wat,347.0772564
12,Sample_S19S_0072_Wat,347.0805924
24,Sample_S19S_0072_Wat,347.0903002
59,Sample_S19S_0072_Wat,347.0983726
43,Sample_S19S_0072_Wat,347.1136821
32,Sample_S19S_0072_Wat,347.1170036
71,Sample_S19S_0072_Wat,347.1500262
11,Sample_S19S_0072_Wat,347.1864695
32,Sample_S19S_0072_Wat,348.0361356
26,Sample_S19S_0072_Wat,348.0725611
59,Sample_S19S_0072_Wat,348.1089104
8,Sample_S19S_0072_Wat,348.1300774
59,Sample_S19S_0072_Wat,349.0201636
19,Sample_S19S_0072_Wat,349.0564693
10,Sample_S19S_0072_Wat,349.0598406
12,Sample_S19S_0072_Wat,349.075097
85,Sample_S19S_0072_Wat,349.0929209
12,Sample_S19S_0072_Wat,349.0962266
19,Sample_S19S_0072_Wat,349.1059291
85,Sample_S19S_0072_Wat,349.129303
64,Sample_S19S_0072_Wat,349.1656793
12,Sample_S19S_0072_Wat,349.2021049
18,Sample_S19S_0072_Wat,350.0518357
72,Sample_S19S_0072_Wat,350.0881844
22,Sample_S19S_0072_Wat,350.1245924
72,Sample_S19S_0072_Wat,351.0357871
13,Sample_S19S_0072_Wat,351.0488144
2,Sample_S19S_0072_Wat,351.054245
81,Sample_S19S_0072_Wat,351.0721501
53,Sample_S19S_0072_Wat,351.1085115
19,Sample_S19S_0072_Wat,351.121581
48,Sample_S19S_0072_Wat,351.1449775
38,Sample_S19S_0072_Wat,351.1813076
25,Sample_S19S_0072_Wat,352.0310225
24,Sample_S19S_0072_Wat,352.0674721
62,Sample_S19S_0072_Wat,352.1038206
26,Sample_S19S_0072_Wat,352.140233
57,Sample_S19S_0072_Wat,353.0150696
20,Sample_S19S_0072_Wat,353.0336695
51,Sample_S19S_0072_Wat,353.0514753
17,Sample_S19S_0072_Wat,353.066743
14,Sample_S19S_0072_Wat,353.0700048
113,Sample_S19S_0072_Wat,353.0878166
12,Sample_S19S_0072_Wat,353.0990962
4,Sample_S19S_0072_Wat,353.1063571
74,Sample_S19S_0072_Wat,353.124233
10,Sample_S19S_0072_Wat,353.1428017
46,Sample_S19S_0072_Wat,353.1605629
26,Sample_S19S_0072_Wat,353.1970034
45,Sample_S19S_0072_Wat,354.0467104
65,Sample_S19S_0072_Wat,354.0830704
50,Sample_S19S_0072_Wat,354.1194893
44,Sample_S19S_0072_Wat,354.1558443
56,Sample_S19S_0072_Wat,355.0306981
12,Sample_S19S_0072_Wat,355.0492579
71,Sample_S19S_0072_Wat,355.0671162
4,Sample_S19S_0072_Wat,355.0824171
12,Sample_S19S_0072_Wat,355.0856467
100,Sample_S19S_0072_Wat,355.1034699
46,Sample_S19S_0072_Wat,355.1187368
10,Sample_S19S_0072_Wat,355.1220436
25,Sample_S19S_0072_Wat,355.1399086
15,Sample_S19S_0072_Wat,355.1584835
42,Sample_S19S_0072_Wat,355.1762476
59,Sample_S19S_0072_Wat,356.0623586
26,Sample_S19S_0072_Wat,356.0987693
44,Sample_S19S_0072_Wat,356.1350838
27,Sample_S19S_0072_Wat,357.0251986
12,Sample_S19S_0072_Wat,357.028543
57,Sample_S19S_0072_Wat,357.046323
48,Sample_S19S_0072_Wat,357.061636
11,Sample_S19S_0072_Wat,357.0649448
89,Sample_S19S_0072_Wat,357.0827228
49,Sample_S19S_0072_Wat,357.0979761
7,Sample_S19S_0072_Wat,357.1012479
24,Sample_S19S_0072_Wat,357.1110353
94,Sample_S19S_0072_Wat,357.1191097
33,Sample_S19S_0072_Wat,357.134414
14,Sample_S19S_0072_Wat,357.1377249
61,Sample_S19S_0072_Wat,357.1554992
22,Sample_S19S_0072_Wat,357.1707355
47,Sample_S19S_0072_Wat,358.077999
42,Sample_S19S_0072_Wat,358.0932734
15,Sample_S19S_0072_Wat,358.1507103
11,Sample_S19S_0072_Wat,359.0256737
18,Sample_S19S_0072_Wat,359.0409252
22,Sample_S19S_0072_Wat,359.0442657
62,Sample_S19S_0072_Wat,359.0619959
59,Sample_S19S_0072_Wat,359.077285
50,Sample_S19S_0072_Wat,359.0806207
32,Sample_S19S_0072_Wat,359.0984239
10,Sample_S19S_0072_Wat,359.1169502
49,Sample_S19S_0072_Wat,359.1347452
65,Sample_S19S_0072_Wat,359.1500213
37,Sample_S19S_0072_Wat,360.0361542
26,Sample_S19S_0072_Wat,360.093678
45,Sample_S19S_0072_Wat,360.108919
2,Sample_S19S_0072_Wat,360.1299489
48,Sample_S19S_0072_Wat,361.0201475
54,Sample_S19S_0072_Wat,361.056505
16,Sample_S19S_0072_Wat,361.0598496
20,Sample_S19S_0072_Wat,361.069538
32,Sample_S19S_0072_Wat,361.077621
75,Sample_S19S_0072_Wat,361.0929312
45,Sample_S19S_0072_Wat,361.0962708
41,Sample_S19S_0072_Wat,361.1140532
101,Sample_S19S_0072_Wat,361.1292859
4,Sample_S19S_0072_Wat,361.132556
27,Sample_S19S_0072_Wat,361.1423317
44,Sample_S19S_0072_Wat,361.1657046
67,Sample_S19S_0072_Wat,362.0881611
13,Sample_S19S_0072_Wat,362.1093336
7,Sample_S19S_0072_Wat,362.1246138
64,Sample_S19S_0072_Wat,363.0357881
49,Sample_S19S_0072_Wat,363.0722122
23,Sample_S19S_0072_Wat,363.0755589
96,Sample_S19S_0072_Wat,363.108539
4,Sample_S19S_0072_Wat,363.1118361
19,Sample_S19S_0072_Wat,363.1215932
37,Sample_S19S_0072_Wat,363.1449786
22,Sample_S19S_0072_Wat,363.1812892
38,Sample_S19S_0072_Wat,364.0310639
52,Sample_S19S_0072_Wat,364.0674047
16,Sample_S19S_0072_Wat,364.0885367
63,Sample_S19S_0072_Wat,364.1038292
58,Sample_S19S_0072_Wat,364.1401707
55,Sample_S19S_0072_Wat,365.015069
25,Sample_S19S_0072_Wat,365.0513776
14,Sample_S19S_0072_Wat,365.0644569
100,Sample_S19S_0072_Wat,365.0878382
26,Sample_S19S_0072_Wat,365.1008669
44,Sample_S19S_0072_Wat,365.1241727
16,Sample_S19S_0072_Wat,365.137244
25,Sample_S19S_0072_Wat,365.1606438
32,Sample_S19S_0072_Wat,365.1969623
71,Sample_S19S_0072_Wat,366.0830912
67,Sample_S19S_0072_Wat,366.1194629
9,Sample_S19S_0072_Wat,366.1558943
59,Sample_S19S_0072_Wat,367.0306865
15,Sample_S19S_0072_Wat,367.0492837
92,Sample_S19S_0072_Wat,367.0671094
112,Sample_S19S_0072_Wat,367.1034613
14,Sample_S19S_0072_Wat,367.1220623
14,Sample_S19S_0072_Wat,367.1399195
45,Sample_S19S_0072_Wat,367.1762158
22,Sample_S19S_0072_Wat,367.2126519
17,Sample_S19S_0072_Wat,368.0623951
81,Sample_S19S_0072_Wat,368.0987097
51,Sample_S19S_0072_Wat,368.1351331
9,Sample_S19S_0072_Wat,369.0285398
8,Sample_S19S_0072_Wat,369.0382289
47,Sample_S19S_0072_Wat,369.0463181
7,Sample_S19S_0072_Wat,369.0648494
85,Sample_S19S_0072_Wat,369.0827443
38,Sample_S19S_0072_Wat,369.0980102
6,Sample_S19S_0072_Wat,369.1012127
25,Sample_S19S_0072_Wat,369.111039
29,Sample_S19S_0072_Wat,369.1190631
2,Sample_S19S_0072_Wat,369.1376674
58,Sample_S19S_0072_Wat,369.1555194
11,Sample_S19S_0072_Wat,369.1837969
13,Sample_S19S_0072_Wat,369.1918398
12,Sample_S19S_0072_Wat,370.054153
56,Sample_S19S_0072_Wat,370.0779692
5,Sample_S19S_0072_Wat,370.1062898
35,Sample_S19S_0072_Wat,370.1507341
22,Sample_S19S_0072_Wat,371.0255725
34,Sample_S19S_0072_Wat,371.0408802
9,Sample_S19S_0072_Wat,371.0441824
75,Sample_S19S_0072_Wat,371.0620102
7,Sample_S19S_0072_Wat,371.0805043
20,Sample_S19S_0072_Wat,371.0902981
41,Sample_S19S_0072_Wat,371.0983408
46,Sample_S19S_0072_Wat,371.1136558
7,Sample_S19S_0072_Wat,371.1169082
53,Sample_S19S_0072_Wat,371.1347918
54,Sample_S19S_0072_Wat,371.1500297
41,Sample_S19S_0072_Wat,371.171134
42,Sample_S19S_0072_Wat,372.0725108
50,Sample_S19S_0072_Wat,372.1300076
24,Sample_S19S_0072_Wat,373.0201141
9,Sample_S19S_0072_Wat,373.02348
42,Sample_S19S_0072_Wat,373.0412407
59,Sample_S19S_0072_Wat,373.0565482
22,Sample_S19S_0072_Wat,373.0599109
32,Sample_S19S_0072_Wat,373.0776886
44,Sample_S19S_0072_Wat,373.09294
22,Sample_S19S_0072_Wat,373.0962346
28,Sample_S19S_0072_Wat,373.1059583
57,Sample_S19S_0072_Wat,373.1140108
5,Sample_S19S_0072_Wat,373.1325699
16,Sample_S19S_0072_Wat,373.1504711
16,Sample_S19S_0072_Wat,373.1657318
6,Sample_S19S_0072_Wat,374.0729636
15,Sample_S19S_0072_Wat,374.1245961
35,Sample_S19S_0072_Wat,374.1456527
22,Sample_S19S_0072_Wat,375.0358416
17,Sample_S19S_0072_Wat,375.0569615
71,Sample_S19S_0072_Wat,375.0721973
39,Sample_S19S_0072_Wat,375.0755416
25,Sample_S19S_0072_Wat,375.0852221
42,Sample_S19S_0072_Wat,375.0932745
10,Sample_S19S_0072_Wat,375.1118457
30,Sample_S19S_0072_Wat,375.1297066
84,Sample_S19S_0072_Wat,375.1449442
26,Sample_S19S_0072_Wat,375.1579842
26,Sample_S19S_0072_Wat,375.1812892
48,Sample_S19S_0072_Wat,376.0674564
27,Sample_S19S_0072_Wat,376.1249335
29,Sample_S19S_0072_Wat,377.0150486
3,Sample_S19S_0072_Wat,377.033545
72,Sample_S19S_0072_Wat,377.0514538
24,Sample_S19S_0072_Wat,377.0548048
2,Sample_S19S_0072_Wat,377.0699843
61,Sample_S19S_0072_Wat,377.0877952
9,Sample_S19S_0072_Wat,377.0911145
16,Sample_S19S_0072_Wat,377.100823
100,Sample_S19S_0072_Wat,377.1241915
5,Sample_S19S_0072_Wat,377.1274434
25,Sample_S19S_0072_Wat,377.1372608
61,Sample_S19S_0072_Wat,377.1606102
11,Sample_S19S_0072_Wat,377.1735945
19,Sample_S19S_0072_Wat,377.1969233
16,Sample_S19S_0072_Wat,378.0466478
12,Sample_S19S_0072_Wat,378.0678072
52,Sample_S19S_0072_Wat,378.0831073
70,Sample_S19S_0072_Wat,378.1194361
52,Sample_S19S_0072_Wat,378.1558494
60,Sample_S19S_0072_Wat,379.0307221
2,Sample_S19S_0072_Wat,379.0491346
27,Sample_S19S_0072_Wat,379.0670295
15,Sample_S19S_0072_Wat,379.0800689
111,Sample_S19S_0072_Wat,379.1034645
26,Sample_S19S_0072_Wat,379.1165229
97,Sample_S19S_0072_Wat,379.1398402
16,Sample_S19S_0072_Wat,379.1528588
57,Sample_S19S_0072_Wat,379.1762343
19,Sample_S19S_0072_Wat,379.2126518
8,Sample_S19S_0072_Wat,380.0259079
71,Sample_S19S_0072_Wat,380.0987084
71,Sample_S19S_0072_Wat,380.1350974
16,Sample_S19S_0072_Wat,381.0099072
5,Sample_S19S_0072_Wat,381.0285164
65,Sample_S19S_0072_Wat,381.0463502
31,Sample_S19S_0072_Wat,381.0826619
104,Sample_S19S_0072_Wat,381.1191186
21,Sample_S19S_0072_Wat,381.1321708
84,Sample_S19S_0072_Wat,381.1555031
32,Sample_S19S_0072_Wat,381.1918695
32,Sample_S19S_0072_Wat,382.0415806
58,Sample_S19S_0072_Wat,382.0779661
72,Sample_S19S_0072_Wat,382.1143936
14,Sample_S19S_0072_Wat,382.1507159
29,Sample_S19S_0072_Wat,383.0255766
10,Sample_S19S_0072_Wat,383.040804
1,Sample_S19S_0072_Wat,383.0440773
37,Sample_S19S_0072_Wat,383.0619616
5,Sample_S19S_0072_Wat,383.0804294
105,Sample_S19S_0072_Wat,383.0983806
37,Sample_S19S_0072_Wat,383.1136188
27,Sample_S19S_0072_Wat,383.1266887
32,Sample_S19S_0072_Wat,383.1347075
8,Sample_S19S_0072_Wat,383.1499631
3,Sample_S19S_0072_Wat,383.1533024
30,Sample_S19S_0072_Wat,383.1711132
32,Sample_S19S_0072_Wat,383.2075249
32,Sample_S19S_0072_Wat,384.0572385
59,Sample_S19S_0072_Wat,384.0936599
35,Sample_S19S_0072_Wat,384.1664077
11,Sample_S19S_0072_Wat,385.0201172
10,Sample_S19S_0072_Wat,385.0234761
12,Sample_S19S_0072_Wat,385.0331631
25,Sample_S19S_0072_Wat,385.0412026
34,Sample_S19S_0072_Wat,385.0564963
6,Sample_S19S_0072_Wat,385.0597522
81,Sample_S19S_0072_Wat,385.0776412
55,Sample_S19S_0072_Wat,385.0929264
7,Sample_S19S_0072_Wat,385.0961706
36,Sample_S19S_0072_Wat,385.1139909
33,Sample_S19S_0072_Wat,385.1292595
1,Sample_S19S_0072_Wat,385.1324986
22,Sample_S19S_0072_Wat,385.1423072
33,Sample_S19S_0072_Wat,385.1503825
30,Sample_S19S_0072_Wat,385.1868285
42,Sample_S19S_0072_Wat,386.0728862
53,Sample_S19S_0072_Wat,386.0881802
7,Sample_S19S_0072_Wat,386.1012164
50,Sample_S19S_0072_Wat,386.1093009
33,Sample_S19S_0072_Wat,386.1820531
47,Sample_S19S_0072_Wat,387.0358113
26,Sample_S19S_0072_Wat,387.0391593
25,Sample_S19S_0072_Wat,387.0568488
13,Sample_S19S_0072_Wat,387.0721252
7,Sample_S19S_0072_Wat,387.075423
21,Sample_S19S_0072_Wat,387.0851909
27,Sample_S19S_0072_Wat,387.0932457
79,Sample_S19S_0072_Wat,387.1085636
5,Sample_S19S_0072_Wat,387.1118261
80,Sample_S19S_0072_Wat,387.1296791
18,Sample_S19S_0072_Wat,387.1579654
12,Sample_S19S_0072_Wat,387.1659841
24,Sample_S19S_0072_Wat,387.1812925
11,Sample_S19S_0072_Wat,387.19436
60,Sample_S19S_0072_Wat,388.0674506
32,Sample_S19S_0072_Wat,388.1037783
1,Sample_S19S_0072_Wat,388.1167563
44,Sample_S19S_0072_Wat,388.1249219
51,Sample_S19S_0072_Wat,388.1401722
23,Sample_S19S_0072_Wat,389.0150297
10,Sample_S19S_0072_Wat,389.0280824
43,Sample_S19S_0072_Wat,389.051417
7,Sample_S19S_0072_Wat,389.054731
12,Sample_S19S_0072_Wat,389.0644457
22,Sample_S19S_0072_Wat,389.0724972
77,Sample_S19S_0072_Wat,389.0878118
11,Sample_S19S_0072_Wat,389.0911204
25,Sample_S19S_0072_Wat,389.1008827
32,Sample_S19S_0072_Wat,389.108981
93,Sample_S19S_0072_Wat,389.1242045
5,Sample_S19S_0072_Wat,389.1274498
21,Sample_S19S_0072_Wat,389.1372295
15,Sample_S19S_0072_Wat,389.1452618
29,Sample_S19S_0072_Wat,389.1605387
17,Sample_S19S_0072_Wat,389.1736085
41,Sample_S19S_0072_Wat,389.1969883
27,Sample_S19S_0072_Wat,390.0466839
74,Sample_S19S_0072_Wat,390.083092
25,Sample_S19S_0072_Wat,391.0307447
45,Sample_S19S_0072_Wat,391.0670531
9,Sample_S19S_0072_Wat,391.070384
45,Sample_S19S_0072_Wat,391.1034381
5,Sample_S19S_0072_Wat,391.1066925
49,Sample_S19S_0072_Wat,391.1398852
8,Sample_S19S_0072_Wat,391.1528412
34,Sample_S19S_0072_Wat,391.1762035
28,Sample_S19S_0072_Wat,391.212612
45,Sample_S19S_0072_Wat,392.06231
11,Sample_S19S_0072_Wat,392.0834684
72,Sample_S19S_0072_Wat,392.098752
20,Sample_S19S_0072_Wat,392.1198706
64,Sample_S19S_0072_Wat,392.1351125
10,Sample_S19S_0072_Wat,393.010021
39,Sample_S19S_0072_Wat,393.0463154
11,Sample_S19S_0072_Wat,393.0593644
81,Sample_S19S_0072_Wat,393.0827628
90,Sample_S19S_0072_Wat,393.1191285
19,Sample_S19S_0072_Wat,393.1321265
2,Sample_S19S_0072_Wat,393.1475032
42,Sample_S19S_0072_Wat,393.1554711
21,Sample_S19S_0072_Wat,393.1919402
30,Sample_S19S_0072_Wat,394.0415806
34,Sample_S19S_0072_Wat,394.078026
46,Sample_S19S_0072_Wat,394.1144108
30,Sample_S19S_0072_Wat,395.0255818
4,Sample_S19S_0072_Wat,395.0441067
54,Sample_S19S_0072_Wat,395.0619708
54,Sample_S19S_0072_Wat,395.0984243
116,Sample_S19S_0072_Wat,395.1347697
12,Sample_S19S_0072_Wat,395.1477706
48,Sample_S19S_0072_Wat,395.171191
64,Sample_S19S_0072_Wat,396.0936653
37,Sample_S19S_0072_Wat,396.13006
55,Sample_S19S_0072_Wat,396.1664019
44,Sample_S19S_0072_Wat,397.0412485
5,Sample_S19S_0072_Wat,397.0597441
30,Sample_S19S_0072_Wat,397.0775828
4,Sample_S19S_0072_Wat,397.0960818
18,Sample_S19S_0072_Wat,397.1059758
68,Sample_S19S_0072_Wat,397.1140135
3,Sample_S19S_0072_Wat,397.1325142
87,Sample_S19S_0072_Wat,397.1504225
14,Sample_S19S_0072_Wat,397.165634
19,Sample_S19S_0072_Wat,397.1867602
53,Sample_S19S_0072_Wat,398.0729329
62,Sample_S19S_0072_Wat,398.1456531
29,Sample_S19S_0072_Wat,399.0205105
9,Sample_S19S_0072_Wat,399.0488349
16,Sample_S19S_0072_Wat,399.0568344
31,Sample_S19S_0072_Wat,399.0721389
5,Sample_S19S_0072_Wat,399.0753668
24,Sample_S19S_0072_Wat,399.085227
64,Sample_S19S_0072_Wat,399.0932727
25,Sample_S19S_0072_Wat,399.1086044
5,Sample_S19S_0072_Wat,399.1117451
62,Sample_S19S_0072_Wat,399.1296635
43,Sample_S19S_0072_Wat,399.1449193
2,Sample_S19S_0072_Wat,399.1480952
13,Sample_S19S_0072_Wat,399.1579458
3,Sample_S19S_0072_Wat,399.1659287
12,Sample_S19S_0072_Wat,399.1943775
27,Sample_S19S_0072_Wat,399.2024375
17,Sample_S19S_0072_Wat,400.0674729
30,Sample_S19S_0072_Wat,400.1249077
22,Sample_S19S_0072_Wat,401.0362034
52,Sample_S19S_0072_Wat,401.0514549
16,Sample_S19S_0072_Wat,401.0547584
16,Sample_S19S_0072_Wat,401.0644945
22,Sample_S19S_0072_Wat,401.0725084
63,Sample_S19S_0072_Wat,401.0878209
8,Sample_S19S_0072_Wat,401.0910681
54,Sample_S19S_0072_Wat,401.1089631
63,Sample_S19S_0072_Wat,401.1453284
60,Sample_S19S_0072_Wat,401.1605804
12,Sample_S19S_0072_Wat,401.1736033
14,Sample_S19S_0072_Wat,401.1816514
22,Sample_S19S_0072_Wat,402.0466811
16,Sample_S19S_0072_Wat,402.0831391
2,Sample_S19S_0072_Wat,402.1042761
8,Sample_S19S_0072_Wat,402.1195259
25,Sample_S19S_0072_Wat,402.1405573
10,Sample_S19S_0072_Wat,403.0305846
12,Sample_S19S_0072_Wat,403.0437271
16,Sample_S19S_0072_Wat,403.0517845
71,Sample_S19S_0072_Wat,403.0671122
16,Sample_S19S_0072_Wat,403.0704072
58,Sample_S19S_0072_Wat,403.0881974
66,Sample_S19S_0072_Wat,403.1034476
4,Sample_S19S_0072_Wat,403.1066431
21,Sample_S19S_0072_Wat,403.1164656
15,Sample_S19S_0072_Wat,403.1245163
87,Sample_S19S_0072_Wat,403.1398463
27,Sample_S19S_0072_Wat,403.1529106
31,Sample_S19S_0072_Wat,403.1762826
29,Sample_S19S_0072_Wat,403.2126282
15,Sample_S19S_0072_Wat,404.025924
64,Sample_S19S_0072_Wat,404.0623618
71,Sample_S19S_0072_Wat,404.1351085
59,Sample_S19S_0072_Wat,405.0463718
46,Sample_S19S_0072_Wat,405.0827082
3,Sample_S19S_0072_Wat,405.0859264
32,Sample_S19S_0072_Wat,405.1190623
25,Sample_S19S_0072_Wat,405.1321292
49,Sample_S19S_0072_Wat,405.1555362
22,Sample_S19S_0072_Wat,405.1685606
34,Sample_S19S_0072_Wat,405.1918632
18,Sample_S19S_0072_Wat,406.041642
6,Sample_S19S_0072_Wat,406.0990792
73,Sample_S19S_0072_Wat,406.1143545
19,Sample_S19S_0072_Wat,407.0255705
62,Sample_S19S_0072_Wat,407.0620299
14,Sample_S19S_0072_Wat,407.0750599
92,Sample_S19S_0072_Wat,407.0983755
14,Sample_S19S_0072_Wat,407.1113661
81,Sample_S19S_0072_Wat,407.1347505
17,Sample_S19S_0072_Wat,407.1477958
1,Sample_S19S_0072_Wat,407.1632455
11,Sample_S19S_0072_Wat,407.1712237
17,Sample_S19S_0072_Wat,407.2075913
71,Sample_S19S_0072_Wat,408.0936661
81,Sample_S19S_0072_Wat,408.1300077
26,Sample_S19S_0072_Wat,409.0412228
25,Sample_S19S_0072_Wat,409.07757
91,Sample_S19S_0072_Wat,409.1140221
12,Sample_S19S_0072_Wat,409.1270356
92,Sample_S19S_0072_Wat,409.1504235
11,Sample_S19S_0072_Wat,409.1787026
13,Sample_S19S_0072_Wat,409.1867344
22,Sample_S19S_0072_Wat,410.0365413
57,Sample_S19S_0072_Wat,410.0729191
18,Sample_S19S_0072_Wat,410.1092388
60,Sample_S19S_0072_Wat,410.1456867
26,Sample_S19S_0072_Wat,411.0205049
8,Sample_S19S_0072_Wat,411.0357156
7,Sample_S19S_0072_Wat,411.0390774
20,Sample_S19S_0072_Wat,411.0568579
75,Sample_S19S_0072_Wat,411.0933142
81,Sample_S19S_0072_Wat,411.1296933
28,Sample_S19S_0072_Wat,411.1579879
45,Sample_S19S_0072_Wat,411.1660419
21,Sample_S19S_0072_Wat,412.0521769
40,Sample_S19S_0072_Wat,412.0885256
56,Sample_S19S_0072_Wat,412.1249118
27,Sample_S19S_0072_Wat,413.0361429
16,Sample_S19S_0072_Wat,413.06446
9,Sample_S19S_0072_Wat,413.072442
33,Sample_S19S_0072_Wat,413.087795
28,Sample_S19S_0072_Wat,413.1008794
79,Sample_S19S_0072_Wat,413.1089345
62,Sample_S19S_0072_Wat,413.12421
17,Sample_S19S_0072_Wat,413.1372735
22,Sample_S19S_0072_Wat,413.1452768
7,Sample_S19S_0072_Wat,413.1605228
2,Sample_S19S_0072_Wat,413.1637843
14,Sample_S19S_0072_Wat,413.1736056
9,Sample_S19S_0072_Wat,413.1816156
2,Sample_S19S_0072_Wat,413.1968493
21,Sample_S19S_0072_Wat,414.0831299
18,Sample_S19S_0072_Wat,415.0306688
20,Sample_S19S_0072_Wat,415.0518724
6,Sample_S19S_0072_Wat,415.0671726
15,Sample_S19S_0072_Wat,415.0704085
9,Sample_S19S_0072_Wat,415.080159
58,Sample_S19S_0072_Wat,415.0881916
59,Sample_S19S_0072_Wat,415.1034568
4,Sample_S19S_0072_Wat,415.1066895
16,Sample_S19S_0072_Wat,415.1164835
32,Sample_S19S_0072_Wat,415.1245406
4,Sample_S19S_0072_Wat,415.1430564
18,Sample_S19S_0072_Wat,415.1529316
55,Sample_S19S_0072_Wat,415.1609859
8,Sample_S19S_0072_Wat,415.1763155
22,Sample_S19S_0072_Wat,415.1973464
28,Sample_S19S_0072_Wat,416.0623295
6,Sample_S19S_0072_Wat,416.0986591
69,Sample_S19S_0072_Wat,416.1351142
32,Sample_S19S_0072_Wat,417.0463346
14,Sample_S19S_0072_Wat,417.0593749
18,Sample_S19S_0072_Wat,417.0674105
24,Sample_S19S_0072_Wat,417.0826722
7,Sample_S19S_0072_Wat,417.085967
16,Sample_S19S_0072_Wat,417.0957124
20,Sample_S19S_0072_Wat,417.1037889
77,Sample_S19S_0072_Wat,417.1191101
4,Sample_S19S_0072_Wat,417.1223013
35,Sample_S19S_0072_Wat,417.1321667
36,Sample_S19S_0072_Wat,417.1402188
73,Sample_S19S_0072_Wat,417.1555165
34,Sample_S19S_0072_Wat,417.1685514
3,Sample_S19S_0072_Wat,417.2048604
13,Sample_S19S_0072_Wat,418.0416648
20,Sample_S19S_0072_Wat,418.1144292
23,Sample_S19S_0072_Wat,419.0256123
36,Sample_S19S_0072_Wat,419.0619721
7,Sample_S19S_0072_Wat,419.0829959
14,Sample_S19S_0072_Wat,419.0982983
2,Sample_S19S_0072_Wat,419.1015327
5,Sample_S19S_0072_Wat,419.1113471
94,Sample_S19S_0072_Wat,419.1347745
4,Sample_S19S_0072_Wat,419.1379181
21,Sample_S19S_0072_Wat,419.1478319
43,Sample_S19S_0072_Wat,419.1711927
22,Sample_S19S_0072_Wat,419.1842051
37,Sample_S19S_0072_Wat,419.207525
42,Sample_S19S_0072_Wat,420.0572817
43,Sample_S19S_0072_Wat,421.0412704
10,Sample_S19S_0072_Wat,421.0543002
20,Sample_S19S_0072_Wat,421.0777047
16,Sample_S19S_0072_Wat,421.0906648
98,Sample_S19S_0072_Wat,421.1140346
15,Sample_S19S_0072_Wat,421.1270174
84,Sample_S19S_0072_Wat,421.1504292
1,Sample_S19S_0072_Wat,421.1552081
17,Sample_S19S_0072_Wat,421.1634511
23,Sample_S19S_0072_Wat,421.1868654
3,Sample_S19S_0072_Wat,421.2232692
2,Sample_S19S_0072_Wat,422.0364426
51,Sample_S19S_0072_Wat,422.0728802
32,Sample_S19S_0072_Wat,422.1093338
18,Sample_S19S_0072_Wat,423.0205894
54,Sample_S19S_0072_Wat,423.0569089
28,Sample_S19S_0072_Wat,423.093231
104,Sample_S19S_0072_Wat,423.1296813
32,Sample_S19S_0072_Wat,423.1661225
40,Sample_S19S_0072_Wat,423.2024382
14,Sample_S19S_0072_Wat,424.0522173
1,Sample_S19S_0072_Wat,424.0886497
45,Sample_S19S_0072_Wat,424.1249783
44,Sample_S19S_0072_Wat,425.0361852
10,Sample_S19S_0072_Wat,425.0644881
16,Sample_S19S_0072_Wat,425.0724714
15,Sample_S19S_0072_Wat,425.1008972
50,Sample_S19S_0072_Wat,425.1089252
21,Sample_S19S_0072_Wat,425.1453873
42,Sample_S19S_0072_Wat,425.1816982
67,Sample_S19S_0072_Wat,426.1405881
54,Sample_S19S_0072_Wat,426.1769689
9,Sample_S19S_0072_Wat,427.0307487
21,Sample_S19S_0072_Wat,427.0518808
8,Sample_S19S_0072_Wat,427.0669702
12,Sample_S19S_0072_Wat,427.0801714
42,Sample_S19S_0072_Wat,427.088175
35,Sample_S19S_0072_Wat,427.1035014
17,Sample_S19S_0072_Wat,427.1165345
74,Sample_S19S_0072_Wat,427.1245871
5,Sample_S19S_0072_Wat,427.1399769
5,Sample_S19S_0072_Wat,427.1431663
3,Sample_S19S_0072_Wat,427.1610597
3,Sample_S19S_0072_Wat,427.1763557
19,Sample_S19S_0072_Wat,428.0470647
29,Sample_S19S_0072_Wat,428.1562791
24,Sample_S19S_0072_Wat,429.0463286
46,Sample_S19S_0072_Wat,429.067488
2,Sample_S19S_0072_Wat,429.0829209
5,Sample_S19S_0072_Wat,429.1039457
4,Sample_S19S_0072_Wat,429.1192381
62,Sample_S19S_0072_Wat,429.1402424
26,Sample_S19S_0072_Wat,429.1555582
3,Sample_S19S_0072_Wat,429.1587517
24,Sample_S19S_0072_Wat,429.1685491
17,Sample_S19S_0072_Wat,429.1765924
44,Sample_S19S_0072_Wat,429.1919036
19,Sample_S19S_0072_Wat,430.0416122
12,Sample_S19S_0072_Wat,430.0780537
47,Sample_S19S_0072_Wat,430.1354817
16,Sample_S19S_0072_Wat,431.0256563
9,Sample_S19S_0072_Wat,431.04681
57,Sample_S19S_0072_Wat,431.0620177
41,Sample_S19S_0072_Wat,431.083125
73,Sample_S19S_0072_Wat,431.098388
6,Sample_S19S_0072_Wat,431.1016424
19,Sample_S19S_0072_Wat,431.1113826
23,Sample_S19S_0072_Wat,431.1194411
30,Sample_S19S_0072_Wat,431.1347291
22,Sample_S19S_0072_Wat,431.1477957
21,Sample_S19S_0072_Wat,431.1558407
35,Sample_S19S_0072_Wat,431.1711879
16,Sample_S19S_0072_Wat,431.2076023
8,Sample_S19S_0072_Wat,432.0573233
20,Sample_S19S_0072_Wat,432.078404
76,Sample_S19S_0072_Wat,432.093661
71,Sample_S19S_0072_Wat,432.1300404
36,Sample_S19S_0072_Wat,433.0412948
70,Sample_S19S_0072_Wat,433.077665
13,Sample_S19S_0072_Wat,433.0906617
11,Sample_S19S_0072_Wat,433.0986887
24,Sample_S19S_0072_Wat,433.1139658
5,Sample_S19S_0072_Wat,433.1269982
30,Sample_S19S_0072_Wat,433.1503758
22,Sample_S19S_0072_Wat,433.1634586
38,Sample_S19S_0072_Wat,433.1868494
10,Sample_S19S_0072_Wat,434.072975
21,Sample_S19S_0072_Wat,434.1093421
10,Sample_S19S_0072_Wat,435.0204588
36,Sample_S19S_0072_Wat,435.0569041
15,Sample_S19S_0072_Wat,435.0698968
75,Sample_S19S_0072_Wat,435.093324
16,Sample_S19S_0072_Wat,435.1062764
32,Sample_S19S_0072_Wat,435.1296329
3,Sample_S19S_0072_Wat,435.1426364
24,Sample_S19S_0072_Wat,435.1659973
55,Sample_S19S_0072_Wat,435.2024665
21,Sample_S19S_0072_Wat,436.0521427
25,Sample_S19S_0072_Wat,436.0886111
5,Sample_S19S_0072_Wat,436.1250197
33,Sample_S19S_0072_Wat,437.0361523
22,Sample_S19S_0072_Wat,437.072483
7,Sample_S19S_0072_Wat,437.1009114
26,Sample_S19S_0072_Wat,437.1088959
2,Sample_S19S_0072_Wat,437.1219003
58,Sample_S19S_0072_Wat,437.1453651
16,Sample_S19S_0072_Wat,437.158378
50,Sample_S19S_0072_Wat,437.1817485
9,Sample_S19S_0072_Wat,437.2180272
17,Sample_S19S_0072_Wat,438.0678822
74,Sample_S19S_0072_Wat,438.1405683
16,Sample_S19S_0072_Wat,439.051737
68,Sample_S19S_0072_Wat,439.0882098
80,Sample_S19S_0072_Wat,439.1246064
16,Sample_S19S_0072_Wat,439.1529344
29,Sample_S19S_0072_Wat,439.1609425
19,Sample_S19S_0072_Wat,439.1892886
17,Sample_S19S_0072_Wat,439.1973056
39,Sample_S19S_0072_Wat,440.0834468
32,Sample_S19S_0072_Wat,440.1198163
16,Sample_S19S_0072_Wat,441.0310268
8,Sample_S19S_0072_Wat,441.0462365
31,Sample_S19S_0072_Wat,441.0674409
37,Sample_S19S_0072_Wat,441.1039049
17,Sample_S19S_0072_Wat,441.1191742
54,Sample_S19S_0072_Wat,441.1402285
12,Sample_S19S_0072_Wat,441.1554489
15,Sample_S19S_0072_Wat,441.168514
18,Sample_S19S_0072_Wat,441.1765589
10,Sample_S19S_0072_Wat,441.2049192
9,Sample_S19S_0072_Wat,441.2129575
9,Sample_S19S_0072_Wat,442.0990637
20,Sample_S19S_0072_Wat,442.135461
19,Sample_S19S_0072_Wat,443.0466588
13,Sample_S19S_0072_Wat,443.061884
14,Sample_S19S_0072_Wat,443.0749837
31,Sample_S19S_0072_Wat,443.0830557
40,Sample_S19S_0072_Wat,443.0984287
5,Sample_S19S_0072_Wat,443.1016577
17,Sample_S19S_0072_Wat,443.1114516
63,Sample_S19S_0072_Wat,443.119518
4,Sample_S19S_0072_Wat,443.1348538
7,Sample_S19S_0072_Wat,443.1380667
22,Sample_S19S_0072_Wat,443.1478565
51,Sample_S19S_0072_Wat,443.1558944
27,Sample_S19S_0072_Wat,443.1711201
20,Sample_S19S_0072_Wat,443.1841796
12,Sample_S19S_0072_Wat,443.1922057
37,Sample_S19S_0072_Wat,444.0572726
34,Sample_S19S_0072_Wat,445.0412697
7,Sample_S19S_0072_Wat,445.054308
33,Sample_S19S_0072_Wat,445.0623769
34,Sample_S19S_0072_Wat,445.0776178
11,Sample_S19S_0072_Wat,445.0986624
2,Sample_S19S_0072_Wat,445.1083593
16,Sample_S19S_0072_Wat,445.1139537
4,Sample_S19S_0072_Wat,445.1171907
17,Sample_S19S_0072_Wat,445.127011
6,Sample_S19S_0072_Wat,445.1350548
33,Sample_S19S_0072_Wat,445.1503907
32,Sample_S19S_0072_Wat,445.1634705
41,Sample_S19S_0072_Wat,445.1715289
42,Sample_S19S_0072_Wat,445.1868428
15,Sample_S19S_0072_Wat,446.0728598
2,Sample_S19S_0072_Wat,446.0939418
47,Sample_S19S_0072_Wat,446.1092739
12,Sample_S19S_0072_Wat,447.0204695
8,Sample_S19S_0072_Wat,447.056785
5,Sample_S19S_0072_Wat,447.0779114
14,Sample_S19S_0072_Wat,447.09323
79,Sample_S19S_0072_Wat,447.1297048
73,Sample_S19S_0072_Wat,447.1660641
13,Sample_S19S_0072_Wat,447.2023724
64,Sample_S19S_0072_Wat,448.088573
16,Sample_S19S_0072_Wat,448.1096972
15,Sample_S19S_0072_Wat,449.0360637
21,Sample_S19S_0072_Wat,449.0724952
18,Sample_S19S_0072_Wat,449.0855556
92,Sample_S19S_0072_Wat,449.1089599
18,Sample_S19S_0072_Wat,449.1219859
79,Sample_S19S_0072_Wat,449.1453221
19,Sample_S19S_0072_Wat,449.1583358
24,Sample_S19S_0072_Wat,449.1816462
11,Sample_S19S_0072_Wat,449.2180299
7,Sample_S19S_0072_Wat,451.0153576
15,Sample_S19S_0072_Wat,451.0517204
34,Sample_S19S_0072_Wat,451.0881744
58,Sample_S19S_0072_Wat,451.124616
1,Sample_S19S_0072_Wat,451.1530256
33,Sample_S19S_0072_Wat,451.1609528
8,Sample_S19S_0072_Wat,451.1739524
6,Sample_S19S_0072_Wat,451.1972791
2,Sample_S19S_0072_Wat,452.0469724
38,Sample_S19S_0072_Wat,452.0834394
17,Sample_S19S_0072_Wat,452.1199139
19,Sample_S19S_0072_Wat,453.0310814
21,Sample_S19S_0072_Wat,453.0673983
11,Sample_S19S_0072_Wat,453.0957146
15,Sample_S19S_0072_Wat,453.1037558
16,Sample_S19S_0072_Wat,453.1321972
39,Sample_S19S_0072_Wat,453.140211
3,Sample_S19S_0072_Wat,453.1686448
62,Sample_S19S_0072_Wat,453.1766436
11,Sample_S19S_0072_Wat,453.2049759
29,Sample_S19S_0072_Wat,454.0627542
36,Sample_S19S_0072_Wat,455.0467468
34,Sample_S19S_0072_Wat,455.0620251
11,Sample_S19S_0072_Wat,455.0750667
43,Sample_S19S_0072_Wat,455.0831528
17,Sample_S19S_0072_Wat,455.111472
35,Sample_S19S_0072_Wat,455.1194736
1,Sample_S19S_0072_Wat,455.1290278
8,Sample_S19S_0072_Wat,455.1346803
5,Sample_S19S_0072_Wat,455.1380162
19,Sample_S19S_0072_Wat,455.14777
13,Sample_S19S_0072_Wat,455.1558023
11,Sample_S19S_0072_Wat,455.1841535
15,Sample_S19S_0072_Wat,455.2205892
25,Sample_S19S_0072_Wat,457.0412916
33,Sample_S19S_0072_Wat,457.0624071
16,Sample_S19S_0072_Wat,457.0776174
11,Sample_S19S_0072_Wat,457.0906483
18,Sample_S19S_0072_Wat,457.0986905
21,Sample_S19S_0072_Wat,457.1139922
5,Sample_S19S_0072_Wat,457.1172314
13,Sample_S19S_0072_Wat,457.1270095
13,Sample_S19S_0072_Wat,457.1350642
1,Sample_S19S_0072_Wat,457.1447412
20,Sample_S19S_0072_Wat,457.1634444
25,Sample_S19S_0072_Wat,457.1715231
52,Sample_S19S_0072_Wat,457.1868094
12,Sample_S19S_0072_Wat,457.1998933
35,Sample_S19S_0072_Wat,458.0729028
19,Sample_S19S_0072_Wat,459.0416602
15,Sample_S19S_0072_Wat,459.0568713
8,Sample_S19S_0072_Wat,459.069913
19,Sample_S19S_0072_Wat,459.0779746
17,Sample_S19S_0072_Wat,459.0932353
17,Sample_S19S_0072_Wat,459.1062882
23,Sample_S19S_0072_Wat,459.1143457
53,Sample_S19S_0072_Wat,459.1296693
33,Sample_S19S_0072_Wat,459.142719
36,Sample_S19S_0072_Wat,459.1508169
41,Sample_S19S_0072_Wat,459.1661042
21,Sample_S19S_0072_Wat,459.2025048
50,Sample_S19S_0072_Wat,460.0885829
46,Sample_S19S_0072_Wat,460.1249704
13,Sample_S19S_0072_Wat,460.1612688
26,Sample_S19S_0072_Wat,461.036196
6,Sample_S19S_0072_Wat,461.0492316
21,Sample_S19S_0072_Wat,461.0572822
23,Sample_S19S_0072_Wat,461.0725007
13,Sample_S19S_0072_Wat,461.0855391
8,Sample_S19S_0072_Wat,461.0935699
13,Sample_S19S_0072_Wat,461.1088271
4,Sample_S19S_0072_Wat,461.1218899
10,Sample_S19S_0072_Wat,461.1299458
4,Sample_S19S_0072_Wat,461.1396751
23,Sample_S19S_0072_Wat,461.1452647
17,Sample_S19S_0072_Wat,461.1583343
37,Sample_S19S_0072_Wat,461.1817537
11,Sample_S19S_0072_Wat,461.1948089
27,Sample_S19S_0072_Wat,461.218132
18,Sample_S19S_0072_Wat,462.1042629
7,Sample_S19S_0072_Wat,463.015396
37,Sample_S19S_0072_Wat,463.0518315
2,Sample_S19S_0072_Wat,463.064914
42,Sample_S19S_0072_Wat,463.0881954
15,Sample_S19S_0072_Wat,463.124491
3,Sample_S19S_0072_Wat,463.1375144
7,Sample_S19S_0072_Wat,463.1608564
5,Sample_S19S_0072_Wat,463.1739081
15,Sample_S19S_0072_Wat,463.1972938
32,Sample_S19S_0072_Wat,463.2337601
23,Sample_S19S_0072_Wat,464.1198095
10,Sample_S19S_0072_Wat,465.0310055
13,Sample_S19S_0072_Wat,465.06738
32,Sample_S19S_0072_Wat,465.1038259
23,Sample_S19S_0072_Wat,465.1532935
57,Sample_S19S_0072_Wat,465.1766182
13,Sample_S19S_0072_Wat,465.2129596
54,Sample_S19S_0072_Wat,466.1355201
1,Sample_S19S_0072_Wat,466.1435867
38,Sample_S19S_0072_Wat,467.0467531
47,Sample_S19S_0072_Wat,467.0831629
49,Sample_S19S_0072_Wat,467.1195422
23,Sample_S19S_0072_Wat,467.1478261
28,Sample_S19S_0072_Wat,467.1558326
19,Sample_S19S_0072_Wat,467.184209
7,Sample_S19S_0072_Wat,467.1921933
10,Sample_S19S_0072_Wat,467.220621
15,Sample_S19S_0072_Wat,467.2286363
25,Sample_S19S_0072_Wat,468.1147294
11,Sample_S19S_0072_Wat,469.0260039
17,Sample_S19S_0072_Wat,469.0412947
32,Sample_S19S_0072_Wat,469.062394
11,Sample_S19S_0072_Wat,469.0906533
23,Sample_S19S_0072_Wat,469.0986993
19,Sample_S19S_0072_Wat,469.1270251
12,Sample_S19S_0072_Wat,469.1350525
5,Sample_S19S_0072_Wat,469.1503074
11,Sample_S19S_0072_Wat,469.1633964
20,Sample_S19S_0072_Wat,469.199861
12,Sample_S19S_0072_Wat,471.0416901
8,Sample_S19S_0072_Wat,471.069939
32,Sample_S19S_0072_Wat,471.0780166
16,Sample_S19S_0072_Wat,471.093255
15,Sample_S19S_0072_Wat,471.106291
6,Sample_S19S_0072_Wat,471.1295835
7,Sample_S19S_0072_Wat,471.1426129
12,Sample_S19S_0072_Wat,471.1506882
8,Sample_S19S_0072_Wat,471.16598
17,Sample_S19S_0072_Wat,471.1790652
18,Sample_S19S_0072_Wat,471.1871307
11,Sample_S19S_0072_Wat,471.2024048
14,Sample_S19S_0072_Wat,471.2155389
15,Sample_S19S_0072_Wat,473.0361823
7,Sample_S19S_0072_Wat,473.0573502
32,Sample_S19S_0072_Wat,473.0726032
30,Sample_S19S_0072_Wat,473.0937108
59,Sample_S19S_0072_Wat,473.1089772
22,Sample_S19S_0072_Wat,473.121993
19,Sample_S19S_0072_Wat,473.1300234
4,Sample_S19S_0072_Wat,473.139667
22,Sample_S19S_0072_Wat,473.1452829
8,Sample_S19S_0072_Wat,473.1582831
8,Sample_S19S_0072_Wat,473.1663521
21,Sample_S19S_0072_Wat,473.1816622
9,Sample_S19S_0072_Wat,473.1946924
25,Sample_S19S_0072_Wat,473.2180738
56,Sample_S19S_0072_Wat,474.1405956
11,Sample_S19S_0072_Wat,475.0517049
13,Sample_S19S_0072_Wat,475.0728791
25,Sample_S19S_0072_Wat,475.0881586
15,Sample_S19S_0072_Wat,475.1092833
65,Sample_S19S_0072_Wat,475.1245966
25,Sample_S19S_0072_Wat,475.1376596
15,Sample_S19S_0072_Wat,475.1456774
67,Sample_S19S_0072_Wat,475.1609843
12,Sample_S19S_0072_Wat,475.1973043
1,Sample_S19S_0072_Wat,475.2103074
8,Sample_S19S_0072_Wat,476.0833408
23,Sample_S19S_0072_Wat,477.0311319
44,Sample_S19S_0072_Wat,477.0674882
16,Sample_S19S_0072_Wat,477.1037802
17,Sample_S19S_0072_Wat,477.1168599
5,Sample_S19S_0072_Wat,477.1401075
16,Sample_S19S_0072_Wat,477.1765167
35,Sample_S19S_0072_Wat,477.2130039
62,Sample_S19S_0072_Wat,478.0991507
5,Sample_S19S_0072_Wat,479.0466033
18,Sample_S19S_0072_Wat,479.0830028
6,Sample_S19S_0072_Wat,479.1113584
37,Sample_S19S_0072_Wat,479.1194663
65,Sample_S19S_0072_Wat,479.1559168
10,Sample_S19S_0072_Wat,479.1689644
48,Sample_S19S_0072_Wat,479.1923063
12,Sample_S19S_0072_Wat,479.2286027
20,Sample_S19S_0072_Wat,481.0623379
49,Sample_S19S_0072_Wat,481.0987747
66,Sample_S19S_0072_Wat,481.1351677
16,Sample_S19S_0072_Wat,481.1634867
41,Sample_S19S_0072_Wat,481.1715313
15,Sample_S19S_0072_Wat,481.199847
13,Sample_S19S_0072_Wat,481.2078283
6,Sample_S19S_0072_Wat,482.1302914
13,Sample_S19S_0072_Wat,483.0415833
5,Sample_S19S_0072_Wat,483.0698136
29,Sample_S19S_0072_Wat,483.0780208
43,Sample_S19S_0072_Wat,483.1144642
24,Sample_S19S_0072_Wat,483.1297323
31,Sample_S19S_0072_Wat,483.1508531
13,Sample_S19S_0072_Wat,483.1791639
26,Sample_S19S_0072_Wat,483.1871699
12,Sample_S19S_0072_Wat,483.2154832
7,Sample_S19S_0072_Wat,483.2234722
9,Sample_S19S_0072_Wat,484.1459881
9,Sample_S19S_0072_Wat,485.057196
13,Sample_S19S_0072_Wat,485.0724465
24,Sample_S19S_0072_Wat,485.0936172
36,Sample_S19S_0072_Wat,485.1089501
14,Sample_S19S_0072_Wat,485.1220307
44,Sample_S19S_0072_Wat,485.1300644
1,Sample_S19S_0072_Wat,485.139617
17,Sample_S19S_0072_Wat,485.1584131
33,Sample_S19S_0072_Wat,485.1664901
2,Sample_S19S_0072_Wat,485.1760615
13,Sample_S19S_0072_Wat,485.1948096
1,Sample_S19S_0072_Wat,485.2310607
1,Sample_S19S_0072_Wat,486.0681604
14,Sample_S19S_0072_Wat,487.0365498
17,Sample_S19S_0072_Wat,487.072871
8,Sample_S19S_0072_Wat,487.088118
16,Sample_S19S_0072_Wat,487.1011949
9,Sample_S19S_0072_Wat,487.1092152
10,Sample_S19S_0072_Wat,487.1244947
16,Sample_S19S_0072_Wat,487.1375846
10,Sample_S19S_0072_Wat,487.1456408
1,Sample_S19S_0072_Wat,487.1552674
50,Sample_S19S_0072_Wat,487.1609704
18,Sample_S19S_0072_Wat,487.1740711
26,Sample_S19S_0072_Wat,487.18211
29,Sample_S19S_0072_Wat,487.1974177
16,Sample_S19S_0072_Wat,487.2337958
29,Sample_S19S_0072_Wat,488.0834359
20,Sample_S19S_0072_Wat,488.1562868
7,Sample_S19S_0072_Wat,489.0310445
46,Sample_S19S_0072_Wat,489.067487
3,Sample_S19S_0072_Wat,489.0982045
34,Sample_S19S_0072_Wat,489.1039118
29,Sample_S19S_0072_Wat,489.1249814
25,Sample_S19S_0072_Wat,489.1402055
15,Sample_S19S_0072_Wat,489.1532671
9,Sample_S19S_0072_Wat,489.1765226
4,Sample_S19S_0072_Wat,489.1895365
7,Sample_S19S_0072_Wat,489.2128864
9,Sample_S19S_0072_Wat,491.0466906
21,Sample_S19S_0072_Wat,491.0830123
8,Sample_S19S_0072_Wat,491.0961728
8,Sample_S19S_0072_Wat,491.1193786
23,Sample_S19S_0072_Wat,491.1558203
48,Sample_S19S_0072_Wat,491.1922945
7,Sample_S19S_0072_Wat,491.2287423
39,Sample_S19S_0072_Wat,492.1147512
10,Sample_S19S_0072_Wat,493.0622921
21,Sample_S19S_0072_Wat,493.098712
7,Sample_S19S_0072_Wat,493.1270629
68,Sample_S19S_0072_Wat,493.1351653
3,Sample_S19S_0072_Wat,493.1636569
47,Sample_S19S_0072_Wat,493.1715856
11,Sample_S19S_0072_Wat,495.0415683
5,Sample_S19S_0072_Wat,495.0568418
34,Sample_S19S_0072_Wat,495.0780179
40,Sample_S19S_0072_Wat,495.1144449
8,Sample_S19S_0072_Wat,495.1427989
53,Sample_S19S_0072_Wat,495.1507984
18,Sample_S19S_0072_Wat,495.1791573
6,Sample_S19S_0072_Wat,495.2154488
1,Sample_S19S_0072_Wat,496.1905351
6,Sample_S19S_0072_Wat,497.036113
16,Sample_S19S_0072_Wat,497.0572968
28,Sample_S19S_0072_Wat,497.0725711
12,Sample_S19S_0072_Wat,497.0937782
28,Sample_S19S_0072_Wat,497.1089508
10,Sample_S19S_0072_Wat,497.1301476
19,Sample_S19S_0072_Wat,497.1453801
23,Sample_S19S_0072_Wat,497.1947705
1,Sample_S19S_0072_Wat,497.2310629
24,Sample_S19S_0072_Wat,498.0889479
34,Sample_S19S_0072_Wat,498.1617513
3,Sample_S19S_0072_Wat,498.1698072
6,Sample_S19S_0072_Wat,499.036451
17,Sample_S19S_0072_Wat,499.0728848
10,Sample_S19S_0072_Wat,499.1012958
34,Sample_S19S_0072_Wat,499.1093112
39,Sample_S19S_0072_Wat,499.1246232
11,Sample_S19S_0072_Wat,499.1377212
44,Sample_S19S_0072_Wat,499.1457371
11,Sample_S19S_0072_Wat,499.1610424
18,Sample_S19S_0072_Wat,499.1740741
31,Sample_S19S_0072_Wat,499.1973555
6,Sample_S19S_0072_Wat,501.0310269
9,Sample_S19S_0072_Wat,501.0521674
15,Sample_S19S_0072_Wat,501.0673678
14,Sample_S19S_0072_Wat,501.080502
10,Sample_S19S_0072_Wat,501.0885018
8,Sample_S19S_0072_Wat,501.1037301
12,Sample_S19S_0072_Wat,501.116864
5,Sample_S19S_0072_Wat,501.1248479
17,Sample_S19S_0072_Wat,501.1401768
28,Sample_S19S_0072_Wat,501.1532967
42,Sample_S19S_0072_Wat,501.1766253
25,Sample_S19S_0072_Wat,501.1896846
25,Sample_S19S_0072_Wat,501.2130646
1,Sample_S19S_0072_Wat,502.1358392
8,Sample_S19S_0072_Wat,503.0468089
1,Sample_S19S_0072_Wat,503.0679918
1,Sample_S19S_0072_Wat,503.0832459
50,Sample_S19S_0072_Wat,503.1195309
5,Sample_S19S_0072_Wat,503.1326318
13,Sample_S19S_0072_Wat,503.1405906
22,Sample_S19S_0072_Wat,503.1558462
10,Sample_S19S_0072_Wat,503.1921795
11,Sample_S19S_0072_Wat,503.2285615
8,Sample_S19S_0072_Wat,505.0622503
19,Sample_S19S_0072_Wat,505.098662
14,Sample_S19S_0072_Wat,505.1350781
4,Sample_S19S_0072_Wat,505.1482794
61,Sample_S19S_0072_Wat,505.1715425
12,Sample_S19S_0072_Wat,505.1846129
29,Sample_S19S_0072_Wat,505.2079802
25,Sample_S19S_0072_Wat,505.2443315
4,Sample_S19S_0072_Wat,506.1303153
6,Sample_S19S_0072_Wat,506.1666811
11,Sample_S19S_0072_Wat,507.0415912
25,Sample_S19S_0072_Wat,507.0780238
44,Sample_S19S_0072_Wat,507.1144464
58,Sample_S19S_0072_Wat,507.1508255
4,Sample_S19S_0072_Wat,507.179192
11,Sample_S19S_0072_Wat,509.0573918
35,Sample_S19S_0072_Wat,509.0937287
10,Sample_S19S_0072_Wat,509.1219812
39,Sample_S19S_0072_Wat,509.1300451
11,Sample_S19S_0072_Wat,509.1583575
34,Sample_S19S_0072_Wat,511.0729714
3,Sample_S19S_0072_Wat,511.1375472
8,Sample_S19S_0072_Wat,511.2183807
1,Sample_S19S_0072_Wat,512.1854652
9,Sample_S19S_0072_Wat,513.0522762
20,Sample_S19S_0072_Wat,513.0674942
20,Sample_S19S_0072_Wat,513.1169162
12,Sample_S19S_0072_Wat,513.1248843
4,Sample_S19S_0072_Wat,513.1531789
5,Sample_S19S_0072_Wat,513.1612236
6,Sample_S19S_0072_Wat,513.1895585
1,Sample_S19S_0072_Wat,513.2127989
6,Sample_S19S_0072_Wat,515.0679477
31,Sample_S19S_0072_Wat,515.083157
23,Sample_S19S_0072_Wat,515.1042917
5,Sample_S19S_0072_Wat,515.1326297
19,Sample_S19S_0072_Wat,515.1405768
11,Sample_S19S_0072_Wat,515.155816
14,Sample_S19S_0072_Wat,515.1688778
7,Sample_S19S_0072_Wat,515.1768835
7,Sample_S19S_0072_Wat,515.1921599
6,Sample_S19S_0072_Wat,515.2052029
2,Sample_S19S_0072_Wat,515.2285302
23,Sample_S19S_0072_Wat,517.0624113
9,Sample_S19S_0072_Wat,517.098859
7,Sample_S19S_0072_Wat,517.1352552
10,Sample_S19S_0072_Wat,517.171616
7,Sample_S19S_0072_Wat,517.2442337
18,Sample_S19S_0072_Wat,518.0939924
10,Sample_S19S_0072_Wat,519.0779454
13,Sample_S19S_0072_Wat,519.1143103
25,Sample_S19S_0072_Wat,519.1507584
4,Sample_S19S_0072_Wat,519.1639413
51,Sample_S19S_0072_Wat,519.1872205
15,Sample_S19S_0072_Wat,519.2236508
21,Sample_S19S_0072_Wat,520.1461126
27,Sample_S19S_0072_Wat,521.0937324
42,Sample_S19S_0072_Wat,521.1301011
25,Sample_S19S_0072_Wat,521.1663968
2,Sample_S19S_0072_Wat,521.1946636
6,Sample_S19S_0072_Wat,521.2027235
1,Sample_S19S_0072_Wat,522.1251732
8,Sample_S19S_0072_Wat,523.0728235
6,Sample_S19S_0072_Wat,523.1091901
13,Sample_S19S_0072_Wat,523.1456062
13,Sample_S19S_0072_Wat,523.1739853
20,Sample_S19S_0072_Wat,523.1820717
16,Sample_S19S_0072_Wat,523.2104573
9,Sample_S19S_0072_Wat,525.0521307
20,Sample_S19S_0072_Wat,525.0885729
28,Sample_S19S_0072_Wat,525.1250197
36,Sample_S19S_0072_Wat,525.1614051
7,Sample_S19S_0072_Wat,525.2340332
7,Sample_S19S_0072_Wat,526.1929575
11,Sample_S19S_0072_Wat,527.0679337
8,Sample_S19S_0072_Wat,527.1043114
36,Sample_S19S_0072_Wat,527.1406475
21,Sample_S19S_0072_Wat,527.1689685
26,Sample_S19S_0072_Wat,527.1769645
14,Sample_S19S_0072_Wat,527.2052882
3,Sample_S19S_0072_Wat,527.2132606
8,Sample_S19S_0072_Wat,529.0624704
5,Sample_S19S_0072_Wat,529.0836238
9,Sample_S19S_0072_Wat,529.0988481
18,Sample_S19S_0072_Wat,529.119899
9,Sample_S19S_0072_Wat,529.1482589
19,Sample_S19S_0072_Wat,529.1562352
14,Sample_S19S_0072_Wat,529.1714748
17,Sample_S19S_0072_Wat,529.184567
6,Sample_S19S_0072_Wat,529.1925822
6,Sample_S19S_0072_Wat,529.2078283
4,Sample_S19S_0072_Wat,531.0417642
5,Sample_S19S_0072_Wat,531.0781475
11,Sample_S19S_0072_Wat,531.0992322
16,Sample_S19S_0072_Wat,531.1144803
24,Sample_S19S_0072_Wat,531.1507766
15,Sample_S19S_0072_Wat,531.1638843
10,Sample_S19S_0072_Wat,531.1871077
9,Sample_S19S_0072_Wat,531.2001725
13,Sample_S19S_0072_Wat,531.2234777
15,Sample_S19S_0072_Wat,533.0937827
29,Sample_S19S_0072_Wat,533.1301236
48,Sample_S19S_0072_Wat,533.166456
12,Sample_S19S_0072_Wat,533.1795306
10,Sample_S19S_0072_Wat,533.2027587
9,Sample_S19S_0072_Wat,535.0365569
13,Sample_S19S_0072_Wat,535.0730261
10,Sample_S19S_0072_Wat,535.1094222
8,Sample_S19S_0072_Wat,535.1458132
20,Sample_S19S_0072_Wat,535.1821751
6,Sample_S19S_0072_Wat,537.0520931
17,Sample_S19S_0072_Wat,537.0884904
30,Sample_S19S_0072_Wat,537.1249315
13,Sample_S19S_0072_Wat,537.1533456
39,Sample_S19S_0072_Wat,537.161382
6,Sample_S19S_0072_Wat,537.1897464
18,Sample_S19S_0072_Wat,537.1978101
2,Sample_S19S_0072_Wat,537.2261348
9,Sample_S19S_0072_Wat,537.2342192
15,Sample_S19S_0072_Wat,539.0679143
18,Sample_S19S_0072_Wat,539.1042196
9,Sample_S19S_0072_Wat,539.1325679
21,Sample_S19S_0072_Wat,539.1405618
6,Sample_S19S_0072_Wat,539.1768779
2,Sample_S19S_0072_Wat,539.2051955
2,Sample_S19S_0072_Wat,539.2416063
21,Sample_S19S_0072_Wat,541.0834882
24,Sample_S19S_0072_Wat,541.0988161
23,Sample_S19S_0072_Wat,541.1199147
14,Sample_S19S_0072_Wat,541.1563515
4,Sample_S19S_0072_Wat,541.1927684
2,Sample_S19S_0072_Wat,543.0418148
5,Sample_S19S_0072_Wat,543.0629181
8,Sample_S19S_0072_Wat,543.0781158
20,Sample_S19S_0072_Wat,543.09918
18,Sample_S19S_0072_Wat,543.1355017
22,Sample_S19S_0072_Wat,543.1507543
9,Sample_S19S_0072_Wat,543.1718262
8,Sample_S19S_0072_Wat,545.0571838
7,Sample_S19S_0072_Wat,545.0935509
13,Sample_S19S_0072_Wat,545.1299664
29,Sample_S19S_0072_Wat,545.1664409
4,Sample_S19S_0072_Wat,545.1795929
31,Sample_S19S_0072_Wat,545.2028931
9,Sample_S19S_0072_Wat,545.2159419
1,Sample_S19S_0072_Wat,547.1822164
15,Sample_S19S_0072_Wat,547.2185618
9,Sample_S19S_0072_Wat,549.0523077
10,Sample_S19S_0072_Wat,549.0887119
12,Sample_S19S_0072_Wat,549.1250923
14,Sample_S19S_0072_Wat,549.1614413
13,Sample_S19S_0072_Wat,549.1896683
35,Sample_S19S_0072_Wat,549.1977663
7,Sample_S19S_0072_Wat,549.2340464
15,Sample_S19S_0072_Wat,550.1201251
17,Sample_S19S_0072_Wat,551.10435
24,Sample_S19S_0072_Wat,551.140683
20,Sample_S19S_0072_Wat,551.1769906
4,Sample_S19S_0072_Wat,553.0836572
13,Sample_S19S_0072_Wat,553.1199748
2,Sample_S19S_0072_Wat,553.1483118
42,Sample_S19S_0072_Wat,553.1562956
5,Sample_S19S_0072_Wat,555.0781485
5,Sample_S19S_0072_Wat,555.0993123
6,Sample_S19S_0072_Wat,555.1356619
14,Sample_S19S_0072_Wat,555.1720029
6,Sample_S19S_0072_Wat,557.0785258
2,Sample_S19S_0072_Wat,557.1513467
1,Sample_S19S_0072_Wat,557.1797008
5,Sample_S19S_0072_Wat,557.2029722
17,Sample_S19S_0072_Wat,559.2185569
17,Sample_S19S_0072_Wat,561.0885432
6,Sample_S19S_0072_Wat,561.1248442
3,Sample_S19S_0072_Wat,561.1611805
2,Sample_S19S_0072_Wat,561.1975534
17,Sample_S19S_0072_Wat,563.0679011
7,Sample_S19S_0072_Wat,563.140767
3,Sample_S19S_0072_Wat,563.1771352
22,Sample_S19S_0072_Wat,563.2134586
12,Sample_S19S_0072_Wat,563.2497644
8,Sample_S19S_0072_Wat,565.0833841
2,Sample_S19S_0072_Wat,565.2208348
13,Sample_S19S_0072_Wat,565.2290122
11,Sample_S19S_0072_Wat,567.0992538
8,Sample_S19S_0072_Wat,567.1356587
14,Sample_S19S_0072_Wat,567.2083955
5,Sample_S19S_0072_Wat,567.2366591
8,Sample_S19S_0072_Wat,569.1510794
1,Sample_S19S_0072_Wat,569.1874013
16,Sample_S19S_0072_Wat,571.1668216
3,Sample_S19S_0072_Wat,571.1952621
16,Sample_S19S_0072_Wat,573.0886509
7,Sample_S19S_0072_Wat,573.1615077
7,Sample_S19S_0072_Wat,575.1043617
5,Sample_S19S_0072_Wat,575.1407714
23,Sample_S19S_0072_Wat,575.1770756
25,Sample_S19S_0072_Wat,575.213398
3,Sample_S19S_0072_Wat,577.0836723
36,Sample_S19S_0072_Wat,577.1563035
21,Sample_S19S_0072_Wat,577.1926143
3,Sample_S19S_0072_Wat,577.228924
4,Sample_S19S_0072_Wat,579.0629358
11,Sample_S19S_0072_Wat,579.0992643
24,Sample_S19S_0072_Wat,579.1355972
28,Sample_S19S_0072_Wat,579.1719274
15,Sample_S19S_0072_Wat,579.2082488
23,Sample_S19S_0072_Wat,581.1875335
14,Sample_S19S_0072_Wat,582.1828966
6,Sample_S19S_0072_Wat,583.1306046
15,Sample_S19S_0072_Wat,583.1669172
16,Sample_S19S_0072_Wat,583.2032587
1,Sample_S19S_0072_Wat,585.0734724
8,Sample_S19S_0072_Wat,585.1615059
18,Sample_S19S_0072_Wat,585.2341632
4,Sample_S19S_0072_Wat,585.2472737
23,Sample_S19S_0072_Wat,587.1770783
3,Sample_S19S_0072_Wat,589.0833727
3,Sample_S19S_0072_Wat,591.0629191
2,Sample_S19S_0072_Wat,591.135742
6,Sample_S19S_0072_Wat,591.1720289
1,Sample_S19S_0072_Wat,593.1146582
15,Sample_S19S_0072_Wat,593.2240288
5,Sample_S19S_0072_Wat,599.104376
15,Sample_S19S_0072_Wat,599.1618335
2,Sample_S19S_0072_Wat,605.1149751
2,Sample_S19S_0072_Wat,605.1513953
7,Sample_S19S_0072_Wat,605.1877226
3,Sample_S19S_0072_Wat,619.130318
1,Sample_S19S_0072_Wat,619.1666544
9,Sample_S19S_0072_Wat,621.1098264
7,Sample_S19S_0072_Wat,621.1461897
1,Sample_S19S_0072_Wat,623.162005
