num.trans.involved.in,sample,peak
7,Sample_S19S_0026_Wat,221.0818912
8,Sample_S19S_0026_Wat,223.0611523
8,Sample_S19S_0026_Wat,225.0040321
19,Sample_S19S_0026_Wat,225.0768195
16,Sample_S19S_0026_Wat,227.092466
7,Sample_S19S_0026_Wat,233.1546845
36,Sample_S19S_0026_Wat,235.0611873
39,Sample_S19S_0026_Wat,237.0768351
30,Sample_S19S_0026_Wat,237.1132227
1,Sample_S19S_0026_Wat,238.9629644
43,Sample_S19S_0026_Wat,239.0197221
62,Sample_S19S_0026_Wat,239.0561117
1,Sample_S19S_0026_Wat,239.0673352
64,Sample_S19S_0026_Wat,239.092497
31,Sample_S19S_0026_Wat,239.1288753
4,Sample_S19S_0026_Wat,242.139775
1,Sample_S19S_0026_Wat,242.1761465
55,Sample_S19S_0026_Wat,247.0975945
65,Sample_S19S_0026_Wat,249.0768527
27,Sample_S19S_0026_Wat,249.1132224
49,Sample_S19S_0026_Wat,251.0197332
37,Sample_S19S_0026_Wat,251.0560986
84,Sample_S19S_0026_Wat,251.0925063
68,Sample_S19S_0026_Wat,253.0353983
88,Sample_S19S_0026_Wat,253.0717756
30,Sample_S19S_0026_Wat,253.1081345
66,Sample_S19S_0026_Wat,255.0510433
82,Sample_S19S_0026_Wat,255.0874163
24,Sample_S19S_0026_Wat,255.1237776
72,Sample_S19S_0026_Wat,257.0666765
45,Sample_S19S_0026_Wat,257.1030521
63,Sample_S19S_0026_Wat,259.0823405
2,Sample_S19S_0026_Wat,259.1009624
30,Sample_S19S_0026_Wat,263.019721
61,Sample_S19S_0026_Wat,263.0561329
27,Sample_S19S_0026_Wat,263.0924815
31,Sample_S19S_0026_Wat,263.128908
58,Sample_S19S_0026_Wat,265.0353938
70,Sample_S19S_0026_Wat,265.1081545
2,Sample_S19S_0026_Wat,265.1479151
1,Sample_S19S_0026_Wat,266.9942715
50,Sample_S19S_0026_Wat,267.0146829
82,Sample_S19S_0026_Wat,267.0510336
80,Sample_S19S_0026_Wat,267.0874299
61,Sample_S19S_0026_Wat,267.123805
61,Sample_S19S_0026_Wat,269.0303205
84,Sample_S19S_0026_Wat,269.0666802
73,Sample_S19S_0026_Wat,269.1030627
36,Sample_S19S_0026_Wat,269.1394657
53,Sample_S19S_0026_Wat,271.0459737
69,Sample_S19S_0026_Wat,271.0823212
63,Sample_S19S_0026_Wat,271.118718
58,Sample_S19S_0026_Wat,273.061591
60,Sample_S19S_0026_Wat,273.0979879
52,Sample_S19S_0026_Wat,275.0561155
58,Sample_S19S_0026_Wat,275.0925149
70,Sample_S19S_0026_Wat,277.0354157
70,Sample_S19S_0026_Wat,277.0717892
69,Sample_S19S_0026_Wat,277.1081544
40,Sample_S19S_0026_Wat,277.1445377
29,Sample_S19S_0026_Wat,279.0146331
69,Sample_S19S_0026_Wat,279.0510516
52,Sample_S19S_0026_Wat,279.0874539
43,Sample_S19S_0026_Wat,279.1238221
67,Sample_S19S_0026_Wat,281.0303339
87,Sample_S19S_0026_Wat,281.0666829
45,Sample_S19S_0026_Wat,281.1030502
50,Sample_S19S_0026_Wat,281.1394597
76,Sample_S19S_0026_Wat,283.0459554
56,Sample_S19S_0026_Wat,283.0823169
77,Sample_S19S_0026_Wat,283.118715
57,Sample_S19S_0026_Wat,285.0616357
30,Sample_S19S_0026_Wat,285.0980306
36,Sample_S19S_0026_Wat,285.1343948
46,Sample_S19S_0026_Wat,287.0408776
68,Sample_S19S_0026_Wat,287.0772537
48,Sample_S19S_0026_Wat,287.0925228
64,Sample_S19S_0026_Wat,287.1136282
54,Sample_S19S_0026_Wat,289.0354029
67,Sample_S19S_0026_Wat,289.0717704
48,Sample_S19S_0026_Wat,289.1081489
42,Sample_S19S_0026_Wat,291.0146759
62,Sample_S19S_0026_Wat,291.0510416
64,Sample_S19S_0026_Wat,291.0874132
52,Sample_S19S_0026_Wat,291.1237966
67,Sample_S19S_0026_Wat,293.0303357
76,Sample_S19S_0026_Wat,293.0667099
91,Sample_S19S_0026_Wat,293.1030793
57,Sample_S19S_0026_Wat,293.1394564
5,Sample_S19S_0026_Wat,293.1757942
1,Sample_S19S_0026_Wat,293.179192
70,Sample_S19S_0026_Wat,295.0459444
95,Sample_S19S_0026_Wat,295.0823376
89,Sample_S19S_0026_Wat,295.1187213
35,Sample_S19S_0026_Wat,295.1550986
61,Sample_S19S_0026_Wat,297.025237
75,Sample_S19S_0026_Wat,297.0616262
53,Sample_S19S_0026_Wat,297.0980154
34,Sample_S19S_0026_Wat,297.1344063
1,Sample_S19S_0026_Wat,297.1529844
56,Sample_S19S_0026_Wat,299.0408894
79,Sample_S19S_0026_Wat,299.0772616
64,Sample_S19S_0026_Wat,299.1136455
49,Sample_S19S_0026_Wat,299.1500243
53,Sample_S19S_0026_Wat,301.0565488
38,Sample_S19S_0026_Wat,301.071792
45,Sample_S19S_0026_Wat,301.092932
28,Sample_S19S_0026_Wat,301.1081829
35,Sample_S19S_0026_Wat,301.129318
37,Sample_S19S_0026_Wat,303.0146906
51,Sample_S19S_0026_Wat,303.0510433
62,Sample_S19S_0026_Wat,303.0721573
55,Sample_S19S_0026_Wat,303.0874395
64,Sample_S19S_0026_Wat,303.1085414
46,Sample_S19S_0026_Wat,303.1238249
59,Sample_S19S_0026_Wat,305.0303157
74,Sample_S19S_0026_Wat,305.0666877
67,Sample_S19S_0026_Wat,305.1030852
49,Sample_S19S_0026_Wat,305.1394662
36,Sample_S19S_0026_Wat,307.0095853
80,Sample_S19S_0026_Wat,307.0459779
59,Sample_S19S_0026_Wat,307.0823737
40,Sample_S19S_0026_Wat,307.1187572
26,Sample_S19S_0026_Wat,307.1551342
67,Sample_S19S_0026_Wat,309.0252469
95,Sample_S19S_0026_Wat,309.0616036
91,Sample_S19S_0026_Wat,309.0979773
71,Sample_S19S_0026_Wat,309.1343649
29,Sample_S19S_0026_Wat,309.1707647
1,Sample_S19S_0026_Wat,309.1741269
29,Sample_S19S_0026_Wat,310.0932206
68,Sample_S19S_0026_Wat,311.0408991
82,Sample_S19S_0026_Wat,311.0772659
104,Sample_S19S_0026_Wat,311.1136352
53,Sample_S19S_0026_Wat,311.1500195
65,Sample_S19S_0026_Wat,313.0565398
69,Sample_S19S_0026_Wat,313.0929245
53,Sample_S19S_0026_Wat,313.1293014
51,Sample_S19S_0026_Wat,315.035781
37,Sample_S19S_0026_Wat,315.0510397
58,Sample_S19S_0026_Wat,315.0721791
19,Sample_S19S_0026_Wat,315.0873994
51,Sample_S19S_0026_Wat,315.1085755
45,Sample_S19S_0026_Wat,315.1238052
34,Sample_S19S_0026_Wat,315.1449559
24,Sample_S19S_0026_Wat,316.1038062
43,Sample_S19S_0026_Wat,317.0303382
58,Sample_S19S_0026_Wat,317.0666936
69,Sample_S19S_0026_Wat,317.0878157
41,Sample_S19S_0026_Wat,317.1030588
36,Sample_S19S_0026_Wat,317.124227
47,Sample_S19S_0026_Wat,317.1394552
31,Sample_S19S_0026_Wat,319.009608
18,Sample_S19S_0026_Wat,319.0460069
65,Sample_S19S_0026_Wat,319.0823624
73,Sample_S19S_0026_Wat,319.1187158
44,Sample_S19S_0026_Wat,319.1551015
57,Sample_S19S_0026_Wat,321.0252313
64,Sample_S19S_0026_Wat,321.0616406
42,Sample_S19S_0026_Wat,321.0980285
57,Sample_S19S_0026_Wat,321.1343949
33,Sample_S19S_0026_Wat,321.1707672
31,Sample_S19S_0026_Wat,322.0932669
58,Sample_S19S_0026_Wat,323.0408542
91,Sample_S19S_0026_Wat,323.0772527
7,Sample_S19S_0026_Wat,323.0884973
54,Sample_S19S_0026_Wat,323.1136726
41,Sample_S19S_0026_Wat,323.1500462
29,Sample_S19S_0026_Wat,324.0725027
33,Sample_S19S_0026_Wat,324.108871
14,Sample_S19S_0026_Wat,325.0201894
75,Sample_S19S_0026_Wat,325.0565425
98,Sample_S19S_0026_Wat,325.0928926
66,Sample_S19S_0026_Wat,325.1292996
25,Sample_S19S_0026_Wat,325.1657004
1,Sample_S19S_0026_Wat,325.1842438
35,Sample_S19S_0026_Wat,326.0881656
54,Sample_S19S_0026_Wat,327.035782
60,Sample_S19S_0026_Wat,327.0722018
61,Sample_S19S_0026_Wat,327.1085831
50,Sample_S19S_0026_Wat,327.1449492
38,Sample_S19S_0026_Wat,328.1037984
39,Sample_S19S_0026_Wat,329.0514722
22,Sample_S19S_0026_Wat,329.0667319
81,Sample_S19S_0026_Wat,329.0878075
42,Sample_S19S_0026_Wat,329.1030905
46,Sample_S19S_0026_Wat,329.1242163
1,Sample_S19S_0026_Wat,329.152419
15,Sample_S19S_0026_Wat,330.0831155
33,Sample_S19S_0026_Wat,331.0459941
51,Sample_S19S_0026_Wat,331.0670688
52,Sample_S19S_0026_Wat,331.0823608
39,Sample_S19S_0026_Wat,331.1034998
55,Sample_S19S_0026_Wat,331.1187275
14,Sample_S19S_0026_Wat,331.155166
18,Sample_S19S_0026_Wat,332.0987468
23,Sample_S19S_0026_Wat,333.0252702
35,Sample_S19S_0026_Wat,333.0616512
65,Sample_S19S_0026_Wat,333.0980074
33,Sample_S19S_0026_Wat,333.1344131
22,Sample_S19S_0026_Wat,333.1707943
25,Sample_S19S_0026_Wat,334.0932769
4,Sample_S19S_0026_Wat,334.1144217
41,Sample_S19S_0026_Wat,335.0409093
77,Sample_S19S_0026_Wat,335.0772597
39,Sample_S19S_0026_Wat,335.1136067
47,Sample_S19S_0026_Wat,335.150042
13,Sample_S19S_0026_Wat,336.0725571
53,Sample_S19S_0026_Wat,337.0201415
42,Sample_S19S_0026_Wat,337.0564852
14,Sample_S19S_0026_Wat,337.0695448
94,Sample_S19S_0026_Wat,337.0929176
91,Sample_S19S_0026_Wat,337.1292866
41,Sample_S19S_0026_Wat,337.1656867
40,Sample_S19S_0026_Wat,338.0881798
57,Sample_S19S_0026_Wat,339.0357996
93,Sample_S19S_0026_Wat,339.0721726
102,Sample_S19S_0026_Wat,339.1085453
28,Sample_S19S_0026_Wat,339.1449816
24,Sample_S19S_0026_Wat,339.1813533
8,Sample_S19S_0026_Wat,340.0674792
30,Sample_S19S_0026_Wat,340.1038147
60,Sample_S19S_0026_Wat,341.0514621
98,Sample_S19S_0026_Wat,341.0878109
33,Sample_S19S_0026_Wat,341.12425
36,Sample_S19S_0026_Wat,341.1606173
34,Sample_S19S_0026_Wat,342.0830768
23,Sample_S19S_0026_Wat,342.1194926
45,Sample_S19S_0026_Wat,343.0307124
28,Sample_S19S_0026_Wat,343.0459579
45,Sample_S19S_0026_Wat,343.067113
16,Sample_S19S_0026_Wat,343.0823925
12,Sample_S19S_0026_Wat,343.0857039
82,Sample_S19S_0026_Wat,343.1034685
34,Sample_S19S_0026_Wat,343.1187422
12,Sample_S19S_0026_Wat,343.1399075
20,Sample_S19S_0026_Wat,344.0987606
38,Sample_S19S_0026_Wat,345.0252491
43,Sample_S19S_0026_Wat,345.0463327
53,Sample_S19S_0026_Wat,345.0616254
49,Sample_S19S_0026_Wat,345.0827674
53,Sample_S19S_0026_Wat,345.0980089
2,Sample_S19S_0026_Wat,345.1013399
39,Sample_S19S_0026_Wat,345.1191373
22,Sample_S19S_0026_Wat,345.1344288
31,Sample_S19S_0026_Wat,345.170772
15,Sample_S19S_0026_Wat,346.07802
22,Sample_S19S_0026_Wat,346.1143644
1,Sample_S19S_0026_Wat,346.2154294
54,Sample_S19S_0026_Wat,347.0408756
72,Sample_S19S_0026_Wat,347.0772564
25,Sample_S19S_0026_Wat,347.0903002
51,Sample_S19S_0026_Wat,347.0983726
41,Sample_S19S_0026_Wat,347.1136821
57,Sample_S19S_0026_Wat,347.1500262
10,Sample_S19S_0026_Wat,347.1864695
1,Sample_S19S_0026_Wat,348.231087
46,Sample_S19S_0026_Wat,349.0201636
69,Sample_S19S_0026_Wat,349.0929209
22,Sample_S19S_0026_Wat,349.1059291
73,Sample_S19S_0026_Wat,349.129303
51,Sample_S19S_0026_Wat,349.1656793
12,Sample_S19S_0026_Wat,349.2021049
40,Sample_S19S_0026_Wat,350.0881844
13,Sample_S19S_0026_Wat,350.1245924
60,Sample_S19S_0026_Wat,351.0357871
67,Sample_S19S_0026_Wat,351.0721501
34,Sample_S19S_0026_Wat,351.1085115
23,Sample_S19S_0026_Wat,351.121581
37,Sample_S19S_0026_Wat,351.1449775
27,Sample_S19S_0026_Wat,351.1813076
30,Sample_S19S_0026_Wat,352.1038206
47,Sample_S19S_0026_Wat,353.0150696
44,Sample_S19S_0026_Wat,353.0514753
101,Sample_S19S_0026_Wat,353.0878166
10,Sample_S19S_0026_Wat,353.1008561
67,Sample_S19S_0026_Wat,353.124233
38,Sample_S19S_0026_Wat,353.1605629
37,Sample_S19S_0026_Wat,354.0830704
35,Sample_S19S_0026_Wat,354.1194893
47,Sample_S19S_0026_Wat,355.0306981
63,Sample_S19S_0026_Wat,355.0671162
89,Sample_S19S_0026_Wat,355.1034699
18,Sample_S19S_0026_Wat,355.1399086
33,Sample_S19S_0026_Wat,355.1762476
31,Sample_S19S_0026_Wat,356.0623586
16,Sample_S19S_0026_Wat,356.0987693
47,Sample_S19S_0026_Wat,357.046323
38,Sample_S19S_0026_Wat,357.061636
78,Sample_S19S_0026_Wat,357.0827228
36,Sample_S19S_0026_Wat,357.0979761
23,Sample_S19S_0026_Wat,357.1110353
78,Sample_S19S_0026_Wat,357.1191097
29,Sample_S19S_0026_Wat,357.134414
50,Sample_S19S_0026_Wat,357.1554992
28,Sample_S19S_0026_Wat,358.077999
13,Sample_S19S_0026_Wat,359.0409252
45,Sample_S19S_0026_Wat,359.0619959
45,Sample_S19S_0026_Wat,359.077285
13,Sample_S19S_0026_Wat,359.0806207
29,Sample_S19S_0026_Wat,359.0984239
41,Sample_S19S_0026_Wat,359.1347452
51,Sample_S19S_0026_Wat,359.1500213
19,Sample_S19S_0026_Wat,360.093678
1,Sample_S19S_0026_Wat,360.1299489
41,Sample_S19S_0026_Wat,361.0201475
40,Sample_S19S_0026_Wat,361.056505
19,Sample_S19S_0026_Wat,361.069538
31,Sample_S19S_0026_Wat,361.077621
63,Sample_S19S_0026_Wat,361.0929312
9,Sample_S19S_0026_Wat,361.0962708
37,Sample_S19S_0026_Wat,361.1140532
80,Sample_S19S_0026_Wat,361.1292859
27,Sample_S19S_0026_Wat,361.1423317
37,Sample_S19S_0026_Wat,361.1657046
38,Sample_S19S_0026_Wat,362.0881611
6,Sample_S19S_0026_Wat,362.1093336
56,Sample_S19S_0026_Wat,363.0357881
44,Sample_S19S_0026_Wat,363.0722122
68,Sample_S19S_0026_Wat,363.108539
21,Sample_S19S_0026_Wat,363.1215932
36,Sample_S19S_0026_Wat,363.1449786
15,Sample_S19S_0026_Wat,363.1812892
26,Sample_S19S_0026_Wat,364.0674047
38,Sample_S19S_0026_Wat,364.1038292
42,Sample_S19S_0026_Wat,365.015069
23,Sample_S19S_0026_Wat,365.0513776
13,Sample_S19S_0026_Wat,365.0644569
86,Sample_S19S_0026_Wat,365.0878382
27,Sample_S19S_0026_Wat,365.1008669
34,Sample_S19S_0026_Wat,365.1241727
18,Sample_S19S_0026_Wat,365.137244
18,Sample_S19S_0026_Wat,365.1606438
26,Sample_S19S_0026_Wat,365.1969623
42,Sample_S19S_0026_Wat,366.0830912
39,Sample_S19S_0026_Wat,366.1194629
48,Sample_S19S_0026_Wat,367.0306865
85,Sample_S19S_0026_Wat,367.0671094
107,Sample_S19S_0026_Wat,367.1034613
21,Sample_S19S_0026_Wat,367.1165264
11,Sample_S19S_0026_Wat,367.1399195
33,Sample_S19S_0026_Wat,367.1762158
53,Sample_S19S_0026_Wat,368.0987097
34,Sample_S19S_0026_Wat,368.1351331
41,Sample_S19S_0026_Wat,369.0463181
77,Sample_S19S_0026_Wat,369.0827443
23,Sample_S19S_0026_Wat,369.111039
20,Sample_S19S_0026_Wat,369.1190631
47,Sample_S19S_0026_Wat,369.1555194
10,Sample_S19S_0026_Wat,369.1837969
7,Sample_S19S_0026_Wat,369.1918398
30,Sample_S19S_0026_Wat,370.0779692
31,Sample_S19S_0026_Wat,370.1507341
19,Sample_S19S_0026_Wat,371.0255725
25,Sample_S19S_0026_Wat,371.0408802
63,Sample_S19S_0026_Wat,371.0620102
19,Sample_S19S_0026_Wat,371.0902981
26,Sample_S19S_0026_Wat,371.0983408
37,Sample_S19S_0026_Wat,371.1136558
51,Sample_S19S_0026_Wat,371.1347918
37,Sample_S19S_0026_Wat,371.171134
38,Sample_S19S_0026_Wat,372.1300076
19,Sample_S19S_0026_Wat,373.0201141
38,Sample_S19S_0026_Wat,373.0412407
47,Sample_S19S_0026_Wat,373.0565482
32,Sample_S19S_0026_Wat,373.0776886
37,Sample_S19S_0026_Wat,373.09294
28,Sample_S19S_0026_Wat,373.1059583
48,Sample_S19S_0026_Wat,373.1140108
11,Sample_S19S_0026_Wat,373.1504711
16,Sample_S19S_0026_Wat,373.1657318
1,Sample_S19S_0026_Wat,374.0729636
25,Sample_S19S_0026_Wat,374.1456527
18,Sample_S19S_0026_Wat,375.0358416
17,Sample_S19S_0026_Wat,375.0569615
55,Sample_S19S_0026_Wat,375.0721973
9,Sample_S19S_0026_Wat,375.0755416
28,Sample_S19S_0026_Wat,375.0852221
37,Sample_S19S_0026_Wat,375.0932745
28,Sample_S19S_0026_Wat,375.1297066
68,Sample_S19S_0026_Wat,375.1449442
25,Sample_S19S_0026_Wat,375.1579842
20,Sample_S19S_0026_Wat,375.1812892
27,Sample_S19S_0026_Wat,376.0674564
14,Sample_S19S_0026_Wat,376.1249335
25,Sample_S19S_0026_Wat,377.0150486
66,Sample_S19S_0026_Wat,377.0514538
48,Sample_S19S_0026_Wat,377.0877952
19,Sample_S19S_0026_Wat,377.100823
86,Sample_S19S_0026_Wat,377.1241915
27,Sample_S19S_0026_Wat,377.1372608
46,Sample_S19S_0026_Wat,377.1606102
14,Sample_S19S_0026_Wat,377.1735945
7,Sample_S19S_0026_Wat,378.0466478
29,Sample_S19S_0026_Wat,378.0831073
43,Sample_S19S_0026_Wat,378.1194361
51,Sample_S19S_0026_Wat,379.0307221
24,Sample_S19S_0026_Wat,379.0670295
18,Sample_S19S_0026_Wat,379.0800689
98,Sample_S19S_0026_Wat,379.1034645
27,Sample_S19S_0026_Wat,379.1165229
80,Sample_S19S_0026_Wat,379.1398402
20,Sample_S19S_0026_Wat,379.1528588
43,Sample_S19S_0026_Wat,379.1762343
40,Sample_S19S_0026_Wat,380.0987084
54,Sample_S19S_0026_Wat,380.1350974
15,Sample_S19S_0026_Wat,381.0099072
60,Sample_S19S_0026_Wat,381.0463502
31,Sample_S19S_0026_Wat,381.0826619
93,Sample_S19S_0026_Wat,381.1191186
23,Sample_S19S_0026_Wat,381.1321708
71,Sample_S19S_0026_Wat,381.1555031
25,Sample_S19S_0026_Wat,381.1918695
31,Sample_S19S_0026_Wat,382.0779661
43,Sample_S19S_0026_Wat,382.1143936
6,Sample_S19S_0026_Wat,382.1507159
26,Sample_S19S_0026_Wat,383.0255766
10,Sample_S19S_0026_Wat,383.040804
34,Sample_S19S_0026_Wat,383.0619616
95,Sample_S19S_0026_Wat,383.0983806
27,Sample_S19S_0026_Wat,383.1266887
29,Sample_S19S_0026_Wat,383.1347075
22,Sample_S19S_0026_Wat,383.1711132
22,Sample_S19S_0026_Wat,383.2075249
35,Sample_S19S_0026_Wat,384.0936599
26,Sample_S19S_0026_Wat,384.1664077
25,Sample_S19S_0026_Wat,385.0412026
23,Sample_S19S_0026_Wat,385.0564963
75,Sample_S19S_0026_Wat,385.0776412
48,Sample_S19S_0026_Wat,385.0929264
26,Sample_S19S_0026_Wat,385.1139909
20,Sample_S19S_0026_Wat,385.1292595
24,Sample_S19S_0026_Wat,385.1423072
27,Sample_S19S_0026_Wat,385.1503825
23,Sample_S19S_0026_Wat,385.1868285
27,Sample_S19S_0026_Wat,386.0728862
33,Sample_S19S_0026_Wat,386.1093009
19,Sample_S19S_0026_Wat,386.1820531
41,Sample_S19S_0026_Wat,387.0358113
26,Sample_S19S_0026_Wat,387.0568488
13,Sample_S19S_0026_Wat,387.0721252
21,Sample_S19S_0026_Wat,387.0851909
23,Sample_S19S_0026_Wat,387.0932457
62,Sample_S19S_0026_Wat,387.1085636
76,Sample_S19S_0026_Wat,387.1296791
19,Sample_S19S_0026_Wat,387.1579654
12,Sample_S19S_0026_Wat,387.1659841
10,Sample_S19S_0026_Wat,387.19436
33,Sample_S19S_0026_Wat,388.1249219
21,Sample_S19S_0026_Wat,389.0150297
37,Sample_S19S_0026_Wat,389.051417
12,Sample_S19S_0026_Wat,389.0644457
22,Sample_S19S_0026_Wat,389.0724972
60,Sample_S19S_0026_Wat,389.0878118
27,Sample_S19S_0026_Wat,389.1008827
31,Sample_S19S_0026_Wat,389.108981
76,Sample_S19S_0026_Wat,389.1242045
22,Sample_S19S_0026_Wat,389.1372295
15,Sample_S19S_0026_Wat,389.1452618
18,Sample_S19S_0026_Wat,389.1605387
18,Sample_S19S_0026_Wat,389.1736085
31,Sample_S19S_0026_Wat,389.1969883
26,Sample_S19S_0026_Wat,391.0307447
37,Sample_S19S_0026_Wat,391.0670531
36,Sample_S19S_0026_Wat,391.1034381
48,Sample_S19S_0026_Wat,391.1398852
11,Sample_S19S_0026_Wat,391.1528412
27,Sample_S19S_0026_Wat,391.1762035
24,Sample_S19S_0026_Wat,392.06231
46,Sample_S19S_0026_Wat,392.098752
11,Sample_S19S_0026_Wat,392.1198706
38,Sample_S19S_0026_Wat,393.0463154
13,Sample_S19S_0026_Wat,393.0593644
70,Sample_S19S_0026_Wat,393.0827628
76,Sample_S19S_0026_Wat,393.1191285
23,Sample_S19S_0026_Wat,393.1321265
33,Sample_S19S_0026_Wat,393.1554711
15,Sample_S19S_0026_Wat,393.1685262
21,Sample_S19S_0026_Wat,393.1919402
21,Sample_S19S_0026_Wat,394.078026
32,Sample_S19S_0026_Wat,394.1144108
29,Sample_S19S_0026_Wat,395.0255818
48,Sample_S19S_0026_Wat,395.0619708
49,Sample_S19S_0026_Wat,395.0984243
16,Sample_S19S_0026_Wat,395.1114167
105,Sample_S19S_0026_Wat,395.1347697
38,Sample_S19S_0026_Wat,395.171191
10,Sample_S19S_0026_Wat,395.2075813
33,Sample_S19S_0026_Wat,396.0936653
26,Sample_S19S_0026_Wat,396.13006
42,Sample_S19S_0026_Wat,397.0412485
26,Sample_S19S_0026_Wat,397.0565368
29,Sample_S19S_0026_Wat,397.0775828
20,Sample_S19S_0026_Wat,397.1059758
62,Sample_S19S_0026_Wat,397.1140135
74,Sample_S19S_0026_Wat,397.1504225
16,Sample_S19S_0026_Wat,397.1867602
28,Sample_S19S_0026_Wat,398.0729329
44,Sample_S19S_0026_Wat,398.1456531
27,Sample_S19S_0026_Wat,399.0205105
11,Sample_S19S_0026_Wat,399.0356696
9,Sample_S19S_0026_Wat,399.0488349
18,Sample_S19S_0026_Wat,399.0568344
20,Sample_S19S_0026_Wat,399.0721389
24,Sample_S19S_0026_Wat,399.085227
57,Sample_S19S_0026_Wat,399.0932727
19,Sample_S19S_0026_Wat,399.1086044
58,Sample_S19S_0026_Wat,399.1296635
13,Sample_S19S_0026_Wat,399.1579458
3,Sample_S19S_0026_Wat,399.1659287
15,Sample_S19S_0026_Wat,399.1943775
21,Sample_S19S_0026_Wat,400.1249077
27,Sample_S19S_0026_Wat,401.0150794
50,Sample_S19S_0026_Wat,401.0514549
15,Sample_S19S_0026_Wat,401.0644945
19,Sample_S19S_0026_Wat,401.0725084
47,Sample_S19S_0026_Wat,401.0878209
48,Sample_S19S_0026_Wat,401.1089631
59,Sample_S19S_0026_Wat,401.1453284
51,Sample_S19S_0026_Wat,401.1605804
16,Sample_S19S_0026_Wat,401.1736033
12,Sample_S19S_0026_Wat,401.1816514
3,Sample_S19S_0026_Wat,402.1042761
20,Sample_S19S_0026_Wat,402.1405573
13,Sample_S19S_0026_Wat,403.0305846
9,Sample_S19S_0026_Wat,403.0437271
17,Sample_S19S_0026_Wat,403.0517845
58,Sample_S19S_0026_Wat,403.0671122
49,Sample_S19S_0026_Wat,403.0881974
57,Sample_S19S_0026_Wat,403.1034476
22,Sample_S19S_0026_Wat,403.1164656
17,Sample_S19S_0026_Wat,403.1245163
74,Sample_S19S_0026_Wat,403.1398463
28,Sample_S19S_0026_Wat,403.1529106
30,Sample_S19S_0026_Wat,403.1762826
20,Sample_S19S_0026_Wat,404.0834492
52,Sample_S19S_0026_Wat,405.0463718
39,Sample_S19S_0026_Wat,405.0827082
25,Sample_S19S_0026_Wat,405.1190623
28,Sample_S19S_0026_Wat,405.1321292
47,Sample_S19S_0026_Wat,405.1555362
23,Sample_S19S_0026_Wat,405.1685606
25,Sample_S19S_0026_Wat,405.1918632
6,Sample_S19S_0026_Wat,406.0990792
21,Sample_S19S_0026_Wat,407.0255705
53,Sample_S19S_0026_Wat,407.0620299
15,Sample_S19S_0026_Wat,407.0750599
81,Sample_S19S_0026_Wat,407.0983755
15,Sample_S19S_0026_Wat,407.1113661
64,Sample_S19S_0026_Wat,407.1347505
22,Sample_S19S_0026_Wat,407.1477958
11,Sample_S19S_0026_Wat,407.1712237
16,Sample_S19S_0026_Wat,407.2075913
46,Sample_S19S_0026_Wat,408.0936661
58,Sample_S19S_0026_Wat,408.1300077
27,Sample_S19S_0026_Wat,409.0412228
27,Sample_S19S_0026_Wat,409.07757
81,Sample_S19S_0026_Wat,409.1140221
15,Sample_S19S_0026_Wat,409.1270356
77,Sample_S19S_0026_Wat,409.1504235
11,Sample_S19S_0026_Wat,409.1867344
34,Sample_S19S_0026_Wat,410.0729191
12,Sample_S19S_0026_Wat,410.1092388
40,Sample_S19S_0026_Wat,410.1456867
27,Sample_S19S_0026_Wat,411.0205049
21,Sample_S19S_0026_Wat,411.0568579
72,Sample_S19S_0026_Wat,411.0933142
72,Sample_S19S_0026_Wat,411.1296933
30,Sample_S19S_0026_Wat,411.1579879
42,Sample_S19S_0026_Wat,411.1660419
3,Sample_S19S_0026_Wat,411.2022993
28,Sample_S19S_0026_Wat,412.0885256
41,Sample_S19S_0026_Wat,412.1249118
25,Sample_S19S_0026_Wat,413.0361429
3,Sample_S19S_0026_Wat,413.0513424
11,Sample_S19S_0026_Wat,413.06446
8,Sample_S19S_0026_Wat,413.072442
26,Sample_S19S_0026_Wat,413.1008794
73,Sample_S19S_0026_Wat,413.1089345
18,Sample_S19S_0026_Wat,413.1372735
21,Sample_S19S_0026_Wat,413.1452768
20,Sample_S19S_0026_Wat,413.1736056
10,Sample_S19S_0026_Wat,413.1816156
18,Sample_S19S_0026_Wat,415.0306688
22,Sample_S19S_0026_Wat,415.0518724
6,Sample_S19S_0026_Wat,415.0671726
10,Sample_S19S_0026_Wat,415.080159
52,Sample_S19S_0026_Wat,415.0881916
52,Sample_S19S_0026_Wat,415.1034568
21,Sample_S19S_0026_Wat,415.1164835
27,Sample_S19S_0026_Wat,415.1245406
18,Sample_S19S_0026_Wat,415.1529316
48,Sample_S19S_0026_Wat,415.1609859
7,Sample_S19S_0026_Wat,415.1763155
23,Sample_S19S_0026_Wat,417.009975
28,Sample_S19S_0026_Wat,417.0463346
12,Sample_S19S_0026_Wat,417.0593749
18,Sample_S19S_0026_Wat,417.0674105
24,Sample_S19S_0026_Wat,417.0826722
17,Sample_S19S_0026_Wat,417.0957124
20,Sample_S19S_0026_Wat,417.1037889
71,Sample_S19S_0026_Wat,417.1191101
34,Sample_S19S_0026_Wat,417.1321667
34,Sample_S19S_0026_Wat,417.1402188
62,Sample_S19S_0026_Wat,417.1555165
33,Sample_S19S_0026_Wat,417.1685514
28,Sample_S19S_0026_Wat,418.0779721
23,Sample_S19S_0026_Wat,419.0256123
33,Sample_S19S_0026_Wat,419.0619721
14,Sample_S19S_0026_Wat,419.0982983
7,Sample_S19S_0026_Wat,419.1113471
77,Sample_S19S_0026_Wat,419.1347745
25,Sample_S19S_0026_Wat,419.1478319
40,Sample_S19S_0026_Wat,419.1711927
23,Sample_S19S_0026_Wat,419.1842051
30,Sample_S19S_0026_Wat,419.207525
40,Sample_S19S_0026_Wat,421.0412704
19,Sample_S19S_0026_Wat,421.0777047
20,Sample_S19S_0026_Wat,421.0906648
78,Sample_S19S_0026_Wat,421.1140346
15,Sample_S19S_0026_Wat,421.1270174
71,Sample_S19S_0026_Wat,421.1504292
1,Sample_S19S_0026_Wat,421.1552081
20,Sample_S19S_0026_Wat,421.1634511
19,Sample_S19S_0026_Wat,421.1868654
1,Sample_S19S_0026_Wat,421.2265386
29,Sample_S19S_0026_Wat,422.0728802
19,Sample_S19S_0026_Wat,422.1093338
19,Sample_S19S_0026_Wat,423.0205894
46,Sample_S19S_0026_Wat,423.0569089
27,Sample_S19S_0026_Wat,423.093231
2,Sample_S19S_0026_Wat,423.1061645
90,Sample_S19S_0026_Wat,423.1296813
14,Sample_S19S_0026_Wat,423.1426961
29,Sample_S19S_0026_Wat,423.1661225
30,Sample_S19S_0026_Wat,423.2024382
1,Sample_S19S_0026_Wat,424.0886497
24,Sample_S19S_0026_Wat,424.1249783
40,Sample_S19S_0026_Wat,425.0361852
16,Sample_S19S_0026_Wat,425.1008972
49,Sample_S19S_0026_Wat,425.1089252
16,Sample_S19S_0026_Wat,425.1453873
39,Sample_S19S_0026_Wat,425.1816982
42,Sample_S19S_0026_Wat,426.1405881
15,Sample_S19S_0026_Wat,427.0307487
18,Sample_S19S_0026_Wat,427.0518808
11,Sample_S19S_0026_Wat,427.0801714
39,Sample_S19S_0026_Wat,427.088175
18,Sample_S19S_0026_Wat,427.1165345
70,Sample_S19S_0026_Wat,427.1245871
4,Sample_S19S_0026_Wat,427.1610597
25,Sample_S19S_0026_Wat,427.1973395
20,Sample_S19S_0026_Wat,428.1562791
27,Sample_S19S_0026_Wat,429.0310878
19,Sample_S19S_0026_Wat,429.0463286
39,Sample_S19S_0026_Wat,429.067488
2,Sample_S19S_0026_Wat,429.0829209
9,Sample_S19S_0026_Wat,429.1039457
7,Sample_S19S_0026_Wat,429.1192381
59,Sample_S19S_0026_Wat,429.1402424
24,Sample_S19S_0026_Wat,429.1555582
25,Sample_S19S_0026_Wat,429.1685491
15,Sample_S19S_0026_Wat,429.1765924
31,Sample_S19S_0026_Wat,429.1919036
24,Sample_S19S_0026_Wat,430.0991542
37,Sample_S19S_0026_Wat,430.1354817
20,Sample_S19S_0026_Wat,431.0256563
10,Sample_S19S_0026_Wat,431.04681
52,Sample_S19S_0026_Wat,431.0620177
37,Sample_S19S_0026_Wat,431.083125
56,Sample_S19S_0026_Wat,431.098388
21,Sample_S19S_0026_Wat,431.1113826
26,Sample_S19S_0026_Wat,431.1194411
24,Sample_S19S_0026_Wat,431.1347291
24,Sample_S19S_0026_Wat,431.1477957
18,Sample_S19S_0026_Wat,431.1558407
33,Sample_S19S_0026_Wat,431.1711879
15,Sample_S19S_0026_Wat,431.2076023
1,Sample_S19S_0026_Wat,432.0573233
34,Sample_S19S_0026_Wat,433.0412948
2,Sample_S19S_0026_Wat,433.0543356
63,Sample_S19S_0026_Wat,433.077665
17,Sample_S19S_0026_Wat,433.0906617
12,Sample_S19S_0026_Wat,433.0986887
26,Sample_S19S_0026_Wat,433.1139658
8,Sample_S19S_0026_Wat,433.1269982
24,Sample_S19S_0026_Wat,433.1503758
25,Sample_S19S_0026_Wat,433.1634586
37,Sample_S19S_0026_Wat,433.1868494
8,Sample_S19S_0026_Wat,434.1093421
14,Sample_S19S_0026_Wat,435.0204588
37,Sample_S19S_0026_Wat,435.0569041
17,Sample_S19S_0026_Wat,435.0698968
69,Sample_S19S_0026_Wat,435.093324
16,Sample_S19S_0026_Wat,435.1062764
27,Sample_S19S_0026_Wat,435.1296329
7,Sample_S19S_0026_Wat,435.1426364
22,Sample_S19S_0026_Wat,435.1659973
11,Sample_S19S_0026_Wat,435.1790631
40,Sample_S19S_0026_Wat,435.2024665
9,Sample_S19S_0026_Wat,436.0886111
3,Sample_S19S_0026_Wat,436.1250197
34,Sample_S19S_0026_Wat,437.0361523
24,Sample_S19S_0026_Wat,437.072483
26,Sample_S19S_0026_Wat,437.1088959
2,Sample_S19S_0026_Wat,437.1219003
57,Sample_S19S_0026_Wat,437.1453651
1,Sample_S19S_0026_Wat,437.1737814
43,Sample_S19S_0026_Wat,437.1817485
7,Sample_S19S_0026_Wat,437.2180272
6,Sample_S19S_0026_Wat,438.0678822
52,Sample_S19S_0026_Wat,438.1405683
9,Sample_S19S_0026_Wat,439.0153758
17,Sample_S19S_0026_Wat,439.051737
63,Sample_S19S_0026_Wat,439.0882098
66,Sample_S19S_0026_Wat,439.1246064
18,Sample_S19S_0026_Wat,439.1529344
28,Sample_S19S_0026_Wat,439.1609425
20,Sample_S19S_0026_Wat,439.1892886
15,Sample_S19S_0026_Wat,439.1973056
27,Sample_S19S_0026_Wat,440.0834468
22,Sample_S19S_0026_Wat,440.1198163
17,Sample_S19S_0026_Wat,441.0310268
10,Sample_S19S_0026_Wat,441.0462365
32,Sample_S19S_0026_Wat,441.0674409
35,Sample_S19S_0026_Wat,441.1039049
16,Sample_S19S_0026_Wat,441.1191742
51,Sample_S19S_0026_Wat,441.1402285
17,Sample_S19S_0026_Wat,441.168514
20,Sample_S19S_0026_Wat,441.1765589
9,Sample_S19S_0026_Wat,442.0990637
18,Sample_S19S_0026_Wat,442.135461
16,Sample_S19S_0026_Wat,443.0255061
19,Sample_S19S_0026_Wat,443.0466588
15,Sample_S19S_0026_Wat,443.061884
15,Sample_S19S_0026_Wat,443.0749837
32,Sample_S19S_0026_Wat,443.0830557
37,Sample_S19S_0026_Wat,443.0984287
19,Sample_S19S_0026_Wat,443.1114516
60,Sample_S19S_0026_Wat,443.119518
6,Sample_S19S_0026_Wat,443.1348538
19,Sample_S19S_0026_Wat,443.1478565
46,Sample_S19S_0026_Wat,443.1558944
22,Sample_S19S_0026_Wat,443.1711201
20,Sample_S19S_0026_Wat,443.1841796
13,Sample_S19S_0026_Wat,443.1922057
30,Sample_S19S_0026_Wat,445.0412697
6,Sample_S19S_0026_Wat,445.054308
30,Sample_S19S_0026_Wat,445.0623769
28,Sample_S19S_0026_Wat,445.0776178
11,Sample_S19S_0026_Wat,445.0986624
4,Sample_S19S_0026_Wat,445.1083593
17,Sample_S19S_0026_Wat,445.1139537
18,Sample_S19S_0026_Wat,445.127011
9,Sample_S19S_0026_Wat,445.1350548
29,Sample_S19S_0026_Wat,445.1503907
32,Sample_S19S_0026_Wat,445.1634705
37,Sample_S19S_0026_Wat,445.1868428
2,Sample_S19S_0026_Wat,446.0939418
13,Sample_S19S_0026_Wat,447.0204695
8,Sample_S19S_0026_Wat,447.056785
6,Sample_S19S_0026_Wat,447.0698296
16,Sample_S19S_0026_Wat,447.09323
13,Sample_S19S_0026_Wat,447.114388
72,Sample_S19S_0026_Wat,447.1297048
31,Sample_S19S_0026_Wat,447.1427418
67,Sample_S19S_0026_Wat,447.1660641
19,Sample_S19S_0026_Wat,447.179104
12,Sample_S19S_0026_Wat,447.2023724
9,Sample_S19S_0026_Wat,448.1096972
18,Sample_S19S_0026_Wat,449.0360637
21,Sample_S19S_0026_Wat,449.0724952
19,Sample_S19S_0026_Wat,449.0855556
79,Sample_S19S_0026_Wat,449.1089599
17,Sample_S19S_0026_Wat,449.1219859
72,Sample_S19S_0026_Wat,449.1453221
23,Sample_S19S_0026_Wat,449.1583358
24,Sample_S19S_0026_Wat,449.1816462
2,Sample_S19S_0026_Wat,449.1946593
12,Sample_S19S_0026_Wat,451.0153576
17,Sample_S19S_0026_Wat,451.0517204
33,Sample_S19S_0026_Wat,451.0881744
6,Sample_S19S_0026_Wat,451.1011798
55,Sample_S19S_0026_Wat,451.124616
17,Sample_S19S_0026_Wat,451.1376081
1,Sample_S19S_0026_Wat,451.1530256
31,Sample_S19S_0026_Wat,451.1609528
10,Sample_S19S_0026_Wat,451.189303
6,Sample_S19S_0026_Wat,451.1972791
26,Sample_S19S_0026_Wat,452.0834394
6,Sample_S19S_0026_Wat,452.1199139
20,Sample_S19S_0026_Wat,453.0310814
23,Sample_S19S_0026_Wat,453.0673983
12,Sample_S19S_0026_Wat,453.0957146
16,Sample_S19S_0026_Wat,453.1037558
16,Sample_S19S_0026_Wat,453.1321972
39,Sample_S19S_0026_Wat,453.140211
3,Sample_S19S_0026_Wat,453.1686448
53,Sample_S19S_0026_Wat,453.1766436
11,Sample_S19S_0026_Wat,453.2049759
14,Sample_S19S_0026_Wat,455.025566
35,Sample_S19S_0026_Wat,455.0467468
38,Sample_S19S_0026_Wat,455.0620251
45,Sample_S19S_0026_Wat,455.0831528
16,Sample_S19S_0026_Wat,455.111472
36,Sample_S19S_0026_Wat,455.1194736
21,Sample_S19S_0026_Wat,455.14777
13,Sample_S19S_0026_Wat,455.1558023
15,Sample_S19S_0026_Wat,455.1841535
10,Sample_S19S_0026_Wat,455.1921775
16,Sample_S19S_0026_Wat,455.2205892
8,Sample_S19S_0026_Wat,457.0260917
30,Sample_S19S_0026_Wat,457.0412916
31,Sample_S19S_0026_Wat,457.0624071
13,Sample_S19S_0026_Wat,457.0776174
11,Sample_S19S_0026_Wat,457.0906483
19,Sample_S19S_0026_Wat,457.0986905
23,Sample_S19S_0026_Wat,457.1139922
15,Sample_S19S_0026_Wat,457.1270095
13,Sample_S19S_0026_Wat,457.1350642
3,Sample_S19S_0026_Wat,457.1447412
13,Sample_S19S_0026_Wat,457.150377
19,Sample_S19S_0026_Wat,457.1634444
23,Sample_S19S_0026_Wat,457.1715231
39,Sample_S19S_0026_Wat,457.1868094
10,Sample_S19S_0026_Wat,457.1998933
21,Sample_S19S_0026_Wat,459.0205561
17,Sample_S19S_0026_Wat,459.0416602
19,Sample_S19S_0026_Wat,459.0568713
9,Sample_S19S_0026_Wat,459.069913
21,Sample_S19S_0026_Wat,459.0779746
18,Sample_S19S_0026_Wat,459.0932353
20,Sample_S19S_0026_Wat,459.1062882
24,Sample_S19S_0026_Wat,459.1143457
49,Sample_S19S_0026_Wat,459.1296693
28,Sample_S19S_0026_Wat,459.142719
35,Sample_S19S_0026_Wat,459.1508169
38,Sample_S19S_0026_Wat,459.1661042
19,Sample_S19S_0026_Wat,459.2025048
6,Sample_S19S_0026_Wat,459.2155229
30,Sample_S19S_0026_Wat,461.036196
5,Sample_S19S_0026_Wat,461.0492316
22,Sample_S19S_0026_Wat,461.0572822
26,Sample_S19S_0026_Wat,461.0725007
13,Sample_S19S_0026_Wat,461.0855391
3,Sample_S19S_0026_Wat,461.0935699
11,Sample_S19S_0026_Wat,461.1088271
4,Sample_S19S_0026_Wat,461.1218899
2,Sample_S19S_0026_Wat,461.1396751
22,Sample_S19S_0026_Wat,461.1452647
22,Sample_S19S_0026_Wat,461.1583343
35,Sample_S19S_0026_Wat,461.1817537
22,Sample_S19S_0026_Wat,461.218132
9,Sample_S19S_0026_Wat,463.015396
38,Sample_S19S_0026_Wat,463.0518315
2,Sample_S19S_0026_Wat,463.064914
42,Sample_S19S_0026_Wat,463.0881954
4,Sample_S19S_0026_Wat,463.1189274
15,Sample_S19S_0026_Wat,463.124491
4,Sample_S19S_0026_Wat,463.1375144
9,Sample_S19S_0026_Wat,463.1608564
9,Sample_S19S_0026_Wat,463.1739081
15,Sample_S19S_0026_Wat,463.1972938
24,Sample_S19S_0026_Wat,463.2337601
14,Sample_S19S_0026_Wat,465.0310055
13,Sample_S19S_0026_Wat,465.06738
33,Sample_S19S_0026_Wat,465.1038259
19,Sample_S19S_0026_Wat,465.1168704
6,Sample_S19S_0026_Wat,465.1686035
54,Sample_S19S_0026_Wat,465.1766182
9,Sample_S19S_0026_Wat,465.2049695
10,Sample_S19S_0026_Wat,465.2129596
40,Sample_S19S_0026_Wat,466.1355201
39,Sample_S19S_0026_Wat,467.0467531
48,Sample_S19S_0026_Wat,467.0831629
46,Sample_S19S_0026_Wat,467.1195422
26,Sample_S19S_0026_Wat,467.1478261
29,Sample_S19S_0026_Wat,467.1558326
21,Sample_S19S_0026_Wat,467.184209
8,Sample_S19S_0026_Wat,467.1921933
20,Sample_S19S_0026_Wat,468.1147294
13,Sample_S19S_0026_Wat,469.0260039
20,Sample_S19S_0026_Wat,469.0412947
30,Sample_S19S_0026_Wat,469.062394
9,Sample_S19S_0026_Wat,469.0776006
10,Sample_S19S_0026_Wat,469.0906533
25,Sample_S19S_0026_Wat,469.0986993
22,Sample_S19S_0026_Wat,469.1270251
13,Sample_S19S_0026_Wat,469.1350525
13,Sample_S19S_0026_Wat,469.1633964
22,Sample_S19S_0026_Wat,469.199861
18,Sample_S19S_0026_Wat,469.2078959
17,Sample_S19S_0026_Wat,471.0205509
16,Sample_S19S_0026_Wat,471.0416901
32,Sample_S19S_0026_Wat,471.0569384
30,Sample_S19S_0026_Wat,471.0780166
19,Sample_S19S_0026_Wat,471.093255
17,Sample_S19S_0026_Wat,471.106291
6,Sample_S19S_0026_Wat,471.1295835
10,Sample_S19S_0026_Wat,471.1426129
10,Sample_S19S_0026_Wat,471.1506882
6,Sample_S19S_0026_Wat,471.16598
20,Sample_S19S_0026_Wat,471.1790652
17,Sample_S19S_0026_Wat,471.1871307
14,Sample_S19S_0026_Wat,471.2155389
16,Sample_S19S_0026_Wat,473.0361823
9,Sample_S19S_0026_Wat,473.0573502
34,Sample_S19S_0026_Wat,473.0726032
34,Sample_S19S_0026_Wat,473.0937108
56,Sample_S19S_0026_Wat,473.1089772
22,Sample_S19S_0026_Wat,473.121993
17,Sample_S19S_0026_Wat,473.1300234
4,Sample_S19S_0026_Wat,473.139667
21,Sample_S19S_0026_Wat,473.1452829
11,Sample_S19S_0026_Wat,473.1582831
11,Sample_S19S_0026_Wat,473.1663521
1,Sample_S19S_0026_Wat,473.1760299
16,Sample_S19S_0026_Wat,473.1816622
7,Sample_S19S_0026_Wat,473.1946924
17,Sample_S19S_0026_Wat,473.2180738
14,Sample_S19S_0026_Wat,475.0517049
9,Sample_S19S_0026_Wat,475.0648516
17,Sample_S19S_0026_Wat,475.0728791
26,Sample_S19S_0026_Wat,475.0881586
14,Sample_S19S_0026_Wat,475.1012806
14,Sample_S19S_0026_Wat,475.1092833
60,Sample_S19S_0026_Wat,475.1245966
28,Sample_S19S_0026_Wat,475.1376596
63,Sample_S19S_0026_Wat,475.1609843
21,Sample_S19S_0026_Wat,475.1739813
10,Sample_S19S_0026_Wat,475.1973043
32,Sample_S19S_0026_Wat,477.0311319
43,Sample_S19S_0026_Wat,477.0674882
3,Sample_S19S_0026_Wat,477.0805777
19,Sample_S19S_0026_Wat,477.1037802
19,Sample_S19S_0026_Wat,477.1168599
6,Sample_S19S_0026_Wat,477.1401075
7,Sample_S19S_0026_Wat,477.1531747
18,Sample_S19S_0026_Wat,477.1765167
5,Sample_S19S_0026_Wat,477.1895617
28,Sample_S19S_0026_Wat,477.2130039
6,Sample_S19S_0026_Wat,479.0466033
15,Sample_S19S_0026_Wat,479.0830028
6,Sample_S19S_0026_Wat,479.1113584
36,Sample_S19S_0026_Wat,479.1194663
18,Sample_S19S_0026_Wat,479.1325629
62,Sample_S19S_0026_Wat,479.1559168
11,Sample_S19S_0026_Wat,479.1689644
1,Sample_S19S_0026_Wat,479.1843315
42,Sample_S19S_0026_Wat,479.1923063
10,Sample_S19S_0026_Wat,479.2286027
7,Sample_S19S_0026_Wat,481.025885
21,Sample_S19S_0026_Wat,481.0623379
43,Sample_S19S_0026_Wat,481.0987747
59,Sample_S19S_0026_Wat,481.1351677
17,Sample_S19S_0026_Wat,481.1634867
41,Sample_S19S_0026_Wat,481.1715313
16,Sample_S19S_0026_Wat,481.199847
15,Sample_S19S_0026_Wat,481.2078283
3,Sample_S19S_0026_Wat,482.1302914
19,Sample_S19S_0026_Wat,483.0415833
14,Sample_S19S_0026_Wat,483.0568081
29,Sample_S19S_0026_Wat,483.0780208
6,Sample_S19S_0026_Wat,483.1064043
43,Sample_S19S_0026_Wat,483.1144642
32,Sample_S19S_0026_Wat,483.1508531
15,Sample_S19S_0026_Wat,483.1791639
25,Sample_S19S_0026_Wat,483.1871699
12,Sample_S19S_0026_Wat,483.2154832
9,Sample_S19S_0026_Wat,483.2234722
9,Sample_S19S_0026_Wat,485.057196
15,Sample_S19S_0026_Wat,485.0724465
12,Sample_S19S_0026_Wat,485.0855526
28,Sample_S19S_0026_Wat,485.0936172
39,Sample_S19S_0026_Wat,485.1089501
15,Sample_S19S_0026_Wat,485.1220307
43,Sample_S19S_0026_Wat,485.1300644
1,Sample_S19S_0026_Wat,485.139617
25,Sample_S19S_0026_Wat,485.1453846
17,Sample_S19S_0026_Wat,485.1584131
31,Sample_S19S_0026_Wat,485.1664901
12,Sample_S19S_0026_Wat,485.1948096
10,Sample_S19S_0026_Wat,487.0154217
15,Sample_S19S_0026_Wat,487.0365498
17,Sample_S19S_0026_Wat,487.051792
20,Sample_S19S_0026_Wat,487.072871
10,Sample_S19S_0026_Wat,487.088118
15,Sample_S19S_0026_Wat,487.1011949
5,Sample_S19S_0026_Wat,487.1092152
10,Sample_S19S_0026_Wat,487.1244947
19,Sample_S19S_0026_Wat,487.1375846
12,Sample_S19S_0026_Wat,487.1456408
1,Sample_S19S_0026_Wat,487.1552674
48,Sample_S19S_0026_Wat,487.1609704
17,Sample_S19S_0026_Wat,487.1740711
28,Sample_S19S_0026_Wat,487.1974177
3,Sample_S19S_0026_Wat,487.2104698
12,Sample_S19S_0026_Wat,489.0310445
39,Sample_S19S_0026_Wat,489.067487
22,Sample_S19S_0026_Wat,489.0886429
29,Sample_S19S_0026_Wat,489.1039118
25,Sample_S19S_0026_Wat,489.1402055
18,Sample_S19S_0026_Wat,489.1532671
1,Sample_S19S_0026_Wat,489.1708695
9,Sample_S19S_0026_Wat,489.1765226
3,Sample_S19S_0026_Wat,489.1895365
8,Sample_S19S_0026_Wat,489.2128864
15,Sample_S19S_0026_Wat,491.0466906
19,Sample_S19S_0026_Wat,491.0830123
7,Sample_S19S_0026_Wat,491.0961728
9,Sample_S19S_0026_Wat,491.1193786
17,Sample_S19S_0026_Wat,491.1325378
24,Sample_S19S_0026_Wat,491.1558203
20,Sample_S19S_0026_Wat,491.1689084
42,Sample_S19S_0026_Wat,491.1922945
7,Sample_S19S_0026_Wat,491.2287423
12,Sample_S19S_0026_Wat,493.0259042
14,Sample_S19S_0026_Wat,493.0622921
23,Sample_S19S_0026_Wat,493.098712
64,Sample_S19S_0026_Wat,493.1351653
1,Sample_S19S_0026_Wat,493.1636569
46,Sample_S19S_0026_Wat,493.1715856
3,Sample_S19S_0026_Wat,493.1999507
14,Sample_S19S_0026_Wat,495.0415683
6,Sample_S19S_0026_Wat,495.0568418
38,Sample_S19S_0026_Wat,495.0780179
2,Sample_S19S_0026_Wat,495.106406
42,Sample_S19S_0026_Wat,495.1144449
11,Sample_S19S_0026_Wat,495.1427989
54,Sample_S19S_0026_Wat,495.1507984
19,Sample_S19S_0026_Wat,495.1791573
7,Sample_S19S_0026_Wat,495.2154488
8,Sample_S19S_0026_Wat,497.036113
21,Sample_S19S_0026_Wat,497.0572968
29,Sample_S19S_0026_Wat,497.0725711
27,Sample_S19S_0026_Wat,497.1089508
11,Sample_S19S_0026_Wat,497.1301476
18,Sample_S19S_0026_Wat,497.1453801
26,Sample_S19S_0026_Wat,497.1947705
7,Sample_S19S_0026_Wat,498.1253978
26,Sample_S19S_0026_Wat,498.1617513
7,Sample_S19S_0026_Wat,499.036451
7,Sample_S19S_0026_Wat,499.0516924
21,Sample_S19S_0026_Wat,499.0728848
9,Sample_S19S_0026_Wat,499.1012958
35,Sample_S19S_0026_Wat,499.1093112
37,Sample_S19S_0026_Wat,499.1246232
16,Sample_S19S_0026_Wat,499.1377212
44,Sample_S19S_0026_Wat,499.1457371
5,Sample_S19S_0026_Wat,499.1553132
12,Sample_S19S_0026_Wat,499.1610424
18,Sample_S19S_0026_Wat,499.1740741
23,Sample_S19S_0026_Wat,499.2104255
12,Sample_S19S_0026_Wat,501.0310269
10,Sample_S19S_0026_Wat,501.0521674
22,Sample_S19S_0026_Wat,501.0673678
13,Sample_S19S_0026_Wat,501.080502
13,Sample_S19S_0026_Wat,501.0885018
11,Sample_S19S_0026_Wat,501.1037301
14,Sample_S19S_0026_Wat,501.116864
4,Sample_S19S_0026_Wat,501.1248479
18,Sample_S19S_0026_Wat,501.1401768
30,Sample_S19S_0026_Wat,501.1532967
17,Sample_S19S_0026_Wat,501.1612956
43,Sample_S19S_0026_Wat,501.1766253
26,Sample_S19S_0026_Wat,501.1896846
24,Sample_S19S_0026_Wat,501.2130646
14,Sample_S19S_0026_Wat,503.0468089
5,Sample_S19S_0026_Wat,503.0679918
5,Sample_S19S_0026_Wat,503.0832459
18,Sample_S19S_0026_Wat,503.1042984
53,Sample_S19S_0026_Wat,503.1195309
6,Sample_S19S_0026_Wat,503.1326318
1,Sample_S19S_0026_Wat,503.1502092
24,Sample_S19S_0026_Wat,503.1558462
11,Sample_S19S_0026_Wat,503.1921795
2,Sample_S19S_0026_Wat,503.2051842
11,Sample_S19S_0026_Wat,503.2285615
10,Sample_S19S_0026_Wat,505.0259469
10,Sample_S19S_0026_Wat,505.0622503
17,Sample_S19S_0026_Wat,505.098662
16,Sample_S19S_0026_Wat,505.1350781
5,Sample_S19S_0026_Wat,505.1482794
62,Sample_S19S_0026_Wat,505.1715425
16,Sample_S19S_0026_Wat,505.1846129
28,Sample_S19S_0026_Wat,505.2079802
10,Sample_S19S_0026_Wat,506.0576414
15,Sample_S19S_0026_Wat,507.0415912
27,Sample_S19S_0026_Wat,507.0780238
43,Sample_S19S_0026_Wat,507.1144464
57,Sample_S19S_0026_Wat,507.1508255
5,Sample_S19S_0026_Wat,507.179192
18,Sample_S19S_0026_Wat,509.0573918
11,Sample_S19S_0026_Wat,509.0726169
38,Sample_S19S_0026_Wat,509.0937287
7,Sample_S19S_0026_Wat,509.1219812
39,Sample_S19S_0026_Wat,509.1300451
11,Sample_S19S_0026_Wat,509.1583575
11,Sample_S19S_0026_Wat,509.1947371
7,Sample_S19S_0026_Wat,509.2311267
5,Sample_S19S_0026_Wat,509.2391011
7,Sample_S19S_0026_Wat,511.0366348
14,Sample_S19S_0026_Wat,511.0518749
35,Sample_S19S_0026_Wat,511.0729714
9,Sample_S19S_0026_Wat,511.0881435
3,Sample_S19S_0026_Wat,511.1375472
7,Sample_S19S_0026_Wat,511.1739404
11,Sample_S19S_0026_Wat,511.2103696
9,Sample_S19S_0026_Wat,511.2183807
8,Sample_S19S_0026_Wat,513.0311674
8,Sample_S19S_0026_Wat,513.0522762
26,Sample_S19S_0026_Wat,513.0674942
24,Sample_S19S_0026_Wat,513.0885835
19,Sample_S19S_0026_Wat,513.1169162
13,Sample_S19S_0026_Wat,513.1248843
5,Sample_S19S_0026_Wat,513.1401059
5,Sample_S19S_0026_Wat,513.1531789
5,Sample_S19S_0026_Wat,513.1612236
10,Sample_S19S_0026_Wat,513.1895585
13,Sample_S19S_0026_Wat,515.0467951
12,Sample_S19S_0026_Wat,515.0679477
39,Sample_S19S_0026_Wat,515.083157
25,Sample_S19S_0026_Wat,515.1042917
32,Sample_S19S_0026_Wat,515.1194964
7,Sample_S19S_0026_Wat,515.1326297
20,Sample_S19S_0026_Wat,515.1405768
12,Sample_S19S_0026_Wat,515.155816
15,Sample_S19S_0026_Wat,515.1688778
8,Sample_S19S_0026_Wat,515.1768835
8,Sample_S19S_0026_Wat,515.1921599
10,Sample_S19S_0026_Wat,515.2052029
4,Sample_S19S_0026_Wat,515.2285302
10,Sample_S19S_0026_Wat,517.0258857
29,Sample_S19S_0026_Wat,517.0624113
9,Sample_S19S_0026_Wat,517.0835974
12,Sample_S19S_0026_Wat,517.098859
8,Sample_S19S_0026_Wat,517.1199999
7,Sample_S19S_0026_Wat,517.1352552
10,Sample_S19S_0026_Wat,517.171616
13,Sample_S19S_0026_Wat,517.1846401
37,Sample_S19S_0026_Wat,517.2079237
7,Sample_S19S_0026_Wat,519.041577
11,Sample_S19S_0026_Wat,519.0779454
14,Sample_S19S_0026_Wat,519.1143103
8,Sample_S19S_0026_Wat,519.1275578
26,Sample_S19S_0026_Wat,519.1507584
7,Sample_S19S_0026_Wat,519.1639413
46,Sample_S19S_0026_Wat,519.1872205
15,Sample_S19S_0026_Wat,519.2236508
10,Sample_S19S_0026_Wat,521.020886
24,Sample_S19S_0026_Wat,521.0573462
30,Sample_S19S_0026_Wat,521.0937324
45,Sample_S19S_0026_Wat,521.1301011
26,Sample_S19S_0026_Wat,521.1663968
10,Sample_S19S_0026_Wat,521.2027235
4,Sample_S19S_0026_Wat,521.2390738
17,Sample_S19S_0026_Wat,523.0365285
9,Sample_S19S_0026_Wat,523.0728235
4,Sample_S19S_0026_Wat,523.1091901
12,Sample_S19S_0026_Wat,523.1456062
15,Sample_S19S_0026_Wat,523.1739853
21,Sample_S19S_0026_Wat,523.1820717
15,Sample_S19S_0026_Wat,523.2104573
10,Sample_S19S_0026_Wat,525.0521307
22,Sample_S19S_0026_Wat,525.0885729
19,Sample_S19S_0026_Wat,525.1038625
4,Sample_S19S_0026_Wat,525.1169923
31,Sample_S19S_0026_Wat,525.1250197
35,Sample_S19S_0026_Wat,525.1614051
10,Sample_S19S_0026_Wat,525.2340332
18,Sample_S19S_0026_Wat,526.1566707
12,Sample_S19S_0026_Wat,527.0315131
14,Sample_S19S_0026_Wat,527.0467883
14,Sample_S19S_0026_Wat,527.0679337
11,Sample_S19S_0026_Wat,527.0832056
9,Sample_S19S_0026_Wat,527.1043114
36,Sample_S19S_0026_Wat,527.1406475
33,Sample_S19S_0026_Wat,527.1558917
22,Sample_S19S_0026_Wat,527.1689685
24,Sample_S19S_0026_Wat,527.1769645
18,Sample_S19S_0026_Wat,527.2052882
7,Sample_S19S_0026_Wat,527.2132606
4,Sample_S19S_0026_Wat,529.0260908
8,Sample_S19S_0026_Wat,529.047257
15,Sample_S19S_0026_Wat,529.0624704
7,Sample_S19S_0026_Wat,529.0836238
17,Sample_S19S_0026_Wat,529.0988481
16,Sample_S19S_0026_Wat,529.119899
33,Sample_S19S_0026_Wat,529.1351825
10,Sample_S19S_0026_Wat,529.1482589
16,Sample_S19S_0026_Wat,529.1562352
15,Sample_S19S_0026_Wat,529.1714748
20,Sample_S19S_0026_Wat,529.184567
7,Sample_S19S_0026_Wat,529.1925822
7,Sample_S19S_0026_Wat,529.2078283
4,Sample_S19S_0026_Wat,529.2208396
9,Sample_S19S_0026_Wat,531.0417642
7,Sample_S19S_0026_Wat,531.0781475
16,Sample_S19S_0026_Wat,531.1144803
24,Sample_S19S_0026_Wat,531.1507766
15,Sample_S19S_0026_Wat,531.1638843
10,Sample_S19S_0026_Wat,531.1871077
10,Sample_S19S_0026_Wat,533.0574115
16,Sample_S19S_0026_Wat,533.0937827
25,Sample_S19S_0026_Wat,533.1301236
53,Sample_S19S_0026_Wat,533.166456
15,Sample_S19S_0026_Wat,533.1795306
11,Sample_S19S_0026_Wat,533.2027587
5,Sample_S19S_0026_Wat,533.2390944
12,Sample_S19S_0026_Wat,535.0365569
20,Sample_S19S_0026_Wat,535.0730261
13,Sample_S19S_0026_Wat,535.1094222
8,Sample_S19S_0026_Wat,535.1458132
17,Sample_S19S_0026_Wat,535.1821751
9,Sample_S19S_0026_Wat,537.0520931
18,Sample_S19S_0026_Wat,537.0884904
31,Sample_S19S_0026_Wat,537.1249315
13,Sample_S19S_0026_Wat,537.1533456
40,Sample_S19S_0026_Wat,537.161382
6,Sample_S19S_0026_Wat,537.1897464
15,Sample_S19S_0026_Wat,537.1978101
2,Sample_S19S_0026_Wat,537.2261348
9,Sample_S19S_0026_Wat,537.2342192
11,Sample_S19S_0026_Wat,539.0315044
5,Sample_S19S_0026_Wat,539.0468046
16,Sample_S19S_0026_Wat,539.0679143
8,Sample_S19S_0026_Wat,539.0832338
20,Sample_S19S_0026_Wat,539.1042196
26,Sample_S19S_0026_Wat,539.1405618
6,Sample_S19S_0026_Wat,539.1768779
4,Sample_S19S_0026_Wat,539.2051955
1,Sample_S19S_0026_Wat,539.2132409
7,Sample_S19S_0026_Wat,541.0470414
19,Sample_S19S_0026_Wat,541.0623672
23,Sample_S19S_0026_Wat,541.0834882
26,Sample_S19S_0026_Wat,541.0988161
24,Sample_S19S_0026_Wat,541.1199147
8,Sample_S19S_0026_Wat,541.1352769
13,Sample_S19S_0026_Wat,541.1563515
6,Sample_S19S_0026_Wat,541.1716527
3,Sample_S19S_0026_Wat,541.1927684
7,Sample_S19S_0026_Wat,543.0418148
9,Sample_S19S_0026_Wat,543.0629181
11,Sample_S19S_0026_Wat,543.0781158
21,Sample_S19S_0026_Wat,543.09918
26,Sample_S19S_0026_Wat,543.1144211
17,Sample_S19S_0026_Wat,543.1355017
23,Sample_S19S_0026_Wat,543.1507543
16,Sample_S19S_0026_Wat,543.1638009
10,Sample_S19S_0026_Wat,543.1718262
7,Sample_S19S_0026_Wat,543.1870791
8,Sample_S19S_0026_Wat,543.2001267
3,Sample_S19S_0026_Wat,543.236535
3,Sample_S19S_0026_Wat,545.0207927
13,Sample_S19S_0026_Wat,545.0571838
8,Sample_S19S_0026_Wat,545.0935509
13,Sample_S19S_0026_Wat,545.1299664
7,Sample_S19S_0026_Wat,545.1432084
27,Sample_S19S_0026_Wat,545.1664409
8,Sample_S19S_0026_Wat,545.1795929
29,Sample_S19S_0026_Wat,545.2028931
4,Sample_S19S_0026_Wat,545.2393178
13,Sample_S19S_0026_Wat,547.0364584
13,Sample_S19S_0026_Wat,547.0729547
17,Sample_S19S_0026_Wat,547.109415
15,Sample_S19S_0026_Wat,547.145805
4,Sample_S19S_0026_Wat,547.1822164
14,Sample_S19S_0026_Wat,547.2185618
15,Sample_S19S_0026_Wat,549.0523077
10,Sample_S19S_0026_Wat,549.0887119
13,Sample_S19S_0026_Wat,549.1250923
15,Sample_S19S_0026_Wat,549.1614413
32,Sample_S19S_0026_Wat,549.1977663
8,Sample_S19S_0026_Wat,549.2340464
6,Sample_S19S_0026_Wat,551.0316023
18,Sample_S19S_0026_Wat,551.0679996
16,Sample_S19S_0026_Wat,551.10435
23,Sample_S19S_0026_Wat,551.140683
12,Sample_S19S_0026_Wat,551.1689448
22,Sample_S19S_0026_Wat,551.1769906
7,Sample_S19S_0026_Wat,551.2052511
12,Sample_S19S_0026_Wat,551.2133063
13,Sample_S19S_0026_Wat,553.0472596
10,Sample_S19S_0026_Wat,553.0836572
6,Sample_S19S_0026_Wat,553.0988926
17,Sample_S19S_0026_Wat,553.1199748
38,Sample_S19S_0026_Wat,553.1562956
21,Sample_S19S_0026_Wat,553.1925971
1,Sample_S19S_0026_Wat,553.2288832
6,Sample_S19S_0026_Wat,555.0417548
13,Sample_S19S_0026_Wat,555.0629131
5,Sample_S19S_0026_Wat,555.0993123
3,Sample_S19S_0026_Wat,555.1145859
6,Sample_S19S_0026_Wat,555.1356619
1,Sample_S19S_0026_Wat,555.1639967
13,Sample_S19S_0026_Wat,555.1720029
19,Sample_S19S_0026_Wat,555.2082923
5,Sample_S19S_0026_Wat,555.2365023
11,Sample_S19S_0026_Wat,557.0572783
9,Sample_S19S_0026_Wat,557.0785258
21,Sample_S19S_0026_Wat,557.0937315
14,Sample_S19S_0026_Wat,557.1149049
1,Sample_S19S_0026_Wat,557.1302225
4,Sample_S19S_0026_Wat,557.1513467
1,Sample_S19S_0026_Wat,557.1797008
2,Sample_S19S_0026_Wat,557.1877224
1,Sample_S19S_0026_Wat,559.0727284
23,Sample_S19S_0026_Wat,559.1456819
18,Sample_S19S_0026_Wat,561.0522506
22,Sample_S19S_0026_Wat,561.0885432
6,Sample_S19S_0026_Wat,561.1248442
2,Sample_S19S_0026_Wat,561.1611805
10,Sample_S19S_0026_Wat,561.1743368
1,Sample_S19S_0026_Wat,561.1975534
3,Sample_S19S_0026_Wat,561.2339983
5,Sample_S19S_0026_Wat,563.0313809
23,Sample_S19S_0026_Wat,563.0679011
10,Sample_S19S_0026_Wat,563.1043787
8,Sample_S19S_0026_Wat,563.140767
6,Sample_S19S_0026_Wat,563.1771352
21,Sample_S19S_0026_Wat,563.2134586
12,Sample_S19S_0026_Wat,563.2497644
9,Sample_S19S_0026_Wat,565.0470587
9,Sample_S19S_0026_Wat,565.0833841
1,Sample_S19S_0026_Wat,565.1196921
2,Sample_S19S_0026_Wat,565.1561141
11,Sample_S19S_0026_Wat,565.2290122
12,Sample_S19S_0026_Wat,567.0628477
15,Sample_S19S_0026_Wat,567.0992538
9,Sample_S19S_0026_Wat,567.1356587
13,Sample_S19S_0026_Wat,567.2083955
5,Sample_S19S_0026_Wat,567.2366591
5,Sample_S19S_0026_Wat,569.0573971
16,Sample_S19S_0026_Wat,569.0784551
9,Sample_S19S_0026_Wat,569.0937538
15,Sample_S19S_0026_Wat,569.1147778
1,Sample_S19S_0026_Wat,569.1874013
2,Sample_S19S_0026_Wat,571.0363946
1,Sample_S19S_0026_Wat,571.0939164
20,Sample_S19S_0026_Wat,571.1303995
24,Sample_S19S_0026_Wat,571.1457131
5,Sample_S19S_0026_Wat,571.1588445
17,Sample_S19S_0026_Wat,571.1668216
23,Sample_S19S_0026_Wat,571.1821369
12,Sample_S19S_0026_Wat,573.0521883
10,Sample_S19S_0026_Wat,573.073421
23,Sample_S19S_0026_Wat,573.0886509
14,Sample_S19S_0026_Wat,573.1250609
7,Sample_S19S_0026_Wat,573.1615077
6,Sample_S19S_0026_Wat,573.1978706
3,Sample_S19S_0026_Wat,573.2342462
12,Sample_S19S_0026_Wat,575.0315205
7,Sample_S19S_0026_Wat,575.0680122
8,Sample_S19S_0026_Wat,575.1043617
6,Sample_S19S_0026_Wat,575.1407714
24,Sample_S19S_0026_Wat,575.1770756
24,Sample_S19S_0026_Wat,575.213398
6,Sample_S19S_0026_Wat,577.0472834
6,Sample_S19S_0026_Wat,577.0836723
37,Sample_S19S_0026_Wat,577.1563035
22,Sample_S19S_0026_Wat,577.1926143
4,Sample_S19S_0026_Wat,577.228924
8,Sample_S19S_0026_Wat,579.0629358
13,Sample_S19S_0026_Wat,579.0992643
26,Sample_S19S_0026_Wat,579.1355972
29,Sample_S19S_0026_Wat,579.1719274
17,Sample_S19S_0026_Wat,579.2082488
2,Sample_S19S_0026_Wat,579.2445526
2,Sample_S19S_0026_Wat,581.0421606
1,Sample_S19S_0026_Wat,581.0575294
9,Sample_S19S_0026_Wat,581.0785526
20,Sample_S19S_0026_Wat,581.1148894
32,Sample_S19S_0026_Wat,581.1512226
23,Sample_S19S_0026_Wat,581.1875335
18,Sample_S19S_0026_Wat,581.2238624
1,Sample_S19S_0026_Wat,583.0366871
1,Sample_S19S_0026_Wat,583.057864
3,Sample_S19S_0026_Wat,583.0731247
2,Sample_S19S_0026_Wat,583.094266
3,Sample_S19S_0026_Wat,583.1095053
9,Sample_S19S_0026_Wat,583.1306046
13,Sample_S19S_0026_Wat,583.1669172
9,Sample_S19S_0026_Wat,583.1952442
8,Sample_S19S_0026_Wat,583.2314722
9,Sample_S19S_0026_Wat,585.052268
10,Sample_S19S_0026_Wat,585.0734724
8,Sample_S19S_0026_Wat,585.0886953
6,Sample_S19S_0026_Wat,585.1098543
5,Sample_S19S_0026_Wat,585.1615059
5,Sample_S19S_0026_Wat,585.2472737
5,Sample_S19S_0026_Wat,587.06769
13,Sample_S19S_0026_Wat,587.1041571
12,Sample_S19S_0026_Wat,587.1405809
21,Sample_S19S_0026_Wat,587.1770783
8,Sample_S19S_0026_Wat,587.19016
11,Sample_S19S_0026_Wat,589.047112
4,Sample_S19S_0026_Wat,589.0833727
4,Sample_S19S_0026_Wat,589.119725
1,Sample_S19S_0026_Wat,589.1924321
1,Sample_S19S_0026_Wat,589.2288053
10,Sample_S19S_0026_Wat,591.0629191
7,Sample_S19S_0026_Wat,591.0993225
4,Sample_S19S_0026_Wat,591.135742
9,Sample_S19S_0026_Wat,591.1720289
9,Sample_S19S_0026_Wat,591.2446301
4,Sample_S19S_0026_Wat,593.078251
1,Sample_S19S_0026_Wat,593.1146582
8,Sample_S19S_0026_Wat,593.1511079
22,Sample_S19S_0026_Wat,593.1875846
14,Sample_S19S_0026_Wat,593.2240288
10,Sample_S19S_0026_Wat,595.0578225
18,Sample_S19S_0026_Wat,595.0941069
13,Sample_S19S_0026_Wat,595.1667494
6,Sample_S19S_0026_Wat,597.0521879
3,Sample_S19S_0026_Wat,597.0731946
1,Sample_S19S_0026_Wat,599.0681022
7,Sample_S19S_0026_Wat,599.2263731
5,Sample_S19S_0026_Wat,603.0625968
14,Sample_S19S_0026_Wat,603.135473
21,Sample_S19S_0026_Wat,603.1719444
12,Sample_S19S_0026_Wat,605.0785609
5,Sample_S19S_0026_Wat,605.1149751
2,Sample_S19S_0026_Wat,605.1513953
8,Sample_S19S_0026_Wat,605.1877226
8,Sample_S19S_0026_Wat,607.0578335
16,Sample_S19S_0026_Wat,607.094164
27,Sample_S19S_0026_Wat,607.1304892
25,Sample_S19S_0026_Wat,607.1667845
17,Sample_S19S_0026_Wat,609.1096597
1,Sample_S19S_0026_Wat,611.0887789
3,Sample_S19S_0026_Wat,615.0625943
6,Sample_S19S_0026_Wat,617.0782506
9,Sample_S19S_0026_Wat,619.0940393
9,Sample_S19S_0026_Wat,621.073506
13,Sample_S19S_0026_Wat,621.1098264
11,Sample_S19S_0026_Wat,621.1461897
20,Sample_S19S_0026_Wat,621.1825214
12,Sample_S19S_0026_Wat,621.218773
10,Sample_S19S_0026_Wat,623.0891397
2,Sample_S19S_0026_Wat,623.1255649
2,Sample_S19S_0026_Wat,623.1983716
1,Sample_S19S_0026_Wat,623.2347542
1,Sample_S19S_0026_Wat,625.1044435
11,Sample_S19S_0026_Wat,625.1773321
1,Sample_S19S_0026_Wat,629.0786184
9,Sample_S19S_0026_Wat,631.0576448
13,Sample_S19S_0026_Wat,633.0732797
18,Sample_S19S_0026_Wat,633.1097626
8,Sample_S19S_0026_Wat,635.0889363
17,Sample_S19S_0026_Wat,635.1617901
5,Sample_S19S_0026_Wat,635.1982777
7,Sample_S19S_0026_Wat,651.0838085
8,Sample_S19S_0026_Wat,663.1202883
10,Sample_S19S_0026_Wat,675.1202248
