num.trans.involved.in,sample,peak
28,Sample_S19S_0012_Wat,201.0768122
21,Sample_S19S_0012_Wat,201.1131969
31,Sample_S19S_0012_Wat,205.0142188
28,Sample_S19S_0012_Wat,205.0505947
15,Sample_S19S_0012_Wat,205.086978
6,Sample_S19S_0012_Wat,205.1597578
41,Sample_S19S_0012_Wat,207.0298709
36,Sample_S19S_0012_Wat,207.066249
16,Sample_S19S_0012_Wat,209.0091207
36,Sample_S19S_0012_Wat,209.0455114
31,Sample_S19S_0012_Wat,209.0818981
49,Sample_S19S_0012_Wat,211.0247874
48,Sample_S19S_0012_Wat,211.0611736
30,Sample_S19S_0012_Wat,211.097555
30,Sample_S19S_0012_Wat,213.0404285
39,Sample_S19S_0012_Wat,213.0768216
5,Sample_S19S_0012_Wat,214.050931
34,Sample_S19S_0012_Wat,215.0560786
32,Sample_S19S_0012_Wat,215.0924726
17,Sample_S19S_0012_Wat,215.1288446
14,Sample_S19S_0012_Wat,217.0505866
26,Sample_S19S_0012_Wat,217.1081169
47,Sample_S19S_0012_Wat,219.0298823
23,Sample_S19S_0012_Wat,221.0091259
39,Sample_S19S_0012_Wat,221.0455191
21,Sample_S19S_0012_Wat,221.0818912
4,Sample_S19S_0012_Wat,221.1546776
51,Sample_S19S_0012_Wat,223.0247931
20,Sample_S19S_0012_Wat,223.0611523
41,Sample_S19S_0012_Wat,223.0975605
22,Sample_S19S_0012_Wat,224.0564233
12,Sample_S19S_0012_Wat,225.0040321
74,Sample_S19S_0012_Wat,225.0404494
50,Sample_S19S_0012_Wat,225.0768195
14,Sample_S19S_0012_Wat,225.1131873
22,Sample_S19S_0012_Wat,227.0196895
34,Sample_S19S_0012_Wat,227.056079
42,Sample_S19S_0012_Wat,227.092466
26,Sample_S19S_0012_Wat,227.1288722
39,Sample_S19S_0012_Wat,229.0353497
39,Sample_S19S_0012_Wat,229.0717413
41,Sample_S19S_0012_Wat,231.0298777
37,Sample_S19S_0012_Wat,231.051012
27,Sample_S19S_0012_Wat,231.0662593
40,Sample_S19S_0012_Wat,231.0873835
44,Sample_S19S_0012_Wat,233.0091463
45,Sample_S19S_0012_Wat,233.0455307
39,Sample_S19S_0012_Wat,233.0819208
10,Sample_S19S_0012_Wat,233.1546845
50,Sample_S19S_0012_Wat,235.0247912
61,Sample_S19S_0012_Wat,235.0611873
39,Sample_S19S_0012_Wat,235.0975749
39,Sample_S19S_0012_Wat,236.0564412
55,Sample_S19S_0012_Wat,237.0404421
65,Sample_S19S_0012_Wat,237.0768351
39,Sample_S19S_0012_Wat,237.1132227
23,Sample_S19S_0012_Wat,238.0720655
73,Sample_S19S_0012_Wat,239.0197221
90,Sample_S19S_0012_Wat,239.0561117
6,Sample_S19S_0012_Wat,239.0673352
89,Sample_S19S_0012_Wat,239.092497
40,Sample_S19S_0012_Wat,239.1288753
76,Sample_S19S_0012_Wat,241.03537
52,Sample_S19S_0012_Wat,241.0717422
29,Sample_S19S_0012_Wat,241.1081087
43,Sample_S19S_0012_Wat,242.0670034
9,Sample_S19S_0012_Wat,242.139775
2,Sample_S19S_0012_Wat,242.1761465
74,Sample_S19S_0012_Wat,243.0510224
41,Sample_S19S_0012_Wat,243.0873816
17,Sample_S19S_0012_Wat,243.1237626
76,Sample_S19S_0012_Wat,245.0455587
6,Sample_S19S_0012_Wat,245.0489119
84,Sample_S19S_0012_Wat,245.0666847
51,Sample_S19S_0012_Wat,245.0819342
60,Sample_S19S_0012_Wat,245.1030642
48,Sample_S19S_0012_Wat,247.024801
73,Sample_S19S_0012_Wat,247.0612011
67,Sample_S19S_0012_Wat,247.0823368
74,Sample_S19S_0012_Wat,247.0975945
37,Sample_S19S_0012_Wat,248.0564361
47,Sample_S19S_0012_Wat,249.0040636
84,Sample_S19S_0012_Wat,249.0404675
88,Sample_S19S_0012_Wat,249.0768527
36,Sample_S19S_0012_Wat,249.1132224
48,Sample_S19S_0012_Wat,250.07209
81,Sample_S19S_0012_Wat,251.0197332
77,Sample_S19S_0012_Wat,251.0560986
110,Sample_S19S_0012_Wat,251.0925063
44,Sample_S19S_0012_Wat,251.1289035
38,Sample_S19S_0012_Wat,252.0513612
53,Sample_S19S_0012_Wat,252.9989785
102,Sample_S19S_0012_Wat,253.0353983
117,Sample_S19S_0012_Wat,253.0717756
39,Sample_S19S_0012_Wat,253.1081345
43,Sample_S19S_0012_Wat,253.1445337
34,Sample_S19S_0012_Wat,254.0670222
34,Sample_S19S_0012_Wat,254.1033853
58,Sample_S19S_0012_Wat,255.0146298
102,Sample_S19S_0012_Wat,255.0510433
108,Sample_S19S_0012_Wat,255.0874163
37,Sample_S19S_0012_Wat,255.1237776
81,Sample_S19S_0012_Wat,257.030304
58,Sample_S19S_0012_Wat,257.0455598
98,Sample_S19S_0012_Wat,257.0666765
61,Sample_S19S_0012_Wat,257.1030521
44,Sample_S19S_0012_Wat,257.1394516
54,Sample_S19S_0012_Wat,259.0248281
85,Sample_S19S_0012_Wat,259.0459547
70,Sample_S19S_0012_Wat,259.0612028
84,Sample_S19S_0012_Wat,259.0823405
58,Sample_S19S_0012_Wat,259.0975861
56,Sample_S19S_0012_Wat,259.1187072
44,Sample_S19S_0012_Wat,261.0040785
67,Sample_S19S_0012_Wat,261.040468
93,Sample_S19S_0012_Wat,261.0768598
59,Sample_S19S_0012_Wat,261.1132477
29,Sample_S19S_0012_Wat,262.0357323
54,Sample_S19S_0012_Wat,263.019721
88,Sample_S19S_0012_Wat,263.0561329
49,Sample_S19S_0012_Wat,263.0924815
41,Sample_S19S_0012_Wat,263.128908
43,Sample_S19S_0012_Wat,264.0513612
62,Sample_S19S_0012_Wat,264.9989861
93,Sample_S19S_0012_Wat,265.0353938
88,Sample_S19S_0012_Wat,265.0717855
98,Sample_S19S_0012_Wat,265.1081545
33,Sample_S19S_0012_Wat,265.1445692
40,Sample_S19S_0012_Wat,266.0306266
49,Sample_S19S_0012_Wat,266.0670361
30,Sample_S19S_0012_Wat,266.1034196
77,Sample_S19S_0012_Wat,267.0146829
119,Sample_S19S_0012_Wat,267.0510336
103,Sample_S19S_0012_Wat,267.0874299
88,Sample_S19S_0012_Wat,267.123805
54,Sample_S19S_0012_Wat,268.0462977
49,Sample_S19S_0012_Wat,268.08266
83,Sample_S19S_0012_Wat,269.0303205
120,Sample_S19S_0012_Wat,269.0666802
15,Sample_S19S_0012_Wat,269.0779259
97,Sample_S19S_0012_Wat,269.1030627
45,Sample_S19S_0012_Wat,269.1394657
47,Sample_S19S_0012_Wat,270.0619439
36,Sample_S19S_0012_Wat,271.0248117
82,Sample_S19S_0012_Wat,271.0459737
25,Sample_S19S_0012_Wat,271.061176
94,Sample_S19S_0012_Wat,271.0823212
79,Sample_S19S_0012_Wat,271.118718
21,Sample_S19S_0012_Wat,271.1551343
42,Sample_S19S_0012_Wat,272.0775888
62,Sample_S19S_0012_Wat,273.0252099
64,Sample_S19S_0012_Wat,273.040478
76,Sample_S19S_0012_Wat,273.061591
81,Sample_S19S_0012_Wat,273.0768603
78,Sample_S19S_0012_Wat,273.0979879
59,Sample_S19S_0012_Wat,273.1132445
26,Sample_S19S_0012_Wat,273.1343844
71,Sample_S19S_0012_Wat,275.0197425
76,Sample_S19S_0012_Wat,275.0561155
78,Sample_S19S_0012_Wat,275.0772487
82,Sample_S19S_0012_Wat,275.0925149
63,Sample_S19S_0012_Wat,275.1136274
55,Sample_S19S_0012_Wat,275.1288873
37,Sample_S19S_0012_Wat,276.0513913
18,Sample_S19S_0012_Wat,276.0877174
62,Sample_S19S_0012_Wat,276.9990278
93,Sample_S19S_0012_Wat,277.0354157
92,Sample_S19S_0012_Wat,277.0717892
87,Sample_S19S_0012_Wat,277.1081544
54,Sample_S19S_0012_Wat,277.1445377
34,Sample_S19S_0012_Wat,278.0306345
44,Sample_S19S_0012_Wat,278.0670289
50,Sample_S19S_0012_Wat,279.0146331
94,Sample_S19S_0012_Wat,279.0510516
60,Sample_S19S_0012_Wat,279.0874539
59,Sample_S19S_0012_Wat,279.1238221
41,Sample_S19S_0012_Wat,279.160186
52,Sample_S19S_0012_Wat,280.0463018
50,Sample_S19S_0012_Wat,280.0826921
89,Sample_S19S_0012_Wat,281.0303339
116,Sample_S19S_0012_Wat,281.0666829
21,Sample_S19S_0012_Wat,281.0779309
66,Sample_S19S_0012_Wat,281.1030502
69,Sample_S19S_0012_Wat,281.1394597
35,Sample_S19S_0012_Wat,282.0983548
74,Sample_S19S_0012_Wat,283.0095898
114,Sample_S19S_0012_Wat,283.0459554
76,Sample_S19S_0012_Wat,283.0823169
105,Sample_S19S_0012_Wat,283.118715
33,Sample_S19S_0012_Wat,283.1551309
39,Sample_S19S_0012_Wat,284.0412345
47,Sample_S19S_0012_Wat,284.0776208
79,Sample_S19S_0012_Wat,285.025228
50,Sample_S19S_0012_Wat,285.0404866
78,Sample_S19S_0012_Wat,285.0616357
54,Sample_S19S_0012_Wat,285.0768513
38,Sample_S19S_0012_Wat,285.0980306
7,Sample_S19S_0012_Wat,285.1262347
46,Sample_S19S_0012_Wat,285.1343948
39,Sample_S19S_0012_Wat,286.0568589
35,Sample_S19S_0012_Wat,286.0932539
63,Sample_S19S_0012_Wat,287.0197477
68,Sample_S19S_0012_Wat,287.0408776
65,Sample_S19S_0012_Wat,287.0561351
90,Sample_S19S_0012_Wat,287.0772537
67,Sample_S19S_0012_Wat,287.0925228
83,Sample_S19S_0012_Wat,287.1136282
44,Sample_S19S_0012_Wat,287.1289021
48,Sample_S19S_0012_Wat,287.150015
34,Sample_S19S_0012_Wat,288.0513962
34,Sample_S19S_0012_Wat,288.0877815
79,Sample_S19S_0012_Wat,289.0354029
10,Sample_S19S_0012_Wat,289.0387746
72,Sample_S19S_0012_Wat,289.0565242
99,Sample_S19S_0012_Wat,289.0717704
67,Sample_S19S_0012_Wat,289.0929075
68,Sample_S19S_0012_Wat,289.1081489
59,Sample_S19S_0012_Wat,289.1292776
51,Sample_S19S_0012_Wat,289.1445478
11,Sample_S19S_0012_Wat,290.0305978
18,Sample_S19S_0012_Wat,290.0669883
68,Sample_S19S_0012_Wat,291.0146759
93,Sample_S19S_0012_Wat,291.0510416
12,Sample_S19S_0012_Wat,291.0622947
81,Sample_S19S_0012_Wat,291.0874132
9,Sample_S19S_0012_Wat,291.0986884
65,Sample_S19S_0012_Wat,291.1237966
46,Sample_S19S_0012_Wat,291.1601932
35,Sample_S19S_0012_Wat,292.0462633
52,Sample_S19S_0012_Wat,292.9939323
90,Sample_S19S_0012_Wat,293.0303357
95,Sample_S19S_0012_Wat,293.0667099
18,Sample_S19S_0012_Wat,293.0779374
107,Sample_S19S_0012_Wat,293.1030793
78,Sample_S19S_0012_Wat,293.1394564
12,Sample_S19S_0012_Wat,293.1757942
15,Sample_S19S_0012_Wat,294.0255165
43,Sample_S19S_0012_Wat,294.0619153
49,Sample_S19S_0012_Wat,294.098304
57,Sample_S19S_0012_Wat,295.0095496
92,Sample_S19S_0012_Wat,295.0459444
10,Sample_S19S_0012_Wat,295.0572284
119,Sample_S19S_0012_Wat,295.0823376
6,Sample_S19S_0012_Wat,295.093638
115,Sample_S19S_0012_Wat,295.1187213
51,Sample_S19S_0012_Wat,295.1550986
34,Sample_S19S_0012_Wat,296.0411763
45,Sample_S19S_0012_Wat,296.0775656
33,Sample_S19S_0012_Wat,296.1139469
87,Sample_S19S_0012_Wat,297.025237
25,Sample_S19S_0012_Wat,297.0404658
97,Sample_S19S_0012_Wat,297.0616262
19,Sample_S19S_0012_Wat,297.0728378
66,Sample_S19S_0012_Wat,297.0980154
41,Sample_S19S_0012_Wat,297.1344063
2,Sample_S19S_0012_Wat,297.1529844
20,Sample_S19S_0012_Wat,297.1707937
56,Sample_S19S_0012_Wat,298.0568737
47,Sample_S19S_0012_Wat,298.0932671
40,Sample_S19S_0012_Wat,299.0197546
10,Sample_S19S_0012_Wat,299.0231228
78,Sample_S19S_0012_Wat,299.0408894
62,Sample_S19S_0012_Wat,299.05613
103,Sample_S19S_0012_Wat,299.0772616
49,Sample_S19S_0012_Wat,299.0924991
79,Sample_S19S_0012_Wat,299.1136455
61,Sample_S19S_0012_Wat,299.1500243
33,Sample_S19S_0012_Wat,300.0513851
50,Sample_S19S_0012_Wat,300.0725
33,Sample_S19S_0012_Wat,300.1089049
65,Sample_S19S_0012_Wat,301.0201601
65,Sample_S19S_0012_Wat,301.0353903
16,Sample_S19S_0012_Wat,301.0387674
72,Sample_S19S_0012_Wat,301.0565488
53,Sample_S19S_0012_Wat,301.071792
58,Sample_S19S_0012_Wat,301.092932
33,Sample_S19S_0012_Wat,301.1081829
45,Sample_S19S_0012_Wat,301.129318
34,Sample_S19S_0012_Wat,301.1445638
27,Sample_S19S_0012_Wat,302.0306578
30,Sample_S19S_0012_Wat,302.0881947
20,Sample_S19S_0012_Wat,302.1245742
55,Sample_S19S_0012_Wat,303.0146906
56,Sample_S19S_0012_Wat,303.0357821
76,Sample_S19S_0012_Wat,303.0510433
27,Sample_S19S_0012_Wat,303.0544081
5,Sample_S19S_0012_Wat,303.0623453
76,Sample_S19S_0012_Wat,303.0721573
71,Sample_S19S_0012_Wat,303.0874395
18,Sample_S19S_0012_Wat,303.0907893
81,Sample_S19S_0012_Wat,303.1085414
57,Sample_S19S_0012_Wat,303.1238249
51,Sample_S19S_0012_Wat,303.1449308
41,Sample_S19S_0012_Wat,304.0462877
23,Sample_S19S_0012_Wat,304.0674332
41,Sample_S19S_0012_Wat,304.0826613
88,Sample_S19S_0012_Wat,305.0303157
40,Sample_S19S_0012_Wat,305.0514118
103,Sample_S19S_0012_Wat,305.0666877
21,Sample_S19S_0012_Wat,305.0700613
5,Sample_S19S_0012_Wat,305.0779953
39,Sample_S19S_0012_Wat,305.087829
84,Sample_S19S_0012_Wat,305.1030852
61,Sample_S19S_0012_Wat,305.1394662
16,Sample_S19S_0012_Wat,306.0831168
49,Sample_S19S_0012_Wat,306.0983427
55,Sample_S19S_0012_Wat,307.0095853
105,Sample_S19S_0012_Wat,307.0459779
8,Sample_S19S_0012_Wat,307.0572343
67,Sample_S19S_0012_Wat,307.0823737
15,Sample_S19S_0012_Wat,307.0936059
47,Sample_S19S_0012_Wat,307.1187572
35,Sample_S19S_0012_Wat,307.1551342
63,Sample_S19S_0012_Wat,308.0412303
61,Sample_S19S_0012_Wat,308.0775973
46,Sample_S19S_0012_Wat,308.1139545
90,Sample_S19S_0012_Wat,309.0252469
120,Sample_S19S_0012_Wat,309.0616036
109,Sample_S19S_0012_Wat,309.0979773
6,Sample_S19S_0012_Wat,309.1092661
87,Sample_S19S_0012_Wat,309.1343649
38,Sample_S19S_0012_Wat,309.1707647
50,Sample_S19S_0012_Wat,310.0568411
53,Sample_S19S_0012_Wat,310.0932206
66,Sample_S19S_0012_Wat,311.0045073
96,Sample_S19S_0012_Wat,311.0408991
99,Sample_S19S_0012_Wat,311.0772659
21,Sample_S19S_0012_Wat,311.0885065
126,Sample_S19S_0012_Wat,311.1136352
70,Sample_S19S_0012_Wat,311.1500195
35,Sample_S19S_0012_Wat,312.0361043
59,Sample_S19S_0012_Wat,312.0725103
66,Sample_S19S_0012_Wat,313.0201379
38,Sample_S19S_0012_Wat,313.0353909
85,Sample_S19S_0012_Wat,313.0565398
36,Sample_S19S_0012_Wat,313.071764
78,Sample_S19S_0012_Wat,313.0929245
59,Sample_S19S_0012_Wat,313.1081574
62,Sample_S19S_0012_Wat,313.1293014
46,Sample_S19S_0012_Wat,313.1656688
53,Sample_S19S_0012_Wat,314.0517902
55,Sample_S19S_0012_Wat,314.0881771
47,Sample_S19S_0012_Wat,315.0146824
12,Sample_S19S_0012_Wat,315.0180328
72,Sample_S19S_0012_Wat,315.035781
65,Sample_S19S_0012_Wat,315.0510397
28,Sample_S19S_0012_Wat,315.0544106
78,Sample_S19S_0012_Wat,315.0721791
34,Sample_S19S_0012_Wat,315.0873994
5,Sample_S19S_0012_Wat,315.0907452
56,Sample_S19S_0012_Wat,315.1085755
63,Sample_S19S_0012_Wat,315.1238052
42,Sample_S19S_0012_Wat,315.1449559
41,Sample_S19S_0012_Wat,316.0463145
36,Sample_S19S_0012_Wat,316.0674166
45,Sample_S19S_0012_Wat,316.1038062
68,Sample_S19S_0012_Wat,317.0303382
2,Sample_S19S_0012_Wat,317.0337185
66,Sample_S19S_0012_Wat,317.0514233
80,Sample_S19S_0012_Wat,317.0666936
21,Sample_S19S_0012_Wat,317.0700656
89,Sample_S19S_0012_Wat,317.0878157
61,Sample_S19S_0012_Wat,317.1030588
41,Sample_S19S_0012_Wat,317.124227
65,Sample_S19S_0012_Wat,317.1394552
23,Sample_S19S_0012_Wat,318.0255948
53,Sample_S19S_0012_Wat,318.0619419
17,Sample_S19S_0012_Wat,318.0831173
39,Sample_S19S_0012_Wat,318.0982984
19,Sample_S19S_0012_Wat,318.1194966
46,Sample_S19S_0012_Wat,319.009608
23,Sample_S19S_0012_Wat,319.0460069
4,Sample_S19S_0012_Wat,319.0493681
41,Sample_S19S_0012_Wat,319.0670953
81,Sample_S19S_0012_Wat,319.0823624
22,Sample_S19S_0012_Wat,319.0857041
2,Sample_S19S_0012_Wat,319.0936659
34,Sample_S19S_0012_Wat,319.103481
89,Sample_S19S_0012_Wat,319.1187158
56,Sample_S19S_0012_Wat,319.1551015
50,Sample_S19S_0012_Wat,320.0412195
45,Sample_S19S_0012_Wat,320.0776287
17,Sample_S19S_0012_Wat,320.0987676
20,Sample_S19S_0012_Wat,320.1140206
13,Sample_S19S_0012_Wat,320.1351354
77,Sample_S19S_0012_Wat,321.0252313
77,Sample_S19S_0012_Wat,321.0616406
9,Sample_S19S_0012_Wat,321.0728956
45,Sample_S19S_0012_Wat,321.0980285
69,Sample_S19S_0012_Wat,321.1343949
39,Sample_S19S_0012_Wat,321.1707672
25,Sample_S19S_0012_Wat,322.0204668
60,Sample_S19S_0012_Wat,322.0568903
57,Sample_S19S_0012_Wat,322.0932669
2,Sample_S19S_0012_Wat,322.1144282
58,Sample_S19S_0012_Wat,323.0044879
84,Sample_S19S_0012_Wat,323.0408542
114,Sample_S19S_0012_Wat,323.0772527
24,Sample_S19S_0012_Wat,323.0884973
60,Sample_S19S_0012_Wat,323.1136726
54,Sample_S19S_0012_Wat,323.1500462
26,Sample_S19S_0012_Wat,323.1864241
49,Sample_S19S_0012_Wat,324.0361498
62,Sample_S19S_0012_Wat,324.0725027
55,Sample_S19S_0012_Wat,324.108871
21,Sample_S19S_0012_Wat,325.0201894
94,Sample_S19S_0012_Wat,325.0565425
7,Sample_S19S_0012_Wat,325.0678176
114,Sample_S19S_0012_Wat,325.0928926
20,Sample_S19S_0012_Wat,325.1041654
78,Sample_S19S_0012_Wat,325.1292996
35,Sample_S19S_0012_Wat,325.1657004
1,Sample_S19S_0012_Wat,325.1842438
47,Sample_S19S_0012_Wat,326.0518083
59,Sample_S19S_0012_Wat,326.0881656
44,Sample_S19S_0012_Wat,326.1245662
8,Sample_S19S_0012_Wat,327.0180623
79,Sample_S19S_0012_Wat,327.035782
49,Sample_S19S_0012_Wat,327.0510536
6,Sample_S19S_0012_Wat,327.0543882
76,Sample_S19S_0012_Wat,327.0722018
23,Sample_S19S_0012_Wat,327.0834311
55,Sample_S19S_0012_Wat,327.0874372
73,Sample_S19S_0012_Wat,327.1085831
61,Sample_S19S_0012_Wat,327.1449492
46,Sample_S19S_0012_Wat,328.067419
55,Sample_S19S_0012_Wat,328.1037984
56,Sample_S19S_0012_Wat,329.0303285
22,Sample_S19S_0012_Wat,329.0336784
51,Sample_S19S_0012_Wat,329.0514722
29,Sample_S19S_0012_Wat,329.0667319
25,Sample_S19S_0012_Wat,329.0700573
103,Sample_S19S_0012_Wat,329.0878075
56,Sample_S19S_0012_Wat,329.1030905
55,Sample_S19S_0012_Wat,329.1242163
1,Sample_S19S_0012_Wat,329.152419
26,Sample_S19S_0012_Wat,330.0831155
21,Sample_S19S_0012_Wat,330.0983753
36,Sample_S19S_0012_Wat,331.0095615
7,Sample_S19S_0012_Wat,331.012931
5,Sample_S19S_0012_Wat,331.0225732
55,Sample_S19S_0012_Wat,331.0307044
46,Sample_S19S_0012_Wat,331.0459941
18,Sample_S19S_0012_Wat,331.0493372
66,Sample_S19S_0012_Wat,331.0670688
66,Sample_S19S_0012_Wat,331.0823608
22,Sample_S19S_0012_Wat,331.0857029
46,Sample_S19S_0012_Wat,331.1034998
77,Sample_S19S_0012_Wat,331.1187275
4,Sample_S19S_0012_Wat,331.122066
22,Sample_S19S_0012_Wat,331.1399002
14,Sample_S19S_0012_Wat,331.155166
40,Sample_S19S_0012_Wat,332.0412408
31,Sample_S19S_0012_Wat,332.0623668
57,Sample_S19S_0012_Wat,332.0775831
35,Sample_S19S_0012_Wat,332.0987468
38,Sample_S19S_0012_Wat,332.1139958
32,Sample_S19S_0012_Wat,333.0252702
37,Sample_S19S_0012_Wat,333.0463704
42,Sample_S19S_0012_Wat,333.0616512
41,Sample_S19S_0012_Wat,333.08277
82,Sample_S19S_0012_Wat,333.0980074
15,Sample_S19S_0012_Wat,333.1013488
10,Sample_S19S_0012_Wat,333.1191757
36,Sample_S19S_0012_Wat,333.1344131
8,Sample_S19S_0012_Wat,333.137741
26,Sample_S19S_0012_Wat,333.1707943
61,Sample_S19S_0012_Wat,334.0568812
20,Sample_S19S_0012_Wat,334.0780188
42,Sample_S19S_0012_Wat,334.0932769
9,Sample_S19S_0012_Wat,334.1144217
50,Sample_S19S_0012_Wat,335.004499
58,Sample_S19S_0012_Wat,335.0409093
93,Sample_S19S_0012_Wat,335.0772597
56,Sample_S19S_0012_Wat,335.1136067
60,Sample_S19S_0012_Wat,335.150042
29,Sample_S19S_0012_Wat,335.1864245
23,Sample_S19S_0012_Wat,336.0361684
30,Sample_S19S_0012_Wat,336.0725571
53,Sample_S19S_0012_Wat,336.1089144
2,Sample_S19S_0012_Wat,336.1453517
71,Sample_S19S_0012_Wat,337.0201415
66,Sample_S19S_0012_Wat,337.0564852
16,Sample_S19S_0012_Wat,337.0695448
107,Sample_S19S_0012_Wat,337.0929176
8,Sample_S19S_0012_Wat,337.1041904
107,Sample_S19S_0012_Wat,337.1292866
51,Sample_S19S_0012_Wat,337.1656867
10,Sample_S19S_0012_Wat,338.0518396
68,Sample_S19S_0012_Wat,338.0881798
39,Sample_S19S_0012_Wat,338.1245766
76,Sample_S19S_0012_Wat,339.0357996
114,Sample_S19S_0012_Wat,339.0721726
7,Sample_S19S_0012_Wat,339.0834699
120,Sample_S19S_0012_Wat,339.1085453
33,Sample_S19S_0012_Wat,339.1449816
35,Sample_S19S_0012_Wat,339.1813533
40,Sample_S19S_0012_Wat,340.0310651
19,Sample_S19S_0012_Wat,340.0674792
53,Sample_S19S_0012_Wat,340.1038147
64,Sample_S19S_0012_Wat,341.0150623
8,Sample_S19S_0012_Wat,341.0336306
77,Sample_S19S_0012_Wat,341.0514621
2,Sample_S19S_0012_Wat,341.0627609
31,Sample_S19S_0012_Wat,341.0667303
10,Sample_S19S_0012_Wat,341.0700215
111,Sample_S19S_0012_Wat,341.0878109
36,Sample_S19S_0012_Wat,341.12425
46,Sample_S19S_0012_Wat,341.1606173
40,Sample_S19S_0012_Wat,342.0467143
57,Sample_S19S_0012_Wat,342.0830768
43,Sample_S19S_0012_Wat,342.1194926
24,Sample_S19S_0012_Wat,343.0096148
62,Sample_S19S_0012_Wat,343.0307124
50,Sample_S19S_0012_Wat,343.0459579
12,Sample_S19S_0012_Wat,343.0492868
56,Sample_S19S_0012_Wat,343.067113
18,Sample_S19S_0012_Wat,343.0823925
22,Sample_S19S_0012_Wat,343.0857039
100,Sample_S19S_0012_Wat,343.1034685
43,Sample_S19S_0012_Wat,343.1187422
15,Sample_S19S_0012_Wat,343.1399075
26,Sample_S19S_0012_Wat,343.1551386
33,Sample_S19S_0012_Wat,343.1762631
26,Sample_S19S_0012_Wat,344.0412523
46,Sample_S19S_0012_Wat,344.0623517
47,Sample_S19S_0012_Wat,344.0775907
36,Sample_S19S_0012_Wat,344.0987606
58,Sample_S19S_0012_Wat,345.0252491
54,Sample_S19S_0012_Wat,345.0463327
72,Sample_S19S_0012_Wat,345.0616254
57,Sample_S19S_0012_Wat,345.0827674
64,Sample_S19S_0012_Wat,345.0980089
6,Sample_S19S_0012_Wat,345.1013399
49,Sample_S19S_0012_Wat,345.1191373
20,Sample_S19S_0012_Wat,345.1344288
28,Sample_S19S_0012_Wat,345.1555412
43,Sample_S19S_0012_Wat,345.170772
26,Sample_S19S_0012_Wat,346.0204903
36,Sample_S19S_0012_Wat,346.0569005
33,Sample_S19S_0012_Wat,346.07802
52,Sample_S19S_0012_Wat,346.0932318
36,Sample_S19S_0012_Wat,346.1143644
72,Sample_S19S_0012_Wat,347.0408756
23,Sample_S19S_0012_Wat,347.0442381
43,Sample_S19S_0012_Wat,347.0620279
96,Sample_S19S_0012_Wat,347.0772564
8,Sample_S19S_0012_Wat,347.0805924
24,Sample_S19S_0012_Wat,347.0903002
62,Sample_S19S_0012_Wat,347.0983726
43,Sample_S19S_0012_Wat,347.1136821
17,Sample_S19S_0012_Wat,347.1170036
23,Sample_S19S_0012_Wat,347.1348045
72,Sample_S19S_0012_Wat,347.1500262
40,Sample_S19S_0012_Wat,348.0361356
29,Sample_S19S_0012_Wat,348.0725611
59,Sample_S19S_0012_Wat,348.1089104
65,Sample_S19S_0012_Wat,349.0201636
81,Sample_S19S_0012_Wat,349.0929209
6,Sample_S19S_0012_Wat,349.0962266
22,Sample_S19S_0012_Wat,349.1059291
81,Sample_S19S_0012_Wat,349.129303
58,Sample_S19S_0012_Wat,349.1656793
11,Sample_S19S_0012_Wat,349.2021049
11,Sample_S19S_0012_Wat,350.0518357
1,Sample_S19S_0012_Wat,350.0547558
70,Sample_S19S_0012_Wat,350.0881844
20,Sample_S19S_0012_Wat,350.1245924
74,Sample_S19S_0012_Wat,351.0357871
85,Sample_S19S_0012_Wat,351.0721501
51,Sample_S19S_0012_Wat,351.1085115
23,Sample_S19S_0012_Wat,351.121581
45,Sample_S19S_0012_Wat,351.1449775
36,Sample_S19S_0012_Wat,351.1813076
30,Sample_S19S_0012_Wat,352.0310225
28,Sample_S19S_0012_Wat,352.0674721
53,Sample_S19S_0012_Wat,352.1038206
29,Sample_S19S_0012_Wat,352.140233
62,Sample_S19S_0012_Wat,353.0150696
55,Sample_S19S_0012_Wat,353.0514753
115,Sample_S19S_0012_Wat,353.0878166
14,Sample_S19S_0012_Wat,353.0990962
79,Sample_S19S_0012_Wat,353.124233
47,Sample_S19S_0012_Wat,353.1605629
26,Sample_S19S_0012_Wat,353.1970034
50,Sample_S19S_0012_Wat,354.0467104
67,Sample_S19S_0012_Wat,354.0830704
50,Sample_S19S_0012_Wat,354.1194893
39,Sample_S19S_0012_Wat,354.1558443
64,Sample_S19S_0012_Wat,355.0306981
39,Sample_S19S_0012_Wat,355.0459559
7,Sample_S19S_0012_Wat,355.0492579
74,Sample_S19S_0012_Wat,355.0671162
3,Sample_S19S_0012_Wat,355.0784081
3,Sample_S19S_0012_Wat,355.0824171
103,Sample_S19S_0012_Wat,355.1034699
29,Sample_S19S_0012_Wat,355.1147135
23,Sample_S19S_0012_Wat,355.1399086
62,Sample_S19S_0012_Wat,356.0623586
27,Sample_S19S_0012_Wat,356.0987693
44,Sample_S19S_0012_Wat,356.1350838
33,Sample_S19S_0012_Wat,357.0251986
9,Sample_S19S_0012_Wat,357.028543
59,Sample_S19S_0012_Wat,357.046323
51,Sample_S19S_0012_Wat,357.061636
6,Sample_S19S_0012_Wat,357.0649448
89,Sample_S19S_0012_Wat,357.0827228
49,Sample_S19S_0012_Wat,357.0979761
4,Sample_S19S_0012_Wat,357.1012479
24,Sample_S19S_0012_Wat,357.1110353
93,Sample_S19S_0012_Wat,357.1191097
28,Sample_S19S_0012_Wat,357.134414
64,Sample_S19S_0012_Wat,357.1554992
46,Sample_S19S_0012_Wat,358.0568909
52,Sample_S19S_0012_Wat,358.077999
45,Sample_S19S_0012_Wat,358.0932734
46,Sample_S19S_0012_Wat,359.0045133
11,Sample_S19S_0012_Wat,359.0256737
18,Sample_S19S_0012_Wat,359.0409252
13,Sample_S19S_0012_Wat,359.0442657
67,Sample_S19S_0012_Wat,359.0619959
58,Sample_S19S_0012_Wat,359.077285
26,Sample_S19S_0012_Wat,359.0806207
33,Sample_S19S_0012_Wat,359.0984239
2,Sample_S19S_0012_Wat,359.1169502
45,Sample_S19S_0012_Wat,359.1347452
67,Sample_S19S_0012_Wat,359.1500213
33,Sample_S19S_0012_Wat,359.1711775
42,Sample_S19S_0012_Wat,360.0361542
29,Sample_S19S_0012_Wat,360.093678
44,Sample_S19S_0012_Wat,360.108919
55,Sample_S19S_0012_Wat,361.0201475
50,Sample_S19S_0012_Wat,361.0412698
58,Sample_S19S_0012_Wat,361.056505
11,Sample_S19S_0012_Wat,361.0598496
20,Sample_S19S_0012_Wat,361.069538
38,Sample_S19S_0012_Wat,361.077621
75,Sample_S19S_0012_Wat,361.0929312
24,Sample_S19S_0012_Wat,361.0962708
41,Sample_S19S_0012_Wat,361.1140532
102,Sample_S19S_0012_Wat,361.1292859
29,Sample_S19S_0012_Wat,361.1423317
49,Sample_S19S_0012_Wat,361.1504109
41,Sample_S19S_0012_Wat,361.1657046
20,Sample_S19S_0012_Wat,362.0153701
68,Sample_S19S_0012_Wat,362.0881611
15,Sample_S19S_0012_Wat,362.1093336
5,Sample_S19S_0012_Wat,362.1246138
69,Sample_S19S_0012_Wat,363.0357881
49,Sample_S19S_0012_Wat,363.0722122
8,Sample_S19S_0012_Wat,363.0755589
92,Sample_S19S_0012_Wat,363.108539
1,Sample_S19S_0012_Wat,363.1118361
21,Sample_S19S_0012_Wat,363.1215932
37,Sample_S19S_0012_Wat,363.1449786
23,Sample_S19S_0012_Wat,363.1812892
41,Sample_S19S_0012_Wat,364.0310639
57,Sample_S19S_0012_Wat,364.0674047
15,Sample_S19S_0012_Wat,364.0885367
62,Sample_S19S_0012_Wat,364.1038292
58,Sample_S19S_0012_Wat,364.1401707
60,Sample_S19S_0012_Wat,365.015069
29,Sample_S19S_0012_Wat,365.0513776
12,Sample_S19S_0012_Wat,365.0644569
94,Sample_S19S_0012_Wat,365.0878382
26,Sample_S19S_0012_Wat,365.1008669
46,Sample_S19S_0012_Wat,365.1241727
18,Sample_S19S_0012_Wat,365.137244
19,Sample_S19S_0012_Wat,365.1606438
31,Sample_S19S_0012_Wat,365.1969623
77,Sample_S19S_0012_Wat,366.0830912
60,Sample_S19S_0012_Wat,366.1194629
9,Sample_S19S_0012_Wat,366.1558943
8,Sample_S19S_0012_Wat,367.0129081
63,Sample_S19S_0012_Wat,367.0306865
98,Sample_S19S_0012_Wat,367.0671094
3,Sample_S19S_0012_Wat,367.0784012
113,Sample_S19S_0012_Wat,367.1034613
14,Sample_S19S_0012_Wat,367.1399195
41,Sample_S19S_0012_Wat,367.1762158
23,Sample_S19S_0012_Wat,367.2126519
18,Sample_S19S_0012_Wat,368.0623951
77,Sample_S19S_0012_Wat,368.0987097
48,Sample_S19S_0012_Wat,368.1351331
50,Sample_S19S_0012_Wat,369.0099679
20,Sample_S19S_0012_Wat,369.0252119
10,Sample_S19S_0012_Wat,369.0382289
54,Sample_S19S_0012_Wat,369.0463181
50,Sample_S19S_0012_Wat,369.061629
85,Sample_S19S_0012_Wat,369.0827443
41,Sample_S19S_0012_Wat,369.0980102
23,Sample_S19S_0012_Wat,369.111039
28,Sample_S19S_0012_Wat,369.1190631
57,Sample_S19S_0012_Wat,369.1555194
12,Sample_S19S_0012_Wat,369.1837969
12,Sample_S19S_0012_Wat,369.1918398
56,Sample_S19S_0012_Wat,370.0779692
36,Sample_S19S_0012_Wat,370.1507341
25,Sample_S19S_0012_Wat,371.0255725
41,Sample_S19S_0012_Wat,371.0408802
7,Sample_S19S_0012_Wat,371.0441824
76,Sample_S19S_0012_Wat,371.0620102
5,Sample_S19S_0012_Wat,371.0805043
20,Sample_S19S_0012_Wat,371.0902981
45,Sample_S19S_0012_Wat,371.0983408
48,Sample_S19S_0012_Wat,371.1136558
56,Sample_S19S_0012_Wat,371.1347918
54,Sample_S19S_0012_Wat,371.1500297
44,Sample_S19S_0012_Wat,371.171134
30,Sample_S19S_0012_Wat,372.0361265
50,Sample_S19S_0012_Wat,372.1300076
45,Sample_S19S_0012_Wat,373.0412407
66,Sample_S19S_0012_Wat,373.0565482
10,Sample_S19S_0012_Wat,373.0599109
36,Sample_S19S_0012_Wat,373.0776886
45,Sample_S19S_0012_Wat,373.09294
12,Sample_S19S_0012_Wat,373.0962346
28,Sample_S19S_0012_Wat,373.1059583
58,Sample_S19S_0012_Wat,373.1140108
15,Sample_S19S_0012_Wat,373.1504711
15,Sample_S19S_0012_Wat,373.1657318
7,Sample_S19S_0012_Wat,374.0729636
13,Sample_S19S_0012_Wat,374.1245961
10,Sample_S19S_0012_Wat,374.9994641
28,Sample_S19S_0012_Wat,375.0358416
21,Sample_S19S_0012_Wat,375.0569615
72,Sample_S19S_0012_Wat,375.0721973
23,Sample_S19S_0012_Wat,375.0755416
26,Sample_S19S_0012_Wat,375.0852221
43,Sample_S19S_0012_Wat,375.0932745
31,Sample_S19S_0012_Wat,375.1297066
82,Sample_S19S_0012_Wat,375.1449442
26,Sample_S19S_0012_Wat,375.1579842
29,Sample_S19S_0012_Wat,375.1812892
24,Sample_S19S_0012_Wat,376.031082
54,Sample_S19S_0012_Wat,376.0674564
24,Sample_S19S_0012_Wat,376.1249335
36,Sample_S19S_0012_Wat,377.0150486
82,Sample_S19S_0012_Wat,377.0514538
17,Sample_S19S_0012_Wat,377.0548048
64,Sample_S19S_0012_Wat,377.0877952
5,Sample_S19S_0012_Wat,377.0911145
19,Sample_S19S_0012_Wat,377.100823
101,Sample_S19S_0012_Wat,377.1241915
24,Sample_S19S_0012_Wat,377.1372608
60,Sample_S19S_0012_Wat,377.1606102
16,Sample_S19S_0012_Wat,377.1735945
18,Sample_S19S_0012_Wat,377.1969233
23,Sample_S19S_0012_Wat,378.0466478
56,Sample_S19S_0012_Wat,378.0831073
71,Sample_S19S_0012_Wat,378.1194361
68,Sample_S19S_0012_Wat,379.0307221
28,Sample_S19S_0012_Wat,379.0670295
16,Sample_S19S_0012_Wat,379.0800689
116,Sample_S19S_0012_Wat,379.1034645
27,Sample_S19S_0012_Wat,379.1165229
96,Sample_S19S_0012_Wat,379.1398402
60,Sample_S19S_0012_Wat,379.1762343
11,Sample_S19S_0012_Wat,380.0259079
69,Sample_S19S_0012_Wat,380.0987084
67,Sample_S19S_0012_Wat,380.1350974
16,Sample_S19S_0012_Wat,381.0099072
6,Sample_S19S_0012_Wat,381.0285164
73,Sample_S19S_0012_Wat,381.0463502
33,Sample_S19S_0012_Wat,381.0826619
31,Sample_S19S_0012_Wat,381.0939738
105,Sample_S19S_0012_Wat,381.1191186
23,Sample_S19S_0012_Wat,381.1321708
85,Sample_S19S_0012_Wat,381.1555031
32,Sample_S19S_0012_Wat,381.1918695
35,Sample_S19S_0012_Wat,382.0415806
63,Sample_S19S_0012_Wat,382.0779661
69,Sample_S19S_0012_Wat,382.1143936
12,Sample_S19S_0012_Wat,382.1507159
32,Sample_S19S_0012_Wat,383.0255766
10,Sample_S19S_0012_Wat,383.040804
44,Sample_S19S_0012_Wat,383.0619616
45,Sample_S19S_0012_Wat,383.0772634
3,Sample_S19S_0012_Wat,383.0804294
104,Sample_S19S_0012_Wat,383.0983806
26,Sample_S19S_0012_Wat,383.1266887
32,Sample_S19S_0012_Wat,383.1347075
33,Sample_S19S_0012_Wat,383.1711132
31,Sample_S19S_0012_Wat,383.2075249
32,Sample_S19S_0012_Wat,384.0572385
60,Sample_S19S_0012_Wat,384.0936599
28,Sample_S19S_0012_Wat,384.1664077
19,Sample_S19S_0012_Wat,385.0201172
9,Sample_S19S_0012_Wat,385.0234761
14,Sample_S19S_0012_Wat,385.0331631
28,Sample_S19S_0012_Wat,385.0412026
38,Sample_S19S_0012_Wat,385.0564963
2,Sample_S19S_0012_Wat,385.0597522
84,Sample_S19S_0012_Wat,385.0776412
60,Sample_S19S_0012_Wat,385.0929264
38,Sample_S19S_0012_Wat,385.1139909
34,Sample_S19S_0012_Wat,385.1292595
23,Sample_S19S_0012_Wat,385.1423072
35,Sample_S19S_0012_Wat,385.1503825
46,Sample_S19S_0012_Wat,385.1656784
31,Sample_S19S_0012_Wat,385.1868285
55,Sample_S19S_0012_Wat,386.0881802
7,Sample_S19S_0012_Wat,386.1012164
48,Sample_S19S_0012_Wat,386.1093009
32,Sample_S19S_0012_Wat,387.0205032
58,Sample_S19S_0012_Wat,387.0358113
28,Sample_S19S_0012_Wat,387.0568488
16,Sample_S19S_0012_Wat,387.0721252
5,Sample_S19S_0012_Wat,387.075423
21,Sample_S19S_0012_Wat,387.0851909
30,Sample_S19S_0012_Wat,387.0932457
1,Sample_S19S_0012_Wat,387.0962706
83,Sample_S19S_0012_Wat,387.1085636
82,Sample_S19S_0012_Wat,387.1296791
21,Sample_S19S_0012_Wat,387.1579654
13,Sample_S19S_0012_Wat,387.1659841
25,Sample_S19S_0012_Wat,387.1812925
12,Sample_S19S_0012_Wat,387.19436
10,Sample_S19S_0012_Wat,388.0309868
63,Sample_S19S_0012_Wat,388.0674506
6,Sample_S19S_0012_Wat,388.080429
40,Sample_S19S_0012_Wat,388.1037783
1,Sample_S19S_0012_Wat,388.1167563
40,Sample_S19S_0012_Wat,388.1249219
34,Sample_S19S_0012_Wat,389.0150297
11,Sample_S19S_0012_Wat,389.0280824
31,Sample_S19S_0012_Wat,389.036144
56,Sample_S19S_0012_Wat,389.051417
7,Sample_S19S_0012_Wat,389.054731
15,Sample_S19S_0012_Wat,389.0644457
23,Sample_S19S_0012_Wat,389.0724972
78,Sample_S19S_0012_Wat,389.0878118
10,Sample_S19S_0012_Wat,389.0911204
26,Sample_S19S_0012_Wat,389.1008827
34,Sample_S19S_0012_Wat,389.108981
97,Sample_S19S_0012_Wat,389.1242045
22,Sample_S19S_0012_Wat,389.1372295
16,Sample_S19S_0012_Wat,389.1452618
31,Sample_S19S_0012_Wat,389.1605387
20,Sample_S19S_0012_Wat,389.1736085
37,Sample_S19S_0012_Wat,389.1969883
35,Sample_S19S_0012_Wat,390.0466839
77,Sample_S19S_0012_Wat,390.083092
32,Sample_S19S_0012_Wat,391.0307447
49,Sample_S19S_0012_Wat,391.0670531
10,Sample_S19S_0012_Wat,391.070384
19,Sample_S19S_0012_Wat,391.0881255
53,Sample_S19S_0012_Wat,391.1034381
4,Sample_S19S_0012_Wat,391.1066925
49,Sample_S19S_0012_Wat,391.1398852
10,Sample_S19S_0012_Wat,391.1528412
34,Sample_S19S_0012_Wat,391.1762035
29,Sample_S19S_0012_Wat,391.212612
19,Sample_S19S_0012_Wat,392.0259958
47,Sample_S19S_0012_Wat,392.06231
74,Sample_S19S_0012_Wat,392.098752
20,Sample_S19S_0012_Wat,392.1198706
60,Sample_S19S_0012_Wat,392.1351125
17,Sample_S19S_0012_Wat,393.010021
49,Sample_S19S_0012_Wat,393.0463154
13,Sample_S19S_0012_Wat,393.0593644
80,Sample_S19S_0012_Wat,393.0827628
89,Sample_S19S_0012_Wat,393.1191285
20,Sample_S19S_0012_Wat,393.1321265
41,Sample_S19S_0012_Wat,393.1554711
15,Sample_S19S_0012_Wat,393.1685262
21,Sample_S19S_0012_Wat,393.1919402
35,Sample_S19S_0012_Wat,394.0415806
41,Sample_S19S_0012_Wat,394.078026
49,Sample_S19S_0012_Wat,394.1144108
37,Sample_S19S_0012_Wat,395.0255818
61,Sample_S19S_0012_Wat,395.0619708
53,Sample_S19S_0012_Wat,395.0984243
18,Sample_S19S_0012_Wat,395.1114167
118,Sample_S19S_0012_Wat,395.1347697
14,Sample_S19S_0012_Wat,395.1477706
46,Sample_S19S_0012_Wat,395.171191
12,Sample_S19S_0012_Wat,395.2075813
62,Sample_S19S_0012_Wat,396.0936653
36,Sample_S19S_0012_Wat,396.13006
11,Sample_S19S_0012_Wat,397.0200883
7,Sample_S19S_0012_Wat,397.0234647
52,Sample_S19S_0012_Wat,397.0412485
38,Sample_S19S_0012_Wat,397.0565368
31,Sample_S19S_0012_Wat,397.0775828
3,Sample_S19S_0012_Wat,397.0960818
20,Sample_S19S_0012_Wat,397.1059758
68,Sample_S19S_0012_Wat,397.1140135
84,Sample_S19S_0012_Wat,397.1504225
24,Sample_S19S_0012_Wat,397.1867602
55,Sample_S19S_0012_Wat,398.0729329
59,Sample_S19S_0012_Wat,398.1456531
32,Sample_S19S_0012_Wat,399.0205105
11,Sample_S19S_0012_Wat,399.0356696
10,Sample_S19S_0012_Wat,399.0488349
21,Sample_S19S_0012_Wat,399.0568344
33,Sample_S19S_0012_Wat,399.0721389
4,Sample_S19S_0012_Wat,399.0753668
25,Sample_S19S_0012_Wat,399.085227
66,Sample_S19S_0012_Wat,399.0932727
20,Sample_S19S_0012_Wat,399.1086044
4,Sample_S19S_0012_Wat,399.1117451
60,Sample_S19S_0012_Wat,399.1296635
41,Sample_S19S_0012_Wat,399.1449193
12,Sample_S19S_0012_Wat,399.1579458
3,Sample_S19S_0012_Wat,399.1659287
14,Sample_S19S_0012_Wat,399.1943775
30,Sample_S19S_0012_Wat,399.2024375
19,Sample_S19S_0012_Wat,400.0674729
32,Sample_S19S_0012_Wat,400.1249077
35,Sample_S19S_0012_Wat,401.0150794
29,Sample_S19S_0012_Wat,401.0362034
64,Sample_S19S_0012_Wat,401.0514549
18,Sample_S19S_0012_Wat,401.0644945
26,Sample_S19S_0012_Wat,401.0725084
66,Sample_S19S_0012_Wat,401.0878209
4,Sample_S19S_0012_Wat,401.0910681
56,Sample_S19S_0012_Wat,401.1089631
4,Sample_S19S_0012_Wat,401.1273966
64,Sample_S19S_0012_Wat,401.1453284
63,Sample_S19S_0012_Wat,401.1605804
13,Sample_S19S_0012_Wat,401.1736033
15,Sample_S19S_0012_Wat,401.1816514
14,Sample_S19S_0012_Wat,401.1969344
28,Sample_S19S_0012_Wat,402.0466811
3,Sample_S19S_0012_Wat,402.1042761
25,Sample_S19S_0012_Wat,402.1405573
16,Sample_S19S_0012_Wat,403.0305846
1,Sample_S19S_0012_Wat,403.033958
12,Sample_S19S_0012_Wat,403.0437271
18,Sample_S19S_0012_Wat,403.0517845
76,Sample_S19S_0012_Wat,403.0671122
11,Sample_S19S_0012_Wat,403.0704072
60,Sample_S19S_0012_Wat,403.0881974
65,Sample_S19S_0012_Wat,403.1034476
4,Sample_S19S_0012_Wat,403.1066431
23,Sample_S19S_0012_Wat,403.1164656
18,Sample_S19S_0012_Wat,403.1245163
85,Sample_S19S_0012_Wat,403.1398463
26,Sample_S19S_0012_Wat,403.1529106
22,Sample_S19S_0012_Wat,403.1609357
27,Sample_S19S_0012_Wat,403.1762826
17,Sample_S19S_0012_Wat,404.025924
72,Sample_S19S_0012_Wat,404.0623618
27,Sample_S19S_0012_Wat,404.0834492
68,Sample_S19S_0012_Wat,404.1351085
11,Sample_S19S_0012_Wat,405.0098791
69,Sample_S19S_0012_Wat,405.0463718
33,Sample_S19S_0012_Wat,405.0674473
50,Sample_S19S_0012_Wat,405.0827082
3,Sample_S19S_0012_Wat,405.0859264
6,Sample_S19S_0012_Wat,405.103722
30,Sample_S19S_0012_Wat,405.1190623
1,Sample_S19S_0012_Wat,405.1221627
29,Sample_S19S_0012_Wat,405.1321292
49,Sample_S19S_0012_Wat,405.1555362
23,Sample_S19S_0012_Wat,405.1685606
34,Sample_S19S_0012_Wat,405.1918632
26,Sample_S19S_0012_Wat,406.041642
8,Sample_S19S_0012_Wat,406.0990792
75,Sample_S19S_0012_Wat,406.1143545
29,Sample_S19S_0012_Wat,407.0255705
65,Sample_S19S_0012_Wat,407.0620299
16,Sample_S19S_0012_Wat,407.0750599
93,Sample_S19S_0012_Wat,407.0983755
16,Sample_S19S_0012_Wat,407.1113661
78,Sample_S19S_0012_Wat,407.1347505
22,Sample_S19S_0012_Wat,407.1477958
1,Sample_S19S_0012_Wat,407.1632455
10,Sample_S19S_0012_Wat,407.1712237
15,Sample_S19S_0012_Wat,407.2075913
69,Sample_S19S_0012_Wat,408.0936661
78,Sample_S19S_0012_Wat,408.1300077
31,Sample_S19S_0012_Wat,409.0412228
28,Sample_S19S_0012_Wat,409.07757
93,Sample_S19S_0012_Wat,409.1140221
93,Sample_S19S_0012_Wat,409.1504235
5,Sample_S19S_0012_Wat,409.1633923
9,Sample_S19S_0012_Wat,409.1787026
15,Sample_S19S_0012_Wat,409.1867344
61,Sample_S19S_0012_Wat,410.0729191
18,Sample_S19S_0012_Wat,410.1092388
52,Sample_S19S_0012_Wat,410.1456867
32,Sample_S19S_0012_Wat,411.0205049
23,Sample_S19S_0012_Wat,411.0568579
75,Sample_S19S_0012_Wat,411.0933142
81,Sample_S19S_0012_Wat,411.1296933
14,Sample_S19S_0012_Wat,411.1448873
28,Sample_S19S_0012_Wat,411.1579879
47,Sample_S19S_0012_Wat,411.1660419
24,Sample_S19S_0012_Wat,412.0521769
41,Sample_S19S_0012_Wat,412.0885256
59,Sample_S19S_0012_Wat,412.1249118
15,Sample_S19S_0012_Wat,413.0150329
30,Sample_S19S_0012_Wat,413.0361429
5,Sample_S19S_0012_Wat,413.0513424
15,Sample_S19S_0012_Wat,413.06446
10,Sample_S19S_0012_Wat,413.072442
34,Sample_S19S_0012_Wat,413.087795
3,Sample_S19S_0012_Wat,413.0910377
27,Sample_S19S_0012_Wat,413.1008794
79,Sample_S19S_0012_Wat,413.1089345
60,Sample_S19S_0012_Wat,413.12421
3,Sample_S19S_0012_Wat,413.127421
19,Sample_S19S_0012_Wat,413.1372735
23,Sample_S19S_0012_Wat,413.1452768
19,Sample_S19S_0012_Wat,413.1736056
12,Sample_S19S_0012_Wat,413.1816156
16,Sample_S19S_0012_Wat,413.2180661
28,Sample_S19S_0012_Wat,415.0306688
28,Sample_S19S_0012_Wat,415.0518724
6,Sample_S19S_0012_Wat,415.0671726
12,Sample_S19S_0012_Wat,415.0704085
9,Sample_S19S_0012_Wat,415.080159
60,Sample_S19S_0012_Wat,415.0881916
62,Sample_S19S_0012_Wat,415.1034568
3,Sample_S19S_0012_Wat,415.1066895
20,Sample_S19S_0012_Wat,415.1164835
32,Sample_S19S_0012_Wat,415.1245406
2,Sample_S19S_0012_Wat,415.1430564
17,Sample_S19S_0012_Wat,415.1529316
52,Sample_S19S_0012_Wat,415.1609859
7,Sample_S19S_0012_Wat,415.1763155
17,Sample_S19S_0012_Wat,416.0259342
33,Sample_S19S_0012_Wat,416.0623295
4,Sample_S19S_0012_Wat,416.0986591
33,Sample_S19S_0012_Wat,417.009975
27,Sample_S19S_0012_Wat,417.0310977
41,Sample_S19S_0012_Wat,417.0463346
11,Sample_S19S_0012_Wat,417.0496555
14,Sample_S19S_0012_Wat,417.0593749
21,Sample_S19S_0012_Wat,417.0674105
25,Sample_S19S_0012_Wat,417.0826722
16,Sample_S19S_0012_Wat,417.0957124
22,Sample_S19S_0012_Wat,417.1037889
83,Sample_S19S_0012_Wat,417.1191101
5,Sample_S19S_0012_Wat,417.1223013
33,Sample_S19S_0012_Wat,417.1321667
37,Sample_S19S_0012_Wat,417.1402188
71,Sample_S19S_0012_Wat,417.1555165
31,Sample_S19S_0012_Wat,417.1685514
13,Sample_S19S_0012_Wat,417.1765666
14,Sample_S19S_0012_Wat,418.0416648
52,Sample_S19S_0012_Wat,418.0779721
32,Sample_S19S_0012_Wat,419.0256123
6,Sample_S19S_0012_Wat,419.0386764
16,Sample_S19S_0012_Wat,419.0466741
36,Sample_S19S_0012_Wat,419.0619721
8,Sample_S19S_0012_Wat,419.0829959
17,Sample_S19S_0012_Wat,419.0982983
9,Sample_S19S_0012_Wat,419.1113471
10,Sample_S19S_0012_Wat,419.1194106
89,Sample_S19S_0012_Wat,419.1347745
21,Sample_S19S_0012_Wat,419.1478319
40,Sample_S19S_0012_Wat,419.1711927
23,Sample_S19S_0012_Wat,419.1842051
38,Sample_S19S_0012_Wat,419.207525
10,Sample_S19S_0012_Wat,420.0208201
48,Sample_S19S_0012_Wat,420.0572817
3,Sample_S19S_0012_Wat,420.0782809
50,Sample_S19S_0012_Wat,421.0412704
9,Sample_S19S_0012_Wat,421.0543002
20,Sample_S19S_0012_Wat,421.0777047
18,Sample_S19S_0012_Wat,421.0906648
102,Sample_S19S_0012_Wat,421.1140346
15,Sample_S19S_0012_Wat,421.1270174
83,Sample_S19S_0012_Wat,421.1504292
1,Sample_S19S_0012_Wat,421.1552081
20,Sample_S19S_0012_Wat,421.1634511
19,Sample_S19S_0012_Wat,421.1868654
3,Sample_S19S_0012_Wat,421.2232692
5,Sample_S19S_0012_Wat,422.0364426
56,Sample_S19S_0012_Wat,422.0728802
31,Sample_S19S_0012_Wat,422.1093338
22,Sample_S19S_0012_Wat,423.0205894
58,Sample_S19S_0012_Wat,423.0569089
28,Sample_S19S_0012_Wat,423.093231
109,Sample_S19S_0012_Wat,423.1296813
11,Sample_S19S_0012_Wat,423.1426961
33,Sample_S19S_0012_Wat,423.1661225
15,Sample_S19S_0012_Wat,423.179095
42,Sample_S19S_0012_Wat,423.2024382
16,Sample_S19S_0012_Wat,424.0522173
1,Sample_S19S_0012_Wat,424.0886497
43,Sample_S19S_0012_Wat,424.1249783
51,Sample_S19S_0012_Wat,425.0361852
11,Sample_S19S_0012_Wat,425.0644881
19,Sample_S19S_0012_Wat,425.0724714
16,Sample_S19S_0012_Wat,425.1008972
53,Sample_S19S_0012_Wat,425.1089252
17,Sample_S19S_0012_Wat,425.1453873
44,Sample_S19S_0012_Wat,425.1816982
61,Sample_S19S_0012_Wat,426.1405881
47,Sample_S19S_0012_Wat,426.1769689
19,Sample_S19S_0012_Wat,427.0154789
15,Sample_S19S_0012_Wat,427.0307487
23,Sample_S19S_0012_Wat,427.0518808
12,Sample_S19S_0012_Wat,427.0669702
9,Sample_S19S_0012_Wat,427.0801714
46,Sample_S19S_0012_Wat,427.088175
38,Sample_S19S_0012_Wat,427.1035014
1,Sample_S19S_0012_Wat,427.106705
19,Sample_S19S_0012_Wat,427.1165345
75,Sample_S19S_0012_Wat,427.1245871
3,Sample_S19S_0012_Wat,427.1399769
3,Sample_S19S_0012_Wat,427.1610597
30,Sample_S19S_0012_Wat,427.1973395
22,Sample_S19S_0012_Wat,428.0470647
15,Sample_S19S_0012_Wat,428.0622933
32,Sample_S19S_0012_Wat,428.1562791
15,Sample_S19S_0012_Wat,429.0099567
31,Sample_S19S_0012_Wat,429.0310878
31,Sample_S19S_0012_Wat,429.0463286
12,Sample_S19S_0012_Wat,429.0496556
46,Sample_S19S_0012_Wat,429.067488
2,Sample_S19S_0012_Wat,429.0829209
10,Sample_S19S_0012_Wat,429.0861392
6,Sample_S19S_0012_Wat,429.1039457
5,Sample_S19S_0012_Wat,429.1192381
64,Sample_S19S_0012_Wat,429.1402424
23,Sample_S19S_0012_Wat,429.1555582
25,Sample_S19S_0012_Wat,429.1685491
23,Sample_S19S_0012_Wat,429.1765924
40,Sample_S19S_0012_Wat,429.1919036
21,Sample_S19S_0012_Wat,430.0627483
4,Sample_S19S_0012_Wat,430.0909545
34,Sample_S19S_0012_Wat,430.0991542
45,Sample_S19S_0012_Wat,430.1354817
25,Sample_S19S_0012_Wat,431.0256563
11,Sample_S19S_0012_Wat,431.04681
69,Sample_S19S_0012_Wat,431.0620177
48,Sample_S19S_0012_Wat,431.083125
76,Sample_S19S_0012_Wat,431.098388
4,Sample_S19S_0012_Wat,431.1016424
19,Sample_S19S_0012_Wat,431.1113826
26,Sample_S19S_0012_Wat,431.1194411
31,Sample_S19S_0012_Wat,431.1347291
24,Sample_S19S_0012_Wat,431.1477957
22,Sample_S19S_0012_Wat,431.1558407
33,Sample_S19S_0012_Wat,431.1711879
15,Sample_S19S_0012_Wat,431.2076023
12,Sample_S19S_0012_Wat,432.020878
25,Sample_S19S_0012_Wat,432.078404
2,Sample_S19S_0012_Wat,432.1876103
49,Sample_S19S_0012_Wat,433.0412948
26,Sample_S19S_0012_Wat,433.0624271
77,Sample_S19S_0012_Wat,433.077665
16,Sample_S19S_0012_Wat,433.0906617
17,Sample_S19S_0012_Wat,433.0986887
26,Sample_S19S_0012_Wat,433.1139658
7,Sample_S19S_0012_Wat,433.1269982
4,Sample_S19S_0012_Wat,433.13501
28,Sample_S19S_0012_Wat,433.1503758
25,Sample_S19S_0012_Wat,433.1634586
35,Sample_S19S_0012_Wat,433.1868494
28,Sample_S19S_0012_Wat,433.223189
19,Sample_S19S_0012_Wat,434.1093421
14,Sample_S19S_0012_Wat,435.0204588
48,Sample_S19S_0012_Wat,435.0569041
15,Sample_S19S_0012_Wat,435.0698968
75,Sample_S19S_0012_Wat,435.093324
16,Sample_S19S_0012_Wat,435.1062764
31,Sample_S19S_0012_Wat,435.1296329
3,Sample_S19S_0012_Wat,435.1426364
2,Sample_S19S_0012_Wat,435.160379
23,Sample_S19S_0012_Wat,435.1659973
12,Sample_S19S_0012_Wat,435.1790631
47,Sample_S19S_0012_Wat,435.2024665
6,Sample_S19S_0012_Wat,435.238903
26,Sample_S19S_0012_Wat,436.0521427
22,Sample_S19S_0012_Wat,436.0886111
5,Sample_S19S_0012_Wat,436.1250197
39,Sample_S19S_0012_Wat,437.0361523
26,Sample_S19S_0012_Wat,437.072483
26,Sample_S19S_0012_Wat,437.1088959
59,Sample_S19S_0012_Wat,437.1453651
1,Sample_S19S_0012_Wat,437.1737814
52,Sample_S19S_0012_Wat,437.1817485
9,Sample_S19S_0012_Wat,437.2180272
16,Sample_S19S_0012_Wat,438.0678822
68,Sample_S19S_0012_Wat,438.1405683
11,Sample_S19S_0012_Wat,439.0153758
18,Sample_S19S_0012_Wat,439.051737
72,Sample_S19S_0012_Wat,439.0882098
83,Sample_S19S_0012_Wat,439.1246064
16,Sample_S19S_0012_Wat,439.1529344
33,Sample_S19S_0012_Wat,439.1609425
20,Sample_S19S_0012_Wat,439.1892886
19,Sample_S19S_0012_Wat,439.1973056
43,Sample_S19S_0012_Wat,440.0834468
35,Sample_S19S_0012_Wat,440.1198163
19,Sample_S19S_0012_Wat,441.0310268
10,Sample_S19S_0012_Wat,441.0462365
4,Sample_S19S_0012_Wat,441.0593601
35,Sample_S19S_0012_Wat,441.0674409
37,Sample_S19S_0012_Wat,441.0827166
37,Sample_S19S_0012_Wat,441.1039049
56,Sample_S19S_0012_Wat,441.1402285
14,Sample_S19S_0012_Wat,441.1554489
16,Sample_S19S_0012_Wat,441.168514
23,Sample_S19S_0012_Wat,441.1765589
11,Sample_S19S_0012_Wat,441.2049192
12,Sample_S19S_0012_Wat,441.2129575
12,Sample_S19S_0012_Wat,442.0779366
12,Sample_S19S_0012_Wat,442.0990637
20,Sample_S19S_0012_Wat,442.135461
15,Sample_S19S_0012_Wat,443.0255061
21,Sample_S19S_0012_Wat,443.0466588
16,Sample_S19S_0012_Wat,443.061884
13,Sample_S19S_0012_Wat,443.0749837
37,Sample_S19S_0012_Wat,443.0830557
37,Sample_S19S_0012_Wat,443.0984287
20,Sample_S19S_0012_Wat,443.1114516
65,Sample_S19S_0012_Wat,443.119518
2,Sample_S19S_0012_Wat,443.1348538
5,Sample_S19S_0012_Wat,443.1380667
17,Sample_S19S_0012_Wat,443.1478565
54,Sample_S19S_0012_Wat,443.1558944
28,Sample_S19S_0012_Wat,443.1711201
22,Sample_S19S_0012_Wat,443.1841796
14,Sample_S19S_0012_Wat,443.1922057
5,Sample_S19S_0012_Wat,443.2074098
8,Sample_S19S_0012_Wat,444.0209051
47,Sample_S19S_0012_Wat,444.0572726
17,Sample_S19S_0012_Wat,444.093696
11,Sample_S19S_0012_Wat,445.0048403
39,Sample_S19S_0012_Wat,445.0412697
6,Sample_S19S_0012_Wat,445.054308
40,Sample_S19S_0012_Wat,445.0623769
37,Sample_S19S_0012_Wat,445.0776178
11,Sample_S19S_0012_Wat,445.0986624
3,Sample_S19S_0012_Wat,445.1083593
18,Sample_S19S_0012_Wat,445.1139537
18,Sample_S19S_0012_Wat,445.127011
10,Sample_S19S_0012_Wat,445.1350548
33,Sample_S19S_0012_Wat,445.1503907
33,Sample_S19S_0012_Wat,445.1634705
43,Sample_S19S_0012_Wat,445.1715289
38,Sample_S19S_0012_Wat,445.1868428
28,Sample_S19S_0012_Wat,445.223207
19,Sample_S19S_0012_Wat,446.0364887
20,Sample_S19S_0012_Wat,446.0728598
3,Sample_S19S_0012_Wat,446.0939418
49,Sample_S19S_0012_Wat,446.1092739
15,Sample_S19S_0012_Wat,447.0204695
8,Sample_S19S_0012_Wat,447.056785
6,Sample_S19S_0012_Wat,447.0698296
6,Sample_S19S_0012_Wat,447.0779114
17,Sample_S19S_0012_Wat,447.09323
78,Sample_S19S_0012_Wat,447.1297048
28,Sample_S19S_0012_Wat,447.1427418
10,Sample_S19S_0012_Wat,447.1507185
76,Sample_S19S_0012_Wat,447.1660641
21,Sample_S19S_0012_Wat,447.179104
14,Sample_S19S_0012_Wat,447.2023724
6,Sample_S19S_0012_Wat,448.0520882
67,Sample_S19S_0012_Wat,448.088573
20,Sample_S19S_0012_Wat,448.1096972
20,Sample_S19S_0012_Wat,449.0360637
23,Sample_S19S_0012_Wat,449.0724952
17,Sample_S19S_0012_Wat,449.0855556
92,Sample_S19S_0012_Wat,449.1089599
16,Sample_S19S_0012_Wat,449.1219859
82,Sample_S19S_0012_Wat,449.1453221
22,Sample_S19S_0012_Wat,449.1583358
25,Sample_S19S_0012_Wat,449.1816462
11,Sample_S19S_0012_Wat,449.2180299
4,Sample_S19S_0012_Wat,450.0313071
9,Sample_S19S_0012_Wat,451.0153576
19,Sample_S19S_0012_Wat,451.0517204
36,Sample_S19S_0012_Wat,451.0881744
6,Sample_S19S_0012_Wat,451.1011798
61,Sample_S19S_0012_Wat,451.124616
2,Sample_S19S_0012_Wat,451.1530256
35,Sample_S19S_0012_Wat,451.1609528
7,Sample_S19S_0012_Wat,451.1739524
11,Sample_S19S_0012_Wat,451.189303
6,Sample_S19S_0012_Wat,451.1972791
4,Sample_S19S_0012_Wat,452.0469724
44,Sample_S19S_0012_Wat,452.0834394
15,Sample_S19S_0012_Wat,452.1199139
25,Sample_S19S_0012_Wat,453.0310814
24,Sample_S19S_0012_Wat,453.0673983
9,Sample_S19S_0012_Wat,453.0957146
17,Sample_S19S_0012_Wat,453.1037558
15,Sample_S19S_0012_Wat,453.1321972
42,Sample_S19S_0012_Wat,453.140211
2,Sample_S19S_0012_Wat,453.1686448
60,Sample_S19S_0012_Wat,453.1766436
12,Sample_S19S_0012_Wat,453.2049759
42,Sample_S19S_0012_Wat,455.0467468
43,Sample_S19S_0012_Wat,455.0620251
13,Sample_S19S_0012_Wat,455.0750667
49,Sample_S19S_0012_Wat,455.0831528
42,Sample_S19S_0012_Wat,455.0984121
8,Sample_S19S_0012_Wat,455.1016835
13,Sample_S19S_0012_Wat,455.111472
37,Sample_S19S_0012_Wat,455.1194736
2,Sample_S19S_0012_Wat,455.1290278
7,Sample_S19S_0012_Wat,455.1346803
22,Sample_S19S_0012_Wat,455.14777
13,Sample_S19S_0012_Wat,455.1558023
1,Sample_S19S_0012_Wat,455.1654128
15,Sample_S19S_0012_Wat,455.1841535
15,Sample_S19S_0012_Wat,455.1921775
16,Sample_S19S_0012_Wat,455.2205892
9,Sample_S19S_0012_Wat,457.0049305
6,Sample_S19S_0012_Wat,457.0260917
32,Sample_S19S_0012_Wat,457.0412916
10,Sample_S19S_0012_Wat,457.0542979
40,Sample_S19S_0012_Wat,457.0624071
17,Sample_S19S_0012_Wat,457.0776174
10,Sample_S19S_0012_Wat,457.0906483
21,Sample_S19S_0012_Wat,457.0986905
24,Sample_S19S_0012_Wat,457.1139922
12,Sample_S19S_0012_Wat,457.1270095
21,Sample_S19S_0012_Wat,457.1350642
2,Sample_S19S_0012_Wat,457.1447412
18,Sample_S19S_0012_Wat,457.150377
20,Sample_S19S_0012_Wat,457.1634444
27,Sample_S19S_0012_Wat,457.1715231
48,Sample_S19S_0012_Wat,457.1868094
14,Sample_S19S_0012_Wat,457.1998933
33,Sample_S19S_0012_Wat,457.2079257
15,Sample_S19S_0012_Wat,457.2231614
22,Sample_S19S_0012_Wat,459.0205561
23,Sample_S19S_0012_Wat,459.0416602
23,Sample_S19S_0012_Wat,459.0568713
8,Sample_S19S_0012_Wat,459.069913
23,Sample_S19S_0012_Wat,459.0779746
17,Sample_S19S_0012_Wat,459.0932353
18,Sample_S19S_0012_Wat,459.1062882
28,Sample_S19S_0012_Wat,459.1143457
53,Sample_S19S_0012_Wat,459.1296693
31,Sample_S19S_0012_Wat,459.142719
35,Sample_S19S_0012_Wat,459.1508169
40,Sample_S19S_0012_Wat,459.1661042
18,Sample_S19S_0012_Wat,459.2025048
4,Sample_S19S_0012_Wat,460.0521036
54,Sample_S19S_0012_Wat,460.0885829
36,Sample_S19S_0012_Wat,461.036196
7,Sample_S19S_0012_Wat,461.0492316
25,Sample_S19S_0012_Wat,461.0572822
26,Sample_S19S_0012_Wat,461.0725007
14,Sample_S19S_0012_Wat,461.0855391
8,Sample_S19S_0012_Wat,461.0935699
12,Sample_S19S_0012_Wat,461.1088271
4,Sample_S19S_0012_Wat,461.1218899
10,Sample_S19S_0012_Wat,461.1299458
2,Sample_S19S_0012_Wat,461.1396751
23,Sample_S19S_0012_Wat,461.1452647
21,Sample_S19S_0012_Wat,461.1583343
35,Sample_S19S_0012_Wat,461.1817537
11,Sample_S19S_0012_Wat,461.1948089
26,Sample_S19S_0012_Wat,461.218132
31,Sample_S19S_0012_Wat,462.067799
17,Sample_S19S_0012_Wat,462.1042629
10,Sample_S19S_0012_Wat,463.015396
46,Sample_S19S_0012_Wat,463.0518315
1,Sample_S19S_0012_Wat,463.064914
18,Sample_S19S_0012_Wat,463.0729496
46,Sample_S19S_0012_Wat,463.0881954
3,Sample_S19S_0012_Wat,463.1189274
15,Sample_S19S_0012_Wat,463.124491
4,Sample_S19S_0012_Wat,463.1375144
6,Sample_S19S_0012_Wat,463.1608564
8,Sample_S19S_0012_Wat,463.1739081
19,Sample_S19S_0012_Wat,463.1972938
25,Sample_S19S_0012_Wat,464.1198095
14,Sample_S19S_0012_Wat,465.0310055
15,Sample_S19S_0012_Wat,465.06738
32,Sample_S19S_0012_Wat,465.1038259
25,Sample_S19S_0012_Wat,465.1532935
63,Sample_S19S_0012_Wat,465.1766182
8,Sample_S19S_0012_Wat,465.2049695
15,Sample_S19S_0012_Wat,465.2129596
1,Sample_S19S_0012_Wat,466.1435867
43,Sample_S19S_0012_Wat,467.0467531
17,Sample_S19S_0012_Wat,467.0620397
55,Sample_S19S_0012_Wat,467.0831629
52,Sample_S19S_0012_Wat,467.1195422
24,Sample_S19S_0012_Wat,467.1478261
28,Sample_S19S_0012_Wat,467.1558326
22,Sample_S19S_0012_Wat,467.184209
8,Sample_S19S_0012_Wat,467.1921933
20,Sample_S19S_0012_Wat,467.2286363
27,Sample_S19S_0012_Wat,468.1147294
14,Sample_S19S_0012_Wat,469.0260039
25,Sample_S19S_0012_Wat,469.0412947
37,Sample_S19S_0012_Wat,469.062394
10,Sample_S19S_0012_Wat,469.0776006
27,Sample_S19S_0012_Wat,469.0986993
9,Sample_S19S_0012_Wat,469.1139603
21,Sample_S19S_0012_Wat,469.1270251
14,Sample_S19S_0012_Wat,469.1350525
6,Sample_S19S_0012_Wat,469.1503074
10,Sample_S19S_0012_Wat,469.1633964
3,Sample_S19S_0012_Wat,469.1811109
19,Sample_S19S_0012_Wat,469.199861
22,Sample_S19S_0012_Wat,469.2078959
8,Sample_S19S_0012_Wat,469.2362772
20,Sample_S19S_0012_Wat,471.0205509
17,Sample_S19S_0012_Wat,471.0416901
36,Sample_S19S_0012_Wat,471.0569384
9,Sample_S19S_0012_Wat,471.069939
34,Sample_S19S_0012_Wat,471.0780166
17,Sample_S19S_0012_Wat,471.093255
17,Sample_S19S_0012_Wat,471.106291
6,Sample_S19S_0012_Wat,471.1295835
10,Sample_S19S_0012_Wat,471.1426129
12,Sample_S19S_0012_Wat,471.1506882
8,Sample_S19S_0012_Wat,471.16598
22,Sample_S19S_0012_Wat,471.1790652
19,Sample_S19S_0012_Wat,471.1871307
11,Sample_S19S_0012_Wat,471.2024048
14,Sample_S19S_0012_Wat,471.2155389
20,Sample_S19S_0012_Wat,473.0361823
11,Sample_S19S_0012_Wat,473.0573502
42,Sample_S19S_0012_Wat,473.0726032
35,Sample_S19S_0012_Wat,473.0937108
61,Sample_S19S_0012_Wat,473.1089772
23,Sample_S19S_0012_Wat,473.121993
19,Sample_S19S_0012_Wat,473.1300234
3,Sample_S19S_0012_Wat,473.139667
24,Sample_S19S_0012_Wat,473.1452829
8,Sample_S19S_0012_Wat,473.1582831
11,Sample_S19S_0012_Wat,473.1663521
4,Sample_S19S_0012_Wat,473.1760299
21,Sample_S19S_0012_Wat,473.1816622
10,Sample_S19S_0012_Wat,473.1946924
31,Sample_S19S_0012_Wat,474.067818
15,Sample_S19S_0012_Wat,474.0889636
24,Sample_S19S_0012_Wat,474.1042477
3,Sample_S19S_0012_Wat,475.0152769
15,Sample_S19S_0012_Wat,475.0517049
9,Sample_S19S_0012_Wat,475.0648516
18,Sample_S19S_0012_Wat,475.0728791
27,Sample_S19S_0012_Wat,475.0881586
16,Sample_S19S_0012_Wat,475.1012806
15,Sample_S19S_0012_Wat,475.1092833
64,Sample_S19S_0012_Wat,475.1245966
26,Sample_S19S_0012_Wat,475.1376596
16,Sample_S19S_0012_Wat,475.1456774
64,Sample_S19S_0012_Wat,475.1609843
23,Sample_S19S_0012_Wat,475.1739813
14,Sample_S19S_0012_Wat,475.1973043
2,Sample_S19S_0012_Wat,475.2103074
9,Sample_S19S_0012_Wat,476.0833408
32,Sample_S19S_0012_Wat,477.0311319
49,Sample_S19S_0012_Wat,477.0674882
19,Sample_S19S_0012_Wat,477.1037802
17,Sample_S19S_0012_Wat,477.1168599
5,Sample_S19S_0012_Wat,477.1401075
15,Sample_S19S_0012_Wat,477.1765167
5,Sample_S19S_0012_Wat,477.1895617
9,Sample_S19S_0012_Wat,477.2493418
62,Sample_S19S_0012_Wat,478.0991507
10,Sample_S19S_0012_Wat,479.0102478
6,Sample_S19S_0012_Wat,479.0466033
16,Sample_S19S_0012_Wat,479.0830028
38,Sample_S19S_0012_Wat,479.1194663
17,Sample_S19S_0012_Wat,479.1325629
65,Sample_S19S_0012_Wat,479.1559168
1,Sample_S19S_0012_Wat,479.1843315
49,Sample_S19S_0012_Wat,479.1923063
13,Sample_S19S_0012_Wat,479.2286027
10,Sample_S19S_0012_Wat,481.025885
2,Sample_S19S_0012_Wat,481.0410867
21,Sample_S19S_0012_Wat,481.0623379
51,Sample_S19S_0012_Wat,481.0987747
69,Sample_S19S_0012_Wat,481.1351677
16,Sample_S19S_0012_Wat,481.1634867
49,Sample_S19S_0012_Wat,481.1715313
15,Sample_S19S_0012_Wat,481.199847
17,Sample_S19S_0012_Wat,481.2078283
5,Sample_S19S_0012_Wat,482.1302914
16,Sample_S19S_0012_Wat,483.0415833
14,Sample_S19S_0012_Wat,483.0568081
31,Sample_S19S_0012_Wat,483.0780208
48,Sample_S19S_0012_Wat,483.1144642
18,Sample_S19S_0012_Wat,483.1297323
31,Sample_S19S_0012_Wat,483.1508531
16,Sample_S19S_0012_Wat,483.1660394
14,Sample_S19S_0012_Wat,483.1791639
31,Sample_S19S_0012_Wat,483.1871699
3,Sample_S19S_0012_Wat,483.1967632
12,Sample_S19S_0012_Wat,483.2234722
11,Sample_S19S_0012_Wat,484.1459881
1,Sample_S19S_0012_Wat,485.0360155
12,Sample_S19S_0012_Wat,485.057196
31,Sample_S19S_0012_Wat,485.0936172
40,Sample_S19S_0012_Wat,485.1089501
13,Sample_S19S_0012_Wat,485.1220307
46,Sample_S19S_0012_Wat,485.1300644
1,Sample_S19S_0012_Wat,485.139617
22,Sample_S19S_0012_Wat,485.1453846
13,Sample_S19S_0012_Wat,485.1584131
33,Sample_S19S_0012_Wat,485.1664901
38,Sample_S19S_0012_Wat,485.181737
13,Sample_S19S_0012_Wat,485.1948096
10,Sample_S19S_0012_Wat,487.0154217
21,Sample_S19S_0012_Wat,487.051792
22,Sample_S19S_0012_Wat,487.072871
11,Sample_S19S_0012_Wat,487.088118
9,Sample_S19S_0012_Wat,487.1092152
12,Sample_S19S_0012_Wat,487.1244947
17,Sample_S19S_0012_Wat,487.1375846
14,Sample_S19S_0012_Wat,487.1456408
1,Sample_S19S_0012_Wat,487.1552674
48,Sample_S19S_0012_Wat,487.1609704
30,Sample_S19S_0012_Wat,487.18211
28,Sample_S19S_0012_Wat,487.1974177
5,Sample_S19S_0012_Wat,487.2104698
32,Sample_S19S_0012_Wat,488.0834359
10,Sample_S19S_0012_Wat,489.0310445
46,Sample_S19S_0012_Wat,489.067487
23,Sample_S19S_0012_Wat,489.0886429
32,Sample_S19S_0012_Wat,489.1039118
33,Sample_S19S_0012_Wat,489.1249814
29,Sample_S19S_0012_Wat,489.1402055
16,Sample_S19S_0012_Wat,489.1532671
1,Sample_S19S_0012_Wat,489.1708695
10,Sample_S19S_0012_Wat,489.1765226
4,Sample_S19S_0012_Wat,489.1895365
7,Sample_S19S_0012_Wat,489.2128864
5,Sample_S19S_0012_Wat,489.2492677
16,Sample_S19S_0012_Wat,490.0990621
5,Sample_S19S_0012_Wat,490.1201406
13,Sample_S19S_0012_Wat,491.0103745
15,Sample_S19S_0012_Wat,491.0466906
21,Sample_S19S_0012_Wat,491.0830123
8,Sample_S19S_0012_Wat,491.1193786
17,Sample_S19S_0012_Wat,491.1325378
25,Sample_S19S_0012_Wat,491.1558203
17,Sample_S19S_0012_Wat,491.1689084
48,Sample_S19S_0012_Wat,491.1922945
8,Sample_S19S_0012_Wat,491.2053832
10,Sample_S19S_0012_Wat,491.2287423
13,Sample_S19S_0012_Wat,493.0259042
15,Sample_S19S_0012_Wat,493.0622921
22,Sample_S19S_0012_Wat,493.098712
71,Sample_S19S_0012_Wat,493.1351653
1,Sample_S19S_0012_Wat,493.1636569
46,Sample_S19S_0012_Wat,493.1715856
3,Sample_S19S_0012_Wat,493.1999507
9,Sample_S19S_0012_Wat,493.2442171
2,Sample_S19S_0012_Wat,494.0574822
15,Sample_S19S_0012_Wat,495.0415683
39,Sample_S19S_0012_Wat,495.0780179
1,Sample_S19S_0012_Wat,495.106406
44,Sample_S19S_0012_Wat,495.1144449
7,Sample_S19S_0012_Wat,495.1427989
58,Sample_S19S_0012_Wat,495.1507984
15,Sample_S19S_0012_Wat,495.1791573
8,Sample_S19S_0012_Wat,495.2154488
1,Sample_S19S_0012_Wat,496.1905351
6,Sample_S19S_0012_Wat,497.036113
23,Sample_S19S_0012_Wat,497.0572968
13,Sample_S19S_0012_Wat,497.0937782
9,Sample_S19S_0012_Wat,497.1301476
1,Sample_S19S_0012_Wat,497.1396908
1,Sample_S19S_0012_Wat,497.2310629
12,Sample_S19S_0012_Wat,498.1253978
34,Sample_S19S_0012_Wat,498.1617513
3,Sample_S19S_0012_Wat,498.1698072
9,Sample_S19S_0012_Wat,499.036451
8,Sample_S19S_0012_Wat,499.0516924
22,Sample_S19S_0012_Wat,499.0728848
36,Sample_S19S_0012_Wat,499.1093112
43,Sample_S19S_0012_Wat,499.1246232
10,Sample_S19S_0012_Wat,499.1377212
46,Sample_S19S_0012_Wat,499.1457371
12,Sample_S19S_0012_Wat,499.1610424
17,Sample_S19S_0012_Wat,499.1740741
20,Sample_S19S_0012_Wat,499.2104255
2,Sample_S19S_0012_Wat,499.2466801
6,Sample_S19S_0012_Wat,501.0310269
9,Sample_S19S_0012_Wat,501.0521674
21,Sample_S19S_0012_Wat,501.0673678
16,Sample_S19S_0012_Wat,501.0885018
8,Sample_S19S_0012_Wat,501.1037301
12,Sample_S19S_0012_Wat,501.116864
6,Sample_S19S_0012_Wat,501.1248479
20,Sample_S19S_0012_Wat,501.1401768
30,Sample_S19S_0012_Wat,501.1532967
18,Sample_S19S_0012_Wat,501.1612956
44,Sample_S19S_0012_Wat,501.1766253
26,Sample_S19S_0012_Wat,501.1896846
13,Sample_S19S_0012_Wat,503.0468089
5,Sample_S19S_0012_Wat,503.0679918
3,Sample_S19S_0012_Wat,503.0832459
19,Sample_S19S_0012_Wat,503.1042984
57,Sample_S19S_0012_Wat,503.1195309
4,Sample_S19S_0012_Wat,503.1326318
16,Sample_S19S_0012_Wat,503.1405906
1,Sample_S19S_0012_Wat,503.1502092
23,Sample_S19S_0012_Wat,503.1558462
14,Sample_S19S_0012_Wat,503.1921795
14,Sample_S19S_0012_Wat,503.2285615
7,Sample_S19S_0012_Wat,505.0259469
8,Sample_S19S_0012_Wat,505.0622503
18,Sample_S19S_0012_Wat,505.098662
17,Sample_S19S_0012_Wat,505.1350781
62,Sample_S19S_0012_Wat,505.1715425
25,Sample_S19S_0012_Wat,505.2079802
23,Sample_S19S_0012_Wat,505.2443315
19,Sample_S19S_0012_Wat,506.0576414
7,Sample_S19S_0012_Wat,506.1303153
7,Sample_S19S_0012_Wat,506.1666811
14,Sample_S19S_0012_Wat,507.0415912
30,Sample_S19S_0012_Wat,507.0780238
47,Sample_S19S_0012_Wat,507.1144464
58,Sample_S19S_0012_Wat,507.1508255
4,Sample_S19S_0012_Wat,507.179192
9,Sample_S19S_0012_Wat,509.036191
13,Sample_S19S_0012_Wat,509.0573918
41,Sample_S19S_0012_Wat,509.0937287
40,Sample_S19S_0012_Wat,509.1300451
10,Sample_S19S_0012_Wat,509.1947371
13,Sample_S19S_0012_Wat,510.0888729
9,Sample_S19S_0012_Wat,511.0366348
36,Sample_S19S_0012_Wat,511.0729714
8,Sample_S19S_0012_Wat,511.0881435
3,Sample_S19S_0012_Wat,511.1375472
8,Sample_S19S_0012_Wat,511.1739404
12,Sample_S19S_0012_Wat,511.2103696
9,Sample_S19S_0012_Wat,511.2467945
1,Sample_S19S_0012_Wat,512.1854652
9,Sample_S19S_0012_Wat,513.0522762
27,Sample_S19S_0012_Wat,513.0674942
24,Sample_S19S_0012_Wat,513.0885835
19,Sample_S19S_0012_Wat,513.1169162
16,Sample_S19S_0012_Wat,513.1248843
6,Sample_S19S_0012_Wat,513.1531789
6,Sample_S19S_0012_Wat,513.1612236
10,Sample_S19S_0012_Wat,513.1895585
10,Sample_S19S_0012_Wat,515.0467951
10,Sample_S19S_0012_Wat,515.0679477
38,Sample_S19S_0012_Wat,515.083157
28,Sample_S19S_0012_Wat,515.1042917
4,Sample_S19S_0012_Wat,515.1326297
20,Sample_S19S_0012_Wat,515.1405768
13,Sample_S19S_0012_Wat,515.155816
14,Sample_S19S_0012_Wat,515.1688778
11,Sample_S19S_0012_Wat,515.1768835
9,Sample_S19S_0012_Wat,515.2052029
3,Sample_S19S_0012_Wat,515.2285302
11,Sample_S19S_0012_Wat,516.1146459
34,Sample_S19S_0012_Wat,517.0624113
8,Sample_S19S_0012_Wat,517.0835974
12,Sample_S19S_0012_Wat,517.098859
7,Sample_S19S_0012_Wat,517.1352552
9,Sample_S19S_0012_Wat,517.171616
14,Sample_S19S_0012_Wat,517.1846401
42,Sample_S19S_0012_Wat,517.2079237
8,Sample_S19S_0012_Wat,517.2442337
17,Sample_S19S_0012_Wat,518.0576863
6,Sample_S19S_0012_Wat,519.041577
13,Sample_S19S_0012_Wat,519.0779454
9,Sample_S19S_0012_Wat,519.0990767
13,Sample_S19S_0012_Wat,519.1143103
27,Sample_S19S_0012_Wat,519.1507584
5,Sample_S19S_0012_Wat,519.1639413
53,Sample_S19S_0012_Wat,519.1872205
16,Sample_S19S_0012_Wat,519.2236508
10,Sample_S19S_0012_Wat,521.020886
26,Sample_S19S_0012_Wat,521.0573462
32,Sample_S19S_0012_Wat,521.0937324
48,Sample_S19S_0012_Wat,521.1301011
1,Sample_S19S_0012_Wat,521.1584978
28,Sample_S19S_0012_Wat,521.1663968
3,Sample_S19S_0012_Wat,521.1946636
8,Sample_S19S_0012_Wat,521.2027235
7,Sample_S19S_0012_Wat,522.0888396
16,Sample_S19S_0012_Wat,523.0365285
9,Sample_S19S_0012_Wat,523.0728235
6,Sample_S19S_0012_Wat,523.1091901
9,Sample_S19S_0012_Wat,523.1376337
14,Sample_S19S_0012_Wat,523.1456062
16,Sample_S19S_0012_Wat,523.1739853
26,Sample_S19S_0012_Wat,523.1820717
5,Sample_S19S_0012_Wat,523.2468227
10,Sample_S19S_0012_Wat,525.0521307
16,Sample_S19S_0012_Wat,525.0674542
24,Sample_S19S_0012_Wat,525.0885729
33,Sample_S19S_0012_Wat,525.1250197
38,Sample_S19S_0012_Wat,525.1614051
25,Sample_S19S_0012_Wat,526.1566707
7,Sample_S19S_0012_Wat,526.1929575
11,Sample_S19S_0012_Wat,527.0467883
14,Sample_S19S_0012_Wat,527.0679337
8,Sample_S19S_0012_Wat,527.0832056
10,Sample_S19S_0012_Wat,527.1043114
36,Sample_S19S_0012_Wat,527.1406475
32,Sample_S19S_0012_Wat,527.1558917
20,Sample_S19S_0012_Wat,527.1689685
27,Sample_S19S_0012_Wat,527.1769645
17,Sample_S19S_0012_Wat,527.2052882
3,Sample_S19S_0012_Wat,527.2132606
8,Sample_S19S_0012_Wat,529.047257
9,Sample_S19S_0012_Wat,529.0624704
9,Sample_S19S_0012_Wat,529.0836238
11,Sample_S19S_0012_Wat,529.0988481
22,Sample_S19S_0012_Wat,529.119899
39,Sample_S19S_0012_Wat,529.1351825
8,Sample_S19S_0012_Wat,529.1482589
20,Sample_S19S_0012_Wat,529.1562352
15,Sample_S19S_0012_Wat,529.1714748
20,Sample_S19S_0012_Wat,529.184567
11,Sample_S19S_0012_Wat,529.1925822
9,Sample_S19S_0012_Wat,529.2078283
4,Sample_S19S_0012_Wat,529.2208396
6,Sample_S19S_0012_Wat,531.0417642
6,Sample_S19S_0012_Wat,531.0781475
12,Sample_S19S_0012_Wat,531.0992322
18,Sample_S19S_0012_Wat,531.1144803
24,Sample_S19S_0012_Wat,531.1355514
29,Sample_S19S_0012_Wat,531.1507766
15,Sample_S19S_0012_Wat,531.1638843
11,Sample_S19S_0012_Wat,531.1871077
18,Sample_S19S_0012_Wat,531.2234777
3,Sample_S19S_0012_Wat,531.2598778
12,Sample_S19S_0012_Wat,532.0733598
24,Sample_S19S_0012_Wat,532.1097212
9,Sample_S19S_0012_Wat,533.0574115
15,Sample_S19S_0012_Wat,533.0937827
25,Sample_S19S_0012_Wat,533.1301236
53,Sample_S19S_0012_Wat,533.166456
13,Sample_S19S_0012_Wat,533.1795306
4,Sample_S19S_0012_Wat,533.2390944
11,Sample_S19S_0012_Wat,534.0525763
13,Sample_S19S_0012_Wat,535.0365569
18,Sample_S19S_0012_Wat,535.0730261
10,Sample_S19S_0012_Wat,535.1094222
8,Sample_S19S_0012_Wat,535.1458132
18,Sample_S19S_0012_Wat,535.1821751
12,Sample_S19S_0012_Wat,535.2547783
6,Sample_S19S_0012_Wat,537.0520931
18,Sample_S19S_0012_Wat,537.0884904
31,Sample_S19S_0012_Wat,537.1249315
41,Sample_S19S_0012_Wat,537.161382
6,Sample_S19S_0012_Wat,537.1897464
15,Sample_S19S_0012_Wat,537.1978101
1,Sample_S19S_0012_Wat,537.2261348
10,Sample_S19S_0012_Wat,537.2342192
6,Sample_S19S_0012_Wat,537.2706002
5,Sample_S19S_0012_Wat,539.0468046
18,Sample_S19S_0012_Wat,539.0679143
21,Sample_S19S_0012_Wat,539.1042196
29,Sample_S19S_0012_Wat,539.1405618
9,Sample_S19S_0012_Wat,539.1688297
6,Sample_S19S_0012_Wat,539.1768779
3,Sample_S19S_0012_Wat,539.2051955
1,Sample_S19S_0012_Wat,539.2132409
2,Sample_S19S_0012_Wat,539.2416063
20,Sample_S19S_0012_Wat,540.0995053
4,Sample_S19S_0012_Wat,541.0258665
8,Sample_S19S_0012_Wat,541.0470414
20,Sample_S19S_0012_Wat,541.0623672
23,Sample_S19S_0012_Wat,541.0834882
26,Sample_S19S_0012_Wat,541.1199147
14,Sample_S19S_0012_Wat,541.1563515
3,Sample_S19S_0012_Wat,541.1927684
21,Sample_S19S_0012_Wat,541.2290565
7,Sample_S19S_0012_Wat,542.1514443
7,Sample_S19S_0012_Wat,542.1878502
11,Sample_S19S_0012_Wat,542.224289
4,Sample_S19S_0012_Wat,543.0418148
9,Sample_S19S_0012_Wat,543.0629181
9,Sample_S19S_0012_Wat,543.0781158
25,Sample_S19S_0012_Wat,543.1144211
18,Sample_S19S_0012_Wat,543.1355017
24,Sample_S19S_0012_Wat,543.1507543
16,Sample_S19S_0012_Wat,543.1638009
7,Sample_S19S_0012_Wat,543.2001267
12,Sample_S19S_0012_Wat,545.0571838
7,Sample_S19S_0012_Wat,545.0935509
8,Sample_S19S_0012_Wat,545.1147104
14,Sample_S19S_0012_Wat,545.1299664
3,Sample_S19S_0012_Wat,545.1432084
28,Sample_S19S_0012_Wat,545.2028931
9,Sample_S19S_0012_Wat,545.2159419
4,Sample_S19S_0012_Wat,546.0526916
12,Sample_S19S_0012_Wat,547.0364584
15,Sample_S19S_0012_Wat,547.0729547
2,Sample_S19S_0012_Wat,547.1822164
17,Sample_S19S_0012_Wat,547.2185618
6,Sample_S19S_0012_Wat,548.0683456
10,Sample_S19S_0012_Wat,549.0523077
10,Sample_S19S_0012_Wat,549.0887119
12,Sample_S19S_0012_Wat,549.1250923
12,Sample_S19S_0012_Wat,549.1896683
17,Sample_S19S_0012_Wat,551.0679996
16,Sample_S19S_0012_Wat,551.10435
26,Sample_S19S_0012_Wat,551.140683
12,Sample_S19S_0012_Wat,551.1689448
26,Sample_S19S_0012_Wat,551.1769906
16,Sample_S19S_0012_Wat,551.2133063
1,Sample_S19S_0012_Wat,551.2496307
11,Sample_S19S_0012_Wat,553.0472596
12,Sample_S19S_0012_Wat,553.0836572
14,Sample_S19S_0012_Wat,553.1199748
1,Sample_S19S_0012_Wat,553.1356502
47,Sample_S19S_0012_Wat,553.1562956
20,Sample_S19S_0012_Wat,553.1925971
4,Sample_S19S_0012_Wat,555.0417548
13,Sample_S19S_0012_Wat,555.0629131
5,Sample_S19S_0012_Wat,555.0781485
5,Sample_S19S_0012_Wat,555.0993123
6,Sample_S19S_0012_Wat,555.1356619
1,Sample_S19S_0012_Wat,555.1639967
21,Sample_S19S_0012_Wat,555.2082923
14,Sample_S19S_0012_Wat,556.1307274
10,Sample_S19S_0012_Wat,557.0572783
21,Sample_S19S_0012_Wat,557.0937315
10,Sample_S19S_0012_Wat,557.1149049
1,Sample_S19S_0012_Wat,557.1666319
9,Sample_S19S_0012_Wat,557.2522397
9,Sample_S19S_0012_Wat,559.1092427
24,Sample_S19S_0012_Wat,559.1456819
17,Sample_S19S_0012_Wat,561.0522506
18,Sample_S19S_0012_Wat,561.0885432
6,Sample_S19S_0012_Wat,561.1248442
2,Sample_S19S_0012_Wat,561.1611805
6,Sample_S19S_0012_Wat,563.0313809
23,Sample_S19S_0012_Wat,563.0679011
11,Sample_S19S_0012_Wat,563.1043787
7,Sample_S19S_0012_Wat,563.140767
4,Sample_S19S_0012_Wat,563.1771352
18,Sample_S19S_0012_Wat,563.2497644
3,Sample_S19S_0012_Wat,564.172115
3,Sample_S19S_0012_Wat,565.2208348
15,Sample_S19S_0012_Wat,565.2290122
15,Sample_S19S_0012_Wat,565.2654316
7,Sample_S19S_0012_Wat,567.1356587
13,Sample_S19S_0012_Wat,567.2083955
6,Sample_S19S_0012_Wat,567.2366591
14,Sample_S19S_0012_Wat,567.2446704
13,Sample_S19S_0012_Wat,569.0784551
9,Sample_S19S_0012_Wat,569.1510794
7,Sample_S19S_0012_Wat,569.17943
3,Sample_S19S_0012_Wat,571.0727742
1,Sample_S19S_0012_Wat,571.0939164
26,Sample_S19S_0012_Wat,571.1457131
18,Sample_S19S_0012_Wat,571.1668216
26,Sample_S19S_0012_Wat,571.1821369
14,Sample_S19S_0012_Wat,571.2395823
13,Sample_S19S_0012_Wat,573.0521883
20,Sample_S19S_0012_Wat,573.0886509
10,Sample_S19S_0012_Wat,573.1461913
5,Sample_S19S_0012_Wat,573.1615077
8,Sample_S19S_0012_Wat,575.0680122
6,Sample_S19S_0012_Wat,575.1407714
21,Sample_S19S_0012_Wat,575.1770756
29,Sample_S19S_0012_Wat,575.213398
6,Sample_S19S_0012_Wat,577.0472834
6,Sample_S19S_0012_Wat,577.0836723
38,Sample_S19S_0012_Wat,577.1563035
23,Sample_S19S_0012_Wat,577.1926143
9,Sample_S19S_0012_Wat,579.0629358
13,Sample_S19S_0012_Wat,579.0992643
27,Sample_S19S_0012_Wat,579.1355972
32,Sample_S19S_0012_Wat,579.1719274
18,Sample_S19S_0012_Wat,579.2082488
1,Sample_S19S_0012_Wat,581.0421606
8,Sample_S19S_0012_Wat,581.0785526
17,Sample_S19S_0012_Wat,581.1148894
34,Sample_S19S_0012_Wat,581.1512226
24,Sample_S19S_0012_Wat,581.1875335
14,Sample_S19S_0012_Wat,581.2238624
2,Sample_S19S_0012_Wat,583.094266
9,Sample_S19S_0012_Wat,583.1306046
14,Sample_S19S_0012_Wat,583.1669172
5,Sample_S19S_0012_Wat,583.1952442
18,Sample_S19S_0012_Wat,583.2032587
11,Sample_S19S_0012_Wat,583.2395225
9,Sample_S19S_0012_Wat,585.0734724
7,Sample_S19S_0012_Wat,585.0886953
5,Sample_S19S_0012_Wat,585.1098543
2,Sample_S19S_0012_Wat,585.1462879
5,Sample_S19S_0012_Wat,585.1615059
2,Sample_S19S_0012_Wat,585.1826784
2,Sample_S19S_0012_Wat,587.06769
15,Sample_S19S_0012_Wat,587.2134744
5,Sample_S19S_0012_Wat,589.0833727
1,Sample_S19S_0012_Wat,591.0266289
12,Sample_S19S_0012_Wat,591.0629191
6,Sample_S19S_0012_Wat,591.0993225
4,Sample_S19S_0012_Wat,591.135742
13,Sample_S19S_0012_Wat,591.2083514
9,Sample_S19S_0012_Wat,591.2446301
14,Sample_S19S_0012_Wat,593.2240288
15,Sample_S19S_0012_Wat,595.130396
11,Sample_S19S_0012_Wat,597.1460191
23,Sample_S19S_0012_Wat,597.1824999
15,Sample_S19S_0012_Wat,597.2107701
27,Sample_S19S_0012_Wat,597.2188862
1,Sample_S19S_0012_Wat,599.0681022
8,Sample_S19S_0012_Wat,599.1981029
12,Sample_S19S_0012_Wat,605.0785609
4,Sample_S19S_0012_Wat,605.1149751
2,Sample_S19S_0012_Wat,605.1513953
12,Sample_S19S_0012_Wat,605.2602478
8,Sample_S19S_0012_Wat,607.0578335
23,Sample_S19S_0012_Wat,607.1304892
25,Sample_S19S_0012_Wat,607.1667845
1,Sample_S19S_0012_Wat,609.1459321
4,Sample_S19S_0012_Wat,613.0681488
3,Sample_S19S_0012_Wat,619.130318
1,Sample_S19S_0012_Wat,619.1666544
9,Sample_S19S_0012_Wat,621.073506
11,Sample_S19S_0012_Wat,621.1098264
8,Sample_S19S_0012_Wat,621.1461897
13,Sample_S19S_0012_Wat,621.218773
11,Sample_S19S_0012_Wat,623.0891397
3,Sample_S19S_0012_Wat,623.1255649
2,Sample_S19S_0012_Wat,623.1983716
1,Sample_S19S_0012_Wat,623.2347542
10,Sample_S19S_0012_Wat,625.1773321
7,Sample_S19S_0012_Wat,627.0626552
1,Sample_S19S_0012_Wat,629.079116
16,Sample_S19S_0012_Wat,629.1876222
4,Sample_S19S_0012_Wat,639.1932429
6,Sample_S19S_0012_Wat,661.1775206
11,Sample_S19S_0012_Wat,661.2138611
13,Sample_S19S_0012_Wat,663.2295158
8,Sample_S19S_0012_Wat,665.0996001
1,Sample_S19S_0012_Wat,665.2089152
4,Sample_S19S_0012_Wat,675.0837408
10,Sample_S19S_0012_Wat,677.1360814
3,Sample_S19S_0012_Wat,677.2088861
3,Sample_S19S_0012_Wat,691.1870038
2,Sample_S19S_0012_Wat,703.0787189
1,Sample_S19S_0012_Wat,705.0934587
