num.trans.involved.in,sample,peak
36,Sample_S19S_0076_Wat,201.0404313
32,Sample_S19S_0076_Wat,201.0768122
26,Sample_S19S_0076_Wat,201.1131969
21,Sample_S19S_0076_Wat,204.0302084
31,Sample_S19S_0076_Wat,205.0142188
29,Sample_S19S_0076_Wat,205.0505947
10,Sample_S19S_0076_Wat,205.1597578
42,Sample_S19S_0076_Wat,207.0298709
40,Sample_S19S_0076_Wat,207.066249
17,Sample_S19S_0076_Wat,209.0091207
42,Sample_S19S_0076_Wat,209.0455114
38,Sample_S19S_0076_Wat,209.0818981
15,Sample_S19S_0076_Wat,210.0771409
54,Sample_S19S_0076_Wat,211.0247874
56,Sample_S19S_0076_Wat,211.0611736
36,Sample_S19S_0076_Wat,211.097555
26,Sample_S19S_0076_Wat,211.1339377
17,Sample_S19S_0076_Wat,212.0564229
33,Sample_S19S_0076_Wat,213.0404285
47,Sample_S19S_0076_Wat,213.0768216
27,Sample_S19S_0076_Wat,213.1132092
14,Sample_S19S_0076_Wat,214.0720739
37,Sample_S19S_0076_Wat,215.0560786
41,Sample_S19S_0076_Wat,215.0924726
23,Sample_S19S_0076_Wat,215.1288446
15,Sample_S19S_0076_Wat,217.0505866
42,Sample_S19S_0076_Wat,217.0717431
33,Sample_S19S_0076_Wat,217.1081169
45,Sample_S19S_0076_Wat,219.0298823
16,Sample_S19S_0076_Wat,219.0662407
25,Sample_S19S_0076_Wat,221.0091259
44,Sample_S19S_0076_Wat,221.0455191
22,Sample_S19S_0076_Wat,221.0818912
25,Sample_S19S_0076_Wat,221.1182865
7,Sample_S19S_0076_Wat,222.0407486
13,Sample_S19S_0076_Wat,222.0771399
52,Sample_S19S_0076_Wat,223.0247931
24,Sample_S19S_0076_Wat,223.0611523
47,Sample_S19S_0076_Wat,223.0975605
9,Sample_S19S_0076_Wat,224.092781
14,Sample_S19S_0076_Wat,225.0040321
80,Sample_S19S_0076_Wat,225.0404494
57,Sample_S19S_0076_Wat,225.0768195
17,Sample_S19S_0076_Wat,225.1131873
29,Sample_S19S_0076_Wat,226.072077
25,Sample_S19S_0076_Wat,227.0196895
42,Sample_S19S_0076_Wat,227.056079
49,Sample_S19S_0076_Wat,227.092466
30,Sample_S19S_0076_Wat,227.1288722
46,Sample_S19S_0076_Wat,229.0353497
46,Sample_S19S_0076_Wat,229.0717413
35,Sample_S19S_0076_Wat,229.1081151
22,Sample_S19S_0076_Wat,229.14452
38,Sample_S19S_0076_Wat,231.0298777
45,Sample_S19S_0076_Wat,231.051012
46,Sample_S19S_0076_Wat,231.0873835
16,Sample_S19S_0076_Wat,231.1237543
45,Sample_S19S_0076_Wat,233.0455307
40,Sample_S19S_0076_Wat,233.0819208
11,Sample_S19S_0076_Wat,233.1546845
5,Sample_S19S_0076_Wat,234.0407445
50,Sample_S19S_0076_Wat,235.0247912
61,Sample_S19S_0076_Wat,235.0611873
41,Sample_S19S_0076_Wat,235.0975749
26,Sample_S19S_0076_Wat,235.1339408
37,Sample_S19S_0076_Wat,237.0040579
53,Sample_S19S_0076_Wat,237.0404421
68,Sample_S19S_0076_Wat,237.0768351
40,Sample_S19S_0076_Wat,237.1132227
13,Sample_S19S_0076_Wat,238.0356696
25,Sample_S19S_0076_Wat,238.0720655
1,Sample_S19S_0076_Wat,238.9629644
71,Sample_S19S_0076_Wat,239.0197221
96,Sample_S19S_0076_Wat,239.0561117
9,Sample_S19S_0076_Wat,239.0673352
93,Sample_S19S_0076_Wat,239.092497
44,Sample_S19S_0076_Wat,239.1288753
31,Sample_S19S_0076_Wat,240.0513448
81,Sample_S19S_0076_Wat,241.03537
54,Sample_S19S_0076_Wat,241.0717422
36,Sample_S19S_0076_Wat,241.1081087
26,Sample_S19S_0076_Wat,241.1445007
47,Sample_S19S_0076_Wat,242.0670034
16,Sample_S19S_0076_Wat,242.139775
5,Sample_S19S_0076_Wat,242.1761465
80,Sample_S19S_0076_Wat,243.0510224
45,Sample_S19S_0076_Wat,243.0873816
23,Sample_S19S_0076_Wat,243.1237626
49,Sample_S19S_0076_Wat,245.0302737
77,Sample_S19S_0076_Wat,245.0455587
8,Sample_S19S_0076_Wat,245.0489119
88,Sample_S19S_0076_Wat,245.0666847
50,Sample_S19S_0076_Wat,245.0819342
64,Sample_S19S_0076_Wat,245.1030642
49,Sample_S19S_0076_Wat,247.024801
72,Sample_S19S_0076_Wat,247.0612011
71,Sample_S19S_0076_Wat,247.0823368
72,Sample_S19S_0076_Wat,247.0975945
37,Sample_S19S_0076_Wat,248.0564361
49,Sample_S19S_0076_Wat,249.0040636
3,Sample_S19S_0076_Wat,249.0227066
80,Sample_S19S_0076_Wat,249.0404675
86,Sample_S19S_0076_Wat,249.0768527
38,Sample_S19S_0076_Wat,249.1132224
49,Sample_S19S_0076_Wat,250.07209
78,Sample_S19S_0076_Wat,251.0197332
76,Sample_S19S_0076_Wat,251.0560986
111,Sample_S19S_0076_Wat,251.0925063
48,Sample_S19S_0076_Wat,251.1289035
41,Sample_S19S_0076_Wat,252.0513612
42,Sample_S19S_0076_Wat,252.0877348
54,Sample_S19S_0076_Wat,252.9989785
103,Sample_S19S_0076_Wat,253.0353983
119,Sample_S19S_0076_Wat,253.0717756
44,Sample_S19S_0076_Wat,253.1081345
43,Sample_S19S_0076_Wat,253.1445337
34,Sample_S19S_0076_Wat,254.0670222
39,Sample_S19S_0076_Wat,254.1033853
61,Sample_S19S_0076_Wat,255.0146298
100,Sample_S19S_0076_Wat,255.0510433
115,Sample_S19S_0076_Wat,255.0874163
43,Sample_S19S_0076_Wat,255.1237776
38,Sample_S19S_0076_Wat,256.0826837
85,Sample_S19S_0076_Wat,257.030304
60,Sample_S19S_0076_Wat,257.0455598
102,Sample_S19S_0076_Wat,257.0666765
68,Sample_S19S_0076_Wat,257.1030521
45,Sample_S19S_0076_Wat,257.1394516
45,Sample_S19S_0076_Wat,258.0619166
55,Sample_S19S_0076_Wat,259.0248281
90,Sample_S19S_0076_Wat,259.0459547
66,Sample_S19S_0076_Wat,259.0612028
90,Sample_S19S_0076_Wat,259.0823405
57,Sample_S19S_0076_Wat,259.0975861
64,Sample_S19S_0076_Wat,259.1187072
35,Sample_S19S_0076_Wat,260.0775722
42,Sample_S19S_0076_Wat,261.0040785
65,Sample_S19S_0076_Wat,261.040468
70,Sample_S19S_0076_Wat,261.061588
91,Sample_S19S_0076_Wat,261.0768598
49,Sample_S19S_0076_Wat,261.0980071
62,Sample_S19S_0076_Wat,261.1132477
30,Sample_S19S_0076_Wat,262.0357323
51,Sample_S19S_0076_Wat,263.019721
89,Sample_S19S_0076_Wat,263.0561329
51,Sample_S19S_0076_Wat,263.0924815
7,Sample_S19S_0076_Wat,263.0958535
45,Sample_S19S_0076_Wat,263.128908
43,Sample_S19S_0076_Wat,264.0513612
41,Sample_S19S_0076_Wat,264.087752
56,Sample_S19S_0076_Wat,264.9989861
92,Sample_S19S_0076_Wat,265.0353938
85,Sample_S19S_0076_Wat,265.0717855
99,Sample_S19S_0076_Wat,265.1081545
38,Sample_S19S_0076_Wat,265.1445692
2,Sample_S19S_0076_Wat,265.1479151
39,Sample_S19S_0076_Wat,266.0306266
52,Sample_S19S_0076_Wat,266.0670361
30,Sample_S19S_0076_Wat,266.1034196
1,Sample_S19S_0076_Wat,266.9942715
74,Sample_S19S_0076_Wat,267.0146829
119,Sample_S19S_0076_Wat,267.0510336
100,Sample_S19S_0076_Wat,267.0874299
88,Sample_S19S_0076_Wat,267.123805
39,Sample_S19S_0076_Wat,267.1601848
53,Sample_S19S_0076_Wat,268.0462977
54,Sample_S19S_0076_Wat,268.08266
78,Sample_S19S_0076_Wat,269.0303205
10,Sample_S19S_0076_Wat,269.0455202
126,Sample_S19S_0076_Wat,269.0666802
101,Sample_S19S_0076_Wat,269.1030627
48,Sample_S19S_0076_Wat,269.1394657
52,Sample_S19S_0076_Wat,270.0619439
49,Sample_S19S_0076_Wat,270.0983057
80,Sample_S19S_0076_Wat,271.0459737
24,Sample_S19S_0076_Wat,271.061176
99,Sample_S19S_0076_Wat,271.0823212
83,Sample_S19S_0076_Wat,271.118718
26,Sample_S19S_0076_Wat,271.1551343
46,Sample_S19S_0076_Wat,272.0412153
45,Sample_S19S_0076_Wat,272.0775888
67,Sample_S19S_0076_Wat,273.0252099
62,Sample_S19S_0076_Wat,273.040478
82,Sample_S19S_0076_Wat,273.061591
78,Sample_S19S_0076_Wat,273.0768603
76,Sample_S19S_0076_Wat,273.0979879
56,Sample_S19S_0076_Wat,273.1132445
33,Sample_S19S_0076_Wat,273.1343844
66,Sample_S19S_0076_Wat,275.0197425
72,Sample_S19S_0076_Wat,275.0408652
77,Sample_S19S_0076_Wat,275.0561155
17,Sample_S19S_0076_Wat,275.0594984
82,Sample_S19S_0076_Wat,275.0772487
81,Sample_S19S_0076_Wat,275.0925149
67,Sample_S19S_0076_Wat,275.1136274
54,Sample_S19S_0076_Wat,275.1288873
31,Sample_S19S_0076_Wat,276.0513913
22,Sample_S19S_0076_Wat,276.0725557
22,Sample_S19S_0076_Wat,276.0877174
60,Sample_S19S_0076_Wat,276.9990278
89,Sample_S19S_0076_Wat,277.0354157
88,Sample_S19S_0076_Wat,277.0717892
89,Sample_S19S_0076_Wat,277.1081544
56,Sample_S19S_0076_Wat,277.1445377
34,Sample_S19S_0076_Wat,278.0306345
49,Sample_S19S_0076_Wat,278.0670289
25,Sample_S19S_0076_Wat,278.0881845
37,Sample_S19S_0076_Wat,278.1034322
46,Sample_S19S_0076_Wat,279.0146331
93,Sample_S19S_0076_Wat,279.0510516
15,Sample_S19S_0076_Wat,279.0622836
64,Sample_S19S_0076_Wat,279.0874539
2,Sample_S19S_0076_Wat,279.0908266
63,Sample_S19S_0076_Wat,279.1238221
43,Sample_S19S_0076_Wat,279.160186
49,Sample_S19S_0076_Wat,280.0463018
55,Sample_S19S_0076_Wat,280.0826921
89,Sample_S19S_0076_Wat,281.0303339
118,Sample_S19S_0076_Wat,281.0666829
21,Sample_S19S_0076_Wat,281.0779309
71,Sample_S19S_0076_Wat,281.1030502
70,Sample_S19S_0076_Wat,281.1394597
43,Sample_S19S_0076_Wat,282.0983548
69,Sample_S19S_0076_Wat,283.0095898
113,Sample_S19S_0076_Wat,283.0459554
79,Sample_S19S_0076_Wat,283.0823169
108,Sample_S19S_0076_Wat,283.118715
40,Sample_S19S_0076_Wat,283.1551309
44,Sample_S19S_0076_Wat,284.0412345
59,Sample_S19S_0076_Wat,284.0776208
75,Sample_S19S_0076_Wat,285.025228
47,Sample_S19S_0076_Wat,285.0404866
86,Sample_S19S_0076_Wat,285.0616357
52,Sample_S19S_0076_Wat,285.0768513
39,Sample_S19S_0076_Wat,285.0980306
9,Sample_S19S_0076_Wat,285.1262347
57,Sample_S19S_0076_Wat,285.1343948
40,Sample_S19S_0076_Wat,286.0568589
45,Sample_S19S_0076_Wat,286.0932539
56,Sample_S19S_0076_Wat,287.0197477
73,Sample_S19S_0076_Wat,287.0408776
61,Sample_S19S_0076_Wat,287.0561351
4,Sample_S19S_0076_Wat,287.0595327
92,Sample_S19S_0076_Wat,287.0772537
64,Sample_S19S_0076_Wat,287.0925228
17,Sample_S19S_0076_Wat,287.0958808
83,Sample_S19S_0076_Wat,287.1136282
43,Sample_S19S_0076_Wat,287.1289021
51,Sample_S19S_0076_Wat,287.150015
41,Sample_S19S_0076_Wat,288.0725046
34,Sample_S19S_0076_Wat,288.1089115
72,Sample_S19S_0076_Wat,289.0354029
79,Sample_S19S_0076_Wat,289.0565242
96,Sample_S19S_0076_Wat,289.0717704
71,Sample_S19S_0076_Wat,289.0929075
64,Sample_S19S_0076_Wat,289.1081489
61,Sample_S19S_0076_Wat,289.1292776
51,Sample_S19S_0076_Wat,289.1445478
10,Sample_S19S_0076_Wat,290.0305978
19,Sample_S19S_0076_Wat,290.0669883
14,Sample_S19S_0076_Wat,290.0882083
8,Sample_S19S_0076_Wat,290.1245994
64,Sample_S19S_0076_Wat,291.0146759
92,Sample_S19S_0076_Wat,291.0510416
71,Sample_S19S_0076_Wat,291.0721692
84,Sample_S19S_0076_Wat,291.0874132
11,Sample_S19S_0076_Wat,291.0986884
66,Sample_S19S_0076_Wat,291.1237966
33,Sample_S19S_0076_Wat,292.0462633
25,Sample_S19S_0076_Wat,292.0674445
1,Sample_S19S_0076_Wat,292.2129776
84,Sample_S19S_0076_Wat,293.0303357
92,Sample_S19S_0076_Wat,293.0667099
17,Sample_S19S_0076_Wat,293.0779374
107,Sample_S19S_0076_Wat,293.1030793
77,Sample_S19S_0076_Wat,293.1394564
15,Sample_S19S_0076_Wat,293.1757942
46,Sample_S19S_0076_Wat,294.0619153
51,Sample_S19S_0076_Wat,294.098304
53,Sample_S19S_0076_Wat,295.0095496
93,Sample_S19S_0076_Wat,295.0459444
9,Sample_S19S_0076_Wat,295.0572284
119,Sample_S19S_0076_Wat,295.0823376
4,Sample_S19S_0076_Wat,295.093638
114,Sample_S19S_0076_Wat,295.1187213
55,Sample_S19S_0076_Wat,295.1550986
33,Sample_S19S_0076_Wat,296.0411763
54,Sample_S19S_0076_Wat,296.0775656
40,Sample_S19S_0076_Wat,296.1139469
82,Sample_S19S_0076_Wat,297.025237
97,Sample_S19S_0076_Wat,297.0616262
18,Sample_S19S_0076_Wat,297.0728378
71,Sample_S19S_0076_Wat,297.0980154
43,Sample_S19S_0076_Wat,297.1344063
2,Sample_S19S_0076_Wat,297.1529844
21,Sample_S19S_0076_Wat,297.1707937
61,Sample_S19S_0076_Wat,298.0568737
56,Sample_S19S_0076_Wat,298.0932671
35,Sample_S19S_0076_Wat,298.1296449
78,Sample_S19S_0076_Wat,299.0408894
58,Sample_S19S_0076_Wat,299.05613
103,Sample_S19S_0076_Wat,299.0772616
48,Sample_S19S_0076_Wat,299.0924991
81,Sample_S19S_0076_Wat,299.1136455
66,Sample_S19S_0076_Wat,299.1500243
58,Sample_S19S_0076_Wat,300.0725
42,Sample_S19S_0076_Wat,300.1089049
61,Sample_S19S_0076_Wat,301.0201601
63,Sample_S19S_0076_Wat,301.0353903
75,Sample_S19S_0076_Wat,301.0565488
48,Sample_S19S_0076_Wat,301.071792
20,Sample_S19S_0076_Wat,301.0751454
65,Sample_S19S_0076_Wat,301.092932
33,Sample_S19S_0076_Wat,301.1081829
52,Sample_S19S_0076_Wat,301.129318
34,Sample_S19S_0076_Wat,301.1445638
35,Sample_S19S_0076_Wat,301.1656955
40,Sample_S19S_0076_Wat,302.0670162
32,Sample_S19S_0076_Wat,302.0881947
24,Sample_S19S_0076_Wat,302.1245742
53,Sample_S19S_0076_Wat,303.0146906
63,Sample_S19S_0076_Wat,303.0357821
72,Sample_S19S_0076_Wat,303.0510433
26,Sample_S19S_0076_Wat,303.0544081
82,Sample_S19S_0076_Wat,303.0721573
68,Sample_S19S_0076_Wat,303.0874395
22,Sample_S19S_0076_Wat,303.0907893
85,Sample_S19S_0076_Wat,303.1085414
58,Sample_S19S_0076_Wat,303.1238249
54,Sample_S19S_0076_Wat,303.1449308
34,Sample_S19S_0076_Wat,303.1602155
38,Sample_S19S_0076_Wat,304.0462877
29,Sample_S19S_0076_Wat,304.0674332
46,Sample_S19S_0076_Wat,304.0826613
31,Sample_S19S_0076_Wat,304.1038383
80,Sample_S19S_0076_Wat,305.0303157
44,Sample_S19S_0076_Wat,305.0514118
102,Sample_S19S_0076_Wat,305.0666877
20,Sample_S19S_0076_Wat,305.0700613
6,Sample_S19S_0076_Wat,305.0779953
44,Sample_S19S_0076_Wat,305.087829
85,Sample_S19S_0076_Wat,305.1030852
1,Sample_S19S_0076_Wat,305.1143903
63,Sample_S19S_0076_Wat,305.1394662
20,Sample_S19S_0076_Wat,306.0831168
52,Sample_S19S_0076_Wat,306.0983427
7,Sample_S19S_0076_Wat,306.1195211
48,Sample_S19S_0076_Wat,307.0095853
100,Sample_S19S_0076_Wat,307.0459779
69,Sample_S19S_0076_Wat,307.0823737
18,Sample_S19S_0076_Wat,307.0936059
49,Sample_S19S_0076_Wat,307.1187572
40,Sample_S19S_0076_Wat,307.1551342
60,Sample_S19S_0076_Wat,308.0412303
59,Sample_S19S_0076_Wat,308.0775973
5,Sample_S19S_0076_Wat,308.098784
50,Sample_S19S_0076_Wat,308.1139545
87,Sample_S19S_0076_Wat,309.0252469
121,Sample_S19S_0076_Wat,309.0616036
18,Sample_S19S_0076_Wat,309.0728691
113,Sample_S19S_0076_Wat,309.0979773
87,Sample_S19S_0076_Wat,309.1343649
40,Sample_S19S_0076_Wat,309.1707647
1,Sample_S19S_0076_Wat,309.1741269
53,Sample_S19S_0076_Wat,310.0568411
58,Sample_S19S_0076_Wat,310.0932206
49,Sample_S19S_0076_Wat,310.1296176
91,Sample_S19S_0076_Wat,311.0408991
102,Sample_S19S_0076_Wat,311.0772659
22,Sample_S19S_0076_Wat,311.0885065
14,Sample_S19S_0076_Wat,311.105537
127,Sample_S19S_0076_Wat,311.1136352
72,Sample_S19S_0076_Wat,311.1500195
39,Sample_S19S_0076_Wat,312.0361043
61,Sample_S19S_0076_Wat,312.0725103
59,Sample_S19S_0076_Wat,313.0201379
39,Sample_S19S_0076_Wat,313.0353909
85,Sample_S19S_0076_Wat,313.0565398
35,Sample_S19S_0076_Wat,313.071764
85,Sample_S19S_0076_Wat,313.0929245
74,Sample_S19S_0076_Wat,313.1293014
58,Sample_S19S_0076_Wat,314.0517902
67,Sample_S19S_0076_Wat,314.0881771
46,Sample_S19S_0076_Wat,314.1245573
43,Sample_S19S_0076_Wat,315.0146824
72,Sample_S19S_0076_Wat,315.035781
66,Sample_S19S_0076_Wat,315.0510397
79,Sample_S19S_0076_Wat,315.0721791
33,Sample_S19S_0076_Wat,315.0873994
66,Sample_S19S_0076_Wat,315.1085755
60,Sample_S19S_0076_Wat,315.1238052
49,Sample_S19S_0076_Wat,315.1449559
37,Sample_S19S_0076_Wat,315.1602065
25,Sample_S19S_0076_Wat,315.1813307
33,Sample_S19S_0076_Wat,316.0463145
41,Sample_S19S_0076_Wat,316.0674166
51,Sample_S19S_0076_Wat,316.1038062
66,Sample_S19S_0076_Wat,317.0303382
73,Sample_S19S_0076_Wat,317.0514233
79,Sample_S19S_0076_Wat,317.0666936
18,Sample_S19S_0076_Wat,317.0700656
93,Sample_S19S_0076_Wat,317.0878157
60,Sample_S19S_0076_Wat,317.1030588
49,Sample_S19S_0076_Wat,317.124227
63,Sample_S19S_0076_Wat,317.1394552
33,Sample_S19S_0076_Wat,317.1606071
18,Sample_S19S_0076_Wat,318.0255948
50,Sample_S19S_0076_Wat,318.0619419
21,Sample_S19S_0076_Wat,318.0831173
22,Sample_S19S_0076_Wat,318.1194966
43,Sample_S19S_0076_Wat,319.009608
24,Sample_S19S_0076_Wat,319.0460069
3,Sample_S19S_0076_Wat,319.0493681
46,Sample_S19S_0076_Wat,319.0670953
78,Sample_S19S_0076_Wat,319.0823624
23,Sample_S19S_0076_Wat,319.0857041
39,Sample_S19S_0076_Wat,319.103481
88,Sample_S19S_0076_Wat,319.1187158
54,Sample_S19S_0076_Wat,319.1551015
48,Sample_S19S_0076_Wat,320.0412195
9,Sample_S19S_0076_Wat,320.0623999
45,Sample_S19S_0076_Wat,320.0776287
20,Sample_S19S_0076_Wat,320.0987676
19,Sample_S19S_0076_Wat,320.1140206
19,Sample_S19S_0076_Wat,320.1351354
70,Sample_S19S_0076_Wat,321.0252313
78,Sample_S19S_0076_Wat,321.0616406
4,Sample_S19S_0076_Wat,321.0649964
45,Sample_S19S_0076_Wat,321.0980285
2,Sample_S19S_0076_Wat,321.1093021
71,Sample_S19S_0076_Wat,321.1343949
43,Sample_S19S_0076_Wat,321.1707672
59,Sample_S19S_0076_Wat,322.0568903
65,Sample_S19S_0076_Wat,322.0932669
10,Sample_S19S_0076_Wat,322.1144282
53,Sample_S19S_0076_Wat,323.0044879
82,Sample_S19S_0076_Wat,323.0408542
111,Sample_S19S_0076_Wat,323.0772527
24,Sample_S19S_0076_Wat,323.0884973
61,Sample_S19S_0076_Wat,323.1136726
16,Sample_S19S_0076_Wat,323.1249109
58,Sample_S19S_0076_Wat,323.1500462
32,Sample_S19S_0076_Wat,323.1864241
47,Sample_S19S_0076_Wat,324.0361498
64,Sample_S19S_0076_Wat,324.0725027
57,Sample_S19S_0076_Wat,324.108871
22,Sample_S19S_0076_Wat,325.0201894
95,Sample_S19S_0076_Wat,325.0565425
5,Sample_S19S_0076_Wat,325.0678176
117,Sample_S19S_0076_Wat,325.0928926
24,Sample_S19S_0076_Wat,325.1041654
84,Sample_S19S_0076_Wat,325.1292996
42,Sample_S19S_0076_Wat,325.1657004
1,Sample_S19S_0076_Wat,325.1842438
46,Sample_S19S_0076_Wat,326.0518083
67,Sample_S19S_0076_Wat,326.0881656
53,Sample_S19S_0076_Wat,326.1245662
31,Sample_S19S_0076_Wat,327.0146798
75,Sample_S19S_0076_Wat,327.035782
7,Sample_S19S_0076_Wat,327.0543882
79,Sample_S19S_0076_Wat,327.0722018
25,Sample_S19S_0076_Wat,327.0834311
55,Sample_S19S_0076_Wat,327.0874372
78,Sample_S19S_0076_Wat,327.1085831
66,Sample_S19S_0076_Wat,327.1449492
50,Sample_S19S_0076_Wat,328.067419
60,Sample_S19S_0076_Wat,328.1037984
17,Sample_S19S_0076_Wat,329.0151141
52,Sample_S19S_0076_Wat,329.0303285
50,Sample_S19S_0076_Wat,329.0514722
27,Sample_S19S_0076_Wat,329.0667319
26,Sample_S19S_0076_Wat,329.0700573
109,Sample_S19S_0076_Wat,329.0878075
55,Sample_S19S_0076_Wat,329.1030905
16,Sample_S19S_0076_Wat,329.1064332
66,Sample_S19S_0076_Wat,329.1242163
1,Sample_S19S_0076_Wat,329.152419
32,Sample_S19S_0076_Wat,330.0619755
29,Sample_S19S_0076_Wat,330.0831155
52,Sample_S19S_0076_Wat,330.1194763
32,Sample_S19S_0076_Wat,331.0095615
57,Sample_S19S_0076_Wat,331.0307044
43,Sample_S19S_0076_Wat,331.0459941
16,Sample_S19S_0076_Wat,331.0493372
69,Sample_S19S_0076_Wat,331.0670688
64,Sample_S19S_0076_Wat,331.0823608
23,Sample_S19S_0076_Wat,331.0857029
51,Sample_S19S_0076_Wat,331.1034998
77,Sample_S19S_0076_Wat,331.1187275
4,Sample_S19S_0076_Wat,331.122066
22,Sample_S19S_0076_Wat,331.1399002
15,Sample_S19S_0076_Wat,331.155166
37,Sample_S19S_0076_Wat,332.0412408
32,Sample_S19S_0076_Wat,332.0623668
56,Sample_S19S_0076_Wat,332.0775831
45,Sample_S19S_0076_Wat,332.0987468
26,Sample_S19S_0076_Wat,332.1351167
30,Sample_S19S_0076_Wat,333.0252702
39,Sample_S19S_0076_Wat,333.0463704
42,Sample_S19S_0076_Wat,333.0616512
4,Sample_S19S_0076_Wat,333.0650225
42,Sample_S19S_0076_Wat,333.08277
81,Sample_S19S_0076_Wat,333.0980074
15,Sample_S19S_0076_Wat,333.1013488
11,Sample_S19S_0076_Wat,333.1191757
35,Sample_S19S_0076_Wat,333.1344131
27,Sample_S19S_0076_Wat,333.1707943
22,Sample_S19S_0076_Wat,333.2071238
55,Sample_S19S_0076_Wat,334.0568812
24,Sample_S19S_0076_Wat,334.0780188
41,Sample_S19S_0076_Wat,334.0932769
13,Sample_S19S_0076_Wat,334.1144217
38,Sample_S19S_0076_Wat,335.004499
58,Sample_S19S_0076_Wat,335.0409093
91,Sample_S19S_0076_Wat,335.0772597
17,Sample_S19S_0076_Wat,335.0806299
57,Sample_S19S_0076_Wat,335.1136067
65,Sample_S19S_0076_Wat,335.150042
37,Sample_S19S_0076_Wat,335.1864245
1,Sample_S19S_0076_Wat,335.2358032
22,Sample_S19S_0076_Wat,336.0361684
28,Sample_S19S_0076_Wat,336.0725571
2,Sample_S19S_0076_Wat,336.0937181
58,Sample_S19S_0076_Wat,336.1089144
3,Sample_S19S_0076_Wat,336.1301036
66,Sample_S19S_0076_Wat,337.0201415
63,Sample_S19S_0076_Wat,337.0564852
15,Sample_S19S_0076_Wat,337.0695448
109,Sample_S19S_0076_Wat,337.0929176
5,Sample_S19S_0076_Wat,337.1041904
107,Sample_S19S_0076_Wat,337.1292866
58,Sample_S19S_0076_Wat,337.1656867
14,Sample_S19S_0076_Wat,338.0518396
71,Sample_S19S_0076_Wat,338.0881798
3,Sample_S19S_0076_Wat,338.1093609
45,Sample_S19S_0076_Wat,338.1245766
71,Sample_S19S_0076_Wat,339.0357996
117,Sample_S19S_0076_Wat,339.0721726
5,Sample_S19S_0076_Wat,339.0834699
121,Sample_S19S_0076_Wat,339.1085453
23,Sample_S19S_0076_Wat,339.1198231
38,Sample_S19S_0076_Wat,339.1449816
40,Sample_S19S_0076_Wat,339.1813533
19,Sample_S19S_0076_Wat,340.0674792
59,Sample_S19S_0076_Wat,340.1038147
57,Sample_S19S_0076_Wat,341.0150623
27,Sample_S19S_0076_Wat,341.0302897
79,Sample_S19S_0076_Wat,341.0514621
29,Sample_S19S_0076_Wat,341.0667303
116,Sample_S19S_0076_Wat,341.0878109
23,Sample_S19S_0076_Wat,341.1031062
37,Sample_S19S_0076_Wat,341.12425
51,Sample_S19S_0076_Wat,341.1606173
41,Sample_S19S_0076_Wat,342.0467143
62,Sample_S19S_0076_Wat,342.0830768
50,Sample_S19S_0076_Wat,342.1194926
18,Sample_S19S_0076_Wat,343.0096148
61,Sample_S19S_0076_Wat,343.0307124
49,Sample_S19S_0076_Wat,343.0459579
6,Sample_S19S_0076_Wat,343.0492868
56,Sample_S19S_0076_Wat,343.067113
19,Sample_S19S_0076_Wat,343.0823925
24,Sample_S19S_0076_Wat,343.0857039
104,Sample_S19S_0076_Wat,343.1034685
41,Sample_S19S_0076_Wat,343.1187422
16,Sample_S19S_0076_Wat,343.1399075
39,Sample_S19S_0076_Wat,343.1762631
48,Sample_S19S_0076_Wat,344.0623517
38,Sample_S19S_0076_Wat,344.0987606
2,Sample_S19S_0076_Wat,344.1350437
52,Sample_S19S_0076_Wat,345.0252491
57,Sample_S19S_0076_Wat,345.0463327
67,Sample_S19S_0076_Wat,345.0616254
19,Sample_S19S_0076_Wat,345.0649742
57,Sample_S19S_0076_Wat,345.0827674
63,Sample_S19S_0076_Wat,345.0980089
9,Sample_S19S_0076_Wat,345.1013399
57,Sample_S19S_0076_Wat,345.1191373
21,Sample_S19S_0076_Wat,345.1344288
29,Sample_S19S_0076_Wat,345.1555412
47,Sample_S19S_0076_Wat,345.170772
32,Sample_S19S_0076_Wat,346.0569005
34,Sample_S19S_0076_Wat,346.07802
54,Sample_S19S_0076_Wat,346.0932318
42,Sample_S19S_0076_Wat,346.1143644
18,Sample_S19S_0076_Wat,346.1507606
45,Sample_S19S_0076_Wat,347.0045152
69,Sample_S19S_0076_Wat,347.0408756
42,Sample_S19S_0076_Wat,347.0620279
99,Sample_S19S_0076_Wat,347.0772564
8,Sample_S19S_0076_Wat,347.0805924
28,Sample_S19S_0076_Wat,347.0903002
66,Sample_S19S_0076_Wat,347.0983726
43,Sample_S19S_0076_Wat,347.1136821
21,Sample_S19S_0076_Wat,347.1170036
24,Sample_S19S_0076_Wat,347.1348045
72,Sample_S19S_0076_Wat,347.1500262
13,Sample_S19S_0076_Wat,347.1864695
33,Sample_S19S_0076_Wat,348.0361356
25,Sample_S19S_0076_Wat,348.0725611
60,Sample_S19S_0076_Wat,348.1089104
14,Sample_S19S_0076_Wat,348.1300774
62,Sample_S19S_0076_Wat,349.0201636
26,Sample_S19S_0076_Wat,349.0564693
81,Sample_S19S_0076_Wat,349.0929209
3,Sample_S19S_0076_Wat,349.0962266
22,Sample_S19S_0076_Wat,349.1059291
86,Sample_S19S_0076_Wat,349.129303
63,Sample_S19S_0076_Wat,349.1656793
13,Sample_S19S_0076_Wat,349.2021049
18,Sample_S19S_0076_Wat,350.0518357
20,Sample_S19S_0076_Wat,350.072928
70,Sample_S19S_0076_Wat,350.0881844
20,Sample_S19S_0076_Wat,350.1245924
16,Sample_S19S_0076_Wat,350.1457077
72,Sample_S19S_0076_Wat,351.0357871
85,Sample_S19S_0076_Wat,351.0721501
53,Sample_S19S_0076_Wat,351.1085115
24,Sample_S19S_0076_Wat,351.121581
47,Sample_S19S_0076_Wat,351.1449775
44,Sample_S19S_0076_Wat,351.1813076
15,Sample_S19S_0076_Wat,351.2177372
23,Sample_S19S_0076_Wat,352.0674721
60,Sample_S19S_0076_Wat,352.1038206
28,Sample_S19S_0076_Wat,352.140233
50,Sample_S19S_0076_Wat,353.0514753
113,Sample_S19S_0076_Wat,353.0878166
14,Sample_S19S_0076_Wat,353.0990962
12,Sample_S19S_0076_Wat,353.1008561
78,Sample_S19S_0076_Wat,353.124233
48,Sample_S19S_0076_Wat,353.1605629
31,Sample_S19S_0076_Wat,353.1970034
44,Sample_S19S_0076_Wat,354.0467104
68,Sample_S19S_0076_Wat,354.0830704
56,Sample_S19S_0076_Wat,354.1194893
60,Sample_S19S_0076_Wat,355.0306981
37,Sample_S19S_0076_Wat,355.0459559
79,Sample_S19S_0076_Wat,355.0671162
5,Sample_S19S_0076_Wat,355.0824171
105,Sample_S19S_0076_Wat,355.1034699
25,Sample_S19S_0076_Wat,355.1399086
45,Sample_S19S_0076_Wat,355.1762476
64,Sample_S19S_0076_Wat,356.0623586
29,Sample_S19S_0076_Wat,356.0987693
49,Sample_S19S_0076_Wat,356.1350838
29,Sample_S19S_0076_Wat,356.1715182
29,Sample_S19S_0076_Wat,357.0251986
60,Sample_S19S_0076_Wat,357.046323
50,Sample_S19S_0076_Wat,357.061636
3,Sample_S19S_0076_Wat,357.0649448
93,Sample_S19S_0076_Wat,357.0827228
51,Sample_S19S_0076_Wat,357.0979761
24,Sample_S19S_0076_Wat,357.1110353
100,Sample_S19S_0076_Wat,357.1191097
31,Sample_S19S_0076_Wat,357.134414
65,Sample_S19S_0076_Wat,357.1554992
29,Sample_S19S_0076_Wat,357.191896
57,Sample_S19S_0076_Wat,358.077999
42,Sample_S19S_0076_Wat,359.0045133
12,Sample_S19S_0076_Wat,359.0256737
17,Sample_S19S_0076_Wat,359.0409252
13,Sample_S19S_0076_Wat,359.0442657
62,Sample_S19S_0076_Wat,359.0619959
60,Sample_S19S_0076_Wat,359.077285
28,Sample_S19S_0076_Wat,359.0806207
35,Sample_S19S_0076_Wat,359.0984239
52,Sample_S19S_0076_Wat,359.1347452
65,Sample_S19S_0076_Wat,359.1500213
38,Sample_S19S_0076_Wat,359.1711775
29,Sample_S19S_0076_Wat,360.0572322
34,Sample_S19S_0076_Wat,360.093678
42,Sample_S19S_0076_Wat,360.108919
4,Sample_S19S_0076_Wat,360.1299489
47,Sample_S19S_0076_Wat,361.0201475
52,Sample_S19S_0076_Wat,361.0412698
59,Sample_S19S_0076_Wat,361.056505
7,Sample_S19S_0076_Wat,361.0598496
19,Sample_S19S_0076_Wat,361.069538
42,Sample_S19S_0076_Wat,361.077621
76,Sample_S19S_0076_Wat,361.0929312
26,Sample_S19S_0076_Wat,361.0962708
46,Sample_S19S_0076_Wat,361.1140532
100,Sample_S19S_0076_Wat,361.1292859
34,Sample_S19S_0076_Wat,361.1423317
52,Sample_S19S_0076_Wat,361.1504109
43,Sample_S19S_0076_Wat,361.1657046
65,Sample_S19S_0076_Wat,362.0881611
19,Sample_S19S_0076_Wat,362.1093336
6,Sample_S19S_0076_Wat,362.1246138
66,Sample_S19S_0076_Wat,363.0357881
50,Sample_S19S_0076_Wat,363.0722122
8,Sample_S19S_0076_Wat,363.0755589
32,Sample_S19S_0076_Wat,363.0932688
94,Sample_S19S_0076_Wat,363.108539
2,Sample_S19S_0076_Wat,363.1118361
22,Sample_S19S_0076_Wat,363.1215932
37,Sample_S19S_0076_Wat,363.1449786
28,Sample_S19S_0076_Wat,363.1812892
40,Sample_S19S_0076_Wat,364.0310639
57,Sample_S19S_0076_Wat,364.0674047
21,Sample_S19S_0076_Wat,364.0885367
61,Sample_S19S_0076_Wat,364.1038292
59,Sample_S19S_0076_Wat,364.1401707
53,Sample_S19S_0076_Wat,365.015069
28,Sample_S19S_0076_Wat,365.0513776
12,Sample_S19S_0076_Wat,365.0644569
98,Sample_S19S_0076_Wat,365.0878382
29,Sample_S19S_0076_Wat,365.1008669
48,Sample_S19S_0076_Wat,365.1241727
19,Sample_S19S_0076_Wat,365.137244
24,Sample_S19S_0076_Wat,365.1606438
36,Sample_S19S_0076_Wat,365.1969623
73,Sample_S19S_0076_Wat,366.0830912
62,Sample_S19S_0076_Wat,366.1194629
9,Sample_S19S_0076_Wat,366.1558943
61,Sample_S19S_0076_Wat,367.0306865
96,Sample_S19S_0076_Wat,367.0671094
117,Sample_S19S_0076_Wat,367.1034613
22,Sample_S19S_0076_Wat,367.1165264
16,Sample_S19S_0076_Wat,367.1399195
49,Sample_S19S_0076_Wat,367.1762158
26,Sample_S19S_0076_Wat,367.2126519
22,Sample_S19S_0076_Wat,368.0623951
86,Sample_S19S_0076_Wat,368.0987097
55,Sample_S19S_0076_Wat,368.1351331
17,Sample_S19S_0076_Wat,369.0252119
50,Sample_S19S_0076_Wat,369.0463181
48,Sample_S19S_0076_Wat,369.061629
87,Sample_S19S_0076_Wat,369.0827443
23,Sample_S19S_0076_Wat,369.111039
30,Sample_S19S_0076_Wat,369.1190631
63,Sample_S19S_0076_Wat,369.1555194
15,Sample_S19S_0076_Wat,369.1837969
20,Sample_S19S_0076_Wat,369.1918398
62,Sample_S19S_0076_Wat,370.0779692
40,Sample_S19S_0076_Wat,370.1507341
22,Sample_S19S_0076_Wat,371.0255725
36,Sample_S19S_0076_Wat,371.0408802
75,Sample_S19S_0076_Wat,371.0620102
4,Sample_S19S_0076_Wat,371.0805043
18,Sample_S19S_0076_Wat,371.0902981
49,Sample_S19S_0076_Wat,371.0983408
47,Sample_S19S_0076_Wat,371.1136558
59,Sample_S19S_0076_Wat,371.1347918
54,Sample_S19S_0076_Wat,371.1500297
48,Sample_S19S_0076_Wat,371.171134
35,Sample_S19S_0076_Wat,372.0572277
41,Sample_S19S_0076_Wat,372.0725108
54,Sample_S19S_0076_Wat,372.1300076
29,Sample_S19S_0076_Wat,373.0201141
7,Sample_S19S_0076_Wat,373.0331394
48,Sample_S19S_0076_Wat,373.0412407
66,Sample_S19S_0076_Wat,373.0565482
8,Sample_S19S_0076_Wat,373.0599109
36,Sample_S19S_0076_Wat,373.0776886
42,Sample_S19S_0076_Wat,373.09294
7,Sample_S19S_0076_Wat,373.0962346
30,Sample_S19S_0076_Wat,373.1059583
62,Sample_S19S_0076_Wat,373.1140108
17,Sample_S19S_0076_Wat,373.1504711
16,Sample_S19S_0076_Wat,373.1657318
33,Sample_S19S_0076_Wat,373.1867821
9,Sample_S19S_0076_Wat,374.0729636
40,Sample_S19S_0076_Wat,374.1456527
22,Sample_S19S_0076_Wat,375.0358416
21,Sample_S19S_0076_Wat,375.0569615
72,Sample_S19S_0076_Wat,375.0721973
22,Sample_S19S_0076_Wat,375.0755416
28,Sample_S19S_0076_Wat,375.0852221
48,Sample_S19S_0076_Wat,375.0932745
1,Sample_S19S_0076_Wat,375.0964463
6,Sample_S19S_0076_Wat,375.1118457
35,Sample_S19S_0076_Wat,375.1297066
83,Sample_S19S_0076_Wat,375.1449442
31,Sample_S19S_0076_Wat,375.1579842
24,Sample_S19S_0076_Wat,375.1660121
31,Sample_S19S_0076_Wat,375.1812892
15,Sample_S19S_0076_Wat,375.194367
21,Sample_S19S_0076_Wat,376.031082
51,Sample_S19S_0076_Wat,376.0674564
3,Sample_S19S_0076_Wat,376.0804218
31,Sample_S19S_0076_Wat,376.1249335
33,Sample_S19S_0076_Wat,377.0150486
76,Sample_S19S_0076_Wat,377.0514538
35,Sample_S19S_0076_Wat,377.0725712
65,Sample_S19S_0076_Wat,377.0877952
5,Sample_S19S_0076_Wat,377.0911145
21,Sample_S19S_0076_Wat,377.100823
102,Sample_S19S_0076_Wat,377.1241915
28,Sample_S19S_0076_Wat,377.1372608
58,Sample_S19S_0076_Wat,377.1606102
21,Sample_S19S_0076_Wat,377.1735945
23,Sample_S19S_0076_Wat,377.1969233
18,Sample_S19S_0076_Wat,378.0466478
15,Sample_S19S_0076_Wat,378.0678072
52,Sample_S19S_0076_Wat,378.0831073
74,Sample_S19S_0076_Wat,378.1194361
51,Sample_S19S_0076_Wat,378.1558494
64,Sample_S19S_0076_Wat,379.0307221
30,Sample_S19S_0076_Wat,379.0670295
16,Sample_S19S_0076_Wat,379.0800689
118,Sample_S19S_0076_Wat,379.1034645
30,Sample_S19S_0076_Wat,379.1165229
99,Sample_S19S_0076_Wat,379.1398402
26,Sample_S19S_0076_Wat,379.1528588
63,Sample_S19S_0076_Wat,379.1762343
21,Sample_S19S_0076_Wat,379.2126518
76,Sample_S19S_0076_Wat,380.0987084
74,Sample_S19S_0076_Wat,380.1350974
71,Sample_S19S_0076_Wat,381.0463502
32,Sample_S19S_0076_Wat,381.0826619
9,Sample_S19S_0076_Wat,381.095685
106,Sample_S19S_0076_Wat,381.1191186
25,Sample_S19S_0076_Wat,381.1321708
87,Sample_S19S_0076_Wat,381.1555031
10,Sample_S19S_0076_Wat,381.1684945
38,Sample_S19S_0076_Wat,381.1918695
63,Sample_S19S_0076_Wat,382.0779661
76,Sample_S19S_0076_Wat,382.1143936
14,Sample_S19S_0076_Wat,382.1507159
28,Sample_S19S_0076_Wat,383.0255766
9,Sample_S19S_0076_Wat,383.040804
45,Sample_S19S_0076_Wat,383.0619616
43,Sample_S19S_0076_Wat,383.0772634
108,Sample_S19S_0076_Wat,383.0983806
39,Sample_S19S_0076_Wat,383.1136188
27,Sample_S19S_0076_Wat,383.1266887
38,Sample_S19S_0076_Wat,383.1347075
39,Sample_S19S_0076_Wat,383.1711132
36,Sample_S19S_0076_Wat,383.2075249
33,Sample_S19S_0076_Wat,384.0572385
66,Sample_S19S_0076_Wat,384.0936599
32,Sample_S19S_0076_Wat,384.1664077
14,Sample_S19S_0076_Wat,385.0201172
26,Sample_S19S_0076_Wat,385.0412026
39,Sample_S19S_0076_Wat,385.0564963
87,Sample_S19S_0076_Wat,385.0776412
56,Sample_S19S_0076_Wat,385.0929264
3,Sample_S19S_0076_Wat,385.0961706
41,Sample_S19S_0076_Wat,385.1139909
34,Sample_S19S_0076_Wat,385.1292595
25,Sample_S19S_0076_Wat,385.1423072
41,Sample_S19S_0076_Wat,385.1503825
45,Sample_S19S_0076_Wat,385.1656784
36,Sample_S19S_0076_Wat,385.1868285
10,Sample_S19S_0076_Wat,385.2231361
41,Sample_S19S_0076_Wat,386.0728862
8,Sample_S19S_0076_Wat,386.1012164
53,Sample_S19S_0076_Wat,386.1093009
33,Sample_S19S_0076_Wat,386.1820531
51,Sample_S19S_0076_Wat,387.0358113
27,Sample_S19S_0076_Wat,387.0568488
18,Sample_S19S_0076_Wat,387.0721252
3,Sample_S19S_0076_Wat,387.075423
21,Sample_S19S_0076_Wat,387.0851909
34,Sample_S19S_0076_Wat,387.0932457
82,Sample_S19S_0076_Wat,387.1085636
86,Sample_S19S_0076_Wat,387.1296791
19,Sample_S19S_0076_Wat,387.1579654
15,Sample_S19S_0076_Wat,387.1659841
28,Sample_S19S_0076_Wat,387.1812925
16,Sample_S19S_0076_Wat,387.19436
22,Sample_S19S_0076_Wat,388.0521812
62,Sample_S19S_0076_Wat,388.0674506
50,Sample_S19S_0076_Wat,388.1249219
27,Sample_S19S_0076_Wat,389.0150297
29,Sample_S19S_0076_Wat,389.036144
51,Sample_S19S_0076_Wat,389.051417
4,Sample_S19S_0076_Wat,389.054731
16,Sample_S19S_0076_Wat,389.0644457
23,Sample_S19S_0076_Wat,389.0724972
78,Sample_S19S_0076_Wat,389.0878118
5,Sample_S19S_0076_Wat,389.0911204
29,Sample_S19S_0076_Wat,389.1008827
35,Sample_S19S_0076_Wat,389.108981
96,Sample_S19S_0076_Wat,389.1242045
24,Sample_S19S_0076_Wat,389.1372295
18,Sample_S19S_0076_Wat,389.1452618
34,Sample_S19S_0076_Wat,389.1605387
21,Sample_S19S_0076_Wat,389.1736085
42,Sample_S19S_0076_Wat,389.1969883
28,Sample_S19S_0076_Wat,390.0466839
77,Sample_S19S_0076_Wat,390.083092
28,Sample_S19S_0076_Wat,391.0307447
49,Sample_S19S_0076_Wat,391.0670531
6,Sample_S19S_0076_Wat,391.070384
16,Sample_S19S_0076_Wat,391.0881255
52,Sample_S19S_0076_Wat,391.1034381
1,Sample_S19S_0076_Wat,391.1066925
27,Sample_S19S_0076_Wat,391.1245591
49,Sample_S19S_0076_Wat,391.1398852
19,Sample_S19S_0076_Wat,391.1528412
38,Sample_S19S_0076_Wat,391.1762035
13,Sample_S19S_0076_Wat,391.1892281
32,Sample_S19S_0076_Wat,391.212612
45,Sample_S19S_0076_Wat,392.06231
18,Sample_S19S_0076_Wat,392.0834684
71,Sample_S19S_0076_Wat,392.098752
24,Sample_S19S_0076_Wat,392.1198706
62,Sample_S19S_0076_Wat,392.1351125
44,Sample_S19S_0076_Wat,393.0463154
16,Sample_S19S_0076_Wat,393.0593644
80,Sample_S19S_0076_Wat,393.0827628
92,Sample_S19S_0076_Wat,393.1191285
24,Sample_S19S_0076_Wat,393.1321265
45,Sample_S19S_0076_Wat,393.1554711
18,Sample_S19S_0076_Wat,393.1685262
24,Sample_S19S_0076_Wat,393.1919402
30,Sample_S19S_0076_Wat,394.0415806
34,Sample_S19S_0076_Wat,394.078026
10,Sample_S19S_0076_Wat,394.0991655
48,Sample_S19S_0076_Wat,394.1144108
33,Sample_S19S_0076_Wat,395.0255818
61,Sample_S19S_0076_Wat,395.0619708
7,Sample_S19S_0076_Wat,395.0749518
54,Sample_S19S_0076_Wat,395.0984243
19,Sample_S19S_0076_Wat,395.1114167
120,Sample_S19S_0076_Wat,395.1347697
21,Sample_S19S_0076_Wat,395.1477706
49,Sample_S19S_0076_Wat,395.171191
14,Sample_S19S_0076_Wat,395.2075813
65,Sample_S19S_0076_Wat,396.0936653
37,Sample_S19S_0076_Wat,396.13006
50,Sample_S19S_0076_Wat,397.0412485
33,Sample_S19S_0076_Wat,397.0565368
33,Sample_S19S_0076_Wat,397.0775828
21,Sample_S19S_0076_Wat,397.1059758
73,Sample_S19S_0076_Wat,397.1140135
89,Sample_S19S_0076_Wat,397.1504225
14,Sample_S19S_0076_Wat,397.1634297
28,Sample_S19S_0076_Wat,397.1867602
56,Sample_S19S_0076_Wat,398.0729329
65,Sample_S19S_0076_Wat,398.1456531
25,Sample_S19S_0076_Wat,399.0205105
11,Sample_S19S_0076_Wat,399.0356696
8,Sample_S19S_0076_Wat,399.0488349
20,Sample_S19S_0076_Wat,399.0568344
36,Sample_S19S_0076_Wat,399.0721389
2,Sample_S19S_0076_Wat,399.0753668
28,Sample_S19S_0076_Wat,399.085227
69,Sample_S19S_0076_Wat,399.0932727
21,Sample_S19S_0076_Wat,399.1086044
64,Sample_S19S_0076_Wat,399.1296635
44,Sample_S19S_0076_Wat,399.1449193
14,Sample_S19S_0076_Wat,399.1579458
4,Sample_S19S_0076_Wat,399.1659287
15,Sample_S19S_0076_Wat,399.1943775
36,Sample_S19S_0076_Wat,399.2024375
39,Sample_S19S_0076_Wat,400.1249077
25,Sample_S19S_0076_Wat,401.0362034
60,Sample_S19S_0076_Wat,401.0514549
18,Sample_S19S_0076_Wat,401.0644945
27,Sample_S19S_0076_Wat,401.0725084
66,Sample_S19S_0076_Wat,401.0878209
3,Sample_S19S_0076_Wat,401.0910681
60,Sample_S19S_0076_Wat,401.1089631
2,Sample_S19S_0076_Wat,401.1273966
70,Sample_S19S_0076_Wat,401.1453284
62,Sample_S19S_0076_Wat,401.1605804
16,Sample_S19S_0076_Wat,401.1736033
16,Sample_S19S_0076_Wat,401.1816514
17,Sample_S19S_0076_Wat,401.2100146
15,Sample_S19S_0076_Wat,402.0831391
5,Sample_S19S_0076_Wat,402.1042761
9,Sample_S19S_0076_Wat,402.1195259
33,Sample_S19S_0076_Wat,402.1405573
13,Sample_S19S_0076_Wat,403.0305846
9,Sample_S19S_0076_Wat,403.0437271
20,Sample_S19S_0076_Wat,403.0517845
75,Sample_S19S_0076_Wat,403.0671122
7,Sample_S19S_0076_Wat,403.0704072
62,Sample_S19S_0076_Wat,403.0881974
70,Sample_S19S_0076_Wat,403.1034476
2,Sample_S19S_0076_Wat,403.1066431
25,Sample_S19S_0076_Wat,403.1164656
19,Sample_S19S_0076_Wat,403.1245163
86,Sample_S19S_0076_Wat,403.1398463
29,Sample_S19S_0076_Wat,403.1529106
29,Sample_S19S_0076_Wat,403.1609357
31,Sample_S19S_0076_Wat,403.1762826
64,Sample_S19S_0076_Wat,404.0623618
32,Sample_S19S_0076_Wat,404.0834492
14,Sample_S19S_0076_Wat,404.1926065
11,Sample_S19S_0076_Wat,405.0098791
66,Sample_S19S_0076_Wat,405.0463718
37,Sample_S19S_0076_Wat,405.0674473
50,Sample_S19S_0076_Wat,405.0827082
1,Sample_S19S_0076_Wat,405.0859264
6,Sample_S19S_0076_Wat,405.103722
33,Sample_S19S_0076_Wat,405.1190623
1,Sample_S19S_0076_Wat,405.1221627
32,Sample_S19S_0076_Wat,405.1321292
9,Sample_S19S_0076_Wat,405.1401404
49,Sample_S19S_0076_Wat,405.1555362
25,Sample_S19S_0076_Wat,405.1685606
43,Sample_S19S_0076_Wat,405.1918632
6,Sample_S19S_0076_Wat,405.2048711
19,Sample_S19S_0076_Wat,406.041642
9,Sample_S19S_0076_Wat,406.0990792
78,Sample_S19S_0076_Wat,406.1143545
21,Sample_S19S_0076_Wat,407.0255705
63,Sample_S19S_0076_Wat,407.0620299
17,Sample_S19S_0076_Wat,407.0750599
98,Sample_S19S_0076_Wat,407.0983755
14,Sample_S19S_0076_Wat,407.1113661
82,Sample_S19S_0076_Wat,407.1347505
24,Sample_S19S_0076_Wat,407.1477958
13,Sample_S19S_0076_Wat,407.1712237
19,Sample_S19S_0076_Wat,407.2075913
71,Sample_S19S_0076_Wat,408.0936661
83,Sample_S19S_0076_Wat,408.1300077
30,Sample_S19S_0076_Wat,409.0412228
28,Sample_S19S_0076_Wat,409.07757
11,Sample_S19S_0076_Wat,409.0905208
94,Sample_S19S_0076_Wat,409.1140221
17,Sample_S19S_0076_Wat,409.1270356
94,Sample_S19S_0076_Wat,409.1504235
10,Sample_S19S_0076_Wat,409.1633923
11,Sample_S19S_0076_Wat,409.1787026
19,Sample_S19S_0076_Wat,409.1867344
38,Sample_S19S_0076_Wat,409.2231724
60,Sample_S19S_0076_Wat,410.0729191
18,Sample_S19S_0076_Wat,410.1092388
64,Sample_S19S_0076_Wat,410.1456867
24,Sample_S19S_0076_Wat,411.0568579
79,Sample_S19S_0076_Wat,411.0933142
84,Sample_S19S_0076_Wat,411.1296933
29,Sample_S19S_0076_Wat,411.1579879
50,Sample_S19S_0076_Wat,411.1660419
4,Sample_S19S_0076_Wat,411.2022993
23,Sample_S19S_0076_Wat,412.0521769
43,Sample_S19S_0076_Wat,412.0885256
65,Sample_S19S_0076_Wat,412.1249118
30,Sample_S19S_0076_Wat,413.0361429
5,Sample_S19S_0076_Wat,413.0513424
10,Sample_S19S_0076_Wat,413.06446
10,Sample_S19S_0076_Wat,413.072442
37,Sample_S19S_0076_Wat,413.087795
30,Sample_S19S_0076_Wat,413.1008794
85,Sample_S19S_0076_Wat,413.1089345
60,Sample_S19S_0076_Wat,413.12421
20,Sample_S19S_0076_Wat,413.1372735
27,Sample_S19S_0076_Wat,413.1452768
7,Sample_S19S_0076_Wat,413.1605228
21,Sample_S19S_0076_Wat,413.1736056
15,Sample_S19S_0076_Wat,413.1816156
12,Sample_S19S_0076_Wat,413.2100122
19,Sample_S19S_0076_Wat,413.2180661
22,Sample_S19S_0076_Wat,415.0306688
24,Sample_S19S_0076_Wat,415.0518724
6,Sample_S19S_0076_Wat,415.0671726
8,Sample_S19S_0076_Wat,415.0704085
12,Sample_S19S_0076_Wat,415.080159
64,Sample_S19S_0076_Wat,415.0881916
64,Sample_S19S_0076_Wat,415.1034568
22,Sample_S19S_0076_Wat,415.1164835
39,Sample_S19S_0076_Wat,415.1245406
22,Sample_S19S_0076_Wat,415.1529316
56,Sample_S19S_0076_Wat,415.1609859
9,Sample_S19S_0076_Wat,415.1763155
28,Sample_S19S_0076_Wat,415.1973464
31,Sample_S19S_0076_Wat,416.0623295
6,Sample_S19S_0076_Wat,416.0986591
40,Sample_S19S_0076_Wat,417.0463346
21,Sample_S19S_0076_Wat,417.0674105
26,Sample_S19S_0076_Wat,417.0826722
2,Sample_S19S_0076_Wat,417.085967
16,Sample_S19S_0076_Wat,417.0957124
22,Sample_S19S_0076_Wat,417.1037889
85,Sample_S19S_0076_Wat,417.1191101
2,Sample_S19S_0076_Wat,417.1223013
37,Sample_S19S_0076_Wat,417.1321667
41,Sample_S19S_0076_Wat,417.1402188
71,Sample_S19S_0076_Wat,417.1555165
40,Sample_S19S_0076_Wat,417.1685514
14,Sample_S19S_0076_Wat,417.1765666
6,Sample_S19S_0076_Wat,417.2048604
48,Sample_S19S_0076_Wat,418.0779721
17,Sample_S19S_0076_Wat,418.1144292
29,Sample_S19S_0076_Wat,419.0256123
16,Sample_S19S_0076_Wat,419.0466741
40,Sample_S19S_0076_Wat,419.0619721
11,Sample_S19S_0076_Wat,419.0829959
17,Sample_S19S_0076_Wat,419.0982983
1,Sample_S19S_0076_Wat,419.1015327
9,Sample_S19S_0076_Wat,419.1113471
12,Sample_S19S_0076_Wat,419.1194106
91,Sample_S19S_0076_Wat,419.1347745
25,Sample_S19S_0076_Wat,419.1478319
20,Sample_S19S_0076_Wat,419.1558387
43,Sample_S19S_0076_Wat,419.1711927
27,Sample_S19S_0076_Wat,419.1842051
43,Sample_S19S_0076_Wat,419.207525
44,Sample_S19S_0076_Wat,420.0572817
43,Sample_S19S_0076_Wat,421.0412704
23,Sample_S19S_0076_Wat,421.0777047
21,Sample_S19S_0076_Wat,421.0906648
103,Sample_S19S_0076_Wat,421.1140346
16,Sample_S19S_0076_Wat,421.1270174
89,Sample_S19S_0076_Wat,421.1504292
1,Sample_S19S_0076_Wat,421.1552081
23,Sample_S19S_0076_Wat,421.1634511
23,Sample_S19S_0076_Wat,421.1868654
52,Sample_S19S_0076_Wat,422.0728802
33,Sample_S19S_0076_Wat,422.1093338
23,Sample_S19S_0076_Wat,423.0205894
56,Sample_S19S_0076_Wat,423.0569089
30,Sample_S19S_0076_Wat,423.093231
4,Sample_S19S_0076_Wat,423.1061645
110,Sample_S19S_0076_Wat,423.1296813
15,Sample_S19S_0076_Wat,423.1426961
36,Sample_S19S_0076_Wat,423.1661225
47,Sample_S19S_0076_Wat,423.2024382
15,Sample_S19S_0076_Wat,424.0522173
1,Sample_S19S_0076_Wat,424.0886497
43,Sample_S19S_0076_Wat,424.1249783
47,Sample_S19S_0076_Wat,425.0361852
18,Sample_S19S_0076_Wat,425.0724714
16,Sample_S19S_0076_Wat,425.1008972
56,Sample_S19S_0076_Wat,425.1089252
21,Sample_S19S_0076_Wat,425.1453873
47,Sample_S19S_0076_Wat,425.1816982
1,Sample_S19S_0076_Wat,425.2178813
64,Sample_S19S_0076_Wat,426.1405881
51,Sample_S19S_0076_Wat,426.1769689
26,Sample_S19S_0076_Wat,427.0518808
11,Sample_S19S_0076_Wat,427.0669702
12,Sample_S19S_0076_Wat,427.0801714
47,Sample_S19S_0076_Wat,427.088175
40,Sample_S19S_0076_Wat,427.1035014
20,Sample_S19S_0076_Wat,427.1165345
77,Sample_S19S_0076_Wat,427.1245871
6,Sample_S19S_0076_Wat,427.1610597
36,Sample_S19S_0076_Wat,427.1973395
32,Sample_S19S_0076_Wat,428.1562791
26,Sample_S19S_0076_Wat,429.0310878
27,Sample_S19S_0076_Wat,429.0463286
49,Sample_S19S_0076_Wat,429.067488
1,Sample_S19S_0076_Wat,429.0829209
10,Sample_S19S_0076_Wat,429.1039457
7,Sample_S19S_0076_Wat,429.1192381
64,Sample_S19S_0076_Wat,429.1402424
26,Sample_S19S_0076_Wat,429.1555582
33,Sample_S19S_0076_Wat,429.1685491
26,Sample_S19S_0076_Wat,429.1765924
44,Sample_S19S_0076_Wat,429.1919036
11,Sample_S19S_0076_Wat,430.0780537
36,Sample_S19S_0076_Wat,430.0991542
66,Sample_S19S_0076_Wat,430.1143962
49,Sample_S19S_0076_Wat,430.1354817
23,Sample_S19S_0076_Wat,431.0256563
13,Sample_S19S_0076_Wat,431.04681
4,Sample_S19S_0076_Wat,431.0653523
48,Sample_S19S_0076_Wat,431.083125
72,Sample_S19S_0076_Wat,431.098388
4,Sample_S19S_0076_Wat,431.1016424
20,Sample_S19S_0076_Wat,431.1113826
29,Sample_S19S_0076_Wat,431.1194411
33,Sample_S19S_0076_Wat,431.1347291
1,Sample_S19S_0076_Wat,431.1378968
27,Sample_S19S_0076_Wat,431.1477957
27,Sample_S19S_0076_Wat,431.1558407
33,Sample_S19S_0076_Wat,431.1711879
21,Sample_S19S_0076_Wat,431.1922364
17,Sample_S19S_0076_Wat,431.2076023
7,Sample_S19S_0076_Wat,432.0573233
78,Sample_S19S_0076_Wat,432.093661
71,Sample_S19S_0076_Wat,432.1300404
3,Sample_S19S_0076_Wat,432.1876103
45,Sample_S19S_0076_Wat,433.0412948
4,Sample_S19S_0076_Wat,433.0543356
25,Sample_S19S_0076_Wat,433.0624271
72,Sample_S19S_0076_Wat,433.077665
2,Sample_S19S_0076_Wat,433.0809249
20,Sample_S19S_0076_Wat,433.0906617
14,Sample_S19S_0076_Wat,433.0986887
27,Sample_S19S_0076_Wat,433.1139658
11,Sample_S19S_0076_Wat,433.1269982
4,Sample_S19S_0076_Wat,433.13501
31,Sample_S19S_0076_Wat,433.1503758
30,Sample_S19S_0076_Wat,433.1634586
39,Sample_S19S_0076_Wat,433.1868494
8,Sample_S19S_0076_Wat,433.1998888
30,Sample_S19S_0076_Wat,433.223189
10,Sample_S19S_0076_Wat,434.072975
17,Sample_S19S_0076_Wat,434.1093421
13,Sample_S19S_0076_Wat,435.0204588
47,Sample_S19S_0076_Wat,435.0569041
75,Sample_S19S_0076_Wat,435.093324
16,Sample_S19S_0076_Wat,435.1062764
34,Sample_S19S_0076_Wat,435.1296329
9,Sample_S19S_0076_Wat,435.1426364
2,Sample_S19S_0076_Wat,435.160379
28,Sample_S19S_0076_Wat,435.1659973
19,Sample_S19S_0076_Wat,435.1790631
55,Sample_S19S_0076_Wat,435.2024665
22,Sample_S19S_0076_Wat,436.0886111
5,Sample_S19S_0076_Wat,436.1250197
34,Sample_S19S_0076_Wat,437.0361523
25,Sample_S19S_0076_Wat,437.072483
30,Sample_S19S_0076_Wat,437.1088959
5,Sample_S19S_0076_Wat,437.1219003
63,Sample_S19S_0076_Wat,437.1453651
20,Sample_S19S_0076_Wat,437.158378
52,Sample_S19S_0076_Wat,437.1817485
10,Sample_S19S_0076_Wat,437.1946984
11,Sample_S19S_0076_Wat,437.2180272
18,Sample_S19S_0076_Wat,438.0678822
73,Sample_S19S_0076_Wat,438.1405683
18,Sample_S19S_0076_Wat,439.051737
72,Sample_S19S_0076_Wat,439.0882098
83,Sample_S19S_0076_Wat,439.1246064
8,Sample_S19S_0076_Wat,439.1375419
17,Sample_S19S_0076_Wat,439.1529344
37,Sample_S19S_0076_Wat,439.1609425
22,Sample_S19S_0076_Wat,439.1892886
21,Sample_S19S_0076_Wat,439.1973056
42,Sample_S19S_0076_Wat,440.0834468
37,Sample_S19S_0076_Wat,440.1198163
15,Sample_S19S_0076_Wat,441.0310268
11,Sample_S19S_0076_Wat,441.0462365
6,Sample_S19S_0076_Wat,441.0593601
35,Sample_S19S_0076_Wat,441.0674409
38,Sample_S19S_0076_Wat,441.0827166
37,Sample_S19S_0076_Wat,441.1039049
15,Sample_S19S_0076_Wat,441.1191742
58,Sample_S19S_0076_Wat,441.1402285
13,Sample_S19S_0076_Wat,441.1554489
17,Sample_S19S_0076_Wat,441.168514
25,Sample_S19S_0076_Wat,441.1765589
12,Sample_S19S_0076_Wat,441.2049192
12,Sample_S19S_0076_Wat,441.2129575
12,Sample_S19S_0076_Wat,442.0990637
21,Sample_S19S_0076_Wat,442.135461
16,Sample_S19S_0076_Wat,443.0255061
21,Sample_S19S_0076_Wat,443.0466588
16,Sample_S19S_0076_Wat,443.061884
12,Sample_S19S_0076_Wat,443.0749837
38,Sample_S19S_0076_Wat,443.0830557
37,Sample_S19S_0076_Wat,443.0984287
20,Sample_S19S_0076_Wat,443.1114516
67,Sample_S19S_0076_Wat,443.119518
5,Sample_S19S_0076_Wat,443.1348538
22,Sample_S19S_0076_Wat,443.1478565
57,Sample_S19S_0076_Wat,443.1558944
29,Sample_S19S_0076_Wat,443.1711201
25,Sample_S19S_0076_Wat,443.1841796
17,Sample_S19S_0076_Wat,443.1922057
10,Sample_S19S_0076_Wat,443.2205255
17,Sample_S19S_0076_Wat,444.093696
34,Sample_S19S_0076_Wat,445.0412697
7,Sample_S19S_0076_Wat,445.054308
39,Sample_S19S_0076_Wat,445.0623769
38,Sample_S19S_0076_Wat,445.0776178
15,Sample_S19S_0076_Wat,445.0986624
3,Sample_S19S_0076_Wat,445.1083593
18,Sample_S19S_0076_Wat,445.1139537
1,Sample_S19S_0076_Wat,445.1171907
19,Sample_S19S_0076_Wat,445.127011
13,Sample_S19S_0076_Wat,445.1350548
36,Sample_S19S_0076_Wat,445.1503907
36,Sample_S19S_0076_Wat,445.1634705
47,Sample_S19S_0076_Wat,445.1715289
41,Sample_S19S_0076_Wat,445.1868428
35,Sample_S19S_0076_Wat,445.223207
13,Sample_S19S_0076_Wat,446.0728598
2,Sample_S19S_0076_Wat,446.0939418
51,Sample_S19S_0076_Wat,446.1092739
12,Sample_S19S_0076_Wat,447.0204695
7,Sample_S19S_0076_Wat,447.056785
7,Sample_S19S_0076_Wat,447.0779114
16,Sample_S19S_0076_Wat,447.09323
19,Sample_S19S_0076_Wat,447.114388
78,Sample_S19S_0076_Wat,447.1297048
32,Sample_S19S_0076_Wat,447.1427418
10,Sample_S19S_0076_Wat,447.1507185
77,Sample_S19S_0076_Wat,447.1660641
27,Sample_S19S_0076_Wat,447.179104
18,Sample_S19S_0076_Wat,447.2023724
4,Sample_S19S_0076_Wat,447.2154152
4,Sample_S19S_0076_Wat,448.0520882
64,Sample_S19S_0076_Wat,448.088573
23,Sample_S19S_0076_Wat,448.1096972
17,Sample_S19S_0076_Wat,449.0360637
22,Sample_S19S_0076_Wat,449.0724952
95,Sample_S19S_0076_Wat,449.1089599
20,Sample_S19S_0076_Wat,449.1219859
84,Sample_S19S_0076_Wat,449.1453221
29,Sample_S19S_0076_Wat,449.1583358
2,Sample_S19S_0076_Wat,449.1759639
28,Sample_S19S_0076_Wat,449.1816462
5,Sample_S19S_0076_Wat,449.1946593
13,Sample_S19S_0076_Wat,449.2180299
18,Sample_S19S_0076_Wat,451.0517204
39,Sample_S19S_0076_Wat,451.0881744
7,Sample_S19S_0076_Wat,451.1011798
66,Sample_S19S_0076_Wat,451.124616
21,Sample_S19S_0076_Wat,451.1376081
39,Sample_S19S_0076_Wat,451.1609528
11,Sample_S19S_0076_Wat,451.1739524
10,Sample_S19S_0076_Wat,451.189303
7,Sample_S19S_0076_Wat,451.1972791
4,Sample_S19S_0076_Wat,451.2103087
12,Sample_S19S_0076_Wat,451.2336787
39,Sample_S19S_0076_Wat,452.0834394
19,Sample_S19S_0076_Wat,452.1199139
20,Sample_S19S_0076_Wat,453.0310814
24,Sample_S19S_0076_Wat,453.0673983
16,Sample_S19S_0076_Wat,453.1037558
16,Sample_S19S_0076_Wat,453.1321972
47,Sample_S19S_0076_Wat,453.140211
4,Sample_S19S_0076_Wat,453.1686448
69,Sample_S19S_0076_Wat,453.1766436
11,Sample_S19S_0076_Wat,453.2049759
29,Sample_S19S_0076_Wat,454.0627542
38,Sample_S19S_0076_Wat,455.0467468
43,Sample_S19S_0076_Wat,455.0620251
13,Sample_S19S_0076_Wat,455.0750667
47,Sample_S19S_0076_Wat,455.0831528
41,Sample_S19S_0076_Wat,455.0984121
17,Sample_S19S_0076_Wat,455.111472
39,Sample_S19S_0076_Wat,455.1194736
9,Sample_S19S_0076_Wat,455.1346803
24,Sample_S19S_0076_Wat,455.14777
15,Sample_S19S_0076_Wat,455.1558023
18,Sample_S19S_0076_Wat,455.1841535
16,Sample_S19S_0076_Wat,455.1921775
18,Sample_S19S_0076_Wat,455.2205892
27,Sample_S19S_0076_Wat,457.0412916
39,Sample_S19S_0076_Wat,457.0624071
15,Sample_S19S_0076_Wat,457.0776174
12,Sample_S19S_0076_Wat,457.0906483
21,Sample_S19S_0076_Wat,457.0986905
24,Sample_S19S_0076_Wat,457.1139922
13,Sample_S19S_0076_Wat,457.1270095
20,Sample_S19S_0076_Wat,457.1350642
2,Sample_S19S_0076_Wat,457.1447412
18,Sample_S19S_0076_Wat,457.150377
21,Sample_S19S_0076_Wat,457.1634444
32,Sample_S19S_0076_Wat,457.1715231
50,Sample_S19S_0076_Wat,457.1868094
36,Sample_S19S_0076_Wat,457.2079257
22,Sample_S19S_0076_Wat,459.0416602
18,Sample_S19S_0076_Wat,459.0568713
10,Sample_S19S_0076_Wat,459.069913
27,Sample_S19S_0076_Wat,459.0779746
18,Sample_S19S_0076_Wat,459.0932353
17,Sample_S19S_0076_Wat,459.1062882
29,Sample_S19S_0076_Wat,459.1143457
58,Sample_S19S_0076_Wat,459.1296693
33,Sample_S19S_0076_Wat,459.142719
39,Sample_S19S_0076_Wat,459.1508169
41,Sample_S19S_0076_Wat,459.1661042
34,Sample_S19S_0076_Wat,459.1872169
25,Sample_S19S_0076_Wat,459.2025048
5,Sample_S19S_0076_Wat,459.2155229
11,Sample_S19S_0076_Wat,459.2387931
54,Sample_S19S_0076_Wat,460.0885829
26,Sample_S19S_0076_Wat,461.036196
5,Sample_S19S_0076_Wat,461.0492316
25,Sample_S19S_0076_Wat,461.0572822
25,Sample_S19S_0076_Wat,461.0725007
14,Sample_S19S_0076_Wat,461.0855391
10,Sample_S19S_0076_Wat,461.0935699
13,Sample_S19S_0076_Wat,461.1088271
6,Sample_S19S_0076_Wat,461.1218899
12,Sample_S19S_0076_Wat,461.1299458
4,Sample_S19S_0076_Wat,461.1396751
22,Sample_S19S_0076_Wat,461.1452647
26,Sample_S19S_0076_Wat,461.1583343
38,Sample_S19S_0076_Wat,461.1817537
13,Sample_S19S_0076_Wat,461.1948089
30,Sample_S19S_0076_Wat,461.218132
29,Sample_S19S_0076_Wat,462.067799
19,Sample_S19S_0076_Wat,462.1042629
6,Sample_S19S_0076_Wat,463.015396
42,Sample_S19S_0076_Wat,463.0518315
3,Sample_S19S_0076_Wat,463.064914
46,Sample_S19S_0076_Wat,463.0881954
16,Sample_S19S_0076_Wat,463.124491
4,Sample_S19S_0076_Wat,463.1375144
9,Sample_S19S_0076_Wat,463.1608564
9,Sample_S19S_0076_Wat,463.1739081
20,Sample_S19S_0076_Wat,463.1972938
19,Sample_S19S_0076_Wat,463.210366
34,Sample_S19S_0076_Wat,463.2337601
25,Sample_S19S_0076_Wat,464.1198095
14,Sample_S19S_0076_Wat,465.0310055
15,Sample_S19S_0076_Wat,465.06738
35,Sample_S19S_0076_Wat,465.1038259
20,Sample_S19S_0076_Wat,465.1168704
27,Sample_S19S_0076_Wat,465.1532935
66,Sample_S19S_0076_Wat,465.1766182
17,Sample_S19S_0076_Wat,465.1896305
7,Sample_S19S_0076_Wat,465.2049695
15,Sample_S19S_0076_Wat,465.2129596
56,Sample_S19S_0076_Wat,466.1355201
1,Sample_S19S_0076_Wat,466.1435867
38,Sample_S19S_0076_Wat,467.0467531
17,Sample_S19S_0076_Wat,467.0620397
52,Sample_S19S_0076_Wat,467.0831629
53,Sample_S19S_0076_Wat,467.1195422
27,Sample_S19S_0076_Wat,467.1478261
33,Sample_S19S_0076_Wat,467.1558326
21,Sample_S19S_0076_Wat,467.184209
9,Sample_S19S_0076_Wat,467.1921933
22,Sample_S19S_0076_Wat,467.2286363
28,Sample_S19S_0076_Wat,468.1147294
24,Sample_S19S_0076_Wat,469.0412947
36,Sample_S19S_0076_Wat,469.062394
9,Sample_S19S_0076_Wat,469.0776006
13,Sample_S19S_0076_Wat,469.0906533
26,Sample_S19S_0076_Wat,469.0986993
23,Sample_S19S_0076_Wat,469.1270251
16,Sample_S19S_0076_Wat,469.1350525
11,Sample_S19S_0076_Wat,469.1633964
2,Sample_S19S_0076_Wat,469.1811109
24,Sample_S19S_0076_Wat,469.199861
25,Sample_S19S_0076_Wat,469.2078959
13,Sample_S19S_0076_Wat,471.0205509
17,Sample_S19S_0076_Wat,471.0416901
32,Sample_S19S_0076_Wat,471.0569384
7,Sample_S19S_0076_Wat,471.069939
33,Sample_S19S_0076_Wat,471.0780166
19,Sample_S19S_0076_Wat,471.093255
15,Sample_S19S_0076_Wat,471.106291
6,Sample_S19S_0076_Wat,471.1295835
12,Sample_S19S_0076_Wat,471.1426129
14,Sample_S19S_0076_Wat,471.1506882
9,Sample_S19S_0076_Wat,471.16598
25,Sample_S19S_0076_Wat,471.1790652
22,Sample_S19S_0076_Wat,471.1871307
1,Sample_S19S_0076_Wat,471.1968006
11,Sample_S19S_0076_Wat,471.2024048
13,Sample_S19S_0076_Wat,471.2155389
21,Sample_S19S_0076_Wat,471.2235442
17,Sample_S19S_0076_Wat,473.0361823
11,Sample_S19S_0076_Wat,473.0573502
39,Sample_S19S_0076_Wat,473.0726032
39,Sample_S19S_0076_Wat,473.0937108
60,Sample_S19S_0076_Wat,473.1089772
24,Sample_S19S_0076_Wat,473.121993
23,Sample_S19S_0076_Wat,473.1300234
5,Sample_S19S_0076_Wat,473.139667
24,Sample_S19S_0076_Wat,473.1452829
14,Sample_S19S_0076_Wat,473.1582831
15,Sample_S19S_0076_Wat,473.1663521
3,Sample_S19S_0076_Wat,473.1760299
22,Sample_S19S_0076_Wat,473.1816622
14,Sample_S19S_0076_Wat,473.1946924
30,Sample_S19S_0076_Wat,473.2180738
25,Sample_S19S_0076_Wat,474.067818
16,Sample_S19S_0076_Wat,474.0889636
19,Sample_S19S_0076_Wat,474.1042477
13,Sample_S19S_0076_Wat,475.0517049
10,Sample_S19S_0076_Wat,475.0648516
19,Sample_S19S_0076_Wat,475.0728791
29,Sample_S19S_0076_Wat,475.0881586
16,Sample_S19S_0076_Wat,475.1012806
18,Sample_S19S_0076_Wat,475.1092833
66,Sample_S19S_0076_Wat,475.1245966
29,Sample_S19S_0076_Wat,475.1376596
18,Sample_S19S_0076_Wat,475.1456774
65,Sample_S19S_0076_Wat,475.1609843
27,Sample_S19S_0076_Wat,475.1739813
4,Sample_S19S_0076_Wat,475.1819356
15,Sample_S19S_0076_Wat,475.1973043
4,Sample_S19S_0076_Wat,475.2103074
4,Sample_S19S_0076_Wat,475.2336051
27,Sample_S19S_0076_Wat,476.1198125
28,Sample_S19S_0076_Wat,477.0311319
45,Sample_S19S_0076_Wat,477.0674882
3,Sample_S19S_0076_Wat,477.0805777
8,Sample_S19S_0076_Wat,477.0885024
1,Sample_S19S_0076_Wat,477.0981716
20,Sample_S19S_0076_Wat,477.1037802
17,Sample_S19S_0076_Wat,477.1168599
1,Sample_S19S_0076_Wat,477.1344651
6,Sample_S19S_0076_Wat,477.1401075
9,Sample_S19S_0076_Wat,477.1531747
18,Sample_S19S_0076_Wat,477.1765167
6,Sample_S19S_0076_Wat,477.1895617
43,Sample_S19S_0076_Wat,477.2130039
11,Sample_S19S_0076_Wat,477.2493418
62,Sample_S19S_0076_Wat,478.0991507
6,Sample_S19S_0076_Wat,479.0466033
16,Sample_S19S_0076_Wat,479.0830028
12,Sample_S19S_0076_Wat,479.0961506
41,Sample_S19S_0076_Wat,479.1194663
22,Sample_S19S_0076_Wat,479.1325629
66,Sample_S19S_0076_Wat,479.1559168
11,Sample_S19S_0076_Wat,479.1689644
50,Sample_S19S_0076_Wat,479.1923063
14,Sample_S19S_0076_Wat,479.2053091
16,Sample_S19S_0076_Wat,479.2286027
10,Sample_S19S_0076_Wat,480.151082
8,Sample_S19S_0076_Wat,481.025885
21,Sample_S19S_0076_Wat,481.0623379
14,Sample_S19S_0076_Wat,481.0906559
51,Sample_S19S_0076_Wat,481.0987747
71,Sample_S19S_0076_Wat,481.1351677
16,Sample_S19S_0076_Wat,481.1634867
51,Sample_S19S_0076_Wat,481.1715313
17,Sample_S19S_0076_Wat,481.199847
19,Sample_S19S_0076_Wat,481.2078283
4,Sample_S19S_0076_Wat,482.1302914
15,Sample_S19S_0076_Wat,483.0415833
15,Sample_S19S_0076_Wat,483.0568081
28,Sample_S19S_0076_Wat,483.0780208
6,Sample_S19S_0076_Wat,483.1064043
49,Sample_S19S_0076_Wat,483.1144642
35,Sample_S19S_0076_Wat,483.1508531
18,Sample_S19S_0076_Wat,483.1660394
15,Sample_S19S_0076_Wat,483.1791639
32,Sample_S19S_0076_Wat,483.1871699
15,Sample_S19S_0076_Wat,483.2154832
14,Sample_S19S_0076_Wat,483.2234722
11,Sample_S19S_0076_Wat,484.1459881
11,Sample_S19S_0076_Wat,485.057196
16,Sample_S19S_0076_Wat,485.0724465
9,Sample_S19S_0076_Wat,485.0855526
32,Sample_S19S_0076_Wat,485.0936172
41,Sample_S19S_0076_Wat,485.1089501
16,Sample_S19S_0076_Wat,485.1220307
47,Sample_S19S_0076_Wat,485.1300644
1,Sample_S19S_0076_Wat,485.139617
27,Sample_S19S_0076_Wat,485.1453846
18,Sample_S19S_0076_Wat,485.1584131
38,Sample_S19S_0076_Wat,485.1664901
3,Sample_S19S_0076_Wat,485.1760615
41,Sample_S19S_0076_Wat,485.181737
15,Sample_S19S_0076_Wat,485.1948096
15,Sample_S19S_0076_Wat,487.051792
22,Sample_S19S_0076_Wat,487.072871
12,Sample_S19S_0076_Wat,487.088118
14,Sample_S19S_0076_Wat,487.1011949
11,Sample_S19S_0076_Wat,487.1092152
12,Sample_S19S_0076_Wat,487.1244947
16,Sample_S19S_0076_Wat,487.1375846
14,Sample_S19S_0076_Wat,487.1456408
1,Sample_S19S_0076_Wat,487.1552674
53,Sample_S19S_0076_Wat,487.1609704
19,Sample_S19S_0076_Wat,487.1740711
31,Sample_S19S_0076_Wat,487.18211
33,Sample_S19S_0076_Wat,487.1974177
5,Sample_S19S_0076_Wat,487.2104698
20,Sample_S19S_0076_Wat,487.2337958
8,Sample_S19S_0076_Wat,489.0310445
11,Sample_S19S_0076_Wat,489.0522438
44,Sample_S19S_0076_Wat,489.067487
25,Sample_S19S_0076_Wat,489.0886429
4,Sample_S19S_0076_Wat,489.0982045
32,Sample_S19S_0076_Wat,489.1039118
34,Sample_S19S_0076_Wat,489.1249814
28,Sample_S19S_0076_Wat,489.1402055
20,Sample_S19S_0076_Wat,489.1532671
2,Sample_S19S_0076_Wat,489.1708695
10,Sample_S19S_0076_Wat,489.1765226
8,Sample_S19S_0076_Wat,489.1895365
9,Sample_S19S_0076_Wat,489.2128864
5,Sample_S19S_0076_Wat,489.2259164
7,Sample_S19S_0076_Wat,489.2492677
13,Sample_S19S_0076_Wat,490.0990621
3,Sample_S19S_0076_Wat,490.1201406
11,Sample_S19S_0076_Wat,491.0466906
6,Sample_S19S_0076_Wat,491.0597843
20,Sample_S19S_0076_Wat,491.0830123
10,Sample_S19S_0076_Wat,491.0961728
10,Sample_S19S_0076_Wat,491.1193786
18,Sample_S19S_0076_Wat,491.1325378
28,Sample_S19S_0076_Wat,491.1558203
23,Sample_S19S_0076_Wat,491.1689084
51,Sample_S19S_0076_Wat,491.1922945
7,Sample_S19S_0076_Wat,491.2053832
7,Sample_S19S_0076_Wat,491.2287423
42,Sample_S19S_0076_Wat,492.1147512
10,Sample_S19S_0076_Wat,493.0259042
14,Sample_S19S_0076_Wat,493.0622921
24,Sample_S19S_0076_Wat,493.098712
70,Sample_S19S_0076_Wat,493.1351653
51,Sample_S19S_0076_Wat,493.1715856
11,Sample_S19S_0076_Wat,493.2442171
15,Sample_S19S_0076_Wat,495.0415683
36,Sample_S19S_0076_Wat,495.0780179
46,Sample_S19S_0076_Wat,495.1144449
10,Sample_S19S_0076_Wat,495.1427989
60,Sample_S19S_0076_Wat,495.1507984
18,Sample_S19S_0076_Wat,495.1791573
11,Sample_S19S_0076_Wat,495.2154488
1,Sample_S19S_0076_Wat,496.1905351
6,Sample_S19S_0076_Wat,497.036113
20,Sample_S19S_0076_Wat,497.0572968
15,Sample_S19S_0076_Wat,497.0937782
30,Sample_S19S_0076_Wat,497.1089508
16,Sample_S19S_0076_Wat,497.1301476
8,Sample_S19S_0076_Wat,497.1816335
25,Sample_S19S_0076_Wat,497.1947705
5,Sample_S19S_0076_Wat,497.2310629
3,Sample_S19S_0076_Wat,497.2390455
29,Sample_S19S_0076_Wat,498.0889479
12,Sample_S19S_0076_Wat,498.1253978
38,Sample_S19S_0076_Wat,498.1617513
3,Sample_S19S_0076_Wat,498.1698072
2,Sample_S19S_0076_Wat,498.206115
8,Sample_S19S_0076_Wat,499.036451
6,Sample_S19S_0076_Wat,499.0516924
25,Sample_S19S_0076_Wat,499.0728848
10,Sample_S19S_0076_Wat,499.1012958
38,Sample_S19S_0076_Wat,499.1093112
43,Sample_S19S_0076_Wat,499.1246232
14,Sample_S19S_0076_Wat,499.1377212
50,Sample_S19S_0076_Wat,499.1457371
4,Sample_S19S_0076_Wat,499.1553132
15,Sample_S19S_0076_Wat,499.1610424
19,Sample_S19S_0076_Wat,499.1740741
33,Sample_S19S_0076_Wat,499.1973555
23,Sample_S19S_0076_Wat,499.2104255
15,Sample_S19S_0076_Wat,499.2184243
10,Sample_S19S_0076_Wat,501.0310269
10,Sample_S19S_0076_Wat,501.0521674
22,Sample_S19S_0076_Wat,501.0673678
13,Sample_S19S_0076_Wat,501.080502
17,Sample_S19S_0076_Wat,501.0885018
12,Sample_S19S_0076_Wat,501.1037301
14,Sample_S19S_0076_Wat,501.116864
7,Sample_S19S_0076_Wat,501.1248479
21,Sample_S19S_0076_Wat,501.1401768
32,Sample_S19S_0076_Wat,501.1532967
19,Sample_S19S_0076_Wat,501.1612956
47,Sample_S19S_0076_Wat,501.1766253
29,Sample_S19S_0076_Wat,501.1896846
27,Sample_S19S_0076_Wat,501.2130646
12,Sample_S19S_0076_Wat,503.0468089
5,Sample_S19S_0076_Wat,503.0679918
5,Sample_S19S_0076_Wat,503.0832459
20,Sample_S19S_0076_Wat,503.1042984
51,Sample_S19S_0076_Wat,503.1195309
8,Sample_S19S_0076_Wat,503.1326318
18,Sample_S19S_0076_Wat,503.1405906
2,Sample_S19S_0076_Wat,503.1502092
24,Sample_S19S_0076_Wat,503.1558462
4,Sample_S19S_0076_Wat,503.1768678
15,Sample_S19S_0076_Wat,503.1921795
5,Sample_S19S_0076_Wat,503.2051842
17,Sample_S19S_0076_Wat,503.2285615
12,Sample_S19S_0076_Wat,504.1722947
7,Sample_S19S_0076_Wat,505.0259469
11,Sample_S19S_0076_Wat,505.0622503
7,Sample_S19S_0076_Wat,505.0833896
19,Sample_S19S_0076_Wat,505.098662
10,Sample_S19S_0076_Wat,505.1118569
2,Sample_S19S_0076_Wat,505.1293863
17,Sample_S19S_0076_Wat,505.1350781
7,Sample_S19S_0076_Wat,505.1482794
64,Sample_S19S_0076_Wat,505.1715425
29,Sample_S19S_0076_Wat,505.2079802
27,Sample_S19S_0076_Wat,505.2443315
6,Sample_S19S_0076_Wat,506.1666811
12,Sample_S19S_0076_Wat,507.0415912
28,Sample_S19S_0076_Wat,507.0780238
48,Sample_S19S_0076_Wat,507.1144464
60,Sample_S19S_0076_Wat,507.1508255
5,Sample_S19S_0076_Wat,507.2598181
16,Sample_S19S_0076_Wat,509.0573918
40,Sample_S19S_0076_Wat,509.0937287
44,Sample_S19S_0076_Wat,509.1300451
9,Sample_S19S_0076_Wat,509.1583575
3,Sample_S19S_0076_Wat,509.179341
6,Sample_S19S_0076_Wat,509.2391011
8,Sample_S19S_0076_Wat,511.0366348
11,Sample_S19S_0076_Wat,511.0518749
37,Sample_S19S_0076_Wat,511.0729714
7,Sample_S19S_0076_Wat,511.0881435
30,Sample_S19S_0076_Wat,511.1092846
4,Sample_S19S_0076_Wat,511.1375472
2,Sample_S19S_0076_Wat,511.1455592
11,Sample_S19S_0076_Wat,511.1739404
16,Sample_S19S_0076_Wat,511.2103696
9,Sample_S19S_0076_Wat,511.2183807
1,Sample_S19S_0076_Wat,512.1854652
6,Sample_S19S_0076_Wat,513.0311674
12,Sample_S19S_0076_Wat,513.0522762
23,Sample_S19S_0076_Wat,513.0674942
23,Sample_S19S_0076_Wat,513.0885835
20,Sample_S19S_0076_Wat,513.1169162
18,Sample_S19S_0076_Wat,513.1248843
6,Sample_S19S_0076_Wat,513.1401059
7,Sample_S19S_0076_Wat,513.1531789
7,Sample_S19S_0076_Wat,513.1612236
3,Sample_S19S_0076_Wat,513.1764786
11,Sample_S19S_0076_Wat,513.1895585
7,Sample_S19S_0076_Wat,515.0467951
10,Sample_S19S_0076_Wat,515.0679477
29,Sample_S19S_0076_Wat,515.1042917
40,Sample_S19S_0076_Wat,515.1194964
6,Sample_S19S_0076_Wat,515.1326297
25,Sample_S19S_0076_Wat,515.1405768
14,Sample_S19S_0076_Wat,515.155816
16,Sample_S19S_0076_Wat,515.1688778
12,Sample_S19S_0076_Wat,515.1768835
9,Sample_S19S_0076_Wat,515.1921599
9,Sample_S19S_0076_Wat,515.2052029
1,Sample_S19S_0076_Wat,515.213195
5,Sample_S19S_0076_Wat,515.2285302
3,Sample_S19S_0076_Wat,515.2416147
26,Sample_S19S_0076_Wat,517.0624113
10,Sample_S19S_0076_Wat,517.0835974
14,Sample_S19S_0076_Wat,517.098859
9,Sample_S19S_0076_Wat,517.1199999
8,Sample_S19S_0076_Wat,517.1352552
11,Sample_S19S_0076_Wat,517.1563614
13,Sample_S19S_0076_Wat,517.171616
16,Sample_S19S_0076_Wat,517.1846401
44,Sample_S19S_0076_Wat,517.2079237
8,Sample_S19S_0076_Wat,517.2208996
10,Sample_S19S_0076_Wat,517.2442337
6,Sample_S19S_0076_Wat,519.041577
14,Sample_S19S_0076_Wat,519.0779454
4,Sample_S19S_0076_Wat,519.0911551
15,Sample_S19S_0076_Wat,519.1143103
9,Sample_S19S_0076_Wat,519.1275578
5,Sample_S19S_0076_Wat,519.1356557
28,Sample_S19S_0076_Wat,519.1507584
7,Sample_S19S_0076_Wat,519.1639413
53,Sample_S19S_0076_Wat,519.1872205
17,Sample_S19S_0076_Wat,519.2002386
19,Sample_S19S_0076_Wat,519.2236508
12,Sample_S19S_0076_Wat,519.2600027
24,Sample_S19S_0076_Wat,521.0573462
33,Sample_S19S_0076_Wat,521.0937324
48,Sample_S19S_0076_Wat,521.1301011
29,Sample_S19S_0076_Wat,521.1663968
13,Sample_S19S_0076_Wat,521.1794927
2,Sample_S19S_0076_Wat,521.1946636
13,Sample_S19S_0076_Wat,521.2027235
11,Sample_S19S_0076_Wat,523.0728235
6,Sample_S19S_0076_Wat,523.1091901
14,Sample_S19S_0076_Wat,523.1456062
14,Sample_S19S_0076_Wat,523.1739853
25,Sample_S19S_0076_Wat,523.1820717
2,Sample_S19S_0076_Wat,524.2217713
9,Sample_S19S_0076_Wat,525.0521307
16,Sample_S19S_0076_Wat,525.0674542
24,Sample_S19S_0076_Wat,525.0885729
4,Sample_S19S_0076_Wat,525.1169923
34,Sample_S19S_0076_Wat,525.1250197
38,Sample_S19S_0076_Wat,525.1614051
13,Sample_S19S_0076_Wat,525.2340332
24,Sample_S19S_0076_Wat,526.1566707
9,Sample_S19S_0076_Wat,526.1929575
2,Sample_S19S_0076_Wat,526.2010349
11,Sample_S19S_0076_Wat,527.0467883
13,Sample_S19S_0076_Wat,527.0679337
11,Sample_S19S_0076_Wat,527.0832056
15,Sample_S19S_0076_Wat,527.1043114
40,Sample_S19S_0076_Wat,527.1406475
34,Sample_S19S_0076_Wat,527.1558917
21,Sample_S19S_0076_Wat,527.1689685
32,Sample_S19S_0076_Wat,527.1769645
7,Sample_S19S_0076_Wat,527.1922169
22,Sample_S19S_0076_Wat,527.2052882
8,Sample_S19S_0076_Wat,527.2132606
2,Sample_S19S_0076_Wat,527.2284939
6,Sample_S19S_0076_Wat,527.2415754
24,Sample_S19S_0076_Wat,528.135922
13,Sample_S19S_0076_Wat,529.0624704
10,Sample_S19S_0076_Wat,529.0836238
16,Sample_S19S_0076_Wat,529.0988481
21,Sample_S19S_0076_Wat,529.119899
33,Sample_S19S_0076_Wat,529.1351825
11,Sample_S19S_0076_Wat,529.1482589
22,Sample_S19S_0076_Wat,529.1562352
17,Sample_S19S_0076_Wat,529.1714748
21,Sample_S19S_0076_Wat,529.184567
11,Sample_S19S_0076_Wat,529.1925822
10,Sample_S19S_0076_Wat,529.2078283
8,Sample_S19S_0076_Wat,529.2208396
11,Sample_S19S_0076_Wat,529.2442413
8,Sample_S19S_0076_Wat,529.2573138
5,Sample_S19S_0076_Wat,531.0417642
9,Sample_S19S_0076_Wat,531.0629135
5,Sample_S19S_0076_Wat,531.0781475
16,Sample_S19S_0076_Wat,531.0992322
17,Sample_S19S_0076_Wat,531.1144803
23,Sample_S19S_0076_Wat,531.1355514
29,Sample_S19S_0076_Wat,531.1507766
17,Sample_S19S_0076_Wat,531.1638843
16,Sample_S19S_0076_Wat,531.1871077
15,Sample_S19S_0076_Wat,531.2001725
22,Sample_S19S_0076_Wat,531.2234777
1,Sample_S19S_0076_Wat,531.236471
4,Sample_S19S_0076_Wat,531.2598778
7,Sample_S19S_0076_Wat,533.0574115
16,Sample_S19S_0076_Wat,533.0937827
27,Sample_S19S_0076_Wat,533.1301236
55,Sample_S19S_0076_Wat,533.166456
16,Sample_S19S_0076_Wat,533.1795306
16,Sample_S19S_0076_Wat,533.2027587
7,Sample_S19S_0076_Wat,533.2390944
1,Sample_S19S_0076_Wat,533.275424
9,Sample_S19S_0076_Wat,535.0365569
21,Sample_S19S_0076_Wat,535.0730261
15,Sample_S19S_0076_Wat,535.1094222
10,Sample_S19S_0076_Wat,535.1458132
24,Sample_S19S_0076_Wat,535.1821751
13,Sample_S19S_0076_Wat,535.2547783
7,Sample_S19S_0076_Wat,537.0520931
18,Sample_S19S_0076_Wat,537.0884904
35,Sample_S19S_0076_Wat,537.1249315
12,Sample_S19S_0076_Wat,537.1533456
44,Sample_S19S_0076_Wat,537.161382
6,Sample_S19S_0076_Wat,537.1897464
18,Sample_S19S_0076_Wat,537.1978101
1,Sample_S19S_0076_Wat,537.2261348
11,Sample_S19S_0076_Wat,537.2342192
20,Sample_S19S_0076_Wat,539.0679143
22,Sample_S19S_0076_Wat,539.1042196
9,Sample_S19S_0076_Wat,539.1325679
30,Sample_S19S_0076_Wat,539.1405618
10,Sample_S19S_0076_Wat,539.1688297
7,Sample_S19S_0076_Wat,539.1768779
5,Sample_S19S_0076_Wat,539.2051955
3,Sample_S19S_0076_Wat,539.2132409
8,Sample_S19S_0076_Wat,541.0470414
22,Sample_S19S_0076_Wat,541.0834882
27,Sample_S19S_0076_Wat,541.0988161
27,Sample_S19S_0076_Wat,541.1199147
6,Sample_S19S_0076_Wat,541.1352769
20,Sample_S19S_0076_Wat,541.1563515
5,Sample_S19S_0076_Wat,541.1927684
14,Sample_S19S_0076_Wat,541.2079962
22,Sample_S19S_0076_Wat,541.2290565
7,Sample_S19S_0076_Wat,542.1878502
9,Sample_S19S_0076_Wat,543.0629181
12,Sample_S19S_0076_Wat,543.0781158
21,Sample_S19S_0076_Wat,543.09918
28,Sample_S19S_0076_Wat,543.1144211
21,Sample_S19S_0076_Wat,543.1355017
27,Sample_S19S_0076_Wat,543.1507543
15,Sample_S19S_0076_Wat,543.1638009
11,Sample_S19S_0076_Wat,543.1718262
7,Sample_S19S_0076_Wat,543.1870791
9,Sample_S19S_0076_Wat,543.2001267
1,Sample_S19S_0076_Wat,543.208077
3,Sample_S19S_0076_Wat,543.2234029
4,Sample_S19S_0076_Wat,543.236535
3,Sample_S19S_0076_Wat,543.2447901
12,Sample_S19S_0076_Wat,545.0571838
8,Sample_S19S_0076_Wat,545.0783592
8,Sample_S19S_0076_Wat,545.0935509
11,Sample_S19S_0076_Wat,545.1147104
14,Sample_S19S_0076_Wat,545.1299664
6,Sample_S19S_0076_Wat,545.1432084
24,Sample_S19S_0076_Wat,545.1511507
31,Sample_S19S_0076_Wat,545.1664409
6,Sample_S19S_0076_Wat,545.1795929
22,Sample_S19S_0076_Wat,545.1875733
32,Sample_S19S_0076_Wat,545.2028931
12,Sample_S19S_0076_Wat,545.2159419
4,Sample_S19S_0076_Wat,545.2393178
10,Sample_S19S_0076_Wat,547.0364584
13,Sample_S19S_0076_Wat,547.0729547
18,Sample_S19S_0076_Wat,547.109415
17,Sample_S19S_0076_Wat,547.145805
2,Sample_S19S_0076_Wat,547.1669946
5,Sample_S19S_0076_Wat,547.1822164
2,Sample_S19S_0076_Wat,547.1952584
19,Sample_S19S_0076_Wat,547.2185618
22,Sample_S19S_0076_Wat,547.2548518
11,Sample_S19S_0076_Wat,549.0523077
10,Sample_S19S_0076_Wat,549.0887119
14,Sample_S19S_0076_Wat,549.1250923
18,Sample_S19S_0076_Wat,549.1614413
7,Sample_S19S_0076_Wat,549.1744876
39,Sample_S19S_0076_Wat,549.1977663
14,Sample_S19S_0076_Wat,549.2340464
1,Sample_S19S_0076_Wat,549.2702581
12,Sample_S19S_0076_Wat,551.0679996
16,Sample_S19S_0076_Wat,551.10435
28,Sample_S19S_0076_Wat,551.140683
29,Sample_S19S_0076_Wat,551.1769906
11,Sample_S19S_0076_Wat,551.2052511
19,Sample_S19S_0076_Wat,551.2133063
4,Sample_S19S_0076_Wat,551.2496307
8,Sample_S19S_0076_Wat,553.0472596
8,Sample_S19S_0076_Wat,553.0836572
21,Sample_S19S_0076_Wat,553.1199748
2,Sample_S19S_0076_Wat,553.1483118
46,Sample_S19S_0076_Wat,553.1562956
22,Sample_S19S_0076_Wat,553.1925971
4,Sample_S19S_0076_Wat,553.2288832
8,Sample_S19S_0076_Wat,555.0629131
5,Sample_S19S_0076_Wat,555.0993123
4,Sample_S19S_0076_Wat,555.1145859
7,Sample_S19S_0076_Wat,555.1356619
7,Sample_S19S_0076_Wat,555.1509252
17,Sample_S19S_0076_Wat,555.1720029
24,Sample_S19S_0076_Wat,555.2082923
3,Sample_S19S_0076_Wat,555.244468
19,Sample_S19S_0076_Wat,556.2035902
7,Sample_S19S_0076_Wat,557.0572783
8,Sample_S19S_0076_Wat,557.0785258
16,Sample_S19S_0076_Wat,557.1149049
1,Sample_S19S_0076_Wat,557.1302225
5,Sample_S19S_0076_Wat,557.1513467
1,Sample_S19S_0076_Wat,557.1666319
4,Sample_S19S_0076_Wat,557.1877224
17,Sample_S19S_0076_Wat,557.2239531
9,Sample_S19S_0076_Wat,557.2522397
1,Sample_S19S_0076_Wat,559.0727284
11,Sample_S19S_0076_Wat,559.1092427
25,Sample_S19S_0076_Wat,559.1456819
11,Sample_S19S_0076_Wat,559.1951961
21,Sample_S19S_0076_Wat,559.2185569
15,Sample_S19S_0076_Wat,559.2549341
17,Sample_S19S_0076_Wat,561.0885432
6,Sample_S19S_0076_Wat,561.1248442
14,Sample_S19S_0076_Wat,561.1380479
4,Sample_S19S_0076_Wat,561.1611805
12,Sample_S19S_0076_Wat,561.1743368
2,Sample_S19S_0076_Wat,561.1975534
6,Sample_S19S_0076_Wat,561.2106672
7,Sample_S19S_0076_Wat,561.2339983
19,Sample_S19S_0076_Wat,563.0679011
8,Sample_S19S_0076_Wat,563.1043787
7,Sample_S19S_0076_Wat,563.140767
6,Sample_S19S_0076_Wat,563.1771352
23,Sample_S19S_0076_Wat,563.2134586
22,Sample_S19S_0076_Wat,563.2497644
1,Sample_S19S_0076_Wat,564.2164174
6,Sample_S19S_0076_Wat,565.0470587
10,Sample_S19S_0076_Wat,565.0833841
2,Sample_S19S_0076_Wat,565.1196921
3,Sample_S19S_0076_Wat,565.1561141
1,Sample_S19S_0076_Wat,565.1844084
5,Sample_S19S_0076_Wat,565.2208348
19,Sample_S19S_0076_Wat,565.2290122
24,Sample_S19S_0076_Wat,565.2654316
10,Sample_S19S_0076_Wat,567.0628477
15,Sample_S19S_0076_Wat,567.0992538
10,Sample_S19S_0076_Wat,567.1356587
17,Sample_S19S_0076_Wat,567.2083955
17,Sample_S19S_0076_Wat,567.2446704
15,Sample_S19S_0076_Wat,569.0784551
8,Sample_S19S_0076_Wat,569.0937538
17,Sample_S19S_0076_Wat,569.1147778
9,Sample_S19S_0076_Wat,569.1510794
11,Sample_S19S_0076_Wat,569.17943
2,Sample_S19S_0076_Wat,569.1874013
2,Sample_S19S_0076_Wat,569.2157305
2,Sample_S19S_0076_Wat,571.0575531
3,Sample_S19S_0076_Wat,571.0727742
1,Sample_S19S_0076_Wat,571.0939164
23,Sample_S19S_0076_Wat,571.1303995
28,Sample_S19S_0076_Wat,571.1457131
6,Sample_S19S_0076_Wat,571.1588445
19,Sample_S19S_0076_Wat,571.1668216
5,Sample_S19S_0076_Wat,571.1952621
15,Sample_S19S_0076_Wat,571.2032768
1,Sample_S19S_0076_Wat,571.2316576
8,Sample_S19S_0076_Wat,573.0521883
19,Sample_S19S_0076_Wat,573.0886509
15,Sample_S19S_0076_Wat,573.1096696
15,Sample_S19S_0076_Wat,573.1250609
14,Sample_S19S_0076_Wat,573.1461913
7,Sample_S19S_0076_Wat,573.1615077
6,Sample_S19S_0076_Wat,573.1978706
3,Sample_S19S_0076_Wat,573.2342462
5,Sample_S19S_0076_Wat,575.0680122
7,Sample_S19S_0076_Wat,575.1043617
6,Sample_S19S_0076_Wat,575.1407714
24,Sample_S19S_0076_Wat,575.1770756
13,Sample_S19S_0076_Wat,575.190103
31,Sample_S19S_0076_Wat,575.213398
14,Sample_S19S_0076_Wat,575.2497017
1,Sample_S19S_0076_Wat,576.2164151
5,Sample_S19S_0076_Wat,577.0472834
4,Sample_S19S_0076_Wat,577.0836723
40,Sample_S19S_0076_Wat,577.1563035
26,Sample_S19S_0076_Wat,577.1926143
5,Sample_S19S_0076_Wat,577.228924
1,Sample_S19S_0076_Wat,577.2651743
6,Sample_S19S_0076_Wat,579.0629358
13,Sample_S19S_0076_Wat,579.0992643
27,Sample_S19S_0076_Wat,579.1355972
34,Sample_S19S_0076_Wat,579.1719274
18,Sample_S19S_0076_Wat,579.2082488
4,Sample_S19S_0076_Wat,579.2445526
6,Sample_S19S_0076_Wat,581.0785526
22,Sample_S19S_0076_Wat,581.1148894
35,Sample_S19S_0076_Wat,581.1512226
25,Sample_S19S_0076_Wat,581.1875335
19,Sample_S19S_0076_Wat,581.2238624
6,Sample_S19S_0076_Wat,581.2602074
2,Sample_S19S_0076_Wat,583.0731247
1,Sample_S19S_0076_Wat,583.094266
2,Sample_S19S_0076_Wat,583.1095053
11,Sample_S19S_0076_Wat,583.1306046
18,Sample_S19S_0076_Wat,583.1669172
20,Sample_S19S_0076_Wat,583.2032587
12,Sample_S19S_0076_Wat,583.2314722
15,Sample_S19S_0076_Wat,583.2395225
7,Sample_S19S_0076_Wat,585.0734724
7,Sample_S19S_0076_Wat,585.0886953
6,Sample_S19S_0076_Wat,585.1098543
1,Sample_S19S_0076_Wat,585.1826784
4,Sample_S19S_0076_Wat,585.197889
4,Sample_S19S_0076_Wat,585.2190128
21,Sample_S19S_0076_Wat,585.2341632
13,Sample_S19S_0076_Wat,587.1041571
13,Sample_S19S_0076_Wat,587.1254376
14,Sample_S19S_0076_Wat,587.1405809
10,Sample_S19S_0076_Wat,587.161795
22,Sample_S19S_0076_Wat,587.1770783
7,Sample_S19S_0076_Wat,587.19016
18,Sample_S19S_0076_Wat,587.2134744
5,Sample_S19S_0076_Wat,587.2265632
12,Sample_S19S_0076_Wat,587.2498677
4,Sample_S19S_0076_Wat,589.119725
3,Sample_S19S_0076_Wat,589.1924321
2,Sample_S19S_0076_Wat,589.2288053
5,Sample_S19S_0076_Wat,591.0993225
10,Sample_S19S_0076_Wat,591.1720289
12,Sample_S19S_0076_Wat,591.2446301
3,Sample_S19S_0076_Wat,593.078251
2,Sample_S19S_0076_Wat,593.1146582
10,Sample_S19S_0076_Wat,593.1511079
27,Sample_S19S_0076_Wat,593.1875846
17,Sample_S19S_0076_Wat,593.2240288
18,Sample_S19S_0076_Wat,595.130396
3,Sample_S19S_0076_Wat,597.0731946
14,Sample_S19S_0076_Wat,597.1460191
8,Sample_S19S_0076_Wat,597.1743002
24,Sample_S19S_0076_Wat,597.1824999
17,Sample_S19S_0076_Wat,599.1618335
9,Sample_S19S_0076_Wat,599.1981029
2,Sample_S19S_0076_Wat,601.1043657
5,Sample_S19S_0076_Wat,601.1560091
1,Sample_S19S_0076_Wat,601.1691262
2,Sample_S19S_0076_Wat,601.1922438
17,Sample_S19S_0076_Wat,601.2138142
22,Sample_S19S_0076_Wat,603.2447417
4,Sample_S19S_0076_Wat,605.1149751
1,Sample_S19S_0076_Wat,605.1513953
8,Sample_S19S_0076_Wat,605.1877226
7,Sample_S19S_0076_Wat,605.2240726
13,Sample_S19S_0076_Wat,605.2602478
24,Sample_S19S_0076_Wat,607.1304892
28,Sample_S19S_0076_Wat,607.1667845
5,Sample_S19S_0076_Wat,607.2030678
2,Sample_S19S_0076_Wat,607.2394004
6,Sample_S19S_0076_Wat,609.0733165
19,Sample_S19S_0076_Wat,609.1096597
4,Sample_S19S_0076_Wat,609.1459321
1,Sample_S19S_0076_Wat,609.1822447
4,Sample_S19S_0076_Wat,609.2185999
3,Sample_S19S_0076_Wat,609.2548435
4,Sample_S19S_0076_Wat,611.125099
1,Sample_S19S_0076_Wat,611.1898292
3,Sample_S19S_0076_Wat,611.1978745
1,Sample_S19S_0076_Wat,611.226191
1,Sample_S19S_0076_Wat,615.0988834
3,Sample_S19S_0076_Wat,617.0782506
2,Sample_S19S_0076_Wat,617.223552
3,Sample_S19S_0076_Wat,619.130318
2,Sample_S19S_0076_Wat,619.1666544
4,Sample_S19S_0076_Wat,619.2029535
13,Sample_S19S_0076_Wat,621.1098264
15,Sample_S19S_0076_Wat,621.1461897
24,Sample_S19S_0076_Wat,621.1825214
16,Sample_S19S_0076_Wat,621.218773
8,Sample_S19S_0076_Wat,623.0891397
1,Sample_S19S_0076_Wat,623.1255649
1,Sample_S19S_0076_Wat,623.162005
3,Sample_S19S_0076_Wat,623.1983716
2,Sample_S19S_0076_Wat,623.2347542
2,Sample_S19S_0076_Wat,623.2710307
1,Sample_S19S_0076_Wat,625.1044435
5,Sample_S19S_0076_Wat,625.1408979
12,Sample_S19S_0076_Wat,625.1773321
14,Sample_S19S_0076_Wat,625.2501721
2,Sample_S19S_0076_Wat,627.1200117
16,Sample_S19S_0076_Wat,631.1667917
17,Sample_S19S_0076_Wat,633.1097626
7,Sample_S19S_0076_Wat,633.1459928
2,Sample_S19S_0076_Wat,633.1822488
5,Sample_S19S_0076_Wat,635.1252433
7,Sample_S19S_0076_Wat,635.1982777
5,Sample_S19S_0076_Wat,635.2346553
13,Sample_S19S_0076_Wat,635.2709215
1,Sample_S19S_0076_Wat,639.1200807
8,Sample_S19S_0076_Wat,645.1462149
1,Sample_S19S_0076_Wat,649.2861388
11,Sample_S19S_0076_Wat,655.1880228
14,Sample_S19S_0076_Wat,661.2138611
13,Sample_S19S_0076_Wat,663.1567617
17,Sample_S19S_0076_Wat,663.2295158
9,Sample_S19S_0076_Wat,663.3022041
6,Sample_S19S_0076_Wat,665.0996001
1,Sample_S19S_0076_Wat,665.2089152
2,Sample_S19S_0076_Wat,665.2452775
11,Sample_S19S_0076_Wat,667.1515045
2,Sample_S19S_0076_Wat,673.2135557
2,Sample_S19S_0076_Wat,677.245322
7,Sample_S19S_0076_Wat,679.1516576
3,Sample_S19S_0076_Wat,679.1877778
3,Sample_S19S_0076_Wat,703.2605077
5,Sample_S19S_0076_Wat,749.2295656
