num.trans.involved.in,sample,peak
32,Sample_S19S_0006_Wat,201.0768122
9,Sample_S19S_0006_Wat,203.0713203
10,Sample_S19S_0006_Wat,203.0924536
26,Sample_S19S_0006_Wat,204.0302084
31,Sample_S19S_0006_Wat,205.0142188
32,Sample_S19S_0006_Wat,205.0505947
18,Sample_S19S_0006_Wat,205.086978
11,Sample_S19S_0006_Wat,205.1597578
41,Sample_S19S_0006_Wat,207.0298709
41,Sample_S19S_0006_Wat,207.066249
17,Sample_S19S_0006_Wat,209.0091207
34,Sample_S19S_0006_Wat,209.0455114
41,Sample_S19S_0006_Wat,209.0818981
53,Sample_S19S_0006_Wat,211.0247874
57,Sample_S19S_0006_Wat,211.0611736
38,Sample_S19S_0006_Wat,211.097555
21,Sample_S19S_0006_Wat,212.0564229
31,Sample_S19S_0006_Wat,213.0404285
43,Sample_S19S_0006_Wat,213.0768216
33,Sample_S19S_0006_Wat,213.1132092
36,Sample_S19S_0006_Wat,215.0560786
42,Sample_S19S_0006_Wat,215.0924726
20,Sample_S19S_0006_Wat,215.1288446
42,Sample_S19S_0006_Wat,217.0717431
31,Sample_S19S_0006_Wat,217.1081169
53,Sample_S19S_0006_Wat,219.0298823
20,Sample_S19S_0006_Wat,219.0662407
41,Sample_S19S_0006_Wat,221.0455191
27,Sample_S19S_0006_Wat,221.0818912
32,Sample_S19S_0006_Wat,221.1182865
10,Sample_S19S_0006_Wat,221.1546776
4,Sample_S19S_0006_Wat,222.0407486
12,Sample_S19S_0006_Wat,222.0771399
52,Sample_S19S_0006_Wat,223.0247931
23,Sample_S19S_0006_Wat,223.0611523
49,Sample_S19S_0006_Wat,223.0975605
27,Sample_S19S_0006_Wat,224.0564233
10,Sample_S19S_0006_Wat,225.0040321
83,Sample_S19S_0006_Wat,225.0404494
56,Sample_S19S_0006_Wat,225.0768195
19,Sample_S19S_0006_Wat,225.1131873
15,Sample_S19S_0006_Wat,226.0356785
33,Sample_S19S_0006_Wat,226.072077
35,Sample_S19S_0006_Wat,227.0349777
35,Sample_S19S_0006_Wat,227.056079
48,Sample_S19S_0006_Wat,227.092466
35,Sample_S19S_0006_Wat,227.1288722
38,Sample_S19S_0006_Wat,229.0353497
48,Sample_S19S_0006_Wat,229.0717413
35,Sample_S19S_0006_Wat,229.1081151
24,Sample_S19S_0006_Wat,229.14452
45,Sample_S19S_0006_Wat,231.0298777
42,Sample_S19S_0006_Wat,231.051012
35,Sample_S19S_0006_Wat,231.0662593
43,Sample_S19S_0006_Wat,231.0873835
50,Sample_S19S_0006_Wat,233.0455307
48,Sample_S19S_0006_Wat,233.0819208
36,Sample_S19S_0006_Wat,233.1182842
17,Sample_S19S_0006_Wat,233.1546845
5,Sample_S19S_0006_Wat,234.0407445
53,Sample_S19S_0006_Wat,235.0247912
12,Sample_S19S_0006_Wat,235.0434342
68,Sample_S19S_0006_Wat,235.0611873
26,Sample_S19S_0006_Wat,235.0645616
50,Sample_S19S_0006_Wat,235.0975749
27,Sample_S19S_0006_Wat,235.1339408
53,Sample_S19S_0006_Wat,236.0564412
57,Sample_S19S_0006_Wat,237.0404421
70,Sample_S19S_0006_Wat,237.0768351
52,Sample_S19S_0006_Wat,237.1132227
27,Sample_S19S_0006_Wat,238.0720655
69,Sample_S19S_0006_Wat,239.0197221
102,Sample_S19S_0006_Wat,239.0561117
9,Sample_S19S_0006_Wat,239.0673352
104,Sample_S19S_0006_Wat,239.092497
51,Sample_S19S_0006_Wat,239.1288753
35,Sample_S19S_0006_Wat,240.0513448
37,Sample_S19S_0006_Wat,240.0877319
15,Sample_S19S_0006_Wat,241.0176131
75,Sample_S19S_0006_Wat,241.03537
55,Sample_S19S_0006_Wat,241.0717422
33,Sample_S19S_0006_Wat,241.1081087
25,Sample_S19S_0006_Wat,241.1445007
51,Sample_S19S_0006_Wat,242.0670034
18,Sample_S19S_0006_Wat,242.139775
5,Sample_S19S_0006_Wat,242.1761465
42,Sample_S19S_0006_Wat,243.0332768
80,Sample_S19S_0006_Wat,243.0510224
43,Sample_S19S_0006_Wat,243.0873816
26,Sample_S19S_0006_Wat,243.1237626
23,Sample_S19S_0006_Wat,243.1601665
79,Sample_S19S_0006_Wat,245.0455587
26,Sample_S19S_0006_Wat,245.0489119
85,Sample_S19S_0006_Wat,245.0666847
59,Sample_S19S_0006_Wat,245.0819342
46,Sample_S19S_0006_Wat,245.0853113
69,Sample_S19S_0006_Wat,245.1030642
24,Sample_S19S_0006_Wat,245.1182896
32,Sample_S19S_0006_Wat,246.0407845
56,Sample_S19S_0006_Wat,247.024801
81,Sample_S19S_0006_Wat,247.0612011
11,Sample_S19S_0006_Wat,247.0645256
75,Sample_S19S_0006_Wat,247.0823368
80,Sample_S19S_0006_Wat,247.0975945
53,Sample_S19S_0006_Wat,247.1339672
28,Sample_S19S_0006_Wat,248.0200547
46,Sample_S19S_0006_Wat,248.0564361
47,Sample_S19S_0006_Wat,249.0040636
87,Sample_S19S_0006_Wat,249.0404675
23,Sample_S19S_0006_Wat,249.0438151
18,Sample_S19S_0006_Wat,249.0591113
99,Sample_S19S_0006_Wat,249.0768527
25,Sample_S19S_0006_Wat,249.0802097
43,Sample_S19S_0006_Wat,249.1132224
47,Sample_S19S_0006_Wat,249.1496147
57,Sample_S19S_0006_Wat,250.07209
74,Sample_S19S_0006_Wat,251.0197332
83,Sample_S19S_0006_Wat,251.0560986
21,Sample_S19S_0006_Wat,251.0594793
125,Sample_S19S_0006_Wat,251.0925063
56,Sample_S19S_0006_Wat,251.1289035
51,Sample_S19S_0006_Wat,252.0513612
49,Sample_S19S_0006_Wat,252.0877348
101,Sample_S19S_0006_Wat,253.0353983
129,Sample_S19S_0006_Wat,253.0717756
7,Sample_S19S_0006_Wat,253.0829986
47,Sample_S19S_0006_Wat,253.1081345
57,Sample_S19S_0006_Wat,253.1445337
42,Sample_S19S_0006_Wat,254.0670222
44,Sample_S19S_0006_Wat,254.1033853
58,Sample_S19S_0006_Wat,255.0146298
31,Sample_S19S_0006_Wat,255.0332681
102,Sample_S19S_0006_Wat,255.0510433
48,Sample_S19S_0006_Wat,255.0663123
20,Sample_S19S_0006_Wat,255.0696877
123,Sample_S19S_0006_Wat,255.0874163
48,Sample_S19S_0006_Wat,255.1237776
37,Sample_S19S_0006_Wat,255.1602018
44,Sample_S19S_0006_Wat,256.0826837
24,Sample_S19S_0006_Wat,256.1190609
23,Sample_S19S_0006_Wat,257.012566
77,Sample_S19S_0006_Wat,257.030304
66,Sample_S19S_0006_Wat,257.0455598
52,Sample_S19S_0006_Wat,257.048925
100,Sample_S19S_0006_Wat,257.0666765
49,Sample_S19S_0006_Wat,257.085313
69,Sample_S19S_0006_Wat,257.1030521
57,Sample_S19S_0006_Wat,257.1394516
48,Sample_S19S_0006_Wat,258.0619166
56,Sample_S19S_0006_Wat,259.0248281
36,Sample_S19S_0006_Wat,259.0282061
86,Sample_S19S_0006_Wat,259.0459547
78,Sample_S19S_0006_Wat,259.0612028
55,Sample_S19S_0006_Wat,259.0645754
91,Sample_S19S_0006_Wat,259.0823405
72,Sample_S19S_0006_Wat,259.0975861
39,Sample_S19S_0006_Wat,259.1009624
67,Sample_S19S_0006_Wat,259.1187072
17,Sample_S19S_0006_Wat,260.0564172
67,Sample_S19S_0006_Wat,261.040468
30,Sample_S19S_0006_Wat,261.04386
65,Sample_S19S_0006_Wat,261.061588
102,Sample_S19S_0006_Wat,261.0768598
26,Sample_S19S_0006_Wat,261.0801943
51,Sample_S19S_0006_Wat,261.0980071
69,Sample_S19S_0006_Wat,261.1132477
33,Sample_S19S_0006_Wat,262.0357323
44,Sample_S19S_0006_Wat,262.0721008
53,Sample_S19S_0006_Wat,263.019721
95,Sample_S19S_0006_Wat,263.0561329
42,Sample_S19S_0006_Wat,263.0595
56,Sample_S19S_0006_Wat,263.0924815
28,Sample_S19S_0006_Wat,263.0958535
62,Sample_S19S_0006_Wat,263.128908
52,Sample_S19S_0006_Wat,264.0513612
51,Sample_S19S_0006_Wat,264.087752
91,Sample_S19S_0006_Wat,265.0353938
96,Sample_S19S_0006_Wat,265.0717855
37,Sample_S19S_0006_Wat,265.07514
110,Sample_S19S_0006_Wat,265.1081545
47,Sample_S19S_0006_Wat,265.1445692
8,Sample_S19S_0006_Wat,265.1479151
39,Sample_S19S_0006_Wat,266.0306266
58,Sample_S19S_0006_Wat,266.0670361
41,Sample_S19S_0006_Wat,266.1034196
66,Sample_S19S_0006_Wat,267.0146829
12,Sample_S19S_0006_Wat,267.03333
111,Sample_S19S_0006_Wat,267.0510336
26,Sample_S19S_0006_Wat,267.0663132
13,Sample_S19S_0006_Wat,267.0696979
115,Sample_S19S_0006_Wat,267.0874299
104,Sample_S19S_0006_Wat,267.123805
50,Sample_S19S_0006_Wat,267.1601848
50,Sample_S19S_0006_Wat,268.0462977
65,Sample_S19S_0006_Wat,268.08266
42,Sample_S19S_0006_Wat,268.1190514
29,Sample_S19S_0006_Wat,269.01256
77,Sample_S19S_0006_Wat,269.0303205
10,Sample_S19S_0006_Wat,269.0455202
56,Sample_S19S_0006_Wat,269.0489342
127,Sample_S19S_0006_Wat,269.0666802
48,Sample_S19S_0006_Wat,269.0819528
45,Sample_S19S_0006_Wat,269.0853155
110,Sample_S19S_0006_Wat,269.1030627
63,Sample_S19S_0006_Wat,269.1394657
30,Sample_S19S_0006_Wat,269.1758579
50,Sample_S19S_0006_Wat,270.0619439
55,Sample_S19S_0006_Wat,270.0983057
35,Sample_S19S_0006_Wat,271.0281864
80,Sample_S19S_0006_Wat,271.0459737
32,Sample_S19S_0006_Wat,271.061176
47,Sample_S19S_0006_Wat,271.0645721
97,Sample_S19S_0006_Wat,271.0823212
40,Sample_S19S_0006_Wat,271.0976146
12,Sample_S19S_0006_Wat,271.1009969
94,Sample_S19S_0006_Wat,271.118718
33,Sample_S19S_0006_Wat,271.1551343
49,Sample_S19S_0006_Wat,272.0775888
65,Sample_S19S_0006_Wat,273.040478
43,Sample_S19S_0006_Wat,273.0438577
77,Sample_S19S_0006_Wat,273.061591
92,Sample_S19S_0006_Wat,273.0768603
35,Sample_S19S_0006_Wat,273.0802466
83,Sample_S19S_0006_Wat,273.0979879
64,Sample_S19S_0006_Wat,273.1132445
33,Sample_S19S_0006_Wat,273.1166186
44,Sample_S19S_0006_Wat,273.1343844
33,Sample_S19S_0006_Wat,274.0357454
44,Sample_S19S_0006_Wat,274.0720917
30,Sample_S19S_0006_Wat,274.0932637
65,Sample_S19S_0006_Wat,275.0197425
36,Sample_S19S_0006_Wat,275.0231068
83,Sample_S19S_0006_Wat,275.0561155
52,Sample_S19S_0006_Wat,275.0594984
80,Sample_S19S_0006_Wat,275.0772487
97,Sample_S19S_0006_Wat,275.0925149
28,Sample_S19S_0006_Wat,275.0958927
66,Sample_S19S_0006_Wat,275.1136274
62,Sample_S19S_0006_Wat,275.1288873
25,Sample_S19S_0006_Wat,276.0150051
43,Sample_S19S_0006_Wat,276.0513913
23,Sample_S19S_0006_Wat,276.0877174
95,Sample_S19S_0006_Wat,277.0354157
21,Sample_S19S_0006_Wat,277.0387785
100,Sample_S19S_0006_Wat,277.0717892
48,Sample_S19S_0006_Wat,277.0751477
19,Sample_S19S_0006_Wat,277.0830242
103,Sample_S19S_0006_Wat,277.1081544
17,Sample_S19S_0006_Wat,277.1115453
68,Sample_S19S_0006_Wat,277.1445377
33,Sample_S19S_0006_Wat,278.0306345
49,Sample_S19S_0006_Wat,278.0670289
40,Sample_S19S_0006_Wat,278.1034322
44,Sample_S19S_0006_Wat,279.0146331
97,Sample_S19S_0006_Wat,279.0510516
39,Sample_S19S_0006_Wat,279.0544147
18,Sample_S19S_0006_Wat,279.0622836
10,Sample_S19S_0006_Wat,279.0697012
67,Sample_S19S_0006_Wat,279.0874539
7,Sample_S19S_0006_Wat,279.0908266
21,Sample_S19S_0006_Wat,279.0986672
77,Sample_S19S_0006_Wat,279.1238221
55,Sample_S19S_0006_Wat,279.160186
51,Sample_S19S_0006_Wat,280.0463018
62,Sample_S19S_0006_Wat,280.0826921
53,Sample_S19S_0006_Wat,280.1190492
84,Sample_S19S_0006_Wat,281.0303339
8,Sample_S19S_0006_Wat,281.0489881
125,Sample_S19S_0006_Wat,281.0666829
13,Sample_S19S_0006_Wat,281.0700358
22,Sample_S19S_0006_Wat,281.0779309
2,Sample_S19S_0006_Wat,281.0853812
76,Sample_S19S_0006_Wat,281.1030502
83,Sample_S19S_0006_Wat,281.1394597
30,Sample_S19S_0006_Wat,281.1758716
32,Sample_S19S_0006_Wat,282.025533
43,Sample_S19S_0006_Wat,282.0983548
17,Sample_S19S_0006_Wat,282.1347472
61,Sample_S19S_0006_Wat,283.0095898
20,Sample_S19S_0006_Wat,283.0247982
28,Sample_S19S_0006_Wat,283.0282193
113,Sample_S19S_0006_Wat,283.0459554
48,Sample_S19S_0006_Wat,283.0612062
11,Sample_S19S_0006_Wat,283.064623
80,Sample_S19S_0006_Wat,283.0823169
10,Sample_S19S_0006_Wat,283.085683
6,Sample_S19S_0006_Wat,283.1010031
121,Sample_S19S_0006_Wat,283.118715
48,Sample_S19S_0006_Wat,283.1551309
39,Sample_S19S_0006_Wat,284.0412345
51,Sample_S19S_0006_Wat,284.0776208
45,Sample_S19S_0006_Wat,284.1139788
28,Sample_S19S_0006_Wat,285.0074703
69,Sample_S19S_0006_Wat,285.025228
56,Sample_S19S_0006_Wat,285.0404866
27,Sample_S19S_0006_Wat,285.0438689
75,Sample_S19S_0006_Wat,285.0616357
58,Sample_S19S_0006_Wat,285.0768513
42,Sample_S19S_0006_Wat,285.0802217
38,Sample_S19S_0006_Wat,285.0980306
21,Sample_S19S_0006_Wat,285.1132165
37,Sample_S19S_0006_Wat,285.1166168
57,Sample_S19S_0006_Wat,285.1343948
46,Sample_S19S_0006_Wat,285.17075
37,Sample_S19S_0006_Wat,286.0568589
38,Sample_S19S_0006_Wat,286.0720931
46,Sample_S19S_0006_Wat,286.0932539
58,Sample_S19S_0006_Wat,287.0197477
29,Sample_S19S_0006_Wat,287.0231311
66,Sample_S19S_0006_Wat,287.0408776
71,Sample_S19S_0006_Wat,287.0561351
15,Sample_S19S_0006_Wat,287.0595327
89,Sample_S19S_0006_Wat,287.0772537
76,Sample_S19S_0006_Wat,287.0925228
52,Sample_S19S_0006_Wat,287.0958808
86,Sample_S19S_0006_Wat,287.1136282
55,Sample_S19S_0006_Wat,287.1289021
19,Sample_S19S_0006_Wat,287.1322824
56,Sample_S19S_0006_Wat,287.150015
40,Sample_S19S_0006_Wat,288.0513962
39,Sample_S19S_0006_Wat,288.0877815
78,Sample_S19S_0006_Wat,289.0354029
34,Sample_S19S_0006_Wat,289.0387746
11,Sample_S19S_0006_Wat,289.0540343
68,Sample_S19S_0006_Wat,289.0565242
101,Sample_S19S_0006_Wat,289.0717704
56,Sample_S19S_0006_Wat,289.0751476
71,Sample_S19S_0006_Wat,289.0929075
78,Sample_S19S_0006_Wat,289.1081489
43,Sample_S19S_0006_Wat,289.1115236
63,Sample_S19S_0006_Wat,289.1292776
62,Sample_S19S_0006_Wat,289.1445478
9,Sample_S19S_0006_Wat,290.0305978
23,Sample_S19S_0006_Wat,290.0669883
10,Sample_S19S_0006_Wat,290.0882083
57,Sample_S19S_0006_Wat,290.1033932
63,Sample_S19S_0006_Wat,291.0146759
6,Sample_S19S_0006_Wat,291.0333342
95,Sample_S19S_0006_Wat,291.0510416
40,Sample_S19S_0006_Wat,291.0543989
21,Sample_S19S_0006_Wat,291.0696667
59,Sample_S19S_0006_Wat,291.0721692
98,Sample_S19S_0006_Wat,291.0874132
26,Sample_S19S_0006_Wat,291.0907683
12,Sample_S19S_0006_Wat,291.0986884
77,Sample_S19S_0006_Wat,291.1237966
23,Sample_S19S_0006_Wat,291.1271615
59,Sample_S19S_0006_Wat,291.1601932
22,Sample_S19S_0006_Wat,292.0098809
41,Sample_S19S_0006_Wat,292.0462633
45,Sample_S19S_0006_Wat,292.1190716
1,Sample_S19S_0006_Wat,292.2129776
10,Sample_S19S_0006_Wat,293.0125803
81,Sample_S19S_0006_Wat,293.0303357
15,Sample_S19S_0006_Wat,293.0489616
95,Sample_S19S_0006_Wat,293.0667099
34,Sample_S19S_0006_Wat,293.0700724
30,Sample_S19S_0006_Wat,293.0853214
112,Sample_S19S_0006_Wat,293.1030793
31,Sample_S19S_0006_Wat,293.1064492
94,Sample_S19S_0006_Wat,293.1394564
16,Sample_S19S_0006_Wat,293.1757942
52,Sample_S19S_0006_Wat,294.0619153
61,Sample_S19S_0006_Wat,294.098304
46,Sample_S19S_0006_Wat,294.1347046
45,Sample_S19S_0006_Wat,295.0095496
85,Sample_S19S_0006_Wat,295.0459444
11,Sample_S19S_0006_Wat,295.0572284
8,Sample_S19S_0006_Wat,295.0646393
124,Sample_S19S_0006_Wat,295.0823376
32,Sample_S19S_0006_Wat,295.0857132
3,Sample_S19S_0006_Wat,295.093638
5,Sample_S19S_0006_Wat,295.1010171
125,Sample_S19S_0006_Wat,295.1187213
68,Sample_S19S_0006_Wat,295.1550986
30,Sample_S19S_0006_Wat,295.1914926
38,Sample_S19S_0006_Wat,296.0411763
62,Sample_S19S_0006_Wat,296.0775656
43,Sample_S19S_0006_Wat,296.1139469
76,Sample_S19S_0006_Wat,297.025237
27,Sample_S19S_0006_Wat,297.0404658
30,Sample_S19S_0006_Wat,297.0438655
93,Sample_S19S_0006_Wat,297.0616262
20,Sample_S19S_0006_Wat,297.0728378
27,Sample_S19S_0006_Wat,297.0768371
50,Sample_S19S_0006_Wat,297.080232
71,Sample_S19S_0006_Wat,297.0980154
15,Sample_S19S_0006_Wat,297.109248
36,Sample_S19S_0006_Wat,297.1132369
22,Sample_S19S_0006_Wat,297.116632
48,Sample_S19S_0006_Wat,297.1344063
16,Sample_S19S_0006_Wat,297.1529844
23,Sample_S19S_0006_Wat,297.1707937
57,Sample_S19S_0006_Wat,298.0568737
51,Sample_S19S_0006_Wat,298.0932671
37,Sample_S19S_0006_Wat,298.1296449
31,Sample_S19S_0006_Wat,299.0231228
72,Sample_S19S_0006_Wat,299.0408894
67,Sample_S19S_0006_Wat,299.05613
59,Sample_S19S_0006_Wat,299.0595
102,Sample_S19S_0006_Wat,299.0772616
17,Sample_S19S_0006_Wat,299.0884889
54,Sample_S19S_0006_Wat,299.0924991
33,Sample_S19S_0006_Wat,299.0958611
87,Sample_S19S_0006_Wat,299.1136455
24,Sample_S19S_0006_Wat,299.1288646
29,Sample_S19S_0006_Wat,299.1322536
77,Sample_S19S_0006_Wat,299.1500243
50,Sample_S19S_0006_Wat,300.0725
35,Sample_S19S_0006_Wat,300.0877696
43,Sample_S19S_0006_Wat,300.1089049
16,Sample_S19S_0006_Wat,301.0023572
61,Sample_S19S_0006_Wat,301.0353903
42,Sample_S19S_0006_Wat,301.0387674
63,Sample_S19S_0006_Wat,301.0565488
62,Sample_S19S_0006_Wat,301.071792
65,Sample_S19S_0006_Wat,301.0751454
60,Sample_S19S_0006_Wat,301.092932
41,Sample_S19S_0006_Wat,301.1081829
37,Sample_S19S_0006_Wat,301.1115398
48,Sample_S19S_0006_Wat,301.129318
47,Sample_S19S_0006_Wat,301.1445638
26,Sample_S19S_0006_Wat,301.1479156
38,Sample_S19S_0006_Wat,301.1656955
26,Sample_S19S_0006_Wat,302.0306578
44,Sample_S19S_0006_Wat,302.0670162
25,Sample_S19S_0006_Wat,302.0881947
47,Sample_S19S_0006_Wat,303.0146906
77,Sample_S19S_0006_Wat,303.0510433
58,Sample_S19S_0006_Wat,303.0544081
6,Sample_S19S_0006_Wat,303.0623453
77,Sample_S19S_0006_Wat,303.0721573
80,Sample_S19S_0006_Wat,303.0874395
53,Sample_S19S_0006_Wat,303.0907893
84,Sample_S19S_0006_Wat,303.1085414
66,Sample_S19S_0006_Wat,303.1238249
26,Sample_S19S_0006_Wat,303.1271588
56,Sample_S19S_0006_Wat,303.1449308
43,Sample_S19S_0006_Wat,303.1602155
37,Sample_S19S_0006_Wat,304.0462877
51,Sample_S19S_0006_Wat,304.0826613
24,Sample_S19S_0006_Wat,304.1038383
57,Sample_S19S_0006_Wat,304.119049
7,Sample_S19S_0006_Wat,304.1402446
81,Sample_S19S_0006_Wat,305.0303157
102,Sample_S19S_0006_Wat,305.0666877
49,Sample_S19S_0006_Wat,305.0700613
43,Sample_S19S_0006_Wat,305.087829
92,Sample_S19S_0006_Wat,305.1030852
29,Sample_S19S_0006_Wat,305.1064563
1,Sample_S19S_0006_Wat,305.1143903
71,Sample_S19S_0006_Wat,305.1394662
14,Sample_S19S_0006_Wat,305.1428533
41,Sample_S19S_0006_Wat,305.1758605
61,Sample_S19S_0006_Wat,306.0983427
42,Sample_S19S_0006_Wat,307.0095853
9,Sample_S19S_0006_Wat,307.0282517
101,Sample_S19S_0006_Wat,307.0459779
24,Sample_S19S_0006_Wat,307.0493115
10,Sample_S19S_0006_Wat,307.0572343
31,Sample_S19S_0006_Wat,307.0645834
69,Sample_S19S_0006_Wat,307.0823737
29,Sample_S19S_0006_Wat,307.0857227
18,Sample_S19S_0006_Wat,307.0936059
15,Sample_S19S_0006_Wat,307.1009424
52,Sample_S19S_0006_Wat,307.1187572
16,Sample_S19S_0006_Wat,307.1221115
47,Sample_S19S_0006_Wat,307.1551342
35,Sample_S19S_0006_Wat,307.1915179
58,Sample_S19S_0006_Wat,308.0412303
66,Sample_S19S_0006_Wat,308.0775973
57,Sample_S19S_0006_Wat,308.1139545
42,Sample_S19S_0006_Wat,308.1503432
18,Sample_S19S_0006_Wat,309.007479
73,Sample_S19S_0006_Wat,309.0252469
16,Sample_S19S_0006_Wat,309.0438781
110,Sample_S19S_0006_Wat,309.0616036
22,Sample_S19S_0006_Wat,309.0649579
16,Sample_S19S_0006_Wat,309.0728691
38,Sample_S19S_0006_Wat,309.0802354
114,Sample_S19S_0006_Wat,309.0979773
8,Sample_S19S_0006_Wat,309.1092661
22,Sample_S19S_0006_Wat,309.1165856
101,Sample_S19S_0006_Wat,309.1343649
54,Sample_S19S_0006_Wat,309.1707647
5,Sample_S19S_0006_Wat,309.1741269
52,Sample_S19S_0006_Wat,310.0568411
64,Sample_S19S_0006_Wat,310.0932206
58,Sample_S19S_0006_Wat,310.1296176
32,Sample_S19S_0006_Wat,311.0197516
32,Sample_S19S_0006_Wat,311.0231058
82,Sample_S19S_0006_Wat,311.0408991
46,Sample_S19S_0006_Wat,311.0561331
19,Sample_S19S_0006_Wat,311.0594676
102,Sample_S19S_0006_Wat,311.0772659
22,Sample_S19S_0006_Wat,311.0885065
41,Sample_S19S_0006_Wat,311.0925054
25,Sample_S19S_0006_Wat,311.0958599
13,Sample_S19S_0006_Wat,311.105537
135,Sample_S19S_0006_Wat,311.1136352
16,Sample_S19S_0006_Wat,311.132285
82,Sample_S19S_0006_Wat,311.1500195
4,Sample_S19S_0006_Wat,311.1686157
34,Sample_S19S_0006_Wat,311.186419
38,Sample_S19S_0006_Wat,312.0361043
57,Sample_S19S_0006_Wat,312.0725103
15,Sample_S19S_0006_Wat,313.0024017
53,Sample_S19S_0006_Wat,313.0201379
39,Sample_S19S_0006_Wat,313.0353909
43,Sample_S19S_0006_Wat,313.0387549
80,Sample_S19S_0006_Wat,313.0565398
38,Sample_S19S_0006_Wat,313.071764
15,Sample_S19S_0006_Wat,313.075094
81,Sample_S19S_0006_Wat,313.0929245
60,Sample_S19S_0006_Wat,313.1081574
30,Sample_S19S_0006_Wat,313.1115031
74,Sample_S19S_0006_Wat,313.1293014
13,Sample_S19S_0006_Wat,313.1479364
53,Sample_S19S_0006_Wat,313.1656688
45,Sample_S19S_0006_Wat,314.0517902
59,Sample_S19S_0006_Wat,314.0881771
47,Sample_S19S_0006_Wat,314.1245573
26,Sample_S19S_0006_Wat,315.0180328
63,Sample_S19S_0006_Wat,315.035781
64,Sample_S19S_0006_Wat,315.0510397
56,Sample_S19S_0006_Wat,315.0544106
74,Sample_S19S_0006_Wat,315.0721791
44,Sample_S19S_0006_Wat,315.0873994
17,Sample_S19S_0006_Wat,315.0907452
64,Sample_S19S_0006_Wat,315.1085755
71,Sample_S19S_0006_Wat,315.1238052
18,Sample_S19S_0006_Wat,315.1271409
52,Sample_S19S_0006_Wat,315.1449559
49,Sample_S19S_0006_Wat,315.1602065
39,Sample_S19S_0006_Wat,316.0463145
34,Sample_S19S_0006_Wat,316.0674166
55,Sample_S19S_0006_Wat,316.0826874
24,Sample_S19S_0006_Wat,316.1402237
54,Sample_S19S_0006_Wat,317.0303382
8,Sample_S19S_0006_Wat,317.0337185
67,Sample_S19S_0006_Wat,317.0514233
88,Sample_S19S_0006_Wat,317.0666936
59,Sample_S19S_0006_Wat,317.0700656
88,Sample_S19S_0006_Wat,317.0878157
71,Sample_S19S_0006_Wat,317.1030588
16,Sample_S19S_0006_Wat,317.1063977
47,Sample_S19S_0006_Wat,317.124227
77,Sample_S19S_0006_Wat,317.1394552
16,Sample_S19S_0006_Wat,317.1427951
39,Sample_S19S_0006_Wat,317.1606071
37,Sample_S19S_0006_Wat,317.1758589
18,Sample_S19S_0006_Wat,318.0255948
50,Sample_S19S_0006_Wat,318.0619419
15,Sample_S19S_0006_Wat,318.0831173
51,Sample_S19S_0006_Wat,318.0982984
18,Sample_S19S_0006_Wat,318.1194966
35,Sample_S19S_0006_Wat,319.009608
6,Sample_S19S_0006_Wat,319.0282488
22,Sample_S19S_0006_Wat,319.0460069
8,Sample_S19S_0006_Wat,319.0493681
37,Sample_S19S_0006_Wat,319.0670953
84,Sample_S19S_0006_Wat,319.0823624
53,Sample_S19S_0006_Wat,319.0857041
38,Sample_S19S_0006_Wat,319.103481
96,Sample_S19S_0006_Wat,319.1187158
15,Sample_S19S_0006_Wat,319.1220501
37,Sample_S19S_0006_Wat,319.139868
66,Sample_S19S_0006_Wat,319.1551015
36,Sample_S19S_0006_Wat,319.1915149
45,Sample_S19S_0006_Wat,320.0412195
40,Sample_S19S_0006_Wat,320.0776287
2,Sample_S19S_0006_Wat,320.0888976
16,Sample_S19S_0006_Wat,320.0987676
21,Sample_S19S_0006_Wat,320.1140206
70,Sample_S19S_0006_Wat,321.0252313
32,Sample_S19S_0006_Wat,321.0438595
74,Sample_S19S_0006_Wat,321.0616406
20,Sample_S19S_0006_Wat,321.0649964
8,Sample_S19S_0006_Wat,321.0728956
12,Sample_S19S_0006_Wat,321.0801765
45,Sample_S19S_0006_Wat,321.0980285
10,Sample_S19S_0006_Wat,321.1013887
2,Sample_S19S_0006_Wat,321.1093021
77,Sample_S19S_0006_Wat,321.1343949
19,Sample_S19S_0006_Wat,321.1377596
55,Sample_S19S_0006_Wat,321.1707672
21,Sample_S19S_0006_Wat,322.0204668
55,Sample_S19S_0006_Wat,322.0568903
62,Sample_S19S_0006_Wat,322.0932669
4,Sample_S19S_0006_Wat,322.1144282
44,Sample_S19S_0006_Wat,323.0044879
21,Sample_S19S_0006_Wat,323.0231329
71,Sample_S19S_0006_Wat,323.0408542
38,Sample_S19S_0006_Wat,323.0595051
110,Sample_S19S_0006_Wat,323.0772527
11,Sample_S19S_0006_Wat,323.0805863
24,Sample_S19S_0006_Wat,323.0884973
24,Sample_S19S_0006_Wat,323.0924923
18,Sample_S19S_0006_Wat,323.0958413
62,Sample_S19S_0006_Wat,323.1136726
17,Sample_S19S_0006_Wat,323.1322416
66,Sample_S19S_0006_Wat,323.1500462
44,Sample_S19S_0006_Wat,323.1864241
40,Sample_S19S_0006_Wat,324.0361498
63,Sample_S19S_0006_Wat,324.0725027
66,Sample_S19S_0006_Wat,324.108871
34,Sample_S19S_0006_Wat,324.1453087
15,Sample_S19S_0006_Wat,325.0201894
30,Sample_S19S_0006_Wat,325.0387758
89,Sample_S19S_0006_Wat,325.0565425
12,Sample_S19S_0006_Wat,325.0718212
38,Sample_S19S_0006_Wat,325.0751326
112,Sample_S19S_0006_Wat,325.0928926
23,Sample_S19S_0006_Wat,325.1041654
41,Sample_S19S_0006_Wat,325.111525
87,Sample_S19S_0006_Wat,325.1292996
46,Sample_S19S_0006_Wat,325.1657004
2,Sample_S19S_0006_Wat,325.1842438
38,Sample_S19S_0006_Wat,325.2020573
37,Sample_S19S_0006_Wat,326.0518083
64,Sample_S19S_0006_Wat,326.0881656
50,Sample_S19S_0006_Wat,326.1245662
22,Sample_S19S_0006_Wat,327.0146798
14,Sample_S19S_0006_Wat,327.0180623
64,Sample_S19S_0006_Wat,327.035782
48,Sample_S19S_0006_Wat,327.0510536
22,Sample_S19S_0006_Wat,327.0543882
67,Sample_S19S_0006_Wat,327.0722018
65,Sample_S19S_0006_Wat,327.0874372
18,Sample_S19S_0006_Wat,327.090737
74,Sample_S19S_0006_Wat,327.1085831
27,Sample_S19S_0006_Wat,327.1238447
23,Sample_S19S_0006_Wat,327.1271924
76,Sample_S19S_0006_Wat,327.1449492
36,Sample_S19S_0006_Wat,327.1813344
45,Sample_S19S_0006_Wat,328.067419
62,Sample_S19S_0006_Wat,328.1037984
24,Sample_S19S_0006_Wat,328.140231
1,Sample_S19S_0006_Wat,329.0126431
48,Sample_S19S_0006_Wat,329.0303285
41,Sample_S19S_0006_Wat,329.0336784
41,Sample_S19S_0006_Wat,329.0514722
29,Sample_S19S_0006_Wat,329.0667319
57,Sample_S19S_0006_Wat,329.0700573
102,Sample_S19S_0006_Wat,329.0878075
64,Sample_S19S_0006_Wat,329.1030905
48,Sample_S19S_0006_Wat,329.1064332
67,Sample_S19S_0006_Wat,329.1242163
19,Sample_S19S_0006_Wat,329.1394079
21,Sample_S19S_0006_Wat,329.1427997
1,Sample_S19S_0006_Wat,329.145371
1,Sample_S19S_0006_Wat,329.152419
55,Sample_S19S_0006_Wat,329.1605843
38,Sample_S19S_0006_Wat,329.1758446
22,Sample_S19S_0006_Wat,330.0831155
19,Sample_S19S_0006_Wat,330.0983753
43,Sample_S19S_0006_Wat,331.0459941
41,Sample_S19S_0006_Wat,331.0493372
59,Sample_S19S_0006_Wat,331.0670688
67,Sample_S19S_0006_Wat,331.0823608
52,Sample_S19S_0006_Wat,331.0857029
45,Sample_S19S_0006_Wat,331.1034998
88,Sample_S19S_0006_Wat,331.1187275
26,Sample_S19S_0006_Wat,331.122066
22,Sample_S19S_0006_Wat,331.1399002
12,Sample_S19S_0006_Wat,331.155166
37,Sample_S19S_0006_Wat,332.0412408
3,Sample_S19S_0006_Wat,332.0888882
33,Sample_S19S_0006_Wat,332.0987468
29,Sample_S19S_0006_Wat,332.1351167
26,Sample_S19S_0006_Wat,333.0252702
11,Sample_S19S_0006_Wat,333.0438315
34,Sample_S19S_0006_Wat,333.0616512
7,Sample_S19S_0006_Wat,333.0650225
36,Sample_S19S_0006_Wat,333.08277
89,Sample_S19S_0006_Wat,333.0980074
44,Sample_S19S_0006_Wat,333.1013488
18,Sample_S19S_0006_Wat,333.116617
39,Sample_S19S_0006_Wat,333.1344131
36,Sample_S19S_0006_Wat,333.137741
31,Sample_S19S_0006_Wat,333.1707943
23,Sample_S19S_0006_Wat,333.2071238
55,Sample_S19S_0006_Wat,334.0568812
38,Sample_S19S_0006_Wat,334.0932769
9,Sample_S19S_0006_Wat,334.1144217
35,Sample_S19S_0006_Wat,335.004499
4,Sample_S19S_0006_Wat,335.0231747
52,Sample_S19S_0006_Wat,335.0409093
15,Sample_S19S_0006_Wat,335.0594193
93,Sample_S19S_0006_Wat,335.0772597
47,Sample_S19S_0006_Wat,335.0806299
9,Sample_S19S_0006_Wat,335.0958393
56,Sample_S19S_0006_Wat,335.1136067
7,Sample_S19S_0006_Wat,335.1169263
75,Sample_S19S_0006_Wat,335.150042
45,Sample_S19S_0006_Wat,335.1864245
18,Sample_S19S_0006_Wat,336.0361684
32,Sample_S19S_0006_Wat,336.0725571
1,Sample_S19S_0006_Wat,336.0937181
60,Sample_S19S_0006_Wat,336.1089144
1,Sample_S19S_0006_Wat,336.1301036
2,Sample_S19S_0006_Wat,336.1453517
52,Sample_S19S_0006_Wat,337.0201415
58,Sample_S19S_0006_Wat,337.0564852
16,Sample_S19S_0006_Wat,337.0677837
13,Sample_S19S_0006_Wat,337.0695448
17,Sample_S19S_0006_Wat,337.0750727
103,Sample_S19S_0006_Wat,337.0929176
7,Sample_S19S_0006_Wat,337.1041904
19,Sample_S19S_0006_Wat,337.111496
111,Sample_S19S_0006_Wat,337.1292866
71,Sample_S19S_0006_Wat,337.1656867
7,Sample_S19S_0006_Wat,337.2021218
8,Sample_S19S_0006_Wat,338.0518396
72,Sample_S19S_0006_Wat,338.0881798
42,Sample_S19S_0006_Wat,338.1245766
12,Sample_S19S_0006_Wat,339.0180613
60,Sample_S19S_0006_Wat,339.0357996
26,Sample_S19S_0006_Wat,339.0510159
14,Sample_S19S_0006_Wat,339.0543354
109,Sample_S19S_0006_Wat,339.0721726
13,Sample_S19S_0006_Wat,339.0907316
115,Sample_S19S_0006_Wat,339.1085453
30,Sample_S19S_0006_Wat,339.1238093
29,Sample_S19S_0006_Wat,339.1271705
32,Sample_S19S_0006_Wat,339.1449816
18,Sample_S19S_0006_Wat,339.1635623
41,Sample_S19S_0006_Wat,339.1813533
2,Sample_S19S_0006_Wat,339.1999929
15,Sample_S19S_0006_Wat,340.0674792
61,Sample_S19S_0006_Wat,340.1038147
51,Sample_S19S_0006_Wat,340.1401964
47,Sample_S19S_0006_Wat,341.0150623
23,Sample_S19S_0006_Wat,341.0302897
16,Sample_S19S_0006_Wat,341.0336306
66,Sample_S19S_0006_Wat,341.0514621
31,Sample_S19S_0006_Wat,341.0667303
23,Sample_S19S_0006_Wat,341.0700215
109,Sample_S19S_0006_Wat,341.0878109
27,Sample_S19S_0006_Wat,341.1031062
24,Sample_S19S_0006_Wat,341.1064053
36,Sample_S19S_0006_Wat,341.12425
26,Sample_S19S_0006_Wat,341.1394885
30,Sample_S19S_0006_Wat,341.1428161
51,Sample_S19S_0006_Wat,341.1606173
38,Sample_S19S_0006_Wat,341.1969848
32,Sample_S19S_0006_Wat,342.0467143
13,Sample_S19S_0006_Wat,342.0619966
55,Sample_S19S_0006_Wat,342.0830768
28,Sample_S19S_0006_Wat,342.0983003
42,Sample_S19S_0006_Wat,342.1194926
44,Sample_S19S_0006_Wat,342.155837
14,Sample_S19S_0006_Wat,343.0096148
9,Sample_S19S_0006_Wat,343.0129774
52,Sample_S19S_0006_Wat,343.0307124
45,Sample_S19S_0006_Wat,343.0459579
16,Sample_S19S_0006_Wat,343.0492868
50,Sample_S19S_0006_Wat,343.067113
59,Sample_S19S_0006_Wat,343.0857039
101,Sample_S19S_0006_Wat,343.1034685
54,Sample_S19S_0006_Wat,343.1187422
33,Sample_S19S_0006_Wat,343.1220769
15,Sample_S19S_0006_Wat,343.1399075
33,Sample_S19S_0006_Wat,343.1551386
27,Sample_S19S_0006_Wat,343.1584698
40,Sample_S19S_0006_Wat,343.1762631
25,Sample_S19S_0006_Wat,344.0412523
41,Sample_S19S_0006_Wat,344.0623517
49,Sample_S19S_0006_Wat,344.1139904
1,Sample_S19S_0006_Wat,344.1350437
9,Sample_S19S_0006_Wat,344.1715382
42,Sample_S19S_0006_Wat,345.0252491
49,Sample_S19S_0006_Wat,345.0463327
67,Sample_S19S_0006_Wat,345.0616254
41,Sample_S19S_0006_Wat,345.0649742
3,Sample_S19S_0006_Wat,345.0803248
48,Sample_S19S_0006_Wat,345.0827674
68,Sample_S19S_0006_Wat,345.0980089
37,Sample_S19S_0006_Wat,345.1013399
53,Sample_S19S_0006_Wat,345.1191373
18,Sample_S19S_0006_Wat,345.1344288
42,Sample_S19S_0006_Wat,345.1377389
30,Sample_S19S_0006_Wat,345.1555412
51,Sample_S19S_0006_Wat,345.170772
31,Sample_S19S_0006_Wat,346.0569005
26,Sample_S19S_0006_Wat,346.07802
57,Sample_S19S_0006_Wat,346.0932318
42,Sample_S19S_0006_Wat,346.1143644
22,Sample_S19S_0006_Wat,346.1507606
43,Sample_S19S_0006_Wat,347.0442381
31,Sample_S19S_0006_Wat,347.0620279
94,Sample_S19S_0006_Wat,347.0772564
20,Sample_S19S_0006_Wat,347.0805924
19,Sample_S19S_0006_Wat,347.0903002
61,Sample_S19S_0006_Wat,347.0983726
40,Sample_S19S_0006_Wat,347.1136821
45,Sample_S19S_0006_Wat,347.1170036
23,Sample_S19S_0006_Wat,347.1348045
72,Sample_S19S_0006_Wat,347.1500262
10,Sample_S19S_0006_Wat,347.1864695
33,Sample_S19S_0006_Wat,348.0361356
28,Sample_S19S_0006_Wat,348.0725611
66,Sample_S19S_0006_Wat,348.1089104
8,Sample_S19S_0006_Wat,348.1300774
51,Sample_S19S_0006_Wat,348.1452906
46,Sample_S19S_0006_Wat,349.0201636
10,Sample_S19S_0006_Wat,349.0387327
12,Sample_S19S_0006_Wat,349.0598406
16,Sample_S19S_0006_Wat,349.075097
86,Sample_S19S_0006_Wat,349.0929209
17,Sample_S19S_0006_Wat,349.0962266
18,Sample_S19S_0006_Wat,349.1059291
7,Sample_S19S_0006_Wat,349.1113881
88,Sample_S19S_0006_Wat,349.129303
6,Sample_S19S_0006_Wat,349.1325881
75,Sample_S19S_0006_Wat,349.1656793
10,Sample_S19S_0006_Wat,349.1690154
12,Sample_S19S_0006_Wat,349.2021049
14,Sample_S19S_0006_Wat,350.0518357
67,Sample_S19S_0006_Wat,350.0881844
21,Sample_S19S_0006_Wat,350.1245924
5,Sample_S19S_0006_Wat,350.1609877
62,Sample_S19S_0006_Wat,351.0357871
6,Sample_S19S_0006_Wat,351.0488144
4,Sample_S19S_0006_Wat,351.054245
80,Sample_S19S_0006_Wat,351.0721501
12,Sample_S19S_0006_Wat,351.075514
13,Sample_S19S_0006_Wat,351.090714
50,Sample_S19S_0006_Wat,351.1085115
15,Sample_S19S_0006_Wat,351.121581
8,Sample_S19S_0006_Wat,351.1271127
50,Sample_S19S_0006_Wat,351.1449775
49,Sample_S19S_0006_Wat,351.1813076
3,Sample_S19S_0006_Wat,351.1846476
22,Sample_S19S_0006_Wat,351.2177372
25,Sample_S19S_0006_Wat,352.0674721
60,Sample_S19S_0006_Wat,352.1038206
29,Sample_S19S_0006_Wat,352.140233
48,Sample_S19S_0006_Wat,353.0150696
41,Sample_S19S_0006_Wat,353.0514753
16,Sample_S19S_0006_Wat,353.0700048
107,Sample_S19S_0006_Wat,353.0878166
14,Sample_S19S_0006_Wat,353.0990962
43,Sample_S19S_0006_Wat,353.1030839
9,Sample_S19S_0006_Wat,353.1063571
77,Sample_S19S_0006_Wat,353.124233
24,Sample_S19S_0006_Wat,353.1428017
48,Sample_S19S_0006_Wat,353.1605629
33,Sample_S19S_0006_Wat,353.1970034
43,Sample_S19S_0006_Wat,354.0467104
68,Sample_S19S_0006_Wat,354.0830704
54,Sample_S19S_0006_Wat,354.1194893
49,Sample_S19S_0006_Wat,354.1558443
44,Sample_S19S_0006_Wat,355.0306981
18,Sample_S19S_0006_Wat,355.0492579
64,Sample_S19S_0006_Wat,355.0671162
17,Sample_S19S_0006_Wat,355.0856467
101,Sample_S19S_0006_Wat,355.1034699
51,Sample_S19S_0006_Wat,355.1187368
14,Sample_S19S_0006_Wat,355.1220436
17,Sample_S19S_0006_Wat,355.1399086
1,Sample_S19S_0006_Wat,355.1551939
23,Sample_S19S_0006_Wat,355.1584835
51,Sample_S19S_0006_Wat,355.1762476
8,Sample_S19S_0006_Wat,355.2126797
1,Sample_S19S_0006_Wat,356.0446338
55,Sample_S19S_0006_Wat,356.0623586
26,Sample_S19S_0006_Wat,356.0987693
51,Sample_S19S_0006_Wat,356.1350838
27,Sample_S19S_0006_Wat,356.1715182
28,Sample_S19S_0006_Wat,357.0251986
13,Sample_S19S_0006_Wat,357.028543
54,Sample_S19S_0006_Wat,357.046323
45,Sample_S19S_0006_Wat,357.061636
18,Sample_S19S_0006_Wat,357.0649448
85,Sample_S19S_0006_Wat,357.0827228
52,Sample_S19S_0006_Wat,357.0979761
12,Sample_S19S_0006_Wat,357.1012479
19,Sample_S19S_0006_Wat,357.1110353
94,Sample_S19S_0006_Wat,357.1191097
30,Sample_S19S_0006_Wat,357.134414
24,Sample_S19S_0006_Wat,357.1377249
68,Sample_S19S_0006_Wat,357.1554992
26,Sample_S19S_0006_Wat,357.1707355
37,Sample_S19S_0006_Wat,357.191896
46,Sample_S19S_0006_Wat,358.077999
43,Sample_S19S_0006_Wat,358.0932734
15,Sample_S19S_0006_Wat,358.1507103
13,Sample_S19S_0006_Wat,359.0409252
26,Sample_S19S_0006_Wat,359.0442657
55,Sample_S19S_0006_Wat,359.0619959
55,Sample_S19S_0006_Wat,359.077285
57,Sample_S19S_0006_Wat,359.0806207
31,Sample_S19S_0006_Wat,359.0984239
14,Sample_S19S_0006_Wat,359.1169502
51,Sample_S19S_0006_Wat,359.1347452
73,Sample_S19S_0006_Wat,359.1500213
7,Sample_S19S_0006_Wat,359.1533018
38,Sample_S19S_0006_Wat,359.1711775
46,Sample_S19S_0006_Wat,359.1864203
26,Sample_S19S_0006_Wat,360.093678
46,Sample_S19S_0006_Wat,360.108919
2,Sample_S19S_0006_Wat,360.1299489
40,Sample_S19S_0006_Wat,361.0201475
53,Sample_S19S_0006_Wat,361.056505
20,Sample_S19S_0006_Wat,361.0598496
15,Sample_S19S_0006_Wat,361.069538
13,Sample_S19S_0006_Wat,361.07507
37,Sample_S19S_0006_Wat,361.077621
76,Sample_S19S_0006_Wat,361.0929312
54,Sample_S19S_0006_Wat,361.0962708
44,Sample_S19S_0006_Wat,361.1140532
104,Sample_S19S_0006_Wat,361.1292859
5,Sample_S19S_0006_Wat,361.132556
24,Sample_S19S_0006_Wat,361.1423317
48,Sample_S19S_0006_Wat,361.1504109
47,Sample_S19S_0006_Wat,361.1657046
39,Sample_S19S_0006_Wat,361.2020508
70,Sample_S19S_0006_Wat,362.0881611
8,Sample_S19S_0006_Wat,362.1246138
42,Sample_S19S_0006_Wat,362.1609376
59,Sample_S19S_0006_Wat,363.0357881
8,Sample_S19S_0006_Wat,363.0390813
10,Sample_S19S_0006_Wat,363.0543747
41,Sample_S19S_0006_Wat,363.0722122
26,Sample_S19S_0006_Wat,363.0755589
15,Sample_S19S_0006_Wat,363.0907668
95,Sample_S19S_0006_Wat,363.108539
4,Sample_S19S_0006_Wat,363.1118361
15,Sample_S19S_0006_Wat,363.1215932
39,Sample_S19S_0006_Wat,363.1449786
29,Sample_S19S_0006_Wat,363.1812892
30,Sample_S19S_0006_Wat,363.2177281
33,Sample_S19S_0006_Wat,364.0310639
52,Sample_S19S_0006_Wat,364.0674047
4,Sample_S19S_0006_Wat,364.0786949
16,Sample_S19S_0006_Wat,364.0885367
64,Sample_S19S_0006_Wat,364.1038292
65,Sample_S19S_0006_Wat,364.1401707
41,Sample_S19S_0006_Wat,365.015069
13,Sample_S19S_0006_Wat,365.0336024
23,Sample_S19S_0006_Wat,365.0513776
13,Sample_S19S_0006_Wat,365.0644569
7,Sample_S19S_0006_Wat,365.0699436
93,Sample_S19S_0006_Wat,365.0878382
11,Sample_S19S_0006_Wat,365.0911348
18,Sample_S19S_0006_Wat,365.1008669
9,Sample_S19S_0006_Wat,365.1063376
49,Sample_S19S_0006_Wat,365.1241727
12,Sample_S19S_0006_Wat,365.137244
17,Sample_S19S_0006_Wat,365.1427874
23,Sample_S19S_0006_Wat,365.1606438
43,Sample_S19S_0006_Wat,365.1969623
76,Sample_S19S_0006_Wat,366.0830912
69,Sample_S19S_0006_Wat,366.1194629
10,Sample_S19S_0006_Wat,366.1558943
51,Sample_S19S_0006_Wat,367.0306865
85,Sample_S19S_0006_Wat,367.0671094
8,Sample_S19S_0006_Wat,367.0855977
110,Sample_S19S_0006_Wat,367.1034613
27,Sample_S19S_0006_Wat,367.1220623
11,Sample_S19S_0006_Wat,367.1399195
51,Sample_S19S_0006_Wat,367.1762158
27,Sample_S19S_0006_Wat,367.2126519
16,Sample_S19S_0006_Wat,368.0623951
82,Sample_S19S_0006_Wat,368.0987097
50,Sample_S19S_0006_Wat,368.1351331
45,Sample_S19S_0006_Wat,368.1714856
9,Sample_S19S_0006_Wat,369.0285398
7,Sample_S19S_0006_Wat,369.0382289
43,Sample_S19S_0006_Wat,369.0463181
46,Sample_S19S_0006_Wat,369.061629
7,Sample_S19S_0006_Wat,369.0648494
82,Sample_S19S_0006_Wat,369.0827443
44,Sample_S19S_0006_Wat,369.0980102
11,Sample_S19S_0006_Wat,369.1012127
20,Sample_S19S_0006_Wat,369.111039
24,Sample_S19S_0006_Wat,369.1190631
7,Sample_S19S_0006_Wat,369.1376674
66,Sample_S19S_0006_Wat,369.1555194
31,Sample_S19S_0006_Wat,369.1707724
8,Sample_S19S_0006_Wat,369.1740825
11,Sample_S19S_0006_Wat,369.1837969
15,Sample_S19S_0006_Wat,369.1918398
12,Sample_S19S_0006_Wat,370.054153
54,Sample_S19S_0006_Wat,370.0779692
39,Sample_S19S_0006_Wat,370.1507341
34,Sample_S19S_0006_Wat,371.0408802
12,Sample_S19S_0006_Wat,371.0441824
67,Sample_S19S_0006_Wat,371.0620102
14,Sample_S19S_0006_Wat,371.0902981
42,Sample_S19S_0006_Wat,371.0983408
51,Sample_S19S_0006_Wat,371.1136558
14,Sample_S19S_0006_Wat,371.1169082
57,Sample_S19S_0006_Wat,371.1347918
62,Sample_S19S_0006_Wat,371.1500297
22,Sample_S19S_0006_Wat,371.1533601
47,Sample_S19S_0006_Wat,371.171134
31,Sample_S19S_0006_Wat,372.0572277
57,Sample_S19S_0006_Wat,372.1300076
22,Sample_S19S_0006_Wat,373.0201141
13,Sample_S19S_0006_Wat,373.02348
4,Sample_S19S_0006_Wat,373.0331394
37,Sample_S19S_0006_Wat,373.0412407
27,Sample_S19S_0006_Wat,373.0599109
28,Sample_S19S_0006_Wat,373.0776886
44,Sample_S19S_0006_Wat,373.09294
31,Sample_S19S_0006_Wat,373.0962346
23,Sample_S19S_0006_Wat,373.1059583
57,Sample_S19S_0006_Wat,373.1140108
9,Sample_S19S_0006_Wat,373.1325699
15,Sample_S19S_0006_Wat,373.1504711
11,Sample_S19S_0006_Wat,373.1657318
15,Sample_S19S_0006_Wat,373.1690278
33,Sample_S19S_0006_Wat,373.1867821
25,Sample_S19S_0006_Wat,373.2020495
14,Sample_S19S_0006_Wat,374.1245961
15,Sample_S19S_0006_Wat,375.0358416
12,Sample_S19S_0006_Wat,375.0544395
14,Sample_S19S_0006_Wat,375.0569615
67,Sample_S19S_0006_Wat,375.0721973
46,Sample_S19S_0006_Wat,375.0755416
17,Sample_S19S_0006_Wat,375.0852221
42,Sample_S19S_0006_Wat,375.0932745
15,Sample_S19S_0006_Wat,375.1118457
30,Sample_S19S_0006_Wat,375.1297066
88,Sample_S19S_0006_Wat,375.1449442
5,Sample_S19S_0006_Wat,375.1481846
26,Sample_S19S_0006_Wat,375.1579842
33,Sample_S19S_0006_Wat,375.1812892
33,Sample_S19S_0006_Wat,375.2177037
21,Sample_S19S_0006_Wat,376.031082
45,Sample_S19S_0006_Wat,376.0674564
23,Sample_S19S_0006_Wat,377.0150486
3,Sample_S19S_0006_Wat,377.033545
68,Sample_S19S_0006_Wat,377.0514538
29,Sample_S19S_0006_Wat,377.0548048
8,Sample_S19S_0006_Wat,377.0699843
65,Sample_S19S_0006_Wat,377.0877952
11,Sample_S19S_0006_Wat,377.0911145
11,Sample_S19S_0006_Wat,377.100823
4,Sample_S19S_0006_Wat,377.1062344
96,Sample_S19S_0006_Wat,377.1241915
7,Sample_S19S_0006_Wat,377.1274434
19,Sample_S19S_0006_Wat,377.1372608
3,Sample_S19S_0006_Wat,377.1426141
2,Sample_S19S_0006_Wat,377.1526961
69,Sample_S19S_0006_Wat,377.1606102
9,Sample_S19S_0006_Wat,377.1735945
24,Sample_S19S_0006_Wat,377.1969233
20,Sample_S19S_0006_Wat,378.0466478
48,Sample_S19S_0006_Wat,378.0831073
84,Sample_S19S_0006_Wat,378.1194361
50,Sample_S19S_0006_Wat,379.0307221
23,Sample_S19S_0006_Wat,379.0670295
4,Sample_S19S_0006_Wat,379.0703337
3,Sample_S19S_0006_Wat,379.0854949
109,Sample_S19S_0006_Wat,379.1034645
4,Sample_S19S_0006_Wat,379.1067259
8,Sample_S19S_0006_Wat,379.1219101
97,Sample_S19S_0006_Wat,379.1398402
72,Sample_S19S_0006_Wat,379.1762343
25,Sample_S19S_0006_Wat,379.2126518
75,Sample_S19S_0006_Wat,380.0987084
79,Sample_S19S_0006_Wat,380.1350974
23,Sample_S19S_0006_Wat,380.1715321
10,Sample_S19S_0006_Wat,381.0285164
55,Sample_S19S_0006_Wat,381.0463502
29,Sample_S19S_0006_Wat,381.0826619
5,Sample_S19S_0006_Wat,381.1011448
102,Sample_S19S_0006_Wat,381.1191186
2,Sample_S19S_0006_Wat,381.1342965
8,Sample_S19S_0006_Wat,381.137641
87,Sample_S19S_0006_Wat,381.1555031
40,Sample_S19S_0006_Wat,381.1918695
18,Sample_S19S_0006_Wat,381.2282913
28,Sample_S19S_0006_Wat,382.0415806
60,Sample_S19S_0006_Wat,382.0779661
73,Sample_S19S_0006_Wat,382.1143936
14,Sample_S19S_0006_Wat,382.1507159
16,Sample_S19S_0006_Wat,383.0078699
20,Sample_S19S_0006_Wat,383.0255766
33,Sample_S19S_0006_Wat,383.0619616
48,Sample_S19S_0006_Wat,383.0772634
7,Sample_S19S_0006_Wat,383.0806734
99,Sample_S19S_0006_Wat,383.0983806
37,Sample_S19S_0006_Wat,383.1136188
8,Sample_S19S_0006_Wat,383.1168248
23,Sample_S19S_0006_Wat,383.1266887
26,Sample_S19S_0006_Wat,383.1347075
10,Sample_S19S_0006_Wat,383.1499631
6,Sample_S19S_0006_Wat,383.1533024
36,Sample_S19S_0006_Wat,383.1711132
41,Sample_S19S_0006_Wat,383.2075249
55,Sample_S19S_0006_Wat,384.0936599
38,Sample_S19S_0006_Wat,384.1664077
10,Sample_S19S_0006_Wat,385.0201172
12,Sample_S19S_0006_Wat,385.0234761
21,Sample_S19S_0006_Wat,385.0412026
37,Sample_S19S_0006_Wat,385.0564963
6,Sample_S19S_0006_Wat,385.0597522
76,Sample_S19S_0006_Wat,385.0776412
58,Sample_S19S_0006_Wat,385.0929264
15,Sample_S19S_0006_Wat,385.0961706
34,Sample_S19S_0006_Wat,385.1139909
42,Sample_S19S_0006_Wat,385.1292595
6,Sample_S19S_0006_Wat,385.1324986
20,Sample_S19S_0006_Wat,385.1423072
35,Sample_S19S_0006_Wat,385.1503825
54,Sample_S19S_0006_Wat,385.1656784
36,Sample_S19S_0006_Wat,385.1868285
3,Sample_S19S_0006_Wat,386.0517072
39,Sample_S19S_0006_Wat,386.0728862
53,Sample_S19S_0006_Wat,386.0881802
53,Sample_S19S_0006_Wat,386.1093009
41,Sample_S19S_0006_Wat,387.0358113
30,Sample_S19S_0006_Wat,387.0391593
19,Sample_S19S_0006_Wat,387.0568488
12,Sample_S19S_0006_Wat,387.0721252
10,Sample_S19S_0006_Wat,387.075423
15,Sample_S19S_0006_Wat,387.0851909
21,Sample_S19S_0006_Wat,387.0932457
81,Sample_S19S_0006_Wat,387.1085636
12,Sample_S19S_0006_Wat,387.1118261
80,Sample_S19S_0006_Wat,387.1296791
7,Sample_S19S_0006_Wat,387.1481778
16,Sample_S19S_0006_Wat,387.1579654
12,Sample_S19S_0006_Wat,387.1659841
29,Sample_S19S_0006_Wat,387.1812925
12,Sample_S19S_0006_Wat,387.19436
55,Sample_S19S_0006_Wat,388.0674506
51,Sample_S19S_0006_Wat,388.1037783
46,Sample_S19S_0006_Wat,388.1249219
59,Sample_S19S_0006_Wat,388.1401722
20,Sample_S19S_0006_Wat,389.0150297
5,Sample_S19S_0006_Wat,389.0336505
41,Sample_S19S_0006_Wat,389.051417
11,Sample_S19S_0006_Wat,389.054731
11,Sample_S19S_0006_Wat,389.0644457
19,Sample_S19S_0006_Wat,389.0724972
76,Sample_S19S_0006_Wat,389.0878118
18,Sample_S19S_0006_Wat,389.0911204
20,Sample_S19S_0006_Wat,389.1008827
30,Sample_S19S_0006_Wat,389.108981
96,Sample_S19S_0006_Wat,389.1242045
7,Sample_S19S_0006_Wat,389.1274498
17,Sample_S19S_0006_Wat,389.1372295
12,Sample_S19S_0006_Wat,389.1452618
33,Sample_S19S_0006_Wat,389.1605387
4,Sample_S19S_0006_Wat,389.1637812
17,Sample_S19S_0006_Wat,389.1736085
52,Sample_S19S_0006_Wat,389.1969883
24,Sample_S19S_0006_Wat,390.0466839
75,Sample_S19S_0006_Wat,390.083092
18,Sample_S19S_0006_Wat,391.0307447
8,Sample_S19S_0006_Wat,391.0492425
43,Sample_S19S_0006_Wat,391.0670531
14,Sample_S19S_0006_Wat,391.070384
5,Sample_S19S_0006_Wat,391.0855389
51,Sample_S19S_0006_Wat,391.1034381
7,Sample_S19S_0006_Wat,391.1066925
49,Sample_S19S_0006_Wat,391.1398852
12,Sample_S19S_0006_Wat,391.1528412
41,Sample_S19S_0006_Wat,391.1762035
5,Sample_S19S_0006_Wat,391.1892281
33,Sample_S19S_0006_Wat,391.212612
47,Sample_S19S_0006_Wat,392.06231
19,Sample_S19S_0006_Wat,392.1198706
64,Sample_S19S_0006_Wat,392.1351125
33,Sample_S19S_0006_Wat,393.0463154
4,Sample_S19S_0006_Wat,393.0647845
72,Sample_S19S_0006_Wat,393.0827628
11,Sample_S19S_0006_Wat,393.0860569
22,Sample_S19S_0006_Wat,393.1013234
90,Sample_S19S_0006_Wat,393.1191285
14,Sample_S19S_0006_Wat,393.1321265
46,Sample_S19S_0006_Wat,393.1554711
19,Sample_S19S_0006_Wat,393.1919402
10,Sample_S19S_0006_Wat,393.2282185
27,Sample_S19S_0006_Wat,394.0415806
35,Sample_S19S_0006_Wat,394.078026
44,Sample_S19S_0006_Wat,394.1144108
22,Sample_S19S_0006_Wat,395.0255818
52,Sample_S19S_0006_Wat,395.0619708
25,Sample_S19S_0006_Wat,395.0805847
46,Sample_S19S_0006_Wat,395.0984243
13,Sample_S19S_0006_Wat,395.116912
118,Sample_S19S_0006_Wat,395.1347697
7,Sample_S19S_0006_Wat,395.153248
48,Sample_S19S_0006_Wat,395.171191
12,Sample_S19S_0006_Wat,395.2075813
58,Sample_S19S_0006_Wat,396.0936653
32,Sample_S19S_0006_Wat,396.13006
58,Sample_S19S_0006_Wat,396.1664019
36,Sample_S19S_0006_Wat,397.0412485
31,Sample_S19S_0006_Wat,397.0565368
9,Sample_S19S_0006_Wat,397.0597441
26,Sample_S19S_0006_Wat,397.0775828
6,Sample_S19S_0006_Wat,397.0960818
14,Sample_S19S_0006_Wat,397.1059758
68,Sample_S19S_0006_Wat,397.1140135
5,Sample_S19S_0006_Wat,397.1293597
9,Sample_S19S_0006_Wat,397.1325142
87,Sample_S19S_0006_Wat,397.1504225
20,Sample_S19S_0006_Wat,397.165634
6,Sample_S19S_0006_Wat,397.1689524
25,Sample_S19S_0006_Wat,397.1867602
67,Sample_S19S_0006_Wat,398.1456531
43,Sample_S19S_0006_Wat,398.182038
2,Sample_S19S_0006_Wat,399.0356696
5,Sample_S19S_0006_Wat,399.0390544
16,Sample_S19S_0006_Wat,399.0568344
34,Sample_S19S_0006_Wat,399.0721389
9,Sample_S19S_0006_Wat,399.0753668
15,Sample_S19S_0006_Wat,399.085227
65,Sample_S19S_0006_Wat,399.0932727
15,Sample_S19S_0006_Wat,399.1086044
11,Sample_S19S_0006_Wat,399.1117451
61,Sample_S19S_0006_Wat,399.1296635
47,Sample_S19S_0006_Wat,399.1449193
2,Sample_S19S_0006_Wat,399.1480952
12,Sample_S19S_0006_Wat,399.1579458
1,Sample_S19S_0006_Wat,399.1659287
9,Sample_S19S_0006_Wat,399.1812586
4,Sample_S19S_0006_Wat,399.1845539
13,Sample_S19S_0006_Wat,399.1943775
36,Sample_S19S_0006_Wat,399.2024375
37,Sample_S19S_0006_Wat,400.1037744
38,Sample_S19S_0006_Wat,400.1249077
2,Sample_S19S_0006_Wat,401.0281026
47,Sample_S19S_0006_Wat,401.0514549
17,Sample_S19S_0006_Wat,401.0547584
10,Sample_S19S_0006_Wat,401.0644945
17,Sample_S19S_0006_Wat,401.0725084
66,Sample_S19S_0006_Wat,401.0878209
10,Sample_S19S_0006_Wat,401.0910681
50,Sample_S19S_0006_Wat,401.1089631
12,Sample_S19S_0006_Wat,401.127615
63,Sample_S19S_0006_Wat,401.1453284
62,Sample_S19S_0006_Wat,401.1605804
13,Sample_S19S_0006_Wat,401.1736033
12,Sample_S19S_0006_Wat,401.1816514
18,Sample_S19S_0006_Wat,401.1969344
13,Sample_S19S_0006_Wat,401.2100146
12,Sample_S19S_0006_Wat,402.0831391
10,Sample_S19S_0006_Wat,402.1195259
32,Sample_S19S_0006_Wat,402.1405573
3,Sample_S19S_0006_Wat,403.0305846
7,Sample_S19S_0006_Wat,403.0437271
67,Sample_S19S_0006_Wat,403.0671122
18,Sample_S19S_0006_Wat,403.0704072
53,Sample_S19S_0006_Wat,403.0881974
65,Sample_S19S_0006_Wat,403.1034476
4,Sample_S19S_0006_Wat,403.1066431
15,Sample_S19S_0006_Wat,403.1164656
16,Sample_S19S_0006_Wat,403.1245163
83,Sample_S19S_0006_Wat,403.1398463
20,Sample_S19S_0006_Wat,403.1529106
39,Sample_S19S_0006_Wat,403.2126282
61,Sample_S19S_0006_Wat,404.0623618
25,Sample_S19S_0006_Wat,404.0834492
73,Sample_S19S_0006_Wat,404.1351085
55,Sample_S19S_0006_Wat,405.0463718
47,Sample_S19S_0006_Wat,405.0827082
4,Sample_S19S_0006_Wat,405.0859264
4,Sample_S19S_0006_Wat,405.1011487
25,Sample_S19S_0006_Wat,405.1190623
20,Sample_S19S_0006_Wat,405.1321292
50,Sample_S19S_0006_Wat,405.1555362
18,Sample_S19S_0006_Wat,405.1685606
39,Sample_S19S_0006_Wat,405.1918632
3,Sample_S19S_0006_Wat,405.2048711
9,Sample_S19S_0006_Wat,405.2282192
16,Sample_S19S_0006_Wat,406.041642
6,Sample_S19S_0006_Wat,406.0990792
77,Sample_S19S_0006_Wat,406.1143545
13,Sample_S19S_0006_Wat,407.0255705
47,Sample_S19S_0006_Wat,407.0620299
92,Sample_S19S_0006_Wat,407.0983755
1,Sample_S19S_0006_Wat,407.1015177
10,Sample_S19S_0006_Wat,407.1113661
78,Sample_S19S_0006_Wat,407.1347505
12,Sample_S19S_0006_Wat,407.1477958
1,Sample_S19S_0006_Wat,407.1632455
8,Sample_S19S_0006_Wat,407.1712237
13,Sample_S19S_0006_Wat,407.2075913
65,Sample_S19S_0006_Wat,408.0936661
94,Sample_S19S_0006_Wat,408.1300077
18,Sample_S19S_0006_Wat,409.0412228
1,Sample_S19S_0006_Wat,409.0596552
20,Sample_S19S_0006_Wat,409.07757
8,Sample_S19S_0006_Wat,409.0961049
88,Sample_S19S_0006_Wat,409.1140221
10,Sample_S19S_0006_Wat,409.1270356
7,Sample_S19S_0006_Wat,409.1325189
94,Sample_S19S_0006_Wat,409.1504235
11,Sample_S19S_0006_Wat,409.1787026
12,Sample_S19S_0006_Wat,409.1867344
36,Sample_S19S_0006_Wat,409.2231724
56,Sample_S19S_0006_Wat,410.0729191
18,Sample_S19S_0006_Wat,410.1092388
60,Sample_S19S_0006_Wat,410.1456867
16,Sample_S19S_0006_Wat,411.0568579
12,Sample_S19S_0006_Wat,411.0754405
65,Sample_S19S_0006_Wat,411.0933142
26,Sample_S19S_0006_Wat,411.1085859
83,Sample_S19S_0006_Wat,411.1296933
24,Sample_S19S_0006_Wat,411.1579879
46,Sample_S19S_0006_Wat,411.1660419
41,Sample_S19S_0006_Wat,412.0885256
62,Sample_S19S_0006_Wat,412.1249118
23,Sample_S19S_0006_Wat,413.0361429
6,Sample_S19S_0006_Wat,413.0546664
10,Sample_S19S_0006_Wat,413.06446
2,Sample_S19S_0006_Wat,413.072442
35,Sample_S19S_0006_Wat,413.087795
10,Sample_S19S_0006_Wat,413.0910377
19,Sample_S19S_0006_Wat,413.1008794
75,Sample_S19S_0006_Wat,413.1089345
63,Sample_S19S_0006_Wat,413.12421
9,Sample_S19S_0006_Wat,413.127421
14,Sample_S19S_0006_Wat,413.1372735
18,Sample_S19S_0006_Wat,413.1452768
7,Sample_S19S_0006_Wat,413.1605228
4,Sample_S19S_0006_Wat,413.1637843
15,Sample_S19S_0006_Wat,413.1736056
4,Sample_S19S_0006_Wat,413.1816156
17,Sample_S19S_0006_Wat,413.2180661
5,Sample_S19S_0006_Wat,415.0671726
17,Sample_S19S_0006_Wat,415.0704085
6,Sample_S19S_0006_Wat,415.080159
56,Sample_S19S_0006_Wat,415.0881916
57,Sample_S19S_0006_Wat,415.1034568
10,Sample_S19S_0006_Wat,415.1066895
13,Sample_S19S_0006_Wat,415.1164835
22,Sample_S19S_0006_Wat,415.1245406
7,Sample_S19S_0006_Wat,415.1430564
17,Sample_S19S_0006_Wat,415.1529316
54,Sample_S19S_0006_Wat,415.1609859
11,Sample_S19S_0006_Wat,415.1763155
24,Sample_S19S_0006_Wat,415.1973464
5,Sample_S19S_0006_Wat,415.2256541
6,Sample_S19S_0006_Wat,416.0986591
28,Sample_S19S_0006_Wat,417.0463346
13,Sample_S19S_0006_Wat,417.0496555
8,Sample_S19S_0006_Wat,417.0593749
15,Sample_S19S_0006_Wat,417.0674105
21,Sample_S19S_0006_Wat,417.0826722
9,Sample_S19S_0006_Wat,417.085967
12,Sample_S19S_0006_Wat,417.0957124
18,Sample_S19S_0006_Wat,417.1037889
72,Sample_S19S_0006_Wat,417.1191101
8,Sample_S19S_0006_Wat,417.1223013
27,Sample_S19S_0006_Wat,417.1321667
36,Sample_S19S_0006_Wat,417.1402188
72,Sample_S19S_0006_Wat,417.1555165
1,Sample_S19S_0006_Wat,417.1586377
27,Sample_S19S_0006_Wat,417.1685514
1,Sample_S19S_0006_Wat,417.2048604
3,Sample_S19S_0006_Wat,417.2281724
43,Sample_S19S_0006_Wat,418.0779721
16,Sample_S19S_0006_Wat,418.1144292
1,Sample_S19S_0006_Wat,418.1508546
22,Sample_S19S_0006_Wat,419.0256123
12,Sample_S19S_0006_Wat,419.0442249
35,Sample_S19S_0006_Wat,419.0619721
10,Sample_S19S_0006_Wat,419.0982983
4,Sample_S19S_0006_Wat,419.1113471
91,Sample_S19S_0006_Wat,419.1347745
16,Sample_S19S_0006_Wat,419.1478319
42,Sample_S19S_0006_Wat,419.1711927
17,Sample_S19S_0006_Wat,419.1842051
46,Sample_S19S_0006_Wat,419.207525
35,Sample_S19S_0006_Wat,420.0572817
37,Sample_S19S_0006_Wat,421.0412704
14,Sample_S19S_0006_Wat,421.0777047
12,Sample_S19S_0006_Wat,421.0906648
94,Sample_S19S_0006_Wat,421.1140346
11,Sample_S19S_0006_Wat,421.1270174
81,Sample_S19S_0006_Wat,421.1504292
1,Sample_S19S_0006_Wat,421.1552081
20,Sample_S19S_0006_Wat,421.1868654
4,Sample_S19S_0006_Wat,421.2232692
47,Sample_S19S_0006_Wat,422.0728802
31,Sample_S19S_0006_Wat,422.1093338
46,Sample_S19S_0006_Wat,423.0569089
27,Sample_S19S_0006_Wat,423.093231
7,Sample_S19S_0006_Wat,423.1117609
104,Sample_S19S_0006_Wat,423.1296813
24,Sample_S19S_0006_Wat,423.1661225
47,Sample_S19S_0006_Wat,423.2024382
7,Sample_S19S_0006_Wat,423.2387546
40,Sample_S19S_0006_Wat,424.1249783
35,Sample_S19S_0006_Wat,425.0361852
12,Sample_S19S_0006_Wat,425.0724714
9,Sample_S19S_0006_Wat,425.091008
13,Sample_S19S_0006_Wat,425.1008972
49,Sample_S19S_0006_Wat,425.1089252
12,Sample_S19S_0006_Wat,425.1453873
21,Sample_S19S_0006_Wat,425.160541
48,Sample_S19S_0006_Wat,425.1816982
9,Sample_S19S_0006_Wat,425.2100538
63,Sample_S19S_0006_Wat,426.1405881
60,Sample_S19S_0006_Wat,426.1769689
12,Sample_S19S_0006_Wat,427.0518808
13,Sample_S19S_0006_Wat,427.0703757
6,Sample_S19S_0006_Wat,427.0801714
36,Sample_S19S_0006_Wat,427.088175
31,Sample_S19S_0006_Wat,427.1035014
15,Sample_S19S_0006_Wat,427.1165345
73,Sample_S19S_0006_Wat,427.1245871
4,Sample_S19S_0006_Wat,427.1610597
22,Sample_S19S_0006_Wat,427.1796099
30,Sample_S19S_0006_Wat,427.1973395
41,Sample_S19S_0006_Wat,428.0987544
23,Sample_S19S_0006_Wat,429.0463286
12,Sample_S19S_0006_Wat,429.0496556
38,Sample_S19S_0006_Wat,429.067488
4,Sample_S19S_0006_Wat,429.1039457
1,Sample_S19S_0006_Wat,429.1192381
19,Sample_S19S_0006_Wat,429.1224523
59,Sample_S19S_0006_Wat,429.1402424
16,Sample_S19S_0006_Wat,429.1555582
4,Sample_S19S_0006_Wat,429.1587517
22,Sample_S19S_0006_Wat,429.1685491
20,Sample_S19S_0006_Wat,429.1765924
46,Sample_S19S_0006_Wat,429.1919036
13,Sample_S19S_0006_Wat,430.0627483
10,Sample_S19S_0006_Wat,430.0780537
26,Sample_S19S_0006_Wat,430.0991542
64,Sample_S19S_0006_Wat,430.1143962
48,Sample_S19S_0006_Wat,430.1354817
48,Sample_S19S_0006_Wat,431.0620177
9,Sample_S19S_0006_Wat,431.0653523
38,Sample_S19S_0006_Wat,431.083125
72,Sample_S19S_0006_Wat,431.098388
8,Sample_S19S_0006_Wat,431.1016424
13,Sample_S19S_0006_Wat,431.1113826
19,Sample_S19S_0006_Wat,431.1194411
31,Sample_S19S_0006_Wat,431.1347291
5,Sample_S19S_0006_Wat,431.1378968
16,Sample_S19S_0006_Wat,431.1477957
34,Sample_S19S_0006_Wat,431.1711879
13,Sample_S19S_0006_Wat,431.1922364
5,Sample_S19S_0006_Wat,431.2206124
16,Sample_S19S_0006_Wat,432.078404
74,Sample_S19S_0006_Wat,432.093661
26,Sample_S19S_0006_Wat,433.0412948
62,Sample_S19S_0006_Wat,433.077665
8,Sample_S19S_0006_Wat,433.0809249
11,Sample_S19S_0006_Wat,433.0906617
19,Sample_S19S_0006_Wat,433.1139658
2,Sample_S19S_0006_Wat,433.1269982
31,Sample_S19S_0006_Wat,433.1503758
18,Sample_S19S_0006_Wat,433.1634586
32,Sample_S19S_0006_Wat,433.1868494
38,Sample_S19S_0006_Wat,433.223189
9,Sample_S19S_0006_Wat,434.072975
16,Sample_S19S_0006_Wat,434.1093421
7,Sample_S19S_0006_Wat,435.0204588
32,Sample_S19S_0006_Wat,435.0569041
69,Sample_S19S_0006_Wat,435.093324
26,Sample_S19S_0006_Wat,435.1296329
1,Sample_S19S_0006_Wat,435.1426364
21,Sample_S19S_0006_Wat,435.1659973
11,Sample_S19S_0006_Wat,435.1790631
2,Sample_S19S_0006_Wat,435.1944635
60,Sample_S19S_0006_Wat,435.2024665
7,Sample_S19S_0006_Wat,435.238903
16,Sample_S19S_0006_Wat,436.0521427
20,Sample_S19S_0006_Wat,436.0886111
7,Sample_S19S_0006_Wat,436.1250197
25,Sample_S19S_0006_Wat,437.0361523
17,Sample_S19S_0006_Wat,437.072483
22,Sample_S19S_0006_Wat,437.1088959
55,Sample_S19S_0006_Wat,437.1453651
52,Sample_S19S_0006_Wat,437.1817485
8,Sample_S19S_0006_Wat,437.2100538
10,Sample_S19S_0006_Wat,437.2180272
3,Sample_S19S_0006_Wat,437.2544148
12,Sample_S19S_0006_Wat,438.0678822
76,Sample_S19S_0006_Wat,438.1405683
8,Sample_S19S_0006_Wat,439.051737
61,Sample_S19S_0006_Wat,439.0882098
12,Sample_S19S_0006_Wat,439.1067637
75,Sample_S19S_0006_Wat,439.1246064
9,Sample_S19S_0006_Wat,439.1431598
12,Sample_S19S_0006_Wat,439.1529344
27,Sample_S19S_0006_Wat,439.1609425
19,Sample_S19S_0006_Wat,439.1892886
13,Sample_S19S_0006_Wat,439.1973056
34,Sample_S19S_0006_Wat,440.1198163
27,Sample_S19S_0006_Wat,441.0674409
14,Sample_S19S_0006_Wat,441.0860426
26,Sample_S19S_0006_Wat,441.1039049
53,Sample_S19S_0006_Wat,441.1402285
7,Sample_S19S_0006_Wat,441.1586837
11,Sample_S19S_0006_Wat,441.168514
17,Sample_S19S_0006_Wat,441.1765589
11,Sample_S19S_0006_Wat,441.2049192
7,Sample_S19S_0006_Wat,442.0990637
18,Sample_S19S_0006_Wat,442.135461
13,Sample_S19S_0006_Wat,443.0466588
4,Sample_S19S_0006_Wat,443.0652174
10,Sample_S19S_0006_Wat,443.0749837
27,Sample_S19S_0006_Wat,443.0830557
24,Sample_S19S_0006_Wat,443.0984287
11,Sample_S19S_0006_Wat,443.1016577
14,Sample_S19S_0006_Wat,443.1114516
59,Sample_S19S_0006_Wat,443.119518
3,Sample_S19S_0006_Wat,443.1348538
10,Sample_S19S_0006_Wat,443.1380667
11,Sample_S19S_0006_Wat,443.1478565
51,Sample_S19S_0006_Wat,443.1558944
30,Sample_S19S_0006_Wat,443.1711201
13,Sample_S19S_0006_Wat,443.1922057
28,Sample_S19S_0006_Wat,445.0412697
28,Sample_S19S_0006_Wat,445.0623769
34,Sample_S19S_0006_Wat,445.0776178
4,Sample_S19S_0006_Wat,445.0808638
7,Sample_S19S_0006_Wat,445.0986624
1,Sample_S19S_0006_Wat,445.1083593
12,Sample_S19S_0006_Wat,445.1139537
12,Sample_S19S_0006_Wat,445.127011
3,Sample_S19S_0006_Wat,445.1350548
34,Sample_S19S_0006_Wat,445.1503907
5,Sample_S19S_0006_Wat,445.1536246
26,Sample_S19S_0006_Wat,445.1634705
44,Sample_S19S_0006_Wat,445.1715289
38,Sample_S19S_0006_Wat,445.1868428
39,Sample_S19S_0006_Wat,445.223207
13,Sample_S19S_0006_Wat,446.0728598
5,Sample_S19S_0006_Wat,447.0698296
11,Sample_S19S_0006_Wat,447.09323
73,Sample_S19S_0006_Wat,447.1297048
71,Sample_S19S_0006_Wat,447.1660641
14,Sample_S19S_0006_Wat,447.179104
4,Sample_S19S_0006_Wat,448.0520882
17,Sample_S19S_0006_Wat,449.0724952
83,Sample_S19S_0006_Wat,449.1089599
73,Sample_S19S_0006_Wat,449.1453221
18,Sample_S19S_0006_Wat,449.1583358
22,Sample_S19S_0006_Wat,449.1816462
3,Sample_S19S_0006_Wat,451.0517204
31,Sample_S19S_0006_Wat,451.0881744
54,Sample_S19S_0006_Wat,451.124616
1,Sample_S19S_0006_Wat,451.1530256
35,Sample_S19S_0006_Wat,451.1609528
8,Sample_S19S_0006_Wat,451.189303
5,Sample_S19S_0006_Wat,451.1972791
3,Sample_S19S_0006_Wat,451.2256352
8,Sample_S19S_0006_Wat,451.2336787
38,Sample_S19S_0006_Wat,452.0834394
15,Sample_S19S_0006_Wat,452.1199139
18,Sample_S19S_0006_Wat,453.0673983
11,Sample_S19S_0006_Wat,453.1037558
2,Sample_S19S_0006_Wat,453.1222475
12,Sample_S19S_0006_Wat,453.1321972
38,Sample_S19S_0006_Wat,453.140211
2,Sample_S19S_0006_Wat,453.1686448
62,Sample_S19S_0006_Wat,453.1766436
12,Sample_S19S_0006_Wat,453.2049759
1,Sample_S19S_0006_Wat,453.2412767
29,Sample_S19S_0006_Wat,455.0467468
41,Sample_S19S_0006_Wat,455.0831528
12,Sample_S19S_0006_Wat,455.111472
31,Sample_S19S_0006_Wat,455.1194736
14,Sample_S19S_0006_Wat,455.14777
11,Sample_S19S_0006_Wat,455.1558023
10,Sample_S19S_0006_Wat,455.1841535
12,Sample_S19S_0006_Wat,455.2205892
29,Sample_S19S_0006_Wat,457.0624071
6,Sample_S19S_0006_Wat,457.0906483
14,Sample_S19S_0006_Wat,457.0986905
9,Sample_S19S_0006_Wat,457.1172314
9,Sample_S19S_0006_Wat,457.1270095
10,Sample_S19S_0006_Wat,457.1350642
16,Sample_S19S_0006_Wat,457.150377
18,Sample_S19S_0006_Wat,457.1634444
26,Sample_S19S_0006_Wat,457.1715231
28,Sample_S19S_0006_Wat,458.0729028
10,Sample_S19S_0006_Wat,459.0568713
18,Sample_S19S_0006_Wat,459.0779746
12,Sample_S19S_0006_Wat,459.0932353
12,Sample_S19S_0006_Wat,459.1062882
19,Sample_S19S_0006_Wat,459.1143457
24,Sample_S19S_0006_Wat,459.142719
33,Sample_S19S_0006_Wat,459.1508169
39,Sample_S19S_0006_Wat,459.1661042
5,Sample_S19S_0006_Wat,459.2155229
13,Sample_S19S_0006_Wat,460.1612688
20,Sample_S19S_0006_Wat,461.036196
14,Sample_S19S_0006_Wat,461.0725007
8,Sample_S19S_0006_Wat,461.0855391
2,Sample_S19S_0006_Wat,461.1088271
2,Sample_S19S_0006_Wat,461.1218899
17,Sample_S19S_0006_Wat,461.1452647
17,Sample_S19S_0006_Wat,461.1583343
34,Sample_S19S_0006_Wat,461.1817537
8,Sample_S19S_0006_Wat,461.1948089
29,Sample_S19S_0006_Wat,461.218132
13,Sample_S19S_0006_Wat,462.1042629
33,Sample_S19S_0006_Wat,463.0518315
37,Sample_S19S_0006_Wat,463.0881954
14,Sample_S19S_0006_Wat,463.1068687
5,Sample_S19S_0006_Wat,463.124491
4,Sample_S19S_0006_Wat,463.1608564
1,Sample_S19S_0006_Wat,463.1893644
16,Sample_S19S_0006_Wat,463.1972938
37,Sample_S19S_0006_Wat,463.2337601
25,Sample_S19S_0006_Wat,464.1198095
6,Sample_S19S_0006_Wat,465.0310055
8,Sample_S19S_0006_Wat,465.06738
29,Sample_S19S_0006_Wat,465.1038259
2,Sample_S19S_0006_Wat,465.1686035
53,Sample_S19S_0006_Wat,465.1766182
9,Sample_S19S_0006_Wat,465.1896305
11,Sample_S19S_0006_Wat,465.2129596
56,Sample_S19S_0006_Wat,466.1355201
1,Sample_S19S_0006_Wat,466.1435867
32,Sample_S19S_0006_Wat,467.0467531
34,Sample_S19S_0006_Wat,467.0831629
39,Sample_S19S_0006_Wat,467.1195422
17,Sample_S19S_0006_Wat,467.1478261
21,Sample_S19S_0006_Wat,467.1558326
7,Sample_S19S_0006_Wat,467.1921933
10,Sample_S19S_0006_Wat,467.220621
19,Sample_S19S_0006_Wat,467.2286363
27,Sample_S19S_0006_Wat,468.1147294
24,Sample_S19S_0006_Wat,469.062394
9,Sample_S19S_0006_Wat,469.0906533
19,Sample_S19S_0006_Wat,469.0986993
18,Sample_S19S_0006_Wat,469.1270251
8,Sample_S19S_0006_Wat,469.1350525
8,Sample_S19S_0006_Wat,469.1633964
4,Sample_S19S_0006_Wat,469.1868762
18,Sample_S19S_0006_Wat,469.199861
21,Sample_S19S_0006_Wat,469.2078959
7,Sample_S19S_0006_Wat,469.2362772
5,Sample_S19S_0006_Wat,471.0416901
27,Sample_S19S_0006_Wat,471.0780166
5,Sample_S19S_0006_Wat,471.1426129
3,Sample_S19S_0006_Wat,471.1506882
14,Sample_S19S_0006_Wat,471.1871307
12,Sample_S19S_0006_Wat,471.2024048
11,Sample_S19S_0006_Wat,471.2155389
30,Sample_S19S_0006_Wat,473.0937108
52,Sample_S19S_0006_Wat,473.1089772
12,Sample_S19S_0006_Wat,473.1300234
1,Sample_S19S_0006_Wat,473.139667
18,Sample_S19S_0006_Wat,473.1452829
17,Sample_S19S_0006_Wat,473.1816622
7,Sample_S19S_0006_Wat,473.1946924
20,Sample_S19S_0006_Wat,474.1042477
60,Sample_S19S_0006_Wat,475.1245966
17,Sample_S19S_0006_Wat,475.1376596
65,Sample_S19S_0006_Wat,475.1609843
18,Sample_S19S_0006_Wat,475.1739813
25,Sample_S19S_0006_Wat,476.1198125
1,Sample_S19S_0006_Wat,477.0805777
12,Sample_S19S_0006_Wat,477.1037802
2,Sample_S19S_0006_Wat,477.1401075
1,Sample_S19S_0006_Wat,477.1895617
37,Sample_S19S_0006_Wat,477.2130039
4,Sample_S19S_0006_Wat,479.0830028
27,Sample_S19S_0006_Wat,479.1194663
57,Sample_S19S_0006_Wat,479.1559168
47,Sample_S19S_0006_Wat,479.1923063
10,Sample_S19S_0006_Wat,481.0623379
43,Sample_S19S_0006_Wat,481.0987747
62,Sample_S19S_0006_Wat,481.1351677
12,Sample_S19S_0006_Wat,481.1634867
41,Sample_S19S_0006_Wat,481.1715313
6,Sample_S19S_0006_Wat,481.2078283
10,Sample_S19S_0006_Wat,483.0415833
26,Sample_S19S_0006_Wat,483.0780208
36,Sample_S19S_0006_Wat,483.1144642
1,Sample_S19S_0006_Wat,483.1331152
28,Sample_S19S_0006_Wat,483.1508531
10,Sample_S19S_0006_Wat,483.1791639
27,Sample_S19S_0006_Wat,483.1871699
7,Sample_S19S_0006_Wat,485.0855526
21,Sample_S19S_0006_Wat,485.0936172
40,Sample_S19S_0006_Wat,485.1300644
30,Sample_S19S_0006_Wat,485.1664901
10,Sample_S19S_0006_Wat,487.1011949
3,Sample_S19S_0006_Wat,487.1244947
11,Sample_S19S_0006_Wat,487.1375846
8,Sample_S19S_0006_Wat,487.1456408
12,Sample_S19S_0006_Wat,487.1740711
14,Sample_S19S_0006_Wat,487.2337958
26,Sample_S19S_0006_Wat,489.1249814
24,Sample_S19S_0006_Wat,489.1402055
4,Sample_S19S_0006_Wat,491.1193786
15,Sample_S19S_0006_Wat,491.1558203
47,Sample_S19S_0006_Wat,491.1922945
1,Sample_S19S_0006_Wat,491.2207786
8,Sample_S19S_0006_Wat,491.2287423
19,Sample_S19S_0006_Wat,493.098712
62,Sample_S19S_0006_Wat,493.1351653
3,Sample_S19S_0006_Wat,493.1636569
45,Sample_S19S_0006_Wat,493.1715856
27,Sample_S19S_0006_Wat,495.0780179
34,Sample_S19S_0006_Wat,495.1144449
47,Sample_S19S_0006_Wat,495.1507984
14,Sample_S19S_0006_Wat,495.1791573
11,Sample_S19S_0006_Wat,497.0572968
6,Sample_S19S_0006_Wat,497.0937782
6,Sample_S19S_0006_Wat,497.1301476
19,Sample_S19S_0006_Wat,497.1947705
1,Sample_S19S_0006_Wat,498.1698072
13,Sample_S19S_0006_Wat,499.0728848
30,Sample_S19S_0006_Wat,499.1093112
4,Sample_S19S_0006_Wat,499.1377212
40,Sample_S19S_0006_Wat,499.1457371
12,Sample_S19S_0006_Wat,499.1740741
7,Sample_S19S_0006_Wat,501.0885018
3,Sample_S19S_0006_Wat,501.1248479
21,Sample_S19S_0006_Wat,501.1532967
15,Sample_S19S_0006_Wat,501.1612956
3,Sample_S19S_0006_Wat,503.0468089
1,Sample_S19S_0006_Wat,503.0832459
20,Sample_S19S_0006_Wat,503.1558462
3,Sample_S19S_0006_Wat,503.1921795
1,Sample_S19S_0006_Wat,503.2649518
7,Sample_S19S_0006_Wat,504.1512304
4,Sample_S19S_0006_Wat,504.1876267
1,Sample_S19S_0006_Wat,505.0622503
13,Sample_S19S_0006_Wat,505.1350781
52,Sample_S19S_0006_Wat,505.1715425
21,Sample_S19S_0006_Wat,505.2079802
27,Sample_S19S_0006_Wat,505.2443315
22,Sample_S19S_0006_Wat,507.0780238
40,Sample_S19S_0006_Wat,507.1144464
53,Sample_S19S_0006_Wat,507.1508255
24,Sample_S19S_0006_Wat,509.0937287
5,Sample_S19S_0006_Wat,509.1219812
35,Sample_S19S_0006_Wat,509.1300451
9,Sample_S19S_0006_Wat,509.1947371
9,Sample_S19S_0006_Wat,509.2311267
2,Sample_S19S_0006_Wat,509.2391011
28,Sample_S19S_0006_Wat,511.0729714
16,Sample_S19S_0006_Wat,511.1092846
3,Sample_S19S_0006_Wat,511.2183807
3,Sample_S19S_0006_Wat,513.0522762
19,Sample_S19S_0006_Wat,513.0885835
9,Sample_S19S_0006_Wat,513.1248843
3,Sample_S19S_0006_Wat,513.1531789
1,Sample_S19S_0006_Wat,515.1326297
6,Sample_S19S_0006_Wat,517.098859
6,Sample_S19S_0006_Wat,517.1352552
7,Sample_S19S_0006_Wat,517.171616
5,Sample_S19S_0006_Wat,517.2442337
12,Sample_S19S_0006_Wat,519.2236508
11,Sample_S19S_0006_Wat,521.0573462
15,Sample_S19S_0006_Wat,521.1663968
2,Sample_S19S_0006_Wat,523.1091901
17,Sample_S19S_0006_Wat,523.1820717
24,Sample_S19S_0006_Wat,525.1250197
33,Sample_S19S_0006_Wat,525.1614051
5,Sample_S19S_0006_Wat,527.1043114
30,Sample_S19S_0006_Wat,527.1406475
6,Sample_S19S_0006_Wat,531.0992322
9,Sample_S19S_0006_Wat,531.1638843
9,Sample_S19S_0006_Wat,533.0937827
16,Sample_S19S_0006_Wat,533.1301236
8,Sample_S19S_0006_Wat,533.2027587
5,Sample_S19S_0006_Wat,535.1094222
5,Sample_S19S_0006_Wat,535.1458132
3,Sample_S19S_0006_Wat,535.1641574
10,Sample_S19S_0006_Wat,535.1821751
2,Sample_S19S_0006_Wat,537.0520931
5,Sample_S19S_0006_Wat,537.0884904
20,Sample_S19S_0006_Wat,537.1249315
38,Sample_S19S_0006_Wat,537.161382
4,Sample_S19S_0006_Wat,537.1897464
13,Sample_S19S_0006_Wat,537.1978101
8,Sample_S19S_0006_Wat,537.2342192
4,Sample_S19S_0006_Wat,537.2706002
14,Sample_S19S_0006_Wat,539.1042196
19,Sample_S19S_0006_Wat,539.1405618
3,Sample_S19S_0006_Wat,539.1768779
5,Sample_S19S_0006_Wat,542.1878502
5,Sample_S19S_0006_Wat,543.0781158
9,Sample_S19S_0006_Wat,543.1638009
2,Sample_S19S_0006_Wat,545.0571838
23,Sample_S19S_0006_Wat,545.1664409
5,Sample_S19S_0006_Wat,549.1250923
14,Sample_S19S_0006_Wat,553.1925971
15,Sample_S19S_0006_Wat,563.2134586
5,Sample_S19S_0006_Wat,567.0992538
12,Sample_S19S_0006_Wat,569.0784551
12,Sample_S19S_0006_Wat,569.1147778
4,Sample_S19S_0006_Wat,573.1461913
2,Sample_S19S_0006_Wat,573.1615077
1,Sample_S19S_0006_Wat,575.1043617
3,Sample_S19S_0006_Wat,575.1407714
14,Sample_S19S_0006_Wat,575.1770756
1,Sample_S19S_0006_Wat,581.0785526
2,Sample_S19S_0006_Wat,585.2190128
8,Sample_S19S_0006_Wat,635.2709215
