num.trans.involved.in,sample,peak
30,Sample_S19S_0052_Wat,201.0404313
28,Sample_S19S_0052_Wat,201.0768122
22,Sample_S19S_0052_Wat,201.1131969
23,Sample_S19S_0052_Wat,205.0142188
7,Sample_S19S_0052_Wat,205.1597578
37,Sample_S19S_0052_Wat,207.0298709
12,Sample_S19S_0052_Wat,209.0091207
30,Sample_S19S_0052_Wat,209.0455114
32,Sample_S19S_0052_Wat,209.0818981
47,Sample_S19S_0052_Wat,211.0247874
48,Sample_S19S_0052_Wat,211.0611736
31,Sample_S19S_0052_Wat,211.097555
20,Sample_S19S_0052_Wat,211.1339377
14,Sample_S19S_0052_Wat,212.0564229
1,Sample_S19S_0052_Wat,213.0152775
26,Sample_S19S_0052_Wat,213.0404285
40,Sample_S19S_0052_Wat,213.0768216
25,Sample_S19S_0052_Wat,213.1132092
5,Sample_S19S_0052_Wat,214.050931
32,Sample_S19S_0052_Wat,215.0560786
35,Sample_S19S_0052_Wat,215.0924726
17,Sample_S19S_0052_Wat,215.1288446
36,Sample_S19S_0052_Wat,217.0717431
32,Sample_S19S_0052_Wat,217.1081169
13,Sample_S19S_0052_Wat,219.0662407
18,Sample_S19S_0052_Wat,221.0091259
35,Sample_S19S_0052_Wat,221.0455191
19,Sample_S19S_0052_Wat,221.0818912
41,Sample_S19S_0052_Wat,223.0247931
17,Sample_S19S_0052_Wat,223.0611523
43,Sample_S19S_0052_Wat,223.0975605
21,Sample_S19S_0052_Wat,224.0564233
65,Sample_S19S_0052_Wat,225.0404494
51,Sample_S19S_0052_Wat,225.0768195
13,Sample_S19S_0052_Wat,225.1131873
35,Sample_S19S_0052_Wat,227.056079
44,Sample_S19S_0052_Wat,227.092466
22,Sample_S19S_0052_Wat,227.1288722
43,Sample_S19S_0052_Wat,229.0353497
40,Sample_S19S_0052_Wat,229.0717413
15,Sample_S19S_0052_Wat,229.14452
41,Sample_S19S_0052_Wat,231.0873835
36,Sample_S19S_0052_Wat,233.0455307
32,Sample_S19S_0052_Wat,233.0819208
7,Sample_S19S_0052_Wat,233.1546845
42,Sample_S19S_0052_Wat,235.0247912
48,Sample_S19S_0052_Wat,235.0611873
31,Sample_S19S_0052_Wat,237.0040579
44,Sample_S19S_0052_Wat,237.0404421
56,Sample_S19S_0052_Wat,237.0768351
23,Sample_S19S_0052_Wat,238.0720655
62,Sample_S19S_0052_Wat,239.0197221
86,Sample_S19S_0052_Wat,239.0561117
6,Sample_S19S_0052_Wat,239.0673352
76,Sample_S19S_0052_Wat,239.092497
35,Sample_S19S_0052_Wat,239.1288753
66,Sample_S19S_0052_Wat,241.03537
46,Sample_S19S_0052_Wat,241.0717422
31,Sample_S19S_0052_Wat,241.1081087
22,Sample_S19S_0052_Wat,241.1445007
36,Sample_S19S_0052_Wat,242.0670034
9,Sample_S19S_0052_Wat,242.139775
5,Sample_S19S_0052_Wat,242.1761465
68,Sample_S19S_0052_Wat,243.0510224
41,Sample_S19S_0052_Wat,243.0873816
19,Sample_S19S_0052_Wat,243.1237626
6,Sample_S19S_0052_Wat,245.0489119
78,Sample_S19S_0052_Wat,245.0666847
56,Sample_S19S_0052_Wat,245.1030642
37,Sample_S19S_0052_Wat,247.024801
63,Sample_S19S_0052_Wat,247.0612011
65,Sample_S19S_0052_Wat,247.0975945
39,Sample_S19S_0052_Wat,249.0040636
73,Sample_S19S_0052_Wat,249.0404675
78,Sample_S19S_0052_Wat,249.0768527
69,Sample_S19S_0052_Wat,251.0197332
61,Sample_S19S_0052_Wat,251.0560986
100,Sample_S19S_0052_Wat,251.0925063
39,Sample_S19S_0052_Wat,251.1289035
94,Sample_S19S_0052_Wat,253.0353983
110,Sample_S19S_0052_Wat,253.0717756
5,Sample_S19S_0052_Wat,253.0829986
39,Sample_S19S_0052_Wat,253.1081345
35,Sample_S19S_0052_Wat,253.1445337
33,Sample_S19S_0052_Wat,254.0670222
91,Sample_S19S_0052_Wat,255.0510433
99,Sample_S19S_0052_Wat,255.0874163
35,Sample_S19S_0052_Wat,255.1237776
29,Sample_S19S_0052_Wat,256.0826837
75,Sample_S19S_0052_Wat,257.030304
92,Sample_S19S_0052_Wat,257.0666765
55,Sample_S19S_0052_Wat,257.1030521
40,Sample_S19S_0052_Wat,257.1394516
80,Sample_S19S_0052_Wat,259.0459547
56,Sample_S19S_0052_Wat,259.0612028
84,Sample_S19S_0052_Wat,259.0823405
56,Sample_S19S_0052_Wat,261.040468
82,Sample_S19S_0052_Wat,261.0768598
55,Sample_S19S_0052_Wat,261.1132477
26,Sample_S19S_0052_Wat,262.0357323
42,Sample_S19S_0052_Wat,263.019721
79,Sample_S19S_0052_Wat,263.0561329
42,Sample_S19S_0052_Wat,263.0924815
36,Sample_S19S_0052_Wat,263.128908
79,Sample_S19S_0052_Wat,265.0353938
82,Sample_S19S_0052_Wat,265.0717855
88,Sample_S19S_0052_Wat,265.1081545
29,Sample_S19S_0052_Wat,265.1445692
2,Sample_S19S_0052_Wat,265.1479151
34,Sample_S19S_0052_Wat,266.0306266
43,Sample_S19S_0052_Wat,266.0670361
70,Sample_S19S_0052_Wat,267.0146829
106,Sample_S19S_0052_Wat,267.0510336
95,Sample_S19S_0052_Wat,267.0874299
74,Sample_S19S_0052_Wat,267.123805
28,Sample_S19S_0052_Wat,267.1601848
48,Sample_S19S_0052_Wat,268.0462977
47,Sample_S19S_0052_Wat,268.08266
74,Sample_S19S_0052_Wat,269.0303205
109,Sample_S19S_0052_Wat,269.0666802
87,Sample_S19S_0052_Wat,269.1030627
42,Sample_S19S_0052_Wat,269.1394657
43,Sample_S19S_0052_Wat,270.0619439
67,Sample_S19S_0052_Wat,271.0459737
84,Sample_S19S_0052_Wat,271.0823212
73,Sample_S19S_0052_Wat,271.118718
17,Sample_S19S_0052_Wat,271.1551343
40,Sample_S19S_0052_Wat,272.0412153
41,Sample_S19S_0052_Wat,272.0775888
53,Sample_S19S_0052_Wat,273.040478
72,Sample_S19S_0052_Wat,273.061591
68,Sample_S19S_0052_Wat,273.0768603
72,Sample_S19S_0052_Wat,273.0979879
26,Sample_S19S_0052_Wat,273.1343844
59,Sample_S19S_0052_Wat,275.0197425
68,Sample_S19S_0052_Wat,275.0561155
74,Sample_S19S_0052_Wat,275.0772487
69,Sample_S19S_0052_Wat,275.0925149
85,Sample_S19S_0052_Wat,277.0354157
85,Sample_S19S_0052_Wat,277.0717892
78,Sample_S19S_0052_Wat,277.1081544
47,Sample_S19S_0052_Wat,277.1445377
42,Sample_S19S_0052_Wat,278.0670289
32,Sample_S19S_0052_Wat,278.1034322
44,Sample_S19S_0052_Wat,279.0146331
88,Sample_S19S_0052_Wat,279.0510516
16,Sample_S19S_0052_Wat,279.0622836
62,Sample_S19S_0052_Wat,279.0874539
55,Sample_S19S_0052_Wat,279.1238221
34,Sample_S19S_0052_Wat,279.160186
2,Sample_S19S_0052_Wat,279.1635618
48,Sample_S19S_0052_Wat,280.0826921
85,Sample_S19S_0052_Wat,281.0303339
111,Sample_S19S_0052_Wat,281.0666829
65,Sample_S19S_0052_Wat,281.1030502
64,Sample_S19S_0052_Wat,281.1394597
25,Sample_S19S_0052_Wat,282.025533
37,Sample_S19S_0052_Wat,282.0983548
105,Sample_S19S_0052_Wat,283.0459554
72,Sample_S19S_0052_Wat,283.0823169
10,Sample_S19S_0052_Wat,283.0935869
95,Sample_S19S_0052_Wat,283.118715
27,Sample_S19S_0052_Wat,283.1551309
50,Sample_S19S_0052_Wat,284.0776208
71,Sample_S19S_0052_Wat,285.025228
78,Sample_S19S_0052_Wat,285.0616357
37,Sample_S19S_0052_Wat,285.0980306
47,Sample_S19S_0052_Wat,285.1343948
47,Sample_S19S_0052_Wat,287.0197477
60,Sample_S19S_0052_Wat,287.0408776
56,Sample_S19S_0052_Wat,287.0561351
83,Sample_S19S_0052_Wat,287.0772537
59,Sample_S19S_0052_Wat,287.0925228
75,Sample_S19S_0052_Wat,287.1136282
65,Sample_S19S_0052_Wat,289.0354029
64,Sample_S19S_0052_Wat,289.0565242
86,Sample_S19S_0052_Wat,289.0717704
65,Sample_S19S_0052_Wat,289.0929075
55,Sample_S19S_0052_Wat,289.1081489
5,Sample_S19S_0052_Wat,290.0305978
15,Sample_S19S_0052_Wat,290.0669883
37,Sample_S19S_0052_Wat,290.1033932
4,Sample_S19S_0052_Wat,290.1245994
54,Sample_S19S_0052_Wat,291.0146759
87,Sample_S19S_0052_Wat,291.0510416
75,Sample_S19S_0052_Wat,291.0874132
11,Sample_S19S_0052_Wat,291.0986884
58,Sample_S19S_0052_Wat,291.1237966
28,Sample_S19S_0052_Wat,292.0462633
84,Sample_S19S_0052_Wat,293.0303357
88,Sample_S19S_0052_Wat,293.0667099
15,Sample_S19S_0052_Wat,293.0779374
98,Sample_S19S_0052_Wat,293.1030793
69,Sample_S19S_0052_Wat,293.1394564
12,Sample_S19S_0052_Wat,293.1757942
1,Sample_S19S_0052_Wat,293.179192
33,Sample_S19S_0052_Wat,294.0619153
43,Sample_S19S_0052_Wat,294.098304
47,Sample_S19S_0052_Wat,295.0095496
86,Sample_S19S_0052_Wat,295.0459444
116,Sample_S19S_0052_Wat,295.0823376
9,Sample_S19S_0052_Wat,295.093638
106,Sample_S19S_0052_Wat,295.1187213
7,Sample_S19S_0052_Wat,295.1398774
45,Sample_S19S_0052_Wat,295.1550986
30,Sample_S19S_0052_Wat,296.0411763
42,Sample_S19S_0052_Wat,296.0775656
32,Sample_S19S_0052_Wat,296.1139469
76,Sample_S19S_0052_Wat,297.025237
93,Sample_S19S_0052_Wat,297.0616262
16,Sample_S19S_0052_Wat,297.0728378
68,Sample_S19S_0052_Wat,297.0980154
38,Sample_S19S_0052_Wat,297.1344063
3,Sample_S19S_0052_Wat,297.1529844
16,Sample_S19S_0052_Wat,297.1707937
47,Sample_S19S_0052_Wat,298.0568737
48,Sample_S19S_0052_Wat,298.0932671
29,Sample_S19S_0052_Wat,298.1296449
69,Sample_S19S_0052_Wat,299.0408894
93,Sample_S19S_0052_Wat,299.0772616
15,Sample_S19S_0052_Wat,299.0884889
73,Sample_S19S_0052_Wat,299.1136455
61,Sample_S19S_0052_Wat,299.1500243
45,Sample_S19S_0052_Wat,300.0725
56,Sample_S19S_0052_Wat,301.0353903
66,Sample_S19S_0052_Wat,301.0565488
45,Sample_S19S_0052_Wat,301.071792
58,Sample_S19S_0052_Wat,301.092932
32,Sample_S19S_0052_Wat,301.1081829
42,Sample_S19S_0052_Wat,301.129318
31,Sample_S19S_0052_Wat,301.1445638
32,Sample_S19S_0052_Wat,302.0670162
50,Sample_S19S_0052_Wat,303.0146906
66,Sample_S19S_0052_Wat,303.0510433
73,Sample_S19S_0052_Wat,303.0721573
65,Sample_S19S_0052_Wat,303.0874395
77,Sample_S19S_0052_Wat,303.1085414
55,Sample_S19S_0052_Wat,303.1238249
44,Sample_S19S_0052_Wat,303.1449308
32,Sample_S19S_0052_Wat,304.0462877
38,Sample_S19S_0052_Wat,304.0826613
5,Sample_S19S_0052_Wat,304.1402446
77,Sample_S19S_0052_Wat,305.0303157
90,Sample_S19S_0052_Wat,305.0666877
11,Sample_S19S_0052_Wat,305.0700613
10,Sample_S19S_0052_Wat,305.0779953
79,Sample_S19S_0052_Wat,305.1030852
7,Sample_S19S_0052_Wat,305.1143903
56,Sample_S19S_0052_Wat,305.1394662
46,Sample_S19S_0052_Wat,306.0983427
44,Sample_S19S_0052_Wat,307.0095853
94,Sample_S19S_0052_Wat,307.0459779
67,Sample_S19S_0052_Wat,307.0823737
19,Sample_S19S_0052_Wat,307.0936059
46,Sample_S19S_0052_Wat,307.1187572
32,Sample_S19S_0052_Wat,307.1551342
52,Sample_S19S_0052_Wat,308.0412303
53,Sample_S19S_0052_Wat,308.0775973
41,Sample_S19S_0052_Wat,308.1139545
83,Sample_S19S_0052_Wat,309.0252469
114,Sample_S19S_0052_Wat,309.0616036
18,Sample_S19S_0052_Wat,309.0728691
108,Sample_S19S_0052_Wat,309.0979773
81,Sample_S19S_0052_Wat,309.1343649
3,Sample_S19S_0052_Wat,309.1530159
34,Sample_S19S_0052_Wat,309.1707647
2,Sample_S19S_0052_Wat,309.1741269
48,Sample_S19S_0052_Wat,310.0568411
48,Sample_S19S_0052_Wat,310.0932206
47,Sample_S19S_0052_Wat,310.1296176
89,Sample_S19S_0052_Wat,311.0408991
96,Sample_S19S_0052_Wat,311.0772659
18,Sample_S19S_0052_Wat,311.0885065
121,Sample_S19S_0052_Wat,311.1136352
62,Sample_S19S_0052_Wat,311.1500195
50,Sample_S19S_0052_Wat,312.0725103
57,Sample_S19S_0052_Wat,313.0201379
76,Sample_S19S_0052_Wat,313.0565398
78,Sample_S19S_0052_Wat,313.0929245
62,Sample_S19S_0052_Wat,313.1293014
54,Sample_S19S_0052_Wat,314.0881771
63,Sample_S19S_0052_Wat,315.035781
55,Sample_S19S_0052_Wat,315.0510397
69,Sample_S19S_0052_Wat,315.0721791
29,Sample_S19S_0052_Wat,315.0873994
5,Sample_S19S_0052_Wat,315.0907452
57,Sample_S19S_0052_Wat,315.1085755
50,Sample_S19S_0052_Wat,315.1238052
42,Sample_S19S_0052_Wat,315.1449559
44,Sample_S19S_0052_Wat,316.1038062
58,Sample_S19S_0052_Wat,317.0303382
61,Sample_S19S_0052_Wat,317.0514233
69,Sample_S19S_0052_Wat,317.0666936
81,Sample_S19S_0052_Wat,317.0878157
48,Sample_S19S_0052_Wat,317.1030588
42,Sample_S19S_0052_Wat,317.124227
53,Sample_S19S_0052_Wat,317.1394552
44,Sample_S19S_0052_Wat,318.0619419
13,Sample_S19S_0052_Wat,318.1194966
43,Sample_S19S_0052_Wat,319.009608
24,Sample_S19S_0052_Wat,319.0460069
5,Sample_S19S_0052_Wat,319.0573003
79,Sample_S19S_0052_Wat,319.0823624
4,Sample_S19S_0052_Wat,319.0936659
78,Sample_S19S_0052_Wat,319.1187158
49,Sample_S19S_0052_Wat,319.1551015
43,Sample_S19S_0052_Wat,320.0412195
42,Sample_S19S_0052_Wat,320.0776287
16,Sample_S19S_0052_Wat,320.0987676
21,Sample_S19S_0052_Wat,320.1140206
70,Sample_S19S_0052_Wat,321.0252313
75,Sample_S19S_0052_Wat,321.0616406
11,Sample_S19S_0052_Wat,321.0728956
44,Sample_S19S_0052_Wat,321.0980285
7,Sample_S19S_0052_Wat,321.1093021
65,Sample_S19S_0052_Wat,321.1343949
34,Sample_S19S_0052_Wat,321.1707672
60,Sample_S19S_0052_Wat,322.0568903
58,Sample_S19S_0052_Wat,322.0932669
54,Sample_S19S_0052_Wat,323.0044879
74,Sample_S19S_0052_Wat,323.0408542
10,Sample_S19S_0052_Wat,323.0521494
107,Sample_S19S_0052_Wat,323.0772527
24,Sample_S19S_0052_Wat,323.0884973
60,Sample_S19S_0052_Wat,323.1136726
49,Sample_S19S_0052_Wat,323.1500462
2,Sample_S19S_0052_Wat,323.1686736
23,Sample_S19S_0052_Wat,323.1864241
48,Sample_S19S_0052_Wat,324.0361498
61,Sample_S19S_0052_Wat,324.0725027
49,Sample_S19S_0052_Wat,324.108871
23,Sample_S19S_0052_Wat,325.0201894
87,Sample_S19S_0052_Wat,325.0565425
9,Sample_S19S_0052_Wat,325.0678176
113,Sample_S19S_0052_Wat,325.0928926
24,Sample_S19S_0052_Wat,325.1041654
74,Sample_S19S_0052_Wat,325.1292996
30,Sample_S19S_0052_Wat,325.1657004
1,Sample_S19S_0052_Wat,325.1842438
44,Sample_S19S_0052_Wat,326.0518083
57,Sample_S19S_0052_Wat,326.0881656
46,Sample_S19S_0052_Wat,326.1245662
69,Sample_S19S_0052_Wat,327.035782
78,Sample_S19S_0052_Wat,327.0722018
4,Sample_S19S_0052_Wat,327.090737
70,Sample_S19S_0052_Wat,327.1085831
59,Sample_S19S_0052_Wat,327.1449492
44,Sample_S19S_0052_Wat,328.067419
54,Sample_S19S_0052_Wat,328.1037984
46,Sample_S19S_0052_Wat,329.0303285
50,Sample_S19S_0052_Wat,329.0514722
26,Sample_S19S_0052_Wat,329.0667319
17,Sample_S19S_0052_Wat,329.0700573
96,Sample_S19S_0052_Wat,329.0878075
48,Sample_S19S_0052_Wat,329.1030905
11,Sample_S19S_0052_Wat,329.1064332
57,Sample_S19S_0052_Wat,329.1242163
13,Sample_S19S_0052_Wat,329.1394079
1,Sample_S19S_0052_Wat,329.152419
42,Sample_S19S_0052_Wat,329.1605843
25,Sample_S19S_0052_Wat,330.0831155
39,Sample_S19S_0052_Wat,330.1194763
43,Sample_S19S_0052_Wat,331.0459941
60,Sample_S19S_0052_Wat,331.0670688
60,Sample_S19S_0052_Wat,331.0823608
47,Sample_S19S_0052_Wat,331.1034998
67,Sample_S19S_0052_Wat,331.1187275
3,Sample_S19S_0052_Wat,331.122066
22,Sample_S19S_0052_Wat,331.1399002
14,Sample_S19S_0052_Wat,331.155166
35,Sample_S19S_0052_Wat,332.0412408
47,Sample_S19S_0052_Wat,332.0775831
31,Sample_S19S_0052_Wat,332.0987468
34,Sample_S19S_0052_Wat,332.1139958
19,Sample_S19S_0052_Wat,332.1351167
27,Sample_S19S_0052_Wat,333.0252702
41,Sample_S19S_0052_Wat,333.0616512
1,Sample_S19S_0052_Wat,333.0729806
38,Sample_S19S_0052_Wat,333.08277
75,Sample_S19S_0052_Wat,333.0980074
13,Sample_S19S_0052_Wat,333.1013488
4,Sample_S19S_0052_Wat,333.109335
34,Sample_S19S_0052_Wat,333.1344131
23,Sample_S19S_0052_Wat,333.1707943
50,Sample_S19S_0052_Wat,334.0568812
40,Sample_S19S_0052_Wat,334.0932769
10,Sample_S19S_0052_Wat,334.1144217
53,Sample_S19S_0052_Wat,335.0409093
7,Sample_S19S_0052_Wat,335.0521847
86,Sample_S19S_0052_Wat,335.0772597
50,Sample_S19S_0052_Wat,335.1136067
10,Sample_S19S_0052_Wat,335.124927
55,Sample_S19S_0052_Wat,335.150042
28,Sample_S19S_0052_Wat,335.1864245
23,Sample_S19S_0052_Wat,336.0361684
35,Sample_S19S_0052_Wat,336.0725571
55,Sample_S19S_0052_Wat,336.1089144
62,Sample_S19S_0052_Wat,337.0201415
59,Sample_S19S_0052_Wat,337.0564852
18,Sample_S19S_0052_Wat,337.0677837
13,Sample_S19S_0052_Wat,337.0695448
106,Sample_S19S_0052_Wat,337.0929176
12,Sample_S19S_0052_Wat,337.1041904
99,Sample_S19S_0052_Wat,337.1292866
47,Sample_S19S_0052_Wat,337.1656867
18,Sample_S19S_0052_Wat,338.0518396
67,Sample_S19S_0052_Wat,338.0881798
40,Sample_S19S_0052_Wat,338.1245766
69,Sample_S19S_0052_Wat,339.0357996
108,Sample_S19S_0052_Wat,339.0721726
10,Sample_S19S_0052_Wat,339.0834699
114,Sample_S19S_0052_Wat,339.1085453
23,Sample_S19S_0052_Wat,339.1198231
33,Sample_S19S_0052_Wat,339.1449816
31,Sample_S19S_0052_Wat,339.1813533
3,Sample_S19S_0052_Wat,339.1999929
21,Sample_S19S_0052_Wat,340.0674792
49,Sample_S19S_0052_Wat,340.1038147
40,Sample_S19S_0052_Wat,340.1401964
53,Sample_S19S_0052_Wat,341.0150623
74,Sample_S19S_0052_Wat,341.0514621
4,Sample_S19S_0052_Wat,341.0627609
108,Sample_S19S_0052_Wat,341.0878109
19,Sample_S19S_0052_Wat,341.0990914
38,Sample_S19S_0052_Wat,341.12425
41,Sample_S19S_0052_Wat,341.1606173
1,Sample_S19S_0052_Wat,341.179252
34,Sample_S19S_0052_Wat,342.0467143
53,Sample_S19S_0052_Wat,342.0830768
38,Sample_S19S_0052_Wat,342.1194926
54,Sample_S19S_0052_Wat,343.0307124
39,Sample_S19S_0052_Wat,343.0459579
56,Sample_S19S_0052_Wat,343.067113
18,Sample_S19S_0052_Wat,343.0823925
18,Sample_S19S_0052_Wat,343.0857039
95,Sample_S19S_0052_Wat,343.1034685
36,Sample_S19S_0052_Wat,343.1187422
10,Sample_S19S_0052_Wat,343.1220769
15,Sample_S19S_0052_Wat,343.1399075
41,Sample_S19S_0052_Wat,344.0623517
32,Sample_S19S_0052_Wat,344.0987606
50,Sample_S19S_0052_Wat,345.0252491
46,Sample_S19S_0052_Wat,345.0463327
62,Sample_S19S_0052_Wat,345.0616254
11,Sample_S19S_0052_Wat,345.0649742
55,Sample_S19S_0052_Wat,345.0827674
61,Sample_S19S_0052_Wat,345.0980089
7,Sample_S19S_0052_Wat,345.1013399
44,Sample_S19S_0052_Wat,345.1191373
19,Sample_S19S_0052_Wat,345.1344288
25,Sample_S19S_0052_Wat,345.1555412
38,Sample_S19S_0052_Wat,345.170772
32,Sample_S19S_0052_Wat,346.0569005
28,Sample_S19S_0052_Wat,346.07802
46,Sample_S19S_0052_Wat,346.0932318
35,Sample_S19S_0052_Wat,346.1143644
12,Sample_S19S_0052_Wat,346.1507606
1,Sample_S19S_0052_Wat,346.2154294
42,Sample_S19S_0052_Wat,347.0045152
67,Sample_S19S_0052_Wat,347.0408756
35,Sample_S19S_0052_Wat,347.0620279
90,Sample_S19S_0052_Wat,347.0772564
5,Sample_S19S_0052_Wat,347.0805924
4,Sample_S19S_0052_Wat,347.0885951
24,Sample_S19S_0052_Wat,347.0903002
58,Sample_S19S_0052_Wat,347.0983726
42,Sample_S19S_0052_Wat,347.1136821
14,Sample_S19S_0052_Wat,347.1170036
63,Sample_S19S_0052_Wat,347.1500262
9,Sample_S19S_0052_Wat,347.1864695
28,Sample_S19S_0052_Wat,348.0361356
31,Sample_S19S_0052_Wat,348.0725611
54,Sample_S19S_0052_Wat,348.1089104
8,Sample_S19S_0052_Wat,348.1300774
1,Sample_S19S_0052_Wat,348.231087
59,Sample_S19S_0052_Wat,349.0201636
4,Sample_S19S_0052_Wat,349.0678584
78,Sample_S19S_0052_Wat,349.0929209
8,Sample_S19S_0052_Wat,349.1042255
21,Sample_S19S_0052_Wat,349.1059291
80,Sample_S19S_0052_Wat,349.129303
55,Sample_S19S_0052_Wat,349.1656793
20,Sample_S19S_0052_Wat,350.0518357
71,Sample_S19S_0052_Wat,350.0881844
20,Sample_S19S_0052_Wat,350.1245924
71,Sample_S19S_0052_Wat,351.0357871
79,Sample_S19S_0052_Wat,351.0721501
47,Sample_S19S_0052_Wat,351.1085115
12,Sample_S19S_0052_Wat,351.1198443
22,Sample_S19S_0052_Wat,351.121581
41,Sample_S19S_0052_Wat,351.1449775
29,Sample_S19S_0052_Wat,351.1813076
26,Sample_S19S_0052_Wat,352.0310225
29,Sample_S19S_0052_Wat,352.0674721
55,Sample_S19S_0052_Wat,352.1038206
27,Sample_S19S_0052_Wat,352.140233
58,Sample_S19S_0052_Wat,353.0150696
51,Sample_S19S_0052_Wat,353.0514753
4,Sample_S19S_0052_Wat,353.0627608
111,Sample_S19S_0052_Wat,353.0878166
13,Sample_S19S_0052_Wat,353.0990962
72,Sample_S19S_0052_Wat,353.124233
43,Sample_S19S_0052_Wat,353.1605629
42,Sample_S19S_0052_Wat,354.0467104
61,Sample_S19S_0052_Wat,354.0830704
51,Sample_S19S_0052_Wat,354.1194893
57,Sample_S19S_0052_Wat,355.0306981
31,Sample_S19S_0052_Wat,355.0459559
75,Sample_S19S_0052_Wat,355.0671162
7,Sample_S19S_0052_Wat,355.0784081
5,Sample_S19S_0052_Wat,355.0824171
98,Sample_S19S_0052_Wat,355.1034699
20,Sample_S19S_0052_Wat,355.1399086
38,Sample_S19S_0052_Wat,355.1762476
58,Sample_S19S_0052_Wat,356.0623586
25,Sample_S19S_0052_Wat,356.0987693
41,Sample_S19S_0052_Wat,356.1350838
26,Sample_S19S_0052_Wat,357.0251986
49,Sample_S19S_0052_Wat,357.046323
45,Sample_S19S_0052_Wat,357.061636
1,Sample_S19S_0052_Wat,357.0649448
89,Sample_S19S_0052_Wat,357.0827228
42,Sample_S19S_0052_Wat,357.0979761
7,Sample_S19S_0052_Wat,357.1012479
23,Sample_S19S_0052_Wat,357.1110353
88,Sample_S19S_0052_Wat,357.1191097
26,Sample_S19S_0052_Wat,357.134414
57,Sample_S19S_0052_Wat,357.1554992
40,Sample_S19S_0052_Wat,358.0568909
43,Sample_S19S_0052_Wat,358.077999
17,Sample_S19S_0052_Wat,358.1507103
17,Sample_S19S_0052_Wat,359.0409252
12,Sample_S19S_0052_Wat,359.0442657
56,Sample_S19S_0052_Wat,359.0619959
56,Sample_S19S_0052_Wat,359.077285
19,Sample_S19S_0052_Wat,359.0806207
32,Sample_S19S_0052_Wat,359.0984239
3,Sample_S19S_0052_Wat,359.1169502
47,Sample_S19S_0052_Wat,359.1347452
58,Sample_S19S_0052_Wat,359.1500213
26,Sample_S19S_0052_Wat,360.093678
42,Sample_S19S_0052_Wat,360.108919
48,Sample_S19S_0052_Wat,361.0201475
50,Sample_S19S_0052_Wat,361.056505
5,Sample_S19S_0052_Wat,361.0598496
5,Sample_S19S_0052_Wat,361.0678574
17,Sample_S19S_0052_Wat,361.069538
35,Sample_S19S_0052_Wat,361.077621
73,Sample_S19S_0052_Wat,361.0929312
16,Sample_S19S_0052_Wat,361.0962708
39,Sample_S19S_0052_Wat,361.1140532
91,Sample_S19S_0052_Wat,361.1292859
3,Sample_S19S_0052_Wat,361.132556
27,Sample_S19S_0052_Wat,361.1423317
37,Sample_S19S_0052_Wat,361.1657046
63,Sample_S19S_0052_Wat,362.0881611
13,Sample_S19S_0052_Wat,362.1093336
6,Sample_S19S_0052_Wat,362.1246138
66,Sample_S19S_0052_Wat,363.0357881
50,Sample_S19S_0052_Wat,363.0722122
6,Sample_S19S_0052_Wat,363.0755589
1,Sample_S19S_0052_Wat,363.0835367
80,Sample_S19S_0052_Wat,363.108539
1,Sample_S19S_0052_Wat,363.1118361
21,Sample_S19S_0052_Wat,363.1215932
34,Sample_S19S_0052_Wat,363.1449786
24,Sample_S19S_0052_Wat,363.1812892
42,Sample_S19S_0052_Wat,364.0310639
49,Sample_S19S_0052_Wat,364.0674047
58,Sample_S19S_0052_Wat,364.1038292
52,Sample_S19S_0052_Wat,364.1401707
53,Sample_S19S_0052_Wat,365.015069
27,Sample_S19S_0052_Wat,365.0513776
14,Sample_S19S_0052_Wat,365.0627075
11,Sample_S19S_0052_Wat,365.0644569
94,Sample_S19S_0052_Wat,365.0878382
9,Sample_S19S_0052_Wat,365.0991282
27,Sample_S19S_0052_Wat,365.1008669
42,Sample_S19S_0052_Wat,365.1241727
17,Sample_S19S_0052_Wat,365.137244
18,Sample_S19S_0052_Wat,365.1606438
29,Sample_S19S_0052_Wat,365.1969623
70,Sample_S19S_0052_Wat,366.0830912
59,Sample_S19S_0052_Wat,366.1194629
56,Sample_S19S_0052_Wat,367.0306865
95,Sample_S19S_0052_Wat,367.0671094
11,Sample_S19S_0052_Wat,367.0784012
113,Sample_S19S_0052_Wat,367.1034613
18,Sample_S19S_0052_Wat,367.1147643
11,Sample_S19S_0052_Wat,367.1399195
38,Sample_S19S_0052_Wat,367.1762158
22,Sample_S19S_0052_Wat,368.0623951
75,Sample_S19S_0052_Wat,368.0987097
50,Sample_S19S_0052_Wat,368.1351331
45,Sample_S19S_0052_Wat,369.0463181
83,Sample_S19S_0052_Wat,369.0827443
35,Sample_S19S_0052_Wat,369.0980102
4,Sample_S19S_0052_Wat,369.1012127
23,Sample_S19S_0052_Wat,369.111039
26,Sample_S19S_0052_Wat,369.1190631
55,Sample_S19S_0052_Wat,369.1555194
12,Sample_S19S_0052_Wat,369.1837969
15,Sample_S19S_0052_Wat,369.1918398
51,Sample_S19S_0052_Wat,370.0779692
35,Sample_S19S_0052_Wat,370.1507341
21,Sample_S19S_0052_Wat,371.0255725
32,Sample_S19S_0052_Wat,371.0408802
72,Sample_S19S_0052_Wat,371.0620102
5,Sample_S19S_0052_Wat,371.0805043
22,Sample_S19S_0052_Wat,371.0902981
43,Sample_S19S_0052_Wat,371.0983408
43,Sample_S19S_0052_Wat,371.1136558
51,Sample_S19S_0052_Wat,371.1347918
43,Sample_S19S_0052_Wat,371.1500297
40,Sample_S19S_0052_Wat,371.171134
35,Sample_S19S_0052_Wat,372.0725108
7,Sample_S19S_0052_Wat,372.0855522
49,Sample_S19S_0052_Wat,372.1300076
28,Sample_S19S_0052_Wat,372.1663973
22,Sample_S19S_0052_Wat,373.0201141
5,Sample_S19S_0052_Wat,373.0331394
40,Sample_S19S_0052_Wat,373.0412407
60,Sample_S19S_0052_Wat,373.0565482
7,Sample_S19S_0052_Wat,373.0599109
36,Sample_S19S_0052_Wat,373.0776886
40,Sample_S19S_0052_Wat,373.09294
7,Sample_S19S_0052_Wat,373.0962346
27,Sample_S19S_0052_Wat,373.1059583
56,Sample_S19S_0052_Wat,373.1140108
14,Sample_S19S_0052_Wat,373.1504711
15,Sample_S19S_0052_Wat,373.1657318
6,Sample_S19S_0052_Wat,374.0729636
34,Sample_S19S_0052_Wat,374.1456527
26,Sample_S19S_0052_Wat,375.0358416
19,Sample_S19S_0052_Wat,375.0569615
67,Sample_S19S_0052_Wat,375.0721973
14,Sample_S19S_0052_Wat,375.0755416
26,Sample_S19S_0052_Wat,375.0852221
42,Sample_S19S_0052_Wat,375.0932745
3,Sample_S19S_0052_Wat,375.1118457
29,Sample_S19S_0052_Wat,375.1297066
78,Sample_S19S_0052_Wat,375.1449442
25,Sample_S19S_0052_Wat,375.1579842
27,Sample_S19S_0052_Wat,375.1812892
23,Sample_S19S_0052_Wat,376.031082
50,Sample_S19S_0052_Wat,376.0674564
24,Sample_S19S_0052_Wat,376.1249335
29,Sample_S19S_0052_Wat,377.0150486
72,Sample_S19S_0052_Wat,377.0514538
56,Sample_S19S_0052_Wat,377.0877952
5,Sample_S19S_0052_Wat,377.0911145
18,Sample_S19S_0052_Wat,377.100823
91,Sample_S19S_0052_Wat,377.1241915
24,Sample_S19S_0052_Wat,377.1372608
51,Sample_S19S_0052_Wat,377.1606102
15,Sample_S19S_0052_Wat,377.1735945
19,Sample_S19S_0052_Wat,377.1969233
15,Sample_S19S_0052_Wat,378.0466478
55,Sample_S19S_0052_Wat,378.0831073
65,Sample_S19S_0052_Wat,378.1194361
63,Sample_S19S_0052_Wat,379.0307221
27,Sample_S19S_0052_Wat,379.0670295
23,Sample_S19S_0052_Wat,379.0783458
110,Sample_S19S_0052_Wat,379.1034645
5,Sample_S19S_0052_Wat,379.1067259
11,Sample_S19S_0052_Wat,379.1147799
28,Sample_S19S_0052_Wat,379.1165229
88,Sample_S19S_0052_Wat,379.1398402
20,Sample_S19S_0052_Wat,379.1528588
50,Sample_S19S_0052_Wat,379.1762343
63,Sample_S19S_0052_Wat,380.0987084
69,Sample_S19S_0052_Wat,380.1350974
15,Sample_S19S_0052_Wat,381.0099072
70,Sample_S19S_0052_Wat,381.0463502
10,Sample_S19S_0052_Wat,381.0576349
32,Sample_S19S_0052_Wat,381.0826619
29,Sample_S19S_0052_Wat,381.0939738
102,Sample_S19S_0052_Wat,381.1191186
81,Sample_S19S_0052_Wat,381.1555031
27,Sample_S19S_0052_Wat,381.1918695
27,Sample_S19S_0052_Wat,382.0415806
56,Sample_S19S_0052_Wat,382.0779661
66,Sample_S19S_0052_Wat,382.1143936
14,Sample_S19S_0052_Wat,382.1507159
27,Sample_S19S_0052_Wat,383.0255766
6,Sample_S19S_0052_Wat,383.040804
41,Sample_S19S_0052_Wat,383.0619616
101,Sample_S19S_0052_Wat,383.0983806
17,Sample_S19S_0052_Wat,383.1095949
28,Sample_S19S_0052_Wat,383.1266887
32,Sample_S19S_0052_Wat,383.1347075
32,Sample_S19S_0052_Wat,383.1711132
28,Sample_S19S_0052_Wat,384.0572385
55,Sample_S19S_0052_Wat,384.0936599
31,Sample_S19S_0052_Wat,384.1664077
10,Sample_S19S_0052_Wat,385.0201172
24,Sample_S19S_0052_Wat,385.0412026
35,Sample_S19S_0052_Wat,385.0564963
82,Sample_S19S_0052_Wat,385.0776412
49,Sample_S19S_0052_Wat,385.0929264
8,Sample_S19S_0052_Wat,385.0961706
36,Sample_S19S_0052_Wat,385.1139909
27,Sample_S19S_0052_Wat,385.1292595
24,Sample_S19S_0052_Wat,385.1423072
36,Sample_S19S_0052_Wat,385.1503825
27,Sample_S19S_0052_Wat,385.1868285
37,Sample_S19S_0052_Wat,386.0728862
47,Sample_S19S_0052_Wat,386.1093009
49,Sample_S19S_0052_Wat,387.0358113
24,Sample_S19S_0052_Wat,387.0568488
19,Sample_S19S_0052_Wat,387.0721252
4,Sample_S19S_0052_Wat,387.075423
21,Sample_S19S_0052_Wat,387.0851909
29,Sample_S19S_0052_Wat,387.0932457
75,Sample_S19S_0052_Wat,387.1085636
4,Sample_S19S_0052_Wat,387.1118261
79,Sample_S19S_0052_Wat,387.1296791
20,Sample_S19S_0052_Wat,387.1579654
12,Sample_S19S_0052_Wat,387.1659841
11,Sample_S19S_0052_Wat,387.19436
56,Sample_S19S_0052_Wat,388.0674506
33,Sample_S19S_0052_Wat,388.1037783
42,Sample_S19S_0052_Wat,388.1249219
24,Sample_S19S_0052_Wat,389.0150297
44,Sample_S19S_0052_Wat,389.051417
12,Sample_S19S_0052_Wat,389.0644457
21,Sample_S19S_0052_Wat,389.0724972
72,Sample_S19S_0052_Wat,389.0878118
4,Sample_S19S_0052_Wat,389.0911204
25,Sample_S19S_0052_Wat,389.1008827
33,Sample_S19S_0052_Wat,389.108981
88,Sample_S19S_0052_Wat,389.1242045
21,Sample_S19S_0052_Wat,389.1372295
13,Sample_S19S_0052_Wat,389.1452618
28,Sample_S19S_0052_Wat,389.1605387
18,Sample_S19S_0052_Wat,389.1736085
35,Sample_S19S_0052_Wat,389.1969883
27,Sample_S19S_0052_Wat,390.0466839
70,Sample_S19S_0052_Wat,390.083092
27,Sample_S19S_0052_Wat,391.0307447
44,Sample_S19S_0052_Wat,391.0670531
46,Sample_S19S_0052_Wat,391.1034381
3,Sample_S19S_0052_Wat,391.1066925
48,Sample_S19S_0052_Wat,391.1398852
9,Sample_S19S_0052_Wat,391.1528412
33,Sample_S19S_0052_Wat,391.1762035
17,Sample_S19S_0052_Wat,392.0259958
43,Sample_S19S_0052_Wat,392.06231
72,Sample_S19S_0052_Wat,392.098752
17,Sample_S19S_0052_Wat,392.1198706
57,Sample_S19S_0052_Wat,392.1351125
16,Sample_S19S_0052_Wat,393.010021
41,Sample_S19S_0052_Wat,393.0463154
77,Sample_S19S_0052_Wat,393.0827628
89,Sample_S19S_0052_Wat,393.1191285
21,Sample_S19S_0052_Wat,393.1321265
43,Sample_S19S_0052_Wat,393.1554711
15,Sample_S19S_0052_Wat,393.1685262
19,Sample_S19S_0052_Wat,393.1919402
29,Sample_S19S_0052_Wat,394.0415806
39,Sample_S19S_0052_Wat,394.078026
45,Sample_S19S_0052_Wat,394.1144108
29,Sample_S19S_0052_Wat,395.0255818
55,Sample_S19S_0052_Wat,395.0619708
55,Sample_S19S_0052_Wat,395.0984243
115,Sample_S19S_0052_Wat,395.1347697
16,Sample_S19S_0052_Wat,395.1477706
39,Sample_S19S_0052_Wat,395.171191
65,Sample_S19S_0052_Wat,396.0936653
34,Sample_S19S_0052_Wat,396.13006
45,Sample_S19S_0052_Wat,397.0412485
29,Sample_S19S_0052_Wat,397.0565368
3,Sample_S19S_0052_Wat,397.0597441
32,Sample_S19S_0052_Wat,397.0775828
21,Sample_S19S_0052_Wat,397.1059758
68,Sample_S19S_0052_Wat,397.1140135
36,Sample_S19S_0052_Wat,397.1252995
84,Sample_S19S_0052_Wat,397.1504225
20,Sample_S19S_0052_Wat,397.1867602
55,Sample_S19S_0052_Wat,398.0729329
57,Sample_S19S_0052_Wat,398.1456531
10,Sample_S19S_0052_Wat,399.0356696
11,Sample_S19S_0052_Wat,399.0488349
17,Sample_S19S_0052_Wat,399.0568344
29,Sample_S19S_0052_Wat,399.0721389
1,Sample_S19S_0052_Wat,399.0753668
26,Sample_S19S_0052_Wat,399.085227
65,Sample_S19S_0052_Wat,399.0932727
17,Sample_S19S_0052_Wat,399.1086044
60,Sample_S19S_0052_Wat,399.1296635
34,Sample_S19S_0052_Wat,399.1449193
13,Sample_S19S_0052_Wat,399.1579458
4,Sample_S19S_0052_Wat,399.1659287
14,Sample_S19S_0052_Wat,399.1943775
26,Sample_S19S_0052_Wat,399.2024375
30,Sample_S19S_0052_Wat,400.1037744
31,Sample_S19S_0052_Wat,400.1249077
29,Sample_S19S_0052_Wat,401.0150794
21,Sample_S19S_0052_Wat,401.0362034
53,Sample_S19S_0052_Wat,401.0514549
16,Sample_S19S_0052_Wat,401.0644945
24,Sample_S19S_0052_Wat,401.0725084
59,Sample_S19S_0052_Wat,401.0878209
4,Sample_S19S_0052_Wat,401.0910681
50,Sample_S19S_0052_Wat,401.1089631
63,Sample_S19S_0052_Wat,401.1453284
52,Sample_S19S_0052_Wat,401.1605804
15,Sample_S19S_0052_Wat,401.1736033
25,Sample_S19S_0052_Wat,402.0466811
17,Sample_S19S_0052_Wat,402.0831391
3,Sample_S19S_0052_Wat,402.1042761
10,Sample_S19S_0052_Wat,402.1195259
2,Sample_S19S_0052_Wat,402.1324119
25,Sample_S19S_0052_Wat,402.1405573
13,Sample_S19S_0052_Wat,403.0305846
10,Sample_S19S_0052_Wat,403.0437271
18,Sample_S19S_0052_Wat,403.0517845
68,Sample_S19S_0052_Wat,403.0671122
5,Sample_S19S_0052_Wat,403.0704072
55,Sample_S19S_0052_Wat,403.0881974
64,Sample_S19S_0052_Wat,403.1034476
20,Sample_S19S_0052_Wat,403.1164656
17,Sample_S19S_0052_Wat,403.1245163
79,Sample_S19S_0052_Wat,403.1398463
26,Sample_S19S_0052_Wat,403.1529106
22,Sample_S19S_0052_Wat,403.1609357
27,Sample_S19S_0052_Wat,403.1762826
62,Sample_S19S_0052_Wat,404.0623618
24,Sample_S19S_0052_Wat,404.0834492
64,Sample_S19S_0052_Wat,404.1351085
61,Sample_S19S_0052_Wat,405.0463718
48,Sample_S19S_0052_Wat,405.0827082
2,Sample_S19S_0052_Wat,405.0859264
30,Sample_S19S_0052_Wat,405.1190623
27,Sample_S19S_0052_Wat,405.1321292
48,Sample_S19S_0052_Wat,405.1555362
21,Sample_S19S_0052_Wat,405.1685606
33,Sample_S19S_0052_Wat,405.1918632
21,Sample_S19S_0052_Wat,406.041642
6,Sample_S19S_0052_Wat,406.0990792
70,Sample_S19S_0052_Wat,406.1143545
22,Sample_S19S_0052_Wat,407.0255705
62,Sample_S19S_0052_Wat,407.0620299
91,Sample_S19S_0052_Wat,407.0983755
12,Sample_S19S_0052_Wat,407.1113661
72,Sample_S19S_0052_Wat,407.1347505
20,Sample_S19S_0052_Wat,407.1477958
10,Sample_S19S_0052_Wat,407.1712237
14,Sample_S19S_0052_Wat,407.2075913
67,Sample_S19S_0052_Wat,408.0936661
76,Sample_S19S_0052_Wat,408.1300077
30,Sample_S19S_0052_Wat,409.0412228
27,Sample_S19S_0052_Wat,409.07757
19,Sample_S19S_0052_Wat,409.0889394
89,Sample_S19S_0052_Wat,409.1140221
86,Sample_S19S_0052_Wat,409.1504235
9,Sample_S19S_0052_Wat,409.1787026
12,Sample_S19S_0052_Wat,409.1867344
21,Sample_S19S_0052_Wat,410.0365413
56,Sample_S19S_0052_Wat,410.0729191
18,Sample_S19S_0052_Wat,410.1092388
55,Sample_S19S_0052_Wat,410.1456867
23,Sample_S19S_0052_Wat,411.0568579
74,Sample_S19S_0052_Wat,411.0933142
79,Sample_S19S_0052_Wat,411.1296933
28,Sample_S19S_0052_Wat,411.1579879
43,Sample_S19S_0052_Wat,411.1660419
4,Sample_S19S_0052_Wat,411.2022993
20,Sample_S19S_0052_Wat,412.0521769
38,Sample_S19S_0052_Wat,412.0885256
53,Sample_S19S_0052_Wat,412.1249118
27,Sample_S19S_0052_Wat,413.0361429
4,Sample_S19S_0052_Wat,413.0513424
12,Sample_S19S_0052_Wat,413.06446
9,Sample_S19S_0052_Wat,413.072442
26,Sample_S19S_0052_Wat,413.1008794
80,Sample_S19S_0052_Wat,413.1089345
53,Sample_S19S_0052_Wat,413.12421
19,Sample_S19S_0052_Wat,413.1372735
24,Sample_S19S_0052_Wat,413.1452768
19,Sample_S19S_0052_Wat,413.1736056
11,Sample_S19S_0052_Wat,413.1816156
18,Sample_S19S_0052_Wat,414.0831299
19,Sample_S19S_0052_Wat,415.0306688
24,Sample_S19S_0052_Wat,415.0518724
6,Sample_S19S_0052_Wat,415.0671726
7,Sample_S19S_0052_Wat,415.0704085
11,Sample_S19S_0052_Wat,415.080159
55,Sample_S19S_0052_Wat,415.0881916
58,Sample_S19S_0052_Wat,415.1034568
4,Sample_S19S_0052_Wat,415.1066895
21,Sample_S19S_0052_Wat,415.1164835
32,Sample_S19S_0052_Wat,415.1245406
21,Sample_S19S_0052_Wat,415.1529316
52,Sample_S19S_0052_Wat,415.1609859
10,Sample_S19S_0052_Wat,415.1763155
31,Sample_S19S_0052_Wat,416.0623295
4,Sample_S19S_0052_Wat,416.0986591
28,Sample_S19S_0052_Wat,417.009975
23,Sample_S19S_0052_Wat,417.0310977
33,Sample_S19S_0052_Wat,417.0463346
11,Sample_S19S_0052_Wat,417.0593749
18,Sample_S19S_0052_Wat,417.0674105
24,Sample_S19S_0052_Wat,417.0826722
5,Sample_S19S_0052_Wat,417.085967
18,Sample_S19S_0052_Wat,417.0957124
20,Sample_S19S_0052_Wat,417.1037889
75,Sample_S19S_0052_Wat,417.1191101
34,Sample_S19S_0052_Wat,417.1321667
37,Sample_S19S_0052_Wat,417.1402188
68,Sample_S19S_0052_Wat,417.1555165
34,Sample_S19S_0052_Wat,417.1685514
16,Sample_S19S_0052_Wat,418.0416648
48,Sample_S19S_0052_Wat,418.0779721
17,Sample_S19S_0052_Wat,418.1144292
27,Sample_S19S_0052_Wat,419.0256123
5,Sample_S19S_0052_Wat,419.0386764
36,Sample_S19S_0052_Wat,419.0619721
7,Sample_S19S_0052_Wat,419.0829959
15,Sample_S19S_0052_Wat,419.0982983
9,Sample_S19S_0052_Wat,419.1113471
89,Sample_S19S_0052_Wat,419.1347745
23,Sample_S19S_0052_Wat,419.1478319
40,Sample_S19S_0052_Wat,419.1711927
23,Sample_S19S_0052_Wat,419.1842051
34,Sample_S19S_0052_Wat,419.207525
43,Sample_S19S_0052_Wat,420.0572817
2,Sample_S19S_0052_Wat,420.0782809
44,Sample_S19S_0052_Wat,421.0412704
22,Sample_S19S_0052_Wat,421.0777047
18,Sample_S19S_0052_Wat,421.0906648
94,Sample_S19S_0052_Wat,421.1140346
14,Sample_S19S_0052_Wat,421.1270174
79,Sample_S19S_0052_Wat,421.1504292
1,Sample_S19S_0052_Wat,421.1552081
18,Sample_S19S_0052_Wat,421.1634511
19,Sample_S19S_0052_Wat,421.1868654
3,Sample_S19S_0052_Wat,421.2232692
1,Sample_S19S_0052_Wat,421.2265386
47,Sample_S19S_0052_Wat,422.0728802
29,Sample_S19S_0052_Wat,422.1093338
22,Sample_S19S_0052_Wat,423.0205894
53,Sample_S19S_0052_Wat,423.0569089
29,Sample_S19S_0052_Wat,423.093231
10,Sample_S19S_0052_Wat,423.1046157
103,Sample_S19S_0052_Wat,423.1296813
14,Sample_S19S_0052_Wat,423.1426961
30,Sample_S19S_0052_Wat,423.1661225
33,Sample_S19S_0052_Wat,423.2024382
17,Sample_S19S_0052_Wat,424.0522173
1,Sample_S19S_0052_Wat,424.0886497
39,Sample_S19S_0052_Wat,424.1249783
46,Sample_S19S_0052_Wat,425.0361852
18,Sample_S19S_0052_Wat,425.0724714
17,Sample_S19S_0052_Wat,425.1008972
49,Sample_S19S_0052_Wat,425.1089252
18,Sample_S19S_0052_Wat,425.1453873
37,Sample_S19S_0052_Wat,425.1816982
57,Sample_S19S_0052_Wat,426.1405881
51,Sample_S19S_0052_Wat,426.1769689
13,Sample_S19S_0052_Wat,427.0307487
21,Sample_S19S_0052_Wat,427.0518808
12,Sample_S19S_0052_Wat,427.0801714
42,Sample_S19S_0052_Wat,427.088175
32,Sample_S19S_0052_Wat,427.1035014
20,Sample_S19S_0052_Wat,427.1165345
74,Sample_S19S_0052_Wat,427.1245871
3,Sample_S19S_0052_Wat,427.1399769
4,Sample_S19S_0052_Wat,427.1610597
26,Sample_S19S_0052_Wat,427.1973395
10,Sample_S19S_0052_Wat,428.1117671
9,Sample_S19S_0052_Wat,428.1481747
27,Sample_S19S_0052_Wat,428.1562791
28,Sample_S19S_0052_Wat,429.0310878
24,Sample_S19S_0052_Wat,429.0463286
46,Sample_S19S_0052_Wat,429.067488
1,Sample_S19S_0052_Wat,429.0829209
8,Sample_S19S_0052_Wat,429.0861392
10,Sample_S19S_0052_Wat,429.1039457
3,Sample_S19S_0052_Wat,429.1192381
60,Sample_S19S_0052_Wat,429.1402424
21,Sample_S19S_0052_Wat,429.1555582
27,Sample_S19S_0052_Wat,429.1685491
19,Sample_S19S_0052_Wat,429.1765924
14,Sample_S19S_0052_Wat,430.0780537
30,Sample_S19S_0052_Wat,430.0991542
4,Sample_S19S_0052_Wat,430.1273505
46,Sample_S19S_0052_Wat,430.1354817
22,Sample_S19S_0052_Wat,431.0256563
6,Sample_S19S_0052_Wat,431.0386601
11,Sample_S19S_0052_Wat,431.04681
59,Sample_S19S_0052_Wat,431.0620177
3,Sample_S19S_0052_Wat,431.0653523
41,Sample_S19S_0052_Wat,431.083125
68,Sample_S19S_0052_Wat,431.098388
18,Sample_S19S_0052_Wat,431.1113826
32,Sample_S19S_0052_Wat,431.1347291
23,Sample_S19S_0052_Wat,431.1477957
20,Sample_S19S_0052_Wat,431.1558407
32,Sample_S19S_0052_Wat,431.1711879
9,Sample_S19S_0052_Wat,432.0573233
72,Sample_S19S_0052_Wat,432.093661
66,Sample_S19S_0052_Wat,432.1300404
39,Sample_S19S_0052_Wat,433.0412948
5,Sample_S19S_0052_Wat,433.0543356
23,Sample_S19S_0052_Wat,433.0624271
69,Sample_S19S_0052_Wat,433.077665
15,Sample_S19S_0052_Wat,433.0906617
13,Sample_S19S_0052_Wat,433.0986887
28,Sample_S19S_0052_Wat,433.1139658
10,Sample_S19S_0052_Wat,433.1269982
30,Sample_S19S_0052_Wat,433.1503758
25,Sample_S19S_0052_Wat,433.1634586
35,Sample_S19S_0052_Wat,433.1868494
10,Sample_S19S_0052_Wat,433.1998888
10,Sample_S19S_0052_Wat,434.072975
20,Sample_S19S_0052_Wat,434.1093421
13,Sample_S19S_0052_Wat,435.0204588
39,Sample_S19S_0052_Wat,435.0569041
15,Sample_S19S_0052_Wat,435.0698968
75,Sample_S19S_0052_Wat,435.093324
15,Sample_S19S_0052_Wat,435.1062764
30,Sample_S19S_0052_Wat,435.1296329
5,Sample_S19S_0052_Wat,435.1426364
25,Sample_S19S_0052_Wat,435.1659973
11,Sample_S19S_0052_Wat,435.1790631
46,Sample_S19S_0052_Wat,435.2024665
18,Sample_S19S_0052_Wat,436.0521427
24,Sample_S19S_0052_Wat,436.0886111
6,Sample_S19S_0052_Wat,436.1250197
29,Sample_S19S_0052_Wat,437.0361523
24,Sample_S19S_0052_Wat,437.072483
27,Sample_S19S_0052_Wat,437.1088959
58,Sample_S19S_0052_Wat,437.1453651
17,Sample_S19S_0052_Wat,437.158378
1,Sample_S19S_0052_Wat,437.1737814
48,Sample_S19S_0052_Wat,437.1817485
7,Sample_S19S_0052_Wat,437.2180272
18,Sample_S19S_0052_Wat,438.0678822
69,Sample_S19S_0052_Wat,438.1405683
16,Sample_S19S_0052_Wat,439.051737
67,Sample_S19S_0052_Wat,439.0882098
76,Sample_S19S_0052_Wat,439.1246064
17,Sample_S19S_0052_Wat,439.1529344
30,Sample_S19S_0052_Wat,439.1609425
20,Sample_S19S_0052_Wat,439.1892886
16,Sample_S19S_0052_Wat,439.1973056
37,Sample_S19S_0052_Wat,440.0834468
32,Sample_S19S_0052_Wat,440.1198163
15,Sample_S19S_0052_Wat,441.0310268
10,Sample_S19S_0052_Wat,441.0462365
33,Sample_S19S_0052_Wat,441.0674409
31,Sample_S19S_0052_Wat,441.0827166
38,Sample_S19S_0052_Wat,441.1039049
54,Sample_S19S_0052_Wat,441.1402285
15,Sample_S19S_0052_Wat,441.168514
20,Sample_S19S_0052_Wat,441.1765589
12,Sample_S19S_0052_Wat,441.2049192
8,Sample_S19S_0052_Wat,441.2129575
12,Sample_S19S_0052_Wat,442.0990637
20,Sample_S19S_0052_Wat,442.135461
15,Sample_S19S_0052_Wat,443.0255061
20,Sample_S19S_0052_Wat,443.0466588
15,Sample_S19S_0052_Wat,443.061884
14,Sample_S19S_0052_Wat,443.0749837
33,Sample_S19S_0052_Wat,443.0830557
36,Sample_S19S_0052_Wat,443.0984287
4,Sample_S19S_0052_Wat,443.1016577
19,Sample_S19S_0052_Wat,443.1114516
63,Sample_S19S_0052_Wat,443.119518
6,Sample_S19S_0052_Wat,443.1348538
20,Sample_S19S_0052_Wat,443.1478565
52,Sample_S19S_0052_Wat,443.1558944
23,Sample_S19S_0052_Wat,443.1711201
22,Sample_S19S_0052_Wat,443.1841796
13,Sample_S19S_0052_Wat,443.1922057
40,Sample_S19S_0052_Wat,444.0572726
19,Sample_S19S_0052_Wat,444.093696
12,Sample_S19S_0052_Wat,444.1299715
32,Sample_S19S_0052_Wat,445.0412697
8,Sample_S19S_0052_Wat,445.054308
32,Sample_S19S_0052_Wat,445.0623769
34,Sample_S19S_0052_Wat,445.0776178
1,Sample_S19S_0052_Wat,445.0808638
12,Sample_S19S_0052_Wat,445.0986624
3,Sample_S19S_0052_Wat,445.1083593
17,Sample_S19S_0052_Wat,445.1139537
1,Sample_S19S_0052_Wat,445.1171907
20,Sample_S19S_0052_Wat,445.127011
10,Sample_S19S_0052_Wat,445.1350548
32,Sample_S19S_0052_Wat,445.1503907
33,Sample_S19S_0052_Wat,445.1634705
38,Sample_S19S_0052_Wat,445.1715289
37,Sample_S19S_0052_Wat,445.1868428
15,Sample_S19S_0052_Wat,446.0728598
2,Sample_S19S_0052_Wat,446.0939418
46,Sample_S19S_0052_Wat,446.1092739
26,Sample_S19S_0052_Wat,446.1457127
12,Sample_S19S_0052_Wat,447.0204695
8,Sample_S19S_0052_Wat,447.056785
6,Sample_S19S_0052_Wat,447.0698296
5,Sample_S19S_0052_Wat,447.0779114
16,Sample_S19S_0052_Wat,447.09323
17,Sample_S19S_0052_Wat,447.114388
77,Sample_S19S_0052_Wat,447.1297048
28,Sample_S19S_0052_Wat,447.1427418
69,Sample_S19S_0052_Wat,447.1660641
20,Sample_S19S_0052_Wat,447.179104
12,Sample_S19S_0052_Wat,447.2023724
3,Sample_S19S_0052_Wat,448.0520882
61,Sample_S19S_0052_Wat,448.088573
16,Sample_S19S_0052_Wat,448.1096972
18,Sample_S19S_0052_Wat,449.0360637
22,Sample_S19S_0052_Wat,449.0724952
88,Sample_S19S_0052_Wat,449.1089599
17,Sample_S19S_0052_Wat,449.1219859
77,Sample_S19S_0052_Wat,449.1453221
23,Sample_S19S_0052_Wat,449.1583358
24,Sample_S19S_0052_Wat,449.1816462
11,Sample_S19S_0052_Wat,449.2180299
17,Sample_S19S_0052_Wat,451.0517204
37,Sample_S19S_0052_Wat,451.0881744
57,Sample_S19S_0052_Wat,451.124616
17,Sample_S19S_0052_Wat,451.1376081
1,Sample_S19S_0052_Wat,451.1530256
33,Sample_S19S_0052_Wat,451.1609528
8,Sample_S19S_0052_Wat,451.1739524
5,Sample_S19S_0052_Wat,451.1972791
3,Sample_S19S_0052_Wat,452.0469724
38,Sample_S19S_0052_Wat,452.0834394
18,Sample_S19S_0052_Wat,452.1199139
19,Sample_S19S_0052_Wat,453.0310814
23,Sample_S19S_0052_Wat,453.0673983
11,Sample_S19S_0052_Wat,453.0957146
18,Sample_S19S_0052_Wat,453.1037558
16,Sample_S19S_0052_Wat,453.1321972
43,Sample_S19S_0052_Wat,453.140211
3,Sample_S19S_0052_Wat,453.1686448
58,Sample_S19S_0052_Wat,453.1766436
13,Sample_S19S_0052_Wat,453.2049759
29,Sample_S19S_0052_Wat,454.0627542
39,Sample_S19S_0052_Wat,455.0467468
39,Sample_S19S_0052_Wat,455.0620251
47,Sample_S19S_0052_Wat,455.0831528
17,Sample_S19S_0052_Wat,455.111472
38,Sample_S19S_0052_Wat,455.1194736
2,Sample_S19S_0052_Wat,455.1290278
19,Sample_S19S_0052_Wat,455.14777
12,Sample_S19S_0052_Wat,455.1558023
1,Sample_S19S_0052_Wat,455.1654128
14,Sample_S19S_0052_Wat,455.1841535
12,Sample_S19S_0052_Wat,455.1921775
15,Sample_S19S_0052_Wat,455.2205892
9,Sample_S19S_0052_Wat,457.0260917
28,Sample_S19S_0052_Wat,457.0412916
36,Sample_S19S_0052_Wat,457.0624071
14,Sample_S19S_0052_Wat,457.0776174
11,Sample_S19S_0052_Wat,457.0906483
20,Sample_S19S_0052_Wat,457.0986905
24,Sample_S19S_0052_Wat,457.1139922
14,Sample_S19S_0052_Wat,457.1270095
15,Sample_S19S_0052_Wat,457.1350642
2,Sample_S19S_0052_Wat,457.1447412
16,Sample_S19S_0052_Wat,457.150377
20,Sample_S19S_0052_Wat,457.1634444
23,Sample_S19S_0052_Wat,457.1715231
45,Sample_S19S_0052_Wat,457.1868094
13,Sample_S19S_0052_Wat,457.1998933
27,Sample_S19S_0052_Wat,457.2079257
18,Sample_S19S_0052_Wat,459.0205561
21,Sample_S19S_0052_Wat,459.0416602
19,Sample_S19S_0052_Wat,459.0568713
9,Sample_S19S_0052_Wat,459.069913
23,Sample_S19S_0052_Wat,459.0779746
18,Sample_S19S_0052_Wat,459.0932353
17,Sample_S19S_0052_Wat,459.1062882
25,Sample_S19S_0052_Wat,459.1143457
51,Sample_S19S_0052_Wat,459.1296693
2,Sample_S19S_0052_Wat,459.1328714
30,Sample_S19S_0052_Wat,459.142719
36,Sample_S19S_0052_Wat,459.1508169
40,Sample_S19S_0052_Wat,459.1661042
19,Sample_S19S_0052_Wat,459.2025048
4,Sample_S19S_0052_Wat,460.0521036
52,Sample_S19S_0052_Wat,460.0885829
46,Sample_S19S_0052_Wat,460.1249704
31,Sample_S19S_0052_Wat,461.036196
7,Sample_S19S_0052_Wat,461.0492316
24,Sample_S19S_0052_Wat,461.0725007
13,Sample_S19S_0052_Wat,461.0855391
8,Sample_S19S_0052_Wat,461.0935699
11,Sample_S19S_0052_Wat,461.1088271
4,Sample_S19S_0052_Wat,461.1218899
10,Sample_S19S_0052_Wat,461.1299458
3,Sample_S19S_0052_Wat,461.1396751
22,Sample_S19S_0052_Wat,461.1452647
21,Sample_S19S_0052_Wat,461.1583343
35,Sample_S19S_0052_Wat,461.1817537
13,Sample_S19S_0052_Wat,461.1948089
23,Sample_S19S_0052_Wat,461.218132
28,Sample_S19S_0052_Wat,462.067799
20,Sample_S19S_0052_Wat,462.1042629
8,Sample_S19S_0052_Wat,463.015396
42,Sample_S19S_0052_Wat,463.0518315
4,Sample_S19S_0052_Wat,463.064914
42,Sample_S19S_0052_Wat,463.0881954
3,Sample_S19S_0052_Wat,463.1189274
16,Sample_S19S_0052_Wat,463.124491
4,Sample_S19S_0052_Wat,463.1375144
9,Sample_S19S_0052_Wat,463.1608564
7,Sample_S19S_0052_Wat,463.1739081
15,Sample_S19S_0052_Wat,463.1972938
27,Sample_S19S_0052_Wat,463.2337601
28,Sample_S19S_0052_Wat,464.1198095
13,Sample_S19S_0052_Wat,465.0310055
13,Sample_S19S_0052_Wat,465.06738
34,Sample_S19S_0052_Wat,465.1038259
18,Sample_S19S_0052_Wat,465.1168704
23,Sample_S19S_0052_Wat,465.1532935
5,Sample_S19S_0052_Wat,465.1686035
57,Sample_S19S_0052_Wat,465.1766182
9,Sample_S19S_0052_Wat,465.2049695
12,Sample_S19S_0052_Wat,465.2129596
50,Sample_S19S_0052_Wat,466.1355201
1,Sample_S19S_0052_Wat,466.1435867
39,Sample_S19S_0052_Wat,467.0467531
54,Sample_S19S_0052_Wat,467.0831629
50,Sample_S19S_0052_Wat,467.1195422
25,Sample_S19S_0052_Wat,467.1478261
30,Sample_S19S_0052_Wat,467.1558326
19,Sample_S19S_0052_Wat,467.184209
8,Sample_S19S_0052_Wat,467.1921933
11,Sample_S19S_0052_Wat,467.220621
26,Sample_S19S_0052_Wat,468.1147294
13,Sample_S19S_0052_Wat,469.0260039
33,Sample_S19S_0052_Wat,469.062394
8,Sample_S19S_0052_Wat,469.0776006
11,Sample_S19S_0052_Wat,469.0906533
26,Sample_S19S_0052_Wat,469.0986993
20,Sample_S19S_0052_Wat,469.1270251
14,Sample_S19S_0052_Wat,469.1350525
12,Sample_S19S_0052_Wat,469.1633964
20,Sample_S19S_0052_Wat,469.199861
18,Sample_S19S_0052_Wat,469.2078959
15,Sample_S19S_0052_Wat,471.0205509
16,Sample_S19S_0052_Wat,471.0416901
31,Sample_S19S_0052_Wat,471.0569384
6,Sample_S19S_0052_Wat,471.069939
29,Sample_S19S_0052_Wat,471.0780166
18,Sample_S19S_0052_Wat,471.093255
13,Sample_S19S_0052_Wat,471.106291
6,Sample_S19S_0052_Wat,471.1295835
10,Sample_S19S_0052_Wat,471.1426129
12,Sample_S19S_0052_Wat,471.1506882
7,Sample_S19S_0052_Wat,471.16598
18,Sample_S19S_0052_Wat,471.1790652
17,Sample_S19S_0052_Wat,471.1871307
16,Sample_S19S_0052_Wat,471.2155389
19,Sample_S19S_0052_Wat,473.0361823
10,Sample_S19S_0052_Wat,473.0573502
35,Sample_S19S_0052_Wat,473.0726032
34,Sample_S19S_0052_Wat,473.0937108
60,Sample_S19S_0052_Wat,473.1089772
5,Sample_S19S_0052_Wat,473.1122201
25,Sample_S19S_0052_Wat,473.121993
20,Sample_S19S_0052_Wat,473.1300234
4,Sample_S19S_0052_Wat,473.139667
21,Sample_S19S_0052_Wat,473.1452829
9,Sample_S19S_0052_Wat,473.1582831
9,Sample_S19S_0052_Wat,473.1663521
19,Sample_S19S_0052_Wat,473.1816622
10,Sample_S19S_0052_Wat,473.1946924
21,Sample_S19S_0052_Wat,473.2180738
26,Sample_S19S_0052_Wat,474.067818
24,Sample_S19S_0052_Wat,474.1042477
14,Sample_S19S_0052_Wat,475.0517049
18,Sample_S19S_0052_Wat,475.0728791
28,Sample_S19S_0052_Wat,475.0881586
14,Sample_S19S_0052_Wat,475.1012806
16,Sample_S19S_0052_Wat,475.1092833
63,Sample_S19S_0052_Wat,475.1245966
25,Sample_S19S_0052_Wat,475.1376596
64,Sample_S19S_0052_Wat,475.1609843
21,Sample_S19S_0052_Wat,475.1739813
11,Sample_S19S_0052_Wat,475.1973043
2,Sample_S19S_0052_Wat,475.2336051
26,Sample_S19S_0052_Wat,476.1198125
25,Sample_S19S_0052_Wat,477.0311319
45,Sample_S19S_0052_Wat,477.0674882
3,Sample_S19S_0052_Wat,477.0805777
1,Sample_S19S_0052_Wat,477.0981716
19,Sample_S19S_0052_Wat,477.1037802
17,Sample_S19S_0052_Wat,477.1168599
1,Sample_S19S_0052_Wat,477.1344651
6,Sample_S19S_0052_Wat,477.1401075
6,Sample_S19S_0052_Wat,477.1531747
15,Sample_S19S_0052_Wat,477.1765167
31,Sample_S19S_0052_Wat,477.2130039
61,Sample_S19S_0052_Wat,478.0991507
6,Sample_S19S_0052_Wat,479.0466033
16,Sample_S19S_0052_Wat,479.0830028
39,Sample_S19S_0052_Wat,479.1194663
17,Sample_S19S_0052_Wat,479.1325629
63,Sample_S19S_0052_Wat,479.1559168
10,Sample_S19S_0052_Wat,479.1689644
2,Sample_S19S_0052_Wat,479.1843315
46,Sample_S19S_0052_Wat,479.1923063
12,Sample_S19S_0052_Wat,479.2286027
10,Sample_S19S_0052_Wat,480.151082
8,Sample_S19S_0052_Wat,481.025885
21,Sample_S19S_0052_Wat,481.0623379
48,Sample_S19S_0052_Wat,481.0987747
65,Sample_S19S_0052_Wat,481.1351677
14,Sample_S19S_0052_Wat,481.1634867
42,Sample_S19S_0052_Wat,481.1715313
15,Sample_S19S_0052_Wat,481.199847
14,Sample_S19S_0052_Wat,481.2078283
3,Sample_S19S_0052_Wat,482.1302914
15,Sample_S19S_0052_Wat,483.0415833
12,Sample_S19S_0052_Wat,483.0568081
27,Sample_S19S_0052_Wat,483.0780208
26,Sample_S19S_0052_Wat,483.0933003
5,Sample_S19S_0052_Wat,483.1064043
46,Sample_S19S_0052_Wat,483.1144642
33,Sample_S19S_0052_Wat,483.1508531
15,Sample_S19S_0052_Wat,483.1791639
26,Sample_S19S_0052_Wat,483.1871699
14,Sample_S19S_0052_Wat,483.2154832
9,Sample_S19S_0052_Wat,483.2234722
12,Sample_S19S_0052_Wat,484.1459881
1,Sample_S19S_0052_Wat,485.0360155
9,Sample_S19S_0052_Wat,485.057196
15,Sample_S19S_0052_Wat,485.0724465
11,Sample_S19S_0052_Wat,485.0855526
28,Sample_S19S_0052_Wat,485.0936172
40,Sample_S19S_0052_Wat,485.1089501
16,Sample_S19S_0052_Wat,485.1220307
45,Sample_S19S_0052_Wat,485.1300644
1,Sample_S19S_0052_Wat,485.139617
19,Sample_S19S_0052_Wat,485.1453846
17,Sample_S19S_0052_Wat,485.1584131
31,Sample_S19S_0052_Wat,485.1664901
2,Sample_S19S_0052_Wat,485.1760615
36,Sample_S19S_0052_Wat,485.181737
15,Sample_S19S_0052_Wat,485.1948096
1,Sample_S19S_0052_Wat,485.2310607
15,Sample_S19S_0052_Wat,487.051792
6,Sample_S19S_0052_Wat,487.0648683
19,Sample_S19S_0052_Wat,487.072871
11,Sample_S19S_0052_Wat,487.088118
14,Sample_S19S_0052_Wat,487.1011949
9,Sample_S19S_0052_Wat,487.1092152
12,Sample_S19S_0052_Wat,487.1244947
16,Sample_S19S_0052_Wat,487.1375846
10,Sample_S19S_0052_Wat,487.1456408
1,Sample_S19S_0052_Wat,487.1552674
48,Sample_S19S_0052_Wat,487.1609704
19,Sample_S19S_0052_Wat,487.1740711
27,Sample_S19S_0052_Wat,487.1974177
2,Sample_S19S_0052_Wat,487.2104698
10,Sample_S19S_0052_Wat,489.0310445
10,Sample_S19S_0052_Wat,489.0522438
43,Sample_S19S_0052_Wat,489.067487
24,Sample_S19S_0052_Wat,489.0886429
30,Sample_S19S_0052_Wat,489.1039118
31,Sample_S19S_0052_Wat,489.1249814
28,Sample_S19S_0052_Wat,489.1402055
18,Sample_S19S_0052_Wat,489.1532671
9,Sample_S19S_0052_Wat,489.1765226
3,Sample_S19S_0052_Wat,489.1895365
8,Sample_S19S_0052_Wat,489.2128864
3,Sample_S19S_0052_Wat,489.2492677
15,Sample_S19S_0052_Wat,490.0990621
3,Sample_S19S_0052_Wat,490.1201406
9,Sample_S19S_0052_Wat,490.171809
13,Sample_S19S_0052_Wat,491.0466906
19,Sample_S19S_0052_Wat,491.0830123
10,Sample_S19S_0052_Wat,491.0961728
9,Sample_S19S_0052_Wat,491.1193786
13,Sample_S19S_0052_Wat,491.1325378
24,Sample_S19S_0052_Wat,491.1558203
20,Sample_S19S_0052_Wat,491.1689084
47,Sample_S19S_0052_Wat,491.1922945
7,Sample_S19S_0052_Wat,491.2287423
12,Sample_S19S_0052_Wat,493.0622921
24,Sample_S19S_0052_Wat,493.098712
69,Sample_S19S_0052_Wat,493.1351653
2,Sample_S19S_0052_Wat,493.1636569
47,Sample_S19S_0052_Wat,493.1715856
13,Sample_S19S_0052_Wat,495.0415683
31,Sample_S19S_0052_Wat,495.0780179
40,Sample_S19S_0052_Wat,495.1144449
10,Sample_S19S_0052_Wat,495.1427989
54,Sample_S19S_0052_Wat,495.1507984
20,Sample_S19S_0052_Wat,495.1791573
1,Sample_S19S_0052_Wat,496.1905351
17,Sample_S19S_0052_Wat,497.0572968
29,Sample_S19S_0052_Wat,497.0725711
15,Sample_S19S_0052_Wat,497.0937782
10,Sample_S19S_0052_Wat,497.1301476
24,Sample_S19S_0052_Wat,497.1947705
26,Sample_S19S_0052_Wat,498.0889479
12,Sample_S19S_0052_Wat,498.1253978
33,Sample_S19S_0052_Wat,498.1617513
2,Sample_S19S_0052_Wat,498.1698072
8,Sample_S19S_0052_Wat,499.036451
5,Sample_S19S_0052_Wat,499.0516924
22,Sample_S19S_0052_Wat,499.0728848
11,Sample_S19S_0052_Wat,499.1012958
35,Sample_S19S_0052_Wat,499.1093112
41,Sample_S19S_0052_Wat,499.1246232
12,Sample_S19S_0052_Wat,499.1377212
44,Sample_S19S_0052_Wat,499.1457371
19,Sample_S19S_0052_Wat,499.1740741
19,Sample_S19S_0052_Wat,499.2104255
8,Sample_S19S_0052_Wat,501.0310269
10,Sample_S19S_0052_Wat,501.0521674
20,Sample_S19S_0052_Wat,501.0673678
11,Sample_S19S_0052_Wat,501.080502
15,Sample_S19S_0052_Wat,501.0885018
9,Sample_S19S_0052_Wat,501.1037301
13,Sample_S19S_0052_Wat,501.116864
5,Sample_S19S_0052_Wat,501.1248479
17,Sample_S19S_0052_Wat,501.1401768
30,Sample_S19S_0052_Wat,501.1532967
18,Sample_S19S_0052_Wat,501.1612956
43,Sample_S19S_0052_Wat,501.1766253
26,Sample_S19S_0052_Wat,501.1896846
13,Sample_S19S_0052_Wat,503.0468089
3,Sample_S19S_0052_Wat,503.0832459
19,Sample_S19S_0052_Wat,503.1042984
51,Sample_S19S_0052_Wat,503.1195309
6,Sample_S19S_0052_Wat,503.1326318
1,Sample_S19S_0052_Wat,503.1502092
25,Sample_S19S_0052_Wat,503.1558462
12,Sample_S19S_0052_Wat,503.1921795
1,Sample_S19S_0052_Wat,503.2051842
11,Sample_S19S_0052_Wat,503.2285615
8,Sample_S19S_0052_Wat,504.1512304
6,Sample_S19S_0052_Wat,505.0259469
8,Sample_S19S_0052_Wat,505.0622503
8,Sample_S19S_0052_Wat,505.0754693
18,Sample_S19S_0052_Wat,505.098662
10,Sample_S19S_0052_Wat,505.1118569
1,Sample_S19S_0052_Wat,505.1293863
16,Sample_S19S_0052_Wat,505.1350781
5,Sample_S19S_0052_Wat,505.1482794
62,Sample_S19S_0052_Wat,505.1715425
25,Sample_S19S_0052_Wat,505.2079802
24,Sample_S19S_0052_Wat,505.2443315
5,Sample_S19S_0052_Wat,506.1303153
11,Sample_S19S_0052_Wat,507.0415912
26,Sample_S19S_0052_Wat,507.0780238
44,Sample_S19S_0052_Wat,507.1144464
58,Sample_S19S_0052_Wat,507.1508255
8,Sample_S19S_0052_Wat,509.0209945
10,Sample_S19S_0052_Wat,509.036191
16,Sample_S19S_0052_Wat,509.0573918
41,Sample_S19S_0052_Wat,509.0937287
41,Sample_S19S_0052_Wat,509.1300451
9,Sample_S19S_0052_Wat,509.1583575
8,Sample_S19S_0052_Wat,509.2311267
5,Sample_S19S_0052_Wat,509.2391011
9,Sample_S19S_0052_Wat,511.0366348
11,Sample_S19S_0052_Wat,511.0518749
35,Sample_S19S_0052_Wat,511.0729714
14,Sample_S19S_0052_Wat,511.1012674
26,Sample_S19S_0052_Wat,511.1092846
1,Sample_S19S_0052_Wat,511.1244303
3,Sample_S19S_0052_Wat,511.1375472
1,Sample_S19S_0052_Wat,511.1455592
7,Sample_S19S_0052_Wat,511.1739404
9,Sample_S19S_0052_Wat,511.2103696
8,Sample_S19S_0052_Wat,511.2183807
10,Sample_S19S_0052_Wat,513.0522762
27,Sample_S19S_0052_Wat,513.0674942
20,Sample_S19S_0052_Wat,513.0885835
19,Sample_S19S_0052_Wat,513.1169162
16,Sample_S19S_0052_Wat,513.1248843
6,Sample_S19S_0052_Wat,513.1401059
6,Sample_S19S_0052_Wat,513.1531789
5,Sample_S19S_0052_Wat,513.1612236
4,Sample_S19S_0052_Wat,513.1764786
10,Sample_S19S_0052_Wat,513.1895585
10,Sample_S19S_0052_Wat,515.0467951
13,Sample_S19S_0052_Wat,515.0679477
34,Sample_S19S_0052_Wat,515.083157
29,Sample_S19S_0052_Wat,515.1042917
35,Sample_S19S_0052_Wat,515.1194964
5,Sample_S19S_0052_Wat,515.1326297
22,Sample_S19S_0052_Wat,515.1405768
12,Sample_S19S_0052_Wat,515.155816
14,Sample_S19S_0052_Wat,515.1688778
8,Sample_S19S_0052_Wat,515.1768835
8,Sample_S19S_0052_Wat,515.1921599
9,Sample_S19S_0052_Wat,515.2052029
4,Sample_S19S_0052_Wat,515.2285302
9,Sample_S19S_0052_Wat,517.0258857
27,Sample_S19S_0052_Wat,517.0624113
9,Sample_S19S_0052_Wat,517.0835974
12,Sample_S19S_0052_Wat,517.098859
8,Sample_S19S_0052_Wat,517.1199999
8,Sample_S19S_0052_Wat,517.1352552
10,Sample_S19S_0052_Wat,517.171616
14,Sample_S19S_0052_Wat,517.1846401
39,Sample_S19S_0052_Wat,517.2079237
5,Sample_S19S_0052_Wat,519.041577
12,Sample_S19S_0052_Wat,519.0779454
13,Sample_S19S_0052_Wat,519.1143103
27,Sample_S19S_0052_Wat,519.1507584
6,Sample_S19S_0052_Wat,519.1639413
50,Sample_S19S_0052_Wat,519.1872205
14,Sample_S19S_0052_Wat,519.2236508
23,Sample_S19S_0052_Wat,520.1461126
23,Sample_S19S_0052_Wat,521.0573462
31,Sample_S19S_0052_Wat,521.0937324
45,Sample_S19S_0052_Wat,521.1301011
25,Sample_S19S_0052_Wat,521.1663968
10,Sample_S19S_0052_Wat,521.2027235
4,Sample_S19S_0052_Wat,521.2390738
14,Sample_S19S_0052_Wat,523.0365285
8,Sample_S19S_0052_Wat,523.0728235
5,Sample_S19S_0052_Wat,523.1091901
7,Sample_S19S_0052_Wat,523.1376337
12,Sample_S19S_0052_Wat,523.1456062
21,Sample_S19S_0052_Wat,523.1820717
1,Sample_S19S_0052_Wat,525.0309309
9,Sample_S19S_0052_Wat,525.0521307
21,Sample_S19S_0052_Wat,525.0885729
2,Sample_S19S_0052_Wat,525.1169923
31,Sample_S19S_0052_Wat,525.1250197
36,Sample_S19S_0052_Wat,525.1614051
6,Sample_S19S_0052_Wat,526.1929575
11,Sample_S19S_0052_Wat,527.0467883
14,Sample_S19S_0052_Wat,527.0679337
8,Sample_S19S_0052_Wat,527.0832056
9,Sample_S19S_0052_Wat,527.1043114
35,Sample_S19S_0052_Wat,527.1406475
31,Sample_S19S_0052_Wat,527.1558917
21,Sample_S19S_0052_Wat,527.1689685
26,Sample_S19S_0052_Wat,527.1769645
15,Sample_S19S_0052_Wat,527.2052882
6,Sample_S19S_0052_Wat,527.2132606
24,Sample_S19S_0052_Wat,528.135922
5,Sample_S19S_0052_Wat,529.047257
11,Sample_S19S_0052_Wat,529.0624704
7,Sample_S19S_0052_Wat,529.0836238
13,Sample_S19S_0052_Wat,529.0988481
19,Sample_S19S_0052_Wat,529.119899
32,Sample_S19S_0052_Wat,529.1351825
10,Sample_S19S_0052_Wat,529.1482589
18,Sample_S19S_0052_Wat,529.1562352
15,Sample_S19S_0052_Wat,529.1714748
18,Sample_S19S_0052_Wat,529.184567
6,Sample_S19S_0052_Wat,531.0417642
5,Sample_S19S_0052_Wat,531.0781475
11,Sample_S19S_0052_Wat,531.0992322
17,Sample_S19S_0052_Wat,531.1144803
23,Sample_S19S_0052_Wat,531.1355514
27,Sample_S19S_0052_Wat,531.1507766
17,Sample_S19S_0052_Wat,531.1638843
12,Sample_S19S_0052_Wat,531.1871077
11,Sample_S19S_0052_Wat,531.2001725
16,Sample_S19S_0052_Wat,531.2234777
13,Sample_S19S_0052_Wat,532.0733598
23,Sample_S19S_0052_Wat,532.1097212
7,Sample_S19S_0052_Wat,533.0574115
17,Sample_S19S_0052_Wat,533.0937827
24,Sample_S19S_0052_Wat,533.1301236
51,Sample_S19S_0052_Wat,533.166456
13,Sample_S19S_0052_Wat,533.1795306
11,Sample_S19S_0052_Wat,533.2027587
20,Sample_S19S_0052_Wat,535.0730261
14,Sample_S19S_0052_Wat,535.1094222
11,Sample_S19S_0052_Wat,535.1458132
17,Sample_S19S_0052_Wat,535.1821751
8,Sample_S19S_0052_Wat,537.0520931
18,Sample_S19S_0052_Wat,537.0884904
33,Sample_S19S_0052_Wat,537.1249315
12,Sample_S19S_0052_Wat,537.1533456
40,Sample_S19S_0052_Wat,537.161382
5,Sample_S19S_0052_Wat,537.1897464
16,Sample_S19S_0052_Wat,537.1978101
9,Sample_S19S_0052_Wat,537.2342192
16,Sample_S19S_0052_Wat,539.0679143
19,Sample_S19S_0052_Wat,539.1042196
27,Sample_S19S_0052_Wat,539.1405618
8,Sample_S19S_0052_Wat,539.1688297
6,Sample_S19S_0052_Wat,539.1768779
3,Sample_S19S_0052_Wat,539.2051955
1,Sample_S19S_0052_Wat,539.2132409
1,Sample_S19S_0052_Wat,539.2496267
7,Sample_S19S_0052_Wat,541.0470414
14,Sample_S19S_0052_Wat,541.0623672
21,Sample_S19S_0052_Wat,541.0834882
25,Sample_S19S_0052_Wat,541.1199147
13,Sample_S19S_0052_Wat,541.1563515
3,Sample_S19S_0052_Wat,541.1927684
7,Sample_S19S_0052_Wat,542.1514443
7,Sample_S19S_0052_Wat,542.1878502
3,Sample_S19S_0052_Wat,543.0418148
5,Sample_S19S_0052_Wat,543.0629181
11,Sample_S19S_0052_Wat,543.0781158
20,Sample_S19S_0052_Wat,543.09918
26,Sample_S19S_0052_Wat,543.1144211
19,Sample_S19S_0052_Wat,543.1355017
25,Sample_S19S_0052_Wat,543.1507543
7,Sample_S19S_0052_Wat,543.1870791
8,Sample_S19S_0052_Wat,543.2001267
3,Sample_S19S_0052_Wat,543.236535
12,Sample_S19S_0052_Wat,545.0571838
7,Sample_S19S_0052_Wat,545.0783592
9,Sample_S19S_0052_Wat,545.1147104
13,Sample_S19S_0052_Wat,545.1299664
20,Sample_S19S_0052_Wat,545.1511507
28,Sample_S19S_0052_Wat,545.1664409
5,Sample_S19S_0052_Wat,545.1795929
29,Sample_S19S_0052_Wat,545.2028931
4,Sample_S19S_0052_Wat,545.2393178
12,Sample_S19S_0052_Wat,547.0364584
15,Sample_S19S_0052_Wat,547.0729547
16,Sample_S19S_0052_Wat,547.109415
14,Sample_S19S_0052_Wat,547.145805
2,Sample_S19S_0052_Wat,547.1822164
13,Sample_S19S_0052_Wat,547.2185618
13,Sample_S19S_0052_Wat,547.2548518
12,Sample_S19S_0052_Wat,549.0523077
10,Sample_S19S_0052_Wat,549.0887119
13,Sample_S19S_0052_Wat,549.1250923
14,Sample_S19S_0052_Wat,549.1614413
35,Sample_S19S_0052_Wat,549.1977663
9,Sample_S19S_0052_Wat,549.2340464
4,Sample_S19S_0052_Wat,551.0316023
9,Sample_S19S_0052_Wat,551.0679996
17,Sample_S19S_0052_Wat,551.10435
25,Sample_S19S_0052_Wat,551.140683
24,Sample_S19S_0052_Wat,551.1769906
8,Sample_S19S_0052_Wat,551.2052511
11,Sample_S19S_0052_Wat,551.2133063
8,Sample_S19S_0052_Wat,553.0472596
4,Sample_S19S_0052_Wat,553.0836572
18,Sample_S19S_0052_Wat,553.1199748
43,Sample_S19S_0052_Wat,553.1562956
18,Sample_S19S_0052_Wat,553.1925971
6,Sample_S19S_0052_Wat,555.1356619
1,Sample_S19S_0052_Wat,555.1639967
13,Sample_S19S_0052_Wat,555.1720029
18,Sample_S19S_0052_Wat,555.2082923
5,Sample_S19S_0052_Wat,555.2365023
1,Sample_S19S_0052_Wat,556.167018
9,Sample_S19S_0052_Wat,557.0785258
15,Sample_S19S_0052_Wat,557.1149049
1,Sample_S19S_0052_Wat,557.1513467
1,Sample_S19S_0052_Wat,557.1797008
10,Sample_S19S_0052_Wat,559.1092427
24,Sample_S19S_0052_Wat,559.1456819
11,Sample_S19S_0052_Wat,559.1951961
16,Sample_S19S_0052_Wat,559.2185569
17,Sample_S19S_0052_Wat,561.0885432
4,Sample_S19S_0052_Wat,561.1248442
4,Sample_S19S_0052_Wat,561.1611805
8,Sample_S19S_0052_Wat,561.1743368
1,Sample_S19S_0052_Wat,561.1975534
5,Sample_S19S_0052_Wat,561.2339983
3,Sample_S19S_0052_Wat,563.0313809
19,Sample_S19S_0052_Wat,563.0679011
7,Sample_S19S_0052_Wat,563.1043787
5,Sample_S19S_0052_Wat,563.140767
4,Sample_S19S_0052_Wat,563.1771352
22,Sample_S19S_0052_Wat,563.2134586
5,Sample_S19S_0052_Wat,565.0470587
8,Sample_S19S_0052_Wat,565.0833841
1,Sample_S19S_0052_Wat,565.1561141
13,Sample_S19S_0052_Wat,565.2290122
12,Sample_S19S_0052_Wat,567.0628477
16,Sample_S19S_0052_Wat,567.0992538
9,Sample_S19S_0052_Wat,567.1356587
14,Sample_S19S_0052_Wat,567.2083955
8,Sample_S19S_0052_Wat,567.2366591
13,Sample_S19S_0052_Wat,569.0784551
14,Sample_S19S_0052_Wat,569.1147778
9,Sample_S19S_0052_Wat,569.1510794
10,Sample_S19S_0052_Wat,569.17943
2,Sample_S19S_0052_Wat,569.1874013
21,Sample_S19S_0052_Wat,571.1303995
27,Sample_S19S_0052_Wat,571.1457131
4,Sample_S19S_0052_Wat,571.1588445
3,Sample_S19S_0052_Wat,571.1952621
8,Sample_S19S_0052_Wat,573.0521883
18,Sample_S19S_0052_Wat,573.0886509
4,Sample_S19S_0052_Wat,573.1615077
3,Sample_S19S_0052_Wat,573.1978706
4,Sample_S19S_0052_Wat,575.0680122
7,Sample_S19S_0052_Wat,575.1043617
22,Sample_S19S_0052_Wat,575.1770756
9,Sample_S19S_0052_Wat,575.2497017
4,Sample_S19S_0052_Wat,577.0472834
5,Sample_S19S_0052_Wat,577.0836723
36,Sample_S19S_0052_Wat,577.1563035
21,Sample_S19S_0052_Wat,577.1926143
3,Sample_S19S_0052_Wat,577.228924
6,Sample_S19S_0052_Wat,579.0629358
13,Sample_S19S_0052_Wat,579.0992643
26,Sample_S19S_0052_Wat,579.1355972
30,Sample_S19S_0052_Wat,579.1719274
15,Sample_S19S_0052_Wat,579.2082488
7,Sample_S19S_0052_Wat,581.0785526
19,Sample_S19S_0052_Wat,581.1148894
30,Sample_S19S_0052_Wat,581.1512226
24,Sample_S19S_0052_Wat,581.1875335
17,Sample_S19S_0052_Wat,581.2238624
1,Sample_S19S_0052_Wat,583.094266
6,Sample_S19S_0052_Wat,583.1306046
14,Sample_S19S_0052_Wat,583.1669172
4,Sample_S19S_0052_Wat,583.1952442
10,Sample_S19S_0052_Wat,583.2314722
6,Sample_S19S_0052_Wat,585.0734724
4,Sample_S19S_0052_Wat,585.1098543
4,Sample_S19S_0052_Wat,585.1615059
13,Sample_S19S_0052_Wat,587.1405809
20,Sample_S19S_0052_Wat,587.1770783
6,Sample_S19S_0052_Wat,587.19016
1,Sample_S19S_0052_Wat,589.1924321
1,Sample_S19S_0052_Wat,589.2288053
5,Sample_S19S_0052_Wat,591.0993225
2,Sample_S19S_0052_Wat,591.135742
7,Sample_S19S_0052_Wat,591.1720289
11,Sample_S19S_0052_Wat,591.2083514
2,Sample_S19S_0052_Wat,593.078251
8,Sample_S19S_0052_Wat,593.1511079
21,Sample_S19S_0052_Wat,593.1875846
16,Sample_S19S_0052_Wat,593.2240288
17,Sample_S19S_0052_Wat,595.130396
12,Sample_S19S_0052_Wat,595.1667494
3,Sample_S19S_0052_Wat,597.1095532
13,Sample_S19S_0052_Wat,597.1460191
3,Sample_S19S_0052_Wat,605.1149751
16,Sample_S19S_0052_Wat,607.094164
25,Sample_S19S_0052_Wat,607.1667845
18,Sample_S19S_0052_Wat,609.1096597
4,Sample_S19S_0052_Wat,609.1459321
12,Sample_S19S_0052_Wat,621.1098264
12,Sample_S19S_0052_Wat,621.1461897
18,Sample_S19S_0052_Wat,621.1825214
13,Sample_S19S_0052_Wat,621.218773
1,Sample_S19S_0052_Wat,623.162005
3,Sample_S19S_0052_Wat,635.1252433
