num.trans.involved.in,sample,peak
27,Sample_S19S_0013_Wat,203.0349506
38,Sample_S19S_0013_Wat,205.0142188
33,Sample_S19S_0013_Wat,205.0505947
7,Sample_S19S_0013_Wat,205.1597578
36,Sample_S19S_0013_Wat,207.066249
21,Sample_S19S_0013_Wat,209.0091207
39,Sample_S19S_0013_Wat,209.0455114
30,Sample_S19S_0013_Wat,209.0818981
54,Sample_S19S_0013_Wat,211.0247874
54,Sample_S19S_0013_Wat,211.0611736
30,Sample_S19S_0013_Wat,211.097555
1,Sample_S19S_0013_Wat,213.0152775
28,Sample_S19S_0013_Wat,213.0404285
42,Sample_S19S_0013_Wat,213.0768216
27,Sample_S19S_0013_Wat,213.1132092
9,Sample_S19S_0013_Wat,214.050931
31,Sample_S19S_0013_Wat,215.0560786
36,Sample_S19S_0013_Wat,215.0924726
17,Sample_S19S_0013_Wat,215.1288446
15,Sample_S19S_0013_Wat,217.0505866
39,Sample_S19S_0013_Wat,217.0717431
27,Sample_S19S_0013_Wat,217.1081169
53,Sample_S19S_0013_Wat,219.0298823
19,Sample_S19S_0013_Wat,219.0662407
29,Sample_S19S_0013_Wat,221.0091259
47,Sample_S19S_0013_Wat,221.0455191
22,Sample_S19S_0013_Wat,221.0818912
5,Sample_S19S_0013_Wat,221.1546776
56,Sample_S19S_0013_Wat,223.0247931
20,Sample_S19S_0013_Wat,223.0611523
44,Sample_S19S_0013_Wat,223.0975605
26,Sample_S19S_0013_Wat,224.0564233
16,Sample_S19S_0013_Wat,225.0040321
78,Sample_S19S_0013_Wat,225.0404494
50,Sample_S19S_0013_Wat,225.0768195
13,Sample_S19S_0013_Wat,225.1131873
27,Sample_S19S_0013_Wat,226.072077
24,Sample_S19S_0013_Wat,227.0196895
37,Sample_S19S_0013_Wat,227.056079
42,Sample_S19S_0013_Wat,227.092466
30,Sample_S19S_0013_Wat,227.1288722
41,Sample_S19S_0013_Wat,229.0353497
15,Sample_S19S_0013_Wat,229.050599
44,Sample_S19S_0013_Wat,229.0717413
21,Sample_S19S_0013_Wat,229.14452
46,Sample_S19S_0013_Wat,231.0298777
40,Sample_S19S_0013_Wat,231.051012
30,Sample_S19S_0013_Wat,231.0662593
42,Sample_S19S_0013_Wat,231.0873835
51,Sample_S19S_0013_Wat,233.0091463
44,Sample_S19S_0013_Wat,233.0455307
40,Sample_S19S_0013_Wat,233.0819208
11,Sample_S19S_0013_Wat,233.1546845
4,Sample_S19S_0013_Wat,234.0407445
56,Sample_S19S_0013_Wat,235.0247912
61,Sample_S19S_0013_Wat,235.0611873
41,Sample_S19S_0013_Wat,235.0975749
43,Sample_S19S_0013_Wat,237.0040579
59,Sample_S19S_0013_Wat,237.0404421
65,Sample_S19S_0013_Wat,237.0768351
41,Sample_S19S_0013_Wat,237.1132227
13,Sample_S19S_0013_Wat,238.0356696
25,Sample_S19S_0013_Wat,238.0720655
72,Sample_S19S_0013_Wat,239.0197221
94,Sample_S19S_0013_Wat,239.0561117
9,Sample_S19S_0013_Wat,239.0673352
88,Sample_S19S_0013_Wat,239.092497
44,Sample_S19S_0013_Wat,239.1288753
30,Sample_S19S_0013_Wat,240.0513448
78,Sample_S19S_0013_Wat,241.03537
54,Sample_S19S_0013_Wat,241.0717422
28,Sample_S19S_0013_Wat,241.1081087
21,Sample_S19S_0013_Wat,241.1445007
44,Sample_S19S_0013_Wat,242.0670034
10,Sample_S19S_0013_Wat,242.139775
4,Sample_S19S_0013_Wat,242.1761465
75,Sample_S19S_0013_Wat,243.0510224
41,Sample_S19S_0013_Wat,243.0873816
16,Sample_S19S_0013_Wat,243.1237626
76,Sample_S19S_0013_Wat,245.0455587
4,Sample_S19S_0013_Wat,245.0489119
85,Sample_S19S_0013_Wat,245.0666847
52,Sample_S19S_0013_Wat,245.0819342
61,Sample_S19S_0013_Wat,245.1030642
29,Sample_S19S_0013_Wat,246.0407845
56,Sample_S19S_0013_Wat,247.024801
73,Sample_S19S_0013_Wat,247.0612011
68,Sample_S19S_0013_Wat,247.0823368
70,Sample_S19S_0013_Wat,247.0975945
36,Sample_S19S_0013_Wat,248.0200547
43,Sample_S19S_0013_Wat,248.0564361
53,Sample_S19S_0013_Wat,249.0040636
86,Sample_S19S_0013_Wat,249.0404675
84,Sample_S19S_0013_Wat,249.0768527
36,Sample_S19S_0013_Wat,249.1132224
41,Sample_S19S_0013_Wat,249.1496147
50,Sample_S19S_0013_Wat,250.07209
87,Sample_S19S_0013_Wat,251.0197332
78,Sample_S19S_0013_Wat,251.0560986
108,Sample_S19S_0013_Wat,251.0925063
48,Sample_S19S_0013_Wat,251.1289035
43,Sample_S19S_0013_Wat,252.0513612
106,Sample_S19S_0013_Wat,253.0353983
117,Sample_S19S_0013_Wat,253.0717756
43,Sample_S19S_0013_Wat,253.1081345
44,Sample_S19S_0013_Wat,253.1445337
36,Sample_S19S_0013_Wat,254.0670222
66,Sample_S19S_0013_Wat,255.0146298
101,Sample_S19S_0013_Wat,255.0510433
109,Sample_S19S_0013_Wat,255.0874163
41,Sample_S19S_0013_Wat,255.1237776
37,Sample_S19S_0013_Wat,256.0826837
81,Sample_S19S_0013_Wat,257.030304
63,Sample_S19S_0013_Wat,257.0455598
99,Sample_S19S_0013_Wat,257.0666765
64,Sample_S19S_0013_Wat,257.1030521
45,Sample_S19S_0013_Wat,257.1394516
24,Sample_S19S_0013_Wat,257.175834
11,Sample_S19S_0013_Wat,258.1347123
62,Sample_S19S_0013_Wat,259.0248281
87,Sample_S19S_0013_Wat,259.0459547
73,Sample_S19S_0013_Wat,259.0612028
88,Sample_S19S_0013_Wat,259.0823405
59,Sample_S19S_0013_Wat,259.1187072
21,Sample_S19S_0013_Wat,260.0564172
54,Sample_S19S_0013_Wat,261.0040785
72,Sample_S19S_0013_Wat,261.040468
63,Sample_S19S_0013_Wat,261.061588
91,Sample_S19S_0013_Wat,261.0768598
49,Sample_S19S_0013_Wat,261.0980071
61,Sample_S19S_0013_Wat,261.1132477
32,Sample_S19S_0013_Wat,262.0357323
58,Sample_S19S_0013_Wat,263.019721
89,Sample_S19S_0013_Wat,263.0561329
48,Sample_S19S_0013_Wat,263.0924815
43,Sample_S19S_0013_Wat,263.128908
51,Sample_S19S_0013_Wat,264.0513612
67,Sample_S19S_0013_Wat,264.9989861
99,Sample_S19S_0013_Wat,265.0353938
86,Sample_S19S_0013_Wat,265.0717855
100,Sample_S19S_0013_Wat,265.1081545
1,Sample_S19S_0013_Wat,265.1479151
44,Sample_S19S_0013_Wat,266.0306266
53,Sample_S19S_0013_Wat,266.0670361
85,Sample_S19S_0013_Wat,267.0146829
116,Sample_S19S_0013_Wat,267.0510336
103,Sample_S19S_0013_Wat,267.0874299
89,Sample_S19S_0013_Wat,267.123805
39,Sample_S19S_0013_Wat,267.1601848
53,Sample_S19S_0013_Wat,268.0462977
86,Sample_S19S_0013_Wat,269.0303205
13,Sample_S19S_0013_Wat,269.0455202
119,Sample_S19S_0013_Wat,269.0666802
16,Sample_S19S_0013_Wat,269.0779259
99,Sample_S19S_0013_Wat,269.1030627
49,Sample_S19S_0013_Wat,269.1394657
47,Sample_S19S_0013_Wat,270.0619439
44,Sample_S19S_0013_Wat,271.0248117
84,Sample_S19S_0013_Wat,271.0459737
29,Sample_S19S_0013_Wat,271.061176
95,Sample_S19S_0013_Wat,271.0823212
80,Sample_S19S_0013_Wat,271.118718
25,Sample_S19S_0013_Wat,271.1551343
22,Sample_S19S_0013_Wat,272.0564234
43,Sample_S19S_0013_Wat,272.0775888
66,Sample_S19S_0013_Wat,273.0252099
71,Sample_S19S_0013_Wat,273.040478
79,Sample_S19S_0013_Wat,273.061591
82,Sample_S19S_0013_Wat,273.0768603
75,Sample_S19S_0013_Wat,273.0979879
55,Sample_S19S_0013_Wat,273.1132445
34,Sample_S19S_0013_Wat,273.1343844
42,Sample_S19S_0013_Wat,274.0357454
41,Sample_S19S_0013_Wat,274.0720917
76,Sample_S19S_0013_Wat,275.0197425
84,Sample_S19S_0013_Wat,275.0561155
78,Sample_S19S_0013_Wat,275.0772487
82,Sample_S19S_0013_Wat,275.0925149
62,Sample_S19S_0013_Wat,275.1136274
53,Sample_S19S_0013_Wat,275.1288873
42,Sample_S19S_0013_Wat,276.0150051
41,Sample_S19S_0013_Wat,276.0513913
22,Sample_S19S_0013_Wat,276.0877174
74,Sample_S19S_0013_Wat,276.9990278
100,Sample_S19S_0013_Wat,277.0354157
93,Sample_S19S_0013_Wat,277.0717892
89,Sample_S19S_0013_Wat,277.1081544
56,Sample_S19S_0013_Wat,277.1445377
40,Sample_S19S_0013_Wat,278.0306345
44,Sample_S19S_0013_Wat,278.0670289
55,Sample_S19S_0013_Wat,279.0146331
96,Sample_S19S_0013_Wat,279.0510516
61,Sample_S19S_0013_Wat,279.0874539
60,Sample_S19S_0013_Wat,279.1238221
45,Sample_S19S_0013_Wat,279.160186
56,Sample_S19S_0013_Wat,280.0463018
54,Sample_S19S_0013_Wat,280.0826921
95,Sample_S19S_0013_Wat,281.0303339
117,Sample_S19S_0013_Wat,281.0666829
22,Sample_S19S_0013_Wat,281.0779309
71,Sample_S19S_0013_Wat,281.1030502
73,Sample_S19S_0013_Wat,281.1394597
38,Sample_S19S_0013_Wat,282.0983548
79,Sample_S19S_0013_Wat,283.0095898
112,Sample_S19S_0013_Wat,283.0459554
48,Sample_S19S_0013_Wat,283.0612062
77,Sample_S19S_0013_Wat,283.0823169
108,Sample_S19S_0013_Wat,283.118715
36,Sample_S19S_0013_Wat,283.1551309
45,Sample_S19S_0013_Wat,284.0412345
51,Sample_S19S_0013_Wat,284.0776208
79,Sample_S19S_0013_Wat,285.025228
58,Sample_S19S_0013_Wat,285.0404866
83,Sample_S19S_0013_Wat,285.0616357
54,Sample_S19S_0013_Wat,285.0768513
37,Sample_S19S_0013_Wat,285.0980306
7,Sample_S19S_0013_Wat,285.1262347
52,Sample_S19S_0013_Wat,285.1343948
37,Sample_S19S_0013_Wat,285.17075
19,Sample_S19S_0013_Wat,286.0356968
36,Sample_S19S_0013_Wat,286.0720931
40,Sample_S19S_0013_Wat,286.0932539
68,Sample_S19S_0013_Wat,287.0197477
69,Sample_S19S_0013_Wat,287.0408776
70,Sample_S19S_0013_Wat,287.0561351
88,Sample_S19S_0013_Wat,287.0772537
71,Sample_S19S_0013_Wat,287.0925228
82,Sample_S19S_0013_Wat,287.1136282
53,Sample_S19S_0013_Wat,287.150015
33,Sample_S19S_0013_Wat,288.0149832
45,Sample_S19S_0013_Wat,288.0513962
41,Sample_S19S_0013_Wat,288.0877815
58,Sample_S19S_0013_Wat,288.9989989
86,Sample_S19S_0013_Wat,289.0354029
12,Sample_S19S_0013_Wat,289.0466597
74,Sample_S19S_0013_Wat,289.0565242
99,Sample_S19S_0013_Wat,289.0717704
70,Sample_S19S_0013_Wat,289.0929075
66,Sample_S19S_0013_Wat,289.1081489
56,Sample_S19S_0013_Wat,289.1292776
51,Sample_S19S_0013_Wat,289.1445478
14,Sample_S19S_0013_Wat,290.0305978
24,Sample_S19S_0013_Wat,290.0669883
46,Sample_S19S_0013_Wat,290.1033932
80,Sample_S19S_0013_Wat,291.0146759
98,Sample_S19S_0013_Wat,291.0510416
15,Sample_S19S_0013_Wat,291.0622947
84,Sample_S19S_0013_Wat,291.0874132
67,Sample_S19S_0013_Wat,291.1237966
43,Sample_S19S_0013_Wat,292.0462633
1,Sample_S19S_0013_Wat,292.2129776
65,Sample_S19S_0013_Wat,292.9939323
98,Sample_S19S_0013_Wat,293.0303357
12,Sample_S19S_0013_Wat,293.0415474
95,Sample_S19S_0013_Wat,293.0667099
103,Sample_S19S_0013_Wat,293.1030793
80,Sample_S19S_0013_Wat,293.1394564
11,Sample_S19S_0013_Wat,293.1757942
18,Sample_S19S_0013_Wat,294.0255165
48,Sample_S19S_0013_Wat,294.0619153
51,Sample_S19S_0013_Wat,294.098304
61,Sample_S19S_0013_Wat,295.0095496
96,Sample_S19S_0013_Wat,295.0459444
15,Sample_S19S_0013_Wat,295.0572284
120,Sample_S19S_0013_Wat,295.0823376
7,Sample_S19S_0013_Wat,295.093638
118,Sample_S19S_0013_Wat,295.1187213
3,Sample_S19S_0013_Wat,295.1300362
55,Sample_S19S_0013_Wat,295.1550986
42,Sample_S19S_0013_Wat,296.0411763
52,Sample_S19S_0013_Wat,296.0775656
36,Sample_S19S_0013_Wat,296.1139469
94,Sample_S19S_0013_Wat,297.025237
28,Sample_S19S_0013_Wat,297.0404658
100,Sample_S19S_0013_Wat,297.0616262
19,Sample_S19S_0013_Wat,297.0728378
68,Sample_S19S_0013_Wat,297.0980154
42,Sample_S19S_0013_Wat,297.1344063
3,Sample_S19S_0013_Wat,297.1529844
18,Sample_S19S_0013_Wat,297.1707937
57,Sample_S19S_0013_Wat,298.0568737
48,Sample_S19S_0013_Wat,298.0932671
48,Sample_S19S_0013_Wat,299.0197546
82,Sample_S19S_0013_Wat,299.0408894
67,Sample_S19S_0013_Wat,299.05613
104,Sample_S19S_0013_Wat,299.0772616
80,Sample_S19S_0013_Wat,299.1136455
70,Sample_S19S_0013_Wat,299.1500243
24,Sample_S19S_0013_Wat,300.0149792
39,Sample_S19S_0013_Wat,300.0513851
50,Sample_S19S_0013_Wat,300.0725
37,Sample_S19S_0013_Wat,300.1089049
38,Sample_S19S_0013_Wat,300.9989926
67,Sample_S19S_0013_Wat,301.0201601
73,Sample_S19S_0013_Wat,301.0353903
76,Sample_S19S_0013_Wat,301.0565488
58,Sample_S19S_0013_Wat,301.071792
63,Sample_S19S_0013_Wat,301.092932
35,Sample_S19S_0013_Wat,301.1081829
49,Sample_S19S_0013_Wat,301.129318
32,Sample_S19S_0013_Wat,301.1656955
38,Sample_S19S_0013_Wat,302.0306578
50,Sample_S19S_0013_Wat,302.0670162
27,Sample_S19S_0013_Wat,302.0881947
21,Sample_S19S_0013_Wat,302.1245742
62,Sample_S19S_0013_Wat,303.0146906
60,Sample_S19S_0013_Wat,303.0357821
82,Sample_S19S_0013_Wat,303.0510433
8,Sample_S19S_0013_Wat,303.0623453
78,Sample_S19S_0013_Wat,303.0721573
77,Sample_S19S_0013_Wat,303.0874395
14,Sample_S19S_0013_Wat,303.0907893
81,Sample_S19S_0013_Wat,303.1085414
59,Sample_S19S_0013_Wat,303.1238249
53,Sample_S19S_0013_Wat,303.1449308
32,Sample_S19S_0013_Wat,303.1602155
50,Sample_S19S_0013_Wat,304.0462877
48,Sample_S19S_0013_Wat,304.0826613
23,Sample_S19S_0013_Wat,304.1038383
6,Sample_S19S_0013_Wat,304.1402446
63,Sample_S19S_0013_Wat,304.993938
94,Sample_S19S_0013_Wat,305.0303157
4,Sample_S19S_0013_Wat,305.0416206
42,Sample_S19S_0013_Wat,305.0514118
104,Sample_S19S_0013_Wat,305.0666877
11,Sample_S19S_0013_Wat,305.0700613
12,Sample_S19S_0013_Wat,305.0779953
42,Sample_S19S_0013_Wat,305.087829
87,Sample_S19S_0013_Wat,305.1030852
62,Sample_S19S_0013_Wat,305.1394662
29,Sample_S19S_0013_Wat,305.1758605
57,Sample_S19S_0013_Wat,306.0983427
63,Sample_S19S_0013_Wat,307.0095853
109,Sample_S19S_0013_Wat,307.0459779
12,Sample_S19S_0013_Wat,307.0572343
70,Sample_S19S_0013_Wat,307.0823737
3,Sample_S19S_0013_Wat,307.0857227
18,Sample_S19S_0013_Wat,307.0936059
49,Sample_S19S_0013_Wat,307.1187572
39,Sample_S19S_0013_Wat,307.1551342
70,Sample_S19S_0013_Wat,308.0412303
60,Sample_S19S_0013_Wat,308.0775973
49,Sample_S19S_0013_Wat,308.1139545
100,Sample_S19S_0013_Wat,309.0252469
119,Sample_S19S_0013_Wat,309.0616036
21,Sample_S19S_0013_Wat,309.0728691
110,Sample_S19S_0013_Wat,309.0979773
90,Sample_S19S_0013_Wat,309.1343649
40,Sample_S19S_0013_Wat,309.1707647
3,Sample_S19S_0013_Wat,309.1741269
54,Sample_S19S_0013_Wat,310.0568411
59,Sample_S19S_0013_Wat,310.0932206
47,Sample_S19S_0013_Wat,310.1296176
78,Sample_S19S_0013_Wat,311.0045073
101,Sample_S19S_0013_Wat,311.0408991
50,Sample_S19S_0013_Wat,311.0561331
104,Sample_S19S_0013_Wat,311.0772659
20,Sample_S19S_0013_Wat,311.0885065
130,Sample_S19S_0013_Wat,311.1136352
74,Sample_S19S_0013_Wat,311.1500195
26,Sample_S19S_0013_Wat,311.186419
43,Sample_S19S_0013_Wat,312.0361043
57,Sample_S19S_0013_Wat,312.0725103
70,Sample_S19S_0013_Wat,313.0201379
46,Sample_S19S_0013_Wat,313.0353909
89,Sample_S19S_0013_Wat,313.0565398
36,Sample_S19S_0013_Wat,313.071764
83,Sample_S19S_0013_Wat,313.0929245
70,Sample_S19S_0013_Wat,313.1293014
48,Sample_S19S_0013_Wat,313.1656688
11,Sample_S19S_0013_Wat,314.0305772
57,Sample_S19S_0013_Wat,314.0517902
57,Sample_S19S_0013_Wat,314.0881771
65,Sample_S19S_0013_Wat,315.0146824
72,Sample_S19S_0013_Wat,315.035781
72,Sample_S19S_0013_Wat,315.0510397
77,Sample_S19S_0013_Wat,315.0721791
35,Sample_S19S_0013_Wat,315.0873994
63,Sample_S19S_0013_Wat,315.1085755
60,Sample_S19S_0013_Wat,315.1238052
2,Sample_S19S_0013_Wat,315.1271409
49,Sample_S19S_0013_Wat,315.1449559
50,Sample_S19S_0013_Wat,316.0463145
35,Sample_S19S_0013_Wat,316.0674166
51,Sample_S19S_0013_Wat,316.0826874
48,Sample_S19S_0013_Wat,316.1038062
38,Sample_S19S_0013_Wat,316.9939621
77,Sample_S19S_0013_Wat,317.0303382
70,Sample_S19S_0013_Wat,317.0514233
86,Sample_S19S_0013_Wat,317.0666936
3,Sample_S19S_0013_Wat,317.0780371
89,Sample_S19S_0013_Wat,317.0878157
62,Sample_S19S_0013_Wat,317.1030588
45,Sample_S19S_0013_Wat,317.124227
62,Sample_S19S_0013_Wat,317.1394552
33,Sample_S19S_0013_Wat,317.1606071
27,Sample_S19S_0013_Wat,318.0255948
58,Sample_S19S_0013_Wat,318.0619419
18,Sample_S19S_0013_Wat,318.0831173
50,Sample_S19S_0013_Wat,318.0982984
16,Sample_S19S_0013_Wat,318.1194966
52,Sample_S19S_0013_Wat,319.009608
31,Sample_S19S_0013_Wat,319.0460069
4,Sample_S19S_0013_Wat,319.0573003
43,Sample_S19S_0013_Wat,319.0670953
84,Sample_S19S_0013_Wat,319.0823624
2,Sample_S19S_0013_Wat,319.0936659
37,Sample_S19S_0013_Wat,319.103481
88,Sample_S19S_0013_Wat,319.1187158
56,Sample_S19S_0013_Wat,319.1551015
61,Sample_S19S_0013_Wat,320.0412195
49,Sample_S19S_0013_Wat,320.0776287
17,Sample_S19S_0013_Wat,320.0987676
19,Sample_S19S_0013_Wat,320.1140206
14,Sample_S19S_0013_Wat,320.1351354
87,Sample_S19S_0013_Wat,321.0252313
83,Sample_S19S_0013_Wat,321.0616406
12,Sample_S19S_0013_Wat,321.0728956
46,Sample_S19S_0013_Wat,321.0980285
7,Sample_S19S_0013_Wat,321.1093021
71,Sample_S19S_0013_Wat,321.1343949
41,Sample_S19S_0013_Wat,321.1707672
37,Sample_S19S_0013_Wat,322.0204668
69,Sample_S19S_0013_Wat,322.0568903
64,Sample_S19S_0013_Wat,322.0932669
70,Sample_S19S_0013_Wat,323.0044879
84,Sample_S19S_0013_Wat,323.0408542
15,Sample_S19S_0013_Wat,323.0521494
112,Sample_S19S_0013_Wat,323.0772527
23,Sample_S19S_0013_Wat,323.0884973
60,Sample_S19S_0013_Wat,323.1136726
54,Sample_S19S_0013_Wat,323.1500462
32,Sample_S19S_0013_Wat,323.1864241
58,Sample_S19S_0013_Wat,324.0361498
68,Sample_S19S_0013_Wat,324.0725027
54,Sample_S19S_0013_Wat,324.108871
26,Sample_S19S_0013_Wat,325.0201894
41,Sample_S19S_0013_Wat,325.0354075
97,Sample_S19S_0013_Wat,325.0565425
9,Sample_S19S_0013_Wat,325.0678176
115,Sample_S19S_0013_Wat,325.0928926
81,Sample_S19S_0013_Wat,325.1292996
38,Sample_S19S_0013_Wat,325.1657004
1,Sample_S19S_0013_Wat,325.1842438
28,Sample_S19S_0013_Wat,326.0306593
50,Sample_S19S_0013_Wat,326.0518083
10,Sample_S19S_0013_Wat,326.0670926
63,Sample_S19S_0013_Wat,326.0881656
49,Sample_S19S_0013_Wat,326.1245662
44,Sample_S19S_0013_Wat,327.0146798
85,Sample_S19S_0013_Wat,327.035782
57,Sample_S19S_0013_Wat,327.0510536
80,Sample_S19S_0013_Wat,327.0722018
24,Sample_S19S_0013_Wat,327.0834311
59,Sample_S19S_0013_Wat,327.0874372
77,Sample_S19S_0013_Wat,327.1085831
65,Sample_S19S_0013_Wat,327.1449492
34,Sample_S19S_0013_Wat,328.0463026
46,Sample_S19S_0013_Wat,328.067419
54,Sample_S19S_0013_Wat,328.1037984
68,Sample_S19S_0013_Wat,329.0303285
53,Sample_S19S_0013_Wat,329.0514722
32,Sample_S19S_0013_Wat,329.0667319
104,Sample_S19S_0013_Wat,329.0878075
57,Sample_S19S_0013_Wat,329.1030905
12,Sample_S19S_0013_Wat,329.1064332
64,Sample_S19S_0013_Wat,329.1242163
1,Sample_S19S_0013_Wat,329.152419
29,Sample_S19S_0013_Wat,330.0255466
41,Sample_S19S_0013_Wat,330.0619755
27,Sample_S19S_0013_Wat,330.0831155
23,Sample_S19S_0013_Wat,330.0983753
41,Sample_S19S_0013_Wat,330.1194763
44,Sample_S19S_0013_Wat,331.0095615
59,Sample_S19S_0013_Wat,331.0307044
55,Sample_S19S_0013_Wat,331.0459941
68,Sample_S19S_0013_Wat,331.0670688
74,Sample_S19S_0013_Wat,331.0823608
50,Sample_S19S_0013_Wat,331.1034998
77,Sample_S19S_0013_Wat,331.1187275
5,Sample_S19S_0013_Wat,331.122066
23,Sample_S19S_0013_Wat,331.1399002
15,Sample_S19S_0013_Wat,331.155166
49,Sample_S19S_0013_Wat,332.0412408
65,Sample_S19S_0013_Wat,332.0775831
34,Sample_S19S_0013_Wat,332.0987468
43,Sample_S19S_0013_Wat,332.1139958
37,Sample_S19S_0013_Wat,333.0252702
41,Sample_S19S_0013_Wat,333.0463704
47,Sample_S19S_0013_Wat,333.0616512
1,Sample_S19S_0013_Wat,333.0729806
39,Sample_S19S_0013_Wat,333.08277
88,Sample_S19S_0013_Wat,333.0980074
10,Sample_S19S_0013_Wat,333.1191757
36,Sample_S19S_0013_Wat,333.1344131
9,Sample_S19S_0013_Wat,333.137741
25,Sample_S19S_0013_Wat,333.1707943
29,Sample_S19S_0013_Wat,334.0204647
74,Sample_S19S_0013_Wat,334.0568812
44,Sample_S19S_0013_Wat,334.0932769
8,Sample_S19S_0013_Wat,334.1144217
62,Sample_S19S_0013_Wat,335.004499
61,Sample_S19S_0013_Wat,335.0409093
8,Sample_S19S_0013_Wat,335.0521847
99,Sample_S19S_0013_Wat,335.0772597
59,Sample_S19S_0013_Wat,335.1136067
62,Sample_S19S_0013_Wat,335.150042
34,Sample_S19S_0013_Wat,335.1864245
32,Sample_S19S_0013_Wat,336.0361684
34,Sample_S19S_0013_Wat,336.0725571
61,Sample_S19S_0013_Wat,336.1089144
1,Sample_S19S_0013_Wat,336.1486986
80,Sample_S19S_0013_Wat,337.0201415
65,Sample_S19S_0013_Wat,337.0564852
19,Sample_S19S_0013_Wat,337.0677837
13,Sample_S19S_0013_Wat,337.0695448
113,Sample_S19S_0013_Wat,337.0929176
9,Sample_S19S_0013_Wat,337.1041904
105,Sample_S19S_0013_Wat,337.1292866
58,Sample_S19S_0013_Wat,337.1656867
18,Sample_S19S_0013_Wat,338.0518396
71,Sample_S19S_0013_Wat,338.0881798
43,Sample_S19S_0013_Wat,338.1245766
84,Sample_S19S_0013_Wat,339.0357996
25,Sample_S19S_0013_Wat,339.0510159
116,Sample_S19S_0013_Wat,339.0721726
10,Sample_S19S_0013_Wat,339.0834699
122,Sample_S19S_0013_Wat,339.1085453
35,Sample_S19S_0013_Wat,339.1449816
35,Sample_S19S_0013_Wat,339.1813533
1,Sample_S19S_0013_Wat,339.1999929
49,Sample_S19S_0013_Wat,340.0310651
21,Sample_S19S_0013_Wat,340.0674792
54,Sample_S19S_0013_Wat,340.1038147
44,Sample_S19S_0013_Wat,340.1401964
72,Sample_S19S_0013_Wat,341.0150623
34,Sample_S19S_0013_Wat,341.0302897
79,Sample_S19S_0013_Wat,341.0514621
35,Sample_S19S_0013_Wat,341.0667303
8,Sample_S19S_0013_Wat,341.0700215
115,Sample_S19S_0013_Wat,341.0878109
26,Sample_S19S_0013_Wat,341.1031062
37,Sample_S19S_0013_Wat,341.12425
48,Sample_S19S_0013_Wat,341.1606173
37,Sample_S19S_0013_Wat,342.0255847
41,Sample_S19S_0013_Wat,342.0467143
17,Sample_S19S_0013_Wat,342.0619966
56,Sample_S19S_0013_Wat,342.0830768
42,Sample_S19S_0013_Wat,342.1194926
28,Sample_S19S_0013_Wat,343.0096148
68,Sample_S19S_0013_Wat,343.0307124
53,Sample_S19S_0013_Wat,343.0459579
9,Sample_S19S_0013_Wat,343.0492868
57,Sample_S19S_0013_Wat,343.067113
23,Sample_S19S_0013_Wat,343.0823925
17,Sample_S19S_0013_Wat,343.0857039
99,Sample_S19S_0013_Wat,343.1034685
45,Sample_S19S_0013_Wat,343.1187422
15,Sample_S19S_0013_Wat,343.1399075
30,Sample_S19S_0013_Wat,343.1551386
37,Sample_S19S_0013_Wat,343.1762631
29,Sample_S19S_0013_Wat,344.0412523
46,Sample_S19S_0013_Wat,344.0623517
54,Sample_S19S_0013_Wat,344.0775907
33,Sample_S19S_0013_Wat,344.0987606
1,Sample_S19S_0013_Wat,344.1350437
7,Sample_S19S_0013_Wat,344.1715382
69,Sample_S19S_0013_Wat,345.0252491
56,Sample_S19S_0013_Wat,345.0463327
79,Sample_S19S_0013_Wat,345.0616254
11,Sample_S19S_0013_Wat,345.0649742
54,Sample_S19S_0013_Wat,345.0827674
68,Sample_S19S_0013_Wat,345.0980089
7,Sample_S19S_0013_Wat,345.1013399
53,Sample_S19S_0013_Wat,345.1191373
23,Sample_S19S_0013_Wat,345.1344288
31,Sample_S19S_0013_Wat,345.1555412
45,Sample_S19S_0013_Wat,345.170772
40,Sample_S19S_0013_Wat,346.0204903
38,Sample_S19S_0013_Wat,346.0569005
58,Sample_S19S_0013_Wat,346.0932318
36,Sample_S19S_0013_Wat,346.1143644
42,Sample_S19S_0013_Wat,346.1296472
17,Sample_S19S_0013_Wat,346.1507606
1,Sample_S19S_0013_Wat,346.2154294
59,Sample_S19S_0013_Wat,347.0045152
83,Sample_S19S_0013_Wat,347.0408756
39,Sample_S19S_0013_Wat,347.0620279
99,Sample_S19S_0013_Wat,347.0772564
6,Sample_S19S_0013_Wat,347.0805924
25,Sample_S19S_0013_Wat,347.0903002
61,Sample_S19S_0013_Wat,347.0983726
45,Sample_S19S_0013_Wat,347.1136821
14,Sample_S19S_0013_Wat,347.1170036
24,Sample_S19S_0013_Wat,347.1348045
71,Sample_S19S_0013_Wat,347.1500262
12,Sample_S19S_0013_Wat,347.1864695
50,Sample_S19S_0013_Wat,348.0361356
34,Sample_S19S_0013_Wat,348.0725611
65,Sample_S19S_0013_Wat,348.1089104
1,Sample_S19S_0013_Wat,348.231087
74,Sample_S19S_0013_Wat,349.0201636
29,Sample_S19S_0013_Wat,349.0564693
3,Sample_S19S_0013_Wat,349.0678584
86,Sample_S19S_0013_Wat,349.0929209
20,Sample_S19S_0013_Wat,349.1059291
86,Sample_S19S_0013_Wat,349.129303
4,Sample_S19S_0013_Wat,349.1325881
64,Sample_S19S_0013_Wat,349.1656793
2,Sample_S19S_0013_Wat,349.1690154
13,Sample_S19S_0013_Wat,349.2021049
35,Sample_S19S_0013_Wat,350.0154008
21,Sample_S19S_0013_Wat,350.0518357
80,Sample_S19S_0013_Wat,350.0881844
22,Sample_S19S_0013_Wat,350.1245924
62,Sample_S19S_0013_Wat,350.9994205
79,Sample_S19S_0013_Wat,351.0357871
11,Sample_S19S_0013_Wat,351.0488144
85,Sample_S19S_0013_Wat,351.0721501
50,Sample_S19S_0013_Wat,351.1085115
23,Sample_S19S_0013_Wat,351.121581
47,Sample_S19S_0013_Wat,351.1449775
41,Sample_S19S_0013_Wat,351.1813076
1,Sample_S19S_0013_Wat,351.2500934
40,Sample_S19S_0013_Wat,352.0310225
34,Sample_S19S_0013_Wat,352.0674721
61,Sample_S19S_0013_Wat,352.1038206
73,Sample_S19S_0013_Wat,353.0150696
36,Sample_S19S_0013_Wat,353.0303338
54,Sample_S19S_0013_Wat,353.0514753
3,Sample_S19S_0013_Wat,353.0627608
16,Sample_S19S_0013_Wat,353.066743
113,Sample_S19S_0013_Wat,353.0878166
17,Sample_S19S_0013_Wat,353.0990962
10,Sample_S19S_0013_Wat,353.1008561
81,Sample_S19S_0013_Wat,353.124233
46,Sample_S19S_0013_Wat,353.1605629
28,Sample_S19S_0013_Wat,353.1970034
1,Sample_S19S_0013_Wat,353.2003494
54,Sample_S19S_0013_Wat,354.0467104
72,Sample_S19S_0013_Wat,354.0830704
51,Sample_S19S_0013_Wat,354.1194893
32,Sample_S19S_0013_Wat,355.0096063
70,Sample_S19S_0013_Wat,355.0306981
45,Sample_S19S_0013_Wat,355.0459559
79,Sample_S19S_0013_Wat,355.0671162
5,Sample_S19S_0013_Wat,355.0784081
6,Sample_S19S_0013_Wat,355.0824171
101,Sample_S19S_0013_Wat,355.1034699
28,Sample_S19S_0013_Wat,355.1147135
45,Sample_S19S_0013_Wat,355.1187368
24,Sample_S19S_0013_Wat,355.1399086
44,Sample_S19S_0013_Wat,355.1762476
3,Sample_S19S_0013_Wat,356.0412949
68,Sample_S19S_0013_Wat,356.0623586
55,Sample_S19S_0013_Wat,356.0776181
27,Sample_S19S_0013_Wat,356.0987693
42,Sample_S19S_0013_Wat,356.1350838
27,Sample_S19S_0013_Wat,356.1715182
52,Sample_S19S_0013_Wat,357.009976
39,Sample_S19S_0013_Wat,357.0251986
7,Sample_S19S_0013_Wat,357.028543
62,Sample_S19S_0013_Wat,357.046323
60,Sample_S19S_0013_Wat,357.061636
4,Sample_S19S_0013_Wat,357.0649448
92,Sample_S19S_0013_Wat,357.0827228
49,Sample_S19S_0013_Wat,357.0979761
6,Sample_S19S_0013_Wat,357.1012479
24,Sample_S19S_0013_Wat,357.1110353
95,Sample_S19S_0013_Wat,357.1191097
32,Sample_S19S_0013_Wat,357.134414
64,Sample_S19S_0013_Wat,357.1554992
28,Sample_S19S_0013_Wat,357.191896
31,Sample_S19S_0013_Wat,358.0204637
15,Sample_S19S_0013_Wat,358.0416411
57,Sample_S19S_0013_Wat,358.0568909
53,Sample_S19S_0013_Wat,358.077999
51,Sample_S19S_0013_Wat,358.0932734
55,Sample_S19S_0013_Wat,359.0045133
12,Sample_S19S_0013_Wat,359.0256737
23,Sample_S19S_0013_Wat,359.0409252
66,Sample_S19S_0013_Wat,359.0619959
66,Sample_S19S_0013_Wat,359.077285
18,Sample_S19S_0013_Wat,359.0806207
34,Sample_S19S_0013_Wat,359.0984239
2,Sample_S19S_0013_Wat,359.1169502
48,Sample_S19S_0013_Wat,359.1347452
66,Sample_S19S_0013_Wat,359.1500213
36,Sample_S19S_0013_Wat,359.1711775
55,Sample_S19S_0013_Wat,360.0361542
29,Sample_S19S_0013_Wat,360.093678
51,Sample_S19S_0013_Wat,360.108919
4,Sample_S19S_0013_Wat,360.1299489
62,Sample_S19S_0013_Wat,361.0201475
52,Sample_S19S_0013_Wat,361.0412698
62,Sample_S19S_0013_Wat,361.056505
5,Sample_S19S_0013_Wat,361.0678574
16,Sample_S19S_0013_Wat,361.069538
42,Sample_S19S_0013_Wat,361.077621
80,Sample_S19S_0013_Wat,361.0929312
17,Sample_S19S_0013_Wat,361.0962708
44,Sample_S19S_0013_Wat,361.1140532
99,Sample_S19S_0013_Wat,361.1292859
27,Sample_S19S_0013_Wat,361.1423317
41,Sample_S19S_0013_Wat,361.1657046
27,Sample_S19S_0013_Wat,362.0153701
75,Sample_S19S_0013_Wat,362.0881611
13,Sample_S19S_0013_Wat,362.1093336
6,Sample_S19S_0013_Wat,362.1246138
14,Sample_S19S_0013_Wat,362.9994703
81,Sample_S19S_0013_Wat,363.0357881
47,Sample_S19S_0013_Wat,363.0569193
54,Sample_S19S_0013_Wat,363.0722122
6,Sample_S19S_0013_Wat,363.0755589
1,Sample_S19S_0013_Wat,363.0835367
32,Sample_S19S_0013_Wat,363.0932688
92,Sample_S19S_0013_Wat,363.108539
1,Sample_S19S_0013_Wat,363.1118361
19,Sample_S19S_0013_Wat,363.1215932
37,Sample_S19S_0013_Wat,363.1449786
28,Sample_S19S_0013_Wat,363.1812892
51,Sample_S19S_0013_Wat,364.0310639
63,Sample_S19S_0013_Wat,364.0674047
9,Sample_S19S_0013_Wat,364.0786949
68,Sample_S19S_0013_Wat,364.1038292
59,Sample_S19S_0013_Wat,364.1401707
73,Sample_S19S_0013_Wat,365.015069
33,Sample_S19S_0013_Wat,365.0513776
17,Sample_S19S_0013_Wat,365.0627075
11,Sample_S19S_0013_Wat,365.0644569
100,Sample_S19S_0013_Wat,365.0878382
9,Sample_S19S_0013_Wat,365.0991282
27,Sample_S19S_0013_Wat,365.1008669
46,Sample_S19S_0013_Wat,365.1241727
16,Sample_S19S_0013_Wat,365.137244
23,Sample_S19S_0013_Wat,365.1606438
37,Sample_S19S_0013_Wat,365.1969623
83,Sample_S19S_0013_Wat,366.0830912
63,Sample_S19S_0013_Wat,366.1194629
9,Sample_S19S_0013_Wat,366.1558943
68,Sample_S19S_0013_Wat,367.0306865
102,Sample_S19S_0013_Wat,367.0671094
8,Sample_S19S_0013_Wat,367.0784012
116,Sample_S19S_0013_Wat,367.1034613
19,Sample_S19S_0013_Wat,367.1165264
15,Sample_S19S_0013_Wat,367.1399195
47,Sample_S19S_0013_Wat,367.1762158
7,Sample_S19S_0013_Wat,368.041272
24,Sample_S19S_0013_Wat,368.0623951
82,Sample_S19S_0013_Wat,368.0987097
54,Sample_S19S_0013_Wat,368.1351331
60,Sample_S19S_0013_Wat,369.0099679
26,Sample_S19S_0013_Wat,369.0252119
57,Sample_S19S_0013_Wat,369.0463181
58,Sample_S19S_0013_Wat,369.061629
88,Sample_S19S_0013_Wat,369.0827443
45,Sample_S19S_0013_Wat,369.0980102
23,Sample_S19S_0013_Wat,369.111039
30,Sample_S19S_0013_Wat,369.1190631
62,Sample_S19S_0013_Wat,369.1555194
17,Sample_S19S_0013_Wat,369.1918398
28,Sample_S19S_0013_Wat,370.0568279
60,Sample_S19S_0013_Wat,370.0779692
34,Sample_S19S_0013_Wat,370.1507341
26,Sample_S19S_0013_Wat,371.0255725
48,Sample_S19S_0013_Wat,371.0408802
81,Sample_S19S_0013_Wat,371.0620102
7,Sample_S19S_0013_Wat,371.0805043
19,Sample_S19S_0013_Wat,371.0902981
50,Sample_S19S_0013_Wat,371.0983408
50,Sample_S19S_0013_Wat,371.1136558
58,Sample_S19S_0013_Wat,371.1347918
54,Sample_S19S_0013_Wat,371.1500297
46,Sample_S19S_0013_Wat,371.171134
44,Sample_S19S_0013_Wat,372.0361265
37,Sample_S19S_0013_Wat,372.0572277
57,Sample_S19S_0013_Wat,372.0725108
49,Sample_S19S_0013_Wat,372.1300076
38,Sample_S19S_0013_Wat,373.0201141
51,Sample_S19S_0013_Wat,373.0412407
76,Sample_S19S_0013_Wat,373.0565482
6,Sample_S19S_0013_Wat,373.0599109
36,Sample_S19S_0013_Wat,373.0776886
47,Sample_S19S_0013_Wat,373.09294
30,Sample_S19S_0013_Wat,373.1059583
61,Sample_S19S_0013_Wat,373.1140108
16,Sample_S19S_0013_Wat,373.1504711
16,Sample_S19S_0013_Wat,373.1657318
7,Sample_S19S_0013_Wat,374.0729636
16,Sample_S19S_0013_Wat,374.1245961
17,Sample_S19S_0013_Wat,374.9994641
31,Sample_S19S_0013_Wat,375.0358416
20,Sample_S19S_0013_Wat,375.0569615
78,Sample_S19S_0013_Wat,375.0721973
14,Sample_S19S_0013_Wat,375.0755416
26,Sample_S19S_0013_Wat,375.0852221
46,Sample_S19S_0013_Wat,375.0932745
7,Sample_S19S_0013_Wat,375.1118457
33,Sample_S19S_0013_Wat,375.1297066
82,Sample_S19S_0013_Wat,375.1449442
25,Sample_S19S_0013_Wat,375.1579842
20,Sample_S19S_0013_Wat,375.1660121
31,Sample_S19S_0013_Wat,375.1812892
29,Sample_S19S_0013_Wat,376.031082
63,Sample_S19S_0013_Wat,376.0674564
29,Sample_S19S_0013_Wat,376.1249335
43,Sample_S19S_0013_Wat,377.0150486
89,Sample_S19S_0013_Wat,377.0514538
1,Sample_S19S_0013_Wat,377.0627857
36,Sample_S19S_0013_Wat,377.0725712
67,Sample_S19S_0013_Wat,377.0877952
6,Sample_S19S_0013_Wat,377.0911145
15,Sample_S19S_0013_Wat,377.100823
97,Sample_S19S_0013_Wat,377.1241915
27,Sample_S19S_0013_Wat,377.1372608
59,Sample_S19S_0013_Wat,377.1606102
16,Sample_S19S_0013_Wat,377.1735945
19,Sample_S19S_0013_Wat,377.1969233
25,Sample_S19S_0013_Wat,378.0466478
61,Sample_S19S_0013_Wat,378.0831073
75,Sample_S19S_0013_Wat,378.1194361
52,Sample_S19S_0013_Wat,378.1558494
76,Sample_S19S_0013_Wat,379.0307221
34,Sample_S19S_0013_Wat,379.0670295
26,Sample_S19S_0013_Wat,379.0783458
116,Sample_S19S_0013_Wat,379.1034645
5,Sample_S19S_0013_Wat,379.1067259
27,Sample_S19S_0013_Wat,379.1165229
97,Sample_S19S_0013_Wat,379.1398402
20,Sample_S19S_0013_Wat,379.1528588
65,Sample_S19S_0013_Wat,379.1762343
11,Sample_S19S_0013_Wat,380.0259079
75,Sample_S19S_0013_Wat,380.0987084
71,Sample_S19S_0013_Wat,380.1350974
21,Sample_S19S_0013_Wat,381.0099072
78,Sample_S19S_0013_Wat,381.0463502
12,Sample_S19S_0013_Wat,381.0576349
11,Sample_S19S_0013_Wat,381.0615425
35,Sample_S19S_0013_Wat,381.0826619
28,Sample_S19S_0013_Wat,381.0939738
105,Sample_S19S_0013_Wat,381.1191186
23,Sample_S19S_0013_Wat,381.1321708
87,Sample_S19S_0013_Wat,381.1555031
35,Sample_S19S_0013_Wat,381.1918695
39,Sample_S19S_0013_Wat,382.0415806
6,Sample_S19S_0013_Wat,382.0567444
68,Sample_S19S_0013_Wat,382.0779661
76,Sample_S19S_0013_Wat,382.1143936
13,Sample_S19S_0013_Wat,382.1507159
33,Sample_S19S_0013_Wat,383.0255766
17,Sample_S19S_0013_Wat,383.040804
46,Sample_S19S_0013_Wat,383.0619616
51,Sample_S19S_0013_Wat,383.0772634
4,Sample_S19S_0013_Wat,383.0804294
105,Sample_S19S_0013_Wat,383.0983806
19,Sample_S19S_0013_Wat,383.1095949
26,Sample_S19S_0013_Wat,383.1266887
34,Sample_S19S_0013_Wat,383.1347075
34,Sample_S19S_0013_Wat,383.1711132
36,Sample_S19S_0013_Wat,383.2075249
10,Sample_S19S_0013_Wat,384.0360658
37,Sample_S19S_0013_Wat,384.0572385
61,Sample_S19S_0013_Wat,384.0936599
33,Sample_S19S_0013_Wat,384.1664077
23,Sample_S19S_0013_Wat,385.0201172
6,Sample_S19S_0013_Wat,385.0234761
29,Sample_S19S_0013_Wat,385.0412026
45,Sample_S19S_0013_Wat,385.0564963
84,Sample_S19S_0013_Wat,385.0776412
65,Sample_S19S_0013_Wat,385.0929264
40,Sample_S19S_0013_Wat,385.1139909
33,Sample_S19S_0013_Wat,385.1292595
24,Sample_S19S_0013_Wat,385.1423072
38,Sample_S19S_0013_Wat,385.1503825
45,Sample_S19S_0013_Wat,385.1656784
33,Sample_S19S_0013_Wat,385.1868285
25,Sample_S19S_0013_Wat,386.0154196
10,Sample_S19S_0013_Wat,386.0517072
41,Sample_S19S_0013_Wat,386.0728862
67,Sample_S19S_0013_Wat,386.0881802
51,Sample_S19S_0013_Wat,386.1093009
20,Sample_S19S_0013_Wat,386.9993233
34,Sample_S19S_0013_Wat,387.0205032
68,Sample_S19S_0013_Wat,387.0358113
29,Sample_S19S_0013_Wat,387.0568488
24,Sample_S19S_0013_Wat,387.0721252
6,Sample_S19S_0013_Wat,387.075423
18,Sample_S19S_0013_Wat,387.0851909
32,Sample_S19S_0013_Wat,387.0932457
87,Sample_S19S_0013_Wat,387.1085636
84,Sample_S19S_0013_Wat,387.1296791
22,Sample_S19S_0013_Wat,387.1579654
14,Sample_S19S_0013_Wat,387.1659841
26,Sample_S19S_0013_Wat,387.1812925
12,Sample_S19S_0013_Wat,387.19436
12,Sample_S19S_0013_Wat,388.0309868
77,Sample_S19S_0013_Wat,388.0674506
50,Sample_S19S_0013_Wat,388.1037783
1,Sample_S19S_0013_Wat,388.1167563
45,Sample_S19S_0013_Wat,388.1249219
49,Sample_S19S_0013_Wat,388.1401722
39,Sample_S19S_0013_Wat,389.0150297
8,Sample_S19S_0013_Wat,389.0280824
30,Sample_S19S_0013_Wat,389.036144
59,Sample_S19S_0013_Wat,389.051417
4,Sample_S19S_0013_Wat,389.054731
9,Sample_S19S_0013_Wat,389.0644457
24,Sample_S19S_0013_Wat,389.0724972
82,Sample_S19S_0013_Wat,389.0878118
8,Sample_S19S_0013_Wat,389.0911204
25,Sample_S19S_0013_Wat,389.1008827
36,Sample_S19S_0013_Wat,389.108981
95,Sample_S19S_0013_Wat,389.1242045
5,Sample_S19S_0013_Wat,389.1274498
22,Sample_S19S_0013_Wat,389.1372295
16,Sample_S19S_0013_Wat,389.1452618
30,Sample_S19S_0013_Wat,389.1605387
20,Sample_S19S_0013_Wat,389.1736085
40,Sample_S19S_0013_Wat,389.1969883
47,Sample_S19S_0013_Wat,390.0466839
89,Sample_S19S_0013_Wat,390.083092
38,Sample_S19S_0013_Wat,391.0307447
39,Sample_S19S_0013_Wat,391.0518108
53,Sample_S19S_0013_Wat,391.0670531
7,Sample_S19S_0013_Wat,391.070384
16,Sample_S19S_0013_Wat,391.0881255
52,Sample_S19S_0013_Wat,391.1034381
3,Sample_S19S_0013_Wat,391.1066925
26,Sample_S19S_0013_Wat,391.1245591
51,Sample_S19S_0013_Wat,391.1398852
10,Sample_S19S_0013_Wat,391.1528412
37,Sample_S19S_0013_Wat,391.1762035
31,Sample_S19S_0013_Wat,391.212612
23,Sample_S19S_0013_Wat,392.0259958
60,Sample_S19S_0013_Wat,392.06231
82,Sample_S19S_0013_Wat,392.098752
19,Sample_S19S_0013_Wat,392.1198706
61,Sample_S19S_0013_Wat,392.1351125
19,Sample_S19S_0013_Wat,393.010021
51,Sample_S19S_0013_Wat,393.0463154
84,Sample_S19S_0013_Wat,393.0827628
3,Sample_S19S_0013_Wat,393.0860569
91,Sample_S19S_0013_Wat,393.1191285
18,Sample_S19S_0013_Wat,393.1321265
44,Sample_S19S_0013_Wat,393.1554711
17,Sample_S19S_0013_Wat,393.1685262
22,Sample_S19S_0013_Wat,393.1919402
41,Sample_S19S_0013_Wat,394.0415806
46,Sample_S19S_0013_Wat,394.078026
47,Sample_S19S_0013_Wat,394.1144108
42,Sample_S19S_0013_Wat,395.0255818
64,Sample_S19S_0013_Wat,395.0619708
19,Sample_S19S_0013_Wat,395.0732837
55,Sample_S19S_0013_Wat,395.0984243
118,Sample_S19S_0013_Wat,395.1347697
14,Sample_S19S_0013_Wat,395.1477706
46,Sample_S19S_0013_Wat,395.171191
13,Sample_S19S_0013_Wat,395.2075813
15,Sample_S19S_0013_Wat,396.0724542
67,Sample_S19S_0013_Wat,396.0936653
36,Sample_S19S_0013_Wat,396.13006
55,Sample_S19S_0013_Wat,396.1664019
16,Sample_S19S_0013_Wat,397.0200883
54,Sample_S19S_0013_Wat,397.0412485
45,Sample_S19S_0013_Wat,397.0565368
34,Sample_S19S_0013_Wat,397.0775828
21,Sample_S19S_0013_Wat,397.1059758
74,Sample_S19S_0013_Wat,397.1140135
89,Sample_S19S_0013_Wat,397.1504225
24,Sample_S19S_0013_Wat,397.1867602
5,Sample_S19S_0013_Wat,398.0364549
38,Sample_S19S_0013_Wat,398.0517674
62,Sample_S19S_0013_Wat,398.0729329
59,Sample_S19S_0013_Wat,398.1456531
34,Sample_S19S_0013_Wat,399.0205105
16,Sample_S19S_0013_Wat,399.0356696
8,Sample_S19S_0013_Wat,399.0488349
21,Sample_S19S_0013_Wat,399.0568344
38,Sample_S19S_0013_Wat,399.0721389
23,Sample_S19S_0013_Wat,399.085227
70,Sample_S19S_0013_Wat,399.0932727
24,Sample_S19S_0013_Wat,399.1086044
5,Sample_S19S_0013_Wat,399.1117451
64,Sample_S19S_0013_Wat,399.1296635
13,Sample_S19S_0013_Wat,399.1579458
3,Sample_S19S_0013_Wat,399.1659287
29,Sample_S19S_0013_Wat,400.0310423
24,Sample_S19S_0013_Wat,400.0674729
38,Sample_S19S_0013_Wat,400.1037744
34,Sample_S19S_0013_Wat,400.1249077
43,Sample_S19S_0013_Wat,401.0150794
30,Sample_S19S_0013_Wat,401.0362034
74,Sample_S19S_0013_Wat,401.0514549
9,Sample_S19S_0013_Wat,401.0547584
14,Sample_S19S_0013_Wat,401.0644945
28,Sample_S19S_0013_Wat,401.0725084
70,Sample_S19S_0013_Wat,401.0878209
6,Sample_S19S_0013_Wat,401.0910681
59,Sample_S19S_0013_Wat,401.1089631
4,Sample_S19S_0013_Wat,401.1273966
65,Sample_S19S_0013_Wat,401.1453284
61,Sample_S19S_0013_Wat,401.1605804
17,Sample_S19S_0013_Wat,401.1736033
16,Sample_S19S_0013_Wat,401.1816514
17,Sample_S19S_0013_Wat,401.1969344
41,Sample_S19S_0013_Wat,402.0466811
21,Sample_S19S_0013_Wat,402.0831391
3,Sample_S19S_0013_Wat,402.1042761
11,Sample_S19S_0013_Wat,402.1195259
27,Sample_S19S_0013_Wat,402.1405573
17,Sample_S19S_0013_Wat,402.9942525
20,Sample_S19S_0013_Wat,403.0305846
9,Sample_S19S_0013_Wat,403.0437271
21,Sample_S19S_0013_Wat,403.0517845
87,Sample_S19S_0013_Wat,403.0671122
8,Sample_S19S_0013_Wat,403.0704072
62,Sample_S19S_0013_Wat,403.0881974
69,Sample_S19S_0013_Wat,403.1034476
4,Sample_S19S_0013_Wat,403.1066431
21,Sample_S19S_0013_Wat,403.1164656
20,Sample_S19S_0013_Wat,403.1245163
85,Sample_S19S_0013_Wat,403.1398463
28,Sample_S19S_0013_Wat,403.1529106
24,Sample_S19S_0013_Wat,403.1609357
31,Sample_S19S_0013_Wat,403.1762826
32,Sample_S19S_0013_Wat,403.2126282
21,Sample_S19S_0013_Wat,404.025924
85,Sample_S19S_0013_Wat,404.0623618
30,Sample_S19S_0013_Wat,404.0834492
71,Sample_S19S_0013_Wat,404.1351085
43,Sample_S19S_0013_Wat,404.1715089
14,Sample_S19S_0013_Wat,405.0098791
76,Sample_S19S_0013_Wat,405.0463718
37,Sample_S19S_0013_Wat,405.0674473
54,Sample_S19S_0013_Wat,405.0827082
3,Sample_S19S_0013_Wat,405.0859264
6,Sample_S19S_0013_Wat,405.103722
33,Sample_S19S_0013_Wat,405.1190623
27,Sample_S19S_0013_Wat,405.1321292
12,Sample_S19S_0013_Wat,405.1401404
49,Sample_S19S_0013_Wat,405.1555362
24,Sample_S19S_0013_Wat,405.1685606
37,Sample_S19S_0013_Wat,405.1918632
12,Sample_S19S_0013_Wat,405.2282192
30,Sample_S19S_0013_Wat,406.041642
8,Sample_S19S_0013_Wat,406.0990792
80,Sample_S19S_0013_Wat,406.1143545
30,Sample_S19S_0013_Wat,407.0255705
66,Sample_S19S_0013_Wat,407.0620299
96,Sample_S19S_0013_Wat,407.0983755
12,Sample_S19S_0013_Wat,407.1113661
80,Sample_S19S_0013_Wat,407.1347505
20,Sample_S19S_0013_Wat,407.1477958
11,Sample_S19S_0013_Wat,407.1712237
18,Sample_S19S_0013_Wat,407.2075913
6,Sample_S19S_0013_Wat,408.020788
76,Sample_S19S_0013_Wat,408.0936661
86,Sample_S19S_0013_Wat,408.1300077
34,Sample_S19S_0013_Wat,409.0048805
34,Sample_S19S_0013_Wat,409.0412228
12,Sample_S19S_0013_Wat,409.056461
31,Sample_S19S_0013_Wat,409.07757
18,Sample_S19S_0013_Wat,409.0889394
92,Sample_S19S_0013_Wat,409.1140221
96,Sample_S19S_0013_Wat,409.1504235
6,Sample_S19S_0013_Wat,409.1633923
9,Sample_S19S_0013_Wat,409.1787026
18,Sample_S19S_0013_Wat,409.1867344
33,Sample_S19S_0013_Wat,409.2231724
36,Sample_S19S_0013_Wat,410.0365413
69,Sample_S19S_0013_Wat,410.0729191
19,Sample_S19S_0013_Wat,410.1092388
58,Sample_S19S_0013_Wat,410.1456867
33,Sample_S19S_0013_Wat,411.0205049
17,Sample_S19S_0013_Wat,411.0357156
25,Sample_S19S_0013_Wat,411.0568579
21,Sample_S19S_0013_Wat,411.0721337
78,Sample_S19S_0013_Wat,411.0933142
83,Sample_S19S_0013_Wat,411.1296933
28,Sample_S19S_0013_Wat,411.1579879
49,Sample_S19S_0013_Wat,411.1660419
7,Sample_S19S_0013_Wat,412.0309985
29,Sample_S19S_0013_Wat,412.0521769
34,Sample_S19S_0013_Wat,412.0673926
45,Sample_S19S_0013_Wat,412.0885256
59,Sample_S19S_0013_Wat,412.1249118
24,Sample_S19S_0013_Wat,413.0150329
30,Sample_S19S_0013_Wat,413.0361429
6,Sample_S19S_0013_Wat,413.0513424
12,Sample_S19S_0013_Wat,413.06446
10,Sample_S19S_0013_Wat,413.072442
40,Sample_S19S_0013_Wat,413.087795
26,Sample_S19S_0013_Wat,413.1008794
84,Sample_S19S_0013_Wat,413.1089345
62,Sample_S19S_0013_Wat,413.12421
2,Sample_S19S_0013_Wat,413.127421
19,Sample_S19S_0013_Wat,413.1372735
24,Sample_S19S_0013_Wat,413.1452768
6,Sample_S19S_0013_Wat,413.1605228
19,Sample_S19S_0013_Wat,413.1736056
16,Sample_S19S_0013_Wat,413.1816156
27,Sample_S19S_0013_Wat,414.0831299
29,Sample_S19S_0013_Wat,415.0306688
26,Sample_S19S_0013_Wat,415.0518724
8,Sample_S19S_0013_Wat,415.0671726
10,Sample_S19S_0013_Wat,415.0704085
11,Sample_S19S_0013_Wat,415.080159
63,Sample_S19S_0013_Wat,415.0881916
66,Sample_S19S_0013_Wat,415.1034568
2,Sample_S19S_0013_Wat,415.1066895
19,Sample_S19S_0013_Wat,415.1164835
37,Sample_S19S_0013_Wat,415.1245406
22,Sample_S19S_0013_Wat,415.1529316
56,Sample_S19S_0013_Wat,415.1609859
10,Sample_S19S_0013_Wat,415.1763155
25,Sample_S19S_0013_Wat,416.0259342
47,Sample_S19S_0013_Wat,416.0623295
10,Sample_S19S_0013_Wat,416.0986591
41,Sample_S19S_0013_Wat,417.009975
32,Sample_S19S_0013_Wat,417.0310977
47,Sample_S19S_0013_Wat,417.0463346
11,Sample_S19S_0013_Wat,417.0593749
23,Sample_S19S_0013_Wat,417.0674105
29,Sample_S19S_0013_Wat,417.0826722
4,Sample_S19S_0013_Wat,417.085967
13,Sample_S19S_0013_Wat,417.0957124
21,Sample_S19S_0013_Wat,417.1037889
81,Sample_S19S_0013_Wat,417.1191101
5,Sample_S19S_0013_Wat,417.1223013
34,Sample_S19S_0013_Wat,417.1321667
40,Sample_S19S_0013_Wat,417.1402188
74,Sample_S19S_0013_Wat,417.1555165
32,Sample_S19S_0013_Wat,417.1685514
13,Sample_S19S_0013_Wat,417.1765666
20,Sample_S19S_0013_Wat,418.0416648
61,Sample_S19S_0013_Wat,418.0779721
21,Sample_S19S_0013_Wat,418.1144292
1,Sample_S19S_0013_Wat,418.1508546
41,Sample_S19S_0013_Wat,419.0256123
18,Sample_S19S_0013_Wat,419.0466741
44,Sample_S19S_0013_Wat,419.0619721
13,Sample_S19S_0013_Wat,419.0829959
17,Sample_S19S_0013_Wat,419.0982983
1,Sample_S19S_0013_Wat,419.1015327
5,Sample_S19S_0013_Wat,419.1113471
11,Sample_S19S_0013_Wat,419.1194106
91,Sample_S19S_0013_Wat,419.1347745
24,Sample_S19S_0013_Wat,419.1478319
43,Sample_S19S_0013_Wat,419.1711927
24,Sample_S19S_0013_Wat,419.1842051
41,Sample_S19S_0013_Wat,419.207525
60,Sample_S19S_0013_Wat,420.0572817
19,Sample_S19S_0013_Wat,421.0048082
57,Sample_S19S_0013_Wat,421.0412704
22,Sample_S19S_0013_Wat,421.0777047
103,Sample_S19S_0013_Wat,421.1140346
13,Sample_S19S_0013_Wat,421.1270174
85,Sample_S19S_0013_Wat,421.1504292
21,Sample_S19S_0013_Wat,421.1634511
24,Sample_S19S_0013_Wat,421.1868654
4,Sample_S19S_0013_Wat,421.2232692
9,Sample_S19S_0013_Wat,422.0364426
67,Sample_S19S_0013_Wat,422.0728802
34,Sample_S19S_0013_Wat,422.1093338
25,Sample_S19S_0013_Wat,423.0205894
64,Sample_S19S_0013_Wat,423.0569089
6,Sample_S19S_0013_Wat,423.0682304
30,Sample_S19S_0013_Wat,423.093231
8,Sample_S19S_0013_Wat,423.1046157
107,Sample_S19S_0013_Wat,423.1296813
11,Sample_S19S_0013_Wat,423.1426961
35,Sample_S19S_0013_Wat,423.1661225
45,Sample_S19S_0013_Wat,423.2024382
20,Sample_S19S_0013_Wat,424.0522173
5,Sample_S19S_0013_Wat,424.0675023
1,Sample_S19S_0013_Wat,424.0886497
42,Sample_S19S_0013_Wat,424.1249783
54,Sample_S19S_0013_Wat,425.0361852
13,Sample_S19S_0013_Wat,425.0513214
19,Sample_S19S_0013_Wat,425.0724714
16,Sample_S19S_0013_Wat,425.0838582
16,Sample_S19S_0013_Wat,425.1008972
55,Sample_S19S_0013_Wat,425.1089252
21,Sample_S19S_0013_Wat,425.1453873
46,Sample_S19S_0013_Wat,425.1816982
26,Sample_S19S_0013_Wat,426.0314524
41,Sample_S19S_0013_Wat,426.0467067
12,Sample_S19S_0013_Wat,426.0831471
62,Sample_S19S_0013_Wat,426.1405881
50,Sample_S19S_0013_Wat,426.1769689
25,Sample_S19S_0013_Wat,427.0154789
20,Sample_S19S_0013_Wat,427.0307487
27,Sample_S19S_0013_Wat,427.0518808
15,Sample_S19S_0013_Wat,427.0669702
11,Sample_S19S_0013_Wat,427.0801714
47,Sample_S19S_0013_Wat,427.088175
42,Sample_S19S_0013_Wat,427.1035014
2,Sample_S19S_0013_Wat,427.106705
19,Sample_S19S_0013_Wat,427.1165345
77,Sample_S19S_0013_Wat,427.1245871
6,Sample_S19S_0013_Wat,427.1399769
1,Sample_S19S_0013_Wat,427.1431663
7,Sample_S19S_0013_Wat,427.1610597
3,Sample_S19S_0013_Wat,427.1763557
32,Sample_S19S_0013_Wat,427.1973395
27,Sample_S19S_0013_Wat,428.0470647
18,Sample_S19S_0013_Wat,428.0622933
55,Sample_S19S_0013_Wat,428.0987544
32,Sample_S19S_0013_Wat,428.1562791
17,Sample_S19S_0013_Wat,429.0099567
34,Sample_S19S_0013_Wat,429.0310878
35,Sample_S19S_0013_Wat,429.0463286
50,Sample_S19S_0013_Wat,429.067488
2,Sample_S19S_0013_Wat,429.0829209
7,Sample_S19S_0013_Wat,429.0861392
10,Sample_S19S_0013_Wat,429.1039457
5,Sample_S19S_0013_Wat,429.1192381
65,Sample_S19S_0013_Wat,429.1402424
28,Sample_S19S_0013_Wat,429.1555582
1,Sample_S19S_0013_Wat,429.1587517
25,Sample_S19S_0013_Wat,429.1685491
23,Sample_S19S_0013_Wat,429.1765924
39,Sample_S19S_0013_Wat,429.1919036
23,Sample_S19S_0013_Wat,429.2129876
35,Sample_S19S_0013_Wat,430.0416122
21,Sample_S19S_0013_Wat,430.0627483
16,Sample_S19S_0013_Wat,430.0780537
11,Sample_S19S_0013_Wat,430.0892575
34,Sample_S19S_0013_Wat,430.0991542
78,Sample_S19S_0013_Wat,430.1143962
4,Sample_S19S_0013_Wat,430.1273505
46,Sample_S19S_0013_Wat,430.1354817
28,Sample_S19S_0013_Wat,431.0256563
2,Sample_S19S_0013_Wat,431.0386601
12,Sample_S19S_0013_Wat,431.04681
76,Sample_S19S_0013_Wat,431.0620177
50,Sample_S19S_0013_Wat,431.083125
80,Sample_S19S_0013_Wat,431.098388
4,Sample_S19S_0013_Wat,431.1016424
17,Sample_S19S_0013_Wat,431.1113826
29,Sample_S19S_0013_Wat,431.1194411
32,Sample_S19S_0013_Wat,431.1347291
23,Sample_S19S_0013_Wat,431.1477957
24,Sample_S19S_0013_Wat,431.1558407
34,Sample_S19S_0013_Wat,431.1711879
18,Sample_S19S_0013_Wat,431.2076023
21,Sample_S19S_0013_Wat,432.020878
12,Sample_S19S_0013_Wat,432.0573233
23,Sample_S19S_0013_Wat,432.078404
96,Sample_S19S_0013_Wat,432.093661
81,Sample_S19S_0013_Wat,432.1300404
1,Sample_S19S_0013_Wat,432.1665051
19,Sample_S19S_0013_Wat,433.0048372
57,Sample_S19S_0013_Wat,433.0412948
3,Sample_S19S_0013_Wat,433.0543356
29,Sample_S19S_0013_Wat,433.0624271
82,Sample_S19S_0013_Wat,433.077665
14,Sample_S19S_0013_Wat,433.0906617
14,Sample_S19S_0013_Wat,433.0986887
29,Sample_S19S_0013_Wat,433.1139658
8,Sample_S19S_0013_Wat,433.1269982
5,Sample_S19S_0013_Wat,433.13501
29,Sample_S19S_0013_Wat,433.1503758
25,Sample_S19S_0013_Wat,433.1634586
39,Sample_S19S_0013_Wat,433.1868494
11,Sample_S19S_0013_Wat,433.1998888
34,Sample_S19S_0013_Wat,433.223189
15,Sample_S19S_0013_Wat,434.072975
22,Sample_S19S_0013_Wat,434.1093421
21,Sample_S19S_0013_Wat,435.0204588
54,Sample_S19S_0013_Wat,435.0569041
81,Sample_S19S_0013_Wat,435.093324
12,Sample_S19S_0013_Wat,435.1062764
34,Sample_S19S_0013_Wat,435.1296329
5,Sample_S19S_0013_Wat,435.1426364
2,Sample_S19S_0013_Wat,435.160379
27,Sample_S19S_0013_Wat,435.1659973
12,Sample_S19S_0013_Wat,435.1790631
52,Sample_S19S_0013_Wat,435.2024665
7,Sample_S19S_0013_Wat,435.238903
31,Sample_S19S_0013_Wat,436.0521427
28,Sample_S19S_0013_Wat,436.0886111
8,Sample_S19S_0013_Wat,436.1250197
43,Sample_S19S_0013_Wat,437.0361523
27,Sample_S19S_0013_Wat,437.072483
8,Sample_S19S_0013_Wat,437.1009114
30,Sample_S19S_0013_Wat,437.1088959
64,Sample_S19S_0013_Wat,437.1453651
51,Sample_S19S_0013_Wat,437.1817485
11,Sample_S19S_0013_Wat,437.2180272
16,Sample_S19S_0013_Wat,438.031465
20,Sample_S19S_0013_Wat,438.0678822
74,Sample_S19S_0013_Wat,438.1405683
17,Sample_S19S_0013_Wat,439.0153758
4,Sample_S19S_0013_Wat,439.030563
21,Sample_S19S_0013_Wat,439.051737
18,Sample_S19S_0013_Wat,439.0670176
73,Sample_S19S_0013_Wat,439.0882098
83,Sample_S19S_0013_Wat,439.1246064
18,Sample_S19S_0013_Wat,439.1529344
36,Sample_S19S_0013_Wat,439.1609425
20,Sample_S19S_0013_Wat,439.1892886
21,Sample_S19S_0013_Wat,439.1973056
47,Sample_S19S_0013_Wat,440.0834468
38,Sample_S19S_0013_Wat,440.1198163
10,Sample_S19S_0013_Wat,441.0098592
21,Sample_S19S_0013_Wat,441.0310268
13,Sample_S19S_0013_Wat,441.0462365
3,Sample_S19S_0013_Wat,441.0593601
39,Sample_S19S_0013_Wat,441.0674409
41,Sample_S19S_0013_Wat,441.0827166
39,Sample_S19S_0013_Wat,441.1039049
19,Sample_S19S_0013_Wat,441.1191742
58,Sample_S19S_0013_Wat,441.1402285
13,Sample_S19S_0013_Wat,441.1554489
18,Sample_S19S_0013_Wat,441.168514
24,Sample_S19S_0013_Wat,441.1765589
13,Sample_S19S_0013_Wat,441.2049192
12,Sample_S19S_0013_Wat,441.2129575
32,Sample_S19S_0013_Wat,442.0416289
17,Sample_S19S_0013_Wat,442.0779366
14,Sample_S19S_0013_Wat,442.0990637
21,Sample_S19S_0013_Wat,442.135461
21,Sample_S19S_0013_Wat,443.0255061
23,Sample_S19S_0013_Wat,443.0466588
18,Sample_S19S_0013_Wat,443.061884
10,Sample_S19S_0013_Wat,443.0749837
36,Sample_S19S_0013_Wat,443.0830557
42,Sample_S19S_0013_Wat,443.0984287
19,Sample_S19S_0013_Wat,443.1114516
66,Sample_S19S_0013_Wat,443.119518
7,Sample_S19S_0013_Wat,443.1348538
6,Sample_S19S_0013_Wat,443.1380667
22,Sample_S19S_0013_Wat,443.1478565
54,Sample_S19S_0013_Wat,443.1558944
27,Sample_S19S_0013_Wat,443.1711201
23,Sample_S19S_0013_Wat,443.1841796
17,Sample_S19S_0013_Wat,443.1922057
7,Sample_S19S_0013_Wat,443.2074098
62,Sample_S19S_0013_Wat,444.0572726
25,Sample_S19S_0013_Wat,444.093696
17,Sample_S19S_0013_Wat,445.0048403
49,Sample_S19S_0013_Wat,445.0412697
44,Sample_S19S_0013_Wat,445.0623769
40,Sample_S19S_0013_Wat,445.0776178
18,Sample_S19S_0013_Wat,445.0986624
4,Sample_S19S_0013_Wat,445.1083593
21,Sample_S19S_0013_Wat,445.1139537
2,Sample_S19S_0013_Wat,445.1171907
17,Sample_S19S_0013_Wat,445.127011
14,Sample_S19S_0013_Wat,445.1350548
34,Sample_S19S_0013_Wat,445.1503907
1,Sample_S19S_0013_Wat,445.1536246
32,Sample_S19S_0013_Wat,445.1634705
44,Sample_S19S_0013_Wat,445.1715289
41,Sample_S19S_0013_Wat,445.1868428
20,Sample_S19S_0013_Wat,446.0364887
23,Sample_S19S_0013_Wat,446.0728598
2,Sample_S19S_0013_Wat,446.0939418
56,Sample_S19S_0013_Wat,446.1092739
20,Sample_S19S_0013_Wat,447.0204695
4,Sample_S19S_0013_Wat,447.0415023
10,Sample_S19S_0013_Wat,447.056785
6,Sample_S19S_0013_Wat,447.0698296
9,Sample_S19S_0013_Wat,447.0779114
20,Sample_S19S_0013_Wat,447.09323
20,Sample_S19S_0013_Wat,447.114388
82,Sample_S19S_0013_Wat,447.1297048
28,Sample_S19S_0013_Wat,447.1427418
76,Sample_S19S_0013_Wat,447.1660641
20,Sample_S19S_0013_Wat,447.179104
19,Sample_S19S_0013_Wat,447.2023724
17,Sample_S19S_0013_Wat,447.2388005
10,Sample_S19S_0013_Wat,448.0520882
78,Sample_S19S_0013_Wat,448.088573
20,Sample_S19S_0013_Wat,449.0360637
24,Sample_S19S_0013_Wat,449.0724952
1,Sample_S19S_0013_Wat,449.0934995
93,Sample_S19S_0013_Wat,449.1089599
18,Sample_S19S_0013_Wat,449.1219859
82,Sample_S19S_0013_Wat,449.1453221
21,Sample_S19S_0013_Wat,449.1583358
28,Sample_S19S_0013_Wat,449.1816462
13,Sample_S19S_0013_Wat,449.2180299
5,Sample_S19S_0013_Wat,450.0313071
13,Sample_S19S_0013_Wat,451.0153576
22,Sample_S19S_0013_Wat,451.0517204
38,Sample_S19S_0013_Wat,451.0881744
63,Sample_S19S_0013_Wat,451.124616
17,Sample_S19S_0013_Wat,451.1376081
36,Sample_S19S_0013_Wat,451.1609528
12,Sample_S19S_0013_Wat,451.189303
7,Sample_S19S_0013_Wat,451.1972791
12,Sample_S19S_0013_Wat,451.2336787
5,Sample_S19S_0013_Wat,452.0469724
46,Sample_S19S_0013_Wat,452.0834394
18,Sample_S19S_0013_Wat,452.1199139
29,Sample_S19S_0013_Wat,453.0310814
16,Sample_S19S_0013_Wat,453.0462824
27,Sample_S19S_0013_Wat,453.0673983
4,Sample_S19S_0013_Wat,453.0825511
17,Sample_S19S_0013_Wat,453.1037558
17,Sample_S19S_0013_Wat,453.1321972
47,Sample_S19S_0013_Wat,453.140211
4,Sample_S19S_0013_Wat,453.1686448
66,Sample_S19S_0013_Wat,453.1766436
14,Sample_S19S_0013_Wat,453.2049759
39,Sample_S19S_0013_Wat,454.0627542
14,Sample_S19S_0013_Wat,454.0779327
17,Sample_S19S_0013_Wat,455.025566
48,Sample_S19S_0013_Wat,455.0467468
52,Sample_S19S_0013_Wat,455.0620251
12,Sample_S19S_0013_Wat,455.0750667
53,Sample_S19S_0013_Wat,455.0831528
49,Sample_S19S_0013_Wat,455.0984121
17,Sample_S19S_0013_Wat,455.111472
39,Sample_S19S_0013_Wat,455.1194736
9,Sample_S19S_0013_Wat,455.1346803
18,Sample_S19S_0013_Wat,455.14777
13,Sample_S19S_0013_Wat,455.1558023
15,Sample_S19S_0013_Wat,455.1841535
17,Sample_S19S_0013_Wat,455.1921775
16,Sample_S19S_0013_Wat,455.2205892
15,Sample_S19S_0013_Wat,456.0935705
12,Sample_S19S_0013_Wat,457.0049305
10,Sample_S19S_0013_Wat,457.0260917
42,Sample_S19S_0013_Wat,457.0412916
45,Sample_S19S_0013_Wat,457.0624071
22,Sample_S19S_0013_Wat,457.0776174
9,Sample_S19S_0013_Wat,457.0906483
20,Sample_S19S_0013_Wat,457.0986905
26,Sample_S19S_0013_Wat,457.1139922
4,Sample_S19S_0013_Wat,457.1172314
12,Sample_S19S_0013_Wat,457.1270095
22,Sample_S19S_0013_Wat,457.1350642
3,Sample_S19S_0013_Wat,457.1447412
17,Sample_S19S_0013_Wat,457.150377
23,Sample_S19S_0013_Wat,457.1634444
28,Sample_S19S_0013_Wat,457.1715231
51,Sample_S19S_0013_Wat,457.1868094
15,Sample_S19S_0013_Wat,457.1998933
31,Sample_S19S_0013_Wat,457.2079257
50,Sample_S19S_0013_Wat,458.0729028
41,Sample_S19S_0013_Wat,458.1093241
27,Sample_S19S_0013_Wat,459.0205561
27,Sample_S19S_0013_Wat,459.0416602
28,Sample_S19S_0013_Wat,459.0568713
7,Sample_S19S_0013_Wat,459.069913
26,Sample_S19S_0013_Wat,459.0779746
1,Sample_S19S_0013_Wat,459.0875624
23,Sample_S19S_0013_Wat,459.0932353
6,Sample_S19S_0013_Wat,459.0964817
13,Sample_S19S_0013_Wat,459.1062882
29,Sample_S19S_0013_Wat,459.1143457
56,Sample_S19S_0013_Wat,459.1296693
31,Sample_S19S_0013_Wat,459.142719
37,Sample_S19S_0013_Wat,459.1508169
41,Sample_S19S_0013_Wat,459.1661042
23,Sample_S19S_0013_Wat,459.2025048
7,Sample_S19S_0013_Wat,459.2155229
19,Sample_S19S_0013_Wat,460.0157857
8,Sample_S19S_0013_Wat,460.0521036
64,Sample_S19S_0013_Wat,460.0885829
14,Sample_S19S_0013_Wat,460.1612688
12,Sample_S19S_0013_Wat,460.9998596
43,Sample_S19S_0013_Wat,461.036196
28,Sample_S19S_0013_Wat,461.0572822
30,Sample_S19S_0013_Wat,461.0725007
10,Sample_S19S_0013_Wat,461.0855391
11,Sample_S19S_0013_Wat,461.0935699
14,Sample_S19S_0013_Wat,461.1088271
4,Sample_S19S_0013_Wat,461.1218899
13,Sample_S19S_0013_Wat,461.1299458
3,Sample_S19S_0013_Wat,461.1396751
24,Sample_S19S_0013_Wat,461.1452647
21,Sample_S19S_0013_Wat,461.1583343
39,Sample_S19S_0013_Wat,461.1817537
14,Sample_S19S_0013_Wat,461.1948089
27,Sample_S19S_0013_Wat,461.218132
43,Sample_S19S_0013_Wat,462.067799
23,Sample_S19S_0013_Wat,462.1042629
14,Sample_S19S_0013_Wat,463.015396
50,Sample_S19S_0013_Wat,463.0518315
19,Sample_S19S_0013_Wat,463.0729496
48,Sample_S19S_0013_Wat,463.0881954
8,Sample_S19S_0013_Wat,463.1092128
4,Sample_S19S_0013_Wat,463.1189274
21,Sample_S19S_0013_Wat,463.124491
4,Sample_S19S_0013_Wat,463.1375144
9,Sample_S19S_0013_Wat,463.1608564
7,Sample_S19S_0013_Wat,463.1739081
21,Sample_S19S_0013_Wat,463.1972938
32,Sample_S19S_0013_Wat,463.2337601
29,Sample_S19S_0013_Wat,464.1198095
19,Sample_S19S_0013_Wat,465.0310055
16,Sample_S19S_0013_Wat,465.06738
37,Sample_S19S_0013_Wat,465.1038259
22,Sample_S19S_0013_Wat,465.1532935
6,Sample_S19S_0013_Wat,465.1686035
63,Sample_S19S_0013_Wat,465.1766182
9,Sample_S19S_0013_Wat,465.2049695
17,Sample_S19S_0013_Wat,465.2129596
3,Sample_S19S_0013_Wat,466.0415222
56,Sample_S19S_0013_Wat,466.1355201
1,Sample_S19S_0013_Wat,466.1435867
11,Sample_S19S_0013_Wat,467.0102613
51,Sample_S19S_0013_Wat,467.0467531
20,Sample_S19S_0013_Wat,467.0620397
54,Sample_S19S_0013_Wat,467.0831629
54,Sample_S19S_0013_Wat,467.1195422
26,Sample_S19S_0013_Wat,467.1478261
34,Sample_S19S_0013_Wat,467.1558326
23,Sample_S19S_0013_Wat,467.184209
8,Sample_S19S_0013_Wat,467.1921933
12,Sample_S19S_0013_Wat,467.220621
22,Sample_S19S_0013_Wat,467.2286363
31,Sample_S19S_0013_Wat,468.1147294
16,Sample_S19S_0013_Wat,469.0260039
31,Sample_S19S_0013_Wat,469.0412947
42,Sample_S19S_0013_Wat,469.062394
13,Sample_S19S_0013_Wat,469.0776006
11,Sample_S19S_0013_Wat,469.0906533
28,Sample_S19S_0013_Wat,469.0986993
11,Sample_S19S_0013_Wat,469.1139603
20,Sample_S19S_0013_Wat,469.1270251
17,Sample_S19S_0013_Wat,469.1350525
10,Sample_S19S_0013_Wat,469.1503074
10,Sample_S19S_0013_Wat,469.1633964
2,Sample_S19S_0013_Wat,469.1811109
20,Sample_S19S_0013_Wat,469.199861
22,Sample_S19S_0013_Wat,469.2078959
23,Sample_S19S_0013_Wat,470.0365241
4,Sample_S19S_0013_Wat,470.1092077
25,Sample_S19S_0013_Wat,471.0205509
22,Sample_S19S_0013_Wat,471.0416901
43,Sample_S19S_0013_Wat,471.0569384
7,Sample_S19S_0013_Wat,471.069939
37,Sample_S19S_0013_Wat,471.0780166
22,Sample_S19S_0013_Wat,471.093255
11,Sample_S19S_0013_Wat,471.106291
7,Sample_S19S_0013_Wat,471.1295835
9,Sample_S19S_0013_Wat,471.1426129
15,Sample_S19S_0013_Wat,471.1506882
8,Sample_S19S_0013_Wat,471.16598
19,Sample_S19S_0013_Wat,471.1790652
21,Sample_S19S_0013_Wat,471.1871307
17,Sample_S19S_0013_Wat,471.2155389
24,Sample_S19S_0013_Wat,473.0361823
12,Sample_S19S_0013_Wat,473.0573502
42,Sample_S19S_0013_Wat,473.0726032
38,Sample_S19S_0013_Wat,473.0937108
65,Sample_S19S_0013_Wat,473.1089772
22,Sample_S19S_0013_Wat,473.121993
22,Sample_S19S_0013_Wat,473.1300234
5,Sample_S19S_0013_Wat,473.139667
25,Sample_S19S_0013_Wat,473.1452829
8,Sample_S19S_0013_Wat,473.1582831
17,Sample_S19S_0013_Wat,473.1663521
2,Sample_S19S_0013_Wat,473.1760299
22,Sample_S19S_0013_Wat,473.1816622
11,Sample_S19S_0013_Wat,473.1946924
15,Sample_S19S_0013_Wat,473.2027392
28,Sample_S19S_0013_Wat,473.2180738
14,Sample_S19S_0013_Wat,473.2311386
42,Sample_S19S_0013_Wat,474.067818
26,Sample_S19S_0013_Wat,474.1042477
5,Sample_S19S_0013_Wat,475.0152769
1,Sample_S19S_0013_Wat,475.036375
20,Sample_S19S_0013_Wat,475.0517049
20,Sample_S19S_0013_Wat,475.0728791
32,Sample_S19S_0013_Wat,475.0881586
14,Sample_S19S_0013_Wat,475.1012806
17,Sample_S19S_0013_Wat,475.1092833
67,Sample_S19S_0013_Wat,475.1245966
28,Sample_S19S_0013_Wat,475.1376596
16,Sample_S19S_0013_Wat,475.1456774
65,Sample_S19S_0013_Wat,475.1609843
22,Sample_S19S_0013_Wat,475.1739813
16,Sample_S19S_0013_Wat,475.1973043
4,Sample_S19S_0013_Wat,475.2336051
11,Sample_S19S_0013_Wat,476.0833408
31,Sample_S19S_0013_Wat,476.1198125
39,Sample_S19S_0013_Wat,477.0311319
57,Sample_S19S_0013_Wat,477.0674882
9,Sample_S19S_0013_Wat,477.0885024
20,Sample_S19S_0013_Wat,477.1037802
16,Sample_S19S_0013_Wat,477.1168599
7,Sample_S19S_0013_Wat,477.1401075
8,Sample_S19S_0013_Wat,477.1531747
21,Sample_S19S_0013_Wat,477.1765167
39,Sample_S19S_0013_Wat,477.2130039
11,Sample_S19S_0013_Wat,477.2493418
9,Sample_S19S_0013_Wat,478.0263847
68,Sample_S19S_0013_Wat,478.0991507
10,Sample_S19S_0013_Wat,479.0102478
8,Sample_S19S_0013_Wat,479.0466033
18,Sample_S19S_0013_Wat,479.0830028
40,Sample_S19S_0013_Wat,479.1194663
67,Sample_S19S_0013_Wat,479.1559168
10,Sample_S19S_0013_Wat,479.1689644
1,Sample_S19S_0013_Wat,479.1843315
51,Sample_S19S_0013_Wat,479.1923063
17,Sample_S19S_0013_Wat,479.2286027
24,Sample_S19S_0013_Wat,480.041991
11,Sample_S19S_0013_Wat,480.151082
2,Sample_S19S_0013_Wat,481.0047006
14,Sample_S19S_0013_Wat,481.025885
5,Sample_S19S_0013_Wat,481.0410867
23,Sample_S19S_0013_Wat,481.0623379
6,Sample_S19S_0013_Wat,481.077508
55,Sample_S19S_0013_Wat,481.0987747
74,Sample_S19S_0013_Wat,481.1351677
15,Sample_S19S_0013_Wat,481.1634867
50,Sample_S19S_0013_Wat,481.1715313
16,Sample_S19S_0013_Wat,481.199847
20,Sample_S19S_0013_Wat,481.2078283
8,Sample_S19S_0013_Wat,482.1302914
3,Sample_S19S_0013_Wat,483.0203756
21,Sample_S19S_0013_Wat,483.0415833
18,Sample_S19S_0013_Wat,483.0568081
5,Sample_S19S_0013_Wat,483.0698136
33,Sample_S19S_0013_Wat,483.0780208
29,Sample_S19S_0013_Wat,483.0933003
5,Sample_S19S_0013_Wat,483.1064043
50,Sample_S19S_0013_Wat,483.1144642
24,Sample_S19S_0013_Wat,483.1297323
36,Sample_S19S_0013_Wat,483.1508531
15,Sample_S19S_0013_Wat,483.1791639
29,Sample_S19S_0013_Wat,483.1871699
14,Sample_S19S_0013_Wat,483.2154832
15,Sample_S19S_0013_Wat,483.2234722
12,Sample_S19S_0013_Wat,484.1459881
5,Sample_S19S_0013_Wat,484.9997027
3,Sample_S19S_0013_Wat,485.0360155
14,Sample_S19S_0013_Wat,485.057196
21,Sample_S19S_0013_Wat,485.0724465
33,Sample_S19S_0013_Wat,485.0936172
44,Sample_S19S_0013_Wat,485.1089501
15,Sample_S19S_0013_Wat,485.1220307
47,Sample_S19S_0013_Wat,485.1300644
1,Sample_S19S_0013_Wat,485.139617
28,Sample_S19S_0013_Wat,485.1453846
17,Sample_S19S_0013_Wat,485.1584131
37,Sample_S19S_0013_Wat,485.1664901
41,Sample_S19S_0013_Wat,485.181737
16,Sample_S19S_0013_Wat,485.1948096
12,Sample_S19S_0013_Wat,485.2179932
3,Sample_S19S_0013_Wat,485.2310607
22,Sample_S19S_0013_Wat,486.0314421
5,Sample_S19S_0013_Wat,486.140486
13,Sample_S19S_0013_Wat,487.0154217
17,Sample_S19S_0013_Wat,487.0365498
23,Sample_S19S_0013_Wat,487.051792
21,Sample_S19S_0013_Wat,487.072871
14,Sample_S19S_0013_Wat,487.088118
13,Sample_S19S_0013_Wat,487.1092152
14,Sample_S19S_0013_Wat,487.1244947
12,Sample_S19S_0013_Wat,487.1375846
13,Sample_S19S_0013_Wat,487.1456408
1,Sample_S19S_0013_Wat,487.1552674
50,Sample_S19S_0013_Wat,487.1609704
20,Sample_S19S_0013_Wat,487.1740711
28,Sample_S19S_0013_Wat,487.18211
32,Sample_S19S_0013_Wat,487.1974177
20,Sample_S19S_0013_Wat,487.2337958
38,Sample_S19S_0013_Wat,488.0834359
15,Sample_S19S_0013_Wat,489.0310445
16,Sample_S19S_0013_Wat,489.0522438
52,Sample_S19S_0013_Wat,489.067487
24,Sample_S19S_0013_Wat,489.0886429
3,Sample_S19S_0013_Wat,489.0982045
37,Sample_S19S_0013_Wat,489.1039118
36,Sample_S19S_0013_Wat,489.1249814
27,Sample_S19S_0013_Wat,489.1402055
16,Sample_S19S_0013_Wat,489.1532671
13,Sample_S19S_0013_Wat,489.1612651
1,Sample_S19S_0013_Wat,489.1708695
11,Sample_S19S_0013_Wat,489.1765226
8,Sample_S19S_0013_Wat,489.1895365
8,Sample_S19S_0013_Wat,489.2128864
6,Sample_S19S_0013_Wat,489.2259164
6,Sample_S19S_0013_Wat,489.2492677
22,Sample_S19S_0013_Wat,490.0990621
11,Sample_S19S_0013_Wat,490.171809
18,Sample_S19S_0013_Wat,491.0103745
19,Sample_S19S_0013_Wat,491.0466906
13,Sample_S19S_0013_Wat,491.0677984
24,Sample_S19S_0013_Wat,491.0830123
6,Sample_S19S_0013_Wat,491.0961728
11,Sample_S19S_0013_Wat,491.1193786
11,Sample_S19S_0013_Wat,491.1325378
28,Sample_S19S_0013_Wat,491.1558203
48,Sample_S19S_0013_Wat,491.1922945
11,Sample_S19S_0013_Wat,491.2287423
13,Sample_S19S_0013_Wat,491.2650776
1,Sample_S19S_0013_Wat,492.0418079
44,Sample_S19S_0013_Wat,492.1147512
14,Sample_S19S_0013_Wat,493.0259042
18,Sample_S19S_0013_Wat,493.0622921
25,Sample_S19S_0013_Wat,493.098712
71,Sample_S19S_0013_Wat,493.1351653
1,Sample_S19S_0013_Wat,493.1636569
50,Sample_S19S_0013_Wat,493.1715856
4,Sample_S19S_0013_Wat,493.1999507
4,Sample_S19S_0013_Wat,493.2361897
13,Sample_S19S_0013_Wat,493.2442171
1,Sample_S19S_0013_Wat,494.0574822
3,Sample_S19S_0013_Wat,495.0203756
18,Sample_S19S_0013_Wat,495.0415683
10,Sample_S19S_0013_Wat,495.0568418
41,Sample_S19S_0013_Wat,495.0780179
2,Sample_S19S_0013_Wat,495.106406
48,Sample_S19S_0013_Wat,495.1144449
9,Sample_S19S_0013_Wat,495.1427989
57,Sample_S19S_0013_Wat,495.1507984
20,Sample_S19S_0013_Wat,495.1791573
8,Sample_S19S_0013_Wat,495.2154488
8,Sample_S19S_0013_Wat,496.0520509
1,Sample_S19S_0013_Wat,496.1905351
4,Sample_S19S_0013_Wat,497.0207701
13,Sample_S19S_0013_Wat,497.036113
25,Sample_S19S_0013_Wat,497.0572968
32,Sample_S19S_0013_Wat,497.0725711
14,Sample_S19S_0013_Wat,497.0937782
13,Sample_S19S_0013_Wat,497.1301476
22,Sample_S19S_0013_Wat,497.1453801
25,Sample_S19S_0013_Wat,497.1947705
4,Sample_S19S_0013_Wat,497.2390455
38,Sample_S19S_0013_Wat,498.0889479
12,Sample_S19S_0013_Wat,498.1253978
33,Sample_S19S_0013_Wat,498.1617513
3,Sample_S19S_0013_Wat,498.1698072
3,Sample_S19S_0013_Wat,499.0152537
10,Sample_S19S_0013_Wat,499.036451
11,Sample_S19S_0013_Wat,499.0516924
25,Sample_S19S_0013_Wat,499.0728848
8,Sample_S19S_0013_Wat,499.1012958
37,Sample_S19S_0013_Wat,499.1093112
51,Sample_S19S_0013_Wat,499.1246232
12,Sample_S19S_0013_Wat,499.1377212
50,Sample_S19S_0013_Wat,499.1457371
4,Sample_S19S_0013_Wat,499.1553132
14,Sample_S19S_0013_Wat,499.1610424
20,Sample_S19S_0013_Wat,499.1740741
33,Sample_S19S_0013_Wat,499.1973555
21,Sample_S19S_0013_Wat,499.2104255
16,Sample_S19S_0013_Wat,499.2184243
5,Sample_S19S_0013_Wat,500.046979
21,Sample_S19S_0013_Wat,501.0310269
11,Sample_S19S_0013_Wat,501.0521674
26,Sample_S19S_0013_Wat,501.0673678
17,Sample_S19S_0013_Wat,501.0885018
15,Sample_S19S_0013_Wat,501.1037301
11,Sample_S19S_0013_Wat,501.116864
7,Sample_S19S_0013_Wat,501.1248479
19,Sample_S19S_0013_Wat,501.1401768
30,Sample_S19S_0013_Wat,501.1532967
18,Sample_S19S_0013_Wat,501.1612956
46,Sample_S19S_0013_Wat,501.1766253
27,Sample_S19S_0013_Wat,501.1896846
27,Sample_S19S_0013_Wat,501.2130646
12,Sample_S19S_0013_Wat,503.01033
20,Sample_S19S_0013_Wat,503.0468089
6,Sample_S19S_0013_Wat,503.0679918
3,Sample_S19S_0013_Wat,503.0832459
21,Sample_S19S_0013_Wat,503.1042984
63,Sample_S19S_0013_Wat,503.1195309
3,Sample_S19S_0013_Wat,503.1326318
18,Sample_S19S_0013_Wat,503.1405906
24,Sample_S19S_0013_Wat,503.1558462
4,Sample_S19S_0013_Wat,503.1768678
17,Sample_S19S_0013_Wat,503.1921795
5,Sample_S19S_0013_Wat,503.2051842
18,Sample_S19S_0013_Wat,503.2285615
7,Sample_S19S_0013_Wat,503.2649518
8,Sample_S19S_0013_Wat,504.1512304
13,Sample_S19S_0013_Wat,505.0259469
13,Sample_S19S_0013_Wat,505.0622503
11,Sample_S19S_0013_Wat,505.0833896
22,Sample_S19S_0013_Wat,505.098662
4,Sample_S19S_0013_Wat,505.1197488
18,Sample_S19S_0013_Wat,505.1350781
64,Sample_S19S_0013_Wat,505.1715425
29,Sample_S19S_0013_Wat,505.2079802
28,Sample_S19S_0013_Wat,505.2443315
25,Sample_S19S_0013_Wat,506.0576414
7,Sample_S19S_0013_Wat,506.1303153
10,Sample_S19S_0013_Wat,506.1666811
18,Sample_S19S_0013_Wat,507.0415912
35,Sample_S19S_0013_Wat,507.0780238
53,Sample_S19S_0013_Wat,507.1144464
62,Sample_S19S_0013_Wat,507.1508255
4,Sample_S19S_0013_Wat,507.179192
6,Sample_S19S_0013_Wat,507.2598181
9,Sample_S19S_0013_Wat,509.0209945
19,Sample_S19S_0013_Wat,509.0573918
13,Sample_S19S_0013_Wat,509.0726169
41,Sample_S19S_0013_Wat,509.0937287
43,Sample_S19S_0013_Wat,509.1300451
10,Sample_S19S_0013_Wat,509.1583575
13,Sample_S19S_0013_Wat,509.1947371
11,Sample_S19S_0013_Wat,509.2311267
2,Sample_S19S_0013_Wat,510.0523785
15,Sample_S19S_0013_Wat,510.0888729
7,Sample_S19S_0013_Wat,511.0155089
11,Sample_S19S_0013_Wat,511.0366348
18,Sample_S19S_0013_Wat,511.0518749
44,Sample_S19S_0013_Wat,511.0729714
30,Sample_S19S_0013_Wat,511.1092846
1,Sample_S19S_0013_Wat,511.1244303
3,Sample_S19S_0013_Wat,511.1375472
5,Sample_S19S_0013_Wat,511.1455592
10,Sample_S19S_0013_Wat,511.1739404
11,Sample_S19S_0013_Wat,511.2103696
10,Sample_S19S_0013_Wat,511.2183807
9,Sample_S19S_0013_Wat,511.2467945
12,Sample_S19S_0013_Wat,513.0311674
12,Sample_S19S_0013_Wat,513.0522762
30,Sample_S19S_0013_Wat,513.0674942
27,Sample_S19S_0013_Wat,513.0885835
16,Sample_S19S_0013_Wat,513.1169162
21,Sample_S19S_0013_Wat,513.1248843
7,Sample_S19S_0013_Wat,513.1401059
5,Sample_S19S_0013_Wat,513.1531789
8,Sample_S19S_0013_Wat,513.1612236
4,Sample_S19S_0013_Wat,513.1764786
8,Sample_S19S_0013_Wat,513.1895585
1,Sample_S19S_0013_Wat,514.0553104
15,Sample_S19S_0013_Wat,515.0467951
15,Sample_S19S_0013_Wat,515.0679477
43,Sample_S19S_0013_Wat,515.083157
29,Sample_S19S_0013_Wat,515.1042917
41,Sample_S19S_0013_Wat,515.1194964
5,Sample_S19S_0013_Wat,515.1326297
24,Sample_S19S_0013_Wat,515.1405768
14,Sample_S19S_0013_Wat,515.155816
14,Sample_S19S_0013_Wat,515.1688778
11,Sample_S19S_0013_Wat,515.1768835
9,Sample_S19S_0013_Wat,515.1921599
8,Sample_S19S_0013_Wat,515.2052029
3,Sample_S19S_0013_Wat,515.2416147
15,Sample_S19S_0013_Wat,516.1146459
9,Sample_S19S_0013_Wat,517.0258857
37,Sample_S19S_0013_Wat,517.0624113
12,Sample_S19S_0013_Wat,517.0835974
14,Sample_S19S_0013_Wat,517.098859
8,Sample_S19S_0013_Wat,517.1352552
13,Sample_S19S_0013_Wat,517.171616
14,Sample_S19S_0013_Wat,517.1846401
42,Sample_S19S_0013_Wat,517.2079237
6,Sample_S19S_0013_Wat,517.2208996
10,Sample_S19S_0013_Wat,517.2442337
22,Sample_S19S_0013_Wat,518.0939924
1,Sample_S19S_0013_Wat,518.1666211
11,Sample_S19S_0013_Wat,519.041577
16,Sample_S19S_0013_Wat,519.0779454
17,Sample_S19S_0013_Wat,519.1143103
5,Sample_S19S_0013_Wat,519.1275578
28,Sample_S19S_0013_Wat,519.1507584
56,Sample_S19S_0013_Wat,519.1872205
19,Sample_S19S_0013_Wat,519.2236508
11,Sample_S19S_0013_Wat,519.2600027
9,Sample_S19S_0013_Wat,520.0368595
14,Sample_S19S_0013_Wat,521.020886
30,Sample_S19S_0013_Wat,521.0573462
33,Sample_S19S_0013_Wat,521.0937324
52,Sample_S19S_0013_Wat,521.1301011
29,Sample_S19S_0013_Wat,521.1663968
3,Sample_S19S_0013_Wat,521.1946636
12,Sample_S19S_0013_Wat,521.2027235
8,Sample_S19S_0013_Wat,521.2390738
7,Sample_S19S_0013_Wat,522.0888396
2,Sample_S19S_0013_Wat,522.1251732
21,Sample_S19S_0013_Wat,523.0365285
14,Sample_S19S_0013_Wat,523.0517619
15,Sample_S19S_0013_Wat,523.0728235
7,Sample_S19S_0013_Wat,523.1091901
7,Sample_S19S_0013_Wat,523.1376337
17,Sample_S19S_0013_Wat,523.1456062
26,Sample_S19S_0013_Wat,523.1820717
19,Sample_S19S_0013_Wat,523.2104573
6,Sample_S19S_0013_Wat,523.2468227
6,Sample_S19S_0013_Wat,525.0309309
13,Sample_S19S_0013_Wat,525.0521307
20,Sample_S19S_0013_Wat,525.0674542
25,Sample_S19S_0013_Wat,525.0885729
23,Sample_S19S_0013_Wat,525.1038625
35,Sample_S19S_0013_Wat,525.1250197
40,Sample_S19S_0013_Wat,525.1614051
14,Sample_S19S_0013_Wat,525.2340332
22,Sample_S19S_0013_Wat,526.1566707
14,Sample_S19S_0013_Wat,527.0315131
15,Sample_S19S_0013_Wat,527.0467883
15,Sample_S19S_0013_Wat,527.0679337
12,Sample_S19S_0013_Wat,527.0832056
13,Sample_S19S_0013_Wat,527.1043114
16,Sample_S19S_0013_Wat,527.119585
41,Sample_S19S_0013_Wat,527.1406475
21,Sample_S19S_0013_Wat,527.1689685
30,Sample_S19S_0013_Wat,527.1769645
17,Sample_S19S_0013_Wat,527.2052882
8,Sample_S19S_0013_Wat,527.2132606
1,Sample_S19S_0013_Wat,527.2284939
9,Sample_S19S_0013_Wat,527.2415754
19,Sample_S19S_0013_Wat,528.0995056
4,Sample_S19S_0013_Wat,529.0260908
7,Sample_S19S_0013_Wat,529.047257
15,Sample_S19S_0013_Wat,529.0624704
9,Sample_S19S_0013_Wat,529.0836238
18,Sample_S19S_0013_Wat,529.0988481
20,Sample_S19S_0013_Wat,529.119899
43,Sample_S19S_0013_Wat,529.1351825
11,Sample_S19S_0013_Wat,529.1482589
23,Sample_S19S_0013_Wat,529.1562352
16,Sample_S19S_0013_Wat,529.1714748
19,Sample_S19S_0013_Wat,529.184567
10,Sample_S19S_0013_Wat,529.1925822
12,Sample_S19S_0013_Wat,529.2078283
8,Sample_S19S_0013_Wat,529.2208396
11,Sample_S19S_0013_Wat,529.2442413
10,Sample_S19S_0013_Wat,530.1152024
34,Sample_S19S_0013_Wat,530.1304284
7,Sample_S19S_0013_Wat,531.0417642
11,Sample_S19S_0013_Wat,531.0629135
6,Sample_S19S_0013_Wat,531.0781475
14,Sample_S19S_0013_Wat,531.0992322
18,Sample_S19S_0013_Wat,531.1144803
24,Sample_S19S_0013_Wat,531.1355514
28,Sample_S19S_0013_Wat,531.1507766
15,Sample_S19S_0013_Wat,531.1638843
15,Sample_S19S_0013_Wat,531.1871077
10,Sample_S19S_0013_Wat,531.2001725
23,Sample_S19S_0013_Wat,531.2234777
4,Sample_S19S_0013_Wat,531.2598778
12,Sample_S19S_0013_Wat,532.0368501
17,Sample_S19S_0013_Wat,532.0733598
11,Sample_S19S_0013_Wat,532.1459364
8,Sample_S19S_0013_Wat,533.0209267
11,Sample_S19S_0013_Wat,533.0574115
18,Sample_S19S_0013_Wat,533.0937827
3,Sample_S19S_0013_Wat,533.1149434
28,Sample_S19S_0013_Wat,533.1301236
55,Sample_S19S_0013_Wat,533.166456
14,Sample_S19S_0013_Wat,533.1795306
15,Sample_S19S_0013_Wat,533.2027587
6,Sample_S19S_0013_Wat,533.2390944
1,Sample_S19S_0013_Wat,533.275424
16,Sample_S19S_0013_Wat,535.0365569
22,Sample_S19S_0013_Wat,535.0730261
17,Sample_S19S_0013_Wat,535.1094222
11,Sample_S19S_0013_Wat,535.1458132
24,Sample_S19S_0013_Wat,535.1821751
15,Sample_S19S_0013_Wat,535.2547783
6,Sample_S19S_0013_Wat,537.0310299
9,Sample_S19S_0013_Wat,537.0520931
20,Sample_S19S_0013_Wat,537.0884904
34,Sample_S19S_0013_Wat,537.1249315
15,Sample_S19S_0013_Wat,537.1533456
43,Sample_S19S_0013_Wat,537.161382
6,Sample_S19S_0013_Wat,537.1897464
18,Sample_S19S_0013_Wat,537.1978101
2,Sample_S19S_0013_Wat,537.2261348
11,Sample_S19S_0013_Wat,537.2342192
12,Sample_S19S_0013_Wat,539.0315044
8,Sample_S19S_0013_Wat,539.0468046
19,Sample_S19S_0013_Wat,539.0679143
23,Sample_S19S_0013_Wat,539.1042196
25,Sample_S19S_0013_Wat,539.1195331
29,Sample_S19S_0013_Wat,539.1405618
6,Sample_S19S_0013_Wat,539.1768779
4,Sample_S19S_0013_Wat,539.2051955
4,Sample_S19S_0013_Wat,539.2132409
2,Sample_S19S_0013_Wat,539.2416063
4,Sample_S19S_0013_Wat,539.2496267
15,Sample_S19S_0013_Wat,540.0783589
7,Sample_S19S_0013_Wat,541.0258665
11,Sample_S19S_0013_Wat,541.0470414
24,Sample_S19S_0013_Wat,541.0623672
24,Sample_S19S_0013_Wat,541.0834882
28,Sample_S19S_0013_Wat,541.1199147
17,Sample_S19S_0013_Wat,541.1563515
5,Sample_S19S_0013_Wat,541.1927684
21,Sample_S19S_0013_Wat,541.2290565
8,Sample_S19S_0013_Wat,541.2573331
1,Sample_S19S_0013_Wat,542.078535
5,Sample_S19S_0013_Wat,543.0418148
10,Sample_S19S_0013_Wat,543.0629181
14,Sample_S19S_0013_Wat,543.0781158
25,Sample_S19S_0013_Wat,543.09918
28,Sample_S19S_0013_Wat,543.1144211
20,Sample_S19S_0013_Wat,543.1355017
25,Sample_S19S_0013_Wat,543.1507543
13,Sample_S19S_0013_Wat,543.1718262
9,Sample_S19S_0013_Wat,543.1870791
7,Sample_S19S_0013_Wat,543.2001267
1,Sample_S19S_0013_Wat,543.208077
5,Sample_S19S_0013_Wat,543.236535
17,Sample_S19S_0013_Wat,545.0571838
9,Sample_S19S_0013_Wat,545.0783592
11,Sample_S19S_0013_Wat,545.0935509
11,Sample_S19S_0013_Wat,545.1147104
15,Sample_S19S_0013_Wat,545.1299664
6,Sample_S19S_0013_Wat,545.1432084
24,Sample_S19S_0013_Wat,545.1511507
1,Sample_S19S_0013_Wat,545.1607324
30,Sample_S19S_0013_Wat,545.1664409
7,Sample_S19S_0013_Wat,545.1795929
21,Sample_S19S_0013_Wat,545.1875733
32,Sample_S19S_0013_Wat,545.2028931
12,Sample_S19S_0013_Wat,545.2159419
6,Sample_S19S_0013_Wat,545.2393178
13,Sample_S19S_0013_Wat,547.0364584
20,Sample_S19S_0013_Wat,547.0729547
19,Sample_S19S_0013_Wat,547.109415
17,Sample_S19S_0013_Wat,547.145805
3,Sample_S19S_0013_Wat,547.1822164
1,Sample_S19S_0013_Wat,547.1952584
18,Sample_S19S_0013_Wat,547.2185618
20,Sample_S19S_0013_Wat,547.2548518
1,Sample_S19S_0013_Wat,549.0317358
16,Sample_S19S_0013_Wat,549.0523077
12,Sample_S19S_0013_Wat,549.0887119
13,Sample_S19S_0013_Wat,549.1250923
17,Sample_S19S_0013_Wat,549.1614413
39,Sample_S19S_0013_Wat,549.1977663
16,Sample_S19S_0013_Wat,549.2340464
2,Sample_S19S_0013_Wat,549.2702581
1,Sample_S19S_0013_Wat,550.0917902
17,Sample_S19S_0013_Wat,551.0679996
18,Sample_S19S_0013_Wat,551.10435
27,Sample_S19S_0013_Wat,551.140683
28,Sample_S19S_0013_Wat,551.1769906
20,Sample_S19S_0013_Wat,551.2133063
6,Sample_S19S_0013_Wat,551.2496307
1,Sample_S19S_0013_Wat,551.277811
1,Sample_S19S_0013_Wat,552.0710497
2,Sample_S19S_0013_Wat,552.0993353
2,Sample_S19S_0013_Wat,553.0626357
11,Sample_S19S_0013_Wat,553.0836572
19,Sample_S19S_0013_Wat,553.1199748
47,Sample_S19S_0013_Wat,553.1562956
22,Sample_S19S_0013_Wat,553.1925971
5,Sample_S19S_0013_Wat,553.2288832
1,Sample_S19S_0013_Wat,553.257072
2,Sample_S19S_0013_Wat,554.1149237
18,Sample_S19S_0013_Wat,554.2242887
12,Sample_S19S_0013_Wat,555.0629131
4,Sample_S19S_0013_Wat,555.0993123
4,Sample_S19S_0013_Wat,555.1145859
6,Sample_S19S_0013_Wat,555.1356619
16,Sample_S19S_0013_Wat,555.1720029
22,Sample_S19S_0013_Wat,555.2082923
2,Sample_S19S_0013_Wat,555.2728474
5,Sample_S19S_0013_Wat,556.0731253
1,Sample_S19S_0013_Wat,556.167018
1,Sample_S19S_0013_Wat,556.1749807
12,Sample_S19S_0013_Wat,557.0572783
9,Sample_S19S_0013_Wat,557.0785258
16,Sample_S19S_0013_Wat,557.1149049
1,Sample_S19S_0013_Wat,557.1302225
3,Sample_S19S_0013_Wat,557.1513467
1,Sample_S19S_0013_Wat,557.1666319
1,Sample_S19S_0013_Wat,557.1797008
3,Sample_S19S_0013_Wat,557.1877224
6,Sample_S19S_0013_Wat,557.2029722
11,Sample_S19S_0013_Wat,557.2391841
1,Sample_S19S_0013_Wat,559.0362955
1,Sample_S19S_0013_Wat,559.0727284
11,Sample_S19S_0013_Wat,559.1092427
25,Sample_S19S_0013_Wat,559.1456819
19,Sample_S19S_0013_Wat,559.2185569
20,Sample_S19S_0013_Wat,561.0522506
25,Sample_S19S_0013_Wat,561.0885432
9,Sample_S19S_0013_Wat,561.1248442
5,Sample_S19S_0013_Wat,561.1611805
1,Sample_S19S_0013_Wat,561.1975534
8,Sample_S19S_0013_Wat,561.2339983
6,Sample_S19S_0013_Wat,561.2703823
1,Sample_S19S_0013_Wat,562.0552962
27,Sample_S19S_0013_Wat,563.0679011
9,Sample_S19S_0013_Wat,563.1043787
9,Sample_S19S_0013_Wat,563.140767
4,Sample_S19S_0013_Wat,563.1771352
23,Sample_S19S_0013_Wat,563.2134586
20,Sample_S19S_0013_Wat,563.2497644
9,Sample_S19S_0013_Wat,564.099606
10,Sample_S19S_0013_Wat,564.1357791
1,Sample_S19S_0013_Wat,564.2082447
12,Sample_S19S_0013_Wat,565.0470587
13,Sample_S19S_0013_Wat,565.0833841
2,Sample_S19S_0013_Wat,565.1196921
5,Sample_S19S_0013_Wat,565.1561141
6,Sample_S19S_0013_Wat,565.2208348
17,Sample_S19S_0013_Wat,565.2290122
6,Sample_S19S_0013_Wat,565.2573399
15,Sample_S19S_0013_Wat,567.0628477
18,Sample_S19S_0013_Wat,567.0992538
8,Sample_S19S_0013_Wat,567.1356587
16,Sample_S19S_0013_Wat,567.2083955
10,Sample_S19S_0013_Wat,567.2366591
16,Sample_S19S_0013_Wat,567.2446704
12,Sample_S19S_0013_Wat,568.1671174
3,Sample_S19S_0013_Wat,568.2033922
1,Sample_S19S_0013_Wat,568.2113701
1,Sample_S19S_0013_Wat,569.021133
6,Sample_S19S_0013_Wat,569.0573971
17,Sample_S19S_0013_Wat,569.0784551
17,Sample_S19S_0013_Wat,569.1147778
10,Sample_S19S_0013_Wat,569.1510794
8,Sample_S19S_0013_Wat,569.17943
3,Sample_S19S_0013_Wat,569.1874013
2,Sample_S19S_0013_Wat,569.2025994
2,Sample_S19S_0013_Wat,569.2157305
1,Sample_S19S_0013_Wat,569.223732
9,Sample_S19S_0013_Wat,570.0888158
4,Sample_S19S_0013_Wat,571.0363946
11,Sample_S19S_0013_Wat,571.0727742
2,Sample_S19S_0013_Wat,571.0939164
22,Sample_S19S_0013_Wat,571.1303995
28,Sample_S19S_0013_Wat,571.1457131
19,Sample_S19S_0013_Wat,571.1668216
30,Sample_S19S_0013_Wat,571.1821369
5,Sample_S19S_0013_Wat,571.1952621
15,Sample_S19S_0013_Wat,571.2032768
16,Sample_S19S_0013_Wat,573.0521883
10,Sample_S19S_0013_Wat,573.073421
23,Sample_S19S_0013_Wat,573.0886509
7,Sample_S19S_0013_Wat,573.1615077
3,Sample_S19S_0013_Wat,573.1978706
4,Sample_S19S_0013_Wat,573.247282
5,Sample_S19S_0013_Wat,574.0839634
15,Sample_S19S_0013_Wat,575.0315205
7,Sample_S19S_0013_Wat,575.0680122
8,Sample_S19S_0013_Wat,575.1043617
25,Sample_S19S_0013_Wat,575.1770756
26,Sample_S19S_0013_Wat,575.213398
15,Sample_S19S_0013_Wat,575.2497017
3,Sample_S19S_0013_Wat,576.1357063
5,Sample_S19S_0013_Wat,577.0472834
6,Sample_S19S_0013_Wat,577.0836723
44,Sample_S19S_0013_Wat,577.1563035
25,Sample_S19S_0013_Wat,577.1926143
6,Sample_S19S_0013_Wat,577.228924
2,Sample_S19S_0013_Wat,577.2651743
15,Sample_S19S_0013_Wat,579.0992643
30,Sample_S19S_0013_Wat,579.1355972
33,Sample_S19S_0013_Wat,579.1719274
18,Sample_S19S_0013_Wat,579.2082488
6,Sample_S19S_0013_Wat,579.2445526
4,Sample_S19S_0013_Wat,579.2811807
19,Sample_S19S_0013_Wat,580.0944089
8,Sample_S19S_0013_Wat,581.0785526
21,Sample_S19S_0013_Wat,581.1148894
37,Sample_S19S_0013_Wat,581.1512226
27,Sample_S19S_0013_Wat,581.1875335
23,Sample_S19S_0013_Wat,581.2238624
8,Sample_S19S_0013_Wat,581.2602074
1,Sample_S19S_0013_Wat,582.218928
1,Sample_S19S_0013_Wat,583.0366871
1,Sample_S19S_0013_Wat,583.057864
3,Sample_S19S_0013_Wat,583.0731247
3,Sample_S19S_0013_Wat,583.094266
10,Sample_S19S_0013_Wat,583.1306046
16,Sample_S19S_0013_Wat,583.1669172
8,Sample_S19S_0013_Wat,583.1952442
21,Sample_S19S_0013_Wat,583.2032587
8,Sample_S19S_0013_Wat,583.2314722
17,Sample_S19S_0013_Wat,583.2395225
11,Sample_S19S_0013_Wat,584.0682357
12,Sample_S19S_0013_Wat,585.052268
10,Sample_S19S_0013_Wat,585.0734724
10,Sample_S19S_0013_Wat,585.0886953
7,Sample_S19S_0013_Wat,585.1098543
1,Sample_S19S_0013_Wat,585.1462879
6,Sample_S19S_0013_Wat,585.1615059
1,Sample_S19S_0013_Wat,585.1826784
2,Sample_S19S_0013_Wat,585.2190128
6,Sample_S19S_0013_Wat,585.2472737
8,Sample_S19S_0013_Wat,587.06769
7,Sample_S19S_0013_Wat,587.088865
16,Sample_S19S_0013_Wat,587.1041571
12,Sample_S19S_0013_Wat,587.1254376
15,Sample_S19S_0013_Wat,587.1405809
25,Sample_S19S_0013_Wat,587.1770783
7,Sample_S19S_0013_Wat,587.19016
17,Sample_S19S_0013_Wat,587.2134744
13,Sample_S19S_0013_Wat,587.2498677
13,Sample_S19S_0013_Wat,589.047112
11,Sample_S19S_0013_Wat,589.0833727
10,Sample_S19S_0013_Wat,589.119725
2,Sample_S19S_0013_Wat,589.1924321
2,Sample_S19S_0013_Wat,589.2288053
31,Sample_S19S_0013_Wat,590.1151876
9,Sample_S19S_0013_Wat,591.0629191
7,Sample_S19S_0013_Wat,591.0993225
4,Sample_S19S_0013_Wat,591.135742
9,Sample_S19S_0013_Wat,591.1720289
17,Sample_S19S_0013_Wat,591.2083514
13,Sample_S19S_0013_Wat,591.2446301
8,Sample_S19S_0013_Wat,593.078251
4,Sample_S19S_0013_Wat,593.1146582
11,Sample_S19S_0013_Wat,593.1511079
26,Sample_S19S_0013_Wat,593.1875846
17,Sample_S19S_0013_Wat,593.2240288
9,Sample_S19S_0013_Wat,593.2604417
7,Sample_S19S_0013_Wat,595.0578225
17,Sample_S19S_0013_Wat,595.1667494
5,Sample_S19S_0013_Wat,597.0731946
6,Sample_S19S_0013_Wat,597.1095532
17,Sample_S19S_0013_Wat,597.1460191
25,Sample_S19S_0013_Wat,597.1824999
1,Sample_S19S_0013_Wat,599.0891922
15,Sample_S19S_0013_Wat,599.1618335
8,Sample_S19S_0013_Wat,599.1981029
8,Sample_S19S_0013_Wat,599.2263731
2,Sample_S19S_0013_Wat,601.0680765
6,Sample_S19S_0013_Wat,601.0833482
5,Sample_S19S_0013_Wat,601.1560091
2,Sample_S19S_0013_Wat,601.1922438
7,Sample_S19S_0013_Wat,603.0625968
14,Sample_S19S_0013_Wat,603.0990962
15,Sample_S19S_0013_Wat,603.135473
23,Sample_S19S_0013_Wat,603.1719444
23,Sample_S19S_0013_Wat,603.2447417
6,Sample_S19S_0013_Wat,605.0420638
3,Sample_S19S_0013_Wat,605.1513953
10,Sample_S19S_0013_Wat,605.1877226
5,Sample_S19S_0013_Wat,605.2240726
14,Sample_S19S_0013_Wat,605.2602478
1,Sample_S19S_0013_Wat,606.1905682
6,Sample_S19S_0013_Wat,607.0578335
19,Sample_S19S_0013_Wat,607.094164
27,Sample_S19S_0013_Wat,607.1304892
27,Sample_S19S_0013_Wat,607.1667845
3,Sample_S19S_0013_Wat,607.2030678
10,Sample_S19S_0013_Wat,609.0733165
10,Sample_S19S_0013_Wat,609.0886479
20,Sample_S19S_0013_Wat,609.1096597
5,Sample_S19S_0013_Wat,609.1459321
2,Sample_S19S_0013_Wat,609.1822447
4,Sample_S19S_0013_Wat,609.2185999
2,Sample_S19S_0013_Wat,609.2548435
2,Sample_S19S_0013_Wat,611.0887789
1,Sample_S19S_0013_Wat,611.125099
1,Sample_S19S_0013_Wat,611.1898292
3,Sample_S19S_0013_Wat,611.1978745
4,Sample_S19S_0013_Wat,613.0681488
5,Sample_S19S_0013_Wat,613.2419608
1,Sample_S19S_0013_Wat,614.0790569
5,Sample_S19S_0013_Wat,615.0625943
3,Sample_S19S_0013_Wat,615.0988834
7,Sample_S19S_0013_Wat,617.0782506
6,Sample_S19S_0013_Wat,619.0576145
9,Sample_S19S_0013_Wat,619.0940393
3,Sample_S19S_0013_Wat,619.130318
1,Sample_S19S_0013_Wat,619.1666544
3,Sample_S19S_0013_Wat,619.2029535
14,Sample_S19S_0013_Wat,621.1098264
14,Sample_S19S_0013_Wat,621.1461897
26,Sample_S19S_0013_Wat,621.1825214
19,Sample_S19S_0013_Wat,621.218773
11,Sample_S19S_0013_Wat,623.0891397
3,Sample_S19S_0013_Wat,623.1255649
2,Sample_S19S_0013_Wat,623.1983716
1,Sample_S19S_0013_Wat,623.2347542
1,Sample_S19S_0013_Wat,625.1196611
9,Sample_S19S_0013_Wat,625.1408979
12,Sample_S19S_0013_Wat,625.1773321
7,Sample_S19S_0013_Wat,625.2057332
8,Sample_S19S_0013_Wat,627.0626552
2,Sample_S19S_0013_Wat,627.1352883
3,Sample_S19S_0013_Wat,629.0786184
6,Sample_S19S_0013_Wat,629.1360644
16,Sample_S19S_0013_Wat,629.1876222
9,Sample_S19S_0013_Wat,631.0576448
9,Sample_S19S_0013_Wat,631.1152967
2,Sample_S19S_0013_Wat,631.1302004
19,Sample_S19S_0013_Wat,633.1097626
7,Sample_S19S_0013_Wat,633.1459928
2,Sample_S19S_0013_Wat,633.1822488
2,Sample_S19S_0013_Wat,633.2185891
7,Sample_S19S_0013_Wat,635.0889363
9,Sample_S19S_0013_Wat,635.1252433
20,Sample_S19S_0013_Wat,635.1617901
6,Sample_S19S_0013_Wat,635.1982777
12,Sample_S19S_0013_Wat,637.1408976
4,Sample_S19S_0013_Wat,637.250012
2,Sample_S19S_0013_Wat,639.1200807
3,Sample_S19S_0013_Wat,639.1352702
3,Sample_S19S_0013_Wat,639.1564278
8,Sample_S19S_0013_Wat,645.0732088
11,Sample_S19S_0013_Wat,645.1098892
16,Sample_S19S_0013_Wat,647.2344756
2,Sample_S19S_0013_Wat,649.2133728
1,Sample_S19S_0013_Wat,651.1200451
13,Sample_S19S_0013_Wat,653.0994335
1,Sample_S19S_0013_Wat,653.2084456
4,Sample_S19S_0013_Wat,655.0789899
7,Sample_S19S_0013_Wat,657.146265
7,Sample_S19S_0013_Wat,659.0890965
15,Sample_S19S_0013_Wat,661.2138611
17,Sample_S19S_0013_Wat,663.2295158
1,Sample_S19S_0013_Wat,665.1724893
1,Sample_S19S_0013_Wat,665.2089152
5,Sample_S19S_0013_Wat,667.1153995
12,Sample_S19S_0013_Wat,667.1515045
5,Sample_S19S_0013_Wat,669.2035082
1,Sample_S19S_0013_Wat,675.3019432
9,Sample_S19S_0013_Wat,677.1360814
2,Sample_S19S_0013_Wat,677.2088861
2,Sample_S19S_0013_Wat,681.0945361
4,Sample_S19S_0013_Wat,687.1927784
2,Sample_S19S_0013_Wat,691.1870038
8,Sample_S19S_0013_Wat,707.2557051
8,Sample_S19S_0013_Wat,733.2348273
