num.trans.involved.in,sample,peak
40,Sample_S19S_0083_Wat,201.0404313
37,Sample_S19S_0083_Wat,201.0768122
28,Sample_S19S_0083_Wat,201.1131969
41,Sample_S19S_0083_Wat,203.0560881
14,Sample_S19S_0083_Wat,203.0924536
31,Sample_S19S_0083_Wat,204.0302084
31,Sample_S19S_0083_Wat,205.0142188
27,Sample_S19S_0083_Wat,205.0505947
6,Sample_S19S_0083_Wat,205.1597578
46,Sample_S19S_0083_Wat,207.0298709
43,Sample_S19S_0083_Wat,207.066249
28,Sample_S19S_0083_Wat,207.1026321
30,Sample_S19S_0083_Wat,208.0251215
29,Sample_S19S_0083_Wat,208.0615064
24,Sample_S19S_0083_Wat,209.0091207
43,Sample_S19S_0083_Wat,209.0455114
38,Sample_S19S_0083_Wat,209.0818981
24,Sample_S19S_0083_Wat,210.0407624
23,Sample_S19S_0083_Wat,210.0771409
61,Sample_S19S_0083_Wat,211.0247874
64,Sample_S19S_0083_Wat,211.0611736
36,Sample_S19S_0083_Wat,211.097555
12,Sample_S19S_0083_Wat,212.0200182
31,Sample_S19S_0083_Wat,212.0564229
4,Sample_S19S_0083_Wat,213.0152775
38,Sample_S19S_0083_Wat,213.0404285
52,Sample_S19S_0083_Wat,213.0768216
30,Sample_S19S_0083_Wat,213.1132092
29,Sample_S19S_0083_Wat,214.0720739
11,Sample_S19S_0083_Wat,215.0019358
43,Sample_S19S_0083_Wat,215.0560786
45,Sample_S19S_0083_Wat,215.0924726
23,Sample_S19S_0083_Wat,215.1288446
13,Sample_S19S_0083_Wat,217.0505866
49,Sample_S19S_0083_Wat,217.0717431
37,Sample_S19S_0083_Wat,217.1081169
48,Sample_S19S_0083_Wat,219.0298823
17,Sample_S19S_0083_Wat,219.0662407
12,Sample_S19S_0083_Wat,220.0614803
25,Sample_S19S_0083_Wat,221.0091259
44,Sample_S19S_0083_Wat,221.0455191
23,Sample_S19S_0083_Wat,221.0818912
15,Sample_S19S_0083_Wat,222.0407486
18,Sample_S19S_0083_Wat,222.0771399
58,Sample_S19S_0083_Wat,223.0247931
27,Sample_S19S_0083_Wat,223.0611523
11,Sample_S19S_0083_Wat,223.0723955
47,Sample_S19S_0083_Wat,223.0975605
14,Sample_S19S_0083_Wat,224.0200135
41,Sample_S19S_0083_Wat,224.0564233
11,Sample_S19S_0083_Wat,224.092781
17,Sample_S19S_0083_Wat,225.0040321
86,Sample_S19S_0083_Wat,225.0404494
11,Sample_S19S_0083_Wat,225.0516605
62,Sample_S19S_0083_Wat,225.0768195
20,Sample_S19S_0083_Wat,225.1131873
24,Sample_S19S_0083_Wat,226.0356785
44,Sample_S19S_0083_Wat,226.072077
44,Sample_S19S_0083_Wat,227.056079
52,Sample_S19S_0083_Wat,227.092466
37,Sample_S19S_0083_Wat,227.1288722
15,Sample_S19S_0083_Wat,228.0513116
11,Sample_S19S_0083_Wat,229.0175957
46,Sample_S19S_0083_Wat,229.0353497
56,Sample_S19S_0083_Wat,229.0717413
37,Sample_S19S_0083_Wat,229.1081151
25,Sample_S19S_0083_Wat,229.14452
48,Sample_S19S_0083_Wat,231.051012
28,Sample_S19S_0083_Wat,231.0662593
50,Sample_S19S_0083_Wat,231.0873835
18,Sample_S19S_0083_Wat,231.1237543
41,Sample_S19S_0083_Wat,233.0091463
46,Sample_S19S_0083_Wat,233.0455307
39,Sample_S19S_0083_Wat,233.0819208
40,Sample_S19S_0083_Wat,233.1030488
14,Sample_S19S_0083_Wat,233.1546845
12,Sample_S19S_0083_Wat,234.0407445
6,Sample_S19S_0083_Wat,234.0771258
51,Sample_S19S_0083_Wat,235.0247912
63,Sample_S19S_0083_Wat,235.0611873
44,Sample_S19S_0083_Wat,235.0975749
39,Sample_S19S_0083_Wat,236.0200457
63,Sample_S19S_0083_Wat,236.0564412
55,Sample_S19S_0083_Wat,237.0404421
4,Sample_S19S_0083_Wat,237.0516402
72,Sample_S19S_0083_Wat,237.0768351
9,Sample_S19S_0083_Wat,237.088034
45,Sample_S19S_0083_Wat,237.1132227
22,Sample_S19S_0083_Wat,238.0356696
39,Sample_S19S_0083_Wat,238.0720655
76,Sample_S19S_0083_Wat,239.0197221
105,Sample_S19S_0083_Wat,239.0561117
20,Sample_S19S_0083_Wat,239.0673352
104,Sample_S19S_0083_Wat,239.092497
53,Sample_S19S_0083_Wat,239.1288753
46,Sample_S19S_0083_Wat,240.0513448
43,Sample_S19S_0083_Wat,240.0877319
61,Sample_S19S_0083_Wat,241.0717422
39,Sample_S19S_0083_Wat,241.1081087
25,Sample_S19S_0083_Wat,241.1445007
62,Sample_S19S_0083_Wat,242.0670034
34,Sample_S19S_0083_Wat,242.1033669
23,Sample_S19S_0083_Wat,242.139775
6,Sample_S19S_0083_Wat,242.1761465
36,Sample_S19S_0083_Wat,243.0332768
88,Sample_S19S_0083_Wat,243.0510224
49,Sample_S19S_0083_Wat,243.0873816
26,Sample_S19S_0083_Wat,243.1237626
21,Sample_S19S_0083_Wat,243.1601665
41,Sample_S19S_0083_Wat,244.0826525
76,Sample_S19S_0083_Wat,245.0455587
23,Sample_S19S_0083_Wat,245.0489119
94,Sample_S19S_0083_Wat,245.0666847
73,Sample_S19S_0083_Wat,245.1030642
27,Sample_S19S_0083_Wat,245.1394342
50,Sample_S19S_0083_Wat,247.024801
15,Sample_S19S_0083_Wat,247.0360403
73,Sample_S19S_0083_Wat,247.0612011
78,Sample_S19S_0083_Wat,247.0823368
75,Sample_S19S_0083_Wat,247.0975945
50,Sample_S19S_0083_Wat,247.118733
38,Sample_S19S_0083_Wat,248.0200547
52,Sample_S19S_0083_Wat,248.0564361
35,Sample_S19S_0083_Wat,248.0928093
49,Sample_S19S_0083_Wat,249.0040636
88,Sample_S19S_0083_Wat,249.0404675
14,Sample_S19S_0083_Wat,249.0516664
95,Sample_S19S_0083_Wat,249.0768527
21,Sample_S19S_0083_Wat,249.0802097
17,Sample_S19S_0083_Wat,249.0880558
38,Sample_S19S_0083_Wat,249.1132224
63,Sample_S19S_0083_Wat,250.07209
85,Sample_S19S_0083_Wat,251.0197332
79,Sample_S19S_0083_Wat,251.0560986
22,Sample_S19S_0083_Wat,251.0594793
25,Sample_S19S_0083_Wat,251.0673594
118,Sample_S19S_0083_Wat,251.0925063
51,Sample_S19S_0083_Wat,251.1289035
60,Sample_S19S_0083_Wat,252.0513612
53,Sample_S19S_0083_Wat,252.0877348
113,Sample_S19S_0083_Wat,253.0353983
20,Sample_S19S_0083_Wat,253.0466122
131,Sample_S19S_0083_Wat,253.0717756
20,Sample_S19S_0083_Wat,253.0829986
48,Sample_S19S_0083_Wat,253.1081345
49,Sample_S19S_0083_Wat,253.1445337
49,Sample_S19S_0083_Wat,254.0306157
54,Sample_S19S_0083_Wat,254.0670222
48,Sample_S19S_0083_Wat,254.1033853
23,Sample_S19S_0083_Wat,255.0332681
114,Sample_S19S_0083_Wat,255.0510433
20,Sample_S19S_0083_Wat,255.0622462
127,Sample_S19S_0083_Wat,255.0874163
21,Sample_S19S_0083_Wat,255.0986256
50,Sample_S19S_0083_Wat,255.1237776
36,Sample_S19S_0083_Wat,255.1602018
61,Sample_S19S_0083_Wat,256.0826837
17,Sample_S19S_0083_Wat,257.012566
88,Sample_S19S_0083_Wat,257.030304
63,Sample_S19S_0083_Wat,257.0455598
39,Sample_S19S_0083_Wat,257.048925
105,Sample_S19S_0083_Wat,257.0666765
71,Sample_S19S_0083_Wat,257.1030521
53,Sample_S19S_0083_Wat,257.1394516
57,Sample_S19S_0083_Wat,258.0619166
56,Sample_S19S_0083_Wat,258.0983343
22,Sample_S19S_0083_Wat,258.1347123
62,Sample_S19S_0083_Wat,259.0248281
29,Sample_S19S_0083_Wat,259.0282061
93,Sample_S19S_0083_Wat,259.0459547
70,Sample_S19S_0083_Wat,259.0612028
42,Sample_S19S_0083_Wat,259.0645754
102,Sample_S19S_0083_Wat,259.0823405
59,Sample_S19S_0083_Wat,259.0975861
69,Sample_S19S_0083_Wat,259.1187072
31,Sample_S19S_0083_Wat,260.0200818
21,Sample_S19S_0083_Wat,260.0564172
41,Sample_S19S_0083_Wat,260.0775722
67,Sample_S19S_0083_Wat,261.040468
23,Sample_S19S_0083_Wat,261.04386
18,Sample_S19S_0083_Wat,261.0516928
72,Sample_S19S_0083_Wat,261.061588
95,Sample_S19S_0083_Wat,261.0768598
63,Sample_S19S_0083_Wat,261.0980071
62,Sample_S19S_0083_Wat,261.1132477
39,Sample_S19S_0083_Wat,262.0357323
45,Sample_S19S_0083_Wat,262.0721008
53,Sample_S19S_0083_Wat,263.019721
91,Sample_S19S_0083_Wat,263.0561329
50,Sample_S19S_0083_Wat,263.0924815
52,Sample_S19S_0083_Wat,263.128908
61,Sample_S19S_0083_Wat,264.0513612
51,Sample_S19S_0083_Wat,264.087752
30,Sample_S19S_0083_Wat,264.1241638
60,Sample_S19S_0083_Wat,264.9989861
98,Sample_S19S_0083_Wat,265.0353938
21,Sample_S19S_0083_Wat,265.046622
94,Sample_S19S_0083_Wat,265.0717855
27,Sample_S19S_0083_Wat,265.07514
29,Sample_S19S_0083_Wat,265.0829943
18,Sample_S19S_0083_Wat,265.0929432
106,Sample_S19S_0083_Wat,265.1081545
42,Sample_S19S_0083_Wat,265.1445692
50,Sample_S19S_0083_Wat,266.0306266
73,Sample_S19S_0083_Wat,266.0670361
49,Sample_S19S_0083_Wat,266.1034196
80,Sample_S19S_0083_Wat,267.0146829
124,Sample_S19S_0083_Wat,267.0510336
28,Sample_S19S_0083_Wat,267.0622941
114,Sample_S19S_0083_Wat,267.0874299
21,Sample_S19S_0083_Wat,267.0986455
100,Sample_S19S_0083_Wat,267.123805
43,Sample_S19S_0083_Wat,267.1601848
73,Sample_S19S_0083_Wat,268.0462977
73,Sample_S19S_0083_Wat,268.08266
46,Sample_S19S_0083_Wat,268.1190514
19,Sample_S19S_0083_Wat,269.01256
89,Sample_S19S_0083_Wat,269.0303205
37,Sample_S19S_0083_Wat,269.0489342
134,Sample_S19S_0083_Wat,269.0666802
36,Sample_S19S_0083_Wat,269.0779259
109,Sample_S19S_0083_Wat,269.1030627
63,Sample_S19S_0083_Wat,269.1394657
28,Sample_S19S_0083_Wat,269.1758579
40,Sample_S19S_0083_Wat,270.0255615
66,Sample_S19S_0083_Wat,270.0619439
60,Sample_S19S_0083_Wat,270.0983057
29,Sample_S19S_0083_Wat,271.0281864
88,Sample_S19S_0083_Wat,271.0459737
14,Sample_S19S_0083_Wat,271.0571608
37,Sample_S19S_0083_Wat,271.0645721
105,Sample_S19S_0083_Wat,271.0823212
29,Sample_S19S_0083_Wat,271.0935785
95,Sample_S19S_0083_Wat,271.118718
32,Sample_S19S_0083_Wat,271.1551343
62,Sample_S19S_0083_Wat,272.0775888
44,Sample_S19S_0083_Wat,272.1139554
21,Sample_S19S_0083_Wat,273.0074568
65,Sample_S19S_0083_Wat,273.0252099
69,Sample_S19S_0083_Wat,273.040478
34,Sample_S19S_0083_Wat,273.0438577
84,Sample_S19S_0083_Wat,273.061591
84,Sample_S19S_0083_Wat,273.0768603
85,Sample_S19S_0083_Wat,273.0979879
48,Sample_S19S_0083_Wat,273.1343844
40,Sample_S19S_0083_Wat,274.0357454
44,Sample_S19S_0083_Wat,274.0720917
48,Sample_S19S_0083_Wat,274.0932637
72,Sample_S19S_0083_Wat,275.0197425
32,Sample_S19S_0083_Wat,275.0231068
71,Sample_S19S_0083_Wat,275.0408652
79,Sample_S19S_0083_Wat,275.0561155
40,Sample_S19S_0083_Wat,275.0594984
23,Sample_S19S_0083_Wat,275.0673647
88,Sample_S19S_0083_Wat,275.0772487
83,Sample_S19S_0083_Wat,275.0925149
16,Sample_S19S_0083_Wat,275.1037747
73,Sample_S19S_0083_Wat,275.1136274
55,Sample_S19S_0083_Wat,275.1288873
49,Sample_S19S_0083_Wat,276.0513913
29,Sample_S19S_0083_Wat,276.0877174
27,Sample_S19S_0083_Wat,276.108923
98,Sample_S19S_0083_Wat,277.0354157
17,Sample_S19S_0083_Wat,277.046621
96,Sample_S19S_0083_Wat,277.0717892
37,Sample_S19S_0083_Wat,277.0751477
34,Sample_S19S_0083_Wat,277.0830242
46,Sample_S19S_0083_Wat,277.0929294
92,Sample_S19S_0083_Wat,277.1081544
59,Sample_S19S_0083_Wat,277.1445377
41,Sample_S19S_0083_Wat,278.0306345
59,Sample_S19S_0083_Wat,278.0670289
48,Sample_S19S_0083_Wat,278.1034322
35,Sample_S19S_0083_Wat,278.1397966
50,Sample_S19S_0083_Wat,279.0146331
98,Sample_S19S_0083_Wat,279.0510516
35,Sample_S19S_0083_Wat,279.0544147
33,Sample_S19S_0083_Wat,279.0622836
68,Sample_S19S_0083_Wat,279.0874539
4,Sample_S19S_0083_Wat,279.0908266
34,Sample_S19S_0083_Wat,279.0986672
75,Sample_S19S_0083_Wat,279.1238221
44,Sample_S19S_0083_Wat,279.160186
66,Sample_S19S_0083_Wat,280.0463018
77,Sample_S19S_0083_Wat,280.0826921
55,Sample_S19S_0083_Wat,280.1190492
91,Sample_S19S_0083_Wat,281.0303339
126,Sample_S19S_0083_Wat,281.0666829
11,Sample_S19S_0083_Wat,281.0700358
40,Sample_S19S_0083_Wat,281.0779309
78,Sample_S19S_0083_Wat,281.1030502
19,Sample_S19S_0083_Wat,281.1143409
82,Sample_S19S_0083_Wat,281.1394597
27,Sample_S19S_0083_Wat,281.1758716
41,Sample_S19S_0083_Wat,282.025533
60,Sample_S19S_0083_Wat,282.0983548
22,Sample_S19S_0083_Wat,282.1347472
68,Sample_S19S_0083_Wat,283.0095898
117,Sample_S19S_0083_Wat,283.0459554
23,Sample_S19S_0083_Wat,283.0571681
42,Sample_S19S_0083_Wat,283.0612062
4,Sample_S19S_0083_Wat,283.064623
81,Sample_S19S_0083_Wat,283.0823169
33,Sample_S19S_0083_Wat,283.0935869
120,Sample_S19S_0083_Wat,283.118715
46,Sample_S19S_0083_Wat,283.1551309
54,Sample_S19S_0083_Wat,284.0412345
70,Sample_S19S_0083_Wat,284.0776208
56,Sample_S19S_0083_Wat,284.1139788
20,Sample_S19S_0083_Wat,285.0074703
77,Sample_S19S_0083_Wat,285.025228
54,Sample_S19S_0083_Wat,285.0404866
14,Sample_S19S_0083_Wat,285.0438689
88,Sample_S19S_0083_Wat,285.0616357
25,Sample_S19S_0083_Wat,285.0728595
37,Sample_S19S_0083_Wat,285.0802217
49,Sample_S19S_0083_Wat,285.0980306
24,Sample_S19S_0083_Wat,285.1092216
8,Sample_S19S_0083_Wat,285.1262347
65,Sample_S19S_0083_Wat,285.1343948
41,Sample_S19S_0083_Wat,285.17075
19,Sample_S19S_0083_Wat,286.0356968
52,Sample_S19S_0083_Wat,286.0568589
66,Sample_S19S_0083_Wat,286.0932539
66,Sample_S19S_0083_Wat,287.0197477
23,Sample_S19S_0083_Wat,287.0231311
69,Sample_S19S_0083_Wat,287.0408776
70,Sample_S19S_0083_Wat,287.0561351
9,Sample_S19S_0083_Wat,287.0595327
11,Sample_S19S_0083_Wat,287.0673913
100,Sample_S19S_0083_Wat,287.0772537
29,Sample_S19S_0083_Wat,287.0885054
71,Sample_S19S_0083_Wat,287.0925228
35,Sample_S19S_0083_Wat,287.0958808
16,Sample_S19S_0083_Wat,287.1037505
89,Sample_S19S_0083_Wat,287.1136282
44,Sample_S19S_0083_Wat,287.1289021
60,Sample_S19S_0083_Wat,287.150015
44,Sample_S19S_0083_Wat,288.0513962
52,Sample_S19S_0083_Wat,288.0725046
46,Sample_S19S_0083_Wat,288.0877815
42,Sample_S19S_0083_Wat,288.1089115
8,Sample_S19S_0083_Wat,288.1453272
82,Sample_S19S_0083_Wat,289.0354029
30,Sample_S19S_0083_Wat,289.0387746
14,Sample_S19S_0083_Wat,289.0466597
76,Sample_S19S_0083_Wat,289.0565242
98,Sample_S19S_0083_Wat,289.0717704
42,Sample_S19S_0083_Wat,289.0751476
22,Sample_S19S_0083_Wat,289.0830287
80,Sample_S19S_0083_Wat,289.0929075
68,Sample_S19S_0083_Wat,289.1081489
68,Sample_S19S_0083_Wat,289.1292776
53,Sample_S19S_0083_Wat,289.1445478
17,Sample_S19S_0083_Wat,290.0305978
29,Sample_S19S_0083_Wat,290.0669883
15,Sample_S19S_0083_Wat,290.0882083
56,Sample_S19S_0083_Wat,290.1033932
10,Sample_S19S_0083_Wat,290.1245994
69,Sample_S19S_0083_Wat,291.0146759
9,Sample_S19S_0083_Wat,291.0259135
95,Sample_S19S_0083_Wat,291.0510416
38,Sample_S19S_0083_Wat,291.0543989
27,Sample_S19S_0083_Wat,291.0622947
70,Sample_S19S_0083_Wat,291.0721692
87,Sample_S19S_0083_Wat,291.0874132
18,Sample_S19S_0083_Wat,291.0907683
28,Sample_S19S_0083_Wat,291.0986884
53,Sample_S19S_0083_Wat,291.1085682
68,Sample_S19S_0083_Wat,291.1237966
51,Sample_S19S_0083_Wat,291.1601932
28,Sample_S19S_0083_Wat,292.0098809
48,Sample_S19S_0083_Wat,292.0462633
38,Sample_S19S_0083_Wat,292.1038307
54,Sample_S19S_0083_Wat,292.1190716
1,Sample_S19S_0083_Wat,292.2129776
95,Sample_S19S_0083_Wat,293.0303357
21,Sample_S19S_0083_Wat,293.0415474
96,Sample_S19S_0083_Wat,293.0667099
28,Sample_S19S_0083_Wat,293.0700724
39,Sample_S19S_0083_Wat,293.0779374
107,Sample_S19S_0083_Wat,293.1030793
86,Sample_S19S_0083_Wat,293.1394564
16,Sample_S19S_0083_Wat,293.1757942
20,Sample_S19S_0083_Wat,294.0255165
57,Sample_S19S_0083_Wat,294.0619153
13,Sample_S19S_0083_Wat,294.0831174
65,Sample_S19S_0083_Wat,294.098304
48,Sample_S19S_0083_Wat,294.1347046
52,Sample_S19S_0083_Wat,295.0095496
92,Sample_S19S_0083_Wat,295.0459444
23,Sample_S19S_0083_Wat,295.0572284
123,Sample_S19S_0083_Wat,295.0823376
13,Sample_S19S_0083_Wat,295.093638
125,Sample_S19S_0083_Wat,295.1187213
8,Sample_S19S_0083_Wat,295.1300362
62,Sample_S19S_0083_Wat,295.1550986
48,Sample_S19S_0083_Wat,296.0411763
68,Sample_S19S_0083_Wat,296.0775656
51,Sample_S19S_0083_Wat,296.1139469
86,Sample_S19S_0083_Wat,297.025237
21,Sample_S19S_0083_Wat,297.0404658
101,Sample_S19S_0083_Wat,297.0616262
40,Sample_S19S_0083_Wat,297.0728378
31,Sample_S19S_0083_Wat,297.080232
78,Sample_S19S_0083_Wat,297.0980154
29,Sample_S19S_0083_Wat,297.109248
48,Sample_S19S_0083_Wat,297.1344063
6,Sample_S19S_0083_Wat,297.1529844
22,Sample_S19S_0083_Wat,297.1707937
69,Sample_S19S_0083_Wat,298.0568737
73,Sample_S19S_0083_Wat,298.0932671
46,Sample_S19S_0083_Wat,298.1296449
40,Sample_S19S_0083_Wat,299.0197546
22,Sample_S19S_0083_Wat,299.0231228
73,Sample_S19S_0083_Wat,299.0408894
66,Sample_S19S_0083_Wat,299.05613
40,Sample_S19S_0083_Wat,299.0595
110,Sample_S19S_0083_Wat,299.0772616
35,Sample_S19S_0083_Wat,299.0884889
26,Sample_S19S_0083_Wat,299.0958611
92,Sample_S19S_0083_Wat,299.1136455
23,Sample_S19S_0083_Wat,299.1248677
83,Sample_S19S_0083_Wat,299.1500243
26,Sample_S19S_0083_Wat,299.1864335
38,Sample_S19S_0083_Wat,300.0513851
64,Sample_S19S_0083_Wat,300.0725
55,Sample_S19S_0083_Wat,300.1089049
14,Sample_S19S_0083_Wat,301.0023572
67,Sample_S19S_0083_Wat,301.0353903
32,Sample_S19S_0083_Wat,301.0387674
75,Sample_S19S_0083_Wat,301.0565488
61,Sample_S19S_0083_Wat,301.071792
43,Sample_S19S_0083_Wat,301.0751454
4,Sample_S19S_0083_Wat,301.0830694
74,Sample_S19S_0083_Wat,301.092932
30,Sample_S19S_0083_Wat,301.1041695
36,Sample_S19S_0083_Wat,301.1081829
55,Sample_S19S_0083_Wat,301.129318
37,Sample_S19S_0083_Wat,301.1445638
40,Sample_S19S_0083_Wat,301.1656955
32,Sample_S19S_0083_Wat,302.0306578
45,Sample_S19S_0083_Wat,302.0518004
48,Sample_S19S_0083_Wat,302.0670162
41,Sample_S19S_0083_Wat,302.0881947
32,Sample_S19S_0083_Wat,302.1245742
61,Sample_S19S_0083_Wat,303.0146906
23,Sample_S19S_0083_Wat,303.0180437
55,Sample_S19S_0083_Wat,303.0357821
78,Sample_S19S_0083_Wat,303.0510433
47,Sample_S19S_0083_Wat,303.0544081
11,Sample_S19S_0083_Wat,303.0623453
83,Sample_S19S_0083_Wat,303.0721573
78,Sample_S19S_0083_Wat,303.0874395
43,Sample_S19S_0083_Wat,303.0907893
88,Sample_S19S_0083_Wat,303.1085414
64,Sample_S19S_0083_Wat,303.1238249
63,Sample_S19S_0083_Wat,303.1449308
37,Sample_S19S_0083_Wat,303.1602155
47,Sample_S19S_0083_Wat,304.0462877
54,Sample_S19S_0083_Wat,304.0826613
39,Sample_S19S_0083_Wat,304.1038383
55,Sample_S19S_0083_Wat,304.119049
10,Sample_S19S_0083_Wat,304.1402446
84,Sample_S19S_0083_Wat,305.0303157
7,Sample_S19S_0083_Wat,305.0416206
102,Sample_S19S_0083_Wat,305.0666877
40,Sample_S19S_0083_Wat,305.0700613
16,Sample_S19S_0083_Wat,305.0779953
50,Sample_S19S_0083_Wat,305.087829
88,Sample_S19S_0083_Wat,305.1030852
15,Sample_S19S_0083_Wat,305.1064563
12,Sample_S19S_0083_Wat,305.1143903
37,Sample_S19S_0083_Wat,305.1242388
64,Sample_S19S_0083_Wat,305.1394662
37,Sample_S19S_0083_Wat,305.1758605
24,Sample_S19S_0083_Wat,306.0831168
70,Sample_S19S_0083_Wat,306.0983427
6,Sample_S19S_0083_Wat,306.1195211
49,Sample_S19S_0083_Wat,307.0095853
108,Sample_S19S_0083_Wat,307.0459779
25,Sample_S19S_0083_Wat,307.0493115
17,Sample_S19S_0083_Wat,307.0572343
72,Sample_S19S_0083_Wat,307.0823737
21,Sample_S19S_0083_Wat,307.0857227
34,Sample_S19S_0083_Wat,307.0936059
52,Sample_S19S_0083_Wat,307.1187572
6,Sample_S19S_0083_Wat,307.1221115
25,Sample_S19S_0083_Wat,307.1299781
47,Sample_S19S_0083_Wat,307.1551342
70,Sample_S19S_0083_Wat,308.0412303
77,Sample_S19S_0083_Wat,308.0775973
4,Sample_S19S_0083_Wat,308.098784
64,Sample_S19S_0083_Wat,308.1139545
90,Sample_S19S_0083_Wat,309.0252469
117,Sample_S19S_0083_Wat,309.0616036
19,Sample_S19S_0083_Wat,309.0649579
35,Sample_S19S_0083_Wat,309.0728691
111,Sample_S19S_0083_Wat,309.0979773
22,Sample_S19S_0083_Wat,309.1013433
13,Sample_S19S_0083_Wat,309.1092661
98,Sample_S19S_0083_Wat,309.1343649
48,Sample_S19S_0083_Wat,309.1707647
66,Sample_S19S_0083_Wat,310.0568411
72,Sample_S19S_0083_Wat,310.0932206
12,Sample_S19S_0083_Wat,310.1044419
61,Sample_S19S_0083_Wat,310.1296176
34,Sample_S19S_0083_Wat,311.0197516
97,Sample_S19S_0083_Wat,311.0408991
7,Sample_S19S_0083_Wat,311.0442627
29,Sample_S19S_0083_Wat,311.0521121
16,Sample_S19S_0083_Wat,311.0594676
107,Sample_S19S_0083_Wat,311.0772659
37,Sample_S19S_0083_Wat,311.0885065
14,Sample_S19S_0083_Wat,311.0958599
14,Sample_S19S_0083_Wat,311.105537
137,Sample_S19S_0083_Wat,311.1136352
36,Sample_S19S_0083_Wat,311.1248899
82,Sample_S19S_0083_Wat,311.1500195
1,Sample_S19S_0083_Wat,311.1686157
32,Sample_S19S_0083_Wat,311.186419
45,Sample_S19S_0083_Wat,312.0361043
71,Sample_S19S_0083_Wat,312.0725103
21,Sample_S19S_0083_Wat,312.1453188
60,Sample_S19S_0083_Wat,313.0201379
40,Sample_S19S_0083_Wat,313.0353909
38,Sample_S19S_0083_Wat,313.0387549
86,Sample_S19S_0083_Wat,313.0565398
8,Sample_S19S_0083_Wat,313.075094
89,Sample_S19S_0083_Wat,313.0929245
40,Sample_S19S_0083_Wat,313.1041391
53,Sample_S19S_0083_Wat,313.1081574
18,Sample_S19S_0083_Wat,313.1115031
85,Sample_S19S_0083_Wat,313.1293014
57,Sample_S19S_0083_Wat,313.1656688
54,Sample_S19S_0083_Wat,314.0517902
74,Sample_S19S_0083_Wat,314.0881771
21,Sample_S19S_0083_Wat,314.1067669
58,Sample_S19S_0083_Wat,314.1245573
55,Sample_S19S_0083_Wat,315.0146824
19,Sample_S19S_0083_Wat,315.0180328
67,Sample_S19S_0083_Wat,315.035781
65,Sample_S19S_0083_Wat,315.0510397
46,Sample_S19S_0083_Wat,315.0544106
83,Sample_S19S_0083_Wat,315.0721791
33,Sample_S19S_0083_Wat,315.0873994
8,Sample_S19S_0083_Wat,315.0907452
74,Sample_S19S_0083_Wat,315.1085755
28,Sample_S19S_0083_Wat,315.1198013
59,Sample_S19S_0083_Wat,315.1238052
9,Sample_S19S_0083_Wat,315.1271409
62,Sample_S19S_0083_Wat,315.1449559
36,Sample_S19S_0083_Wat,315.1813307
44,Sample_S19S_0083_Wat,316.0463145
49,Sample_S19S_0083_Wat,316.0674166
57,Sample_S19S_0083_Wat,316.0826874
66,Sample_S19S_0083_Wat,316.1038062
33,Sample_S19S_0083_Wat,316.1402237
76,Sample_S19S_0083_Wat,317.0303382
8,Sample_S19S_0083_Wat,317.0337185
70,Sample_S19S_0083_Wat,317.0514233
86,Sample_S19S_0083_Wat,317.0666936
46,Sample_S19S_0083_Wat,317.0700656
6,Sample_S19S_0083_Wat,317.0780371
94,Sample_S19S_0083_Wat,317.0878157
61,Sample_S19S_0083_Wat,317.1030588
12,Sample_S19S_0083_Wat,317.1063977
10,Sample_S19S_0083_Wat,317.1143954
55,Sample_S19S_0083_Wat,317.124227
60,Sample_S19S_0083_Wat,317.1394552
8,Sample_S19S_0083_Wat,317.1427951
45,Sample_S19S_0083_Wat,317.1606071
26,Sample_S19S_0083_Wat,318.0255948
58,Sample_S19S_0083_Wat,318.0619419
23,Sample_S19S_0083_Wat,318.0831173
50,Sample_S19S_0083_Wat,318.0982984
32,Sample_S19S_0083_Wat,318.1194966
52,Sample_S19S_0083_Wat,319.009608
28,Sample_S19S_0083_Wat,319.0460069
9,Sample_S19S_0083_Wat,319.0493681
9,Sample_S19S_0083_Wat,319.0573003
42,Sample_S19S_0083_Wat,319.0670953
83,Sample_S19S_0083_Wat,319.0823624
41,Sample_S19S_0083_Wat,319.0857041
7,Sample_S19S_0083_Wat,319.0936659
42,Sample_S19S_0083_Wat,319.103481
87,Sample_S19S_0083_Wat,319.1187158
10,Sample_S19S_0083_Wat,319.1220501
5,Sample_S19S_0083_Wat,319.1300522
45,Sample_S19S_0083_Wat,319.139868
57,Sample_S19S_0083_Wat,319.1551015
54,Sample_S19S_0083_Wat,320.0412195
54,Sample_S19S_0083_Wat,320.0776287
5,Sample_S19S_0083_Wat,320.0888976
24,Sample_S19S_0083_Wat,320.0987676
27,Sample_S19S_0083_Wat,320.1140206
26,Sample_S19S_0083_Wat,320.1351354
75,Sample_S19S_0083_Wat,321.0252313
10,Sample_S19S_0083_Wat,321.0365015
84,Sample_S19S_0083_Wat,321.0616406
16,Sample_S19S_0083_Wat,321.0649964
16,Sample_S19S_0083_Wat,321.0728956
45,Sample_S19S_0083_Wat,321.0980285
7,Sample_S19S_0083_Wat,321.1013887
13,Sample_S19S_0083_Wat,321.1093021
76,Sample_S19S_0083_Wat,321.1343949
48,Sample_S19S_0083_Wat,321.1707672
34,Sample_S19S_0083_Wat,322.0204668
73,Sample_S19S_0083_Wat,322.0568903
77,Sample_S19S_0083_Wat,322.0932669
11,Sample_S19S_0083_Wat,322.1045081
9,Sample_S19S_0083_Wat,322.1144282
55,Sample_S19S_0083_Wat,323.0044879
80,Sample_S19S_0083_Wat,323.0408542
18,Sample_S19S_0083_Wat,323.0521494
110,Sample_S19S_0083_Wat,323.0772527
42,Sample_S19S_0083_Wat,323.0884973
8,Sample_S19S_0083_Wat,323.0958413
64,Sample_S19S_0083_Wat,323.1136726
26,Sample_S19S_0083_Wat,323.1249109
63,Sample_S19S_0083_Wat,323.1500462
40,Sample_S19S_0083_Wat,323.1864241
58,Sample_S19S_0083_Wat,324.0361498
74,Sample_S19S_0083_Wat,324.0725027
67,Sample_S19S_0083_Wat,324.108871
39,Sample_S19S_0083_Wat,324.1453087
23,Sample_S19S_0083_Wat,325.0201894
37,Sample_S19S_0083_Wat,325.0354075
94,Sample_S19S_0083_Wat,325.0565425
13,Sample_S19S_0083_Wat,325.0678176
116,Sample_S19S_0083_Wat,325.0928926
40,Sample_S19S_0083_Wat,325.1041654
27,Sample_S19S_0083_Wat,325.111525
93,Sample_S19S_0083_Wat,325.1292996
45,Sample_S19S_0083_Wat,325.1657004
1,Sample_S19S_0083_Wat,325.1842438
56,Sample_S19S_0083_Wat,326.0518083
73,Sample_S19S_0083_Wat,326.0881656
12,Sample_S19S_0083_Wat,326.0994109
66,Sample_S19S_0083_Wat,326.1245662
36,Sample_S19S_0083_Wat,327.0146798
12,Sample_S19S_0083_Wat,327.0180623
73,Sample_S19S_0083_Wat,327.035782
52,Sample_S19S_0083_Wat,327.0510536
16,Sample_S19S_0083_Wat,327.0543882
82,Sample_S19S_0083_Wat,327.0722018
38,Sample_S19S_0083_Wat,327.0834311
59,Sample_S19S_0083_Wat,327.0874372
10,Sample_S19S_0083_Wat,327.090737
84,Sample_S19S_0083_Wat,327.1085831
9,Sample_S19S_0083_Wat,327.1198419
8,Sample_S19S_0083_Wat,327.1271924
79,Sample_S19S_0083_Wat,327.1449492
37,Sample_S19S_0083_Wat,327.1813344
58,Sample_S19S_0083_Wat,328.067419
17,Sample_S19S_0083_Wat,328.0860593
69,Sample_S19S_0083_Wat,328.1037984
35,Sample_S19S_0083_Wat,328.140231
60,Sample_S19S_0083_Wat,329.0303285
35,Sample_S19S_0083_Wat,329.0336784
52,Sample_S19S_0083_Wat,329.0514722
33,Sample_S19S_0083_Wat,329.0667319
45,Sample_S19S_0083_Wat,329.0700573
109,Sample_S19S_0083_Wat,329.0878075
35,Sample_S19S_0083_Wat,329.0990585
59,Sample_S19S_0083_Wat,329.1030905
37,Sample_S19S_0083_Wat,329.1064332
75,Sample_S19S_0083_Wat,329.1242163
1,Sample_S19S_0083_Wat,329.152419
62,Sample_S19S_0083_Wat,329.1605843
40,Sample_S19S_0083_Wat,330.0619755
32,Sample_S19S_0083_Wat,330.0831155
24,Sample_S19S_0083_Wat,330.0983753
57,Sample_S19S_0083_Wat,330.1194763
34,Sample_S19S_0083_Wat,331.0095615
51,Sample_S19S_0083_Wat,331.0459941
35,Sample_S19S_0083_Wat,331.0493372
65,Sample_S19S_0083_Wat,331.0670688
72,Sample_S19S_0083_Wat,331.0823608
42,Sample_S19S_0083_Wat,331.0857029
2,Sample_S19S_0083_Wat,331.0937101
53,Sample_S19S_0083_Wat,331.1034998
3,Sample_S19S_0083_Wat,331.1065909
79,Sample_S19S_0083_Wat,331.1187275
14,Sample_S19S_0083_Wat,331.122066
27,Sample_S19S_0083_Wat,331.1399002
16,Sample_S19S_0083_Wat,331.155166
47,Sample_S19S_0083_Wat,332.0412408
35,Sample_S19S_0083_Wat,332.0623668
63,Sample_S19S_0083_Wat,332.0775831
48,Sample_S19S_0083_Wat,332.0987468
48,Sample_S19S_0083_Wat,332.1139958
35,Sample_S19S_0083_Wat,332.1351167
33,Sample_S19S_0083_Wat,333.0252702
10,Sample_S19S_0083_Wat,333.0286322
46,Sample_S19S_0083_Wat,333.0616512
6,Sample_S19S_0083_Wat,333.0650225
3,Sample_S19S_0083_Wat,333.0729806
42,Sample_S19S_0083_Wat,333.08277
89,Sample_S19S_0083_Wat,333.0980074
34,Sample_S19S_0083_Wat,333.1013488
6,Sample_S19S_0083_Wat,333.109335
11,Sample_S19S_0083_Wat,333.1191757
36,Sample_S19S_0083_Wat,333.1344131
21,Sample_S19S_0083_Wat,333.137741
31,Sample_S19S_0083_Wat,333.1707943
22,Sample_S19S_0083_Wat,334.0204647
71,Sample_S19S_0083_Wat,334.0568812
3,Sample_S19S_0083_Wat,334.0681951
25,Sample_S19S_0083_Wat,334.0780188
46,Sample_S19S_0083_Wat,334.0932769
17,Sample_S19S_0083_Wat,334.1144217
3,Sample_S19S_0083_Wat,334.1508295
47,Sample_S19S_0083_Wat,335.004499
60,Sample_S19S_0083_Wat,335.0409093
12,Sample_S19S_0083_Wat,335.0442667
12,Sample_S19S_0083_Wat,335.0521847
94,Sample_S19S_0083_Wat,335.0772597
35,Sample_S19S_0083_Wat,335.0806299
36,Sample_S19S_0083_Wat,335.0984028
58,Sample_S19S_0083_Wat,335.1136067
4,Sample_S19S_0083_Wat,335.1169263
15,Sample_S19S_0083_Wat,335.124927
70,Sample_S19S_0083_Wat,335.150042
41,Sample_S19S_0083_Wat,335.1864245
2,Sample_S19S_0083_Wat,335.2358032
31,Sample_S19S_0083_Wat,336.0361684
41,Sample_S19S_0083_Wat,336.0725571
1,Sample_S19S_0083_Wat,336.0937181
71,Sample_S19S_0083_Wat,336.1089144
3,Sample_S19S_0083_Wat,336.1301036
2,Sample_S19S_0083_Wat,336.1453517
64,Sample_S19S_0083_Wat,337.0201415
63,Sample_S19S_0083_Wat,337.0564852
7,Sample_S19S_0083_Wat,337.0598227
33,Sample_S19S_0083_Wat,337.0677837
15,Sample_S19S_0083_Wat,337.0695448
110,Sample_S19S_0083_Wat,337.0929176
10,Sample_S19S_0083_Wat,337.0962416
18,Sample_S19S_0083_Wat,337.1041904
112,Sample_S19S_0083_Wat,337.1292866
66,Sample_S19S_0083_Wat,337.1656867
7,Sample_S19S_0083_Wat,337.2021218
20,Sample_S19S_0083_Wat,338.0518396
82,Sample_S19S_0083_Wat,338.0881798
54,Sample_S19S_0083_Wat,338.1245766
7,Sample_S19S_0083_Wat,339.0180613
68,Sample_S19S_0083_Wat,339.0357996
116,Sample_S19S_0083_Wat,339.0721726
2,Sample_S19S_0083_Wat,339.0754853
13,Sample_S19S_0083_Wat,339.0834699
122,Sample_S19S_0083_Wat,339.1085453
32,Sample_S19S_0083_Wat,339.1198231
19,Sample_S19S_0083_Wat,339.1271705
40,Sample_S19S_0083_Wat,339.1449816
43,Sample_S19S_0083_Wat,339.1813533
2,Sample_S19S_0083_Wat,339.1999929
48,Sample_S19S_0083_Wat,340.0310651
24,Sample_S19S_0083_Wat,340.0674792
10,Sample_S19S_0083_Wat,340.0786492
72,Sample_S19S_0083_Wat,340.1038147
59,Sample_S19S_0083_Wat,340.1401964
30,Sample_S19S_0083_Wat,341.0302897
79,Sample_S19S_0083_Wat,341.0514621
34,Sample_S19S_0083_Wat,341.0667303
14,Sample_S19S_0083_Wat,341.0700215
118,Sample_S19S_0083_Wat,341.0878109
4,Sample_S19S_0083_Wat,341.0910268
32,Sample_S19S_0083_Wat,341.0990914
13,Sample_S19S_0083_Wat,341.1064053
43,Sample_S19S_0083_Wat,341.12425
41,Sample_S19S_0083_Wat,341.1354562
19,Sample_S19S_0083_Wat,341.1428161
56,Sample_S19S_0083_Wat,341.1606173
36,Sample_S19S_0083_Wat,341.1969848
41,Sample_S19S_0083_Wat,342.0467143
17,Sample_S19S_0083_Wat,342.0619966
65,Sample_S19S_0083_Wat,342.0830768
24,Sample_S19S_0083_Wat,342.0983003
32,Sample_S19S_0083_Wat,342.1016758
58,Sample_S19S_0083_Wat,342.1194926
51,Sample_S19S_0083_Wat,342.155837
23,Sample_S19S_0083_Wat,343.0096148
11,Sample_S19S_0083_Wat,343.0129774
58,Sample_S19S_0083_Wat,343.0307124
49,Sample_S19S_0083_Wat,343.0459579
13,Sample_S19S_0083_Wat,343.0492868
55,Sample_S19S_0083_Wat,343.067113
3,Sample_S19S_0083_Wat,343.0702855
9,Sample_S19S_0083_Wat,343.0783969
21,Sample_S19S_0083_Wat,343.0823925
42,Sample_S19S_0083_Wat,343.0857039
108,Sample_S19S_0083_Wat,343.1034685
45,Sample_S19S_0083_Wat,343.1187422
24,Sample_S19S_0083_Wat,343.1220769
21,Sample_S19S_0083_Wat,343.1399075
31,Sample_S19S_0083_Wat,343.1551386
44,Sample_S19S_0083_Wat,343.1762631
30,Sample_S19S_0083_Wat,344.0412523
46,Sample_S19S_0083_Wat,344.0623517
55,Sample_S19S_0083_Wat,344.0775907
20,Sample_S19S_0083_Wat,344.0809341
50,Sample_S19S_0083_Wat,344.0987606
54,Sample_S19S_0083_Wat,344.1139904
21,Sample_S19S_0083_Wat,344.1173262
2,Sample_S19S_0083_Wat,344.1350437
15,Sample_S19S_0083_Wat,344.1715382
62,Sample_S19S_0083_Wat,345.0252491
51,Sample_S19S_0083_Wat,345.0463327
77,Sample_S19S_0083_Wat,345.0616254
34,Sample_S19S_0083_Wat,345.0649742
59,Sample_S19S_0083_Wat,345.0827674
71,Sample_S19S_0083_Wat,345.0980089
26,Sample_S19S_0083_Wat,345.1013399
60,Sample_S19S_0083_Wat,345.1191373
22,Sample_S19S_0083_Wat,345.1344288
35,Sample_S19S_0083_Wat,345.1555412
46,Sample_S19S_0083_Wat,345.170772
31,Sample_S19S_0083_Wat,346.0204903
39,Sample_S19S_0083_Wat,346.0569005
40,Sample_S19S_0083_Wat,346.07802
58,Sample_S19S_0083_Wat,346.0932318
47,Sample_S19S_0083_Wat,346.1143644
48,Sample_S19S_0083_Wat,346.1296472
27,Sample_S19S_0083_Wat,346.1507606
1,Sample_S19S_0083_Wat,346.2154294
52,Sample_S19S_0083_Wat,347.0045152
74,Sample_S19S_0083_Wat,347.0408756
39,Sample_S19S_0083_Wat,347.0620279
97,Sample_S19S_0083_Wat,347.0772564
14,Sample_S19S_0083_Wat,347.0805924
7,Sample_S19S_0083_Wat,347.0885951
27,Sample_S19S_0083_Wat,347.0903002
64,Sample_S19S_0083_Wat,347.0983726
45,Sample_S19S_0083_Wat,347.1136821
32,Sample_S19S_0083_Wat,347.1170036
30,Sample_S19S_0083_Wat,347.1348045
72,Sample_S19S_0083_Wat,347.1500262
11,Sample_S19S_0083_Wat,347.1864695
42,Sample_S19S_0083_Wat,348.0361356
36,Sample_S19S_0083_Wat,348.0725611
70,Sample_S19S_0083_Wat,348.1089104
13,Sample_S19S_0083_Wat,348.1300774
57,Sample_S19S_0083_Wat,348.1452906
1,Sample_S19S_0083_Wat,348.231087
67,Sample_S19S_0083_Wat,349.0201636
7,Sample_S19S_0083_Wat,349.0678584
85,Sample_S19S_0083_Wat,349.0929209
13,Sample_S19S_0083_Wat,349.1042255
22,Sample_S19S_0083_Wat,349.1059291
20,Sample_S19S_0083_Wat,349.1139524
88,Sample_S19S_0083_Wat,349.129303
5,Sample_S19S_0083_Wat,349.1325881
68,Sample_S19S_0083_Wat,349.1656793
13,Sample_S19S_0083_Wat,349.2021049
22,Sample_S19S_0083_Wat,350.0518357
84,Sample_S19S_0083_Wat,350.0881844
30,Sample_S19S_0083_Wat,350.1245924
23,Sample_S19S_0083_Wat,350.1457077
71,Sample_S19S_0083_Wat,351.0357871
82,Sample_S19S_0083_Wat,351.0721501
54,Sample_S19S_0083_Wat,351.1085115
16,Sample_S19S_0083_Wat,351.1198443
24,Sample_S19S_0083_Wat,351.121581
51,Sample_S19S_0083_Wat,351.1449775
47,Sample_S19S_0083_Wat,351.1813076
19,Sample_S19S_0083_Wat,351.2177372
34,Sample_S19S_0083_Wat,352.0310225
35,Sample_S19S_0083_Wat,352.0674721
74,Sample_S19S_0083_Wat,352.1038206
38,Sample_S19S_0083_Wat,352.140233
57,Sample_S19S_0083_Wat,353.0150696
32,Sample_S19S_0083_Wat,353.0303338
57,Sample_S19S_0083_Wat,353.0514753
4,Sample_S19S_0083_Wat,353.0627608
116,Sample_S19S_0083_Wat,353.0878166
26,Sample_S19S_0083_Wat,353.0990962
11,Sample_S19S_0083_Wat,353.1008561
83,Sample_S19S_0083_Wat,353.124233
10,Sample_S19S_0083_Wat,353.1354923
51,Sample_S19S_0083_Wat,353.1605629
34,Sample_S19S_0083_Wat,353.1970034
53,Sample_S19S_0083_Wat,354.0467104
77,Sample_S19S_0083_Wat,354.0830704
13,Sample_S19S_0083_Wat,354.0942884
69,Sample_S19S_0083_Wat,354.1194893
59,Sample_S19S_0083_Wat,354.1558443
29,Sample_S19S_0083_Wat,355.0096063
55,Sample_S19S_0083_Wat,355.0306981
38,Sample_S19S_0083_Wat,355.0459559
10,Sample_S19S_0083_Wat,355.0492579
76,Sample_S19S_0083_Wat,355.0671162
7,Sample_S19S_0083_Wat,355.0784081
6,Sample_S19S_0083_Wat,355.0824171
10,Sample_S19S_0083_Wat,355.0856467
108,Sample_S19S_0083_Wat,355.1034699
49,Sample_S19S_0083_Wat,355.1147135
24,Sample_S19S_0083_Wat,355.1399086
10,Sample_S19S_0083_Wat,355.1584835
55,Sample_S19S_0083_Wat,355.1762476
2,Sample_S19S_0083_Wat,356.0412949
2,Sample_S19S_0083_Wat,356.0446338
68,Sample_S19S_0083_Wat,356.0623586
33,Sample_S19S_0083_Wat,356.0987693
56,Sample_S19S_0083_Wat,356.1350838
36,Sample_S19S_0083_Wat,356.1715182
34,Sample_S19S_0083_Wat,357.0251986
9,Sample_S19S_0083_Wat,357.028543
57,Sample_S19S_0083_Wat,357.046323
56,Sample_S19S_0083_Wat,357.061636
13,Sample_S19S_0083_Wat,357.0649448
92,Sample_S19S_0083_Wat,357.0827228
2,Sample_S19S_0083_Wat,357.0858552
29,Sample_S19S_0083_Wat,357.093958
47,Sample_S19S_0083_Wat,357.0979761
8,Sample_S19S_0083_Wat,357.1012479
27,Sample_S19S_0083_Wat,357.1110353
102,Sample_S19S_0083_Wat,357.1191097
29,Sample_S19S_0083_Wat,357.134414
75,Sample_S19S_0083_Wat,357.1554992
40,Sample_S19S_0083_Wat,357.191896
54,Sample_S19S_0083_Wat,358.0568909
4,Sample_S19S_0083_Wat,358.0602729
52,Sample_S19S_0083_Wat,358.077999
51,Sample_S19S_0083_Wat,358.0932734
17,Sample_S19S_0083_Wat,358.096629
23,Sample_S19S_0083_Wat,358.1507103
51,Sample_S19S_0083_Wat,359.0045133
18,Sample_S19S_0083_Wat,359.0409252
20,Sample_S19S_0083_Wat,359.0442657
63,Sample_S19S_0083_Wat,359.0619959
63,Sample_S19S_0083_Wat,359.077285
48,Sample_S19S_0083_Wat,359.0806207
37,Sample_S19S_0083_Wat,359.0984239
7,Sample_S19S_0083_Wat,359.1169502
57,Sample_S19S_0083_Wat,359.1347452
64,Sample_S19S_0083_Wat,359.1500213
45,Sample_S19S_0083_Wat,359.1711775
52,Sample_S19S_0083_Wat,360.0361542
38,Sample_S19S_0083_Wat,360.093678
53,Sample_S19S_0083_Wat,360.108919
26,Sample_S19S_0083_Wat,360.1664452
53,Sample_S19S_0083_Wat,361.0201475
56,Sample_S19S_0083_Wat,361.056505
16,Sample_S19S_0083_Wat,361.0598496
9,Sample_S19S_0083_Wat,361.0678574
14,Sample_S19S_0083_Wat,361.069538
41,Sample_S19S_0083_Wat,361.077621
5,Sample_S19S_0083_Wat,361.0807807
78,Sample_S19S_0083_Wat,361.0929312
44,Sample_S19S_0083_Wat,361.0962708
49,Sample_S19S_0083_Wat,361.1140532
99,Sample_S19S_0083_Wat,361.1292859
34,Sample_S19S_0083_Wat,361.1423317
59,Sample_S19S_0083_Wat,361.1504109
45,Sample_S19S_0083_Wat,361.1657046
80,Sample_S19S_0083_Wat,362.0881611
20,Sample_S19S_0083_Wat,362.1093336
8,Sample_S19S_0083_Wat,362.1246138
69,Sample_S19S_0083_Wat,363.0357881
56,Sample_S19S_0083_Wat,363.0722122
24,Sample_S19S_0083_Wat,363.0755589
4,Sample_S19S_0083_Wat,363.0835367
32,Sample_S19S_0083_Wat,363.0932688
88,Sample_S19S_0083_Wat,363.108539
4,Sample_S19S_0083_Wat,363.1118361
10,Sample_S19S_0083_Wat,363.1198751
22,Sample_S19S_0083_Wat,363.1215932
38,Sample_S19S_0083_Wat,363.1449786
29,Sample_S19S_0083_Wat,363.1812892
6,Sample_S19S_0083_Wat,363.1943423
49,Sample_S19S_0083_Wat,364.0310639
67,Sample_S19S_0083_Wat,364.0674047
73,Sample_S19S_0083_Wat,364.1038292
70,Sample_S19S_0083_Wat,364.1401707
1,Sample_S19S_0083_Wat,364.2259804
57,Sample_S19S_0083_Wat,365.015069
26,Sample_S19S_0083_Wat,365.0513776
22,Sample_S19S_0083_Wat,365.0627075
10,Sample_S19S_0083_Wat,365.0644569
99,Sample_S19S_0083_Wat,365.0878382
7,Sample_S19S_0083_Wat,365.0911348
14,Sample_S19S_0083_Wat,365.0991282
29,Sample_S19S_0083_Wat,365.1008669
51,Sample_S19S_0083_Wat,365.1241727
3,Sample_S19S_0083_Wat,365.1274365
17,Sample_S19S_0083_Wat,365.137244
24,Sample_S19S_0083_Wat,365.1606438
38,Sample_S19S_0083_Wat,365.1969623
86,Sample_S19S_0083_Wat,366.0830912
78,Sample_S19S_0083_Wat,366.1194629
12,Sample_S19S_0083_Wat,366.1558943
63,Sample_S19S_0083_Wat,367.0306865
95,Sample_S19S_0083_Wat,367.0671094
11,Sample_S19S_0083_Wat,367.0784012
116,Sample_S19S_0083_Wat,367.1034613
25,Sample_S19S_0083_Wat,367.1147643
18,Sample_S19S_0083_Wat,367.1165264
14,Sample_S19S_0083_Wat,367.1399195
52,Sample_S19S_0083_Wat,367.1762158
28,Sample_S19S_0083_Wat,367.2126519
24,Sample_S19S_0083_Wat,368.0623951
93,Sample_S19S_0083_Wat,368.0987097
69,Sample_S19S_0083_Wat,368.1351331
51,Sample_S19S_0083_Wat,368.1714856
19,Sample_S19S_0083_Wat,369.0252119
48,Sample_S19S_0083_Wat,369.0463181
50,Sample_S19S_0083_Wat,369.061629
84,Sample_S19S_0083_Wat,369.0827443
6,Sample_S19S_0083_Wat,369.1012127
25,Sample_S19S_0083_Wat,369.111039
30,Sample_S19S_0083_Wat,369.1190631
73,Sample_S19S_0083_Wat,369.1555194
16,Sample_S19S_0083_Wat,369.1837969
18,Sample_S19S_0083_Wat,369.1918398
63,Sample_S19S_0083_Wat,370.0779692
8,Sample_S19S_0083_Wat,370.1062898
47,Sample_S19S_0083_Wat,370.1507341
22,Sample_S19S_0083_Wat,371.0255725
46,Sample_S19S_0083_Wat,371.0408802
8,Sample_S19S_0083_Wat,371.0441824
72,Sample_S19S_0083_Wat,371.0620102
6,Sample_S19S_0083_Wat,371.0805043
24,Sample_S19S_0083_Wat,371.0902981
47,Sample_S19S_0083_Wat,371.0983408
2,Sample_S19S_0083_Wat,371.1014586
49,Sample_S19S_0083_Wat,371.1136558
5,Sample_S19S_0083_Wat,371.1169082
60,Sample_S19S_0083_Wat,371.1347918
54,Sample_S19S_0083_Wat,371.1500297
55,Sample_S19S_0083_Wat,371.171134
39,Sample_S19S_0083_Wat,372.0361265
37,Sample_S19S_0083_Wat,372.0572277
10,Sample_S19S_0083_Wat,372.0855522
12,Sample_S19S_0083_Wat,372.1219416
60,Sample_S19S_0083_Wat,372.1300076
43,Sample_S19S_0083_Wat,372.1663973
32,Sample_S19S_0083_Wat,373.0201141
10,Sample_S19S_0083_Wat,373.02348
43,Sample_S19S_0083_Wat,373.0412407
72,Sample_S19S_0083_Wat,373.0565482
21,Sample_S19S_0083_Wat,373.0599109
35,Sample_S19S_0083_Wat,373.0776886
4,Sample_S19S_0083_Wat,373.0807779
48,Sample_S19S_0083_Wat,373.09294
20,Sample_S19S_0083_Wat,373.0962346
33,Sample_S19S_0083_Wat,373.1059583
62,Sample_S19S_0083_Wat,373.1140108
2,Sample_S19S_0083_Wat,373.1171335
3,Sample_S19S_0083_Wat,373.1325699
19,Sample_S19S_0083_Wat,373.1504711
16,Sample_S19S_0083_Wat,373.1657318
39,Sample_S19S_0083_Wat,373.1867821
7,Sample_S19S_0083_Wat,374.0729636
3,Sample_S19S_0083_Wat,374.1011509
16,Sample_S19S_0083_Wat,374.1245961
45,Sample_S19S_0083_Wat,374.1456527
26,Sample_S19S_0083_Wat,375.0358416
19,Sample_S19S_0083_Wat,375.0569615
75,Sample_S19S_0083_Wat,375.0721973
40,Sample_S19S_0083_Wat,375.0755416
25,Sample_S19S_0083_Wat,375.0852221
46,Sample_S19S_0083_Wat,375.0932745
3,Sample_S19S_0083_Wat,375.0964463
9,Sample_S19S_0083_Wat,375.1118457
38,Sample_S19S_0083_Wat,375.1297066
81,Sample_S19S_0083_Wat,375.1449442
31,Sample_S19S_0083_Wat,375.1579842
23,Sample_S19S_0083_Wat,375.1660121
33,Sample_S19S_0083_Wat,375.1812892
15,Sample_S19S_0083_Wat,375.194367
26,Sample_S19S_0083_Wat,376.031082
63,Sample_S19S_0083_Wat,376.0674564
31,Sample_S19S_0083_Wat,376.1249335
34,Sample_S19S_0083_Wat,377.0150486
78,Sample_S19S_0083_Wat,377.0514538
2,Sample_S19S_0083_Wat,377.0627857
60,Sample_S19S_0083_Wat,377.0877952
10,Sample_S19S_0083_Wat,377.0911145
16,Sample_S19S_0083_Wat,377.0991254
15,Sample_S19S_0083_Wat,377.100823
12,Sample_S19S_0083_Wat,377.1088705
97,Sample_S19S_0083_Wat,377.1241915
5,Sample_S19S_0083_Wat,377.1274434
29,Sample_S19S_0083_Wat,377.1372608
31,Sample_S19S_0083_Wat,377.1453086
63,Sample_S19S_0083_Wat,377.1606102
20,Sample_S19S_0083_Wat,377.1735945
22,Sample_S19S_0083_Wat,377.1969233
24,Sample_S19S_0083_Wat,378.0466478
65,Sample_S19S_0083_Wat,378.0831073
88,Sample_S19S_0083_Wat,378.1194361
67,Sample_S19S_0083_Wat,378.1558494
64,Sample_S19S_0083_Wat,379.0307221
28,Sample_S19S_0083_Wat,379.0670295
32,Sample_S19S_0083_Wat,379.0783458
116,Sample_S19S_0083_Wat,379.1034645
7,Sample_S19S_0083_Wat,379.1067259
18,Sample_S19S_0083_Wat,379.1147799
29,Sample_S19S_0083_Wat,379.1165229
96,Sample_S19S_0083_Wat,379.1398402
20,Sample_S19S_0083_Wat,379.1528588
67,Sample_S19S_0083_Wat,379.1762343
24,Sample_S19S_0083_Wat,379.2126518
81,Sample_S19S_0083_Wat,380.0987084
89,Sample_S19S_0083_Wat,380.1350974
30,Sample_S19S_0083_Wat,380.1715321
4,Sample_S19S_0083_Wat,381.0285164
68,Sample_S19S_0083_Wat,381.0463502
12,Sample_S19S_0083_Wat,381.0576349
32,Sample_S19S_0083_Wat,381.0826619
43,Sample_S19S_0083_Wat,381.0939738
105,Sample_S19S_0083_Wat,381.1191186
20,Sample_S19S_0083_Wat,381.1304071
25,Sample_S19S_0083_Wat,381.1321708
93,Sample_S19S_0083_Wat,381.1555031
9,Sample_S19S_0083_Wat,381.1684945
41,Sample_S19S_0083_Wat,381.1918695
36,Sample_S19S_0083_Wat,382.0415806
2,Sample_S19S_0083_Wat,382.0567444
67,Sample_S19S_0083_Wat,382.0779661
86,Sample_S19S_0083_Wat,382.1143936
1,Sample_S19S_0083_Wat,382.1255235
19,Sample_S19S_0083_Wat,382.1507159
17,Sample_S19S_0083_Wat,383.0044733
27,Sample_S19S_0083_Wat,383.0255766
11,Sample_S19S_0083_Wat,383.040804
42,Sample_S19S_0083_Wat,383.0619616
46,Sample_S19S_0083_Wat,383.0772634
5,Sample_S19S_0083_Wat,383.0804294
107,Sample_S19S_0083_Wat,383.0983806
24,Sample_S19S_0083_Wat,383.1095949
27,Sample_S19S_0083_Wat,383.1266887
36,Sample_S19S_0083_Wat,383.1347075
39,Sample_S19S_0083_Wat,383.1711132
39,Sample_S19S_0083_Wat,383.2075249
8,Sample_S19S_0083_Wat,384.0360658
38,Sample_S19S_0083_Wat,384.0572385
68,Sample_S19S_0083_Wat,384.0936599
43,Sample_S19S_0083_Wat,384.1664077
18,Sample_S19S_0083_Wat,385.0201172
9,Sample_S19S_0083_Wat,385.0234761
21,Sample_S19S_0083_Wat,385.0412026
40,Sample_S19S_0083_Wat,385.0564963
6,Sample_S19S_0083_Wat,385.0597522
85,Sample_S19S_0083_Wat,385.0776412
36,Sample_S19S_0083_Wat,385.0888784
59,Sample_S19S_0083_Wat,385.0929264
10,Sample_S19S_0083_Wat,385.0961706
42,Sample_S19S_0083_Wat,385.1139909
34,Sample_S19S_0083_Wat,385.1292595
2,Sample_S19S_0083_Wat,385.1324986
26,Sample_S19S_0083_Wat,385.1423072
44,Sample_S19S_0083_Wat,385.1503825
40,Sample_S19S_0083_Wat,385.1868285
21,Sample_S19S_0083_Wat,386.0154196
10,Sample_S19S_0083_Wat,386.0517072
43,Sample_S19S_0083_Wat,386.0728862
64,Sample_S19S_0083_Wat,386.0881802
9,Sample_S19S_0083_Wat,386.1012164
60,Sample_S19S_0083_Wat,386.1093009
57,Sample_S19S_0083_Wat,386.1245256
44,Sample_S19S_0083_Wat,386.1820531
63,Sample_S19S_0083_Wat,387.0358113
23,Sample_S19S_0083_Wat,387.0568488
17,Sample_S19S_0083_Wat,387.0721252
5,Sample_S19S_0083_Wat,387.075423
15,Sample_S19S_0083_Wat,387.0851909
31,Sample_S19S_0083_Wat,387.0932457
2,Sample_S19S_0083_Wat,387.0962706
83,Sample_S19S_0083_Wat,387.1085636
6,Sample_S19S_0083_Wat,387.1118261
88,Sample_S19S_0083_Wat,387.1296791
23,Sample_S19S_0083_Wat,387.1579654
14,Sample_S19S_0083_Wat,387.1659841
27,Sample_S19S_0083_Wat,387.1812925
16,Sample_S19S_0083_Wat,387.19436
38,Sample_S19S_0083_Wat,387.2024406
10,Sample_S19S_0083_Wat,388.0309868
73,Sample_S19S_0083_Wat,388.0674506
48,Sample_S19S_0083_Wat,388.1037783
2,Sample_S19S_0083_Wat,388.1167563
54,Sample_S19S_0083_Wat,388.1249219
60,Sample_S19S_0083_Wat,388.1401722
7,Sample_S19S_0083_Wat,388.1532161
31,Sample_S19S_0083_Wat,389.0150297
50,Sample_S19S_0083_Wat,389.051417
6,Sample_S19S_0083_Wat,389.054731
9,Sample_S19S_0083_Wat,389.0644457
21,Sample_S19S_0083_Wat,389.0724972
78,Sample_S19S_0083_Wat,389.0878118
14,Sample_S19S_0083_Wat,389.0911204
24,Sample_S19S_0083_Wat,389.1008827
38,Sample_S19S_0083_Wat,389.108981
95,Sample_S19S_0083_Wat,389.1242045
24,Sample_S19S_0083_Wat,389.1372295
17,Sample_S19S_0083_Wat,389.1452618
33,Sample_S19S_0083_Wat,389.1605387
22,Sample_S19S_0083_Wat,389.1736085
45,Sample_S19S_0083_Wat,389.1969883
38,Sample_S19S_0083_Wat,390.0466839
83,Sample_S19S_0083_Wat,390.083092
35,Sample_S19S_0083_Wat,391.0307447
49,Sample_S19S_0083_Wat,391.0670531
11,Sample_S19S_0083_Wat,391.070384
17,Sample_S19S_0083_Wat,391.0881255
51,Sample_S19S_0083_Wat,391.1034381
8,Sample_S19S_0083_Wat,391.1066925
26,Sample_S19S_0083_Wat,391.1245591
52,Sample_S19S_0083_Wat,391.1398852
17,Sample_S19S_0083_Wat,391.1528412
39,Sample_S19S_0083_Wat,391.1762035
13,Sample_S19S_0083_Wat,391.1892281
32,Sample_S19S_0083_Wat,391.212612
21,Sample_S19S_0083_Wat,392.0259958
55,Sample_S19S_0083_Wat,392.06231
84,Sample_S19S_0083_Wat,392.098752
27,Sample_S19S_0083_Wat,392.1198706
73,Sample_S19S_0083_Wat,392.1351125
46,Sample_S19S_0083_Wat,393.0463154
83,Sample_S19S_0083_Wat,393.0827628
8,Sample_S19S_0083_Wat,393.0940727
91,Sample_S19S_0083_Wat,393.1191285
16,Sample_S19S_0083_Wat,393.1321265
2,Sample_S19S_0083_Wat,393.1475032
46,Sample_S19S_0083_Wat,393.1554711
18,Sample_S19S_0083_Wat,393.1685262
22,Sample_S19S_0083_Wat,393.1919402
12,Sample_S19S_0083_Wat,393.2282185
41,Sample_S19S_0083_Wat,394.0415806
48,Sample_S19S_0083_Wat,394.078026
54,Sample_S19S_0083_Wat,394.1144108
43,Sample_S19S_0083_Wat,394.18716
32,Sample_S19S_0083_Wat,395.0255818
58,Sample_S19S_0083_Wat,395.0619708
19,Sample_S19S_0083_Wat,395.0732837
55,Sample_S19S_0083_Wat,395.0984243
121,Sample_S19S_0083_Wat,395.1347697
16,Sample_S19S_0083_Wat,395.1477706
54,Sample_S19S_0083_Wat,395.171191
14,Sample_S19S_0083_Wat,395.2075813
73,Sample_S19S_0083_Wat,396.0936653
46,Sample_S19S_0083_Wat,396.13006
67,Sample_S19S_0083_Wat,396.1664019
10,Sample_S19S_0083_Wat,397.0200883
47,Sample_S19S_0083_Wat,397.0412485
35,Sample_S19S_0083_Wat,397.0565368
7,Sample_S19S_0083_Wat,397.0597441
30,Sample_S19S_0083_Wat,397.0775828
3,Sample_S19S_0083_Wat,397.0960818
19,Sample_S19S_0083_Wat,397.1059758
72,Sample_S19S_0083_Wat,397.1140135
51,Sample_S19S_0083_Wat,397.1252995
4,Sample_S19S_0083_Wat,397.1325142
92,Sample_S19S_0083_Wat,397.1504225
27,Sample_S19S_0083_Wat,397.1867602
24,Sample_S19S_0083_Wat,397.2232052
61,Sample_S19S_0083_Wat,398.0729329
6,Sample_S19S_0083_Wat,398.1011943
2,Sample_S19S_0083_Wat,398.1375215
72,Sample_S19S_0083_Wat,398.1456531
47,Sample_S19S_0083_Wat,398.182038
26,Sample_S19S_0083_Wat,398.9994202
11,Sample_S19S_0083_Wat,399.0356696
2,Sample_S19S_0083_Wat,399.0390544
18,Sample_S19S_0083_Wat,399.0568344
33,Sample_S19S_0083_Wat,399.0721389
4,Sample_S19S_0083_Wat,399.0753668
23,Sample_S19S_0083_Wat,399.085227
65,Sample_S19S_0083_Wat,399.0932727
20,Sample_S19S_0083_Wat,399.1086044
7,Sample_S19S_0083_Wat,399.1117451
68,Sample_S19S_0083_Wat,399.1296635
1,Sample_S19S_0083_Wat,399.1480952
14,Sample_S19S_0083_Wat,399.1579458
6,Sample_S19S_0083_Wat,399.1659287
15,Sample_S19S_0083_Wat,399.1943775
39,Sample_S19S_0083_Wat,399.2024375
21,Sample_S19S_0083_Wat,400.0310423
23,Sample_S19S_0083_Wat,400.0674729
45,Sample_S19S_0083_Wat,400.1037744
4,Sample_S19S_0083_Wat,400.1167843
41,Sample_S19S_0083_Wat,400.1249077
49,Sample_S19S_0083_Wat,400.1401965
38,Sample_S19S_0083_Wat,401.0150794
69,Sample_S19S_0083_Wat,401.0514549
12,Sample_S19S_0083_Wat,401.0547584
12,Sample_S19S_0083_Wat,401.0644945
24,Sample_S19S_0083_Wat,401.0725084
2,Sample_S19S_0083_Wat,401.0755157
67,Sample_S19S_0083_Wat,401.0878209
7,Sample_S19S_0083_Wat,401.0910681
57,Sample_S19S_0083_Wat,401.1089631
2,Sample_S19S_0083_Wat,401.1119991
74,Sample_S19S_0083_Wat,401.1453284
61,Sample_S19S_0083_Wat,401.1605804
18,Sample_S19S_0083_Wat,401.1736033
17,Sample_S19S_0083_Wat,401.1816514
17,Sample_S19S_0083_Wat,401.1969344
15,Sample_S19S_0083_Wat,401.2100146
30,Sample_S19S_0083_Wat,402.0466811
18,Sample_S19S_0083_Wat,402.0831391
5,Sample_S19S_0083_Wat,402.1042761
11,Sample_S19S_0083_Wat,402.1195259
37,Sample_S19S_0083_Wat,402.1405573
13,Sample_S19S_0083_Wat,403.0305846
7,Sample_S19S_0083_Wat,403.0437271
17,Sample_S19S_0083_Wat,403.0517845
81,Sample_S19S_0083_Wat,403.0671122
14,Sample_S19S_0083_Wat,403.0704072
59,Sample_S19S_0083_Wat,403.0881974
2,Sample_S19S_0083_Wat,403.0913079
69,Sample_S19S_0083_Wat,403.1034476
5,Sample_S19S_0083_Wat,403.1066431
21,Sample_S19S_0083_Wat,403.1164656
22,Sample_S19S_0083_Wat,403.1245163
84,Sample_S19S_0083_Wat,403.1398463
31,Sample_S19S_0083_Wat,403.1529106
32,Sample_S19S_0083_Wat,403.1609357
31,Sample_S19S_0083_Wat,403.1762826
27,Sample_S19S_0083_Wat,403.1973716
34,Sample_S19S_0083_Wat,403.2126282
18,Sample_S19S_0083_Wat,404.025924
78,Sample_S19S_0083_Wat,404.0623618
31,Sample_S19S_0083_Wat,404.0834492
78,Sample_S19S_0083_Wat,404.1351085
50,Sample_S19S_0083_Wat,404.1715089
21,Sample_S19S_0083_Wat,404.1926065
10,Sample_S19S_0083_Wat,405.0098791
72,Sample_S19S_0083_Wat,405.0463718
49,Sample_S19S_0083_Wat,405.0827082
5,Sample_S19S_0083_Wat,405.0859264
7,Sample_S19S_0083_Wat,405.103722
32,Sample_S19S_0083_Wat,405.1190623
25,Sample_S19S_0083_Wat,405.1321292
12,Sample_S19S_0083_Wat,405.1401404
50,Sample_S19S_0083_Wat,405.1555362
26,Sample_S19S_0083_Wat,405.1685606
39,Sample_S19S_0083_Wat,405.1918632
6,Sample_S19S_0083_Wat,405.2048711
26,Sample_S19S_0083_Wat,406.041642
7,Sample_S19S_0083_Wat,406.0990792
84,Sample_S19S_0083_Wat,406.1143545
21,Sample_S19S_0083_Wat,407.0255705
65,Sample_S19S_0083_Wat,407.0620299
96,Sample_S19S_0083_Wat,407.0983755
2,Sample_S19S_0083_Wat,407.1015177
77,Sample_S19S_0083_Wat,407.1347505
22,Sample_S19S_0083_Wat,407.1477958
11,Sample_S19S_0083_Wat,407.1712237
17,Sample_S19S_0083_Wat,407.2075913
80,Sample_S19S_0083_Wat,408.0936661
98,Sample_S19S_0083_Wat,408.1300077
25,Sample_S19S_0083_Wat,409.0412228
29,Sample_S19S_0083_Wat,409.07757
22,Sample_S19S_0083_Wat,409.0889394
91,Sample_S19S_0083_Wat,409.1140221
98,Sample_S19S_0083_Wat,409.1504235
9,Sample_S19S_0083_Wat,409.1633923
11,Sample_S19S_0083_Wat,409.1787026
18,Sample_S19S_0083_Wat,409.1867344
39,Sample_S19S_0083_Wat,409.2231724
61,Sample_S19S_0083_Wat,410.0729191
20,Sample_S19S_0083_Wat,410.1092388
75,Sample_S19S_0083_Wat,410.1456867
28,Sample_S19S_0083_Wat,411.0205049
8,Sample_S19S_0083_Wat,411.0357156
21,Sample_S19S_0083_Wat,411.0568579
74,Sample_S19S_0083_Wat,411.0933142
86,Sample_S19S_0083_Wat,411.1296933
4,Sample_S19S_0083_Wat,411.1482057
30,Sample_S19S_0083_Wat,411.1579879
49,Sample_S19S_0083_Wat,411.1660419
21,Sample_S19S_0083_Wat,412.0521769
45,Sample_S19S_0083_Wat,412.0885256
2,Sample_S19S_0083_Wat,412.116775
66,Sample_S19S_0083_Wat,412.1249118
18,Sample_S19S_0083_Wat,413.0150329
26,Sample_S19S_0083_Wat,413.0361429
5,Sample_S19S_0083_Wat,413.0513424
5,Sample_S19S_0083_Wat,413.0546664
10,Sample_S19S_0083_Wat,413.06446
10,Sample_S19S_0083_Wat,413.072442
37,Sample_S19S_0083_Wat,413.087795
24,Sample_S19S_0083_Wat,413.1008794
82,Sample_S19S_0083_Wat,413.1089345
18,Sample_S19S_0083_Wat,413.1372735
27,Sample_S19S_0083_Wat,413.1452768
5,Sample_S19S_0083_Wat,413.1605228
2,Sample_S19S_0083_Wat,413.1637843
20,Sample_S19S_0083_Wat,413.1736056
15,Sample_S19S_0083_Wat,413.1816156
13,Sample_S19S_0083_Wat,413.2100122
19,Sample_S19S_0083_Wat,413.2180661
22,Sample_S19S_0083_Wat,414.0831299
6,Sample_S19S_0083_Wat,414.0961038
24,Sample_S19S_0083_Wat,415.0306688
23,Sample_S19S_0083_Wat,415.0518724
7,Sample_S19S_0083_Wat,415.0671726
12,Sample_S19S_0083_Wat,415.0704085
8,Sample_S19S_0083_Wat,415.080159
57,Sample_S19S_0083_Wat,415.0881916
2,Sample_S19S_0083_Wat,415.0912805
60,Sample_S19S_0083_Wat,415.1034568
6,Sample_S19S_0083_Wat,415.1066895
15,Sample_S19S_0083_Wat,415.1164835
38,Sample_S19S_0083_Wat,415.1245406
5,Sample_S19S_0083_Wat,415.1430564
21,Sample_S19S_0083_Wat,415.1529316
58,Sample_S19S_0083_Wat,415.1609859
9,Sample_S19S_0083_Wat,415.1763155
32,Sample_S19S_0083_Wat,415.1973464
37,Sample_S19S_0083_Wat,416.0623295
10,Sample_S19S_0083_Wat,416.0986591
5,Sample_S19S_0083_Wat,416.1115895
72,Sample_S19S_0083_Wat,416.1351142
16,Sample_S19S_0083_Wat,416.1925804
35,Sample_S19S_0083_Wat,417.009975
41,Sample_S19S_0083_Wat,417.0463346
8,Sample_S19S_0083_Wat,417.0593749
20,Sample_S19S_0083_Wat,417.0674105
25,Sample_S19S_0083_Wat,417.0826722
9,Sample_S19S_0083_Wat,417.085967
14,Sample_S19S_0083_Wat,417.0957124
23,Sample_S19S_0083_Wat,417.1037889
82,Sample_S19S_0083_Wat,417.1191101
5,Sample_S19S_0083_Wat,417.1223013
38,Sample_S19S_0083_Wat,417.1321667
42,Sample_S19S_0083_Wat,417.1402188
72,Sample_S19S_0083_Wat,417.1555165
1,Sample_S19S_0083_Wat,417.1586377
37,Sample_S19S_0083_Wat,417.1685514
14,Sample_S19S_0083_Wat,417.1765666
6,Sample_S19S_0083_Wat,417.2048604
16,Sample_S19S_0083_Wat,418.0416648
54,Sample_S19S_0083_Wat,418.0779721
21,Sample_S19S_0083_Wat,418.1144292
1,Sample_S19S_0083_Wat,418.1508546
33,Sample_S19S_0083_Wat,419.0256123
41,Sample_S19S_0083_Wat,419.0619721
9,Sample_S19S_0083_Wat,419.0652534
8,Sample_S19S_0083_Wat,419.0829959
13,Sample_S19S_0083_Wat,419.0982983
2,Sample_S19S_0083_Wat,419.1015327
8,Sample_S19S_0083_Wat,419.1113471
9,Sample_S19S_0083_Wat,419.1194106
92,Sample_S19S_0083_Wat,419.1347745
25,Sample_S19S_0083_Wat,419.1478319
21,Sample_S19S_0083_Wat,419.1558387
44,Sample_S19S_0083_Wat,419.1711927
28,Sample_S19S_0083_Wat,419.1842051
44,Sample_S19S_0083_Wat,419.207525
52,Sample_S19S_0083_Wat,420.0572817
46,Sample_S19S_0083_Wat,421.0412704
7,Sample_S19S_0083_Wat,421.0525709
23,Sample_S19S_0083_Wat,421.0777047
101,Sample_S19S_0083_Wat,421.1140346
3,Sample_S19S_0083_Wat,421.117183
13,Sample_S19S_0083_Wat,421.1270174
86,Sample_S19S_0083_Wat,421.1504292
1,Sample_S19S_0083_Wat,421.1552081
20,Sample_S19S_0083_Wat,421.1634511
23,Sample_S19S_0083_Wat,421.1868654
3,Sample_S19S_0083_Wat,421.2232692
1,Sample_S19S_0083_Wat,421.2265386
4,Sample_S19S_0083_Wat,422.0364426
61,Sample_S19S_0083_Wat,422.0728802
37,Sample_S19S_0083_Wat,422.1093338
55,Sample_S19S_0083_Wat,423.0569089
31,Sample_S19S_0083_Wat,423.093231
12,Sample_S19S_0083_Wat,423.1046157
107,Sample_S19S_0083_Wat,423.1296813
32,Sample_S19S_0083_Wat,423.1661225
16,Sample_S19S_0083_Wat,423.179095
50,Sample_S19S_0083_Wat,423.2024382
10,Sample_S19S_0083_Wat,423.2387546
14,Sample_S19S_0083_Wat,424.0522173
3,Sample_S19S_0083_Wat,424.0886497
52,Sample_S19S_0083_Wat,424.1249783
44,Sample_S19S_0083_Wat,425.0361852
16,Sample_S19S_0083_Wat,425.1008972
52,Sample_S19S_0083_Wat,425.1089252
3,Sample_S19S_0083_Wat,425.120287
19,Sample_S19S_0083_Wat,425.1453873
52,Sample_S19S_0083_Wat,425.1816982
2,Sample_S19S_0083_Wat,425.2178813
10,Sample_S19S_0083_Wat,426.0831471
73,Sample_S19S_0083_Wat,426.1405881
65,Sample_S19S_0083_Wat,426.1769689
13,Sample_S19S_0083_Wat,427.0307487
17,Sample_S19S_0083_Wat,427.0518808
7,Sample_S19S_0083_Wat,427.0801714
43,Sample_S19S_0083_Wat,427.088175
38,Sample_S19S_0083_Wat,427.1035014
4,Sample_S19S_0083_Wat,427.106705
17,Sample_S19S_0083_Wat,427.1165345
78,Sample_S19S_0083_Wat,427.1245871
3,Sample_S19S_0083_Wat,427.1399769
5,Sample_S19S_0083_Wat,427.1431663
5,Sample_S19S_0083_Wat,427.1610597
34,Sample_S19S_0083_Wat,427.1973395
3,Sample_S19S_0083_Wat,428.0259138
18,Sample_S19S_0083_Wat,428.0622933
55,Sample_S19S_0083_Wat,428.0987544
12,Sample_S19S_0083_Wat,428.1117671
40,Sample_S19S_0083_Wat,428.1562791
14,Sample_S19S_0083_Wat,428.1925676
13,Sample_S19S_0083_Wat,429.0099567
31,Sample_S19S_0083_Wat,429.0463286
43,Sample_S19S_0083_Wat,429.067488
2,Sample_S19S_0083_Wat,429.0829209
12,Sample_S19S_0083_Wat,429.0861392
10,Sample_S19S_0083_Wat,429.1039457
5,Sample_S19S_0083_Wat,429.1192381
14,Sample_S19S_0083_Wat,429.1224523
67,Sample_S19S_0083_Wat,429.1402424
26,Sample_S19S_0083_Wat,429.1555582
1,Sample_S19S_0083_Wat,429.1587517
30,Sample_S19S_0083_Wat,429.1685491
27,Sample_S19S_0083_Wat,429.1765924
39,Sample_S19S_0083_Wat,429.1919036
28,Sample_S19S_0083_Wat,429.2129876
25,Sample_S19S_0083_Wat,430.0416122
17,Sample_S19S_0083_Wat,430.0627483
15,Sample_S19S_0083_Wat,430.0780537
38,Sample_S19S_0083_Wat,430.0991542
78,Sample_S19S_0083_Wat,430.1143962
52,Sample_S19S_0083_Wat,430.1354817
13,Sample_S19S_0083_Wat,430.2083192
26,Sample_S19S_0083_Wat,431.0256563
67,Sample_S19S_0083_Wat,431.0620177
44,Sample_S19S_0083_Wat,431.083125
74,Sample_S19S_0083_Wat,431.098388
16,Sample_S19S_0083_Wat,431.1113826
30,Sample_S19S_0083_Wat,431.1194411
33,Sample_S19S_0083_Wat,431.1347291
3,Sample_S19S_0083_Wat,431.1378968
26,Sample_S19S_0083_Wat,431.1477957
25,Sample_S19S_0083_Wat,431.1558407
34,Sample_S19S_0083_Wat,431.1711879
2,Sample_S19S_0083_Wat,431.1744536
20,Sample_S19S_0083_Wat,431.1922364
17,Sample_S19S_0083_Wat,431.2076023
4,Sample_S19S_0083_Wat,431.2206124
12,Sample_S19S_0083_Wat,432.020878
10,Sample_S19S_0083_Wat,432.0573233
23,Sample_S19S_0083_Wat,432.078404
89,Sample_S19S_0083_Wat,432.093661
85,Sample_S19S_0083_Wat,432.1300404
1,Sample_S19S_0083_Wat,432.1665051
5,Sample_S19S_0083_Wat,432.1876103
49,Sample_S19S_0083_Wat,433.0412948
75,Sample_S19S_0083_Wat,433.077665
10,Sample_S19S_0083_Wat,433.0906617
14,Sample_S19S_0083_Wat,433.0986887
27,Sample_S19S_0083_Wat,433.1139658
8,Sample_S19S_0083_Wat,433.1269982
5,Sample_S19S_0083_Wat,433.13501
32,Sample_S19S_0083_Wat,433.1503758
27,Sample_S19S_0083_Wat,433.1634586
37,Sample_S19S_0083_Wat,433.1868494
11,Sample_S19S_0083_Wat,433.1998888
35,Sample_S19S_0083_Wat,433.223189
12,Sample_S19S_0083_Wat,434.072975
23,Sample_S19S_0083_Wat,434.1093421
9,Sample_S19S_0083_Wat,435.0204588
43,Sample_S19S_0083_Wat,435.0569041
76,Sample_S19S_0083_Wat,435.093324
32,Sample_S19S_0083_Wat,435.1296329
4,Sample_S19S_0083_Wat,435.1426364
1,Sample_S19S_0083_Wat,435.160379
26,Sample_S19S_0083_Wat,435.1659973
17,Sample_S19S_0083_Wat,435.1790631
59,Sample_S19S_0083_Wat,435.2024665
10,Sample_S19S_0083_Wat,435.2155119
8,Sample_S19S_0083_Wat,435.238903
24,Sample_S19S_0083_Wat,436.0521427
28,Sample_S19S_0083_Wat,436.0886111
7,Sample_S19S_0083_Wat,436.1250197
33,Sample_S19S_0083_Wat,437.0361523
25,Sample_S19S_0083_Wat,437.072483
19,Sample_S19S_0083_Wat,437.0837898
26,Sample_S19S_0083_Wat,437.1088959
62,Sample_S19S_0083_Wat,437.1453651
20,Sample_S19S_0083_Wat,437.158378
1,Sample_S19S_0083_Wat,437.1737814
53,Sample_S19S_0083_Wat,437.1817485
10,Sample_S19S_0083_Wat,437.1946984
11,Sample_S19S_0083_Wat,437.2180272
17,Sample_S19S_0083_Wat,438.0678822
78,Sample_S19S_0083_Wat,438.1405683
2,Sample_S19S_0083_Wat,439.030563
18,Sample_S19S_0083_Wat,439.051737
11,Sample_S19S_0083_Wat,439.0670176
71,Sample_S19S_0083_Wat,439.0882098
85,Sample_S19S_0083_Wat,439.1246064
58,Sample_S19S_0083_Wat,439.1358561
15,Sample_S19S_0083_Wat,439.1529344
35,Sample_S19S_0083_Wat,439.1609425
22,Sample_S19S_0083_Wat,439.1892886
22,Sample_S19S_0083_Wat,439.1973056
48,Sample_S19S_0083_Wat,440.0834468
37,Sample_S19S_0083_Wat,440.1198163
6,Sample_S19S_0083_Wat,441.0098592
11,Sample_S19S_0083_Wat,441.0462365
31,Sample_S19S_0083_Wat,441.0674409
35,Sample_S19S_0083_Wat,441.0827166
10,Sample_S19S_0083_Wat,441.0860426
40,Sample_S19S_0083_Wat,441.1039049
14,Sample_S19S_0083_Wat,441.1191742
57,Sample_S19S_0083_Wat,441.1402285
16,Sample_S19S_0083_Wat,441.168514
25,Sample_S19S_0083_Wat,441.1765589
13,Sample_S19S_0083_Wat,441.2049192
12,Sample_S19S_0083_Wat,441.2129575
15,Sample_S19S_0083_Wat,442.0779366
12,Sample_S19S_0083_Wat,442.0990637
21,Sample_S19S_0083_Wat,442.135461
13,Sample_S19S_0083_Wat,442.1637834
15,Sample_S19S_0083_Wat,443.0255061
18,Sample_S19S_0083_Wat,443.0466588
15,Sample_S19S_0083_Wat,443.061884
11,Sample_S19S_0083_Wat,443.0749837
32,Sample_S19S_0083_Wat,443.0830557
42,Sample_S19S_0083_Wat,443.0984287
6,Sample_S19S_0083_Wat,443.1016577
18,Sample_S19S_0083_Wat,443.1114516
65,Sample_S19S_0083_Wat,443.119518
4,Sample_S19S_0083_Wat,443.1348538
9,Sample_S19S_0083_Wat,443.1380667
19,Sample_S19S_0083_Wat,443.1478565
57,Sample_S19S_0083_Wat,443.1558944
27,Sample_S19S_0083_Wat,443.1711201
5,Sample_S19S_0083_Wat,443.1743827
24,Sample_S19S_0083_Wat,443.1841796
16,Sample_S19S_0083_Wat,443.1922057
10,Sample_S19S_0083_Wat,443.2205255
50,Sample_S19S_0083_Wat,444.0572726
23,Sample_S19S_0083_Wat,444.093696
16,Sample_S19S_0083_Wat,444.1299715
37,Sample_S19S_0083_Wat,445.0412697
35,Sample_S19S_0083_Wat,445.0623769
36,Sample_S19S_0083_Wat,445.0776178
3,Sample_S19S_0083_Wat,445.0808638
16,Sample_S19S_0083_Wat,445.0986624
2,Sample_S19S_0083_Wat,445.1083593
18,Sample_S19S_0083_Wat,445.1139537
5,Sample_S19S_0083_Wat,445.1171907
17,Sample_S19S_0083_Wat,445.127011
12,Sample_S19S_0083_Wat,445.1350548
33,Sample_S19S_0083_Wat,445.1503907
4,Sample_S19S_0083_Wat,445.1536246
36,Sample_S19S_0083_Wat,445.1634705
49,Sample_S19S_0083_Wat,445.1715289
41,Sample_S19S_0083_Wat,445.1868428
30,Sample_S19S_0083_Wat,445.2079177
21,Sample_S19S_0083_Wat,446.0728598
2,Sample_S19S_0083_Wat,446.0939418
53,Sample_S19S_0083_Wat,446.1092739
34,Sample_S19S_0083_Wat,446.1457127
12,Sample_S19S_0083_Wat,447.0204695
8,Sample_S19S_0083_Wat,447.056785
6,Sample_S19S_0083_Wat,447.0698296
6,Sample_S19S_0083_Wat,447.0779114
16,Sample_S19S_0083_Wat,447.09323
18,Sample_S19S_0083_Wat,447.114388
77,Sample_S19S_0083_Wat,447.1297048
29,Sample_S19S_0083_Wat,447.1427418
75,Sample_S19S_0083_Wat,447.1660641
24,Sample_S19S_0083_Wat,447.179104
18,Sample_S19S_0083_Wat,447.2023724
5,Sample_S19S_0083_Wat,447.2154152
6,Sample_S19S_0083_Wat,448.0520882
72,Sample_S19S_0083_Wat,448.088573
20,Sample_S19S_0083_Wat,448.1096972
14,Sample_S19S_0083_Wat,449.0360637
22,Sample_S19S_0083_Wat,449.0724952
89,Sample_S19S_0083_Wat,449.1089599
17,Sample_S19S_0083_Wat,449.1219859
81,Sample_S19S_0083_Wat,449.1453221
24,Sample_S19S_0083_Wat,449.1583358
28,Sample_S19S_0083_Wat,449.1816462
4,Sample_S19S_0083_Wat,449.1946593
12,Sample_S19S_0083_Wat,449.2180299
19,Sample_S19S_0083_Wat,451.0517204
36,Sample_S19S_0083_Wat,451.0881744
62,Sample_S19S_0083_Wat,451.124616
38,Sample_S19S_0083_Wat,451.1609528
10,Sample_S19S_0083_Wat,451.1739524
10,Sample_S19S_0083_Wat,451.189303
8,Sample_S19S_0083_Wat,451.1972791
13,Sample_S19S_0083_Wat,451.2336787
2,Sample_S19S_0083_Wat,452.0469724
46,Sample_S19S_0083_Wat,452.0834394
19,Sample_S19S_0083_Wat,452.1199139
20,Sample_S19S_0083_Wat,453.0310814
9,Sample_S19S_0083_Wat,453.0462824
23,Sample_S19S_0083_Wat,453.0673983
16,Sample_S19S_0083_Wat,453.1037558
14,Sample_S19S_0083_Wat,453.1321972
45,Sample_S19S_0083_Wat,453.140211
2,Sample_S19S_0083_Wat,453.1686448
71,Sample_S19S_0083_Wat,453.1766436
14,Sample_S19S_0083_Wat,453.2049759
35,Sample_S19S_0083_Wat,454.0627542
9,Sample_S19S_0083_Wat,455.025566
36,Sample_S19S_0083_Wat,455.0467468
45,Sample_S19S_0083_Wat,455.0620251
4,Sample_S19S_0083_Wat,455.0652945
46,Sample_S19S_0083_Wat,455.0831528
42,Sample_S19S_0083_Wat,455.0984121
12,Sample_S19S_0083_Wat,455.111472
38,Sample_S19S_0083_Wat,455.1194736
20,Sample_S19S_0083_Wat,455.14777
16,Sample_S19S_0083_Wat,455.1558023
18,Sample_S19S_0083_Wat,455.1841535
15,Sample_S19S_0083_Wat,455.1921775
19,Sample_S19S_0083_Wat,455.2205892
5,Sample_S19S_0083_Wat,455.2285132
38,Sample_S19S_0083_Wat,457.0412916
35,Sample_S19S_0083_Wat,457.0624071
18,Sample_S19S_0083_Wat,457.0776174
3,Sample_S19S_0083_Wat,457.0808688
8,Sample_S19S_0083_Wat,457.0906483
19,Sample_S19S_0083_Wat,457.0986905
23,Sample_S19S_0083_Wat,457.1139922
6,Sample_S19S_0083_Wat,457.1172314
11,Sample_S19S_0083_Wat,457.1270095
20,Sample_S19S_0083_Wat,457.1350642
17,Sample_S19S_0083_Wat,457.150377
23,Sample_S19S_0083_Wat,457.1634444
33,Sample_S19S_0083_Wat,457.1715231
49,Sample_S19S_0083_Wat,457.1868094
16,Sample_S19S_0083_Wat,457.1998933
40,Sample_S19S_0083_Wat,457.2079257
41,Sample_S19S_0083_Wat,458.0729028
42,Sample_S19S_0083_Wat,458.1093241
21,Sample_S19S_0083_Wat,459.0205561
18,Sample_S19S_0083_Wat,459.0416602
20,Sample_S19S_0083_Wat,459.0568713
6,Sample_S19S_0083_Wat,459.069913
20,Sample_S19S_0083_Wat,459.0779746
19,Sample_S19S_0083_Wat,459.0932353
5,Sample_S19S_0083_Wat,459.0964817
14,Sample_S19S_0083_Wat,459.1062882
27,Sample_S19S_0083_Wat,459.1143457
51,Sample_S19S_0083_Wat,459.1296693
31,Sample_S19S_0083_Wat,459.142719
36,Sample_S19S_0083_Wat,459.1508169
42,Sample_S19S_0083_Wat,459.1661042
36,Sample_S19S_0083_Wat,459.1872169
21,Sample_S19S_0083_Wat,459.2025048
7,Sample_S19S_0083_Wat,459.2155229
12,Sample_S19S_0083_Wat,459.2387931
5,Sample_S19S_0083_Wat,460.0521036
63,Sample_S19S_0083_Wat,460.0885829
53,Sample_S19S_0083_Wat,460.1249704
16,Sample_S19S_0083_Wat,460.1612688
1,Sample_S19S_0083_Wat,460.1823248
33,Sample_S19S_0083_Wat,461.036196
25,Sample_S19S_0083_Wat,461.0725007
8,Sample_S19S_0083_Wat,461.0855391
10,Sample_S19S_0083_Wat,461.0935699
12,Sample_S19S_0083_Wat,461.1088271
4,Sample_S19S_0083_Wat,461.1218899
12,Sample_S19S_0083_Wat,461.1299458
1,Sample_S19S_0083_Wat,461.1396751
22,Sample_S19S_0083_Wat,461.1452647
23,Sample_S19S_0083_Wat,461.1583343
36,Sample_S19S_0083_Wat,461.1817537
16,Sample_S19S_0083_Wat,461.1948089
32,Sample_S19S_0083_Wat,461.218132
33,Sample_S19S_0083_Wat,462.067799
19,Sample_S19S_0083_Wat,462.1042629
42,Sample_S19S_0083_Wat,463.0518315
47,Sample_S19S_0083_Wat,463.0881954
2,Sample_S19S_0083_Wat,463.1189274
17,Sample_S19S_0083_Wat,463.124491
4,Sample_S19S_0083_Wat,463.1375144
1,Sample_S19S_0083_Wat,463.1551267
6,Sample_S19S_0083_Wat,463.1608564
9,Sample_S19S_0083_Wat,463.1739081
20,Sample_S19S_0083_Wat,463.1972938
18,Sample_S19S_0083_Wat,463.210366
33,Sample_S19S_0083_Wat,463.2337601
28,Sample_S19S_0083_Wat,464.1198095
12,Sample_S19S_0083_Wat,465.0310055
15,Sample_S19S_0083_Wat,465.06738
35,Sample_S19S_0083_Wat,465.1038259
46,Sample_S19S_0083_Wat,465.115136
22,Sample_S19S_0083_Wat,465.1532935
63,Sample_S19S_0083_Wat,465.1766182
15,Sample_S19S_0083_Wat,465.1896305
17,Sample_S19S_0083_Wat,465.2129596
2,Sample_S19S_0083_Wat,465.2491835
66,Sample_S19S_0083_Wat,466.1355201
1,Sample_S19S_0083_Wat,466.1435867
37,Sample_S19S_0083_Wat,467.0467531
19,Sample_S19S_0083_Wat,467.0620397
53,Sample_S19S_0083_Wat,467.0831629
2,Sample_S19S_0083_Wat,467.0945031
51,Sample_S19S_0083_Wat,467.1195422
24,Sample_S19S_0083_Wat,467.1478261
32,Sample_S19S_0083_Wat,467.1558326
21,Sample_S19S_0083_Wat,467.184209
10,Sample_S19S_0083_Wat,467.1921933
11,Sample_S19S_0083_Wat,467.220621
22,Sample_S19S_0083_Wat,467.2286363
30,Sample_S19S_0083_Wat,468.1147294
27,Sample_S19S_0083_Wat,469.0412947
31,Sample_S19S_0083_Wat,469.062394
9,Sample_S19S_0083_Wat,469.0906533
26,Sample_S19S_0083_Wat,469.0986993
9,Sample_S19S_0083_Wat,469.1139603
21,Sample_S19S_0083_Wat,469.1270251
15,Sample_S19S_0083_Wat,469.1350525
10,Sample_S19S_0083_Wat,469.1633964
23,Sample_S19S_0083_Wat,469.199861
26,Sample_S19S_0083_Wat,469.2078959
10,Sample_S19S_0083_Wat,469.2362772
16,Sample_S19S_0083_Wat,470.0728507
19,Sample_S19S_0083_Wat,471.0205509
14,Sample_S19S_0083_Wat,471.0416901
39,Sample_S19S_0083_Wat,471.0569384
31,Sample_S19S_0083_Wat,471.0780166
16,Sample_S19S_0083_Wat,471.093255
12,Sample_S19S_0083_Wat,471.106291
6,Sample_S19S_0083_Wat,471.1295835
10,Sample_S19S_0083_Wat,471.1426129
13,Sample_S19S_0083_Wat,471.1506882
7,Sample_S19S_0083_Wat,471.16598
23,Sample_S19S_0083_Wat,471.1790652
22,Sample_S19S_0083_Wat,471.1871307
12,Sample_S19S_0083_Wat,471.2024048
15,Sample_S19S_0083_Wat,471.2155389
20,Sample_S19S_0083_Wat,471.2235442
1,Sample_S19S_0083_Wat,472.1247587
16,Sample_S19S_0083_Wat,473.0361823
8,Sample_S19S_0083_Wat,473.0573502
41,Sample_S19S_0083_Wat,473.0726032
33,Sample_S19S_0083_Wat,473.0937108
62,Sample_S19S_0083_Wat,473.1089772
6,Sample_S19S_0083_Wat,473.1122201
21,Sample_S19S_0083_Wat,473.121993
21,Sample_S19S_0083_Wat,473.1300234
3,Sample_S19S_0083_Wat,473.139667
22,Sample_S19S_0083_Wat,473.1452829
10,Sample_S19S_0083_Wat,473.1582831
15,Sample_S19S_0083_Wat,473.1663521
2,Sample_S19S_0083_Wat,473.1760299
19,Sample_S19S_0083_Wat,473.1816622
14,Sample_S19S_0083_Wat,473.1946924
14,Sample_S19S_0083_Wat,473.2027392
28,Sample_S19S_0083_Wat,473.2180738
34,Sample_S19S_0083_Wat,474.067818
26,Sample_S19S_0083_Wat,474.1042477
58,Sample_S19S_0083_Wat,474.1405956
12,Sample_S19S_0083_Wat,475.0517049
16,Sample_S19S_0083_Wat,475.0728791
25,Sample_S19S_0083_Wat,475.0881586
13,Sample_S19S_0083_Wat,475.1012806
15,Sample_S19S_0083_Wat,475.1092833
64,Sample_S19S_0083_Wat,475.1245966
26,Sample_S19S_0083_Wat,475.1376596
18,Sample_S19S_0083_Wat,475.1456774
64,Sample_S19S_0083_Wat,475.1609843
26,Sample_S19S_0083_Wat,475.1739813
2,Sample_S19S_0083_Wat,475.1819356
13,Sample_S19S_0083_Wat,475.1973043
3,Sample_S19S_0083_Wat,475.2103074
5,Sample_S19S_0083_Wat,475.2336051
10,Sample_S19S_0083_Wat,476.0833408
30,Sample_S19S_0083_Wat,476.1198125
31,Sample_S19S_0083_Wat,477.0311319
45,Sample_S19S_0083_Wat,477.0674882
17,Sample_S19S_0083_Wat,477.1037802
1,Sample_S19S_0083_Wat,477.1344651
5,Sample_S19S_0083_Wat,477.1401075
9,Sample_S19S_0083_Wat,477.1531747
16,Sample_S19S_0083_Wat,477.1765167
6,Sample_S19S_0083_Wat,477.1895617
40,Sample_S19S_0083_Wat,477.2130039
12,Sample_S19S_0083_Wat,477.2493418
68,Sample_S19S_0083_Wat,478.0991507
5,Sample_S19S_0083_Wat,479.0466033
19,Sample_S19S_0083_Wat,479.0830028
39,Sample_S19S_0083_Wat,479.1194663
68,Sample_S19S_0083_Wat,479.1559168
10,Sample_S19S_0083_Wat,479.1689644
53,Sample_S19S_0083_Wat,479.1923063
17,Sample_S19S_0083_Wat,479.2286027
9,Sample_S19S_0083_Wat,480.151082
15,Sample_S19S_0083_Wat,481.0623379
50,Sample_S19S_0083_Wat,481.0987747
69,Sample_S19S_0083_Wat,481.1351677
15,Sample_S19S_0083_Wat,481.1634867
51,Sample_S19S_0083_Wat,481.1715313
17,Sample_S19S_0083_Wat,481.199847
21,Sample_S19S_0083_Wat,481.2078283
8,Sample_S19S_0083_Wat,482.1302914
13,Sample_S19S_0083_Wat,483.0568081
28,Sample_S19S_0083_Wat,483.0780208
25,Sample_S19S_0083_Wat,483.0933003
3,Sample_S19S_0083_Wat,483.1064043
48,Sample_S19S_0083_Wat,483.1144642
35,Sample_S19S_0083_Wat,483.1508531
17,Sample_S19S_0083_Wat,483.1660394
13,Sample_S19S_0083_Wat,483.1791639
32,Sample_S19S_0083_Wat,483.1871699
15,Sample_S19S_0083_Wat,483.2154832
14,Sample_S19S_0083_Wat,483.2234722
14,Sample_S19S_0083_Wat,484.1459881
1,Sample_S19S_0083_Wat,485.0360155
8,Sample_S19S_0083_Wat,485.057196
13,Sample_S19S_0083_Wat,485.0724465
8,Sample_S19S_0083_Wat,485.0855526
27,Sample_S19S_0083_Wat,485.0936172
15,Sample_S19S_0083_Wat,485.1220307
44,Sample_S19S_0083_Wat,485.1300644
24,Sample_S19S_0083_Wat,485.1453846
14,Sample_S19S_0083_Wat,485.1584131
37,Sample_S19S_0083_Wat,485.1664901
17,Sample_S19S_0083_Wat,485.1948096
6,Sample_S19S_0083_Wat,485.2310607
8,Sample_S19S_0083_Wat,485.2390821
16,Sample_S19S_0083_Wat,487.051792
20,Sample_S19S_0083_Wat,487.072871
12,Sample_S19S_0083_Wat,487.088118
11,Sample_S19S_0083_Wat,487.1011949
9,Sample_S19S_0083_Wat,487.1092152
11,Sample_S19S_0083_Wat,487.1244947
14,Sample_S19S_0083_Wat,487.1375846
15,Sample_S19S_0083_Wat,487.1456408
46,Sample_S19S_0083_Wat,487.1609704
19,Sample_S19S_0083_Wat,487.1740711
33,Sample_S19S_0083_Wat,487.18211
29,Sample_S19S_0083_Wat,487.1974177
19,Sample_S19S_0083_Wat,487.2337958
34,Sample_S19S_0083_Wat,488.0834359
6,Sample_S19S_0083_Wat,489.0310445
46,Sample_S19S_0083_Wat,489.067487
23,Sample_S19S_0083_Wat,489.0886429
32,Sample_S19S_0083_Wat,489.1039118
34,Sample_S19S_0083_Wat,489.1249814
26,Sample_S19S_0083_Wat,489.1402055
16,Sample_S19S_0083_Wat,489.1532671
12,Sample_S19S_0083_Wat,489.1612651
1,Sample_S19S_0083_Wat,489.1708695
8,Sample_S19S_0083_Wat,489.1765226
8,Sample_S19S_0083_Wat,489.2128864
2,Sample_S19S_0083_Wat,489.2259164
5,Sample_S19S_0083_Wat,489.2492677
21,Sample_S19S_0083_Wat,490.0990621
9,Sample_S19S_0083_Wat,490.171809
11,Sample_S19S_0083_Wat,491.0466906
21,Sample_S19S_0083_Wat,491.0830123
8,Sample_S19S_0083_Wat,491.1193786
1,Sample_S19S_0083_Wat,491.1404498
26,Sample_S19S_0083_Wat,491.1558203
16,Sample_S19S_0083_Wat,491.1689084
46,Sample_S19S_0083_Wat,491.1922945
8,Sample_S19S_0083_Wat,491.2053832
8,Sample_S19S_0083_Wat,491.2287423
13,Sample_S19S_0083_Wat,491.2650776
43,Sample_S19S_0083_Wat,492.1147512
9,Sample_S19S_0083_Wat,493.0259042
13,Sample_S19S_0083_Wat,493.0622921
22,Sample_S19S_0083_Wat,493.098712
4,Sample_S19S_0083_Wat,493.1098806
68,Sample_S19S_0083_Wat,493.1351653
2,Sample_S19S_0083_Wat,493.1636569
49,Sample_S19S_0083_Wat,493.1715856
9,Sample_S19S_0083_Wat,493.1846305
11,Sample_S19S_0083_Wat,493.2442171
12,Sample_S19S_0083_Wat,495.0415683
5,Sample_S19S_0083_Wat,495.0568418
31,Sample_S19S_0083_Wat,495.0780179
42,Sample_S19S_0083_Wat,495.1144449
5,Sample_S19S_0083_Wat,495.1427989
59,Sample_S19S_0083_Wat,495.1507984
9,Sample_S19S_0083_Wat,495.2154488
1,Sample_S19S_0083_Wat,496.1905351
16,Sample_S19S_0083_Wat,497.0572968
12,Sample_S19S_0083_Wat,497.1301476
4,Sample_S19S_0083_Wat,497.141453
25,Sample_S19S_0083_Wat,497.1947705
7,Sample_S19S_0083_Wat,497.2310629
1,Sample_S19S_0083_Wat,497.2390455
12,Sample_S19S_0083_Wat,498.1253978
41,Sample_S19S_0083_Wat,498.1617513
2,Sample_S19S_0083_Wat,498.1698072
7,Sample_S19S_0083_Wat,499.0516924
19,Sample_S19S_0083_Wat,499.0728848
34,Sample_S19S_0083_Wat,499.1093112
6,Sample_S19S_0083_Wat,499.1377212
46,Sample_S19S_0083_Wat,499.1457371
13,Sample_S19S_0083_Wat,499.1610424
19,Sample_S19S_0083_Wat,499.1740741
24,Sample_S19S_0083_Wat,499.2104255
16,Sample_S19S_0083_Wat,499.2184243
3,Sample_S19S_0083_Wat,499.2466801
7,Sample_S19S_0083_Wat,501.0310269
20,Sample_S19S_0083_Wat,501.0673678
13,Sample_S19S_0083_Wat,501.0885018
10,Sample_S19S_0083_Wat,501.1037301
10,Sample_S19S_0083_Wat,501.116864
7,Sample_S19S_0083_Wat,501.1248479
17,Sample_S19S_0083_Wat,501.1401768
28,Sample_S19S_0083_Wat,501.1532967
20,Sample_S19S_0083_Wat,501.1612956
42,Sample_S19S_0083_Wat,501.1766253
29,Sample_S19S_0083_Wat,501.1896846
27,Sample_S19S_0083_Wat,501.2130646
9,Sample_S19S_0083_Wat,503.0468089
4,Sample_S19S_0083_Wat,503.0832459
18,Sample_S19S_0083_Wat,503.1042984
52,Sample_S19S_0083_Wat,503.1195309
15,Sample_S19S_0083_Wat,503.1405906
1,Sample_S19S_0083_Wat,503.1502092
22,Sample_S19S_0083_Wat,503.1558462
4,Sample_S19S_0083_Wat,503.1768678
14,Sample_S19S_0083_Wat,503.1921795
3,Sample_S19S_0083_Wat,503.2051842
14,Sample_S19S_0083_Wat,503.2285615
5,Sample_S19S_0083_Wat,503.2649518
8,Sample_S19S_0083_Wat,505.0622503
17,Sample_S19S_0083_Wat,505.098662
1,Sample_S19S_0083_Wat,505.1293863
16,Sample_S19S_0083_Wat,505.1350781
2,Sample_S19S_0083_Wat,505.1482794
61,Sample_S19S_0083_Wat,505.1715425
14,Sample_S19S_0083_Wat,505.1846129
28,Sample_S19S_0083_Wat,505.2079802
7,Sample_S19S_0083_Wat,505.221033
28,Sample_S19S_0083_Wat,505.2443315
4,Sample_S19S_0083_Wat,506.1303153
7,Sample_S19S_0083_Wat,506.1666811
9,Sample_S19S_0083_Wat,507.0415912
29,Sample_S19S_0083_Wat,507.0780238
44,Sample_S19S_0083_Wat,507.1144464
58,Sample_S19S_0083_Wat,507.1508255
7,Sample_S19S_0083_Wat,507.2154676
4,Sample_S19S_0083_Wat,507.251798
6,Sample_S19S_0083_Wat,507.2598181
12,Sample_S19S_0083_Wat,509.0573918
41,Sample_S19S_0083_Wat,509.0937287
42,Sample_S19S_0083_Wat,509.1300451
10,Sample_S19S_0083_Wat,509.1583575
12,Sample_S19S_0083_Wat,509.1947371
6,Sample_S19S_0083_Wat,509.2391011
9,Sample_S19S_0083_Wat,510.0888729
15,Sample_S19S_0083_Wat,511.0518749
35,Sample_S19S_0083_Wat,511.0729714
3,Sample_S19S_0083_Wat,511.1375472
1,Sample_S19S_0083_Wat,511.1455592
9,Sample_S19S_0083_Wat,511.1739404
13,Sample_S19S_0083_Wat,511.2103696
10,Sample_S19S_0083_Wat,511.2183807
25,Sample_S19S_0083_Wat,513.0674942
21,Sample_S19S_0083_Wat,513.0885835
14,Sample_S19S_0083_Wat,513.1169162
16,Sample_S19S_0083_Wat,513.1248843
5,Sample_S19S_0083_Wat,513.1531789
7,Sample_S19S_0083_Wat,513.1612236
1,Sample_S19S_0083_Wat,513.1707685
10,Sample_S19S_0083_Wat,513.1895585
7,Sample_S19S_0083_Wat,515.0467951
38,Sample_S19S_0083_Wat,515.083157
28,Sample_S19S_0083_Wat,515.1042917
39,Sample_S19S_0083_Wat,515.1194964
22,Sample_S19S_0083_Wat,515.1405768
12,Sample_S19S_0083_Wat,515.155816
13,Sample_S19S_0083_Wat,515.1688778
10,Sample_S19S_0083_Wat,515.1768835
9,Sample_S19S_0083_Wat,515.2052029
1,Sample_S19S_0083_Wat,515.213195
4,Sample_S19S_0083_Wat,515.2285302
3,Sample_S19S_0083_Wat,515.2416147
29,Sample_S19S_0083_Wat,517.0624113
5,Sample_S19S_0083_Wat,517.0835974
11,Sample_S19S_0083_Wat,517.098859
5,Sample_S19S_0083_Wat,517.1199999
7,Sample_S19S_0083_Wat,517.1352552
7,Sample_S19S_0083_Wat,517.1563614
10,Sample_S19S_0083_Wat,517.171616
16,Sample_S19S_0083_Wat,517.1846401
43,Sample_S19S_0083_Wat,517.2079237
9,Sample_S19S_0083_Wat,517.2208996
10,Sample_S19S_0083_Wat,517.2442337
4,Sample_S19S_0083_Wat,519.041577
13,Sample_S19S_0083_Wat,519.0779454
14,Sample_S19S_0083_Wat,519.1143103
25,Sample_S19S_0083_Wat,519.1507584
51,Sample_S19S_0083_Wat,519.1872205
15,Sample_S19S_0083_Wat,519.2236508
12,Sample_S19S_0083_Wat,519.2600027
27,Sample_S19S_0083_Wat,520.1461126
26,Sample_S19S_0083_Wat,521.0573462
32,Sample_S19S_0083_Wat,521.0937324
43,Sample_S19S_0083_Wat,521.1301011
26,Sample_S19S_0083_Wat,521.1663968
7,Sample_S19S_0083_Wat,521.2027235
6,Sample_S19S_0083_Wat,521.2390738
1,Sample_S19S_0083_Wat,522.1615064
9,Sample_S19S_0083_Wat,523.0728235
7,Sample_S19S_0083_Wat,523.1091901
13,Sample_S19S_0083_Wat,523.1456062
26,Sample_S19S_0083_Wat,523.1820717
17,Sample_S19S_0083_Wat,523.2104573
2,Sample_S19S_0083_Wat,525.0309309
8,Sample_S19S_0083_Wat,525.0521307
15,Sample_S19S_0083_Wat,525.0674542
19,Sample_S19S_0083_Wat,525.0885729
31,Sample_S19S_0083_Wat,525.1250197
37,Sample_S19S_0083_Wat,525.1614051
12,Sample_S19S_0083_Wat,525.2340332
26,Sample_S19S_0083_Wat,526.1566707
10,Sample_S19S_0083_Wat,526.1929575
2,Sample_S19S_0083_Wat,526.2292607
12,Sample_S19S_0083_Wat,527.0467883
8,Sample_S19S_0083_Wat,527.0679337
9,Sample_S19S_0083_Wat,527.0832056
8,Sample_S19S_0083_Wat,527.1043114
37,Sample_S19S_0083_Wat,527.1406475
19,Sample_S19S_0083_Wat,527.1689685
30,Sample_S19S_0083_Wat,527.1769645
18,Sample_S19S_0083_Wat,527.2052882
8,Sample_S19S_0083_Wat,527.2132606
26,Sample_S19S_0083_Wat,528.135922
11,Sample_S19S_0083_Wat,529.0624704
7,Sample_S19S_0083_Wat,529.0836238
12,Sample_S19S_0083_Wat,529.0988481
20,Sample_S19S_0083_Wat,529.119899
19,Sample_S19S_0083_Wat,529.1562352
19,Sample_S19S_0083_Wat,529.184567
10,Sample_S19S_0083_Wat,529.1925822
8,Sample_S19S_0083_Wat,529.2078283
3,Sample_S19S_0083_Wat,529.2208396
1,Sample_S19S_0083_Wat,529.2292303
6,Sample_S19S_0083_Wat,531.0781475
9,Sample_S19S_0083_Wat,531.0992322
13,Sample_S19S_0083_Wat,531.1144803
23,Sample_S19S_0083_Wat,531.1355514
28,Sample_S19S_0083_Wat,531.1507766
14,Sample_S19S_0083_Wat,531.1718519
13,Sample_S19S_0083_Wat,531.1871077
14,Sample_S19S_0083_Wat,531.2001725
19,Sample_S19S_0083_Wat,531.2234777
4,Sample_S19S_0083_Wat,531.2598778
11,Sample_S19S_0083_Wat,532.0733598
7,Sample_S19S_0083_Wat,533.0574115
14,Sample_S19S_0083_Wat,533.0937827
27,Sample_S19S_0083_Wat,533.1301236
52,Sample_S19S_0083_Wat,533.166456
14,Sample_S19S_0083_Wat,533.2027587
7,Sample_S19S_0083_Wat,533.2390944
13,Sample_S19S_0083_Wat,535.0730261
12,Sample_S19S_0083_Wat,535.1094222
9,Sample_S19S_0083_Wat,535.1458132
18,Sample_S19S_0083_Wat,535.1821751
13,Sample_S19S_0083_Wat,535.2547783
33,Sample_S19S_0083_Wat,536.1045749
4,Sample_S19S_0083_Wat,537.0520931
16,Sample_S19S_0083_Wat,537.0884904
29,Sample_S19S_0083_Wat,537.1249315
41,Sample_S19S_0083_Wat,537.161382
16,Sample_S19S_0083_Wat,537.1978101
10,Sample_S19S_0083_Wat,537.2342192
6,Sample_S19S_0083_Wat,537.2706002
17,Sample_S19S_0083_Wat,539.0679143
18,Sample_S19S_0083_Wat,539.1042196
28,Sample_S19S_0083_Wat,539.1405618
7,Sample_S19S_0083_Wat,539.1768779
3,Sample_S19S_0083_Wat,539.2132409
1,Sample_S19S_0083_Wat,539.2779882
14,Sample_S19S_0083_Wat,541.0623672
28,Sample_S19S_0083_Wat,541.0988161
24,Sample_S19S_0083_Wat,541.1199147
6,Sample_S19S_0083_Wat,541.1352769
15,Sample_S19S_0083_Wat,541.1563515
4,Sample_S19S_0083_Wat,541.1927684
24,Sample_S19S_0083_Wat,541.2290565
11,Sample_S19S_0083_Wat,543.0781158
20,Sample_S19S_0083_Wat,543.09918
24,Sample_S19S_0083_Wat,543.1144211
17,Sample_S19S_0083_Wat,543.1355017
25,Sample_S19S_0083_Wat,543.1507543
11,Sample_S19S_0083_Wat,543.1638009
12,Sample_S19S_0083_Wat,543.1718262
7,Sample_S19S_0083_Wat,543.2001267
6,Sample_S19S_0083_Wat,543.236535
7,Sample_S19S_0083_Wat,545.0935509
8,Sample_S19S_0083_Wat,545.1147104
13,Sample_S19S_0083_Wat,545.1299664
27,Sample_S19S_0083_Wat,545.1664409
3,Sample_S19S_0083_Wat,545.1795929
19,Sample_S19S_0083_Wat,545.1875733
30,Sample_S19S_0083_Wat,545.2028931
12,Sample_S19S_0083_Wat,545.2159419
14,Sample_S19S_0083_Wat,547.0729547
15,Sample_S19S_0083_Wat,547.109415
15,Sample_S19S_0083_Wat,547.145805
3,Sample_S19S_0083_Wat,547.1822164
1,Sample_S19S_0083_Wat,547.1952584
15,Sample_S19S_0083_Wat,547.2185618
9,Sample_S19S_0083_Wat,549.0523077
9,Sample_S19S_0083_Wat,549.0887119
13,Sample_S19S_0083_Wat,549.1250923
15,Sample_S19S_0083_Wat,549.1614413
36,Sample_S19S_0083_Wat,549.1977663
15,Sample_S19S_0083_Wat,549.2340464
1,Sample_S19S_0083_Wat,549.2702581
15,Sample_S19S_0083_Wat,550.1201251
6,Sample_S19S_0083_Wat,551.0679996
14,Sample_S19S_0083_Wat,551.10435
24,Sample_S19S_0083_Wat,551.140683
26,Sample_S19S_0083_Wat,551.1769906
9,Sample_S19S_0083_Wat,551.2052511
18,Sample_S19S_0083_Wat,551.2133063
3,Sample_S19S_0083_Wat,551.2496307
2,Sample_S19S_0083_Wat,552.1357425
4,Sample_S19S_0083_Wat,553.0836572
11,Sample_S19S_0083_Wat,553.1199748
45,Sample_S19S_0083_Wat,553.1562956
20,Sample_S19S_0083_Wat,553.1925971
2,Sample_S19S_0083_Wat,553.2288832
3,Sample_S19S_0083_Wat,555.0417548
6,Sample_S19S_0083_Wat,555.0781485
3,Sample_S19S_0083_Wat,555.0993123
6,Sample_S19S_0083_Wat,555.1356619
1,Sample_S19S_0083_Wat,555.1639967
15,Sample_S19S_0083_Wat,555.1720029
24,Sample_S19S_0083_Wat,555.2082923
3,Sample_S19S_0083_Wat,555.244468
7,Sample_S19S_0083_Wat,557.0572783
21,Sample_S19S_0083_Wat,557.0937315
12,Sample_S19S_0083_Wat,557.1149049
3,Sample_S19S_0083_Wat,557.1513467
3,Sample_S19S_0083_Wat,557.1877224
17,Sample_S19S_0083_Wat,557.2239531
9,Sample_S19S_0083_Wat,559.1092427
16,Sample_S19S_0083_Wat,561.0522506
5,Sample_S19S_0083_Wat,561.1248442
2,Sample_S19S_0083_Wat,561.1611805
1,Sample_S19S_0083_Wat,561.1975534
5,Sample_S19S_0083_Wat,561.2703823
23,Sample_S19S_0083_Wat,563.0679011
8,Sample_S19S_0083_Wat,563.1043787
7,Sample_S19S_0083_Wat,563.140767
4,Sample_S19S_0083_Wat,563.1771352
22,Sample_S19S_0083_Wat,563.2134586
21,Sample_S19S_0083_Wat,563.2497644
2,Sample_S19S_0083_Wat,564.172115
7,Sample_S19S_0083_Wat,565.0833841
19,Sample_S19S_0083_Wat,565.2290122
22,Sample_S19S_0083_Wat,565.2654316
10,Sample_S19S_0083_Wat,567.0992538
9,Sample_S19S_0083_Wat,567.1356587
14,Sample_S19S_0083_Wat,567.2083955
17,Sample_S19S_0083_Wat,567.2446704
13,Sample_S19S_0083_Wat,569.0784551
14,Sample_S19S_0083_Wat,569.1147778
8,Sample_S19S_0083_Wat,569.1510794
1,Sample_S19S_0083_Wat,569.1874013
1,Sample_S19S_0083_Wat,569.223732
21,Sample_S19S_0083_Wat,571.1303995
19,Sample_S19S_0083_Wat,571.1668216
14,Sample_S19S_0083_Wat,571.2032768
20,Sample_S19S_0083_Wat,573.0886509
6,Sample_S19S_0083_Wat,573.1615077
4,Sample_S19S_0083_Wat,573.1978706
2,Sample_S19S_0083_Wat,575.0680122
7,Sample_S19S_0083_Wat,575.1043617
6,Sample_S19S_0083_Wat,575.1407714
29,Sample_S19S_0083_Wat,575.213398
35,Sample_S19S_0083_Wat,577.1563035
21,Sample_S19S_0083_Wat,577.1926143
4,Sample_S19S_0083_Wat,577.228924
1,Sample_S19S_0083_Wat,577.2651743
10,Sample_S19S_0083_Wat,579.0992643
27,Sample_S19S_0083_Wat,579.1355972
31,Sample_S19S_0083_Wat,579.1719274
18,Sample_S19S_0083_Wat,579.2082488
6,Sample_S19S_0083_Wat,579.2445526
4,Sample_S19S_0083_Wat,581.0785526
14,Sample_S19S_0083_Wat,581.1148894
33,Sample_S19S_0083_Wat,581.1512226
23,Sample_S19S_0083_Wat,581.1875335
17,Sample_S19S_0083_Wat,581.2238624
1,Sample_S19S_0083_Wat,583.094266
7,Sample_S19S_0083_Wat,583.1306046
12,Sample_S19S_0083_Wat,583.1669172
16,Sample_S19S_0083_Wat,583.2032587
10,Sample_S19S_0083_Wat,583.2314722
14,Sample_S19S_0083_Wat,583.2395225
6,Sample_S19S_0083_Wat,585.0886953
2,Sample_S19S_0083_Wat,585.1098543
3,Sample_S19S_0083_Wat,585.2190128
2,Sample_S19S_0083_Wat,585.2472737
2,Sample_S19S_0083_Wat,587.06769
12,Sample_S19S_0083_Wat,587.1041571
10,Sample_S19S_0083_Wat,587.161795
21,Sample_S19S_0083_Wat,587.1770783
9,Sample_S19S_0083_Wat,587.1982185
1,Sample_S19S_0083_Wat,589.119725
3,Sample_S19S_0083_Wat,591.135742
9,Sample_S19S_0083_Wat,591.1720289
12,Sample_S19S_0083_Wat,591.2083514
12,Sample_S19S_0083_Wat,591.2446301
7,Sample_S19S_0083_Wat,593.1511079
24,Sample_S19S_0083_Wat,593.1875846
16,Sample_S19S_0083_Wat,593.2240288
14,Sample_S19S_0083_Wat,595.0941069
27,Sample_S19S_0083_Wat,597.2188862
12,Sample_S19S_0083_Wat,603.135473
12,Sample_S19S_0083_Wat,603.2083804
3,Sample_S19S_0083_Wat,605.1513953
8,Sample_S19S_0083_Wat,605.1877226
4,Sample_S19S_0083_Wat,605.2240726
24,Sample_S19S_0083_Wat,607.1667845
2,Sample_S19S_0083_Wat,607.2394004
16,Sample_S19S_0083_Wat,609.1096597
2,Sample_S19S_0083_Wat,619.130318
5,Sample_S19S_0083_Wat,635.1982777
1,Sample_S19S_0083_Wat,637.1776202
