num.trans.involved.in,sample,peak
5,Sample_S19S_0071_Wat,205.1597578
29,Sample_S19S_0071_Wat,211.0247874
29,Sample_S19S_0071_Wat,211.0611736
12,Sample_S19S_0071_Wat,213.0404285
21,Sample_S19S_0071_Wat,213.0768216
19,Sample_S19S_0071_Wat,215.0924726
9,Sample_S19S_0071_Wat,215.1288446
11,Sample_S19S_0071_Wat,221.0818912
27,Sample_S19S_0071_Wat,223.0247931
11,Sample_S19S_0071_Wat,223.0611523
51,Sample_S19S_0071_Wat,225.0404494
31,Sample_S19S_0071_Wat,225.0768195
17,Sample_S19S_0071_Wat,227.056079
26,Sample_S19S_0071_Wat,227.092466
31,Sample_S19S_0071_Wat,233.0819208
8,Sample_S19S_0071_Wat,233.1546845
28,Sample_S19S_0071_Wat,235.0247912
44,Sample_S19S_0071_Wat,235.0611873
31,Sample_S19S_0071_Wat,235.0975749
32,Sample_S19S_0071_Wat,237.0404421
46,Sample_S19S_0071_Wat,237.0768351
1,Sample_S19S_0071_Wat,238.9629644
48,Sample_S19S_0071_Wat,239.0197221
68,Sample_S19S_0071_Wat,239.0561117
4,Sample_S19S_0071_Wat,239.0673352
65,Sample_S19S_0071_Wat,239.092497
32,Sample_S19S_0071_Wat,239.1288753
54,Sample_S19S_0071_Wat,241.03537
34,Sample_S19S_0071_Wat,241.0717422
18,Sample_S19S_0071_Wat,241.1081087
3,Sample_S19S_0071_Wat,242.139775
1,Sample_S19S_0071_Wat,242.1761465
60,Sample_S19S_0071_Wat,243.0510224
24,Sample_S19S_0071_Wat,243.0873816
3,Sample_S19S_0071_Wat,245.0489119
67,Sample_S19S_0071_Wat,245.0666847
47,Sample_S19S_0071_Wat,245.1030642
62,Sample_S19S_0071_Wat,247.0975945
64,Sample_S19S_0071_Wat,249.0404675
75,Sample_S19S_0071_Wat,249.0768527
29,Sample_S19S_0071_Wat,249.1132224
53,Sample_S19S_0071_Wat,251.0197332
50,Sample_S19S_0071_Wat,251.0560986
96,Sample_S19S_0071_Wat,251.0925063
75,Sample_S19S_0071_Wat,253.0353983
96,Sample_S19S_0071_Wat,253.0717756
28,Sample_S19S_0071_Wat,253.1081345
69,Sample_S19S_0071_Wat,255.0510433
87,Sample_S19S_0071_Wat,255.0874163
78,Sample_S19S_0071_Wat,257.0666765
49,Sample_S19S_0071_Wat,257.1030521
66,Sample_S19S_0071_Wat,259.0823405
3,Sample_S19S_0071_Wat,259.1009624
46,Sample_S19S_0071_Wat,261.040468
80,Sample_S19S_0071_Wat,261.0768598
56,Sample_S19S_0071_Wat,261.1132477
37,Sample_S19S_0071_Wat,263.019721
74,Sample_S19S_0071_Wat,263.0561329
39,Sample_S19S_0071_Wat,263.0924815
36,Sample_S19S_0071_Wat,263.128908
66,Sample_S19S_0071_Wat,265.0353938
73,Sample_S19S_0071_Wat,265.0717855
80,Sample_S19S_0071_Wat,265.1081545
2,Sample_S19S_0071_Wat,265.1479151
1,Sample_S19S_0071_Wat,266.9942715
46,Sample_S19S_0071_Wat,267.0146829
89,Sample_S19S_0071_Wat,267.0510336
91,Sample_S19S_0071_Wat,267.0874299
69,Sample_S19S_0071_Wat,267.123805
59,Sample_S19S_0071_Wat,269.0303205
92,Sample_S19S_0071_Wat,269.0666802
78,Sample_S19S_0071_Wat,269.1030627
39,Sample_S19S_0071_Wat,269.1394657
74,Sample_S19S_0071_Wat,271.0823212
64,Sample_S19S_0071_Wat,271.118718
49,Sample_S19S_0071_Wat,273.040478
61,Sample_S19S_0071_Wat,273.061591
65,Sample_S19S_0071_Wat,273.0768603
59,Sample_S19S_0071_Wat,273.0979879
49,Sample_S19S_0071_Wat,273.1132445
61,Sample_S19S_0071_Wat,275.0561155
76,Sample_S19S_0071_Wat,275.0925149
48,Sample_S19S_0071_Wat,275.1288873
72,Sample_S19S_0071_Wat,277.0354157
80,Sample_S19S_0071_Wat,277.0717892
79,Sample_S19S_0071_Wat,277.1081544
47,Sample_S19S_0071_Wat,277.1445377
29,Sample_S19S_0071_Wat,279.0146331
74,Sample_S19S_0071_Wat,279.0510516
57,Sample_S19S_0071_Wat,279.0874539
50,Sample_S19S_0071_Wat,279.1238221
68,Sample_S19S_0071_Wat,281.0303339
94,Sample_S19S_0071_Wat,281.0666829
49,Sample_S19S_0071_Wat,281.1030502
58,Sample_S19S_0071_Wat,281.1394597
82,Sample_S19S_0071_Wat,283.0459554
59,Sample_S19S_0071_Wat,283.0823169
86,Sample_S19S_0071_Wat,283.118715
27,Sample_S19S_0071_Wat,283.1551309
61,Sample_S19S_0071_Wat,285.0616357
32,Sample_S19S_0071_Wat,285.0980306
41,Sample_S19S_0071_Wat,285.1343948
46,Sample_S19S_0071_Wat,287.0408776
52,Sample_S19S_0071_Wat,287.0561351
68,Sample_S19S_0071_Wat,287.0772537
57,Sample_S19S_0071_Wat,287.0925228
66,Sample_S19S_0071_Wat,287.1136282
57,Sample_S19S_0071_Wat,289.0354029
79,Sample_S19S_0071_Wat,289.0717704
56,Sample_S19S_0071_Wat,289.1081489
42,Sample_S19S_0071_Wat,291.0146759
75,Sample_S19S_0071_Wat,291.0510416
71,Sample_S19S_0071_Wat,291.0874132
56,Sample_S19S_0071_Wat,291.1237966
38,Sample_S19S_0071_Wat,291.1601932
67,Sample_S19S_0071_Wat,293.0303357
81,Sample_S19S_0071_Wat,293.0667099
102,Sample_S19S_0071_Wat,293.1030793
65,Sample_S19S_0071_Wat,293.1394564
8,Sample_S19S_0071_Wat,293.1757942
74,Sample_S19S_0071_Wat,295.0459444
101,Sample_S19S_0071_Wat,295.0823376
97,Sample_S19S_0071_Wat,295.1187213
38,Sample_S19S_0071_Wat,295.1550986
62,Sample_S19S_0071_Wat,297.025237
78,Sample_S19S_0071_Wat,297.0616262
53,Sample_S19S_0071_Wat,297.0980154
33,Sample_S19S_0071_Wat,297.1344063
1,Sample_S19S_0071_Wat,297.1529844
54,Sample_S19S_0071_Wat,299.0408894
83,Sample_S19S_0071_Wat,299.0772616
67,Sample_S19S_0071_Wat,299.1136455
53,Sample_S19S_0071_Wat,299.1500243
47,Sample_S19S_0071_Wat,301.0353903
54,Sample_S19S_0071_Wat,301.0565488
44,Sample_S19S_0071_Wat,301.071792
45,Sample_S19S_0071_Wat,301.092932
31,Sample_S19S_0071_Wat,301.1081829
36,Sample_S19S_0071_Wat,301.129318
33,Sample_S19S_0071_Wat,303.0146906
61,Sample_S19S_0071_Wat,303.0510433
64,Sample_S19S_0071_Wat,303.0721573
64,Sample_S19S_0071_Wat,303.0874395
63,Sample_S19S_0071_Wat,303.1085414
52,Sample_S19S_0071_Wat,303.1238249
61,Sample_S19S_0071_Wat,305.0303157
84,Sample_S19S_0071_Wat,305.0666877
79,Sample_S19S_0071_Wat,305.1030852
56,Sample_S19S_0071_Wat,305.1394662
78,Sample_S19S_0071_Wat,307.0459779
67,Sample_S19S_0071_Wat,307.0823737
44,Sample_S19S_0071_Wat,307.1187572
30,Sample_S19S_0071_Wat,307.1551342
31,Sample_S19S_0071_Wat,308.0775973
65,Sample_S19S_0071_Wat,309.0252469
105,Sample_S19S_0071_Wat,309.0616036
94,Sample_S19S_0071_Wat,309.0979773
77,Sample_S19S_0071_Wat,309.1343649
34,Sample_S19S_0071_Wat,309.1707647
1,Sample_S19S_0071_Wat,309.1741269
68,Sample_S19S_0071_Wat,311.0408991
88,Sample_S19S_0071_Wat,311.0772659
109,Sample_S19S_0071_Wat,311.1136352
56,Sample_S19S_0071_Wat,311.1500195
29,Sample_S19S_0071_Wat,312.0725103
62,Sample_S19S_0071_Wat,313.0565398
66,Sample_S19S_0071_Wat,313.0929245
50,Sample_S19S_0071_Wat,313.1081574
54,Sample_S19S_0071_Wat,313.1293014
57,Sample_S19S_0071_Wat,315.035781
46,Sample_S19S_0071_Wat,315.0510397
56,Sample_S19S_0071_Wat,315.0721791
28,Sample_S19S_0071_Wat,315.0873994
49,Sample_S19S_0071_Wat,315.1085755
55,Sample_S19S_0071_Wat,315.1238052
33,Sample_S19S_0071_Wat,315.1449559
44,Sample_S19S_0071_Wat,317.0303382
56,Sample_S19S_0071_Wat,317.0514233
67,Sample_S19S_0071_Wat,317.0666936
68,Sample_S19S_0071_Wat,317.0878157
49,Sample_S19S_0071_Wat,317.1030588
36,Sample_S19S_0071_Wat,317.124227
58,Sample_S19S_0071_Wat,317.1394552
21,Sample_S19S_0071_Wat,319.0460069
73,Sample_S19S_0071_Wat,319.0823624
80,Sample_S19S_0071_Wat,319.1187158
53,Sample_S19S_0071_Wat,319.1551015
29,Sample_S19S_0071_Wat,320.0776287
17,Sample_S19S_0071_Wat,320.1140206
52,Sample_S19S_0071_Wat,321.0252313
70,Sample_S19S_0071_Wat,321.0616406
46,Sample_S19S_0071_Wat,321.0980285
61,Sample_S19S_0071_Wat,321.1343949
36,Sample_S19S_0071_Wat,321.1707672
33,Sample_S19S_0071_Wat,322.0568903
32,Sample_S19S_0071_Wat,322.0932669
65,Sample_S19S_0071_Wat,323.0408542
97,Sample_S19S_0071_Wat,323.0772527
10,Sample_S19S_0071_Wat,323.0884973
57,Sample_S19S_0071_Wat,323.1136726
47,Sample_S19S_0071_Wat,323.1500462
36,Sample_S19S_0071_Wat,324.0725027
34,Sample_S19S_0071_Wat,324.108871
14,Sample_S19S_0071_Wat,325.0201894
73,Sample_S19S_0071_Wat,325.0565425
103,Sample_S19S_0071_Wat,325.0928926
67,Sample_S19S_0071_Wat,325.1292996
27,Sample_S19S_0071_Wat,325.1657004
1,Sample_S19S_0071_Wat,325.1842438
38,Sample_S19S_0071_Wat,326.0881656
61,Sample_S19S_0071_Wat,327.035782
63,Sample_S19S_0071_Wat,327.0722018
44,Sample_S19S_0071_Wat,327.0874372
61,Sample_S19S_0071_Wat,327.1085831
54,Sample_S19S_0071_Wat,327.1449492
37,Sample_S19S_0071_Wat,329.0514722
24,Sample_S19S_0071_Wat,329.0667319
84,Sample_S19S_0071_Wat,329.0878075
52,Sample_S19S_0071_Wat,329.1030905
45,Sample_S19S_0071_Wat,329.1242163
12,Sample_S19S_0071_Wat,329.1394079
1,Sample_S19S_0071_Wat,329.152419
32,Sample_S19S_0071_Wat,331.0459941
52,Sample_S19S_0071_Wat,331.0670688
58,Sample_S19S_0071_Wat,331.0823608
40,Sample_S19S_0071_Wat,331.1034998
70,Sample_S19S_0071_Wat,331.1187275
19,Sample_S19S_0071_Wat,331.1399002
13,Sample_S19S_0071_Wat,331.155166
22,Sample_S19S_0071_Wat,333.0252702
37,Sample_S19S_0071_Wat,333.0616512
72,Sample_S19S_0071_Wat,333.0980074
33,Sample_S19S_0071_Wat,333.1344131
24,Sample_S19S_0071_Wat,333.1707943
31,Sample_S19S_0071_Wat,334.0932769
44,Sample_S19S_0071_Wat,335.0409093
84,Sample_S19S_0071_Wat,335.0772597
46,Sample_S19S_0071_Wat,335.1136067
51,Sample_S19S_0071_Wat,335.150042
23,Sample_S19S_0071_Wat,335.1864245
20,Sample_S19S_0071_Wat,336.0725571
35,Sample_S19S_0071_Wat,336.1089144
49,Sample_S19S_0071_Wat,337.0201415
52,Sample_S19S_0071_Wat,337.0564852
98,Sample_S19S_0071_Wat,337.0929176
5,Sample_S19S_0071_Wat,337.1041904
98,Sample_S19S_0071_Wat,337.1292866
44,Sample_S19S_0071_Wat,337.1656867
13,Sample_S19S_0071_Wat,338.0518396
39,Sample_S19S_0071_Wat,338.0881798
29,Sample_S19S_0071_Wat,338.1245766
55,Sample_S19S_0071_Wat,339.0357996
101,Sample_S19S_0071_Wat,339.0721726
3,Sample_S19S_0071_Wat,339.0834699
108,Sample_S19S_0071_Wat,339.1085453
28,Sample_S19S_0071_Wat,339.1449816
27,Sample_S19S_0071_Wat,339.1813533
15,Sample_S19S_0071_Wat,340.0674792
33,Sample_S19S_0071_Wat,340.1038147
58,Sample_S19S_0071_Wat,341.0514621
31,Sample_S19S_0071_Wat,341.0667303
102,Sample_S19S_0071_Wat,341.0878109
21,Sample_S19S_0071_Wat,341.1031062
34,Sample_S19S_0071_Wat,341.12425
37,Sample_S19S_0071_Wat,341.1606173
35,Sample_S19S_0071_Wat,342.0830768
40,Sample_S19S_0071_Wat,343.0307124
44,Sample_S19S_0071_Wat,343.067113
18,Sample_S19S_0071_Wat,343.0823925
13,Sample_S19S_0071_Wat,343.0857039
82,Sample_S19S_0071_Wat,343.1034685
39,Sample_S19S_0071_Wat,343.1187422
13,Sample_S19S_0071_Wat,343.1399075
26,Sample_S19S_0071_Wat,343.1551386
21,Sample_S19S_0071_Wat,344.0987606
59,Sample_S19S_0071_Wat,345.0616254
47,Sample_S19S_0071_Wat,345.0827674
60,Sample_S19S_0071_Wat,345.0980089
3,Sample_S19S_0071_Wat,345.1013399
41,Sample_S19S_0071_Wat,345.1191373
21,Sample_S19S_0071_Wat,345.1344288
39,Sample_S19S_0071_Wat,345.170772
32,Sample_S19S_0071_Wat,346.0932318
55,Sample_S19S_0071_Wat,347.0408756
84,Sample_S19S_0071_Wat,347.0772564
4,Sample_S19S_0071_Wat,347.0805924
21,Sample_S19S_0071_Wat,347.0903002
47,Sample_S19S_0071_Wat,347.0983726
41,Sample_S19S_0071_Wat,347.1136821
9,Sample_S19S_0071_Wat,347.1170036
68,Sample_S19S_0071_Wat,347.1500262
9,Sample_S19S_0071_Wat,347.1864695
18,Sample_S19S_0071_Wat,348.0725611
42,Sample_S19S_0071_Wat,348.1089104
76,Sample_S19S_0071_Wat,349.0929209
19,Sample_S19S_0071_Wat,349.1059291
80,Sample_S19S_0071_Wat,349.129303
55,Sample_S19S_0071_Wat,349.1656793
14,Sample_S19S_0071_Wat,350.0518357
48,Sample_S19S_0071_Wat,350.0881844
17,Sample_S19S_0071_Wat,350.1245924
60,Sample_S19S_0071_Wat,351.0357871
73,Sample_S19S_0071_Wat,351.0721501
35,Sample_S19S_0071_Wat,351.1085115
19,Sample_S19S_0071_Wat,351.121581
43,Sample_S19S_0071_Wat,351.1449775
26,Sample_S19S_0071_Wat,351.1813076
16,Sample_S19S_0071_Wat,352.0674721
35,Sample_S19S_0071_Wat,352.1038206
25,Sample_S19S_0071_Wat,352.140233
47,Sample_S19S_0071_Wat,353.0514753
104,Sample_S19S_0071_Wat,353.0878166
7,Sample_S19S_0071_Wat,353.0990962
70,Sample_S19S_0071_Wat,353.124233
39,Sample_S19S_0071_Wat,353.1605629
22,Sample_S19S_0071_Wat,353.1970034
40,Sample_S19S_0071_Wat,354.0830704
40,Sample_S19S_0071_Wat,354.1194893
45,Sample_S19S_0071_Wat,355.0306981
24,Sample_S19S_0071_Wat,355.0459559
63,Sample_S19S_0071_Wat,355.0671162
4,Sample_S19S_0071_Wat,355.0824171
90,Sample_S19S_0071_Wat,355.1034699
13,Sample_S19S_0071_Wat,355.1147135
42,Sample_S19S_0071_Wat,355.1187368
19,Sample_S19S_0071_Wat,355.1399086
34,Sample_S19S_0071_Wat,355.1762476
19,Sample_S19S_0071_Wat,356.0987693
19,Sample_S19S_0071_Wat,357.0251986
47,Sample_S19S_0071_Wat,357.046323
1,Sample_S19S_0071_Wat,357.0649448
82,Sample_S19S_0071_Wat,357.0827228
41,Sample_S19S_0071_Wat,357.0979761
21,Sample_S19S_0071_Wat,357.1110353
78,Sample_S19S_0071_Wat,357.1191097
29,Sample_S19S_0071_Wat,357.134414
50,Sample_S19S_0071_Wat,357.1554992
29,Sample_S19S_0071_Wat,358.077999
13,Sample_S19S_0071_Wat,359.0409252
49,Sample_S19S_0071_Wat,359.0619959
51,Sample_S19S_0071_Wat,359.077285
14,Sample_S19S_0071_Wat,359.0806207
29,Sample_S19S_0071_Wat,359.0984239
36,Sample_S19S_0071_Wat,359.1347452
61,Sample_S19S_0071_Wat,359.1500213
17,Sample_S19S_0071_Wat,360.093678
32,Sample_S19S_0071_Wat,360.108919
32,Sample_S19S_0071_Wat,361.0201475
45,Sample_S19S_0071_Wat,361.056505
4,Sample_S19S_0071_Wat,361.0598496
15,Sample_S19S_0071_Wat,361.069538
33,Sample_S19S_0071_Wat,361.077621
67,Sample_S19S_0071_Wat,361.0929312
11,Sample_S19S_0071_Wat,361.0962708
90,Sample_S19S_0071_Wat,361.1292859
24,Sample_S19S_0071_Wat,361.1423317
39,Sample_S19S_0071_Wat,361.1657046
47,Sample_S19S_0071_Wat,362.0881611
5,Sample_S19S_0071_Wat,362.1093336
2,Sample_S19S_0071_Wat,362.1246138
54,Sample_S19S_0071_Wat,363.0357881
45,Sample_S19S_0071_Wat,363.0722122
81,Sample_S19S_0071_Wat,363.108539
16,Sample_S19S_0071_Wat,363.1215932
35,Sample_S19S_0071_Wat,363.1449786
20,Sample_S19S_0071_Wat,363.1812892
32,Sample_S19S_0071_Wat,364.0674047
42,Sample_S19S_0071_Wat,364.1038292
40,Sample_S19S_0071_Wat,364.1401707
23,Sample_S19S_0071_Wat,365.0513776
90,Sample_S19S_0071_Wat,365.0878382
38,Sample_S19S_0071_Wat,365.1241727
13,Sample_S19S_0071_Wat,365.137244
17,Sample_S19S_0071_Wat,365.1606438
25,Sample_S19S_0071_Wat,365.1969623
49,Sample_S19S_0071_Wat,366.0830912
41,Sample_S19S_0071_Wat,366.1194629
7,Sample_S19S_0071_Wat,366.1558943
47,Sample_S19S_0071_Wat,367.0306865
81,Sample_S19S_0071_Wat,367.0671094
108,Sample_S19S_0071_Wat,367.1034613
8,Sample_S19S_0071_Wat,367.1147643
12,Sample_S19S_0071_Wat,367.1399195
33,Sample_S19S_0071_Wat,367.1762158
18,Sample_S19S_0071_Wat,368.0623951
52,Sample_S19S_0071_Wat,368.0987097
35,Sample_S19S_0071_Wat,368.1351331
39,Sample_S19S_0071_Wat,369.0463181
38,Sample_S19S_0071_Wat,369.061629
77,Sample_S19S_0071_Wat,369.0827443
36,Sample_S19S_0071_Wat,369.0980102
22,Sample_S19S_0071_Wat,369.111039
21,Sample_S19S_0071_Wat,369.1190631
49,Sample_S19S_0071_Wat,369.1555194
8,Sample_S19S_0071_Wat,369.1837969
9,Sample_S19S_0071_Wat,369.1918398
33,Sample_S19S_0071_Wat,370.0779692
19,Sample_S19S_0071_Wat,371.0255725
23,Sample_S19S_0071_Wat,371.0408802
59,Sample_S19S_0071_Wat,371.0620102
18,Sample_S19S_0071_Wat,371.0902981
33,Sample_S19S_0071_Wat,371.0983408
44,Sample_S19S_0071_Wat,371.1136558
51,Sample_S19S_0071_Wat,371.1347918
48,Sample_S19S_0071_Wat,371.1500297
35,Sample_S19S_0071_Wat,371.171134
17,Sample_S19S_0071_Wat,372.1663973
48,Sample_S19S_0071_Wat,373.0565482
3,Sample_S19S_0071_Wat,373.0599109
30,Sample_S19S_0071_Wat,373.0776886
42,Sample_S19S_0071_Wat,373.09294
5,Sample_S19S_0071_Wat,373.0962346
26,Sample_S19S_0071_Wat,373.1059583
49,Sample_S19S_0071_Wat,373.1140108
15,Sample_S19S_0071_Wat,373.1657318
4,Sample_S19S_0071_Wat,374.0729636
18,Sample_S19S_0071_Wat,375.0358416
58,Sample_S19S_0071_Wat,375.0721973
10,Sample_S19S_0071_Wat,375.0755416
24,Sample_S19S_0071_Wat,375.0852221
38,Sample_S19S_0071_Wat,375.0932745
3,Sample_S19S_0071_Wat,375.1118457
29,Sample_S19S_0071_Wat,375.1297066
80,Sample_S19S_0071_Wat,375.1449442
22,Sample_S19S_0071_Wat,375.1579842
24,Sample_S19S_0071_Wat,375.1812892
10,Sample_S19S_0071_Wat,376.1249335
62,Sample_S19S_0071_Wat,377.0514538
56,Sample_S19S_0071_Wat,377.0877952
13,Sample_S19S_0071_Wat,377.100823
93,Sample_S19S_0071_Wat,377.1241915
24,Sample_S19S_0071_Wat,377.1372608
54,Sample_S19S_0071_Wat,377.1606102
18,Sample_S19S_0071_Wat,377.1969233
33,Sample_S19S_0071_Wat,378.0831073
47,Sample_S19S_0071_Wat,378.1194361
47,Sample_S19S_0071_Wat,379.0307221
24,Sample_S19S_0071_Wat,379.0670295
104,Sample_S19S_0071_Wat,379.1034645
24,Sample_S19S_0071_Wat,379.1165229
88,Sample_S19S_0071_Wat,379.1398402
15,Sample_S19S_0071_Wat,379.1528588
48,Sample_S19S_0071_Wat,379.1762343
42,Sample_S19S_0071_Wat,380.0987084
50,Sample_S19S_0071_Wat,380.1350974
60,Sample_S19S_0071_Wat,381.0463502
32,Sample_S19S_0071_Wat,381.0826619
95,Sample_S19S_0071_Wat,381.1191186
75,Sample_S19S_0071_Wat,381.1555031
23,Sample_S19S_0071_Wat,381.1918695
34,Sample_S19S_0071_Wat,382.0779661
45,Sample_S19S_0071_Wat,382.1143936
23,Sample_S19S_0071_Wat,383.0255766
6,Sample_S19S_0071_Wat,383.040804
31,Sample_S19S_0071_Wat,383.0619616
36,Sample_S19S_0071_Wat,383.0772634
99,Sample_S19S_0071_Wat,383.0983806
33,Sample_S19S_0071_Wat,383.1136188
26,Sample_S19S_0071_Wat,383.1266887
29,Sample_S19S_0071_Wat,383.1347075
26,Sample_S19S_0071_Wat,383.1711132
21,Sample_S19S_0071_Wat,384.0572385
41,Sample_S19S_0071_Wat,384.0936599
22,Sample_S19S_0071_Wat,385.0412026
26,Sample_S19S_0071_Wat,385.0564963
1,Sample_S19S_0071_Wat,385.0597522
77,Sample_S19S_0071_Wat,385.0776412
49,Sample_S19S_0071_Wat,385.0929264
4,Sample_S19S_0071_Wat,385.0961706
31,Sample_S19S_0071_Wat,385.1139909
27,Sample_S19S_0071_Wat,385.1292595
22,Sample_S19S_0071_Wat,385.1423072
28,Sample_S19S_0071_Wat,385.1503825
42,Sample_S19S_0071_Wat,385.1656784
27,Sample_S19S_0071_Wat,385.1868285
25,Sample_S19S_0071_Wat,386.0728862
33,Sample_S19S_0071_Wat,386.1093009
38,Sample_S19S_0071_Wat,387.0358113
23,Sample_S19S_0071_Wat,387.0568488
12,Sample_S19S_0071_Wat,387.0721252
2,Sample_S19S_0071_Wat,387.075423
18,Sample_S19S_0071_Wat,387.0851909
28,Sample_S19S_0071_Wat,387.0932457
75,Sample_S19S_0071_Wat,387.1085636
4,Sample_S19S_0071_Wat,387.1118261
74,Sample_S19S_0071_Wat,387.1296791
17,Sample_S19S_0071_Wat,387.1579654
14,Sample_S19S_0071_Wat,387.1659841
21,Sample_S19S_0071_Wat,387.1812925
39,Sample_S19S_0071_Wat,388.0674506
25,Sample_S19S_0071_Wat,388.1037783
32,Sample_S19S_0071_Wat,388.1249219
39,Sample_S19S_0071_Wat,389.051417
2,Sample_S19S_0071_Wat,389.054731
12,Sample_S19S_0071_Wat,389.0644457
22,Sample_S19S_0071_Wat,389.0724972
69,Sample_S19S_0071_Wat,389.0878118
2,Sample_S19S_0071_Wat,389.0911204
26,Sample_S19S_0071_Wat,389.1008827
32,Sample_S19S_0071_Wat,389.108981
88,Sample_S19S_0071_Wat,389.1242045
19,Sample_S19S_0071_Wat,389.1372295
16,Sample_S19S_0071_Wat,389.1452618
24,Sample_S19S_0071_Wat,389.1605387
17,Sample_S19S_0071_Wat,389.1736085
36,Sample_S19S_0071_Wat,389.1969883
13,Sample_S19S_0071_Wat,390.0466839
51,Sample_S19S_0071_Wat,390.083092
20,Sample_S19S_0071_Wat,391.0307447
38,Sample_S19S_0071_Wat,391.0670531
40,Sample_S19S_0071_Wat,391.1034381
50,Sample_S19S_0071_Wat,391.1398852
11,Sample_S19S_0071_Wat,391.1528412
31,Sample_S19S_0071_Wat,391.1762035
29,Sample_S19S_0071_Wat,392.06231
57,Sample_S19S_0071_Wat,392.098752
8,Sample_S19S_0071_Wat,392.1198706
47,Sample_S19S_0071_Wat,392.1351125
34,Sample_S19S_0071_Wat,393.0463154
71,Sample_S19S_0071_Wat,393.0827628
82,Sample_S19S_0071_Wat,393.1191285
15,Sample_S19S_0071_Wat,393.1321265
37,Sample_S19S_0071_Wat,393.1554711
13,Sample_S19S_0071_Wat,393.1685262
20,Sample_S19S_0071_Wat,393.1919402
26,Sample_S19S_0071_Wat,394.078026
35,Sample_S19S_0071_Wat,394.1144108
48,Sample_S19S_0071_Wat,395.0619708
51,Sample_S19S_0071_Wat,395.0984243
108,Sample_S19S_0071_Wat,395.1347697
39,Sample_S19S_0071_Wat,395.171191
9,Sample_S19S_0071_Wat,395.2075813
40,Sample_S19S_0071_Wat,396.0936653
29,Sample_S19S_0071_Wat,396.13006
36,Sample_S19S_0071_Wat,397.0412485
29,Sample_S19S_0071_Wat,397.0775828
20,Sample_S19S_0071_Wat,397.1059758
61,Sample_S19S_0071_Wat,397.1140135
76,Sample_S19S_0071_Wat,397.1504225
18,Sample_S19S_0071_Wat,397.1867602
38,Sample_S19S_0071_Wat,398.0729329
8,Sample_S19S_0071_Wat,399.0488349
18,Sample_S19S_0071_Wat,399.0568344
25,Sample_S19S_0071_Wat,399.0721389
2,Sample_S19S_0071_Wat,399.0753668
27,Sample_S19S_0071_Wat,399.085227
60,Sample_S19S_0071_Wat,399.0932727
19,Sample_S19S_0071_Wat,399.1086044
58,Sample_S19S_0071_Wat,399.1296635
36,Sample_S19S_0071_Wat,399.1449193
11,Sample_S19S_0071_Wat,399.1579458
3,Sample_S19S_0071_Wat,399.1659287
22,Sample_S19S_0071_Wat,400.1249077
15,Sample_S19S_0071_Wat,401.0362034
40,Sample_S19S_0071_Wat,401.0514549
15,Sample_S19S_0071_Wat,401.0644945
21,Sample_S19S_0071_Wat,401.0725084
55,Sample_S19S_0071_Wat,401.0878209
2,Sample_S19S_0071_Wat,401.0910681
47,Sample_S19S_0071_Wat,401.1089631
3,Sample_S19S_0071_Wat,401.1273966
58,Sample_S19S_0071_Wat,401.1453284
56,Sample_S19S_0071_Wat,401.1605804
13,Sample_S19S_0071_Wat,401.1736033
14,Sample_S19S_0071_Wat,401.1816514
13,Sample_S19S_0071_Wat,401.1969344
3,Sample_S19S_0071_Wat,402.1042761
20,Sample_S19S_0071_Wat,402.1405573
8,Sample_S19S_0071_Wat,403.0305846
10,Sample_S19S_0071_Wat,403.0437271
16,Sample_S19S_0071_Wat,403.0517845
61,Sample_S19S_0071_Wat,403.0671122
5,Sample_S19S_0071_Wat,403.0704072
54,Sample_S19S_0071_Wat,403.0881974
62,Sample_S19S_0071_Wat,403.1034476
1,Sample_S19S_0071_Wat,403.1066431
19,Sample_S19S_0071_Wat,403.1164656
16,Sample_S19S_0071_Wat,403.1245163
81,Sample_S19S_0071_Wat,403.1398463
24,Sample_S19S_0071_Wat,403.1529106
28,Sample_S19S_0071_Wat,403.1762826
37,Sample_S19S_0071_Wat,404.0623618
21,Sample_S19S_0071_Wat,404.0834492
44,Sample_S19S_0071_Wat,405.0463718
42,Sample_S19S_0071_Wat,405.0827082
29,Sample_S19S_0071_Wat,405.1190623
23,Sample_S19S_0071_Wat,405.1321292
47,Sample_S19S_0071_Wat,405.1555362
19,Sample_S19S_0071_Wat,405.1685606
29,Sample_S19S_0071_Wat,405.1918632
6,Sample_S19S_0071_Wat,406.0990792
56,Sample_S19S_0071_Wat,406.1143545
54,Sample_S19S_0071_Wat,407.0620299
15,Sample_S19S_0071_Wat,407.0750599
87,Sample_S19S_0071_Wat,407.0983755
12,Sample_S19S_0071_Wat,407.1113661
73,Sample_S19S_0071_Wat,407.1347505
20,Sample_S19S_0071_Wat,407.1477958
8,Sample_S19S_0071_Wat,407.1712237
14,Sample_S19S_0071_Wat,407.2075913
55,Sample_S19S_0071_Wat,408.0936661
60,Sample_S19S_0071_Wat,408.1300077
25,Sample_S19S_0071_Wat,409.0412228
26,Sample_S19S_0071_Wat,409.07757
88,Sample_S19S_0071_Wat,409.1140221
83,Sample_S19S_0071_Wat,409.1504235
16,Sample_S19S_0071_Wat,409.1867344
38,Sample_S19S_0071_Wat,410.0729191
10,Sample_S19S_0071_Wat,410.1092388
43,Sample_S19S_0071_Wat,410.1456867
21,Sample_S19S_0071_Wat,411.0205049
22,Sample_S19S_0071_Wat,411.0568579
71,Sample_S19S_0071_Wat,411.0933142
74,Sample_S19S_0071_Wat,411.1296933
27,Sample_S19S_0071_Wat,411.1579879
41,Sample_S19S_0071_Wat,411.1660419
2,Sample_S19S_0071_Wat,411.2022993
10,Sample_S19S_0071_Wat,412.0521769
26,Sample_S19S_0071_Wat,412.0885256
39,Sample_S19S_0071_Wat,412.1249118
23,Sample_S19S_0071_Wat,413.0361429
12,Sample_S19S_0071_Wat,413.06446
7,Sample_S19S_0071_Wat,413.072442
30,Sample_S19S_0071_Wat,413.087795
28,Sample_S19S_0071_Wat,413.1008794
75,Sample_S19S_0071_Wat,413.1089345
57,Sample_S19S_0071_Wat,413.12421
19,Sample_S19S_0071_Wat,413.1372735
22,Sample_S19S_0071_Wat,413.1452768
5,Sample_S19S_0071_Wat,413.1605228
18,Sample_S19S_0071_Wat,413.1736056
9,Sample_S19S_0071_Wat,413.1816156
18,Sample_S19S_0071_Wat,415.0518724
6,Sample_S19S_0071_Wat,415.0671726
6,Sample_S19S_0071_Wat,415.0704085
11,Sample_S19S_0071_Wat,415.080159
53,Sample_S19S_0071_Wat,415.0881916
55,Sample_S19S_0071_Wat,415.1034568
1,Sample_S19S_0071_Wat,415.1066895
18,Sample_S19S_0071_Wat,415.1164835
32,Sample_S19S_0071_Wat,415.1245406
18,Sample_S19S_0071_Wat,415.1529316
48,Sample_S19S_0071_Wat,415.1609859
18,Sample_S19S_0071_Wat,416.0623295
4,Sample_S19S_0071_Wat,416.0986591
30,Sample_S19S_0071_Wat,417.0463346
11,Sample_S19S_0071_Wat,417.0593749
20,Sample_S19S_0071_Wat,417.0674105
24,Sample_S19S_0071_Wat,417.0826722
2,Sample_S19S_0071_Wat,417.085967
15,Sample_S19S_0071_Wat,417.0957124
20,Sample_S19S_0071_Wat,417.1037889
75,Sample_S19S_0071_Wat,417.1191101
2,Sample_S19S_0071_Wat,417.1223013
31,Sample_S19S_0071_Wat,417.1321667
35,Sample_S19S_0071_Wat,417.1402188
69,Sample_S19S_0071_Wat,417.1555165
27,Sample_S19S_0071_Wat,417.1685514
38,Sample_S19S_0071_Wat,418.0779721
12,Sample_S19S_0071_Wat,418.1144292
22,Sample_S19S_0071_Wat,419.0256123
34,Sample_S19S_0071_Wat,419.0619721
3,Sample_S19S_0071_Wat,419.0652534
15,Sample_S19S_0071_Wat,419.0982983
6,Sample_S19S_0071_Wat,419.1113471
87,Sample_S19S_0071_Wat,419.1347745
24,Sample_S19S_0071_Wat,419.1478319
42,Sample_S19S_0071_Wat,419.1711927
19,Sample_S19S_0071_Wat,419.1842051
29,Sample_S19S_0071_Wat,419.207525
35,Sample_S19S_0071_Wat,421.0412704
18,Sample_S19S_0071_Wat,421.0777047
14,Sample_S19S_0071_Wat,421.0906648
86,Sample_S19S_0071_Wat,421.1140346
13,Sample_S19S_0071_Wat,421.1270174
79,Sample_S19S_0071_Wat,421.1504292
1,Sample_S19S_0071_Wat,421.1552081
17,Sample_S19S_0071_Wat,421.1634511
20,Sample_S19S_0071_Wat,421.1868654
36,Sample_S19S_0071_Wat,422.0728802
23,Sample_S19S_0071_Wat,422.1093338
47,Sample_S19S_0071_Wat,423.0569089
28,Sample_S19S_0071_Wat,423.093231
96,Sample_S19S_0071_Wat,423.1296813
30,Sample_S19S_0071_Wat,423.1661225
31,Sample_S19S_0071_Wat,423.2024382
9,Sample_S19S_0071_Wat,424.0522173
32,Sample_S19S_0071_Wat,424.1249783
39,Sample_S19S_0071_Wat,425.0361852
19,Sample_S19S_0071_Wat,425.0724714
17,Sample_S19S_0071_Wat,425.1008972
47,Sample_S19S_0071_Wat,425.1089252
17,Sample_S19S_0071_Wat,425.1453873
36,Sample_S19S_0071_Wat,425.1816982
42,Sample_S19S_0071_Wat,426.1405881
15,Sample_S19S_0071_Wat,427.0518808
12,Sample_S19S_0071_Wat,427.0801714
37,Sample_S19S_0071_Wat,427.088175
32,Sample_S19S_0071_Wat,427.1035014
20,Sample_S19S_0071_Wat,427.1165345
71,Sample_S19S_0071_Wat,427.1245871
6,Sample_S19S_0071_Wat,427.1399769
3,Sample_S19S_0071_Wat,427.1610597
3,Sample_S19S_0071_Wat,427.1763557
31,Sample_S19S_0071_Wat,428.0987544
22,Sample_S19S_0071_Wat,428.1562791
19,Sample_S19S_0071_Wat,429.0463286
40,Sample_S19S_0071_Wat,429.067488
2,Sample_S19S_0071_Wat,429.0829209
9,Sample_S19S_0071_Wat,429.1039457
4,Sample_S19S_0071_Wat,429.1192381
59,Sample_S19S_0071_Wat,429.1402424
28,Sample_S19S_0071_Wat,429.1555582
21,Sample_S19S_0071_Wat,429.1685491
19,Sample_S19S_0071_Wat,429.1765924
37,Sample_S19S_0071_Wat,429.1919036
7,Sample_S19S_0071_Wat,430.0780537
24,Sample_S19S_0071_Wat,430.0991542
38,Sample_S19S_0071_Wat,430.1354817
47,Sample_S19S_0071_Wat,431.0620177
39,Sample_S19S_0071_Wat,431.083125
67,Sample_S19S_0071_Wat,431.098388
16,Sample_S19S_0071_Wat,431.1113826
24,Sample_S19S_0071_Wat,431.1194411
27,Sample_S19S_0071_Wat,431.1347291
22,Sample_S19S_0071_Wat,431.1477957
20,Sample_S19S_0071_Wat,431.1558407
33,Sample_S19S_0071_Wat,431.1711879
14,Sample_S19S_0071_Wat,431.2076023
6,Sample_S19S_0071_Wat,432.0573233
28,Sample_S19S_0071_Wat,433.0412948
3,Sample_S19S_0071_Wat,433.0543356
58,Sample_S19S_0071_Wat,433.077665
4,Sample_S19S_0071_Wat,433.0809249
13,Sample_S19S_0071_Wat,433.0906617
12,Sample_S19S_0071_Wat,433.0986887
25,Sample_S19S_0071_Wat,433.1139658
7,Sample_S19S_0071_Wat,433.1269982
29,Sample_S19S_0071_Wat,433.1503758
19,Sample_S19S_0071_Wat,433.1634586
34,Sample_S19S_0071_Wat,433.1868494
24,Sample_S19S_0071_Wat,433.223189
8,Sample_S19S_0071_Wat,434.072975
36,Sample_S19S_0071_Wat,435.0569041
69,Sample_S19S_0071_Wat,435.093324
13,Sample_S19S_0071_Wat,435.1062764
32,Sample_S19S_0071_Wat,435.1296329
3,Sample_S19S_0071_Wat,435.1426364
25,Sample_S19S_0071_Wat,435.1659973
9,Sample_S19S_0071_Wat,435.1790631
42,Sample_S19S_0071_Wat,435.2024665
17,Sample_S19S_0071_Wat,436.0521427
17,Sample_S19S_0071_Wat,436.0886111
4,Sample_S19S_0071_Wat,436.1250197
29,Sample_S19S_0071_Wat,437.0361523
22,Sample_S19S_0071_Wat,437.072483
28,Sample_S19S_0071_Wat,437.1088959
58,Sample_S19S_0071_Wat,437.1453651
46,Sample_S19S_0071_Wat,437.1817485
11,Sample_S19S_0071_Wat,437.2180272
11,Sample_S19S_0071_Wat,438.0678822
54,Sample_S19S_0071_Wat,438.1405683
15,Sample_S19S_0071_Wat,439.051737
65,Sample_S19S_0071_Wat,439.0882098
70,Sample_S19S_0071_Wat,439.1246064
19,Sample_S19S_0071_Wat,439.1529344
29,Sample_S19S_0071_Wat,439.1609425
16,Sample_S19S_0071_Wat,439.1892886
18,Sample_S19S_0071_Wat,439.1973056
26,Sample_S19S_0071_Wat,440.1198163
14,Sample_S19S_0071_Wat,441.0310268
4,Sample_S19S_0071_Wat,441.0462365
2,Sample_S19S_0071_Wat,441.0593601
28,Sample_S19S_0071_Wat,441.0674409
32,Sample_S19S_0071_Wat,441.1039049
18,Sample_S19S_0071_Wat,441.1191742
51,Sample_S19S_0071_Wat,441.1402285
12,Sample_S19S_0071_Wat,441.1554489
15,Sample_S19S_0071_Wat,441.168514
21,Sample_S19S_0071_Wat,441.1765589
8,Sample_S19S_0071_Wat,441.2129575
9,Sample_S19S_0071_Wat,442.0990637
18,Sample_S19S_0071_Wat,442.135461
18,Sample_S19S_0071_Wat,443.0466588
1,Sample_S19S_0071_Wat,443.0652174
13,Sample_S19S_0071_Wat,443.0749837
30,Sample_S19S_0071_Wat,443.0830557
35,Sample_S19S_0071_Wat,443.0984287
4,Sample_S19S_0071_Wat,443.1016577
18,Sample_S19S_0071_Wat,443.1114516
61,Sample_S19S_0071_Wat,443.119518
3,Sample_S19S_0071_Wat,443.1348538
22,Sample_S19S_0071_Wat,443.1478565
51,Sample_S19S_0071_Wat,443.1558944
24,Sample_S19S_0071_Wat,443.1711201
17,Sample_S19S_0071_Wat,443.1841796
16,Sample_S19S_0071_Wat,443.1922057
26,Sample_S19S_0071_Wat,445.0412697
7,Sample_S19S_0071_Wat,445.054308
28,Sample_S19S_0071_Wat,445.0623769
29,Sample_S19S_0071_Wat,445.0776178
11,Sample_S19S_0071_Wat,445.0986624
3,Sample_S19S_0071_Wat,445.1083593
15,Sample_S19S_0071_Wat,445.1139537
18,Sample_S19S_0071_Wat,445.127011
7,Sample_S19S_0071_Wat,445.1350548
34,Sample_S19S_0071_Wat,445.1503907
29,Sample_S19S_0071_Wat,445.1634705
37,Sample_S19S_0071_Wat,445.1868428
11,Sample_S19S_0071_Wat,446.0364887
9,Sample_S19S_0071_Wat,446.0728598
2,Sample_S19S_0071_Wat,446.0939418
37,Sample_S19S_0071_Wat,446.1092739
11,Sample_S19S_0071_Wat,447.0204695
8,Sample_S19S_0071_Wat,447.056785
6,Sample_S19S_0071_Wat,447.0698296
2,Sample_S19S_0071_Wat,447.0779114
15,Sample_S19S_0071_Wat,447.09323
73,Sample_S19S_0071_Wat,447.1297048
29,Sample_S19S_0071_Wat,447.1427418
71,Sample_S19S_0071_Wat,447.1660641
16,Sample_S19S_0071_Wat,447.179104
15,Sample_S19S_0071_Wat,447.2023724
2,Sample_S19S_0071_Wat,448.0520882
42,Sample_S19S_0071_Wat,448.088573
10,Sample_S19S_0071_Wat,448.1096972
20,Sample_S19S_0071_Wat,449.0724952
86,Sample_S19S_0071_Wat,449.1089599
15,Sample_S19S_0071_Wat,449.1219859
77,Sample_S19S_0071_Wat,449.1453221
28,Sample_S19S_0071_Wat,449.1816462
13,Sample_S19S_0071_Wat,449.2180299
12,Sample_S19S_0071_Wat,451.0517204
32,Sample_S19S_0071_Wat,451.0881744
53,Sample_S19S_0071_Wat,451.124616
3,Sample_S19S_0071_Wat,451.1530256
32,Sample_S19S_0071_Wat,451.1609528
9,Sample_S19S_0071_Wat,451.189303
5,Sample_S19S_0071_Wat,451.1972791
11,Sample_S19S_0071_Wat,451.2336787
31,Sample_S19S_0071_Wat,452.0834394
11,Sample_S19S_0071_Wat,452.1199139
21,Sample_S19S_0071_Wat,453.0310814
22,Sample_S19S_0071_Wat,453.0673983
11,Sample_S19S_0071_Wat,453.0957146
16,Sample_S19S_0071_Wat,453.1037558
17,Sample_S19S_0071_Wat,453.1321972
40,Sample_S19S_0071_Wat,453.140211
3,Sample_S19S_0071_Wat,453.1686448
59,Sample_S19S_0071_Wat,453.1766436
17,Sample_S19S_0071_Wat,454.0627542
34,Sample_S19S_0071_Wat,455.0467468
42,Sample_S19S_0071_Wat,455.0831528
38,Sample_S19S_0071_Wat,455.0984121
18,Sample_S19S_0071_Wat,455.111472
34,Sample_S19S_0071_Wat,455.1194736
20,Sample_S19S_0071_Wat,455.14777
11,Sample_S19S_0071_Wat,455.1558023
14,Sample_S19S_0071_Wat,455.1841535
10,Sample_S19S_0071_Wat,455.1921775
5,Sample_S19S_0071_Wat,457.0260917
18,Sample_S19S_0071_Wat,457.0412916
9,Sample_S19S_0071_Wat,457.0542979
28,Sample_S19S_0071_Wat,457.0624071
13,Sample_S19S_0071_Wat,457.0776174
9,Sample_S19S_0071_Wat,457.0906483
20,Sample_S19S_0071_Wat,457.0986905
20,Sample_S19S_0071_Wat,457.1139922
2,Sample_S19S_0071_Wat,457.1172314
13,Sample_S19S_0071_Wat,457.1270095
15,Sample_S19S_0071_Wat,457.1350642
2,Sample_S19S_0071_Wat,457.1447412
17,Sample_S19S_0071_Wat,457.150377
18,Sample_S19S_0071_Wat,457.1634444
20,Sample_S19S_0071_Wat,457.1715231
48,Sample_S19S_0071_Wat,457.1868094
11,Sample_S19S_0071_Wat,457.1998933
23,Sample_S19S_0071_Wat,457.2079257
9,Sample_S19S_0071_Wat,459.0205561
16,Sample_S19S_0071_Wat,459.0416602
16,Sample_S19S_0071_Wat,459.0568713
7,Sample_S19S_0071_Wat,459.069913
21,Sample_S19S_0071_Wat,459.0779746
18,Sample_S19S_0071_Wat,459.0932353
17,Sample_S19S_0071_Wat,459.1062882
22,Sample_S19S_0071_Wat,459.1143457
51,Sample_S19S_0071_Wat,459.1296693
27,Sample_S19S_0071_Wat,459.142719
34,Sample_S19S_0071_Wat,459.1508169
39,Sample_S19S_0071_Wat,459.1661042
28,Sample_S19S_0071_Wat,459.1872169
22,Sample_S19S_0071_Wat,459.2025048
6,Sample_S19S_0071_Wat,459.2155229
18,Sample_S19S_0071_Wat,461.036196
6,Sample_S19S_0071_Wat,461.0492316
22,Sample_S19S_0071_Wat,461.0725007
12,Sample_S19S_0071_Wat,461.0855391
9,Sample_S19S_0071_Wat,461.1088271
4,Sample_S19S_0071_Wat,461.1218899
22,Sample_S19S_0071_Wat,461.1452647
17,Sample_S19S_0071_Wat,461.1583343
35,Sample_S19S_0071_Wat,461.1817537
10,Sample_S19S_0071_Wat,461.1948089
22,Sample_S19S_0071_Wat,461.218132
20,Sample_S19S_0071_Wat,462.067799
34,Sample_S19S_0071_Wat,463.0518315
43,Sample_S19S_0071_Wat,463.0881954
3,Sample_S19S_0071_Wat,463.1189274
15,Sample_S19S_0071_Wat,463.124491
5,Sample_S19S_0071_Wat,463.1375144
8,Sample_S19S_0071_Wat,463.1608564
6,Sample_S19S_0071_Wat,463.1739081
19,Sample_S19S_0071_Wat,463.1972938
28,Sample_S19S_0071_Wat,463.2337601
8,Sample_S19S_0071_Wat,465.0310055
13,Sample_S19S_0071_Wat,465.06738
32,Sample_S19S_0071_Wat,465.1038259
55,Sample_S19S_0071_Wat,465.1766182
6,Sample_S19S_0071_Wat,465.2049695
14,Sample_S19S_0071_Wat,465.2129596
1,Sample_S19S_0071_Wat,466.1435867
34,Sample_S19S_0071_Wat,467.0467531
49,Sample_S19S_0071_Wat,467.0831629
47,Sample_S19S_0071_Wat,467.1195422
28,Sample_S19S_0071_Wat,467.1478261
30,Sample_S19S_0071_Wat,467.1558326
20,Sample_S19S_0071_Wat,467.184209
9,Sample_S19S_0071_Wat,467.1921933
24,Sample_S19S_0071_Wat,468.1147294
12,Sample_S19S_0071_Wat,469.0260039
30,Sample_S19S_0071_Wat,469.062394
11,Sample_S19S_0071_Wat,469.0906533
24,Sample_S19S_0071_Wat,469.0986993
21,Sample_S19S_0071_Wat,469.1270251
13,Sample_S19S_0071_Wat,469.1350525
7,Sample_S19S_0071_Wat,469.1503074
11,Sample_S19S_0071_Wat,469.1633964
20,Sample_S19S_0071_Wat,469.199861
17,Sample_S19S_0071_Wat,469.2078959
12,Sample_S19S_0071_Wat,471.0416901
22,Sample_S19S_0071_Wat,471.0569384
6,Sample_S19S_0071_Wat,471.069939
29,Sample_S19S_0071_Wat,471.0780166
14,Sample_S19S_0071_Wat,471.093255
14,Sample_S19S_0071_Wat,471.106291
7,Sample_S19S_0071_Wat,471.1295835
10,Sample_S19S_0071_Wat,471.1426129
8,Sample_S19S_0071_Wat,471.1506882
9,Sample_S19S_0071_Wat,471.16598
18,Sample_S19S_0071_Wat,471.1790652
19,Sample_S19S_0071_Wat,471.1871307
13,Sample_S19S_0071_Wat,471.2024048
12,Sample_S19S_0071_Wat,471.2155389
14,Sample_S19S_0071_Wat,473.0361823
6,Sample_S19S_0071_Wat,473.0573502
28,Sample_S19S_0071_Wat,473.0726032
33,Sample_S19S_0071_Wat,473.0937108
57,Sample_S19S_0071_Wat,473.1089772
21,Sample_S19S_0071_Wat,473.121993
21,Sample_S19S_0071_Wat,473.1300234
2,Sample_S19S_0071_Wat,473.139667
22,Sample_S19S_0071_Wat,473.1452829
8,Sample_S19S_0071_Wat,473.1582831
22,Sample_S19S_0071_Wat,473.1816622
9,Sample_S19S_0071_Wat,473.1946924
23,Sample_S19S_0071_Wat,473.2180738
8,Sample_S19S_0071_Wat,474.0889636
9,Sample_S19S_0071_Wat,475.0517049
15,Sample_S19S_0071_Wat,475.0728791
25,Sample_S19S_0071_Wat,475.0881586
14,Sample_S19S_0071_Wat,475.1012806
16,Sample_S19S_0071_Wat,475.1092833
60,Sample_S19S_0071_Wat,475.1245966
28,Sample_S19S_0071_Wat,475.1376596
15,Sample_S19S_0071_Wat,475.1456774
67,Sample_S19S_0071_Wat,475.1609843
19,Sample_S19S_0071_Wat,475.1739813
13,Sample_S19S_0071_Wat,475.1973043
3,Sample_S19S_0071_Wat,475.2336051
5,Sample_S19S_0071_Wat,476.0833408
19,Sample_S19S_0071_Wat,477.0311319
35,Sample_S19S_0071_Wat,477.0674882
18,Sample_S19S_0071_Wat,477.1037802
17,Sample_S19S_0071_Wat,477.1168599
5,Sample_S19S_0071_Wat,477.1401075
8,Sample_S19S_0071_Wat,477.1531747
15,Sample_S19S_0071_Wat,477.1765167
33,Sample_S19S_0071_Wat,477.2130039
42,Sample_S19S_0071_Wat,478.0991507
6,Sample_S19S_0071_Wat,479.0466033
16,Sample_S19S_0071_Wat,479.0830028
35,Sample_S19S_0071_Wat,479.1194663
65,Sample_S19S_0071_Wat,479.1559168
12,Sample_S19S_0071_Wat,479.1689644
2,Sample_S19S_0071_Wat,479.1843315
46,Sample_S19S_0071_Wat,479.1923063
14,Sample_S19S_0071_Wat,479.2286027
6,Sample_S19S_0071_Wat,481.025885
18,Sample_S19S_0071_Wat,481.0623379
45,Sample_S19S_0071_Wat,481.0987747
60,Sample_S19S_0071_Wat,481.1351677
16,Sample_S19S_0071_Wat,481.1634867
39,Sample_S19S_0071_Wat,481.1715313
13,Sample_S19S_0071_Wat,481.199847
12,Sample_S19S_0071_Wat,481.2078283
13,Sample_S19S_0071_Wat,483.0415833
25,Sample_S19S_0071_Wat,483.0780208
4,Sample_S19S_0071_Wat,483.1064043
46,Sample_S19S_0071_Wat,483.1144642
21,Sample_S19S_0071_Wat,483.1297323
33,Sample_S19S_0071_Wat,483.1508531
13,Sample_S19S_0071_Wat,483.1791639
25,Sample_S19S_0071_Wat,483.1871699
9,Sample_S19S_0071_Wat,484.1459881
8,Sample_S19S_0071_Wat,485.057196
10,Sample_S19S_0071_Wat,485.0855526
26,Sample_S19S_0071_Wat,485.0936172
36,Sample_S19S_0071_Wat,485.1089501
16,Sample_S19S_0071_Wat,485.1220307
43,Sample_S19S_0071_Wat,485.1300644
1,Sample_S19S_0071_Wat,485.139617
24,Sample_S19S_0071_Wat,485.1453846
20,Sample_S19S_0071_Wat,485.1584131
32,Sample_S19S_0071_Wat,485.1664901
38,Sample_S19S_0071_Wat,485.181737
14,Sample_S19S_0071_Wat,485.1948096
4,Sample_S19S_0071_Wat,486.140486
6,Sample_S19S_0071_Wat,487.0648683
17,Sample_S19S_0071_Wat,487.072871
11,Sample_S19S_0071_Wat,487.088118
13,Sample_S19S_0071_Wat,487.1011949
6,Sample_S19S_0071_Wat,487.1092152
13,Sample_S19S_0071_Wat,487.1244947
16,Sample_S19S_0071_Wat,487.1375846
10,Sample_S19S_0071_Wat,487.1456408
1,Sample_S19S_0071_Wat,487.1552674
51,Sample_S19S_0071_Wat,487.1609704
20,Sample_S19S_0071_Wat,487.1740711
29,Sample_S19S_0071_Wat,487.1974177
20,Sample_S19S_0071_Wat,488.0834359
5,Sample_S19S_0071_Wat,489.0310445
36,Sample_S19S_0071_Wat,489.067487
30,Sample_S19S_0071_Wat,489.1039118
29,Sample_S19S_0071_Wat,489.1249814
27,Sample_S19S_0071_Wat,489.1402055
17,Sample_S19S_0071_Wat,489.1532671
11,Sample_S19S_0071_Wat,489.1765226
8,Sample_S19S_0071_Wat,489.2128864
12,Sample_S19S_0071_Wat,490.0990621
9,Sample_S19S_0071_Wat,491.0466906
16,Sample_S19S_0071_Wat,491.0830123
10,Sample_S19S_0071_Wat,491.0961728
9,Sample_S19S_0071_Wat,491.1193786
12,Sample_S19S_0071_Wat,491.1325378
25,Sample_S19S_0071_Wat,491.1558203
14,Sample_S19S_0071_Wat,491.1689084
43,Sample_S19S_0071_Wat,491.1922945
5,Sample_S19S_0071_Wat,491.2287423
34,Sample_S19S_0071_Wat,492.1147512
8,Sample_S19S_0071_Wat,493.0622921
22,Sample_S19S_0071_Wat,493.098712
66,Sample_S19S_0071_Wat,493.1351653
1,Sample_S19S_0071_Wat,493.1636569
46,Sample_S19S_0071_Wat,493.1715856
9,Sample_S19S_0071_Wat,495.0415683
29,Sample_S19S_0071_Wat,495.0780179
41,Sample_S19S_0071_Wat,495.1144449
7,Sample_S19S_0071_Wat,495.1427989
53,Sample_S19S_0071_Wat,495.1507984
19,Sample_S19S_0071_Wat,495.1791573
7,Sample_S19S_0071_Wat,495.2154488
1,Sample_S19S_0071_Wat,496.1905351
19,Sample_S19S_0071_Wat,497.0572968
13,Sample_S19S_0071_Wat,497.0937782
30,Sample_S19S_0071_Wat,497.1089508
11,Sample_S19S_0071_Wat,497.1301476
22,Sample_S19S_0071_Wat,497.1947705
11,Sample_S19S_0071_Wat,498.1253978
27,Sample_S19S_0071_Wat,498.1617513
3,Sample_S19S_0071_Wat,498.1698072
6,Sample_S19S_0071_Wat,499.036451
6,Sample_S19S_0071_Wat,499.0516924
19,Sample_S19S_0071_Wat,499.0728848
9,Sample_S19S_0071_Wat,499.1012958
33,Sample_S19S_0071_Wat,499.1093112
10,Sample_S19S_0071_Wat,499.1377212
44,Sample_S19S_0071_Wat,499.1457371
12,Sample_S19S_0071_Wat,499.1610424
19,Sample_S19S_0071_Wat,499.1740741
19,Sample_S19S_0071_Wat,499.2104255
14,Sample_S19S_0071_Wat,499.2184243
1,Sample_S19S_0071_Wat,500.1853965
7,Sample_S19S_0071_Wat,501.0310269
6,Sample_S19S_0071_Wat,501.0521674
12,Sample_S19S_0071_Wat,501.0673678
11,Sample_S19S_0071_Wat,501.080502
14,Sample_S19S_0071_Wat,501.0885018
10,Sample_S19S_0071_Wat,501.1037301
12,Sample_S19S_0071_Wat,501.116864
5,Sample_S19S_0071_Wat,501.1248479
19,Sample_S19S_0071_Wat,501.1401768
26,Sample_S19S_0071_Wat,501.1532967
17,Sample_S19S_0071_Wat,501.1612956
44,Sample_S19S_0071_Wat,501.1766253
23,Sample_S19S_0071_Wat,501.1896846
8,Sample_S19S_0071_Wat,503.0468089
4,Sample_S19S_0071_Wat,503.0832459
16,Sample_S19S_0071_Wat,503.1042984
45,Sample_S19S_0071_Wat,503.1195309
4,Sample_S19S_0071_Wat,503.1326318
15,Sample_S19S_0071_Wat,503.1405906
25,Sample_S19S_0071_Wat,503.1558462
2,Sample_S19S_0071_Wat,503.1768678
13,Sample_S19S_0071_Wat,503.1921795
11,Sample_S19S_0071_Wat,503.2285615
5,Sample_S19S_0071_Wat,504.1722947
5,Sample_S19S_0071_Wat,505.0259469
7,Sample_S19S_0071_Wat,505.0622503
18,Sample_S19S_0071_Wat,505.098662
8,Sample_S19S_0071_Wat,505.1118569
18,Sample_S19S_0071_Wat,505.1350781
63,Sample_S19S_0071_Wat,505.1715425
16,Sample_S19S_0071_Wat,505.1846129
27,Sample_S19S_0071_Wat,505.2079802
23,Sample_S19S_0071_Wat,505.2443315
6,Sample_S19S_0071_Wat,506.1303153
11,Sample_S19S_0071_Wat,507.0415912
26,Sample_S19S_0071_Wat,507.0780238
40,Sample_S19S_0071_Wat,507.1144464
2,Sample_S19S_0071_Wat,507.1428505
53,Sample_S19S_0071_Wat,507.1508255
11,Sample_S19S_0071_Wat,509.0573918
35,Sample_S19S_0071_Wat,509.0937287
37,Sample_S19S_0071_Wat,509.1300451
10,Sample_S19S_0071_Wat,509.1583575
10,Sample_S19S_0071_Wat,509.1947371
5,Sample_S19S_0071_Wat,509.2391011
10,Sample_S19S_0071_Wat,510.0888729
5,Sample_S19S_0071_Wat,511.0366348
29,Sample_S19S_0071_Wat,511.0729714
14,Sample_S19S_0071_Wat,511.1012674
26,Sample_S19S_0071_Wat,511.1092846
1,Sample_S19S_0071_Wat,511.1244303
3,Sample_S19S_0071_Wat,511.1375472
2,Sample_S19S_0071_Wat,511.1455592
7,Sample_S19S_0071_Wat,511.1739404
10,Sample_S19S_0071_Wat,511.2103696
1,Sample_S19S_0071_Wat,512.1854652
6,Sample_S19S_0071_Wat,513.0522762
20,Sample_S19S_0071_Wat,513.0885835
18,Sample_S19S_0071_Wat,513.1169162
15,Sample_S19S_0071_Wat,513.1248843
6,Sample_S19S_0071_Wat,513.1531789
5,Sample_S19S_0071_Wat,513.1612236
9,Sample_S19S_0071_Wat,513.1895585
2,Sample_S19S_0071_Wat,515.0467951
8,Sample_S19S_0071_Wat,515.0679477
27,Sample_S19S_0071_Wat,515.083157
26,Sample_S19S_0071_Wat,515.1042917
33,Sample_S19S_0071_Wat,515.1194964
4,Sample_S19S_0071_Wat,515.1326297
20,Sample_S19S_0071_Wat,515.1405768
13,Sample_S19S_0071_Wat,515.155816
14,Sample_S19S_0071_Wat,515.1688778
6,Sample_S19S_0071_Wat,515.1768835
9,Sample_S19S_0071_Wat,515.1921599
7,Sample_S19S_0071_Wat,515.2052029
4,Sample_S19S_0071_Wat,515.2285302
10,Sample_S19S_0071_Wat,517.098859
7,Sample_S19S_0071_Wat,517.1199999
6,Sample_S19S_0071_Wat,517.1352552
12,Sample_S19S_0071_Wat,517.171616
39,Sample_S19S_0071_Wat,517.2079237
9,Sample_S19S_0071_Wat,517.2442337
9,Sample_S19S_0071_Wat,518.1514949
10,Sample_S19S_0071_Wat,519.0779454
13,Sample_S19S_0071_Wat,519.1143103
4,Sample_S19S_0071_Wat,519.1275578
28,Sample_S19S_0071_Wat,519.1507584
4,Sample_S19S_0071_Wat,519.1639413
51,Sample_S19S_0071_Wat,519.1872205
12,Sample_S19S_0071_Wat,519.2236508
9,Sample_S19S_0071_Wat,519.2600027
16,Sample_S19S_0071_Wat,521.0573462
26,Sample_S19S_0071_Wat,521.0937324
40,Sample_S19S_0071_Wat,521.1301011
4,Sample_S19S_0071_Wat,521.1584978
24,Sample_S19S_0071_Wat,521.1663968
1,Sample_S19S_0071_Wat,521.1946636
10,Sample_S19S_0071_Wat,521.2027235
10,Sample_S19S_0071_Wat,523.0365285
8,Sample_S19S_0071_Wat,523.0728235
5,Sample_S19S_0071_Wat,523.1091901
13,Sample_S19S_0071_Wat,523.1456062
14,Sample_S19S_0071_Wat,523.1739853
21,Sample_S19S_0071_Wat,523.1820717
15,Sample_S19S_0071_Wat,523.2104573
10,Sample_S19S_0071_Wat,525.0674542
19,Sample_S19S_0071_Wat,525.0885729
18,Sample_S19S_0071_Wat,525.1038625
27,Sample_S19S_0071_Wat,525.1250197
37,Sample_S19S_0071_Wat,525.1614051
20,Sample_S19S_0071_Wat,526.1566707
9,Sample_S19S_0071_Wat,527.0679337
8,Sample_S19S_0071_Wat,527.0832056
7,Sample_S19S_0071_Wat,527.1043114
15,Sample_S19S_0071_Wat,527.119585
35,Sample_S19S_0071_Wat,527.1406475
31,Sample_S19S_0071_Wat,527.1558917
21,Sample_S19S_0071_Wat,527.1689685
25,Sample_S19S_0071_Wat,527.1769645
15,Sample_S19S_0071_Wat,527.2052882
2,Sample_S19S_0071_Wat,527.2284939
20,Sample_S19S_0071_Wat,528.135922
6,Sample_S19S_0071_Wat,529.047257
6,Sample_S19S_0071_Wat,529.0836238
12,Sample_S19S_0071_Wat,529.0988481
18,Sample_S19S_0071_Wat,529.119899
35,Sample_S19S_0071_Wat,529.1351825
8,Sample_S19S_0071_Wat,529.1482589
19,Sample_S19S_0071_Wat,529.1562352
16,Sample_S19S_0071_Wat,529.1714748
18,Sample_S19S_0071_Wat,529.184567
9,Sample_S19S_0071_Wat,529.2078283
9,Sample_S19S_0071_Wat,529.2442413
7,Sample_S19S_0071_Wat,531.0629135
15,Sample_S19S_0071_Wat,531.1144803
21,Sample_S19S_0071_Wat,531.1507766
17,Sample_S19S_0071_Wat,531.1638843
16,Sample_S19S_0071_Wat,531.1871077
10,Sample_S19S_0071_Wat,531.2001725
15,Sample_S19S_0071_Wat,531.2234777
9,Sample_S19S_0071_Wat,532.0733598
13,Sample_S19S_0071_Wat,532.1097212
4,Sample_S19S_0071_Wat,533.0574115
13,Sample_S19S_0071_Wat,533.0937827
23,Sample_S19S_0071_Wat,533.1301236
54,Sample_S19S_0071_Wat,533.166456
17,Sample_S19S_0071_Wat,533.1795306
13,Sample_S19S_0071_Wat,533.2027587
6,Sample_S19S_0071_Wat,533.2390944
10,Sample_S19S_0071_Wat,535.0365569
15,Sample_S19S_0071_Wat,535.0730261
11,Sample_S19S_0071_Wat,535.1094222
10,Sample_S19S_0071_Wat,535.1458132
17,Sample_S19S_0071_Wat,535.1821751
28,Sample_S19S_0071_Wat,536.1045749
7,Sample_S19S_0071_Wat,537.0520931
15,Sample_S19S_0071_Wat,537.0884904
31,Sample_S19S_0071_Wat,537.1249315
14,Sample_S19S_0071_Wat,537.1533456
39,Sample_S19S_0071_Wat,537.161382
5,Sample_S19S_0071_Wat,537.1897464
16,Sample_S19S_0071_Wat,537.1978101
8,Sample_S19S_0071_Wat,537.2342192
9,Sample_S19S_0071_Wat,539.0315044
13,Sample_S19S_0071_Wat,539.0679143
18,Sample_S19S_0071_Wat,539.1042196
22,Sample_S19S_0071_Wat,539.1405618
8,Sample_S19S_0071_Wat,539.1688297
5,Sample_S19S_0071_Wat,539.1768779
1,Sample_S19S_0071_Wat,539.2132409
17,Sample_S19S_0071_Wat,540.0995053
19,Sample_S19S_0071_Wat,541.0834882
24,Sample_S19S_0071_Wat,541.1199147
7,Sample_S19S_0071_Wat,541.1352769
11,Sample_S19S_0071_Wat,541.1563515
4,Sample_S19S_0071_Wat,541.1927684
18,Sample_S19S_0071_Wat,541.2290565
5,Sample_S19S_0071_Wat,542.1514443
3,Sample_S19S_0071_Wat,543.0418148
7,Sample_S19S_0071_Wat,543.0629181
20,Sample_S19S_0071_Wat,543.09918
19,Sample_S19S_0071_Wat,543.1355017
24,Sample_S19S_0071_Wat,543.1507543
14,Sample_S19S_0071_Wat,543.1638009
9,Sample_S19S_0071_Wat,543.1870791
7,Sample_S19S_0071_Wat,543.2001267
2,Sample_S19S_0071_Wat,543.2234029
7,Sample_S19S_0071_Wat,545.0571838
5,Sample_S19S_0071_Wat,545.0783592
7,Sample_S19S_0071_Wat,545.0935509
7,Sample_S19S_0071_Wat,545.1147104
12,Sample_S19S_0071_Wat,545.1299664
3,Sample_S19S_0071_Wat,545.1432084
29,Sample_S19S_0071_Wat,545.1664409
28,Sample_S19S_0071_Wat,545.2028931
10,Sample_S19S_0071_Wat,545.2159419
10,Sample_S19S_0071_Wat,547.0729547
16,Sample_S19S_0071_Wat,547.109415
18,Sample_S19S_0071_Wat,547.145805
4,Sample_S19S_0071_Wat,547.1822164
14,Sample_S19S_0071_Wat,547.2548518
8,Sample_S19S_0071_Wat,549.0887119
11,Sample_S19S_0071_Wat,549.1250923
16,Sample_S19S_0071_Wat,549.1614413
9,Sample_S19S_0071_Wat,549.1896683
35,Sample_S19S_0071_Wat,549.1977663
11,Sample_S19S_0071_Wat,551.0679996
14,Sample_S19S_0071_Wat,551.10435
22,Sample_S19S_0071_Wat,551.140683
22,Sample_S19S_0071_Wat,551.1769906
5,Sample_S19S_0071_Wat,551.2052511
10,Sample_S19S_0071_Wat,551.2133063
1,Sample_S19S_0071_Wat,551.2414103
4,Sample_S19S_0071_Wat,551.2496307
7,Sample_S19S_0071_Wat,553.0472596
8,Sample_S19S_0071_Wat,553.0836572
12,Sample_S19S_0071_Wat,553.1199748
40,Sample_S19S_0071_Wat,553.1562956
6,Sample_S19S_0071_Wat,553.1716546
19,Sample_S19S_0071_Wat,553.1925971
9,Sample_S19S_0071_Wat,555.0629131
2,Sample_S19S_0071_Wat,555.0993123
6,Sample_S19S_0071_Wat,555.1356619
10,Sample_S19S_0071_Wat,555.1720029
16,Sample_S19S_0071_Wat,555.1871424
16,Sample_S19S_0071_Wat,555.2082923
6,Sample_S19S_0071_Wat,557.0785258
16,Sample_S19S_0071_Wat,557.0937315
12,Sample_S19S_0071_Wat,557.1149049
1,Sample_S19S_0071_Wat,557.1797008
10,Sample_S19S_0071_Wat,559.1092427
12,Sample_S19S_0071_Wat,559.1951961
17,Sample_S19S_0071_Wat,559.2185569
9,Sample_S19S_0071_Wat,561.0522506
14,Sample_S19S_0071_Wat,561.0885432
6,Sample_S19S_0071_Wat,561.1248442
5,Sample_S19S_0071_Wat,561.1611805
1,Sample_S19S_0071_Wat,561.1975534
4,Sample_S19S_0071_Wat,561.2339983
9,Sample_S19S_0071_Wat,563.1043787
7,Sample_S19S_0071_Wat,563.140767
5,Sample_S19S_0071_Wat,563.1771352
22,Sample_S19S_0071_Wat,563.2134586
14,Sample_S19S_0071_Wat,563.2497644
8,Sample_S19S_0071_Wat,565.0833841
1,Sample_S19S_0071_Wat,565.1561141
13,Sample_S19S_0071_Wat,565.2290122
10,Sample_S19S_0071_Wat,567.0992538
8,Sample_S19S_0071_Wat,567.1356587
4,Sample_S19S_0071_Wat,567.1509253
12,Sample_S19S_0071_Wat,569.0784551
13,Sample_S19S_0071_Wat,569.1147778
6,Sample_S19S_0071_Wat,569.1510794
8,Sample_S19S_0071_Wat,569.17943
2,Sample_S19S_0071_Wat,569.1874013
2,Sample_S19S_0071_Wat,569.2025994
24,Sample_S19S_0071_Wat,571.1457131
23,Sample_S19S_0071_Wat,571.1821369
5,Sample_S19S_0071_Wat,571.1952621
14,Sample_S19S_0071_Wat,571.2032768
11,Sample_S19S_0071_Wat,573.1250609
7,Sample_S19S_0071_Wat,573.1978706
2,Sample_S19S_0071_Wat,573.2342462
2,Sample_S19S_0071_Wat,575.0680122
4,Sample_S19S_0071_Wat,575.1043617
5,Sample_S19S_0071_Wat,575.1407714
24,Sample_S19S_0071_Wat,575.1770756
14,Sample_S19S_0071_Wat,575.190103
25,Sample_S19S_0071_Wat,575.213398
11,Sample_S19S_0071_Wat,575.2497017
2,Sample_S19S_0071_Wat,577.0836723
35,Sample_S19S_0071_Wat,577.1563035
23,Sample_S19S_0071_Wat,577.1926143
4,Sample_S19S_0071_Wat,577.228924
24,Sample_S19S_0071_Wat,579.1355972
11,Sample_S19S_0071_Wat,579.1638659
31,Sample_S19S_0071_Wat,579.1719274
17,Sample_S19S_0071_Wat,579.2082488
3,Sample_S19S_0071_Wat,579.2445526
5,Sample_S19S_0071_Wat,581.0785526
13,Sample_S19S_0071_Wat,581.1148894
32,Sample_S19S_0071_Wat,581.1512226
22,Sample_S19S_0071_Wat,581.1875335
13,Sample_S19S_0071_Wat,581.2238624
4,Sample_S19S_0071_Wat,581.2602074
1,Sample_S19S_0071_Wat,583.0731247
8,Sample_S19S_0071_Wat,583.1820308
16,Sample_S19S_0071_Wat,583.2032587
10,Sample_S19S_0071_Wat,583.2314722
2,Sample_S19S_0071_Wat,585.124838
6,Sample_S19S_0071_Wat,585.1615059
4,Sample_S19S_0071_Wat,585.197889
2,Sample_S19S_0071_Wat,585.2472737
11,Sample_S19S_0071_Wat,587.1041571
12,Sample_S19S_0071_Wat,587.1405809
24,Sample_S19S_0071_Wat,587.1770783
13,Sample_S19S_0071_Wat,587.2134744
3,Sample_S19S_0071_Wat,587.2265632
2,Sample_S19S_0071_Wat,589.1924321
3,Sample_S19S_0071_Wat,589.2288053
4,Sample_S19S_0071_Wat,589.2652893
8,Sample_S19S_0071_Wat,591.0629191
2,Sample_S19S_0071_Wat,591.0993225
3,Sample_S19S_0071_Wat,591.135742
9,Sample_S19S_0071_Wat,591.1720289
1,Sample_S19S_0071_Wat,593.078251
8,Sample_S19S_0071_Wat,593.1511079
21,Sample_S19S_0071_Wat,593.1875846
1,Sample_S19S_0071_Wat,593.2155927
16,Sample_S19S_0071_Wat,593.2240288
12,Sample_S19S_0071_Wat,597.1460191
4,Sample_S19S_0071_Wat,597.2553504
10,Sample_S19S_0071_Wat,599.1405633
17,Sample_S19S_0071_Wat,599.1901116
14,Sample_S19S_0071_Wat,603.2083804
2,Sample_S19S_0071_Wat,605.1513953
1,Sample_S19S_0071_Wat,607.1950256
3,Sample_S19S_0071_Wat,607.2030678
3,Sample_S19S_0071_Wat,609.1459321
1,Sample_S19S_0071_Wat,609.2105468
1,Sample_S19S_0071_Wat,611.1898292
3,Sample_S19S_0071_Wat,619.130318
1,Sample_S19S_0071_Wat,619.1666544
9,Sample_S19S_0071_Wat,621.1461897
13,Sample_S19S_0071_Wat,621.218773
1,Sample_S19S_0071_Wat,623.1255649
1,Sample_S19S_0071_Wat,623.162005
1,Sample_S19S_0071_Wat,623.1983716
9,Sample_S19S_0071_Wat,625.2057332
13,Sample_S19S_0071_Wat,629.1876222
11,Sample_S19S_0071_Wat,631.2031269
12,Sample_S19S_0071_Wat,631.2395415
10,Sample_S19S_0071_Wat,635.2709215
6,Sample_S19S_0071_Wat,663.1931909
6,Sample_S19S_0071_Wat,677.1360814
1,Sample_S19S_0071_Wat,715.2604917
