num.trans.involved.in,sample,peak
20,Sample_S19S_0099_Wat,200.0564158
14,Sample_S19S_0099_Wat,200.092796
22,Sample_S19S_0099_Wat,201.0226766
43,Sample_S19S_0099_Wat,201.0404313
39,Sample_S19S_0099_Wat,201.0768122
28,Sample_S19S_0099_Wat,201.1131969
42,Sample_S19S_0099_Wat,203.0560881
13,Sample_S19S_0099_Wat,203.0924536
24,Sample_S19S_0099_Wat,205.0505947
34,Sample_S19S_0099_Wat,205.0717289
16,Sample_S19S_0099_Wat,205.086978
12,Sample_S19S_0099_Wat,207.0121103
39,Sample_S19S_0099_Wat,207.0298709
40,Sample_S19S_0099_Wat,207.066249
23,Sample_S19S_0099_Wat,208.0615064
18,Sample_S19S_0099_Wat,209.0091207
39,Sample_S19S_0099_Wat,209.0455114
43,Sample_S19S_0099_Wat,209.0818981
23,Sample_S19S_0099_Wat,210.0407624
22,Sample_S19S_0099_Wat,210.0771409
56,Sample_S19S_0099_Wat,211.0247874
62,Sample_S19S_0099_Wat,211.0611736
39,Sample_S19S_0099_Wat,211.097555
28,Sample_S19S_0099_Wat,211.1339377
7,Sample_S19S_0099_Wat,212.0200182
28,Sample_S19S_0099_Wat,212.0564229
1,Sample_S19S_0099_Wat,213.0152775
22,Sample_S19S_0099_Wat,213.0226817
39,Sample_S19S_0099_Wat,213.0404285
52,Sample_S19S_0099_Wat,213.0768216
33,Sample_S19S_0099_Wat,213.1132092
25,Sample_S19S_0099_Wat,214.0720739
22,Sample_S19S_0099_Wat,214.1084656
17,Sample_S19S_0099_Wat,215.0019358
30,Sample_S19S_0099_Wat,215.0383432
45,Sample_S19S_0099_Wat,215.0560786
47,Sample_S19S_0099_Wat,215.0924726
23,Sample_S19S_0099_Wat,215.1288446
48,Sample_S19S_0099_Wat,217.0717431
37,Sample_S19S_0099_Wat,217.1081169
16,Sample_S19S_0099_Wat,219.0662407
39,Sample_S19S_0099_Wat,219.0873877
15,Sample_S19S_0099_Wat,221.0277828
43,Sample_S19S_0099_Wat,221.0455191
24,Sample_S19S_0099_Wat,221.048891
24,Sample_S19S_0099_Wat,221.0818912
9,Sample_S19S_0099_Wat,222.0407486
17,Sample_S19S_0099_Wat,222.0771399
48,Sample_S19S_0099_Wat,223.0247931
24,Sample_S19S_0099_Wat,223.0611523
47,Sample_S19S_0099_Wat,223.0975605
39,Sample_S19S_0099_Wat,223.1339546
32,Sample_S19S_0099_Wat,224.0564233
9,Sample_S19S_0099_Wat,224.092781
80,Sample_S19S_0099_Wat,225.0404494
14,Sample_S19S_0099_Wat,225.0590474
61,Sample_S19S_0099_Wat,225.0768195
21,Sample_S19S_0099_Wat,225.1131873
22,Sample_S19S_0099_Wat,226.0356785
40,Sample_S19S_0099_Wat,226.072077
24,Sample_S19S_0099_Wat,227.0196895
24,Sample_S19S_0099_Wat,227.0383214
47,Sample_S19S_0099_Wat,227.056079
18,Sample_S19S_0099_Wat,227.0747174
58,Sample_S19S_0099_Wat,227.092466
38,Sample_S19S_0099_Wat,227.1288722
8,Sample_S19S_0099_Wat,228.0335725
9,Sample_S19S_0099_Wat,228.0513116
23,Sample_S19S_0099_Wat,229.0175957
45,Sample_S19S_0099_Wat,229.0353497
55,Sample_S19S_0099_Wat,229.0717413
41,Sample_S19S_0099_Wat,229.1081151
27,Sample_S19S_0099_Wat,229.14452
34,Sample_S19S_0099_Wat,231.0332653
49,Sample_S19S_0099_Wat,231.051012
25,Sample_S19S_0099_Wat,231.0662593
49,Sample_S19S_0099_Wat,231.0873835
19,Sample_S19S_0099_Wat,231.1237543
42,Sample_S19S_0099_Wat,233.0455307
28,Sample_S19S_0099_Wat,233.0489051
68,Sample_S19S_0099_Wat,233.0666759
41,Sample_S19S_0099_Wat,233.0819208
41,Sample_S19S_0099_Wat,233.1030488
14,Sample_S19S_0099_Wat,233.1546845
6,Sample_S19S_0099_Wat,234.0407445
41,Sample_S19S_0099_Wat,235.0247912
16,Sample_S19S_0099_Wat,235.0434342
62,Sample_S19S_0099_Wat,235.0611873
27,Sample_S19S_0099_Wat,235.0645616
46,Sample_S19S_0099_Wat,235.0975749
54,Sample_S19S_0099_Wat,236.0564412
50,Sample_S19S_0099_Wat,237.0404421
69,Sample_S19S_0099_Wat,237.0768351
50,Sample_S19S_0099_Wat,237.1132227
15,Sample_S19S_0099_Wat,238.0356696
33,Sample_S19S_0099_Wat,238.0720655
65,Sample_S19S_0099_Wat,239.0197221
106,Sample_S19S_0099_Wat,239.0561117
14,Sample_S19S_0099_Wat,239.0673352
27,Sample_S19S_0099_Wat,239.0747324
101,Sample_S19S_0099_Wat,239.092497
56,Sample_S19S_0099_Wat,239.1288753
36,Sample_S19S_0099_Wat,240.0513448
41,Sample_S19S_0099_Wat,240.0877319
17,Sample_S19S_0099_Wat,241.0176131
79,Sample_S19S_0099_Wat,241.03537
27,Sample_S19S_0099_Wat,241.0506299
27,Sample_S19S_0099_Wat,241.0539901
61,Sample_S19S_0099_Wat,241.0717422
17,Sample_S19S_0099_Wat,241.0903544
42,Sample_S19S_0099_Wat,241.1081087
26,Sample_S19S_0099_Wat,241.1445007
54,Sample_S19S_0099_Wat,242.0670034
34,Sample_S19S_0099_Wat,242.1033669
23,Sample_S19S_0099_Wat,242.139775
8,Sample_S19S_0099_Wat,242.1761465
40,Sample_S19S_0099_Wat,243.0332768
84,Sample_S19S_0099_Wat,243.0510224
13,Sample_S19S_0099_Wat,243.0622684
50,Sample_S19S_0099_Wat,243.0873816
29,Sample_S19S_0099_Wat,243.1237626
23,Sample_S19S_0099_Wat,243.1601665
40,Sample_S19S_0099_Wat,244.0826525
78,Sample_S19S_0099_Wat,245.0455587
30,Sample_S19S_0099_Wat,245.0489119
94,Sample_S19S_0099_Wat,245.0666847
75,Sample_S19S_0099_Wat,245.1030642
29,Sample_S19S_0099_Wat,245.1394342
46,Sample_S19S_0099_Wat,247.024801
77,Sample_S19S_0099_Wat,247.0612011
14,Sample_S19S_0099_Wat,247.0645256
78,Sample_S19S_0099_Wat,247.0823368
75,Sample_S19S_0099_Wat,247.0975945
52,Sample_S19S_0099_Wat,247.118733
40,Sample_S19S_0099_Wat,248.0564361
17,Sample_S19S_0099_Wat,249.0227066
86,Sample_S19S_0099_Wat,249.0404675
30,Sample_S19S_0099_Wat,249.0438151
14,Sample_S19S_0099_Wat,249.0591113
98,Sample_S19S_0099_Wat,249.0768527
43,Sample_S19S_0099_Wat,249.1132224
48,Sample_S19S_0099_Wat,249.1496147
10,Sample_S19S_0099_Wat,249.1529913
57,Sample_S19S_0099_Wat,250.07209
20,Sample_S19S_0099_Wat,250.1448617
78,Sample_S19S_0099_Wat,251.0197332
74,Sample_S19S_0099_Wat,251.0560986
25,Sample_S19S_0099_Wat,251.0594793
20,Sample_S19S_0099_Wat,251.0673594
120,Sample_S19S_0099_Wat,251.0925063
58,Sample_S19S_0099_Wat,251.1289035
2,Sample_S19S_0099_Wat,251.9972252
54,Sample_S19S_0099_Wat,252.0513612
50,Sample_S19S_0099_Wat,252.0877348
106,Sample_S19S_0099_Wat,253.0353983
131,Sample_S19S_0099_Wat,253.0717756
18,Sample_S19S_0099_Wat,253.0751557
13,Sample_S19S_0099_Wat,253.0829986
50,Sample_S19S_0099_Wat,253.1081345
54,Sample_S19S_0099_Wat,253.1445337
48,Sample_S19S_0099_Wat,254.0670222
48,Sample_S19S_0099_Wat,254.1033853
37,Sample_S19S_0099_Wat,255.0332681
110,Sample_S19S_0099_Wat,255.0510433
14,Sample_S19S_0099_Wat,255.0622462
19,Sample_S19S_0099_Wat,255.0696877
130,Sample_S19S_0099_Wat,255.0874163
53,Sample_S19S_0099_Wat,255.1237776
38,Sample_S19S_0099_Wat,255.1602018
2,Sample_S19S_0099_Wat,255.2329705
57,Sample_S19S_0099_Wat,256.0826837
21,Sample_S19S_0099_Wat,257.012566
83,Sample_S19S_0099_Wat,257.030304
58,Sample_S19S_0099_Wat,257.0455598
49,Sample_S19S_0099_Wat,257.048925
107,Sample_S19S_0099_Wat,257.0666765
50,Sample_S19S_0099_Wat,257.085313
72,Sample_S19S_0099_Wat,257.1030521
59,Sample_S19S_0099_Wat,257.1394516
28,Sample_S19S_0099_Wat,257.175834
1,Sample_S19S_0099_Wat,258.0077727
50,Sample_S19S_0099_Wat,258.0619166
53,Sample_S19S_0099_Wat,258.0983343
23,Sample_S19S_0099_Wat,258.1347123
52,Sample_S19S_0099_Wat,259.0248281
35,Sample_S19S_0099_Wat,259.0282061
87,Sample_S19S_0099_Wat,259.0459547
70,Sample_S19S_0099_Wat,259.0612028
52,Sample_S19S_0099_Wat,259.0645754
101,Sample_S19S_0099_Wat,259.0823405
65,Sample_S19S_0099_Wat,259.0975861
71,Sample_S19S_0099_Wat,259.1187072
37,Sample_S19S_0099_Wat,259.1551113
4,Sample_S19S_0099_Wat,260.0234343
15,Sample_S19S_0099_Wat,260.0564172
39,Sample_S19S_0099_Wat,260.0775722
64,Sample_S19S_0099_Wat,261.040468
30,Sample_S19S_0099_Wat,261.04386
12,Sample_S19S_0099_Wat,261.0590781
70,Sample_S19S_0099_Wat,261.061588
97,Sample_S19S_0099_Wat,261.0768598
63,Sample_S19S_0099_Wat,261.0980071
68,Sample_S19S_0099_Wat,261.1132477
59,Sample_S19S_0099_Wat,261.1343647
46,Sample_S19S_0099_Wat,262.0721008
33,Sample_S19S_0099_Wat,262.0932448
43,Sample_S19S_0099_Wat,263.019721
94,Sample_S19S_0099_Wat,263.0561329
43,Sample_S19S_0099_Wat,263.0595
51,Sample_S19S_0099_Wat,263.0924815
59,Sample_S19S_0099_Wat,263.128908
7,Sample_S19S_0099_Wat,263.1322936
29,Sample_S19S_0099_Wat,263.1500397
52,Sample_S19S_0099_Wat,264.0513612
49,Sample_S19S_0099_Wat,264.087752
28,Sample_S19S_0099_Wat,264.1241638
10,Sample_S19S_0099_Wat,265.017661
89,Sample_S19S_0099_Wat,265.0353938
17,Sample_S19S_0099_Wat,265.046622
100,Sample_S19S_0099_Wat,265.0717855
1,Sample_S19S_0099_Wat,265.0730955
37,Sample_S19S_0099_Wat,265.07514
25,Sample_S19S_0099_Wat,265.0829943
18,Sample_S19S_0099_Wat,265.0929432
106,Sample_S19S_0099_Wat,265.1081545
47,Sample_S19S_0099_Wat,265.1445692
10,Sample_S19S_0099_Wat,265.1479151
5,Sample_S19S_0099_Wat,265.1575521
39,Sample_S19S_0099_Wat,266.0306266
64,Sample_S19S_0099_Wat,266.0670361
46,Sample_S19S_0099_Wat,266.1034196
62,Sample_S19S_0099_Wat,267.0146829
8,Sample_S19S_0099_Wat,267.03333
119,Sample_S19S_0099_Wat,267.0510336
21,Sample_S19S_0099_Wat,267.0622941
114,Sample_S19S_0099_Wat,267.0874299
22,Sample_S19S_0099_Wat,267.0908069
24,Sample_S19S_0099_Wat,267.1060484
106,Sample_S19S_0099_Wat,267.123805
45,Sample_S19S_0099_Wat,267.1601848
62,Sample_S19S_0099_Wat,268.0462977
69,Sample_S19S_0099_Wat,268.08266
46,Sample_S19S_0099_Wat,268.1190514
23,Sample_S19S_0099_Wat,269.01256
77,Sample_S19S_0099_Wat,269.0303205
7,Sample_S19S_0099_Wat,269.0455202
47,Sample_S19S_0099_Wat,269.0489342
130,Sample_S19S_0099_Wat,269.0666802
26,Sample_S19S_0099_Wat,269.0779259
43,Sample_S19S_0099_Wat,269.0853155
111,Sample_S19S_0099_Wat,269.1030627
70,Sample_S19S_0099_Wat,269.1394657
33,Sample_S19S_0099_Wat,269.1758579
63,Sample_S19S_0099_Wat,270.0619439
58,Sample_S19S_0099_Wat,270.0983057
15,Sample_S19S_0099_Wat,270.9918312
39,Sample_S19S_0099_Wat,271.0281864
82,Sample_S19S_0099_Wat,271.0459737
46,Sample_S19S_0099_Wat,271.0645721
108,Sample_S19S_0099_Wat,271.0823212
98,Sample_S19S_0099_Wat,271.118718
37,Sample_S19S_0099_Wat,271.1551343
48,Sample_S19S_0099_Wat,272.0412153
59,Sample_S19S_0099_Wat,272.0775888
45,Sample_S19S_0099_Wat,272.1139554
27,Sample_S19S_0099_Wat,273.0074568
62,Sample_S19S_0099_Wat,273.040478
38,Sample_S19S_0099_Wat,273.0438577
80,Sample_S19S_0099_Wat,273.061591
82,Sample_S19S_0099_Wat,273.0768603
34,Sample_S19S_0099_Wat,273.0802466
86,Sample_S19S_0099_Wat,273.0979879
59,Sample_S19S_0099_Wat,273.1132445
35,Sample_S19S_0099_Wat,273.1166186
49,Sample_S19S_0099_Wat,273.1343844
32,Sample_S19S_0099_Wat,274.0357454
41,Sample_S19S_0099_Wat,274.0720917
40,Sample_S19S_0099_Wat,274.0932637
65,Sample_S19S_0099_Wat,275.0197425
37,Sample_S19S_0099_Wat,275.0231068
80,Sample_S19S_0099_Wat,275.0561155
50,Sample_S19S_0099_Wat,275.0594984
6,Sample_S19S_0099_Wat,275.0747694
85,Sample_S19S_0099_Wat,275.0772487
91,Sample_S19S_0099_Wat,275.0925149
72,Sample_S19S_0099_Wat,275.1136274
60,Sample_S19S_0099_Wat,275.1288873
42,Sample_S19S_0099_Wat,275.1500444
39,Sample_S19S_0099_Wat,276.0513913
23,Sample_S19S_0099_Wat,276.0877174
24,Sample_S19S_0099_Wat,276.108923
13,Sample_S19S_0099_Wat,277.017612
88,Sample_S19S_0099_Wat,277.0354157
97,Sample_S19S_0099_Wat,277.0717892
50,Sample_S19S_0099_Wat,277.0751477
96,Sample_S19S_0099_Wat,277.1081544
39,Sample_S19S_0099_Wat,277.1293085
66,Sample_S19S_0099_Wat,277.1445377
34,Sample_S19S_0099_Wat,278.0306345
53,Sample_S19S_0099_Wat,278.0670289
43,Sample_S19S_0099_Wat,278.1034322
37,Sample_S19S_0099_Wat,278.1397966
39,Sample_S19S_0099_Wat,279.0146331
27,Sample_S19S_0099_Wat,279.0332802
96,Sample_S19S_0099_Wat,279.0510516
43,Sample_S19S_0099_Wat,279.0544147
22,Sample_S19S_0099_Wat,279.0622836
67,Sample_S19S_0099_Wat,279.0874539
6,Sample_S19S_0099_Wat,279.0908266
29,Sample_S19S_0099_Wat,279.0986672
80,Sample_S19S_0099_Wat,279.1238221
10,Sample_S19S_0099_Wat,279.1449966
49,Sample_S19S_0099_Wat,279.160186
9,Sample_S19S_0099_Wat,279.1635618
56,Sample_S19S_0099_Wat,280.0463018
69,Sample_S19S_0099_Wat,280.0826921
56,Sample_S19S_0099_Wat,280.1190492
83,Sample_S19S_0099_Wat,281.0303339
2,Sample_S19S_0099_Wat,281.0489881
127,Sample_S19S_0099_Wat,281.0666829
14,Sample_S19S_0099_Wat,281.0700358
31,Sample_S19S_0099_Wat,281.0779309
77,Sample_S19S_0099_Wat,281.1030502
15,Sample_S19S_0099_Wat,281.106436
12,Sample_S19S_0099_Wat,281.1143409
18,Sample_S19S_0099_Wat,281.1217043
85,Sample_S19S_0099_Wat,281.1394597
35,Sample_S19S_0099_Wat,281.1758716
57,Sample_S19S_0099_Wat,282.0983548
22,Sample_S19S_0099_Wat,282.1347472
21,Sample_S19S_0099_Wat,283.0282193
112,Sample_S19S_0099_Wat,283.0459554
12,Sample_S19S_0099_Wat,283.0492875
14,Sample_S19S_0099_Wat,283.0571681
44,Sample_S19S_0099_Wat,283.0612062
7,Sample_S19S_0099_Wat,283.064623
82,Sample_S19S_0099_Wat,283.0823169
22,Sample_S19S_0099_Wat,283.0935869
4,Sample_S19S_0099_Wat,283.1010031
122,Sample_S19S_0099_Wat,283.118715
10,Sample_S19S_0099_Wat,283.1373752
53,Sample_S19S_0099_Wat,283.1551309
14,Sample_S19S_0099_Wat,283.1915306
46,Sample_S19S_0099_Wat,284.0412345
64,Sample_S19S_0099_Wat,284.0776208
56,Sample_S19S_0099_Wat,284.1139788
71,Sample_S19S_0099_Wat,285.025228
48,Sample_S19S_0099_Wat,285.0404866
20,Sample_S19S_0099_Wat,285.0438689
84,Sample_S19S_0099_Wat,285.0616357
49,Sample_S19S_0099_Wat,285.0802217
48,Sample_S19S_0099_Wat,285.0980306
20,Sample_S19S_0099_Wat,285.1092216
35,Sample_S19S_0099_Wat,285.1166168
8,Sample_S19S_0099_Wat,285.1262347
64,Sample_S19S_0099_Wat,285.1343948
44,Sample_S19S_0099_Wat,285.17075
8,Sample_S19S_0099_Wat,285.2071124
47,Sample_S19S_0099_Wat,286.0568589
59,Sample_S19S_0099_Wat,286.0932539
26,Sample_S19S_0099_Wat,287.0231311
68,Sample_S19S_0099_Wat,287.0408776
65,Sample_S19S_0099_Wat,287.0561351
8,Sample_S19S_0099_Wat,287.0595327
97,Sample_S19S_0099_Wat,287.0772537
73,Sample_S19S_0099_Wat,287.0925228
53,Sample_S19S_0099_Wat,287.0958808
91,Sample_S19S_0099_Wat,287.1136282
52,Sample_S19S_0099_Wat,287.1289021
60,Sample_S19S_0099_Wat,287.150015
50,Sample_S19S_0099_Wat,288.0725046
41,Sample_S19S_0099_Wat,288.0877815
37,Sample_S19S_0099_Wat,288.1089115
68,Sample_S19S_0099_Wat,289.0354029
33,Sample_S19S_0099_Wat,289.0387746
72,Sample_S19S_0099_Wat,289.0565242
97,Sample_S19S_0099_Wat,289.0717704
56,Sample_S19S_0099_Wat,289.0751476
16,Sample_S19S_0099_Wat,289.0830287
81,Sample_S19S_0099_Wat,289.0929075
70,Sample_S19S_0099_Wat,289.1081489
46,Sample_S19S_0099_Wat,289.1115236
65,Sample_S19S_0099_Wat,289.1292776
56,Sample_S19S_0099_Wat,289.1445478
9,Sample_S19S_0099_Wat,290.0305978
20,Sample_S19S_0099_Wat,290.0669883
12,Sample_S19S_0099_Wat,290.0882083
56,Sample_S19S_0099_Wat,290.1033932
9,Sample_S19S_0099_Wat,290.1245994
55,Sample_S19S_0099_Wat,291.0146759
93,Sample_S19S_0099_Wat,291.0510416
41,Sample_S19S_0099_Wat,291.0543989
20,Sample_S19S_0099_Wat,291.0622947
64,Sample_S19S_0099_Wat,291.0721692
91,Sample_S19S_0099_Wat,291.0874132
24,Sample_S19S_0099_Wat,291.0907683
18,Sample_S19S_0099_Wat,291.0986884
20,Sample_S19S_0099_Wat,291.1060509
73,Sample_S19S_0099_Wat,291.1237966
55,Sample_S19S_0099_Wat,291.1601932
33,Sample_S19S_0099_Wat,292.0462633
29,Sample_S19S_0099_Wat,292.1038307
48,Sample_S19S_0099_Wat,292.1190716
2,Sample_S19S_0099_Wat,292.2129776
81,Sample_S19S_0099_Wat,293.0303357
95,Sample_S19S_0099_Wat,293.0667099
32,Sample_S19S_0099_Wat,293.0700724
25,Sample_S19S_0099_Wat,293.0779374
109,Sample_S19S_0099_Wat,293.1030793
31,Sample_S19S_0099_Wat,293.1064492
31,Sample_S19S_0099_Wat,293.1242316
90,Sample_S19S_0099_Wat,293.1394564
13,Sample_S19S_0099_Wat,293.1757942
2,Sample_S19S_0099_Wat,293.179192
12,Sample_S19S_0099_Wat,294.0255165
44,Sample_S19S_0099_Wat,294.0619153
59,Sample_S19S_0099_Wat,294.098304
48,Sample_S19S_0099_Wat,294.1347046
41,Sample_S19S_0099_Wat,295.0095496
90,Sample_S19S_0099_Wat,295.0459444
31,Sample_S19S_0099_Wat,295.0493263
16,Sample_S19S_0099_Wat,295.0572284
2,Sample_S19S_0099_Wat,295.0646393
124,Sample_S19S_0099_Wat,295.0823376
10,Sample_S19S_0099_Wat,295.093638
126,Sample_S19S_0099_Wat,295.1187213
22,Sample_S19S_0099_Wat,295.1221028
4,Sample_S19S_0099_Wat,295.137392
67,Sample_S19S_0099_Wat,295.1550986
36,Sample_S19S_0099_Wat,296.0411763
60,Sample_S19S_0099_Wat,296.0775656
48,Sample_S19S_0099_Wat,296.1139469
74,Sample_S19S_0099_Wat,297.025237
24,Sample_S19S_0099_Wat,297.0438655
96,Sample_S19S_0099_Wat,297.0616262
29,Sample_S19S_0099_Wat,297.0728378
47,Sample_S19S_0099_Wat,297.080232
77,Sample_S19S_0099_Wat,297.0980154
21,Sample_S19S_0099_Wat,297.116632
49,Sample_S19S_0099_Wat,297.1344063
16,Sample_S19S_0099_Wat,297.1529844
25,Sample_S19S_0099_Wat,297.1707937
62,Sample_S19S_0099_Wat,298.0568737
67,Sample_S19S_0099_Wat,298.0932671
41,Sample_S19S_0099_Wat,298.1296449
24,Sample_S19S_0099_Wat,299.0231228
73,Sample_S19S_0099_Wat,299.0408894
61,Sample_S19S_0099_Wat,299.05613
51,Sample_S19S_0099_Wat,299.0595
111,Sample_S19S_0099_Wat,299.0772616
27,Sample_S19S_0099_Wat,299.0884889
37,Sample_S19S_0099_Wat,299.0958611
95,Sample_S19S_0099_Wat,299.1136455
82,Sample_S19S_0099_Wat,299.1500243
33,Sample_S19S_0099_Wat,299.1864335
61,Sample_S19S_0099_Wat,300.0725
50,Sample_S19S_0099_Wat,300.1089049
27,Sample_S19S_0099_Wat,300.1453117
14,Sample_S19S_0099_Wat,301.0023572
62,Sample_S19S_0099_Wat,301.0353903
38,Sample_S19S_0099_Wat,301.0387674
70,Sample_S19S_0099_Wat,301.0565488
55,Sample_S19S_0099_Wat,301.071792
55,Sample_S19S_0099_Wat,301.0751454
72,Sample_S19S_0099_Wat,301.092932
41,Sample_S19S_0099_Wat,301.1081829
37,Sample_S19S_0099_Wat,301.1115398
58,Sample_S19S_0099_Wat,301.129318
46,Sample_S19S_0099_Wat,301.1445638
46,Sample_S19S_0099_Wat,301.1656955
46,Sample_S19S_0099_Wat,302.0670162
35,Sample_S19S_0099_Wat,302.0881947
33,Sample_S19S_0099_Wat,302.1245742
48,Sample_S19S_0099_Wat,303.0146906
25,Sample_S19S_0099_Wat,303.0180437
76,Sample_S19S_0099_Wat,303.0510433
56,Sample_S19S_0099_Wat,303.0544081
7,Sample_S19S_0099_Wat,303.0623453
80,Sample_S19S_0099_Wat,303.0721573
77,Sample_S19S_0099_Wat,303.0874395
57,Sample_S19S_0099_Wat,303.0907893
89,Sample_S19S_0099_Wat,303.1085414
65,Sample_S19S_0099_Wat,303.1238249
62,Sample_S19S_0099_Wat,303.1449308
42,Sample_S19S_0099_Wat,303.1602155
39,Sample_S19S_0099_Wat,304.0462877
53,Sample_S19S_0099_Wat,304.0826613
33,Sample_S19S_0099_Wat,304.1038383
57,Sample_S19S_0099_Wat,304.119049
10,Sample_S19S_0099_Wat,304.1402446
75,Sample_S19S_0099_Wat,305.0303157
103,Sample_S19S_0099_Wat,305.0666877
48,Sample_S19S_0099_Wat,305.0700613
10,Sample_S19S_0099_Wat,305.0779953
49,Sample_S19S_0099_Wat,305.087829
89,Sample_S19S_0099_Wat,305.1030852
29,Sample_S19S_0099_Wat,305.1064563
10,Sample_S19S_0099_Wat,305.1143903
36,Sample_S19S_0099_Wat,305.1242388
71,Sample_S19S_0099_Wat,305.1394662
45,Sample_S19S_0099_Wat,305.1758605
5,Sample_S19S_0099_Wat,306.0289446
20,Sample_S19S_0099_Wat,306.0831168
65,Sample_S19S_0099_Wat,306.0983427
5,Sample_S19S_0099_Wat,306.1195211
35,Sample_S19S_0099_Wat,307.0095853
96,Sample_S19S_0099_Wat,307.0459779
11,Sample_S19S_0099_Wat,307.0572343
70,Sample_S19S_0099_Wat,307.0823737
29,Sample_S19S_0099_Wat,307.0857227
23,Sample_S19S_0099_Wat,307.0936059
53,Sample_S19S_0099_Wat,307.1187572
15,Sample_S19S_0099_Wat,307.1221115
14,Sample_S19S_0099_Wat,307.137328
47,Sample_S19S_0099_Wat,307.1551342
6,Sample_S19S_0099_Wat,307.1585022
38,Sample_S19S_0099_Wat,307.1915179
2,Sample_S19S_0099_Wat,307.194883
58,Sample_S19S_0099_Wat,308.0412303
71,Sample_S19S_0099_Wat,308.0775973
3,Sample_S19S_0099_Wat,308.098784
65,Sample_S19S_0099_Wat,308.1139545
77,Sample_S19S_0099_Wat,309.0252469
115,Sample_S19S_0099_Wat,309.0616036
22,Sample_S19S_0099_Wat,309.0649579
22,Sample_S19S_0099_Wat,309.0728691
36,Sample_S19S_0099_Wat,309.0802354
26,Sample_S19S_0099_Wat,309.0827414
112,Sample_S19S_0099_Wat,309.0979773
24,Sample_S19S_0099_Wat,309.1013433
11,Sample_S19S_0099_Wat,309.1092661
17,Sample_S19S_0099_Wat,309.1191413
100,Sample_S19S_0099_Wat,309.1343649
7,Sample_S19S_0099_Wat,309.1377003
10,Sample_S19S_0099_Wat,309.1530159
51,Sample_S19S_0099_Wat,309.1707647
9,Sample_S19S_0099_Wat,309.1741269
53,Sample_S19S_0099_Wat,310.0568411
70,Sample_S19S_0099_Wat,310.0932206
62,Sample_S19S_0099_Wat,310.1296176
31,Sample_S19S_0099_Wat,311.0231058
86,Sample_S19S_0099_Wat,311.0408991
8,Sample_S19S_0099_Wat,311.0442627
27,Sample_S19S_0099_Wat,311.0594676
103,Sample_S19S_0099_Wat,311.0772659
31,Sample_S19S_0099_Wat,311.0885065
27,Sample_S19S_0099_Wat,311.0958599
14,Sample_S19S_0099_Wat,311.105537
139,Sample_S19S_0099_Wat,311.1136352
29,Sample_S19S_0099_Wat,311.1248899
15,Sample_S19S_0099_Wat,311.132285
90,Sample_S19S_0099_Wat,311.1500195
6,Sample_S19S_0099_Wat,311.1686157
35,Sample_S19S_0099_Wat,311.186419
65,Sample_S19S_0099_Wat,312.0725103
21,Sample_S19S_0099_Wat,312.1453188
34,Sample_S19S_0099_Wat,313.0353909
44,Sample_S19S_0099_Wat,313.0387549
82,Sample_S19S_0099_Wat,313.0565398
34,Sample_S19S_0099_Wat,313.071764
19,Sample_S19S_0099_Wat,313.075094
83,Sample_S19S_0099_Wat,313.0929245
34,Sample_S19S_0099_Wat,313.1041391
29,Sample_S19S_0099_Wat,313.1115031
83,Sample_S19S_0099_Wat,313.1293014
14,Sample_S19S_0099_Wat,313.1479364
47,Sample_S19S_0099_Wat,314.0517902
67,Sample_S19S_0099_Wat,314.0881771
26,Sample_S19S_0099_Wat,314.1067669
54,Sample_S19S_0099_Wat,314.1245573
22,Sample_S19S_0099_Wat,315.0180328
60,Sample_S19S_0099_Wat,315.035781
61,Sample_S19S_0099_Wat,315.0510397
59,Sample_S19S_0099_Wat,315.0544106
82,Sample_S19S_0099_Wat,315.0721791
33,Sample_S19S_0099_Wat,315.0873994
17,Sample_S19S_0099_Wat,315.0907452
71,Sample_S19S_0099_Wat,315.1085755
21,Sample_S19S_0099_Wat,315.1198013
63,Sample_S19S_0099_Wat,315.1238052
19,Sample_S19S_0099_Wat,315.1271409
2,Sample_S19S_0099_Wat,315.1351872
57,Sample_S19S_0099_Wat,315.1449559
42,Sample_S19S_0099_Wat,315.1602065
42,Sample_S19S_0099_Wat,315.1813307
36,Sample_S19S_0099_Wat,316.0463145
39,Sample_S19S_0099_Wat,316.0674166
64,Sample_S19S_0099_Wat,316.1038062
33,Sample_S19S_0099_Wat,316.1402237
58,Sample_S19S_0099_Wat,317.0303382
5,Sample_S19S_0099_Wat,317.0337185
66,Sample_S19S_0099_Wat,317.0514233
83,Sample_S19S_0099_Wat,317.0666936
54,Sample_S19S_0099_Wat,317.0700656
4,Sample_S19S_0099_Wat,317.0780371
90,Sample_S19S_0099_Wat,317.0878157
64,Sample_S19S_0099_Wat,317.1030588
21,Sample_S19S_0099_Wat,317.1063977
7,Sample_S19S_0099_Wat,317.1143954
55,Sample_S19S_0099_Wat,317.124227
68,Sample_S19S_0099_Wat,317.1394552
15,Sample_S19S_0099_Wat,317.1427951
48,Sample_S19S_0099_Wat,317.1606071
37,Sample_S19S_0099_Wat,317.1758589
18,Sample_S19S_0099_Wat,318.0255948
52,Sample_S19S_0099_Wat,318.0619419
21,Sample_S19S_0099_Wat,318.0831173
45,Sample_S19S_0099_Wat,318.0982984
28,Sample_S19S_0099_Wat,318.1194966
24,Sample_S19S_0099_Wat,319.0460069
7,Sample_S19S_0099_Wat,319.0493681
5,Sample_S19S_0099_Wat,319.0573003
40,Sample_S19S_0099_Wat,319.0670953
86,Sample_S19S_0099_Wat,319.0823624
49,Sample_S19S_0099_Wat,319.0857041
6,Sample_S19S_0099_Wat,319.0936659
41,Sample_S19S_0099_Wat,319.103481
90,Sample_S19S_0099_Wat,319.1187158
60,Sample_S19S_0099_Wat,319.1551015
40,Sample_S19S_0099_Wat,319.1915149
46,Sample_S19S_0099_Wat,320.0412195
47,Sample_S19S_0099_Wat,320.0776287
20,Sample_S19S_0099_Wat,320.0987676
25,Sample_S19S_0099_Wat,320.1140206
26,Sample_S19S_0099_Wat,320.1351354
7,Sample_S19S_0099_Wat,320.1715427
1,Sample_S19S_0099_Wat,320.2442999
62,Sample_S19S_0099_Wat,321.0252313
78,Sample_S19S_0099_Wat,321.0616406
21,Sample_S19S_0099_Wat,321.0649964
14,Sample_S19S_0099_Wat,321.0728956
47,Sample_S19S_0099_Wat,321.0980285
10,Sample_S19S_0099_Wat,321.1013887
9,Sample_S19S_0099_Wat,321.1093021
80,Sample_S19S_0099_Wat,321.1343949
9,Sample_S19S_0099_Wat,321.1555528
52,Sample_S19S_0099_Wat,321.1707672
6,Sample_S19S_0099_Wat,321.1919373
57,Sample_S19S_0099_Wat,322.0568903
71,Sample_S19S_0099_Wat,322.0932669
75,Sample_S19S_0099_Wat,323.0408542
110,Sample_S19S_0099_Wat,323.0772527
16,Sample_S19S_0099_Wat,323.0805863
33,Sample_S19S_0099_Wat,323.0884973
19,Sample_S19S_0099_Wat,323.0958413
63,Sample_S19S_0099_Wat,323.1136726
30,Sample_S19S_0099_Wat,323.1170088
23,Sample_S19S_0099_Wat,323.1249109
21,Sample_S19S_0099_Wat,323.1322416
69,Sample_S19S_0099_Wat,323.1500462
8,Sample_S19S_0099_Wat,323.1686736
45,Sample_S19S_0099_Wat,323.1864241
45,Sample_S19S_0099_Wat,324.0361498
69,Sample_S19S_0099_Wat,324.0725027
66,Sample_S19S_0099_Wat,324.108871
38,Sample_S19S_0099_Wat,324.1453087
19,Sample_S19S_0099_Wat,325.0201894
24,Sample_S19S_0099_Wat,325.0387758
88,Sample_S19S_0099_Wat,325.0565425
11,Sample_S19S_0099_Wat,325.0678176
44,Sample_S19S_0099_Wat,325.0751326
118,Sample_S19S_0099_Wat,325.0928926
30,Sample_S19S_0099_Wat,325.1041654
38,Sample_S19S_0099_Wat,325.111525
90,Sample_S19S_0099_Wat,325.1292996
9,Sample_S19S_0099_Wat,325.1326189
23,Sample_S19S_0099_Wat,325.1479013
51,Sample_S19S_0099_Wat,325.1657004
3,Sample_S19S_0099_Wat,325.1842438
43,Sample_S19S_0099_Wat,326.0518083
71,Sample_S19S_0099_Wat,326.0881656
62,Sample_S19S_0099_Wat,326.1245662
10,Sample_S19S_0099_Wat,327.0180623
65,Sample_S19S_0099_Wat,327.035782
46,Sample_S19S_0099_Wat,327.0510536
23,Sample_S19S_0099_Wat,327.0543882
77,Sample_S19S_0099_Wat,327.0722018
28,Sample_S19S_0099_Wat,327.0834311
58,Sample_S19S_0099_Wat,327.0874372
20,Sample_S19S_0099_Wat,327.090737
80,Sample_S19S_0099_Wat,327.1085831
6,Sample_S19S_0099_Wat,327.1198419
28,Sample_S19S_0099_Wat,327.1238447
19,Sample_S19S_0099_Wat,327.1271924
82,Sample_S19S_0099_Wat,327.1449492
6,Sample_S19S_0099_Wat,327.1636073
1,Sample_S19S_0099_Wat,327.1801504
3,Sample_S19S_0099_Wat,327.2177565
50,Sample_S19S_0099_Wat,328.067419
69,Sample_S19S_0099_Wat,328.1037984
33,Sample_S19S_0099_Wat,328.140231
43,Sample_S19S_0099_Wat,329.0303285
37,Sample_S19S_0099_Wat,329.0336784
48,Sample_S19S_0099_Wat,329.0514722
30,Sample_S19S_0099_Wat,329.0667319
51,Sample_S19S_0099_Wat,329.0700573
8,Sample_S19S_0099_Wat,329.0853218
105,Sample_S19S_0099_Wat,329.0878075
63,Sample_S19S_0099_Wat,329.1030905
45,Sample_S19S_0099_Wat,329.1064332
72,Sample_S19S_0099_Wat,329.1242163
15,Sample_S19S_0099_Wat,329.1394079
1,Sample_S19S_0099_Wat,329.152419
64,Sample_S19S_0099_Wat,329.1605843
33,Sample_S19S_0099_Wat,329.1758446
34,Sample_S19S_0099_Wat,330.0619755
28,Sample_S19S_0099_Wat,330.0831155
22,Sample_S19S_0099_Wat,330.0983753
53,Sample_S19S_0099_Wat,330.1194763
43,Sample_S19S_0099_Wat,331.0459941
39,Sample_S19S_0099_Wat,331.0493372
62,Sample_S19S_0099_Wat,331.0670688
69,Sample_S19S_0099_Wat,331.0823608
50,Sample_S19S_0099_Wat,331.0857029
3,Sample_S19S_0099_Wat,331.0937101
54,Sample_S19S_0099_Wat,331.1034998
83,Sample_S19S_0099_Wat,331.1187275
23,Sample_S19S_0099_Wat,331.122066
28,Sample_S19S_0099_Wat,331.1399002
17,Sample_S19S_0099_Wat,331.155166
36,Sample_S19S_0099_Wat,332.0412408
62,Sample_S19S_0099_Wat,332.0775831
40,Sample_S19S_0099_Wat,332.0987468
45,Sample_S19S_0099_Wat,332.1139958
33,Sample_S19S_0099_Wat,332.1351167
26,Sample_S19S_0099_Wat,333.0252702
12,Sample_S19S_0099_Wat,333.0438315
40,Sample_S19S_0099_Wat,333.0616512
6,Sample_S19S_0099_Wat,333.0650225
2,Sample_S19S_0099_Wat,333.0729806
41,Sample_S19S_0099_Wat,333.08277
90,Sample_S19S_0099_Wat,333.0980074
42,Sample_S19S_0099_Wat,333.1013488
4,Sample_S19S_0099_Wat,333.109335
13,Sample_S19S_0099_Wat,333.1191757
41,Sample_S19S_0099_Wat,333.1344131
36,Sample_S19S_0099_Wat,333.137741
6,Sample_S19S_0099_Wat,333.1529476
34,Sample_S19S_0099_Wat,333.1707943
58,Sample_S19S_0099_Wat,334.0568812
44,Sample_S19S_0099_Wat,334.0932769
14,Sample_S19S_0099_Wat,334.1144217
3,Sample_S19S_0099_Wat,334.1508295
50,Sample_S19S_0099_Wat,335.0409093
13,Sample_S19S_0099_Wat,335.0442667
92,Sample_S19S_0099_Wat,335.0772597
44,Sample_S19S_0099_Wat,335.0806299
57,Sample_S19S_0099_Wat,335.1136067
77,Sample_S19S_0099_Wat,335.150042
25,Sample_S19S_0099_Wat,335.1711407
49,Sample_S19S_0099_Wat,335.1864245
3,Sample_S19S_0099_Wat,335.2358032
21,Sample_S19S_0099_Wat,336.0361684
36,Sample_S19S_0099_Wat,336.0725571
67,Sample_S19S_0099_Wat,336.1089144
2,Sample_S19S_0099_Wat,336.1301036
2,Sample_S19S_0099_Wat,336.1453517
52,Sample_S19S_0099_Wat,337.0201415
55,Sample_S19S_0099_Wat,337.0564852
10,Sample_S19S_0099_Wat,337.0598227
22,Sample_S19S_0099_Wat,337.0677837
14,Sample_S19S_0099_Wat,337.0695448
111,Sample_S19S_0099_Wat,337.0929176
17,Sample_S19S_0099_Wat,337.0962416
12,Sample_S19S_0099_Wat,337.1041904
19,Sample_S19S_0099_Wat,337.111496
111,Sample_S19S_0099_Wat,337.1292866
19,Sample_S19S_0099_Wat,337.1479222
71,Sample_S19S_0099_Wat,337.1656867
7,Sample_S19S_0099_Wat,337.2021218
1,Sample_S19S_0099_Wat,337.2054692
16,Sample_S19S_0099_Wat,338.0518396
77,Sample_S19S_0099_Wat,338.0881798
53,Sample_S19S_0099_Wat,338.1245766
62,Sample_S19S_0099_Wat,339.0357996
6,Sample_S19S_0099_Wat,339.0543354
114,Sample_S19S_0099_Wat,339.0721726
5,Sample_S19S_0099_Wat,339.0754853
12,Sample_S19S_0099_Wat,339.0834699
22,Sample_S19S_0099_Wat,339.0874561
13,Sample_S19S_0099_Wat,339.0907316
120,Sample_S19S_0099_Wat,339.1085453
30,Sample_S19S_0099_Wat,339.1198231
27,Sample_S19S_0099_Wat,339.1271705
41,Sample_S19S_0099_Wat,339.1449816
17,Sample_S19S_0099_Wat,339.1635623
50,Sample_S19S_0099_Wat,339.1813533
4,Sample_S19S_0099_Wat,339.1999929
22,Sample_S19S_0099_Wat,340.0674792
69,Sample_S19S_0099_Wat,340.1038147
58,Sample_S19S_0099_Wat,340.1401964
21,Sample_S19S_0099_Wat,341.0302897
14,Sample_S19S_0099_Wat,341.0336306
71,Sample_S19S_0099_Wat,341.0514621
9,Sample_S19S_0099_Wat,341.0644368
33,Sample_S19S_0099_Wat,341.0667303
22,Sample_S19S_0099_Wat,341.0700215
116,Sample_S19S_0099_Wat,341.0878109
4,Sample_S19S_0099_Wat,341.0910268
23,Sample_S19S_0099_Wat,341.0990914
25,Sample_S19S_0099_Wat,341.1031062
23,Sample_S19S_0099_Wat,341.1064053
43,Sample_S19S_0099_Wat,341.12425
24,Sample_S19S_0099_Wat,341.1394885
31,Sample_S19S_0099_Wat,341.1428161
57,Sample_S19S_0099_Wat,341.1606173
4,Sample_S19S_0099_Wat,341.179252
40,Sample_S19S_0099_Wat,341.1969848
15,Sample_S19S_0099_Wat,342.0619966
62,Sample_S19S_0099_Wat,342.0830768
55,Sample_S19S_0099_Wat,342.1194926
52,Sample_S19S_0099_Wat,342.155837
47,Sample_S19S_0099_Wat,343.0307124
46,Sample_S19S_0099_Wat,343.0459579
17,Sample_S19S_0099_Wat,343.0492868
54,Sample_S19S_0099_Wat,343.067113
3,Sample_S19S_0099_Wat,343.0702855
6,Sample_S19S_0099_Wat,343.0783969
21,Sample_S19S_0099_Wat,343.0823925
48,Sample_S19S_0099_Wat,343.0857039
107,Sample_S19S_0099_Wat,343.1034685
48,Sample_S19S_0099_Wat,343.1187422
36,Sample_S19S_0099_Wat,343.1220769
21,Sample_S19S_0099_Wat,343.1399075
32,Sample_S19S_0099_Wat,343.1551386
24,Sample_S19S_0099_Wat,343.1584698
51,Sample_S19S_0099_Wat,343.1762631
30,Sample_S19S_0099_Wat,343.2126496
42,Sample_S19S_0099_Wat,344.0623517
50,Sample_S19S_0099_Wat,344.0775907
43,Sample_S19S_0099_Wat,344.0987606
49,Sample_S19S_0099_Wat,344.1139904
3,Sample_S19S_0099_Wat,344.1350437
14,Sample_S19S_0099_Wat,344.1715382
41,Sample_S19S_0099_Wat,345.0252491
47,Sample_S19S_0099_Wat,345.0463327
69,Sample_S19S_0099_Wat,345.0616254
40,Sample_S19S_0099_Wat,345.0649742
55,Sample_S19S_0099_Wat,345.0827674
72,Sample_S19S_0099_Wat,345.0980089
34,Sample_S19S_0099_Wat,345.1013399
56,Sample_S19S_0099_Wat,345.1191373
24,Sample_S19S_0099_Wat,345.1344288
38,Sample_S19S_0099_Wat,345.1555412
53,Sample_S19S_0099_Wat,345.170772
9,Sample_S19S_0099_Wat,345.2071936
32,Sample_S19S_0099_Wat,346.0569005
31,Sample_S19S_0099_Wat,346.07802
57,Sample_S19S_0099_Wat,346.0932318
48,Sample_S19S_0099_Wat,346.1143644
45,Sample_S19S_0099_Wat,346.1296472
29,Sample_S19S_0099_Wat,346.1507606
1,Sample_S19S_0099_Wat,346.2154294
62,Sample_S19S_0099_Wat,347.0408756
31,Sample_S19S_0099_Wat,347.0620279
97,Sample_S19S_0099_Wat,347.0772564
24,Sample_S19S_0099_Wat,347.0805924
5,Sample_S19S_0099_Wat,347.0885951
24,Sample_S19S_0099_Wat,347.0903002
62,Sample_S19S_0099_Wat,347.0983726
44,Sample_S19S_0099_Wat,347.1136821
40,Sample_S19S_0099_Wat,347.1170036
29,Sample_S19S_0099_Wat,347.1348045
76,Sample_S19S_0099_Wat,347.1500262
13,Sample_S19S_0099_Wat,347.1864695
30,Sample_S19S_0099_Wat,348.0361356
30,Sample_S19S_0099_Wat,348.0725611
69,Sample_S19S_0099_Wat,348.1089104
13,Sample_S19S_0099_Wat,348.1300774
53,Sample_S19S_0099_Wat,348.1452906
1,Sample_S19S_0099_Wat,348.231087
48,Sample_S19S_0099_Wat,349.0201636
13,Sample_S19S_0099_Wat,349.0598406
4,Sample_S19S_0099_Wat,349.0678584
87,Sample_S19S_0099_Wat,349.0929209
23,Sample_S19S_0099_Wat,349.0962266
9,Sample_S19S_0099_Wat,349.1042255
21,Sample_S19S_0099_Wat,349.1059291
89,Sample_S19S_0099_Wat,349.129303
71,Sample_S19S_0099_Wat,349.1656793
15,Sample_S19S_0099_Wat,349.2021049
20,Sample_S19S_0099_Wat,350.0518357
74,Sample_S19S_0099_Wat,350.0881844
27,Sample_S19S_0099_Wat,350.1245924
20,Sample_S19S_0099_Wat,350.1457077
62,Sample_S19S_0099_Wat,351.0357871
9,Sample_S19S_0099_Wat,351.0488144
79,Sample_S19S_0099_Wat,351.0721501
17,Sample_S19S_0099_Wat,351.075514
54,Sample_S19S_0099_Wat,351.1085115
7,Sample_S19S_0099_Wat,351.1118012
13,Sample_S19S_0099_Wat,351.1198443
23,Sample_S19S_0099_Wat,351.121581
6,Sample_S19S_0099_Wat,351.1271127
51,Sample_S19S_0099_Wat,351.1449775
54,Sample_S19S_0099_Wat,351.1813076
27,Sample_S19S_0099_Wat,351.2177372
3,Sample_S19S_0099_Wat,351.2210572
30,Sample_S19S_0099_Wat,352.0674721
70,Sample_S19S_0099_Wat,352.1038206
36,Sample_S19S_0099_Wat,352.140233
48,Sample_S19S_0099_Wat,353.0514753
14,Sample_S19S_0099_Wat,353.0700048
113,Sample_S19S_0099_Wat,353.0878166
17,Sample_S19S_0099_Wat,353.0990962
10,Sample_S19S_0099_Wat,353.1008561
5,Sample_S19S_0099_Wat,353.1063571
78,Sample_S19S_0099_Wat,353.124233
18,Sample_S19S_0099_Wat,353.1428017
55,Sample_S19S_0099_Wat,353.1605629
40,Sample_S19S_0099_Wat,353.1970034
3,Sample_S19S_0099_Wat,353.2003494
5,Sample_S19S_0099_Wat,353.2155648
38,Sample_S19S_0099_Wat,354.0467104
70,Sample_S19S_0099_Wat,354.0830704
65,Sample_S19S_0099_Wat,354.1194893
59,Sample_S19S_0099_Wat,354.1558443
46,Sample_S19S_0099_Wat,355.0306981
12,Sample_S19S_0099_Wat,355.0492579
72,Sample_S19S_0099_Wat,355.0671162
5,Sample_S19S_0099_Wat,355.0784081
5,Sample_S19S_0099_Wat,355.0824171
15,Sample_S19S_0099_Wat,355.0856467
106,Sample_S19S_0099_Wat,355.1034699
42,Sample_S19S_0099_Wat,355.1147135
48,Sample_S19S_0099_Wat,355.1187368
15,Sample_S19S_0099_Wat,355.1220436
23,Sample_S19S_0099_Wat,355.1399086
18,Sample_S19S_0099_Wat,355.1584835
61,Sample_S19S_0099_Wat,355.1762476
10,Sample_S19S_0099_Wat,355.2126797
56,Sample_S19S_0099_Wat,356.0623586
32,Sample_S19S_0099_Wat,356.0987693
52,Sample_S19S_0099_Wat,356.1350838
35,Sample_S19S_0099_Wat,356.1715182
24,Sample_S19S_0099_Wat,357.0251986
51,Sample_S19S_0099_Wat,357.046323
47,Sample_S19S_0099_Wat,357.061636
17,Sample_S19S_0099_Wat,357.0649448
86,Sample_S19S_0099_Wat,357.0827228
24,Sample_S19S_0099_Wat,357.093958
51,Sample_S19S_0099_Wat,357.0979761
13,Sample_S19S_0099_Wat,357.1012479
25,Sample_S19S_0099_Wat,357.1110353
101,Sample_S19S_0099_Wat,357.1191097
32,Sample_S19S_0099_Wat,357.134414
22,Sample_S19S_0099_Wat,357.1377249
77,Sample_S19S_0099_Wat,357.1554992
23,Sample_S19S_0099_Wat,357.1707355
42,Sample_S19S_0099_Wat,357.191896
50,Sample_S19S_0099_Wat,358.077999
46,Sample_S19S_0099_Wat,358.0932734
24,Sample_S19S_0099_Wat,358.1507103
16,Sample_S19S_0099_Wat,359.0409252
25,Sample_S19S_0099_Wat,359.0442657
3,Sample_S19S_0099_Wat,359.0595502
55,Sample_S19S_0099_Wat,359.0619959
59,Sample_S19S_0099_Wat,359.077285
55,Sample_S19S_0099_Wat,359.0806207
37,Sample_S19S_0099_Wat,359.0984239
12,Sample_S19S_0099_Wat,359.1169502
54,Sample_S19S_0099_Wat,359.1347452
68,Sample_S19S_0099_Wat,359.1500213
45,Sample_S19S_0099_Wat,359.1711775
44,Sample_S19S_0099_Wat,359.1864203
33,Sample_S19S_0099_Wat,360.093678
51,Sample_S19S_0099_Wat,360.108919
4,Sample_S19S_0099_Wat,360.1299489
36,Sample_S19S_0099_Wat,361.0201475
52,Sample_S19S_0099_Wat,361.056505
24,Sample_S19S_0099_Wat,361.0598496
14,Sample_S19S_0099_Wat,361.069538
37,Sample_S19S_0099_Wat,361.077621
78,Sample_S19S_0099_Wat,361.0929312
50,Sample_S19S_0099_Wat,361.0962708
45,Sample_S19S_0099_Wat,361.1140532
102,Sample_S19S_0099_Wat,361.1292859
6,Sample_S19S_0099_Wat,361.132556
32,Sample_S19S_0099_Wat,361.1423317
56,Sample_S19S_0099_Wat,361.1504109
48,Sample_S19S_0099_Wat,361.1657046
35,Sample_S19S_0099_Wat,361.2020508
73,Sample_S19S_0099_Wat,362.0881611
17,Sample_S19S_0099_Wat,362.1093336
8,Sample_S19S_0099_Wat,362.1246138
59,Sample_S19S_0099_Wat,363.0357881
48,Sample_S19S_0099_Wat,363.0722122
28,Sample_S19S_0099_Wat,363.0755589
2,Sample_S19S_0099_Wat,363.0835367
14,Sample_S19S_0099_Wat,363.0907668
94,Sample_S19S_0099_Wat,363.108539
6,Sample_S19S_0099_Wat,363.1118361
7,Sample_S19S_0099_Wat,363.1198751
21,Sample_S19S_0099_Wat,363.1215932
40,Sample_S19S_0099_Wat,363.1449786
29,Sample_S19S_0099_Wat,363.1812892
8,Sample_S19S_0099_Wat,363.1943423
53,Sample_S19S_0099_Wat,364.0674047
69,Sample_S19S_0099_Wat,364.1038292
70,Sample_S19S_0099_Wat,364.1401707
1,Sample_S19S_0099_Wat,364.2259804
40,Sample_S19S_0099_Wat,365.015069
24,Sample_S19S_0099_Wat,365.0513776
10,Sample_S19S_0099_Wat,365.0644569
8,Sample_S19S_0099_Wat,365.0699436
99,Sample_S19S_0099_Wat,365.0878382
11,Sample_S19S_0099_Wat,365.0911348
11,Sample_S19S_0099_Wat,365.0991282
27,Sample_S19S_0099_Wat,365.1008669
51,Sample_S19S_0099_Wat,365.1241727
5,Sample_S19S_0099_Wat,365.1274365
18,Sample_S19S_0099_Wat,365.137244
22,Sample_S19S_0099_Wat,365.1427874
25,Sample_S19S_0099_Wat,365.1606438
4,Sample_S19S_0099_Wat,365.1639128
42,Sample_S19S_0099_Wat,365.1969623
71,Sample_S19S_0099_Wat,366.0830912
79,Sample_S19S_0099_Wat,366.1194629
13,Sample_S19S_0099_Wat,366.1558943
52,Sample_S19S_0099_Wat,367.0306865
16,Sample_S19S_0099_Wat,367.0492837
91,Sample_S19S_0099_Wat,367.0671094
9,Sample_S19S_0099_Wat,367.0784012
10,Sample_S19S_0099_Wat,367.0855977
117,Sample_S19S_0099_Wat,367.1034613
5,Sample_S19S_0099_Wat,367.106713
20,Sample_S19S_0099_Wat,367.1147643
18,Sample_S19S_0099_Wat,367.1165264
26,Sample_S19S_0099_Wat,367.1220623
13,Sample_S19S_0099_Wat,367.1399195
18,Sample_S19S_0099_Wat,367.1584369
56,Sample_S19S_0099_Wat,367.1762158
36,Sample_S19S_0099_Wat,367.2126519
21,Sample_S19S_0099_Wat,368.0623951
90,Sample_S19S_0099_Wat,368.0987097
61,Sample_S19S_0099_Wat,368.1351331
54,Sample_S19S_0099_Wat,368.1714856
41,Sample_S19S_0099_Wat,369.0463181
44,Sample_S19S_0099_Wat,369.061629
8,Sample_S19S_0099_Wat,369.0648494
83,Sample_S19S_0099_Wat,369.0827443
2,Sample_S19S_0099_Wat,369.0858916
41,Sample_S19S_0099_Wat,369.0980102
10,Sample_S19S_0099_Wat,369.1012127
24,Sample_S19S_0099_Wat,369.111039
30,Sample_S19S_0099_Wat,369.1190631
1,Sample_S19S_0099_Wat,369.1376674
71,Sample_S19S_0099_Wat,369.1555194
12,Sample_S19S_0099_Wat,369.1740825
18,Sample_S19S_0099_Wat,369.1837969
18,Sample_S19S_0099_Wat,369.1918398
52,Sample_S19S_0099_Wat,370.0779692
45,Sample_S19S_0099_Wat,370.1507341
31,Sample_S19S_0099_Wat,371.0408802
10,Sample_S19S_0099_Wat,371.0441824
67,Sample_S19S_0099_Wat,371.0620102
13,Sample_S19S_0099_Wat,371.0805043
19,Sample_S19S_0099_Wat,371.0902981
46,Sample_S19S_0099_Wat,371.0983408
1,Sample_S19S_0099_Wat,371.1014586
50,Sample_S19S_0099_Wat,371.1136558
10,Sample_S19S_0099_Wat,371.1169082
59,Sample_S19S_0099_Wat,371.1347918
59,Sample_S19S_0099_Wat,371.1500297
21,Sample_S19S_0099_Wat,371.1533601
54,Sample_S19S_0099_Wat,371.171134
27,Sample_S19S_0099_Wat,371.2075705
7,Sample_S19S_0099_Wat,371.2439257
46,Sample_S19S_0099_Wat,372.0725108
58,Sample_S19S_0099_Wat,372.1300076
43,Sample_S19S_0099_Wat,372.1663973
23,Sample_S19S_0099_Wat,373.0201141
36,Sample_S19S_0099_Wat,373.0412407
55,Sample_S19S_0099_Wat,373.0565482
27,Sample_S19S_0099_Wat,373.0599109
34,Sample_S19S_0099_Wat,373.0776886
47,Sample_S19S_0099_Wat,373.09294
31,Sample_S19S_0099_Wat,373.0962346
32,Sample_S19S_0099_Wat,373.1059583
59,Sample_S19S_0099_Wat,373.1140108
6,Sample_S19S_0099_Wat,373.1325699
18,Sample_S19S_0099_Wat,373.1504711
17,Sample_S19S_0099_Wat,373.1657318
37,Sample_S19S_0099_Wat,373.1867821
22,Sample_S19S_0099_Wat,373.2020495
15,Sample_S19S_0099_Wat,374.1245961
16,Sample_S19S_0099_Wat,375.0358416
16,Sample_S19S_0099_Wat,375.0569615
71,Sample_S19S_0099_Wat,375.0721973
46,Sample_S19S_0099_Wat,375.0755416
24,Sample_S19S_0099_Wat,375.0852221
42,Sample_S19S_0099_Wat,375.0932745
9,Sample_S19S_0099_Wat,375.1118457
34,Sample_S19S_0099_Wat,375.1297066
90,Sample_S19S_0099_Wat,375.1449442
32,Sample_S19S_0099_Wat,375.1579842
23,Sample_S19S_0099_Wat,375.1660121
35,Sample_S19S_0099_Wat,375.1812892
19,Sample_S19S_0099_Wat,375.194367
47,Sample_S19S_0099_Wat,376.0674564
32,Sample_S19S_0099_Wat,376.1249335
66,Sample_S19S_0099_Wat,377.0514538
61,Sample_S19S_0099_Wat,377.0877952
9,Sample_S19S_0099_Wat,377.0911145
19,Sample_S19S_0099_Wat,377.100823
2,Sample_S19S_0099_Wat,377.1062344
98,Sample_S19S_0099_Wat,377.1241915
9,Sample_S19S_0099_Wat,377.1274434
27,Sample_S19S_0099_Wat,377.1372608
67,Sample_S19S_0099_Wat,377.1606102
21,Sample_S19S_0099_Wat,377.1735945
24,Sample_S19S_0099_Wat,377.1969233
18,Sample_S19S_0099_Wat,378.0466478
51,Sample_S19S_0099_Wat,378.0831073
85,Sample_S19S_0099_Wat,378.1194361
66,Sample_S19S_0099_Wat,378.1558494
48,Sample_S19S_0099_Wat,379.0307221
26,Sample_S19S_0099_Wat,379.0670295
25,Sample_S19S_0099_Wat,379.0783458
115,Sample_S19S_0099_Wat,379.1034645
7,Sample_S19S_0099_Wat,379.1067259
13,Sample_S19S_0099_Wat,379.1147799
27,Sample_S19S_0099_Wat,379.1165229
99,Sample_S19S_0099_Wat,379.1398402
23,Sample_S19S_0099_Wat,379.1528588
72,Sample_S19S_0099_Wat,379.1762343
16,Sample_S19S_0099_Wat,379.1892722
10,Sample_S19S_0099_Wat,379.1973729
30,Sample_S19S_0099_Wat,379.2126518
4,Sample_S19S_0099_Wat,379.2337456
78,Sample_S19S_0099_Wat,380.0987084
87,Sample_S19S_0099_Wat,380.1350974
30,Sample_S19S_0099_Wat,380.1715321
58,Sample_S19S_0099_Wat,381.0463502
2,Sample_S19S_0099_Wat,381.0647709
31,Sample_S19S_0099_Wat,381.0826619
40,Sample_S19S_0099_Wat,381.0939738
6,Sample_S19S_0099_Wat,381.1011448
106,Sample_S19S_0099_Wat,381.1191186
4,Sample_S19S_0099_Wat,381.1224004
23,Sample_S19S_0099_Wat,381.1321708
8,Sample_S19S_0099_Wat,381.137641
93,Sample_S19S_0099_Wat,381.1555031
10,Sample_S19S_0099_Wat,381.1684945
45,Sample_S19S_0099_Wat,381.1918695
23,Sample_S19S_0099_Wat,381.2282913
58,Sample_S19S_0099_Wat,382.0779661
79,Sample_S19S_0099_Wat,382.1143936
21,Sample_S19S_0099_Wat,382.1507159
35,Sample_S19S_0099_Wat,383.0619616
42,Sample_S19S_0099_Wat,383.0772634
5,Sample_S19S_0099_Wat,383.0804294
104,Sample_S19S_0099_Wat,383.0983806
5,Sample_S19S_0099_Wat,383.1016255
21,Sample_S19S_0099_Wat,383.1095949
37,Sample_S19S_0099_Wat,383.1136188
6,Sample_S19S_0099_Wat,383.1168248
28,Sample_S19S_0099_Wat,383.1266887
36,Sample_S19S_0099_Wat,383.1347075
4,Sample_S19S_0099_Wat,383.1533024
38,Sample_S19S_0099_Wat,383.1711132
12,Sample_S19S_0099_Wat,383.1897381
43,Sample_S19S_0099_Wat,383.2075249
27,Sample_S19S_0099_Wat,384.0572385
56,Sample_S19S_0099_Wat,384.0936599
43,Sample_S19S_0099_Wat,384.1664077
20,Sample_S19S_0099_Wat,385.0412026
31,Sample_S19S_0099_Wat,385.0564963
6,Sample_S19S_0099_Wat,385.0597522
80,Sample_S19S_0099_Wat,385.0776412
2,Sample_S19S_0099_Wat,385.0806355
57,Sample_S19S_0099_Wat,385.0929264
16,Sample_S19S_0099_Wat,385.0961706
39,Sample_S19S_0099_Wat,385.1139909
34,Sample_S19S_0099_Wat,385.1292595
4,Sample_S19S_0099_Wat,385.1324986
26,Sample_S19S_0099_Wat,385.1423072
43,Sample_S19S_0099_Wat,385.1503825
49,Sample_S19S_0099_Wat,385.1656784
46,Sample_S19S_0099_Wat,385.1868285
9,Sample_S19S_0099_Wat,385.2231361
34,Sample_S19S_0099_Wat,386.0728862
57,Sample_S19S_0099_Wat,386.0881802
7,Sample_S19S_0099_Wat,386.1012164
58,Sample_S19S_0099_Wat,386.1093009
46,Sample_S19S_0099_Wat,386.1820531
39,Sample_S19S_0099_Wat,387.0358113
25,Sample_S19S_0099_Wat,387.0391593
21,Sample_S19S_0099_Wat,387.0568488
14,Sample_S19S_0099_Wat,387.0721252
11,Sample_S19S_0099_Wat,387.075423
16,Sample_S19S_0099_Wat,387.0851909
32,Sample_S19S_0099_Wat,387.0932457
2,Sample_S19S_0099_Wat,387.0962706
82,Sample_S19S_0099_Wat,387.1085636
11,Sample_S19S_0099_Wat,387.1118261
88,Sample_S19S_0099_Wat,387.1296791
9,Sample_S19S_0099_Wat,387.1481778
24,Sample_S19S_0099_Wat,387.1579654
11,Sample_S19S_0099_Wat,387.1659841
28,Sample_S19S_0099_Wat,387.1812925
17,Sample_S19S_0099_Wat,387.19436
59,Sample_S19S_0099_Wat,388.0674506
44,Sample_S19S_0099_Wat,388.1037783
48,Sample_S19S_0099_Wat,388.1249219
58,Sample_S19S_0099_Wat,388.1401722
39,Sample_S19S_0099_Wat,389.051417
6,Sample_S19S_0099_Wat,389.054731
10,Sample_S19S_0099_Wat,389.0644457
19,Sample_S19S_0099_Wat,389.0724972
79,Sample_S19S_0099_Wat,389.0878118
14,Sample_S19S_0099_Wat,389.0911204
24,Sample_S19S_0099_Wat,389.1008827
36,Sample_S19S_0099_Wat,389.108981
97,Sample_S19S_0099_Wat,389.1242045
11,Sample_S19S_0099_Wat,389.1274498
24,Sample_S19S_0099_Wat,389.1372295
14,Sample_S19S_0099_Wat,389.1452618
30,Sample_S19S_0099_Wat,389.1605387
23,Sample_S19S_0099_Wat,389.1736085
20,Sample_S19S_0099_Wat,389.1816725
53,Sample_S19S_0099_Wat,389.1969883
24,Sample_S19S_0099_Wat,390.0466839
75,Sample_S19S_0099_Wat,390.083092
19,Sample_S19S_0099_Wat,391.0307447
43,Sample_S19S_0099_Wat,391.0670531
14,Sample_S19S_0099_Wat,391.070384
13,Sample_S19S_0099_Wat,391.0881255
48,Sample_S19S_0099_Wat,391.1034381
9,Sample_S19S_0099_Wat,391.1066925
50,Sample_S19S_0099_Wat,391.1398852
14,Sample_S19S_0099_Wat,391.1528412
39,Sample_S19S_0099_Wat,391.1762035
12,Sample_S19S_0099_Wat,391.1892281
36,Sample_S19S_0099_Wat,391.212612
39,Sample_S19S_0099_Wat,392.06231
75,Sample_S19S_0099_Wat,392.098752
22,Sample_S19S_0099_Wat,392.1198706
73,Sample_S19S_0099_Wat,392.1351125
34,Sample_S19S_0099_Wat,393.0463154
80,Sample_S19S_0099_Wat,393.0827628
13,Sample_S19S_0099_Wat,393.0860569
92,Sample_S19S_0099_Wat,393.1191285
22,Sample_S19S_0099_Wat,393.1321265
1,Sample_S19S_0099_Wat,393.1475032
46,Sample_S19S_0099_Wat,393.1554711
18,Sample_S19S_0099_Wat,393.1685262
25,Sample_S19S_0099_Wat,393.1919402
12,Sample_S19S_0099_Wat,393.2130193
36,Sample_S19S_0099_Wat,394.078026
51,Sample_S19S_0099_Wat,394.1144108
25,Sample_S19S_0099_Wat,395.0255818
51,Sample_S19S_0099_Wat,395.0619708
7,Sample_S19S_0099_Wat,395.0830853
53,Sample_S19S_0099_Wat,395.0984243
11,Sample_S19S_0099_Wat,395.116912
122,Sample_S19S_0099_Wat,395.1347697
17,Sample_S19S_0099_Wat,395.1477706
52,Sample_S19S_0099_Wat,395.171191
16,Sample_S19S_0099_Wat,395.2075813
63,Sample_S19S_0099_Wat,396.0936653
45,Sample_S19S_0099_Wat,396.13006
68,Sample_S19S_0099_Wat,396.1664019
36,Sample_S19S_0099_Wat,397.0412485
9,Sample_S19S_0099_Wat,397.0597441
29,Sample_S19S_0099_Wat,397.0775828
4,Sample_S19S_0099_Wat,397.0960818
19,Sample_S19S_0099_Wat,397.1059758
70,Sample_S19S_0099_Wat,397.1140135
5,Sample_S19S_0099_Wat,397.1293597
7,Sample_S19S_0099_Wat,397.1325142
93,Sample_S19S_0099_Wat,397.1504225
28,Sample_S19S_0099_Wat,397.1867602
31,Sample_S19S_0099_Wat,397.2232052
48,Sample_S19S_0099_Wat,398.0729329
71,Sample_S19S_0099_Wat,398.1456531
45,Sample_S19S_0099_Wat,398.182038
3,Sample_S19S_0099_Wat,399.0390544
17,Sample_S19S_0099_Wat,399.0568344
28,Sample_S19S_0099_Wat,399.0721389
5,Sample_S19S_0099_Wat,399.0753668
24,Sample_S19S_0099_Wat,399.085227
65,Sample_S19S_0099_Wat,399.0932727
20,Sample_S19S_0099_Wat,399.1086044
8,Sample_S19S_0099_Wat,399.1117451
65,Sample_S19S_0099_Wat,399.1296635
43,Sample_S19S_0099_Wat,399.1449193
4,Sample_S19S_0099_Wat,399.1480952
16,Sample_S19S_0099_Wat,399.1579458
5,Sample_S19S_0099_Wat,399.1659287
15,Sample_S19S_0099_Wat,399.1943775
39,Sample_S19S_0099_Wat,399.2024375
19,Sample_S19S_0099_Wat,400.0674729
41,Sample_S19S_0099_Wat,400.1249077
46,Sample_S19S_0099_Wat,401.0514549
18,Sample_S19S_0099_Wat,401.0547584
13,Sample_S19S_0099_Wat,401.0644945
21,Sample_S19S_0099_Wat,401.0725084
64,Sample_S19S_0099_Wat,401.0878209
56,Sample_S19S_0099_Wat,401.1089631
8,Sample_S19S_0099_Wat,401.1273966
69,Sample_S19S_0099_Wat,401.1453284
66,Sample_S19S_0099_Wat,401.1605804
20,Sample_S19S_0099_Wat,401.1736033
16,Sample_S19S_0099_Wat,401.1816514
17,Sample_S19S_0099_Wat,401.1969344
18,Sample_S19S_0099_Wat,401.2100146
19,Sample_S19S_0099_Wat,402.0466811
15,Sample_S19S_0099_Wat,402.0831391
5,Sample_S19S_0099_Wat,402.1042761
10,Sample_S19S_0099_Wat,402.1195259
35,Sample_S19S_0099_Wat,402.1405573
7,Sample_S19S_0099_Wat,403.0305846
16,Sample_S19S_0099_Wat,403.0517845
69,Sample_S19S_0099_Wat,403.0671122
19,Sample_S19S_0099_Wat,403.0704072
53,Sample_S19S_0099_Wat,403.0881974
67,Sample_S19S_0099_Wat,403.1034476
25,Sample_S19S_0099_Wat,403.1164656
17,Sample_S19S_0099_Wat,403.1245163
86,Sample_S19S_0099_Wat,403.1398463
30,Sample_S19S_0099_Wat,403.1529106
28,Sample_S19S_0099_Wat,403.1609357
31,Sample_S19S_0099_Wat,403.1762826
63,Sample_S19S_0099_Wat,404.0623618
80,Sample_S19S_0099_Wat,404.1351085
50,Sample_S19S_0099_Wat,405.0463718
47,Sample_S19S_0099_Wat,405.0827082
4,Sample_S19S_0099_Wat,405.0859264
30,Sample_S19S_0099_Wat,405.1190623
29,Sample_S19S_0099_Wat,405.1321292
50,Sample_S19S_0099_Wat,405.1555362
28,Sample_S19S_0099_Wat,405.1685606
41,Sample_S19S_0099_Wat,405.1918632
4,Sample_S19S_0099_Wat,405.2048711
7,Sample_S19S_0099_Wat,406.0990792
83,Sample_S19S_0099_Wat,406.1143545
14,Sample_S19S_0099_Wat,407.0255705
53,Sample_S19S_0099_Wat,407.0620299
95,Sample_S19S_0099_Wat,407.0983755
1,Sample_S19S_0099_Wat,407.1015177
82,Sample_S19S_0099_Wat,407.1347505
21,Sample_S19S_0099_Wat,407.1477958
11,Sample_S19S_0099_Wat,407.1712237
17,Sample_S19S_0099_Wat,407.2075913
10,Sample_S19S_0099_Wat,407.2205546
72,Sample_S19S_0099_Wat,408.0936661
96,Sample_S19S_0099_Wat,408.1300077
27,Sample_S19S_0099_Wat,409.07757
18,Sample_S19S_0099_Wat,409.0889394
93,Sample_S19S_0099_Wat,409.1140221
6,Sample_S19S_0099_Wat,409.1325189
98,Sample_S19S_0099_Wat,409.1504235
5,Sample_S19S_0099_Wat,409.1633923
12,Sample_S19S_0099_Wat,409.1787026
18,Sample_S19S_0099_Wat,409.1867344
40,Sample_S19S_0099_Wat,409.2231724
52,Sample_S19S_0099_Wat,410.0729191
17,Sample_S19S_0099_Wat,410.1092388
72,Sample_S19S_0099_Wat,410.1456867
18,Sample_S19S_0099_Wat,411.0568579
73,Sample_S19S_0099_Wat,411.0933142
83,Sample_S19S_0099_Wat,411.1296933
8,Sample_S19S_0099_Wat,411.1482057
29,Sample_S19S_0099_Wat,411.1579879
48,Sample_S19S_0099_Wat,411.1660419
4,Sample_S19S_0099_Wat,411.2022993
36,Sample_S19S_0099_Wat,412.0885256
63,Sample_S19S_0099_Wat,412.1249118
46,Sample_S19S_0099_Wat,412.1977027
24,Sample_S19S_0099_Wat,413.0361429
5,Sample_S19S_0099_Wat,413.072442
32,Sample_S19S_0099_Wat,413.087795
10,Sample_S19S_0099_Wat,413.0910377
25,Sample_S19S_0099_Wat,413.1008794
79,Sample_S19S_0099_Wat,413.1089345
61,Sample_S19S_0099_Wat,413.12421
7,Sample_S19S_0099_Wat,413.127421
17,Sample_S19S_0099_Wat,413.1372735
26,Sample_S19S_0099_Wat,413.1452768
5,Sample_S19S_0099_Wat,413.1605228
3,Sample_S19S_0099_Wat,413.1637843
21,Sample_S19S_0099_Wat,413.1736056
12,Sample_S19S_0099_Wat,413.1816156
15,Sample_S19S_0099_Wat,413.2100122
22,Sample_S19S_0099_Wat,413.2180661
16,Sample_S19S_0099_Wat,415.0306688
6,Sample_S19S_0099_Wat,415.0671726
16,Sample_S19S_0099_Wat,415.0704085
11,Sample_S19S_0099_Wat,415.080159
54,Sample_S19S_0099_Wat,415.0881916
60,Sample_S19S_0099_Wat,415.1034568
10,Sample_S19S_0099_Wat,415.1066895
20,Sample_S19S_0099_Wat,415.1164835
35,Sample_S19S_0099_Wat,415.1245406
5,Sample_S19S_0099_Wat,415.1430564
21,Sample_S19S_0099_Wat,415.1529316
55,Sample_S19S_0099_Wat,415.1609859
9,Sample_S19S_0099_Wat,415.1763155
18,Sample_S19S_0099_Wat,415.1795937
30,Sample_S19S_0099_Wat,415.1973464
8,Sample_S19S_0099_Wat,415.2125416
29,Sample_S19S_0099_Wat,416.0623295
7,Sample_S19S_0099_Wat,416.0986591
71,Sample_S19S_0099_Wat,416.1351142
17,Sample_S19S_0099_Wat,416.1925804
28,Sample_S19S_0099_Wat,417.0463346
7,Sample_S19S_0099_Wat,417.0593749
18,Sample_S19S_0099_Wat,417.0674105
22,Sample_S19S_0099_Wat,417.0826722
10,Sample_S19S_0099_Wat,417.085967
15,Sample_S19S_0099_Wat,417.0957124
21,Sample_S19S_0099_Wat,417.1037889
80,Sample_S19S_0099_Wat,417.1191101
8,Sample_S19S_0099_Wat,417.1223013
36,Sample_S19S_0099_Wat,417.1321667
38,Sample_S19S_0099_Wat,417.1402188
74,Sample_S19S_0099_Wat,417.1555165
1,Sample_S19S_0099_Wat,417.1586377
37,Sample_S19S_0099_Wat,417.1685514
14,Sample_S19S_0099_Wat,417.1765666
3,Sample_S19S_0099_Wat,417.2048604
8,Sample_S19S_0099_Wat,417.2281724
46,Sample_S19S_0099_Wat,418.0779721
19,Sample_S19S_0099_Wat,418.1144292
1,Sample_S19S_0099_Wat,418.1508546
23,Sample_S19S_0099_Wat,419.0256123
36,Sample_S19S_0099_Wat,419.0619721
8,Sample_S19S_0099_Wat,419.0652534
5,Sample_S19S_0099_Wat,419.0829959
14,Sample_S19S_0099_Wat,419.0982983
6,Sample_S19S_0099_Wat,419.1113471
7,Sample_S19S_0099_Wat,419.1194106
95,Sample_S19S_0099_Wat,419.1347745
6,Sample_S19S_0099_Wat,419.1379181
23,Sample_S19S_0099_Wat,419.1478319
18,Sample_S19S_0099_Wat,419.1558387
42,Sample_S19S_0099_Wat,419.1711927
27,Sample_S19S_0099_Wat,419.1842051
45,Sample_S19S_0099_Wat,419.207525
40,Sample_S19S_0099_Wat,420.0572817
35,Sample_S19S_0099_Wat,421.0412704
17,Sample_S19S_0099_Wat,421.0777047
6,Sample_S19S_0099_Wat,421.0809217
17,Sample_S19S_0099_Wat,421.0906648
98,Sample_S19S_0099_Wat,421.1140346
5,Sample_S19S_0099_Wat,421.117183
13,Sample_S19S_0099_Wat,421.1270174
88,Sample_S19S_0099_Wat,421.1504292
1,Sample_S19S_0099_Wat,421.1552081
22,Sample_S19S_0099_Wat,421.1634511
22,Sample_S19S_0099_Wat,421.1868654
4,Sample_S19S_0099_Wat,421.2265386
47,Sample_S19S_0099_Wat,422.0728802
32,Sample_S19S_0099_Wat,422.1093338
44,Sample_S19S_0099_Wat,423.0569089
31,Sample_S19S_0099_Wat,423.093231
9,Sample_S19S_0099_Wat,423.1046157
105,Sample_S19S_0099_Wat,423.1296813
12,Sample_S19S_0099_Wat,423.1426961
32,Sample_S19S_0099_Wat,423.1661225
53,Sample_S19S_0099_Wat,423.2024382
11,Sample_S19S_0099_Wat,424.0522173
2,Sample_S19S_0099_Wat,424.0886497
46,Sample_S19S_0099_Wat,424.1249783
1,Sample_S19S_0099_Wat,424.1978108
34,Sample_S19S_0099_Wat,425.0361852
5,Sample_S19S_0099_Wat,425.054654
14,Sample_S19S_0099_Wat,425.0724714
14,Sample_S19S_0099_Wat,425.0838582
8,Sample_S19S_0099_Wat,425.091008
15,Sample_S19S_0099_Wat,425.1008972
50,Sample_S19S_0099_Wat,425.1089252
1,Sample_S19S_0099_Wat,425.1120366
2,Sample_S19S_0099_Wat,425.120287
18,Sample_S19S_0099_Wat,425.1453873
7,Sample_S19S_0099_Wat,425.1638972
52,Sample_S19S_0099_Wat,425.1816982
11,Sample_S19S_0099_Wat,425.2100538
73,Sample_S19S_0099_Wat,426.1405881
68,Sample_S19S_0099_Wat,426.1769689
13,Sample_S19S_0099_Wat,427.0518808
7,Sample_S19S_0099_Wat,427.0703757
10,Sample_S19S_0099_Wat,427.0801714
40,Sample_S19S_0099_Wat,427.088175
32,Sample_S19S_0099_Wat,427.1035014
8,Sample_S19S_0099_Wat,427.106705
17,Sample_S19S_0099_Wat,427.1165345
76,Sample_S19S_0099_Wat,427.1245871
3,Sample_S19S_0099_Wat,427.1399769
13,Sample_S19S_0099_Wat,427.1431663
5,Sample_S19S_0099_Wat,427.1610597
2,Sample_S19S_0099_Wat,427.1763557
33,Sample_S19S_0099_Wat,427.1973395
48,Sample_S19S_0099_Wat,428.0987544
8,Sample_S19S_0099_Wat,428.1117671
37,Sample_S19S_0099_Wat,428.1562791
14,Sample_S19S_0099_Wat,428.1925676
37,Sample_S19S_0099_Wat,429.067488
1,Sample_S19S_0099_Wat,429.0829209
13,Sample_S19S_0099_Wat,429.0861392
7,Sample_S19S_0099_Wat,429.1039457
2,Sample_S19S_0099_Wat,429.1192381
19,Sample_S19S_0099_Wat,429.1224523
63,Sample_S19S_0099_Wat,429.1402424
24,Sample_S19S_0099_Wat,429.1555582
5,Sample_S19S_0099_Wat,429.1587517
29,Sample_S19S_0099_Wat,429.1685491
25,Sample_S19S_0099_Wat,429.1765924
48,Sample_S19S_0099_Wat,429.1919036
13,Sample_S19S_0099_Wat,429.2494299
12,Sample_S19S_0099_Wat,430.0780537
31,Sample_S19S_0099_Wat,430.0991542
73,Sample_S19S_0099_Wat,430.1143962
49,Sample_S19S_0099_Wat,430.1354817
10,Sample_S19S_0099_Wat,431.0256563
49,Sample_S19S_0099_Wat,431.0620177
8,Sample_S19S_0099_Wat,431.0653523
37,Sample_S19S_0099_Wat,431.083125
73,Sample_S19S_0099_Wat,431.098388
8,Sample_S19S_0099_Wat,431.1016424
19,Sample_S19S_0099_Wat,431.1113826
26,Sample_S19S_0099_Wat,431.1194411
30,Sample_S19S_0099_Wat,431.1347291
5,Sample_S19S_0099_Wat,431.1378968
24,Sample_S19S_0099_Wat,431.1477957
21,Sample_S19S_0099_Wat,431.1558407
36,Sample_S19S_0099_Wat,431.1711879
3,Sample_S19S_0099_Wat,431.1744536
21,Sample_S19S_0099_Wat,431.1922364
16,Sample_S19S_0099_Wat,431.2076023
7,Sample_S19S_0099_Wat,431.2206124
7,Sample_S19S_0099_Wat,432.0573233
76,Sample_S19S_0099_Wat,432.093661
81,Sample_S19S_0099_Wat,432.1300404
5,Sample_S19S_0099_Wat,432.1876103
27,Sample_S19S_0099_Wat,433.0412948
64,Sample_S19S_0099_Wat,433.077665
13,Sample_S19S_0099_Wat,433.0906617
12,Sample_S19S_0099_Wat,433.0986887
23,Sample_S19S_0099_Wat,433.1139658
1,Sample_S19S_0099_Wat,433.1171258
5,Sample_S19S_0099_Wat,433.1269982
31,Sample_S19S_0099_Wat,433.1503758
28,Sample_S19S_0099_Wat,433.1634586
39,Sample_S19S_0099_Wat,433.1868494
12,Sample_S19S_0099_Wat,433.1998888
37,Sample_S19S_0099_Wat,433.223189
10,Sample_S19S_0099_Wat,434.072975
18,Sample_S19S_0099_Wat,434.1093421
35,Sample_S19S_0099_Wat,435.0569041
14,Sample_S19S_0099_Wat,435.0698968
74,Sample_S19S_0099_Wat,435.093324
13,Sample_S19S_0099_Wat,435.1062764
31,Sample_S19S_0099_Wat,435.1296329
4,Sample_S19S_0099_Wat,435.1426364
2,Sample_S19S_0099_Wat,435.1581104
26,Sample_S19S_0099_Wat,435.1659973
16,Sample_S19S_0099_Wat,435.1790631
62,Sample_S19S_0099_Wat,435.2024665
16,Sample_S19S_0099_Wat,436.0521427
24,Sample_S19S_0099_Wat,436.0886111
6,Sample_S19S_0099_Wat,436.1250197
26,Sample_S19S_0099_Wat,437.0361523
15,Sample_S19S_0099_Wat,437.072483
5,Sample_S19S_0099_Wat,437.1009114
24,Sample_S19S_0099_Wat,437.1088959
7,Sample_S19S_0099_Wat,437.1274359
61,Sample_S19S_0099_Wat,437.1453651
56,Sample_S19S_0099_Wat,437.1817485
9,Sample_S19S_0099_Wat,437.2100538
10,Sample_S19S_0099_Wat,437.2180272
1,Sample_S19S_0099_Wat,437.2755877
15,Sample_S19S_0099_Wat,438.0678822
76,Sample_S19S_0099_Wat,438.1405683
11,Sample_S19S_0099_Wat,439.051737
66,Sample_S19S_0099_Wat,439.0882098
80,Sample_S19S_0099_Wat,439.1246064
16,Sample_S19S_0099_Wat,439.1529344
32,Sample_S19S_0099_Wat,439.1609425
24,Sample_S19S_0099_Wat,439.1892886
21,Sample_S19S_0099_Wat,439.1973056
35,Sample_S19S_0099_Wat,440.0834468
35,Sample_S19S_0099_Wat,440.1198163
26,Sample_S19S_0099_Wat,441.0674409
30,Sample_S19S_0099_Wat,441.0827166
14,Sample_S19S_0099_Wat,441.0860426
34,Sample_S19S_0099_Wat,441.1039049
13,Sample_S19S_0099_Wat,441.1191742
54,Sample_S19S_0099_Wat,441.1402285
11,Sample_S19S_0099_Wat,441.1554489
4,Sample_S19S_0099_Wat,441.1586837
18,Sample_S19S_0099_Wat,441.168514
22,Sample_S19S_0099_Wat,441.1765589
15,Sample_S19S_0099_Wat,441.2049192
12,Sample_S19S_0099_Wat,441.2129575
8,Sample_S19S_0099_Wat,442.0990637
19,Sample_S19S_0099_Wat,442.135461
15,Sample_S19S_0099_Wat,443.0466588
7,Sample_S19S_0099_Wat,443.061884
5,Sample_S19S_0099_Wat,443.0652174
14,Sample_S19S_0099_Wat,443.0749837
29,Sample_S19S_0099_Wat,443.0830557
36,Sample_S19S_0099_Wat,443.0984287
10,Sample_S19S_0099_Wat,443.1016577
18,Sample_S19S_0099_Wat,443.1114516
64,Sample_S19S_0099_Wat,443.119518
3,Sample_S19S_0099_Wat,443.1348538
11,Sample_S19S_0099_Wat,443.1380667
19,Sample_S19S_0099_Wat,443.1478565
54,Sample_S19S_0099_Wat,443.1558944
27,Sample_S19S_0099_Wat,443.1711201
23,Sample_S19S_0099_Wat,443.1841796
14,Sample_S19S_0099_Wat,443.1922057
21,Sample_S19S_0099_Wat,444.093696
25,Sample_S19S_0099_Wat,445.0412697
3,Sample_S19S_0099_Wat,445.054308
28,Sample_S19S_0099_Wat,445.0623769
32,Sample_S19S_0099_Wat,445.0776178
6,Sample_S19S_0099_Wat,445.0808638
10,Sample_S19S_0099_Wat,445.0986624
3,Sample_S19S_0099_Wat,445.1083593
14,Sample_S19S_0099_Wat,445.1139537
7,Sample_S19S_0099_Wat,445.1171907
14,Sample_S19S_0099_Wat,445.127011
8,Sample_S19S_0099_Wat,445.1350548
34,Sample_S19S_0099_Wat,445.1503907
3,Sample_S19S_0099_Wat,445.1536246
34,Sample_S19S_0099_Wat,445.1634705
43,Sample_S19S_0099_Wat,445.1715289
42,Sample_S19S_0099_Wat,445.1868428
42,Sample_S19S_0099_Wat,445.223207
14,Sample_S19S_0099_Wat,446.0728598
2,Sample_S19S_0099_Wat,446.0939418
50,Sample_S19S_0099_Wat,446.1092739
30,Sample_S19S_0099_Wat,446.1457127
7,Sample_S19S_0099_Wat,447.056785
6,Sample_S19S_0099_Wat,447.0698296
12,Sample_S19S_0099_Wat,447.09323
17,Sample_S19S_0099_Wat,447.114388
78,Sample_S19S_0099_Wat,447.1297048
27,Sample_S19S_0099_Wat,447.1427418
79,Sample_S19S_0099_Wat,447.1660641
22,Sample_S19S_0099_Wat,447.179104
15,Sample_S19S_0099_Wat,447.2023724
3,Sample_S19S_0099_Wat,447.2154152
20,Sample_S19S_0099_Wat,447.2388005
59,Sample_S19S_0099_Wat,448.088573
7,Sample_S19S_0099_Wat,449.0360637
16,Sample_S19S_0099_Wat,449.0724952
16,Sample_S19S_0099_Wat,449.0855556
88,Sample_S19S_0099_Wat,449.1089599
17,Sample_S19S_0099_Wat,449.1219859
81,Sample_S19S_0099_Wat,449.1453221
28,Sample_S19S_0099_Wat,449.1583358
26,Sample_S19S_0099_Wat,449.1816462
4,Sample_S19S_0099_Wat,449.1946593
13,Sample_S19S_0099_Wat,449.2180299
9,Sample_S19S_0099_Wat,451.0517204
30,Sample_S19S_0099_Wat,451.0881744
61,Sample_S19S_0099_Wat,451.124616
17,Sample_S19S_0099_Wat,451.1376081
3,Sample_S19S_0099_Wat,451.1530256
37,Sample_S19S_0099_Wat,451.1609528
9,Sample_S19S_0099_Wat,451.1739524
10,Sample_S19S_0099_Wat,451.189303
6,Sample_S19S_0099_Wat,451.1972791
12,Sample_S19S_0099_Wat,451.2336787
36,Sample_S19S_0099_Wat,452.0834394
18,Sample_S19S_0099_Wat,452.1199139
17,Sample_S19S_0099_Wat,453.0673983
13,Sample_S19S_0099_Wat,453.1037558
15,Sample_S19S_0099_Wat,453.1321972
39,Sample_S19S_0099_Wat,453.140211
7,Sample_S19S_0099_Wat,453.1587585
2,Sample_S19S_0099_Wat,453.1686448
68,Sample_S19S_0099_Wat,453.1766436
16,Sample_S19S_0099_Wat,453.2049759
32,Sample_S19S_0099_Wat,455.0467468
10,Sample_S19S_0099_Wat,455.0750667
41,Sample_S19S_0099_Wat,455.0831528
12,Sample_S19S_0099_Wat,455.1016835
16,Sample_S19S_0099_Wat,455.111472
36,Sample_S19S_0099_Wat,455.1194736
7,Sample_S19S_0099_Wat,455.1346803
11,Sample_S19S_0099_Wat,455.1380162
20,Sample_S19S_0099_Wat,455.14777
13,Sample_S19S_0099_Wat,455.1558023
17,Sample_S19S_0099_Wat,455.1841535
12,Sample_S19S_0099_Wat,455.1921775
20,Sample_S19S_0099_Wat,455.2205892
4,Sample_S19S_0099_Wat,455.2285132
23,Sample_S19S_0099_Wat,457.0624071
9,Sample_S19S_0099_Wat,457.0906483
17,Sample_S19S_0099_Wat,457.0986905
18,Sample_S19S_0099_Wat,457.1139922
10,Sample_S19S_0099_Wat,457.1270095
15,Sample_S19S_0099_Wat,457.1350642
2,Sample_S19S_0099_Wat,457.1447412
16,Sample_S19S_0099_Wat,457.150377
1,Sample_S19S_0099_Wat,457.1535372
23,Sample_S19S_0099_Wat,457.1634444
28,Sample_S19S_0099_Wat,457.1715231
54,Sample_S19S_0099_Wat,457.1868094
17,Sample_S19S_0099_Wat,457.1901515
17,Sample_S19S_0099_Wat,457.1998933
35,Sample_S19S_0099_Wat,457.2079257
12,Sample_S19S_0099_Wat,457.2362399
10,Sample_S19S_0099_Wat,459.0568713
7,Sample_S19S_0099_Wat,459.069913
18,Sample_S19S_0099_Wat,459.0779746
15,Sample_S19S_0099_Wat,459.0932353
6,Sample_S19S_0099_Wat,459.0964817
16,Sample_S19S_0099_Wat,459.1062882
22,Sample_S19S_0099_Wat,459.1143457
53,Sample_S19S_0099_Wat,459.1296693
30,Sample_S19S_0099_Wat,459.142719
37,Sample_S19S_0099_Wat,459.1508169
43,Sample_S19S_0099_Wat,459.1661042
22,Sample_S19S_0099_Wat,459.2025048
9,Sample_S19S_0099_Wat,459.2155229
49,Sample_S19S_0099_Wat,460.0885829
48,Sample_S19S_0099_Wat,460.1249704
14,Sample_S19S_0099_Wat,460.1612688
16,Sample_S19S_0099_Wat,461.0725007
9,Sample_S19S_0099_Wat,461.0855391
10,Sample_S19S_0099_Wat,461.1088271
4,Sample_S19S_0099_Wat,461.1218899
8,Sample_S19S_0099_Wat,461.1299458
19,Sample_S19S_0099_Wat,461.1452647
24,Sample_S19S_0099_Wat,461.1583343
36,Sample_S19S_0099_Wat,461.1817537
12,Sample_S19S_0099_Wat,461.1948089
31,Sample_S19S_0099_Wat,461.218132
23,Sample_S19S_0099_Wat,462.067799
15,Sample_S19S_0099_Wat,462.1042629
66,Sample_S19S_0099_Wat,462.1769684
35,Sample_S19S_0099_Wat,463.0518315
42,Sample_S19S_0099_Wat,463.0881954
3,Sample_S19S_0099_Wat,463.1189274
13,Sample_S19S_0099_Wat,463.124491
4,Sample_S19S_0099_Wat,463.1375144
7,Sample_S19S_0099_Wat,463.1608564
8,Sample_S19S_0099_Wat,463.1739081
18,Sample_S19S_0099_Wat,463.1972938
18,Sample_S19S_0099_Wat,463.210366
37,Sample_S19S_0099_Wat,463.2337601
25,Sample_S19S_0099_Wat,464.1198095
10,Sample_S19S_0099_Wat,465.06738
32,Sample_S19S_0099_Wat,465.1038259
21,Sample_S19S_0099_Wat,465.1532935
64,Sample_S19S_0099_Wat,465.1766182
17,Sample_S19S_0099_Wat,465.1896305
16,Sample_S19S_0099_Wat,465.2129596
57,Sample_S19S_0099_Wat,466.1355201
1,Sample_S19S_0099_Wat,466.1435867
29,Sample_S19S_0099_Wat,467.0467531
42,Sample_S19S_0099_Wat,467.0831629
13,Sample_S19S_0099_Wat,467.1016939
48,Sample_S19S_0099_Wat,467.1195422
24,Sample_S19S_0099_Wat,467.1478261
29,Sample_S19S_0099_Wat,467.1558326
22,Sample_S19S_0099_Wat,467.184209
8,Sample_S19S_0099_Wat,467.1921933
14,Sample_S19S_0099_Wat,467.220621
22,Sample_S19S_0099_Wat,467.2286363
27,Sample_S19S_0099_Wat,468.1147294
26,Sample_S19S_0099_Wat,469.062394
9,Sample_S19S_0099_Wat,469.0809014
22,Sample_S19S_0099_Wat,469.0986993
20,Sample_S19S_0099_Wat,469.1270251
13,Sample_S19S_0099_Wat,469.1350525
9,Sample_S19S_0099_Wat,469.1633964
24,Sample_S19S_0099_Wat,469.199861
24,Sample_S19S_0099_Wat,469.2078959
11,Sample_S19S_0099_Wat,469.2362772
30,Sample_S19S_0099_Wat,471.0780166
15,Sample_S19S_0099_Wat,471.106291
5,Sample_S19S_0099_Wat,471.1295835
6,Sample_S19S_0099_Wat,471.1328376
10,Sample_S19S_0099_Wat,471.1426129
13,Sample_S19S_0099_Wat,471.1506882
7,Sample_S19S_0099_Wat,471.16598
23,Sample_S19S_0099_Wat,471.1790652
20,Sample_S19S_0099_Wat,471.1871307
18,Sample_S19S_0099_Wat,471.2155389
11,Sample_S19S_0099_Wat,473.0361823
31,Sample_S19S_0099_Wat,473.0937108
57,Sample_S19S_0099_Wat,473.1089772
8,Sample_S19S_0099_Wat,473.1122201
21,Sample_S19S_0099_Wat,473.121993
18,Sample_S19S_0099_Wat,473.1300234
2,Sample_S19S_0099_Wat,473.139667
22,Sample_S19S_0099_Wat,473.1452829
10,Sample_S19S_0099_Wat,473.1582831
11,Sample_S19S_0099_Wat,473.1663521
18,Sample_S19S_0099_Wat,473.1816622
8,Sample_S19S_0099_Wat,473.1946924
28,Sample_S19S_0099_Wat,473.2180738
19,Sample_S19S_0099_Wat,473.2311386
20,Sample_S19S_0099_Wat,474.1042477
54,Sample_S19S_0099_Wat,474.1405956
9,Sample_S19S_0099_Wat,475.0517049
12,Sample_S19S_0099_Wat,475.0728791
21,Sample_S19S_0099_Wat,475.0881586
14,Sample_S19S_0099_Wat,475.1012806
15,Sample_S19S_0099_Wat,475.1092833
62,Sample_S19S_0099_Wat,475.1245966
24,Sample_S19S_0099_Wat,475.1376596
67,Sample_S19S_0099_Wat,475.1609843
27,Sample_S19S_0099_Wat,475.1739813
14,Sample_S19S_0099_Wat,475.1973043
3,Sample_S19S_0099_Wat,475.2103074
3,Sample_S19S_0099_Wat,475.2336051
7,Sample_S19S_0099_Wat,476.0833408
26,Sample_S19S_0099_Wat,476.1198125
34,Sample_S19S_0099_Wat,477.0674882
2,Sample_S19S_0099_Wat,477.0805777
15,Sample_S19S_0099_Wat,477.1037802
18,Sample_S19S_0099_Wat,477.1168599
5,Sample_S19S_0099_Wat,477.1401075
9,Sample_S19S_0099_Wat,477.1531747
17,Sample_S19S_0099_Wat,477.1765167
6,Sample_S19S_0099_Wat,477.1895617
42,Sample_S19S_0099_Wat,477.2130039
12,Sample_S19S_0099_Wat,477.2493418
59,Sample_S19S_0099_Wat,478.0991507
1,Sample_S19S_0099_Wat,479.0466033
14,Sample_S19S_0099_Wat,479.0830028
33,Sample_S19S_0099_Wat,479.1194663
67,Sample_S19S_0099_Wat,479.1559168
9,Sample_S19S_0099_Wat,479.1689644
2,Sample_S19S_0099_Wat,479.1843315
52,Sample_S19S_0099_Wat,479.1923063
15,Sample_S19S_0099_Wat,479.2286027
3,Sample_S19S_0099_Wat,479.3200211
9,Sample_S19S_0099_Wat,480.151082
11,Sample_S19S_0099_Wat,481.0623379
47,Sample_S19S_0099_Wat,481.0987747
66,Sample_S19S_0099_Wat,481.1351677
47,Sample_S19S_0099_Wat,481.1715313
19,Sample_S19S_0099_Wat,481.199847
17,Sample_S19S_0099_Wat,481.2078283
5,Sample_S19S_0099_Wat,482.1302914
27,Sample_S19S_0099_Wat,483.0780208
4,Sample_S19S_0099_Wat,483.1064043
44,Sample_S19S_0099_Wat,483.1144642
32,Sample_S19S_0099_Wat,483.1508531
13,Sample_S19S_0099_Wat,483.1791639
29,Sample_S19S_0099_Wat,483.1871699
18,Sample_S19S_0099_Wat,483.2154832
1,Sample_S19S_0099_Wat,483.2517613
11,Sample_S19S_0099_Wat,484.1459881
11,Sample_S19S_0099_Wat,485.0855526
22,Sample_S19S_0099_Wat,485.0936172
34,Sample_S19S_0099_Wat,485.1089501
16,Sample_S19S_0099_Wat,485.1220307
43,Sample_S19S_0099_Wat,485.1300644
22,Sample_S19S_0099_Wat,485.1453846
14,Sample_S19S_0099_Wat,485.1584131
35,Sample_S19S_0099_Wat,485.1664901
41,Sample_S19S_0099_Wat,485.181737
13,Sample_S19S_0099_Wat,485.1948096
9,Sample_S19S_0099_Wat,485.2179932
3,Sample_S19S_0099_Wat,485.2310607
11,Sample_S19S_0099_Wat,487.051792
16,Sample_S19S_0099_Wat,487.072871
7,Sample_S19S_0099_Wat,487.088118
12,Sample_S19S_0099_Wat,487.1011949
7,Sample_S19S_0099_Wat,487.1092152
7,Sample_S19S_0099_Wat,487.1244947
15,Sample_S19S_0099_Wat,487.1375846
10,Sample_S19S_0099_Wat,487.1456408
51,Sample_S19S_0099_Wat,487.1609704
18,Sample_S19S_0099_Wat,487.1740711
29,Sample_S19S_0099_Wat,487.18211
28,Sample_S19S_0099_Wat,487.1974177
2,Sample_S19S_0099_Wat,487.2104698
7,Sample_S19S_0099_Wat,487.2468303
27,Sample_S19S_0099_Wat,488.0834359
34,Sample_S19S_0099_Wat,489.067487
27,Sample_S19S_0099_Wat,489.1039118
26,Sample_S19S_0099_Wat,489.1402055
18,Sample_S19S_0099_Wat,489.1532671
8,Sample_S19S_0099_Wat,489.1765226
8,Sample_S19S_0099_Wat,489.1895365
6,Sample_S19S_0099_Wat,489.2128864
5,Sample_S19S_0099_Wat,489.2259164
4,Sample_S19S_0099_Wat,491.0466906
15,Sample_S19S_0099_Wat,491.0830123
5,Sample_S19S_0099_Wat,491.1193786
11,Sample_S19S_0099_Wat,491.1325378
22,Sample_S19S_0099_Wat,491.1558203
52,Sample_S19S_0099_Wat,491.1922945
6,Sample_S19S_0099_Wat,491.2287423
36,Sample_S19S_0099_Wat,492.1147512
7,Sample_S19S_0099_Wat,493.0622921
20,Sample_S19S_0099_Wat,493.098712
69,Sample_S19S_0099_Wat,493.1351653
51,Sample_S19S_0099_Wat,493.1715856
12,Sample_S19S_0099_Wat,493.2442171
29,Sample_S19S_0099_Wat,495.0780179
41,Sample_S19S_0099_Wat,495.1144449
7,Sample_S19S_0099_Wat,495.1427989
52,Sample_S19S_0099_Wat,495.1507984
18,Sample_S19S_0099_Wat,495.1791573
10,Sample_S19S_0099_Wat,495.2154488
1,Sample_S19S_0099_Wat,495.2517612
1,Sample_S19S_0099_Wat,496.1905351
13,Sample_S19S_0099_Wat,497.0572968
10,Sample_S19S_0099_Wat,497.0937782
7,Sample_S19S_0099_Wat,497.1301476
26,Sample_S19S_0099_Wat,497.1947705
4,Sample_S19S_0099_Wat,497.2310629
1,Sample_S19S_0099_Wat,497.2673797
12,Sample_S19S_0099_Wat,498.1253978
37,Sample_S19S_0099_Wat,498.1617513
2,Sample_S19S_0099_Wat,498.1698072
14,Sample_S19S_0099_Wat,499.0728848
10,Sample_S19S_0099_Wat,499.1012958
33,Sample_S19S_0099_Wat,499.1093112
8,Sample_S19S_0099_Wat,499.1377212
43,Sample_S19S_0099_Wat,499.1457371
11,Sample_S19S_0099_Wat,499.1610424
16,Sample_S19S_0099_Wat,499.1740741
32,Sample_S19S_0099_Wat,499.1973555
26,Sample_S19S_0099_Wat,499.2104255
9,Sample_S19S_0099_Wat,501.0885018
5,Sample_S19S_0099_Wat,501.1037301
11,Sample_S19S_0099_Wat,501.116864
5,Sample_S19S_0099_Wat,501.1248479
16,Sample_S19S_0099_Wat,501.1401768
28,Sample_S19S_0099_Wat,501.1532967
46,Sample_S19S_0099_Wat,501.1766253
28,Sample_S19S_0099_Wat,501.1896846
27,Sample_S19S_0099_Wat,501.2130646
1,Sample_S19S_0099_Wat,503.0832459
15,Sample_S19S_0099_Wat,503.1042984
45,Sample_S19S_0099_Wat,503.1195309
5,Sample_S19S_0099_Wat,503.1326318
20,Sample_S19S_0099_Wat,503.1558462
15,Sample_S19S_0099_Wat,503.1921795
4,Sample_S19S_0099_Wat,503.2051842
15,Sample_S19S_0099_Wat,503.2285615
7,Sample_S19S_0099_Wat,503.2649518
12,Sample_S19S_0099_Wat,505.098662
6,Sample_S19S_0099_Wat,505.1118569
15,Sample_S19S_0099_Wat,505.1350781
4,Sample_S19S_0099_Wat,505.1482794
60,Sample_S19S_0099_Wat,505.1715425
12,Sample_S19S_0099_Wat,505.1846129
27,Sample_S19S_0099_Wat,505.2079802
29,Sample_S19S_0099_Wat,505.2443315
5,Sample_S19S_0099_Wat,506.1303153
6,Sample_S19S_0099_Wat,506.1666811
25,Sample_S19S_0099_Wat,507.0780238
39,Sample_S19S_0099_Wat,507.1144464
57,Sample_S19S_0099_Wat,507.1508255
7,Sample_S19S_0099_Wat,507.2154676
7,Sample_S19S_0099_Wat,509.0573918
30,Sample_S19S_0099_Wat,509.0937287
38,Sample_S19S_0099_Wat,509.1300451
10,Sample_S19S_0099_Wat,509.1583575
13,Sample_S19S_0099_Wat,509.1947371
11,Sample_S19S_0099_Wat,509.2311267
5,Sample_S19S_0099_Wat,509.2391011
1,Sample_S19S_0099_Wat,509.2967909
28,Sample_S19S_0099_Wat,511.0729714
23,Sample_S19S_0099_Wat,511.1092846
3,Sample_S19S_0099_Wat,511.1375472
8,Sample_S19S_0099_Wat,511.1739404
15,Sample_S19S_0099_Wat,511.2103696
8,Sample_S19S_0099_Wat,511.2183807
14,Sample_S19S_0099_Wat,511.2467945
3,Sample_S19S_0099_Wat,511.2832088
19,Sample_S19S_0099_Wat,513.0885835
15,Sample_S19S_0099_Wat,513.1169162
13,Sample_S19S_0099_Wat,513.1248843
5,Sample_S19S_0099_Wat,513.1531789
5,Sample_S19S_0099_Wat,513.1612236
1,Sample_S19S_0099_Wat,513.1764786
9,Sample_S19S_0099_Wat,513.1895585
4,Sample_S19S_0099_Wat,513.2623964
24,Sample_S19S_0099_Wat,515.083157
22,Sample_S19S_0099_Wat,515.1042917
35,Sample_S19S_0099_Wat,515.1194964
4,Sample_S19S_0099_Wat,515.1326297
21,Sample_S19S_0099_Wat,515.1405768
10,Sample_S19S_0099_Wat,515.155816
10,Sample_S19S_0099_Wat,515.1688778
7,Sample_S19S_0099_Wat,515.1768835
6,Sample_S19S_0099_Wat,515.1921599
9,Sample_S19S_0099_Wat,515.2052029
2,Sample_S19S_0099_Wat,515.2416147
7,Sample_S19S_0099_Wat,517.098859
6,Sample_S19S_0099_Wat,517.1352552
8,Sample_S19S_0099_Wat,517.171616
12,Sample_S19S_0099_Wat,517.1846401
41,Sample_S19S_0099_Wat,517.2079237
6,Sample_S19S_0099_Wat,519.0779454
9,Sample_S19S_0099_Wat,519.1143103
25,Sample_S19S_0099_Wat,519.1507584
4,Sample_S19S_0099_Wat,519.1639413
52,Sample_S19S_0099_Wat,519.1872205
13,Sample_S19S_0099_Wat,519.2236508
13,Sample_S19S_0099_Wat,519.2600027
22,Sample_S19S_0099_Wat,521.0937324
41,Sample_S19S_0099_Wat,521.1301011
23,Sample_S19S_0099_Wat,521.1663968
8,Sample_S19S_0099_Wat,521.2027235
3,Sample_S19S_0099_Wat,521.2390738
4,Sample_S19S_0099_Wat,523.0728235
4,Sample_S19S_0099_Wat,523.1091901
13,Sample_S19S_0099_Wat,523.1456062
14,Sample_S19S_0099_Wat,523.1739853
23,Sample_S19S_0099_Wat,523.1820717
18,Sample_S19S_0099_Wat,525.0885729
27,Sample_S19S_0099_Wat,525.1250197
36,Sample_S19S_0099_Wat,525.1614051
9,Sample_S19S_0099_Wat,525.2340332
4,Sample_S19S_0099_Wat,527.1043114
36,Sample_S19S_0099_Wat,527.1406475
18,Sample_S19S_0099_Wat,527.1689685
28,Sample_S19S_0099_Wat,527.1769645
19,Sample_S19S_0099_Wat,527.2052882
6,Sample_S19S_0099_Wat,527.2132606
4,Sample_S19S_0099_Wat,527.2415754
5,Sample_S19S_0099_Wat,529.0988481
17,Sample_S19S_0099_Wat,529.119899
30,Sample_S19S_0099_Wat,529.1351825
17,Sample_S19S_0099_Wat,529.1562352
21,Sample_S19S_0099_Wat,529.184567
9,Sample_S19S_0099_Wat,529.2078283
1,Sample_S19S_0099_Wat,531.0781475
11,Sample_S19S_0099_Wat,531.1144803
26,Sample_S19S_0099_Wat,531.1507766
19,Sample_S19S_0099_Wat,531.2234777
12,Sample_S19S_0099_Wat,533.0937827
23,Sample_S19S_0099_Wat,533.1301236
50,Sample_S19S_0099_Wat,533.166456
12,Sample_S19S_0099_Wat,533.2027587
4,Sample_S19S_0099_Wat,533.2390944
8,Sample_S19S_0099_Wat,535.1094222
8,Sample_S19S_0099_Wat,535.1458132
16,Sample_S19S_0099_Wat,535.1821751
12,Sample_S19S_0099_Wat,535.2547783
11,Sample_S19S_0099_Wat,537.0884904
27,Sample_S19S_0099_Wat,537.1249315
41,Sample_S19S_0099_Wat,537.161382
17,Sample_S19S_0099_Wat,537.1978101
9,Sample_S19S_0099_Wat,537.2342192
10,Sample_S19S_0099_Wat,539.0679143
16,Sample_S19S_0099_Wat,539.1042196
22,Sample_S19S_0099_Wat,539.1405618
6,Sample_S19S_0099_Wat,539.1768779
3,Sample_S19S_0099_Wat,539.2051955
1,Sample_S19S_0099_Wat,539.2132409
18,Sample_S19S_0099_Wat,541.0834882
21,Sample_S19S_0099_Wat,541.1199147
10,Sample_S19S_0099_Wat,541.1563515
3,Sample_S19S_0099_Wat,541.1927684
16,Sample_S19S_0099_Wat,543.1355017
10,Sample_S19S_0099_Wat,543.1718262
7,Sample_S19S_0099_Wat,543.2001267
5,Sample_S19S_0099_Wat,543.236535
28,Sample_S19S_0099_Wat,545.1664409
3,Sample_S19S_0099_Wat,545.1795929
28,Sample_S19S_0099_Wat,545.2028931
4,Sample_S19S_0099_Wat,545.2393178
9,Sample_S19S_0099_Wat,547.0729547
7,Sample_S19S_0099_Wat,547.109415
2,Sample_S19S_0099_Wat,547.1822164
14,Sample_S19S_0099_Wat,547.2185618
21,Sample_S19S_0099_Wat,547.2548518
9,Sample_S19S_0099_Wat,549.1250923
12,Sample_S19S_0099_Wat,549.1614413
35,Sample_S19S_0099_Wat,549.1977663
12,Sample_S19S_0099_Wat,549.2340464
12,Sample_S19S_0099_Wat,551.10435
24,Sample_S19S_0099_Wat,551.140683
22,Sample_S19S_0099_Wat,551.1769906
16,Sample_S19S_0099_Wat,551.2133063
2,Sample_S19S_0099_Wat,553.0836572
42,Sample_S19S_0099_Wat,553.1562956
16,Sample_S19S_0099_Wat,553.1925971
1,Sample_S19S_0099_Wat,553.2288832
2,Sample_S19S_0099_Wat,555.0993123
4,Sample_S19S_0099_Wat,555.1356619
11,Sample_S19S_0099_Wat,555.1720029
1,Sample_S19S_0099_Wat,555.2728474
8,Sample_S19S_0099_Wat,557.1149049
10,Sample_S19S_0099_Wat,557.2522397
2,Sample_S19S_0099_Wat,561.1248442
1,Sample_S19S_0099_Wat,561.1611805
1,Sample_S19S_0099_Wat,561.1975534
4,Sample_S19S_0099_Wat,563.1043787
5,Sample_S19S_0099_Wat,563.140767
4,Sample_S19S_0099_Wat,563.1771352
21,Sample_S19S_0099_Wat,563.2134586
18,Sample_S19S_0099_Wat,563.2497644
16,Sample_S19S_0099_Wat,565.2290122
7,Sample_S19S_0099_Wat,567.0992538
4,Sample_S19S_0099_Wat,567.1356587
12,Sample_S19S_0099_Wat,567.2083955
15,Sample_S19S_0099_Wat,567.2446704
5,Sample_S19S_0099_Wat,569.1510794
3,Sample_S19S_0099_Wat,573.1615077
3,Sample_S19S_0099_Wat,573.1978706
21,Sample_S19S_0099_Wat,575.1770756
28,Sample_S19S_0099_Wat,575.213398
34,Sample_S19S_0099_Wat,577.1563035
19,Sample_S19S_0099_Wat,577.1926143
21,Sample_S19S_0099_Wat,579.1355972
29,Sample_S19S_0099_Wat,579.1719274
16,Sample_S19S_0099_Wat,579.2082488
14,Sample_S19S_0099_Wat,581.2238624
3,Sample_S19S_0099_Wat,583.1306046
1,Sample_S19S_0099_Wat,591.135742
6,Sample_S19S_0099_Wat,591.1720289
11,Sample_S19S_0099_Wat,591.2083514
12,Sample_S19S_0099_Wat,591.2446301
22,Sample_S19S_0099_Wat,593.1875846
14,Sample_S19S_0099_Wat,593.2240288
