num.trans.involved.in,sample,peak
31,Sample_S19S_0074_Wat,201.0768122
25,Sample_S19S_0074_Wat,201.1131969
13,Sample_S19S_0074_Wat,203.0924536
29,Sample_S19S_0074_Wat,205.0142188
28,Sample_S19S_0074_Wat,205.0505947
17,Sample_S19S_0074_Wat,205.086978
7,Sample_S19S_0074_Wat,205.1597578
41,Sample_S19S_0074_Wat,207.0298709
40,Sample_S19S_0074_Wat,207.066249
29,Sample_S19S_0074_Wat,207.1026321
17,Sample_S19S_0074_Wat,209.0091207
39,Sample_S19S_0074_Wat,209.0455114
38,Sample_S19S_0074_Wat,209.0818981
53,Sample_S19S_0074_Wat,211.0247874
55,Sample_S19S_0074_Wat,211.0611736
35,Sample_S19S_0074_Wat,211.097555
6,Sample_S19S_0074_Wat,212.0200182
17,Sample_S19S_0074_Wat,212.0564229
1,Sample_S19S_0074_Wat,213.0152775
33,Sample_S19S_0074_Wat,213.0404285
45,Sample_S19S_0074_Wat,213.0768216
26,Sample_S19S_0074_Wat,213.1132092
17,Sample_S19S_0074_Wat,214.0720739
37,Sample_S19S_0074_Wat,215.0560786
37,Sample_S19S_0074_Wat,215.0924726
22,Sample_S19S_0074_Wat,215.1288446
42,Sample_S19S_0074_Wat,217.0717431
31,Sample_S19S_0074_Wat,217.1081169
44,Sample_S19S_0074_Wat,219.0298823
19,Sample_S19S_0074_Wat,219.0662407
24,Sample_S19S_0074_Wat,221.0091259
43,Sample_S19S_0074_Wat,221.0455191
25,Sample_S19S_0074_Wat,221.0818912
4,Sample_S19S_0074_Wat,222.0407486
11,Sample_S19S_0074_Wat,222.0771399
54,Sample_S19S_0074_Wat,223.0247931
22,Sample_S19S_0074_Wat,223.0611523
44,Sample_S19S_0074_Wat,223.0975605
26,Sample_S19S_0074_Wat,224.0564233
14,Sample_S19S_0074_Wat,225.0040321
80,Sample_S19S_0074_Wat,225.0404494
56,Sample_S19S_0074_Wat,225.0768195
20,Sample_S19S_0074_Wat,225.1131873
32,Sample_S19S_0074_Wat,226.072077
24,Sample_S19S_0074_Wat,227.0196895
39,Sample_S19S_0074_Wat,227.056079
47,Sample_S19S_0074_Wat,227.092466
28,Sample_S19S_0074_Wat,227.1288722
42,Sample_S19S_0074_Wat,229.0353497
48,Sample_S19S_0074_Wat,229.0717413
34,Sample_S19S_0074_Wat,229.1081151
21,Sample_S19S_0074_Wat,229.14452
36,Sample_S19S_0074_Wat,231.0298777
43,Sample_S19S_0074_Wat,231.051012
27,Sample_S19S_0074_Wat,231.0662593
45,Sample_S19S_0074_Wat,231.0873835
17,Sample_S19S_0074_Wat,231.1237543
45,Sample_S19S_0074_Wat,233.0455307
40,Sample_S19S_0074_Wat,233.0819208
25,Sample_S19S_0074_Wat,233.1182842
11,Sample_S19S_0074_Wat,233.1546845
48,Sample_S19S_0074_Wat,235.0247912
61,Sample_S19S_0074_Wat,235.0611873
40,Sample_S19S_0074_Wat,235.0975749
40,Sample_S19S_0074_Wat,236.0564412
57,Sample_S19S_0074_Wat,237.0404421
68,Sample_S19S_0074_Wat,237.0768351
41,Sample_S19S_0074_Wat,237.1132227
12,Sample_S19S_0074_Wat,238.0356696
23,Sample_S19S_0074_Wat,238.0720655
71,Sample_S19S_0074_Wat,239.0197221
93,Sample_S19S_0074_Wat,239.0561117
9,Sample_S19S_0074_Wat,239.0673352
91,Sample_S19S_0074_Wat,239.092497
44,Sample_S19S_0074_Wat,239.1288753
30,Sample_S19S_0074_Wat,240.0513448
36,Sample_S19S_0074_Wat,240.0877319
79,Sample_S19S_0074_Wat,241.03537
55,Sample_S19S_0074_Wat,241.0717422
38,Sample_S19S_0074_Wat,241.1081087
48,Sample_S19S_0074_Wat,242.0670034
15,Sample_S19S_0074_Wat,242.139775
4,Sample_S19S_0074_Wat,242.1761465
78,Sample_S19S_0074_Wat,243.0510224
46,Sample_S19S_0074_Wat,243.0873816
24,Sample_S19S_0074_Wat,243.1237626
42,Sample_S19S_0074_Wat,245.0302737
72,Sample_S19S_0074_Wat,245.0455587
6,Sample_S19S_0074_Wat,245.0489119
80,Sample_S19S_0074_Wat,245.0666847
49,Sample_S19S_0074_Wat,245.0819342
64,Sample_S19S_0074_Wat,245.1030642
23,Sample_S19S_0074_Wat,245.1394342
47,Sample_S19S_0074_Wat,247.024801
69,Sample_S19S_0074_Wat,247.0612011
72,Sample_S19S_0074_Wat,247.0975945
39,Sample_S19S_0074_Wat,248.0564361
45,Sample_S19S_0074_Wat,249.0040636
79,Sample_S19S_0074_Wat,249.0404675
88,Sample_S19S_0074_Wat,249.0768527
38,Sample_S19S_0074_Wat,249.1132224
48,Sample_S19S_0074_Wat,250.07209
77,Sample_S19S_0074_Wat,251.0197332
76,Sample_S19S_0074_Wat,251.0560986
111,Sample_S19S_0074_Wat,251.0925063
49,Sample_S19S_0074_Wat,251.1289035
40,Sample_S19S_0074_Wat,252.0513612
40,Sample_S19S_0074_Wat,252.0877348
50,Sample_S19S_0074_Wat,252.9989785
98,Sample_S19S_0074_Wat,253.0353983
117,Sample_S19S_0074_Wat,253.0717756
43,Sample_S19S_0074_Wat,253.1081345
44,Sample_S19S_0074_Wat,253.1445337
32,Sample_S19S_0074_Wat,254.0670222
56,Sample_S19S_0074_Wat,255.0146298
101,Sample_S19S_0074_Wat,255.0510433
110,Sample_S19S_0074_Wat,255.0874163
43,Sample_S19S_0074_Wat,255.1237776
39,Sample_S19S_0074_Wat,256.0826837
77,Sample_S19S_0074_Wat,257.030304
97,Sample_S19S_0074_Wat,257.0666765
65,Sample_S19S_0074_Wat,257.1030521
46,Sample_S19S_0074_Wat,257.1394516
35,Sample_S19S_0074_Wat,258.0983343
50,Sample_S19S_0074_Wat,259.0248281
82,Sample_S19S_0074_Wat,259.0459547
62,Sample_S19S_0074_Wat,259.0612028
84,Sample_S19S_0074_Wat,259.0823405
57,Sample_S19S_0074_Wat,259.0975861
61,Sample_S19S_0074_Wat,259.1187072
42,Sample_S19S_0074_Wat,261.0040785
62,Sample_S19S_0074_Wat,261.040468
66,Sample_S19S_0074_Wat,261.061588
90,Sample_S19S_0074_Wat,261.0768598
49,Sample_S19S_0074_Wat,261.0980071
62,Sample_S19S_0074_Wat,261.1132477
30,Sample_S19S_0074_Wat,262.0357323
49,Sample_S19S_0074_Wat,263.019721
87,Sample_S19S_0074_Wat,263.0561329
50,Sample_S19S_0074_Wat,263.0924815
5,Sample_S19S_0074_Wat,263.0958535
46,Sample_S19S_0074_Wat,263.128908
43,Sample_S19S_0074_Wat,264.0513612
38,Sample_S19S_0074_Wat,264.087752
85,Sample_S19S_0074_Wat,265.0353938
88,Sample_S19S_0074_Wat,265.0717855
97,Sample_S19S_0074_Wat,265.1081545
33,Sample_S19S_0074_Wat,265.1445692
1,Sample_S19S_0074_Wat,265.1479151
39,Sample_S19S_0074_Wat,266.0306266
55,Sample_S19S_0074_Wat,266.0670361
34,Sample_S19S_0074_Wat,266.1034196
77,Sample_S19S_0074_Wat,267.0146829
113,Sample_S19S_0074_Wat,267.0510336
103,Sample_S19S_0074_Wat,267.0874299
90,Sample_S19S_0074_Wat,267.123805
35,Sample_S19S_0074_Wat,267.1601848
53,Sample_S19S_0074_Wat,268.0462977
53,Sample_S19S_0074_Wat,268.08266
76,Sample_S19S_0074_Wat,269.0303205
116,Sample_S19S_0074_Wat,269.0666802
101,Sample_S19S_0074_Wat,269.1030627
50,Sample_S19S_0074_Wat,269.1394657
50,Sample_S19S_0074_Wat,270.0619439
48,Sample_S19S_0074_Wat,270.0983057
78,Sample_S19S_0074_Wat,271.0459737
24,Sample_S19S_0074_Wat,271.061176
97,Sample_S19S_0074_Wat,271.0823212
32,Sample_S19S_0074_Wat,271.0976146
80,Sample_S19S_0074_Wat,271.118718
40,Sample_S19S_0074_Wat,272.0775888
63,Sample_S19S_0074_Wat,273.0252099
57,Sample_S19S_0074_Wat,273.040478
76,Sample_S19S_0074_Wat,273.061591
75,Sample_S19S_0074_Wat,273.0768603
74,Sample_S19S_0074_Wat,273.0979879
56,Sample_S19S_0074_Wat,273.1132445
33,Sample_S19S_0074_Wat,273.1343844
33,Sample_S19S_0074_Wat,274.0357454
28,Sample_S19S_0074_Wat,274.0932637
64,Sample_S19S_0074_Wat,275.0197425
72,Sample_S19S_0074_Wat,275.0561155
76,Sample_S19S_0074_Wat,275.0772487
83,Sample_S19S_0074_Wat,275.0925149
66,Sample_S19S_0074_Wat,275.1136274
53,Sample_S19S_0074_Wat,275.1288873
23,Sample_S19S_0074_Wat,276.0150051
36,Sample_S19S_0074_Wat,276.0513913
19,Sample_S19S_0074_Wat,276.0877174
90,Sample_S19S_0074_Wat,277.0354157
92,Sample_S19S_0074_Wat,277.0717892
89,Sample_S19S_0074_Wat,277.1081544
53,Sample_S19S_0074_Wat,277.1445377
33,Sample_S19S_0074_Wat,278.0306345
49,Sample_S19S_0074_Wat,278.0670289
36,Sample_S19S_0074_Wat,278.1034322
48,Sample_S19S_0074_Wat,279.0146331
93,Sample_S19S_0074_Wat,279.0510516
16,Sample_S19S_0074_Wat,279.0622836
64,Sample_S19S_0074_Wat,279.0874539
65,Sample_S19S_0074_Wat,279.1238221
48,Sample_S19S_0074_Wat,280.0463018
57,Sample_S19S_0074_Wat,280.0826921
86,Sample_S19S_0074_Wat,281.0303339
115,Sample_S19S_0074_Wat,281.0666829
21,Sample_S19S_0074_Wat,281.0779309
68,Sample_S19S_0074_Wat,281.1030502
72,Sample_S19S_0074_Wat,281.1394597
38,Sample_S19S_0074_Wat,282.0983548
69,Sample_S19S_0074_Wat,283.0095898
108,Sample_S19S_0074_Wat,283.0459554
81,Sample_S19S_0074_Wat,283.0823169
108,Sample_S19S_0074_Wat,283.118715
36,Sample_S19S_0074_Wat,283.1551309
39,Sample_S19S_0074_Wat,284.0412345
52,Sample_S19S_0074_Wat,284.0776208
42,Sample_S19S_0074_Wat,284.1139788
70,Sample_S19S_0074_Wat,285.025228
47,Sample_S19S_0074_Wat,285.0404866
77,Sample_S19S_0074_Wat,285.0616357
49,Sample_S19S_0074_Wat,285.0768513
39,Sample_S19S_0074_Wat,285.0980306
53,Sample_S19S_0074_Wat,285.1343948
36,Sample_S19S_0074_Wat,286.0568589
44,Sample_S19S_0074_Wat,286.0932539
55,Sample_S19S_0074_Wat,287.0197477
63,Sample_S19S_0074_Wat,287.0408776
60,Sample_S19S_0074_Wat,287.0561351
84,Sample_S19S_0074_Wat,287.0772537
63,Sample_S19S_0074_Wat,287.0925228
9,Sample_S19S_0074_Wat,287.0958808
82,Sample_S19S_0074_Wat,287.1136282
45,Sample_S19S_0074_Wat,287.1289021
48,Sample_S19S_0074_Wat,287.150015
35,Sample_S19S_0074_Wat,288.0513962
73,Sample_S19S_0074_Wat,289.0354029
66,Sample_S19S_0074_Wat,289.0565242
92,Sample_S19S_0074_Wat,289.0717704
67,Sample_S19S_0074_Wat,289.0929075
65,Sample_S19S_0074_Wat,289.1081489
59,Sample_S19S_0074_Wat,289.1292776
52,Sample_S19S_0074_Wat,289.1445478
19,Sample_S19S_0074_Wat,290.0669883
64,Sample_S19S_0074_Wat,291.0146759
89,Sample_S19S_0074_Wat,291.0510416
83,Sample_S19S_0074_Wat,291.0874132
14,Sample_S19S_0074_Wat,291.0986884
66,Sample_S19S_0074_Wat,291.1237966
46,Sample_S19S_0074_Wat,291.1601932
21,Sample_S19S_0074_Wat,292.0098809
35,Sample_S19S_0074_Wat,292.0462633
39,Sample_S19S_0074_Wat,292.1190716
92,Sample_S19S_0074_Wat,293.0303357
92,Sample_S19S_0074_Wat,293.0667099
18,Sample_S19S_0074_Wat,293.0779374
107,Sample_S19S_0074_Wat,293.1030793
16,Sample_S19S_0074_Wat,293.1143295
79,Sample_S19S_0074_Wat,293.1394564
13,Sample_S19S_0074_Wat,293.1757942
1,Sample_S19S_0074_Wat,293.179192
11,Sample_S19S_0074_Wat,294.0255165
47,Sample_S19S_0074_Wat,294.0619153
51,Sample_S19S_0074_Wat,294.098304
39,Sample_S19S_0074_Wat,294.1347046
54,Sample_S19S_0074_Wat,295.0095496
91,Sample_S19S_0074_Wat,295.0459444
120,Sample_S19S_0074_Wat,295.0823376
5,Sample_S19S_0074_Wat,295.093638
116,Sample_S19S_0074_Wat,295.1187213
55,Sample_S19S_0074_Wat,295.1550986
36,Sample_S19S_0074_Wat,296.0411763
54,Sample_S19S_0074_Wat,296.0775656
40,Sample_S19S_0074_Wat,296.1139469
81,Sample_S19S_0074_Wat,297.025237
96,Sample_S19S_0074_Wat,297.0616262
16,Sample_S19S_0074_Wat,297.0728378
67,Sample_S19S_0074_Wat,297.0980154
40,Sample_S19S_0074_Wat,297.1344063
1,Sample_S19S_0074_Wat,297.1529844
18,Sample_S19S_0074_Wat,297.1707937
56,Sample_S19S_0074_Wat,298.0568737
48,Sample_S19S_0074_Wat,298.0932671
35,Sample_S19S_0074_Wat,298.1296449
75,Sample_S19S_0074_Wat,299.0408894
54,Sample_S19S_0074_Wat,299.05613
97,Sample_S19S_0074_Wat,299.0772616
47,Sample_S19S_0074_Wat,299.0924991
81,Sample_S19S_0074_Wat,299.1136455
66,Sample_S19S_0074_Wat,299.1500243
50,Sample_S19S_0074_Wat,300.0725
40,Sample_S19S_0074_Wat,300.1089049
58,Sample_S19S_0074_Wat,301.0201601
59,Sample_S19S_0074_Wat,301.0353903
71,Sample_S19S_0074_Wat,301.0565488
49,Sample_S19S_0074_Wat,301.071792
61,Sample_S19S_0074_Wat,301.092932
34,Sample_S19S_0074_Wat,301.1081829
48,Sample_S19S_0074_Wat,301.129318
33,Sample_S19S_0074_Wat,301.1656955
26,Sample_S19S_0074_Wat,302.0881947
57,Sample_S19S_0074_Wat,303.0146906
50,Sample_S19S_0074_Wat,303.0357821
71,Sample_S19S_0074_Wat,303.0510433
75,Sample_S19S_0074_Wat,303.0721573
70,Sample_S19S_0074_Wat,303.0874395
14,Sample_S19S_0074_Wat,303.0907893
82,Sample_S19S_0074_Wat,303.1085414
58,Sample_S19S_0074_Wat,303.1238249
51,Sample_S19S_0074_Wat,303.1449308
33,Sample_S19S_0074_Wat,303.1602155
38,Sample_S19S_0074_Wat,304.0462877
23,Sample_S19S_0074_Wat,304.1038383
83,Sample_S19S_0074_Wat,305.0303157
98,Sample_S19S_0074_Wat,305.0666877
5,Sample_S19S_0074_Wat,305.0779953
87,Sample_S19S_0074_Wat,305.1030852
63,Sample_S19S_0074_Wat,305.1394662
56,Sample_S19S_0074_Wat,306.0983427
50,Sample_S19S_0074_Wat,307.0095853
103,Sample_S19S_0074_Wat,307.0459779
70,Sample_S19S_0074_Wat,307.0823737
17,Sample_S19S_0074_Wat,307.0936059
48,Sample_S19S_0074_Wat,307.1187572
37,Sample_S19S_0074_Wat,307.1551342
55,Sample_S19S_0074_Wat,308.0412303
59,Sample_S19S_0074_Wat,308.0775973
51,Sample_S19S_0074_Wat,308.1139545
87,Sample_S19S_0074_Wat,309.0252469
118,Sample_S19S_0074_Wat,309.0616036
17,Sample_S19S_0074_Wat,309.0728691
109,Sample_S19S_0074_Wat,309.0979773
91,Sample_S19S_0074_Wat,309.1343649
41,Sample_S19S_0074_Wat,309.1707647
2,Sample_S19S_0074_Wat,309.1741269
51,Sample_S19S_0074_Wat,310.0568411
56,Sample_S19S_0074_Wat,310.0932206
47,Sample_S19S_0074_Wat,310.1296176
61,Sample_S19S_0074_Wat,311.0045073
89,Sample_S19S_0074_Wat,311.0408991
101,Sample_S19S_0074_Wat,311.0772659
21,Sample_S19S_0074_Wat,311.0885065
10,Sample_S19S_0074_Wat,311.105537
129,Sample_S19S_0074_Wat,311.1136352
73,Sample_S19S_0074_Wat,311.1500195
39,Sample_S19S_0074_Wat,312.0361043
59,Sample_S19S_0074_Wat,312.0725103
57,Sample_S19S_0074_Wat,313.0201379
82,Sample_S19S_0074_Wat,313.0565398
34,Sample_S19S_0074_Wat,313.071764
80,Sample_S19S_0074_Wat,313.0929245
72,Sample_S19S_0074_Wat,313.1293014
49,Sample_S19S_0074_Wat,314.0517902
55,Sample_S19S_0074_Wat,314.0881771
44,Sample_S19S_0074_Wat,314.1245573
44,Sample_S19S_0074_Wat,315.0146824
65,Sample_S19S_0074_Wat,315.035781
68,Sample_S19S_0074_Wat,315.0721791
34,Sample_S19S_0074_Wat,315.0873994
62,Sample_S19S_0074_Wat,315.1085755
61,Sample_S19S_0074_Wat,315.1238052
47,Sample_S19S_0074_Wat,315.1449559
38,Sample_S19S_0074_Wat,315.1602065
47,Sample_S19S_0074_Wat,316.1038062
65,Sample_S19S_0074_Wat,317.0303382
68,Sample_S19S_0074_Wat,317.0514233
77,Sample_S19S_0074_Wat,317.0666936
86,Sample_S19S_0074_Wat,317.0878157
62,Sample_S19S_0074_Wat,317.1030588
45,Sample_S19S_0074_Wat,317.124227
64,Sample_S19S_0074_Wat,317.1394552
31,Sample_S19S_0074_Wat,317.1606071
22,Sample_S19S_0074_Wat,318.0255948
52,Sample_S19S_0074_Wat,318.0619419
15,Sample_S19S_0074_Wat,318.0831173
42,Sample_S19S_0074_Wat,318.0982984
15,Sample_S19S_0074_Wat,318.1194966
46,Sample_S19S_0074_Wat,319.009608
26,Sample_S19S_0074_Wat,319.0460069
36,Sample_S19S_0074_Wat,319.0670953
79,Sample_S19S_0074_Wat,319.0823624
2,Sample_S19S_0074_Wat,319.0936659
34,Sample_S19S_0074_Wat,319.103481
88,Sample_S19S_0074_Wat,319.1187158
55,Sample_S19S_0074_Wat,319.1551015
45,Sample_S19S_0074_Wat,320.0412195
48,Sample_S19S_0074_Wat,320.0776287
20,Sample_S19S_0074_Wat,320.1140206
73,Sample_S19S_0074_Wat,321.0252313
79,Sample_S19S_0074_Wat,321.0616406
8,Sample_S19S_0074_Wat,321.0728956
47,Sample_S19S_0074_Wat,321.0980285
2,Sample_S19S_0074_Wat,321.1093021
69,Sample_S19S_0074_Wat,321.1343949
43,Sample_S19S_0074_Wat,321.1707672
27,Sample_S19S_0074_Wat,322.0204668
56,Sample_S19S_0074_Wat,322.0568903
64,Sample_S19S_0074_Wat,322.0932669
50,Sample_S19S_0074_Wat,323.0044879
83,Sample_S19S_0074_Wat,323.0408542
111,Sample_S19S_0074_Wat,323.0772527
23,Sample_S19S_0074_Wat,323.0884973
61,Sample_S19S_0074_Wat,323.1136726
18,Sample_S19S_0074_Wat,323.1249109
58,Sample_S19S_0074_Wat,323.1500462
31,Sample_S19S_0074_Wat,323.1864241
45,Sample_S19S_0074_Wat,324.0361498
63,Sample_S19S_0074_Wat,324.0725027
57,Sample_S19S_0074_Wat,324.108871
19,Sample_S19S_0074_Wat,325.0201894
94,Sample_S19S_0074_Wat,325.0565425
113,Sample_S19S_0074_Wat,325.0928926
24,Sample_S19S_0074_Wat,325.1041654
82,Sample_S19S_0074_Wat,325.1292996
37,Sample_S19S_0074_Wat,325.1657004
1,Sample_S19S_0074_Wat,325.1842438
43,Sample_S19S_0074_Wat,326.0518083
62,Sample_S19S_0074_Wat,326.0881656
46,Sample_S19S_0074_Wat,326.1245662
72,Sample_S19S_0074_Wat,327.035782
45,Sample_S19S_0074_Wat,327.0510536
80,Sample_S19S_0074_Wat,327.0722018
55,Sample_S19S_0074_Wat,327.0874372
76,Sample_S19S_0074_Wat,327.1085831
66,Sample_S19S_0074_Wat,327.1449492
47,Sample_S19S_0074_Wat,328.067419
56,Sample_S19S_0074_Wat,328.1037984
23,Sample_S19S_0074_Wat,328.140231
51,Sample_S19S_0074_Wat,329.0303285
45,Sample_S19S_0074_Wat,329.0514722
29,Sample_S19S_0074_Wat,329.0667319
16,Sample_S19S_0074_Wat,329.0700573
104,Sample_S19S_0074_Wat,329.0878075
55,Sample_S19S_0074_Wat,329.1030905
13,Sample_S19S_0074_Wat,329.1064332
61,Sample_S19S_0074_Wat,329.1242163
18,Sample_S19S_0074_Wat,329.1394079
1,Sample_S19S_0074_Wat,329.152419
49,Sample_S19S_0074_Wat,329.1605843
25,Sample_S19S_0074_Wat,330.0831155
42,Sample_S19S_0074_Wat,330.1194763
30,Sample_S19S_0074_Wat,331.0095615
47,Sample_S19S_0074_Wat,331.0459941
61,Sample_S19S_0074_Wat,331.0670688
64,Sample_S19S_0074_Wat,331.0823608
16,Sample_S19S_0074_Wat,331.0857029
48,Sample_S19S_0074_Wat,331.1034998
77,Sample_S19S_0074_Wat,331.1187275
23,Sample_S19S_0074_Wat,331.1399002
15,Sample_S19S_0074_Wat,331.155166
39,Sample_S19S_0074_Wat,332.0412408
52,Sample_S19S_0074_Wat,332.0775831
32,Sample_S19S_0074_Wat,332.0987468
30,Sample_S19S_0074_Wat,333.0252702
34,Sample_S19S_0074_Wat,333.0463704
44,Sample_S19S_0074_Wat,333.0616512
40,Sample_S19S_0074_Wat,333.08277
80,Sample_S19S_0074_Wat,333.0980074
13,Sample_S19S_0074_Wat,333.1013488
10,Sample_S19S_0074_Wat,333.1191757
36,Sample_S19S_0074_Wat,333.1344131
27,Sample_S19S_0074_Wat,333.1707943
19,Sample_S19S_0074_Wat,334.0204647
55,Sample_S19S_0074_Wat,334.0568812
42,Sample_S19S_0074_Wat,334.0932769
7,Sample_S19S_0074_Wat,334.1144217
43,Sample_S19S_0074_Wat,335.004499
59,Sample_S19S_0074_Wat,335.0409093
92,Sample_S19S_0074_Wat,335.0772597
57,Sample_S19S_0074_Wat,335.1136067
63,Sample_S19S_0074_Wat,335.150042
34,Sample_S19S_0074_Wat,335.1864245
22,Sample_S19S_0074_Wat,336.0361684
32,Sample_S19S_0074_Wat,336.0725571
58,Sample_S19S_0074_Wat,336.1089144
65,Sample_S19S_0074_Wat,337.0201415
64,Sample_S19S_0074_Wat,337.0564852
109,Sample_S19S_0074_Wat,337.0929176
6,Sample_S19S_0074_Wat,337.1041904
107,Sample_S19S_0074_Wat,337.1292866
57,Sample_S19S_0074_Wat,337.1656867
10,Sample_S19S_0074_Wat,338.0518396
70,Sample_S19S_0074_Wat,338.0881798
44,Sample_S19S_0074_Wat,338.1245766
72,Sample_S19S_0074_Wat,339.0357996
112,Sample_S19S_0074_Wat,339.0721726
6,Sample_S19S_0074_Wat,339.0834699
120,Sample_S19S_0074_Wat,339.1085453
23,Sample_S19S_0074_Wat,339.1198231
36,Sample_S19S_0074_Wat,339.1449816
36,Sample_S19S_0074_Wat,339.1813533
1,Sample_S19S_0074_Wat,339.1999929
39,Sample_S19S_0074_Wat,340.0310651
17,Sample_S19S_0074_Wat,340.0674792
57,Sample_S19S_0074_Wat,340.1038147
52,Sample_S19S_0074_Wat,341.0150623
22,Sample_S19S_0074_Wat,341.0302897
77,Sample_S19S_0074_Wat,341.0514621
33,Sample_S19S_0074_Wat,341.0667303
111,Sample_S19S_0074_Wat,341.0878109
14,Sample_S19S_0074_Wat,341.0990914
26,Sample_S19S_0074_Wat,341.1031062
38,Sample_S19S_0074_Wat,341.12425
46,Sample_S19S_0074_Wat,341.1606173
55,Sample_S19S_0074_Wat,342.0830768
42,Sample_S19S_0074_Wat,342.1194926
20,Sample_S19S_0074_Wat,343.0096148
57,Sample_S19S_0074_Wat,343.0307124
44,Sample_S19S_0074_Wat,343.0459579
56,Sample_S19S_0074_Wat,343.067113
18,Sample_S19S_0074_Wat,343.0823925
16,Sample_S19S_0074_Wat,343.0857039
97,Sample_S19S_0074_Wat,343.1034685
43,Sample_S19S_0074_Wat,343.1187422
16,Sample_S19S_0074_Wat,343.1399075
27,Sample_S19S_0074_Wat,343.1551386
36,Sample_S19S_0074_Wat,343.1762631
24,Sample_S19S_0074_Wat,344.0412523
35,Sample_S19S_0074_Wat,344.0987606
57,Sample_S19S_0074_Wat,345.0252491
52,Sample_S19S_0074_Wat,345.0463327
66,Sample_S19S_0074_Wat,345.0616254
55,Sample_S19S_0074_Wat,345.0827674
64,Sample_S19S_0074_Wat,345.0980089
6,Sample_S19S_0074_Wat,345.1013399
52,Sample_S19S_0074_Wat,345.1191373
20,Sample_S19S_0074_Wat,345.1344288
29,Sample_S19S_0074_Wat,345.1555412
46,Sample_S19S_0074_Wat,345.170772
34,Sample_S19S_0074_Wat,346.0569005
49,Sample_S19S_0074_Wat,346.0932318
35,Sample_S19S_0074_Wat,346.1143644
46,Sample_S19S_0074_Wat,347.0045152
70,Sample_S19S_0074_Wat,347.0408756
34,Sample_S19S_0074_Wat,347.0620279
93,Sample_S19S_0074_Wat,347.0772564
18,Sample_S19S_0074_Wat,347.0903002
61,Sample_S19S_0074_Wat,347.0983726
42,Sample_S19S_0074_Wat,347.1136821
22,Sample_S19S_0074_Wat,347.1348045
73,Sample_S19S_0074_Wat,347.1500262
11,Sample_S19S_0074_Wat,347.1864695
34,Sample_S19S_0074_Wat,348.0361356
29,Sample_S19S_0074_Wat,348.0725611
58,Sample_S19S_0074_Wat,348.1089104
66,Sample_S19S_0074_Wat,349.0201636
23,Sample_S19S_0074_Wat,349.0564693
81,Sample_S19S_0074_Wat,349.0929209
16,Sample_S19S_0074_Wat,349.1059291
85,Sample_S19S_0074_Wat,349.129303
64,Sample_S19S_0074_Wat,349.1656793
12,Sample_S19S_0074_Wat,349.2021049
14,Sample_S19S_0074_Wat,350.0518357
74,Sample_S19S_0074_Wat,350.0881844
20,Sample_S19S_0074_Wat,350.1245924
70,Sample_S19S_0074_Wat,351.0357871
82,Sample_S19S_0074_Wat,351.0721501
51,Sample_S19S_0074_Wat,351.1085115
17,Sample_S19S_0074_Wat,351.121581
48,Sample_S19S_0074_Wat,351.1449775
41,Sample_S19S_0074_Wat,351.1813076
30,Sample_S19S_0074_Wat,352.0310225
26,Sample_S19S_0074_Wat,352.0674721
59,Sample_S19S_0074_Wat,352.1038206
29,Sample_S19S_0074_Wat,352.140233
56,Sample_S19S_0074_Wat,353.0150696
51,Sample_S19S_0074_Wat,353.0514753
113,Sample_S19S_0074_Wat,353.0878166
13,Sample_S19S_0074_Wat,353.0990962
78,Sample_S19S_0074_Wat,353.124233
50,Sample_S19S_0074_Wat,353.1605629
27,Sample_S19S_0074_Wat,353.1970034
1,Sample_S19S_0074_Wat,353.2003494
45,Sample_S19S_0074_Wat,354.0467104
66,Sample_S19S_0074_Wat,354.0830704
55,Sample_S19S_0074_Wat,354.1194893
24,Sample_S19S_0074_Wat,355.0096063
58,Sample_S19S_0074_Wat,355.0306981
34,Sample_S19S_0074_Wat,355.0459559
75,Sample_S19S_0074_Wat,355.0671162
2,Sample_S19S_0074_Wat,355.0784081
5,Sample_S19S_0074_Wat,355.0824171
101,Sample_S19S_0074_Wat,355.1034699
29,Sample_S19S_0074_Wat,355.1147135
23,Sample_S19S_0074_Wat,355.1399086
43,Sample_S19S_0074_Wat,355.1762476
58,Sample_S19S_0074_Wat,356.0623586
27,Sample_S19S_0074_Wat,356.0987693
47,Sample_S19S_0074_Wat,356.1350838
56,Sample_S19S_0074_Wat,357.046323
53,Sample_S19S_0074_Wat,357.061636
90,Sample_S19S_0074_Wat,357.0827228
50,Sample_S19S_0074_Wat,357.0979761
18,Sample_S19S_0074_Wat,357.1110353
98,Sample_S19S_0074_Wat,357.1191097
31,Sample_S19S_0074_Wat,357.134414
68,Sample_S19S_0074_Wat,357.1554992
30,Sample_S19S_0074_Wat,357.191896
46,Sample_S19S_0074_Wat,358.0568909
47,Sample_S19S_0074_Wat,358.077999
18,Sample_S19S_0074_Wat,358.1507103
17,Sample_S19S_0074_Wat,359.0409252
59,Sample_S19S_0074_Wat,359.0619959
58,Sample_S19S_0074_Wat,359.077285
18,Sample_S19S_0074_Wat,359.0806207
33,Sample_S19S_0074_Wat,359.0984239
51,Sample_S19S_0074_Wat,359.1347452
62,Sample_S19S_0074_Wat,359.1500213
35,Sample_S19S_0074_Wat,359.1711775
42,Sample_S19S_0074_Wat,360.0361542
30,Sample_S19S_0074_Wat,360.0572322
29,Sample_S19S_0074_Wat,360.093678
45,Sample_S19S_0074_Wat,360.108919
3,Sample_S19S_0074_Wat,360.1299489
49,Sample_S19S_0074_Wat,361.0201475
57,Sample_S19S_0074_Wat,361.056505
5,Sample_S19S_0074_Wat,361.069538
36,Sample_S19S_0074_Wat,361.077621
76,Sample_S19S_0074_Wat,361.0929312
15,Sample_S19S_0074_Wat,361.0962708
43,Sample_S19S_0074_Wat,361.1140532
101,Sample_S19S_0074_Wat,361.1292859
25,Sample_S19S_0074_Wat,361.1423317
48,Sample_S19S_0074_Wat,361.1504109
42,Sample_S19S_0074_Wat,361.1657046
70,Sample_S19S_0074_Wat,362.0881611
13,Sample_S19S_0074_Wat,362.1093336
7,Sample_S19S_0074_Wat,362.1246138
67,Sample_S19S_0074_Wat,363.0357881
52,Sample_S19S_0074_Wat,363.0722122
94,Sample_S19S_0074_Wat,363.108539
17,Sample_S19S_0074_Wat,363.1215932
38,Sample_S19S_0074_Wat,363.1449786
27,Sample_S19S_0074_Wat,363.1812892
40,Sample_S19S_0074_Wat,364.0310639
57,Sample_S19S_0074_Wat,364.0674047
59,Sample_S19S_0074_Wat,364.1038292
58,Sample_S19S_0074_Wat,364.1401707
57,Sample_S19S_0074_Wat,365.015069
27,Sample_S19S_0074_Wat,365.0513776
95,Sample_S19S_0074_Wat,365.0878382
49,Sample_S19S_0074_Wat,365.1241727
12,Sample_S19S_0074_Wat,365.137244
23,Sample_S19S_0074_Wat,365.1606438
33,Sample_S19S_0074_Wat,365.1969623
72,Sample_S19S_0074_Wat,366.0830912
63,Sample_S19S_0074_Wat,366.1194629
7,Sample_S19S_0074_Wat,366.1558943
61,Sample_S19S_0074_Wat,367.0306865
95,Sample_S19S_0074_Wat,367.0671094
3,Sample_S19S_0074_Wat,367.0784012
113,Sample_S19S_0074_Wat,367.1034613
12,Sample_S19S_0074_Wat,367.1147643
14,Sample_S19S_0074_Wat,367.1399195
50,Sample_S19S_0074_Wat,367.1762158
23,Sample_S19S_0074_Wat,367.2126519
19,Sample_S19S_0074_Wat,368.0623951
80,Sample_S19S_0074_Wat,368.0987097
52,Sample_S19S_0074_Wat,368.1351331
42,Sample_S19S_0074_Wat,368.1714856
15,Sample_S19S_0074_Wat,369.0252119
45,Sample_S19S_0074_Wat,369.0463181
46,Sample_S19S_0074_Wat,369.061629
84,Sample_S19S_0074_Wat,369.0827443
20,Sample_S19S_0074_Wat,369.111039
28,Sample_S19S_0074_Wat,369.1190631
60,Sample_S19S_0074_Wat,369.1555194
11,Sample_S19S_0074_Wat,369.1837969
16,Sample_S19S_0074_Wat,369.1918398
55,Sample_S19S_0074_Wat,370.0779692
37,Sample_S19S_0074_Wat,370.1507341
20,Sample_S19S_0074_Wat,371.0255725
37,Sample_S19S_0074_Wat,371.0408802
69,Sample_S19S_0074_Wat,371.0620102
14,Sample_S19S_0074_Wat,371.0902981
43,Sample_S19S_0074_Wat,371.0983408
45,Sample_S19S_0074_Wat,371.1136558
59,Sample_S19S_0074_Wat,371.1347918
55,Sample_S19S_0074_Wat,371.1500297
46,Sample_S19S_0074_Wat,371.171134
27,Sample_S19S_0074_Wat,372.0361265
53,Sample_S19S_0074_Wat,372.1300076
33,Sample_S19S_0074_Wat,372.1663973
27,Sample_S19S_0074_Wat,373.0201141
44,Sample_S19S_0074_Wat,373.0412407
67,Sample_S19S_0074_Wat,373.0565482
4,Sample_S19S_0074_Wat,373.0599109
33,Sample_S19S_0074_Wat,373.0776886
45,Sample_S19S_0074_Wat,373.09294
22,Sample_S19S_0074_Wat,373.1059583
58,Sample_S19S_0074_Wat,373.1140108
18,Sample_S19S_0074_Wat,373.1504711
16,Sample_S19S_0074_Wat,373.1657318
33,Sample_S19S_0074_Wat,373.1867821
25,Sample_S19S_0074_Wat,375.0358416
68,Sample_S19S_0074_Wat,375.0721973
43,Sample_S19S_0074_Wat,375.0932745
33,Sample_S19S_0074_Wat,375.1297066
83,Sample_S19S_0074_Wat,375.1449442
26,Sample_S19S_0074_Wat,375.1579842
21,Sample_S19S_0074_Wat,375.1660121
32,Sample_S19S_0074_Wat,375.1812892
22,Sample_S19S_0074_Wat,376.031082
51,Sample_S19S_0074_Wat,376.0674564
33,Sample_S19S_0074_Wat,377.0150486
79,Sample_S19S_0074_Wat,377.0514538
64,Sample_S19S_0074_Wat,377.0877952
1,Sample_S19S_0074_Wat,377.0911145
10,Sample_S19S_0074_Wat,377.100823
10,Sample_S19S_0074_Wat,377.1088705
99,Sample_S19S_0074_Wat,377.1241915
20,Sample_S19S_0074_Wat,377.1372608
58,Sample_S19S_0074_Wat,377.1606102
13,Sample_S19S_0074_Wat,377.1735945
21,Sample_S19S_0074_Wat,377.1969233
17,Sample_S19S_0074_Wat,378.0466478
55,Sample_S19S_0074_Wat,378.0831073
76,Sample_S19S_0074_Wat,378.1194361
51,Sample_S19S_0074_Wat,378.1558494
67,Sample_S19S_0074_Wat,379.0307221
29,Sample_S19S_0074_Wat,379.0670295
112,Sample_S19S_0074_Wat,379.1034645
98,Sample_S19S_0074_Wat,379.1398402
17,Sample_S19S_0074_Wat,379.1528588
62,Sample_S19S_0074_Wat,379.1762343
72,Sample_S19S_0074_Wat,380.0987084
72,Sample_S19S_0074_Wat,380.1350974
20,Sample_S19S_0074_Wat,380.1715321
66,Sample_S19S_0074_Wat,381.0463502
33,Sample_S19S_0074_Wat,381.0826619
103,Sample_S19S_0074_Wat,381.1191186
17,Sample_S19S_0074_Wat,381.1321708
87,Sample_S19S_0074_Wat,381.1555031
36,Sample_S19S_0074_Wat,381.1918695
35,Sample_S19S_0074_Wat,382.0415806
61,Sample_S19S_0074_Wat,382.0779661
70,Sample_S19S_0074_Wat,382.1143936
14,Sample_S19S_0074_Wat,382.1507159
28,Sample_S19S_0074_Wat,383.0255766
10,Sample_S19S_0074_Wat,383.040804
41,Sample_S19S_0074_Wat,383.0619616
103,Sample_S19S_0074_Wat,383.0983806
21,Sample_S19S_0074_Wat,383.1095949
25,Sample_S19S_0074_Wat,383.1266887
35,Sample_S19S_0074_Wat,383.1347075
39,Sample_S19S_0074_Wat,383.1711132
34,Sample_S19S_0074_Wat,383.2075249
35,Sample_S19S_0074_Wat,384.0572385
57,Sample_S19S_0074_Wat,384.0936599
30,Sample_S19S_0074_Wat,384.1664077
14,Sample_S19S_0074_Wat,385.0201172
24,Sample_S19S_0074_Wat,385.0412026
36,Sample_S19S_0074_Wat,385.0564963
85,Sample_S19S_0074_Wat,385.0776412
60,Sample_S19S_0074_Wat,385.0929264
38,Sample_S19S_0074_Wat,385.1139909
34,Sample_S19S_0074_Wat,385.1292595
22,Sample_S19S_0074_Wat,385.1423072
39,Sample_S19S_0074_Wat,385.1503825
45,Sample_S19S_0074_Wat,385.1656784
34,Sample_S19S_0074_Wat,385.1868285
4,Sample_S19S_0074_Wat,386.0517072
40,Sample_S19S_0074_Wat,386.0728862
52,Sample_S19S_0074_Wat,386.0881802
50,Sample_S19S_0074_Wat,386.1093009
59,Sample_S19S_0074_Wat,387.0358113
23,Sample_S19S_0074_Wat,387.0568488
16,Sample_S19S_0074_Wat,387.0721252
7,Sample_S19S_0074_Wat,387.0851909
31,Sample_S19S_0074_Wat,387.0932457
81,Sample_S19S_0074_Wat,387.1085636
85,Sample_S19S_0074_Wat,387.1296791
19,Sample_S19S_0074_Wat,387.1579654
13,Sample_S19S_0074_Wat,387.1659841
28,Sample_S19S_0074_Wat,387.1812925
11,Sample_S19S_0074_Wat,387.19436
62,Sample_S19S_0074_Wat,388.0674506
42,Sample_S19S_0074_Wat,388.1037783
44,Sample_S19S_0074_Wat,388.1249219
28,Sample_S19S_0074_Wat,389.0150297
50,Sample_S19S_0074_Wat,389.051417
21,Sample_S19S_0074_Wat,389.0724972
77,Sample_S19S_0074_Wat,389.0878118
19,Sample_S19S_0074_Wat,389.1008827
35,Sample_S19S_0074_Wat,389.108981
95,Sample_S19S_0074_Wat,389.1242045
18,Sample_S19S_0074_Wat,389.1372295
17,Sample_S19S_0074_Wat,389.1452618
32,Sample_S19S_0074_Wat,389.1605387
18,Sample_S19S_0074_Wat,389.1736085
41,Sample_S19S_0074_Wat,389.1969883
31,Sample_S19S_0074_Wat,390.0466839
76,Sample_S19S_0074_Wat,390.083092
29,Sample_S19S_0074_Wat,391.0307447
47,Sample_S19S_0074_Wat,391.0670531
53,Sample_S19S_0074_Wat,391.1034381
1,Sample_S19S_0074_Wat,391.1066925
50,Sample_S19S_0074_Wat,391.1398852
11,Sample_S19S_0074_Wat,391.1528412
37,Sample_S19S_0074_Wat,391.1762035
47,Sample_S19S_0074_Wat,392.06231
75,Sample_S19S_0074_Wat,392.098752
63,Sample_S19S_0074_Wat,392.1351125
43,Sample_S19S_0074_Wat,393.0463154
82,Sample_S19S_0074_Wat,393.0827628
92,Sample_S19S_0074_Wat,393.1191285
13,Sample_S19S_0074_Wat,393.1321265
1,Sample_S19S_0074_Wat,393.1475032
45,Sample_S19S_0074_Wat,393.1554711
12,Sample_S19S_0074_Wat,393.1685262
21,Sample_S19S_0074_Wat,393.1919402
33,Sample_S19S_0074_Wat,394.0415806
37,Sample_S19S_0074_Wat,394.078026
48,Sample_S19S_0074_Wat,394.1144108
30,Sample_S19S_0074_Wat,395.0255818
55,Sample_S19S_0074_Wat,395.0619708
53,Sample_S19S_0074_Wat,395.0984243
119,Sample_S19S_0074_Wat,395.1347697
50,Sample_S19S_0074_Wat,395.171191
62,Sample_S19S_0074_Wat,396.0936653
35,Sample_S19S_0074_Wat,396.13006
54,Sample_S19S_0074_Wat,396.1664019
4,Sample_S19S_0074_Wat,397.0200883
47,Sample_S19S_0074_Wat,397.0412485
33,Sample_S19S_0074_Wat,397.0565368
31,Sample_S19S_0074_Wat,397.0775828
14,Sample_S19S_0074_Wat,397.1059758
72,Sample_S19S_0074_Wat,397.1140135
88,Sample_S19S_0074_Wat,397.1504225
24,Sample_S19S_0074_Wat,397.1867602
55,Sample_S19S_0074_Wat,398.0729329
62,Sample_S19S_0074_Wat,398.1456531
11,Sample_S19S_0074_Wat,399.0356696
17,Sample_S19S_0074_Wat,399.0568344
31,Sample_S19S_0074_Wat,399.0721389
15,Sample_S19S_0074_Wat,399.085227
64,Sample_S19S_0074_Wat,399.0932727
21,Sample_S19S_0074_Wat,399.1086044
62,Sample_S19S_0074_Wat,399.1296635
42,Sample_S19S_0074_Wat,399.1449193
12,Sample_S19S_0074_Wat,399.1579458
4,Sample_S19S_0074_Wat,399.1659287
12,Sample_S19S_0074_Wat,399.1943775
33,Sample_S19S_0074_Wat,399.2024375
39,Sample_S19S_0074_Wat,400.1249077
35,Sample_S19S_0074_Wat,401.0150794
60,Sample_S19S_0074_Wat,401.0514549
26,Sample_S19S_0074_Wat,401.0725084
65,Sample_S19S_0074_Wat,401.0878209
54,Sample_S19S_0074_Wat,401.1089631
67,Sample_S19S_0074_Wat,401.1453284
59,Sample_S19S_0074_Wat,401.1605804
17,Sample_S19S_0074_Wat,401.1736033
16,Sample_S19S_0074_Wat,401.1816514
17,Sample_S19S_0074_Wat,401.1969344
26,Sample_S19S_0074_Wat,402.0466811
14,Sample_S19S_0074_Wat,402.0831391
3,Sample_S19S_0074_Wat,402.1042761
10,Sample_S19S_0074_Wat,402.1195259
30,Sample_S19S_0074_Wat,402.1405573
13,Sample_S19S_0074_Wat,403.0305846
19,Sample_S19S_0074_Wat,403.0517845
78,Sample_S19S_0074_Wat,403.0671122
59,Sample_S19S_0074_Wat,403.0881974
68,Sample_S19S_0074_Wat,403.1034476
15,Sample_S19S_0074_Wat,403.1164656
19,Sample_S19S_0074_Wat,403.1245163
85,Sample_S19S_0074_Wat,403.1398463
23,Sample_S19S_0074_Wat,403.1529106
27,Sample_S19S_0074_Wat,403.1609357
30,Sample_S19S_0074_Wat,403.1762826
20,Sample_S19S_0074_Wat,403.1973716
16,Sample_S19S_0074_Wat,404.025924
70,Sample_S19S_0074_Wat,404.0623618
72,Sample_S19S_0074_Wat,404.1351085
9,Sample_S19S_0074_Wat,405.0098791
69,Sample_S19S_0074_Wat,405.0463718
49,Sample_S19S_0074_Wat,405.0827082
4,Sample_S19S_0074_Wat,405.103722
33,Sample_S19S_0074_Wat,405.1190623
20,Sample_S19S_0074_Wat,405.1321292
49,Sample_S19S_0074_Wat,405.1555362
19,Sample_S19S_0074_Wat,405.1685606
41,Sample_S19S_0074_Wat,405.1918632
2,Sample_S19S_0074_Wat,405.2048711
23,Sample_S19S_0074_Wat,406.041642
71,Sample_S19S_0074_Wat,406.1143545
19,Sample_S19S_0074_Wat,407.0255705
63,Sample_S19S_0074_Wat,407.0620299
97,Sample_S19S_0074_Wat,407.0983755
6,Sample_S19S_0074_Wat,407.1113661
80,Sample_S19S_0074_Wat,407.1347505
10,Sample_S19S_0074_Wat,407.1712237
17,Sample_S19S_0074_Wat,407.2075913
72,Sample_S19S_0074_Wat,408.0936661
83,Sample_S19S_0074_Wat,408.1300077
26,Sample_S19S_0074_Wat,409.0412228
27,Sample_S19S_0074_Wat,409.07757
91,Sample_S19S_0074_Wat,409.1140221
93,Sample_S19S_0074_Wat,409.1504235
15,Sample_S19S_0074_Wat,409.1867344
26,Sample_S19S_0074_Wat,410.0365413
59,Sample_S19S_0074_Wat,410.0729191
18,Sample_S19S_0074_Wat,410.1092388
61,Sample_S19S_0074_Wat,410.1456867
23,Sample_S19S_0074_Wat,411.0568579
75,Sample_S19S_0074_Wat,411.0933142
83,Sample_S19S_0074_Wat,411.1296933
27,Sample_S19S_0074_Wat,411.1579879
50,Sample_S19S_0074_Wat,411.1660419
6,Sample_S19S_0074_Wat,411.2022993
40,Sample_S19S_0074_Wat,412.0885256
61,Sample_S19S_0074_Wat,412.1249118
26,Sample_S19S_0074_Wat,413.0361429
9,Sample_S19S_0074_Wat,413.072442
35,Sample_S19S_0074_Wat,413.087795
19,Sample_S19S_0074_Wat,413.1008794
83,Sample_S19S_0074_Wat,413.1089345
59,Sample_S19S_0074_Wat,413.12421
12,Sample_S19S_0074_Wat,413.1372735
25,Sample_S19S_0074_Wat,413.1452768
6,Sample_S19S_0074_Wat,413.1605228
17,Sample_S19S_0074_Wat,413.1736056
16,Sample_S19S_0074_Wat,413.1816156
19,Sample_S19S_0074_Wat,413.2180661
22,Sample_S19S_0074_Wat,415.0518724
6,Sample_S19S_0074_Wat,415.0671726
5,Sample_S19S_0074_Wat,415.080159
58,Sample_S19S_0074_Wat,415.0881916
60,Sample_S19S_0074_Wat,415.1034568
1,Sample_S19S_0074_Wat,415.1066895
13,Sample_S19S_0074_Wat,415.1164835
39,Sample_S19S_0074_Wat,415.1245406
16,Sample_S19S_0074_Wat,415.1529316
58,Sample_S19S_0074_Wat,415.1609859
9,Sample_S19S_0074_Wat,415.1763155
27,Sample_S19S_0074_Wat,415.1973464
32,Sample_S19S_0074_Wat,416.0623295
6,Sample_S19S_0074_Wat,416.0986591
38,Sample_S19S_0074_Wat,417.0463346
18,Sample_S19S_0074_Wat,417.0674105
25,Sample_S19S_0074_Wat,417.0826722
7,Sample_S19S_0074_Wat,417.0957124
21,Sample_S19S_0074_Wat,417.1037889
79,Sample_S19S_0074_Wat,417.1191101
27,Sample_S19S_0074_Wat,417.1321667
39,Sample_S19S_0074_Wat,417.1402188
73,Sample_S19S_0074_Wat,417.1555165
29,Sample_S19S_0074_Wat,417.1685514
12,Sample_S19S_0074_Wat,417.1765666
12,Sample_S19S_0074_Wat,418.0416648
50,Sample_S19S_0074_Wat,418.0779721
16,Sample_S19S_0074_Wat,418.1144292
28,Sample_S19S_0074_Wat,419.0256123
38,Sample_S19S_0074_Wat,419.0619721
16,Sample_S19S_0074_Wat,419.0982983
3,Sample_S19S_0074_Wat,419.1113471
9,Sample_S19S_0074_Wat,419.1194106
90,Sample_S19S_0074_Wat,419.1347745
17,Sample_S19S_0074_Wat,419.1478319
41,Sample_S19S_0074_Wat,419.1711927
19,Sample_S19S_0074_Wat,419.1842051
40,Sample_S19S_0074_Wat,419.207525
46,Sample_S19S_0074_Wat,420.0572817
44,Sample_S19S_0074_Wat,421.0412704
24,Sample_S19S_0074_Wat,421.0777047
99,Sample_S19S_0074_Wat,421.1140346
86,Sample_S19S_0074_Wat,421.1504292
1,Sample_S19S_0074_Wat,421.1552081
16,Sample_S19S_0074_Wat,421.1634511
21,Sample_S19S_0074_Wat,421.1868654
4,Sample_S19S_0074_Wat,421.2232692
1,Sample_S19S_0074_Wat,421.2265386
56,Sample_S19S_0074_Wat,422.0728802
32,Sample_S19S_0074_Wat,422.1093338
19,Sample_S19S_0074_Wat,423.0205894
52,Sample_S19S_0074_Wat,423.0569089
29,Sample_S19S_0074_Wat,423.093231
106,Sample_S19S_0074_Wat,423.1296813
32,Sample_S19S_0074_Wat,423.1661225
44,Sample_S19S_0074_Wat,423.2024382
14,Sample_S19S_0074_Wat,424.0522173
41,Sample_S19S_0074_Wat,424.1249783
44,Sample_S19S_0074_Wat,425.0361852
17,Sample_S19S_0074_Wat,425.0724714
52,Sample_S19S_0074_Wat,425.1089252
20,Sample_S19S_0074_Wat,425.1453873
45,Sample_S19S_0074_Wat,425.1816982
60,Sample_S19S_0074_Wat,426.1405881
19,Sample_S19S_0074_Wat,427.0518808
44,Sample_S19S_0074_Wat,427.088175
38,Sample_S19S_0074_Wat,427.1035014
14,Sample_S19S_0074_Wat,427.1165345
77,Sample_S19S_0074_Wat,427.1245871
6,Sample_S19S_0074_Wat,427.1399769
7,Sample_S19S_0074_Wat,427.1610597
3,Sample_S19S_0074_Wat,427.1763557
36,Sample_S19S_0074_Wat,427.1973395
31,Sample_S19S_0074_Wat,428.1562791
26,Sample_S19S_0074_Wat,429.0463286
45,Sample_S19S_0074_Wat,429.067488
2,Sample_S19S_0074_Wat,429.0829209
10,Sample_S19S_0074_Wat,429.1039457
7,Sample_S19S_0074_Wat,429.1192381
63,Sample_S19S_0074_Wat,429.1402424
27,Sample_S19S_0074_Wat,429.1555582
24,Sample_S19S_0074_Wat,429.1685491
25,Sample_S19S_0074_Wat,429.1765924
41,Sample_S19S_0074_Wat,429.1919036
27,Sample_S19S_0074_Wat,429.2129876
32,Sample_S19S_0074_Wat,430.0991542
47,Sample_S19S_0074_Wat,430.1354817
22,Sample_S19S_0074_Wat,431.0256563
65,Sample_S19S_0074_Wat,431.0620177
41,Sample_S19S_0074_Wat,431.083125
69,Sample_S19S_0074_Wat,431.098388
11,Sample_S19S_0074_Wat,431.1113826
32,Sample_S19S_0074_Wat,431.1347291
20,Sample_S19S_0074_Wat,431.1477957
25,Sample_S19S_0074_Wat,431.1558407
34,Sample_S19S_0074_Wat,431.1711879
16,Sample_S19S_0074_Wat,431.1922364
16,Sample_S19S_0074_Wat,431.2076023
79,Sample_S19S_0074_Wat,432.093661
47,Sample_S19S_0074_Wat,433.0412948
74,Sample_S19S_0074_Wat,433.077665
13,Sample_S19S_0074_Wat,433.0986887
28,Sample_S19S_0074_Wat,433.1139658
3,Sample_S19S_0074_Wat,433.1269982
31,Sample_S19S_0074_Wat,433.1503758
20,Sample_S19S_0074_Wat,433.1634586
16,Sample_S19S_0074_Wat,433.1714809
37,Sample_S19S_0074_Wat,433.1868494
10,Sample_S19S_0074_Wat,433.1998888
31,Sample_S19S_0074_Wat,433.223189
8,Sample_S19S_0074_Wat,434.072975
19,Sample_S19S_0074_Wat,434.1093421
46,Sample_S19S_0074_Wat,435.0569041
75,Sample_S19S_0074_Wat,435.093324
32,Sample_S19S_0074_Wat,435.1296329
26,Sample_S19S_0074_Wat,435.1659973
11,Sample_S19S_0074_Wat,435.1790631
52,Sample_S19S_0074_Wat,435.2024665
23,Sample_S19S_0074_Wat,436.0521427
21,Sample_S19S_0074_Wat,436.0886111
6,Sample_S19S_0074_Wat,436.1250197
32,Sample_S19S_0074_Wat,437.0361523
22,Sample_S19S_0074_Wat,437.072483
29,Sample_S19S_0074_Wat,437.1088959
60,Sample_S19S_0074_Wat,437.1453651
52,Sample_S19S_0074_Wat,437.1817485
9,Sample_S19S_0074_Wat,437.2180272
15,Sample_S19S_0074_Wat,438.0678822
71,Sample_S19S_0074_Wat,438.1405683
18,Sample_S19S_0074_Wat,439.051737
71,Sample_S19S_0074_Wat,439.0882098
79,Sample_S19S_0074_Wat,439.1246064
14,Sample_S19S_0074_Wat,439.1529344
37,Sample_S19S_0074_Wat,439.1609425
18,Sample_S19S_0074_Wat,439.1892886
20,Sample_S19S_0074_Wat,439.1973056
41,Sample_S19S_0074_Wat,440.0834468
33,Sample_S19S_0074_Wat,440.1198163
12,Sample_S19S_0074_Wat,441.0310268
10,Sample_S19S_0074_Wat,441.0462365
32,Sample_S19S_0074_Wat,441.0674409
36,Sample_S19S_0074_Wat,441.0827166
38,Sample_S19S_0074_Wat,441.1039049
56,Sample_S19S_0074_Wat,441.1402285
13,Sample_S19S_0074_Wat,441.1554489
14,Sample_S19S_0074_Wat,441.168514
25,Sample_S19S_0074_Wat,441.1765589
11,Sample_S19S_0074_Wat,441.2049192
11,Sample_S19S_0074_Wat,442.0990637
19,Sample_S19S_0074_Wat,442.135461
14,Sample_S19S_0074_Wat,443.0255061
18,Sample_S19S_0074_Wat,443.0466588
16,Sample_S19S_0074_Wat,443.061884
31,Sample_S19S_0074_Wat,443.0830557
38,Sample_S19S_0074_Wat,443.0984287
1,Sample_S19S_0074_Wat,443.1016577
14,Sample_S19S_0074_Wat,443.1114516
65,Sample_S19S_0074_Wat,443.119518
7,Sample_S19S_0074_Wat,443.1348538
2,Sample_S19S_0074_Wat,443.1380667
14,Sample_S19S_0074_Wat,443.1478565
54,Sample_S19S_0074_Wat,443.1558944
30,Sample_S19S_0074_Wat,443.1711201
19,Sample_S19S_0074_Wat,443.1841796
15,Sample_S19S_0074_Wat,443.1922057
7,Sample_S19S_0074_Wat,443.2074098
44,Sample_S19S_0074_Wat,444.0572726
17,Sample_S19S_0074_Wat,444.093696
34,Sample_S19S_0074_Wat,445.0412697
35,Sample_S19S_0074_Wat,445.0623769
36,Sample_S19S_0074_Wat,445.0776178
15,Sample_S19S_0074_Wat,445.0986624
18,Sample_S19S_0074_Wat,445.1139537
9,Sample_S19S_0074_Wat,445.127011
12,Sample_S19S_0074_Wat,445.1350548
36,Sample_S19S_0074_Wat,445.1503907
29,Sample_S19S_0074_Wat,445.1634705
46,Sample_S19S_0074_Wat,445.1715289
41,Sample_S19S_0074_Wat,445.1868428
33,Sample_S19S_0074_Wat,445.223207
15,Sample_S19S_0074_Wat,446.0364887
14,Sample_S19S_0074_Wat,446.0728598
8,Sample_S19S_0074_Wat,447.056785
16,Sample_S19S_0074_Wat,447.09323
17,Sample_S19S_0074_Wat,447.114388
80,Sample_S19S_0074_Wat,447.1297048
21,Sample_S19S_0074_Wat,447.1427418
76,Sample_S19S_0074_Wat,447.1660641
17,Sample_S19S_0074_Wat,447.179104
15,Sample_S19S_0074_Wat,447.2023724
4,Sample_S19S_0074_Wat,448.0520882
64,Sample_S19S_0074_Wat,448.088573
15,Sample_S19S_0074_Wat,449.0360637
20,Sample_S19S_0074_Wat,449.0724952
94,Sample_S19S_0074_Wat,449.1089599
14,Sample_S19S_0074_Wat,449.1219859
84,Sample_S19S_0074_Wat,449.1453221
20,Sample_S19S_0074_Wat,449.1583358
26,Sample_S19S_0074_Wat,449.1816462
3,Sample_S19S_0074_Wat,449.1946593
11,Sample_S19S_0074_Wat,449.2180299
16,Sample_S19S_0074_Wat,451.0517204
38,Sample_S19S_0074_Wat,451.0881744
62,Sample_S19S_0074_Wat,451.124616
38,Sample_S19S_0074_Wat,451.1609528
9,Sample_S19S_0074_Wat,451.189303
8,Sample_S19S_0074_Wat,451.1972791
42,Sample_S19S_0074_Wat,452.0834394
16,Sample_S19S_0074_Wat,452.1199139
20,Sample_S19S_0074_Wat,453.0310814
23,Sample_S19S_0074_Wat,453.0673983
17,Sample_S19S_0074_Wat,453.1037558
46,Sample_S19S_0074_Wat,453.140211
1,Sample_S19S_0074_Wat,453.1686448
65,Sample_S19S_0074_Wat,453.1766436
13,Sample_S19S_0074_Wat,453.2049759
35,Sample_S19S_0074_Wat,455.0467468
44,Sample_S19S_0074_Wat,455.0620251
50,Sample_S19S_0074_Wat,455.0831528
43,Sample_S19S_0074_Wat,455.0984121
10,Sample_S19S_0074_Wat,455.111472
40,Sample_S19S_0074_Wat,455.1194736
8,Sample_S19S_0074_Wat,455.1346803
16,Sample_S19S_0074_Wat,455.14777
14,Sample_S19S_0074_Wat,455.1558023
14,Sample_S19S_0074_Wat,455.1841535
17,Sample_S19S_0074_Wat,455.1921775
32,Sample_S19S_0074_Wat,457.0412916
34,Sample_S19S_0074_Wat,457.0624071
15,Sample_S19S_0074_Wat,457.0776174
19,Sample_S19S_0074_Wat,457.0986905
23,Sample_S19S_0074_Wat,457.1139922
7,Sample_S19S_0074_Wat,457.1270095
20,Sample_S19S_0074_Wat,457.1350642
19,Sample_S19S_0074_Wat,457.150377
18,Sample_S19S_0074_Wat,457.1634444
32,Sample_S19S_0074_Wat,457.1715231
49,Sample_S19S_0074_Wat,457.1868094
13,Sample_S19S_0074_Wat,457.1998933
33,Sample_S19S_0074_Wat,457.2079257
37,Sample_S19S_0074_Wat,458.1093241
21,Sample_S19S_0074_Wat,459.0205561
17,Sample_S19S_0074_Wat,459.0416602
16,Sample_S19S_0074_Wat,459.0568713
21,Sample_S19S_0074_Wat,459.0779746
17,Sample_S19S_0074_Wat,459.0932353
26,Sample_S19S_0074_Wat,459.1143457
55,Sample_S19S_0074_Wat,459.1296693
25,Sample_S19S_0074_Wat,459.142719
37,Sample_S19S_0074_Wat,459.1508169
42,Sample_S19S_0074_Wat,459.1661042
34,Sample_S19S_0074_Wat,459.1872169
22,Sample_S19S_0074_Wat,459.2025048
4,Sample_S19S_0074_Wat,459.2155229
3,Sample_S19S_0074_Wat,460.0521036
45,Sample_S19S_0074_Wat,460.1249704
33,Sample_S19S_0074_Wat,461.036196
23,Sample_S19S_0074_Wat,461.0725007
6,Sample_S19S_0074_Wat,461.0935699
11,Sample_S19S_0074_Wat,461.1088271
3,Sample_S19S_0074_Wat,461.1218899
10,Sample_S19S_0074_Wat,461.1299458
22,Sample_S19S_0074_Wat,461.1452647
19,Sample_S19S_0074_Wat,461.1583343
37,Sample_S19S_0074_Wat,461.1817537
11,Sample_S19S_0074_Wat,461.1948089
28,Sample_S19S_0074_Wat,461.218132
30,Sample_S19S_0074_Wat,462.067799
16,Sample_S19S_0074_Wat,462.1042629
39,Sample_S19S_0074_Wat,463.0518315
44,Sample_S19S_0074_Wat,463.0881954
18,Sample_S19S_0074_Wat,463.124491
3,Sample_S19S_0074_Wat,463.1375144
9,Sample_S19S_0074_Wat,463.1608564
6,Sample_S19S_0074_Wat,463.1739081
19,Sample_S19S_0074_Wat,463.1972938
31,Sample_S19S_0074_Wat,463.2337601
24,Sample_S19S_0074_Wat,464.1198095
12,Sample_S19S_0074_Wat,465.0310055
13,Sample_S19S_0074_Wat,465.06738
33,Sample_S19S_0074_Wat,465.1038259
4,Sample_S19S_0074_Wat,465.1686035
65,Sample_S19S_0074_Wat,465.1766182
11,Sample_S19S_0074_Wat,465.1896305
16,Sample_S19S_0074_Wat,465.2129596
53,Sample_S19S_0074_Wat,466.1355201
1,Sample_S19S_0074_Wat,466.1435867
40,Sample_S19S_0074_Wat,467.0467531
53,Sample_S19S_0074_Wat,467.0831629
52,Sample_S19S_0074_Wat,467.1195422
19,Sample_S19S_0074_Wat,467.1478261
31,Sample_S19S_0074_Wat,467.1558326
18,Sample_S19S_0074_Wat,467.184209
9,Sample_S19S_0074_Wat,467.1921933
10,Sample_S19S_0074_Wat,467.220621
23,Sample_S19S_0074_Wat,467.2286363
27,Sample_S19S_0074_Wat,468.1147294
25,Sample_S19S_0074_Wat,469.0412947
30,Sample_S19S_0074_Wat,469.062394
23,Sample_S19S_0074_Wat,469.0986993
10,Sample_S19S_0074_Wat,469.1139603
13,Sample_S19S_0074_Wat,469.1270251
17,Sample_S19S_0074_Wat,469.1350525
7,Sample_S19S_0074_Wat,469.1503074
9,Sample_S19S_0074_Wat,469.1633964
23,Sample_S19S_0074_Wat,469.2078959
9,Sample_S19S_0074_Wat,469.2362772
16,Sample_S19S_0074_Wat,471.0205509
13,Sample_S19S_0074_Wat,471.0416901
36,Sample_S19S_0074_Wat,471.0569384
31,Sample_S19S_0074_Wat,471.0780166
17,Sample_S19S_0074_Wat,471.093255
6,Sample_S19S_0074_Wat,471.106291
6,Sample_S19S_0074_Wat,471.1295835
7,Sample_S19S_0074_Wat,471.1426129
12,Sample_S19S_0074_Wat,471.1506882
8,Sample_S19S_0074_Wat,471.16598
19,Sample_S19S_0074_Wat,471.1790652
20,Sample_S19S_0074_Wat,471.1871307
13,Sample_S19S_0074_Wat,471.2024048
14,Sample_S19S_0074_Wat,471.2155389
17,Sample_S19S_0074_Wat,473.0361823
8,Sample_S19S_0074_Wat,473.0573502
38,Sample_S19S_0074_Wat,473.0726032
36,Sample_S19S_0074_Wat,473.0937108
63,Sample_S19S_0074_Wat,473.1089772
14,Sample_S19S_0074_Wat,473.121993
22,Sample_S19S_0074_Wat,473.1300234
24,Sample_S19S_0074_Wat,473.1452829
7,Sample_S19S_0074_Wat,473.1582831
15,Sample_S19S_0074_Wat,473.1663521
23,Sample_S19S_0074_Wat,473.1816622
5,Sample_S19S_0074_Wat,473.1946924
14,Sample_S19S_0074_Wat,473.2027392
30,Sample_S19S_0074_Wat,473.2180738
28,Sample_S19S_0074_Wat,474.067818
22,Sample_S19S_0074_Wat,474.1042477
1,Sample_S19S_0074_Wat,475.0152769
13,Sample_S19S_0074_Wat,475.0517049
26,Sample_S19S_0074_Wat,475.0881586
17,Sample_S19S_0074_Wat,475.1092833
67,Sample_S19S_0074_Wat,475.1245966
17,Sample_S19S_0074_Wat,475.1376596
16,Sample_S19S_0074_Wat,475.1456774
66,Sample_S19S_0074_Wat,475.1609843
21,Sample_S19S_0074_Wat,475.1739813
15,Sample_S19S_0074_Wat,475.1973043
5,Sample_S19S_0074_Wat,475.2336051
8,Sample_S19S_0074_Wat,476.0833408
26,Sample_S19S_0074_Wat,477.0311319
48,Sample_S19S_0074_Wat,477.0674882
19,Sample_S19S_0074_Wat,477.1037802
9,Sample_S19S_0074_Wat,477.1168599
6,Sample_S19S_0074_Wat,477.1401075
18,Sample_S19S_0074_Wat,477.1765167
40,Sample_S19S_0074_Wat,477.2130039
10,Sample_S19S_0074_Wat,477.2493418
59,Sample_S19S_0074_Wat,478.0991507
6,Sample_S19S_0074_Wat,479.0466033
17,Sample_S19S_0074_Wat,479.0830028
39,Sample_S19S_0074_Wat,479.1194663
65,Sample_S19S_0074_Wat,479.1559168
52,Sample_S19S_0074_Wat,479.1923063
14,Sample_S19S_0074_Wat,479.2286027
9,Sample_S19S_0074_Wat,480.151082
16,Sample_S19S_0074_Wat,481.0623379
51,Sample_S19S_0074_Wat,481.0987747
69,Sample_S19S_0074_Wat,481.1351677
12,Sample_S19S_0074_Wat,481.1634867
51,Sample_S19S_0074_Wat,481.1715313
15,Sample_S19S_0074_Wat,481.199847
20,Sample_S19S_0074_Wat,481.2078283
5,Sample_S19S_0074_Wat,482.1302914
13,Sample_S19S_0074_Wat,483.0415833
12,Sample_S19S_0074_Wat,483.0568081
29,Sample_S19S_0074_Wat,483.0780208
27,Sample_S19S_0074_Wat,483.0933003
49,Sample_S19S_0074_Wat,483.1144642
21,Sample_S19S_0074_Wat,483.1297323
35,Sample_S19S_0074_Wat,483.1508531
17,Sample_S19S_0074_Wat,483.1660394
14,Sample_S19S_0074_Wat,483.1791639
32,Sample_S19S_0074_Wat,483.1871699
14,Sample_S19S_0074_Wat,483.2154832
14,Sample_S19S_0074_Wat,483.2234722
11,Sample_S19S_0074_Wat,484.1459881
1,Sample_S19S_0074_Wat,485.0360155
8,Sample_S19S_0074_Wat,485.057196
15,Sample_S19S_0074_Wat,485.0724465
26,Sample_S19S_0074_Wat,485.0936172
43,Sample_S19S_0074_Wat,485.1089501
10,Sample_S19S_0074_Wat,485.1220307
45,Sample_S19S_0074_Wat,485.1300644
26,Sample_S19S_0074_Wat,485.1453846
11,Sample_S19S_0074_Wat,485.1584131
38,Sample_S19S_0074_Wat,485.1664901
38,Sample_S19S_0074_Wat,485.181737
14,Sample_S19S_0074_Wat,485.1948096
14,Sample_S19S_0074_Wat,487.051792
18,Sample_S19S_0074_Wat,487.072871
10,Sample_S19S_0074_Wat,487.088118
8,Sample_S19S_0074_Wat,487.1092152
13,Sample_S19S_0074_Wat,487.1244947
8,Sample_S19S_0074_Wat,487.1375846
14,Sample_S19S_0074_Wat,487.1456408
51,Sample_S19S_0074_Wat,487.1609704
16,Sample_S19S_0074_Wat,487.1740711
31,Sample_S19S_0074_Wat,487.18211
29,Sample_S19S_0074_Wat,487.1974177
1,Sample_S19S_0074_Wat,487.2104698
18,Sample_S19S_0074_Wat,487.2337958
6,Sample_S19S_0074_Wat,489.0310445
43,Sample_S19S_0074_Wat,489.067487
23,Sample_S19S_0074_Wat,489.0886429
33,Sample_S19S_0074_Wat,489.1039118
34,Sample_S19S_0074_Wat,489.1249814
28,Sample_S19S_0074_Wat,489.1402055
11,Sample_S19S_0074_Wat,489.1612651
11,Sample_S19S_0074_Wat,489.1765226
3,Sample_S19S_0074_Wat,489.1895365
10,Sample_S19S_0074_Wat,489.2128864
7,Sample_S19S_0074_Wat,489.2492677
8,Sample_S19S_0074_Wat,491.0466906
21,Sample_S19S_0074_Wat,491.0830123
10,Sample_S19S_0074_Wat,491.1193786
27,Sample_S19S_0074_Wat,491.1558203
51,Sample_S19S_0074_Wat,491.1922945
8,Sample_S19S_0074_Wat,491.2287423
41,Sample_S19S_0074_Wat,492.1147512
12,Sample_S19S_0074_Wat,493.0622921
24,Sample_S19S_0074_Wat,493.098712
70,Sample_S19S_0074_Wat,493.1351653
50,Sample_S19S_0074_Wat,493.1715856
12,Sample_S19S_0074_Wat,493.2442171
12,Sample_S19S_0074_Wat,495.0415683
5,Sample_S19S_0074_Wat,495.0568418
33,Sample_S19S_0074_Wat,495.0780179
45,Sample_S19S_0074_Wat,495.1144449
62,Sample_S19S_0074_Wat,495.1507984
17,Sample_S19S_0074_Wat,495.1791573
7,Sample_S19S_0074_Wat,495.2154488
1,Sample_S19S_0074_Wat,496.1905351
5,Sample_S19S_0074_Wat,497.036113
18,Sample_S19S_0074_Wat,497.0572968
29,Sample_S19S_0074_Wat,497.0725711
13,Sample_S19S_0074_Wat,497.0937782
31,Sample_S19S_0074_Wat,497.1089508
13,Sample_S19S_0074_Wat,497.1301476
20,Sample_S19S_0074_Wat,497.1947705
3,Sample_S19S_0074_Wat,497.2390455
12,Sample_S19S_0074_Wat,498.1253978
34,Sample_S19S_0074_Wat,498.1617513
3,Sample_S19S_0074_Wat,498.1698072
1,Sample_S19S_0074_Wat,498.206115
6,Sample_S19S_0074_Wat,499.0516924
21,Sample_S19S_0074_Wat,499.0728848
35,Sample_S19S_0074_Wat,499.1093112
44,Sample_S19S_0074_Wat,499.1246232
48,Sample_S19S_0074_Wat,499.1457371
13,Sample_S19S_0074_Wat,499.1610424
15,Sample_S19S_0074_Wat,499.1740741
32,Sample_S19S_0074_Wat,499.1973555
19,Sample_S19S_0074_Wat,499.2104255
15,Sample_S19S_0074_Wat,499.2184243
7,Sample_S19S_0074_Wat,501.0310269
20,Sample_S19S_0074_Wat,501.0673678
13,Sample_S19S_0074_Wat,501.0885018
13,Sample_S19S_0074_Wat,501.1037301
5,Sample_S19S_0074_Wat,501.1248479
21,Sample_S19S_0074_Wat,501.1401768
23,Sample_S19S_0074_Wat,501.1532967
18,Sample_S19S_0074_Wat,501.1612956
45,Sample_S19S_0074_Wat,501.1766253
21,Sample_S19S_0074_Wat,501.1896846
26,Sample_S19S_0074_Wat,501.2130646
10,Sample_S19S_0074_Wat,503.0468089
5,Sample_S19S_0074_Wat,503.0832459
17,Sample_S19S_0074_Wat,503.1042984
57,Sample_S19S_0074_Wat,503.1195309
17,Sample_S19S_0074_Wat,503.1405906
25,Sample_S19S_0074_Wat,503.1558462
3,Sample_S19S_0074_Wat,503.1768678
17,Sample_S19S_0074_Wat,503.1921795
16,Sample_S19S_0074_Wat,503.2285615
7,Sample_S19S_0074_Wat,504.1512304
8,Sample_S19S_0074_Wat,505.0622503
19,Sample_S19S_0074_Wat,505.098662
17,Sample_S19S_0074_Wat,505.1350781
65,Sample_S19S_0074_Wat,505.1715425
30,Sample_S19S_0074_Wat,505.2079802
28,Sample_S19S_0074_Wat,505.2443315
9,Sample_S19S_0074_Wat,507.0415912
26,Sample_S19S_0074_Wat,507.0780238
49,Sample_S19S_0074_Wat,507.1144464
62,Sample_S19S_0074_Wat,507.1508255
7,Sample_S19S_0074_Wat,507.2598181
11,Sample_S19S_0074_Wat,509.0573918
40,Sample_S19S_0074_Wat,509.0937287
42,Sample_S19S_0074_Wat,509.1300451
11,Sample_S19S_0074_Wat,509.1947371
8,Sample_S19S_0074_Wat,509.2311267
6,Sample_S19S_0074_Wat,509.2391011
12,Sample_S19S_0074_Wat,511.0518749
35,Sample_S19S_0074_Wat,511.0729714
9,Sample_S19S_0074_Wat,511.0881435
29,Sample_S19S_0074_Wat,511.1092846
2,Sample_S19S_0074_Wat,511.1455592
7,Sample_S19S_0074_Wat,511.1739404
10,Sample_S19S_0074_Wat,511.2103696
9,Sample_S19S_0074_Wat,511.2183807
12,Sample_S19S_0074_Wat,511.2547768
1,Sample_S19S_0074_Wat,512.1854652
8,Sample_S19S_0074_Wat,513.0522762
26,Sample_S19S_0074_Wat,513.0674942
21,Sample_S19S_0074_Wat,513.0885835
19,Sample_S19S_0074_Wat,513.1248843
6,Sample_S19S_0074_Wat,513.1401059
6,Sample_S19S_0074_Wat,513.1612236
4,Sample_S19S_0074_Wat,513.1764786
6,Sample_S19S_0074_Wat,513.1895585
8,Sample_S19S_0074_Wat,515.0467951
6,Sample_S19S_0074_Wat,515.0679477
39,Sample_S19S_0074_Wat,515.083157
26,Sample_S19S_0074_Wat,515.1042917
38,Sample_S19S_0074_Wat,515.1194964
22,Sample_S19S_0074_Wat,515.1405768
13,Sample_S19S_0074_Wat,515.155816
10,Sample_S19S_0074_Wat,515.1768835
10,Sample_S19S_0074_Wat,515.1921599
7,Sample_S19S_0074_Wat,515.2052029
5,Sample_S19S_0074_Wat,515.2285302
10,Sample_S19S_0074_Wat,516.1146459
27,Sample_S19S_0074_Wat,517.0624113
13,Sample_S19S_0074_Wat,517.098859
6,Sample_S19S_0074_Wat,517.1199999
8,Sample_S19S_0074_Wat,517.1352552
13,Sample_S19S_0074_Wat,517.171616
9,Sample_S19S_0074_Wat,517.2442337
6,Sample_S19S_0074_Wat,519.041577
12,Sample_S19S_0074_Wat,519.0779454
16,Sample_S19S_0074_Wat,519.1143103
28,Sample_S19S_0074_Wat,519.1507584
54,Sample_S19S_0074_Wat,519.1872205
16,Sample_S19S_0074_Wat,519.2236508
12,Sample_S19S_0074_Wat,519.2600027
23,Sample_S19S_0074_Wat,520.1461126
23,Sample_S19S_0074_Wat,521.0573462
30,Sample_S19S_0074_Wat,521.0937324
48,Sample_S19S_0074_Wat,521.1301011
27,Sample_S19S_0074_Wat,521.1663968
12,Sample_S19S_0074_Wat,521.2027235
10,Sample_S19S_0074_Wat,521.2390738
11,Sample_S19S_0074_Wat,523.0728235
6,Sample_S19S_0074_Wat,523.1091901
14,Sample_S19S_0074_Wat,523.1456062
25,Sample_S19S_0074_Wat,523.1820717
14,Sample_S19S_0074_Wat,523.2104573
8,Sample_S19S_0074_Wat,525.0521307
15,Sample_S19S_0074_Wat,525.0674542
21,Sample_S19S_0074_Wat,525.0885729
34,Sample_S19S_0074_Wat,525.1250197
11,Sample_S19S_0074_Wat,525.1403116
39,Sample_S19S_0074_Wat,525.1614051
22,Sample_S19S_0074_Wat,526.1566707
1,Sample_S19S_0074_Wat,526.2010349
11,Sample_S19S_0074_Wat,527.0467883
11,Sample_S19S_0074_Wat,527.0679337
10,Sample_S19S_0074_Wat,527.0832056
10,Sample_S19S_0074_Wat,527.1043114
15,Sample_S19S_0074_Wat,527.119585
39,Sample_S19S_0074_Wat,527.1406475
33,Sample_S19S_0074_Wat,527.1558917
30,Sample_S19S_0074_Wat,527.1769645
13,Sample_S19S_0074_Wat,527.2052882
9,Sample_S19S_0074_Wat,527.2132606
3,Sample_S19S_0074_Wat,527.2415754
22,Sample_S19S_0074_Wat,528.135922
10,Sample_S19S_0074_Wat,529.0624704
7,Sample_S19S_0074_Wat,529.0836238
14,Sample_S19S_0074_Wat,529.0988481
22,Sample_S19S_0074_Wat,529.119899
34,Sample_S19S_0074_Wat,529.1351825
22,Sample_S19S_0074_Wat,529.1562352
16,Sample_S19S_0074_Wat,529.1714748
13,Sample_S19S_0074_Wat,529.184567
10,Sample_S19S_0074_Wat,529.1925822
11,Sample_S19S_0074_Wat,529.2078283
6,Sample_S19S_0074_Wat,531.0781475
16,Sample_S19S_0074_Wat,531.1144803
21,Sample_S19S_0074_Wat,531.1355514
30,Sample_S19S_0074_Wat,531.1507766
14,Sample_S19S_0074_Wat,531.1718519
13,Sample_S19S_0074_Wat,531.1871077
20,Sample_S19S_0074_Wat,531.2234777
4,Sample_S19S_0074_Wat,531.2598778
8,Sample_S19S_0074_Wat,533.0574115
15,Sample_S19S_0074_Wat,533.0937827
27,Sample_S19S_0074_Wat,533.1301236
54,Sample_S19S_0074_Wat,533.166456
15,Sample_S19S_0074_Wat,533.2027587
7,Sample_S19S_0074_Wat,533.2390944
14,Sample_S19S_0074_Wat,535.0730261
12,Sample_S19S_0074_Wat,535.1094222
11,Sample_S19S_0074_Wat,535.1458132
21,Sample_S19S_0074_Wat,535.1821751
15,Sample_S19S_0074_Wat,535.2547783
32,Sample_S19S_0074_Wat,536.1045749
5,Sample_S19S_0074_Wat,537.0520931
17,Sample_S19S_0074_Wat,537.0884904
32,Sample_S19S_0074_Wat,537.1249315
45,Sample_S19S_0074_Wat,537.161382
19,Sample_S19S_0074_Wat,537.1978101
12,Sample_S19S_0074_Wat,537.2342192
4,Sample_S19S_0074_Wat,539.0468046
17,Sample_S19S_0074_Wat,539.0679143
6,Sample_S19S_0074_Wat,539.0832338
19,Sample_S19S_0074_Wat,539.1042196
28,Sample_S19S_0074_Wat,539.1405618
6,Sample_S19S_0074_Wat,539.1768779
3,Sample_S19S_0074_Wat,539.2051955
4,Sample_S19S_0074_Wat,539.2132409
4,Sample_S19S_0074_Wat,539.2496267
13,Sample_S19S_0074_Wat,541.0623672
20,Sample_S19S_0074_Wat,541.0834882
26,Sample_S19S_0074_Wat,541.0988161
26,Sample_S19S_0074_Wat,541.1199147
16,Sample_S19S_0074_Wat,541.1563515
5,Sample_S19S_0074_Wat,541.1716527
7,Sample_S19S_0074_Wat,541.1927684
22,Sample_S19S_0074_Wat,541.2290565
5,Sample_S19S_0074_Wat,543.0629181
20,Sample_S19S_0074_Wat,543.09918
27,Sample_S19S_0074_Wat,543.1144211
21,Sample_S19S_0074_Wat,543.1355017
26,Sample_S19S_0074_Wat,543.1507543
12,Sample_S19S_0074_Wat,543.1718262
8,Sample_S19S_0074_Wat,543.1870791
6,Sample_S19S_0074_Wat,543.2001267
2,Sample_S19S_0074_Wat,543.208077
1,Sample_S19S_0074_Wat,543.236535
9,Sample_S19S_0074_Wat,545.0571838
8,Sample_S19S_0074_Wat,545.0935509
9,Sample_S19S_0074_Wat,545.1147104
15,Sample_S19S_0074_Wat,545.1299664
22,Sample_S19S_0074_Wat,545.1511507
29,Sample_S19S_0074_Wat,545.1664409
19,Sample_S19S_0074_Wat,545.1875733
30,Sample_S19S_0074_Wat,545.2028931
5,Sample_S19S_0074_Wat,545.2393178
14,Sample_S19S_0074_Wat,547.0729547
15,Sample_S19S_0074_Wat,547.109415
14,Sample_S19S_0074_Wat,547.145805
5,Sample_S19S_0074_Wat,547.1822164
16,Sample_S19S_0074_Wat,547.2185618
22,Sample_S19S_0074_Wat,547.2548518
11,Sample_S19S_0074_Wat,549.0887119
13,Sample_S19S_0074_Wat,549.1250923
18,Sample_S19S_0074_Wat,549.1614413
37,Sample_S19S_0074_Wat,549.1977663
15,Sample_S19S_0074_Wat,549.2340464
1,Sample_S19S_0074_Wat,549.2702581
7,Sample_S19S_0074_Wat,551.0679996
15,Sample_S19S_0074_Wat,551.10435
25,Sample_S19S_0074_Wat,551.140683
26,Sample_S19S_0074_Wat,551.1769906
18,Sample_S19S_0074_Wat,551.2133063
6,Sample_S19S_0074_Wat,551.2496307
14,Sample_S19S_0074_Wat,553.1199748
47,Sample_S19S_0074_Wat,553.1562956
21,Sample_S19S_0074_Wat,553.1925971
5,Sample_S19S_0074_Wat,553.2288832
5,Sample_S19S_0074_Wat,555.0781485
4,Sample_S19S_0074_Wat,555.0993123
6,Sample_S19S_0074_Wat,555.1356619
7,Sample_S19S_0074_Wat,555.1509252
16,Sample_S19S_0074_Wat,555.1720029
21,Sample_S19S_0074_Wat,555.2082923
3,Sample_S19S_0074_Wat,555.244468
7,Sample_S19S_0074_Wat,557.0572783
1,Sample_S19S_0074_Wat,557.1302225
3,Sample_S19S_0074_Wat,557.1513467
3,Sample_S19S_0074_Wat,557.1877224
6,Sample_S19S_0074_Wat,557.2029722
17,Sample_S19S_0074_Wat,557.2239531
11,Sample_S19S_0074_Wat,557.2391841
10,Sample_S19S_0074_Wat,559.1092427
25,Sample_S19S_0074_Wat,559.1456819
14,Sample_S19S_0074_Wat,561.0522506
15,Sample_S19S_0074_Wat,561.0885432
7,Sample_S19S_0074_Wat,561.1248442
4,Sample_S19S_0074_Wat,561.1611805
1,Sample_S19S_0074_Wat,561.1975534
9,Sample_S19S_0074_Wat,561.2339983
8,Sample_S19S_0074_Wat,561.2703823
20,Sample_S19S_0074_Wat,563.0679011
11,Sample_S19S_0074_Wat,563.1043787
9,Sample_S19S_0074_Wat,563.140767
6,Sample_S19S_0074_Wat,563.1771352
22,Sample_S19S_0074_Wat,563.2134586
22,Sample_S19S_0074_Wat,563.2497644
1,Sample_S19S_0074_Wat,564.172115
10,Sample_S19S_0074_Wat,565.0833841
3,Sample_S19S_0074_Wat,565.1561141
18,Sample_S19S_0074_Wat,565.2290122
17,Sample_S19S_0074_Wat,565.2654316
10,Sample_S19S_0074_Wat,567.0628477
9,Sample_S19S_0074_Wat,567.0992538
9,Sample_S19S_0074_Wat,567.1356587
16,Sample_S19S_0074_Wat,567.2083955
17,Sample_S19S_0074_Wat,567.2446704
2,Sample_S19S_0074_Wat,569.0573971
13,Sample_S19S_0074_Wat,569.0784551
16,Sample_S19S_0074_Wat,569.1147778
6,Sample_S19S_0074_Wat,569.1510794
2,Sample_S19S_0074_Wat,569.1874013
1,Sample_S19S_0074_Wat,569.2157305
2,Sample_S19S_0074_Wat,569.223732
3,Sample_S19S_0074_Wat,571.0727742
19,Sample_S19S_0074_Wat,571.1303995
20,Sample_S19S_0074_Wat,571.1668216
15,Sample_S19S_0074_Wat,571.2032768
8,Sample_S19S_0074_Wat,571.2185728
18,Sample_S19S_0074_Wat,573.0886509
13,Sample_S19S_0074_Wat,573.1250609
9,Sample_S19S_0074_Wat,573.1461913
8,Sample_S19S_0074_Wat,573.1615077
2,Sample_S19S_0074_Wat,573.1826266
5,Sample_S19S_0074_Wat,573.1978706
3,Sample_S19S_0074_Wat,575.0680122
8,Sample_S19S_0074_Wat,575.1043617
7,Sample_S19S_0074_Wat,575.1407714
24,Sample_S19S_0074_Wat,575.1770756
30,Sample_S19S_0074_Wat,575.213398
14,Sample_S19S_0074_Wat,575.2497017
41,Sample_S19S_0074_Wat,577.1563035
23,Sample_S19S_0074_Wat,577.1926143
5,Sample_S19S_0074_Wat,577.228924
2,Sample_S19S_0074_Wat,577.2651743
5,Sample_S19S_0074_Wat,579.0629358
11,Sample_S19S_0074_Wat,579.0992643
27,Sample_S19S_0074_Wat,579.1355972
33,Sample_S19S_0074_Wat,579.1719274
17,Sample_S19S_0074_Wat,579.2082488
7,Sample_S19S_0074_Wat,579.2445526
5,Sample_S19S_0074_Wat,581.0785526
16,Sample_S19S_0074_Wat,581.1148894
35,Sample_S19S_0074_Wat,581.1512226
24,Sample_S19S_0074_Wat,581.1875335
21,Sample_S19S_0074_Wat,581.2238624
9,Sample_S19S_0074_Wat,581.2602074
1,Sample_S19S_0074_Wat,583.094266
8,Sample_S19S_0074_Wat,583.1306046
14,Sample_S19S_0074_Wat,583.1669172
17,Sample_S19S_0074_Wat,583.2032587
5,Sample_S19S_0074_Wat,583.2314722
16,Sample_S19S_0074_Wat,583.2395225
7,Sample_S19S_0074_Wat,585.0886953
2,Sample_S19S_0074_Wat,585.1098543
1,Sample_S19S_0074_Wat,585.1462879
8,Sample_S19S_0074_Wat,585.1615059
4,Sample_S19S_0074_Wat,585.2190128
3,Sample_S19S_0074_Wat,587.06769
3,Sample_S19S_0074_Wat,587.088865
14,Sample_S19S_0074_Wat,587.1041571
13,Sample_S19S_0074_Wat,587.1405809
11,Sample_S19S_0074_Wat,587.161795
23,Sample_S19S_0074_Wat,587.1770783
15,Sample_S19S_0074_Wat,587.2134744
6,Sample_S19S_0074_Wat,589.119725
1,Sample_S19S_0074_Wat,589.1924321
1,Sample_S19S_0074_Wat,589.2288053
5,Sample_S19S_0074_Wat,591.0629191
2,Sample_S19S_0074_Wat,591.0993225
3,Sample_S19S_0074_Wat,591.135742
11,Sample_S19S_0074_Wat,591.1720289
15,Sample_S19S_0074_Wat,591.2083514
11,Sample_S19S_0074_Wat,591.2446301
10,Sample_S19S_0074_Wat,593.1511079
27,Sample_S19S_0074_Wat,593.1875846
16,Sample_S19S_0074_Wat,593.2240288
9,Sample_S19S_0074_Wat,593.2604417
15,Sample_S19S_0074_Wat,595.1667494
4,Sample_S19S_0074_Wat,597.1095532
13,Sample_S19S_0074_Wat,597.1460191
26,Sample_S19S_0074_Wat,597.1824999
27,Sample_S19S_0074_Wat,597.2188862
7,Sample_S19S_0074_Wat,597.2553504
7,Sample_S19S_0074_Wat,599.104376
5,Sample_S19S_0074_Wat,599.2346357
4,Sample_S19S_0074_Wat,601.1560091
9,Sample_S19S_0074_Wat,603.0990962
23,Sample_S19S_0074_Wat,603.1719444
24,Sample_S19S_0074_Wat,603.2447417
7,Sample_S19S_0074_Wat,605.0785609
3,Sample_S19S_0074_Wat,605.1149751
2,Sample_S19S_0074_Wat,605.1513953
10,Sample_S19S_0074_Wat,605.1877226
7,Sample_S19S_0074_Wat,605.2240726
14,Sample_S19S_0074_Wat,605.2602478
1,Sample_S19S_0074_Wat,606.1905682
24,Sample_S19S_0074_Wat,607.1304892
24,Sample_S19S_0074_Wat,607.1667845
3,Sample_S19S_0074_Wat,607.2030678
1,Sample_S19S_0074_Wat,607.2394004
16,Sample_S19S_0074_Wat,607.2760084
14,Sample_S19S_0074_Wat,609.1096597
4,Sample_S19S_0074_Wat,609.1459321
3,Sample_S19S_0074_Wat,609.1822447
3,Sample_S19S_0074_Wat,609.2185999
1,Sample_S19S_0074_Wat,609.2548435
2,Sample_S19S_0074_Wat,611.125099
3,Sample_S19S_0074_Wat,611.1978745
11,Sample_S19S_0074_Wat,613.1046399
1,Sample_S19S_0074_Wat,613.119618
10,Sample_S19S_0074_Wat,613.2138544
1,Sample_S19S_0074_Wat,615.1715831
3,Sample_S19S_0074_Wat,617.0782506
2,Sample_S19S_0074_Wat,619.130318
3,Sample_S19S_0074_Wat,619.2029535
10,Sample_S19S_0074_Wat,621.1098264
25,Sample_S19S_0074_Wat,621.1825214
16,Sample_S19S_0074_Wat,621.218773
1,Sample_S19S_0074_Wat,623.162005
1,Sample_S19S_0074_Wat,623.1983716
2,Sample_S19S_0074_Wat,623.2710307
12,Sample_S19S_0074_Wat,625.1773321
16,Sample_S19S_0074_Wat,625.2137878
2,Sample_S19S_0074_Wat,627.1564046
1,Sample_S19S_0074_Wat,629.2237856
16,Sample_S19S_0074_Wat,631.1667917
4,Sample_S19S_0074_Wat,633.1459928
3,Sample_S19S_0074_Wat,633.1822488
1,Sample_S19S_0074_Wat,633.2185891
18,Sample_S19S_0074_Wat,635.1617901
6,Sample_S19S_0074_Wat,635.1982777
5,Sample_S19S_0074_Wat,637.1408976
3,Sample_S19S_0074_Wat,637.1771558
4,Sample_S19S_0074_Wat,637.250012
3,Sample_S19S_0074_Wat,639.1564278
13,Sample_S19S_0074_Wat,639.2658543
1,Sample_S19S_0074_Wat,649.2133728
7,Sample_S19S_0074_Wat,653.2815617
3,Sample_S19S_0074_Wat,659.1465816
16,Sample_S19S_0074_Wat,663.2295158
1,Sample_S19S_0074_Wat,665.1724893
7,Sample_S19S_0074_Wat,675.193045
1,Sample_S19S_0074_Wat,677.2088861
5,Sample_S19S_0074_Wat,679.2969835
6,Sample_S19S_0074_Wat,689.2451362
1,Sample_S19S_0074_Wat,707.1825168
4,Sample_S19S_0074_Wat,707.2920136
