num.trans.involved.in,sample,peak
28,Sample_S19S_0036_Wat,201.0404313
27,Sample_S19S_0036_Wat,201.0768122
33,Sample_S19S_0036_Wat,207.0298709
31,Sample_S19S_0036_Wat,207.066249
29,Sample_S19S_0036_Wat,209.0455114
29,Sample_S19S_0036_Wat,209.0818981
43,Sample_S19S_0036_Wat,211.0247874
45,Sample_S19S_0036_Wat,211.0611736
29,Sample_S19S_0036_Wat,211.097555
24,Sample_S19S_0036_Wat,213.0404285
38,Sample_S19S_0036_Wat,213.0768216
30,Sample_S19S_0036_Wat,215.0560786
33,Sample_S19S_0036_Wat,215.0924726
34,Sample_S19S_0036_Wat,217.0717431
36,Sample_S19S_0036_Wat,219.0298823
14,Sample_S19S_0036_Wat,219.0662407
34,Sample_S19S_0036_Wat,221.0455191
20,Sample_S19S_0036_Wat,221.0818912
40,Sample_S19S_0036_Wat,223.0247931
15,Sample_S19S_0036_Wat,223.0611523
39,Sample_S19S_0036_Wat,223.0975605
70,Sample_S19S_0036_Wat,225.0404494
46,Sample_S19S_0036_Wat,225.0768195
13,Sample_S19S_0036_Wat,225.1131873
32,Sample_S19S_0036_Wat,227.056079
42,Sample_S19S_0036_Wat,227.092466
26,Sample_S19S_0036_Wat,227.1288722
37,Sample_S19S_0036_Wat,229.0353497
38,Sample_S19S_0036_Wat,229.0717413
28,Sample_S19S_0036_Wat,229.1081151
36,Sample_S19S_0036_Wat,231.0873835
38,Sample_S19S_0036_Wat,233.0455307
36,Sample_S19S_0036_Wat,233.0819208
8,Sample_S19S_0036_Wat,233.1546845
39,Sample_S19S_0036_Wat,235.0247912
53,Sample_S19S_0036_Wat,235.0611873
39,Sample_S19S_0036_Wat,235.0975749
35,Sample_S19S_0036_Wat,236.0564412
44,Sample_S19S_0036_Wat,237.0404421
60,Sample_S19S_0036_Wat,237.0768351
39,Sample_S19S_0036_Wat,237.1132227
64,Sample_S19S_0036_Wat,239.0197221
89,Sample_S19S_0036_Wat,239.0561117
7,Sample_S19S_0036_Wat,239.0673352
87,Sample_S19S_0036_Wat,239.092497
43,Sample_S19S_0036_Wat,239.1288753
70,Sample_S19S_0036_Wat,241.03537
49,Sample_S19S_0036_Wat,241.0717422
31,Sample_S19S_0036_Wat,241.1081087
17,Sample_S19S_0036_Wat,241.1445007
40,Sample_S19S_0036_Wat,242.0670034
13,Sample_S19S_0036_Wat,242.139775
2,Sample_S19S_0036_Wat,242.1761465
77,Sample_S19S_0036_Wat,243.0510224
38,Sample_S19S_0036_Wat,243.0873816
17,Sample_S19S_0036_Wat,243.1237626
82,Sample_S19S_0036_Wat,245.0666847
64,Sample_S19S_0036_Wat,245.1030642
38,Sample_S19S_0036_Wat,247.024801
60,Sample_S19S_0036_Wat,247.0612011
63,Sample_S19S_0036_Wat,247.0975945
74,Sample_S19S_0036_Wat,249.0404675
78,Sample_S19S_0036_Wat,249.0768527
37,Sample_S19S_0036_Wat,249.1132224
66,Sample_S19S_0036_Wat,251.0197332
66,Sample_S19S_0036_Wat,251.0560986
101,Sample_S19S_0036_Wat,251.0925063
42,Sample_S19S_0036_Wat,251.1289035
37,Sample_S19S_0036_Wat,252.0513612
36,Sample_S19S_0036_Wat,252.0877348
97,Sample_S19S_0036_Wat,253.0353983
108,Sample_S19S_0036_Wat,253.0717756
42,Sample_S19S_0036_Wat,253.1081345
42,Sample_S19S_0036_Wat,253.1445337
30,Sample_S19S_0036_Wat,254.0670222
53,Sample_S19S_0036_Wat,255.0146298
92,Sample_S19S_0036_Wat,255.0510433
109,Sample_S19S_0036_Wat,255.0874163
35,Sample_S19S_0036_Wat,255.1237776
34,Sample_S19S_0036_Wat,256.0826837
76,Sample_S19S_0036_Wat,257.030304
98,Sample_S19S_0036_Wat,257.0666765
62,Sample_S19S_0036_Wat,257.1030521
46,Sample_S19S_0036_Wat,257.1394516
43,Sample_S19S_0036_Wat,259.0248281
83,Sample_S19S_0036_Wat,259.0459547
83,Sample_S19S_0036_Wat,259.0823405
61,Sample_S19S_0036_Wat,259.1187072
53,Sample_S19S_0036_Wat,261.040468
65,Sample_S19S_0036_Wat,261.061588
81,Sample_S19S_0036_Wat,261.0768598
46,Sample_S19S_0036_Wat,261.0980071
54,Sample_S19S_0036_Wat,261.1132477
43,Sample_S19S_0036_Wat,263.019721
80,Sample_S19S_0036_Wat,263.0561329
46,Sample_S19S_0036_Wat,263.0924815
4,Sample_S19S_0036_Wat,263.0958535
36,Sample_S19S_0036_Wat,263.128908
37,Sample_S19S_0036_Wat,264.0513612
36,Sample_S19S_0036_Wat,264.087752
81,Sample_S19S_0036_Wat,265.0353938
82,Sample_S19S_0036_Wat,265.0717855
90,Sample_S19S_0036_Wat,265.1081545
30,Sample_S19S_0036_Wat,265.1445692
44,Sample_S19S_0036_Wat,266.0670361
66,Sample_S19S_0036_Wat,267.0146829
109,Sample_S19S_0036_Wat,267.0510336
93,Sample_S19S_0036_Wat,267.0874299
81,Sample_S19S_0036_Wat,267.123805
34,Sample_S19S_0036_Wat,267.1601848
44,Sample_S19S_0036_Wat,268.0462977
50,Sample_S19S_0036_Wat,268.08266
77,Sample_S19S_0036_Wat,269.0303205
114,Sample_S19S_0036_Wat,269.0666802
99,Sample_S19S_0036_Wat,269.1030627
43,Sample_S19S_0036_Wat,269.1394657
42,Sample_S19S_0036_Wat,270.0619439
46,Sample_S19S_0036_Wat,270.0983057
76,Sample_S19S_0036_Wat,271.0459737
94,Sample_S19S_0036_Wat,271.0823212
81,Sample_S19S_0036_Wat,271.118718
38,Sample_S19S_0036_Wat,272.0775888
52,Sample_S19S_0036_Wat,273.040478
77,Sample_S19S_0036_Wat,273.061591
67,Sample_S19S_0036_Wat,273.0768603
73,Sample_S19S_0036_Wat,273.0979879
28,Sample_S19S_0036_Wat,273.1343844
54,Sample_S19S_0036_Wat,275.0197425
64,Sample_S19S_0036_Wat,275.0561155
76,Sample_S19S_0036_Wat,275.0772487
72,Sample_S19S_0036_Wat,275.0925149
66,Sample_S19S_0036_Wat,275.1136274
47,Sample_S19S_0036_Wat,275.1288873
82,Sample_S19S_0036_Wat,277.0354157
81,Sample_S19S_0036_Wat,277.0717892
77,Sample_S19S_0036_Wat,277.1081544
51,Sample_S19S_0036_Wat,277.1445377
27,Sample_S19S_0036_Wat,278.0306345
41,Sample_S19S_0036_Wat,278.0670289
42,Sample_S19S_0036_Wat,279.0146331
91,Sample_S19S_0036_Wat,279.0510516
57,Sample_S19S_0036_Wat,279.0874539
54,Sample_S19S_0036_Wat,279.1238221
38,Sample_S19S_0036_Wat,280.0463018
46,Sample_S19S_0036_Wat,280.0826921
83,Sample_S19S_0036_Wat,281.0303339
112,Sample_S19S_0036_Wat,281.0666829
67,Sample_S19S_0036_Wat,281.1030502
67,Sample_S19S_0036_Wat,281.1394597
35,Sample_S19S_0036_Wat,282.0983548
67,Sample_S19S_0036_Wat,283.0095898
105,Sample_S19S_0036_Wat,283.0459554
78,Sample_S19S_0036_Wat,283.0823169
104,Sample_S19S_0036_Wat,283.118715
32,Sample_S19S_0036_Wat,283.1551309
37,Sample_S19S_0036_Wat,284.0412345
49,Sample_S19S_0036_Wat,284.0776208
70,Sample_S19S_0036_Wat,285.025228
78,Sample_S19S_0036_Wat,285.0616357
39,Sample_S19S_0036_Wat,285.0980306
50,Sample_S19S_0036_Wat,285.1343948
35,Sample_S19S_0036_Wat,285.17075
35,Sample_S19S_0036_Wat,286.0568589
37,Sample_S19S_0036_Wat,286.0932539
46,Sample_S19S_0036_Wat,287.0197477
64,Sample_S19S_0036_Wat,287.0408776
59,Sample_S19S_0036_Wat,287.0561351
83,Sample_S19S_0036_Wat,287.0772537
58,Sample_S19S_0036_Wat,287.0925228
10,Sample_S19S_0036_Wat,287.0958808
81,Sample_S19S_0036_Wat,287.1136282
48,Sample_S19S_0036_Wat,287.150015
28,Sample_S19S_0036_Wat,288.1089115
65,Sample_S19S_0036_Wat,289.0354029
69,Sample_S19S_0036_Wat,289.0565242
84,Sample_S19S_0036_Wat,289.0717704
67,Sample_S19S_0036_Wat,289.0929075
59,Sample_S19S_0036_Wat,289.1081489
58,Sample_S19S_0036_Wat,289.1292776
11,Sample_S19S_0036_Wat,290.0882083
4,Sample_S19S_0036_Wat,290.1245994
54,Sample_S19S_0036_Wat,291.0146759
82,Sample_S19S_0036_Wat,291.0510416
77,Sample_S19S_0036_Wat,291.0874132
62,Sample_S19S_0036_Wat,291.1237966
27,Sample_S19S_0036_Wat,292.0462633
80,Sample_S19S_0036_Wat,293.0303357
87,Sample_S19S_0036_Wat,293.0667099
13,Sample_S19S_0036_Wat,293.0779374
98,Sample_S19S_0036_Wat,293.1030793
71,Sample_S19S_0036_Wat,293.1394564
11,Sample_S19S_0036_Wat,293.1757942
1,Sample_S19S_0036_Wat,293.179192
38,Sample_S19S_0036_Wat,294.0619153
46,Sample_S19S_0036_Wat,294.098304
44,Sample_S19S_0036_Wat,295.0095496
84,Sample_S19S_0036_Wat,295.0459444
115,Sample_S19S_0036_Wat,295.0823376
2,Sample_S19S_0036_Wat,295.093638
112,Sample_S19S_0036_Wat,295.1187213
49,Sample_S19S_0036_Wat,295.1550986
28,Sample_S19S_0036_Wat,296.0411763
44,Sample_S19S_0036_Wat,296.0775656
33,Sample_S19S_0036_Wat,296.1139469
80,Sample_S19S_0036_Wat,297.025237
95,Sample_S19S_0036_Wat,297.0616262
64,Sample_S19S_0036_Wat,297.0980154
40,Sample_S19S_0036_Wat,297.1344063
1,Sample_S19S_0036_Wat,297.1529844
19,Sample_S19S_0036_Wat,297.1707937
54,Sample_S19S_0036_Wat,298.0568737
48,Sample_S19S_0036_Wat,298.0932671
73,Sample_S19S_0036_Wat,299.0408894
97,Sample_S19S_0036_Wat,299.0772616
77,Sample_S19S_0036_Wat,299.1136455
64,Sample_S19S_0036_Wat,299.1500243
50,Sample_S19S_0036_Wat,300.0725
38,Sample_S19S_0036_Wat,300.1089049
59,Sample_S19S_0036_Wat,301.0201601
53,Sample_S19S_0036_Wat,301.0353903
70,Sample_S19S_0036_Wat,301.0565488
47,Sample_S19S_0036_Wat,301.071792
63,Sample_S19S_0036_Wat,301.092932
30,Sample_S19S_0036_Wat,301.1081829
46,Sample_S19S_0036_Wat,301.129318
31,Sample_S19S_0036_Wat,302.0881947
21,Sample_S19S_0036_Wat,302.1245742
46,Sample_S19S_0036_Wat,303.0146906
56,Sample_S19S_0036_Wat,303.0357821
69,Sample_S19S_0036_Wat,303.0510433
79,Sample_S19S_0036_Wat,303.0721573
66,Sample_S19S_0036_Wat,303.0874395
16,Sample_S19S_0036_Wat,303.0907893
82,Sample_S19S_0036_Wat,303.1085414
54,Sample_S19S_0036_Wat,303.1238249
52,Sample_S19S_0036_Wat,303.1449308
37,Sample_S19S_0036_Wat,304.0826613
24,Sample_S19S_0036_Wat,304.1038383
74,Sample_S19S_0036_Wat,305.0303157
37,Sample_S19S_0036_Wat,305.0514118
89,Sample_S19S_0036_Wat,305.0666877
79,Sample_S19S_0036_Wat,305.1030852
56,Sample_S19S_0036_Wat,305.1394662
20,Sample_S19S_0036_Wat,306.0831168
46,Sample_S19S_0036_Wat,306.0983427
43,Sample_S19S_0036_Wat,307.0095853
92,Sample_S19S_0036_Wat,307.0459779
65,Sample_S19S_0036_Wat,307.0823737
12,Sample_S19S_0036_Wat,307.0936059
46,Sample_S19S_0036_Wat,307.1187572
32,Sample_S19S_0036_Wat,307.1551342
50,Sample_S19S_0036_Wat,308.0412303
51,Sample_S19S_0036_Wat,308.0775973
49,Sample_S19S_0036_Wat,308.1139545
80,Sample_S19S_0036_Wat,309.0252469
112,Sample_S19S_0036_Wat,309.0616036
107,Sample_S19S_0036_Wat,309.0979773
6,Sample_S19S_0036_Wat,309.1092661
87,Sample_S19S_0036_Wat,309.1343649
36,Sample_S19S_0036_Wat,309.1707647
46,Sample_S19S_0036_Wat,310.0568411
53,Sample_S19S_0036_Wat,310.0932206
48,Sample_S19S_0036_Wat,310.1296176
87,Sample_S19S_0036_Wat,311.0408991
100,Sample_S19S_0036_Wat,311.0772659
18,Sample_S19S_0036_Wat,311.0885065
13,Sample_S19S_0036_Wat,311.105537
126,Sample_S19S_0036_Wat,311.1136352
70,Sample_S19S_0036_Wat,311.1500195
53,Sample_S19S_0036_Wat,312.0725103
56,Sample_S19S_0036_Wat,313.0201379
80,Sample_S19S_0036_Wat,313.0565398
83,Sample_S19S_0036_Wat,313.0929245
65,Sample_S19S_0036_Wat,313.1293014
52,Sample_S19S_0036_Wat,314.0517902
57,Sample_S19S_0036_Wat,314.0881771
40,Sample_S19S_0036_Wat,314.1245573
65,Sample_S19S_0036_Wat,315.035781
50,Sample_S19S_0036_Wat,315.0510397
73,Sample_S19S_0036_Wat,315.0721791
29,Sample_S19S_0036_Wat,315.0873994
61,Sample_S19S_0036_Wat,315.1085755
50,Sample_S19S_0036_Wat,315.1238052
43,Sample_S19S_0036_Wat,315.1449559
36,Sample_S19S_0036_Wat,316.0674166
45,Sample_S19S_0036_Wat,316.1038062
56,Sample_S19S_0036_Wat,317.0303382
64,Sample_S19S_0036_Wat,317.0514233
74,Sample_S19S_0036_Wat,317.0666936
87,Sample_S19S_0036_Wat,317.0878157
51,Sample_S19S_0036_Wat,317.1030588
44,Sample_S19S_0036_Wat,317.124227
53,Sample_S19S_0036_Wat,317.1394552
46,Sample_S19S_0036_Wat,318.0619419
19,Sample_S19S_0036_Wat,318.0831173
36,Sample_S19S_0036_Wat,318.0982984
19,Sample_S19S_0036_Wat,318.1194966
35,Sample_S19S_0036_Wat,319.009608
24,Sample_S19S_0036_Wat,319.0460069
41,Sample_S19S_0036_Wat,319.0670953
76,Sample_S19S_0036_Wat,319.0823624
35,Sample_S19S_0036_Wat,319.103481
80,Sample_S19S_0036_Wat,319.1187158
51,Sample_S19S_0036_Wat,319.1551015
40,Sample_S19S_0036_Wat,320.0776287
20,Sample_S19S_0036_Wat,320.0987676
15,Sample_S19S_0036_Wat,320.1351354
68,Sample_S19S_0036_Wat,321.0252313
73,Sample_S19S_0036_Wat,321.0616406
7,Sample_S19S_0036_Wat,321.0728956
45,Sample_S19S_0036_Wat,321.0980285
66,Sample_S19S_0036_Wat,321.1343949
36,Sample_S19S_0036_Wat,321.1707672
51,Sample_S19S_0036_Wat,322.0568903
55,Sample_S19S_0036_Wat,322.0932669
74,Sample_S19S_0036_Wat,323.0408542
104,Sample_S19S_0036_Wat,323.0772527
18,Sample_S19S_0036_Wat,323.0884973
59,Sample_S19S_0036_Wat,323.1136726
52,Sample_S19S_0036_Wat,323.1500462
25,Sample_S19S_0036_Wat,323.1864241
43,Sample_S19S_0036_Wat,324.0361498
54,Sample_S19S_0036_Wat,324.0725027
55,Sample_S19S_0036_Wat,324.108871
19,Sample_S19S_0036_Wat,325.0201894
88,Sample_S19S_0036_Wat,325.0565425
114,Sample_S19S_0036_Wat,325.0928926
77,Sample_S19S_0036_Wat,325.1292996
32,Sample_S19S_0036_Wat,325.1657004
1,Sample_S19S_0036_Wat,325.1842438
41,Sample_S19S_0036_Wat,326.0518083
60,Sample_S19S_0036_Wat,326.0881656
47,Sample_S19S_0036_Wat,326.1245662
69,Sample_S19S_0036_Wat,327.035782
40,Sample_S19S_0036_Wat,327.0510536
75,Sample_S19S_0036_Wat,327.0722018
20,Sample_S19S_0036_Wat,327.0834311
47,Sample_S19S_0036_Wat,327.0874372
77,Sample_S19S_0036_Wat,327.1085831
63,Sample_S19S_0036_Wat,327.1449492
46,Sample_S19S_0036_Wat,328.067419
57,Sample_S19S_0036_Wat,328.1037984
43,Sample_S19S_0036_Wat,329.0303285
48,Sample_S19S_0036_Wat,329.0514722
27,Sample_S19S_0036_Wat,329.0667319
17,Sample_S19S_0036_Wat,329.0700573
102,Sample_S19S_0036_Wat,329.0878075
50,Sample_S19S_0036_Wat,329.1030905
60,Sample_S19S_0036_Wat,329.1242163
14,Sample_S19S_0036_Wat,329.1394079
1,Sample_S19S_0036_Wat,329.152419
50,Sample_S19S_0036_Wat,329.1605843
27,Sample_S19S_0036_Wat,330.0831155
43,Sample_S19S_0036_Wat,330.1194763
52,Sample_S19S_0036_Wat,331.0307044
40,Sample_S19S_0036_Wat,331.0459941
64,Sample_S19S_0036_Wat,331.0670688
62,Sample_S19S_0036_Wat,331.0823608
18,Sample_S19S_0036_Wat,331.0857029
49,Sample_S19S_0036_Wat,331.1034998
68,Sample_S19S_0036_Wat,331.1187275
22,Sample_S19S_0036_Wat,331.1399002
15,Sample_S19S_0036_Wat,331.155166
33,Sample_S19S_0036_Wat,332.0412408
46,Sample_S19S_0036_Wat,332.0775831
39,Sample_S19S_0036_Wat,332.0987468
23,Sample_S19S_0036_Wat,332.1351167
26,Sample_S19S_0036_Wat,333.0252702
43,Sample_S19S_0036_Wat,333.0616512
42,Sample_S19S_0036_Wat,333.08277
79,Sample_S19S_0036_Wat,333.0980074
13,Sample_S19S_0036_Wat,333.1013488
11,Sample_S19S_0036_Wat,333.1191757
34,Sample_S19S_0036_Wat,333.1344131
25,Sample_S19S_0036_Wat,333.1707943
48,Sample_S19S_0036_Wat,334.0568812
20,Sample_S19S_0036_Wat,334.0780188
39,Sample_S19S_0036_Wat,334.0932769
12,Sample_S19S_0036_Wat,334.1144217
39,Sample_S19S_0036_Wat,335.004499
52,Sample_S19S_0036_Wat,335.0409093
89,Sample_S19S_0036_Wat,335.0772597
52,Sample_S19S_0036_Wat,335.1136067
58,Sample_S19S_0036_Wat,335.150042
28,Sample_S19S_0036_Wat,335.1864245
18,Sample_S19S_0036_Wat,336.0361684
28,Sample_S19S_0036_Wat,336.0725571
51,Sample_S19S_0036_Wat,336.1089144
60,Sample_S19S_0036_Wat,337.0201415
58,Sample_S19S_0036_Wat,337.0564852
16,Sample_S19S_0036_Wat,337.0695448
105,Sample_S19S_0036_Wat,337.0929176
7,Sample_S19S_0036_Wat,337.1041904
100,Sample_S19S_0036_Wat,337.1292866
49,Sample_S19S_0036_Wat,337.1656867
10,Sample_S19S_0036_Wat,338.0518396
66,Sample_S19S_0036_Wat,338.0881798
38,Sample_S19S_0036_Wat,338.1245766
67,Sample_S19S_0036_Wat,339.0357996
110,Sample_S19S_0036_Wat,339.0721726
117,Sample_S19S_0036_Wat,339.1085453
33,Sample_S19S_0036_Wat,339.1449816
34,Sample_S19S_0036_Wat,339.1813533
16,Sample_S19S_0036_Wat,340.0674792
52,Sample_S19S_0036_Wat,340.1038147
50,Sample_S19S_0036_Wat,341.0150623
71,Sample_S19S_0036_Wat,341.0514621
29,Sample_S19S_0036_Wat,341.0667303
111,Sample_S19S_0036_Wat,341.0878109
14,Sample_S19S_0036_Wat,341.0990914
37,Sample_S19S_0036_Wat,341.12425
46,Sample_S19S_0036_Wat,341.1606173
39,Sample_S19S_0036_Wat,342.0467143
57,Sample_S19S_0036_Wat,342.0830768
43,Sample_S19S_0036_Wat,342.1194926
57,Sample_S19S_0036_Wat,343.0307124
42,Sample_S19S_0036_Wat,343.0459579
55,Sample_S19S_0036_Wat,343.067113
18,Sample_S19S_0036_Wat,343.0823925
18,Sample_S19S_0036_Wat,343.0857039
101,Sample_S19S_0036_Wat,343.1034685
39,Sample_S19S_0036_Wat,343.1187422
16,Sample_S19S_0036_Wat,343.1399075
34,Sample_S19S_0036_Wat,343.1762631
44,Sample_S19S_0036_Wat,344.0623517
37,Sample_S19S_0036_Wat,344.0987606
47,Sample_S19S_0036_Wat,345.0252491
54,Sample_S19S_0036_Wat,345.0463327
61,Sample_S19S_0036_Wat,345.0616254
12,Sample_S19S_0036_Wat,345.0649742
57,Sample_S19S_0036_Wat,345.0827674
63,Sample_S19S_0036_Wat,345.0980089
6,Sample_S19S_0036_Wat,345.1013399
53,Sample_S19S_0036_Wat,345.1191373
22,Sample_S19S_0036_Wat,345.1344288
27,Sample_S19S_0036_Wat,345.1555412
38,Sample_S19S_0036_Wat,345.170772
32,Sample_S19S_0036_Wat,346.0569005
32,Sample_S19S_0036_Wat,346.07802
38,Sample_S19S_0036_Wat,346.1143644
14,Sample_S19S_0036_Wat,346.1507606
1,Sample_S19S_0036_Wat,346.2154294
64,Sample_S19S_0036_Wat,347.0408756
38,Sample_S19S_0036_Wat,347.0620279
88,Sample_S19S_0036_Wat,347.0772564
2,Sample_S19S_0036_Wat,347.0805924
27,Sample_S19S_0036_Wat,347.0903002
61,Sample_S19S_0036_Wat,347.0983726
42,Sample_S19S_0036_Wat,347.1136821
15,Sample_S19S_0036_Wat,347.1170036
23,Sample_S19S_0036_Wat,347.1348045
64,Sample_S19S_0036_Wat,347.1500262
11,Sample_S19S_0036_Wat,347.1864695
27,Sample_S19S_0036_Wat,348.0361356
26,Sample_S19S_0036_Wat,348.0725611
54,Sample_S19S_0036_Wat,348.1089104
10,Sample_S19S_0036_Wat,348.1300774
1,Sample_S19S_0036_Wat,348.231087
55,Sample_S19S_0036_Wat,349.0201636
79,Sample_S19S_0036_Wat,349.0929209
22,Sample_S19S_0036_Wat,349.1059291
81,Sample_S19S_0036_Wat,349.129303
56,Sample_S19S_0036_Wat,349.1656793
12,Sample_S19S_0036_Wat,349.2021049
15,Sample_S19S_0036_Wat,350.0518357
66,Sample_S19S_0036_Wat,350.0881844
19,Sample_S19S_0036_Wat,350.1245924
70,Sample_S19S_0036_Wat,351.0357871
80,Sample_S19S_0036_Wat,351.0721501
48,Sample_S19S_0036_Wat,351.1085115
25,Sample_S19S_0036_Wat,351.121581
45,Sample_S19S_0036_Wat,351.1449775
35,Sample_S19S_0036_Wat,351.1813076
23,Sample_S19S_0036_Wat,352.0674721
53,Sample_S19S_0036_Wat,352.1038206
27,Sample_S19S_0036_Wat,352.140233
52,Sample_S19S_0036_Wat,353.0514753
113,Sample_S19S_0036_Wat,353.0878166
12,Sample_S19S_0036_Wat,353.0990962
12,Sample_S19S_0036_Wat,353.1008561
75,Sample_S19S_0036_Wat,353.124233
46,Sample_S19S_0036_Wat,353.1605629
27,Sample_S19S_0036_Wat,353.1970034
41,Sample_S19S_0036_Wat,354.0467104
63,Sample_S19S_0036_Wat,354.0830704
52,Sample_S19S_0036_Wat,354.1194893
52,Sample_S19S_0036_Wat,355.0306981
29,Sample_S19S_0036_Wat,355.0459559
73,Sample_S19S_0036_Wat,355.0671162
99,Sample_S19S_0036_Wat,355.1034699
24,Sample_S19S_0036_Wat,355.1147135
40,Sample_S19S_0036_Wat,355.1187368
24,Sample_S19S_0036_Wat,355.1399086
40,Sample_S19S_0036_Wat,355.1762476
57,Sample_S19S_0036_Wat,356.0623586
29,Sample_S19S_0036_Wat,356.0987693
45,Sample_S19S_0036_Wat,356.1350838
55,Sample_S19S_0036_Wat,357.046323
45,Sample_S19S_0036_Wat,357.061636
92,Sample_S19S_0036_Wat,357.0827228
41,Sample_S19S_0036_Wat,357.0979761
26,Sample_S19S_0036_Wat,357.1110353
97,Sample_S19S_0036_Wat,357.1191097
30,Sample_S19S_0036_Wat,357.134414
64,Sample_S19S_0036_Wat,357.1554992
35,Sample_S19S_0036_Wat,358.0568909
49,Sample_S19S_0036_Wat,358.077999
15,Sample_S19S_0036_Wat,358.1507103
15,Sample_S19S_0036_Wat,359.0409252
58,Sample_S19S_0036_Wat,359.0619959
53,Sample_S19S_0036_Wat,359.077285
20,Sample_S19S_0036_Wat,359.0806207
34,Sample_S19S_0036_Wat,359.0984239
51,Sample_S19S_0036_Wat,359.1347452
58,Sample_S19S_0036_Wat,359.1500213
34,Sample_S19S_0036_Wat,359.1711775
32,Sample_S19S_0036_Wat,360.093678
2,Sample_S19S_0036_Wat,360.1299489
43,Sample_S19S_0036_Wat,361.0201475
49,Sample_S19S_0036_Wat,361.056505
21,Sample_S19S_0036_Wat,361.069538
38,Sample_S19S_0036_Wat,361.077621
72,Sample_S19S_0036_Wat,361.0929312
17,Sample_S19S_0036_Wat,361.0962708
44,Sample_S19S_0036_Wat,361.1140532
90,Sample_S19S_0036_Wat,361.1292859
34,Sample_S19S_0036_Wat,361.1423317
40,Sample_S19S_0036_Wat,361.1657046
58,Sample_S19S_0036_Wat,362.0881611
18,Sample_S19S_0036_Wat,362.1093336
5,Sample_S19S_0036_Wat,362.1246138
62,Sample_S19S_0036_Wat,363.0357881
51,Sample_S19S_0036_Wat,363.0722122
84,Sample_S19S_0036_Wat,363.108539
24,Sample_S19S_0036_Wat,363.1215932
37,Sample_S19S_0036_Wat,363.1449786
21,Sample_S19S_0036_Wat,363.1812892
51,Sample_S19S_0036_Wat,364.0674047
17,Sample_S19S_0036_Wat,364.0885367
57,Sample_S19S_0036_Wat,364.1038292
57,Sample_S19S_0036_Wat,364.1401707
23,Sample_S19S_0036_Wat,365.0513776
13,Sample_S19S_0036_Wat,365.0644569
96,Sample_S19S_0036_Wat,365.0878382
29,Sample_S19S_0036_Wat,365.1008669
44,Sample_S19S_0036_Wat,365.1241727
21,Sample_S19S_0036_Wat,365.137244
22,Sample_S19S_0036_Wat,365.1606438
33,Sample_S19S_0036_Wat,365.1969623
68,Sample_S19S_0036_Wat,366.0830912
61,Sample_S19S_0036_Wat,366.1194629
8,Sample_S19S_0036_Wat,366.1558943
57,Sample_S19S_0036_Wat,367.0306865
92,Sample_S19S_0036_Wat,367.0671094
113,Sample_S19S_0036_Wat,367.1034613
21,Sample_S19S_0036_Wat,367.1165264
15,Sample_S19S_0036_Wat,367.1399195
42,Sample_S19S_0036_Wat,367.1762158
23,Sample_S19S_0036_Wat,367.2126519
18,Sample_S19S_0036_Wat,368.0623951
77,Sample_S19S_0036_Wat,368.0987097
50,Sample_S19S_0036_Wat,368.1351331
47,Sample_S19S_0036_Wat,369.0463181
39,Sample_S19S_0036_Wat,369.061629
85,Sample_S19S_0036_Wat,369.0827443
23,Sample_S19S_0036_Wat,369.111039
28,Sample_S19S_0036_Wat,369.1190631
58,Sample_S19S_0036_Wat,369.1555194
15,Sample_S19S_0036_Wat,369.1837969
15,Sample_S19S_0036_Wat,369.1918398
54,Sample_S19S_0036_Wat,370.0779692
37,Sample_S19S_0036_Wat,370.1507341
22,Sample_S19S_0036_Wat,371.0255725
33,Sample_S19S_0036_Wat,371.0408802
69,Sample_S19S_0036_Wat,371.0620102
21,Sample_S19S_0036_Wat,371.0902981
47,Sample_S19S_0036_Wat,371.0983408
45,Sample_S19S_0036_Wat,371.1136558
56,Sample_S19S_0036_Wat,371.1347918
45,Sample_S19S_0036_Wat,371.171134
29,Sample_S19S_0036_Wat,372.0572277
53,Sample_S19S_0036_Wat,372.1300076
31,Sample_S19S_0036_Wat,372.1663973
21,Sample_S19S_0036_Wat,373.0201141
43,Sample_S19S_0036_Wat,373.0412407
56,Sample_S19S_0036_Wat,373.0565482
35,Sample_S19S_0036_Wat,373.0776886
40,Sample_S19S_0036_Wat,373.09294
31,Sample_S19S_0036_Wat,373.1059583
60,Sample_S19S_0036_Wat,373.1140108
17,Sample_S19S_0036_Wat,373.1504711
16,Sample_S19S_0036_Wat,373.1657318
6,Sample_S19S_0036_Wat,374.0729636
2,Sample_S19S_0036_Wat,374.1011509
12,Sample_S19S_0036_Wat,374.1245961
39,Sample_S19S_0036_Wat,374.1456527
22,Sample_S19S_0036_Wat,375.0358416
22,Sample_S19S_0036_Wat,375.0569615
66,Sample_S19S_0036_Wat,375.0721973
15,Sample_S19S_0036_Wat,375.0755416
29,Sample_S19S_0036_Wat,375.0852221
43,Sample_S19S_0036_Wat,375.0932745
33,Sample_S19S_0036_Wat,375.1297066
77,Sample_S19S_0036_Wat,375.1449442
29,Sample_S19S_0036_Wat,375.1579842
18,Sample_S19S_0036_Wat,375.1660121
28,Sample_S19S_0036_Wat,375.1812892
15,Sample_S19S_0036_Wat,375.194367
18,Sample_S19S_0036_Wat,376.031082
44,Sample_S19S_0036_Wat,376.0674564
26,Sample_S19S_0036_Wat,376.1249335
72,Sample_S19S_0036_Wat,377.0514538
58,Sample_S19S_0036_Wat,377.0877952
2,Sample_S19S_0036_Wat,377.0911145
22,Sample_S19S_0036_Wat,377.100823
95,Sample_S19S_0036_Wat,377.1241915
28,Sample_S19S_0036_Wat,377.1372608
53,Sample_S19S_0036_Wat,377.1606102
18,Sample_S19S_0036_Wat,377.1735945
18,Sample_S19S_0036_Wat,377.1969233
13,Sample_S19S_0036_Wat,378.0466478
46,Sample_S19S_0036_Wat,378.0831073
73,Sample_S19S_0036_Wat,378.1194361
60,Sample_S19S_0036_Wat,379.0307221
25,Sample_S19S_0036_Wat,379.0670295
19,Sample_S19S_0036_Wat,379.0800689
110,Sample_S19S_0036_Wat,379.1034645
30,Sample_S19S_0036_Wat,379.1165229
95,Sample_S19S_0036_Wat,379.1398402
24,Sample_S19S_0036_Wat,379.1528588
57,Sample_S19S_0036_Wat,379.1762343
67,Sample_S19S_0036_Wat,380.0987084
71,Sample_S19S_0036_Wat,380.1350974
67,Sample_S19S_0036_Wat,381.0463502
32,Sample_S19S_0036_Wat,381.0826619
8,Sample_S19S_0036_Wat,381.095685
102,Sample_S19S_0036_Wat,381.1191186
25,Sample_S19S_0036_Wat,381.1321708
83,Sample_S19S_0036_Wat,381.1555031
33,Sample_S19S_0036_Wat,381.1918695
58,Sample_S19S_0036_Wat,382.0779661
69,Sample_S19S_0036_Wat,382.1143936
29,Sample_S19S_0036_Wat,383.0255766
41,Sample_S19S_0036_Wat,383.0619616
39,Sample_S19S_0036_Wat,383.0772634
105,Sample_S19S_0036_Wat,383.0983806
17,Sample_S19S_0036_Wat,383.1095949
28,Sample_S19S_0036_Wat,383.1266887
36,Sample_S19S_0036_Wat,383.1347075
34,Sample_S19S_0036_Wat,383.1711132
34,Sample_S19S_0036_Wat,383.2075249
28,Sample_S19S_0036_Wat,384.0572385
63,Sample_S19S_0036_Wat,384.0936599
30,Sample_S19S_0036_Wat,384.1664077
9,Sample_S19S_0036_Wat,385.0201172
23,Sample_S19S_0036_Wat,385.0412026
32,Sample_S19S_0036_Wat,385.0564963
84,Sample_S19S_0036_Wat,385.0776412
53,Sample_S19S_0036_Wat,385.0929264
36,Sample_S19S_0036_Wat,385.1139909
30,Sample_S19S_0036_Wat,385.1292595
26,Sample_S19S_0036_Wat,385.1423072
37,Sample_S19S_0036_Wat,385.1503825
30,Sample_S19S_0036_Wat,385.1868285
36,Sample_S19S_0036_Wat,386.0728862
9,Sample_S19S_0036_Wat,386.1012164
53,Sample_S19S_0036_Wat,386.1093009
31,Sample_S19S_0036_Wat,386.1820531
44,Sample_S19S_0036_Wat,387.0358113
23,Sample_S19S_0036_Wat,387.0568488
16,Sample_S19S_0036_Wat,387.0721252
1,Sample_S19S_0036_Wat,387.075423
21,Sample_S19S_0036_Wat,387.0851909
30,Sample_S19S_0036_Wat,387.0932457
76,Sample_S19S_0036_Wat,387.1085636
84,Sample_S19S_0036_Wat,387.1296791
22,Sample_S19S_0036_Wat,387.1579654
14,Sample_S19S_0036_Wat,387.1659841
17,Sample_S19S_0036_Wat,387.19436
54,Sample_S19S_0036_Wat,388.0674506
32,Sample_S19S_0036_Wat,388.1037783
1,Sample_S19S_0036_Wat,388.1167563
48,Sample_S19S_0036_Wat,388.1249219
23,Sample_S19S_0036_Wat,389.0150297
27,Sample_S19S_0036_Wat,389.036144
43,Sample_S19S_0036_Wat,389.051417
12,Sample_S19S_0036_Wat,389.0644457
21,Sample_S19S_0036_Wat,389.0724972
72,Sample_S19S_0036_Wat,389.0878118
30,Sample_S19S_0036_Wat,389.1008827
34,Sample_S19S_0036_Wat,389.108981
89,Sample_S19S_0036_Wat,389.1242045
26,Sample_S19S_0036_Wat,389.1372295
17,Sample_S19S_0036_Wat,389.1452618
27,Sample_S19S_0036_Wat,389.1605387
22,Sample_S19S_0036_Wat,389.1736085
34,Sample_S19S_0036_Wat,389.1969883
22,Sample_S19S_0036_Wat,390.0466839
71,Sample_S19S_0036_Wat,390.083092
2,Sample_S19S_0036_Wat,390.0960611
25,Sample_S19S_0036_Wat,391.0307447
43,Sample_S19S_0036_Wat,391.0670531
2,Sample_S19S_0036_Wat,391.070384
16,Sample_S19S_0036_Wat,391.0881255
48,Sample_S19S_0036_Wat,391.1034381
48,Sample_S19S_0036_Wat,391.1398852
17,Sample_S19S_0036_Wat,391.1528412
35,Sample_S19S_0036_Wat,391.1762035
11,Sample_S19S_0036_Wat,391.1892281
30,Sample_S19S_0036_Wat,391.212612
40,Sample_S19S_0036_Wat,392.06231
12,Sample_S19S_0036_Wat,392.0834684
71,Sample_S19S_0036_Wat,392.098752
22,Sample_S19S_0036_Wat,392.1198706
59,Sample_S19S_0036_Wat,392.1351125
42,Sample_S19S_0036_Wat,393.0463154
15,Sample_S19S_0036_Wat,393.0593644
80,Sample_S19S_0036_Wat,393.0827628
87,Sample_S19S_0036_Wat,393.1191285
23,Sample_S19S_0036_Wat,393.1321265
2,Sample_S19S_0036_Wat,393.1475032
41,Sample_S19S_0036_Wat,393.1554711
19,Sample_S19S_0036_Wat,393.1685262
22,Sample_S19S_0036_Wat,393.1919402
25,Sample_S19S_0036_Wat,394.0415806
35,Sample_S19S_0036_Wat,394.078026
8,Sample_S19S_0036_Wat,394.0991655
46,Sample_S19S_0036_Wat,394.1144108
32,Sample_S19S_0036_Wat,395.0255818
56,Sample_S19S_0036_Wat,395.0619708
55,Sample_S19S_0036_Wat,395.0984243
18,Sample_S19S_0036_Wat,395.1114167
116,Sample_S19S_0036_Wat,395.1347697
21,Sample_S19S_0036_Wat,395.1477706
45,Sample_S19S_0036_Wat,395.171191
12,Sample_S19S_0036_Wat,395.2075813
63,Sample_S19S_0036_Wat,396.0936653
36,Sample_S19S_0036_Wat,396.13006
46,Sample_S19S_0036_Wat,397.0412485
31,Sample_S19S_0036_Wat,397.0775828
20,Sample_S19S_0036_Wat,397.1059758
71,Sample_S19S_0036_Wat,397.1140135
85,Sample_S19S_0036_Wat,397.1504225
23,Sample_S19S_0036_Wat,397.1867602
54,Sample_S19S_0036_Wat,398.0729329
61,Sample_S19S_0036_Wat,398.1456531
28,Sample_S19S_0036_Wat,399.0205105
8,Sample_S19S_0036_Wat,399.0356696
12,Sample_S19S_0036_Wat,399.0488349
18,Sample_S19S_0036_Wat,399.0568344
27,Sample_S19S_0036_Wat,399.0721389
26,Sample_S19S_0036_Wat,399.085227
67,Sample_S19S_0036_Wat,399.0932727
22,Sample_S19S_0036_Wat,399.1086044
62,Sample_S19S_0036_Wat,399.1296635
38,Sample_S19S_0036_Wat,399.1449193
15,Sample_S19S_0036_Wat,399.1579458
4,Sample_S19S_0036_Wat,399.1659287
15,Sample_S19S_0036_Wat,399.1943775
31,Sample_S19S_0036_Wat,399.2024375
34,Sample_S19S_0036_Wat,400.1249077
22,Sample_S19S_0036_Wat,401.0362034
51,Sample_S19S_0036_Wat,401.0514549
4,Sample_S19S_0036_Wat,401.0547584
17,Sample_S19S_0036_Wat,401.0644945
22,Sample_S19S_0036_Wat,401.0725084
60,Sample_S19S_0036_Wat,401.0878209
1,Sample_S19S_0036_Wat,401.0910681
54,Sample_S19S_0036_Wat,401.1089631
67,Sample_S19S_0036_Wat,401.1453284
58,Sample_S19S_0036_Wat,401.1605804
17,Sample_S19S_0036_Wat,401.1736033
15,Sample_S19S_0036_Wat,401.1816514
17,Sample_S19S_0036_Wat,401.2100146
12,Sample_S19S_0036_Wat,402.0831391
10,Sample_S19S_0036_Wat,402.0961225
3,Sample_S19S_0036_Wat,402.1042761
27,Sample_S19S_0036_Wat,402.1405573
12,Sample_S19S_0036_Wat,403.0305846
9,Sample_S19S_0036_Wat,403.0437271
19,Sample_S19S_0036_Wat,403.0517845
67,Sample_S19S_0036_Wat,403.0671122
3,Sample_S19S_0036_Wat,403.0704072
59,Sample_S19S_0036_Wat,403.0881974
65,Sample_S19S_0036_Wat,403.1034476
2,Sample_S19S_0036_Wat,403.1066431
23,Sample_S19S_0036_Wat,403.1164656
18,Sample_S19S_0036_Wat,403.1245163
80,Sample_S19S_0036_Wat,403.1398463
30,Sample_S19S_0036_Wat,403.1529106
27,Sample_S19S_0036_Wat,403.1609357
30,Sample_S19S_0036_Wat,403.1762826
55,Sample_S19S_0036_Wat,404.0623618
28,Sample_S19S_0036_Wat,404.0834492
64,Sample_S19S_0036_Wat,404.1351085
59,Sample_S19S_0036_Wat,405.0463718
47,Sample_S19S_0036_Wat,405.0827082
7,Sample_S19S_0036_Wat,405.103722
28,Sample_S19S_0036_Wat,405.1190623
32,Sample_S19S_0036_Wat,405.1321292
11,Sample_S19S_0036_Wat,405.1401404
49,Sample_S19S_0036_Wat,405.1555362
25,Sample_S19S_0036_Wat,405.1685606
35,Sample_S19S_0036_Wat,405.1918632
4,Sample_S19S_0036_Wat,405.2048711
6,Sample_S19S_0036_Wat,406.0990792
70,Sample_S19S_0036_Wat,406.1143545
19,Sample_S19S_0036_Wat,407.0255705
63,Sample_S19S_0036_Wat,407.0620299
17,Sample_S19S_0036_Wat,407.0750599
94,Sample_S19S_0036_Wat,407.0983755
15,Sample_S19S_0036_Wat,407.1113661
79,Sample_S19S_0036_Wat,407.1347505
25,Sample_S19S_0036_Wat,407.1477958
12,Sample_S19S_0036_Wat,407.1712237
17,Sample_S19S_0036_Wat,407.2075913
67,Sample_S19S_0036_Wat,408.0936661
81,Sample_S19S_0036_Wat,408.1300077
30,Sample_S19S_0036_Wat,409.0412228
28,Sample_S19S_0036_Wat,409.07757
11,Sample_S19S_0036_Wat,409.0905208
91,Sample_S19S_0036_Wat,409.1140221
17,Sample_S19S_0036_Wat,409.1270356
90,Sample_S19S_0036_Wat,409.1504235
10,Sample_S19S_0036_Wat,409.1787026
17,Sample_S19S_0036_Wat,409.1867344
53,Sample_S19S_0036_Wat,410.0729191
15,Sample_S19S_0036_Wat,410.1092388
56,Sample_S19S_0036_Wat,410.1456867
22,Sample_S19S_0036_Wat,411.0568579
78,Sample_S19S_0036_Wat,411.0933142
84,Sample_S19S_0036_Wat,411.1296933
31,Sample_S19S_0036_Wat,411.1579879
48,Sample_S19S_0036_Wat,411.1660419
4,Sample_S19S_0036_Wat,411.2022993
19,Sample_S19S_0036_Wat,412.0521769
41,Sample_S19S_0036_Wat,412.0885256
61,Sample_S19S_0036_Wat,412.1249118
29,Sample_S19S_0036_Wat,413.0361429
3,Sample_S19S_0036_Wat,413.0513424
11,Sample_S19S_0036_Wat,413.06446
9,Sample_S19S_0036_Wat,413.072442
28,Sample_S19S_0036_Wat,413.1008794
83,Sample_S19S_0036_Wat,413.1089345
20,Sample_S19S_0036_Wat,413.1372735
26,Sample_S19S_0036_Wat,413.1452768
23,Sample_S19S_0036_Wat,413.1736056
16,Sample_S19S_0036_Wat,413.1816156
19,Sample_S19S_0036_Wat,415.0306688
24,Sample_S19S_0036_Wat,415.0518724
6,Sample_S19S_0036_Wat,415.0671726
10,Sample_S19S_0036_Wat,415.080159
61,Sample_S19S_0036_Wat,415.0881916
57,Sample_S19S_0036_Wat,415.1034568
22,Sample_S19S_0036_Wat,415.1164835
37,Sample_S19S_0036_Wat,415.1245406
23,Sample_S19S_0036_Wat,415.1529316
54,Sample_S19S_0036_Wat,415.1609859
11,Sample_S19S_0036_Wat,415.1763155
25,Sample_S19S_0036_Wat,415.1973464
25,Sample_S19S_0036_Wat,416.0623295
4,Sample_S19S_0036_Wat,416.0986591
22,Sample_S19S_0036_Wat,417.0310977
32,Sample_S19S_0036_Wat,417.0463346
11,Sample_S19S_0036_Wat,417.0593749
18,Sample_S19S_0036_Wat,417.0674105
22,Sample_S19S_0036_Wat,417.0826722
1,Sample_S19S_0036_Wat,417.085967
17,Sample_S19S_0036_Wat,417.0957124
22,Sample_S19S_0036_Wat,417.1037889
76,Sample_S19S_0036_Wat,417.1191101
39,Sample_S19S_0036_Wat,417.1321667
37,Sample_S19S_0036_Wat,417.1402188
65,Sample_S19S_0036_Wat,417.1555165
41,Sample_S19S_0036_Wat,417.1685514
12,Sample_S19S_0036_Wat,417.1765666
4,Sample_S19S_0036_Wat,417.2048604
12,Sample_S19S_0036_Wat,418.0416648
43,Sample_S19S_0036_Wat,418.0779721
15,Sample_S19S_0036_Wat,418.1144292
24,Sample_S19S_0036_Wat,419.0256123
3,Sample_S19S_0036_Wat,419.0386764
34,Sample_S19S_0036_Wat,419.0619721
11,Sample_S19S_0036_Wat,419.0829959
14,Sample_S19S_0036_Wat,419.0982983
1,Sample_S19S_0036_Wat,419.1015327
10,Sample_S19S_0036_Wat,419.1113471
12,Sample_S19S_0036_Wat,419.1194106
88,Sample_S19S_0036_Wat,419.1347745
26,Sample_S19S_0036_Wat,419.1478319
42,Sample_S19S_0036_Wat,419.1711927
26,Sample_S19S_0036_Wat,419.1842051
42,Sample_S19S_0036_Wat,419.207525
39,Sample_S19S_0036_Wat,420.0572817
41,Sample_S19S_0036_Wat,421.0412704
21,Sample_S19S_0036_Wat,421.0777047
21,Sample_S19S_0036_Wat,421.0906648
95,Sample_S19S_0036_Wat,421.1140346
19,Sample_S19S_0036_Wat,421.1270174
81,Sample_S19S_0036_Wat,421.1504292
1,Sample_S19S_0036_Wat,421.1552081
25,Sample_S19S_0036_Wat,421.1634511
20,Sample_S19S_0036_Wat,421.1868654
3,Sample_S19S_0036_Wat,421.2232692
1,Sample_S19S_0036_Wat,421.2265386
46,Sample_S19S_0036_Wat,422.0728802
32,Sample_S19S_0036_Wat,422.1093338
22,Sample_S19S_0036_Wat,423.0205894
52,Sample_S19S_0036_Wat,423.0569089
29,Sample_S19S_0036_Wat,423.093231
4,Sample_S19S_0036_Wat,423.1061645
105,Sample_S19S_0036_Wat,423.1296813
14,Sample_S19S_0036_Wat,423.1426961
32,Sample_S19S_0036_Wat,423.1661225
18,Sample_S19S_0036_Wat,423.179095
44,Sample_S19S_0036_Wat,423.2024382
13,Sample_S19S_0036_Wat,424.0522173
1,Sample_S19S_0036_Wat,424.0886497
44,Sample_S19S_0036_Wat,424.1249783
45,Sample_S19S_0036_Wat,425.0361852
17,Sample_S19S_0036_Wat,425.0724714
16,Sample_S19S_0036_Wat,425.1008972
54,Sample_S19S_0036_Wat,425.1089252
21,Sample_S19S_0036_Wat,425.1453873
12,Sample_S19S_0036_Wat,425.1583275
45,Sample_S19S_0036_Wat,425.1816982
62,Sample_S19S_0036_Wat,426.1405881
50,Sample_S19S_0036_Wat,426.1769689
21,Sample_S19S_0036_Wat,427.0518808
11,Sample_S19S_0036_Wat,427.0801714
44,Sample_S19S_0036_Wat,427.088175
19,Sample_S19S_0036_Wat,427.1165345
77,Sample_S19S_0036_Wat,427.1245871
7,Sample_S19S_0036_Wat,427.1610597
29,Sample_S19S_0036_Wat,427.1973395
9,Sample_S19S_0036_Wat,428.1117671
32,Sample_S19S_0036_Wat,428.1562791
10,Sample_S19S_0036_Wat,428.1925676
28,Sample_S19S_0036_Wat,429.0310878
23,Sample_S19S_0036_Wat,429.0463286
48,Sample_S19S_0036_Wat,429.067488
2,Sample_S19S_0036_Wat,429.0829209
12,Sample_S19S_0036_Wat,429.1039457
5,Sample_S19S_0036_Wat,429.1192381
65,Sample_S19S_0036_Wat,429.1402424
26,Sample_S19S_0036_Wat,429.1555582
32,Sample_S19S_0036_Wat,429.1685491
22,Sample_S19S_0036_Wat,429.1765924
36,Sample_S19S_0036_Wat,429.1919036
36,Sample_S19S_0036_Wat,430.0991542
5,Sample_S19S_0036_Wat,430.1273505
47,Sample_S19S_0036_Wat,430.1354817
17,Sample_S19S_0036_Wat,431.0256563
6,Sample_S19S_0036_Wat,431.0386601
12,Sample_S19S_0036_Wat,431.04681
60,Sample_S19S_0036_Wat,431.0620177
45,Sample_S19S_0036_Wat,431.083125
67,Sample_S19S_0036_Wat,431.098388
19,Sample_S19S_0036_Wat,431.1113826
31,Sample_S19S_0036_Wat,431.1347291
28,Sample_S19S_0036_Wat,431.1477957
25,Sample_S19S_0036_Wat,431.1558407
33,Sample_S19S_0036_Wat,431.1711879
17,Sample_S19S_0036_Wat,431.2076023
7,Sample_S19S_0036_Wat,432.0573233
23,Sample_S19S_0036_Wat,432.078404
71,Sample_S19S_0036_Wat,432.093661
68,Sample_S19S_0036_Wat,432.1300404
39,Sample_S19S_0036_Wat,433.0412948
69,Sample_S19S_0036_Wat,433.077665
17,Sample_S19S_0036_Wat,433.0906617
16,Sample_S19S_0036_Wat,433.0986887
26,Sample_S19S_0036_Wat,433.1139658
11,Sample_S19S_0036_Wat,433.1269982
3,Sample_S19S_0036_Wat,433.13501
28,Sample_S19S_0036_Wat,433.1503758
31,Sample_S19S_0036_Wat,433.1634586
38,Sample_S19S_0036_Wat,433.1868494
12,Sample_S19S_0036_Wat,433.1998888
28,Sample_S19S_0036_Wat,433.223189
9,Sample_S19S_0036_Wat,434.072975
17,Sample_S19S_0036_Wat,434.1093421
40,Sample_S19S_0036_Wat,435.0569041
16,Sample_S19S_0036_Wat,435.0698968
72,Sample_S19S_0036_Wat,435.093324
18,Sample_S19S_0036_Wat,435.1062764
30,Sample_S19S_0036_Wat,435.1296329
7,Sample_S19S_0036_Wat,435.1426364
2,Sample_S19S_0036_Wat,435.160379
27,Sample_S19S_0036_Wat,435.1659973
18,Sample_S19S_0036_Wat,435.1790631
46,Sample_S19S_0036_Wat,435.2024665
17,Sample_S19S_0036_Wat,436.0521427
20,Sample_S19S_0036_Wat,436.0886111
6,Sample_S19S_0036_Wat,436.1250197
34,Sample_S19S_0036_Wat,437.0361523
20,Sample_S19S_0036_Wat,437.072483
29,Sample_S19S_0036_Wat,437.1088959
4,Sample_S19S_0036_Wat,437.1219003
59,Sample_S19S_0036_Wat,437.1453651
20,Sample_S19S_0036_Wat,437.158378
1,Sample_S19S_0036_Wat,437.1737814
49,Sample_S19S_0036_Wat,437.1817485
10,Sample_S19S_0036_Wat,437.1946984
10,Sample_S19S_0036_Wat,437.2180272
15,Sample_S19S_0036_Wat,438.0678822
70,Sample_S19S_0036_Wat,438.1405683
15,Sample_S19S_0036_Wat,439.051737
71,Sample_S19S_0036_Wat,439.0882098
80,Sample_S19S_0036_Wat,439.1246064
19,Sample_S19S_0036_Wat,439.1529344
34,Sample_S19S_0036_Wat,439.1609425
21,Sample_S19S_0036_Wat,439.1892886
20,Sample_S19S_0036_Wat,439.1973056
38,Sample_S19S_0036_Wat,440.0834468
35,Sample_S19S_0036_Wat,440.1198163
14,Sample_S19S_0036_Wat,441.0310268
33,Sample_S19S_0036_Wat,441.0674409
36,Sample_S19S_0036_Wat,441.1039049
57,Sample_S19S_0036_Wat,441.1402285
18,Sample_S19S_0036_Wat,441.168514
24,Sample_S19S_0036_Wat,441.1765589
12,Sample_S19S_0036_Wat,441.2049192
12,Sample_S19S_0036_Wat,441.2129575
9,Sample_S19S_0036_Wat,442.0990637
20,Sample_S19S_0036_Wat,442.135461
13,Sample_S19S_0036_Wat,443.0255061
20,Sample_S19S_0036_Wat,443.0466588
14,Sample_S19S_0036_Wat,443.061884
14,Sample_S19S_0036_Wat,443.0749837
32,Sample_S19S_0036_Wat,443.0830557
39,Sample_S19S_0036_Wat,443.0984287
19,Sample_S19S_0036_Wat,443.1114516
64,Sample_S19S_0036_Wat,443.119518
7,Sample_S19S_0036_Wat,443.1348538
24,Sample_S19S_0036_Wat,443.1478565
54,Sample_S19S_0036_Wat,443.1558944
25,Sample_S19S_0036_Wat,443.1711201
25,Sample_S19S_0036_Wat,443.1841796
16,Sample_S19S_0036_Wat,443.1922057
33,Sample_S19S_0036_Wat,444.0572726
31,Sample_S19S_0036_Wat,445.0412697
8,Sample_S19S_0036_Wat,445.054308
36,Sample_S19S_0036_Wat,445.0623769
33,Sample_S19S_0036_Wat,445.0776178
14,Sample_S19S_0036_Wat,445.0986624
4,Sample_S19S_0036_Wat,445.1083593
15,Sample_S19S_0036_Wat,445.1139537
22,Sample_S19S_0036_Wat,445.127011
15,Sample_S19S_0036_Wat,445.1350548
34,Sample_S19S_0036_Wat,445.1503907
35,Sample_S19S_0036_Wat,445.1634705
44,Sample_S19S_0036_Wat,445.1715289
39,Sample_S19S_0036_Wat,445.1868428
13,Sample_S19S_0036_Wat,446.0728598
2,Sample_S19S_0036_Wat,446.0939418
44,Sample_S19S_0036_Wat,446.1092739
10,Sample_S19S_0036_Wat,447.0204695
7,Sample_S19S_0036_Wat,447.056785
6,Sample_S19S_0036_Wat,447.0698296
7,Sample_S19S_0036_Wat,447.0779114
1,Sample_S19S_0036_Wat,447.0902189
14,Sample_S19S_0036_Wat,447.09323
18,Sample_S19S_0036_Wat,447.114388
78,Sample_S19S_0036_Wat,447.1297048
32,Sample_S19S_0036_Wat,447.1427418
10,Sample_S19S_0036_Wat,447.1507185
73,Sample_S19S_0036_Wat,447.1660641
29,Sample_S19S_0036_Wat,447.179104
16,Sample_S19S_0036_Wat,447.2023724
57,Sample_S19S_0036_Wat,448.088573
19,Sample_S19S_0036_Wat,448.1096972
16,Sample_S19S_0036_Wat,449.0360637
21,Sample_S19S_0036_Wat,449.0724952
91,Sample_S19S_0036_Wat,449.1089599
20,Sample_S19S_0036_Wat,449.1219859
83,Sample_S19S_0036_Wat,449.1453221
27,Sample_S19S_0036_Wat,449.1583358
26,Sample_S19S_0036_Wat,449.1816462
4,Sample_S19S_0036_Wat,449.1946593
12,Sample_S19S_0036_Wat,449.2180299
14,Sample_S19S_0036_Wat,451.0517204
38,Sample_S19S_0036_Wat,451.0881744
7,Sample_S19S_0036_Wat,451.1011798
61,Sample_S19S_0036_Wat,451.124616
19,Sample_S19S_0036_Wat,451.1376081
1,Sample_S19S_0036_Wat,451.1530256
35,Sample_S19S_0036_Wat,451.1609528
10,Sample_S19S_0036_Wat,451.1739524
11,Sample_S19S_0036_Wat,451.189303
6,Sample_S19S_0036_Wat,451.1972791
12,Sample_S19S_0036_Wat,451.2336787
37,Sample_S19S_0036_Wat,452.0834394
16,Sample_S19S_0036_Wat,452.1199139
22,Sample_S19S_0036_Wat,453.0310814
21,Sample_S19S_0036_Wat,453.0673983
17,Sample_S19S_0036_Wat,453.1037558
2,Sample_S19S_0036_Wat,453.1167686
17,Sample_S19S_0036_Wat,453.1321972
45,Sample_S19S_0036_Wat,453.140211
11,Sample_S19S_0036_Wat,453.1532352
5,Sample_S19S_0036_Wat,453.1686448
62,Sample_S19S_0036_Wat,453.1766436
16,Sample_S19S_0036_Wat,453.2049759
25,Sample_S19S_0036_Wat,454.0627542
37,Sample_S19S_0036_Wat,455.0467468
35,Sample_S19S_0036_Wat,455.0620251
47,Sample_S19S_0036_Wat,455.0831528
17,Sample_S19S_0036_Wat,455.111472
40,Sample_S19S_0036_Wat,455.1194736
21,Sample_S19S_0036_Wat,455.14777
16,Sample_S19S_0036_Wat,455.1558023
16,Sample_S19S_0036_Wat,455.1841535
16,Sample_S19S_0036_Wat,455.1921775
18,Sample_S19S_0036_Wat,455.2205892
35,Sample_S19S_0036_Wat,457.0624071
16,Sample_S19S_0036_Wat,457.0776174
9,Sample_S19S_0036_Wat,457.0906483
21,Sample_S19S_0036_Wat,457.0986905
21,Sample_S19S_0036_Wat,457.1139922
14,Sample_S19S_0036_Wat,457.1270095
23,Sample_S19S_0036_Wat,457.1350642
3,Sample_S19S_0036_Wat,457.1447412
17,Sample_S19S_0036_Wat,457.150377
23,Sample_S19S_0036_Wat,457.1634444
27,Sample_S19S_0036_Wat,457.1715231
46,Sample_S19S_0036_Wat,457.1868094
17,Sample_S19S_0036_Wat,457.1998933
29,Sample_S19S_0036_Wat,457.2079257
28,Sample_S19S_0036_Wat,458.0729028
14,Sample_S19S_0036_Wat,459.0205561
20,Sample_S19S_0036_Wat,459.0416602
19,Sample_S19S_0036_Wat,459.0568713
7,Sample_S19S_0036_Wat,459.069913
23,Sample_S19S_0036_Wat,459.0779746
1,Sample_S19S_0036_Wat,459.0875624
18,Sample_S19S_0036_Wat,459.0932353
1,Sample_S19S_0036_Wat,459.0964817
18,Sample_S19S_0036_Wat,459.1062882
27,Sample_S19S_0036_Wat,459.1143457
50,Sample_S19S_0036_Wat,459.1296693
33,Sample_S19S_0036_Wat,459.142719
37,Sample_S19S_0036_Wat,459.1508169
40,Sample_S19S_0036_Wat,459.1661042
32,Sample_S19S_0036_Wat,459.1872169
22,Sample_S19S_0036_Wat,459.2025048
8,Sample_S19S_0036_Wat,459.2155229
44,Sample_S19S_0036_Wat,460.1249704
27,Sample_S19S_0036_Wat,461.036196
25,Sample_S19S_0036_Wat,461.0572822
22,Sample_S19S_0036_Wat,461.0725007
14,Sample_S19S_0036_Wat,461.0855391
9,Sample_S19S_0036_Wat,461.0935699
11,Sample_S19S_0036_Wat,461.1088271
4,Sample_S19S_0036_Wat,461.1218899
12,Sample_S19S_0036_Wat,461.1299458
3,Sample_S19S_0036_Wat,461.1396751
21,Sample_S19S_0036_Wat,461.1452647
26,Sample_S19S_0036_Wat,461.1583343
36,Sample_S19S_0036_Wat,461.1817537
15,Sample_S19S_0036_Wat,461.1948089
26,Sample_S19S_0036_Wat,461.218132
25,Sample_S19S_0036_Wat,462.067799
15,Sample_S19S_0036_Wat,462.1042629
39,Sample_S19S_0036_Wat,463.0518315
45,Sample_S19S_0036_Wat,463.0881954
4,Sample_S19S_0036_Wat,463.1189274
16,Sample_S19S_0036_Wat,463.124491
4,Sample_S19S_0036_Wat,463.1375144
1,Sample_S19S_0036_Wat,463.1551267
9,Sample_S19S_0036_Wat,463.1608564
10,Sample_S19S_0036_Wat,463.1739081
20,Sample_S19S_0036_Wat,463.1972938
18,Sample_S19S_0036_Wat,463.210366
30,Sample_S19S_0036_Wat,463.2337601
23,Sample_S19S_0036_Wat,464.1198095
13,Sample_S19S_0036_Wat,465.0310055
13,Sample_S19S_0036_Wat,465.06738
2,Sample_S19S_0036_Wat,465.0804256
34,Sample_S19S_0036_Wat,465.1038259
20,Sample_S19S_0036_Wat,465.1168704
26,Sample_S19S_0036_Wat,465.1532935
6,Sample_S19S_0036_Wat,465.1686035
63,Sample_S19S_0036_Wat,465.1766182
15,Sample_S19S_0036_Wat,465.1896305
12,Sample_S19S_0036_Wat,465.2049695
15,Sample_S19S_0036_Wat,465.2129596
51,Sample_S19S_0036_Wat,466.1355201
1,Sample_S19S_0036_Wat,466.1435867
39,Sample_S19S_0036_Wat,467.0467531
52,Sample_S19S_0036_Wat,467.0831629
49,Sample_S19S_0036_Wat,467.1195422
27,Sample_S19S_0036_Wat,467.1478261
30,Sample_S19S_0036_Wat,467.1558326
23,Sample_S19S_0036_Wat,467.184209
10,Sample_S19S_0036_Wat,467.1921933
12,Sample_S19S_0036_Wat,467.220621
19,Sample_S19S_0036_Wat,467.2286363
26,Sample_S19S_0036_Wat,468.1147294
13,Sample_S19S_0036_Wat,469.0260039
32,Sample_S19S_0036_Wat,469.062394
25,Sample_S19S_0036_Wat,469.0986993
21,Sample_S19S_0036_Wat,469.1270251
16,Sample_S19S_0036_Wat,469.1350525
12,Sample_S19S_0036_Wat,469.1633964
2,Sample_S19S_0036_Wat,469.1811109
25,Sample_S19S_0036_Wat,469.199861
20,Sample_S19S_0036_Wat,469.2078959
10,Sample_S19S_0036_Wat,469.2362772
15,Sample_S19S_0036_Wat,471.0416901
30,Sample_S19S_0036_Wat,471.0569384
35,Sample_S19S_0036_Wat,471.0780166
18,Sample_S19S_0036_Wat,471.093255
16,Sample_S19S_0036_Wat,471.106291
6,Sample_S19S_0036_Wat,471.1295835
11,Sample_S19S_0036_Wat,471.1426129
13,Sample_S19S_0036_Wat,471.1506882
7,Sample_S19S_0036_Wat,471.16598
22,Sample_S19S_0036_Wat,471.1790652
20,Sample_S19S_0036_Wat,471.1871307
18,Sample_S19S_0036_Wat,471.2155389
14,Sample_S19S_0036_Wat,473.0361823
8,Sample_S19S_0036_Wat,473.0573502
32,Sample_S19S_0036_Wat,473.0726032
38,Sample_S19S_0036_Wat,473.0937108
57,Sample_S19S_0036_Wat,473.1089772
26,Sample_S19S_0036_Wat,473.121993
23,Sample_S19S_0036_Wat,473.1300234
5,Sample_S19S_0036_Wat,473.139667
21,Sample_S19S_0036_Wat,473.1452829
13,Sample_S19S_0036_Wat,473.1582831
16,Sample_S19S_0036_Wat,473.1663521
3,Sample_S19S_0036_Wat,473.1760299
18,Sample_S19S_0036_Wat,473.1816622
13,Sample_S19S_0036_Wat,473.1946924
14,Sample_S19S_0036_Wat,473.2027392
25,Sample_S19S_0036_Wat,473.2180738
18,Sample_S19S_0036_Wat,473.2311386
15,Sample_S19S_0036_Wat,474.0889636
20,Sample_S19S_0036_Wat,474.1042477
13,Sample_S19S_0036_Wat,475.0517049
10,Sample_S19S_0036_Wat,475.0648516
18,Sample_S19S_0036_Wat,475.0728791
26,Sample_S19S_0036_Wat,475.0881586
14,Sample_S19S_0036_Wat,475.1012806
18,Sample_S19S_0036_Wat,475.1092833
62,Sample_S19S_0036_Wat,475.1245966
28,Sample_S19S_0036_Wat,475.1376596
18,Sample_S19S_0036_Wat,475.1456774
63,Sample_S19S_0036_Wat,475.1609843
26,Sample_S19S_0036_Wat,475.1739813
3,Sample_S19S_0036_Wat,475.1916559
13,Sample_S19S_0036_Wat,475.1973043
4,Sample_S19S_0036_Wat,475.2103074
4,Sample_S19S_0036_Wat,475.2336051
7,Sample_S19S_0036_Wat,476.0833408
25,Sample_S19S_0036_Wat,476.1198125
25,Sample_S19S_0036_Wat,477.0311319
47,Sample_S19S_0036_Wat,477.0674882
3,Sample_S19S_0036_Wat,477.0805777
17,Sample_S19S_0036_Wat,477.1037802
18,Sample_S19S_0036_Wat,477.1168599
6,Sample_S19S_0036_Wat,477.1401075
8,Sample_S19S_0036_Wat,477.1531747
18,Sample_S19S_0036_Wat,477.1765167
6,Sample_S19S_0036_Wat,477.1895617
37,Sample_S19S_0036_Wat,477.2130039
9,Sample_S19S_0036_Wat,477.2493418
55,Sample_S19S_0036_Wat,478.0991507
5,Sample_S19S_0036_Wat,479.0466033
17,Sample_S19S_0036_Wat,479.0830028
11,Sample_S19S_0036_Wat,479.0961506
39,Sample_S19S_0036_Wat,479.1194663
21,Sample_S19S_0036_Wat,479.1325629
64,Sample_S19S_0036_Wat,479.1559168
12,Sample_S19S_0036_Wat,479.1689644
48,Sample_S19S_0036_Wat,479.1923063
15,Sample_S19S_0036_Wat,479.2053091
16,Sample_S19S_0036_Wat,479.2286027
9,Sample_S19S_0036_Wat,480.151082
6,Sample_S19S_0036_Wat,481.025885
18,Sample_S19S_0036_Wat,481.0623379
51,Sample_S19S_0036_Wat,481.0987747
70,Sample_S19S_0036_Wat,481.1351677
18,Sample_S19S_0036_Wat,481.1634867
50,Sample_S19S_0036_Wat,481.1715313
19,Sample_S19S_0036_Wat,481.199847
20,Sample_S19S_0036_Wat,481.2078283
5,Sample_S19S_0036_Wat,482.1302914
15,Sample_S19S_0036_Wat,483.0415833
10,Sample_S19S_0036_Wat,483.0568081
30,Sample_S19S_0036_Wat,483.0780208
6,Sample_S19S_0036_Wat,483.1064043
48,Sample_S19S_0036_Wat,483.1144642
22,Sample_S19S_0036_Wat,483.1297323
34,Sample_S19S_0036_Wat,483.1508531
15,Sample_S19S_0036_Wat,483.1660394
19,Sample_S19S_0036_Wat,483.1791639
28,Sample_S19S_0036_Wat,483.1871699
15,Sample_S19S_0036_Wat,483.2154832
14,Sample_S19S_0036_Wat,483.2234722
11,Sample_S19S_0036_Wat,484.1459881
9,Sample_S19S_0036_Wat,485.057196
13,Sample_S19S_0036_Wat,485.0724465
10,Sample_S19S_0036_Wat,485.0855526
28,Sample_S19S_0036_Wat,485.0936172
39,Sample_S19S_0036_Wat,485.1089501
16,Sample_S19S_0036_Wat,485.1220307
47,Sample_S19S_0036_Wat,485.1300644
2,Sample_S19S_0036_Wat,485.139617
27,Sample_S19S_0036_Wat,485.1453846
18,Sample_S19S_0036_Wat,485.1584131
33,Sample_S19S_0036_Wat,485.1664901
40,Sample_S19S_0036_Wat,485.181737
19,Sample_S19S_0036_Wat,485.1948096
2,Sample_S19S_0036_Wat,485.2310607
12,Sample_S19S_0036_Wat,487.0365498
16,Sample_S19S_0036_Wat,487.051792
7,Sample_S19S_0036_Wat,487.0648683
20,Sample_S19S_0036_Wat,487.072871
10,Sample_S19S_0036_Wat,487.088118
15,Sample_S19S_0036_Wat,487.1011949
10,Sample_S19S_0036_Wat,487.1092152
11,Sample_S19S_0036_Wat,487.1244947
17,Sample_S19S_0036_Wat,487.1375846
14,Sample_S19S_0036_Wat,487.1456408
2,Sample_S19S_0036_Wat,487.1552674
50,Sample_S19S_0036_Wat,487.1609704
20,Sample_S19S_0036_Wat,487.1740711
28,Sample_S19S_0036_Wat,487.18211
30,Sample_S19S_0036_Wat,487.1974177
5,Sample_S19S_0036_Wat,487.2104698
8,Sample_S19S_0036_Wat,489.0310445
42,Sample_S19S_0036_Wat,489.067487
4,Sample_S19S_0036_Wat,489.0982045
32,Sample_S19S_0036_Wat,489.1039118
34,Sample_S19S_0036_Wat,489.1249814
28,Sample_S19S_0036_Wat,489.1402055
21,Sample_S19S_0036_Wat,489.1532671
12,Sample_S19S_0036_Wat,489.1612651
1,Sample_S19S_0036_Wat,489.1708695
10,Sample_S19S_0036_Wat,489.1765226
7,Sample_S19S_0036_Wat,489.1895365
9,Sample_S19S_0036_Wat,489.2128864
6,Sample_S19S_0036_Wat,489.2259164
7,Sample_S19S_0036_Wat,489.2492677
2,Sample_S19S_0036_Wat,490.1201406
9,Sample_S19S_0036_Wat,491.0466906
8,Sample_S19S_0036_Wat,491.0597843
20,Sample_S19S_0036_Wat,491.0830123
10,Sample_S19S_0036_Wat,491.0961728
10,Sample_S19S_0036_Wat,491.1193786
18,Sample_S19S_0036_Wat,491.1325378
24,Sample_S19S_0036_Wat,491.1558203
22,Sample_S19S_0036_Wat,491.1689084
48,Sample_S19S_0036_Wat,491.1922945
8,Sample_S19S_0036_Wat,491.2053832
10,Sample_S19S_0036_Wat,491.2287423
40,Sample_S19S_0036_Wat,492.1147512
12,Sample_S19S_0036_Wat,493.0622921
23,Sample_S19S_0036_Wat,493.098712
2,Sample_S19S_0036_Wat,493.1294239
69,Sample_S19S_0036_Wat,493.1351653
1,Sample_S19S_0036_Wat,493.1636569
48,Sample_S19S_0036_Wat,493.1715856
5,Sample_S19S_0036_Wat,493.1999507
11,Sample_S19S_0036_Wat,493.2442171
13,Sample_S19S_0036_Wat,495.0415683
36,Sample_S19S_0036_Wat,495.0780179
43,Sample_S19S_0036_Wat,495.1144449
11,Sample_S19S_0036_Wat,495.1427989
60,Sample_S19S_0036_Wat,495.1507984
20,Sample_S19S_0036_Wat,495.1791573
1,Sample_S19S_0036_Wat,496.1905351
19,Sample_S19S_0036_Wat,497.0572968
27,Sample_S19S_0036_Wat,497.0725711
15,Sample_S19S_0036_Wat,497.0937782
15,Sample_S19S_0036_Wat,497.1301476
18,Sample_S19S_0036_Wat,497.1453801
26,Sample_S19S_0036_Wat,497.1947705
4,Sample_S19S_0036_Wat,497.2310629
2,Sample_S19S_0036_Wat,497.2390455
12,Sample_S19S_0036_Wat,498.1253978
35,Sample_S19S_0036_Wat,498.1617513
3,Sample_S19S_0036_Wat,498.1698072
1,Sample_S19S_0036_Wat,498.206115
8,Sample_S19S_0036_Wat,499.036451
6,Sample_S19S_0036_Wat,499.0516924
22,Sample_S19S_0036_Wat,499.0728848
9,Sample_S19S_0036_Wat,499.1012958
37,Sample_S19S_0036_Wat,499.1093112
38,Sample_S19S_0036_Wat,499.1246232
15,Sample_S19S_0036_Wat,499.1377212
48,Sample_S19S_0036_Wat,499.1457371
5,Sample_S19S_0036_Wat,499.1553132
12,Sample_S19S_0036_Wat,499.1610424
21,Sample_S19S_0036_Wat,499.1740741
23,Sample_S19S_0036_Wat,499.2104255
15,Sample_S19S_0036_Wat,499.2184243
7,Sample_S19S_0036_Wat,501.0310269
8,Sample_S19S_0036_Wat,501.0521674
18,Sample_S19S_0036_Wat,501.0673678
13,Sample_S19S_0036_Wat,501.080502
14,Sample_S19S_0036_Wat,501.0885018
10,Sample_S19S_0036_Wat,501.1037301
12,Sample_S19S_0036_Wat,501.116864
7,Sample_S19S_0036_Wat,501.1248479
19,Sample_S19S_0036_Wat,501.1401768
34,Sample_S19S_0036_Wat,501.1532967
19,Sample_S19S_0036_Wat,501.1612956
44,Sample_S19S_0036_Wat,501.1766253
29,Sample_S19S_0036_Wat,501.1896846
26,Sample_S19S_0036_Wat,501.2130646
10,Sample_S19S_0036_Wat,503.0468089
6,Sample_S19S_0036_Wat,503.0679918
4,Sample_S19S_0036_Wat,503.0832459
18,Sample_S19S_0036_Wat,503.1042984
54,Sample_S19S_0036_Wat,503.1195309
8,Sample_S19S_0036_Wat,503.1326318
19,Sample_S19S_0036_Wat,503.1405906
1,Sample_S19S_0036_Wat,503.1502092
25,Sample_S19S_0036_Wat,503.1558462
15,Sample_S19S_0036_Wat,503.1921795
4,Sample_S19S_0036_Wat,503.2051842
16,Sample_S19S_0036_Wat,503.2285615
6,Sample_S19S_0036_Wat,504.1512304
5,Sample_S19S_0036_Wat,505.0259469
10,Sample_S19S_0036_Wat,505.0622503
17,Sample_S19S_0036_Wat,505.098662
8,Sample_S19S_0036_Wat,505.1118569
17,Sample_S19S_0036_Wat,505.1350781
7,Sample_S19S_0036_Wat,505.1482794
64,Sample_S19S_0036_Wat,505.1715425
16,Sample_S19S_0036_Wat,505.1846129
30,Sample_S19S_0036_Wat,505.2079802
25,Sample_S19S_0036_Wat,505.2443315
5,Sample_S19S_0036_Wat,506.1303153
11,Sample_S19S_0036_Wat,507.0415912
25,Sample_S19S_0036_Wat,507.0780238
50,Sample_S19S_0036_Wat,507.1144464
60,Sample_S19S_0036_Wat,507.1508255
6,Sample_S19S_0036_Wat,507.179192
8,Sample_S19S_0036_Wat,507.2001826
6,Sample_S19S_0036_Wat,507.2598181
16,Sample_S19S_0036_Wat,509.0573918
40,Sample_S19S_0036_Wat,509.0937287
42,Sample_S19S_0036_Wat,509.1300451
10,Sample_S19S_0036_Wat,509.1583575
12,Sample_S19S_0036_Wat,509.1947371
6,Sample_S19S_0036_Wat,509.2391011
10,Sample_S19S_0036_Wat,510.0888729
7,Sample_S19S_0036_Wat,511.0366348
33,Sample_S19S_0036_Wat,511.0729714
29,Sample_S19S_0036_Wat,511.1092846
4,Sample_S19S_0036_Wat,511.1375472
11,Sample_S19S_0036_Wat,511.1739404
11,Sample_S19S_0036_Wat,511.2103696
10,Sample_S19S_0036_Wat,511.2183807
1,Sample_S19S_0036_Wat,512.1854652
11,Sample_S19S_0036_Wat,513.0522762
22,Sample_S19S_0036_Wat,513.0674942
4,Sample_S19S_0036_Wat,513.0804898
24,Sample_S19S_0036_Wat,513.0885835
19,Sample_S19S_0036_Wat,513.1169162
19,Sample_S19S_0036_Wat,513.1248843
6,Sample_S19S_0036_Wat,513.1401059
6,Sample_S19S_0036_Wat,513.1531789
6,Sample_S19S_0036_Wat,513.1612236
1,Sample_S19S_0036_Wat,513.1707685
3,Sample_S19S_0036_Wat,513.1764786
11,Sample_S19S_0036_Wat,513.1895585
7,Sample_S19S_0036_Wat,515.0467951
12,Sample_S19S_0036_Wat,515.0679477
34,Sample_S19S_0036_Wat,515.083157
28,Sample_S19S_0036_Wat,515.1042917
36,Sample_S19S_0036_Wat,515.1194964
7,Sample_S19S_0036_Wat,515.1326297
21,Sample_S19S_0036_Wat,515.1405768
12,Sample_S19S_0036_Wat,515.155816
17,Sample_S19S_0036_Wat,515.1688778
10,Sample_S19S_0036_Wat,515.1768835
8,Sample_S19S_0036_Wat,515.1921599
10,Sample_S19S_0036_Wat,515.2052029
1,Sample_S19S_0036_Wat,515.213195
5,Sample_S19S_0036_Wat,515.2285302
3,Sample_S19S_0036_Wat,515.2416147
4,Sample_S19S_0036_Wat,516.0993717
24,Sample_S19S_0036_Wat,517.0624113
11,Sample_S19S_0036_Wat,517.0835974
13,Sample_S19S_0036_Wat,517.098859
8,Sample_S19S_0036_Wat,517.1199999
8,Sample_S19S_0036_Wat,517.1352552
11,Sample_S19S_0036_Wat,517.1563614
12,Sample_S19S_0036_Wat,517.171616
16,Sample_S19S_0036_Wat,517.1846401
41,Sample_S19S_0036_Wat,517.2079237
8,Sample_S19S_0036_Wat,517.2442337
10,Sample_S19S_0036_Wat,518.1514949
5,Sample_S19S_0036_Wat,519.041577
10,Sample_S19S_0036_Wat,519.0779454
4,Sample_S19S_0036_Wat,519.0911551
14,Sample_S19S_0036_Wat,519.1143103
8,Sample_S19S_0036_Wat,519.1275578
27,Sample_S19S_0036_Wat,519.1507584
8,Sample_S19S_0036_Wat,519.1639413
53,Sample_S19S_0036_Wat,519.1872205
18,Sample_S19S_0036_Wat,519.2002386
17,Sample_S19S_0036_Wat,519.2236508
11,Sample_S19S_0036_Wat,519.2600027
24,Sample_S19S_0036_Wat,520.1461126
21,Sample_S19S_0036_Wat,521.0573462
30,Sample_S19S_0036_Wat,521.0937324
47,Sample_S19S_0036_Wat,521.1301011
26,Sample_S19S_0036_Wat,521.1663968
14,Sample_S19S_0036_Wat,521.1794927
3,Sample_S19S_0036_Wat,521.1946636
12,Sample_S19S_0036_Wat,521.2027235
2,Sample_S19S_0036_Wat,522.1251732
13,Sample_S19S_0036_Wat,523.0365285
11,Sample_S19S_0036_Wat,523.0728235
6,Sample_S19S_0036_Wat,523.1091901
6,Sample_S19S_0036_Wat,523.1376337
13,Sample_S19S_0036_Wat,523.1456062
13,Sample_S19S_0036_Wat,523.1739853
24,Sample_S19S_0036_Wat,523.1820717
18,Sample_S19S_0036_Wat,523.2104573
6,Sample_S19S_0036_Wat,523.2468227
9,Sample_S19S_0036_Wat,525.0521307
14,Sample_S19S_0036_Wat,525.0674542
25,Sample_S19S_0036_Wat,525.0885729
31,Sample_S19S_0036_Wat,525.1250197
36,Sample_S19S_0036_Wat,525.1614051
13,Sample_S19S_0036_Wat,525.2340332
27,Sample_S19S_0036_Wat,526.1566707
10,Sample_S19S_0036_Wat,526.1929575
1,Sample_S19S_0036_Wat,526.2010349
10,Sample_S19S_0036_Wat,527.0467883
14,Sample_S19S_0036_Wat,527.0679337
12,Sample_S19S_0036_Wat,527.1043114
15,Sample_S19S_0036_Wat,527.119585
38,Sample_S19S_0036_Wat,527.1406475
34,Sample_S19S_0036_Wat,527.1558917
23,Sample_S19S_0036_Wat,527.1689685
29,Sample_S19S_0036_Wat,527.1769645
6,Sample_S19S_0036_Wat,527.1922169
20,Sample_S19S_0036_Wat,527.2052882
7,Sample_S19S_0036_Wat,527.2132606
23,Sample_S19S_0036_Wat,528.135922
7,Sample_S19S_0036_Wat,529.047257
12,Sample_S19S_0036_Wat,529.0624704
8,Sample_S19S_0036_Wat,529.0836238
13,Sample_S19S_0036_Wat,529.0988481
21,Sample_S19S_0036_Wat,529.119899
35,Sample_S19S_0036_Wat,529.1351825
11,Sample_S19S_0036_Wat,529.1482589
21,Sample_S19S_0036_Wat,529.1562352
15,Sample_S19S_0036_Wat,529.1714748
23,Sample_S19S_0036_Wat,529.184567
11,Sample_S19S_0036_Wat,529.1925822
10,Sample_S19S_0036_Wat,529.2078283
7,Sample_S19S_0036_Wat,529.2208396
4,Sample_S19S_0036_Wat,531.0417642
10,Sample_S19S_0036_Wat,531.0629135
5,Sample_S19S_0036_Wat,531.0781475
15,Sample_S19S_0036_Wat,531.0992322
15,Sample_S19S_0036_Wat,531.1144803
22,Sample_S19S_0036_Wat,531.1355514
30,Sample_S19S_0036_Wat,531.1507766
19,Sample_S19S_0036_Wat,531.1638843
14,Sample_S19S_0036_Wat,531.1718519
13,Sample_S19S_0036_Wat,531.1871077
13,Sample_S19S_0036_Wat,531.2001725
20,Sample_S19S_0036_Wat,531.2234777
12,Sample_S19S_0036_Wat,532.1308495
7,Sample_S19S_0036_Wat,533.0574115
17,Sample_S19S_0036_Wat,533.0937827
29,Sample_S19S_0036_Wat,533.1301236
54,Sample_S19S_0036_Wat,533.166456
17,Sample_S19S_0036_Wat,533.1795306
15,Sample_S19S_0036_Wat,533.2027587
7,Sample_S19S_0036_Wat,533.2390944
18,Sample_S19S_0036_Wat,535.0730261
15,Sample_S19S_0036_Wat,535.1094222
10,Sample_S19S_0036_Wat,535.1458132
22,Sample_S19S_0036_Wat,535.1821751
13,Sample_S19S_0036_Wat,535.2547783
6,Sample_S19S_0036_Wat,537.0520931
17,Sample_S19S_0036_Wat,537.0884904
33,Sample_S19S_0036_Wat,537.1249315
14,Sample_S19S_0036_Wat,537.1533456
42,Sample_S19S_0036_Wat,537.161382
5,Sample_S19S_0036_Wat,537.1897464
17,Sample_S19S_0036_Wat,537.1978101
11,Sample_S19S_0036_Wat,537.2342192
16,Sample_S19S_0036_Wat,539.0679143
21,Sample_S19S_0036_Wat,539.1042196
10,Sample_S19S_0036_Wat,539.1325679
26,Sample_S19S_0036_Wat,539.1405618
8,Sample_S19S_0036_Wat,539.1688297
6,Sample_S19S_0036_Wat,539.1768779
5,Sample_S19S_0036_Wat,539.2051955
3,Sample_S19S_0036_Wat,539.2132409
4,Sample_S19S_0036_Wat,539.2416063
3,Sample_S19S_0036_Wat,539.2496267
6,Sample_S19S_0036_Wat,541.0470414
15,Sample_S19S_0036_Wat,541.0623672
24,Sample_S19S_0036_Wat,541.0834882
25,Sample_S19S_0036_Wat,541.0988161
26,Sample_S19S_0036_Wat,541.1199147
4,Sample_S19S_0036_Wat,541.1352769
16,Sample_S19S_0036_Wat,541.1563515
5,Sample_S19S_0036_Wat,541.1927684
6,Sample_S19S_0036_Wat,541.2573331
4,Sample_S19S_0036_Wat,543.0418148
9,Sample_S19S_0036_Wat,543.0629181
11,Sample_S19S_0036_Wat,543.0781158
21,Sample_S19S_0036_Wat,543.09918
24,Sample_S19S_0036_Wat,543.1144211
21,Sample_S19S_0036_Wat,543.1355017
25,Sample_S19S_0036_Wat,543.1507543
16,Sample_S19S_0036_Wat,543.1638009
13,Sample_S19S_0036_Wat,543.1718262
7,Sample_S19S_0036_Wat,543.1870791
9,Sample_S19S_0036_Wat,543.2001267
1,Sample_S19S_0036_Wat,543.208077
1,Sample_S19S_0036_Wat,543.2234029
5,Sample_S19S_0036_Wat,543.236535
7,Sample_S19S_0036_Wat,545.0783592
8,Sample_S19S_0036_Wat,545.0935509
10,Sample_S19S_0036_Wat,545.1147104
14,Sample_S19S_0036_Wat,545.1299664
6,Sample_S19S_0036_Wat,545.1432084
23,Sample_S19S_0036_Wat,545.1511507
29,Sample_S19S_0036_Wat,545.1664409
7,Sample_S19S_0036_Wat,545.1795929
32,Sample_S19S_0036_Wat,545.2028931
14,Sample_S19S_0036_Wat,545.2159419
5,Sample_S19S_0036_Wat,545.2393178
9,Sample_S19S_0036_Wat,547.0364584
15,Sample_S19S_0036_Wat,547.0729547
17,Sample_S19S_0036_Wat,547.109415
16,Sample_S19S_0036_Wat,547.145805
2,Sample_S19S_0036_Wat,547.1822164
3,Sample_S19S_0036_Wat,547.1952584
16,Sample_S19S_0036_Wat,547.2185618
17,Sample_S19S_0036_Wat,547.2548518
11,Sample_S19S_0036_Wat,549.0523077
11,Sample_S19S_0036_Wat,549.0887119
14,Sample_S19S_0036_Wat,549.1250923
19,Sample_S19S_0036_Wat,549.1614413
7,Sample_S19S_0036_Wat,549.1744876
35,Sample_S19S_0036_Wat,549.1977663
14,Sample_S19S_0036_Wat,549.2340464
14,Sample_S19S_0036_Wat,551.0679996
16,Sample_S19S_0036_Wat,551.10435
25,Sample_S19S_0036_Wat,551.140683
13,Sample_S19S_0036_Wat,551.1689448
25,Sample_S19S_0036_Wat,551.1769906
9,Sample_S19S_0036_Wat,551.2052511
18,Sample_S19S_0036_Wat,551.2133063
5,Sample_S19S_0036_Wat,551.2496307
3,Sample_S19S_0036_Wat,552.1357425
10,Sample_S19S_0036_Wat,553.0472596
8,Sample_S19S_0036_Wat,553.0836572
20,Sample_S19S_0036_Wat,553.1199748
2,Sample_S19S_0036_Wat,553.1483118
45,Sample_S19S_0036_Wat,553.1562956
19,Sample_S19S_0036_Wat,553.1925971
4,Sample_S19S_0036_Wat,553.2288832
10,Sample_S19S_0036_Wat,555.0629131
5,Sample_S19S_0036_Wat,555.0993123
6,Sample_S19S_0036_Wat,555.1356619
1,Sample_S19S_0036_Wat,555.1639967
15,Sample_S19S_0036_Wat,555.1720029
21,Sample_S19S_0036_Wat,555.2082923
7,Sample_S19S_0036_Wat,555.2365023
2,Sample_S19S_0036_Wat,555.2728474
18,Sample_S19S_0036_Wat,557.0937315
15,Sample_S19S_0036_Wat,557.1149049
1,Sample_S19S_0036_Wat,557.1302225
4,Sample_S19S_0036_Wat,557.1513467
1,Sample_S19S_0036_Wat,557.1797008
4,Sample_S19S_0036_Wat,557.1877224
1,Sample_S19S_0036_Wat,559.0727284
24,Sample_S19S_0036_Wat,559.1456819
2,Sample_S19S_0036_Wat,559.2316115
11,Sample_S19S_0036_Wat,561.0522506
14,Sample_S19S_0036_Wat,561.0885432
7,Sample_S19S_0036_Wat,561.1248442
3,Sample_S19S_0036_Wat,561.1611805
11,Sample_S19S_0036_Wat,561.1743368
1,Sample_S19S_0036_Wat,561.1975534
7,Sample_S19S_0036_Wat,561.2106672
8,Sample_S19S_0036_Wat,561.2339983
19,Sample_S19S_0036_Wat,563.0679011
8,Sample_S19S_0036_Wat,563.1043787
8,Sample_S19S_0036_Wat,563.140767
4,Sample_S19S_0036_Wat,563.1771352
23,Sample_S19S_0036_Wat,563.2134586
15,Sample_S19S_0036_Wat,563.2497644
5,Sample_S19S_0036_Wat,565.0470587
9,Sample_S19S_0036_Wat,565.0833841
1,Sample_S19S_0036_Wat,565.1561141
1,Sample_S19S_0036_Wat,565.1844084
3,Sample_S19S_0036_Wat,565.2208348
15,Sample_S19S_0036_Wat,565.2290122
12,Sample_S19S_0036_Wat,567.0628477
15,Sample_S19S_0036_Wat,567.0992538
9,Sample_S19S_0036_Wat,567.1356587
14,Sample_S19S_0036_Wat,567.2083955
9,Sample_S19S_0036_Wat,567.2366591
15,Sample_S19S_0036_Wat,567.2446704
14,Sample_S19S_0036_Wat,569.0784551
15,Sample_S19S_0036_Wat,569.1147778
10,Sample_S19S_0036_Wat,569.1510794
11,Sample_S19S_0036_Wat,569.17943
2,Sample_S19S_0036_Wat,569.1874013
2,Sample_S19S_0036_Wat,569.2157305
1,Sample_S19S_0036_Wat,569.223732
1,Sample_S19S_0036_Wat,571.0727742
1,Sample_S19S_0036_Wat,571.0939164
19,Sample_S19S_0036_Wat,571.1303995
26,Sample_S19S_0036_Wat,571.1457131
7,Sample_S19S_0036_Wat,571.1588445
19,Sample_S19S_0036_Wat,571.1668216
6,Sample_S19S_0036_Wat,571.1952621
9,Sample_S19S_0036_Wat,571.2185728
8,Sample_S19S_0036_Wat,573.0521883
12,Sample_S19S_0036_Wat,573.073421
19,Sample_S19S_0036_Wat,573.0886509
13,Sample_S19S_0036_Wat,573.1250609
14,Sample_S19S_0036_Wat,573.1461913
7,Sample_S19S_0036_Wat,573.1615077
5,Sample_S19S_0036_Wat,575.0680122
7,Sample_S19S_0036_Wat,575.1043617
7,Sample_S19S_0036_Wat,575.1407714
24,Sample_S19S_0036_Wat,575.1770756
12,Sample_S19S_0036_Wat,575.190103
30,Sample_S19S_0036_Wat,575.213398
13,Sample_S19S_0036_Wat,575.2497017
4,Sample_S19S_0036_Wat,577.0472834
5,Sample_S19S_0036_Wat,577.0836723
40,Sample_S19S_0036_Wat,577.1563035
22,Sample_S19S_0036_Wat,577.1926143
5,Sample_S19S_0036_Wat,577.228924
7,Sample_S19S_0036_Wat,579.0629358
12,Sample_S19S_0036_Wat,579.0992643
26,Sample_S19S_0036_Wat,579.1355972
35,Sample_S19S_0036_Wat,579.1719274
16,Sample_S19S_0036_Wat,579.2082488
5,Sample_S19S_0036_Wat,579.2445526
7,Sample_S19S_0036_Wat,581.0785526
23,Sample_S19S_0036_Wat,581.1148894
35,Sample_S19S_0036_Wat,581.1512226
24,Sample_S19S_0036_Wat,581.1875335
21,Sample_S19S_0036_Wat,581.2238624
7,Sample_S19S_0036_Wat,581.2602074
1,Sample_S19S_0036_Wat,583.0731247
1,Sample_S19S_0036_Wat,583.094266
9,Sample_S19S_0036_Wat,583.1306046
16,Sample_S19S_0036_Wat,583.1669172
8,Sample_S19S_0036_Wat,583.1952442
19,Sample_S19S_0036_Wat,583.2032587
12,Sample_S19S_0036_Wat,583.2314722
15,Sample_S19S_0036_Wat,583.2395225
8,Sample_S19S_0036_Wat,585.0734724
6,Sample_S19S_0036_Wat,585.0886953
6,Sample_S19S_0036_Wat,585.1098543
5,Sample_S19S_0036_Wat,585.197889
4,Sample_S19S_0036_Wat,585.2190128
13,Sample_S19S_0036_Wat,587.1405809
11,Sample_S19S_0036_Wat,587.161795
24,Sample_S19S_0036_Wat,587.1770783
8,Sample_S19S_0036_Wat,587.19016
15,Sample_S19S_0036_Wat,587.2134744
5,Sample_S19S_0036_Wat,587.2265632
13,Sample_S19S_0036_Wat,587.2498677
5,Sample_S19S_0036_Wat,589.0833727
5,Sample_S19S_0036_Wat,589.2652893
7,Sample_S19S_0036_Wat,591.0629191
5,Sample_S19S_0036_Wat,591.0993225
3,Sample_S19S_0036_Wat,591.135742
10,Sample_S19S_0036_Wat,591.1720289
13,Sample_S19S_0036_Wat,591.2083514
12,Sample_S19S_0036_Wat,591.2446301
2,Sample_S19S_0036_Wat,593.078251
1,Sample_S19S_0036_Wat,593.1146582
7,Sample_S19S_0036_Wat,593.1511079
27,Sample_S19S_0036_Wat,593.1875846
16,Sample_S19S_0036_Wat,593.2240288
7,Sample_S19S_0036_Wat,593.2604417
14,Sample_S19S_0036_Wat,595.1667494
2,Sample_S19S_0036_Wat,597.0731946
12,Sample_S19S_0036_Wat,597.1460191
25,Sample_S19S_0036_Wat,597.1824999
26,Sample_S19S_0036_Wat,597.2188862
14,Sample_S19S_0036_Wat,599.1254651
17,Sample_S19S_0036_Wat,599.1618335
26,Sample_S19S_0036_Wat,599.1770211
8,Sample_S19S_0036_Wat,599.1981029
16,Sample_S19S_0036_Wat,601.1198745
2,Sample_S19S_0036_Wat,601.1560091
23,Sample_S19S_0036_Wat,603.1719444
14,Sample_S19S_0036_Wat,603.2083804
4,Sample_S19S_0036_Wat,605.1149751
2,Sample_S19S_0036_Wat,605.1513953
8,Sample_S19S_0036_Wat,605.1877226
5,Sample_S19S_0036_Wat,605.2240726
16,Sample_S19S_0036_Wat,607.094164
26,Sample_S19S_0036_Wat,607.1304892
1,Sample_S19S_0036_Wat,607.2394004
16,Sample_S19S_0036_Wat,609.1096597
3,Sample_S19S_0036_Wat,609.1459321
1,Sample_S19S_0036_Wat,609.1822447
2,Sample_S19S_0036_Wat,609.2185999
1,Sample_S19S_0036_Wat,611.125099
1,Sample_S19S_0036_Wat,611.1978745
11,Sample_S19S_0036_Wat,621.1098264
16,Sample_S19S_0036_Wat,621.1461897
24,Sample_S19S_0036_Wat,621.1825214
16,Sample_S19S_0036_Wat,621.218773
2,Sample_S19S_0036_Wat,623.162005
2,Sample_S19S_0036_Wat,623.1983716
1,Sample_S19S_0036_Wat,623.2347542
1,Sample_S19S_0036_Wat,625.1044435
3,Sample_S19S_0036_Wat,625.1408979
15,Sample_S19S_0036_Wat,625.2137878
14,Sample_S19S_0036_Wat,631.1667917
14,Sample_S19S_0036_Wat,633.1097626
18,Sample_S19S_0036_Wat,635.1617901
8,Sample_S19S_0036_Wat,635.1982777
6,Sample_S19S_0036_Wat,635.2346553
8,Sample_S19S_0036_Wat,637.1408976
1,Sample_S19S_0036_Wat,637.1771558
6,Sample_S19S_0036_Wat,663.1931909
1,Sample_S19S_0036_Wat,663.2659634
1,Sample_S19S_0036_Wat,669.2402052
7,Sample_S19S_0036_Wat,675.193045
2,Sample_S19S_0036_Wat,689.2089323
