num.trans.involved.in,sample,peak
27,Sample_S19S_0093_Wat,209.0455114
22,Sample_S19S_0093_Wat,209.0818981
40,Sample_S19S_0093_Wat,211.0611736
22,Sample_S19S_0093_Wat,211.097555
19,Sample_S19S_0093_Wat,213.0404285
31,Sample_S19S_0093_Wat,213.0768216
23,Sample_S19S_0093_Wat,215.0560786
8,Sample_S19S_0093_Wat,215.1288446
13,Sample_S19S_0093_Wat,219.0662407
32,Sample_S19S_0093_Wat,221.0455191
15,Sample_S19S_0093_Wat,221.0818912
41,Sample_S19S_0093_Wat,223.0247931
12,Sample_S19S_0093_Wat,223.0611523
37,Sample_S19S_0093_Wat,223.0975605
19,Sample_S19S_0093_Wat,224.0564233
10,Sample_S19S_0093_Wat,225.0040321
68,Sample_S19S_0093_Wat,225.0404494
38,Sample_S19S_0093_Wat,225.0768195
24,Sample_S19S_0093_Wat,227.056079
35,Sample_S19S_0093_Wat,227.092466
33,Sample_S19S_0093_Wat,229.0717413
17,Sample_S19S_0093_Wat,229.14452
31,Sample_S19S_0093_Wat,231.0873835
39,Sample_S19S_0093_Wat,233.0091463
40,Sample_S19S_0093_Wat,233.0455307
9,Sample_S19S_0093_Wat,233.1546845
57,Sample_S19S_0093_Wat,235.0611873
38,Sample_S19S_0093_Wat,235.0975749
39,Sample_S19S_0093_Wat,236.0564412
46,Sample_S19S_0093_Wat,237.0404421
60,Sample_S19S_0093_Wat,237.0768351
36,Sample_S19S_0093_Wat,237.1132227
21,Sample_S19S_0093_Wat,238.0720655
65,Sample_S19S_0093_Wat,239.0197221
98,Sample_S19S_0093_Wat,239.0561117
6,Sample_S19S_0093_Wat,239.0673352
87,Sample_S19S_0093_Wat,239.092497
37,Sample_S19S_0093_Wat,239.1288753
70,Sample_S19S_0093_Wat,241.03537
43,Sample_S19S_0093_Wat,241.0717422
23,Sample_S19S_0093_Wat,241.1081087
12,Sample_S19S_0093_Wat,242.139775
2,Sample_S19S_0093_Wat,242.1761465
74,Sample_S19S_0093_Wat,243.0510224
30,Sample_S19S_0093_Wat,243.0873816
11,Sample_S19S_0093_Wat,245.0489119
78,Sample_S19S_0093_Wat,245.0666847
49,Sample_S19S_0093_Wat,245.0819342
56,Sample_S19S_0093_Wat,245.1030642
39,Sample_S19S_0093_Wat,247.024801
67,Sample_S19S_0093_Wat,247.0612011
33,Sample_S19S_0093_Wat,248.0564361
78,Sample_S19S_0093_Wat,249.0404675
86,Sample_S19S_0093_Wat,249.0768527
36,Sample_S19S_0093_Wat,249.1132224
77,Sample_S19S_0093_Wat,251.0197332
73,Sample_S19S_0093_Wat,251.0560986
104,Sample_S19S_0093_Wat,251.0925063
35,Sample_S19S_0093_Wat,251.1289035
41,Sample_S19S_0093_Wat,252.0513612
39,Sample_S19S_0093_Wat,252.0877348
102,Sample_S19S_0093_Wat,253.0353983
116,Sample_S19S_0093_Wat,253.0717756
40,Sample_S19S_0093_Wat,253.1081345
36,Sample_S19S_0093_Wat,253.1445337
38,Sample_S19S_0093_Wat,254.0670222
103,Sample_S19S_0093_Wat,255.0510433
107,Sample_S19S_0093_Wat,255.0874163
33,Sample_S19S_0093_Wat,255.1237776
43,Sample_S19S_0093_Wat,256.0826837
78,Sample_S19S_0093_Wat,257.030304
22,Sample_S19S_0093_Wat,257.048925
96,Sample_S19S_0093_Wat,257.0666765
59,Sample_S19S_0093_Wat,257.1030521
47,Sample_S19S_0093_Wat,259.0248281
81,Sample_S19S_0093_Wat,259.0459547
62,Sample_S19S_0093_Wat,259.0612028
83,Sample_S19S_0093_Wat,259.0823405
53,Sample_S19S_0093_Wat,259.0975861
52,Sample_S19S_0093_Wat,259.1187072
58,Sample_S19S_0093_Wat,261.040468
59,Sample_S19S_0093_Wat,261.061588
84,Sample_S19S_0093_Wat,261.0768598
53,Sample_S19S_0093_Wat,261.1132477
45,Sample_S19S_0093_Wat,263.019721
80,Sample_S19S_0093_Wat,263.0561329
4,Sample_S19S_0093_Wat,263.0673138
45,Sample_S19S_0093_Wat,263.0924815
35,Sample_S19S_0093_Wat,263.128908
42,Sample_S19S_0093_Wat,264.0513612
42,Sample_S19S_0093_Wat,264.087752
88,Sample_S19S_0093_Wat,265.0353938
89,Sample_S19S_0093_Wat,265.0717855
87,Sample_S19S_0093_Wat,265.1081545
26,Sample_S19S_0093_Wat,265.1445692
1,Sample_S19S_0093_Wat,265.1479151
37,Sample_S19S_0093_Wat,266.0306266
58,Sample_S19S_0093_Wat,266.0670361
81,Sample_S19S_0093_Wat,267.0146829
112,Sample_S19S_0093_Wat,267.0510336
19,Sample_S19S_0093_Wat,267.0622941
99,Sample_S19S_0093_Wat,267.0874299
72,Sample_S19S_0093_Wat,267.123805
29,Sample_S19S_0093_Wat,267.1601848
61,Sample_S19S_0093_Wat,268.0462977
51,Sample_S19S_0093_Wat,268.08266
83,Sample_S19S_0093_Wat,269.0303205
117,Sample_S19S_0093_Wat,269.0666802
24,Sample_S19S_0093_Wat,269.0779259
98,Sample_S19S_0093_Wat,269.1030627
39,Sample_S19S_0093_Wat,269.1394657
51,Sample_S19S_0093_Wat,270.0619439
45,Sample_S19S_0093_Wat,270.0983057
79,Sample_S19S_0093_Wat,271.0459737
21,Sample_S19S_0093_Wat,271.061176
22,Sample_S19S_0093_Wat,271.0645721
90,Sample_S19S_0093_Wat,271.0823212
72,Sample_S19S_0093_Wat,271.118718
46,Sample_S19S_0093_Wat,272.0775888
57,Sample_S19S_0093_Wat,273.040478
73,Sample_S19S_0093_Wat,273.061591
70,Sample_S19S_0093_Wat,273.0768603
75,Sample_S19S_0093_Wat,273.0979879
38,Sample_S19S_0093_Wat,274.0357454
71,Sample_S19S_0093_Wat,275.0561155
72,Sample_S19S_0093_Wat,275.0772487
71,Sample_S19S_0093_Wat,275.0925149
49,Sample_S19S_0093_Wat,275.1288873
37,Sample_S19S_0093_Wat,276.0513913
12,Sample_S19S_0093_Wat,276.0877174
98,Sample_S19S_0093_Wat,277.0354157
89,Sample_S19S_0093_Wat,277.0717892
23,Sample_S19S_0093_Wat,277.0830242
80,Sample_S19S_0093_Wat,277.1081544
47,Sample_S19S_0093_Wat,277.1445377
45,Sample_S19S_0093_Wat,278.0670289
38,Sample_S19S_0093_Wat,278.1034322
47,Sample_S19S_0093_Wat,279.0146331
94,Sample_S19S_0093_Wat,279.0510516
21,Sample_S19S_0093_Wat,279.0622836
63,Sample_S19S_0093_Wat,279.0874539
51,Sample_S19S_0093_Wat,279.1238221
54,Sample_S19S_0093_Wat,280.0463018
59,Sample_S19S_0093_Wat,280.0826921
94,Sample_S19S_0093_Wat,281.0303339
116,Sample_S19S_0093_Wat,281.0666829
27,Sample_S19S_0093_Wat,281.0779309
64,Sample_S19S_0093_Wat,281.1030502
57,Sample_S19S_0093_Wat,281.1394597
43,Sample_S19S_0093_Wat,282.0983548
75,Sample_S19S_0093_Wat,283.0095898
115,Sample_S19S_0093_Wat,283.0459554
3,Sample_S19S_0093_Wat,283.064623
77,Sample_S19S_0093_Wat,283.0823169
20,Sample_S19S_0093_Wat,283.0935869
94,Sample_S19S_0093_Wat,283.118715
26,Sample_S19S_0093_Wat,283.1551309
51,Sample_S19S_0093_Wat,284.0412345
57,Sample_S19S_0093_Wat,284.0776208
37,Sample_S19S_0093_Wat,284.1139788
78,Sample_S19S_0093_Wat,285.025228
82,Sample_S19S_0093_Wat,285.0616357
20,Sample_S19S_0093_Wat,285.0802217
40,Sample_S19S_0093_Wat,285.0980306
44,Sample_S19S_0093_Wat,285.1343948
40,Sample_S19S_0093_Wat,286.0568589
42,Sample_S19S_0093_Wat,286.0932539
67,Sample_S19S_0093_Wat,287.0408776
62,Sample_S19S_0093_Wat,287.0561351
8,Sample_S19S_0093_Wat,287.0673913
89,Sample_S19S_0093_Wat,287.0772537
60,Sample_S19S_0093_Wat,287.0925228
77,Sample_S19S_0093_Wat,287.1136282
38,Sample_S19S_0093_Wat,287.150015
40,Sample_S19S_0093_Wat,288.0513962
72,Sample_S19S_0093_Wat,289.0354029
13,Sample_S19S_0093_Wat,289.0387746
70,Sample_S19S_0093_Wat,289.0565242
91,Sample_S19S_0093_Wat,289.0717704
65,Sample_S19S_0093_Wat,289.0929075
62,Sample_S19S_0093_Wat,289.1081489
9,Sample_S19S_0093_Wat,290.0305978
15,Sample_S19S_0093_Wat,290.0669883
47,Sample_S19S_0093_Wat,290.1033932
64,Sample_S19S_0093_Wat,291.0146759
88,Sample_S19S_0093_Wat,291.0510416
23,Sample_S19S_0093_Wat,291.0622947
83,Sample_S19S_0093_Wat,291.0874132
63,Sample_S19S_0093_Wat,291.1237966
30,Sample_S19S_0093_Wat,292.0462633
93,Sample_S19S_0093_Wat,293.0303357
91,Sample_S19S_0093_Wat,293.0667099
29,Sample_S19S_0093_Wat,293.0779374
97,Sample_S19S_0093_Wat,293.1030793
66,Sample_S19S_0093_Wat,293.1394564
7,Sample_S19S_0093_Wat,293.1757942
40,Sample_S19S_0093_Wat,294.0619153
48,Sample_S19S_0093_Wat,294.098304
55,Sample_S19S_0093_Wat,295.0095496
88,Sample_S19S_0093_Wat,295.0459444
21,Sample_S19S_0093_Wat,295.0572284
117,Sample_S19S_0093_Wat,295.0823376
10,Sample_S19S_0093_Wat,295.093638
100,Sample_S19S_0093_Wat,295.1187213
42,Sample_S19S_0093_Wat,295.1550986
31,Sample_S19S_0093_Wat,296.0411763
46,Sample_S19S_0093_Wat,296.0775656
33,Sample_S19S_0093_Wat,296.1139469
87,Sample_S19S_0093_Wat,297.025237
100,Sample_S19S_0093_Wat,297.0616262
24,Sample_S19S_0093_Wat,297.0728378
20,Sample_S19S_0093_Wat,297.080232
69,Sample_S19S_0093_Wat,297.0980154
17,Sample_S19S_0093_Wat,297.109248
37,Sample_S19S_0093_Wat,297.1344063
2,Sample_S19S_0093_Wat,297.1529844
17,Sample_S19S_0093_Wat,297.1707937
62,Sample_S19S_0093_Wat,298.0568737
54,Sample_S19S_0093_Wat,298.0932671
33,Sample_S19S_0093_Wat,298.1296449
76,Sample_S19S_0093_Wat,299.0408894
23,Sample_S19S_0093_Wat,299.0595
104,Sample_S19S_0093_Wat,299.0772616
11,Sample_S19S_0093_Wat,299.0958611
76,Sample_S19S_0093_Wat,299.1136455
53,Sample_S19S_0093_Wat,299.1500243
54,Sample_S19S_0093_Wat,300.0725
39,Sample_S19S_0093_Wat,300.1089049
59,Sample_S19S_0093_Wat,301.0353903
21,Sample_S19S_0093_Wat,301.0387674
72,Sample_S19S_0093_Wat,301.0565488
49,Sample_S19S_0093_Wat,301.071792
60,Sample_S19S_0093_Wat,301.092932
41,Sample_S19S_0093_Wat,301.129318
29,Sample_S19S_0093_Wat,302.0306578
40,Sample_S19S_0093_Wat,302.0670162
26,Sample_S19S_0093_Wat,302.0881947
57,Sample_S19S_0093_Wat,303.0146906
71,Sample_S19S_0093_Wat,303.0510433
34,Sample_S19S_0093_Wat,303.0544081
10,Sample_S19S_0093_Wat,303.0623453
70,Sample_S19S_0093_Wat,303.0721573
65,Sample_S19S_0093_Wat,303.0874395
25,Sample_S19S_0093_Wat,303.0907893
75,Sample_S19S_0093_Wat,303.1085414
56,Sample_S19S_0093_Wat,303.1238249
36,Sample_S19S_0093_Wat,304.0462877
47,Sample_S19S_0093_Wat,304.0826613
48,Sample_S19S_0093_Wat,304.119049
82,Sample_S19S_0093_Wat,305.0303157
6,Sample_S19S_0093_Wat,305.0416206
97,Sample_S19S_0093_Wat,305.0666877
29,Sample_S19S_0093_Wat,305.0700613
14,Sample_S19S_0093_Wat,305.0779953
81,Sample_S19S_0093_Wat,305.1030852
54,Sample_S19S_0093_Wat,305.1394662
56,Sample_S19S_0093_Wat,306.0983427
51,Sample_S19S_0093_Wat,307.0095853
104,Sample_S19S_0093_Wat,307.0459779
20,Sample_S19S_0093_Wat,307.0572343
71,Sample_S19S_0093_Wat,307.0823737
27,Sample_S19S_0093_Wat,307.0936059
47,Sample_S19S_0093_Wat,307.1187572
30,Sample_S19S_0093_Wat,307.1551342
68,Sample_S19S_0093_Wat,308.0412303
63,Sample_S19S_0093_Wat,308.0775973
48,Sample_S19S_0093_Wat,308.1139545
95,Sample_S19S_0093_Wat,309.0252469
115,Sample_S19S_0093_Wat,309.0616036
27,Sample_S19S_0093_Wat,309.0728691
108,Sample_S19S_0093_Wat,309.0979773
11,Sample_S19S_0093_Wat,309.1092661
80,Sample_S19S_0093_Wat,309.1343649
33,Sample_S19S_0093_Wat,309.1707647
1,Sample_S19S_0093_Wat,309.1741269
54,Sample_S19S_0093_Wat,310.0568411
55,Sample_S19S_0093_Wat,310.0932206
49,Sample_S19S_0093_Wat,310.1296176
101,Sample_S19S_0093_Wat,311.0408991
25,Sample_S19S_0093_Wat,311.0521121
99,Sample_S19S_0093_Wat,311.0772659
29,Sample_S19S_0093_Wat,311.0885065
11,Sample_S19S_0093_Wat,311.0958599
119,Sample_S19S_0093_Wat,311.1136352
55,Sample_S19S_0093_Wat,311.1500195
39,Sample_S19S_0093_Wat,312.0361043
61,Sample_S19S_0093_Wat,312.0725103
64,Sample_S19S_0093_Wat,313.0201379
35,Sample_S19S_0093_Wat,313.0353909
27,Sample_S19S_0093_Wat,313.0387549
87,Sample_S19S_0093_Wat,313.0565398
31,Sample_S19S_0093_Wat,313.071764
82,Sample_S19S_0093_Wat,313.0929245
29,Sample_S19S_0093_Wat,313.1041391
11,Sample_S19S_0093_Wat,313.1115031
59,Sample_S19S_0093_Wat,313.1293014
57,Sample_S19S_0093_Wat,314.0517902
63,Sample_S19S_0093_Wat,314.0881771
16,Sample_S19S_0093_Wat,315.0180328
69,Sample_S19S_0093_Wat,315.035781
60,Sample_S19S_0093_Wat,315.0510397
36,Sample_S19S_0093_Wat,315.0544106
78,Sample_S19S_0093_Wat,315.0721791
31,Sample_S19S_0093_Wat,315.0873994
57,Sample_S19S_0093_Wat,315.1085755
52,Sample_S19S_0093_Wat,315.1238052
36,Sample_S19S_0093_Wat,315.1449559
41,Sample_S19S_0093_Wat,316.0463145
37,Sample_S19S_0093_Wat,316.0674166
45,Sample_S19S_0093_Wat,316.0826874
47,Sample_S19S_0093_Wat,316.1038062
71,Sample_S19S_0093_Wat,317.0303382
9,Sample_S19S_0093_Wat,317.0337185
63,Sample_S19S_0093_Wat,317.0514233
74,Sample_S19S_0093_Wat,317.0666936
25,Sample_S19S_0093_Wat,317.0700656
9,Sample_S19S_0093_Wat,317.0780371
83,Sample_S19S_0093_Wat,317.0878157
59,Sample_S19S_0093_Wat,317.1030588
37,Sample_S19S_0093_Wat,317.124227
55,Sample_S19S_0093_Wat,317.1394552
28,Sample_S19S_0093_Wat,318.0255948
48,Sample_S19S_0093_Wat,318.0619419
14,Sample_S19S_0093_Wat,318.0831173
38,Sample_S19S_0093_Wat,318.0982984
47,Sample_S19S_0093_Wat,319.009608
27,Sample_S19S_0093_Wat,319.0460069
9,Sample_S19S_0093_Wat,319.0493681
10,Sample_S19S_0093_Wat,319.0573003
40,Sample_S19S_0093_Wat,319.0670953
80,Sample_S19S_0093_Wat,319.0823624
26,Sample_S19S_0093_Wat,319.0857041
5,Sample_S19S_0093_Wat,319.0936659
33,Sample_S19S_0093_Wat,319.103481
83,Sample_S19S_0093_Wat,319.1187158
47,Sample_S19S_0093_Wat,319.1551015
50,Sample_S19S_0093_Wat,320.0412195
50,Sample_S19S_0093_Wat,320.0776287
22,Sample_S19S_0093_Wat,320.1140206
75,Sample_S19S_0093_Wat,321.0252313
83,Sample_S19S_0093_Wat,321.0616406
6,Sample_S19S_0093_Wat,321.0649964
15,Sample_S19S_0093_Wat,321.0728956
45,Sample_S19S_0093_Wat,321.0980285
9,Sample_S19S_0093_Wat,321.1093021
65,Sample_S19S_0093_Wat,321.1343949
33,Sample_S19S_0093_Wat,321.1707672
74,Sample_S19S_0093_Wat,322.0568903
69,Sample_S19S_0093_Wat,322.0932669
59,Sample_S19S_0093_Wat,323.0044879
80,Sample_S19S_0093_Wat,323.0408542
18,Sample_S19S_0093_Wat,323.0521494
108,Sample_S19S_0093_Wat,323.0772527
33,Sample_S19S_0093_Wat,323.0884973
59,Sample_S19S_0093_Wat,323.1136726
20,Sample_S19S_0093_Wat,323.1249109
47,Sample_S19S_0093_Wat,323.1500462
58,Sample_S19S_0093_Wat,324.0361498
67,Sample_S19S_0093_Wat,324.0725027
56,Sample_S19S_0093_Wat,324.108871
12,Sample_S19S_0093_Wat,325.0024079
28,Sample_S19S_0093_Wat,325.0201894
96,Sample_S19S_0093_Wat,325.0565425
13,Sample_S19S_0093_Wat,325.0678176
115,Sample_S19S_0093_Wat,325.0928926
31,Sample_S19S_0093_Wat,325.1041654
73,Sample_S19S_0093_Wat,325.1292996
28,Sample_S19S_0093_Wat,325.1657004
1,Sample_S19S_0093_Wat,325.1842438
53,Sample_S19S_0093_Wat,326.0518083
66,Sample_S19S_0093_Wat,326.0881656
48,Sample_S19S_0093_Wat,326.1245662
14,Sample_S19S_0093_Wat,327.0180623
77,Sample_S19S_0093_Wat,327.035782
11,Sample_S19S_0093_Wat,327.0543882
77,Sample_S19S_0093_Wat,327.0722018
32,Sample_S19S_0093_Wat,327.0834311
49,Sample_S19S_0093_Wat,327.0874372
7,Sample_S19S_0093_Wat,327.090737
74,Sample_S19S_0093_Wat,327.1085831
6,Sample_S19S_0093_Wat,327.1198419
55,Sample_S19S_0093_Wat,327.1449492
49,Sample_S19S_0093_Wat,328.067419
58,Sample_S19S_0093_Wat,328.1037984
18,Sample_S19S_0093_Wat,329.0151141
54,Sample_S19S_0093_Wat,329.0303285
29,Sample_S19S_0093_Wat,329.0336784
54,Sample_S19S_0093_Wat,329.0514722
30,Sample_S19S_0093_Wat,329.0667319
33,Sample_S19S_0093_Wat,329.0700573
6,Sample_S19S_0093_Wat,329.0780113
96,Sample_S19S_0093_Wat,329.0878075
28,Sample_S19S_0093_Wat,329.0990585
53,Sample_S19S_0093_Wat,329.1030905
21,Sample_S19S_0093_Wat,329.1064332
55,Sample_S19S_0093_Wat,329.1242163
1,Sample_S19S_0093_Wat,329.152419
39,Sample_S19S_0093_Wat,330.0619755
26,Sample_S19S_0093_Wat,330.0831155
42,Sample_S19S_0093_Wat,330.1194763
53,Sample_S19S_0093_Wat,331.0307044
50,Sample_S19S_0093_Wat,331.0459941
23,Sample_S19S_0093_Wat,331.0493372
62,Sample_S19S_0093_Wat,331.0670688
66,Sample_S19S_0093_Wat,331.0823608
27,Sample_S19S_0093_Wat,331.0857029
48,Sample_S19S_0093_Wat,331.1034998
67,Sample_S19S_0093_Wat,331.1187275
7,Sample_S19S_0093_Wat,331.122066
22,Sample_S19S_0093_Wat,331.1399002
15,Sample_S19S_0093_Wat,331.155166
47,Sample_S19S_0093_Wat,332.0412408
54,Sample_S19S_0093_Wat,332.0775831
34,Sample_S19S_0093_Wat,332.0987468
33,Sample_S19S_0093_Wat,333.0252702
12,Sample_S19S_0093_Wat,333.0286322
45,Sample_S19S_0093_Wat,333.0616512
5,Sample_S19S_0093_Wat,333.0650225
1,Sample_S19S_0093_Wat,333.0729806
40,Sample_S19S_0093_Wat,333.08277
79,Sample_S19S_0093_Wat,333.0980074
18,Sample_S19S_0093_Wat,333.1013488
6,Sample_S19S_0093_Wat,333.109335
9,Sample_S19S_0093_Wat,333.1191757
36,Sample_S19S_0093_Wat,333.1344131
25,Sample_S19S_0093_Wat,333.1707943
67,Sample_S19S_0093_Wat,334.0568812
3,Sample_S19S_0093_Wat,334.0681951
45,Sample_S19S_0093_Wat,334.0932769
52,Sample_S19S_0093_Wat,335.004499
58,Sample_S19S_0093_Wat,335.0409093
11,Sample_S19S_0093_Wat,335.0521847
92,Sample_S19S_0093_Wat,335.0772597
22,Sample_S19S_0093_Wat,335.0806299
50,Sample_S19S_0093_Wat,335.1136067
55,Sample_S19S_0093_Wat,335.150042
23,Sample_S19S_0093_Wat,335.1864245
31,Sample_S19S_0093_Wat,336.0361684
38,Sample_S19S_0093_Wat,336.0725571
60,Sample_S19S_0093_Wat,336.1089144
2,Sample_S19S_0093_Wat,336.1453517
73,Sample_S19S_0093_Wat,337.0201415
58,Sample_S19S_0093_Wat,337.0564852
28,Sample_S19S_0093_Wat,337.0677837
10,Sample_S19S_0093_Wat,337.0695448
108,Sample_S19S_0093_Wat,337.0929176
15,Sample_S19S_0093_Wat,337.1041904
93,Sample_S19S_0093_Wat,337.1292866
44,Sample_S19S_0093_Wat,337.1656867
22,Sample_S19S_0093_Wat,338.0518396
75,Sample_S19S_0093_Wat,338.0881798
42,Sample_S19S_0093_Wat,338.1245766
9,Sample_S19S_0093_Wat,339.0180613
72,Sample_S19S_0093_Wat,339.0357996
22,Sample_S19S_0093_Wat,339.0470361
116,Sample_S19S_0093_Wat,339.0721726
13,Sample_S19S_0093_Wat,339.0834699
115,Sample_S19S_0093_Wat,339.1085453
26,Sample_S19S_0093_Wat,339.1198231
34,Sample_S19S_0093_Wat,339.1449816
28,Sample_S19S_0093_Wat,339.1813533
1,Sample_S19S_0093_Wat,339.1999929
47,Sample_S19S_0093_Wat,340.0310651
26,Sample_S19S_0093_Wat,340.0674792
8,Sample_S19S_0093_Wat,340.0786492
57,Sample_S19S_0093_Wat,340.1038147
42,Sample_S19S_0093_Wat,340.1401964
62,Sample_S19S_0093_Wat,341.0150623
15,Sample_S19S_0093_Wat,341.0336306
78,Sample_S19S_0093_Wat,341.0514621
5,Sample_S19S_0093_Wat,341.0627609
33,Sample_S19S_0093_Wat,341.0667303
13,Sample_S19S_0093_Wat,341.0700215
112,Sample_S19S_0093_Wat,341.0878109
25,Sample_S19S_0093_Wat,341.0990914
25,Sample_S19S_0093_Wat,341.1031062
39,Sample_S19S_0093_Wat,341.12425
41,Sample_S19S_0093_Wat,341.1606173
41,Sample_S19S_0093_Wat,342.0467143
16,Sample_S19S_0093_Wat,342.0619966
60,Sample_S19S_0093_Wat,342.0830768
20,Sample_S19S_0093_Wat,342.0983003
41,Sample_S19S_0093_Wat,342.1194926
13,Sample_S19S_0093_Wat,343.0129774
63,Sample_S19S_0093_Wat,343.0307124
44,Sample_S19S_0093_Wat,343.0459579
17,Sample_S19S_0093_Wat,343.0492868
56,Sample_S19S_0093_Wat,343.067113
21,Sample_S19S_0093_Wat,343.0823925
27,Sample_S19S_0093_Wat,343.0857039
92,Sample_S19S_0093_Wat,343.1034685
36,Sample_S19S_0093_Wat,343.1187422
16,Sample_S19S_0093_Wat,343.1399075
25,Sample_S19S_0093_Wat,343.1551386
27,Sample_S19S_0093_Wat,344.0412523
49,Sample_S19S_0093_Wat,344.0623517
44,Sample_S19S_0093_Wat,344.0775907
32,Sample_S19S_0093_Wat,344.0987606
56,Sample_S19S_0093_Wat,345.0252491
20,Sample_S19S_0093_Wat,345.0286059
52,Sample_S19S_0093_Wat,345.0463327
69,Sample_S19S_0093_Wat,345.0616254
28,Sample_S19S_0093_Wat,345.0649742
58,Sample_S19S_0093_Wat,345.0827674
66,Sample_S19S_0093_Wat,345.0980089
12,Sample_S19S_0093_Wat,345.1013399
46,Sample_S19S_0093_Wat,345.1191373
22,Sample_S19S_0093_Wat,345.1344288
27,Sample_S19S_0093_Wat,345.1555412
33,Sample_S19S_0093_Wat,345.170772
37,Sample_S19S_0093_Wat,346.0569005
31,Sample_S19S_0093_Wat,346.07802
51,Sample_S19S_0093_Wat,346.0932318
33,Sample_S19S_0093_Wat,346.1143644
39,Sample_S19S_0093_Wat,346.1296472
10,Sample_S19S_0093_Wat,346.1507606
1,Sample_S19S_0093_Wat,346.2154294
71,Sample_S19S_0093_Wat,347.0408756
29,Sample_S19S_0093_Wat,347.0442381
38,Sample_S19S_0093_Wat,347.0620279
92,Sample_S19S_0093_Wat,347.0772564
9,Sample_S19S_0093_Wat,347.0805924
8,Sample_S19S_0093_Wat,347.0885951
18,Sample_S19S_0093_Wat,347.0903002
58,Sample_S19S_0093_Wat,347.0983726
44,Sample_S19S_0093_Wat,347.1136821
19,Sample_S19S_0093_Wat,347.1170036
21,Sample_S19S_0093_Wat,347.1348045
62,Sample_S19S_0093_Wat,347.1500262
10,Sample_S19S_0093_Wat,347.1864695
38,Sample_S19S_0093_Wat,348.0361356
34,Sample_S19S_0093_Wat,348.0725611
64,Sample_S19S_0093_Wat,348.1089104
42,Sample_S19S_0093_Wat,348.1452906
1,Sample_S19S_0093_Wat,348.231087
65,Sample_S19S_0093_Wat,349.0201636
23,Sample_S19S_0093_Wat,349.0564693
12,Sample_S19S_0093_Wat,349.0598406
10,Sample_S19S_0093_Wat,349.0678584
78,Sample_S19S_0093_Wat,349.0929209
9,Sample_S19S_0093_Wat,349.0962266
9,Sample_S19S_0093_Wat,349.1042255
18,Sample_S19S_0093_Wat,349.1059291
77,Sample_S19S_0093_Wat,349.129303
50,Sample_S19S_0093_Wat,349.1656793
22,Sample_S19S_0093_Wat,350.0518357
80,Sample_S19S_0093_Wat,350.0881844
25,Sample_S19S_0093_Wat,350.1245924
73,Sample_S19S_0093_Wat,351.0357871
12,Sample_S19S_0093_Wat,351.0470717
78,Sample_S19S_0093_Wat,351.0721501
47,Sample_S19S_0093_Wat,351.1085115
13,Sample_S19S_0093_Wat,351.1198443
18,Sample_S19S_0093_Wat,351.121581
46,Sample_S19S_0093_Wat,351.1449775
32,Sample_S19S_0093_Wat,351.1813076
31,Sample_S19S_0093_Wat,352.0310225
37,Sample_S19S_0093_Wat,352.0674721
61,Sample_S19S_0093_Wat,352.1038206
26,Sample_S19S_0093_Wat,352.140233
64,Sample_S19S_0093_Wat,353.0150696
55,Sample_S19S_0093_Wat,353.0514753
6,Sample_S19S_0093_Wat,353.0627608
114,Sample_S19S_0093_Wat,353.0878166
25,Sample_S19S_0093_Wat,353.0990962
75,Sample_S19S_0093_Wat,353.124233
44,Sample_S19S_0093_Wat,353.1605629
22,Sample_S19S_0093_Wat,353.1970034
54,Sample_S19S_0093_Wat,354.0467104
72,Sample_S19S_0093_Wat,354.0830704
54,Sample_S19S_0093_Wat,354.1194893
10,Sample_S19S_0093_Wat,355.0129751
64,Sample_S19S_0093_Wat,355.0306981
34,Sample_S19S_0093_Wat,355.0459559
13,Sample_S19S_0093_Wat,355.0492579
75,Sample_S19S_0093_Wat,355.0671162
9,Sample_S19S_0093_Wat,355.0784081
6,Sample_S19S_0093_Wat,355.0824171
95,Sample_S19S_0093_Wat,355.1034699
37,Sample_S19S_0093_Wat,355.1147135
26,Sample_S19S_0093_Wat,355.1399086
34,Sample_S19S_0093_Wat,355.1762476
67,Sample_S19S_0093_Wat,356.0623586
48,Sample_S19S_0093_Wat,356.0776181
26,Sample_S19S_0093_Wat,356.0987693
44,Sample_S19S_0093_Wat,356.1350838
30,Sample_S19S_0093_Wat,357.0251986
16,Sample_S19S_0093_Wat,357.028543
60,Sample_S19S_0093_Wat,357.046323
55,Sample_S19S_0093_Wat,357.061636
9,Sample_S19S_0093_Wat,357.0649448
91,Sample_S19S_0093_Wat,357.0827228
49,Sample_S19S_0093_Wat,357.0979761
9,Sample_S19S_0093_Wat,357.1012479
18,Sample_S19S_0093_Wat,357.1110353
89,Sample_S19S_0093_Wat,357.1191097
31,Sample_S19S_0093_Wat,357.134414
53,Sample_S19S_0093_Wat,357.1554992
50,Sample_S19S_0093_Wat,358.0568909
51,Sample_S19S_0093_Wat,358.077999
51,Sample_S19S_0093_Wat,358.0932734
13,Sample_S19S_0093_Wat,359.0256737
20,Sample_S19S_0093_Wat,359.0409252
17,Sample_S19S_0093_Wat,359.0442657
63,Sample_S19S_0093_Wat,359.0619959
63,Sample_S19S_0093_Wat,359.077285
33,Sample_S19S_0093_Wat,359.0806207
34,Sample_S19S_0093_Wat,359.0984239
3,Sample_S19S_0093_Wat,359.1169502
46,Sample_S19S_0093_Wat,359.1347452
59,Sample_S19S_0093_Wat,359.1500213
49,Sample_S19S_0093_Wat,360.0361542
26,Sample_S19S_0093_Wat,360.093678
51,Sample_S19S_0093_Wat,360.108919
53,Sample_S19S_0093_Wat,361.0201475
4,Sample_S19S_0093_Wat,361.0235551
47,Sample_S19S_0093_Wat,361.0412698
54,Sample_S19S_0093_Wat,361.056505
15,Sample_S19S_0093_Wat,361.0598496
13,Sample_S19S_0093_Wat,361.0678574
12,Sample_S19S_0093_Wat,361.069538
38,Sample_S19S_0093_Wat,361.077621
78,Sample_S19S_0093_Wat,361.0929312
32,Sample_S19S_0093_Wat,361.0962708
41,Sample_S19S_0093_Wat,361.1140532
90,Sample_S19S_0093_Wat,361.1292859
23,Sample_S19S_0093_Wat,361.1423317
39,Sample_S19S_0093_Wat,361.1657046
69,Sample_S19S_0093_Wat,362.0881611
9,Sample_S19S_0093_Wat,362.1093336
7,Sample_S19S_0093_Wat,362.1246138
69,Sample_S19S_0093_Wat,363.0357881
12,Sample_S19S_0093_Wat,363.0390813
9,Sample_S19S_0093_Wat,363.0471313
53,Sample_S19S_0093_Wat,363.0722122
11,Sample_S19S_0093_Wat,363.0755589
4,Sample_S19S_0093_Wat,363.0835367
88,Sample_S19S_0093_Wat,363.108539
3,Sample_S19S_0093_Wat,363.1118361
15,Sample_S19S_0093_Wat,363.1215932
36,Sample_S19S_0093_Wat,363.1449786
20,Sample_S19S_0093_Wat,363.1812892
46,Sample_S19S_0093_Wat,364.0310639
57,Sample_S19S_0093_Wat,364.0674047
9,Sample_S19S_0093_Wat,364.0786949
66,Sample_S19S_0093_Wat,364.1038292
57,Sample_S19S_0093_Wat,364.1401707
60,Sample_S19S_0093_Wat,365.015069
28,Sample_S19S_0093_Wat,365.0513776
21,Sample_S19S_0093_Wat,365.0627075
94,Sample_S19S_0093_Wat,365.0878382
7,Sample_S19S_0093_Wat,365.0911348
10,Sample_S19S_0093_Wat,365.0991282
42,Sample_S19S_0093_Wat,365.1241727
22,Sample_S19S_0093_Wat,365.1606438
25,Sample_S19S_0093_Wat,365.1969623
84,Sample_S19S_0093_Wat,366.0830912
63,Sample_S19S_0093_Wat,366.1194629
8,Sample_S19S_0093_Wat,366.1558943
12,Sample_S19S_0093_Wat,367.0129081
63,Sample_S19S_0093_Wat,367.0306865
18,Sample_S19S_0093_Wat,367.0492837
95,Sample_S19S_0093_Wat,367.0671094
11,Sample_S19S_0093_Wat,367.0784012
115,Sample_S19S_0093_Wat,367.1034613
20,Sample_S19S_0093_Wat,367.1147643
13,Sample_S19S_0093_Wat,367.1399195
40,Sample_S19S_0093_Wat,367.1762158
26,Sample_S19S_0093_Wat,368.0623951
84,Sample_S19S_0093_Wat,368.0987097
54,Sample_S19S_0093_Wat,368.1351331
51,Sample_S19S_0093_Wat,369.0099679
16,Sample_S19S_0093_Wat,369.0252119
13,Sample_S19S_0093_Wat,369.0285398
52,Sample_S19S_0093_Wat,369.0463181
23,Sample_S19S_0093_Wat,369.057619
47,Sample_S19S_0093_Wat,369.061629
7,Sample_S19S_0093_Wat,369.0648494
86,Sample_S19S_0093_Wat,369.0827443
40,Sample_S19S_0093_Wat,369.0980102
21,Sample_S19S_0093_Wat,369.111039
26,Sample_S19S_0093_Wat,369.1190631
50,Sample_S19S_0093_Wat,369.1555194
10,Sample_S19S_0093_Wat,369.1837969
12,Sample_S19S_0093_Wat,369.1918398
2,Sample_S19S_0093_Wat,370.0239054
19,Sample_S19S_0093_Wat,370.0568279
58,Sample_S19S_0093_Wat,370.0779692
35,Sample_S19S_0093_Wat,370.1507341
26,Sample_S19S_0093_Wat,371.0255725
39,Sample_S19S_0093_Wat,371.0408802
11,Sample_S19S_0093_Wat,371.0441824
79,Sample_S19S_0093_Wat,371.0620102
11,Sample_S19S_0093_Wat,371.0805043
15,Sample_S19S_0093_Wat,371.0902981
44,Sample_S19S_0093_Wat,371.0983408
42,Sample_S19S_0093_Wat,371.1136558
51,Sample_S19S_0093_Wat,371.1347918
38,Sample_S19S_0093_Wat,371.171134
31,Sample_S19S_0093_Wat,372.0361265
31,Sample_S19S_0093_Wat,372.0572277
43,Sample_S19S_0093_Wat,372.0725108
48,Sample_S19S_0093_Wat,372.1300076
35,Sample_S19S_0093_Wat,373.0201141
10,Sample_S19S_0093_Wat,373.02348
48,Sample_S19S_0093_Wat,373.0412407
68,Sample_S19S_0093_Wat,373.0565482
12,Sample_S19S_0093_Wat,373.0599109
36,Sample_S19S_0093_Wat,373.0776886
47,Sample_S19S_0093_Wat,373.09294
18,Sample_S19S_0093_Wat,373.0962346
26,Sample_S19S_0093_Wat,373.1059583
55,Sample_S19S_0093_Wat,373.1140108
14,Sample_S19S_0093_Wat,373.1504711
16,Sample_S19S_0093_Wat,373.1657318
8,Sample_S19S_0093_Wat,374.0729636
16,Sample_S19S_0093_Wat,374.1245961
26,Sample_S19S_0093_Wat,375.0358416
20,Sample_S19S_0093_Wat,375.0569615
75,Sample_S19S_0093_Wat,375.0721973
31,Sample_S19S_0093_Wat,375.0755416
19,Sample_S19S_0093_Wat,375.0852221
41,Sample_S19S_0093_Wat,375.0932745
6,Sample_S19S_0093_Wat,375.1118457
29,Sample_S19S_0093_Wat,375.1297066
75,Sample_S19S_0093_Wat,375.1449442
21,Sample_S19S_0093_Wat,375.1579842
25,Sample_S19S_0093_Wat,375.1812892
29,Sample_S19S_0093_Wat,376.031082
62,Sample_S19S_0093_Wat,376.0674564
24,Sample_S19S_0093_Wat,376.1249335
34,Sample_S19S_0093_Wat,377.0150486
77,Sample_S19S_0093_Wat,377.0514538
20,Sample_S19S_0093_Wat,377.0548048
4,Sample_S19S_0093_Wat,377.0627857
60,Sample_S19S_0093_Wat,377.0877952
7,Sample_S19S_0093_Wat,377.0911145
9,Sample_S19S_0093_Wat,377.100823
98,Sample_S19S_0093_Wat,377.1241915
21,Sample_S19S_0093_Wat,377.1372608
52,Sample_S19S_0093_Wat,377.1606102
10,Sample_S19S_0093_Wat,377.1735945
16,Sample_S19S_0093_Wat,377.1969233
23,Sample_S19S_0093_Wat,378.0466478
6,Sample_S19S_0093_Wat,378.0579196
63,Sample_S19S_0093_Wat,378.0831073
75,Sample_S19S_0093_Wat,378.1194361
49,Sample_S19S_0093_Wat,378.1558494
66,Sample_S19S_0093_Wat,379.0307221
8,Sample_S19S_0093_Wat,379.0420461
29,Sample_S19S_0093_Wat,379.0670295
9,Sample_S19S_0093_Wat,379.0703337
32,Sample_S19S_0093_Wat,379.0783458
113,Sample_S19S_0093_Wat,379.1034645
6,Sample_S19S_0093_Wat,379.1067259
11,Sample_S19S_0093_Wat,379.1147799
92,Sample_S19S_0093_Wat,379.1398402
47,Sample_S19S_0093_Wat,379.1762343
10,Sample_S19S_0093_Wat,380.0259079
71,Sample_S19S_0093_Wat,380.0987084
68,Sample_S19S_0093_Wat,380.1350974
18,Sample_S19S_0093_Wat,381.0099072
9,Sample_S19S_0093_Wat,381.0285164
76,Sample_S19S_0093_Wat,381.0463502
14,Sample_S19S_0093_Wat,381.0576349
35,Sample_S19S_0093_Wat,381.0826619
33,Sample_S19S_0093_Wat,381.0939738
102,Sample_S19S_0093_Wat,381.1191186
15,Sample_S19S_0093_Wat,381.1304071
76,Sample_S19S_0093_Wat,381.1555031
28,Sample_S19S_0093_Wat,381.1918695
35,Sample_S19S_0093_Wat,382.0415806
62,Sample_S19S_0093_Wat,382.0779661
75,Sample_S19S_0093_Wat,382.1143936
11,Sample_S19S_0093_Wat,382.1507159
11,Sample_S19S_0093_Wat,383.0078699
30,Sample_S19S_0093_Wat,383.0255766
14,Sample_S19S_0093_Wat,383.040804
2,Sample_S19S_0093_Wat,383.0440773
43,Sample_S19S_0093_Wat,383.0619616
37,Sample_S19S_0093_Wat,383.0772634
5,Sample_S19S_0093_Wat,383.0804294
104,Sample_S19S_0093_Wat,383.0983806
17,Sample_S19S_0093_Wat,383.1095949
25,Sample_S19S_0093_Wat,383.1266887
31,Sample_S19S_0093_Wat,383.1347075
29,Sample_S19S_0093_Wat,383.1711132
5,Sample_S19S_0093_Wat,384.0360658
38,Sample_S19S_0093_Wat,384.0572385
63,Sample_S19S_0093_Wat,384.0936599
15,Sample_S19S_0093_Wat,385.0201172
11,Sample_S19S_0093_Wat,385.0234761
5,Sample_S19S_0093_Wat,385.0331631
29,Sample_S19S_0093_Wat,385.0412026
38,Sample_S19S_0093_Wat,385.0564963
5,Sample_S19S_0093_Wat,385.0597522
83,Sample_S19S_0093_Wat,385.0776412
29,Sample_S19S_0093_Wat,385.0888784
57,Sample_S19S_0093_Wat,385.0929264
13,Sample_S19S_0093_Wat,385.0961706
35,Sample_S19S_0093_Wat,385.1139909
31,Sample_S19S_0093_Wat,385.1292595
22,Sample_S19S_0093_Wat,385.1423072
36,Sample_S19S_0093_Wat,385.1503825
7,Sample_S19S_0093_Wat,386.0517072
42,Sample_S19S_0093_Wat,386.0728862
60,Sample_S19S_0093_Wat,386.0881802
8,Sample_S19S_0093_Wat,386.1012164
53,Sample_S19S_0093_Wat,386.1093009
33,Sample_S19S_0093_Wat,387.0205032
57,Sample_S19S_0093_Wat,387.0358113
19,Sample_S19S_0093_Wat,387.0391593
31,Sample_S19S_0093_Wat,387.0568488
17,Sample_S19S_0093_Wat,387.0721252
11,Sample_S19S_0093_Wat,387.075423
14,Sample_S19S_0093_Wat,387.0851909
31,Sample_S19S_0093_Wat,387.0932457
78,Sample_S19S_0093_Wat,387.1085636
4,Sample_S19S_0093_Wat,387.1118261
78,Sample_S19S_0093_Wat,387.1296791
16,Sample_S19S_0093_Wat,387.1579654
13,Sample_S19S_0093_Wat,387.1659841
24,Sample_S19S_0093_Wat,387.1812925
10,Sample_S19S_0093_Wat,387.19436
9,Sample_S19S_0093_Wat,388.0309868
69,Sample_S19S_0093_Wat,388.0674506
39,Sample_S19S_0093_Wat,388.1037783
44,Sample_S19S_0093_Wat,388.1249219
32,Sample_S19S_0093_Wat,389.0150297
29,Sample_S19S_0093_Wat,389.036144
51,Sample_S19S_0093_Wat,389.051417
13,Sample_S19S_0093_Wat,389.054731
8,Sample_S19S_0093_Wat,389.0644457
24,Sample_S19S_0093_Wat,389.0724972
76,Sample_S19S_0093_Wat,389.0878118
13,Sample_S19S_0093_Wat,389.0911204
20,Sample_S19S_0093_Wat,389.1008827
36,Sample_S19S_0093_Wat,389.108981
90,Sample_S19S_0093_Wat,389.1242045
5,Sample_S19S_0093_Wat,389.1274498
19,Sample_S19S_0093_Wat,389.1372295
13,Sample_S19S_0093_Wat,389.1452618
23,Sample_S19S_0093_Wat,389.1605387
16,Sample_S19S_0093_Wat,389.1736085
32,Sample_S19S_0093_Wat,389.1969883
32,Sample_S19S_0093_Wat,390.0466839
81,Sample_S19S_0093_Wat,390.083092
33,Sample_S19S_0093_Wat,391.0307447
46,Sample_S19S_0093_Wat,391.0670531
14,Sample_S19S_0093_Wat,391.070384
46,Sample_S19S_0093_Wat,391.1034381
4,Sample_S19S_0093_Wat,391.1066925
49,Sample_S19S_0093_Wat,391.1398852
9,Sample_S19S_0093_Wat,391.1528412
34,Sample_S19S_0093_Wat,391.1762035
23,Sample_S19S_0093_Wat,392.0259958
54,Sample_S19S_0093_Wat,392.06231
83,Sample_S19S_0093_Wat,392.098752
18,Sample_S19S_0093_Wat,392.1198706
60,Sample_S19S_0093_Wat,392.1351125
16,Sample_S19S_0093_Wat,393.010021
49,Sample_S19S_0093_Wat,393.0463154
26,Sample_S19S_0093_Wat,393.0576201
81,Sample_S19S_0093_Wat,393.0827628
10,Sample_S19S_0093_Wat,393.0860569
11,Sample_S19S_0093_Wat,393.0940727
86,Sample_S19S_0093_Wat,393.1191285
40,Sample_S19S_0093_Wat,393.1554711
21,Sample_S19S_0093_Wat,393.1919402
39,Sample_S19S_0093_Wat,394.0415806
46,Sample_S19S_0093_Wat,394.078026
48,Sample_S19S_0093_Wat,394.1144108
7,Sample_S19S_0093_Wat,395.0078861
42,Sample_S19S_0093_Wat,395.0255818
8,Sample_S19S_0093_Wat,395.0441067
60,Sample_S19S_0093_Wat,395.0619708
21,Sample_S19S_0093_Wat,395.0732837
54,Sample_S19S_0093_Wat,395.0984243
115,Sample_S19S_0093_Wat,395.1347697
40,Sample_S19S_0093_Wat,395.171191
10,Sample_S19S_0093_Wat,395.2075813
71,Sample_S19S_0093_Wat,396.0936653
34,Sample_S19S_0093_Wat,396.13006
12,Sample_S19S_0093_Wat,397.0234647
52,Sample_S19S_0093_Wat,397.0412485
34,Sample_S19S_0093_Wat,397.0565368
34,Sample_S19S_0093_Wat,397.0775828
16,Sample_S19S_0093_Wat,397.1059758
69,Sample_S19S_0093_Wat,397.1140135
43,Sample_S19S_0093_Wat,397.1252995
81,Sample_S19S_0093_Wat,397.1504225
20,Sample_S19S_0093_Wat,397.1867602
7,Sample_S19S_0093_Wat,398.0364549
65,Sample_S19S_0093_Wat,398.0729329
61,Sample_S19S_0093_Wat,398.1456531
33,Sample_S19S_0093_Wat,399.0205105
12,Sample_S19S_0093_Wat,399.0356696
6,Sample_S19S_0093_Wat,399.0390544
21,Sample_S19S_0093_Wat,399.0568344
32,Sample_S19S_0093_Wat,399.0721389
7,Sample_S19S_0093_Wat,399.0753668
20,Sample_S19S_0093_Wat,399.085227
66,Sample_S19S_0093_Wat,399.0932727
22,Sample_S19S_0093_Wat,399.1086044
7,Sample_S19S_0093_Wat,399.1117451
61,Sample_S19S_0093_Wat,399.1296635
39,Sample_S19S_0093_Wat,399.1449193
10,Sample_S19S_0093_Wat,399.1579458
3,Sample_S19S_0093_Wat,399.1659287
23,Sample_S19S_0093_Wat,400.0310423
22,Sample_S19S_0093_Wat,400.0674729
33,Sample_S19S_0093_Wat,400.1037744
33,Sample_S19S_0093_Wat,400.1249077
35,Sample_S19S_0093_Wat,401.0150794
1,Sample_S19S_0093_Wat,401.0185019
27,Sample_S19S_0093_Wat,401.0362034
62,Sample_S19S_0093_Wat,401.0514549
18,Sample_S19S_0093_Wat,401.0547584
12,Sample_S19S_0093_Wat,401.0644945
23,Sample_S19S_0093_Wat,401.0725084
63,Sample_S19S_0093_Wat,401.0878209
10,Sample_S19S_0093_Wat,401.0910681
56,Sample_S19S_0093_Wat,401.1089631
60,Sample_S19S_0093_Wat,401.1453284
57,Sample_S19S_0093_Wat,401.1605804
10,Sample_S19S_0093_Wat,401.1736033
13,Sample_S19S_0093_Wat,401.1816514
29,Sample_S19S_0093_Wat,402.0466811
18,Sample_S19S_0093_Wat,402.0831391
4,Sample_S19S_0093_Wat,402.1042761
11,Sample_S19S_0093_Wat,402.1195259
26,Sample_S19S_0093_Wat,402.1405573
18,Sample_S19S_0093_Wat,403.0305846
5,Sample_S19S_0093_Wat,403.033958
19,Sample_S19S_0093_Wat,403.0517845
76,Sample_S19S_0093_Wat,403.0671122
18,Sample_S19S_0093_Wat,403.0704072
57,Sample_S19S_0093_Wat,403.0881974
65,Sample_S19S_0093_Wat,403.1034476
4,Sample_S19S_0093_Wat,403.1066431
17,Sample_S19S_0093_Wat,403.1164656
18,Sample_S19S_0093_Wat,403.1245163
83,Sample_S19S_0093_Wat,403.1398463
21,Sample_S19S_0093_Wat,403.1529106
21,Sample_S19S_0093_Wat,403.1609357
28,Sample_S19S_0093_Wat,403.1762826
21,Sample_S19S_0093_Wat,404.025924
76,Sample_S19S_0093_Wat,404.0623618
28,Sample_S19S_0093_Wat,404.0834492
66,Sample_S19S_0093_Wat,404.1351085
12,Sample_S19S_0093_Wat,405.0098791
65,Sample_S19S_0093_Wat,405.0463718
13,Sample_S19S_0093_Wat,405.0496661
29,Sample_S19S_0093_Wat,405.0674473
51,Sample_S19S_0093_Wat,405.0827082
8,Sample_S19S_0093_Wat,405.0859264
6,Sample_S19S_0093_Wat,405.103722
29,Sample_S19S_0093_Wat,405.1190623
2,Sample_S19S_0093_Wat,405.1221627
20,Sample_S19S_0093_Wat,405.1321292
47,Sample_S19S_0093_Wat,405.1555362
17,Sample_S19S_0093_Wat,405.1685606
33,Sample_S19S_0093_Wat,405.1918632
27,Sample_S19S_0093_Wat,406.041642
7,Sample_S19S_0093_Wat,406.0990792
76,Sample_S19S_0093_Wat,406.1143545
26,Sample_S19S_0093_Wat,407.0255705
64,Sample_S19S_0093_Wat,407.0620299
5,Sample_S19S_0093_Wat,407.0733562
95,Sample_S19S_0093_Wat,407.0983755
1,Sample_S19S_0093_Wat,407.1015177
77,Sample_S19S_0093_Wat,407.1347505
17,Sample_S19S_0093_Wat,407.1477958
9,Sample_S19S_0093_Wat,407.1712237
17,Sample_S19S_0093_Wat,407.2075913
77,Sample_S19S_0093_Wat,408.0936661
84,Sample_S19S_0093_Wat,408.1300077
8,Sample_S19S_0093_Wat,409.0234633
33,Sample_S19S_0093_Wat,409.0412228
32,Sample_S19S_0093_Wat,409.07757
22,Sample_S19S_0093_Wat,409.0889394
92,Sample_S19S_0093_Wat,409.1140221
87,Sample_S19S_0093_Wat,409.1504235
13,Sample_S19S_0093_Wat,409.1867344
31,Sample_S19S_0093_Wat,410.0365413
65,Sample_S19S_0093_Wat,410.0729191
18,Sample_S19S_0093_Wat,410.1092388
59,Sample_S19S_0093_Wat,410.1456867
35,Sample_S19S_0093_Wat,411.0205049
13,Sample_S19S_0093_Wat,411.0357156
10,Sample_S19S_0093_Wat,411.0390774
23,Sample_S19S_0093_Wat,411.0568579
15,Sample_S19S_0093_Wat,411.0721337
76,Sample_S19S_0093_Wat,411.0933142
81,Sample_S19S_0093_Wat,411.1296933
26,Sample_S19S_0093_Wat,411.1579879
46,Sample_S19S_0093_Wat,411.1660419
2,Sample_S19S_0093_Wat,411.2022993
8,Sample_S19S_0093_Wat,412.0309985
25,Sample_S19S_0093_Wat,412.0521769
29,Sample_S19S_0093_Wat,412.0673926
43,Sample_S19S_0093_Wat,412.0885256
57,Sample_S19S_0093_Wat,412.1249118
7,Sample_S19S_0093_Wat,413.018396
30,Sample_S19S_0093_Wat,413.0361429
5,Sample_S19S_0093_Wat,413.0513424
7,Sample_S19S_0093_Wat,413.0546664
8,Sample_S19S_0093_Wat,413.06446
9,Sample_S19S_0093_Wat,413.072442
36,Sample_S19S_0093_Wat,413.087795
8,Sample_S19S_0093_Wat,413.0910377
23,Sample_S19S_0093_Wat,413.1008794
80,Sample_S19S_0093_Wat,413.1089345
52,Sample_S19S_0093_Wat,413.12421
15,Sample_S19S_0093_Wat,413.1372735
23,Sample_S19S_0093_Wat,413.1452768
15,Sample_S19S_0093_Wat,413.1736056
12,Sample_S19S_0093_Wat,413.1816156
22,Sample_S19S_0093_Wat,414.0831299
25,Sample_S19S_0093_Wat,415.0306688
15,Sample_S19S_0093_Wat,415.0340778
27,Sample_S19S_0093_Wat,415.0518724
7,Sample_S19S_0093_Wat,415.0671726
19,Sample_S19S_0093_Wat,415.0704085
8,Sample_S19S_0093_Wat,415.080159
60,Sample_S19S_0093_Wat,415.0881916
61,Sample_S19S_0093_Wat,415.1034568
7,Sample_S19S_0093_Wat,415.1066895
14,Sample_S19S_0093_Wat,415.1164835
34,Sample_S19S_0093_Wat,415.1245406
3,Sample_S19S_0093_Wat,415.1430564
12,Sample_S19S_0093_Wat,415.1529316
47,Sample_S19S_0093_Wat,415.1609859
16,Sample_S19S_0093_Wat,416.0259342
36,Sample_S19S_0093_Wat,416.0623295
34,Sample_S19S_0093_Wat,417.009975
38,Sample_S19S_0093_Wat,417.0463346
16,Sample_S19S_0093_Wat,417.0496555
7,Sample_S19S_0093_Wat,417.0593749
23,Sample_S19S_0093_Wat,417.0674105
26,Sample_S19S_0093_Wat,417.0826722
6,Sample_S19S_0093_Wat,417.085967
12,Sample_S19S_0093_Wat,417.0957124
21,Sample_S19S_0093_Wat,417.1037889
80,Sample_S19S_0093_Wat,417.1191101
5,Sample_S19S_0093_Wat,417.1223013
27,Sample_S19S_0093_Wat,417.1321667
37,Sample_S19S_0093_Wat,417.1402188
66,Sample_S19S_0093_Wat,417.1555165
23,Sample_S19S_0093_Wat,417.1685514
16,Sample_S19S_0093_Wat,418.0416648
55,Sample_S19S_0093_Wat,418.0779721
21,Sample_S19S_0093_Wat,418.1144292
36,Sample_S19S_0093_Wat,419.0256123
16,Sample_S19S_0093_Wat,419.0466741
44,Sample_S19S_0093_Wat,419.0619721
11,Sample_S19S_0093_Wat,419.0652534
9,Sample_S19S_0093_Wat,419.0829959
18,Sample_S19S_0093_Wat,419.0982983
2,Sample_S19S_0093_Wat,419.1015327
4,Sample_S19S_0093_Wat,419.1113471
8,Sample_S19S_0093_Wat,419.1194106
86,Sample_S19S_0093_Wat,419.1347745
17,Sample_S19S_0093_Wat,419.1478319
42,Sample_S19S_0093_Wat,419.1711927
17,Sample_S19S_0093_Wat,419.1842051
33,Sample_S19S_0093_Wat,419.207525
55,Sample_S19S_0093_Wat,420.0572817
50,Sample_S19S_0093_Wat,421.0412704
21,Sample_S19S_0093_Wat,421.0777047
6,Sample_S19S_0093_Wat,421.0809217
97,Sample_S19S_0093_Wat,421.1140346
10,Sample_S19S_0093_Wat,421.1270174
77,Sample_S19S_0093_Wat,421.1504292
1,Sample_S19S_0093_Wat,421.1552081
15,Sample_S19S_0093_Wat,421.1634511
20,Sample_S19S_0093_Wat,421.1868654
8,Sample_S19S_0093_Wat,422.0364426
61,Sample_S19S_0093_Wat,422.0728802
33,Sample_S19S_0093_Wat,422.1093338
23,Sample_S19S_0093_Wat,423.0205894
55,Sample_S19S_0093_Wat,423.0569089
6,Sample_S19S_0093_Wat,423.0682304
33,Sample_S19S_0093_Wat,423.093231
12,Sample_S19S_0093_Wat,423.1046157
105,Sample_S19S_0093_Wat,423.1296813
33,Sample_S19S_0093_Wat,423.1661225
34,Sample_S19S_0093_Wat,423.2024382
8,Sample_S19S_0093_Wat,424.0344262
19,Sample_S19S_0093_Wat,424.0522173
4,Sample_S19S_0093_Wat,424.0886497
42,Sample_S19S_0093_Wat,424.1249783
50,Sample_S19S_0093_Wat,425.0361852
6,Sample_S19S_0093_Wat,425.054654
21,Sample_S19S_0093_Wat,425.0724714
18,Sample_S19S_0093_Wat,425.0838582
16,Sample_S19S_0093_Wat,425.0877557
8,Sample_S19S_0093_Wat,425.091008
51,Sample_S19S_0093_Wat,425.1089252
5,Sample_S19S_0093_Wat,425.120287
19,Sample_S19S_0093_Wat,425.1453873
38,Sample_S19S_0093_Wat,425.1816982
27,Sample_S19S_0093_Wat,426.0467067
10,Sample_S19S_0093_Wat,426.0831471
58,Sample_S19S_0093_Wat,426.1405881
22,Sample_S19S_0093_Wat,427.0154789
15,Sample_S19S_0093_Wat,427.0307487
25,Sample_S19S_0093_Wat,427.0518808
12,Sample_S19S_0093_Wat,427.0669702
9,Sample_S19S_0093_Wat,427.0703757
8,Sample_S19S_0093_Wat,427.0801714
44,Sample_S19S_0093_Wat,427.088175
39,Sample_S19S_0093_Wat,427.1035014
16,Sample_S19S_0093_Wat,427.1165345
75,Sample_S19S_0093_Wat,427.1245871
4,Sample_S19S_0093_Wat,427.1399769
4,Sample_S19S_0093_Wat,427.1610597
28,Sample_S19S_0093_Wat,427.1973395
29,Sample_S19S_0093_Wat,428.0470647
16,Sample_S19S_0093_Wat,428.0622933
54,Sample_S19S_0093_Wat,428.0987544
27,Sample_S19S_0093_Wat,428.1562791
12,Sample_S19S_0093_Wat,429.0099567
11,Sample_S19S_0093_Wat,429.0132649
32,Sample_S19S_0093_Wat,429.0310878
33,Sample_S19S_0093_Wat,429.0463286
15,Sample_S19S_0093_Wat,429.0496556
50,Sample_S19S_0093_Wat,429.067488
2,Sample_S19S_0093_Wat,429.0829209
13,Sample_S19S_0093_Wat,429.0861392
9,Sample_S19S_0093_Wat,429.1039457
5,Sample_S19S_0093_Wat,429.1192381
10,Sample_S19S_0093_Wat,429.1224523
59,Sample_S19S_0093_Wat,429.1402424
26,Sample_S19S_0093_Wat,429.1555582
1,Sample_S19S_0093_Wat,429.1587517
21,Sample_S19S_0093_Wat,429.1685491
20,Sample_S19S_0093_Wat,429.1765924
33,Sample_S19S_0093_Wat,429.1919036
30,Sample_S19S_0093_Wat,430.0416122
22,Sample_S19S_0093_Wat,430.0627483
15,Sample_S19S_0093_Wat,430.0780537
33,Sample_S19S_0093_Wat,430.0991542
76,Sample_S19S_0093_Wat,430.1143962
46,Sample_S19S_0093_Wat,430.1354817
23,Sample_S19S_0093_Wat,431.0256563
13,Sample_S19S_0093_Wat,431.04681
67,Sample_S19S_0093_Wat,431.0620177
6,Sample_S19S_0093_Wat,431.0653523
45,Sample_S19S_0093_Wat,431.083125
70,Sample_S19S_0093_Wat,431.098388
8,Sample_S19S_0093_Wat,431.1016424
13,Sample_S19S_0093_Wat,431.1113826
26,Sample_S19S_0093_Wat,431.1194411
30,Sample_S19S_0093_Wat,431.1347291
19,Sample_S19S_0093_Wat,431.1477957
22,Sample_S19S_0093_Wat,431.1558407
34,Sample_S19S_0093_Wat,431.1711879
16,Sample_S19S_0093_Wat,431.2076023
15,Sample_S19S_0093_Wat,432.020878
9,Sample_S19S_0093_Wat,432.0573233
24,Sample_S19S_0093_Wat,432.078404
91,Sample_S19S_0093_Wat,432.093661
76,Sample_S19S_0093_Wat,432.1300404
14,Sample_S19S_0093_Wat,433.0048372
47,Sample_S19S_0093_Wat,433.0412948
15,Sample_S19S_0093_Wat,433.0445678
26,Sample_S19S_0093_Wat,433.0624271
76,Sample_S19S_0093_Wat,433.077665
9,Sample_S19S_0093_Wat,433.0809249
9,Sample_S19S_0093_Wat,433.0906617
14,Sample_S19S_0093_Wat,433.0986887
30,Sample_S19S_0093_Wat,433.1139658
3,Sample_S19S_0093_Wat,433.1269982
3,Sample_S19S_0093_Wat,433.13501
27,Sample_S19S_0093_Wat,433.1503758
19,Sample_S19S_0093_Wat,433.1634586
34,Sample_S19S_0093_Wat,433.1868494
12,Sample_S19S_0093_Wat,434.072975
22,Sample_S19S_0093_Wat,434.1093421
15,Sample_S19S_0093_Wat,435.0204588
51,Sample_S19S_0093_Wat,435.0569041
6,Sample_S19S_0093_Wat,435.0682762
78,Sample_S19S_0093_Wat,435.093324
6,Sample_S19S_0093_Wat,435.0964958
33,Sample_S19S_0093_Wat,435.1296329
3,Sample_S19S_0093_Wat,435.1426364
26,Sample_S19S_0093_Wat,435.1659973
10,Sample_S19S_0093_Wat,435.1790631
42,Sample_S19S_0093_Wat,435.2024665
30,Sample_S19S_0093_Wat,436.0521427
30,Sample_S19S_0093_Wat,436.0886111
7,Sample_S19S_0093_Wat,436.1250197
1,Sample_S19S_0093_Wat,437.0184928
44,Sample_S19S_0093_Wat,437.0361523
2,Sample_S19S_0093_Wat,437.0546147
29,Sample_S19S_0093_Wat,437.072483
15,Sample_S19S_0093_Wat,437.0837898
6,Sample_S19S_0093_Wat,437.1009114
29,Sample_S19S_0093_Wat,437.1088959
16,Sample_S19S_0093_Wat,437.120251
59,Sample_S19S_0093_Wat,437.1453651
48,Sample_S19S_0093_Wat,437.1817485
9,Sample_S19S_0093_Wat,437.2180272
15,Sample_S19S_0093_Wat,438.031465
22,Sample_S19S_0093_Wat,438.0678822
73,Sample_S19S_0093_Wat,438.1405683
14,Sample_S19S_0093_Wat,439.0153758
3,Sample_S19S_0093_Wat,439.030563
20,Sample_S19S_0093_Wat,439.051737
14,Sample_S19S_0093_Wat,439.0670176
10,Sample_S19S_0093_Wat,439.0703504
68,Sample_S19S_0093_Wat,439.0882098
80,Sample_S19S_0093_Wat,439.1246064
46,Sample_S19S_0093_Wat,439.1358561
13,Sample_S19S_0093_Wat,439.1529344
30,Sample_S19S_0093_Wat,439.1609425
17,Sample_S19S_0093_Wat,439.1892886
18,Sample_S19S_0093_Wat,439.1973056
46,Sample_S19S_0093_Wat,440.0834468
34,Sample_S19S_0093_Wat,440.1198163
19,Sample_S19S_0093_Wat,441.0310268
11,Sample_S19S_0093_Wat,441.0462365
8,Sample_S19S_0093_Wat,441.0495906
39,Sample_S19S_0093_Wat,441.0674409
33,Sample_S19S_0093_Wat,441.0827166
12,Sample_S19S_0093_Wat,441.0860426
38,Sample_S19S_0093_Wat,441.1039049
15,Sample_S19S_0093_Wat,441.1191742
54,Sample_S19S_0093_Wat,441.1402285
12,Sample_S19S_0093_Wat,441.1554489
14,Sample_S19S_0093_Wat,441.168514
21,Sample_S19S_0093_Wat,441.1765589
9,Sample_S19S_0093_Wat,441.2049192
9,Sample_S19S_0093_Wat,441.2129575
22,Sample_S19S_0093_Wat,442.0416289
13,Sample_S19S_0093_Wat,442.0779366
14,Sample_S19S_0093_Wat,442.0990637
11,Sample_S19S_0093_Wat,442.114299
20,Sample_S19S_0093_Wat,442.135461
16,Sample_S19S_0093_Wat,443.0255061
2,Sample_S19S_0093_Wat,443.0288063
21,Sample_S19S_0093_Wat,443.0466588
17,Sample_S19S_0093_Wat,443.061884
6,Sample_S19S_0093_Wat,443.0652174
10,Sample_S19S_0093_Wat,443.0749837
37,Sample_S19S_0093_Wat,443.0830557
40,Sample_S19S_0093_Wat,443.0984287
8,Sample_S19S_0093_Wat,443.1016577
16,Sample_S19S_0093_Wat,443.1114516
63,Sample_S19S_0093_Wat,443.119518
5,Sample_S19S_0093_Wat,443.1348538
16,Sample_S19S_0093_Wat,443.1478565
48,Sample_S19S_0093_Wat,443.1558944
26,Sample_S19S_0093_Wat,443.1711201
19,Sample_S19S_0093_Wat,443.1841796
14,Sample_S19S_0093_Wat,443.1922057
50,Sample_S19S_0093_Wat,444.0572726
24,Sample_S19S_0093_Wat,444.093696
14,Sample_S19S_0093_Wat,444.1299715
23,Sample_S19S_0093_Wat,445.0260024
42,Sample_S19S_0093_Wat,445.0412697
7,Sample_S19S_0093_Wat,445.0446703
40,Sample_S19S_0093_Wat,445.0623769
39,Sample_S19S_0093_Wat,445.0776178
8,Sample_S19S_0093_Wat,445.0808638
15,Sample_S19S_0093_Wat,445.0986624
3,Sample_S19S_0093_Wat,445.1083593
18,Sample_S19S_0093_Wat,445.1139537
3,Sample_S19S_0093_Wat,445.1171907
14,Sample_S19S_0093_Wat,445.127011
11,Sample_S19S_0093_Wat,445.1350548
35,Sample_S19S_0093_Wat,445.1503907
2,Sample_S19S_0093_Wat,445.1536246
27,Sample_S19S_0093_Wat,445.1634705
38,Sample_S19S_0093_Wat,445.1715289
39,Sample_S19S_0093_Wat,445.1868428
22,Sample_S19S_0093_Wat,446.0364887
21,Sample_S19S_0093_Wat,446.0728598
2,Sample_S19S_0093_Wat,446.0939418
50,Sample_S19S_0093_Wat,446.1092739
32,Sample_S19S_0093_Wat,446.1457127
16,Sample_S19S_0093_Wat,447.0204695
9,Sample_S19S_0093_Wat,447.056785
6,Sample_S19S_0093_Wat,447.0779114
20,Sample_S19S_0093_Wat,447.09323
18,Sample_S19S_0093_Wat,447.114388
79,Sample_S19S_0093_Wat,447.1297048
21,Sample_S19S_0093_Wat,447.1427418
71,Sample_S19S_0093_Wat,447.1660641
16,Sample_S19S_0093_Wat,447.179104
14,Sample_S19S_0093_Wat,447.2023724
9,Sample_S19S_0093_Wat,448.0520882
73,Sample_S19S_0093_Wat,448.088573
20,Sample_S19S_0093_Wat,448.1096972
19,Sample_S19S_0093_Wat,449.0360637
26,Sample_S19S_0093_Wat,449.0724952
8,Sample_S19S_0093_Wat,449.0838924
91,Sample_S19S_0093_Wat,449.1089599
13,Sample_S19S_0093_Wat,449.1219859
80,Sample_S19S_0093_Wat,449.1453221
16,Sample_S19S_0093_Wat,449.1583358
25,Sample_S19S_0093_Wat,449.1816462
11,Sample_S19S_0093_Wat,449.2180299
5,Sample_S19S_0093_Wat,450.0313071
10,Sample_S19S_0093_Wat,451.0153576
21,Sample_S19S_0093_Wat,451.0517204
2,Sample_S19S_0093_Wat,451.0628643
37,Sample_S19S_0093_Wat,451.0881744
23,Sample_S19S_0093_Wat,451.0994605
61,Sample_S19S_0093_Wat,451.124616
34,Sample_S19S_0093_Wat,451.1609528
6,Sample_S19S_0093_Wat,451.189303
6,Sample_S19S_0093_Wat,451.1972791
4,Sample_S19S_0093_Wat,452.0469724
44,Sample_S19S_0093_Wat,452.0834394
20,Sample_S19S_0093_Wat,452.1199139
28,Sample_S19S_0093_Wat,453.0310814
11,Sample_S19S_0093_Wat,453.0462824
3,Sample_S19S_0093_Wat,453.0495533
26,Sample_S19S_0093_Wat,453.0673983
9,Sample_S19S_0093_Wat,453.0957146
16,Sample_S19S_0093_Wat,453.1037558
13,Sample_S19S_0093_Wat,453.1321972
43,Sample_S19S_0093_Wat,453.140211
1,Sample_S19S_0093_Wat,453.1686448
57,Sample_S19S_0093_Wat,453.1766436
37,Sample_S19S_0093_Wat,454.0627542
10,Sample_S19S_0093_Wat,454.0779327
12,Sample_S19S_0093_Wat,455.025566
5,Sample_S19S_0093_Wat,455.0288857
43,Sample_S19S_0093_Wat,455.0467468
41,Sample_S19S_0093_Wat,455.0620251
10,Sample_S19S_0093_Wat,455.0652945
50,Sample_S19S_0093_Wat,455.0831528
43,Sample_S19S_0093_Wat,455.0984121
12,Sample_S19S_0093_Wat,455.1016835
13,Sample_S19S_0093_Wat,455.111472
39,Sample_S19S_0093_Wat,455.1194736
8,Sample_S19S_0093_Wat,455.1346803
17,Sample_S19S_0093_Wat,455.14777
12,Sample_S19S_0093_Wat,455.1558023
12,Sample_S19S_0093_Wat,455.1841535
11,Sample_S19S_0093_Wat,455.1921775
14,Sample_S19S_0093_Wat,456.0935705
5,Sample_S19S_0093_Wat,456.1431009
9,Sample_S19S_0093_Wat,457.0260917
32,Sample_S19S_0093_Wat,457.0412916
43,Sample_S19S_0093_Wat,457.0624071
21,Sample_S19S_0093_Wat,457.0776174
7,Sample_S19S_0093_Wat,457.0808688
7,Sample_S19S_0093_Wat,457.0906483
20,Sample_S19S_0093_Wat,457.0986905
25,Sample_S19S_0093_Wat,457.1139922
7,Sample_S19S_0093_Wat,457.1172314
8,Sample_S19S_0093_Wat,457.1270095
17,Sample_S19S_0093_Wat,457.1350642
2,Sample_S19S_0093_Wat,457.1447412
16,Sample_S19S_0093_Wat,457.150377
17,Sample_S19S_0093_Wat,457.1634444
23,Sample_S19S_0093_Wat,457.1715231
7,Sample_S19S_0093_Wat,457.1998933
45,Sample_S19S_0093_Wat,458.0729028
20,Sample_S19S_0093_Wat,459.0205561
25,Sample_S19S_0093_Wat,459.0416602
25,Sample_S19S_0093_Wat,459.0568713
25,Sample_S19S_0093_Wat,459.0779746
25,Sample_S19S_0093_Wat,459.0932353
7,Sample_S19S_0093_Wat,459.0964817
12,Sample_S19S_0093_Wat,459.1062882
26,Sample_S19S_0093_Wat,459.1143457
57,Sample_S19S_0093_Wat,459.1296693
24,Sample_S19S_0093_Wat,459.142719
36,Sample_S19S_0093_Wat,459.1508169
41,Sample_S19S_0093_Wat,459.1661042
22,Sample_S19S_0093_Wat,459.2025048
9,Sample_S19S_0093_Wat,460.0521036
63,Sample_S19S_0093_Wat,460.0885829
53,Sample_S19S_0093_Wat,460.1249704
38,Sample_S19S_0093_Wat,461.036196
28,Sample_S19S_0093_Wat,461.0572822
30,Sample_S19S_0093_Wat,461.0725007
8,Sample_S19S_0093_Wat,461.0855391
8,Sample_S19S_0093_Wat,461.0935699
14,Sample_S19S_0093_Wat,461.1088271
1,Sample_S19S_0093_Wat,461.1119997
4,Sample_S19S_0093_Wat,461.1218899
12,Sample_S19S_0093_Wat,461.1299458
1,Sample_S19S_0093_Wat,461.1396751
22,Sample_S19S_0093_Wat,461.1452647
16,Sample_S19S_0093_Wat,461.1583343
34,Sample_S19S_0093_Wat,461.1817537
6,Sample_S19S_0093_Wat,461.1948089
21,Sample_S19S_0093_Wat,461.218132
36,Sample_S19S_0093_Wat,462.067799
22,Sample_S19S_0093_Wat,462.1042629
10,Sample_S19S_0093_Wat,463.015396
45,Sample_S19S_0093_Wat,463.0518315
15,Sample_S19S_0093_Wat,463.063043
47,Sample_S19S_0093_Wat,463.0881954
3,Sample_S19S_0093_Wat,463.1189274
19,Sample_S19S_0093_Wat,463.124491
2,Sample_S19S_0093_Wat,463.1375144
8,Sample_S19S_0093_Wat,463.1608564
5,Sample_S19S_0093_Wat,463.1739081
18,Sample_S19S_0093_Wat,463.1972938
29,Sample_S19S_0093_Wat,464.1198095
16,Sample_S19S_0093_Wat,465.0310055
16,Sample_S19S_0093_Wat,465.06738
5,Sample_S19S_0093_Wat,465.0786706
35,Sample_S19S_0093_Wat,465.1038259
41,Sample_S19S_0093_Wat,465.115136
3,Sample_S19S_0093_Wat,465.1686035
60,Sample_S19S_0093_Wat,465.1766182
13,Sample_S19S_0093_Wat,465.2129596
57,Sample_S19S_0093_Wat,466.1355201
4,Sample_S19S_0093_Wat,467.0255354
3,Sample_S19S_0093_Wat,467.0288472
43,Sample_S19S_0093_Wat,467.0467531
17,Sample_S19S_0093_Wat,467.0620397
56,Sample_S19S_0093_Wat,467.0831629
2,Sample_S19S_0093_Wat,467.0945031
52,Sample_S19S_0093_Wat,467.1195422
22,Sample_S19S_0093_Wat,467.1478261
32,Sample_S19S_0093_Wat,467.1558326
18,Sample_S19S_0093_Wat,467.184209
8,Sample_S19S_0093_Wat,467.1921933
18,Sample_S19S_0093_Wat,467.2286363
28,Sample_S19S_0093_Wat,468.1147294
16,Sample_S19S_0093_Wat,469.0260039
22,Sample_S19S_0093_Wat,469.0412947
39,Sample_S19S_0093_Wat,469.062394
7,Sample_S19S_0093_Wat,469.0906533
27,Sample_S19S_0093_Wat,469.0986993
19,Sample_S19S_0093_Wat,469.1270251
16,Sample_S19S_0093_Wat,469.1350525
7,Sample_S19S_0093_Wat,469.1503074
9,Sample_S19S_0093_Wat,469.1633964
17,Sample_S19S_0093_Wat,469.199861
20,Sample_S19S_0093_Wat,469.2078959
19,Sample_S19S_0093_Wat,470.0365241
20,Sample_S19S_0093_Wat,471.0205509
18,Sample_S19S_0093_Wat,471.0416901
36,Sample_S19S_0093_Wat,471.0569384
10,Sample_S19S_0093_Wat,471.0681384
36,Sample_S19S_0093_Wat,471.0780166
21,Sample_S19S_0093_Wat,471.093255
8,Sample_S19S_0093_Wat,471.0965112
10,Sample_S19S_0093_Wat,471.106291
6,Sample_S19S_0093_Wat,471.1295835
2,Sample_S19S_0093_Wat,471.1328376
7,Sample_S19S_0093_Wat,471.1426129
13,Sample_S19S_0093_Wat,471.1506882
8,Sample_S19S_0093_Wat,471.16598
17,Sample_S19S_0093_Wat,471.1790652
18,Sample_S19S_0093_Wat,471.1871307
9,Sample_S19S_0093_Wat,471.2155389
21,Sample_S19S_0093_Wat,473.0361823
12,Sample_S19S_0093_Wat,473.0573502
43,Sample_S19S_0093_Wat,473.0726032
39,Sample_S19S_0093_Wat,473.0937108
64,Sample_S19S_0093_Wat,473.1089772
8,Sample_S19S_0093_Wat,473.1122201
16,Sample_S19S_0093_Wat,473.121993
21,Sample_S19S_0093_Wat,473.1300234
3,Sample_S19S_0093_Wat,473.139667
23,Sample_S19S_0093_Wat,473.1452829
8,Sample_S19S_0093_Wat,473.1582831
12,Sample_S19S_0093_Wat,473.1663521
1,Sample_S19S_0093_Wat,473.1760299
18,Sample_S19S_0093_Wat,473.1816622
25,Sample_S19S_0093_Wat,473.2180738
1,Sample_S19S_0093_Wat,474.0312946
38,Sample_S19S_0093_Wat,474.067818
17,Sample_S19S_0093_Wat,474.0889636
27,Sample_S19S_0093_Wat,474.1042477
55,Sample_S19S_0093_Wat,474.1405956
3,Sample_S19S_0093_Wat,475.0152769
16,Sample_S19S_0093_Wat,475.0517049
19,Sample_S19S_0093_Wat,475.0728791
29,Sample_S19S_0093_Wat,475.0881586
12,Sample_S19S_0093_Wat,475.1012806
18,Sample_S19S_0093_Wat,475.1092833
64,Sample_S19S_0093_Wat,475.1245966
18,Sample_S19S_0093_Wat,475.1376596
16,Sample_S19S_0093_Wat,475.1456774
62,Sample_S19S_0093_Wat,475.1609843
19,Sample_S19S_0093_Wat,475.1739813
13,Sample_S19S_0093_Wat,475.1973043
2,Sample_S19S_0093_Wat,475.2336051
10,Sample_S19S_0093_Wat,476.0833408
29,Sample_S19S_0093_Wat,476.1198125
34,Sample_S19S_0093_Wat,477.0311319
53,Sample_S19S_0093_Wat,477.0674882
6,Sample_S19S_0093_Wat,477.0786444
21,Sample_S19S_0093_Wat,477.1037802
1,Sample_S19S_0093_Wat,477.1344651
6,Sample_S19S_0093_Wat,477.1401075
5,Sample_S19S_0093_Wat,477.1531747
17,Sample_S19S_0093_Wat,477.1765167
30,Sample_S19S_0093_Wat,477.2130039
70,Sample_S19S_0093_Wat,478.0991507
8,Sample_S19S_0093_Wat,479.0466033
19,Sample_S19S_0093_Wat,479.0830028
1,Sample_S19S_0093_Wat,479.0941897
40,Sample_S19S_0093_Wat,479.1194663
9,Sample_S19S_0093_Wat,479.1306872
64,Sample_S19S_0093_Wat,479.1559168
45,Sample_S19S_0093_Wat,479.1923063
11,Sample_S19S_0093_Wat,479.2286027
24,Sample_S19S_0093_Wat,480.041991
10,Sample_S19S_0093_Wat,480.151082
9,Sample_S19S_0093_Wat,481.025885
23,Sample_S19S_0093_Wat,481.0623379
6,Sample_S19S_0093_Wat,481.077508
51,Sample_S19S_0093_Wat,481.0987747
68,Sample_S19S_0093_Wat,481.1351677
46,Sample_S19S_0093_Wat,481.1715313
13,Sample_S19S_0093_Wat,481.199847
16,Sample_S19S_0093_Wat,481.2078283
9,Sample_S19S_0093_Wat,482.1302914
1,Sample_S19S_0093_Wat,483.0203756
18,Sample_S19S_0093_Wat,483.0415833
16,Sample_S19S_0093_Wat,483.0568081
32,Sample_S19S_0093_Wat,483.0780208
5,Sample_S19S_0093_Wat,483.0893721
28,Sample_S19S_0093_Wat,483.0933003
47,Sample_S19S_0093_Wat,483.1144642
33,Sample_S19S_0093_Wat,483.1508531
14,Sample_S19S_0093_Wat,483.1660394
9,Sample_S19S_0093_Wat,483.1791639
27,Sample_S19S_0093_Wat,483.1871699
11,Sample_S19S_0093_Wat,484.1459881
2,Sample_S19S_0093_Wat,485.0360155
10,Sample_S19S_0093_Wat,485.057196
18,Sample_S19S_0093_Wat,485.0724465
31,Sample_S19S_0093_Wat,485.0936172
41,Sample_S19S_0093_Wat,485.1089501
12,Sample_S19S_0093_Wat,485.1220307
45,Sample_S19S_0093_Wat,485.1300644
23,Sample_S19S_0093_Wat,485.1453846
13,Sample_S19S_0093_Wat,485.1584131
33,Sample_S19S_0093_Wat,485.1664901
16,Sample_S19S_0093_Wat,486.0314421
13,Sample_S19S_0093_Wat,487.0154217
16,Sample_S19S_0093_Wat,487.0365498
21,Sample_S19S_0093_Wat,487.051792
2,Sample_S19S_0093_Wat,487.0628667
21,Sample_S19S_0093_Wat,487.072871
12,Sample_S19S_0093_Wat,487.088118
10,Sample_S19S_0093_Wat,487.1092152
13,Sample_S19S_0093_Wat,487.1244947
12,Sample_S19S_0093_Wat,487.1375846
12,Sample_S19S_0093_Wat,487.1456408
52,Sample_S19S_0093_Wat,487.1609704
14,Sample_S19S_0093_Wat,487.1740711
30,Sample_S19S_0093_Wat,487.1974177
40,Sample_S19S_0093_Wat,488.0834359
21,Sample_S19S_0093_Wat,488.1562868
13,Sample_S19S_0093_Wat,489.0310445
13,Sample_S19S_0093_Wat,489.0522438
48,Sample_S19S_0093_Wat,489.067487
25,Sample_S19S_0093_Wat,489.0886429
32,Sample_S19S_0093_Wat,489.1039118
33,Sample_S19S_0093_Wat,489.1249814
29,Sample_S19S_0093_Wat,489.1402055
13,Sample_S19S_0093_Wat,489.1532671
11,Sample_S19S_0093_Wat,489.1612651
11,Sample_S19S_0093_Wat,489.1765226
7,Sample_S19S_0093_Wat,489.2128864
21,Sample_S19S_0093_Wat,490.0990621
2,Sample_S19S_0093_Wat,490.1101288
10,Sample_S19S_0093_Wat,490.171809
14,Sample_S19S_0093_Wat,491.0103745
16,Sample_S19S_0093_Wat,491.0466906
24,Sample_S19S_0093_Wat,491.0830123
11,Sample_S19S_0093_Wat,491.1193786
27,Sample_S19S_0093_Wat,491.1558203
44,Sample_S19S_0093_Wat,491.1922945
6,Sample_S19S_0093_Wat,491.2287423
45,Sample_S19S_0093_Wat,492.1147512
12,Sample_S19S_0093_Wat,493.0259042
14,Sample_S19S_0093_Wat,493.0622921
24,Sample_S19S_0093_Wat,493.098712
4,Sample_S19S_0093_Wat,493.1098806
69,Sample_S19S_0093_Wat,493.1351653
48,Sample_S19S_0093_Wat,493.1715856
8,Sample_S19S_0093_Wat,493.2442171
1,Sample_S19S_0093_Wat,494.0574822
16,Sample_S19S_0093_Wat,495.0415683
41,Sample_S19S_0093_Wat,495.0780179
1,Sample_S19S_0093_Wat,495.0891269
42,Sample_S19S_0093_Wat,495.1144449
4,Sample_S19S_0093_Wat,495.1427989
57,Sample_S19S_0093_Wat,495.1507984
6,Sample_S19S_0093_Wat,496.0520509
1,Sample_S19S_0093_Wat,497.0207701
9,Sample_S19S_0093_Wat,497.036113
24,Sample_S19S_0093_Wat,497.0572968
31,Sample_S19S_0093_Wat,497.0725711
16,Sample_S19S_0093_Wat,497.0937782
12,Sample_S19S_0093_Wat,497.1301476
19,Sample_S19S_0093_Wat,497.1947705
30,Sample_S19S_0093_Wat,498.0889479
12,Sample_S19S_0093_Wat,498.1253978
34,Sample_S19S_0093_Wat,498.1617513
8,Sample_S19S_0093_Wat,499.036451
8,Sample_S19S_0093_Wat,499.0516924
24,Sample_S19S_0093_Wat,499.0728848
35,Sample_S19S_0093_Wat,499.1093112
43,Sample_S19S_0093_Wat,499.1246232
4,Sample_S19S_0093_Wat,499.1377212
46,Sample_S19S_0093_Wat,499.1457371
12,Sample_S19S_0093_Wat,499.1610424
12,Sample_S19S_0093_Wat,499.1740741
32,Sample_S19S_0093_Wat,499.1973555
18,Sample_S19S_0093_Wat,499.2104255
1,Sample_S19S_0093_Wat,500.0832302
12,Sample_S19S_0093_Wat,501.0310269
11,Sample_S19S_0093_Wat,501.0521674
24,Sample_S19S_0093_Wat,501.0673678
15,Sample_S19S_0093_Wat,501.0885018
14,Sample_S19S_0093_Wat,501.1037301
8,Sample_S19S_0093_Wat,501.116864
7,Sample_S19S_0093_Wat,501.1248479
18,Sample_S19S_0093_Wat,501.1401768
22,Sample_S19S_0093_Wat,501.1532967
17,Sample_S19S_0093_Wat,501.1612956
44,Sample_S19S_0093_Wat,501.1766253
24,Sample_S19S_0093_Wat,501.2130646
9,Sample_S19S_0093_Wat,503.01033
15,Sample_S19S_0093_Wat,503.0468089
4,Sample_S19S_0093_Wat,503.0679918
3,Sample_S19S_0093_Wat,503.0832459
21,Sample_S19S_0093_Wat,503.1042984
56,Sample_S19S_0093_Wat,503.1195309
16,Sample_S19S_0093_Wat,503.1405906
1,Sample_S19S_0093_Wat,503.1502092
24,Sample_S19S_0093_Wat,503.1558462
14,Sample_S19S_0093_Wat,503.1921795
12,Sample_S19S_0093_Wat,503.2285615
8,Sample_S19S_0093_Wat,504.1512304
9,Sample_S19S_0093_Wat,505.0259469
9,Sample_S19S_0093_Wat,505.0622503
22,Sample_S19S_0093_Wat,505.098662
1,Sample_S19S_0093_Wat,505.1293863
17,Sample_S19S_0093_Wat,505.1350781
64,Sample_S19S_0093_Wat,505.1715425
10,Sample_S19S_0093_Wat,505.1846129
27,Sample_S19S_0093_Wat,505.2079802
22,Sample_S19S_0093_Wat,505.2443315
20,Sample_S19S_0093_Wat,506.0576414
5,Sample_S19S_0093_Wat,506.1303153
9,Sample_S19S_0093_Wat,506.1666811
16,Sample_S19S_0093_Wat,507.0415912
33,Sample_S19S_0093_Wat,507.0780238
1,Sample_S19S_0093_Wat,507.0890517
47,Sample_S19S_0093_Wat,507.1144464
60,Sample_S19S_0093_Wat,507.1508255
8,Sample_S19S_0093_Wat,509.0209945
17,Sample_S19S_0093_Wat,509.0573918
43,Sample_S19S_0093_Wat,509.0937287
41,Sample_S19S_0093_Wat,509.1300451
9,Sample_S19S_0093_Wat,509.1583575
14,Sample_S19S_0093_Wat,510.0888729
10,Sample_S19S_0093_Wat,511.0366348
14,Sample_S19S_0093_Wat,511.0518749
39,Sample_S19S_0093_Wat,511.0729714
3,Sample_S19S_0093_Wat,511.1375472
6,Sample_S19S_0093_Wat,511.1739404
7,Sample_S19S_0093_Wat,511.2103696
9,Sample_S19S_0093_Wat,513.0311674
10,Sample_S19S_0093_Wat,513.0522762
27,Sample_S19S_0093_Wat,513.0674942
25,Sample_S19S_0093_Wat,513.0885835
13,Sample_S19S_0093_Wat,513.1169162
17,Sample_S19S_0093_Wat,513.1248843
7,Sample_S19S_0093_Wat,513.1401059
5,Sample_S19S_0093_Wat,513.1612236
3,Sample_S19S_0093_Wat,513.1764786
10,Sample_S19S_0093_Wat,515.0467951
14,Sample_S19S_0093_Wat,515.0679477
39,Sample_S19S_0093_Wat,515.083157
29,Sample_S19S_0093_Wat,515.1042917
39,Sample_S19S_0093_Wat,515.1194964
22,Sample_S19S_0093_Wat,515.1405768
13,Sample_S19S_0093_Wat,515.155816
10,Sample_S19S_0093_Wat,515.1688778
10,Sample_S19S_0093_Wat,515.1768835
9,Sample_S19S_0093_Wat,515.1921599
3,Sample_S19S_0093_Wat,515.2285302
14,Sample_S19S_0093_Wat,516.1146459
46,Sample_S19S_0093_Wat,516.1511394
32,Sample_S19S_0093_Wat,517.0624113
10,Sample_S19S_0093_Wat,517.0835974
13,Sample_S19S_0093_Wat,517.098859
8,Sample_S19S_0093_Wat,517.1199999
7,Sample_S19S_0093_Wat,517.1352552
13,Sample_S19S_0093_Wat,517.171616
38,Sample_S19S_0093_Wat,517.2079237
8,Sample_S19S_0093_Wat,517.2442337
16,Sample_S19S_0093_Wat,518.0576863
24,Sample_S19S_0093_Wat,518.0939924
8,Sample_S19S_0093_Wat,519.041577
15,Sample_S19S_0093_Wat,519.0779454
17,Sample_S19S_0093_Wat,519.1143103
27,Sample_S19S_0093_Wat,519.1507584
51,Sample_S19S_0093_Wat,519.1872205
15,Sample_S19S_0093_Wat,519.2236508
26,Sample_S19S_0093_Wat,521.0573462
33,Sample_S19S_0093_Wat,521.0937324
46,Sample_S19S_0093_Wat,521.1301011
27,Sample_S19S_0093_Wat,521.1663968
9,Sample_S19S_0093_Wat,521.2027235
3,Sample_S19S_0093_Wat,521.2390738
7,Sample_S19S_0093_Wat,522.0888396
2,Sample_S19S_0093_Wat,522.1251732
17,Sample_S19S_0093_Wat,523.0365285
10,Sample_S19S_0093_Wat,523.0728235
7,Sample_S19S_0093_Wat,523.1091901
16,Sample_S19S_0093_Wat,523.1456062
23,Sample_S19S_0093_Wat,523.1820717
10,Sample_S19S_0093_Wat,523.2104573
4,Sample_S19S_0093_Wat,525.0309309
10,Sample_S19S_0093_Wat,525.0521307
21,Sample_S19S_0093_Wat,525.0674542
25,Sample_S19S_0093_Wat,525.0885729
33,Sample_S19S_0093_Wat,525.1250197
36,Sample_S19S_0093_Wat,525.1614051
9,Sample_S19S_0093_Wat,525.2340332
20,Sample_S19S_0093_Wat,526.0626977
12,Sample_S19S_0093_Wat,527.0315131
11,Sample_S19S_0093_Wat,527.0467883
2,Sample_S19S_0093_Wat,527.0578569
15,Sample_S19S_0093_Wat,527.0679337
10,Sample_S19S_0093_Wat,527.0832056
11,Sample_S19S_0093_Wat,527.1043114
14,Sample_S19S_0093_Wat,527.119585
36,Sample_S19S_0093_Wat,527.1406475
32,Sample_S19S_0093_Wat,527.1558917
16,Sample_S19S_0093_Wat,527.1689685
26,Sample_S19S_0093_Wat,527.1769645
11,Sample_S19S_0093_Wat,527.2052882
11,Sample_S19S_0093_Wat,528.0419935
18,Sample_S19S_0093_Wat,528.0995056
27,Sample_S19S_0093_Wat,528.135922
4,Sample_S19S_0093_Wat,529.0260908
7,Sample_S19S_0093_Wat,529.047257
14,Sample_S19S_0093_Wat,529.0624704
1,Sample_S19S_0093_Wat,529.0733897
10,Sample_S19S_0093_Wat,529.0836238
17,Sample_S19S_0093_Wat,529.0988481
19,Sample_S19S_0093_Wat,529.119899
38,Sample_S19S_0093_Wat,529.1351825
20,Sample_S19S_0093_Wat,529.1562352
15,Sample_S19S_0093_Wat,529.1714748
15,Sample_S19S_0093_Wat,529.184567
8,Sample_S19S_0093_Wat,529.1925822
8,Sample_S19S_0093_Wat,529.2078283
1,Sample_S19S_0093_Wat,529.2208396
7,Sample_S19S_0093_Wat,531.0417642
7,Sample_S19S_0093_Wat,531.0781475
11,Sample_S19S_0093_Wat,531.0992322
18,Sample_S19S_0093_Wat,531.1144803
26,Sample_S19S_0093_Wat,531.1507766
12,Sample_S19S_0093_Wat,531.1871077
5,Sample_S19S_0093_Wat,531.2001725
17,Sample_S19S_0093_Wat,531.2234777
26,Sample_S19S_0093_Wat,532.1097212
11,Sample_S19S_0093_Wat,532.1459364
7,Sample_S19S_0093_Wat,533.0209267
8,Sample_S19S_0093_Wat,533.0574115
17,Sample_S19S_0093_Wat,533.0937827
25,Sample_S19S_0093_Wat,533.1301236
51,Sample_S19S_0093_Wat,533.166456
12,Sample_S19S_0093_Wat,533.2027587
5,Sample_S19S_0093_Wat,533.2390944
15,Sample_S19S_0093_Wat,535.0365569
22,Sample_S19S_0093_Wat,535.0730261
16,Sample_S19S_0093_Wat,535.1094222
1,Sample_S19S_0093_Wat,535.1203948
11,Sample_S19S_0093_Wat,535.1458132
21,Sample_S19S_0093_Wat,535.1821751
38,Sample_S19S_0093_Wat,536.1045749
4,Sample_S19S_0093_Wat,537.0310299
7,Sample_S19S_0093_Wat,537.0520931
19,Sample_S19S_0093_Wat,537.0884904
33,Sample_S19S_0093_Wat,537.1249315
42,Sample_S19S_0093_Wat,537.161382
4,Sample_S19S_0093_Wat,537.1897464
17,Sample_S19S_0093_Wat,537.1978101
9,Sample_S19S_0093_Wat,537.2342192
17,Sample_S19S_0093_Wat,539.0679143
22,Sample_S19S_0093_Wat,539.1042196
29,Sample_S19S_0093_Wat,539.1405618
7,Sample_S19S_0093_Wat,539.1688297
5,Sample_S19S_0093_Wat,539.1768779
1,Sample_S19S_0093_Wat,539.2132409
15,Sample_S19S_0093_Wat,540.0783589
9,Sample_S19S_0093_Wat,541.0470414
25,Sample_S19S_0093_Wat,541.0623672
24,Sample_S19S_0093_Wat,541.0834882
28,Sample_S19S_0093_Wat,541.1199147
15,Sample_S19S_0093_Wat,541.1563515
3,Sample_S19S_0093_Wat,541.1716527
5,Sample_S19S_0093_Wat,541.1927684
1,Sample_S19S_0093_Wat,542.0937548
7,Sample_S19S_0093_Wat,543.0629181
14,Sample_S19S_0093_Wat,543.0781158
24,Sample_S19S_0093_Wat,543.09918
27,Sample_S19S_0093_Wat,543.1144211
19,Sample_S19S_0093_Wat,543.1355017
26,Sample_S19S_0093_Wat,543.1507543
10,Sample_S19S_0093_Wat,543.1638009
11,Sample_S19S_0093_Wat,543.1718262
8,Sample_S19S_0093_Wat,543.1870791
6,Sample_S19S_0093_Wat,543.2001267
1,Sample_S19S_0093_Wat,543.208077
2,Sample_S19S_0093_Wat,544.1207063
11,Sample_S19S_0093_Wat,545.0571838
9,Sample_S19S_0093_Wat,545.0935509
9,Sample_S19S_0093_Wat,545.1147104
14,Sample_S19S_0093_Wat,545.1299664
22,Sample_S19S_0093_Wat,545.1511507
29,Sample_S19S_0093_Wat,545.1664409
29,Sample_S19S_0093_Wat,545.2028931
3,Sample_S19S_0093_Wat,545.2393178
3,Sample_S19S_0093_Wat,546.0526916
10,Sample_S19S_0093_Wat,547.0364584
19,Sample_S19S_0093_Wat,547.0729547
17,Sample_S19S_0093_Wat,547.109415
15,Sample_S19S_0093_Wat,547.145805
4,Sample_S19S_0093_Wat,547.1822164
17,Sample_S19S_0093_Wat,547.2185618
6,Sample_S19S_0093_Wat,548.0683456
15,Sample_S19S_0093_Wat,549.0523077
11,Sample_S19S_0093_Wat,549.0887119
14,Sample_S19S_0093_Wat,549.1250923
17,Sample_S19S_0093_Wat,549.1614413
34,Sample_S19S_0093_Wat,549.1977663
9,Sample_S19S_0093_Wat,549.2340464
2,Sample_S19S_0093_Wat,550.1564658
3,Sample_S19S_0093_Wat,551.0316023
14,Sample_S19S_0093_Wat,551.0679996
16,Sample_S19S_0093_Wat,551.10435
27,Sample_S19S_0093_Wat,551.140683
25,Sample_S19S_0093_Wat,551.1769906
14,Sample_S19S_0093_Wat,551.2133063
10,Sample_S19S_0093_Wat,553.0472596
10,Sample_S19S_0093_Wat,553.0836572
19,Sample_S19S_0093_Wat,553.1199748
44,Sample_S19S_0093_Wat,553.1562956
21,Sample_S19S_0093_Wat,553.1925971
1,Sample_S19S_0093_Wat,553.2288832
5,Sample_S19S_0093_Wat,555.0417548
9,Sample_S19S_0093_Wat,555.0629131
5,Sample_S19S_0093_Wat,555.0993123
6,Sample_S19S_0093_Wat,555.1356619
14,Sample_S19S_0093_Wat,555.1720029
20,Sample_S19S_0093_Wat,555.2082923
13,Sample_S19S_0093_Wat,557.0572783
9,Sample_S19S_0093_Wat,557.0785258
22,Sample_S19S_0093_Wat,557.0937315
17,Sample_S19S_0093_Wat,557.1149049
2,Sample_S19S_0093_Wat,557.1513467
1,Sample_S19S_0093_Wat,557.1666319
2,Sample_S19S_0093_Wat,557.1877224
4,Sample_S19S_0093_Wat,557.2029722
11,Sample_S19S_0093_Wat,559.1092427
25,Sample_S19S_0093_Wat,559.1456819
18,Sample_S19S_0093_Wat,559.2185569
33,Sample_S19S_0093_Wat,560.1045661
18,Sample_S19S_0093_Wat,561.0522506
21,Sample_S19S_0093_Wat,561.0885432
7,Sample_S19S_0093_Wat,561.1248442
2,Sample_S19S_0093_Wat,561.1611805
2,Sample_S19S_0093_Wat,561.1975534
25,Sample_S19S_0093_Wat,563.0679011
10,Sample_S19S_0093_Wat,563.1043787
6,Sample_S19S_0093_Wat,563.140767
5,Sample_S19S_0093_Wat,563.1771352
20,Sample_S19S_0093_Wat,563.2134586
14,Sample_S19S_0093_Wat,563.2497644
10,Sample_S19S_0093_Wat,564.1357791
8,Sample_S19S_0093_Wat,565.0470587
9,Sample_S19S_0093_Wat,565.0833841
2,Sample_S19S_0093_Wat,565.1196921
2,Sample_S19S_0093_Wat,565.1561141
13,Sample_S19S_0093_Wat,565.2290122
12,Sample_S19S_0093_Wat,567.0628477
17,Sample_S19S_0093_Wat,567.0992538
9,Sample_S19S_0093_Wat,567.1356587
16,Sample_S19S_0093_Wat,567.2083955
15,Sample_S19S_0093_Wat,567.2446704
5,Sample_S19S_0093_Wat,569.0573971
16,Sample_S19S_0093_Wat,569.0784551
7,Sample_S19S_0093_Wat,569.0937538
16,Sample_S19S_0093_Wat,569.1147778
9,Sample_S19S_0093_Wat,569.1510794
1,Sample_S19S_0093_Wat,569.1874013
2,Sample_S19S_0093_Wat,571.0363946
7,Sample_S19S_0093_Wat,571.0727742
1,Sample_S19S_0093_Wat,571.0939164
21,Sample_S19S_0093_Wat,571.1303995
30,Sample_S19S_0093_Wat,571.1457131
18,Sample_S19S_0093_Wat,571.1668216
24,Sample_S19S_0093_Wat,571.1821369
1,Sample_S19S_0093_Wat,572.0679398
12,Sample_S19S_0093_Wat,573.0521883
21,Sample_S19S_0093_Wat,573.0886509
6,Sample_S19S_0093_Wat,573.1615077
4,Sample_S19S_0093_Wat,573.1978706
6,Sample_S19S_0093_Wat,575.0680122
7,Sample_S19S_0093_Wat,575.1043617
4,Sample_S19S_0093_Wat,575.1407714
22,Sample_S19S_0093_Wat,575.1770756
20,Sample_S19S_0093_Wat,576.0995238
5,Sample_S19S_0093_Wat,577.0472834
4,Sample_S19S_0093_Wat,577.0836723
38,Sample_S19S_0093_Wat,577.1563035
24,Sample_S19S_0093_Wat,577.1926143
4,Sample_S19S_0093_Wat,577.228924
7,Sample_S19S_0093_Wat,579.0629358
13,Sample_S19S_0093_Wat,579.0992643
30,Sample_S19S_0093_Wat,579.1355972
32,Sample_S19S_0093_Wat,579.1719274
18,Sample_S19S_0093_Wat,579.2082488
1,Sample_S19S_0093_Wat,579.2445526
1,Sample_S19S_0093_Wat,581.0575294
7,Sample_S19S_0093_Wat,581.0785526
19,Sample_S19S_0093_Wat,581.1148894
37,Sample_S19S_0093_Wat,581.1512226
25,Sample_S19S_0093_Wat,581.1875335
17,Sample_S19S_0093_Wat,581.2238624
1,Sample_S19S_0093_Wat,583.0731247
1,Sample_S19S_0093_Wat,583.1095053
15,Sample_S19S_0093_Wat,583.1669172
19,Sample_S19S_0093_Wat,583.2032587
1,Sample_S19S_0093_Wat,585.0739244
5,Sample_S19S_0093_Wat,585.1098543
7,Sample_S19S_0093_Wat,587.06769
14,Sample_S19S_0093_Wat,587.1041571
14,Sample_S19S_0093_Wat,587.1405809
11,Sample_S19S_0093_Wat,587.161795
16,Sample_S19S_0093_Wat,587.2134744
12,Sample_S19S_0093_Wat,589.047112
4,Sample_S19S_0093_Wat,589.0833727
5,Sample_S19S_0093_Wat,589.119725
27,Sample_S19S_0093_Wat,590.1151876
13,Sample_S19S_0093_Wat,590.1514739
4,Sample_S19S_0093_Wat,591.0993225
2,Sample_S19S_0093_Wat,591.135742
14,Sample_S19S_0093_Wat,591.2083514
10,Sample_S19S_0093_Wat,591.2446301
4,Sample_S19S_0093_Wat,593.078251
3,Sample_S19S_0093_Wat,593.1146582
9,Sample_S19S_0093_Wat,593.1511079
23,Sample_S19S_0093_Wat,593.1875846
15,Sample_S19S_0093_Wat,593.2240288
18,Sample_S19S_0093_Wat,595.130396
12,Sample_S19S_0093_Wat,597.1460191
24,Sample_S19S_0093_Wat,597.1824999
21,Sample_S19S_0093_Wat,597.2188862
1,Sample_S19S_0093_Wat,599.0681022
12,Sample_S19S_0093_Wat,599.1254651
8,Sample_S19S_0093_Wat,599.1981029
10,Sample_S19S_0093_Wat,601.0470688
4,Sample_S19S_0093_Wat,601.0833482
4,Sample_S19S_0093_Wat,601.1560091
5,Sample_S19S_0093_Wat,603.0625968
14,Sample_S19S_0093_Wat,603.0990962
9,Sample_S19S_0093_Wat,605.0785609
3,Sample_S19S_0093_Wat,605.1149751
2,Sample_S19S_0093_Wat,605.1513953
9,Sample_S19S_0093_Wat,605.1877226
3,Sample_S19S_0093_Wat,605.2240726
7,Sample_S19S_0093_Wat,607.0578335
19,Sample_S19S_0093_Wat,607.094164
25,Sample_S19S_0093_Wat,607.1304892
26,Sample_S19S_0093_Wat,607.1667845
19,Sample_S19S_0093_Wat,609.1096597
1,Sample_S19S_0093_Wat,609.1822447
3,Sample_S19S_0093_Wat,609.2185999
1,Sample_S19S_0093_Wat,611.125099
2,Sample_S19S_0093_Wat,611.1978745
1,Sample_S19S_0093_Wat,613.119618
3,Sample_S19S_0093_Wat,615.0625943
8,Sample_S19S_0093_Wat,619.0940393
3,Sample_S19S_0093_Wat,619.130318
3,Sample_S19S_0093_Wat,619.2029535
13,Sample_S19S_0093_Wat,621.1098264
13,Sample_S19S_0093_Wat,621.1461897
26,Sample_S19S_0093_Wat,621.1825214
16,Sample_S19S_0093_Wat,621.218773
8,Sample_S19S_0093_Wat,623.0891397
1,Sample_S19S_0093_Wat,623.1983716
11,Sample_S19S_0093_Wat,625.1773321
6,Sample_S19S_0093_Wat,633.1459928
1,Sample_S19S_0093_Wat,633.1822488
6,Sample_S19S_0093_Wat,635.1982777
5,Sample_S19S_0093_Wat,637.1045624
1,Sample_S19S_0093_Wat,639.1200807
12,Sample_S19S_0093_Wat,647.0890822
16,Sample_S19S_0093_Wat,663.2295158
15,Sample_S19S_0093_Wat,665.1359874
1,Sample_S19S_0093_Wat,665.2089152
2,Sample_S19S_0093_Wat,679.1877778
1,Sample_S19S_0093_Wat,679.2605127
