num.trans.involved.in,sample,peak
6,Sample_S19S_0059_Wat,205.1597578
24,Sample_S19S_0059_Wat,209.0455114
23,Sample_S19S_0059_Wat,209.0818981
34,Sample_S19S_0059_Wat,211.0247874
36,Sample_S19S_0059_Wat,211.0611736
24,Sample_S19S_0059_Wat,211.097555
17,Sample_S19S_0059_Wat,213.0404285
31,Sample_S19S_0059_Wat,213.0768216
23,Sample_S19S_0059_Wat,215.0560786
25,Sample_S19S_0059_Wat,215.0924726
13,Sample_S19S_0059_Wat,215.1288446
13,Sample_S19S_0059_Wat,219.0662407
16,Sample_S19S_0059_Wat,221.0818912
32,Sample_S19S_0059_Wat,223.0247931
14,Sample_S19S_0059_Wat,223.0611523
36,Sample_S19S_0059_Wat,223.0975605
8,Sample_S19S_0059_Wat,225.0040321
57,Sample_S19S_0059_Wat,225.0404494
41,Sample_S19S_0059_Wat,225.0768195
14,Sample_S19S_0059_Wat,225.1131873
26,Sample_S19S_0059_Wat,227.056079
37,Sample_S19S_0059_Wat,227.092466
32,Sample_S19S_0059_Wat,229.0717413
19,Sample_S19S_0059_Wat,229.14452
32,Sample_S19S_0059_Wat,231.0873835
33,Sample_S19S_0059_Wat,233.0819208
9,Sample_S19S_0059_Wat,233.1546845
31,Sample_S19S_0059_Wat,235.0247912
48,Sample_S19S_0059_Wat,235.0611873
34,Sample_S19S_0059_Wat,235.0975749
38,Sample_S19S_0059_Wat,237.0404421
53,Sample_S19S_0059_Wat,237.0768351
41,Sample_S19S_0059_Wat,237.1132227
56,Sample_S19S_0059_Wat,239.0197221
83,Sample_S19S_0059_Wat,239.0561117
3,Sample_S19S_0059_Wat,239.0673352
84,Sample_S19S_0059_Wat,239.092497
41,Sample_S19S_0059_Wat,239.1288753
38,Sample_S19S_0059_Wat,241.0717422
28,Sample_S19S_0059_Wat,241.1081087
10,Sample_S19S_0059_Wat,242.139775
70,Sample_S19S_0059_Wat,243.0510224
33,Sample_S19S_0059_Wat,243.0873816
14,Sample_S19S_0059_Wat,243.1237626
81,Sample_S19S_0059_Wat,245.0666847
59,Sample_S19S_0059_Wat,245.1030642
62,Sample_S19S_0059_Wat,247.0612011
68,Sample_S19S_0059_Wat,247.0975945
34,Sample_S19S_0059_Wat,249.0040636
72,Sample_S19S_0059_Wat,249.0404675
78,Sample_S19S_0059_Wat,249.0768527
34,Sample_S19S_0059_Wat,249.1132224
65,Sample_S19S_0059_Wat,251.0197332
58,Sample_S19S_0059_Wat,251.0560986
105,Sample_S19S_0059_Wat,251.0925063
49,Sample_S19S_0059_Wat,251.1289035
88,Sample_S19S_0059_Wat,253.0353983
113,Sample_S19S_0059_Wat,253.0717756
41,Sample_S19S_0059_Wat,253.1081345
40,Sample_S19S_0059_Wat,253.1445337
51,Sample_S19S_0059_Wat,255.0146298
86,Sample_S19S_0059_Wat,255.0510433
107,Sample_S19S_0059_Wat,255.0874163
39,Sample_S19S_0059_Wat,255.1237776
76,Sample_S19S_0059_Wat,257.030304
94,Sample_S19S_0059_Wat,257.0666765
58,Sample_S19S_0059_Wat,257.1030521
44,Sample_S19S_0059_Wat,257.1394516
84,Sample_S19S_0059_Wat,259.0459547
56,Sample_S19S_0059_Wat,259.0612028
83,Sample_S19S_0059_Wat,259.0823405
51,Sample_S19S_0059_Wat,259.0975861
59,Sample_S19S_0059_Wat,259.1187072
50,Sample_S19S_0059_Wat,261.040468
86,Sample_S19S_0059_Wat,261.0768598
47,Sample_S19S_0059_Wat,261.0980071
61,Sample_S19S_0059_Wat,261.1132477
41,Sample_S19S_0059_Wat,263.019721
78,Sample_S19S_0059_Wat,263.0561329
45,Sample_S19S_0059_Wat,263.0924815
48,Sample_S19S_0059_Wat,263.128908
74,Sample_S19S_0059_Wat,265.0353938
78,Sample_S19S_0059_Wat,265.0717855
92,Sample_S19S_0059_Wat,265.1081545
36,Sample_S19S_0059_Wat,265.1445692
61,Sample_S19S_0059_Wat,267.0146829
106,Sample_S19S_0059_Wat,267.0510336
100,Sample_S19S_0059_Wat,267.0874299
85,Sample_S19S_0059_Wat,267.123805
41,Sample_S19S_0059_Wat,268.08266
73,Sample_S19S_0059_Wat,269.0303205
110,Sample_S19S_0059_Wat,269.0666802
94,Sample_S19S_0059_Wat,269.1030627
54,Sample_S19S_0059_Wat,269.1394657
72,Sample_S19S_0059_Wat,271.0459737
87,Sample_S19S_0059_Wat,271.0823212
77,Sample_S19S_0059_Wat,271.118718
61,Sample_S19S_0059_Wat,273.0252099
50,Sample_S19S_0059_Wat,273.040478
73,Sample_S19S_0059_Wat,273.061591
71,Sample_S19S_0059_Wat,273.0768603
76,Sample_S19S_0059_Wat,273.0979879
33,Sample_S19S_0059_Wat,273.1343844
52,Sample_S19S_0059_Wat,275.0197425
68,Sample_S19S_0059_Wat,275.0408652
68,Sample_S19S_0059_Wat,275.0561155
79,Sample_S19S_0059_Wat,275.0772487
79,Sample_S19S_0059_Wat,275.0925149
63,Sample_S19S_0059_Wat,275.1136274
49,Sample_S19S_0059_Wat,275.1288873
80,Sample_S19S_0059_Wat,277.0354157
82,Sample_S19S_0059_Wat,277.0717892
83,Sample_S19S_0059_Wat,277.1081544
53,Sample_S19S_0059_Wat,277.1445377
34,Sample_S19S_0059_Wat,279.0146331
82,Sample_S19S_0059_Wat,279.0510516
58,Sample_S19S_0059_Wat,279.0874539
67,Sample_S19S_0059_Wat,279.1238221
36,Sample_S19S_0059_Wat,280.0826921
80,Sample_S19S_0059_Wat,281.0303339
109,Sample_S19S_0059_Wat,281.0666829
61,Sample_S19S_0059_Wat,281.1030502
71,Sample_S19S_0059_Wat,281.1394597
65,Sample_S19S_0059_Wat,283.0095898
103,Sample_S19S_0059_Wat,283.0459554
71,Sample_S19S_0059_Wat,283.0823169
106,Sample_S19S_0059_Wat,283.118715
39,Sample_S19S_0059_Wat,283.1551309
42,Sample_S19S_0059_Wat,284.0776208
70,Sample_S19S_0059_Wat,285.025228
74,Sample_S19S_0059_Wat,285.0616357
37,Sample_S19S_0059_Wat,285.0980306
53,Sample_S19S_0059_Wat,285.1343948
30,Sample_S19S_0059_Wat,286.0932539
63,Sample_S19S_0059_Wat,287.0408776
55,Sample_S19S_0059_Wat,287.0561351
85,Sample_S19S_0059_Wat,287.0772537
63,Sample_S19S_0059_Wat,287.0925228
78,Sample_S19S_0059_Wat,287.1136282
48,Sample_S19S_0059_Wat,287.1289021
49,Sample_S19S_0059_Wat,287.150015
61,Sample_S19S_0059_Wat,289.0354029
70,Sample_S19S_0059_Wat,289.0565242
86,Sample_S19S_0059_Wat,289.0717704
71,Sample_S19S_0059_Wat,289.0929075
61,Sample_S19S_0059_Wat,289.1081489
57,Sample_S19S_0059_Wat,289.1292776
52,Sample_S19S_0059_Wat,289.1445478
52,Sample_S19S_0059_Wat,291.0146759
80,Sample_S19S_0059_Wat,291.0510416
65,Sample_S19S_0059_Wat,291.0721692
79,Sample_S19S_0059_Wat,291.0874132
64,Sample_S19S_0059_Wat,291.1237966
45,Sample_S19S_0059_Wat,291.1601932
1,Sample_S19S_0059_Wat,292.2129776
76,Sample_S19S_0059_Wat,293.0303357
86,Sample_S19S_0059_Wat,293.0667099
102,Sample_S19S_0059_Wat,293.1030793
76,Sample_S19S_0059_Wat,293.1394564
10,Sample_S19S_0059_Wat,293.1757942
29,Sample_S19S_0059_Wat,294.0619153
38,Sample_S19S_0059_Wat,294.098304
42,Sample_S19S_0059_Wat,295.0095496
83,Sample_S19S_0059_Wat,295.0459444
116,Sample_S19S_0059_Wat,295.0823376
115,Sample_S19S_0059_Wat,295.1187213
53,Sample_S19S_0059_Wat,295.1550986
33,Sample_S19S_0059_Wat,296.0775656
76,Sample_S19S_0059_Wat,297.025237
89,Sample_S19S_0059_Wat,297.0616262
63,Sample_S19S_0059_Wat,297.0980154
41,Sample_S19S_0059_Wat,297.1344063
1,Sample_S19S_0059_Wat,297.1529844
19,Sample_S19S_0059_Wat,297.1707937
38,Sample_S19S_0059_Wat,298.0932671
71,Sample_S19S_0059_Wat,299.0408894
98,Sample_S19S_0059_Wat,299.0772616
84,Sample_S19S_0059_Wat,299.1136455
65,Sample_S19S_0059_Wat,299.1500243
44,Sample_S19S_0059_Wat,300.0725
30,Sample_S19S_0059_Wat,300.1089049
57,Sample_S19S_0059_Wat,301.0201601
49,Sample_S19S_0059_Wat,301.0353903
69,Sample_S19S_0059_Wat,301.0565488
46,Sample_S19S_0059_Wat,301.071792
59,Sample_S19S_0059_Wat,301.092932
36,Sample_S19S_0059_Wat,301.1081829
47,Sample_S19S_0059_Wat,301.129318
40,Sample_S19S_0059_Wat,301.1445638
32,Sample_S19S_0059_Wat,301.1656955
46,Sample_S19S_0059_Wat,303.0146906
56,Sample_S19S_0059_Wat,303.0357821
66,Sample_S19S_0059_Wat,303.0510433
77,Sample_S19S_0059_Wat,303.0721573
68,Sample_S19S_0059_Wat,303.0874395
80,Sample_S19S_0059_Wat,303.1085414
60,Sample_S19S_0059_Wat,303.1238249
51,Sample_S19S_0059_Wat,303.1449308
37,Sample_S19S_0059_Wat,303.1602155
33,Sample_S19S_0059_Wat,304.0826613
21,Sample_S19S_0059_Wat,304.1038383
5,Sample_S19S_0059_Wat,304.1402446
69,Sample_S19S_0059_Wat,305.0303157
89,Sample_S19S_0059_Wat,305.0666877
43,Sample_S19S_0059_Wat,305.087829
85,Sample_S19S_0059_Wat,305.1030852
66,Sample_S19S_0059_Wat,305.1394662
33,Sample_S19S_0059_Wat,305.1758605
16,Sample_S19S_0059_Wat,306.0831168
40,Sample_S19S_0059_Wat,306.0983427
3,Sample_S19S_0059_Wat,306.1195211
44,Sample_S19S_0059_Wat,307.0095853
91,Sample_S19S_0059_Wat,307.0459779
67,Sample_S19S_0059_Wat,307.0823737
50,Sample_S19S_0059_Wat,307.1187572
40,Sample_S19S_0059_Wat,307.1551342
42,Sample_S19S_0059_Wat,308.0775973
40,Sample_S19S_0059_Wat,308.1139545
80,Sample_S19S_0059_Wat,309.0252469
114,Sample_S19S_0059_Wat,309.0616036
106,Sample_S19S_0059_Wat,309.0979773
86,Sample_S19S_0059_Wat,309.1343649
44,Sample_S19S_0059_Wat,309.1707647
40,Sample_S19S_0059_Wat,310.0568411
41,Sample_S19S_0059_Wat,310.0932206
83,Sample_S19S_0059_Wat,311.0408991
99,Sample_S19S_0059_Wat,311.0772659
126,Sample_S19S_0059_Wat,311.1136352
72,Sample_S19S_0059_Wat,311.1500195
41,Sample_S19S_0059_Wat,312.0725103
59,Sample_S19S_0059_Wat,313.0201379
79,Sample_S19S_0059_Wat,313.0565398
82,Sample_S19S_0059_Wat,313.0929245
73,Sample_S19S_0059_Wat,313.1293014
44,Sample_S19S_0059_Wat,314.0881771
71,Sample_S19S_0059_Wat,315.035781
49,Sample_S19S_0059_Wat,315.0510397
75,Sample_S19S_0059_Wat,315.0721791
26,Sample_S19S_0059_Wat,315.0873994
60,Sample_S19S_0059_Wat,315.1085755
57,Sample_S19S_0059_Wat,315.1238052
50,Sample_S19S_0059_Wat,315.1449559
41,Sample_S19S_0059_Wat,315.1602065
43,Sample_S19S_0059_Wat,316.1038062
54,Sample_S19S_0059_Wat,317.0303382
64,Sample_S19S_0059_Wat,317.0514233
70,Sample_S19S_0059_Wat,317.0666936
90,Sample_S19S_0059_Wat,317.0878157
54,Sample_S19S_0059_Wat,317.1030588
47,Sample_S19S_0059_Wat,317.124227
60,Sample_S19S_0059_Wat,317.1394552
33,Sample_S19S_0059_Wat,317.1606071
31,Sample_S19S_0059_Wat,317.1758589
16,Sample_S19S_0059_Wat,318.0831173
18,Sample_S19S_0059_Wat,318.1194966
37,Sample_S19S_0059_Wat,319.009608
23,Sample_S19S_0059_Wat,319.0460069
43,Sample_S19S_0059_Wat,319.0670953
77,Sample_S19S_0059_Wat,319.0823624
37,Sample_S19S_0059_Wat,319.103481
84,Sample_S19S_0059_Wat,319.1187158
55,Sample_S19S_0059_Wat,319.1551015
7,Sample_S19S_0059_Wat,320.0623999
32,Sample_S19S_0059_Wat,320.0776287
19,Sample_S19S_0059_Wat,320.0987676
19,Sample_S19S_0059_Wat,320.1140206
12,Sample_S19S_0059_Wat,320.1351354
67,Sample_S19S_0059_Wat,321.0252313
73,Sample_S19S_0059_Wat,321.0616406
46,Sample_S19S_0059_Wat,321.0980285
74,Sample_S19S_0059_Wat,321.1343949
45,Sample_S19S_0059_Wat,321.1707672
42,Sample_S19S_0059_Wat,322.0568903
46,Sample_S19S_0059_Wat,322.0932669
47,Sample_S19S_0059_Wat,323.0044879
71,Sample_S19S_0059_Wat,323.0408542
105,Sample_S19S_0059_Wat,323.0772527
60,Sample_S19S_0059_Wat,323.1136726
61,Sample_S19S_0059_Wat,323.1500462
35,Sample_S19S_0059_Wat,323.1864241
50,Sample_S19S_0059_Wat,324.0725027
45,Sample_S19S_0059_Wat,324.108871
19,Sample_S19S_0059_Wat,325.0201894
87,Sample_S19S_0059_Wat,325.0565425
113,Sample_S19S_0059_Wat,325.0928926
85,Sample_S19S_0059_Wat,325.1292996
40,Sample_S19S_0059_Wat,325.1657004
1,Sample_S19S_0059_Wat,325.1842438
32,Sample_S19S_0059_Wat,326.0518083
50,Sample_S19S_0059_Wat,326.0881656
43,Sample_S19S_0059_Wat,326.1245662
70,Sample_S19S_0059_Wat,327.035782
74,Sample_S19S_0059_Wat,327.0722018
48,Sample_S19S_0059_Wat,327.0874372
73,Sample_S19S_0059_Wat,327.1085831
70,Sample_S19S_0059_Wat,327.1449492
35,Sample_S19S_0059_Wat,328.067419
50,Sample_S19S_0059_Wat,328.1037984
44,Sample_S19S_0059_Wat,329.0303285
45,Sample_S19S_0059_Wat,329.0514722
25,Sample_S19S_0059_Wat,329.0667319
102,Sample_S19S_0059_Wat,329.0878075
54,Sample_S19S_0059_Wat,329.1030905
64,Sample_S19S_0059_Wat,329.1242163
16,Sample_S19S_0059_Wat,329.1394079
1,Sample_S19S_0059_Wat,329.152419
50,Sample_S19S_0059_Wat,329.1605843
31,Sample_S19S_0059_Wat,329.1758446
25,Sample_S19S_0059_Wat,330.0831155
40,Sample_S19S_0059_Wat,330.1194763
56,Sample_S19S_0059_Wat,331.0307044
36,Sample_S19S_0059_Wat,331.0459941
61,Sample_S19S_0059_Wat,331.0670688
60,Sample_S19S_0059_Wat,331.0823608
48,Sample_S19S_0059_Wat,331.1034998
76,Sample_S19S_0059_Wat,331.1187275
23,Sample_S19S_0059_Wat,331.1399002
17,Sample_S19S_0059_Wat,331.155166
14,Sample_S19S_0059_Wat,331.1915481
41,Sample_S19S_0059_Wat,332.0775831
29,Sample_S19S_0059_Wat,332.0987468
23,Sample_S19S_0059_Wat,332.1351167
26,Sample_S19S_0059_Wat,333.0252702
38,Sample_S19S_0059_Wat,333.0463704
41,Sample_S19S_0059_Wat,333.0616512
41,Sample_S19S_0059_Wat,333.08277
77,Sample_S19S_0059_Wat,333.0980074
11,Sample_S19S_0059_Wat,333.1191757
38,Sample_S19S_0059_Wat,333.1344131
28,Sample_S19S_0059_Wat,333.1707943
37,Sample_S19S_0059_Wat,334.0568812
18,Sample_S19S_0059_Wat,334.0780188
36,Sample_S19S_0059_Wat,334.0932769
11,Sample_S19S_0059_Wat,334.1144217
39,Sample_S19S_0059_Wat,335.004499
50,Sample_S19S_0059_Wat,335.0409093
85,Sample_S19S_0059_Wat,335.0772597
51,Sample_S19S_0059_Wat,335.1136067
68,Sample_S19S_0059_Wat,335.150042
38,Sample_S19S_0059_Wat,335.1864245
1,Sample_S19S_0059_Wat,335.2358032
22,Sample_S19S_0059_Wat,336.0725571
1,Sample_S19S_0059_Wat,336.0937181
46,Sample_S19S_0059_Wat,336.1089144
1,Sample_S19S_0059_Wat,336.1301036
62,Sample_S19S_0059_Wat,337.0201415
54,Sample_S19S_0059_Wat,337.0564852
19,Sample_S19S_0059_Wat,337.0695448
107,Sample_S19S_0059_Wat,337.0929176
105,Sample_S19S_0059_Wat,337.1292866
61,Sample_S19S_0059_Wat,337.1656867
9,Sample_S19S_0059_Wat,337.2021218
10,Sample_S19S_0059_Wat,338.0518396
56,Sample_S19S_0059_Wat,338.0881798
38,Sample_S19S_0059_Wat,338.1245766
70,Sample_S19S_0059_Wat,339.0357996
111,Sample_S19S_0059_Wat,339.0721726
118,Sample_S19S_0059_Wat,339.1085453
35,Sample_S19S_0059_Wat,339.1449816
37,Sample_S19S_0059_Wat,339.1813533
1,Sample_S19S_0059_Wat,339.1999929
17,Sample_S19S_0059_Wat,340.0674792
50,Sample_S19S_0059_Wat,340.1038147
44,Sample_S19S_0059_Wat,340.1401964
58,Sample_S19S_0059_Wat,341.0150623
16,Sample_S19S_0059_Wat,341.0302897
72,Sample_S19S_0059_Wat,341.0514621
31,Sample_S19S_0059_Wat,341.0667303
112,Sample_S19S_0059_Wat,341.0878109
23,Sample_S19S_0059_Wat,341.1031062
38,Sample_S19S_0059_Wat,341.12425
20,Sample_S19S_0059_Wat,341.1394885
47,Sample_S19S_0059_Wat,341.1606173
32,Sample_S19S_0059_Wat,341.1969848
44,Sample_S19S_0059_Wat,342.0830768
40,Sample_S19S_0059_Wat,342.1194926
63,Sample_S19S_0059_Wat,343.0307124
35,Sample_S19S_0059_Wat,343.0459579
56,Sample_S19S_0059_Wat,343.067113
20,Sample_S19S_0059_Wat,343.0823925
12,Sample_S19S_0059_Wat,343.0857039
102,Sample_S19S_0059_Wat,343.1034685
42,Sample_S19S_0059_Wat,343.1187422
16,Sample_S19S_0059_Wat,343.1399075
31,Sample_S19S_0059_Wat,343.1551386
36,Sample_S19S_0059_Wat,343.1762631
40,Sample_S19S_0059_Wat,344.0623517
33,Sample_S19S_0059_Wat,344.0987606
2,Sample_S19S_0059_Wat,344.1350437
45,Sample_S19S_0059_Wat,345.0252491
50,Sample_S19S_0059_Wat,345.0463327
62,Sample_S19S_0059_Wat,345.0616254
57,Sample_S19S_0059_Wat,345.0827674
63,Sample_S19S_0059_Wat,345.0980089
3,Sample_S19S_0059_Wat,345.1013399
54,Sample_S19S_0059_Wat,345.1191373
25,Sample_S19S_0059_Wat,345.1344288
29,Sample_S19S_0059_Wat,345.1555412
49,Sample_S19S_0059_Wat,345.170772
26,Sample_S19S_0059_Wat,346.07802
40,Sample_S19S_0059_Wat,346.0932318
38,Sample_S19S_0059_Wat,346.1143644
19,Sample_S19S_0059_Wat,346.1507606
59,Sample_S19S_0059_Wat,347.0408756
41,Sample_S19S_0059_Wat,347.0620279
88,Sample_S19S_0059_Wat,347.0772564
29,Sample_S19S_0059_Wat,347.0903002
62,Sample_S19S_0059_Wat,347.0983726
42,Sample_S19S_0059_Wat,347.1136821
8,Sample_S19S_0059_Wat,347.1170036
23,Sample_S19S_0059_Wat,347.1348045
71,Sample_S19S_0059_Wat,347.1500262
14,Sample_S19S_0059_Wat,347.1864695
22,Sample_S19S_0059_Wat,348.0725611
49,Sample_S19S_0059_Wat,348.1089104
9,Sample_S19S_0059_Wat,348.1300774
56,Sample_S19S_0059_Wat,349.0201636
1,Sample_S19S_0059_Wat,349.0551349
81,Sample_S19S_0059_Wat,349.0929209
25,Sample_S19S_0059_Wat,349.1059291
87,Sample_S19S_0059_Wat,349.129303
69,Sample_S19S_0059_Wat,349.1656793
14,Sample_S19S_0059_Wat,349.2021049
16,Sample_S19S_0059_Wat,350.0518357
61,Sample_S19S_0059_Wat,350.0881844
21,Sample_S19S_0059_Wat,350.1245924
70,Sample_S19S_0059_Wat,351.0357871
15,Sample_S19S_0059_Wat,351.0488144
76,Sample_S19S_0059_Wat,351.0721501
43,Sample_S19S_0059_Wat,351.1085115
28,Sample_S19S_0059_Wat,351.121581
50,Sample_S19S_0059_Wat,351.1449775
39,Sample_S19S_0059_Wat,351.1813076
19,Sample_S19S_0059_Wat,352.0674721
44,Sample_S19S_0059_Wat,352.1038206
28,Sample_S19S_0059_Wat,352.140233
58,Sample_S19S_0059_Wat,353.0150696
52,Sample_S19S_0059_Wat,353.0514753
112,Sample_S19S_0059_Wat,353.0878166
14,Sample_S19S_0059_Wat,353.1008561
78,Sample_S19S_0059_Wat,353.124233
45,Sample_S19S_0059_Wat,353.1605629
29,Sample_S19S_0059_Wat,353.1970034
33,Sample_S19S_0059_Wat,354.0467104
56,Sample_S19S_0059_Wat,354.0830704
49,Sample_S19S_0059_Wat,354.1194893
42,Sample_S19S_0059_Wat,354.1558443
58,Sample_S19S_0059_Wat,355.0306981
77,Sample_S19S_0059_Wat,355.0671162
104,Sample_S19S_0059_Wat,355.1034699
45,Sample_S19S_0059_Wat,355.1187368
24,Sample_S19S_0059_Wat,355.1399086
46,Sample_S19S_0059_Wat,355.1762476
49,Sample_S19S_0059_Wat,356.0623586
27,Sample_S19S_0059_Wat,356.0987693
41,Sample_S19S_0059_Wat,356.1350838
23,Sample_S19S_0059_Wat,357.0251986
55,Sample_S19S_0059_Wat,357.046323
46,Sample_S19S_0059_Wat,357.061636
90,Sample_S19S_0059_Wat,357.0827228
45,Sample_S19S_0059_Wat,357.0979761
25,Sample_S19S_0059_Wat,357.1110353
98,Sample_S19S_0059_Wat,357.1191097
30,Sample_S19S_0059_Wat,357.134414
65,Sample_S19S_0059_Wat,357.1554992
30,Sample_S19S_0059_Wat,357.191896
41,Sample_S19S_0059_Wat,358.077999
11,Sample_S19S_0059_Wat,359.0256737
16,Sample_S19S_0059_Wat,359.0409252
64,Sample_S19S_0059_Wat,359.0619959
55,Sample_S19S_0059_Wat,359.077285
14,Sample_S19S_0059_Wat,359.0806207
34,Sample_S19S_0059_Wat,359.0984239
48,Sample_S19S_0059_Wat,359.1347452
65,Sample_S19S_0059_Wat,359.1500213
36,Sample_S19S_0059_Wat,359.1711775
29,Sample_S19S_0059_Wat,360.093678
37,Sample_S19S_0059_Wat,360.108919
3,Sample_S19S_0059_Wat,360.1299489
14,Sample_S19S_0059_Wat,360.1664452
45,Sample_S19S_0059_Wat,361.0201475
49,Sample_S19S_0059_Wat,361.0412698
46,Sample_S19S_0059_Wat,361.056505
22,Sample_S19S_0059_Wat,361.069538
38,Sample_S19S_0059_Wat,361.077621
72,Sample_S19S_0059_Wat,361.0929312
11,Sample_S19S_0059_Wat,361.0962708
45,Sample_S19S_0059_Wat,361.1140532
99,Sample_S19S_0059_Wat,361.1292859
36,Sample_S19S_0059_Wat,361.1423317
52,Sample_S19S_0059_Wat,361.1504109
44,Sample_S19S_0059_Wat,361.1657046
51,Sample_S19S_0059_Wat,362.0881611
15,Sample_S19S_0059_Wat,362.1093336
5,Sample_S19S_0059_Wat,362.1246138
60,Sample_S19S_0059_Wat,363.0357881
49,Sample_S19S_0059_Wat,363.0722122
87,Sample_S19S_0059_Wat,363.108539
24,Sample_S19S_0059_Wat,363.1215932
37,Sample_S19S_0059_Wat,363.1449786
23,Sample_S19S_0059_Wat,363.1812892
43,Sample_S19S_0059_Wat,364.0674047
14,Sample_S19S_0059_Wat,364.0885367
51,Sample_S19S_0059_Wat,364.1038292
52,Sample_S19S_0059_Wat,364.1401707
53,Sample_S19S_0059_Wat,365.015069
23,Sample_S19S_0059_Wat,365.0513776
18,Sample_S19S_0059_Wat,365.0644569
94,Sample_S19S_0059_Wat,365.0878382
32,Sample_S19S_0059_Wat,365.1008669
41,Sample_S19S_0059_Wat,365.1241727
21,Sample_S19S_0059_Wat,365.137244
25,Sample_S19S_0059_Wat,365.1606438
34,Sample_S19S_0059_Wat,365.1969623
60,Sample_S19S_0059_Wat,366.0830912
57,Sample_S19S_0059_Wat,366.1194629
8,Sample_S19S_0059_Wat,366.1558943
55,Sample_S19S_0059_Wat,367.0306865
95,Sample_S19S_0059_Wat,367.0671094
16,Sample_S19S_0059_Wat,367.0801169
116,Sample_S19S_0059_Wat,367.1034613
23,Sample_S19S_0059_Wat,367.1165264
15,Sample_S19S_0059_Wat,367.1399195
46,Sample_S19S_0059_Wat,367.1762158
24,Sample_S19S_0059_Wat,367.2126519
20,Sample_S19S_0059_Wat,368.0623951
69,Sample_S19S_0059_Wat,368.0987097
46,Sample_S19S_0059_Wat,368.1351331
48,Sample_S19S_0059_Wat,369.0099679
49,Sample_S19S_0059_Wat,369.0463181
40,Sample_S19S_0059_Wat,369.061629
86,Sample_S19S_0059_Wat,369.0827443
23,Sample_S19S_0059_Wat,369.111039
28,Sample_S19S_0059_Wat,369.1190631
65,Sample_S19S_0059_Wat,369.1555194
16,Sample_S19S_0059_Wat,369.1837969
14,Sample_S19S_0059_Wat,369.1918398
48,Sample_S19S_0059_Wat,370.0779692
36,Sample_S19S_0059_Wat,370.1507341
23,Sample_S19S_0059_Wat,371.0255725
28,Sample_S19S_0059_Wat,371.0408802
74,Sample_S19S_0059_Wat,371.0620102
3,Sample_S19S_0059_Wat,371.0805043
24,Sample_S19S_0059_Wat,371.0902981
41,Sample_S19S_0059_Wat,371.0983408
45,Sample_S19S_0059_Wat,371.1136558
61,Sample_S19S_0059_Wat,371.1347918
54,Sample_S19S_0059_Wat,371.1500297
45,Sample_S19S_0059_Wat,371.171134
27,Sample_S19S_0059_Wat,372.0572277
51,Sample_S19S_0059_Wat,372.1300076
46,Sample_S19S_0059_Wat,373.0412407
59,Sample_S19S_0059_Wat,373.0565482
38,Sample_S19S_0059_Wat,373.0776886
42,Sample_S19S_0059_Wat,373.09294
3,Sample_S19S_0059_Wat,373.0962346
31,Sample_S19S_0059_Wat,373.1059583
58,Sample_S19S_0059_Wat,373.1140108
19,Sample_S19S_0059_Wat,373.1504711
17,Sample_S19S_0059_Wat,373.1657318
8,Sample_S19S_0059_Wat,374.0729636
12,Sample_S19S_0059_Wat,374.1245961
8,Sample_S19S_0059_Wat,374.1820296
22,Sample_S19S_0059_Wat,375.0358416
21,Sample_S19S_0059_Wat,375.0569615
66,Sample_S19S_0059_Wat,375.0721973
11,Sample_S19S_0059_Wat,375.0755416
30,Sample_S19S_0059_Wat,375.0852221
40,Sample_S19S_0059_Wat,375.0932745
2,Sample_S19S_0059_Wat,375.1118457
34,Sample_S19S_0059_Wat,375.1297066
86,Sample_S19S_0059_Wat,375.1449442
30,Sample_S19S_0059_Wat,375.1579842
20,Sample_S19S_0059_Wat,375.1660121
27,Sample_S19S_0059_Wat,375.1812892
15,Sample_S19S_0059_Wat,375.194367
38,Sample_S19S_0059_Wat,376.0674564
26,Sample_S19S_0059_Wat,376.1249335
26,Sample_S19S_0059_Wat,377.0150486
76,Sample_S19S_0059_Wat,377.0514538
53,Sample_S19S_0059_Wat,377.0877952
22,Sample_S19S_0059_Wat,377.100823
97,Sample_S19S_0059_Wat,377.1241915
29,Sample_S19S_0059_Wat,377.1372608
66,Sample_S19S_0059_Wat,377.1606102
19,Sample_S19S_0059_Wat,377.1735945
19,Sample_S19S_0059_Wat,377.1969233
13,Sample_S19S_0059_Wat,378.0466478
42,Sample_S19S_0059_Wat,378.0831073
62,Sample_S19S_0059_Wat,378.1194361
49,Sample_S19S_0059_Wat,378.1558494
62,Sample_S19S_0059_Wat,379.0307221
27,Sample_S19S_0059_Wat,379.0670295
20,Sample_S19S_0059_Wat,379.0800689
112,Sample_S19S_0059_Wat,379.1034645
30,Sample_S19S_0059_Wat,379.1165229
95,Sample_S19S_0059_Wat,379.1398402
25,Sample_S19S_0059_Wat,379.1528588
63,Sample_S19S_0059_Wat,379.1762343
19,Sample_S19S_0059_Wat,379.2126518
59,Sample_S19S_0059_Wat,380.0987084
69,Sample_S19S_0059_Wat,380.1350974
66,Sample_S19S_0059_Wat,381.0463502
33,Sample_S19S_0059_Wat,381.0826619
10,Sample_S19S_0059_Wat,381.095685
106,Sample_S19S_0059_Wat,381.1191186
25,Sample_S19S_0059_Wat,381.1321708
88,Sample_S19S_0059_Wat,381.1555031
12,Sample_S19S_0059_Wat,381.1684945
36,Sample_S19S_0059_Wat,381.1918695
26,Sample_S19S_0059_Wat,382.0415806
47,Sample_S19S_0059_Wat,382.0779661
62,Sample_S19S_0059_Wat,382.1143936
10,Sample_S19S_0059_Wat,382.1507159
28,Sample_S19S_0059_Wat,383.0255766
40,Sample_S19S_0059_Wat,383.0619616
108,Sample_S19S_0059_Wat,383.0983806
28,Sample_S19S_0059_Wat,383.1266887
36,Sample_S19S_0059_Wat,383.1347075
15,Sample_S19S_0059_Wat,383.1477567
32,Sample_S19S_0059_Wat,383.1711132
34,Sample_S19S_0059_Wat,383.2075249
27,Sample_S19S_0059_Wat,384.0572385
57,Sample_S19S_0059_Wat,384.0936599
34,Sample_S19S_0059_Wat,384.1664077
24,Sample_S19S_0059_Wat,385.0412026
30,Sample_S19S_0059_Wat,385.0564963
87,Sample_S19S_0059_Wat,385.0776412
52,Sample_S19S_0059_Wat,385.0929264
5,Sample_S19S_0059_Wat,385.0961706
34,Sample_S19S_0059_Wat,385.1139909
30,Sample_S19S_0059_Wat,385.1292595
25,Sample_S19S_0059_Wat,385.1423072
35,Sample_S19S_0059_Wat,385.1503825
48,Sample_S19S_0059_Wat,385.1656784
34,Sample_S19S_0059_Wat,385.1868285
36,Sample_S19S_0059_Wat,386.0728862
47,Sample_S19S_0059_Wat,386.1093009
35,Sample_S19S_0059_Wat,386.1820531
49,Sample_S19S_0059_Wat,387.0358113
26,Sample_S19S_0059_Wat,387.0568488
15,Sample_S19S_0059_Wat,387.0721252
3,Sample_S19S_0059_Wat,387.075423
23,Sample_S19S_0059_Wat,387.0851909
32,Sample_S19S_0059_Wat,387.0932457
77,Sample_S19S_0059_Wat,387.1085636
4,Sample_S19S_0059_Wat,387.1118261
86,Sample_S19S_0059_Wat,387.1296791
26,Sample_S19S_0059_Wat,387.1579654
15,Sample_S19S_0059_Wat,387.1659841
23,Sample_S19S_0059_Wat,387.1812925
17,Sample_S19S_0059_Wat,387.19436
49,Sample_S19S_0059_Wat,388.0674506
1,Sample_S19S_0059_Wat,388.1167563
44,Sample_S19S_0059_Wat,388.1249219
42,Sample_S19S_0059_Wat,388.1401722
25,Sample_S19S_0059_Wat,389.0150297
28,Sample_S19S_0059_Wat,389.036144
39,Sample_S19S_0059_Wat,389.051417
15,Sample_S19S_0059_Wat,389.0644457
24,Sample_S19S_0059_Wat,389.0724972
72,Sample_S19S_0059_Wat,389.0878118
29,Sample_S19S_0059_Wat,389.1008827
35,Sample_S19S_0059_Wat,389.108981
92,Sample_S19S_0059_Wat,389.1242045
26,Sample_S19S_0059_Wat,389.1372295
17,Sample_S19S_0059_Wat,389.1452618
28,Sample_S19S_0059_Wat,389.1605387
23,Sample_S19S_0059_Wat,389.1736085
46,Sample_S19S_0059_Wat,389.1969883
66,Sample_S19S_0059_Wat,390.083092
25,Sample_S19S_0059_Wat,391.0307447
44,Sample_S19S_0059_Wat,391.0670531
45,Sample_S19S_0059_Wat,391.1034381
51,Sample_S19S_0059_Wat,391.1398852
20,Sample_S19S_0059_Wat,391.1528412
34,Sample_S19S_0059_Wat,391.1762035
14,Sample_S19S_0059_Wat,391.1892281
30,Sample_S19S_0059_Wat,391.212612
35,Sample_S19S_0059_Wat,392.06231
12,Sample_S19S_0059_Wat,392.0834684
67,Sample_S19S_0059_Wat,392.098752
19,Sample_S19S_0059_Wat,392.1198706
58,Sample_S19S_0059_Wat,392.1351125
14,Sample_S19S_0059_Wat,393.010021
44,Sample_S19S_0059_Wat,393.0463154
18,Sample_S19S_0059_Wat,393.0593644
81,Sample_S19S_0059_Wat,393.0827628
91,Sample_S19S_0059_Wat,393.1191285
24,Sample_S19S_0059_Wat,393.1321265
40,Sample_S19S_0059_Wat,393.1554711
18,Sample_S19S_0059_Wat,393.1685262
23,Sample_S19S_0059_Wat,393.1919402
25,Sample_S19S_0059_Wat,394.0415806
31,Sample_S19S_0059_Wat,394.078026
45,Sample_S19S_0059_Wat,394.1144108
35,Sample_S19S_0059_Wat,395.0255818
57,Sample_S19S_0059_Wat,395.0619708
10,Sample_S19S_0059_Wat,395.0749518
53,Sample_S19S_0059_Wat,395.0984243
22,Sample_S19S_0059_Wat,395.1114167
121,Sample_S19S_0059_Wat,395.1347697
20,Sample_S19S_0059_Wat,395.1477706
50,Sample_S19S_0059_Wat,395.171191
15,Sample_S19S_0059_Wat,395.2075813
54,Sample_S19S_0059_Wat,396.0936653
36,Sample_S19S_0059_Wat,396.13006
53,Sample_S19S_0059_Wat,396.1664019
46,Sample_S19S_0059_Wat,397.0412485
33,Sample_S19S_0059_Wat,397.0775828
23,Sample_S19S_0059_Wat,397.1059758
68,Sample_S19S_0059_Wat,397.1140135
17,Sample_S19S_0059_Wat,397.1270557
6,Sample_S19S_0059_Wat,397.1293597
91,Sample_S19S_0059_Wat,397.1504225
23,Sample_S19S_0059_Wat,397.1867602
49,Sample_S19S_0059_Wat,398.0729329
59,Sample_S19S_0059_Wat,398.1456531
30,Sample_S19S_0059_Wat,399.0205105
14,Sample_S19S_0059_Wat,399.0488349
20,Sample_S19S_0059_Wat,399.0568344
27,Sample_S19S_0059_Wat,399.0721389
2,Sample_S19S_0059_Wat,399.0753668
30,Sample_S19S_0059_Wat,399.085227
68,Sample_S19S_0059_Wat,399.0932727
20,Sample_S19S_0059_Wat,399.1086044
63,Sample_S19S_0059_Wat,399.1296635
40,Sample_S19S_0059_Wat,399.1449193
15,Sample_S19S_0059_Wat,399.1579458
4,Sample_S19S_0059_Wat,399.1659287
11,Sample_S19S_0059_Wat,399.1812586
16,Sample_S19S_0059_Wat,399.1943775
31,Sample_S19S_0059_Wat,399.2024375
28,Sample_S19S_0059_Wat,400.1249077
30,Sample_S19S_0059_Wat,401.0150794
28,Sample_S19S_0059_Wat,401.0362034
54,Sample_S19S_0059_Wat,401.0514549
22,Sample_S19S_0059_Wat,401.0644945
24,Sample_S19S_0059_Wat,401.0725084
58,Sample_S19S_0059_Wat,401.0878209
3,Sample_S19S_0059_Wat,401.0910681
57,Sample_S19S_0059_Wat,401.1089631
3,Sample_S19S_0059_Wat,401.1273966
70,Sample_S19S_0059_Wat,401.1453284
61,Sample_S19S_0059_Wat,401.1605804
19,Sample_S19S_0059_Wat,401.1736033
16,Sample_S19S_0059_Wat,401.1816514
9,Sample_S19S_0059_Wat,402.0961225
5,Sample_S19S_0059_Wat,402.1042761
9,Sample_S19S_0059_Wat,402.1195259
24,Sample_S19S_0059_Wat,402.1405573
11,Sample_S19S_0059_Wat,403.0305846
11,Sample_S19S_0059_Wat,403.0437271
18,Sample_S19S_0059_Wat,403.0517845
71,Sample_S19S_0059_Wat,403.0671122
4,Sample_S19S_0059_Wat,403.0704072
57,Sample_S19S_0059_Wat,403.0881974
61,Sample_S19S_0059_Wat,403.1034476
1,Sample_S19S_0059_Wat,403.1066431
24,Sample_S19S_0059_Wat,403.1164656
18,Sample_S19S_0059_Wat,403.1245163
83,Sample_S19S_0059_Wat,403.1398463
31,Sample_S19S_0059_Wat,403.1529106
24,Sample_S19S_0059_Wat,403.1609357
32,Sample_S19S_0059_Wat,403.1762826
32,Sample_S19S_0059_Wat,403.2126282
51,Sample_S19S_0059_Wat,404.0623618
29,Sample_S19S_0059_Wat,404.0834492
2,Sample_S19S_0059_Wat,404.1116287
61,Sample_S19S_0059_Wat,404.1351085
15,Sample_S19S_0059_Wat,404.1926065
11,Sample_S19S_0059_Wat,405.0098791
61,Sample_S19S_0059_Wat,405.0463718
31,Sample_S19S_0059_Wat,405.0674473
43,Sample_S19S_0059_Wat,405.0827082
30,Sample_S19S_0059_Wat,405.1190623
31,Sample_S19S_0059_Wat,405.1321292
50,Sample_S19S_0059_Wat,405.1555362
25,Sample_S19S_0059_Wat,405.1685606
38,Sample_S19S_0059_Wat,405.1918632
5,Sample_S19S_0059_Wat,405.2048711
14,Sample_S19S_0059_Wat,406.041642
8,Sample_S19S_0059_Wat,406.0990792
65,Sample_S19S_0059_Wat,406.1143545
24,Sample_S19S_0059_Wat,407.0255705
62,Sample_S19S_0059_Wat,407.0620299
23,Sample_S19S_0059_Wat,407.0750599
94,Sample_S19S_0059_Wat,407.0983755
17,Sample_S19S_0059_Wat,407.1113661
79,Sample_S19S_0059_Wat,407.1347505
28,Sample_S19S_0059_Wat,407.1477958
14,Sample_S19S_0059_Wat,407.1712237
19,Sample_S19S_0059_Wat,407.2075913
64,Sample_S19S_0059_Wat,408.0936661
73,Sample_S19S_0059_Wat,408.1300077
31,Sample_S19S_0059_Wat,409.0412228
29,Sample_S19S_0059_Wat,409.07757
10,Sample_S19S_0059_Wat,409.0905208
91,Sample_S19S_0059_Wat,409.1140221
17,Sample_S19S_0059_Wat,409.1270356
95,Sample_S19S_0059_Wat,409.1504235
10,Sample_S19S_0059_Wat,409.1633923
12,Sample_S19S_0059_Wat,409.1787026
18,Sample_S19S_0059_Wat,409.1867344
30,Sample_S19S_0059_Wat,409.2231724
52,Sample_S19S_0059_Wat,410.0729191
14,Sample_S19S_0059_Wat,410.1092388
54,Sample_S19S_0059_Wat,410.1456867
28,Sample_S19S_0059_Wat,411.0205049
23,Sample_S19S_0059_Wat,411.0568579
78,Sample_S19S_0059_Wat,411.0933142
85,Sample_S19S_0059_Wat,411.1296933
31,Sample_S19S_0059_Wat,411.1579879
49,Sample_S19S_0059_Wat,411.1660419
7,Sample_S19S_0059_Wat,411.2022993
18,Sample_S19S_0059_Wat,412.0521769
35,Sample_S19S_0059_Wat,412.0885256
52,Sample_S19S_0059_Wat,412.1249118
28,Sample_S19S_0059_Wat,413.0361429
5,Sample_S19S_0059_Wat,413.0513424
15,Sample_S19S_0059_Wat,413.06446
11,Sample_S19S_0059_Wat,413.072442
30,Sample_S19S_0059_Wat,413.087795
32,Sample_S19S_0059_Wat,413.1008794
80,Sample_S19S_0059_Wat,413.1089345
56,Sample_S19S_0059_Wat,413.12421
20,Sample_S19S_0059_Wat,413.1372735
26,Sample_S19S_0059_Wat,413.1452768
8,Sample_S19S_0059_Wat,413.1605228
24,Sample_S19S_0059_Wat,413.1736056
15,Sample_S19S_0059_Wat,413.1816156
13,Sample_S19S_0059_Wat,413.2100122
5,Sample_S19S_0059_Wat,414.0961038
22,Sample_S19S_0059_Wat,415.0306688
24,Sample_S19S_0059_Wat,415.0518724
6,Sample_S19S_0059_Wat,415.0671726
6,Sample_S19S_0059_Wat,415.0704085
14,Sample_S19S_0059_Wat,415.080159
61,Sample_S19S_0059_Wat,415.0881916
56,Sample_S19S_0059_Wat,415.1034568
22,Sample_S19S_0059_Wat,415.1164835
36,Sample_S19S_0059_Wat,415.1245406
23,Sample_S19S_0059_Wat,415.1529316
58,Sample_S19S_0059_Wat,415.1609859
13,Sample_S19S_0059_Wat,415.1763155
26,Sample_S19S_0059_Wat,415.1973464
4,Sample_S19S_0059_Wat,416.0986591
5,Sample_S19S_0059_Wat,416.1115895
54,Sample_S19S_0059_Wat,416.1351142
30,Sample_S19S_0059_Wat,417.0463346
13,Sample_S19S_0059_Wat,417.0593749
21,Sample_S19S_0059_Wat,417.0674105
24,Sample_S19S_0059_Wat,417.0826722
2,Sample_S19S_0059_Wat,417.085967
19,Sample_S19S_0059_Wat,417.0957124
22,Sample_S19S_0059_Wat,417.1037889
79,Sample_S19S_0059_Wat,417.1191101
39,Sample_S19S_0059_Wat,417.1321667
37,Sample_S19S_0059_Wat,417.1402188
75,Sample_S19S_0059_Wat,417.1555165
39,Sample_S19S_0059_Wat,417.1685514
13,Sample_S19S_0059_Wat,417.1765666
5,Sample_S19S_0059_Wat,417.2048604
16,Sample_S19S_0059_Wat,418.1144292
25,Sample_S19S_0059_Wat,419.0256123
10,Sample_S19S_0059_Wat,419.0386764
36,Sample_S19S_0059_Wat,419.0619721
9,Sample_S19S_0059_Wat,419.0829959
18,Sample_S19S_0059_Wat,419.0982983
2,Sample_S19S_0059_Wat,419.1015327
11,Sample_S19S_0059_Wat,419.1113471
92,Sample_S19S_0059_Wat,419.1347745
28,Sample_S19S_0059_Wat,419.1478319
45,Sample_S19S_0059_Wat,419.1711927
28,Sample_S19S_0059_Wat,419.1842051
40,Sample_S19S_0059_Wat,419.207525
35,Sample_S19S_0059_Wat,420.0572817
2,Sample_S19S_0059_Wat,420.0782809
45,Sample_S19S_0059_Wat,421.0412704
22,Sample_S19S_0059_Wat,421.0777047
22,Sample_S19S_0059_Wat,421.0906648
100,Sample_S19S_0059_Wat,421.1140346
21,Sample_S19S_0059_Wat,421.1270174
88,Sample_S19S_0059_Wat,421.1504292
1,Sample_S19S_0059_Wat,421.1552081
26,Sample_S19S_0059_Wat,421.1634511
25,Sample_S19S_0059_Wat,421.1868654
3,Sample_S19S_0059_Wat,421.2232692
30,Sample_S19S_0059_Wat,422.1093338
24,Sample_S19S_0059_Wat,423.0205894
56,Sample_S19S_0059_Wat,423.0569089
30,Sample_S19S_0059_Wat,423.093231
6,Sample_S19S_0059_Wat,423.1061645
111,Sample_S19S_0059_Wat,423.1296813
17,Sample_S19S_0059_Wat,423.1426961
34,Sample_S19S_0059_Wat,423.1661225
19,Sample_S19S_0059_Wat,423.179095
43,Sample_S19S_0059_Wat,423.2024382
13,Sample_S19S_0059_Wat,424.0522173
1,Sample_S19S_0059_Wat,424.0886497
43,Sample_S19S_0059_Wat,424.1249783
48,Sample_S19S_0059_Wat,425.0361852
15,Sample_S19S_0059_Wat,425.0644881
20,Sample_S19S_0059_Wat,425.0724714
18,Sample_S19S_0059_Wat,425.1008972
49,Sample_S19S_0059_Wat,425.1089252
21,Sample_S19S_0059_Wat,425.1453873
46,Sample_S19S_0059_Wat,425.1816982
62,Sample_S19S_0059_Wat,426.1405881
52,Sample_S19S_0059_Wat,426.1769689
24,Sample_S19S_0059_Wat,427.0518808
16,Sample_S19S_0059_Wat,427.0801714
43,Sample_S19S_0059_Wat,427.088175
38,Sample_S19S_0059_Wat,427.1035014
1,Sample_S19S_0059_Wat,427.106705
22,Sample_S19S_0059_Wat,427.1165345
76,Sample_S19S_0059_Wat,427.1245871
7,Sample_S19S_0059_Wat,427.1399769
6,Sample_S19S_0059_Wat,427.1610597
4,Sample_S19S_0059_Wat,427.1763557
31,Sample_S19S_0059_Wat,427.1973395
11,Sample_S19S_0059_Wat,428.1117671
32,Sample_S19S_0059_Wat,428.1562791
11,Sample_S19S_0059_Wat,428.1925676
30,Sample_S19S_0059_Wat,429.0310878
49,Sample_S19S_0059_Wat,429.067488
2,Sample_S19S_0059_Wat,429.0829209
10,Sample_S19S_0059_Wat,429.1039457
8,Sample_S19S_0059_Wat,429.1192381
64,Sample_S19S_0059_Wat,429.1402424
29,Sample_S19S_0059_Wat,429.1555582
32,Sample_S19S_0059_Wat,429.1685491
22,Sample_S19S_0059_Wat,429.1765924
45,Sample_S19S_0059_Wat,429.1919036
11,Sample_S19S_0059_Wat,430.0780537
34,Sample_S19S_0059_Wat,430.0991542
5,Sample_S19S_0059_Wat,430.1273505
44,Sample_S19S_0059_Wat,430.1354817
18,Sample_S19S_0059_Wat,431.0256563
13,Sample_S19S_0059_Wat,431.04681
59,Sample_S19S_0059_Wat,431.0620177
3,Sample_S19S_0059_Wat,431.0653523
49,Sample_S19S_0059_Wat,431.083125
68,Sample_S19S_0059_Wat,431.098388
4,Sample_S19S_0059_Wat,431.1016424
21,Sample_S19S_0059_Wat,431.1113826
30,Sample_S19S_0059_Wat,431.1194411
30,Sample_S19S_0059_Wat,431.1347291
30,Sample_S19S_0059_Wat,431.1477957
25,Sample_S19S_0059_Wat,431.1558407
36,Sample_S19S_0059_Wat,431.1711879
21,Sample_S19S_0059_Wat,431.2076023
5,Sample_S19S_0059_Wat,432.0573233
22,Sample_S19S_0059_Wat,432.078404
63,Sample_S19S_0059_Wat,432.093661
42,Sample_S19S_0059_Wat,433.0412948
9,Sample_S19S_0059_Wat,433.0543356
28,Sample_S19S_0059_Wat,433.0624271
71,Sample_S19S_0059_Wat,433.077665
4,Sample_S19S_0059_Wat,433.0809249
20,Sample_S19S_0059_Wat,433.0906617
19,Sample_S19S_0059_Wat,433.0986887
27,Sample_S19S_0059_Wat,433.1139658
15,Sample_S19S_0059_Wat,433.1269982
4,Sample_S19S_0059_Wat,433.13501
31,Sample_S19S_0059_Wat,433.1503758
32,Sample_S19S_0059_Wat,433.1634586
40,Sample_S19S_0059_Wat,433.1868494
12,Sample_S19S_0059_Wat,433.1998888
32,Sample_S19S_0059_Wat,433.223189
10,Sample_S19S_0059_Wat,434.072975
15,Sample_S19S_0059_Wat,434.1093421
13,Sample_S19S_0059_Wat,435.0204588
39,Sample_S19S_0059_Wat,435.0569041
17,Sample_S19S_0059_Wat,435.0698968
74,Sample_S19S_0059_Wat,435.093324
18,Sample_S19S_0059_Wat,435.1062764
31,Sample_S19S_0059_Wat,435.1296329
10,Sample_S19S_0059_Wat,435.1426364
2,Sample_S19S_0059_Wat,435.160379
29,Sample_S19S_0059_Wat,435.1659973
18,Sample_S19S_0059_Wat,435.1790631
58,Sample_S19S_0059_Wat,435.2024665
10,Sample_S19S_0059_Wat,435.2155119
10,Sample_S19S_0059_Wat,435.238903
20,Sample_S19S_0059_Wat,436.0886111
7,Sample_S19S_0059_Wat,436.1250197
35,Sample_S19S_0059_Wat,437.0361523
27,Sample_S19S_0059_Wat,437.072483
8,Sample_S19S_0059_Wat,437.1009114
28,Sample_S19S_0059_Wat,437.1088959
6,Sample_S19S_0059_Wat,437.1219003
61,Sample_S19S_0059_Wat,437.1453651
21,Sample_S19S_0059_Wat,437.158378
1,Sample_S19S_0059_Wat,437.1737814
54,Sample_S19S_0059_Wat,437.1817485
11,Sample_S19S_0059_Wat,437.1946984
10,Sample_S19S_0059_Wat,437.2100538
11,Sample_S19S_0059_Wat,437.2180272
15,Sample_S19S_0059_Wat,438.0678822
66,Sample_S19S_0059_Wat,438.1405683
20,Sample_S19S_0059_Wat,439.051737
72,Sample_S19S_0059_Wat,439.0882098
84,Sample_S19S_0059_Wat,439.1246064
8,Sample_S19S_0059_Wat,439.1375419
20,Sample_S19S_0059_Wat,439.1529344
35,Sample_S19S_0059_Wat,439.1609425
20,Sample_S19S_0059_Wat,439.1892886
20,Sample_S19S_0059_Wat,439.1973056
33,Sample_S19S_0059_Wat,440.0834468
32,Sample_S19S_0059_Wat,440.1198163
1,Sample_S19S_0059_Wat,440.947037
15,Sample_S19S_0059_Wat,441.0310268
6,Sample_S19S_0059_Wat,441.0593601
35,Sample_S19S_0059_Wat,441.0674409
38,Sample_S19S_0059_Wat,441.1039049
17,Sample_S19S_0059_Wat,441.1191742
56,Sample_S19S_0059_Wat,441.1402285
12,Sample_S19S_0059_Wat,441.1554489
18,Sample_S19S_0059_Wat,441.168514
24,Sample_S19S_0059_Wat,441.1765589
14,Sample_S19S_0059_Wat,441.2049192
11,Sample_S19S_0059_Wat,441.2129575
13,Sample_S19S_0059_Wat,442.0990637
2,Sample_S19S_0059_Wat,442.127302
19,Sample_S19S_0059_Wat,442.135461
13,Sample_S19S_0059_Wat,443.0255061
23,Sample_S19S_0059_Wat,443.0466588
13,Sample_S19S_0059_Wat,443.061884
15,Sample_S19S_0059_Wat,443.0749837
36,Sample_S19S_0059_Wat,443.0830557
37,Sample_S19S_0059_Wat,443.0984287
4,Sample_S19S_0059_Wat,443.1016577
23,Sample_S19S_0059_Wat,443.1114516
66,Sample_S19S_0059_Wat,443.119518
7,Sample_S19S_0059_Wat,443.1348538
3,Sample_S19S_0059_Wat,443.1380667
27,Sample_S19S_0059_Wat,443.1478565
57,Sample_S19S_0059_Wat,443.1558944
24,Sample_S19S_0059_Wat,443.1711201
26,Sample_S19S_0059_Wat,443.1841796
16,Sample_S19S_0059_Wat,443.1922057
6,Sample_S19S_0059_Wat,443.2074098
17,Sample_S19S_0059_Wat,444.093696
32,Sample_S19S_0059_Wat,445.0412697
10,Sample_S19S_0059_Wat,445.054308
35,Sample_S19S_0059_Wat,445.0623769
35,Sample_S19S_0059_Wat,445.0776178
15,Sample_S19S_0059_Wat,445.0986624
4,Sample_S19S_0059_Wat,445.1083593
19,Sample_S19S_0059_Wat,445.1139537
2,Sample_S19S_0059_Wat,445.1171907
23,Sample_S19S_0059_Wat,445.127011
13,Sample_S19S_0059_Wat,445.1350548
34,Sample_S19S_0059_Wat,445.1503907
1,Sample_S19S_0059_Wat,445.1536246
37,Sample_S19S_0059_Wat,445.1634705
45,Sample_S19S_0059_Wat,445.1715289
42,Sample_S19S_0059_Wat,445.1868428
36,Sample_S19S_0059_Wat,445.223207
12,Sample_S19S_0059_Wat,446.0728598
3,Sample_S19S_0059_Wat,446.0939418
41,Sample_S19S_0059_Wat,446.1092739
11,Sample_S19S_0059_Wat,447.0204695
8,Sample_S19S_0059_Wat,447.056785
6,Sample_S19S_0059_Wat,447.0698296
5,Sample_S19S_0059_Wat,447.0779114
16,Sample_S19S_0059_Wat,447.09323
19,Sample_S19S_0059_Wat,447.114388
79,Sample_S19S_0059_Wat,447.1297048
34,Sample_S19S_0059_Wat,447.1427418
8,Sample_S19S_0059_Wat,447.1507185
76,Sample_S19S_0059_Wat,447.1660641
28,Sample_S19S_0059_Wat,447.179104
18,Sample_S19S_0059_Wat,447.2023724
5,Sample_S19S_0059_Wat,447.2154152
15,Sample_S19S_0059_Wat,447.2388005
53,Sample_S19S_0059_Wat,448.088573
18,Sample_S19S_0059_Wat,448.1096972
19,Sample_S19S_0059_Wat,449.0360637
5,Sample_S19S_0059_Wat,449.0491393
24,Sample_S19S_0059_Wat,449.0724952
20,Sample_S19S_0059_Wat,449.0855556
94,Sample_S19S_0059_Wat,449.1089599
23,Sample_S19S_0059_Wat,449.1219859
81,Sample_S19S_0059_Wat,449.1453221
28,Sample_S19S_0059_Wat,449.1583358
29,Sample_S19S_0059_Wat,449.1816462
4,Sample_S19S_0059_Wat,449.1946593
13,Sample_S19S_0059_Wat,449.2180299
14,Sample_S19S_0059_Wat,451.0153576
18,Sample_S19S_0059_Wat,451.0517204
38,Sample_S19S_0059_Wat,451.0881744
9,Sample_S19S_0059_Wat,451.1011798
66,Sample_S19S_0059_Wat,451.124616
21,Sample_S19S_0059_Wat,451.1376081
37,Sample_S19S_0059_Wat,451.1609528
13,Sample_S19S_0059_Wat,451.1739524
11,Sample_S19S_0059_Wat,451.189303
9,Sample_S19S_0059_Wat,451.1972791
12,Sample_S19S_0059_Wat,451.2336787
3,Sample_S19S_0059_Wat,452.0469724
34,Sample_S19S_0059_Wat,452.0834394
19,Sample_S19S_0059_Wat,452.1199139
25,Sample_S19S_0059_Wat,453.0310814
26,Sample_S19S_0059_Wat,453.0673983
11,Sample_S19S_0059_Wat,453.0957146
18,Sample_S19S_0059_Wat,453.1037558
4,Sample_S19S_0059_Wat,453.1167686
19,Sample_S19S_0059_Wat,453.1321972
44,Sample_S19S_0059_Wat,453.140211
5,Sample_S19S_0059_Wat,453.1686448
65,Sample_S19S_0059_Wat,453.1766436
18,Sample_S19S_0059_Wat,453.2049759
25,Sample_S19S_0059_Wat,454.0627542
41,Sample_S19S_0059_Wat,455.0467468
15,Sample_S19S_0059_Wat,455.0750667
51,Sample_S19S_0059_Wat,455.0831528
19,Sample_S19S_0059_Wat,455.111472
40,Sample_S19S_0059_Wat,455.1194736
2,Sample_S19S_0059_Wat,455.1290278
10,Sample_S19S_0059_Wat,455.1346803
23,Sample_S19S_0059_Wat,455.14777
15,Sample_S19S_0059_Wat,455.1558023
1,Sample_S19S_0059_Wat,455.1654128
2,Sample_S19S_0059_Wat,455.1709581
18,Sample_S19S_0059_Wat,455.1841535
15,Sample_S19S_0059_Wat,455.1921775
18,Sample_S19S_0059_Wat,455.2205892
8,Sample_S19S_0059_Wat,455.2285132
9,Sample_S19S_0059_Wat,457.0260917
28,Sample_S19S_0059_Wat,457.0412916
41,Sample_S19S_0059_Wat,457.0624071
17,Sample_S19S_0059_Wat,457.0776174
13,Sample_S19S_0059_Wat,457.0906483
23,Sample_S19S_0059_Wat,457.0986905
22,Sample_S19S_0059_Wat,457.1139922
3,Sample_S19S_0059_Wat,457.1172314
16,Sample_S19S_0059_Wat,457.1270095
21,Sample_S19S_0059_Wat,457.1350642
3,Sample_S19S_0059_Wat,457.1447412
18,Sample_S19S_0059_Wat,457.150377
23,Sample_S19S_0059_Wat,457.1634444
27,Sample_S19S_0059_Wat,457.1715231
53,Sample_S19S_0059_Wat,457.1868094
21,Sample_S19S_0059_Wat,457.1998933
33,Sample_S19S_0059_Wat,457.2079257
19,Sample_S19S_0059_Wat,459.0205561
26,Sample_S19S_0059_Wat,459.0416602
22,Sample_S19S_0059_Wat,459.0568713
11,Sample_S19S_0059_Wat,459.069913
25,Sample_S19S_0059_Wat,459.0779746
18,Sample_S19S_0059_Wat,459.0932353
2,Sample_S19S_0059_Wat,459.0964817
21,Sample_S19S_0059_Wat,459.1062882
30,Sample_S19S_0059_Wat,459.1143457
53,Sample_S19S_0059_Wat,459.1296693
37,Sample_S19S_0059_Wat,459.142719
38,Sample_S19S_0059_Wat,459.1508169
44,Sample_S19S_0059_Wat,459.1661042
37,Sample_S19S_0059_Wat,459.1872169
25,Sample_S19S_0059_Wat,459.2025048
3,Sample_S19S_0059_Wat,460.0521036
41,Sample_S19S_0059_Wat,460.1249704
30,Sample_S19S_0059_Wat,461.036196
9,Sample_S19S_0059_Wat,461.0492316
25,Sample_S19S_0059_Wat,461.0572822
24,Sample_S19S_0059_Wat,461.0725007
17,Sample_S19S_0059_Wat,461.0855391
8,Sample_S19S_0059_Wat,461.0935699
12,Sample_S19S_0059_Wat,461.1088271
7,Sample_S19S_0059_Wat,461.1218899
4,Sample_S19S_0059_Wat,461.1396751
22,Sample_S19S_0059_Wat,461.1452647
25,Sample_S19S_0059_Wat,461.1583343
39,Sample_S19S_0059_Wat,461.1817537
18,Sample_S19S_0059_Wat,461.1948089
30,Sample_S19S_0059_Wat,461.218132
24,Sample_S19S_0059_Wat,462.067799
18,Sample_S19S_0059_Wat,462.1042629
9,Sample_S19S_0059_Wat,463.015396
41,Sample_S19S_0059_Wat,463.0518315
7,Sample_S19S_0059_Wat,463.064914
44,Sample_S19S_0059_Wat,463.0881954
4,Sample_S19S_0059_Wat,463.1189274
18,Sample_S19S_0059_Wat,463.124491
5,Sample_S19S_0059_Wat,463.1375144
9,Sample_S19S_0059_Wat,463.1608564
9,Sample_S19S_0059_Wat,463.1739081
21,Sample_S19S_0059_Wat,463.1972938
19,Sample_S19S_0059_Wat,463.210366
37,Sample_S19S_0059_Wat,463.2337601
23,Sample_S19S_0059_Wat,464.1198095
17,Sample_S19S_0059_Wat,465.0310055
14,Sample_S19S_0059_Wat,465.06738
3,Sample_S19S_0059_Wat,465.0804256
34,Sample_S19S_0059_Wat,465.1038259
20,Sample_S19S_0059_Wat,465.1168704
27,Sample_S19S_0059_Wat,465.1532935
6,Sample_S19S_0059_Wat,465.1686035
66,Sample_S19S_0059_Wat,465.1766182
16,Sample_S19S_0059_Wat,465.1896305
12,Sample_S19S_0059_Wat,465.2049695
15,Sample_S19S_0059_Wat,465.2129596
1,Sample_S19S_0059_Wat,466.1435867
45,Sample_S19S_0059_Wat,467.0467531
54,Sample_S19S_0059_Wat,467.0831629
9,Sample_S19S_0059_Wat,467.0961914
51,Sample_S19S_0059_Wat,467.1195422
10,Sample_S19S_0059_Wat,467.1324834
29,Sample_S19S_0059_Wat,467.1478261
33,Sample_S19S_0059_Wat,467.1558326
6,Sample_S19S_0059_Wat,467.1686807
24,Sample_S19S_0059_Wat,467.184209
10,Sample_S19S_0059_Wat,467.1921933
14,Sample_S19S_0059_Wat,467.220621
21,Sample_S19S_0059_Wat,467.2286363
24,Sample_S19S_0059_Wat,468.1147294
14,Sample_S19S_0059_Wat,469.0260039
21,Sample_S19S_0059_Wat,469.0412947
38,Sample_S19S_0059_Wat,469.062394
9,Sample_S19S_0059_Wat,469.0776006
13,Sample_S19S_0059_Wat,469.0906533
31,Sample_S19S_0059_Wat,469.0986993
22,Sample_S19S_0059_Wat,469.1270251
17,Sample_S19S_0059_Wat,469.1350525
8,Sample_S19S_0059_Wat,469.1503074
13,Sample_S19S_0059_Wat,469.1633964
2,Sample_S19S_0059_Wat,469.1811109
24,Sample_S19S_0059_Wat,469.199861
22,Sample_S19S_0059_Wat,469.2078959
12,Sample_S19S_0059_Wat,469.2362772
17,Sample_S19S_0059_Wat,471.0205509
19,Sample_S19S_0059_Wat,471.0416901
34,Sample_S19S_0059_Wat,471.0569384
12,Sample_S19S_0059_Wat,471.069939
34,Sample_S19S_0059_Wat,471.0780166
18,Sample_S19S_0059_Wat,471.093255
17,Sample_S19S_0059_Wat,471.106291
6,Sample_S19S_0059_Wat,471.1295835
11,Sample_S19S_0059_Wat,471.1426129
13,Sample_S19S_0059_Wat,471.1506882
9,Sample_S19S_0059_Wat,471.16598
24,Sample_S19S_0059_Wat,471.1790652
21,Sample_S19S_0059_Wat,471.1871307
1,Sample_S19S_0059_Wat,471.1968006
12,Sample_S19S_0059_Wat,471.2024048
19,Sample_S19S_0059_Wat,471.2155389
18,Sample_S19S_0059_Wat,473.0361823
9,Sample_S19S_0059_Wat,473.0491772
11,Sample_S19S_0059_Wat,473.0573502
37,Sample_S19S_0059_Wat,473.0726032
39,Sample_S19S_0059_Wat,473.0937108
62,Sample_S19S_0059_Wat,473.1089772
29,Sample_S19S_0059_Wat,473.121993
23,Sample_S19S_0059_Wat,473.1300234
6,Sample_S19S_0059_Wat,473.139667
24,Sample_S19S_0059_Wat,473.1452829
15,Sample_S19S_0059_Wat,473.1582831
14,Sample_S19S_0059_Wat,473.1663521
3,Sample_S19S_0059_Wat,473.1760299
22,Sample_S19S_0059_Wat,473.1816622
14,Sample_S19S_0059_Wat,473.1946924
27,Sample_S19S_0059_Wat,473.2180738
18,Sample_S19S_0059_Wat,473.2311386
12,Sample_S19S_0059_Wat,474.0889636
14,Sample_S19S_0059_Wat,475.0517049
10,Sample_S19S_0059_Wat,475.0648516
22,Sample_S19S_0059_Wat,475.0728791
30,Sample_S19S_0059_Wat,475.0881586
20,Sample_S19S_0059_Wat,475.1012806
20,Sample_S19S_0059_Wat,475.1092833
63,Sample_S19S_0059_Wat,475.1245966
33,Sample_S19S_0059_Wat,475.1376596
67,Sample_S19S_0059_Wat,475.1609843
28,Sample_S19S_0059_Wat,475.1739813
15,Sample_S19S_0059_Wat,475.1973043
4,Sample_S19S_0059_Wat,475.2103074
6,Sample_S19S_0059_Wat,475.2336051
7,Sample_S19S_0059_Wat,476.0833408
24,Sample_S19S_0059_Wat,476.1198125
29,Sample_S19S_0059_Wat,477.0311319
50,Sample_S19S_0059_Wat,477.0674882
4,Sample_S19S_0059_Wat,477.0805777
1,Sample_S19S_0059_Wat,477.0981716
21,Sample_S19S_0059_Wat,477.1037802
19,Sample_S19S_0059_Wat,477.1168599
3,Sample_S19S_0059_Wat,477.1344651
6,Sample_S19S_0059_Wat,477.1401075
9,Sample_S19S_0059_Wat,477.1531747
21,Sample_S19S_0059_Wat,477.1765167
6,Sample_S19S_0059_Wat,477.1895617
40,Sample_S19S_0059_Wat,477.2130039
53,Sample_S19S_0059_Wat,478.0991507
8,Sample_S19S_0059_Wat,479.0466033
18,Sample_S19S_0059_Wat,479.0830028
14,Sample_S19S_0059_Wat,479.0961506
40,Sample_S19S_0059_Wat,479.1194663
25,Sample_S19S_0059_Wat,479.1325629
68,Sample_S19S_0059_Wat,479.1559168
13,Sample_S19S_0059_Wat,479.1689644
1,Sample_S19S_0059_Wat,479.1843315
54,Sample_S19S_0059_Wat,479.1923063
15,Sample_S19S_0059_Wat,479.2286027
10,Sample_S19S_0059_Wat,480.151082
11,Sample_S19S_0059_Wat,481.025885
21,Sample_S19S_0059_Wat,481.0623379
15,Sample_S19S_0059_Wat,481.0906559
54,Sample_S19S_0059_Wat,481.0987747
13,Sample_S19S_0059_Wat,481.1118361
72,Sample_S19S_0059_Wat,481.1351677
18,Sample_S19S_0059_Wat,481.1634867
51,Sample_S19S_0059_Wat,481.1715313
20,Sample_S19S_0059_Wat,481.199847
19,Sample_S19S_0059_Wat,481.2078283
4,Sample_S19S_0059_Wat,481.2361059
6,Sample_S19S_0059_Wat,482.1302914
19,Sample_S19S_0059_Wat,483.0415833
12,Sample_S19S_0059_Wat,483.0568081
30,Sample_S19S_0059_Wat,483.0780208
7,Sample_S19S_0059_Wat,483.1064043
50,Sample_S19S_0059_Wat,483.1144642
22,Sample_S19S_0059_Wat,483.1297323
35,Sample_S19S_0059_Wat,483.1508531
19,Sample_S19S_0059_Wat,483.1791639
32,Sample_S19S_0059_Wat,483.1871699
17,Sample_S19S_0059_Wat,483.2154832
15,Sample_S19S_0059_Wat,483.2234722
14,Sample_S19S_0059_Wat,484.1459881
11,Sample_S19S_0059_Wat,485.057196
13,Sample_S19S_0059_Wat,485.0724465
13,Sample_S19S_0059_Wat,485.0855526
34,Sample_S19S_0059_Wat,485.0936172
39,Sample_S19S_0059_Wat,485.1089501
18,Sample_S19S_0059_Wat,485.1220307
46,Sample_S19S_0059_Wat,485.1300644
1,Sample_S19S_0059_Wat,485.139617
28,Sample_S19S_0059_Wat,485.1453846
23,Sample_S19S_0059_Wat,485.1584131
38,Sample_S19S_0059_Wat,485.1664901
3,Sample_S19S_0059_Wat,485.1760615
42,Sample_S19S_0059_Wat,485.181737
23,Sample_S19S_0059_Wat,485.1948096
13,Sample_S19S_0059_Wat,485.2179932
4,Sample_S19S_0059_Wat,485.2310607
8,Sample_S19S_0059_Wat,487.0154217
18,Sample_S19S_0059_Wat,487.051792
10,Sample_S19S_0059_Wat,487.0648683
27,Sample_S19S_0059_Wat,487.072871
13,Sample_S19S_0059_Wat,487.088118
16,Sample_S19S_0059_Wat,487.1011949
10,Sample_S19S_0059_Wat,487.1092152
14,Sample_S19S_0059_Wat,487.1244947
20,Sample_S19S_0059_Wat,487.1375846
14,Sample_S19S_0059_Wat,487.1456408
2,Sample_S19S_0059_Wat,487.1552674
51,Sample_S19S_0059_Wat,487.1609704
24,Sample_S19S_0059_Wat,487.1740711
32,Sample_S19S_0059_Wat,487.18211
32,Sample_S19S_0059_Wat,487.1974177
6,Sample_S19S_0059_Wat,487.2104698
20,Sample_S19S_0059_Wat,487.2337958
27,Sample_S19S_0059_Wat,488.0834359
11,Sample_S19S_0059_Wat,489.0310445
6,Sample_S19S_0059_Wat,489.0441341
14,Sample_S19S_0059_Wat,489.0522438
44,Sample_S19S_0059_Wat,489.067487
27,Sample_S19S_0059_Wat,489.0886429
4,Sample_S19S_0059_Wat,489.0982045
30,Sample_S19S_0059_Wat,489.1039118
34,Sample_S19S_0059_Wat,489.1249814
29,Sample_S19S_0059_Wat,489.1402055
20,Sample_S19S_0059_Wat,489.1532671
12,Sample_S19S_0059_Wat,489.1612651
11,Sample_S19S_0059_Wat,489.1765226
9,Sample_S19S_0059_Wat,489.1895365
9,Sample_S19S_0059_Wat,489.2128864
7,Sample_S19S_0059_Wat,489.2259164
13,Sample_S19S_0059_Wat,490.0990621
4,Sample_S19S_0059_Wat,490.1201406
15,Sample_S19S_0059_Wat,491.0103745
16,Sample_S19S_0059_Wat,491.0466906
11,Sample_S19S_0059_Wat,491.0597843
20,Sample_S19S_0059_Wat,491.0830123
16,Sample_S19S_0059_Wat,491.0961728
3,Sample_S19S_0059_Wat,491.1041079
10,Sample_S19S_0059_Wat,491.1193786
20,Sample_S19S_0059_Wat,491.1325378
28,Sample_S19S_0059_Wat,491.1558203
22,Sample_S19S_0059_Wat,491.1689084
54,Sample_S19S_0059_Wat,491.1922945
9,Sample_S19S_0059_Wat,491.2053832
11,Sample_S19S_0059_Wat,491.2287423
39,Sample_S19S_0059_Wat,492.1147512
12,Sample_S19S_0059_Wat,493.0259042
16,Sample_S19S_0059_Wat,493.0622921
7,Sample_S19S_0059_Wat,493.075479
24,Sample_S19S_0059_Wat,493.098712
73,Sample_S19S_0059_Wat,493.1351653
1,Sample_S19S_0059_Wat,493.1636569
52,Sample_S19S_0059_Wat,493.1715856
11,Sample_S19S_0059_Wat,493.1846305
5,Sample_S19S_0059_Wat,493.1999507
13,Sample_S19S_0059_Wat,493.2442171
19,Sample_S19S_0059_Wat,495.0415683
38,Sample_S19S_0059_Wat,495.0780179
2,Sample_S19S_0059_Wat,495.106406
44,Sample_S19S_0059_Wat,495.1144449
11,Sample_S19S_0059_Wat,495.1427989
60,Sample_S19S_0059_Wat,495.1507984
17,Sample_S19S_0059_Wat,495.1638346
22,Sample_S19S_0059_Wat,495.1791573
9,Sample_S19S_0059_Wat,495.2154488
2,Sample_S19S_0059_Wat,496.1905351
4,Sample_S19S_0059_Wat,497.0207701
20,Sample_S19S_0059_Wat,497.0572968
27,Sample_S19S_0059_Wat,497.0725711
18,Sample_S19S_0059_Wat,497.0937782
14,Sample_S19S_0059_Wat,497.1301476
8,Sample_S19S_0059_Wat,497.1816335
27,Sample_S19S_0059_Wat,497.1947705
5,Sample_S19S_0059_Wat,497.2310629
12,Sample_S19S_0059_Wat,498.1253978
35,Sample_S19S_0059_Wat,498.1617513
4,Sample_S19S_0059_Wat,498.1698072
2,Sample_S19S_0059_Wat,498.206115
9,Sample_S19S_0059_Wat,499.036451
7,Sample_S19S_0059_Wat,499.0516924
5,Sample_S19S_0059_Wat,499.0647876
27,Sample_S19S_0059_Wat,499.0728848
14,Sample_S19S_0059_Wat,499.1012958
38,Sample_S19S_0059_Wat,499.1093112
42,Sample_S19S_0059_Wat,499.1246232
17,Sample_S19S_0059_Wat,499.1377212
49,Sample_S19S_0059_Wat,499.1457371
5,Sample_S19S_0059_Wat,499.1553132
14,Sample_S19S_0059_Wat,499.1610424
26,Sample_S19S_0059_Wat,499.1740741
32,Sample_S19S_0059_Wat,499.1973555
25,Sample_S19S_0059_Wat,499.2104255
15,Sample_S19S_0059_Wat,499.2184243
4,Sample_S19S_0059_Wat,499.2466801
9,Sample_S19S_0059_Wat,501.0310269
13,Sample_S19S_0059_Wat,501.0521674
20,Sample_S19S_0059_Wat,501.0673678
16,Sample_S19S_0059_Wat,501.080502
18,Sample_S19S_0059_Wat,501.0885018
12,Sample_S19S_0059_Wat,501.1037301
15,Sample_S19S_0059_Wat,501.116864
7,Sample_S19S_0059_Wat,501.1248479
1,Sample_S19S_0059_Wat,501.1344245
20,Sample_S19S_0059_Wat,501.1401768
35,Sample_S19S_0059_Wat,501.1532967
18,Sample_S19S_0059_Wat,501.1612956
48,Sample_S19S_0059_Wat,501.1766253
30,Sample_S19S_0059_Wat,501.1896846
29,Sample_S19S_0059_Wat,501.2130646
15,Sample_S19S_0059_Wat,503.0468089
4,Sample_S19S_0059_Wat,503.0832459
23,Sample_S19S_0059_Wat,503.1042984
55,Sample_S19S_0059_Wat,503.1195309
9,Sample_S19S_0059_Wat,503.1326318
17,Sample_S19S_0059_Wat,503.1405906
2,Sample_S19S_0059_Wat,503.1502092
25,Sample_S19S_0059_Wat,503.1558462
18,Sample_S19S_0059_Wat,503.1921795
6,Sample_S19S_0059_Wat,503.2051842
19,Sample_S19S_0059_Wat,503.2285615
12,Sample_S19S_0059_Wat,504.0995128
9,Sample_S19S_0059_Wat,504.1512304
11,Sample_S19S_0059_Wat,504.1722947
8,Sample_S19S_0059_Wat,505.0259469
14,Sample_S19S_0059_Wat,505.0622503
13,Sample_S19S_0059_Wat,505.0754693
7,Sample_S19S_0059_Wat,505.0833896
19,Sample_S19S_0059_Wat,505.098662
14,Sample_S19S_0059_Wat,505.1118569
2,Sample_S19S_0059_Wat,505.1293863
18,Sample_S19S_0059_Wat,505.1350781
7,Sample_S19S_0059_Wat,505.1482794
67,Sample_S19S_0059_Wat,505.1715425
18,Sample_S19S_0059_Wat,505.1846129
31,Sample_S19S_0059_Wat,505.2079802
8,Sample_S19S_0059_Wat,505.221033
29,Sample_S19S_0059_Wat,505.2443315
5,Sample_S19S_0059_Wat,506.1303153
8,Sample_S19S_0059_Wat,506.1666811
13,Sample_S19S_0059_Wat,507.0415912
26,Sample_S19S_0059_Wat,507.0780238
49,Sample_S19S_0059_Wat,507.1144464
1,Sample_S19S_0059_Wat,507.1428505
62,Sample_S19S_0059_Wat,507.1508255
6,Sample_S19S_0059_Wat,507.179192
8,Sample_S19S_0059_Wat,507.2001826
9,Sample_S19S_0059_Wat,507.2598181
10,Sample_S19S_0059_Wat,509.0209945
20,Sample_S19S_0059_Wat,509.0573918
42,Sample_S19S_0059_Wat,509.0937287
12,Sample_S19S_0059_Wat,509.1219812
43,Sample_S19S_0059_Wat,509.1300451
12,Sample_S19S_0059_Wat,509.1583575
13,Sample_S19S_0059_Wat,509.1947371
10,Sample_S19S_0059_Wat,509.2311267
6,Sample_S19S_0059_Wat,509.2391011
10,Sample_S19S_0059_Wat,510.0888729
14,Sample_S19S_0059_Wat,511.0366348
11,Sample_S19S_0059_Wat,511.0518749
40,Sample_S19S_0059_Wat,511.0729714
17,Sample_S19S_0059_Wat,511.1012674
32,Sample_S19S_0059_Wat,511.1092846
4,Sample_S19S_0059_Wat,511.1375472
3,Sample_S19S_0059_Wat,511.1455592
11,Sample_S19S_0059_Wat,511.1739404
14,Sample_S19S_0059_Wat,511.2103696
10,Sample_S19S_0059_Wat,511.2183807
11,Sample_S19S_0059_Wat,511.2547768
1,Sample_S19S_0059_Wat,512.1854652
13,Sample_S19S_0059_Wat,513.0522762
24,Sample_S19S_0059_Wat,513.0674942
7,Sample_S19S_0059_Wat,513.0804898
25,Sample_S19S_0059_Wat,513.0885835
24,Sample_S19S_0059_Wat,513.1169162
19,Sample_S19S_0059_Wat,513.1248843
1,Sample_S19S_0059_Wat,513.1344354
7,Sample_S19S_0059_Wat,513.1401059
7,Sample_S19S_0059_Wat,513.1531789
6,Sample_S19S_0059_Wat,513.1612236
5,Sample_S19S_0059_Wat,513.1764786
11,Sample_S19S_0059_Wat,513.1895585
3,Sample_S19S_0059_Wat,513.2127989
10,Sample_S19S_0059_Wat,515.0467951
16,Sample_S19S_0059_Wat,515.0679477
39,Sample_S19S_0059_Wat,515.083157
31,Sample_S19S_0059_Wat,515.1042917
3,Sample_S19S_0059_Wat,515.1137376
36,Sample_S19S_0059_Wat,515.1194964
8,Sample_S19S_0059_Wat,515.1326297
23,Sample_S19S_0059_Wat,515.1405768
14,Sample_S19S_0059_Wat,515.155816
18,Sample_S19S_0059_Wat,515.1688778
10,Sample_S19S_0059_Wat,515.1768835
1,Sample_S19S_0059_Wat,515.1864986
12,Sample_S19S_0059_Wat,515.1921599
10,Sample_S19S_0059_Wat,515.2052029
2,Sample_S19S_0059_Wat,515.213195
5,Sample_S19S_0059_Wat,515.2285302
4,Sample_S19S_0059_Wat,515.2416147
30,Sample_S19S_0059_Wat,517.0624113
15,Sample_S19S_0059_Wat,517.0835974
14,Sample_S19S_0059_Wat,517.098859
10,Sample_S19S_0059_Wat,517.1199999
10,Sample_S19S_0059_Wat,517.1352552
14,Sample_S19S_0059_Wat,517.171616
20,Sample_S19S_0059_Wat,517.1846401
44,Sample_S19S_0059_Wat,517.2079237
10,Sample_S19S_0059_Wat,517.2442337
9,Sample_S19S_0059_Wat,518.1514949
9,Sample_S19S_0059_Wat,519.041577
7,Sample_S19S_0059_Wat,519.0546995
16,Sample_S19S_0059_Wat,519.0779454
4,Sample_S19S_0059_Wat,519.0911551
9,Sample_S19S_0059_Wat,519.0990767
15,Sample_S19S_0059_Wat,519.1143103
9,Sample_S19S_0059_Wat,519.1275578
29,Sample_S19S_0059_Wat,519.1507584
8,Sample_S19S_0059_Wat,519.1639413
57,Sample_S19S_0059_Wat,519.1872205
20,Sample_S19S_0059_Wat,519.2002386
23,Sample_S19S_0059_Wat,519.2236508
13,Sample_S19S_0059_Wat,519.2600027
22,Sample_S19S_0059_Wat,520.1461126
9,Sample_S19S_0059_Wat,521.020886
21,Sample_S19S_0059_Wat,521.0573462
30,Sample_S19S_0059_Wat,521.0937324
48,Sample_S19S_0059_Wat,521.1301011
3,Sample_S19S_0059_Wat,521.1584978
30,Sample_S19S_0059_Wat,521.1663968
16,Sample_S19S_0059_Wat,521.1794927
2,Sample_S19S_0059_Wat,521.1946636
14,Sample_S19S_0059_Wat,521.2027235
11,Sample_S19S_0059_Wat,521.2390738
3,Sample_S19S_0059_Wat,522.1251732
19,Sample_S19S_0059_Wat,523.0365285
12,Sample_S19S_0059_Wat,523.0728235
5,Sample_S19S_0059_Wat,523.101088
10,Sample_S19S_0059_Wat,523.1091901
9,Sample_S19S_0059_Wat,523.122388
9,Sample_S19S_0059_Wat,523.1376337
15,Sample_S19S_0059_Wat,523.1456062
15,Sample_S19S_0059_Wat,523.1739853
25,Sample_S19S_0059_Wat,523.1820717
23,Sample_S19S_0059_Wat,523.2104573
5,Sample_S19S_0059_Wat,523.2468227
2,Sample_S19S_0059_Wat,524.2217713
11,Sample_S19S_0059_Wat,525.0521307
14,Sample_S19S_0059_Wat,525.0674542
26,Sample_S19S_0059_Wat,525.0885729
5,Sample_S19S_0059_Wat,525.1169923
36,Sample_S19S_0059_Wat,525.1250197
39,Sample_S19S_0059_Wat,525.1614051
28,Sample_S19S_0059_Wat,525.1766596
15,Sample_S19S_0059_Wat,525.2340332
26,Sample_S19S_0059_Wat,526.1566707
9,Sample_S19S_0059_Wat,526.1929575
2,Sample_S19S_0059_Wat,526.2010349
15,Sample_S19S_0059_Wat,527.0315131
19,Sample_S19S_0059_Wat,527.0679337
11,Sample_S19S_0059_Wat,527.0832056
15,Sample_S19S_0059_Wat,527.1043114
19,Sample_S19S_0059_Wat,527.119585
40,Sample_S19S_0059_Wat,527.1406475
35,Sample_S19S_0059_Wat,527.1558917
24,Sample_S19S_0059_Wat,527.1689685
30,Sample_S19S_0059_Wat,527.1769645
8,Sample_S19S_0059_Wat,527.1922169
22,Sample_S19S_0059_Wat,527.2052882
9,Sample_S19S_0059_Wat,527.2132606
4,Sample_S19S_0059_Wat,527.2284939
7,Sample_S19S_0059_Wat,527.2415754
13,Sample_S19S_0059_Wat,528.0995056
25,Sample_S19S_0059_Wat,528.135922
3,Sample_S19S_0059_Wat,529.0260908
9,Sample_S19S_0059_Wat,529.047257
14,Sample_S19S_0059_Wat,529.0624704
10,Sample_S19S_0059_Wat,529.0836238
19,Sample_S19S_0059_Wat,529.0988481
20,Sample_S19S_0059_Wat,529.119899
35,Sample_S19S_0059_Wat,529.1351825
12,Sample_S19S_0059_Wat,529.1482589
19,Sample_S19S_0059_Wat,529.1562352
17,Sample_S19S_0059_Wat,529.1714748
26,Sample_S19S_0059_Wat,529.184567
11,Sample_S19S_0059_Wat,529.1925822
13,Sample_S19S_0059_Wat,529.2078283
9,Sample_S19S_0059_Wat,529.2208396
1,Sample_S19S_0059_Wat,529.2288014
11,Sample_S19S_0059_Wat,529.2442413
6,Sample_S19S_0059_Wat,529.2573138
13,Sample_S19S_0059_Wat,530.1152024
7,Sample_S19S_0059_Wat,531.0417642
10,Sample_S19S_0059_Wat,531.0629135
5,Sample_S19S_0059_Wat,531.0781475
16,Sample_S19S_0059_Wat,531.0992322
19,Sample_S19S_0059_Wat,531.1144803
23,Sample_S19S_0059_Wat,531.1355514
27,Sample_S19S_0059_Wat,531.1507766
20,Sample_S19S_0059_Wat,531.1638843
16,Sample_S19S_0059_Wat,531.1718519
2,Sample_S19S_0059_Wat,531.18138
16,Sample_S19S_0059_Wat,531.1871077
14,Sample_S19S_0059_Wat,531.2001725
23,Sample_S19S_0059_Wat,531.2234777
3,Sample_S19S_0059_Wat,531.236471
4,Sample_S19S_0059_Wat,531.2598778
15,Sample_S19S_0059_Wat,532.1308495
7,Sample_S19S_0059_Wat,533.0209267
9,Sample_S19S_0059_Wat,533.0574115
1,Sample_S19S_0059_Wat,533.0786852
18,Sample_S19S_0059_Wat,533.0937827
29,Sample_S19S_0059_Wat,533.1301236
56,Sample_S19S_0059_Wat,533.166456
20,Sample_S19S_0059_Wat,533.1795306
16,Sample_S19S_0059_Wat,533.2027587
2,Sample_S19S_0059_Wat,533.2156961
6,Sample_S19S_0059_Wat,533.2390944
11,Sample_S19S_0059_Wat,535.0365569
24,Sample_S19S_0059_Wat,535.0730261
17,Sample_S19S_0059_Wat,535.1094222
11,Sample_S19S_0059_Wat,535.1458132
23,Sample_S19S_0059_Wat,535.1821751
2,Sample_S19S_0059_Wat,535.2466711
16,Sample_S19S_0059_Wat,535.2547783
7,Sample_S19S_0059_Wat,537.0520931
19,Sample_S19S_0059_Wat,537.0884904
13,Sample_S19S_0059_Wat,537.1169413
35,Sample_S19S_0059_Wat,537.1249315
16,Sample_S19S_0059_Wat,537.1533456
43,Sample_S19S_0059_Wat,537.161382
6,Sample_S19S_0059_Wat,537.1897464
22,Sample_S19S_0059_Wat,537.1978101
2,Sample_S19S_0059_Wat,537.2261348
11,Sample_S19S_0059_Wat,537.2342192
7,Sample_S19S_0059_Wat,537.2706002
12,Sample_S19S_0059_Wat,539.0315044
5,Sample_S19S_0059_Wat,539.0468046
16,Sample_S19S_0059_Wat,539.0679143
24,Sample_S19S_0059_Wat,539.1042196
13,Sample_S19S_0059_Wat,539.1325679
29,Sample_S19S_0059_Wat,539.1405618
8,Sample_S19S_0059_Wat,539.1688297
6,Sample_S19S_0059_Wat,539.1768779
6,Sample_S19S_0059_Wat,539.2051955
3,Sample_S19S_0059_Wat,539.2132409
4,Sample_S19S_0059_Wat,539.2416063
11,Sample_S19S_0059_Wat,541.0470414
17,Sample_S19S_0059_Wat,541.0623672
23,Sample_S19S_0059_Wat,541.0834882
27,Sample_S19S_0059_Wat,541.0988161
28,Sample_S19S_0059_Wat,541.1199147
5,Sample_S19S_0059_Wat,541.1352769
13,Sample_S19S_0059_Wat,541.1563515
5,Sample_S19S_0059_Wat,541.1927684
17,Sample_S19S_0059_Wat,541.2079962
22,Sample_S19S_0059_Wat,541.2290565
8,Sample_S19S_0059_Wat,541.2573331
8,Sample_S19S_0059_Wat,542.1514443
12,Sample_S19S_0059_Wat,542.224289
6,Sample_S19S_0059_Wat,543.0418148
10,Sample_S19S_0059_Wat,543.0629181
13,Sample_S19S_0059_Wat,543.0781158
25,Sample_S19S_0059_Wat,543.09918
26,Sample_S19S_0059_Wat,543.1144211
24,Sample_S19S_0059_Wat,543.1355017
28,Sample_S19S_0059_Wat,543.1507543
16,Sample_S19S_0059_Wat,543.1638009
12,Sample_S19S_0059_Wat,543.1718262
2,Sample_S19S_0059_Wat,543.1813791
11,Sample_S19S_0059_Wat,543.1870791
9,Sample_S19S_0059_Wat,543.2001267
4,Sample_S19S_0059_Wat,543.2234029
6,Sample_S19S_0059_Wat,543.236535
4,Sample_S19S_0059_Wat,543.2597894
14,Sample_S19S_0059_Wat,545.0571838
5,Sample_S19S_0059_Wat,545.0704014
8,Sample_S19S_0059_Wat,545.0783592
9,Sample_S19S_0059_Wat,545.0935509
10,Sample_S19S_0059_Wat,545.1147104
16,Sample_S19S_0059_Wat,545.1299664
9,Sample_S19S_0059_Wat,545.1432084
22,Sample_S19S_0059_Wat,545.1511507
30,Sample_S19S_0059_Wat,545.1664409
7,Sample_S19S_0059_Wat,545.1795929
33,Sample_S19S_0059_Wat,545.2028931
14,Sample_S19S_0059_Wat,545.2159419
5,Sample_S19S_0059_Wat,545.2393178
12,Sample_S19S_0059_Wat,547.0364584
15,Sample_S19S_0059_Wat,547.0729547
8,Sample_S19S_0059_Wat,547.0860275
7,Sample_S19S_0059_Wat,547.0941431
22,Sample_S19S_0059_Wat,547.109415
19,Sample_S19S_0059_Wat,547.145805
5,Sample_S19S_0059_Wat,547.1822164
3,Sample_S19S_0059_Wat,547.1952584
19,Sample_S19S_0059_Wat,547.2185618
14,Sample_S19S_0059_Wat,547.2315171
17,Sample_S19S_0059_Wat,547.2548518
16,Sample_S19S_0059_Wat,549.0523077
11,Sample_S19S_0059_Wat,549.0887119
14,Sample_S19S_0059_Wat,549.1250923
18,Sample_S19S_0059_Wat,549.1614413
7,Sample_S19S_0059_Wat,549.1744876
12,Sample_S19S_0059_Wat,549.1896683
40,Sample_S19S_0059_Wat,549.1977663
18,Sample_S19S_0059_Wat,549.2340464
2,Sample_S19S_0059_Wat,550.1564658
6,Sample_S19S_0059_Wat,551.0316023
19,Sample_S19S_0059_Wat,551.0679996
19,Sample_S19S_0059_Wat,551.10435
28,Sample_S19S_0059_Wat,551.140683
17,Sample_S19S_0059_Wat,551.1689448
27,Sample_S19S_0059_Wat,551.1769906
13,Sample_S19S_0059_Wat,551.2052511
19,Sample_S19S_0059_Wat,551.2133063
8,Sample_S19S_0059_Wat,551.2496307
3,Sample_S19S_0059_Wat,552.1357425
15,Sample_S19S_0059_Wat,553.0472596
12,Sample_S19S_0059_Wat,553.0836572
22,Sample_S19S_0059_Wat,553.1199748
2,Sample_S19S_0059_Wat,553.1483118
45,Sample_S19S_0059_Wat,553.1562956
23,Sample_S19S_0059_Wat,553.1925971
5,Sample_S19S_0059_Wat,553.2288832
1,Sample_S19S_0059_Wat,553.257072
14,Sample_S19S_0059_Wat,555.0629131
4,Sample_S19S_0059_Wat,555.0993123
7,Sample_S19S_0059_Wat,555.1356619
2,Sample_S19S_0059_Wat,555.1639967
13,Sample_S19S_0059_Wat,555.1720029
21,Sample_S19S_0059_Wat,555.2082923
2,Sample_S19S_0059_Wat,555.244468
3,Sample_S19S_0059_Wat,555.2728474
15,Sample_S19S_0059_Wat,556.1307274
1,Sample_S19S_0059_Wat,556.167018
18,Sample_S19S_0059_Wat,556.2035902
7,Sample_S19S_0059_Wat,557.0420033
10,Sample_S19S_0059_Wat,557.0572783
9,Sample_S19S_0059_Wat,557.0785258
17,Sample_S19S_0059_Wat,557.1149049
2,Sample_S19S_0059_Wat,557.1302225
1,Sample_S19S_0059_Wat,557.1666319
1,Sample_S19S_0059_Wat,557.1797008
2,Sample_S19S_0059_Wat,557.1877224
7,Sample_S19S_0059_Wat,557.2029722
3,Sample_S19S_0059_Wat,559.0574795
1,Sample_S19S_0059_Wat,559.0727284
11,Sample_S19S_0059_Wat,559.1092427
26,Sample_S19S_0059_Wat,559.1456819
16,Sample_S19S_0059_Wat,559.1951961
21,Sample_S19S_0059_Wat,559.2185569
3,Sample_S19S_0059_Wat,559.2316115
18,Sample_S19S_0059_Wat,561.0522506
13,Sample_S19S_0059_Wat,561.0733841
16,Sample_S19S_0059_Wat,561.0885432
9,Sample_S19S_0059_Wat,561.1248442
19,Sample_S19S_0059_Wat,561.1380479
6,Sample_S19S_0059_Wat,561.1611805
15,Sample_S19S_0059_Wat,561.1743368
3,Sample_S19S_0059_Wat,561.1975534
9,Sample_S19S_0059_Wat,561.2106672
9,Sample_S19S_0059_Wat,561.2339983
8,Sample_S19S_0059_Wat,561.2703823
6,Sample_S19S_0059_Wat,563.0313809
25,Sample_S19S_0059_Wat,563.0679011
11,Sample_S19S_0059_Wat,563.1043787
9,Sample_S19S_0059_Wat,563.140767
6,Sample_S19S_0059_Wat,563.1771352
25,Sample_S19S_0059_Wat,563.2134586
18,Sample_S19S_0059_Wat,563.2497644
11,Sample_S19S_0059_Wat,565.0470587
13,Sample_S19S_0059_Wat,565.0833841
3,Sample_S19S_0059_Wat,565.1196921
6,Sample_S19S_0059_Wat,565.1480351
4,Sample_S19S_0059_Wat,565.1561141
2,Sample_S19S_0059_Wat,565.1844084
6,Sample_S19S_0059_Wat,565.2208348
15,Sample_S19S_0059_Wat,565.2290122
14,Sample_S19S_0059_Wat,567.0628477
20,Sample_S19S_0059_Wat,567.0992538
9,Sample_S19S_0059_Wat,567.1356587
15,Sample_S19S_0059_Wat,567.2083955
11,Sample_S19S_0059_Wat,567.2366591
15,Sample_S19S_0059_Wat,567.2446704
2,Sample_S19S_0059_Wat,567.2808707
10,Sample_S19S_0059_Wat,568.13089
12,Sample_S19S_0059_Wat,568.1671174
3,Sample_S19S_0059_Wat,568.2033922
6,Sample_S19S_0059_Wat,569.0421066
4,Sample_S19S_0059_Wat,569.0573971
17,Sample_S19S_0059_Wat,569.0784551
7,Sample_S19S_0059_Wat,569.0937538
17,Sample_S19S_0059_Wat,569.1147778
8,Sample_S19S_0059_Wat,569.1510794
3,Sample_S19S_0059_Wat,569.1662706
14,Sample_S19S_0059_Wat,569.17943
3,Sample_S19S_0059_Wat,569.1874013
4,Sample_S19S_0059_Wat,569.2157305
3,Sample_S19S_0059_Wat,569.223732
7,Sample_S19S_0059_Wat,569.2603907
7,Sample_S19S_0059_Wat,570.1463997
4,Sample_S19S_0059_Wat,571.0363946
3,Sample_S19S_0059_Wat,571.0575531
8,Sample_S19S_0059_Wat,571.0727742
3,Sample_S19S_0059_Wat,571.0939164
6,Sample_S19S_0059_Wat,571.122475
24,Sample_S19S_0059_Wat,571.1303995
7,Sample_S19S_0059_Wat,571.1588445
20,Sample_S19S_0059_Wat,571.1668216
30,Sample_S19S_0059_Wat,571.1821369
9,Sample_S19S_0059_Wat,571.1952621
15,Sample_S19S_0059_Wat,571.2032768
9,Sample_S19S_0059_Wat,571.2185728
1,Sample_S19S_0059_Wat,571.2316576
11,Sample_S19S_0059_Wat,573.0521883
13,Sample_S19S_0059_Wat,573.073421
18,Sample_S19S_0059_Wat,573.0886509
18,Sample_S19S_0059_Wat,573.1250609
8,Sample_S19S_0059_Wat,573.1615077
2,Sample_S19S_0059_Wat,573.1826266
5,Sample_S19S_0059_Wat,573.1978706
4,Sample_S19S_0059_Wat,573.2342462
7,Sample_S19S_0059_Wat,575.0680122
3,Sample_S19S_0059_Wat,575.0891871
7,Sample_S19S_0059_Wat,575.1043617
7,Sample_S19S_0059_Wat,575.1407714
25,Sample_S19S_0059_Wat,575.1770756
16,Sample_S19S_0059_Wat,575.190103
31,Sample_S19S_0059_Wat,575.213398
15,Sample_S19S_0059_Wat,575.2497017
6,Sample_S19S_0059_Wat,577.0472834
8,Sample_S19S_0059_Wat,577.0836723
41,Sample_S19S_0059_Wat,577.1563035
17,Sample_S19S_0059_Wat,577.169358
24,Sample_S19S_0059_Wat,577.1926143
6,Sample_S19S_0059_Wat,577.228924
1,Sample_S19S_0059_Wat,577.2651743
4,Sample_S19S_0059_Wat,579.0264966
10,Sample_S19S_0059_Wat,579.0629358
13,Sample_S19S_0059_Wat,579.0992643
29,Sample_S19S_0059_Wat,579.1355972
33,Sample_S19S_0059_Wat,579.1719274
18,Sample_S19S_0059_Wat,579.2082488
7,Sample_S19S_0059_Wat,579.2445526
4,Sample_S19S_0059_Wat,581.0421606
10,Sample_S19S_0059_Wat,581.0785526
24,Sample_S19S_0059_Wat,581.1148894
39,Sample_S19S_0059_Wat,581.1512226
23,Sample_S19S_0059_Wat,581.1875335
21,Sample_S19S_0059_Wat,581.2238624
9,Sample_S19S_0059_Wat,581.2602074
2,Sample_S19S_0059_Wat,583.057864
3,Sample_S19S_0059_Wat,583.094266
2,Sample_S19S_0059_Wat,583.1095053
9,Sample_S19S_0059_Wat,583.1306046
1,Sample_S19S_0059_Wat,583.1589175
15,Sample_S19S_0059_Wat,583.1669172
1,Sample_S19S_0059_Wat,583.1824987
8,Sample_S19S_0059_Wat,583.1952442
20,Sample_S19S_0059_Wat,583.2032587
27,Sample_S19S_0059_Wat,583.2185187
12,Sample_S19S_0059_Wat,583.2314722
15,Sample_S19S_0059_Wat,583.2395225
6,Sample_S19S_0059_Wat,585.052268
10,Sample_S19S_0059_Wat,585.0734724
6,Sample_S19S_0059_Wat,585.1098543
2,Sample_S19S_0059_Wat,585.1462879
3,Sample_S19S_0059_Wat,585.1826784
8,Sample_S19S_0059_Wat,585.197889
5,Sample_S19S_0059_Wat,585.2190128
2,Sample_S19S_0059_Wat,587.0524433
7,Sample_S19S_0059_Wat,587.06769
15,Sample_S19S_0059_Wat,587.1041571
15,Sample_S19S_0059_Wat,587.1405809
11,Sample_S19S_0059_Wat,587.161795
26,Sample_S19S_0059_Wat,587.1770783
9,Sample_S19S_0059_Wat,587.19016
17,Sample_S19S_0059_Wat,587.2134744
6,Sample_S19S_0059_Wat,587.2265632
14,Sample_S19S_0059_Wat,587.2498677
8,Sample_S19S_0059_Wat,589.0833727
6,Sample_S19S_0059_Wat,589.119725
1,Sample_S19S_0059_Wat,589.1560644
6,Sample_S19S_0059_Wat,589.1691978
3,Sample_S19S_0059_Wat,589.1924321
3,Sample_S19S_0059_Wat,589.2054425
2,Sample_S19S_0059_Wat,589.2288053
3,Sample_S19S_0059_Wat,589.2418537
8,Sample_S19S_0059_Wat,589.2652893
10,Sample_S19S_0059_Wat,591.0629191
8,Sample_S19S_0059_Wat,591.0993225
3,Sample_S19S_0059_Wat,591.135742
11,Sample_S19S_0059_Wat,591.1720289
17,Sample_S19S_0059_Wat,591.2083514
13,Sample_S19S_0059_Wat,591.2446301
6,Sample_S19S_0059_Wat,593.078251
3,Sample_S19S_0059_Wat,593.1146582
11,Sample_S19S_0059_Wat,593.1511079
27,Sample_S19S_0059_Wat,593.1875846
19,Sample_S19S_0059_Wat,593.2240288
11,Sample_S19S_0059_Wat,595.0578225
19,Sample_S19S_0059_Wat,595.0941069
20,Sample_S19S_0059_Wat,595.130396
16,Sample_S19S_0059_Wat,595.1667494
7,Sample_S19S_0059_Wat,595.1950744
2,Sample_S19S_0059_Wat,595.2312495
5,Sample_S19S_0059_Wat,597.0731946
1,Sample_S19S_0059_Wat,597.137926
14,Sample_S19S_0059_Wat,597.1460191
24,Sample_S19S_0059_Wat,597.1824999
1,Sample_S19S_0059_Wat,597.1980244
1,Sample_S19S_0059_Wat,599.0528136
3,Sample_S19S_0059_Wat,599.0891922
15,Sample_S19S_0059_Wat,599.1254651
24,Sample_S19S_0059_Wat,599.1770211
22,Sample_S19S_0059_Wat,599.1901116
12,Sample_S19S_0059_Wat,599.2263731
5,Sample_S19S_0059_Wat,601.0833482
5,Sample_S19S_0059_Wat,601.1560091
3,Sample_S19S_0059_Wat,601.1691262
1,Sample_S19S_0059_Wat,601.2053757
13,Sample_S19S_0059_Wat,603.0990962
17,Sample_S19S_0059_Wat,603.135473
26,Sample_S19S_0059_Wat,603.1719444
18,Sample_S19S_0059_Wat,603.2083804
11,Sample_S19S_0059_Wat,603.2213711
25,Sample_S19S_0059_Wat,603.2447417
6,Sample_S19S_0059_Wat,605.0420638
13,Sample_S19S_0059_Wat,605.0785609
5,Sample_S19S_0059_Wat,605.1149751
3,Sample_S19S_0059_Wat,605.1513953
10,Sample_S19S_0059_Wat,605.1877226
9,Sample_S19S_0059_Wat,605.2240726
8,Sample_S19S_0059_Wat,607.0578335
19,Sample_S19S_0059_Wat,607.094164
27,Sample_S19S_0059_Wat,607.1304892
29,Sample_S19S_0059_Wat,607.1667845
1,Sample_S19S_0059_Wat,607.1950256
5,Sample_S19S_0059_Wat,607.2030678
5,Sample_S19S_0059_Wat,607.2394004
8,Sample_S19S_0059_Wat,609.0733165
20,Sample_S19S_0059_Wat,609.1096597
4,Sample_S19S_0059_Wat,609.1459321
3,Sample_S19S_0059_Wat,609.1822447
6,Sample_S19S_0059_Wat,609.2105468
3,Sample_S19S_0059_Wat,609.2185999
5,Sample_S19S_0059_Wat,611.0887789
3,Sample_S19S_0059_Wat,611.125099
6,Sample_S19S_0059_Wat,611.1535191
2,Sample_S19S_0059_Wat,611.1898292
3,Sample_S19S_0059_Wat,611.1978745
5,Sample_S19S_0059_Wat,611.226191
4,Sample_S19S_0059_Wat,613.0681488
2,Sample_S19S_0059_Wat,613.119618
7,Sample_S19S_0059_Wat,613.2054697
7,Sample_S19S_0059_Wat,613.2419608
3,Sample_S19S_0059_Wat,615.0625943
3,Sample_S19S_0059_Wat,615.0836945
2,Sample_S19S_0059_Wat,615.0988834
7,Sample_S19S_0059_Wat,615.2211147
6,Sample_S19S_0059_Wat,617.0782506
3,Sample_S19S_0059_Wat,617.1640477
5,Sample_S19S_0059_Wat,617.2003665
9,Sample_S19S_0059_Wat,619.0940393
4,Sample_S19S_0059_Wat,619.130318
4,Sample_S19S_0059_Wat,619.1666544
3,Sample_S19S_0059_Wat,619.2029535
11,Sample_S19S_0059_Wat,621.073506
13,Sample_S19S_0059_Wat,621.1098264
16,Sample_S19S_0059_Wat,621.1461897
29,Sample_S19S_0059_Wat,621.1825214
18,Sample_S19S_0059_Wat,621.218773
10,Sample_S19S_0059_Wat,623.0891397
2,Sample_S19S_0059_Wat,623.162005
2,Sample_S19S_0059_Wat,623.1983716
4,Sample_S19S_0059_Wat,623.2710307
1,Sample_S19S_0059_Wat,625.1044435
13,Sample_S19S_0059_Wat,625.1773321
12,Sample_S19S_0059_Wat,625.2057332
18,Sample_S19S_0059_Wat,625.2137878
12,Sample_S19S_0059_Wat,625.2501721
7,Sample_S19S_0059_Wat,627.0626552
11,Sample_S19S_0059_Wat,627.083828
1,Sample_S19S_0059_Wat,627.1200117
2,Sample_S19S_0059_Wat,627.1564046
3,Sample_S19S_0059_Wat,627.1848232
10,Sample_S19S_0059_Wat,627.2446662
2,Sample_S19S_0059_Wat,629.0786184
2,Sample_S19S_0059_Wat,629.172689
2,Sample_S19S_0059_Wat,629.2237856
11,Sample_S19S_0059_Wat,629.260248
16,Sample_S19S_0059_Wat,631.1667917
16,Sample_S19S_0059_Wat,631.2031269
4,Sample_S19S_0059_Wat,631.2761072
20,Sample_S19S_0059_Wat,633.1097626
6,Sample_S19S_0059_Wat,633.1459928
4,Sample_S19S_0059_Wat,633.1822488
1,Sample_S19S_0059_Wat,633.2185891
6,Sample_S19S_0059_Wat,635.0889363
7,Sample_S19S_0059_Wat,635.1252433
21,Sample_S19S_0059_Wat,635.1617901
9,Sample_S19S_0059_Wat,635.1982777
8,Sample_S19S_0059_Wat,635.2346553
11,Sample_S19S_0059_Wat,635.2709215
5,Sample_S19S_0059_Wat,637.0681209
8,Sample_S19S_0059_Wat,637.1045624
11,Sample_S19S_0059_Wat,637.1408976
3,Sample_S19S_0059_Wat,637.1771558
4,Sample_S19S_0059_Wat,639.1200807
3,Sample_S19S_0059_Wat,639.1564278
4,Sample_S19S_0059_Wat,639.1932429
1,Sample_S19S_0059_Wat,641.099822
6,Sample_S19S_0059_Wat,641.1874416
9,Sample_S19S_0059_Wat,641.2006767
2,Sample_S19S_0059_Wat,641.260201
15,Sample_S19S_0059_Wat,645.2553281
1,Sample_S19S_0059_Wat,649.0685059
10,Sample_S19S_0059_Wat,649.1046018
16,Sample_S19S_0059_Wat,649.1411037
9,Sample_S19S_0059_Wat,651.0838085
5,Sample_S19S_0059_Wat,655.0789899
11,Sample_S19S_0059_Wat,655.15155
1,Sample_S19S_0059_Wat,657.1099535
6,Sample_S19S_0059_Wat,657.146265
3,Sample_S19S_0059_Wat,657.1827495
1,Sample_S19S_0059_Wat,657.25542
16,Sample_S19S_0059_Wat,659.1254648
14,Sample_S19S_0059_Wat,659.2345903
8,Sample_S19S_0059_Wat,661.1775206
10,Sample_S19S_0059_Wat,663.0840336
18,Sample_S19S_0059_Wat,663.1567617
8,Sample_S19S_0059_Wat,663.1931909
1,Sample_S19S_0059_Wat,663.2659634
17,Sample_S19S_0059_Wat,665.1359874
3,Sample_S19S_0059_Wat,665.1724893
1,Sample_S19S_0059_Wat,665.2089152
4,Sample_S19S_0059_Wat,665.2452775
5,Sample_S19S_0059_Wat,667.1153995
14,Sample_S19S_0059_Wat,667.1515045
5,Sample_S19S_0059_Wat,673.2135557
8,Sample_S19S_0059_Wat,675.0837408
10,Sample_S19S_0059_Wat,675.1202248
14,Sample_S19S_0059_Wat,675.1566338
8,Sample_S19S_0059_Wat,675.193045
14,Sample_S19S_0059_Wat,675.2294292
4,Sample_S19S_0059_Wat,677.2088861
1,Sample_S19S_0059_Wat,677.245322
5,Sample_S19S_0059_Wat,679.0787473
8,Sample_S19S_0059_Wat,679.1516576
3,Sample_S19S_0059_Wat,679.1877778
2,Sample_S19S_0059_Wat,679.2241398
1,Sample_S19S_0059_Wat,681.0939683
1,Sample_S19S_0059_Wat,683.0739849
13,Sample_S19S_0059_Wat,683.146581
6,Sample_S19S_0059_Wat,683.2707514
1,Sample_S19S_0059_Wat,685.08916
2,Sample_S19S_0059_Wat,687.2292358
3,Sample_S19S_0059_Wat,687.265587
3,Sample_S19S_0059_Wat,693.2762385
14,Sample_S19S_0059_Wat,701.2087266
1,Sample_S19S_0059_Wat,719.1096192
2,Sample_S19S_0059_Wat,719.219041
1,Sample_S19S_0059_Wat,733.1988978
3,Sample_S19S_0059_Wat,737.2665822
1,Sample_S19S_0059_Wat,745.2716644
2,Sample_S19S_0059_Wat,747.1051551
