num.trans.involved.in,sample,peak
6,Sample_S19S_0035_Wat,205.1597578
11,Sample_S19S_0035_Wat,209.0091207
21,Sample_S19S_0035_Wat,209.0818981
38,Sample_S19S_0035_Wat,211.0247874
37,Sample_S19S_0035_Wat,211.0611736
29,Sample_S19S_0035_Wat,213.0768216
23,Sample_S19S_0035_Wat,215.0924726
13,Sample_S19S_0035_Wat,215.1288446
2,Sample_S19S_0035_Wat,216.1240952
19,Sample_S19S_0035_Wat,217.1081169
17,Sample_S19S_0035_Wat,221.0091259
28,Sample_S19S_0035_Wat,221.0455191
12,Sample_S19S_0035_Wat,221.0818912
3,Sample_S19S_0035_Wat,221.1546776
38,Sample_S19S_0035_Wat,223.0247931
13,Sample_S19S_0035_Wat,223.0611523
37,Sample_S19S_0035_Wat,223.0975605
11,Sample_S19S_0035_Wat,225.0040321
63,Sample_S19S_0035_Wat,225.0404494
38,Sample_S19S_0035_Wat,225.0768195
24,Sample_S19S_0035_Wat,227.056079
32,Sample_S19S_0035_Wat,227.092466
17,Sample_S19S_0035_Wat,229.14452
30,Sample_S19S_0035_Wat,231.0298777
28,Sample_S19S_0035_Wat,231.0873835
39,Sample_S19S_0035_Wat,233.0091463
40,Sample_S19S_0035_Wat,233.0455307
38,Sample_S19S_0035_Wat,233.0819208
9,Sample_S19S_0035_Wat,233.1546845
39,Sample_S19S_0035_Wat,235.0247912
53,Sample_S19S_0035_Wat,235.0611873
37,Sample_S19S_0035_Wat,235.0975749
30,Sample_S19S_0035_Wat,237.0040579
42,Sample_S19S_0035_Wat,237.0404421
57,Sample_S19S_0035_Wat,237.0768351
36,Sample_S19S_0035_Wat,237.1132227
59,Sample_S19S_0035_Wat,239.0197221
81,Sample_S19S_0035_Wat,239.0561117
4,Sample_S19S_0035_Wat,239.0673352
81,Sample_S19S_0035_Wat,239.092497
40,Sample_S19S_0035_Wat,239.1288753
65,Sample_S19S_0035_Wat,241.03537
41,Sample_S19S_0035_Wat,241.0717422
23,Sample_S19S_0035_Wat,241.1081087
9,Sample_S19S_0035_Wat,242.139775
2,Sample_S19S_0035_Wat,242.1761465
68,Sample_S19S_0035_Wat,243.0510224
29,Sample_S19S_0035_Wat,243.0873816
74,Sample_S19S_0035_Wat,245.0455587
4,Sample_S19S_0035_Wat,245.0489119
76,Sample_S19S_0035_Wat,245.0666847
52,Sample_S19S_0035_Wat,245.0819342
55,Sample_S19S_0035_Wat,245.1030642
45,Sample_S19S_0035_Wat,247.024801
72,Sample_S19S_0035_Wat,247.0612011
71,Sample_S19S_0035_Wat,247.0975945
43,Sample_S19S_0035_Wat,249.0040636
77,Sample_S19S_0035_Wat,249.0404675
85,Sample_S19S_0035_Wat,249.0768527
35,Sample_S19S_0035_Wat,249.1132224
71,Sample_S19S_0035_Wat,251.0197332
64,Sample_S19S_0035_Wat,251.0560986
105,Sample_S19S_0035_Wat,251.0925063
44,Sample_S19S_0035_Wat,251.1289035
87,Sample_S19S_0035_Wat,253.0353983
108,Sample_S19S_0035_Wat,253.0717756
39,Sample_S19S_0035_Wat,253.1081345
39,Sample_S19S_0035_Wat,253.1445337
56,Sample_S19S_0035_Wat,255.0146298
80,Sample_S19S_0035_Wat,255.0510433
97,Sample_S19S_0035_Wat,255.0874163
35,Sample_S19S_0035_Wat,255.1237776
69,Sample_S19S_0035_Wat,257.030304
57,Sample_S19S_0035_Wat,257.0455598
89,Sample_S19S_0035_Wat,257.0666765
59,Sample_S19S_0035_Wat,257.1030521
38,Sample_S19S_0035_Wat,257.1394516
4,Sample_S19S_0035_Wat,258.1347123
50,Sample_S19S_0035_Wat,259.0248281
74,Sample_S19S_0035_Wat,259.0459547
65,Sample_S19S_0035_Wat,259.0612028
75,Sample_S19S_0035_Wat,259.0823405
58,Sample_S19S_0035_Wat,259.0975861
50,Sample_S19S_0035_Wat,259.1187072
4,Sample_S19S_0035_Wat,260.1503532
37,Sample_S19S_0035_Wat,261.0040785
64,Sample_S19S_0035_Wat,261.040468
91,Sample_S19S_0035_Wat,261.0768598
61,Sample_S19S_0035_Wat,261.1132477
46,Sample_S19S_0035_Wat,263.019721
85,Sample_S19S_0035_Wat,263.0561329
47,Sample_S19S_0035_Wat,263.0924815
42,Sample_S19S_0035_Wat,263.128908
49,Sample_S19S_0035_Wat,264.9989861
82,Sample_S19S_0035_Wat,265.0353938
79,Sample_S19S_0035_Wat,265.0717855
90,Sample_S19S_0035_Wat,265.1081545
1,Sample_S19S_0035_Wat,265.1479151
69,Sample_S19S_0035_Wat,267.0146829
105,Sample_S19S_0035_Wat,267.0510336
96,Sample_S19S_0035_Wat,267.0874299
78,Sample_S19S_0035_Wat,267.123805
75,Sample_S19S_0035_Wat,269.0303205
108,Sample_S19S_0035_Wat,269.0666802
90,Sample_S19S_0035_Wat,269.1030627
42,Sample_S19S_0035_Wat,269.1394657
70,Sample_S19S_0035_Wat,271.0459737
21,Sample_S19S_0035_Wat,271.061176
83,Sample_S19S_0035_Wat,271.0823212
70,Sample_S19S_0035_Wat,271.118718
61,Sample_S19S_0035_Wat,273.040478
72,Sample_S19S_0035_Wat,273.061591
79,Sample_S19S_0035_Wat,273.0768603
69,Sample_S19S_0035_Wat,273.0979879
58,Sample_S19S_0035_Wat,273.1132445
27,Sample_S19S_0035_Wat,273.1343844
62,Sample_S19S_0035_Wat,275.0197425
74,Sample_S19S_0035_Wat,275.0561155
72,Sample_S19S_0035_Wat,275.0772487
84,Sample_S19S_0035_Wat,275.0925149
53,Sample_S19S_0035_Wat,275.1288873
58,Sample_S19S_0035_Wat,276.9990278
86,Sample_S19S_0035_Wat,277.0354157
85,Sample_S19S_0035_Wat,277.0717892
87,Sample_S19S_0035_Wat,277.1081544
52,Sample_S19S_0035_Wat,277.1445377
44,Sample_S19S_0035_Wat,279.0146331
88,Sample_S19S_0035_Wat,279.0510516
57,Sample_S19S_0035_Wat,279.0874539
57,Sample_S19S_0035_Wat,279.1238221
85,Sample_S19S_0035_Wat,281.0303339
106,Sample_S19S_0035_Wat,281.0666829
63,Sample_S19S_0035_Wat,281.1030502
65,Sample_S19S_0035_Wat,281.1394597
71,Sample_S19S_0035_Wat,283.0095898
102,Sample_S19S_0035_Wat,283.0459554
69,Sample_S19S_0035_Wat,283.0823169
97,Sample_S19S_0035_Wat,283.118715
31,Sample_S19S_0035_Wat,283.1551309
70,Sample_S19S_0035_Wat,285.025228
48,Sample_S19S_0035_Wat,285.0404866
70,Sample_S19S_0035_Wat,285.0616357
52,Sample_S19S_0035_Wat,285.0768513
35,Sample_S19S_0035_Wat,285.0980306
43,Sample_S19S_0035_Wat,285.1343948
58,Sample_S19S_0035_Wat,287.0197477
59,Sample_S19S_0035_Wat,287.0408776
63,Sample_S19S_0035_Wat,287.0561351
78,Sample_S19S_0035_Wat,287.0772537
66,Sample_S19S_0035_Wat,287.0925228
74,Sample_S19S_0035_Wat,287.1136282
47,Sample_S19S_0035_Wat,287.1289021
41,Sample_S19S_0035_Wat,287.150015
73,Sample_S19S_0035_Wat,289.0354029
66,Sample_S19S_0035_Wat,289.0565242
97,Sample_S19S_0035_Wat,289.0717704
61,Sample_S19S_0035_Wat,289.0929075
65,Sample_S19S_0035_Wat,289.1081489
52,Sample_S19S_0035_Wat,289.1445478
63,Sample_S19S_0035_Wat,291.0146759
89,Sample_S19S_0035_Wat,291.0510416
82,Sample_S19S_0035_Wat,291.0874132
64,Sample_S19S_0035_Wat,291.1237966
44,Sample_S19S_0035_Wat,291.1601932
86,Sample_S19S_0035_Wat,293.0303357
89,Sample_S19S_0035_Wat,293.0667099
106,Sample_S19S_0035_Wat,293.1030793
73,Sample_S19S_0035_Wat,293.1394564
10,Sample_S19S_0035_Wat,293.1757942
36,Sample_S19S_0035_Wat,294.098304
50,Sample_S19S_0035_Wat,295.0095496
88,Sample_S19S_0035_Wat,295.0459444
115,Sample_S19S_0035_Wat,295.0823376
104,Sample_S19S_0035_Wat,295.1187213
47,Sample_S19S_0035_Wat,295.1550986
80,Sample_S19S_0035_Wat,297.025237
90,Sample_S19S_0035_Wat,297.0616262
60,Sample_S19S_0035_Wat,297.0980154
38,Sample_S19S_0035_Wat,297.1344063
1,Sample_S19S_0035_Wat,297.1529844
17,Sample_S19S_0035_Wat,297.1707937
34,Sample_S19S_0035_Wat,298.0932671
74,Sample_S19S_0035_Wat,299.0408894
58,Sample_S19S_0035_Wat,299.05613
92,Sample_S19S_0035_Wat,299.0772616
51,Sample_S19S_0035_Wat,299.0924991
72,Sample_S19S_0035_Wat,299.1136455
56,Sample_S19S_0035_Wat,299.1500243
62,Sample_S19S_0035_Wat,301.0201601
61,Sample_S19S_0035_Wat,301.0353903
68,Sample_S19S_0035_Wat,301.0565488
51,Sample_S19S_0035_Wat,301.071792
53,Sample_S19S_0035_Wat,301.092932
33,Sample_S19S_0035_Wat,301.1081829
41,Sample_S19S_0035_Wat,301.129318
52,Sample_S19S_0035_Wat,303.0146906
56,Sample_S19S_0035_Wat,303.0357821
73,Sample_S19S_0035_Wat,303.0510433
74,Sample_S19S_0035_Wat,303.0721573
69,Sample_S19S_0035_Wat,303.0874395
75,Sample_S19S_0035_Wat,303.1085414
54,Sample_S19S_0035_Wat,303.1238249
30,Sample_S19S_0035_Wat,303.1602155
32,Sample_S19S_0035_Wat,304.0826613
85,Sample_S19S_0035_Wat,305.0303157
100,Sample_S19S_0035_Wat,305.0666877
84,Sample_S19S_0035_Wat,305.1030852
61,Sample_S19S_0035_Wat,305.1394662
35,Sample_S19S_0035_Wat,306.0983427
51,Sample_S19S_0035_Wat,307.0095853
99,Sample_S19S_0035_Wat,307.0459779
67,Sample_S19S_0035_Wat,307.0823737
48,Sample_S19S_0035_Wat,307.1187572
33,Sample_S19S_0035_Wat,307.1551342
42,Sample_S19S_0035_Wat,308.0412303
38,Sample_S19S_0035_Wat,308.0775973
36,Sample_S19S_0035_Wat,308.1139545
90,Sample_S19S_0035_Wat,309.0252469
118,Sample_S19S_0035_Wat,309.0616036
108,Sample_S19S_0035_Wat,309.0979773
82,Sample_S19S_0035_Wat,309.1343649
37,Sample_S19S_0035_Wat,309.1707647
1,Sample_S19S_0035_Wat,309.1741269
39,Sample_S19S_0035_Wat,310.0568411
37,Sample_S19S_0035_Wat,310.0932206
66,Sample_S19S_0035_Wat,311.0045073
89,Sample_S19S_0035_Wat,311.0408991
97,Sample_S19S_0035_Wat,311.0772659
121,Sample_S19S_0035_Wat,311.1136352
63,Sample_S19S_0035_Wat,311.1500195
37,Sample_S19S_0035_Wat,312.0725103
60,Sample_S19S_0035_Wat,313.0201379
38,Sample_S19S_0035_Wat,313.0353909
81,Sample_S19S_0035_Wat,313.0565398
36,Sample_S19S_0035_Wat,313.071764
76,Sample_S19S_0035_Wat,313.0929245
59,Sample_S19S_0035_Wat,313.1081574
62,Sample_S19S_0035_Wat,313.1293014
40,Sample_S19S_0035_Wat,314.0881771
42,Sample_S19S_0035_Wat,315.0146824
69,Sample_S19S_0035_Wat,315.035781
61,Sample_S19S_0035_Wat,315.0510397
69,Sample_S19S_0035_Wat,315.0721791
32,Sample_S19S_0035_Wat,315.0873994
54,Sample_S19S_0035_Wat,315.1085755
62,Sample_S19S_0035_Wat,315.1238052
39,Sample_S19S_0035_Wat,315.1449559
33,Sample_S19S_0035_Wat,316.1038062
61,Sample_S19S_0035_Wat,317.0303382
65,Sample_S19S_0035_Wat,317.0514233
78,Sample_S19S_0035_Wat,317.0666936
83,Sample_S19S_0035_Wat,317.0878157
59,Sample_S19S_0035_Wat,317.1030588
40,Sample_S19S_0035_Wat,317.124227
63,Sample_S19S_0035_Wat,317.1394552
38,Sample_S19S_0035_Wat,318.0619419
14,Sample_S19S_0035_Wat,318.0831173
14,Sample_S19S_0035_Wat,318.1194966
42,Sample_S19S_0035_Wat,319.009608
23,Sample_S19S_0035_Wat,319.0460069
40,Sample_S19S_0035_Wat,319.0670953
77,Sample_S19S_0035_Wat,319.0823624
32,Sample_S19S_0035_Wat,319.103481
87,Sample_S19S_0035_Wat,319.1187158
53,Sample_S19S_0035_Wat,319.1551015
37,Sample_S19S_0035_Wat,320.0412195
31,Sample_S19S_0035_Wat,320.0776287
12,Sample_S19S_0035_Wat,320.0987676
16,Sample_S19S_0035_Wat,320.1140206
77,Sample_S19S_0035_Wat,321.0252313
74,Sample_S19S_0035_Wat,321.0616406
4,Sample_S19S_0035_Wat,321.0728956
46,Sample_S19S_0035_Wat,321.0980285
65,Sample_S19S_0035_Wat,321.1343949
40,Sample_S19S_0035_Wat,321.1707672
42,Sample_S19S_0035_Wat,322.0568903
42,Sample_S19S_0035_Wat,322.0932669
55,Sample_S19S_0035_Wat,323.0044879
78,Sample_S19S_0035_Wat,323.0408542
110,Sample_S19S_0035_Wat,323.0772527
11,Sample_S19S_0035_Wat,323.0884973
59,Sample_S19S_0035_Wat,323.1136726
52,Sample_S19S_0035_Wat,323.1500462
45,Sample_S19S_0035_Wat,324.0725027
42,Sample_S19S_0035_Wat,324.108871
21,Sample_S19S_0035_Wat,325.0201894
33,Sample_S19S_0035_Wat,325.0354075
92,Sample_S19S_0035_Wat,325.0565425
112,Sample_S19S_0035_Wat,325.0928926
75,Sample_S19S_0035_Wat,325.1292996
32,Sample_S19S_0035_Wat,325.1657004
1,Sample_S19S_0035_Wat,325.1842438
33,Sample_S19S_0035_Wat,326.0518083
46,Sample_S19S_0035_Wat,326.0881656
79,Sample_S19S_0035_Wat,327.035782
48,Sample_S19S_0035_Wat,327.0510536
76,Sample_S19S_0035_Wat,327.0722018
58,Sample_S19S_0035_Wat,327.0874372
70,Sample_S19S_0035_Wat,327.1085831
27,Sample_S19S_0035_Wat,327.1238447
60,Sample_S19S_0035_Wat,327.1449492
45,Sample_S19S_0035_Wat,328.1037984
53,Sample_S19S_0035_Wat,329.0303285
46,Sample_S19S_0035_Wat,329.0514722
27,Sample_S19S_0035_Wat,329.0667319
102,Sample_S19S_0035_Wat,329.0878075
55,Sample_S19S_0035_Wat,329.1030905
9,Sample_S19S_0035_Wat,329.1064332
52,Sample_S19S_0035_Wat,329.1242163
15,Sample_S19S_0035_Wat,329.1394079
1,Sample_S19S_0035_Wat,329.152419
23,Sample_S19S_0035_Wat,330.0831155
36,Sample_S19S_0035_Wat,331.0095615
55,Sample_S19S_0035_Wat,331.0307044
40,Sample_S19S_0035_Wat,331.0459941
62,Sample_S19S_0035_Wat,331.0670688
65,Sample_S19S_0035_Wat,331.0823608
46,Sample_S19S_0035_Wat,331.1034998
77,Sample_S19S_0035_Wat,331.1187275
22,Sample_S19S_0035_Wat,331.1399002
15,Sample_S19S_0035_Wat,331.155166
25,Sample_S19S_0035_Wat,332.0987468
28,Sample_S19S_0035_Wat,333.0252702
37,Sample_S19S_0035_Wat,333.0463704
41,Sample_S19S_0035_Wat,333.0616512
39,Sample_S19S_0035_Wat,333.08277
80,Sample_S19S_0035_Wat,333.0980074
10,Sample_S19S_0035_Wat,333.1191757
38,Sample_S19S_0035_Wat,333.1344131
26,Sample_S19S_0035_Wat,333.1707943
39,Sample_S19S_0035_Wat,334.0568812
15,Sample_S19S_0035_Wat,334.0780188
33,Sample_S19S_0035_Wat,334.0932769
7,Sample_S19S_0035_Wat,334.1144217
47,Sample_S19S_0035_Wat,335.004499
53,Sample_S19S_0035_Wat,335.0409093
93,Sample_S19S_0035_Wat,335.0772597
54,Sample_S19S_0035_Wat,335.1136067
58,Sample_S19S_0035_Wat,335.150042
29,Sample_S19S_0035_Wat,335.1864245
18,Sample_S19S_0035_Wat,336.0361684
21,Sample_S19S_0035_Wat,336.0725571
41,Sample_S19S_0035_Wat,336.1089144
71,Sample_S19S_0035_Wat,337.0201415
61,Sample_S19S_0035_Wat,337.0564852
16,Sample_S19S_0035_Wat,337.0695448
106,Sample_S19S_0035_Wat,337.0929176
103,Sample_S19S_0035_Wat,337.1292866
50,Sample_S19S_0035_Wat,337.1656867
11,Sample_S19S_0035_Wat,338.0518396
50,Sample_S19S_0035_Wat,338.0881798
32,Sample_S19S_0035_Wat,338.1245766
74,Sample_S19S_0035_Wat,339.0357996
114,Sample_S19S_0035_Wat,339.0721726
115,Sample_S19S_0035_Wat,339.1085453
34,Sample_S19S_0035_Wat,339.1449816
31,Sample_S19S_0035_Wat,339.1813533
1,Sample_S19S_0035_Wat,339.1999929
14,Sample_S19S_0035_Wat,340.0674792
35,Sample_S19S_0035_Wat,340.1038147
64,Sample_S19S_0035_Wat,341.0150623
28,Sample_S19S_0035_Wat,341.0302897
76,Sample_S19S_0035_Wat,341.0514621
33,Sample_S19S_0035_Wat,341.0667303
111,Sample_S19S_0035_Wat,341.0878109
25,Sample_S19S_0035_Wat,341.1031062
36,Sample_S19S_0035_Wat,341.12425
45,Sample_S19S_0035_Wat,341.1606173
36,Sample_S19S_0035_Wat,342.0467143
39,Sample_S19S_0035_Wat,342.0830768
33,Sample_S19S_0035_Wat,342.1194926
64,Sample_S19S_0035_Wat,343.0307124
48,Sample_S19S_0035_Wat,343.0459579
55,Sample_S19S_0035_Wat,343.067113
19,Sample_S19S_0035_Wat,343.0823925
13,Sample_S19S_0035_Wat,343.0857039
93,Sample_S19S_0035_Wat,343.1034685
42,Sample_S19S_0035_Wat,343.1187422
14,Sample_S19S_0035_Wat,343.1399075
29,Sample_S19S_0035_Wat,343.1551386
31,Sample_S19S_0035_Wat,343.1762631
38,Sample_S19S_0035_Wat,344.0623517
28,Sample_S19S_0035_Wat,344.0987606
55,Sample_S19S_0035_Wat,345.0252491
56,Sample_S19S_0035_Wat,345.0463327
69,Sample_S19S_0035_Wat,345.0616254
56,Sample_S19S_0035_Wat,345.0827674
64,Sample_S19S_0035_Wat,345.0980089
7,Sample_S19S_0035_Wat,345.1013399
48,Sample_S19S_0035_Wat,345.1191373
22,Sample_S19S_0035_Wat,345.1344288
29,Sample_S19S_0035_Wat,345.1555412
43,Sample_S19S_0035_Wat,345.170772
26,Sample_S19S_0035_Wat,346.0569005
25,Sample_S19S_0035_Wat,346.07802
44,Sample_S19S_0035_Wat,346.0932318
29,Sample_S19S_0035_Wat,346.1143644
1,Sample_S19S_0035_Wat,346.2154294
46,Sample_S19S_0035_Wat,347.0045152
72,Sample_S19S_0035_Wat,347.0408756
38,Sample_S19S_0035_Wat,347.0620279
96,Sample_S19S_0035_Wat,347.0772564
4,Sample_S19S_0035_Wat,347.0805924
25,Sample_S19S_0035_Wat,347.0903002
61,Sample_S19S_0035_Wat,347.0983726
44,Sample_S19S_0035_Wat,347.1136821
9,Sample_S19S_0035_Wat,347.1170036
21,Sample_S19S_0035_Wat,347.1348045
73,Sample_S19S_0035_Wat,347.1500262
11,Sample_S19S_0035_Wat,347.1864695
27,Sample_S19S_0035_Wat,348.0361356
21,Sample_S19S_0035_Wat,348.0725611
48,Sample_S19S_0035_Wat,348.1089104
1,Sample_S19S_0035_Wat,348.231087
63,Sample_S19S_0035_Wat,349.0201636
21,Sample_S19S_0035_Wat,349.0564693
82,Sample_S19S_0035_Wat,349.0929209
21,Sample_S19S_0035_Wat,349.1059291
82,Sample_S19S_0035_Wat,349.129303
59,Sample_S19S_0035_Wat,349.1656793
13,Sample_S19S_0035_Wat,349.2021049
16,Sample_S19S_0035_Wat,350.0518357
64,Sample_S19S_0035_Wat,350.0881844
15,Sample_S19S_0035_Wat,350.1245924
75,Sample_S19S_0035_Wat,351.0357871
15,Sample_S19S_0035_Wat,351.0488144
83,Sample_S19S_0035_Wat,351.0721501
43,Sample_S19S_0035_Wat,351.1085115
22,Sample_S19S_0035_Wat,351.121581
48,Sample_S19S_0035_Wat,351.1449775
36,Sample_S19S_0035_Wat,351.1813076
19,Sample_S19S_0035_Wat,352.0674721
42,Sample_S19S_0035_Wat,352.1038206
64,Sample_S19S_0035_Wat,353.0150696
52,Sample_S19S_0035_Wat,353.0514753
110,Sample_S19S_0035_Wat,353.0878166
78,Sample_S19S_0035_Wat,353.124233
45,Sample_S19S_0035_Wat,353.1605629
25,Sample_S19S_0035_Wat,353.1970034
38,Sample_S19S_0035_Wat,354.0467104
51,Sample_S19S_0035_Wat,354.0830704
43,Sample_S19S_0035_Wat,354.1194893
64,Sample_S19S_0035_Wat,355.0306981
37,Sample_S19S_0035_Wat,355.0459559
77,Sample_S19S_0035_Wat,355.0671162
6,Sample_S19S_0035_Wat,355.0824171
96,Sample_S19S_0035_Wat,355.1034699
44,Sample_S19S_0035_Wat,355.1187368
22,Sample_S19S_0035_Wat,355.1399086
38,Sample_S19S_0035_Wat,355.1762476
55,Sample_S19S_0035_Wat,356.0623586
22,Sample_S19S_0035_Wat,356.0987693
37,Sample_S19S_0035_Wat,356.1350838
29,Sample_S19S_0035_Wat,357.0251986
1,Sample_S19S_0035_Wat,357.0357541
58,Sample_S19S_0035_Wat,357.046323
51,Sample_S19S_0035_Wat,357.061636
1,Sample_S19S_0035_Wat,357.0649448
90,Sample_S19S_0035_Wat,357.0827228
51,Sample_S19S_0035_Wat,357.0979761
23,Sample_S19S_0035_Wat,357.1110353
91,Sample_S19S_0035_Wat,357.1191097
33,Sample_S19S_0035_Wat,357.134414
58,Sample_S19S_0035_Wat,357.1554992
38,Sample_S19S_0035_Wat,358.0568909
37,Sample_S19S_0035_Wat,358.077999
46,Sample_S19S_0035_Wat,359.0045133
11,Sample_S19S_0035_Wat,359.0256737
19,Sample_S19S_0035_Wat,359.0409252
63,Sample_S19S_0035_Wat,359.0619959
58,Sample_S19S_0035_Wat,359.077285
15,Sample_S19S_0035_Wat,359.0806207
32,Sample_S19S_0035_Wat,359.0984239
47,Sample_S19S_0035_Wat,359.1347452
65,Sample_S19S_0035_Wat,359.1500213
29,Sample_S19S_0035_Wat,359.1711775
25,Sample_S19S_0035_Wat,360.093678
2,Sample_S19S_0035_Wat,360.1299489
54,Sample_S19S_0035_Wat,361.0201475
50,Sample_S19S_0035_Wat,361.0412698
58,Sample_S19S_0035_Wat,361.056505
5,Sample_S19S_0035_Wat,361.0598496
22,Sample_S19S_0035_Wat,361.069538
37,Sample_S19S_0035_Wat,361.077621
74,Sample_S19S_0035_Wat,361.0929312
12,Sample_S19S_0035_Wat,361.0962708
41,Sample_S19S_0035_Wat,361.1140532
101,Sample_S19S_0035_Wat,361.1292859
28,Sample_S19S_0035_Wat,361.1423317
41,Sample_S19S_0035_Wat,361.1657046
55,Sample_S19S_0035_Wat,362.0881611
10,Sample_S19S_0035_Wat,362.1093336
71,Sample_S19S_0035_Wat,363.0357881
51,Sample_S19S_0035_Wat,363.0722122
93,Sample_S19S_0035_Wat,363.108539
21,Sample_S19S_0035_Wat,363.1215932
38,Sample_S19S_0035_Wat,363.1449786
24,Sample_S19S_0035_Wat,363.1812892
43,Sample_S19S_0035_Wat,364.0674047
13,Sample_S19S_0035_Wat,364.0885367
50,Sample_S19S_0035_Wat,364.1038292
60,Sample_S19S_0035_Wat,365.015069
28,Sample_S19S_0035_Wat,365.0513776
16,Sample_S19S_0035_Wat,365.0644569
95,Sample_S19S_0035_Wat,365.0878382
27,Sample_S19S_0035_Wat,365.1008669
42,Sample_S19S_0035_Wat,365.1241727
18,Sample_S19S_0035_Wat,365.137244
22,Sample_S19S_0035_Wat,365.1606438
30,Sample_S19S_0035_Wat,365.1969623
60,Sample_S19S_0035_Wat,366.0830912
47,Sample_S19S_0035_Wat,366.1194629
63,Sample_S19S_0035_Wat,367.0306865
101,Sample_S19S_0035_Wat,367.0671094
113,Sample_S19S_0035_Wat,367.1034613
13,Sample_S19S_0035_Wat,367.1399195
43,Sample_S19S_0035_Wat,367.1762158
17,Sample_S19S_0035_Wat,368.0623951
66,Sample_S19S_0035_Wat,368.0987097
40,Sample_S19S_0035_Wat,368.1351331
52,Sample_S19S_0035_Wat,369.0099679
18,Sample_S19S_0035_Wat,369.0252119
52,Sample_S19S_0035_Wat,369.0463181
49,Sample_S19S_0035_Wat,369.061629
85,Sample_S19S_0035_Wat,369.0827443
42,Sample_S19S_0035_Wat,369.0980102
22,Sample_S19S_0035_Wat,369.111039
25,Sample_S19S_0035_Wat,369.1190631
56,Sample_S19S_0035_Wat,369.1555194
10,Sample_S19S_0035_Wat,369.1837969
14,Sample_S19S_0035_Wat,369.1918398
49,Sample_S19S_0035_Wat,370.0779692
32,Sample_S19S_0035_Wat,370.1507341
10,Sample_S19S_0035_Wat,371.0174923
23,Sample_S19S_0035_Wat,371.0255725
42,Sample_S19S_0035_Wat,371.0408802
78,Sample_S19S_0035_Wat,371.0620102
22,Sample_S19S_0035_Wat,371.0902981
39,Sample_S19S_0035_Wat,371.0983408
47,Sample_S19S_0035_Wat,371.1136558
56,Sample_S19S_0035_Wat,371.1347918
56,Sample_S19S_0035_Wat,371.1500297
41,Sample_S19S_0035_Wat,371.171134
28,Sample_S19S_0035_Wat,372.0572277
45,Sample_S19S_0035_Wat,372.1300076
30,Sample_S19S_0035_Wat,373.0201141
9,Sample_S19S_0035_Wat,373.0331394
50,Sample_S19S_0035_Wat,373.0412407
67,Sample_S19S_0035_Wat,373.0565482
4,Sample_S19S_0035_Wat,373.0599109
34,Sample_S19S_0035_Wat,373.0776886
44,Sample_S19S_0035_Wat,373.09294
6,Sample_S19S_0035_Wat,373.0962346
28,Sample_S19S_0035_Wat,373.1059583
56,Sample_S19S_0035_Wat,373.1140108
14,Sample_S19S_0035_Wat,373.1504711
16,Sample_S19S_0035_Wat,373.1657318
6,Sample_S19S_0035_Wat,374.0729636
31,Sample_S19S_0035_Wat,374.1456527
24,Sample_S19S_0035_Wat,375.0358416
19,Sample_S19S_0035_Wat,375.0569615
71,Sample_S19S_0035_Wat,375.0721973
11,Sample_S19S_0035_Wat,375.0755416
27,Sample_S19S_0035_Wat,375.0852221
44,Sample_S19S_0035_Wat,375.0932745
4,Sample_S19S_0035_Wat,375.1118457
31,Sample_S19S_0035_Wat,375.1297066
82,Sample_S19S_0035_Wat,375.1449442
23,Sample_S19S_0035_Wat,375.1579842
27,Sample_S19S_0035_Wat,375.1812892
42,Sample_S19S_0035_Wat,376.0674564
21,Sample_S19S_0035_Wat,376.1249335
37,Sample_S19S_0035_Wat,377.0150486
13,Sample_S19S_0035_Wat,377.0280631
80,Sample_S19S_0035_Wat,377.0514538
63,Sample_S19S_0035_Wat,377.0877952
4,Sample_S19S_0035_Wat,377.0911145
20,Sample_S19S_0035_Wat,377.100823
102,Sample_S19S_0035_Wat,377.1241915
25,Sample_S19S_0035_Wat,377.1372608
59,Sample_S19S_0035_Wat,377.1606102
13,Sample_S19S_0035_Wat,377.1735945
18,Sample_S19S_0035_Wat,377.1969233
13,Sample_S19S_0035_Wat,378.0466478
10,Sample_S19S_0035_Wat,378.0678072
42,Sample_S19S_0035_Wat,378.0831073
59,Sample_S19S_0035_Wat,378.1194361
69,Sample_S19S_0035_Wat,379.0307221
28,Sample_S19S_0035_Wat,379.0670295
19,Sample_S19S_0035_Wat,379.0800689
115,Sample_S19S_0035_Wat,379.1034645
27,Sample_S19S_0035_Wat,379.1165229
93,Sample_S19S_0035_Wat,379.1398402
21,Sample_S19S_0035_Wat,379.1528588
54,Sample_S19S_0035_Wat,379.1762343
54,Sample_S19S_0035_Wat,380.0987084
61,Sample_S19S_0035_Wat,380.1350974
16,Sample_S19S_0035_Wat,381.0099072
74,Sample_S19S_0035_Wat,381.0463502
34,Sample_S19S_0035_Wat,381.0826619
8,Sample_S19S_0035_Wat,381.095685
100,Sample_S19S_0035_Wat,381.1191186
22,Sample_S19S_0035_Wat,381.1321708
81,Sample_S19S_0035_Wat,381.1555031
32,Sample_S19S_0035_Wat,381.1918695
28,Sample_S19S_0035_Wat,382.0415806
46,Sample_S19S_0035_Wat,382.0779661
56,Sample_S19S_0035_Wat,382.1143936
9,Sample_S19S_0035_Wat,382.1507159
29,Sample_S19S_0035_Wat,383.0255766
15,Sample_S19S_0035_Wat,383.040804
42,Sample_S19S_0035_Wat,383.0619616
50,Sample_S19S_0035_Wat,383.0772634
105,Sample_S19S_0035_Wat,383.0983806
38,Sample_S19S_0035_Wat,383.1136188
25,Sample_S19S_0035_Wat,383.1266887
33,Sample_S19S_0035_Wat,383.1347075
33,Sample_S19S_0035_Wat,383.1711132
29,Sample_S19S_0035_Wat,383.2075249
26,Sample_S19S_0035_Wat,384.0572385
53,Sample_S19S_0035_Wat,384.0936599
17,Sample_S19S_0035_Wat,385.0201172
28,Sample_S19S_0035_Wat,385.0412026
40,Sample_S19S_0035_Wat,385.0564963
88,Sample_S19S_0035_Wat,385.0776412
62,Sample_S19S_0035_Wat,385.0929264
34,Sample_S19S_0035_Wat,385.1139909
33,Sample_S19S_0035_Wat,385.1292595
23,Sample_S19S_0035_Wat,385.1423072
35,Sample_S19S_0035_Wat,385.1503825
47,Sample_S19S_0035_Wat,385.1656784
29,Sample_S19S_0035_Wat,385.1868285
36,Sample_S19S_0035_Wat,386.0728862
42,Sample_S19S_0035_Wat,386.1093009
33,Sample_S19S_0035_Wat,387.0205032
57,Sample_S19S_0035_Wat,387.0358113
29,Sample_S19S_0035_Wat,387.0568488
17,Sample_S19S_0035_Wat,387.0721252
23,Sample_S19S_0035_Wat,387.0851909
31,Sample_S19S_0035_Wat,387.0932457
83,Sample_S19S_0035_Wat,387.1085636
78,Sample_S19S_0035_Wat,387.1296791
18,Sample_S19S_0035_Wat,387.1579654
13,Sample_S19S_0035_Wat,387.1659841
25,Sample_S19S_0035_Wat,387.1812925
10,Sample_S19S_0035_Wat,387.19436
54,Sample_S19S_0035_Wat,388.0674506
28,Sample_S19S_0035_Wat,388.1037783
41,Sample_S19S_0035_Wat,388.1249219
32,Sample_S19S_0035_Wat,389.0150297
12,Sample_S19S_0035_Wat,389.0280824
29,Sample_S19S_0035_Wat,389.036144
56,Sample_S19S_0035_Wat,389.051417
3,Sample_S19S_0035_Wat,389.054731
18,Sample_S19S_0035_Wat,389.0644457
28,Sample_S19S_0035_Wat,389.0724972
81,Sample_S19S_0035_Wat,389.0878118
4,Sample_S19S_0035_Wat,389.0911204
25,Sample_S19S_0035_Wat,389.1008827
36,Sample_S19S_0035_Wat,389.108981
96,Sample_S19S_0035_Wat,389.1242045
21,Sample_S19S_0035_Wat,389.1372295
19,Sample_S19S_0035_Wat,389.1452618
28,Sample_S19S_0035_Wat,389.1605387
18,Sample_S19S_0035_Wat,389.1736085
40,Sample_S19S_0035_Wat,389.1969883
25,Sample_S19S_0035_Wat,390.0466839
68,Sample_S19S_0035_Wat,390.083092
26,Sample_S19S_0035_Wat,391.0307447
37,Sample_S19S_0035_Wat,391.0518108
49,Sample_S19S_0035_Wat,391.0670531
48,Sample_S19S_0035_Wat,391.1034381
51,Sample_S19S_0035_Wat,391.1398852
10,Sample_S19S_0035_Wat,391.1528412
34,Sample_S19S_0035_Wat,391.1762035
40,Sample_S19S_0035_Wat,392.06231
10,Sample_S19S_0035_Wat,392.0834684
65,Sample_S19S_0035_Wat,392.098752
15,Sample_S19S_0035_Wat,392.1198706
50,Sample_S19S_0035_Wat,392.1351125
15,Sample_S19S_0035_Wat,393.010021
48,Sample_S19S_0035_Wat,393.0463154
16,Sample_S19S_0035_Wat,393.0593644
81,Sample_S19S_0035_Wat,393.0827628
90,Sample_S19S_0035_Wat,393.1191285
22,Sample_S19S_0035_Wat,393.1321265
42,Sample_S19S_0035_Wat,393.1554711
21,Sample_S19S_0035_Wat,393.1919402
27,Sample_S19S_0035_Wat,394.0415806
34,Sample_S19S_0035_Wat,394.078026
39,Sample_S19S_0035_Wat,394.1144108
37,Sample_S19S_0035_Wat,395.0255818
60,Sample_S19S_0035_Wat,395.0619708
53,Sample_S19S_0035_Wat,395.0984243
18,Sample_S19S_0035_Wat,395.1114167
115,Sample_S19S_0035_Wat,395.1347697
48,Sample_S19S_0035_Wat,395.171191
13,Sample_S19S_0035_Wat,395.2075813
54,Sample_S19S_0035_Wat,396.0936653
29,Sample_S19S_0035_Wat,396.13006
55,Sample_S19S_0035_Wat,397.0412485
38,Sample_S19S_0035_Wat,397.0565368
34,Sample_S19S_0035_Wat,397.0775828
21,Sample_S19S_0035_Wat,397.1059758
68,Sample_S19S_0035_Wat,397.1140135
9,Sample_S19S_0035_Wat,397.1293597
83,Sample_S19S_0035_Wat,397.1504225
24,Sample_S19S_0035_Wat,397.1867602
49,Sample_S19S_0035_Wat,398.0729329
52,Sample_S19S_0035_Wat,398.1456531
34,Sample_S19S_0035_Wat,399.0205105
12,Sample_S19S_0035_Wat,399.0356696
12,Sample_S19S_0035_Wat,399.0488349
21,Sample_S19S_0035_Wat,399.0568344
36,Sample_S19S_0035_Wat,399.0721389
27,Sample_S19S_0035_Wat,399.085227
69,Sample_S19S_0035_Wat,399.0932727
22,Sample_S19S_0035_Wat,399.1086044
62,Sample_S19S_0035_Wat,399.1296635
43,Sample_S19S_0035_Wat,399.1449193
14,Sample_S19S_0035_Wat,399.1579458
4,Sample_S19S_0035_Wat,399.1659287
27,Sample_S19S_0035_Wat,399.2024375
26,Sample_S19S_0035_Wat,400.1249077
35,Sample_S19S_0035_Wat,401.0150794
11,Sample_S19S_0035_Wat,401.0281026
29,Sample_S19S_0035_Wat,401.0362034
65,Sample_S19S_0035_Wat,401.0514549
7,Sample_S19S_0035_Wat,401.0547584
20,Sample_S19S_0035_Wat,401.0644945
26,Sample_S19S_0035_Wat,401.0725084
69,Sample_S19S_0035_Wat,401.0878209
1,Sample_S19S_0035_Wat,401.0910681
54,Sample_S19S_0035_Wat,401.1089631
62,Sample_S19S_0035_Wat,401.1453284
62,Sample_S19S_0035_Wat,401.1605804
15,Sample_S19S_0035_Wat,401.1736033
16,Sample_S19S_0035_Wat,401.1816514
18,Sample_S19S_0035_Wat,401.1969344
22,Sample_S19S_0035_Wat,402.0466811
12,Sample_S19S_0035_Wat,402.0831391
3,Sample_S19S_0035_Wat,402.1042761
23,Sample_S19S_0035_Wat,402.1405573
14,Sample_S19S_0035_Wat,403.0305846
13,Sample_S19S_0035_Wat,403.0437271
18,Sample_S19S_0035_Wat,403.0517845
75,Sample_S19S_0035_Wat,403.0671122
6,Sample_S19S_0035_Wat,403.0704072
60,Sample_S19S_0035_Wat,403.0881974
69,Sample_S19S_0035_Wat,403.1034476
1,Sample_S19S_0035_Wat,403.1066431
22,Sample_S19S_0035_Wat,403.1164656
19,Sample_S19S_0035_Wat,403.1245163
86,Sample_S19S_0035_Wat,403.1398463
27,Sample_S19S_0035_Wat,403.1529106
20,Sample_S19S_0035_Wat,403.1609357
31,Sample_S19S_0035_Wat,403.1762826
60,Sample_S19S_0035_Wat,404.0623618
28,Sample_S19S_0035_Wat,404.0834492
13,Sample_S19S_0035_Wat,405.0098791
70,Sample_S19S_0035_Wat,405.0463718
32,Sample_S19S_0035_Wat,405.0674473
51,Sample_S19S_0035_Wat,405.0827082
7,Sample_S19S_0035_Wat,405.103722
33,Sample_S19S_0035_Wat,405.1190623
29,Sample_S19S_0035_Wat,405.1321292
49,Sample_S19S_0035_Wat,405.1555362
22,Sample_S19S_0035_Wat,405.1685606
38,Sample_S19S_0035_Wat,405.1918632
18,Sample_S19S_0035_Wat,406.041642
7,Sample_S19S_0035_Wat,406.0990792
65,Sample_S19S_0035_Wat,406.1143545
25,Sample_S19S_0035_Wat,407.0255705
11,Sample_S19S_0035_Wat,407.0386003
65,Sample_S19S_0035_Wat,407.0620299
18,Sample_S19S_0035_Wat,407.0750599
96,Sample_S19S_0035_Wat,407.0983755
15,Sample_S19S_0035_Wat,407.1113661
81,Sample_S19S_0035_Wat,407.1347505
20,Sample_S19S_0035_Wat,407.1477958
12,Sample_S19S_0035_Wat,407.1712237
17,Sample_S19S_0035_Wat,407.2075913
64,Sample_S19S_0035_Wat,408.0936661
71,Sample_S19S_0035_Wat,408.1300077
30,Sample_S19S_0035_Wat,409.0412228
31,Sample_S19S_0035_Wat,409.07757
10,Sample_S19S_0035_Wat,409.0905208
91,Sample_S19S_0035_Wat,409.1140221
16,Sample_S19S_0035_Wat,409.1270356
90,Sample_S19S_0035_Wat,409.1504235
18,Sample_S19S_0035_Wat,409.1867344
20,Sample_S19S_0035_Wat,410.0365413
53,Sample_S19S_0035_Wat,410.0729191
15,Sample_S19S_0035_Wat,410.1092388
47,Sample_S19S_0035_Wat,410.1456867
32,Sample_S19S_0035_Wat,411.0205049
12,Sample_S19S_0035_Wat,411.0357156
23,Sample_S19S_0035_Wat,411.0568579
17,Sample_S19S_0035_Wat,411.0721337
78,Sample_S19S_0035_Wat,411.0933142
82,Sample_S19S_0035_Wat,411.1296933
15,Sample_S19S_0035_Wat,411.1448873
27,Sample_S19S_0035_Wat,411.1579879
47,Sample_S19S_0035_Wat,411.1660419
35,Sample_S19S_0035_Wat,412.0885256
49,Sample_S19S_0035_Wat,412.1249118
29,Sample_S19S_0035_Wat,413.0361429
8,Sample_S19S_0035_Wat,413.0513424
14,Sample_S19S_0035_Wat,413.06446
11,Sample_S19S_0035_Wat,413.072442
39,Sample_S19S_0035_Wat,413.087795
30,Sample_S19S_0035_Wat,413.1008794
81,Sample_S19S_0035_Wat,413.1089345
62,Sample_S19S_0035_Wat,413.12421
19,Sample_S19S_0035_Wat,413.1372735
25,Sample_S19S_0035_Wat,413.1452768
6,Sample_S19S_0035_Wat,413.1605228
18,Sample_S19S_0035_Wat,413.1736056
12,Sample_S19S_0035_Wat,413.1816156
17,Sample_S19S_0035_Wat,414.0831299
27,Sample_S19S_0035_Wat,415.0306688
25,Sample_S19S_0035_Wat,415.0518724
8,Sample_S19S_0035_Wat,415.0671726
8,Sample_S19S_0035_Wat,415.0704085
12,Sample_S19S_0035_Wat,415.080159
62,Sample_S19S_0035_Wat,415.0881916
65,Sample_S19S_0035_Wat,415.1034568
23,Sample_S19S_0035_Wat,415.1164835
35,Sample_S19S_0035_Wat,415.1245406
18,Sample_S19S_0035_Wat,415.1529316
52,Sample_S19S_0035_Wat,415.1609859
12,Sample_S19S_0035_Wat,415.1763155
25,Sample_S19S_0035_Wat,415.1973464
32,Sample_S19S_0035_Wat,417.009975
42,Sample_S19S_0035_Wat,417.0463346
14,Sample_S19S_0035_Wat,417.0593749
23,Sample_S19S_0035_Wat,417.0674105
29,Sample_S19S_0035_Wat,417.0826722
1,Sample_S19S_0035_Wat,417.085967
18,Sample_S19S_0035_Wat,417.0957124
22,Sample_S19S_0035_Wat,417.1037889
87,Sample_S19S_0035_Wat,417.1191101
1,Sample_S19S_0035_Wat,417.1223013
33,Sample_S19S_0035_Wat,417.1321667
37,Sample_S19S_0035_Wat,417.1402188
74,Sample_S19S_0035_Wat,417.1555165
32,Sample_S19S_0035_Wat,417.1685514
13,Sample_S19S_0035_Wat,417.1765666
47,Sample_S19S_0035_Wat,418.0779721
15,Sample_S19S_0035_Wat,418.1144292
34,Sample_S19S_0035_Wat,419.0256123
9,Sample_S19S_0035_Wat,419.0386764
20,Sample_S19S_0035_Wat,419.0466741
40,Sample_S19S_0035_Wat,419.0619721
11,Sample_S19S_0035_Wat,419.0829959
19,Sample_S19S_0035_Wat,419.0982983
1,Sample_S19S_0035_Wat,419.1015327
8,Sample_S19S_0035_Wat,419.1113471
11,Sample_S19S_0035_Wat,419.1194106
92,Sample_S19S_0035_Wat,419.1347745
22,Sample_S19S_0035_Wat,419.1478319
43,Sample_S19S_0035_Wat,419.1711927
20,Sample_S19S_0035_Wat,419.1842051
37,Sample_S19S_0035_Wat,419.207525
42,Sample_S19S_0035_Wat,420.0572817
52,Sample_S19S_0035_Wat,421.0412704
11,Sample_S19S_0035_Wat,421.0543002
24,Sample_S19S_0035_Wat,421.0777047
21,Sample_S19S_0035_Wat,421.0906648
102,Sample_S19S_0035_Wat,421.1140346
15,Sample_S19S_0035_Wat,421.1270174
86,Sample_S19S_0035_Wat,421.1504292
1,Sample_S19S_0035_Wat,421.1552081
19,Sample_S19S_0035_Wat,421.1634511
21,Sample_S19S_0035_Wat,421.1868654
3,Sample_S19S_0035_Wat,421.2232692
6,Sample_S19S_0035_Wat,422.0364426
43,Sample_S19S_0035_Wat,422.0728802
26,Sample_S19S_0035_Wat,422.1093338
24,Sample_S19S_0035_Wat,423.0205894
57,Sample_S19S_0035_Wat,423.0569089
29,Sample_S19S_0035_Wat,423.093231
4,Sample_S19S_0035_Wat,423.1061645
106,Sample_S19S_0035_Wat,423.1296813
33,Sample_S19S_0035_Wat,423.1661225
41,Sample_S19S_0035_Wat,423.2024382
18,Sample_S19S_0035_Wat,424.0522173
1,Sample_S19S_0035_Wat,424.0886497
49,Sample_S19S_0035_Wat,425.0361852
15,Sample_S19S_0035_Wat,425.0644881
20,Sample_S19S_0035_Wat,425.0724714
16,Sample_S19S_0035_Wat,425.1008972
52,Sample_S19S_0035_Wat,425.1089252
4,Sample_S19S_0035_Wat,425.1242739
20,Sample_S19S_0035_Wat,425.1453873
43,Sample_S19S_0035_Wat,425.1816982
1,Sample_S19S_0035_Wat,425.2178813
50,Sample_S19S_0035_Wat,426.1405881
20,Sample_S19S_0035_Wat,427.0154789
25,Sample_S19S_0035_Wat,427.0518808
13,Sample_S19S_0035_Wat,427.0669702
13,Sample_S19S_0035_Wat,427.0801714
45,Sample_S19S_0035_Wat,427.088175
42,Sample_S19S_0035_Wat,427.1035014
22,Sample_S19S_0035_Wat,427.1165345
75,Sample_S19S_0035_Wat,427.1245871
8,Sample_S19S_0035_Wat,427.1399769
6,Sample_S19S_0035_Wat,427.1610597
4,Sample_S19S_0035_Wat,427.1763557
30,Sample_S19S_0035_Wat,427.1973395
9,Sample_S19S_0035_Wat,428.0622933
26,Sample_S19S_0035_Wat,428.1562791
13,Sample_S19S_0035_Wat,429.0099567
32,Sample_S19S_0035_Wat,429.0310878
29,Sample_S19S_0035_Wat,429.0463286
49,Sample_S19S_0035_Wat,429.067488
3,Sample_S19S_0035_Wat,429.0829209
7,Sample_S19S_0035_Wat,429.0861392
10,Sample_S19S_0035_Wat,429.1039457
9,Sample_S19S_0035_Wat,429.1192381
63,Sample_S19S_0035_Wat,429.1402424
29,Sample_S19S_0035_Wat,429.1555582
24,Sample_S19S_0035_Wat,429.1685491
22,Sample_S19S_0035_Wat,429.1765924
40,Sample_S19S_0035_Wat,429.1919036
21,Sample_S19S_0035_Wat,430.0416122
9,Sample_S19S_0035_Wat,430.0780537
29,Sample_S19S_0035_Wat,430.0991542
42,Sample_S19S_0035_Wat,430.1354817
23,Sample_S19S_0035_Wat,431.0256563
14,Sample_S19S_0035_Wat,431.04681
68,Sample_S19S_0035_Wat,431.0620177
3,Sample_S19S_0035_Wat,431.0653523
47,Sample_S19S_0035_Wat,431.083125
76,Sample_S19S_0035_Wat,431.098388
1,Sample_S19S_0035_Wat,431.1016424
22,Sample_S19S_0035_Wat,431.1113826
30,Sample_S19S_0035_Wat,431.1194411
29,Sample_S19S_0035_Wat,431.1347291
23,Sample_S19S_0035_Wat,431.1477957
24,Sample_S19S_0035_Wat,431.1558407
35,Sample_S19S_0035_Wat,431.1711879
14,Sample_S19S_0035_Wat,431.2076023
6,Sample_S19S_0035_Wat,432.0573233
22,Sample_S19S_0035_Wat,432.078404
65,Sample_S19S_0035_Wat,432.093661
50,Sample_S19S_0035_Wat,433.0412948
6,Sample_S19S_0035_Wat,433.0543356
27,Sample_S19S_0035_Wat,433.0624271
77,Sample_S19S_0035_Wat,433.077665
18,Sample_S19S_0035_Wat,433.0906617
16,Sample_S19S_0035_Wat,433.0986887
28,Sample_S19S_0035_Wat,433.1139658
8,Sample_S19S_0035_Wat,433.1269982
4,Sample_S19S_0035_Wat,433.13501
31,Sample_S19S_0035_Wat,433.1503758
24,Sample_S19S_0035_Wat,433.1634586
39,Sample_S19S_0035_Wat,433.1868494
27,Sample_S19S_0035_Wat,433.223189
9,Sample_S19S_0035_Wat,434.072975
15,Sample_S19S_0035_Wat,434.1093421
19,Sample_S19S_0035_Wat,435.0204588
50,Sample_S19S_0035_Wat,435.0569041
19,Sample_S19S_0035_Wat,435.0698968
78,Sample_S19S_0035_Wat,435.093324
16,Sample_S19S_0035_Wat,435.1062764
34,Sample_S19S_0035_Wat,435.1296329
7,Sample_S19S_0035_Wat,435.1426364
28,Sample_S19S_0035_Wat,435.1659973
11,Sample_S19S_0035_Wat,435.1790631
50,Sample_S19S_0035_Wat,435.2024665
17,Sample_S19S_0035_Wat,436.0521427
19,Sample_S19S_0035_Wat,436.0886111
4,Sample_S19S_0035_Wat,436.1250197
40,Sample_S19S_0035_Wat,437.0361523
30,Sample_S19S_0035_Wat,437.072483
8,Sample_S19S_0035_Wat,437.1009114
29,Sample_S19S_0035_Wat,437.1088959
4,Sample_S19S_0035_Wat,437.1219003
61,Sample_S19S_0035_Wat,437.1453651
51,Sample_S19S_0035_Wat,437.1817485
9,Sample_S19S_0035_Wat,437.2180272
63,Sample_S19S_0035_Wat,438.1405683
15,Sample_S19S_0035_Wat,439.0153758
21,Sample_S19S_0035_Wat,439.051737
14,Sample_S19S_0035_Wat,439.0670176
72,Sample_S19S_0035_Wat,439.0882098
30,Sample_S19S_0035_Wat,439.1034575
81,Sample_S19S_0035_Wat,439.1246064
17,Sample_S19S_0035_Wat,439.1529344
34,Sample_S19S_0035_Wat,439.1609425
17,Sample_S19S_0035_Wat,439.1892886
20,Sample_S19S_0035_Wat,439.1973056
37,Sample_S19S_0035_Wat,440.0834468
27,Sample_S19S_0035_Wat,440.1198163
1,Sample_S19S_0035_Wat,440.947037
19,Sample_S19S_0035_Wat,441.0310268
11,Sample_S19S_0035_Wat,441.0462365
36,Sample_S19S_0035_Wat,441.0674409
40,Sample_S19S_0035_Wat,441.0827166
37,Sample_S19S_0035_Wat,441.1039049
17,Sample_S19S_0035_Wat,441.1191742
54,Sample_S19S_0035_Wat,441.1402285
15,Sample_S19S_0035_Wat,441.1554489
18,Sample_S19S_0035_Wat,441.168514
26,Sample_S19S_0035_Wat,441.1765589
11,Sample_S19S_0035_Wat,441.2129575
13,Sample_S19S_0035_Wat,442.0990637
20,Sample_S19S_0035_Wat,442.135461
24,Sample_S19S_0035_Wat,443.0466588
16,Sample_S19S_0035_Wat,443.061884
16,Sample_S19S_0035_Wat,443.0749837
38,Sample_S19S_0035_Wat,443.0830557
38,Sample_S19S_0035_Wat,443.0984287
21,Sample_S19S_0035_Wat,443.1114516
63,Sample_S19S_0035_Wat,443.119518
6,Sample_S19S_0035_Wat,443.1348538
4,Sample_S19S_0035_Wat,443.1380667
22,Sample_S19S_0035_Wat,443.1478565
53,Sample_S19S_0035_Wat,443.1558944
27,Sample_S19S_0035_Wat,443.1711201
19,Sample_S19S_0035_Wat,443.1841796
18,Sample_S19S_0035_Wat,443.1922057
6,Sample_S19S_0035_Wat,443.2074098
14,Sample_S19S_0035_Wat,445.0048403
24,Sample_S19S_0035_Wat,445.0260024
45,Sample_S19S_0035_Wat,445.0412697
11,Sample_S19S_0035_Wat,445.054308
43,Sample_S19S_0035_Wat,445.0623769
36,Sample_S19S_0035_Wat,445.0776178
14,Sample_S19S_0035_Wat,445.0986624
4,Sample_S19S_0035_Wat,445.1083593
19,Sample_S19S_0035_Wat,445.1139537
1,Sample_S19S_0035_Wat,445.1171907
20,Sample_S19S_0035_Wat,445.127011
13,Sample_S19S_0035_Wat,445.1350548
37,Sample_S19S_0035_Wat,445.1503907
31,Sample_S19S_0035_Wat,445.1634705
43,Sample_S19S_0035_Wat,445.1715289
41,Sample_S19S_0035_Wat,445.1868428
28,Sample_S19S_0035_Wat,445.223207
14,Sample_S19S_0035_Wat,446.0728598
2,Sample_S19S_0035_Wat,446.0939418
45,Sample_S19S_0035_Wat,446.1092739
18,Sample_S19S_0035_Wat,447.0204695
5,Sample_S19S_0035_Wat,447.0415023
8,Sample_S19S_0035_Wat,447.056785
6,Sample_S19S_0035_Wat,447.0698296
8,Sample_S19S_0035_Wat,447.0779114
19,Sample_S19S_0035_Wat,447.09323
20,Sample_S19S_0035_Wat,447.114388
80,Sample_S19S_0035_Wat,447.1297048
30,Sample_S19S_0035_Wat,447.1427418
79,Sample_S19S_0035_Wat,447.1660641
19,Sample_S19S_0035_Wat,447.179104
16,Sample_S19S_0035_Wat,447.2023724
7,Sample_S19S_0035_Wat,448.0520882
60,Sample_S19S_0035_Wat,448.088573
18,Sample_S19S_0035_Wat,449.0360637
26,Sample_S19S_0035_Wat,449.0724952
21,Sample_S19S_0035_Wat,449.0855556
96,Sample_S19S_0035_Wat,449.1089599
18,Sample_S19S_0035_Wat,449.1219859
85,Sample_S19S_0035_Wat,449.1453221
24,Sample_S19S_0035_Wat,449.1583358
28,Sample_S19S_0035_Wat,449.1816462
3,Sample_S19S_0035_Wat,449.1946593
12,Sample_S19S_0035_Wat,449.2180299
17,Sample_S19S_0035_Wat,451.0153576
18,Sample_S19S_0035_Wat,451.0517204
36,Sample_S19S_0035_Wat,451.0881744
64,Sample_S19S_0035_Wat,451.124616
16,Sample_S19S_0035_Wat,451.1376081
1,Sample_S19S_0035_Wat,451.1530256
35,Sample_S19S_0035_Wat,451.1609528
8,Sample_S19S_0035_Wat,451.1739524
7,Sample_S19S_0035_Wat,451.189303
8,Sample_S19S_0035_Wat,451.1972791
12,Sample_S19S_0035_Wat,451.2336787
12,Sample_S19S_0035_Wat,452.1199139
29,Sample_S19S_0035_Wat,453.0310814
11,Sample_S19S_0035_Wat,453.0462824
28,Sample_S19S_0035_Wat,453.0673983
11,Sample_S19S_0035_Wat,453.0957146
17,Sample_S19S_0035_Wat,453.1037558
16,Sample_S19S_0035_Wat,453.1321972
44,Sample_S19S_0035_Wat,453.140211
2,Sample_S19S_0035_Wat,453.1686448
61,Sample_S19S_0035_Wat,453.1766436
11,Sample_S19S_0035_Wat,453.2049759
29,Sample_S19S_0035_Wat,454.0627542
19,Sample_S19S_0035_Wat,455.010336
15,Sample_S19S_0035_Wat,455.025566
44,Sample_S19S_0035_Wat,455.0467468
47,Sample_S19S_0035_Wat,455.0620251
14,Sample_S19S_0035_Wat,455.0750667
51,Sample_S19S_0035_Wat,455.0831528
45,Sample_S19S_0035_Wat,455.0984121
18,Sample_S19S_0035_Wat,455.111472
38,Sample_S19S_0035_Wat,455.1194736
12,Sample_S19S_0035_Wat,455.1346803
22,Sample_S19S_0035_Wat,455.14777
14,Sample_S19S_0035_Wat,455.1558023
1,Sample_S19S_0035_Wat,455.1709581
14,Sample_S19S_0035_Wat,455.1841535
11,Sample_S19S_0035_Wat,455.1921775
9,Sample_S19S_0035_Wat,457.0049305
11,Sample_S19S_0035_Wat,457.0260917
36,Sample_S19S_0035_Wat,457.0412916
41,Sample_S19S_0035_Wat,457.0624071
17,Sample_S19S_0035_Wat,457.0776174
15,Sample_S19S_0035_Wat,457.0906483
21,Sample_S19S_0035_Wat,457.0986905
26,Sample_S19S_0035_Wat,457.1139922
13,Sample_S19S_0035_Wat,457.1270095
19,Sample_S19S_0035_Wat,457.1350642
3,Sample_S19S_0035_Wat,457.1447412
21,Sample_S19S_0035_Wat,457.150377
19,Sample_S19S_0035_Wat,457.1634444
27,Sample_S19S_0035_Wat,457.1715231
51,Sample_S19S_0035_Wat,457.1868094
10,Sample_S19S_0035_Wat,457.1998933
28,Sample_S19S_0035_Wat,457.2079257
36,Sample_S19S_0035_Wat,458.0729028
33,Sample_S19S_0035_Wat,458.1093241
24,Sample_S19S_0035_Wat,459.0205561
26,Sample_S19S_0035_Wat,459.0416602
26,Sample_S19S_0035_Wat,459.0568713
13,Sample_S19S_0035_Wat,459.069913
27,Sample_S19S_0035_Wat,459.0779746
21,Sample_S19S_0035_Wat,459.0932353
22,Sample_S19S_0035_Wat,459.1062882
29,Sample_S19S_0035_Wat,459.1143457
60,Sample_S19S_0035_Wat,459.1296693
31,Sample_S19S_0035_Wat,459.142719
37,Sample_S19S_0035_Wat,459.1508169
43,Sample_S19S_0035_Wat,459.1661042
32,Sample_S19S_0035_Wat,459.1872169
21,Sample_S19S_0035_Wat,459.2025048
12,Sample_S19S_0035_Wat,459.2387931
48,Sample_S19S_0035_Wat,460.0885829
40,Sample_S19S_0035_Wat,460.1249704
36,Sample_S19S_0035_Wat,461.036196
8,Sample_S19S_0035_Wat,461.0492316
30,Sample_S19S_0035_Wat,461.0572822
29,Sample_S19S_0035_Wat,461.0725007
14,Sample_S19S_0035_Wat,461.0855391
9,Sample_S19S_0035_Wat,461.0935699
12,Sample_S19S_0035_Wat,461.1088271
5,Sample_S19S_0035_Wat,461.1218899
12,Sample_S19S_0035_Wat,461.1299458
24,Sample_S19S_0035_Wat,461.1452647
23,Sample_S19S_0035_Wat,461.1583343
39,Sample_S19S_0035_Wat,461.1817537
9,Sample_S19S_0035_Wat,461.1948089
25,Sample_S19S_0035_Wat,461.218132
26,Sample_S19S_0035_Wat,462.067799
16,Sample_S19S_0035_Wat,462.1042629
13,Sample_S19S_0035_Wat,463.015396
48,Sample_S19S_0035_Wat,463.0518315
4,Sample_S19S_0035_Wat,463.064914
19,Sample_S19S_0035_Wat,463.0729496
48,Sample_S19S_0035_Wat,463.0881954
4,Sample_S19S_0035_Wat,463.1189274
17,Sample_S19S_0035_Wat,463.124491
4,Sample_S19S_0035_Wat,463.1375144
9,Sample_S19S_0035_Wat,463.1608564
8,Sample_S19S_0035_Wat,463.1739081
18,Sample_S19S_0035_Wat,463.1972938
29,Sample_S19S_0035_Wat,463.2337601
22,Sample_S19S_0035_Wat,464.1198095
20,Sample_S19S_0035_Wat,465.0310055
16,Sample_S19S_0035_Wat,465.06738
2,Sample_S19S_0035_Wat,465.0804256
34,Sample_S19S_0035_Wat,465.1038259
19,Sample_S19S_0035_Wat,465.1168704
25,Sample_S19S_0035_Wat,465.1532935
64,Sample_S19S_0035_Wat,465.1766182
16,Sample_S19S_0035_Wat,465.2129596
47,Sample_S19S_0035_Wat,466.1355201
1,Sample_S19S_0035_Wat,466.1435867
45,Sample_S19S_0035_Wat,467.0467531
19,Sample_S19S_0035_Wat,467.0620397
4,Sample_S19S_0035_Wat,467.0751037
54,Sample_S19S_0035_Wat,467.0831629
54,Sample_S19S_0035_Wat,467.1195422
6,Sample_S19S_0035_Wat,467.1348605
24,Sample_S19S_0035_Wat,467.1478261
37,Sample_S19S_0035_Wat,467.1558326
20,Sample_S19S_0035_Wat,467.184209
9,Sample_S19S_0035_Wat,467.1921933
20,Sample_S19S_0035_Wat,467.2286363
24,Sample_S19S_0035_Wat,468.1147294
15,Sample_S19S_0035_Wat,469.0260039
28,Sample_S19S_0035_Wat,469.0412947
39,Sample_S19S_0035_Wat,469.062394
13,Sample_S19S_0035_Wat,469.0776006
14,Sample_S19S_0035_Wat,469.0906533
30,Sample_S19S_0035_Wat,469.0986993
12,Sample_S19S_0035_Wat,469.1139603
22,Sample_S19S_0035_Wat,469.1270251
16,Sample_S19S_0035_Wat,469.1350525
8,Sample_S19S_0035_Wat,469.1503074
12,Sample_S19S_0035_Wat,469.1633964
21,Sample_S19S_0035_Wat,469.2078959
20,Sample_S19S_0035_Wat,471.0205509
22,Sample_S19S_0035_Wat,471.0416901
36,Sample_S19S_0035_Wat,471.0569384
11,Sample_S19S_0035_Wat,471.069939
38,Sample_S19S_0035_Wat,471.0780166
21,Sample_S19S_0035_Wat,471.093255
19,Sample_S19S_0035_Wat,471.106291
9,Sample_S19S_0035_Wat,471.1295835
10,Sample_S19S_0035_Wat,471.1426129
13,Sample_S19S_0035_Wat,471.1506882
11,Sample_S19S_0035_Wat,471.16598
20,Sample_S19S_0035_Wat,471.1790652
21,Sample_S19S_0035_Wat,471.1871307
16,Sample_S19S_0035_Wat,471.2024048
14,Sample_S19S_0035_Wat,471.2155389
21,Sample_S19S_0035_Wat,473.0361823
11,Sample_S19S_0035_Wat,473.0491772
12,Sample_S19S_0035_Wat,473.0573502
40,Sample_S19S_0035_Wat,473.0726032
39,Sample_S19S_0035_Wat,473.0937108
66,Sample_S19S_0035_Wat,473.1089772
26,Sample_S19S_0035_Wat,473.121993
23,Sample_S19S_0035_Wat,473.1300234
4,Sample_S19S_0035_Wat,473.139667
24,Sample_S19S_0035_Wat,473.1452829
12,Sample_S19S_0035_Wat,473.1582831
13,Sample_S19S_0035_Wat,473.1663521
1,Sample_S19S_0035_Wat,473.1760299
25,Sample_S19S_0035_Wat,473.1816622
10,Sample_S19S_0035_Wat,473.1946924
29,Sample_S19S_0035_Wat,473.2180738
27,Sample_S19S_0035_Wat,474.067818
12,Sample_S19S_0035_Wat,474.0889636
4,Sample_S19S_0035_Wat,475.0152769
16,Sample_S19S_0035_Wat,475.0517049
12,Sample_S19S_0035_Wat,475.0648516
24,Sample_S19S_0035_Wat,475.0728791
31,Sample_S19S_0035_Wat,475.0881586
18,Sample_S19S_0035_Wat,475.1012806
19,Sample_S19S_0035_Wat,475.1092833
69,Sample_S19S_0035_Wat,475.1245966
26,Sample_S19S_0035_Wat,475.1376596
18,Sample_S19S_0035_Wat,475.1456774
69,Sample_S19S_0035_Wat,475.1609843
22,Sample_S19S_0035_Wat,475.1739813
1,Sample_S19S_0035_Wat,475.1916559
15,Sample_S19S_0035_Wat,475.1973043
34,Sample_S19S_0035_Wat,477.0311319
53,Sample_S19S_0035_Wat,477.0674882
5,Sample_S19S_0035_Wat,477.0805777
10,Sample_S19S_0035_Wat,477.0885024
1,Sample_S19S_0035_Wat,477.0981716
21,Sample_S19S_0035_Wat,477.1037802
19,Sample_S19S_0035_Wat,477.1168599
7,Sample_S19S_0035_Wat,477.1401075
8,Sample_S19S_0035_Wat,477.1531747
19,Sample_S19S_0035_Wat,477.1765167
37,Sample_S19S_0035_Wat,477.2130039
9,Sample_S19S_0035_Wat,477.2493418
8,Sample_S19S_0035_Wat,479.0466033
18,Sample_S19S_0035_Wat,479.0830028
14,Sample_S19S_0035_Wat,479.0961506
40,Sample_S19S_0035_Wat,479.1194663
18,Sample_S19S_0035_Wat,479.1325629
67,Sample_S19S_0035_Wat,479.1559168
10,Sample_S19S_0035_Wat,479.1689644
1,Sample_S19S_0035_Wat,479.1843315
51,Sample_S19S_0035_Wat,479.1923063
16,Sample_S19S_0035_Wat,479.2286027
10,Sample_S19S_0035_Wat,480.151082
11,Sample_S19S_0035_Wat,481.025885
3,Sample_S19S_0035_Wat,481.0410867
24,Sample_S19S_0035_Wat,481.0623379
16,Sample_S19S_0035_Wat,481.0906559
53,Sample_S19S_0035_Wat,481.0987747
14,Sample_S19S_0035_Wat,481.113988
72,Sample_S19S_0035_Wat,481.1351677
7,Sample_S19S_0035_Wat,481.15032
18,Sample_S19S_0035_Wat,481.1634867
47,Sample_S19S_0035_Wat,481.1715313
16,Sample_S19S_0035_Wat,481.199847
15,Sample_S19S_0035_Wat,481.2078283
3,Sample_S19S_0035_Wat,482.1302914
3,Sample_S19S_0035_Wat,483.0203756
21,Sample_S19S_0035_Wat,483.0415833
16,Sample_S19S_0035_Wat,483.0568081
31,Sample_S19S_0035_Wat,483.0780208
29,Sample_S19S_0035_Wat,483.0933003
7,Sample_S19S_0035_Wat,483.1064043
49,Sample_S19S_0035_Wat,483.1144642
24,Sample_S19S_0035_Wat,483.1297323
34,Sample_S19S_0035_Wat,483.1508531
15,Sample_S19S_0035_Wat,483.1791639
28,Sample_S19S_0035_Wat,483.1871699
11,Sample_S19S_0035_Wat,483.2154832
11,Sample_S19S_0035_Wat,484.1459881
15,Sample_S19S_0035_Wat,485.0208342
2,Sample_S19S_0035_Wat,485.0360155
3,Sample_S19S_0035_Wat,485.0492877
13,Sample_S19S_0035_Wat,485.057196
17,Sample_S19S_0035_Wat,485.0724465
13,Sample_S19S_0035_Wat,485.0855526
36,Sample_S19S_0035_Wat,485.0936172
45,Sample_S19S_0035_Wat,485.1089501
16,Sample_S19S_0035_Wat,485.1220307
46,Sample_S19S_0035_Wat,485.1300644
26,Sample_S19S_0035_Wat,485.1453846
18,Sample_S19S_0035_Wat,485.1584131
36,Sample_S19S_0035_Wat,485.1664901
42,Sample_S19S_0035_Wat,485.181737
13,Sample_S19S_0035_Wat,485.1948096
18,Sample_S19S_0035_Wat,487.0365498
19,Sample_S19S_0035_Wat,487.051792
9,Sample_S19S_0035_Wat,487.0648683
26,Sample_S19S_0035_Wat,487.072871
15,Sample_S19S_0035_Wat,487.088118
16,Sample_S19S_0035_Wat,487.1011949
11,Sample_S19S_0035_Wat,487.1092152
15,Sample_S19S_0035_Wat,487.1244947
19,Sample_S19S_0035_Wat,487.1375846
12,Sample_S19S_0035_Wat,487.1456408
55,Sample_S19S_0035_Wat,487.1609704
18,Sample_S19S_0035_Wat,487.1740711
30,Sample_S19S_0035_Wat,487.18211
30,Sample_S19S_0035_Wat,487.1974177
17,Sample_S19S_0035_Wat,487.2337958
27,Sample_S19S_0035_Wat,488.0834359
13,Sample_S19S_0035_Wat,489.0310445
16,Sample_S19S_0035_Wat,489.0522438
52,Sample_S19S_0035_Wat,489.067487
24,Sample_S19S_0035_Wat,489.0886429
3,Sample_S19S_0035_Wat,489.0982045
32,Sample_S19S_0035_Wat,489.1039118
37,Sample_S19S_0035_Wat,489.1249814
32,Sample_S19S_0035_Wat,489.1402055
18,Sample_S19S_0035_Wat,489.1532671
1,Sample_S19S_0035_Wat,489.1708695
11,Sample_S19S_0035_Wat,489.1765226
4,Sample_S19S_0035_Wat,489.1895365
10,Sample_S19S_0035_Wat,489.2128864
7,Sample_S19S_0035_Wat,489.2492677
15,Sample_S19S_0035_Wat,490.0990621
4,Sample_S19S_0035_Wat,490.1201406
15,Sample_S19S_0035_Wat,491.0103745
18,Sample_S19S_0035_Wat,491.0466906
11,Sample_S19S_0035_Wat,491.0597843
15,Sample_S19S_0035_Wat,491.0677984
20,Sample_S19S_0035_Wat,491.0830123
13,Sample_S19S_0035_Wat,491.0961728
4,Sample_S19S_0035_Wat,491.1041079
10,Sample_S19S_0035_Wat,491.1193786
18,Sample_S19S_0035_Wat,491.1325378
29,Sample_S19S_0035_Wat,491.1558203
20,Sample_S19S_0035_Wat,491.1689084
52,Sample_S19S_0035_Wat,491.1922945
7,Sample_S19S_0035_Wat,491.2287423
1,Sample_S19S_0035_Wat,492.0418079
38,Sample_S19S_0035_Wat,492.1147512
13,Sample_S19S_0035_Wat,493.0259042
16,Sample_S19S_0035_Wat,493.0622921
26,Sample_S19S_0035_Wat,493.098712
71,Sample_S19S_0035_Wat,493.1351653
1,Sample_S19S_0035_Wat,493.1636569
50,Sample_S19S_0035_Wat,493.1715856
21,Sample_S19S_0035_Wat,495.0415683
12,Sample_S19S_0035_Wat,495.0568418
41,Sample_S19S_0035_Wat,495.0780179
11,Sample_S19S_0035_Wat,495.0932012
45,Sample_S19S_0035_Wat,495.1144449
1,Sample_S19S_0035_Wat,495.1295126
9,Sample_S19S_0035_Wat,495.1427989
62,Sample_S19S_0035_Wat,495.1507984
18,Sample_S19S_0035_Wat,495.1791573
2,Sample_S19S_0035_Wat,496.1905351
11,Sample_S19S_0035_Wat,497.036113
24,Sample_S19S_0035_Wat,497.0572968
33,Sample_S19S_0035_Wat,497.0725711
17,Sample_S19S_0035_Wat,497.0937782
36,Sample_S19S_0035_Wat,497.1089508
17,Sample_S19S_0035_Wat,497.1301476
1,Sample_S19S_0035_Wat,497.1396908
22,Sample_S19S_0035_Wat,497.1947705
27,Sample_S19S_0035_Wat,498.0889479
12,Sample_S19S_0035_Wat,498.1253978
33,Sample_S19S_0035_Wat,498.1617513
4,Sample_S19S_0035_Wat,498.1698072
3,Sample_S19S_0035_Wat,499.0152537
11,Sample_S19S_0035_Wat,499.036451
8,Sample_S19S_0035_Wat,499.0516924
3,Sample_S19S_0035_Wat,499.0647876
28,Sample_S19S_0035_Wat,499.0728848
12,Sample_S19S_0035_Wat,499.1012958
38,Sample_S19S_0035_Wat,499.1093112
49,Sample_S19S_0035_Wat,499.1246232
14,Sample_S19S_0035_Wat,499.1377212
48,Sample_S19S_0035_Wat,499.1457371
5,Sample_S19S_0035_Wat,499.1553132
15,Sample_S19S_0035_Wat,499.1610424
18,Sample_S19S_0035_Wat,499.1740741
33,Sample_S19S_0035_Wat,499.1973555
19,Sample_S19S_0035_Wat,499.2104255
17,Sample_S19S_0035_Wat,499.2184243
1,Sample_S19S_0035_Wat,500.1853965
15,Sample_S19S_0035_Wat,501.0310269
13,Sample_S19S_0035_Wat,501.0521674
24,Sample_S19S_0035_Wat,501.0673678
16,Sample_S19S_0035_Wat,501.080502
18,Sample_S19S_0035_Wat,501.0885018
13,Sample_S19S_0035_Wat,501.1037301
15,Sample_S19S_0035_Wat,501.116864
8,Sample_S19S_0035_Wat,501.1248479
24,Sample_S19S_0035_Wat,501.1401768
32,Sample_S19S_0035_Wat,501.1532967
18,Sample_S19S_0035_Wat,501.1612956
48,Sample_S19S_0035_Wat,501.1766253
25,Sample_S19S_0035_Wat,501.1896846
27,Sample_S19S_0035_Wat,501.2130646
11,Sample_S19S_0035_Wat,503.01033
6,Sample_S19S_0035_Wat,503.0315769
16,Sample_S19S_0035_Wat,503.0468089
7,Sample_S19S_0035_Wat,503.0679918
5,Sample_S19S_0035_Wat,503.0832459
21,Sample_S19S_0035_Wat,503.1042984
59,Sample_S19S_0035_Wat,503.1195309
6,Sample_S19S_0035_Wat,503.1326318
17,Sample_S19S_0035_Wat,503.1405906
2,Sample_S19S_0035_Wat,503.1502092
25,Sample_S19S_0035_Wat,503.1558462
14,Sample_S19S_0035_Wat,503.1921795
13,Sample_S19S_0035_Wat,503.2285615
12,Sample_S19S_0035_Wat,505.0259469
7,Sample_S19S_0035_Wat,505.047093
14,Sample_S19S_0035_Wat,505.0622503
9,Sample_S19S_0035_Wat,505.0754693
9,Sample_S19S_0035_Wat,505.0833896
21,Sample_S19S_0035_Wat,505.098662
11,Sample_S19S_0035_Wat,505.1118569
19,Sample_S19S_0035_Wat,505.1350781
5,Sample_S19S_0035_Wat,505.1482794
68,Sample_S19S_0035_Wat,505.1715425
13,Sample_S19S_0035_Wat,505.1846129
31,Sample_S19S_0035_Wat,505.2079802
26,Sample_S19S_0035_Wat,505.2443315
17,Sample_S19S_0035_Wat,506.0576414
6,Sample_S19S_0035_Wat,506.1303153
16,Sample_S19S_0035_Wat,507.0415912
33,Sample_S19S_0035_Wat,507.0780238
50,Sample_S19S_0035_Wat,507.1144464
61,Sample_S19S_0035_Wat,507.1508255
4,Sample_S19S_0035_Wat,507.179192
5,Sample_S19S_0035_Wat,507.2598181
5,Sample_S19S_0035_Wat,508.0369662
9,Sample_S19S_0035_Wat,509.0209945
23,Sample_S19S_0035_Wat,509.0573918
14,Sample_S19S_0035_Wat,509.0726169
41,Sample_S19S_0035_Wat,509.0937287
11,Sample_S19S_0035_Wat,509.1088534
9,Sample_S19S_0035_Wat,509.1219812
42,Sample_S19S_0035_Wat,509.1300451
12,Sample_S19S_0035_Wat,509.1583575
12,Sample_S19S_0035_Wat,509.1947371
7,Sample_S19S_0035_Wat,509.2311267
6,Sample_S19S_0035_Wat,509.2391011
14,Sample_S19S_0035_Wat,510.0888729
12,Sample_S19S_0035_Wat,511.0366348
16,Sample_S19S_0035_Wat,511.0518749
40,Sample_S19S_0035_Wat,511.0729714
15,Sample_S19S_0035_Wat,511.0881435
18,Sample_S19S_0035_Wat,511.1012674
31,Sample_S19S_0035_Wat,511.1092846
4,Sample_S19S_0035_Wat,511.1375472
1,Sample_S19S_0035_Wat,511.1455592
9,Sample_S19S_0035_Wat,511.1739404
3,Sample_S19S_0035_Wat,511.1971153
11,Sample_S19S_0035_Wat,511.2103696
8,Sample_S19S_0035_Wat,511.2183807
1,Sample_S19S_0035_Wat,512.0680272
1,Sample_S19S_0035_Wat,512.1854652
9,Sample_S19S_0035_Wat,513.0311674
14,Sample_S19S_0035_Wat,513.0522762
27,Sample_S19S_0035_Wat,513.0674942
28,Sample_S19S_0035_Wat,513.0885835
22,Sample_S19S_0035_Wat,513.1169162
19,Sample_S19S_0035_Wat,513.1248843
8,Sample_S19S_0035_Wat,513.1401059
7,Sample_S19S_0035_Wat,513.1531789
6,Sample_S19S_0035_Wat,513.1612236
5,Sample_S19S_0035_Wat,513.1764786
10,Sample_S19S_0035_Wat,513.1895585
3,Sample_S19S_0035_Wat,515.0316554
14,Sample_S19S_0035_Wat,515.0467951
15,Sample_S19S_0035_Wat,515.0679477
39,Sample_S19S_0035_Wat,515.083157
28,Sample_S19S_0035_Wat,515.1042917
40,Sample_S19S_0035_Wat,515.1194964
4,Sample_S19S_0035_Wat,515.1326297
25,Sample_S19S_0035_Wat,515.1405768
16,Sample_S19S_0035_Wat,515.155816
14,Sample_S19S_0035_Wat,515.1688778
11,Sample_S19S_0035_Wat,515.1768835
10,Sample_S19S_0035_Wat,515.1921599
9,Sample_S19S_0035_Wat,515.2052029
10,Sample_S19S_0035_Wat,515.2650114
1,Sample_S19S_0035_Wat,516.1073285
10,Sample_S19S_0035_Wat,516.1146459
9,Sample_S19S_0035_Wat,517.0258857
34,Sample_S19S_0035_Wat,517.0624113
14,Sample_S19S_0035_Wat,517.0835974
14,Sample_S19S_0035_Wat,517.098859
9,Sample_S19S_0035_Wat,517.1199999
12,Sample_S19S_0035_Wat,517.1352552
11,Sample_S19S_0035_Wat,517.1563614
14,Sample_S19S_0035_Wat,517.171616
13,Sample_S19S_0035_Wat,517.1846401
11,Sample_S19S_0035_Wat,517.1925985
44,Sample_S19S_0035_Wat,517.2079237
11,Sample_S19S_0035_Wat,518.1514949
12,Sample_S19S_0035_Wat,519.041577
8,Sample_S19S_0035_Wat,519.0546995
16,Sample_S19S_0035_Wat,519.0779454
4,Sample_S19S_0035_Wat,519.0911551
10,Sample_S19S_0035_Wat,519.0990767
16,Sample_S19S_0035_Wat,519.1143103
8,Sample_S19S_0035_Wat,519.1275578
29,Sample_S19S_0035_Wat,519.1507584
6,Sample_S19S_0035_Wat,519.1639413
55,Sample_S19S_0035_Wat,519.1872205
17,Sample_S19S_0035_Wat,519.2236508
15,Sample_S19S_0035_Wat,521.020886
24,Sample_S19S_0035_Wat,521.0573462
33,Sample_S19S_0035_Wat,521.0937324
50,Sample_S19S_0035_Wat,521.1301011
30,Sample_S19S_0035_Wat,521.1663968
3,Sample_S19S_0035_Wat,521.1946636
14,Sample_S19S_0035_Wat,521.2027235
8,Sample_S19S_0035_Wat,521.2390738
6,Sample_S19S_0035_Wat,522.0888396
1,Sample_S19S_0035_Wat,522.1251732
23,Sample_S19S_0035_Wat,523.0365285
13,Sample_S19S_0035_Wat,523.0728235
8,Sample_S19S_0035_Wat,523.0881098
7,Sample_S19S_0035_Wat,523.1091901
8,Sample_S19S_0035_Wat,523.1376337
15,Sample_S19S_0035_Wat,523.1456062
15,Sample_S19S_0035_Wat,523.1739853
25,Sample_S19S_0035_Wat,523.1820717
15,Sample_S19S_0035_Wat,523.2104573
4,Sample_S19S_0035_Wat,525.0309309
16,Sample_S19S_0035_Wat,525.0521307
18,Sample_S19S_0035_Wat,525.0674542
25,Sample_S19S_0035_Wat,525.0885729
24,Sample_S19S_0035_Wat,525.1038625
4,Sample_S19S_0035_Wat,525.1169923
36,Sample_S19S_0035_Wat,525.1250197
15,Sample_S19S_0035_Wat,525.1403116
39,Sample_S19S_0035_Wat,525.1614051
11,Sample_S19S_0035_Wat,525.2340332
9,Sample_S19S_0035_Wat,526.1929575
13,Sample_S19S_0035_Wat,527.0315131
15,Sample_S19S_0035_Wat,527.0467883
18,Sample_S19S_0035_Wat,527.0679337
13,Sample_S19S_0035_Wat,527.0832056
13,Sample_S19S_0035_Wat,527.1043114
40,Sample_S19S_0035_Wat,527.1406475
36,Sample_S19S_0035_Wat,527.1558917
22,Sample_S19S_0035_Wat,527.1689685
32,Sample_S19S_0035_Wat,527.1769645
7,Sample_S19S_0035_Wat,527.1922169
19,Sample_S19S_0035_Wat,527.2052882
7,Sample_S19S_0035_Wat,527.2132606
3,Sample_S19S_0035_Wat,527.2415754
24,Sample_S19S_0035_Wat,528.135922
6,Sample_S19S_0035_Wat,529.0260908
9,Sample_S19S_0035_Wat,529.047257
18,Sample_S19S_0035_Wat,529.0624704
9,Sample_S19S_0035_Wat,529.0836238
20,Sample_S19S_0035_Wat,529.0988481
21,Sample_S19S_0035_Wat,529.119899
40,Sample_S19S_0035_Wat,529.1351825
10,Sample_S19S_0035_Wat,529.1482589
23,Sample_S19S_0035_Wat,529.1562352
19,Sample_S19S_0035_Wat,529.1714748
21,Sample_S19S_0035_Wat,529.184567
10,Sample_S19S_0035_Wat,529.1925822
12,Sample_S19S_0035_Wat,529.2078283
4,Sample_S19S_0035_Wat,529.2208396
11,Sample_S19S_0035_Wat,530.1152024
10,Sample_S19S_0035_Wat,531.0417642
10,Sample_S19S_0035_Wat,531.0629135
7,Sample_S19S_0035_Wat,531.0781475
17,Sample_S19S_0035_Wat,531.0992322
18,Sample_S19S_0035_Wat,531.1144803
24,Sample_S19S_0035_Wat,531.1355514
25,Sample_S19S_0035_Wat,531.1507766
18,Sample_S19S_0035_Wat,531.1638843
14,Sample_S19S_0035_Wat,531.1871077
17,Sample_S19S_0035_Wat,531.2234777
3,Sample_S19S_0035_Wat,531.2598778
12,Sample_S19S_0035_Wat,533.0574115
19,Sample_S19S_0035_Wat,533.0937827
28,Sample_S19S_0035_Wat,533.1301236
57,Sample_S19S_0035_Wat,533.166456
15,Sample_S19S_0035_Wat,533.2027587
5,Sample_S19S_0035_Wat,533.2390944
14,Sample_S19S_0035_Wat,535.0365569
22,Sample_S19S_0035_Wat,535.0730261
17,Sample_S19S_0035_Wat,535.1094222
11,Sample_S19S_0035_Wat,535.1458132
20,Sample_S19S_0035_Wat,535.1821751
13,Sample_S19S_0035_Wat,537.0157551
10,Sample_S19S_0035_Wat,537.0520931
19,Sample_S19S_0035_Wat,537.0884904
36,Sample_S19S_0035_Wat,537.1249315
13,Sample_S19S_0035_Wat,537.1533456
44,Sample_S19S_0035_Wat,537.161382
6,Sample_S19S_0035_Wat,537.1897464
17,Sample_S19S_0035_Wat,537.1978101
9,Sample_S19S_0035_Wat,537.2342192
12,Sample_S19S_0035_Wat,539.0315044
7,Sample_S19S_0035_Wat,539.0468046
19,Sample_S19S_0035_Wat,539.0679143
8,Sample_S19S_0035_Wat,539.0832338
23,Sample_S19S_0035_Wat,539.1042196
12,Sample_S19S_0035_Wat,539.1325679
30,Sample_S19S_0035_Wat,539.1405618
12,Sample_S19S_0035_Wat,539.1558152
8,Sample_S19S_0035_Wat,539.1688297
6,Sample_S19S_0035_Wat,539.1768779
5,Sample_S19S_0035_Wat,539.2051955
4,Sample_S19S_0035_Wat,539.2132409
2,Sample_S19S_0035_Wat,539.2416063
4,Sample_S19S_0035_Wat,539.2496267
7,Sample_S19S_0035_Wat,541.0258665
11,Sample_S19S_0035_Wat,541.0470414
23,Sample_S19S_0035_Wat,541.0623672
24,Sample_S19S_0035_Wat,541.0834882
29,Sample_S19S_0035_Wat,541.0988161
28,Sample_S19S_0035_Wat,541.1199147
9,Sample_S19S_0035_Wat,541.1352769
17,Sample_S19S_0035_Wat,541.1563515
8,Sample_S19S_0035_Wat,541.1716527
5,Sample_S19S_0035_Wat,541.1927684
14,Sample_S19S_0035_Wat,541.2079962
24,Sample_S19S_0035_Wat,541.2290565
6,Sample_S19S_0035_Wat,542.1514443
8,Sample_S19S_0035_Wat,543.0418148
9,Sample_S19S_0035_Wat,543.0629181
13,Sample_S19S_0035_Wat,543.0781158
23,Sample_S19S_0035_Wat,543.09918
32,Sample_S19S_0035_Wat,543.1144211
23,Sample_S19S_0035_Wat,543.1355017
31,Sample_S19S_0035_Wat,543.1507543
17,Sample_S19S_0035_Wat,543.1638009
12,Sample_S19S_0035_Wat,543.1718262
10,Sample_S19S_0035_Wat,543.1870791
10,Sample_S19S_0035_Wat,543.2001267
1,Sample_S19S_0035_Wat,543.208077
4,Sample_S19S_0035_Wat,543.2234029
2,Sample_S19S_0035_Wat,543.236535
3,Sample_S19S_0035_Wat,545.0207927
13,Sample_S19S_0035_Wat,545.0571838
11,Sample_S19S_0035_Wat,545.0783592
10,Sample_S19S_0035_Wat,545.0935509
11,Sample_S19S_0035_Wat,545.1147104
16,Sample_S19S_0035_Wat,545.1299664
7,Sample_S19S_0035_Wat,545.1432084
24,Sample_S19S_0035_Wat,545.1511507
30,Sample_S19S_0035_Wat,545.1664409
6,Sample_S19S_0035_Wat,545.1795929
31,Sample_S19S_0035_Wat,545.2028931
4,Sample_S19S_0035_Wat,545.2393178
12,Sample_S19S_0035_Wat,547.0364584
18,Sample_S19S_0035_Wat,547.0729547
7,Sample_S19S_0035_Wat,547.0941431
17,Sample_S19S_0035_Wat,547.109415
19,Sample_S19S_0035_Wat,547.145805
6,Sample_S19S_0035_Wat,547.1822164
15,Sample_S19S_0035_Wat,547.2185618
17,Sample_S19S_0035_Wat,547.2548518
19,Sample_S19S_0035_Wat,549.0523077
13,Sample_S19S_0035_Wat,549.0887119
15,Sample_S19S_0035_Wat,549.1250923
18,Sample_S19S_0035_Wat,549.1614413
41,Sample_S19S_0035_Wat,549.1977663
13,Sample_S19S_0035_Wat,549.2340464
1,Sample_S19S_0035_Wat,550.0917902
7,Sample_S19S_0035_Wat,551.0316023
7,Sample_S19S_0035_Wat,551.0468252
19,Sample_S19S_0035_Wat,551.0679996
1,Sample_S19S_0035_Wat,551.0834276
18,Sample_S19S_0035_Wat,551.10435
3,Sample_S19S_0035_Wat,551.1327017
27,Sample_S19S_0035_Wat,551.140683
15,Sample_S19S_0035_Wat,551.1689448
26,Sample_S19S_0035_Wat,551.1769906
7,Sample_S19S_0035_Wat,551.2052511
13,Sample_S19S_0035_Wat,551.2133063
6,Sample_S19S_0035_Wat,551.2496307
1,Sample_S19S_0035_Wat,552.0710497
14,Sample_S19S_0035_Wat,553.0472596
13,Sample_S19S_0035_Wat,553.0836572
21,Sample_S19S_0035_Wat,553.1199748
1,Sample_S19S_0035_Wat,553.1483118
49,Sample_S19S_0035_Wat,553.1562956
24,Sample_S19S_0035_Wat,553.1925971
5,Sample_S19S_0035_Wat,553.2288832
14,Sample_S19S_0035_Wat,555.0629131
11,Sample_S19S_0035_Wat,555.0781485
4,Sample_S19S_0035_Wat,555.0993123
8,Sample_S19S_0035_Wat,555.1356619
9,Sample_S19S_0035_Wat,555.1509252
2,Sample_S19S_0035_Wat,555.1639967
16,Sample_S19S_0035_Wat,555.1720029
19,Sample_S19S_0035_Wat,555.1871424
20,Sample_S19S_0035_Wat,555.2082923
5,Sample_S19S_0035_Wat,555.2365023
4,Sample_S19S_0035_Wat,557.0207442
9,Sample_S19S_0035_Wat,557.0420033
13,Sample_S19S_0035_Wat,557.0572783
11,Sample_S19S_0035_Wat,557.0785258
17,Sample_S19S_0035_Wat,557.1149049
3,Sample_S19S_0035_Wat,557.1302225
3,Sample_S19S_0035_Wat,557.1513467
1,Sample_S19S_0035_Wat,557.1797008
3,Sample_S19S_0035_Wat,557.1877224
8,Sample_S19S_0035_Wat,557.2029722
13,Sample_S19S_0035_Wat,557.2391841
1,Sample_S19S_0035_Wat,559.0362955
3,Sample_S19S_0035_Wat,559.0574795
1,Sample_S19S_0035_Wat,559.0727284
13,Sample_S19S_0035_Wat,559.1092427
1,Sample_S19S_0035_Wat,559.1670376
19,Sample_S19S_0035_Wat,561.0522506
22,Sample_S19S_0035_Wat,561.0885432
10,Sample_S19S_0035_Wat,561.1248442
5,Sample_S19S_0035_Wat,561.1611805
10,Sample_S19S_0035_Wat,561.1743368
3,Sample_S19S_0035_Wat,561.1975534
6,Sample_S19S_0035_Wat,561.2339983
7,Sample_S19S_0035_Wat,563.0313809
25,Sample_S19S_0035_Wat,563.0679011
10,Sample_S19S_0035_Wat,563.1043787
9,Sample_S19S_0035_Wat,563.140767
7,Sample_S19S_0035_Wat,563.1771352
23,Sample_S19S_0035_Wat,563.2134586
20,Sample_S19S_0035_Wat,563.2497644
16,Sample_S19S_0035_Wat,565.0470587
11,Sample_S19S_0035_Wat,565.0833841
12,Sample_S19S_0035_Wat,565.0987175
3,Sample_S19S_0035_Wat,565.1196921
3,Sample_S19S_0035_Wat,565.1561141
1,Sample_S19S_0035_Wat,565.1844084
16,Sample_S19S_0035_Wat,565.2290122
18,Sample_S19S_0035_Wat,565.2654316
7,Sample_S19S_0035_Wat,567.0416996
14,Sample_S19S_0035_Wat,567.0628477
1,Sample_S19S_0035_Wat,567.0782262
19,Sample_S19S_0035_Wat,567.0992538
4,Sample_S19S_0035_Wat,567.1146187
10,Sample_S19S_0035_Wat,567.1356587
13,Sample_S19S_0035_Wat,567.2083955
4,Sample_S19S_0035_Wat,567.2366591
14,Sample_S19S_0035_Wat,567.2446704
12,Sample_S19S_0035_Wat,568.1671174
6,Sample_S19S_0035_Wat,569.0421066
9,Sample_S19S_0035_Wat,569.0573971
18,Sample_S19S_0035_Wat,569.0784551
10,Sample_S19S_0035_Wat,569.0937538
16,Sample_S19S_0035_Wat,569.1147778
5,Sample_S19S_0035_Wat,569.1299391
9,Sample_S19S_0035_Wat,569.1510794
10,Sample_S19S_0035_Wat,569.17943
2,Sample_S19S_0035_Wat,569.1874013
3,Sample_S19S_0035_Wat,569.2025994
2,Sample_S19S_0035_Wat,569.2157305
1,Sample_S19S_0035_Wat,569.223732
5,Sample_S19S_0035_Wat,571.0363946
3,Sample_S19S_0035_Wat,571.0575531
11,Sample_S19S_0035_Wat,571.0727742
5,Sample_S19S_0035_Wat,571.0939164
27,Sample_S19S_0035_Wat,571.1303995
31,Sample_S19S_0035_Wat,571.1457131
19,Sample_S19S_0035_Wat,571.1668216
30,Sample_S19S_0035_Wat,571.1821369
14,Sample_S19S_0035_Wat,571.2032768
7,Sample_S19S_0035_Wat,571.2185728
3,Sample_S19S_0035_Wat,572.1046807
16,Sample_S19S_0035_Wat,573.0521883
12,Sample_S19S_0035_Wat,573.073421
23,Sample_S19S_0035_Wat,573.0886509
16,Sample_S19S_0035_Wat,573.1250609
14,Sample_S19S_0035_Wat,573.1461913
8,Sample_S19S_0035_Wat,573.1615077
4,Sample_S19S_0035_Wat,573.1826266
9,Sample_S19S_0035_Wat,573.1978706
4,Sample_S19S_0035_Wat,573.2342462
15,Sample_S19S_0035_Wat,575.0315205
7,Sample_S19S_0035_Wat,575.0680122
10,Sample_S19S_0035_Wat,575.1043617
25,Sample_S19S_0035_Wat,575.1770756
12,Sample_S19S_0035_Wat,575.190103
30,Sample_S19S_0035_Wat,575.213398
12,Sample_S19S_0035_Wat,575.2497017
7,Sample_S19S_0035_Wat,577.0472834
8,Sample_S19S_0035_Wat,577.0836723
42,Sample_S19S_0035_Wat,577.1563035
27,Sample_S19S_0035_Wat,577.1926143
5,Sample_S19S_0035_Wat,577.228924
9,Sample_S19S_0035_Wat,579.0629358
15,Sample_S19S_0035_Wat,579.0992643
28,Sample_S19S_0035_Wat,579.1355972
35,Sample_S19S_0035_Wat,579.1719274
18,Sample_S19S_0035_Wat,579.2082488
6,Sample_S19S_0035_Wat,579.2445526
3,Sample_S19S_0035_Wat,581.0421606
4,Sample_S19S_0035_Wat,581.0575294
10,Sample_S19S_0035_Wat,581.0785526
1,Sample_S19S_0035_Wat,581.0939403
23,Sample_S19S_0035_Wat,581.1148894
39,Sample_S19S_0035_Wat,581.1512226
6,Sample_S19S_0035_Wat,581.1665648
27,Sample_S19S_0035_Wat,581.1875335
18,Sample_S19S_0035_Wat,581.2238624
8,Sample_S19S_0035_Wat,581.2602074
18,Sample_S19S_0035_Wat,582.1100014
3,Sample_S19S_0035_Wat,583.0366871
2,Sample_S19S_0035_Wat,583.057864
4,Sample_S19S_0035_Wat,583.0731247
4,Sample_S19S_0035_Wat,583.094266
4,Sample_S19S_0035_Wat,583.1095053
2,Sample_S19S_0035_Wat,583.1589175
16,Sample_S19S_0035_Wat,583.1669172
6,Sample_S19S_0035_Wat,583.1952442
19,Sample_S19S_0035_Wat,583.2032587
28,Sample_S19S_0035_Wat,583.2185187
10,Sample_S19S_0035_Wat,583.2314722
4,Sample_S19S_0035_Wat,585.0370611
11,Sample_S19S_0035_Wat,585.052268
12,Sample_S19S_0035_Wat,585.0734724
12,Sample_S19S_0035_Wat,585.0886953
8,Sample_S19S_0035_Wat,585.1098543
4,Sample_S19S_0035_Wat,585.124838
2,Sample_S19S_0035_Wat,585.1462879
8,Sample_S19S_0035_Wat,585.1615059
2,Sample_S19S_0035_Wat,585.1826784
9,Sample_S19S_0035_Wat,585.197889
4,Sample_S19S_0035_Wat,585.2190128
2,Sample_S19S_0035_Wat,587.0524433
9,Sample_S19S_0035_Wat,587.06769
8,Sample_S19S_0035_Wat,587.088865
15,Sample_S19S_0035_Wat,587.1041571
12,Sample_S19S_0035_Wat,587.1254376
16,Sample_S19S_0035_Wat,587.1405809
11,Sample_S19S_0035_Wat,587.161795
23,Sample_S19S_0035_Wat,587.1770783
14,Sample_S19S_0035_Wat,589.047112
9,Sample_S19S_0035_Wat,589.0833727
9,Sample_S19S_0035_Wat,589.119725
3,Sample_S19S_0035_Wat,589.1691978
3,Sample_S19S_0035_Wat,589.1924321
2,Sample_S19S_0035_Wat,589.2054425
3,Sample_S19S_0035_Wat,589.2288053
6,Sample_S19S_0035_Wat,589.2652893
2,Sample_S19S_0035_Wat,591.0266289
10,Sample_S19S_0035_Wat,591.0629191
9,Sample_S19S_0035_Wat,591.0993225
5,Sample_S19S_0035_Wat,591.135742
12,Sample_S19S_0035_Wat,591.1720289
17,Sample_S19S_0035_Wat,591.2083514
12,Sample_S19S_0035_Wat,591.2446301
1,Sample_S19S_0035_Wat,593.0418132
7,Sample_S19S_0035_Wat,593.078251
7,Sample_S19S_0035_Wat,593.1146582
10,Sample_S19S_0035_Wat,593.1511079
28,Sample_S19S_0035_Wat,593.1875846
16,Sample_S19S_0035_Wat,593.2240288
11,Sample_S19S_0035_Wat,595.0578225
21,Sample_S19S_0035_Wat,595.130396
17,Sample_S19S_0035_Wat,595.1667494
5,Sample_S19S_0035_Wat,597.0368381
7,Sample_S19S_0035_Wat,597.0521879
5,Sample_S19S_0035_Wat,597.0731946
9,Sample_S19S_0035_Wat,597.0884232
6,Sample_S19S_0035_Wat,597.1095532
16,Sample_S19S_0035_Wat,597.1460191
25,Sample_S19S_0035_Wat,597.1824999
20,Sample_S19S_0035_Wat,597.2107701
28,Sample_S19S_0035_Wat,597.2188862
3,Sample_S19S_0035_Wat,599.0681022
14,Sample_S19S_0035_Wat,599.1254651
18,Sample_S19S_0035_Wat,599.1618335
9,Sample_S19S_0035_Wat,599.1981029
14,Sample_S19S_0035_Wat,599.2133344
7,Sample_S19S_0035_Wat,601.0833482
5,Sample_S19S_0035_Wat,601.1560091
3,Sample_S19S_0035_Wat,601.1922438
3,Sample_S19S_0035_Wat,603.0262514
8,Sample_S19S_0035_Wat,603.0625968
6,Sample_S19S_0035_Wat,603.0839399
16,Sample_S19S_0035_Wat,603.0990962
1,Sample_S19S_0035_Wat,603.1205055
20,Sample_S19S_0035_Wat,603.135473
26,Sample_S19S_0035_Wat,603.1719444
14,Sample_S19S_0035_Wat,603.2083804
13,Sample_S19S_0035_Wat,605.0785609
6,Sample_S19S_0035_Wat,605.1149751
4,Sample_S19S_0035_Wat,605.1513953
11,Sample_S19S_0035_Wat,605.1877226
6,Sample_S19S_0035_Wat,605.2240726
2,Sample_S19S_0035_Wat,606.1542766
8,Sample_S19S_0035_Wat,607.0578335
1,Sample_S19S_0035_Wat,607.0733446
22,Sample_S19S_0035_Wat,607.094164
26,Sample_S19S_0035_Wat,607.1304892
29,Sample_S19S_0035_Wat,607.1667845
4,Sample_S19S_0035_Wat,607.2030678
10,Sample_S19S_0035_Wat,609.0733165
24,Sample_S19S_0035_Wat,609.1096597
6,Sample_S19S_0035_Wat,609.1459321
2,Sample_S19S_0035_Wat,609.1822447
2,Sample_S19S_0035_Wat,609.2105468
3,Sample_S19S_0035_Wat,609.2185999
3,Sample_S19S_0035_Wat,609.2548435
7,Sample_S19S_0035_Wat,611.0524368
4,Sample_S19S_0035_Wat,611.0887789
3,Sample_S19S_0035_Wat,611.125099
3,Sample_S19S_0035_Wat,611.1768387
2,Sample_S19S_0035_Wat,611.1898292
3,Sample_S19S_0035_Wat,611.1978745
5,Sample_S19S_0035_Wat,613.0470723
3,Sample_S19S_0035_Wat,613.0681488
2,Sample_S19S_0035_Wat,613.119618
1,Sample_S19S_0035_Wat,613.1406747
5,Sample_S19S_0035_Wat,613.1692294
4,Sample_S19S_0035_Wat,613.2054697
3,Sample_S19S_0035_Wat,615.0836945
3,Sample_S19S_0035_Wat,615.0988834
3,Sample_S19S_0035_Wat,615.1351062
15,Sample_S19S_0035_Wat,615.1930099
4,Sample_S19S_0035_Wat,615.208139
8,Sample_S19S_0035_Wat,617.0782506
3,Sample_S19S_0035_Wat,617.223552
9,Sample_S19S_0035_Wat,619.0576145
12,Sample_S19S_0035_Wat,619.0940393
6,Sample_S19S_0035_Wat,619.130318
2,Sample_S19S_0035_Wat,619.1666544
3,Sample_S19S_0035_Wat,619.2029535
11,Sample_S19S_0035_Wat,621.073506
17,Sample_S19S_0035_Wat,621.1098264
17,Sample_S19S_0035_Wat,621.1461897
29,Sample_S19S_0035_Wat,621.1825214
16,Sample_S19S_0035_Wat,621.218773
10,Sample_S19S_0035_Wat,623.0891397
5,Sample_S19S_0035_Wat,623.1255649
5,Sample_S19S_0035_Wat,623.1408036
3,Sample_S19S_0035_Wat,623.162005
3,Sample_S19S_0035_Wat,623.1983716
10,Sample_S19S_0035_Wat,625.0682144
2,Sample_S19S_0035_Wat,625.1044435
6,Sample_S19S_0035_Wat,625.1408979
11,Sample_S19S_0035_Wat,625.1773321
4,Sample_S19S_0035_Wat,625.1924983
18,Sample_S19S_0035_Wat,625.2137878
4,Sample_S19S_0035_Wat,627.0476133
13,Sample_S19S_0035_Wat,627.083828
1,Sample_S19S_0035_Wat,627.1200117
2,Sample_S19S_0035_Wat,627.1564046
2,Sample_S19S_0035_Wat,627.1848232
1,Sample_S19S_0035_Wat,629.0422648
3,Sample_S19S_0035_Wat,629.0786184
1,Sample_S19S_0035_Wat,629.0997786
2,Sample_S19S_0035_Wat,629.1150559
5,Sample_S19S_0035_Wat,629.1360644
17,Sample_S19S_0035_Wat,629.1876222
12,Sample_S19S_0035_Wat,631.0576448
19,Sample_S19S_0035_Wat,631.1667917
15,Sample_S19S_0035_Wat,631.2031269
20,Sample_S19S_0035_Wat,633.1097626
7,Sample_S19S_0035_Wat,633.1459928
2,Sample_S19S_0035_Wat,633.1822488
1,Sample_S19S_0035_Wat,633.2185891
21,Sample_S19S_0035_Wat,635.1617901
10,Sample_S19S_0035_Wat,635.1982777
6,Sample_S19S_0035_Wat,635.2346553
14,Sample_S19S_0035_Wat,635.2709215
1,Sample_S19S_0035_Wat,637.0686288
9,Sample_S19S_0035_Wat,637.1045624
2,Sample_S19S_0035_Wat,637.1771558
4,Sample_S19S_0035_Wat,637.250012
1,Sample_S19S_0035_Wat,639.0836439
1,Sample_S19S_0035_Wat,639.0987151
5,Sample_S19S_0035_Wat,639.1200807
1,Sample_S19S_0035_Wat,641.0787358
1,Sample_S19S_0035_Wat,641.1725549
6,Sample_S19S_0035_Wat,641.1874416
1,Sample_S19S_0035_Wat,643.1300306
1,Sample_S19S_0035_Wat,643.1663319
6,Sample_S19S_0035_Wat,645.0732088
12,Sample_S19S_0035_Wat,645.1098892
11,Sample_S19S_0035_Wat,645.1462149
29,Sample_S19S_0035_Wat,645.2188901
10,Sample_S19S_0035_Wat,647.052702
15,Sample_S19S_0035_Wat,647.0890822
4,Sample_S19S_0035_Wat,647.1252258
15,Sample_S19S_0035_Wat,647.2344756
13,Sample_S19S_0035_Wat,649.1046018
3,Sample_S19S_0035_Wat,649.2133728
13,Sample_S19S_0035_Wat,653.0994335
4,Sample_S19S_0035_Wat,653.1359401
1,Sample_S19S_0035_Wat,653.1719818
11,Sample_S19S_0035_Wat,655.1304062
2,Sample_S19S_0035_Wat,657.1099535
7,Sample_S19S_0035_Wat,657.146265
2,Sample_S19S_0035_Wat,657.1827495
1,Sample_S19S_0035_Wat,657.25542
9,Sample_S19S_0035_Wat,659.1618432
1,Sample_S19S_0035_Wat,659.1985048
6,Sample_S19S_0035_Wat,661.0683749
7,Sample_S19S_0035_Wat,663.1931909
1,Sample_S19S_0035_Wat,665.1516237
3,Sample_S19S_0035_Wat,665.1724893
5,Sample_S19S_0035_Wat,667.1153995
5,Sample_S19S_0035_Wat,667.1305245
1,Sample_S19S_0035_Wat,667.2610139
9,Sample_S19S_0035_Wat,669.1307845
9,Sample_S19S_0035_Wat,669.1462095
1,Sample_S19S_0035_Wat,671.1249169
4,Sample_S19S_0035_Wat,671.1463008
1,Sample_S19S_0035_Wat,671.1976259
2,Sample_S19S_0035_Wat,673.0680267
1,Sample_S19S_0035_Wat,673.2129431
16,Sample_S19S_0035_Wat,675.1202248
14,Sample_S19S_0035_Wat,675.1566338
5,Sample_S19S_0035_Wat,677.0997495
2,Sample_S19S_0035_Wat,677.2088861
1,Sample_S19S_0035_Wat,677.245322
4,Sample_S19S_0035_Wat,679.1877778
8,Sample_S19S_0035_Wat,685.1045502
6,Sample_S19S_0035_Wat,685.1985118
1,Sample_S19S_0035_Wat,687.1198221
1,Sample_S19S_0035_Wat,687.1927784
1,Sample_S19S_0035_Wat,691.2235127
2,Sample_S19S_0035_Wat,701.0630882
12,Sample_S19S_0035_Wat,701.1722502
16,Sample_S19S_0035_Wat,701.2087266
4,Sample_S19S_0035_Wat,707.1467399
2,Sample_S19S_0035_Wat,713.1357793
6,Sample_S19S_0035_Wat,715.1154412
2,Sample_S19S_0035_Wat,723.1047854
1,Sample_S19S_0035_Wat,731.1472774
1,Sample_S19S_0035_Wat,733.2716079
1,Sample_S19S_0035_Wat,741.2255225
1,Sample_S19S_0035_Wat,743.1105104
1,Sample_S19S_0035_Wat,743.1473213
6,Sample_S19S_0035_Wat,747.2143007
4,Sample_S19S_0035_Wat,747.2504845
1,Sample_S19S_0035_Wat,749.1930183
7,Sample_S19S_0035_Wat,787.2456312
