num.trans.involved.in,sample,peak
35,Sample_S19S_0073_Wat,201.0404313
32,Sample_S19S_0073_Wat,201.0768122
26,Sample_S19S_0073_Wat,201.1131969
26,Sample_S19S_0073_Wat,203.0349506
37,Sample_S19S_0073_Wat,205.0142188
29,Sample_S19S_0073_Wat,205.0505947
46,Sample_S19S_0073_Wat,207.0298709
41,Sample_S19S_0073_Wat,207.066249
21,Sample_S19S_0073_Wat,209.0091207
42,Sample_S19S_0073_Wat,209.0455114
38,Sample_S19S_0073_Wat,209.0818981
59,Sample_S19S_0073_Wat,211.0247874
58,Sample_S19S_0073_Wat,211.0611736
35,Sample_S19S_0073_Wat,211.097555
34,Sample_S19S_0073_Wat,213.0404285
48,Sample_S19S_0073_Wat,213.0768216
29,Sample_S19S_0073_Wat,213.1132092
17,Sample_S19S_0073_Wat,214.0720739
38,Sample_S19S_0073_Wat,215.0560786
41,Sample_S19S_0073_Wat,215.0924726
20,Sample_S19S_0073_Wat,215.1288446
16,Sample_S19S_0073_Wat,217.0505866
42,Sample_S19S_0073_Wat,217.0717431
32,Sample_S19S_0073_Wat,217.1081169
54,Sample_S19S_0073_Wat,219.0298823
19,Sample_S19S_0073_Wat,219.0662407
6,Sample_S19S_0073_Wat,220.0614803
29,Sample_S19S_0073_Wat,221.0091259
47,Sample_S19S_0073_Wat,221.0455191
22,Sample_S19S_0073_Wat,221.0818912
25,Sample_S19S_0073_Wat,221.1182865
6,Sample_S19S_0073_Wat,222.0407486
59,Sample_S19S_0073_Wat,223.0247931
20,Sample_S19S_0073_Wat,223.0611523
47,Sample_S19S_0073_Wat,223.0975605
27,Sample_S19S_0073_Wat,224.0564233
15,Sample_S19S_0073_Wat,225.0040321
86,Sample_S19S_0073_Wat,225.0404494
57,Sample_S19S_0073_Wat,225.0768195
16,Sample_S19S_0073_Wat,225.1131873
34,Sample_S19S_0073_Wat,226.072077
25,Sample_S19S_0073_Wat,227.0196895
41,Sample_S19S_0073_Wat,227.056079
51,Sample_S19S_0073_Wat,227.092466
30,Sample_S19S_0073_Wat,227.1288722
7,Sample_S19S_0073_Wat,228.0513116
47,Sample_S19S_0073_Wat,229.0353497
51,Sample_S19S_0073_Wat,229.0717413
33,Sample_S19S_0073_Wat,229.1081151
20,Sample_S19S_0073_Wat,229.14452
42,Sample_S19S_0073_Wat,231.0298777
47,Sample_S19S_0073_Wat,231.051012
32,Sample_S19S_0073_Wat,231.0662593
47,Sample_S19S_0073_Wat,231.0873835
47,Sample_S19S_0073_Wat,233.0091463
46,Sample_S19S_0073_Wat,233.0455307
40,Sample_S19S_0073_Wat,233.0819208
12,Sample_S19S_0073_Wat,233.1546845
54,Sample_S19S_0073_Wat,235.0247912
64,Sample_S19S_0073_Wat,235.0611873
40,Sample_S19S_0073_Wat,235.0975749
24,Sample_S19S_0073_Wat,235.1339408
50,Sample_S19S_0073_Wat,236.0564412
43,Sample_S19S_0073_Wat,237.0040579
59,Sample_S19S_0073_Wat,237.0404421
67,Sample_S19S_0073_Wat,237.0768351
39,Sample_S19S_0073_Wat,237.1132227
14,Sample_S19S_0073_Wat,238.0356696
26,Sample_S19S_0073_Wat,238.0720655
1,Sample_S19S_0073_Wat,238.9629644
77,Sample_S19S_0073_Wat,239.0197221
100,Sample_S19S_0073_Wat,239.0561117
10,Sample_S19S_0073_Wat,239.0673352
91,Sample_S19S_0073_Wat,239.092497
44,Sample_S19S_0073_Wat,239.1288753
35,Sample_S19S_0073_Wat,240.0513448
37,Sample_S19S_0073_Wat,240.0877319
85,Sample_S19S_0073_Wat,241.03537
59,Sample_S19S_0073_Wat,241.0717422
35,Sample_S19S_0073_Wat,241.1081087
24,Sample_S19S_0073_Wat,241.1445007
51,Sample_S19S_0073_Wat,242.0670034
3,Sample_S19S_0073_Wat,242.1761465
81,Sample_S19S_0073_Wat,243.0510224
46,Sample_S19S_0073_Wat,243.0873816
23,Sample_S19S_0073_Wat,243.1237626
17,Sample_S19S_0073_Wat,245.0125083
50,Sample_S19S_0073_Wat,245.0302737
78,Sample_S19S_0073_Wat,245.0455587
12,Sample_S19S_0073_Wat,245.0489119
92,Sample_S19S_0073_Wat,245.0666847
52,Sample_S19S_0073_Wat,245.0819342
64,Sample_S19S_0073_Wat,245.1030642
53,Sample_S19S_0073_Wat,247.024801
78,Sample_S19S_0073_Wat,247.0612011
73,Sample_S19S_0073_Wat,247.0823368
72,Sample_S19S_0073_Wat,247.0975945
32,Sample_S19S_0073_Wat,248.0200547
46,Sample_S19S_0073_Wat,248.0564361
54,Sample_S19S_0073_Wat,249.0040636
91,Sample_S19S_0073_Wat,249.0404675
89,Sample_S19S_0073_Wat,249.0768527
37,Sample_S19S_0073_Wat,249.1132224
55,Sample_S19S_0073_Wat,250.07209
87,Sample_S19S_0073_Wat,251.0197332
81,Sample_S19S_0073_Wat,251.0560986
112,Sample_S19S_0073_Wat,251.0925063
42,Sample_S19S_0073_Wat,251.1289035
48,Sample_S19S_0073_Wat,252.0513612
45,Sample_S19S_0073_Wat,252.0877348
108,Sample_S19S_0073_Wat,253.0353983
120,Sample_S19S_0073_Wat,253.0717756
43,Sample_S19S_0073_Wat,253.1081345
44,Sample_S19S_0073_Wat,253.1445337
43,Sample_S19S_0073_Wat,254.0306157
36,Sample_S19S_0073_Wat,254.0670222
40,Sample_S19S_0073_Wat,254.1033853
16,Sample_S19S_0073_Wat,254.9968923
68,Sample_S19S_0073_Wat,255.0146298
107,Sample_S19S_0073_Wat,255.0510433
116,Sample_S19S_0073_Wat,255.0874163
42,Sample_S19S_0073_Wat,255.1237776
41,Sample_S19S_0073_Wat,256.0826837
26,Sample_S19S_0073_Wat,257.012566
89,Sample_S19S_0073_Wat,257.030304
105,Sample_S19S_0073_Wat,257.0666765
70,Sample_S19S_0073_Wat,257.1030521
46,Sample_S19S_0073_Wat,257.1394516
48,Sample_S19S_0073_Wat,258.0619166
58,Sample_S19S_0073_Wat,259.0248281
34,Sample_S19S_0073_Wat,259.0282061
92,Sample_S19S_0073_Wat,259.0459547
71,Sample_S19S_0073_Wat,259.0612028
94,Sample_S19S_0073_Wat,259.0823405
59,Sample_S19S_0073_Wat,259.0975861
62,Sample_S19S_0073_Wat,259.1187072
17,Sample_S19S_0073_Wat,260.0564172
53,Sample_S19S_0073_Wat,261.0040785
73,Sample_S19S_0073_Wat,261.040468
26,Sample_S19S_0073_Wat,261.04386
71,Sample_S19S_0073_Wat,261.061588
91,Sample_S19S_0073_Wat,261.0768598
52,Sample_S19S_0073_Wat,261.0980071
56,Sample_S19S_0073_Wat,261.1132477
34,Sample_S19S_0073_Wat,262.0357323
40,Sample_S19S_0073_Wat,262.0721008
57,Sample_S19S_0073_Wat,263.019721
90,Sample_S19S_0073_Wat,263.0561329
50,Sample_S19S_0073_Wat,263.0924815
39,Sample_S19S_0073_Wat,263.128908
53,Sample_S19S_0073_Wat,264.0513612
43,Sample_S19S_0073_Wat,264.087752
64,Sample_S19S_0073_Wat,264.9989861
99,Sample_S19S_0073_Wat,265.0353938
92,Sample_S19S_0073_Wat,265.0717855
99,Sample_S19S_0073_Wat,265.1081545
1,Sample_S19S_0073_Wat,265.1479151
45,Sample_S19S_0073_Wat,266.0306266
61,Sample_S19S_0073_Wat,266.0670361
33,Sample_S19S_0073_Wat,266.1034196
1,Sample_S19S_0073_Wat,266.9942715
23,Sample_S19S_0073_Wat,266.9969045
83,Sample_S19S_0073_Wat,267.0146829
123,Sample_S19S_0073_Wat,267.0510336
19,Sample_S19S_0073_Wat,267.0622941
105,Sample_S19S_0073_Wat,267.0874299
87,Sample_S19S_0073_Wat,267.123805
36,Sample_S19S_0073_Wat,267.1601848
59,Sample_S19S_0073_Wat,268.0462977
58,Sample_S19S_0073_Wat,268.08266
36,Sample_S19S_0073_Wat,269.01256
89,Sample_S19S_0073_Wat,269.0303205
12,Sample_S19S_0073_Wat,269.0455202
124,Sample_S19S_0073_Wat,269.0666802
101,Sample_S19S_0073_Wat,269.1030627
48,Sample_S19S_0073_Wat,269.1394657
52,Sample_S19S_0073_Wat,270.0619439
52,Sample_S19S_0073_Wat,270.0983057
24,Sample_S19S_0073_Wat,270.9918312
72,Sample_S19S_0073_Wat,271.0095529
42,Sample_S19S_0073_Wat,271.0248117
28,Sample_S19S_0073_Wat,271.0281864
89,Sample_S19S_0073_Wat,271.0459737
27,Sample_S19S_0073_Wat,271.061176
101,Sample_S19S_0073_Wat,271.0823212
82,Sample_S19S_0073_Wat,271.118718
23,Sample_S19S_0073_Wat,271.1551343
47,Sample_S19S_0073_Wat,272.0775888
30,Sample_S19S_0073_Wat,273.0074568
71,Sample_S19S_0073_Wat,273.0252099
67,Sample_S19S_0073_Wat,273.040478
42,Sample_S19S_0073_Wat,273.0438577
86,Sample_S19S_0073_Wat,273.061591
81,Sample_S19S_0073_Wat,273.0768603
81,Sample_S19S_0073_Wat,273.0979879
56,Sample_S19S_0073_Wat,273.1132445
34,Sample_S19S_0073_Wat,273.1343844
40,Sample_S19S_0073_Wat,274.0357454
41,Sample_S19S_0073_Wat,274.0720917
36,Sample_S19S_0073_Wat,274.0932637
73,Sample_S19S_0073_Wat,275.0197425
35,Sample_S19S_0073_Wat,275.0231068
76,Sample_S19S_0073_Wat,275.0408652
81,Sample_S19S_0073_Wat,275.0561155
37,Sample_S19S_0073_Wat,275.0594984
87,Sample_S19S_0073_Wat,275.0772487
80,Sample_S19S_0073_Wat,275.0925149
66,Sample_S19S_0073_Wat,275.1136274
53,Sample_S19S_0073_Wat,275.1288873
40,Sample_S19S_0073_Wat,276.0513913
22,Sample_S19S_0073_Wat,276.0877174
70,Sample_S19S_0073_Wat,276.9990278
102,Sample_S19S_0073_Wat,277.0354157
24,Sample_S19S_0073_Wat,277.0387785
90,Sample_S19S_0073_Wat,277.0717892
22,Sample_S19S_0073_Wat,277.0830242
88,Sample_S19S_0073_Wat,277.1081544
56,Sample_S19S_0073_Wat,277.1445377
37,Sample_S19S_0073_Wat,278.0306345
51,Sample_S19S_0073_Wat,278.0670289
40,Sample_S19S_0073_Wat,278.1034322
54,Sample_S19S_0073_Wat,279.0146331
101,Sample_S19S_0073_Wat,279.0510516
30,Sample_S19S_0073_Wat,279.0544147
19,Sample_S19S_0073_Wat,279.0622836
64,Sample_S19S_0073_Wat,279.0874539
56,Sample_S19S_0073_Wat,279.1238221
44,Sample_S19S_0073_Wat,279.160186
60,Sample_S19S_0073_Wat,280.0463018
61,Sample_S19S_0073_Wat,280.0826921
23,Sample_S19S_0073_Wat,281.0125726
98,Sample_S19S_0073_Wat,281.0303339
125,Sample_S19S_0073_Wat,281.0666829
73,Sample_S19S_0073_Wat,281.1030502
69,Sample_S19S_0073_Wat,281.1394597
45,Sample_S19S_0073_Wat,282.0983548
15,Sample_S19S_0073_Wat,282.9917912
77,Sample_S19S_0073_Wat,283.0095898
27,Sample_S19S_0073_Wat,283.0282193
119,Sample_S19S_0073_Wat,283.0459554
47,Sample_S19S_0073_Wat,283.0612062
81,Sample_S19S_0073_Wat,283.0823169
19,Sample_S19S_0073_Wat,283.0935869
108,Sample_S19S_0073_Wat,283.118715
35,Sample_S19S_0073_Wat,283.1551309
49,Sample_S19S_0073_Wat,284.0412345
60,Sample_S19S_0073_Wat,284.0776208
40,Sample_S19S_0073_Wat,284.1139788
34,Sample_S19S_0073_Wat,285.0074703
84,Sample_S19S_0073_Wat,285.025228
53,Sample_S19S_0073_Wat,285.0404866
27,Sample_S19S_0073_Wat,285.0438689
87,Sample_S19S_0073_Wat,285.0616357
53,Sample_S19S_0073_Wat,285.0768513
42,Sample_S19S_0073_Wat,285.0980306
8,Sample_S19S_0073_Wat,285.1262347
56,Sample_S19S_0073_Wat,285.1343948
42,Sample_S19S_0073_Wat,286.0568589
47,Sample_S19S_0073_Wat,286.0932539
63,Sample_S19S_0073_Wat,287.0197477
33,Sample_S19S_0073_Wat,287.0231311
76,Sample_S19S_0073_Wat,287.0408776
69,Sample_S19S_0073_Wat,287.0561351
6,Sample_S19S_0073_Wat,287.0595327
96,Sample_S19S_0073_Wat,287.0772537
63,Sample_S19S_0073_Wat,287.0925228
85,Sample_S19S_0073_Wat,287.1136282
51,Sample_S19S_0073_Wat,287.150015
38,Sample_S19S_0073_Wat,288.0513962
44,Sample_S19S_0073_Wat,288.0725046
36,Sample_S19S_0073_Wat,288.1089115
52,Sample_S19S_0073_Wat,288.9989989
35,Sample_S19S_0073_Wat,289.0023755
83,Sample_S19S_0073_Wat,289.0354029
35,Sample_S19S_0073_Wat,289.0387746
83,Sample_S19S_0073_Wat,289.0565242
100,Sample_S19S_0073_Wat,289.0717704
31,Sample_S19S_0073_Wat,289.0751476
18,Sample_S19S_0073_Wat,289.0830287
74,Sample_S19S_0073_Wat,289.0929075
67,Sample_S19S_0073_Wat,289.1081489
62,Sample_S19S_0073_Wat,289.1292776
47,Sample_S19S_0073_Wat,289.1445478
14,Sample_S19S_0073_Wat,290.0305978
22,Sample_S19S_0073_Wat,290.0669883
15,Sample_S19S_0073_Wat,290.0882083
50,Sample_S19S_0073_Wat,290.1033932
6,Sample_S19S_0073_Wat,290.1245994
78,Sample_S19S_0073_Wat,291.0146759
99,Sample_S19S_0073_Wat,291.0510416
29,Sample_S19S_0073_Wat,291.0543989
19,Sample_S19S_0073_Wat,291.0622947
72,Sample_S19S_0073_Wat,291.0721692
85,Sample_S19S_0073_Wat,291.0874132
9,Sample_S19S_0073_Wat,291.0907683
17,Sample_S19S_0073_Wat,291.0986884
47,Sample_S19S_0073_Wat,291.1085682
66,Sample_S19S_0073_Wat,291.1237966
45,Sample_S19S_0073_Wat,291.1601932
40,Sample_S19S_0073_Wat,292.0462633
24,Sample_S19S_0073_Wat,292.0674445
99,Sample_S19S_0073_Wat,293.0303357
13,Sample_S19S_0073_Wat,293.0415474
95,Sample_S19S_0073_Wat,293.0667099
25,Sample_S19S_0073_Wat,293.0700724
24,Sample_S19S_0073_Wat,293.0779374
105,Sample_S19S_0073_Wat,293.1030793
79,Sample_S19S_0073_Wat,293.1394564
14,Sample_S19S_0073_Wat,293.1757942
17,Sample_S19S_0073_Wat,294.0255165
53,Sample_S19S_0073_Wat,294.0619153
55,Sample_S19S_0073_Wat,294.098304
59,Sample_S19S_0073_Wat,295.0095496
1,Sample_S19S_0073_Wat,295.0282728
98,Sample_S19S_0073_Wat,295.0459444
15,Sample_S19S_0073_Wat,295.0572284
121,Sample_S19S_0073_Wat,295.0823376
7,Sample_S19S_0073_Wat,295.093638
113,Sample_S19S_0073_Wat,295.1187213
57,Sample_S19S_0073_Wat,295.1550986
40,Sample_S19S_0073_Wat,296.0411763
59,Sample_S19S_0073_Wat,296.0775656
42,Sample_S19S_0073_Wat,296.1139469
21,Sample_S19S_0073_Wat,297.0074532
93,Sample_S19S_0073_Wat,297.025237
26,Sample_S19S_0073_Wat,297.0404658
28,Sample_S19S_0073_Wat,297.0438655
102,Sample_S19S_0073_Wat,297.0616262
74,Sample_S19S_0073_Wat,297.0980154
42,Sample_S19S_0073_Wat,297.1344063
2,Sample_S19S_0073_Wat,297.1529844
19,Sample_S19S_0073_Wat,297.1707937
65,Sample_S19S_0073_Wat,298.0568737
59,Sample_S19S_0073_Wat,298.0932671
36,Sample_S19S_0073_Wat,298.1296449
22,Sample_S19S_0073_Wat,298.9867348
41,Sample_S19S_0073_Wat,299.0197546
36,Sample_S19S_0073_Wat,299.0231228
81,Sample_S19S_0073_Wat,299.0408894
63,Sample_S19S_0073_Wat,299.05613
40,Sample_S19S_0073_Wat,299.0595
109,Sample_S19S_0073_Wat,299.0772616
18,Sample_S19S_0073_Wat,299.0884889
84,Sample_S19S_0073_Wat,299.1136455
67,Sample_S19S_0073_Wat,299.1500243
35,Sample_S19S_0073_Wat,300.0513851
58,Sample_S19S_0073_Wat,300.0725
45,Sample_S19S_0073_Wat,300.1089049
33,Sample_S19S_0073_Wat,300.9989926
16,Sample_S19S_0073_Wat,301.0023572
65,Sample_S19S_0073_Wat,301.0201601
68,Sample_S19S_0073_Wat,301.0353903
39,Sample_S19S_0073_Wat,301.0387674
79,Sample_S19S_0073_Wat,301.0565488
53,Sample_S19S_0073_Wat,301.071792
32,Sample_S19S_0073_Wat,301.0751454
67,Sample_S19S_0073_Wat,301.092932
32,Sample_S19S_0073_Wat,301.1081829
52,Sample_S19S_0073_Wat,301.129318
32,Sample_S19S_0073_Wat,301.1656955
28,Sample_S19S_0073_Wat,302.0306578
43,Sample_S19S_0073_Wat,302.0670162
37,Sample_S19S_0073_Wat,302.0881947
24,Sample_S19S_0073_Wat,302.1245742
61,Sample_S19S_0073_Wat,303.0146906
36,Sample_S19S_0073_Wat,303.0180437
63,Sample_S19S_0073_Wat,303.0357821
80,Sample_S19S_0073_Wat,303.0510433
44,Sample_S19S_0073_Wat,303.0544081
85,Sample_S19S_0073_Wat,303.0721573
70,Sample_S19S_0073_Wat,303.0874395
27,Sample_S19S_0073_Wat,303.0907893
85,Sample_S19S_0073_Wat,303.1085414
53,Sample_S19S_0073_Wat,303.1238249
55,Sample_S19S_0073_Wat,303.1449308
45,Sample_S19S_0073_Wat,304.0462877
28,Sample_S19S_0073_Wat,304.0674332
48,Sample_S19S_0073_Wat,304.0826613
33,Sample_S19S_0073_Wat,304.1038383
91,Sample_S19S_0073_Wat,305.0303157
40,Sample_S19S_0073_Wat,305.0336873
3,Sample_S19S_0073_Wat,305.0416206
46,Sample_S19S_0073_Wat,305.0514118
106,Sample_S19S_0073_Wat,305.0666877
36,Sample_S19S_0073_Wat,305.0700613
9,Sample_S19S_0073_Wat,305.0779953
49,Sample_S19S_0073_Wat,305.087829
82,Sample_S19S_0073_Wat,305.1030852
58,Sample_S19S_0073_Wat,305.1394662
22,Sample_S19S_0073_Wat,306.0831168
55,Sample_S19S_0073_Wat,306.0983427
7,Sample_S19S_0073_Wat,306.1195211
56,Sample_S19S_0073_Wat,307.0095853
110,Sample_S19S_0073_Wat,307.0459779
11,Sample_S19S_0073_Wat,307.0572343
70,Sample_S19S_0073_Wat,307.0823737
19,Sample_S19S_0073_Wat,307.0857227
20,Sample_S19S_0073_Wat,307.0936059
49,Sample_S19S_0073_Wat,307.1187572
36,Sample_S19S_0073_Wat,307.1551342
67,Sample_S19S_0073_Wat,308.0412303
65,Sample_S19S_0073_Wat,308.0775973
5,Sample_S19S_0073_Wat,308.098784
56,Sample_S19S_0073_Wat,308.1139545
25,Sample_S19S_0073_Wat,309.007479
100,Sample_S19S_0073_Wat,309.0252469
14,Sample_S19S_0073_Wat,309.0438781
122,Sample_S19S_0073_Wat,309.0616036
20,Sample_S19S_0073_Wat,309.0728691
113,Sample_S19S_0073_Wat,309.0979773
11,Sample_S19S_0073_Wat,309.1092661
88,Sample_S19S_0073_Wat,309.1343649
39,Sample_S19S_0073_Wat,309.1707647
1,Sample_S19S_0073_Wat,309.1741269
60,Sample_S19S_0073_Wat,310.0568411
64,Sample_S19S_0073_Wat,310.0932206
73,Sample_S19S_0073_Wat,311.0045073
33,Sample_S19S_0073_Wat,311.0231058
105,Sample_S19S_0073_Wat,311.0408991
47,Sample_S19S_0073_Wat,311.0561331
12,Sample_S19S_0073_Wat,311.0594676
104,Sample_S19S_0073_Wat,311.0772659
28,Sample_S19S_0073_Wat,311.0885065
15,Sample_S19S_0073_Wat,311.105537
128,Sample_S19S_0073_Wat,311.1136352
73,Sample_S19S_0073_Wat,311.1500195
45,Sample_S19S_0073_Wat,312.0361043
61,Sample_S19S_0073_Wat,312.0725103
23,Sample_S19S_0073_Wat,313.0024017
69,Sample_S19S_0073_Wat,313.0201379
43,Sample_S19S_0073_Wat,313.0353909
38,Sample_S19S_0073_Wat,313.0387549
91,Sample_S19S_0073_Wat,313.0565398
37,Sample_S19S_0073_Wat,313.071764
86,Sample_S19S_0073_Wat,313.0929245
72,Sample_S19S_0073_Wat,313.1293014
49,Sample_S19S_0073_Wat,313.1656688
60,Sample_S19S_0073_Wat,314.0517902
69,Sample_S19S_0073_Wat,314.0881771
46,Sample_S19S_0073_Wat,314.1245573
54,Sample_S19S_0073_Wat,315.0146824
33,Sample_S19S_0073_Wat,315.0180328
78,Sample_S19S_0073_Wat,315.035781
68,Sample_S19S_0073_Wat,315.0510397
47,Sample_S19S_0073_Wat,315.0544106
84,Sample_S19S_0073_Wat,315.0721791
34,Sample_S19S_0073_Wat,315.0873994
7,Sample_S19S_0073_Wat,315.0907452
67,Sample_S19S_0073_Wat,315.1085755
61,Sample_S19S_0073_Wat,315.1238052
49,Sample_S19S_0073_Wat,315.1449559
40,Sample_S19S_0073_Wat,316.0463145
41,Sample_S19S_0073_Wat,316.0674166
50,Sample_S19S_0073_Wat,316.0826874
51,Sample_S19S_0073_Wat,316.1038062
24,Sample_S19S_0073_Wat,316.1402237
73,Sample_S19S_0073_Wat,317.0303382
10,Sample_S19S_0073_Wat,317.0337185
75,Sample_S19S_0073_Wat,317.0514233
83,Sample_S19S_0073_Wat,317.0666936
41,Sample_S19S_0073_Wat,317.0700656
2,Sample_S19S_0073_Wat,317.0780371
97,Sample_S19S_0073_Wat,317.0878157
61,Sample_S19S_0073_Wat,317.1030588
7,Sample_S19S_0073_Wat,317.1063977
50,Sample_S19S_0073_Wat,317.124227
61,Sample_S19S_0073_Wat,317.1394552
34,Sample_S19S_0073_Wat,317.1606071
27,Sample_S19S_0073_Wat,318.0255948
56,Sample_S19S_0073_Wat,318.0619419
22,Sample_S19S_0073_Wat,318.0831173
46,Sample_S19S_0073_Wat,318.0982984
21,Sample_S19S_0073_Wat,318.1194966
50,Sample_S19S_0073_Wat,319.009608
27,Sample_S19S_0073_Wat,319.0129316
28,Sample_S19S_0073_Wat,319.0460069
9,Sample_S19S_0073_Wat,319.0493681
2,Sample_S19S_0073_Wat,319.0573003
48,Sample_S19S_0073_Wat,319.0670953
81,Sample_S19S_0073_Wat,319.0823624
33,Sample_S19S_0073_Wat,319.0857041
4,Sample_S19S_0073_Wat,319.0936659
41,Sample_S19S_0073_Wat,319.103481
88,Sample_S19S_0073_Wat,319.1187158
52,Sample_S19S_0073_Wat,319.1551015
53,Sample_S19S_0073_Wat,320.0412195
9,Sample_S19S_0073_Wat,320.0623999
50,Sample_S19S_0073_Wat,320.0776287
21,Sample_S19S_0073_Wat,320.0987676
19,Sample_S19S_0073_Wat,320.1140206
20,Sample_S19S_0073_Wat,320.1351354
82,Sample_S19S_0073_Wat,321.0252313
83,Sample_S19S_0073_Wat,321.0616406
20,Sample_S19S_0073_Wat,321.0649964
9,Sample_S19S_0073_Wat,321.0728956
46,Sample_S19S_0073_Wat,321.0980285
5,Sample_S19S_0073_Wat,321.1093021
65,Sample_S19S_0073_Wat,321.1343949
40,Sample_S19S_0073_Wat,321.1707672
28,Sample_S19S_0073_Wat,322.0204668
67,Sample_S19S_0073_Wat,322.0568903
12,Sample_S19S_0073_Wat,322.0780206
65,Sample_S19S_0073_Wat,322.0932669
9,Sample_S19S_0073_Wat,322.1144282
64,Sample_S19S_0073_Wat,323.0044879
28,Sample_S19S_0073_Wat,323.0231329
87,Sample_S19S_0073_Wat,323.0408542
10,Sample_S19S_0073_Wat,323.0521494
26,Sample_S19S_0073_Wat,323.0595051
115,Sample_S19S_0073_Wat,323.0772527
26,Sample_S19S_0073_Wat,323.0884973
62,Sample_S19S_0073_Wat,323.1136726
54,Sample_S19S_0073_Wat,323.1500462
55,Sample_S19S_0073_Wat,324.0361498
68,Sample_S19S_0073_Wat,324.0725027
60,Sample_S19S_0073_Wat,324.108871
24,Sample_S19S_0073_Wat,325.0024079
24,Sample_S19S_0073_Wat,325.0201894
36,Sample_S19S_0073_Wat,325.0354075
34,Sample_S19S_0073_Wat,325.0387758
98,Sample_S19S_0073_Wat,325.0565425
8,Sample_S19S_0073_Wat,325.0678176
25,Sample_S19S_0073_Wat,325.0751326
116,Sample_S19S_0073_Wat,325.0928926
28,Sample_S19S_0073_Wat,325.1041654
82,Sample_S19S_0073_Wat,325.1292996
38,Sample_S19S_0073_Wat,325.1657004
1,Sample_S19S_0073_Wat,325.1842438
52,Sample_S19S_0073_Wat,326.0518083
66,Sample_S19S_0073_Wat,326.0881656
54,Sample_S19S_0073_Wat,326.1245662
39,Sample_S19S_0073_Wat,327.0146798
20,Sample_S19S_0073_Wat,327.0180623
85,Sample_S19S_0073_Wat,327.035782
52,Sample_S19S_0073_Wat,327.0510536
14,Sample_S19S_0073_Wat,327.0543882
83,Sample_S19S_0073_Wat,327.0722018
28,Sample_S19S_0073_Wat,327.0834311
56,Sample_S19S_0073_Wat,327.0874372
9,Sample_S19S_0073_Wat,327.090737
79,Sample_S19S_0073_Wat,327.1085831
67,Sample_S19S_0073_Wat,327.1449492
49,Sample_S19S_0073_Wat,328.067419
63,Sample_S19S_0073_Wat,328.1037984
16,Sample_S19S_0073_Wat,328.997322
19,Sample_S19S_0073_Wat,329.0151141
61,Sample_S19S_0073_Wat,329.0303285
45,Sample_S19S_0073_Wat,329.0336784
54,Sample_S19S_0073_Wat,329.0514722
31,Sample_S19S_0073_Wat,329.0667319
44,Sample_S19S_0073_Wat,329.0700573
111,Sample_S19S_0073_Wat,329.0878075
53,Sample_S19S_0073_Wat,329.1030905
19,Sample_S19S_0073_Wat,329.1064332
67,Sample_S19S_0073_Wat,329.1242163
1,Sample_S19S_0073_Wat,329.152419
23,Sample_S19S_0073_Wat,330.0467323
39,Sample_S19S_0073_Wat,330.0619755
32,Sample_S19S_0073_Wat,330.0831155
51,Sample_S19S_0073_Wat,330.1194763
39,Sample_S19S_0073_Wat,331.0095615
28,Sample_S19S_0073_Wat,331.012931
62,Sample_S19S_0073_Wat,331.0307044
52,Sample_S19S_0073_Wat,331.0459941
45,Sample_S19S_0073_Wat,331.0493372
69,Sample_S19S_0073_Wat,331.0670688
69,Sample_S19S_0073_Wat,331.0823608
28,Sample_S19S_0073_Wat,331.0857029
50,Sample_S19S_0073_Wat,331.1034998
76,Sample_S19S_0073_Wat,331.1187275
7,Sample_S19S_0073_Wat,331.122066
22,Sample_S19S_0073_Wat,331.1399002
15,Sample_S19S_0073_Wat,331.155166
45,Sample_S19S_0073_Wat,332.0412408
59,Sample_S19S_0073_Wat,332.0775831
44,Sample_S19S_0073_Wat,332.0987468
28,Sample_S19S_0073_Wat,332.1351167
36,Sample_S19S_0073_Wat,333.0252702
41,Sample_S19S_0073_Wat,333.0463704
47,Sample_S19S_0073_Wat,333.0616512
6,Sample_S19S_0073_Wat,333.0650225
40,Sample_S19S_0073_Wat,333.08277
82,Sample_S19S_0073_Wat,333.0980074
19,Sample_S19S_0073_Wat,333.1013488
11,Sample_S19S_0073_Wat,333.1191757
37,Sample_S19S_0073_Wat,333.1344131
26,Sample_S19S_0073_Wat,333.1707943
21,Sample_S19S_0073_Wat,334.0204647
63,Sample_S19S_0073_Wat,334.0568812
24,Sample_S19S_0073_Wat,334.0780188
43,Sample_S19S_0073_Wat,334.0932769
14,Sample_S19S_0073_Wat,334.1144217
53,Sample_S19S_0073_Wat,335.004499
61,Sample_S19S_0073_Wat,335.0409093
11,Sample_S19S_0073_Wat,335.0442667
99,Sample_S19S_0073_Wat,335.0772597
29,Sample_S19S_0073_Wat,335.0806299
58,Sample_S19S_0073_Wat,335.1136067
59,Sample_S19S_0073_Wat,335.150042
33,Sample_S19S_0073_Wat,335.1864245
1,Sample_S19S_0073_Wat,335.2358032
28,Sample_S19S_0073_Wat,336.0361684
35,Sample_S19S_0073_Wat,336.0725571
2,Sample_S19S_0073_Wat,336.0937181
61,Sample_S19S_0073_Wat,336.1089144
3,Sample_S19S_0073_Wat,336.1301036
75,Sample_S19S_0073_Wat,337.0201415
69,Sample_S19S_0073_Wat,337.0564852
20,Sample_S19S_0073_Wat,337.0677837
17,Sample_S19S_0073_Wat,337.0695448
109,Sample_S19S_0073_Wat,337.0929176
10,Sample_S19S_0073_Wat,337.1041904
104,Sample_S19S_0073_Wat,337.1292866
55,Sample_S19S_0073_Wat,337.1656867
15,Sample_S19S_0073_Wat,338.0518396
71,Sample_S19S_0073_Wat,338.0881798
3,Sample_S19S_0073_Wat,338.1093609
45,Sample_S19S_0073_Wat,338.1245766
27,Sample_S19S_0073_Wat,338.9993472
20,Sample_S19S_0073_Wat,339.0180613
80,Sample_S19S_0073_Wat,339.0357996
10,Sample_S19S_0073_Wat,339.0487586
120,Sample_S19S_0073_Wat,339.0721726
8,Sample_S19S_0073_Wat,339.0834699
124,Sample_S19S_0073_Wat,339.1085453
25,Sample_S19S_0073_Wat,339.1198231
35,Sample_S19S_0073_Wat,339.1449816
36,Sample_S19S_0073_Wat,339.1813533
2,Sample_S19S_0073_Wat,339.1999929
45,Sample_S19S_0073_Wat,340.0310651
20,Sample_S19S_0073_Wat,340.0674792
61,Sample_S19S_0073_Wat,340.1038147
19,Sample_S19S_0073_Wat,340.9973236
67,Sample_S19S_0073_Wat,341.0150623
33,Sample_S19S_0073_Wat,341.0302897
17,Sample_S19S_0073_Wat,341.0336306
83,Sample_S19S_0073_Wat,341.0514621
3,Sample_S19S_0073_Wat,341.0627609
35,Sample_S19S_0073_Wat,341.0667303
15,Sample_S19S_0073_Wat,341.0700215
116,Sample_S19S_0073_Wat,341.0878109
22,Sample_S19S_0073_Wat,341.0990914
25,Sample_S19S_0073_Wat,341.1031062
37,Sample_S19S_0073_Wat,341.12425
50,Sample_S19S_0073_Wat,341.1606173
28,Sample_S19S_0073_Wat,341.1969848
44,Sample_S19S_0073_Wat,342.0467143
14,Sample_S19S_0073_Wat,342.0619966
61,Sample_S19S_0073_Wat,342.0830768
48,Sample_S19S_0073_Wat,342.1194926
24,Sample_S19S_0073_Wat,343.0096148
17,Sample_S19S_0073_Wat,343.0129774
68,Sample_S19S_0073_Wat,343.0307124
51,Sample_S19S_0073_Wat,343.0459579
18,Sample_S19S_0073_Wat,343.0492868
58,Sample_S19S_0073_Wat,343.067113
19,Sample_S19S_0073_Wat,343.0823925
35,Sample_S19S_0073_Wat,343.0857039
103,Sample_S19S_0073_Wat,343.1034685
42,Sample_S19S_0073_Wat,343.1187422
17,Sample_S19S_0073_Wat,343.1399075
28,Sample_S19S_0073_Wat,343.1551386
37,Sample_S19S_0073_Wat,343.1762631
28,Sample_S19S_0073_Wat,344.0412523
47,Sample_S19S_0073_Wat,344.0623517
49,Sample_S19S_0073_Wat,344.0775907
43,Sample_S19S_0073_Wat,344.0987606
2,Sample_S19S_0073_Wat,344.1350437
62,Sample_S19S_0073_Wat,345.0252491
39,Sample_S19S_0073_Wat,345.0286059
61,Sample_S19S_0073_Wat,345.0463327
73,Sample_S19S_0073_Wat,345.0616254
38,Sample_S19S_0073_Wat,345.0649742
58,Sample_S19S_0073_Wat,345.0827674
65,Sample_S19S_0073_Wat,345.0980089
15,Sample_S19S_0073_Wat,345.1013399
57,Sample_S19S_0073_Wat,345.1191373
21,Sample_S19S_0073_Wat,345.1344288
28,Sample_S19S_0073_Wat,345.1555412
38,Sample_S19S_0073_Wat,345.170772
38,Sample_S19S_0073_Wat,346.0569005
36,Sample_S19S_0073_Wat,346.07802
55,Sample_S19S_0073_Wat,346.0932318
43,Sample_S19S_0073_Wat,346.1143644
19,Sample_S19S_0073_Wat,346.1507606
1,Sample_S19S_0073_Wat,346.2154294
55,Sample_S19S_0073_Wat,347.0045152
78,Sample_S19S_0073_Wat,347.0408756
47,Sample_S19S_0073_Wat,347.0442381
42,Sample_S19S_0073_Wat,347.0620279
100,Sample_S19S_0073_Wat,347.0772564
12,Sample_S19S_0073_Wat,347.0805924
26,Sample_S19S_0073_Wat,347.0903002
67,Sample_S19S_0073_Wat,347.0983726
44,Sample_S19S_0073_Wat,347.1136821
22,Sample_S19S_0073_Wat,347.1170036
24,Sample_S19S_0073_Wat,347.1348045
68,Sample_S19S_0073_Wat,347.1500262
11,Sample_S19S_0073_Wat,347.1864695
38,Sample_S19S_0073_Wat,348.0361356
31,Sample_S19S_0073_Wat,348.0725611
62,Sample_S19S_0073_Wat,348.1089104
13,Sample_S19S_0073_Wat,348.1300774
1,Sample_S19S_0073_Wat,348.231087
73,Sample_S19S_0073_Wat,349.0201636
31,Sample_S19S_0073_Wat,349.0564693
12,Sample_S19S_0073_Wat,349.0598406
2,Sample_S19S_0073_Wat,349.0678584
45,Sample_S19S_0073_Wat,349.0776304
81,Sample_S19S_0073_Wat,349.0929209
11,Sample_S19S_0073_Wat,349.0962266
6,Sample_S19S_0073_Wat,349.1042255
22,Sample_S19S_0073_Wat,349.1059291
80,Sample_S19S_0073_Wat,349.129303
59,Sample_S19S_0073_Wat,349.1656793
12,Sample_S19S_0073_Wat,349.2021049
18,Sample_S19S_0073_Wat,350.0518357
19,Sample_S19S_0073_Wat,350.072928
74,Sample_S19S_0073_Wat,350.0881844
22,Sample_S19S_0073_Wat,350.1245924
15,Sample_S19S_0073_Wat,350.1457077
26,Sample_S19S_0073_Wat,351.0180535
82,Sample_S19S_0073_Wat,351.0357871
14,Sample_S19S_0073_Wat,351.0488144
86,Sample_S19S_0073_Wat,351.0721501
51,Sample_S19S_0073_Wat,351.1085115
12,Sample_S19S_0073_Wat,351.1198443
25,Sample_S19S_0073_Wat,351.121581
47,Sample_S19S_0073_Wat,351.1449775
42,Sample_S19S_0073_Wat,351.1813076
33,Sample_S19S_0073_Wat,352.0310225
32,Sample_S19S_0073_Wat,352.0674721
60,Sample_S19S_0073_Wat,352.1038206
29,Sample_S19S_0073_Wat,352.140233
4,Sample_S19S_0073_Wat,352.997352
66,Sample_S19S_0073_Wat,353.0150696
28,Sample_S19S_0073_Wat,353.0336695
57,Sample_S19S_0073_Wat,353.0514753
116,Sample_S19S_0073_Wat,353.0878166
15,Sample_S19S_0073_Wat,353.0990962
12,Sample_S19S_0073_Wat,353.1008561
79,Sample_S19S_0073_Wat,353.124233
49,Sample_S19S_0073_Wat,353.1605629
31,Sample_S19S_0073_Wat,353.1970034
50,Sample_S19S_0073_Wat,354.0467104
72,Sample_S19S_0073_Wat,354.0830704
56,Sample_S19S_0073_Wat,354.1194893
28,Sample_S19S_0073_Wat,355.0096063
20,Sample_S19S_0073_Wat,355.0129751
69,Sample_S19S_0073_Wat,355.0306981
44,Sample_S19S_0073_Wat,355.0459559
11,Sample_S19S_0073_Wat,355.0492579
1,Sample_S19S_0073_Wat,355.0565592
79,Sample_S19S_0073_Wat,355.0671162
4,Sample_S19S_0073_Wat,355.0784081
5,Sample_S19S_0073_Wat,355.0824171
10,Sample_S19S_0073_Wat,355.0856467
106,Sample_S19S_0073_Wat,355.1034699
35,Sample_S19S_0073_Wat,355.1147135
23,Sample_S19S_0073_Wat,355.1399086
43,Sample_S19S_0073_Wat,355.1762476
67,Sample_S19S_0073_Wat,356.0623586
31,Sample_S19S_0073_Wat,356.0987693
49,Sample_S19S_0073_Wat,356.1350838
30,Sample_S19S_0073_Wat,356.1715182
51,Sample_S19S_0073_Wat,357.009976
37,Sample_S19S_0073_Wat,357.0251986
18,Sample_S19S_0073_Wat,357.028543
65,Sample_S19S_0073_Wat,357.046323
56,Sample_S19S_0073_Wat,357.061636
10,Sample_S19S_0073_Wat,357.0649448
94,Sample_S19S_0073_Wat,357.0827228
51,Sample_S19S_0073_Wat,357.0979761
25,Sample_S19S_0073_Wat,357.1110353
103,Sample_S19S_0073_Wat,357.1191097
31,Sample_S19S_0073_Wat,357.134414
68,Sample_S19S_0073_Wat,357.1554992
28,Sample_S19S_0073_Wat,357.191896
18,Sample_S19S_0073_Wat,358.0416411
52,Sample_S19S_0073_Wat,358.0568909
55,Sample_S19S_0073_Wat,358.077999
19,Sample_S19S_0073_Wat,358.1507103
50,Sample_S19S_0073_Wat,359.0045133
18,Sample_S19S_0073_Wat,359.007892
12,Sample_S19S_0073_Wat,359.0256737
22,Sample_S19S_0073_Wat,359.0409252
33,Sample_S19S_0073_Wat,359.0442657
70,Sample_S19S_0073_Wat,359.0619959
61,Sample_S19S_0073_Wat,359.077285
45,Sample_S19S_0073_Wat,359.0806207
35,Sample_S19S_0073_Wat,359.0984239
51,Sample_S19S_0073_Wat,359.1347452
63,Sample_S19S_0073_Wat,359.1500213
38,Sample_S19S_0073_Wat,359.1711775
49,Sample_S19S_0073_Wat,360.0361542
37,Sample_S19S_0073_Wat,360.0572322
37,Sample_S19S_0073_Wat,360.093678
47,Sample_S19S_0073_Wat,360.108919
4,Sample_S19S_0073_Wat,360.1299489
54,Sample_S19S_0073_Wat,361.0201475
3,Sample_S19S_0073_Wat,361.0235551
54,Sample_S19S_0073_Wat,361.0412698
64,Sample_S19S_0073_Wat,361.056505
20,Sample_S19S_0073_Wat,361.0598496
22,Sample_S19S_0073_Wat,361.069538
44,Sample_S19S_0073_Wat,361.077621
76,Sample_S19S_0073_Wat,361.0929312
38,Sample_S19S_0073_Wat,361.0962708
46,Sample_S19S_0073_Wat,361.1140532
97,Sample_S19S_0073_Wat,361.1292859
33,Sample_S19S_0073_Wat,361.1423317
53,Sample_S19S_0073_Wat,361.1504109
40,Sample_S19S_0073_Wat,361.1657046
71,Sample_S19S_0073_Wat,362.0881611
20,Sample_S19S_0073_Wat,362.1093336
7,Sample_S19S_0073_Wat,362.1246138
12,Sample_S19S_0073_Wat,362.9994703
3,Sample_S19S_0073_Wat,363.0180917
76,Sample_S19S_0073_Wat,363.0357881
50,Sample_S19S_0073_Wat,363.0569193
56,Sample_S19S_0073_Wat,363.0722122
23,Sample_S19S_0073_Wat,363.0755589
31,Sample_S19S_0073_Wat,363.0932688
94,Sample_S19S_0073_Wat,363.108539
3,Sample_S19S_0073_Wat,363.1118361
21,Sample_S19S_0073_Wat,363.1215932
37,Sample_S19S_0073_Wat,363.1449786
28,Sample_S19S_0073_Wat,363.1812892
46,Sample_S19S_0073_Wat,364.0310639
64,Sample_S19S_0073_Wat,364.0674047
20,Sample_S19S_0073_Wat,364.0885367
62,Sample_S19S_0073_Wat,364.1038292
61,Sample_S19S_0073_Wat,364.1401707
64,Sample_S19S_0073_Wat,365.015069
33,Sample_S19S_0073_Wat,365.0513776
16,Sample_S19S_0073_Wat,365.0644569
98,Sample_S19S_0073_Wat,365.0878382
9,Sample_S19S_0073_Wat,365.0911348
6,Sample_S19S_0073_Wat,365.0991282
28,Sample_S19S_0073_Wat,365.1008669
49,Sample_S19S_0073_Wat,365.1241727
20,Sample_S19S_0073_Wat,365.137244
23,Sample_S19S_0073_Wat,365.1606438
36,Sample_S19S_0073_Wat,365.1969623
78,Sample_S19S_0073_Wat,366.0830912
65,Sample_S19S_0073_Wat,366.1194629
68,Sample_S19S_0073_Wat,367.0306865
20,Sample_S19S_0073_Wat,367.0492837
101,Sample_S19S_0073_Wat,367.0671094
6,Sample_S19S_0073_Wat,367.0784012
13,Sample_S19S_0073_Wat,367.0801169
118,Sample_S19S_0073_Wat,367.1034613
15,Sample_S19S_0073_Wat,367.1147643
21,Sample_S19S_0073_Wat,367.1165264
13,Sample_S19S_0073_Wat,367.1399195
49,Sample_S19S_0073_Wat,367.1762158
24,Sample_S19S_0073_Wat,367.2126519
23,Sample_S19S_0073_Wat,368.0623951
90,Sample_S19S_0073_Wat,368.0987097
53,Sample_S19S_0073_Wat,368.1351331
10,Sample_S19S_0073_Wat,368.992244
55,Sample_S19S_0073_Wat,369.0099679
27,Sample_S19S_0073_Wat,369.0252119
13,Sample_S19S_0073_Wat,369.0285398
1,Sample_S19S_0073_Wat,369.0358294
52,Sample_S19S_0073_Wat,369.0463181
53,Sample_S19S_0073_Wat,369.061629
88,Sample_S19S_0073_Wat,369.0827443
24,Sample_S19S_0073_Wat,369.111039
29,Sample_S19S_0073_Wat,369.1190631
60,Sample_S19S_0073_Wat,369.1555194
17,Sample_S19S_0073_Wat,369.1837969
18,Sample_S19S_0073_Wat,369.1918398
22,Sample_S19S_0073_Wat,370.0568279
65,Sample_S19S_0073_Wat,370.0779692
38,Sample_S19S_0073_Wat,370.1507341
9,Sample_S19S_0073_Wat,371.0174923
25,Sample_S19S_0073_Wat,371.0255725
46,Sample_S19S_0073_Wat,371.0408802
13,Sample_S19S_0073_Wat,371.0441824
82,Sample_S19S_0073_Wat,371.0620102
5,Sample_S19S_0073_Wat,371.0805043
18,Sample_S19S_0073_Wat,371.0902981
50,Sample_S19S_0073_Wat,371.0983408
47,Sample_S19S_0073_Wat,371.1136558
5,Sample_S19S_0073_Wat,371.1169082
61,Sample_S19S_0073_Wat,371.1347918
48,Sample_S19S_0073_Wat,371.171134
40,Sample_S19S_0073_Wat,372.0572277
50,Sample_S19S_0073_Wat,372.0725108
54,Sample_S19S_0073_Wat,372.1300076
35,Sample_S19S_0073_Wat,373.0201141
16,Sample_S19S_0073_Wat,373.02348
8,Sample_S19S_0073_Wat,373.0331394
56,Sample_S19S_0073_Wat,373.0412407
72,Sample_S19S_0073_Wat,373.0565482
29,Sample_S19S_0073_Wat,373.0599109
36,Sample_S19S_0073_Wat,373.0776886
1,Sample_S19S_0073_Wat,373.0807779
46,Sample_S19S_0073_Wat,373.09294
20,Sample_S19S_0073_Wat,373.0962346
30,Sample_S19S_0073_Wat,373.1059583
64,Sample_S19S_0073_Wat,373.1140108
2,Sample_S19S_0073_Wat,373.1325699
18,Sample_S19S_0073_Wat,373.1504711
16,Sample_S19S_0073_Wat,373.1657318
35,Sample_S19S_0073_Wat,373.1867821
9,Sample_S19S_0073_Wat,374.0729636
37,Sample_S19S_0073_Wat,374.1456527
14,Sample_S19S_0073_Wat,374.9994641
29,Sample_S19S_0073_Wat,375.0358416
21,Sample_S19S_0073_Wat,375.0569615
74,Sample_S19S_0073_Wat,375.0721973
41,Sample_S19S_0073_Wat,375.0755416
26,Sample_S19S_0073_Wat,375.0852221
50,Sample_S19S_0073_Wat,375.0932745
6,Sample_S19S_0073_Wat,375.1118457
35,Sample_S19S_0073_Wat,375.1297066
79,Sample_S19S_0073_Wat,375.1449442
31,Sample_S19S_0073_Wat,375.1579842
21,Sample_S19S_0073_Wat,375.1660121
31,Sample_S19S_0073_Wat,375.1812892
17,Sample_S19S_0073_Wat,375.194367
26,Sample_S19S_0073_Wat,376.031082
58,Sample_S19S_0073_Wat,376.0674564
30,Sample_S19S_0073_Wat,376.1249335
40,Sample_S19S_0073_Wat,377.0150486
13,Sample_S19S_0073_Wat,377.0280631
84,Sample_S19S_0073_Wat,377.0514538
34,Sample_S19S_0073_Wat,377.0548048
37,Sample_S19S_0073_Wat,377.0725712
67,Sample_S19S_0073_Wat,377.0877952
7,Sample_S19S_0073_Wat,377.0911145
17,Sample_S19S_0073_Wat,377.100823
13,Sample_S19S_0073_Wat,377.1088705
99,Sample_S19S_0073_Wat,377.1241915
3,Sample_S19S_0073_Wat,377.1274434
28,Sample_S19S_0073_Wat,377.1372608
55,Sample_S19S_0073_Wat,377.1606102
20,Sample_S19S_0073_Wat,377.1735945
20,Sample_S19S_0073_Wat,377.1969233
22,Sample_S19S_0073_Wat,378.0466478
61,Sample_S19S_0073_Wat,378.0831073
80,Sample_S19S_0073_Wat,378.1194361
10,Sample_S19S_0073_Wat,379.012892
72,Sample_S19S_0073_Wat,379.0307221
33,Sample_S19S_0073_Wat,379.0670295
19,Sample_S19S_0073_Wat,379.0800689
118,Sample_S19S_0073_Wat,379.1034645
5,Sample_S19S_0073_Wat,379.1067259
30,Sample_S19S_0073_Wat,379.1165229
97,Sample_S19S_0073_Wat,379.1398402
20,Sample_S19S_0073_Wat,379.1528588
61,Sample_S19S_0073_Wat,379.1762343
77,Sample_S19S_0073_Wat,380.0987084
75,Sample_S19S_0073_Wat,380.1350974
20,Sample_S19S_0073_Wat,381.0099072
7,Sample_S19S_0073_Wat,381.0285164
76,Sample_S19S_0073_Wat,381.0463502
11,Sample_S19S_0073_Wat,381.0593318
35,Sample_S19S_0073_Wat,381.0826619
34,Sample_S19S_0073_Wat,381.0939738
106,Sample_S19S_0073_Wat,381.1191186
25,Sample_S19S_0073_Wat,381.1321708
84,Sample_S19S_0073_Wat,381.1555031
36,Sample_S19S_0073_Wat,381.1918695
37,Sample_S19S_0073_Wat,382.0415806
68,Sample_S19S_0073_Wat,382.0779661
79,Sample_S19S_0073_Wat,382.1143936
15,Sample_S19S_0073_Wat,382.1507159
22,Sample_S19S_0073_Wat,383.0044733
21,Sample_S19S_0073_Wat,383.0078699
32,Sample_S19S_0073_Wat,383.0255766
14,Sample_S19S_0073_Wat,383.040804
2,Sample_S19S_0073_Wat,383.0440773
47,Sample_S19S_0073_Wat,383.0619616
50,Sample_S19S_0073_Wat,383.0772634
109,Sample_S19S_0073_Wat,383.0983806
21,Sample_S19S_0073_Wat,383.1095949
27,Sample_S19S_0073_Wat,383.1266887
34,Sample_S19S_0073_Wat,383.1347075
40,Sample_S19S_0073_Wat,383.1711132
36,Sample_S19S_0073_Wat,383.2075249
38,Sample_S19S_0073_Wat,384.0572385
65,Sample_S19S_0073_Wat,384.0936599
34,Sample_S19S_0073_Wat,384.1664077
22,Sample_S19S_0073_Wat,385.0201172
14,Sample_S19S_0073_Wat,385.0234761
27,Sample_S19S_0073_Wat,385.0412026
43,Sample_S19S_0073_Wat,385.0564963
7,Sample_S19S_0073_Wat,385.0597522
88,Sample_S19S_0073_Wat,385.0776412
60,Sample_S19S_0073_Wat,385.0929264
9,Sample_S19S_0073_Wat,385.0961706
41,Sample_S19S_0073_Wat,385.1139909
34,Sample_S19S_0073_Wat,385.1292595
26,Sample_S19S_0073_Wat,385.1423072
42,Sample_S19S_0073_Wat,385.1503825
35,Sample_S19S_0073_Wat,385.1868285
6,Sample_S19S_0073_Wat,386.0517072
45,Sample_S19S_0073_Wat,386.0728862
55,Sample_S19S_0073_Wat,386.1093009
35,Sample_S19S_0073_Wat,386.1820531
18,Sample_S19S_0073_Wat,386.9993233
62,Sample_S19S_0073_Wat,387.0358113
38,Sample_S19S_0073_Wat,387.0391593
27,Sample_S19S_0073_Wat,387.0568488
21,Sample_S19S_0073_Wat,387.0721252
6,Sample_S19S_0073_Wat,387.075423
23,Sample_S19S_0073_Wat,387.0851909
31,Sample_S19S_0073_Wat,387.0932457
83,Sample_S19S_0073_Wat,387.1085636
4,Sample_S19S_0073_Wat,387.1118261
87,Sample_S19S_0073_Wat,387.1296791
23,Sample_S19S_0073_Wat,387.1579654
15,Sample_S19S_0073_Wat,387.1659841
27,Sample_S19S_0073_Wat,387.1812925
16,Sample_S19S_0073_Wat,387.19436
34,Sample_S19S_0073_Wat,387.2024406
8,Sample_S19S_0073_Wat,388.0309868
71,Sample_S19S_0073_Wat,388.0674506
48,Sample_S19S_0073_Wat,388.1037783
49,Sample_S19S_0073_Wat,388.1249219
35,Sample_S19S_0073_Wat,389.0150297
22,Sample_S19S_0073_Wat,389.0184174
10,Sample_S19S_0073_Wat,389.0280824
28,Sample_S19S_0073_Wat,389.036144
61,Sample_S19S_0073_Wat,389.051417
9,Sample_S19S_0073_Wat,389.054731
15,Sample_S19S_0073_Wat,389.0644457
23,Sample_S19S_0073_Wat,389.0724972
82,Sample_S19S_0073_Wat,389.0878118
12,Sample_S19S_0073_Wat,389.0911204
27,Sample_S19S_0073_Wat,389.1008827
36,Sample_S19S_0073_Wat,389.108981
95,Sample_S19S_0073_Wat,389.1242045
23,Sample_S19S_0073_Wat,389.1372295
19,Sample_S19S_0073_Wat,389.1452618
30,Sample_S19S_0073_Wat,389.1605387
22,Sample_S19S_0073_Wat,389.1736085
36,Sample_S19S_0073_Wat,389.1969883
37,Sample_S19S_0073_Wat,390.0466839
81,Sample_S19S_0073_Wat,390.083092
34,Sample_S19S_0073_Wat,391.0307447
26,Sample_S19S_0073_Wat,391.0340748
37,Sample_S19S_0073_Wat,391.0518108
52,Sample_S19S_0073_Wat,391.0670531
12,Sample_S19S_0073_Wat,391.070384
17,Sample_S19S_0073_Wat,391.0881255
51,Sample_S19S_0073_Wat,391.1034381
6,Sample_S19S_0073_Wat,391.1066925
26,Sample_S19S_0073_Wat,391.1245591
51,Sample_S19S_0073_Wat,391.1398852
15,Sample_S19S_0073_Wat,391.1528412
39,Sample_S19S_0073_Wat,391.1762035
12,Sample_S19S_0073_Wat,391.1892281
31,Sample_S19S_0073_Wat,391.212612
20,Sample_S19S_0073_Wat,392.0259958
56,Sample_S19S_0073_Wat,392.06231
19,Sample_S19S_0073_Wat,392.0834684
76,Sample_S19S_0073_Wat,392.098752
26,Sample_S19S_0073_Wat,392.1198706
62,Sample_S19S_0073_Wat,392.1351125
19,Sample_S19S_0073_Wat,393.010021
11,Sample_S19S_0073_Wat,393.0285634
49,Sample_S19S_0073_Wat,393.0463154
16,Sample_S19S_0073_Wat,393.0593644
85,Sample_S19S_0073_Wat,393.0827628
11,Sample_S19S_0073_Wat,393.0860569
92,Sample_S19S_0073_Wat,393.1191285
22,Sample_S19S_0073_Wat,393.1321265
44,Sample_S19S_0073_Wat,393.1554711
17,Sample_S19S_0073_Wat,393.1685262
22,Sample_S19S_0073_Wat,393.1919402
36,Sample_S19S_0073_Wat,394.0415806
45,Sample_S19S_0073_Wat,394.078026
9,Sample_S19S_0073_Wat,394.0991655
48,Sample_S19S_0073_Wat,394.1144108
16,Sample_S19S_0073_Wat,395.0078861
37,Sample_S19S_0073_Wat,395.0255818
7,Sample_S19S_0073_Wat,395.0441067
61,Sample_S19S_0073_Wat,395.0619708
57,Sample_S19S_0073_Wat,395.0984243
120,Sample_S19S_0073_Wat,395.1347697
16,Sample_S19S_0073_Wat,395.1477706
47,Sample_S19S_0073_Wat,395.171191
13,Sample_S19S_0073_Wat,395.2075813
67,Sample_S19S_0073_Wat,396.0936653
38,Sample_S19S_0073_Wat,396.13006
54,Sample_S19S_0073_Wat,396.1664019
13,Sample_S19S_0073_Wat,397.0200883
14,Sample_S19S_0073_Wat,397.0234647
56,Sample_S19S_0073_Wat,397.0412485
41,Sample_S19S_0073_Wat,397.0565368
10,Sample_S19S_0073_Wat,397.0597441
33,Sample_S19S_0073_Wat,397.0775828
20,Sample_S19S_0073_Wat,397.1059758
73,Sample_S19S_0073_Wat,397.1140135
4,Sample_S19S_0073_Wat,397.1325142
88,Sample_S19S_0073_Wat,397.1504225
26,Sample_S19S_0073_Wat,397.1867602
60,Sample_S19S_0073_Wat,398.0729329
63,Sample_S19S_0073_Wat,398.1456531
7,Sample_S19S_0073_Wat,399.0028319
32,Sample_S19S_0073_Wat,399.0205105
14,Sample_S19S_0073_Wat,399.0356696
5,Sample_S19S_0073_Wat,399.0390544
10,Sample_S19S_0073_Wat,399.0488349
22,Sample_S19S_0073_Wat,399.0568344
37,Sample_S19S_0073_Wat,399.0721389
5,Sample_S19S_0073_Wat,399.0753668
22,Sample_S19S_0073_Wat,399.085227
71,Sample_S19S_0073_Wat,399.0932727
22,Sample_S19S_0073_Wat,399.1086044
6,Sample_S19S_0073_Wat,399.1117451
65,Sample_S19S_0073_Wat,399.1296635
42,Sample_S19S_0073_Wat,399.1449193
15,Sample_S19S_0073_Wat,399.1579458
4,Sample_S19S_0073_Wat,399.1659287
15,Sample_S19S_0073_Wat,399.1943775
34,Sample_S19S_0073_Wat,399.2024375
19,Sample_S19S_0073_Wat,400.0310423
21,Sample_S19S_0073_Wat,400.0674729
42,Sample_S19S_0073_Wat,400.1249077
37,Sample_S19S_0073_Wat,401.0150794
7,Sample_S19S_0073_Wat,401.0281026
28,Sample_S19S_0073_Wat,401.0362034
69,Sample_S19S_0073_Wat,401.0514549
20,Sample_S19S_0073_Wat,401.0547584
14,Sample_S19S_0073_Wat,401.0644945
25,Sample_S19S_0073_Wat,401.0725084
70,Sample_S19S_0073_Wat,401.0878209
6,Sample_S19S_0073_Wat,401.0910681
62,Sample_S19S_0073_Wat,401.1089631
6,Sample_S19S_0073_Wat,401.1273966
70,Sample_S19S_0073_Wat,401.1453284
60,Sample_S19S_0073_Wat,401.1605804
18,Sample_S19S_0073_Wat,401.1736033
16,Sample_S19S_0073_Wat,401.1816514
19,Sample_S19S_0073_Wat,401.1969344
17,Sample_S19S_0073_Wat,401.2100146
33,Sample_S19S_0073_Wat,402.0466811
17,Sample_S19S_0073_Wat,402.0831391
4,Sample_S19S_0073_Wat,402.1042761
9,Sample_S19S_0073_Wat,402.1195259
32,Sample_S19S_0073_Wat,402.1405573
16,Sample_S19S_0073_Wat,402.9942525
17,Sample_S19S_0073_Wat,403.0305846
3,Sample_S19S_0073_Wat,403.033958
12,Sample_S19S_0073_Wat,403.0437271
21,Sample_S19S_0073_Wat,403.0517845
84,Sample_S19S_0073_Wat,403.0671122
19,Sample_S19S_0073_Wat,403.0704072
63,Sample_S19S_0073_Wat,403.0881974
70,Sample_S19S_0073_Wat,403.1034476
1,Sample_S19S_0073_Wat,403.1066431
25,Sample_S19S_0073_Wat,403.1164656
21,Sample_S19S_0073_Wat,403.1245163
84,Sample_S19S_0073_Wat,403.1398463
30,Sample_S19S_0073_Wat,403.1529106
30,Sample_S19S_0073_Wat,403.1609357
30,Sample_S19S_0073_Wat,403.1762826
78,Sample_S19S_0073_Wat,404.0623618
34,Sample_S19S_0073_Wat,404.0834492
73,Sample_S19S_0073_Wat,404.1351085
13,Sample_S19S_0073_Wat,405.0098791
74,Sample_S19S_0073_Wat,405.0463718
13,Sample_S19S_0073_Wat,405.0496661
37,Sample_S19S_0073_Wat,405.0674473
53,Sample_S19S_0073_Wat,405.0827082
6,Sample_S19S_0073_Wat,405.103722
33,Sample_S19S_0073_Wat,405.1190623
29,Sample_S19S_0073_Wat,405.1321292
12,Sample_S19S_0073_Wat,405.1401404
48,Sample_S19S_0073_Wat,405.1555362
26,Sample_S19S_0073_Wat,405.1685606
41,Sample_S19S_0073_Wat,405.1918632
4,Sample_S19S_0073_Wat,405.2048711
26,Sample_S19S_0073_Wat,406.041642
10,Sample_S19S_0073_Wat,406.0990792
79,Sample_S19S_0073_Wat,406.1143545
7,Sample_S19S_0073_Wat,407.007823
30,Sample_S19S_0073_Wat,407.0255705
4,Sample_S19S_0073_Wat,407.0441258
68,Sample_S19S_0073_Wat,407.0620299
16,Sample_S19S_0073_Wat,407.0750599
99,Sample_S19S_0073_Wat,407.0983755
3,Sample_S19S_0073_Wat,407.1015177
19,Sample_S19S_0073_Wat,407.1113661
81,Sample_S19S_0073_Wat,407.1347505
23,Sample_S19S_0073_Wat,407.1477958
11,Sample_S19S_0073_Wat,407.1712237
17,Sample_S19S_0073_Wat,407.2075913
75,Sample_S19S_0073_Wat,408.0936661
85,Sample_S19S_0073_Wat,408.1300077
9,Sample_S19S_0073_Wat,409.0234633
35,Sample_S19S_0073_Wat,409.0412228
28,Sample_S19S_0073_Wat,409.07757
10,Sample_S19S_0073_Wat,409.0905208
96,Sample_S19S_0073_Wat,409.1140221
14,Sample_S19S_0073_Wat,409.1270356
98,Sample_S19S_0073_Wat,409.1504235
9,Sample_S19S_0073_Wat,409.1633923
11,Sample_S19S_0073_Wat,409.1787026
17,Sample_S19S_0073_Wat,409.1867344
35,Sample_S19S_0073_Wat,409.2231724
29,Sample_S19S_0073_Wat,410.0365413
64,Sample_S19S_0073_Wat,410.0729191
20,Sample_S19S_0073_Wat,410.1092388
62,Sample_S19S_0073_Wat,410.1456867
33,Sample_S19S_0073_Wat,411.0205049
14,Sample_S19S_0073_Wat,411.0357156
8,Sample_S19S_0073_Wat,411.0390774
27,Sample_S19S_0073_Wat,411.0568579
21,Sample_S19S_0073_Wat,411.0721337
6,Sample_S19S_0073_Wat,411.0754405
79,Sample_S19S_0073_Wat,411.0933142
87,Sample_S19S_0073_Wat,411.1296933
29,Sample_S19S_0073_Wat,411.1579879
50,Sample_S19S_0073_Wat,411.1660419
4,Sample_S19S_0073_Wat,411.2022993
24,Sample_S19S_0073_Wat,412.0521769
45,Sample_S19S_0073_Wat,412.0885256
67,Sample_S19S_0073_Wat,412.1249118
22,Sample_S19S_0073_Wat,413.0150329
11,Sample_S19S_0073_Wat,413.018396
8,Sample_S19S_0073_Wat,413.0280916
30,Sample_S19S_0073_Wat,413.0361429
5,Sample_S19S_0073_Wat,413.0513424
8,Sample_S19S_0073_Wat,413.0546664
12,Sample_S19S_0073_Wat,413.06446
11,Sample_S19S_0073_Wat,413.072442
40,Sample_S19S_0073_Wat,413.087795
9,Sample_S19S_0073_Wat,413.0910377
25,Sample_S19S_0073_Wat,413.1008794
86,Sample_S19S_0073_Wat,413.1089345
60,Sample_S19S_0073_Wat,413.12421
5,Sample_S19S_0073_Wat,413.127421
20,Sample_S19S_0073_Wat,413.1372735
25,Sample_S19S_0073_Wat,413.1452768
7,Sample_S19S_0073_Wat,413.1605228
20,Sample_S19S_0073_Wat,413.1736056
16,Sample_S19S_0073_Wat,413.1816156
27,Sample_S19S_0073_Wat,415.0306688
24,Sample_S19S_0073_Wat,415.0340778
25,Sample_S19S_0073_Wat,415.0518724
7,Sample_S19S_0073_Wat,415.0671726
19,Sample_S19S_0073_Wat,415.0704085
11,Sample_S19S_0073_Wat,415.080159
66,Sample_S19S_0073_Wat,415.0881916
65,Sample_S19S_0073_Wat,415.1034568
8,Sample_S19S_0073_Wat,415.1066895
22,Sample_S19S_0073_Wat,415.1164835
35,Sample_S19S_0073_Wat,415.1245406
25,Sample_S19S_0073_Wat,415.1529316
56,Sample_S19S_0073_Wat,415.1609859
9,Sample_S19S_0073_Wat,415.1763155
31,Sample_S19S_0073_Wat,415.1973464
39,Sample_S19S_0073_Wat,416.0623295
6,Sample_S19S_0073_Wat,416.0986591
37,Sample_S19S_0073_Wat,417.009975
30,Sample_S19S_0073_Wat,417.0310977
49,Sample_S19S_0073_Wat,417.0463346
14,Sample_S19S_0073_Wat,417.0593749
22,Sample_S19S_0073_Wat,417.0674105
26,Sample_S19S_0073_Wat,417.0826722
8,Sample_S19S_0073_Wat,417.085967
17,Sample_S19S_0073_Wat,417.0957124
23,Sample_S19S_0073_Wat,417.1037889
84,Sample_S19S_0073_Wat,417.1191101
5,Sample_S19S_0073_Wat,417.1223013
35,Sample_S19S_0073_Wat,417.1321667
40,Sample_S19S_0073_Wat,417.1402188
68,Sample_S19S_0073_Wat,417.1555165
39,Sample_S19S_0073_Wat,417.1685514
13,Sample_S19S_0073_Wat,417.1765666
5,Sample_S19S_0073_Wat,417.2048604
10,Sample_S19S_0073_Wat,417.2281724
19,Sample_S19S_0073_Wat,418.0416648
57,Sample_S19S_0073_Wat,418.0779721
18,Sample_S19S_0073_Wat,418.1144292
38,Sample_S19S_0073_Wat,419.0256123
43,Sample_S19S_0073_Wat,419.0619721
9,Sample_S19S_0073_Wat,419.0829959
17,Sample_S19S_0073_Wat,419.0982983
1,Sample_S19S_0073_Wat,419.1015327
5,Sample_S19S_0073_Wat,419.1113471
10,Sample_S19S_0073_Wat,419.1194106
88,Sample_S19S_0073_Wat,419.1347745
27,Sample_S19S_0073_Wat,419.1478319
44,Sample_S19S_0073_Wat,419.1711927
27,Sample_S19S_0073_Wat,419.1842051
54,Sample_S19S_0073_Wat,420.0572817
18,Sample_S19S_0073_Wat,421.0048082
3,Sample_S19S_0073_Wat,421.0234417
51,Sample_S19S_0073_Wat,421.0412704
25,Sample_S19S_0073_Wat,421.0777047
22,Sample_S19S_0073_Wat,421.0906648
103,Sample_S19S_0073_Wat,421.1140346
18,Sample_S19S_0073_Wat,421.1270174
87,Sample_S19S_0073_Wat,421.1504292
1,Sample_S19S_0073_Wat,421.1552081
22,Sample_S19S_0073_Wat,421.1634511
21,Sample_S19S_0073_Wat,421.1868654
4,Sample_S19S_0073_Wat,421.2232692
9,Sample_S19S_0073_Wat,422.0364426
58,Sample_S19S_0073_Wat,422.0728802
37,Sample_S19S_0073_Wat,422.1093338
24,Sample_S19S_0073_Wat,423.0205894
15,Sample_S19S_0073_Wat,423.0357832
61,Sample_S19S_0073_Wat,423.0569089
29,Sample_S19S_0073_Wat,423.093231
111,Sample_S19S_0073_Wat,423.1296813
12,Sample_S19S_0073_Wat,423.1426961
34,Sample_S19S_0073_Wat,423.1661225
16,Sample_S19S_0073_Wat,423.179095
48,Sample_S19S_0073_Wat,423.2024382
18,Sample_S19S_0073_Wat,424.0522173
1,Sample_S19S_0073_Wat,424.0886497
44,Sample_S19S_0073_Wat,424.1249783
9,Sample_S19S_0073_Wat,425.0184778
49,Sample_S19S_0073_Wat,425.0361852
12,Sample_S19S_0073_Wat,425.0513214
5,Sample_S19S_0073_Wat,425.054654
22,Sample_S19S_0073_Wat,425.0724714
6,Sample_S19S_0073_Wat,425.091008
16,Sample_S19S_0073_Wat,425.1008972
56,Sample_S19S_0073_Wat,425.1089252
21,Sample_S19S_0073_Wat,425.1453873
46,Sample_S19S_0073_Wat,425.1816982
11,Sample_S19S_0073_Wat,425.2100538
28,Sample_S19S_0073_Wat,426.0467067
66,Sample_S19S_0073_Wat,426.1405881
52,Sample_S19S_0073_Wat,426.1769689
20,Sample_S19S_0073_Wat,427.0154789
16,Sample_S19S_0073_Wat,427.0307487
25,Sample_S19S_0073_Wat,427.0518808
13,Sample_S19S_0073_Wat,427.0669702
12,Sample_S19S_0073_Wat,427.0801714
48,Sample_S19S_0073_Wat,427.088175
42,Sample_S19S_0073_Wat,427.1035014
5,Sample_S19S_0073_Wat,427.106705
19,Sample_S19S_0073_Wat,427.1165345
77,Sample_S19S_0073_Wat,427.1245871
3,Sample_S19S_0073_Wat,427.1399769
3,Sample_S19S_0073_Wat,427.1431663
8,Sample_S19S_0073_Wat,427.1610597
36,Sample_S19S_0073_Wat,427.1973395
15,Sample_S19S_0073_Wat,428.0622933
54,Sample_S19S_0073_Wat,428.0987544
31,Sample_S19S_0073_Wat,428.1562791
11,Sample_S19S_0073_Wat,428.1925676
18,Sample_S19S_0073_Wat,429.0099567
11,Sample_S19S_0073_Wat,429.0132649
30,Sample_S19S_0073_Wat,429.0310878
34,Sample_S19S_0073_Wat,429.0463286
14,Sample_S19S_0073_Wat,429.0496556
50,Sample_S19S_0073_Wat,429.067488
3,Sample_S19S_0073_Wat,429.0829209
14,Sample_S19S_0073_Wat,429.0861392
10,Sample_S19S_0073_Wat,429.1039457
7,Sample_S19S_0073_Wat,429.1192381
11,Sample_S19S_0073_Wat,429.1224523
65,Sample_S19S_0073_Wat,429.1402424
28,Sample_S19S_0073_Wat,429.1555582
1,Sample_S19S_0073_Wat,429.1587517
29,Sample_S19S_0073_Wat,429.1685491
25,Sample_S19S_0073_Wat,429.1765924
37,Sample_S19S_0073_Wat,429.1919036
27,Sample_S19S_0073_Wat,429.2129876
24,Sample_S19S_0073_Wat,430.0416122
13,Sample_S19S_0073_Wat,430.0780537
38,Sample_S19S_0073_Wat,430.0991542
73,Sample_S19S_0073_Wat,430.1143962
51,Sample_S19S_0073_Wat,430.1354817
25,Sample_S19S_0073_Wat,431.0256563
6,Sample_S19S_0073_Wat,431.0386601
15,Sample_S19S_0073_Wat,431.04681
72,Sample_S19S_0073_Wat,431.0620177
13,Sample_S19S_0073_Wat,431.0653523
51,Sample_S19S_0073_Wat,431.083125
76,Sample_S19S_0073_Wat,431.098388
5,Sample_S19S_0073_Wat,431.1016424
21,Sample_S19S_0073_Wat,431.1113826
27,Sample_S19S_0073_Wat,431.1194411
31,Sample_S19S_0073_Wat,431.1347291
2,Sample_S19S_0073_Wat,431.1378968
25,Sample_S19S_0073_Wat,431.1477957
24,Sample_S19S_0073_Wat,431.1558407
34,Sample_S19S_0073_Wat,431.1711879
16,Sample_S19S_0073_Wat,431.2076023
6,Sample_S19S_0073_Wat,431.2206124
9,Sample_S19S_0073_Wat,432.0573233
25,Sample_S19S_0073_Wat,432.078404
91,Sample_S19S_0073_Wat,432.093661
72,Sample_S19S_0073_Wat,432.1300404
2,Sample_S19S_0073_Wat,432.1876103
1,Sample_S19S_0073_Wat,432.9695275
19,Sample_S19S_0073_Wat,433.0048372
53,Sample_S19S_0073_Wat,433.0412948
3,Sample_S19S_0073_Wat,433.0543356
26,Sample_S19S_0073_Wat,433.0624271
78,Sample_S19S_0073_Wat,433.077665
18,Sample_S19S_0073_Wat,433.0906617
18,Sample_S19S_0073_Wat,433.0986887
26,Sample_S19S_0073_Wat,433.1139658
8,Sample_S19S_0073_Wat,433.1269982
3,Sample_S19S_0073_Wat,433.13501
29,Sample_S19S_0073_Wat,433.1503758
29,Sample_S19S_0073_Wat,433.1634586
38,Sample_S19S_0073_Wat,433.1868494
13,Sample_S19S_0073_Wat,433.1998888
11,Sample_S19S_0073_Wat,434.072975
21,Sample_S19S_0073_Wat,434.1093421
18,Sample_S19S_0073_Wat,435.0204588
1,Sample_S19S_0073_Wat,435.0389878
55,Sample_S19S_0073_Wat,435.0569041
19,Sample_S19S_0073_Wat,435.0698968
78,Sample_S19S_0073_Wat,435.093324
19,Sample_S19S_0073_Wat,435.1062764
31,Sample_S19S_0073_Wat,435.1296329
5,Sample_S19S_0073_Wat,435.1426364
27,Sample_S19S_0073_Wat,435.1659973
17,Sample_S19S_0073_Wat,435.1790631
49,Sample_S19S_0073_Wat,435.2024665
5,Sample_S19S_0073_Wat,435.238903
24,Sample_S19S_0073_Wat,436.0521427
25,Sample_S19S_0073_Wat,436.0886111
5,Sample_S19S_0073_Wat,436.1250197
1,Sample_S19S_0073_Wat,436.9644408
41,Sample_S19S_0073_Wat,437.0361523
28,Sample_S19S_0073_Wat,437.072483
5,Sample_S19S_0073_Wat,437.1009114
28,Sample_S19S_0073_Wat,437.1088959
3,Sample_S19S_0073_Wat,437.1219003
63,Sample_S19S_0073_Wat,437.1453651
21,Sample_S19S_0073_Wat,437.158378
1,Sample_S19S_0073_Wat,437.1737814
53,Sample_S19S_0073_Wat,437.1817485
10,Sample_S19S_0073_Wat,437.2100538
11,Sample_S19S_0073_Wat,437.2180272
19,Sample_S19S_0073_Wat,438.0678822
76,Sample_S19S_0073_Wat,438.1405683
15,Sample_S19S_0073_Wat,439.0153758
3,Sample_S19S_0073_Wat,439.030563
3,Sample_S19S_0073_Wat,439.0339499
22,Sample_S19S_0073_Wat,439.051737
76,Sample_S19S_0073_Wat,439.0882098
87,Sample_S19S_0073_Wat,439.1246064
6,Sample_S19S_0073_Wat,439.1375419
18,Sample_S19S_0073_Wat,439.1529344
36,Sample_S19S_0073_Wat,439.1609425
24,Sample_S19S_0073_Wat,439.1892886
20,Sample_S19S_0073_Wat,439.1973056
12,Sample_S19S_0073_Wat,439.2256709
46,Sample_S19S_0073_Wat,440.0834468
38,Sample_S19S_0073_Wat,440.1198163
20,Sample_S19S_0073_Wat,441.0310268
12,Sample_S19S_0073_Wat,441.0462365
9,Sample_S19S_0073_Wat,441.0495906
6,Sample_S19S_0073_Wat,441.0593601
38,Sample_S19S_0073_Wat,441.0674409
40,Sample_S19S_0073_Wat,441.0827166
11,Sample_S19S_0073_Wat,441.0860426
39,Sample_S19S_0073_Wat,441.1039049
17,Sample_S19S_0073_Wat,441.1191742
59,Sample_S19S_0073_Wat,441.1402285
13,Sample_S19S_0073_Wat,441.1554489
17,Sample_S19S_0073_Wat,441.168514
25,Sample_S19S_0073_Wat,441.1765589
14,Sample_S19S_0073_Wat,441.2049192
11,Sample_S19S_0073_Wat,441.2129575
26,Sample_S19S_0073_Wat,442.0416289
15,Sample_S19S_0073_Wat,442.0779366
13,Sample_S19S_0073_Wat,442.0990637
21,Sample_S19S_0073_Wat,442.135461
19,Sample_S19S_0073_Wat,443.0255061
1,Sample_S19S_0073_Wat,443.0288063
21,Sample_S19S_0073_Wat,443.0466588
17,Sample_S19S_0073_Wat,443.061884
5,Sample_S19S_0073_Wat,443.0652174
15,Sample_S19S_0073_Wat,443.0749837
32,Sample_S19S_0073_Wat,443.0830557
42,Sample_S19S_0073_Wat,443.0984287
19,Sample_S19S_0073_Wat,443.1114516
68,Sample_S19S_0073_Wat,443.119518
6,Sample_S19S_0073_Wat,443.1348538
6,Sample_S19S_0073_Wat,443.1380667
22,Sample_S19S_0073_Wat,443.1478565
55,Sample_S19S_0073_Wat,443.1558944
25,Sample_S19S_0073_Wat,443.1841796
16,Sample_S19S_0073_Wat,443.1922057
6,Sample_S19S_0073_Wat,443.2074098
10,Sample_S19S_0073_Wat,443.2205255
51,Sample_S19S_0073_Wat,444.0572726
21,Sample_S19S_0073_Wat,444.093696
15,Sample_S19S_0073_Wat,445.0048403
46,Sample_S19S_0073_Wat,445.0412697
7,Sample_S19S_0073_Wat,445.054308
43,Sample_S19S_0073_Wat,445.0623769
39,Sample_S19S_0073_Wat,445.0776178
5,Sample_S19S_0073_Wat,445.0808638
13,Sample_S19S_0073_Wat,445.0986624
3,Sample_S19S_0073_Wat,445.1083593
18,Sample_S19S_0073_Wat,445.1139537
1,Sample_S19S_0073_Wat,445.1171907
20,Sample_S19S_0073_Wat,445.127011
12,Sample_S19S_0073_Wat,445.1350548
36,Sample_S19S_0073_Wat,445.1503907
35,Sample_S19S_0073_Wat,445.1634705
47,Sample_S19S_0073_Wat,445.1715289
41,Sample_S19S_0073_Wat,445.1868428
30,Sample_S19S_0073_Wat,445.223207
17,Sample_S19S_0073_Wat,446.0364887
21,Sample_S19S_0073_Wat,446.0728598
33,Sample_S19S_0073_Wat,446.1457127
20,Sample_S19S_0073_Wat,447.0204695
9,Sample_S19S_0073_Wat,447.056785
6,Sample_S19S_0073_Wat,447.0698296
7,Sample_S19S_0073_Wat,447.0779114
17,Sample_S19S_0073_Wat,447.09323
20,Sample_S19S_0073_Wat,447.114388
80,Sample_S19S_0073_Wat,447.1297048
32,Sample_S19S_0073_Wat,447.1427418
11,Sample_S19S_0073_Wat,447.1507185
74,Sample_S19S_0073_Wat,447.1660641
25,Sample_S19S_0073_Wat,447.179104
18,Sample_S19S_0073_Wat,447.2023724
4,Sample_S19S_0073_Wat,447.2154152
9,Sample_S19S_0073_Wat,448.0520882
73,Sample_S19S_0073_Wat,448.088573
21,Sample_S19S_0073_Wat,448.1096972
3,Sample_S19S_0073_Wat,449.0183114
18,Sample_S19S_0073_Wat,449.0360637
1,Sample_S19S_0073_Wat,449.0491393
24,Sample_S19S_0073_Wat,449.0724952
20,Sample_S19S_0073_Wat,449.0855556
1,Sample_S19S_0073_Wat,449.0934995
95,Sample_S19S_0073_Wat,449.1089599
19,Sample_S19S_0073_Wat,449.1219859
84,Sample_S19S_0073_Wat,449.1453221
24,Sample_S19S_0073_Wat,449.1583358
28,Sample_S19S_0073_Wat,449.1816462
3,Sample_S19S_0073_Wat,449.1946593
13,Sample_S19S_0073_Wat,449.2180299
12,Sample_S19S_0073_Wat,451.0153576
18,Sample_S19S_0073_Wat,451.0517204
39,Sample_S19S_0073_Wat,451.0881744
63,Sample_S19S_0073_Wat,451.124616
1,Sample_S19S_0073_Wat,451.1530256
37,Sample_S19S_0073_Wat,451.1609528
12,Sample_S19S_0073_Wat,451.1739524
12,Sample_S19S_0073_Wat,451.189303
8,Sample_S19S_0073_Wat,451.1972791
11,Sample_S19S_0073_Wat,451.2336787
47,Sample_S19S_0073_Wat,452.0834394
18,Sample_S19S_0073_Wat,452.1199139
12,Sample_S19S_0073_Wat,453.0099117
26,Sample_S19S_0073_Wat,453.0310814
10,Sample_S19S_0073_Wat,453.0462824
3,Sample_S19S_0073_Wat,453.0495533
27,Sample_S19S_0073_Wat,453.0673983
10,Sample_S19S_0073_Wat,453.0957146
16,Sample_S19S_0073_Wat,453.1037558
17,Sample_S19S_0073_Wat,453.1321972
43,Sample_S19S_0073_Wat,453.140211
8,Sample_S19S_0073_Wat,453.1532352
4,Sample_S19S_0073_Wat,453.1686448
67,Sample_S19S_0073_Wat,453.1766436
16,Sample_S19S_0073_Wat,453.2049759
37,Sample_S19S_0073_Wat,454.0627542
16,Sample_S19S_0073_Wat,455.025566
6,Sample_S19S_0073_Wat,455.0288857
43,Sample_S19S_0073_Wat,455.0467468
48,Sample_S19S_0073_Wat,455.0620251
6,Sample_S19S_0073_Wat,455.0652945
49,Sample_S19S_0073_Wat,455.0831528
45,Sample_S19S_0073_Wat,455.0984121
17,Sample_S19S_0073_Wat,455.111472
40,Sample_S19S_0073_Wat,455.1194736
2,Sample_S19S_0073_Wat,455.1290278
9,Sample_S19S_0073_Wat,455.1346803
21,Sample_S19S_0073_Wat,455.14777
16,Sample_S19S_0073_Wat,455.1558023
1,Sample_S19S_0073_Wat,455.1654128
16,Sample_S19S_0073_Wat,455.1841535
14,Sample_S19S_0073_Wat,455.1921775
20,Sample_S19S_0073_Wat,455.2205892
5,Sample_S19S_0073_Wat,455.2285132
8,Sample_S19S_0073_Wat,457.0260917
38,Sample_S19S_0073_Wat,457.0412916
6,Sample_S19S_0073_Wat,457.044535
41,Sample_S19S_0073_Wat,457.0624071
17,Sample_S19S_0073_Wat,457.0776174
12,Sample_S19S_0073_Wat,457.0906483
21,Sample_S19S_0073_Wat,457.0986905
24,Sample_S19S_0073_Wat,457.1139922
6,Sample_S19S_0073_Wat,457.1172314
13,Sample_S19S_0073_Wat,457.1270095
21,Sample_S19S_0073_Wat,457.1350642
3,Sample_S19S_0073_Wat,457.1447412
17,Sample_S19S_0073_Wat,457.150377
25,Sample_S19S_0073_Wat,457.1634444
32,Sample_S19S_0073_Wat,457.1715231
45,Sample_S19S_0073_Wat,457.1868094
19,Sample_S19S_0073_Wat,457.1998933
38,Sample_S19S_0073_Wat,457.2079257
43,Sample_S19S_0073_Wat,458.0729028
41,Sample_S19S_0073_Wat,458.1093241
24,Sample_S19S_0073_Wat,459.0205561
26,Sample_S19S_0073_Wat,459.0416602
29,Sample_S19S_0073_Wat,459.0568713
11,Sample_S19S_0073_Wat,459.069913
23,Sample_S19S_0073_Wat,459.0779746
19,Sample_S19S_0073_Wat,459.0932353
19,Sample_S19S_0073_Wat,459.1062882
30,Sample_S19S_0073_Wat,459.1143457
57,Sample_S19S_0073_Wat,459.1296693
6,Sample_S19S_0073_Wat,459.1328714
33,Sample_S19S_0073_Wat,459.142719
37,Sample_S19S_0073_Wat,459.1508169
42,Sample_S19S_0073_Wat,459.1661042
35,Sample_S19S_0073_Wat,459.1872169
21,Sample_S19S_0073_Wat,459.2025048
9,Sample_S19S_0073_Wat,459.2155229
13,Sample_S19S_0073_Wat,459.2387931
5,Sample_S19S_0073_Wat,460.0521036
63,Sample_S19S_0073_Wat,460.0885829
51,Sample_S19S_0073_Wat,460.1249704
36,Sample_S19S_0073_Wat,461.036196
29,Sample_S19S_0073_Wat,461.0572822
30,Sample_S19S_0073_Wat,461.0725007
15,Sample_S19S_0073_Wat,461.0855391
9,Sample_S19S_0073_Wat,461.0935699
13,Sample_S19S_0073_Wat,461.1088271
5,Sample_S19S_0073_Wat,461.1218899
10,Sample_S19S_0073_Wat,461.1299458
2,Sample_S19S_0073_Wat,461.1396751
23,Sample_S19S_0073_Wat,461.1452647
23,Sample_S19S_0073_Wat,461.1583343
38,Sample_S19S_0073_Wat,461.1817537
17,Sample_S19S_0073_Wat,461.1948089
29,Sample_S19S_0073_Wat,461.218132
35,Sample_S19S_0073_Wat,462.067799
19,Sample_S19S_0073_Wat,462.1042629
13,Sample_S19S_0073_Wat,463.015396
47,Sample_S19S_0073_Wat,463.0518315
4,Sample_S19S_0073_Wat,463.064914
49,Sample_S19S_0073_Wat,463.0881954
3,Sample_S19S_0073_Wat,463.1189274
18,Sample_S19S_0073_Wat,463.124491
4,Sample_S19S_0073_Wat,463.1375144
1,Sample_S19S_0073_Wat,463.1551267
8,Sample_S19S_0073_Wat,463.1608564
10,Sample_S19S_0073_Wat,463.1739081
20,Sample_S19S_0073_Wat,463.1972938
26,Sample_S19S_0073_Wat,464.1198095
17,Sample_S19S_0073_Wat,465.0310055
14,Sample_S19S_0073_Wat,465.06738
35,Sample_S19S_0073_Wat,465.1038259
18,Sample_S19S_0073_Wat,465.1168704
24,Sample_S19S_0073_Wat,465.1532935
66,Sample_S19S_0073_Wat,465.1766182
15,Sample_S19S_0073_Wat,465.1896305
16,Sample_S19S_0073_Wat,465.2129596
1,Sample_S19S_0073_Wat,465.2491835
58,Sample_S19S_0073_Wat,466.1355201
1,Sample_S19S_0073_Wat,466.1435867
6,Sample_S19S_0073_Wat,467.0255354
5,Sample_S19S_0073_Wat,467.0288472
46,Sample_S19S_0073_Wat,467.0467531
19,Sample_S19S_0073_Wat,467.0620397
54,Sample_S19S_0073_Wat,467.0831629
52,Sample_S19S_0073_Wat,467.1195422
26,Sample_S19S_0073_Wat,467.1478261
30,Sample_S19S_0073_Wat,467.1558326
22,Sample_S19S_0073_Wat,467.184209
10,Sample_S19S_0073_Wat,467.1921933
14,Sample_S19S_0073_Wat,467.220621
23,Sample_S19S_0073_Wat,467.2286363
28,Sample_S19S_0073_Wat,468.1147294
15,Sample_S19S_0073_Wat,469.0260039
28,Sample_S19S_0073_Wat,469.0412947
38,Sample_S19S_0073_Wat,469.062394
14,Sample_S19S_0073_Wat,469.0776006
14,Sample_S19S_0073_Wat,469.0906533
26,Sample_S19S_0073_Wat,469.0986993
10,Sample_S19S_0073_Wat,469.1139603
23,Sample_S19S_0073_Wat,469.1270251
16,Sample_S19S_0073_Wat,469.1350525
8,Sample_S19S_0073_Wat,469.1503074
11,Sample_S19S_0073_Wat,469.1633964
24,Sample_S19S_0073_Wat,469.199861
23,Sample_S19S_0073_Wat,469.2078959
10,Sample_S19S_0073_Wat,469.2362772
18,Sample_S19S_0073_Wat,471.0205509
18,Sample_S19S_0073_Wat,471.0416901
39,Sample_S19S_0073_Wat,471.0569384
10,Sample_S19S_0073_Wat,471.069939
37,Sample_S19S_0073_Wat,471.0780166
23,Sample_S19S_0073_Wat,471.093255
18,Sample_S19S_0073_Wat,471.106291
7,Sample_S19S_0073_Wat,471.1295835
10,Sample_S19S_0073_Wat,471.1426129
13,Sample_S19S_0073_Wat,471.1506882
8,Sample_S19S_0073_Wat,471.16598
23,Sample_S19S_0073_Wat,471.1790652
22,Sample_S19S_0073_Wat,471.1871307
1,Sample_S19S_0073_Wat,471.1968006
13,Sample_S19S_0073_Wat,471.2024048
18,Sample_S19S_0073_Wat,471.2155389
19,Sample_S19S_0073_Wat,471.2235442
21,Sample_S19S_0073_Wat,473.0361823
12,Sample_S19S_0073_Wat,473.0573502
43,Sample_S19S_0073_Wat,473.0726032
36,Sample_S19S_0073_Wat,473.0937108
66,Sample_S19S_0073_Wat,473.1089772
22,Sample_S19S_0073_Wat,473.121993
20,Sample_S19S_0073_Wat,473.1300234
25,Sample_S19S_0073_Wat,473.1452829
12,Sample_S19S_0073_Wat,473.1582831
14,Sample_S19S_0073_Wat,473.1663521
1,Sample_S19S_0073_Wat,473.1760299
23,Sample_S19S_0073_Wat,473.1816622
14,Sample_S19S_0073_Wat,473.1946924
14,Sample_S19S_0073_Wat,473.2027392
29,Sample_S19S_0073_Wat,473.2180738
17,Sample_S19S_0073_Wat,473.2311386
34,Sample_S19S_0073_Wat,474.067818
28,Sample_S19S_0073_Wat,474.1042477
4,Sample_S19S_0073_Wat,475.0152769
15,Sample_S19S_0073_Wat,475.0517049
13,Sample_S19S_0073_Wat,475.0648516
16,Sample_S19S_0073_Wat,475.0728791
31,Sample_S19S_0073_Wat,475.0881586
15,Sample_S19S_0073_Wat,475.1012806
16,Sample_S19S_0073_Wat,475.1092833
69,Sample_S19S_0073_Wat,475.1245966
27,Sample_S19S_0073_Wat,475.1376596
16,Sample_S19S_0073_Wat,475.1456774
65,Sample_S19S_0073_Wat,475.1609843
24,Sample_S19S_0073_Wat,475.1739813
2,Sample_S19S_0073_Wat,475.1916559
15,Sample_S19S_0073_Wat,475.1973043
4,Sample_S19S_0073_Wat,475.2103074
3,Sample_S19S_0073_Wat,475.2336051
7,Sample_S19S_0073_Wat,476.0833408
32,Sample_S19S_0073_Wat,477.0311319
53,Sample_S19S_0073_Wat,477.0674882
4,Sample_S19S_0073_Wat,477.0805777
20,Sample_S19S_0073_Wat,477.1037802
20,Sample_S19S_0073_Wat,477.1168599
1,Sample_S19S_0073_Wat,477.1344651
2,Sample_S19S_0073_Wat,477.1401075
9,Sample_S19S_0073_Wat,477.1531747
18,Sample_S19S_0073_Wat,477.1765167
6,Sample_S19S_0073_Wat,477.1895617
39,Sample_S19S_0073_Wat,477.2130039
1,Sample_S19S_0073_Wat,478.0342462
67,Sample_S19S_0073_Wat,478.0991507
6,Sample_S19S_0073_Wat,479.0466033
17,Sample_S19S_0073_Wat,479.0830028
13,Sample_S19S_0073_Wat,479.0961506
40,Sample_S19S_0073_Wat,479.1194663
18,Sample_S19S_0073_Wat,479.1325629
67,Sample_S19S_0073_Wat,479.1559168
12,Sample_S19S_0073_Wat,479.1689644
52,Sample_S19S_0073_Wat,479.1923063
15,Sample_S19S_0073_Wat,479.2286027
1,Sample_S19S_0073_Wat,479.2648342
10,Sample_S19S_0073_Wat,480.151082
8,Sample_S19S_0073_Wat,481.025885
23,Sample_S19S_0073_Wat,481.0623379
4,Sample_S19S_0073_Wat,481.077508
55,Sample_S19S_0073_Wat,481.0987747
74,Sample_S19S_0073_Wat,481.1351677
17,Sample_S19S_0073_Wat,481.1634867
52,Sample_S19S_0073_Wat,481.1715313
19,Sample_S19S_0073_Wat,481.199847
18,Sample_S19S_0073_Wat,481.2078283
5,Sample_S19S_0073_Wat,481.2361059
6,Sample_S19S_0073_Wat,482.1302914
20,Sample_S19S_0073_Wat,483.0415833
18,Sample_S19S_0073_Wat,483.0568081
32,Sample_S19S_0073_Wat,483.0780208
31,Sample_S19S_0073_Wat,483.0933003
4,Sample_S19S_0073_Wat,483.1064043
47,Sample_S19S_0073_Wat,483.1144642
23,Sample_S19S_0073_Wat,483.1297323
34,Sample_S19S_0073_Wat,483.1508531
17,Sample_S19S_0073_Wat,483.1660394
16,Sample_S19S_0073_Wat,483.1791639
30,Sample_S19S_0073_Wat,483.1871699
16,Sample_S19S_0073_Wat,483.2154832
13,Sample_S19S_0073_Wat,483.2234722
13,Sample_S19S_0073_Wat,484.1459881
1,Sample_S19S_0073_Wat,485.0360155
10,Sample_S19S_0073_Wat,485.057196
18,Sample_S19S_0073_Wat,485.0724465
12,Sample_S19S_0073_Wat,485.0855526
28,Sample_S19S_0073_Wat,485.0936172
46,Sample_S19S_0073_Wat,485.1089501
16,Sample_S19S_0073_Wat,485.1220307
48,Sample_S19S_0073_Wat,485.1300644
1,Sample_S19S_0073_Wat,485.139617
27,Sample_S19S_0073_Wat,485.1453846
17,Sample_S19S_0073_Wat,485.1584131
38,Sample_S19S_0073_Wat,485.1664901
2,Sample_S19S_0073_Wat,485.1760615
41,Sample_S19S_0073_Wat,485.181737
18,Sample_S19S_0073_Wat,485.1948096
3,Sample_S19S_0073_Wat,485.2310607
12,Sample_S19S_0073_Wat,487.0154217
16,Sample_S19S_0073_Wat,487.0365498
20,Sample_S19S_0073_Wat,487.051792
7,Sample_S19S_0073_Wat,487.0648683
24,Sample_S19S_0073_Wat,487.072871
13,Sample_S19S_0073_Wat,487.088118
9,Sample_S19S_0073_Wat,487.1092152
14,Sample_S19S_0073_Wat,487.1244947
18,Sample_S19S_0073_Wat,487.1375846
16,Sample_S19S_0073_Wat,487.1456408
52,Sample_S19S_0073_Wat,487.1609704
21,Sample_S19S_0073_Wat,487.1740711
31,Sample_S19S_0073_Wat,487.18211
28,Sample_S19S_0073_Wat,487.1974177
6,Sample_S19S_0073_Wat,487.2104698
14,Sample_S19S_0073_Wat,489.0310445
12,Sample_S19S_0073_Wat,489.0522438
52,Sample_S19S_0073_Wat,489.067487
24,Sample_S19S_0073_Wat,489.0886429
34,Sample_S19S_0073_Wat,489.1039118
35,Sample_S19S_0073_Wat,489.1249814
27,Sample_S19S_0073_Wat,489.1402055
18,Sample_S19S_0073_Wat,489.1532671
13,Sample_S19S_0073_Wat,489.1612651
9,Sample_S19S_0073_Wat,489.1765226
7,Sample_S19S_0073_Wat,489.1895365
10,Sample_S19S_0073_Wat,489.2128864
7,Sample_S19S_0073_Wat,489.2259164
7,Sample_S19S_0073_Wat,489.2492677
17,Sample_S19S_0073_Wat,490.0990621
19,Sample_S19S_0073_Wat,491.0466906
22,Sample_S19S_0073_Wat,491.0830123
4,Sample_S19S_0073_Wat,491.1041079
8,Sample_S19S_0073_Wat,491.1193786
17,Sample_S19S_0073_Wat,491.1325378
26,Sample_S19S_0073_Wat,491.1558203
49,Sample_S19S_0073_Wat,491.1922945
9,Sample_S19S_0073_Wat,491.2053832
9,Sample_S19S_0073_Wat,491.2287423
44,Sample_S19S_0073_Wat,492.1147512
10,Sample_S19S_0073_Wat,493.0259042
13,Sample_S19S_0073_Wat,493.0622921
21,Sample_S19S_0073_Wat,493.098712
72,Sample_S19S_0073_Wat,493.1351653
1,Sample_S19S_0073_Wat,493.1636569
50,Sample_S19S_0073_Wat,493.1715856
3,Sample_S19S_0073_Wat,493.1999507
5,Sample_S19S_0073_Wat,493.2361897
1,Sample_S19S_0073_Wat,494.0574822
16,Sample_S19S_0073_Wat,495.0415683
40,Sample_S19S_0073_Wat,495.0780179
8,Sample_S19S_0073_Wat,495.0932012
47,Sample_S19S_0073_Wat,495.1144449
8,Sample_S19S_0073_Wat,495.1427989
62,Sample_S19S_0073_Wat,495.1507984
18,Sample_S19S_0073_Wat,495.1791573
10,Sample_S19S_0073_Wat,495.2154488
2,Sample_S19S_0073_Wat,495.2517612
2,Sample_S19S_0073_Wat,496.1905351
11,Sample_S19S_0073_Wat,497.036113
24,Sample_S19S_0073_Wat,497.0572968
34,Sample_S19S_0073_Wat,497.0725711
34,Sample_S19S_0073_Wat,497.1089508
14,Sample_S19S_0073_Wat,497.1301476
25,Sample_S19S_0073_Wat,497.1947705
4,Sample_S19S_0073_Wat,497.2310629
1,Sample_S19S_0073_Wat,497.2390455
3,Sample_S19S_0073_Wat,498.1698072
1,Sample_S19S_0073_Wat,498.206115
3,Sample_S19S_0073_Wat,499.0152537
9,Sample_S19S_0073_Wat,499.036451
7,Sample_S19S_0073_Wat,499.0516924
21,Sample_S19S_0073_Wat,499.0728848
11,Sample_S19S_0073_Wat,499.1012958
38,Sample_S19S_0073_Wat,499.1093112
47,Sample_S19S_0073_Wat,499.1246232
10,Sample_S19S_0073_Wat,499.1377212
50,Sample_S19S_0073_Wat,499.1457371
3,Sample_S19S_0073_Wat,499.1553132
14,Sample_S19S_0073_Wat,499.1610424
21,Sample_S19S_0073_Wat,499.1740741
35,Sample_S19S_0073_Wat,499.1973555
24,Sample_S19S_0073_Wat,499.2104255
15,Sample_S19S_0073_Wat,499.2184243
5,Sample_S19S_0073_Wat,499.2466801
14,Sample_S19S_0073_Wat,501.0310269
13,Sample_S19S_0073_Wat,501.0521674
24,Sample_S19S_0073_Wat,501.0673678
15,Sample_S19S_0073_Wat,501.080502
16,Sample_S19S_0073_Wat,501.0885018
13,Sample_S19S_0073_Wat,501.116864
7,Sample_S19S_0073_Wat,501.1248479
21,Sample_S19S_0073_Wat,501.1401768
30,Sample_S19S_0073_Wat,501.1532967
19,Sample_S19S_0073_Wat,501.1612956
47,Sample_S19S_0073_Wat,501.1766253
30,Sample_S19S_0073_Wat,501.1896846
27,Sample_S19S_0073_Wat,501.2130646
19,Sample_S19S_0073_Wat,501.2494293
17,Sample_S19S_0073_Wat,503.0468089
4,Sample_S19S_0073_Wat,503.0679918
5,Sample_S19S_0073_Wat,503.0832459
20,Sample_S19S_0073_Wat,503.1042984
59,Sample_S19S_0073_Wat,503.1195309
5,Sample_S19S_0073_Wat,503.1326318
15,Sample_S19S_0073_Wat,503.1405906
1,Sample_S19S_0073_Wat,503.1502092
23,Sample_S19S_0073_Wat,503.1558462
16,Sample_S19S_0073_Wat,503.1921795
4,Sample_S19S_0073_Wat,503.2051842
15,Sample_S19S_0073_Wat,503.2285615
8,Sample_S19S_0073_Wat,503.2649518
13,Sample_S19S_0073_Wat,505.0259469
9,Sample_S19S_0073_Wat,505.0622503
19,Sample_S19S_0073_Wat,505.098662
9,Sample_S19S_0073_Wat,505.1118569
4,Sample_S19S_0073_Wat,505.1197488
1,Sample_S19S_0073_Wat,505.1293863
18,Sample_S19S_0073_Wat,505.1350781
5,Sample_S19S_0073_Wat,505.1482794
66,Sample_S19S_0073_Wat,505.1715425
15,Sample_S19S_0073_Wat,505.1846129
28,Sample_S19S_0073_Wat,505.2079802
8,Sample_S19S_0073_Wat,505.221033
26,Sample_S19S_0073_Wat,505.2443315
20,Sample_S19S_0073_Wat,506.0576414
7,Sample_S19S_0073_Wat,506.1666811
19,Sample_S19S_0073_Wat,507.0415912
33,Sample_S19S_0073_Wat,507.0780238
50,Sample_S19S_0073_Wat,507.1144464
61,Sample_S19S_0073_Wat,507.1508255
9,Sample_S19S_0073_Wat,507.2154676
7,Sample_S19S_0073_Wat,509.0209945
16,Sample_S19S_0073_Wat,509.0573918
11,Sample_S19S_0073_Wat,509.0726169
41,Sample_S19S_0073_Wat,509.0937287
44,Sample_S19S_0073_Wat,509.1300451
11,Sample_S19S_0073_Wat,509.1583575
13,Sample_S19S_0073_Wat,509.1947371
12,Sample_S19S_0073_Wat,509.2311267
7,Sample_S19S_0073_Wat,509.2391011
12,Sample_S19S_0073_Wat,510.0888729
11,Sample_S19S_0073_Wat,511.0366348
15,Sample_S19S_0073_Wat,511.0518749
39,Sample_S19S_0073_Wat,511.0729714
14,Sample_S19S_0073_Wat,511.0881435
2,Sample_S19S_0073_Wat,511.1247957
3,Sample_S19S_0073_Wat,511.1375472
2,Sample_S19S_0073_Wat,511.1455592
10,Sample_S19S_0073_Wat,511.1739404
15,Sample_S19S_0073_Wat,511.2103696
10,Sample_S19S_0073_Wat,511.2183807
14,Sample_S19S_0073_Wat,511.2467945
12,Sample_S19S_0073_Wat,511.2547768
25,Sample_S19S_0073_Wat,512.0834476
1,Sample_S19S_0073_Wat,512.1854652
10,Sample_S19S_0073_Wat,513.0311674
11,Sample_S19S_0073_Wat,513.0522762
28,Sample_S19S_0073_Wat,513.0674942
27,Sample_S19S_0073_Wat,513.0885835
17,Sample_S19S_0073_Wat,513.1248843
5,Sample_S19S_0073_Wat,513.1531789
6,Sample_S19S_0073_Wat,513.1612236
1,Sample_S19S_0073_Wat,513.1707685
1,Sample_S19S_0073_Wat,513.1764786
11,Sample_S19S_0073_Wat,513.1895585
2,Sample_S19S_0073_Wat,513.233912
5,Sample_S19S_0073_Wat,513.2623964
11,Sample_S19S_0073_Wat,515.0467951
13,Sample_S19S_0073_Wat,515.0679477
42,Sample_S19S_0073_Wat,515.083157
29,Sample_S19S_0073_Wat,515.1042917
40,Sample_S19S_0073_Wat,515.1194964
5,Sample_S19S_0073_Wat,515.1326297
19,Sample_S19S_0073_Wat,515.1405768
14,Sample_S19S_0073_Wat,515.155816
16,Sample_S19S_0073_Wat,515.1688778
10,Sample_S19S_0073_Wat,515.1921599
11,Sample_S19S_0073_Wat,515.2052029
1,Sample_S19S_0073_Wat,515.213195
5,Sample_S19S_0073_Wat,515.2285302
3,Sample_S19S_0073_Wat,515.2416147
5,Sample_S19S_0073_Wat,516.0784728
9,Sample_S19S_0073_Wat,517.0258857
32,Sample_S19S_0073_Wat,517.0624113
10,Sample_S19S_0073_Wat,517.0835974
13,Sample_S19S_0073_Wat,517.098859
7,Sample_S19S_0073_Wat,517.1199999
7,Sample_S19S_0073_Wat,517.1352552
11,Sample_S19S_0073_Wat,517.1563614
13,Sample_S19S_0073_Wat,517.171616
18,Sample_S19S_0073_Wat,517.1846401
42,Sample_S19S_0073_Wat,517.2079237
8,Sample_S19S_0073_Wat,517.2208996
10,Sample_S19S_0073_Wat,517.2442337
19,Sample_S19S_0073_Wat,518.0939924
9,Sample_S19S_0073_Wat,519.041577
14,Sample_S19S_0073_Wat,519.0779454
9,Sample_S19S_0073_Wat,519.0990767
13,Sample_S19S_0073_Wat,519.1143103
7,Sample_S19S_0073_Wat,519.1275578
27,Sample_S19S_0073_Wat,519.1507584
6,Sample_S19S_0073_Wat,519.1639413
54,Sample_S19S_0073_Wat,519.1872205
15,Sample_S19S_0073_Wat,519.2236508
14,Sample_S19S_0073_Wat,519.2600027
26,Sample_S19S_0073_Wat,520.1461126
12,Sample_S19S_0073_Wat,521.020886
26,Sample_S19S_0073_Wat,521.0573462
33,Sample_S19S_0073_Wat,521.0937324
48,Sample_S19S_0073_Wat,521.1301011
28,Sample_S19S_0073_Wat,521.1663968
11,Sample_S19S_0073_Wat,521.2027235
6,Sample_S19S_0073_Wat,521.2390738
18,Sample_S19S_0073_Wat,523.0365285
11,Sample_S19S_0073_Wat,523.0728235
9,Sample_S19S_0073_Wat,523.0881098
3,Sample_S19S_0073_Wat,523.1091901
13,Sample_S19S_0073_Wat,523.1456062
14,Sample_S19S_0073_Wat,523.1739853
26,Sample_S19S_0073_Wat,523.1820717
7,Sample_S19S_0073_Wat,523.2468227
1,Sample_S19S_0073_Wat,524.2217713
10,Sample_S19S_0073_Wat,525.0521307
20,Sample_S19S_0073_Wat,525.0674542
25,Sample_S19S_0073_Wat,525.0885729
26,Sample_S19S_0073_Wat,525.1038625
34,Sample_S19S_0073_Wat,525.1250197
38,Sample_S19S_0073_Wat,525.1614051
12,Sample_S19S_0073_Wat,525.2340332
25,Sample_S19S_0073_Wat,526.1566707
9,Sample_S19S_0073_Wat,526.1929575
13,Sample_S19S_0073_Wat,527.0467883
15,Sample_S19S_0073_Wat,527.0679337
13,Sample_S19S_0073_Wat,527.0832056
11,Sample_S19S_0073_Wat,527.1043114
16,Sample_S19S_0073_Wat,527.119585
41,Sample_S19S_0073_Wat,527.1406475
37,Sample_S19S_0073_Wat,527.1558917
23,Sample_S19S_0073_Wat,527.1689685
28,Sample_S19S_0073_Wat,527.1769645
7,Sample_S19S_0073_Wat,527.1922169
7,Sample_S19S_0073_Wat,527.2132606
6,Sample_S19S_0073_Wat,527.2415754
4,Sample_S19S_0073_Wat,529.0260908
5,Sample_S19S_0073_Wat,529.047257
16,Sample_S19S_0073_Wat,529.0624704
9,Sample_S19S_0073_Wat,529.0836238
18,Sample_S19S_0073_Wat,529.0988481
22,Sample_S19S_0073_Wat,529.119899
38,Sample_S19S_0073_Wat,529.1351825
9,Sample_S19S_0073_Wat,529.1482589
19,Sample_S19S_0073_Wat,529.1562352
16,Sample_S19S_0073_Wat,529.1714748
22,Sample_S19S_0073_Wat,529.184567
11,Sample_S19S_0073_Wat,529.1925822
7,Sample_S19S_0073_Wat,529.2208396
10,Sample_S19S_0073_Wat,529.2442413
9,Sample_S19S_0073_Wat,531.0417642
9,Sample_S19S_0073_Wat,531.0781475
13,Sample_S19S_0073_Wat,531.0992322
18,Sample_S19S_0073_Wat,531.1144803
24,Sample_S19S_0073_Wat,531.1355514
29,Sample_S19S_0073_Wat,531.1507766
18,Sample_S19S_0073_Wat,531.1638843
15,Sample_S19S_0073_Wat,531.1718519
13,Sample_S19S_0073_Wat,531.1871077
12,Sample_S19S_0073_Wat,531.2001725
19,Sample_S19S_0073_Wat,531.2234777
5,Sample_S19S_0073_Wat,531.2598778
11,Sample_S19S_0073_Wat,533.0574115
16,Sample_S19S_0073_Wat,533.0937827
28,Sample_S19S_0073_Wat,533.1301236
56,Sample_S19S_0073_Wat,533.166456
17,Sample_S19S_0073_Wat,533.1795306
13,Sample_S19S_0073_Wat,533.2027587
7,Sample_S19S_0073_Wat,533.2390944
14,Sample_S19S_0073_Wat,535.0365569
23,Sample_S19S_0073_Wat,535.0730261
16,Sample_S19S_0073_Wat,535.1094222
10,Sample_S19S_0073_Wat,535.1458132
22,Sample_S19S_0073_Wat,535.1821751
15,Sample_S19S_0073_Wat,535.2547783
35,Sample_S19S_0073_Wat,536.1045749
8,Sample_S19S_0073_Wat,537.0520931
19,Sample_S19S_0073_Wat,537.0884904
31,Sample_S19S_0073_Wat,537.1249315
42,Sample_S19S_0073_Wat,537.161382
18,Sample_S19S_0073_Wat,537.1978101
1,Sample_S19S_0073_Wat,537.2261348
10,Sample_S19S_0073_Wat,537.2342192
18,Sample_S19S_0073_Wat,539.0679143
10,Sample_S19S_0073_Wat,539.0832338
23,Sample_S19S_0073_Wat,539.1042196
23,Sample_S19S_0073_Wat,539.1195331
29,Sample_S19S_0073_Wat,539.1405618
5,Sample_S19S_0073_Wat,539.1768779
6,Sample_S19S_0073_Wat,539.2051955
3,Sample_S19S_0073_Wat,539.2132409
3,Sample_S19S_0073_Wat,539.2416063
3,Sample_S19S_0073_Wat,539.2496267
5,Sample_S19S_0073_Wat,541.0258665
8,Sample_S19S_0073_Wat,541.0470414
20,Sample_S19S_0073_Wat,541.0623672
24,Sample_S19S_0073_Wat,541.0834882
28,Sample_S19S_0073_Wat,541.0988161
28,Sample_S19S_0073_Wat,541.1199147
8,Sample_S19S_0073_Wat,541.1352769
17,Sample_S19S_0073_Wat,541.1563515
4,Sample_S19S_0073_Wat,541.1927684
13,Sample_S19S_0073_Wat,541.2079962
25,Sample_S19S_0073_Wat,541.2290565
9,Sample_S19S_0073_Wat,541.2573331
9,Sample_S19S_0073_Wat,542.1878502
13,Sample_S19S_0073_Wat,542.224289
3,Sample_S19S_0073_Wat,543.0418148
8,Sample_S19S_0073_Wat,543.0629181
15,Sample_S19S_0073_Wat,543.0781158
22,Sample_S19S_0073_Wat,543.09918
30,Sample_S19S_0073_Wat,543.1144211
18,Sample_S19S_0073_Wat,543.1355017
24,Sample_S19S_0073_Wat,543.1507543
16,Sample_S19S_0073_Wat,543.1638009
12,Sample_S19S_0073_Wat,543.1718262
7,Sample_S19S_0073_Wat,543.1870791
9,Sample_S19S_0073_Wat,543.2001267
2,Sample_S19S_0073_Wat,543.2234029
13,Sample_S19S_0073_Wat,545.0571838
6,Sample_S19S_0073_Wat,545.0783592
8,Sample_S19S_0073_Wat,545.0935509
9,Sample_S19S_0073_Wat,545.1147104
15,Sample_S19S_0073_Wat,545.1299664
30,Sample_S19S_0073_Wat,545.1664409
6,Sample_S19S_0073_Wat,545.1795929
31,Sample_S19S_0073_Wat,545.2028931
13,Sample_S19S_0073_Wat,545.2159419
6,Sample_S19S_0073_Wat,545.2393178
19,Sample_S19S_0073_Wat,545.2756552
11,Sample_S19S_0073_Wat,547.0364584
18,Sample_S19S_0073_Wat,547.0729547
18,Sample_S19S_0073_Wat,547.109415
17,Sample_S19S_0073_Wat,547.145805
4,Sample_S19S_0073_Wat,547.1822164
16,Sample_S19S_0073_Wat,547.2185618
21,Sample_S19S_0073_Wat,547.2548518
6,Sample_S19S_0073_Wat,547.2911729
15,Sample_S19S_0073_Wat,549.0523077
12,Sample_S19S_0073_Wat,549.0887119
14,Sample_S19S_0073_Wat,549.1250923
18,Sample_S19S_0073_Wat,549.1614413
37,Sample_S19S_0073_Wat,549.1977663
2,Sample_S19S_0073_Wat,549.2259034
14,Sample_S19S_0073_Wat,549.2340464
14,Sample_S19S_0073_Wat,551.0679996
16,Sample_S19S_0073_Wat,551.10435
27,Sample_S19S_0073_Wat,551.140683
27,Sample_S19S_0073_Wat,551.1769906
16,Sample_S19S_0073_Wat,551.2133063
5,Sample_S19S_0073_Wat,551.2496307
2,Sample_S19S_0073_Wat,553.0626357
9,Sample_S19S_0073_Wat,553.0836572
21,Sample_S19S_0073_Wat,553.1199748
48,Sample_S19S_0073_Wat,553.1562956
21,Sample_S19S_0073_Wat,553.1925971
5,Sample_S19S_0073_Wat,553.2288832
6,Sample_S19S_0073_Wat,555.0417548
9,Sample_S19S_0073_Wat,555.0629131
9,Sample_S19S_0073_Wat,555.0781485
5,Sample_S19S_0073_Wat,555.0993123
2,Sample_S19S_0073_Wat,555.1145859
6,Sample_S19S_0073_Wat,555.1356619
7,Sample_S19S_0073_Wat,555.1509252
1,Sample_S19S_0073_Wat,555.1639967
16,Sample_S19S_0073_Wat,555.1720029
24,Sample_S19S_0073_Wat,555.2082923
9,Sample_S19S_0073_Wat,555.2365023
3,Sample_S19S_0073_Wat,555.2728474
9,Sample_S19S_0073_Wat,557.0572783
9,Sample_S19S_0073_Wat,557.0785258
15,Sample_S19S_0073_Wat,557.1149049
4,Sample_S19S_0073_Wat,557.1513467
1,Sample_S19S_0073_Wat,557.1797008
3,Sample_S19S_0073_Wat,557.1877224
11,Sample_S19S_0073_Wat,557.2391841
10,Sample_S19S_0073_Wat,557.2522397
1,Sample_S19S_0073_Wat,559.0727284
13,Sample_S19S_0073_Wat,559.1092427
26,Sample_S19S_0073_Wat,559.1456819
13,Sample_S19S_0073_Wat,559.1951961
16,Sample_S19S_0073_Wat,561.0522506
22,Sample_S19S_0073_Wat,561.0885432
2,Sample_S19S_0073_Wat,561.1611805
1,Sample_S19S_0073_Wat,561.1975534
25,Sample_S19S_0073_Wat,563.0679011
10,Sample_S19S_0073_Wat,563.1043787
7,Sample_S19S_0073_Wat,563.140767
5,Sample_S19S_0073_Wat,563.1771352
22,Sample_S19S_0073_Wat,563.2134586
20,Sample_S19S_0073_Wat,563.2497644
10,Sample_S19S_0073_Wat,565.0470587
8,Sample_S19S_0073_Wat,565.0833841
2,Sample_S19S_0073_Wat,565.1196921
2,Sample_S19S_0073_Wat,565.1561141
5,Sample_S19S_0073_Wat,565.2208348
18,Sample_S19S_0073_Wat,565.2290122
8,Sample_S19S_0073_Wat,565.2573399
20,Sample_S19S_0073_Wat,565.2654316
13,Sample_S19S_0073_Wat,567.0628477
16,Sample_S19S_0073_Wat,567.0992538
9,Sample_S19S_0073_Wat,567.1356587
14,Sample_S19S_0073_Wat,567.2083955
10,Sample_S19S_0073_Wat,567.2366591
17,Sample_S19S_0073_Wat,567.2446704
5,Sample_S19S_0073_Wat,569.0573971
14,Sample_S19S_0073_Wat,569.0784551
9,Sample_S19S_0073_Wat,569.0937538
17,Sample_S19S_0073_Wat,569.1147778
8,Sample_S19S_0073_Wat,569.1510794
8,Sample_S19S_0073_Wat,569.17943
1,Sample_S19S_0073_Wat,569.1874013
3,Sample_S19S_0073_Wat,569.2157305
1,Sample_S19S_0073_Wat,569.223732
1,Sample_S19S_0073_Wat,569.2885081
3,Sample_S19S_0073_Wat,571.0363946
8,Sample_S19S_0073_Wat,571.0727742
30,Sample_S19S_0073_Wat,571.1457131
20,Sample_S19S_0073_Wat,571.1668216
29,Sample_S19S_0073_Wat,571.1821369
3,Sample_S19S_0073_Wat,571.1952621
14,Sample_S19S_0073_Wat,571.2032768
22,Sample_S19S_0073_Wat,573.0886509
14,Sample_S19S_0073_Wat,573.1250609
14,Sample_S19S_0073_Wat,573.1461913
6,Sample_S19S_0073_Wat,573.1615077
6,Sample_S19S_0073_Wat,573.1978706
2,Sample_S19S_0073_Wat,573.2342462
7,Sample_S19S_0073_Wat,575.0680122
9,Sample_S19S_0073_Wat,575.1043617
6,Sample_S19S_0073_Wat,575.1407714
24,Sample_S19S_0073_Wat,575.1770756
13,Sample_S19S_0073_Wat,575.190103
32,Sample_S19S_0073_Wat,575.213398
14,Sample_S19S_0073_Wat,575.2497017
5,Sample_S19S_0073_Wat,577.0472834
4,Sample_S19S_0073_Wat,577.0836723
41,Sample_S19S_0073_Wat,577.1563035
21,Sample_S19S_0073_Wat,577.1926143
4,Sample_S19S_0073_Wat,577.228924
1,Sample_S19S_0073_Wat,577.2651743
6,Sample_S19S_0073_Wat,579.0629358
13,Sample_S19S_0073_Wat,579.0992643
30,Sample_S19S_0073_Wat,579.1355972
35,Sample_S19S_0073_Wat,579.1719274
17,Sample_S19S_0073_Wat,579.2082488
5,Sample_S19S_0073_Wat,579.2445526
4,Sample_S19S_0073_Wat,579.2811807
6,Sample_S19S_0073_Wat,581.0785526
21,Sample_S19S_0073_Wat,581.1148894
36,Sample_S19S_0073_Wat,581.1512226
23,Sample_S19S_0073_Wat,581.1875335
19,Sample_S19S_0073_Wat,581.2238624
6,Sample_S19S_0073_Wat,581.2602074
2,Sample_S19S_0073_Wat,583.094266
9,Sample_S19S_0073_Wat,583.1306046
15,Sample_S19S_0073_Wat,583.1669172
21,Sample_S19S_0073_Wat,583.2032587
10,Sample_S19S_0073_Wat,583.2314722
8,Sample_S19S_0073_Wat,585.0886953
3,Sample_S19S_0073_Wat,585.1098543
3,Sample_S19S_0073_Wat,585.2190128
4,Sample_S19S_0073_Wat,585.2472737
6,Sample_S19S_0073_Wat,587.06769
6,Sample_S19S_0073_Wat,587.088865
13,Sample_S19S_0073_Wat,587.1041571
24,Sample_S19S_0073_Wat,587.1770783
6,Sample_S19S_0073_Wat,587.19016
16,Sample_S19S_0073_Wat,587.2134744
12,Sample_S19S_0073_Wat,589.047112
4,Sample_S19S_0073_Wat,589.0833727
6,Sample_S19S_0073_Wat,589.119725
9,Sample_S19S_0073_Wat,591.0629191
5,Sample_S19S_0073_Wat,591.0993225
4,Sample_S19S_0073_Wat,591.135742
10,Sample_S19S_0073_Wat,591.1720289
16,Sample_S19S_0073_Wat,591.2083514
12,Sample_S19S_0073_Wat,591.2446301
4,Sample_S19S_0073_Wat,593.078251
2,Sample_S19S_0073_Wat,593.1146582
9,Sample_S19S_0073_Wat,593.1511079
28,Sample_S19S_0073_Wat,593.1875846
16,Sample_S19S_0073_Wat,593.2240288
7,Sample_S19S_0073_Wat,593.2604417
14,Sample_S19S_0073_Wat,595.0941069
3,Sample_S19S_0073_Wat,597.0731946
6,Sample_S19S_0073_Wat,597.0884232
5,Sample_S19S_0073_Wat,597.1095532
12,Sample_S19S_0073_Wat,597.1460191
25,Sample_S19S_0073_Wat,597.1824999
28,Sample_S19S_0073_Wat,597.2188862
12,Sample_S19S_0073_Wat,599.1254651
16,Sample_S19S_0073_Wat,599.1618335
3,Sample_S19S_0073_Wat,599.2346357
9,Sample_S19S_0073_Wat,601.0470688
5,Sample_S19S_0073_Wat,601.0833482
15,Sample_S19S_0073_Wat,603.0990962
15,Sample_S19S_0073_Wat,603.135473
24,Sample_S19S_0073_Wat,603.1719444
16,Sample_S19S_0073_Wat,603.2083804
25,Sample_S19S_0073_Wat,603.2447417
9,Sample_S19S_0073_Wat,605.0785609
3,Sample_S19S_0073_Wat,605.1513953
8,Sample_S19S_0073_Wat,605.1877226
7,Sample_S19S_0073_Wat,607.0578335
18,Sample_S19S_0073_Wat,607.094164
4,Sample_S19S_0073_Wat,607.2030678
2,Sample_S19S_0073_Wat,607.2394004
9,Sample_S19S_0073_Wat,609.0733165
19,Sample_S19S_0073_Wat,609.1096597
2,Sample_S19S_0073_Wat,609.1822447
2,Sample_S19S_0073_Wat,609.2185999
2,Sample_S19S_0073_Wat,611.0887789
1,Sample_S19S_0073_Wat,611.125099
3,Sample_S19S_0073_Wat,611.1978745
14,Sample_S19S_0073_Wat,613.1046399
4,Sample_S19S_0073_Wat,615.0625943
2,Sample_S19S_0073_Wat,619.2029535
13,Sample_S19S_0073_Wat,621.1098264
25,Sample_S19S_0073_Wat,621.1825214
10,Sample_S19S_0073_Wat,623.0891397
2,Sample_S19S_0073_Wat,623.1255649
1,Sample_S19S_0073_Wat,625.1196611
3,Sample_S19S_0073_Wat,625.1408979
11,Sample_S19S_0073_Wat,625.1773321
16,Sample_S19S_0073_Wat,625.2137878
3,Sample_S19S_0073_Wat,627.1564046
1,Sample_S19S_0073_Wat,633.1822488
1,Sample_S19S_0073_Wat,633.2185891
8,Sample_S19S_0073_Wat,635.0889363
5,Sample_S19S_0073_Wat,635.1982777
5,Sample_S19S_0073_Wat,637.1045624
2,Sample_S19S_0073_Wat,639.1200807
2,Sample_S19S_0073_Wat,647.1252258
7,Sample_S19S_0073_Wat,649.1046018
1,Sample_S19S_0073_Wat,661.2499276
14,Sample_S19S_0073_Wat,665.1359874
10,Sample_S19S_0073_Wat,689.1358902
1,Sample_S19S_0073_Wat,691.187714
