num.trans.involved.in,sample,peak
24,Sample_S19S_0087_Wat,201.0768122
24,Sample_S19S_0087_Wat,205.0505947
5,Sample_S19S_0087_Wat,205.1597578
35,Sample_S19S_0087_Wat,207.0298709
15,Sample_S19S_0087_Wat,209.0091207
32,Sample_S19S_0087_Wat,209.0455114
27,Sample_S19S_0087_Wat,209.0818981
46,Sample_S19S_0087_Wat,211.0247874
43,Sample_S19S_0087_Wat,211.0611736
25,Sample_S19S_0087_Wat,211.097555
1,Sample_S19S_0087_Wat,213.0152775
25,Sample_S19S_0087_Wat,213.0404285
36,Sample_S19S_0087_Wat,213.0768216
31,Sample_S19S_0087_Wat,215.0560786
31,Sample_S19S_0087_Wat,215.0924726
14,Sample_S19S_0087_Wat,215.1288446
24,Sample_S19S_0087_Wat,217.1081169
45,Sample_S19S_0087_Wat,219.0298823
15,Sample_S19S_0087_Wat,219.0662407
21,Sample_S19S_0087_Wat,221.0091259
36,Sample_S19S_0087_Wat,221.0455191
19,Sample_S19S_0087_Wat,221.0818912
48,Sample_S19S_0087_Wat,223.0247931
18,Sample_S19S_0087_Wat,223.0611523
39,Sample_S19S_0087_Wat,223.0975605
12,Sample_S19S_0087_Wat,225.0040321
75,Sample_S19S_0087_Wat,225.0404494
44,Sample_S19S_0087_Wat,225.0768195
14,Sample_S19S_0087_Wat,225.1131873
20,Sample_S19S_0087_Wat,227.0196895
33,Sample_S19S_0087_Wat,227.056079
39,Sample_S19S_0087_Wat,227.092466
39,Sample_S19S_0087_Wat,229.0353497
37,Sample_S19S_0087_Wat,229.0717413
38,Sample_S19S_0087_Wat,231.051012
35,Sample_S19S_0087_Wat,231.0873835
47,Sample_S19S_0087_Wat,233.0091463
42,Sample_S19S_0087_Wat,233.0455307
37,Sample_S19S_0087_Wat,233.0819208
7,Sample_S19S_0087_Wat,233.1546845
48,Sample_S19S_0087_Wat,235.0247912
57,Sample_S19S_0087_Wat,235.0611873
38,Sample_S19S_0087_Wat,235.0975749
35,Sample_S19S_0087_Wat,236.0564412
38,Sample_S19S_0087_Wat,237.0040579
53,Sample_S19S_0087_Wat,237.0404421
60,Sample_S19S_0087_Wat,237.0768351
36,Sample_S19S_0087_Wat,237.1132227
68,Sample_S19S_0087_Wat,239.0197221
86,Sample_S19S_0087_Wat,239.0561117
7,Sample_S19S_0087_Wat,239.0673352
80,Sample_S19S_0087_Wat,239.092497
40,Sample_S19S_0087_Wat,239.1288753
25,Sample_S19S_0087_Wat,240.0513448
75,Sample_S19S_0087_Wat,241.03537
47,Sample_S19S_0087_Wat,241.0717422
28,Sample_S19S_0087_Wat,241.1081087
40,Sample_S19S_0087_Wat,242.0670034
7,Sample_S19S_0087_Wat,242.139775
74,Sample_S19S_0087_Wat,243.0510224
38,Sample_S19S_0087_Wat,243.0873816
72,Sample_S19S_0087_Wat,245.0455587
4,Sample_S19S_0087_Wat,245.0489119
81,Sample_S19S_0087_Wat,245.0666847
46,Sample_S19S_0087_Wat,245.0819342
57,Sample_S19S_0087_Wat,245.1030642
51,Sample_S19S_0087_Wat,247.024801
68,Sample_S19S_0087_Wat,247.0612011
66,Sample_S19S_0087_Wat,247.0975945
50,Sample_S19S_0087_Wat,249.0040636
80,Sample_S19S_0087_Wat,249.0404675
82,Sample_S19S_0087_Wat,249.0768527
35,Sample_S19S_0087_Wat,249.1132224
42,Sample_S19S_0087_Wat,250.07209
81,Sample_S19S_0087_Wat,251.0197332
73,Sample_S19S_0087_Wat,251.0560986
101,Sample_S19S_0087_Wat,251.0925063
43,Sample_S19S_0087_Wat,251.1289035
59,Sample_S19S_0087_Wat,252.9989785
103,Sample_S19S_0087_Wat,253.0353983
111,Sample_S19S_0087_Wat,253.0717756
39,Sample_S19S_0087_Wat,253.1081345
39,Sample_S19S_0087_Wat,253.1445337
31,Sample_S19S_0087_Wat,254.0670222
63,Sample_S19S_0087_Wat,255.0146298
97,Sample_S19S_0087_Wat,255.0510433
101,Sample_S19S_0087_Wat,255.0874163
37,Sample_S19S_0087_Wat,255.1237776
33,Sample_S19S_0087_Wat,256.0826837
80,Sample_S19S_0087_Wat,257.030304
58,Sample_S19S_0087_Wat,257.0455598
95,Sample_S19S_0087_Wat,257.0666765
58,Sample_S19S_0087_Wat,257.1030521
40,Sample_S19S_0087_Wat,257.1394516
54,Sample_S19S_0087_Wat,259.0248281
83,Sample_S19S_0087_Wat,259.0459547
67,Sample_S19S_0087_Wat,259.0612028
82,Sample_S19S_0087_Wat,259.0823405
6,Sample_S19S_0087_Wat,259.1009624
54,Sample_S19S_0087_Wat,259.1187072
47,Sample_S19S_0087_Wat,261.0040785
68,Sample_S19S_0087_Wat,261.040468
63,Sample_S19S_0087_Wat,261.061588
87,Sample_S19S_0087_Wat,261.0768598
47,Sample_S19S_0087_Wat,261.0980071
57,Sample_S19S_0087_Wat,261.1132477
28,Sample_S19S_0087_Wat,262.0357323
56,Sample_S19S_0087_Wat,263.019721
86,Sample_S19S_0087_Wat,263.0561329
48,Sample_S19S_0087_Wat,263.0924815
39,Sample_S19S_0087_Wat,263.128908
41,Sample_S19S_0087_Wat,264.0513612
64,Sample_S19S_0087_Wat,264.9989861
94,Sample_S19S_0087_Wat,265.0353938
86,Sample_S19S_0087_Wat,265.0717855
91,Sample_S19S_0087_Wat,265.1081545
31,Sample_S19S_0087_Wat,265.1445692
1,Sample_S19S_0087_Wat,265.1479151
35,Sample_S19S_0087_Wat,266.0306266
46,Sample_S19S_0087_Wat,266.0670361
78,Sample_S19S_0087_Wat,267.0146829
112,Sample_S19S_0087_Wat,267.0510336
98,Sample_S19S_0087_Wat,267.0874299
78,Sample_S19S_0087_Wat,267.123805
33,Sample_S19S_0087_Wat,267.1601848
48,Sample_S19S_0087_Wat,268.0462977
82,Sample_S19S_0087_Wat,269.0303205
111,Sample_S19S_0087_Wat,269.0666802
91,Sample_S19S_0087_Wat,269.1030627
46,Sample_S19S_0087_Wat,269.1394657
44,Sample_S19S_0087_Wat,270.0619439
36,Sample_S19S_0087_Wat,271.0248117
80,Sample_S19S_0087_Wat,271.0459737
24,Sample_S19S_0087_Wat,271.061176
91,Sample_S19S_0087_Wat,271.0823212
74,Sample_S19S_0087_Wat,271.118718
38,Sample_S19S_0087_Wat,272.0775888
39,Sample_S19S_0087_Wat,273.0040745
64,Sample_S19S_0087_Wat,273.0252099
67,Sample_S19S_0087_Wat,273.040478
76,Sample_S19S_0087_Wat,273.061591
75,Sample_S19S_0087_Wat,273.0768603
74,Sample_S19S_0087_Wat,273.0979879
30,Sample_S19S_0087_Wat,273.1343844
33,Sample_S19S_0087_Wat,274.0357454
71,Sample_S19S_0087_Wat,275.0197425
77,Sample_S19S_0087_Wat,275.0561155
77,Sample_S19S_0087_Wat,275.0772487
79,Sample_S19S_0087_Wat,275.0925149
48,Sample_S19S_0087_Wat,275.1288873
64,Sample_S19S_0087_Wat,276.9990278
95,Sample_S19S_0087_Wat,277.0354157
90,Sample_S19S_0087_Wat,277.0717892
82,Sample_S19S_0087_Wat,277.1081544
46,Sample_S19S_0087_Wat,278.0670289
55,Sample_S19S_0087_Wat,279.0146331
95,Sample_S19S_0087_Wat,279.0510516
60,Sample_S19S_0087_Wat,279.0874539
56,Sample_S19S_0087_Wat,279.1238221
48,Sample_S19S_0087_Wat,280.0463018
50,Sample_S19S_0087_Wat,280.0826921
93,Sample_S19S_0087_Wat,281.0303339
114,Sample_S19S_0087_Wat,281.0666829
64,Sample_S19S_0087_Wat,281.1030502
63,Sample_S19S_0087_Wat,281.1394597
37,Sample_S19S_0087_Wat,282.0983548
75,Sample_S19S_0087_Wat,283.0095898
110,Sample_S19S_0087_Wat,283.0459554
76,Sample_S19S_0087_Wat,283.0823169
98,Sample_S19S_0087_Wat,283.118715
33,Sample_S19S_0087_Wat,283.1551309
42,Sample_S19S_0087_Wat,284.0412345
51,Sample_S19S_0087_Wat,284.0776208
77,Sample_S19S_0087_Wat,285.025228
52,Sample_S19S_0087_Wat,285.0404866
82,Sample_S19S_0087_Wat,285.0616357
39,Sample_S19S_0087_Wat,285.0980306
7,Sample_S19S_0087_Wat,285.1262347
49,Sample_S19S_0087_Wat,285.1343948
36,Sample_S19S_0087_Wat,286.0568589
36,Sample_S19S_0087_Wat,286.0932539
66,Sample_S19S_0087_Wat,287.0408776
69,Sample_S19S_0087_Wat,287.0561351
84,Sample_S19S_0087_Wat,287.0772537
65,Sample_S19S_0087_Wat,287.0925228
76,Sample_S19S_0087_Wat,287.1136282
46,Sample_S19S_0087_Wat,287.150015
36,Sample_S19S_0087_Wat,288.0513962
79,Sample_S19S_0087_Wat,289.0354029
72,Sample_S19S_0087_Wat,289.0565242
95,Sample_S19S_0087_Wat,289.0717704
68,Sample_S19S_0087_Wat,289.0929075
62,Sample_S19S_0087_Wat,289.1081489
55,Sample_S19S_0087_Wat,289.1292776
8,Sample_S19S_0087_Wat,290.0305978
16,Sample_S19S_0087_Wat,290.0669883
72,Sample_S19S_0087_Wat,291.0146759
95,Sample_S19S_0087_Wat,291.0510416
80,Sample_S19S_0087_Wat,291.0874132
62,Sample_S19S_0087_Wat,291.1237966
35,Sample_S19S_0087_Wat,292.0462633
1,Sample_S19S_0087_Wat,292.2129776
54,Sample_S19S_0087_Wat,292.9939323
95,Sample_S19S_0087_Wat,293.0303357
95,Sample_S19S_0087_Wat,293.0667099
15,Sample_S19S_0087_Wat,293.0779374
104,Sample_S19S_0087_Wat,293.1030793
69,Sample_S19S_0087_Wat,293.1394564
10,Sample_S19S_0087_Wat,293.1757942
1,Sample_S19S_0087_Wat,293.179192
41,Sample_S19S_0087_Wat,294.0619153
44,Sample_S19S_0087_Wat,294.098304
60,Sample_S19S_0087_Wat,295.0095496
93,Sample_S19S_0087_Wat,295.0459444
115,Sample_S19S_0087_Wat,295.0823376
7,Sample_S19S_0087_Wat,295.093638
107,Sample_S19S_0087_Wat,295.1187213
48,Sample_S19S_0087_Wat,295.1550986
38,Sample_S19S_0087_Wat,296.0411763
44,Sample_S19S_0087_Wat,296.0775656
88,Sample_S19S_0087_Wat,297.025237
97,Sample_S19S_0087_Wat,297.0616262
67,Sample_S19S_0087_Wat,297.0980154
40,Sample_S19S_0087_Wat,297.1344063
1,Sample_S19S_0087_Wat,297.1529844
18,Sample_S19S_0087_Wat,297.1707937
55,Sample_S19S_0087_Wat,298.0568737
47,Sample_S19S_0087_Wat,298.0932671
41,Sample_S19S_0087_Wat,299.0197546
77,Sample_S19S_0087_Wat,299.0408894
64,Sample_S19S_0087_Wat,299.05613
100,Sample_S19S_0087_Wat,299.0772616
79,Sample_S19S_0087_Wat,299.1136455
60,Sample_S19S_0087_Wat,299.1500243
34,Sample_S19S_0087_Wat,300.0513851
48,Sample_S19S_0087_Wat,300.0725
32,Sample_S19S_0087_Wat,300.9989926
62,Sample_S19S_0087_Wat,301.0201601
65,Sample_S19S_0087_Wat,301.0353903
73,Sample_S19S_0087_Wat,301.0565488
54,Sample_S19S_0087_Wat,301.071792
63,Sample_S19S_0087_Wat,301.092932
32,Sample_S19S_0087_Wat,301.1081829
46,Sample_S19S_0087_Wat,301.129318
40,Sample_S19S_0087_Wat,302.0670162
28,Sample_S19S_0087_Wat,302.0881947
20,Sample_S19S_0087_Wat,302.1245742
60,Sample_S19S_0087_Wat,303.0146906
59,Sample_S19S_0087_Wat,303.0357821
77,Sample_S19S_0087_Wat,303.0510433
75,Sample_S19S_0087_Wat,303.0721573
70,Sample_S19S_0087_Wat,303.0874395
80,Sample_S19S_0087_Wat,303.1085414
56,Sample_S19S_0087_Wat,303.1238249
41,Sample_S19S_0087_Wat,304.0462877
40,Sample_S19S_0087_Wat,304.0826613
2,Sample_S19S_0087_Wat,304.1402446
89,Sample_S19S_0087_Wat,305.0303157
100,Sample_S19S_0087_Wat,305.0666877
11,Sample_S19S_0087_Wat,305.0700613
9,Sample_S19S_0087_Wat,305.0779953
41,Sample_S19S_0087_Wat,305.087829
84,Sample_S19S_0087_Wat,305.1030852
61,Sample_S19S_0087_Wat,305.1394662
53,Sample_S19S_0087_Wat,306.0983427
56,Sample_S19S_0087_Wat,307.0095853
106,Sample_S19S_0087_Wat,307.0459779
8,Sample_S19S_0087_Wat,307.0572343
70,Sample_S19S_0087_Wat,307.0823737
17,Sample_S19S_0087_Wat,307.0936059
48,Sample_S19S_0087_Wat,307.1187572
33,Sample_S19S_0087_Wat,307.1551342
60,Sample_S19S_0087_Wat,308.0412303
58,Sample_S19S_0087_Wat,308.0775973
45,Sample_S19S_0087_Wat,308.1139545
95,Sample_S19S_0087_Wat,309.0252469
120,Sample_S19S_0087_Wat,309.0616036
18,Sample_S19S_0087_Wat,309.0728691
109,Sample_S19S_0087_Wat,309.0979773
82,Sample_S19S_0087_Wat,309.1343649
36,Sample_S19S_0087_Wat,309.1707647
48,Sample_S19S_0087_Wat,310.0568411
52,Sample_S19S_0087_Wat,310.0932206
69,Sample_S19S_0087_Wat,311.0045073
98,Sample_S19S_0087_Wat,311.0408991
105,Sample_S19S_0087_Wat,311.0772659
18,Sample_S19S_0087_Wat,311.0885065
123,Sample_S19S_0087_Wat,311.1136352
66,Sample_S19S_0087_Wat,311.1500195
56,Sample_S19S_0087_Wat,312.0725103
65,Sample_S19S_0087_Wat,313.0201379
39,Sample_S19S_0087_Wat,313.0353909
84,Sample_S19S_0087_Wat,313.0565398
34,Sample_S19S_0087_Wat,313.071764
81,Sample_S19S_0087_Wat,313.0929245
52,Sample_S19S_0087_Wat,313.1081574
67,Sample_S19S_0087_Wat,313.1293014
53,Sample_S19S_0087_Wat,314.0881771
48,Sample_S19S_0087_Wat,315.0146824
70,Sample_S19S_0087_Wat,315.035781
65,Sample_S19S_0087_Wat,315.0510397
73,Sample_S19S_0087_Wat,315.0721791
32,Sample_S19S_0087_Wat,315.0873994
58,Sample_S19S_0087_Wat,315.1085755
56,Sample_S19S_0087_Wat,315.1238052
46,Sample_S19S_0087_Wat,315.1449559
40,Sample_S19S_0087_Wat,316.0463145
43,Sample_S19S_0087_Wat,316.0826874
46,Sample_S19S_0087_Wat,316.1038062
72,Sample_S19S_0087_Wat,317.0303382
69,Sample_S19S_0087_Wat,317.0514233
82,Sample_S19S_0087_Wat,317.0666936
2,Sample_S19S_0087_Wat,317.0780371
87,Sample_S19S_0087_Wat,317.0878157
60,Sample_S19S_0087_Wat,317.1030588
42,Sample_S19S_0087_Wat,317.124227
56,Sample_S19S_0087_Wat,317.1394552
26,Sample_S19S_0087_Wat,318.0255948
52,Sample_S19S_0087_Wat,318.0619419
37,Sample_S19S_0087_Wat,318.0982984
14,Sample_S19S_0087_Wat,318.1194966
49,Sample_S19S_0087_Wat,319.009608
30,Sample_S19S_0087_Wat,319.0460069
2,Sample_S19S_0087_Wat,319.0573003
42,Sample_S19S_0087_Wat,319.0670953
83,Sample_S19S_0087_Wat,319.0823624
3,Sample_S19S_0087_Wat,319.0936659
35,Sample_S19S_0087_Wat,319.103481
83,Sample_S19S_0087_Wat,319.1187158
51,Sample_S19S_0087_Wat,319.1551015
50,Sample_S19S_0087_Wat,320.0412195
48,Sample_S19S_0087_Wat,320.0776287
12,Sample_S19S_0087_Wat,320.1351354
79,Sample_S19S_0087_Wat,321.0252313
82,Sample_S19S_0087_Wat,321.0616406
12,Sample_S19S_0087_Wat,321.0728956
45,Sample_S19S_0087_Wat,321.0980285
5,Sample_S19S_0087_Wat,321.1093021
67,Sample_S19S_0087_Wat,321.1343949
37,Sample_S19S_0087_Wat,321.1707672
28,Sample_S19S_0087_Wat,322.0204668
65,Sample_S19S_0087_Wat,322.0568903
63,Sample_S19S_0087_Wat,322.0932669
62,Sample_S19S_0087_Wat,323.0044879
85,Sample_S19S_0087_Wat,323.0408542
112,Sample_S19S_0087_Wat,323.0772527
21,Sample_S19S_0087_Wat,323.0884973
58,Sample_S19S_0087_Wat,323.1136726
52,Sample_S19S_0087_Wat,323.1500462
26,Sample_S19S_0087_Wat,323.1864241
54,Sample_S19S_0087_Wat,324.0361498
63,Sample_S19S_0087_Wat,324.0725027
51,Sample_S19S_0087_Wat,324.108871
24,Sample_S19S_0087_Wat,325.0201894
37,Sample_S19S_0087_Wat,325.0354075
97,Sample_S19S_0087_Wat,325.0565425
8,Sample_S19S_0087_Wat,325.0678176
115,Sample_S19S_0087_Wat,325.0928926
78,Sample_S19S_0087_Wat,325.1292996
35,Sample_S19S_0087_Wat,325.1657004
1,Sample_S19S_0087_Wat,325.1842438
47,Sample_S19S_0087_Wat,326.0518083
62,Sample_S19S_0087_Wat,326.0881656
48,Sample_S19S_0087_Wat,326.1245662
79,Sample_S19S_0087_Wat,327.035782
52,Sample_S19S_0087_Wat,327.0510536
81,Sample_S19S_0087_Wat,327.0722018
23,Sample_S19S_0087_Wat,327.0834311
56,Sample_S19S_0087_Wat,327.0874372
78,Sample_S19S_0087_Wat,327.1085831
66,Sample_S19S_0087_Wat,327.1449492
46,Sample_S19S_0087_Wat,328.067419
53,Sample_S19S_0087_Wat,328.1037984
21,Sample_S19S_0087_Wat,329.0151141
60,Sample_S19S_0087_Wat,329.0303285
51,Sample_S19S_0087_Wat,329.0514722
32,Sample_S19S_0087_Wat,329.0667319
103,Sample_S19S_0087_Wat,329.0878075
55,Sample_S19S_0087_Wat,329.1030905
11,Sample_S19S_0087_Wat,329.1064332
60,Sample_S19S_0087_Wat,329.1242163
15,Sample_S19S_0087_Wat,329.1394079
1,Sample_S19S_0087_Wat,329.152419
39,Sample_S19S_0087_Wat,330.0619755
23,Sample_S19S_0087_Wat,330.0831155
23,Sample_S19S_0087_Wat,330.0983753
39,Sample_S19S_0087_Wat,330.1194763
38,Sample_S19S_0087_Wat,331.0095615
57,Sample_S19S_0087_Wat,331.0307044
51,Sample_S19S_0087_Wat,331.0459941
64,Sample_S19S_0087_Wat,331.0670688
73,Sample_S19S_0087_Wat,331.0823608
49,Sample_S19S_0087_Wat,331.1034998
72,Sample_S19S_0087_Wat,331.1187275
3,Sample_S19S_0087_Wat,331.122066
22,Sample_S19S_0087_Wat,331.1399002
15,Sample_S19S_0087_Wat,331.155166
43,Sample_S19S_0087_Wat,332.0412408
55,Sample_S19S_0087_Wat,332.0775831
35,Sample_S19S_0087_Wat,332.0987468
39,Sample_S19S_0087_Wat,332.1139958
36,Sample_S19S_0087_Wat,333.0252702
37,Sample_S19S_0087_Wat,333.0463704
50,Sample_S19S_0087_Wat,333.0616512
1,Sample_S19S_0087_Wat,333.0729806
41,Sample_S19S_0087_Wat,333.08277
86,Sample_S19S_0087_Wat,333.0980074
10,Sample_S19S_0087_Wat,333.1191757
36,Sample_S19S_0087_Wat,333.1344131
8,Sample_S19S_0087_Wat,333.137741
24,Sample_S19S_0087_Wat,333.1707943
60,Sample_S19S_0087_Wat,334.0568812
43,Sample_S19S_0087_Wat,334.0932769
7,Sample_S19S_0087_Wat,334.1144217
52,Sample_S19S_0087_Wat,335.004499
60,Sample_S19S_0087_Wat,335.0409093
7,Sample_S19S_0087_Wat,335.0521847
96,Sample_S19S_0087_Wat,335.0772597
56,Sample_S19S_0087_Wat,335.1136067
60,Sample_S19S_0087_Wat,335.150042
29,Sample_S19S_0087_Wat,335.1864245
27,Sample_S19S_0087_Wat,336.0361684
35,Sample_S19S_0087_Wat,336.0725571
57,Sample_S19S_0087_Wat,336.1089144
77,Sample_S19S_0087_Wat,337.0201415
65,Sample_S19S_0087_Wat,337.0564852
15,Sample_S19S_0087_Wat,337.0677837
13,Sample_S19S_0087_Wat,337.0695448
113,Sample_S19S_0087_Wat,337.0929176
8,Sample_S19S_0087_Wat,337.1041904
100,Sample_S19S_0087_Wat,337.1292866
51,Sample_S19S_0087_Wat,337.1656867
18,Sample_S19S_0087_Wat,338.0518396
68,Sample_S19S_0087_Wat,338.0881798
41,Sample_S19S_0087_Wat,338.1245766
77,Sample_S19S_0087_Wat,339.0357996
117,Sample_S19S_0087_Wat,339.0721726
9,Sample_S19S_0087_Wat,339.0834699
115,Sample_S19S_0087_Wat,339.1085453
35,Sample_S19S_0087_Wat,339.1449816
33,Sample_S19S_0087_Wat,339.1813533
1,Sample_S19S_0087_Wat,339.1999929
45,Sample_S19S_0087_Wat,340.0310651
21,Sample_S19S_0087_Wat,340.0674792
56,Sample_S19S_0087_Wat,340.1038147
42,Sample_S19S_0087_Wat,340.1401964
67,Sample_S19S_0087_Wat,341.0150623
30,Sample_S19S_0087_Wat,341.0302897
78,Sample_S19S_0087_Wat,341.0514621
33,Sample_S19S_0087_Wat,341.0667303
113,Sample_S19S_0087_Wat,341.0878109
16,Sample_S19S_0087_Wat,341.0990914
24,Sample_S19S_0087_Wat,341.1031062
38,Sample_S19S_0087_Wat,341.12425
47,Sample_S19S_0087_Wat,341.1606173
17,Sample_S19S_0087_Wat,342.0619966
57,Sample_S19S_0087_Wat,342.0830768
39,Sample_S19S_0087_Wat,342.1194926
25,Sample_S19S_0087_Wat,343.0096148
64,Sample_S19S_0087_Wat,343.0307124
51,Sample_S19S_0087_Wat,343.0459579
58,Sample_S19S_0087_Wat,343.067113
23,Sample_S19S_0087_Wat,343.0823925
17,Sample_S19S_0087_Wat,343.0857039
96,Sample_S19S_0087_Wat,343.1034685
42,Sample_S19S_0087_Wat,343.1187422
16,Sample_S19S_0087_Wat,343.1399075
35,Sample_S19S_0087_Wat,343.1762631
29,Sample_S19S_0087_Wat,344.0412523
50,Sample_S19S_0087_Wat,344.0775907
32,Sample_S19S_0087_Wat,344.0987606
58,Sample_S19S_0087_Wat,345.0252491
54,Sample_S19S_0087_Wat,345.0463327
76,Sample_S19S_0087_Wat,345.0616254
10,Sample_S19S_0087_Wat,345.0649742
57,Sample_S19S_0087_Wat,345.0827674
67,Sample_S19S_0087_Wat,345.0980089
5,Sample_S19S_0087_Wat,345.1013399
52,Sample_S19S_0087_Wat,345.1191373
23,Sample_S19S_0087_Wat,345.1344288
29,Sample_S19S_0087_Wat,345.1555412
41,Sample_S19S_0087_Wat,345.170772
39,Sample_S19S_0087_Wat,346.0569005
30,Sample_S19S_0087_Wat,346.07802
51,Sample_S19S_0087_Wat,346.0932318
34,Sample_S19S_0087_Wat,346.1143644
14,Sample_S19S_0087_Wat,346.1507606
49,Sample_S19S_0087_Wat,347.0045152
77,Sample_S19S_0087_Wat,347.0408756
40,Sample_S19S_0087_Wat,347.0620279
101,Sample_S19S_0087_Wat,347.0772564
26,Sample_S19S_0087_Wat,347.0903002
61,Sample_S19S_0087_Wat,347.0983726
45,Sample_S19S_0087_Wat,347.1136821
14,Sample_S19S_0087_Wat,347.1170036
23,Sample_S19S_0087_Wat,347.1348045
67,Sample_S19S_0087_Wat,347.1500262
11,Sample_S19S_0087_Wat,347.1864695
41,Sample_S19S_0087_Wat,348.0361356
35,Sample_S19S_0087_Wat,348.0725611
61,Sample_S19S_0087_Wat,348.1089104
70,Sample_S19S_0087_Wat,349.0201636
2,Sample_S19S_0087_Wat,349.0678584
83,Sample_S19S_0087_Wat,349.0929209
6,Sample_S19S_0087_Wat,349.1042255
20,Sample_S19S_0087_Wat,349.1059291
83,Sample_S19S_0087_Wat,349.129303
60,Sample_S19S_0087_Wat,349.1656793
13,Sample_S19S_0087_Wat,349.2021049
20,Sample_S19S_0087_Wat,350.0518357
77,Sample_S19S_0087_Wat,350.0881844
22,Sample_S19S_0087_Wat,350.1245924
79,Sample_S19S_0087_Wat,351.0357871
9,Sample_S19S_0087_Wat,351.0488144
86,Sample_S19S_0087_Wat,351.0721501
47,Sample_S19S_0087_Wat,351.1085115
23,Sample_S19S_0087_Wat,351.121581
46,Sample_S19S_0087_Wat,351.1449775
37,Sample_S19S_0087_Wat,351.1813076
33,Sample_S19S_0087_Wat,352.0674721
56,Sample_S19S_0087_Wat,352.1038206
28,Sample_S19S_0087_Wat,352.140233
67,Sample_S19S_0087_Wat,353.0150696
56,Sample_S19S_0087_Wat,353.0514753
3,Sample_S19S_0087_Wat,353.0627608
115,Sample_S19S_0087_Wat,353.0878166
12,Sample_S19S_0087_Wat,353.0990962
78,Sample_S19S_0087_Wat,353.124233
45,Sample_S19S_0087_Wat,353.1605629
28,Sample_S19S_0087_Wat,353.1970034
49,Sample_S19S_0087_Wat,354.0467104
68,Sample_S19S_0087_Wat,354.0830704
53,Sample_S19S_0087_Wat,354.1194893
65,Sample_S19S_0087_Wat,355.0306981
42,Sample_S19S_0087_Wat,355.0459559
79,Sample_S19S_0087_Wat,355.0671162
6,Sample_S19S_0087_Wat,355.0784081
5,Sample_S19S_0087_Wat,355.0824171
100,Sample_S19S_0087_Wat,355.1034699
26,Sample_S19S_0087_Wat,355.1147135
42,Sample_S19S_0087_Wat,355.1187368
24,Sample_S19S_0087_Wat,355.1399086
40,Sample_S19S_0087_Wat,355.1762476
2,Sample_S19S_0087_Wat,356.0412949
65,Sample_S19S_0087_Wat,356.0623586
25,Sample_S19S_0087_Wat,356.0987693
40,Sample_S19S_0087_Wat,356.1350838
38,Sample_S19S_0087_Wat,357.0251986
61,Sample_S19S_0087_Wat,357.046323
56,Sample_S19S_0087_Wat,357.061636
1,Sample_S19S_0087_Wat,357.0649448
91,Sample_S19S_0087_Wat,357.0827228
47,Sample_S19S_0087_Wat,357.0979761
25,Sample_S19S_0087_Wat,357.1110353
92,Sample_S19S_0087_Wat,357.1191097
62,Sample_S19S_0087_Wat,357.1554992
49,Sample_S19S_0087_Wat,358.0568909
49,Sample_S19S_0087_Wat,358.077999
48,Sample_S19S_0087_Wat,358.0932734
12,Sample_S19S_0087_Wat,358.1507103
48,Sample_S19S_0087_Wat,359.0045133
13,Sample_S19S_0087_Wat,359.0256737
22,Sample_S19S_0087_Wat,359.0409252
64,Sample_S19S_0087_Wat,359.0619959
63,Sample_S19S_0087_Wat,359.077285
17,Sample_S19S_0087_Wat,359.0806207
34,Sample_S19S_0087_Wat,359.0984239
47,Sample_S19S_0087_Wat,359.1347452
63,Sample_S19S_0087_Wat,359.1500213
33,Sample_S19S_0087_Wat,359.1711775
50,Sample_S19S_0087_Wat,360.0361542
28,Sample_S19S_0087_Wat,360.093678
47,Sample_S19S_0087_Wat,360.108919
2,Sample_S19S_0087_Wat,360.1299489
59,Sample_S19S_0087_Wat,361.0201475
52,Sample_S19S_0087_Wat,361.0412698
59,Sample_S19S_0087_Wat,361.056505
17,Sample_S19S_0087_Wat,361.069538
41,Sample_S19S_0087_Wat,361.077621
77,Sample_S19S_0087_Wat,361.0929312
16,Sample_S19S_0087_Wat,361.0962708
44,Sample_S19S_0087_Wat,361.1140532
94,Sample_S19S_0087_Wat,361.1292859
33,Sample_S19S_0087_Wat,361.1423317
45,Sample_S19S_0087_Wat,361.1504109
39,Sample_S19S_0087_Wat,361.1657046
71,Sample_S19S_0087_Wat,362.0881611
13,Sample_S19S_0087_Wat,362.1093336
6,Sample_S19S_0087_Wat,362.1246138
13,Sample_S19S_0087_Wat,362.9994703
75,Sample_S19S_0087_Wat,363.0357881
54,Sample_S19S_0087_Wat,363.0722122
2,Sample_S19S_0087_Wat,363.0835367
28,Sample_S19S_0087_Wat,363.0932688
91,Sample_S19S_0087_Wat,363.108539
1,Sample_S19S_0087_Wat,363.1118361
20,Sample_S19S_0087_Wat,363.1215932
36,Sample_S19S_0087_Wat,363.1449786
24,Sample_S19S_0087_Wat,363.1812892
44,Sample_S19S_0087_Wat,364.0310639
56,Sample_S19S_0087_Wat,364.0674047
16,Sample_S19S_0087_Wat,364.0885367
63,Sample_S19S_0087_Wat,364.1038292
55,Sample_S19S_0087_Wat,364.1401707
62,Sample_S19S_0087_Wat,365.015069
32,Sample_S19S_0087_Wat,365.0513776
99,Sample_S19S_0087_Wat,365.0878382
7,Sample_S19S_0087_Wat,365.0991282
27,Sample_S19S_0087_Wat,365.1008669
47,Sample_S19S_0087_Wat,365.1241727
18,Sample_S19S_0087_Wat,365.137244
21,Sample_S19S_0087_Wat,365.1606438
31,Sample_S19S_0087_Wat,365.1969623
77,Sample_S19S_0087_Wat,366.0830912
63,Sample_S19S_0087_Wat,366.1194629
64,Sample_S19S_0087_Wat,367.0306865
102,Sample_S19S_0087_Wat,367.0671094
9,Sample_S19S_0087_Wat,367.0784012
115,Sample_S19S_0087_Wat,367.1034613
14,Sample_S19S_0087_Wat,367.1147643
15,Sample_S19S_0087_Wat,367.1399195
44,Sample_S19S_0087_Wat,367.1762158
23,Sample_S19S_0087_Wat,368.0623951
74,Sample_S19S_0087_Wat,368.0987097
51,Sample_S19S_0087_Wat,368.1351331
54,Sample_S19S_0087_Wat,369.0099679
56,Sample_S19S_0087_Wat,369.0463181
52,Sample_S19S_0087_Wat,369.061629
86,Sample_S19S_0087_Wat,369.0827443
44,Sample_S19S_0087_Wat,369.0980102
24,Sample_S19S_0087_Wat,369.111039
28,Sample_S19S_0087_Wat,369.1190631
58,Sample_S19S_0087_Wat,369.1555194
17,Sample_S19S_0087_Wat,369.1837969
14,Sample_S19S_0087_Wat,369.1918398
56,Sample_S19S_0087_Wat,370.0779692
32,Sample_S19S_0087_Wat,370.1507341
27,Sample_S19S_0087_Wat,371.0255725
44,Sample_S19S_0087_Wat,371.0408802
77,Sample_S19S_0087_Wat,371.0620102
20,Sample_S19S_0087_Wat,371.0902981
46,Sample_S19S_0087_Wat,371.0983408
47,Sample_S19S_0087_Wat,371.1136558
58,Sample_S19S_0087_Wat,371.1347918
41,Sample_S19S_0087_Wat,371.171134
36,Sample_S19S_0087_Wat,372.0361265
33,Sample_S19S_0087_Wat,372.0572277
53,Sample_S19S_0087_Wat,372.0725108
49,Sample_S19S_0087_Wat,372.1300076
38,Sample_S19S_0087_Wat,373.0201141
51,Sample_S19S_0087_Wat,373.0412407
70,Sample_S19S_0087_Wat,373.0565482
5,Sample_S19S_0087_Wat,373.0599109
37,Sample_S19S_0087_Wat,373.0776886
48,Sample_S19S_0087_Wat,373.09294
30,Sample_S19S_0087_Wat,373.1059583
58,Sample_S19S_0087_Wat,373.1140108
16,Sample_S19S_0087_Wat,373.1504711
16,Sample_S19S_0087_Wat,373.1657318
8,Sample_S19S_0087_Wat,374.0729636
15,Sample_S19S_0087_Wat,374.1245961
16,Sample_S19S_0087_Wat,374.9994641
31,Sample_S19S_0087_Wat,375.0358416
20,Sample_S19S_0087_Wat,375.0569615
76,Sample_S19S_0087_Wat,375.0721973
13,Sample_S19S_0087_Wat,375.0755416
24,Sample_S19S_0087_Wat,375.0852221
43,Sample_S19S_0087_Wat,375.0932745
5,Sample_S19S_0087_Wat,375.1118457
34,Sample_S19S_0087_Wat,375.1297066
79,Sample_S19S_0087_Wat,375.1449442
30,Sample_S19S_0087_Wat,375.1579842
28,Sample_S19S_0087_Wat,375.1812892
18,Sample_S19S_0087_Wat,375.194367
28,Sample_S19S_0087_Wat,376.031082
59,Sample_S19S_0087_Wat,376.0674564
26,Sample_S19S_0087_Wat,376.1249335
36,Sample_S19S_0087_Wat,377.0150486
84,Sample_S19S_0087_Wat,377.0514538
63,Sample_S19S_0087_Wat,377.0877952
4,Sample_S19S_0087_Wat,377.0911145
18,Sample_S19S_0087_Wat,377.100823
98,Sample_S19S_0087_Wat,377.1241915
27,Sample_S19S_0087_Wat,377.1372608
57,Sample_S19S_0087_Wat,377.1606102
18,Sample_S19S_0087_Wat,377.1735945
18,Sample_S19S_0087_Wat,377.1969233
23,Sample_S19S_0087_Wat,378.0466478
59,Sample_S19S_0087_Wat,378.0831073
69,Sample_S19S_0087_Wat,378.1194361
50,Sample_S19S_0087_Wat,378.1558494
72,Sample_S19S_0087_Wat,379.0307221
29,Sample_S19S_0087_Wat,379.0670295
24,Sample_S19S_0087_Wat,379.0783458
115,Sample_S19S_0087_Wat,379.1034645
26,Sample_S19S_0087_Wat,379.1165229
94,Sample_S19S_0087_Wat,379.1398402
21,Sample_S19S_0087_Wat,379.1528588
56,Sample_S19S_0087_Wat,379.1762343
19,Sample_S19S_0087_Wat,379.2126518
13,Sample_S19S_0087_Wat,380.0259079
68,Sample_S19S_0087_Wat,380.0987084
66,Sample_S19S_0087_Wat,380.1350974
19,Sample_S19S_0087_Wat,381.0099072
22,Sample_S19S_0087_Wat,381.0251984
77,Sample_S19S_0087_Wat,381.0463502
33,Sample_S19S_0087_Wat,381.0826619
24,Sample_S19S_0087_Wat,381.0939738
104,Sample_S19S_0087_Wat,381.1191186
23,Sample_S19S_0087_Wat,381.1321708
82,Sample_S19S_0087_Wat,381.1555031
34,Sample_S19S_0087_Wat,381.1918695
36,Sample_S19S_0087_Wat,382.0415806
64,Sample_S19S_0087_Wat,382.0779661
70,Sample_S19S_0087_Wat,382.1143936
11,Sample_S19S_0087_Wat,382.1507159
31,Sample_S19S_0087_Wat,383.0255766
17,Sample_S19S_0087_Wat,383.040804
45,Sample_S19S_0087_Wat,383.0619616
49,Sample_S19S_0087_Wat,383.0772634
106,Sample_S19S_0087_Wat,383.0983806
18,Sample_S19S_0087_Wat,383.1095949
27,Sample_S19S_0087_Wat,383.1266887
33,Sample_S19S_0087_Wat,383.1347075
34,Sample_S19S_0087_Wat,383.1711132
31,Sample_S19S_0087_Wat,383.2075249
34,Sample_S19S_0087_Wat,384.0572385
62,Sample_S19S_0087_Wat,384.0936599
31,Sample_S19S_0087_Wat,384.1664077
28,Sample_S19S_0087_Wat,385.0412026
44,Sample_S19S_0087_Wat,385.0564963
85,Sample_S19S_0087_Wat,385.0776412
65,Sample_S19S_0087_Wat,385.0929264
36,Sample_S19S_0087_Wat,385.1139909
35,Sample_S19S_0087_Wat,385.1292595
26,Sample_S19S_0087_Wat,385.1423072
37,Sample_S19S_0087_Wat,385.1503825
43,Sample_S19S_0087_Wat,385.1656784
29,Sample_S19S_0087_Wat,385.1868285
7,Sample_S19S_0087_Wat,386.0517072
39,Sample_S19S_0087_Wat,386.0728862
58,Sample_S19S_0087_Wat,386.0881802
49,Sample_S19S_0087_Wat,386.1093009
30,Sample_S19S_0087_Wat,386.1820531
59,Sample_S19S_0087_Wat,387.0358113
28,Sample_S19S_0087_Wat,387.0568488
20,Sample_S19S_0087_Wat,387.0721252
3,Sample_S19S_0087_Wat,387.075423
19,Sample_S19S_0087_Wat,387.0851909
32,Sample_S19S_0087_Wat,387.0932457
83,Sample_S19S_0087_Wat,387.1085636
82,Sample_S19S_0087_Wat,387.1296791
24,Sample_S19S_0087_Wat,387.1579654
14,Sample_S19S_0087_Wat,387.1659841
24,Sample_S19S_0087_Wat,387.1812925
18,Sample_S19S_0087_Wat,387.19436
9,Sample_S19S_0087_Wat,388.0309868
71,Sample_S19S_0087_Wat,388.0674506
41,Sample_S19S_0087_Wat,388.1037783
44,Sample_S19S_0087_Wat,388.1249219
36,Sample_S19S_0087_Wat,389.0150297
29,Sample_S19S_0087_Wat,389.036144
57,Sample_S19S_0087_Wat,389.051417
10,Sample_S19S_0087_Wat,389.0644457
24,Sample_S19S_0087_Wat,389.0724972
81,Sample_S19S_0087_Wat,389.0878118
5,Sample_S19S_0087_Wat,389.0911204
26,Sample_S19S_0087_Wat,389.1008827
36,Sample_S19S_0087_Wat,389.108981
92,Sample_S19S_0087_Wat,389.1242045
23,Sample_S19S_0087_Wat,389.1372295
15,Sample_S19S_0087_Wat,389.1452618
26,Sample_S19S_0087_Wat,389.1605387
22,Sample_S19S_0087_Wat,389.1736085
37,Sample_S19S_0087_Wat,389.1969883
37,Sample_S19S_0087_Wat,390.0466839
80,Sample_S19S_0087_Wat,390.083092
35,Sample_S19S_0087_Wat,391.0307447
51,Sample_S19S_0087_Wat,391.0670531
6,Sample_S19S_0087_Wat,391.070384
17,Sample_S19S_0087_Wat,391.0881255
51,Sample_S19S_0087_Wat,391.1034381
2,Sample_S19S_0087_Wat,391.1066925
49,Sample_S19S_0087_Wat,391.1398852
13,Sample_S19S_0087_Wat,391.1528412
34,Sample_S19S_0087_Wat,391.1762035
28,Sample_S19S_0087_Wat,391.212612
21,Sample_S19S_0087_Wat,392.0259958
56,Sample_S19S_0087_Wat,392.06231
11,Sample_S19S_0087_Wat,392.0834684
80,Sample_S19S_0087_Wat,392.098752
19,Sample_S19S_0087_Wat,392.1198706
60,Sample_S19S_0087_Wat,392.1351125
19,Sample_S19S_0087_Wat,393.010021
47,Sample_S19S_0087_Wat,393.0463154
84,Sample_S19S_0087_Wat,393.0827628
93,Sample_S19S_0087_Wat,393.1191285
20,Sample_S19S_0087_Wat,393.1321265
42,Sample_S19S_0087_Wat,393.1554711
18,Sample_S19S_0087_Wat,393.1685262
23,Sample_S19S_0087_Wat,393.1919402
38,Sample_S19S_0087_Wat,394.0415806
45,Sample_S19S_0087_Wat,394.078026
48,Sample_S19S_0087_Wat,394.1144108
39,Sample_S19S_0087_Wat,395.0255818
9,Sample_S19S_0087_Wat,395.0408318
64,Sample_S19S_0087_Wat,395.0619708
14,Sample_S19S_0087_Wat,395.0732837
57,Sample_S19S_0087_Wat,395.0984243
117,Sample_S19S_0087_Wat,395.1347697
47,Sample_S19S_0087_Wat,395.171191
14,Sample_S19S_0087_Wat,395.2075813
67,Sample_S19S_0087_Wat,396.0936653
35,Sample_S19S_0087_Wat,396.13006
51,Sample_S19S_0087_Wat,396.1664019
14,Sample_S19S_0087_Wat,397.0200883
53,Sample_S19S_0087_Wat,397.0412485
39,Sample_S19S_0087_Wat,397.0565368
33,Sample_S19S_0087_Wat,397.0775828
21,Sample_S19S_0087_Wat,397.1059758
71,Sample_S19S_0087_Wat,397.1140135
35,Sample_S19S_0087_Wat,397.1252995
86,Sample_S19S_0087_Wat,397.1504225
23,Sample_S19S_0087_Wat,397.1867602
5,Sample_S19S_0087_Wat,398.0364549
27,Sample_S19S_0087_Wat,398.0517674
61,Sample_S19S_0087_Wat,398.0729329
55,Sample_S19S_0087_Wat,398.1456531
32,Sample_S19S_0087_Wat,399.0205105
12,Sample_S19S_0087_Wat,399.0356696
19,Sample_S19S_0087_Wat,399.0568344
39,Sample_S19S_0087_Wat,399.0721389
25,Sample_S19S_0087_Wat,399.085227
70,Sample_S19S_0087_Wat,399.0932727
23,Sample_S19S_0087_Wat,399.1086044
63,Sample_S19S_0087_Wat,399.1296635
41,Sample_S19S_0087_Wat,399.1449193
15,Sample_S19S_0087_Wat,399.1579458
3,Sample_S19S_0087_Wat,399.1659287
17,Sample_S19S_0087_Wat,399.1943775
30,Sample_S19S_0087_Wat,399.2024375
23,Sample_S19S_0087_Wat,400.0674729
32,Sample_S19S_0087_Wat,400.1037744
31,Sample_S19S_0087_Wat,400.1249077
37,Sample_S19S_0087_Wat,401.0150794
31,Sample_S19S_0087_Wat,401.0362034
69,Sample_S19S_0087_Wat,401.0514549
17,Sample_S19S_0087_Wat,401.0644945
28,Sample_S19S_0087_Wat,401.0725084
66,Sample_S19S_0087_Wat,401.0878209
2,Sample_S19S_0087_Wat,401.0910681
57,Sample_S19S_0087_Wat,401.1089631
63,Sample_S19S_0087_Wat,401.1453284
60,Sample_S19S_0087_Wat,401.1605804
16,Sample_S19S_0087_Wat,401.1736033
14,Sample_S19S_0087_Wat,401.1816514
31,Sample_S19S_0087_Wat,402.0466811
18,Sample_S19S_0087_Wat,402.0831391
7,Sample_S19S_0087_Wat,402.0961225
3,Sample_S19S_0087_Wat,402.1042761
10,Sample_S19S_0087_Wat,402.1195259
25,Sample_S19S_0087_Wat,402.1405573
15,Sample_S19S_0087_Wat,403.0305846
10,Sample_S19S_0087_Wat,403.0437271
21,Sample_S19S_0087_Wat,403.0517845
80,Sample_S19S_0087_Wat,403.0671122
2,Sample_S19S_0087_Wat,403.0704072
59,Sample_S19S_0087_Wat,403.0881974
71,Sample_S19S_0087_Wat,403.1034476
21,Sample_S19S_0087_Wat,403.1164656
19,Sample_S19S_0087_Wat,403.1245163
84,Sample_S19S_0087_Wat,403.1398463
27,Sample_S19S_0087_Wat,403.1529106
23,Sample_S19S_0087_Wat,403.1609357
30,Sample_S19S_0087_Wat,403.1762826
26,Sample_S19S_0087_Wat,403.2126282
21,Sample_S19S_0087_Wat,404.025924
77,Sample_S19S_0087_Wat,404.0623618
30,Sample_S19S_0087_Wat,404.0834492
71,Sample_S19S_0087_Wat,404.1351085
12,Sample_S19S_0087_Wat,405.0098791
71,Sample_S19S_0087_Wat,405.0463718
33,Sample_S19S_0087_Wat,405.0674473
51,Sample_S19S_0087_Wat,405.0827082
3,Sample_S19S_0087_Wat,405.0859264
6,Sample_S19S_0087_Wat,405.103722
31,Sample_S19S_0087_Wat,405.1190623
29,Sample_S19S_0087_Wat,405.1321292
49,Sample_S19S_0087_Wat,405.1555362
25,Sample_S19S_0087_Wat,405.1685606
36,Sample_S19S_0087_Wat,405.1918632
3,Sample_S19S_0087_Wat,405.2048711
26,Sample_S19S_0087_Wat,406.041642
8,Sample_S19S_0087_Wat,406.0990792
73,Sample_S19S_0087_Wat,406.1143545
27,Sample_S19S_0087_Wat,407.0255705
68,Sample_S19S_0087_Wat,407.0620299
98,Sample_S19S_0087_Wat,407.0983755
13,Sample_S19S_0087_Wat,407.1113661
82,Sample_S19S_0087_Wat,407.1347505
22,Sample_S19S_0087_Wat,407.1477958
11,Sample_S19S_0087_Wat,407.1712237
18,Sample_S19S_0087_Wat,407.2075913
75,Sample_S19S_0087_Wat,408.0936661
81,Sample_S19S_0087_Wat,408.1300077
32,Sample_S19S_0087_Wat,409.0412228
29,Sample_S19S_0087_Wat,409.07757
17,Sample_S19S_0087_Wat,409.0889394
93,Sample_S19S_0087_Wat,409.1140221
90,Sample_S19S_0087_Wat,409.1504235
7,Sample_S19S_0087_Wat,409.1633923
12,Sample_S19S_0087_Wat,409.1787026
16,Sample_S19S_0087_Wat,409.1867344
30,Sample_S19S_0087_Wat,410.0365413
66,Sample_S19S_0087_Wat,410.0729191
17,Sample_S19S_0087_Wat,410.1092388
55,Sample_S19S_0087_Wat,410.1456867
32,Sample_S19S_0087_Wat,411.0205049
13,Sample_S19S_0087_Wat,411.0357156
23,Sample_S19S_0087_Wat,411.0568579
77,Sample_S19S_0087_Wat,411.0933142
82,Sample_S19S_0087_Wat,411.1296933
30,Sample_S19S_0087_Wat,411.1579879
48,Sample_S19S_0087_Wat,411.1660419
5,Sample_S19S_0087_Wat,411.2022993
25,Sample_S19S_0087_Wat,412.0521769
31,Sample_S19S_0087_Wat,412.0673926
43,Sample_S19S_0087_Wat,412.0885256
55,Sample_S19S_0087_Wat,412.1249118
23,Sample_S19S_0087_Wat,413.0150329
32,Sample_S19S_0087_Wat,413.0361429
7,Sample_S19S_0087_Wat,413.0513424
12,Sample_S19S_0087_Wat,413.06446
9,Sample_S19S_0087_Wat,413.072442
40,Sample_S19S_0087_Wat,413.087795
28,Sample_S19S_0087_Wat,413.1008794
82,Sample_S19S_0087_Wat,413.1089345
60,Sample_S19S_0087_Wat,413.12421
19,Sample_S19S_0087_Wat,413.1372735
24,Sample_S19S_0087_Wat,413.1452768
7,Sample_S19S_0087_Wat,413.1605228
22,Sample_S19S_0087_Wat,413.1736056
14,Sample_S19S_0087_Wat,413.1816156
16,Sample_S19S_0087_Wat,413.2100122
23,Sample_S19S_0087_Wat,414.0831299
30,Sample_S19S_0087_Wat,415.0306688
26,Sample_S19S_0087_Wat,415.0518724
6,Sample_S19S_0087_Wat,415.0671726
11,Sample_S19S_0087_Wat,415.080159
63,Sample_S19S_0087_Wat,415.0881916
63,Sample_S19S_0087_Wat,415.1034568
3,Sample_S19S_0087_Wat,415.1066895
21,Sample_S19S_0087_Wat,415.1164835
35,Sample_S19S_0087_Wat,415.1245406
20,Sample_S19S_0087_Wat,415.1529316
54,Sample_S19S_0087_Wat,415.1609859
11,Sample_S19S_0087_Wat,415.1763155
25,Sample_S19S_0087_Wat,415.1973464
16,Sample_S19S_0087_Wat,416.0259342
37,Sample_S19S_0087_Wat,416.0623295
6,Sample_S19S_0087_Wat,416.0986591
36,Sample_S19S_0087_Wat,417.009975
29,Sample_S19S_0087_Wat,417.0310977
46,Sample_S19S_0087_Wat,417.0463346
11,Sample_S19S_0087_Wat,417.0593749
19,Sample_S19S_0087_Wat,417.0674105
28,Sample_S19S_0087_Wat,417.0826722
2,Sample_S19S_0087_Wat,417.085967
16,Sample_S19S_0087_Wat,417.0957124
22,Sample_S19S_0087_Wat,417.1037889
83,Sample_S19S_0087_Wat,417.1191101
36,Sample_S19S_0087_Wat,417.1321667
38,Sample_S19S_0087_Wat,417.1402188
69,Sample_S19S_0087_Wat,417.1555165
39,Sample_S19S_0087_Wat,417.1685514
20,Sample_S19S_0087_Wat,418.0416648
57,Sample_S19S_0087_Wat,418.0779721
21,Sample_S19S_0087_Wat,418.1144292
36,Sample_S19S_0087_Wat,419.0256123
43,Sample_S19S_0087_Wat,419.0619721
11,Sample_S19S_0087_Wat,419.0829959
20,Sample_S19S_0087_Wat,419.0982983
2,Sample_S19S_0087_Wat,419.1015327
8,Sample_S19S_0087_Wat,419.1113471
9,Sample_S19S_0087_Wat,419.1194106
90,Sample_S19S_0087_Wat,419.1347745
21,Sample_S19S_0087_Wat,419.1478319
44,Sample_S19S_0087_Wat,419.1711927
26,Sample_S19S_0087_Wat,419.1842051
38,Sample_S19S_0087_Wat,419.207525
54,Sample_S19S_0087_Wat,420.0572817
15,Sample_S19S_0087_Wat,421.0048082
53,Sample_S19S_0087_Wat,421.0412704
24,Sample_S19S_0087_Wat,421.0777047
101,Sample_S19S_0087_Wat,421.1140346
14,Sample_S19S_0087_Wat,421.1270174
83,Sample_S19S_0087_Wat,421.1504292
1,Sample_S19S_0087_Wat,421.1552081
22,Sample_S19S_0087_Wat,421.1634511
21,Sample_S19S_0087_Wat,421.1868654
3,Sample_S19S_0087_Wat,421.2232692
1,Sample_S19S_0087_Wat,421.2265386
60,Sample_S19S_0087_Wat,422.0728802
35,Sample_S19S_0087_Wat,422.1093338
26,Sample_S19S_0087_Wat,423.0205894
62,Sample_S19S_0087_Wat,423.0569089
5,Sample_S19S_0087_Wat,423.0682304
30,Sample_S19S_0087_Wat,423.093231
9,Sample_S19S_0087_Wat,423.1046157
106,Sample_S19S_0087_Wat,423.1296813
13,Sample_S19S_0087_Wat,423.1426961
34,Sample_S19S_0087_Wat,423.1661225
16,Sample_S19S_0087_Wat,423.179095
41,Sample_S19S_0087_Wat,423.2024382
18,Sample_S19S_0087_Wat,424.0522173
3,Sample_S19S_0087_Wat,424.0886497
42,Sample_S19S_0087_Wat,424.1249783
52,Sample_S19S_0087_Wat,425.0361852
12,Sample_S19S_0087_Wat,425.0644881
19,Sample_S19S_0087_Wat,425.0724714
16,Sample_S19S_0087_Wat,425.1008972
54,Sample_S19S_0087_Wat,425.1089252
1,Sample_S19S_0087_Wat,425.120287
20,Sample_S19S_0087_Wat,425.1453873
44,Sample_S19S_0087_Wat,425.1816982
9,Sample_S19S_0087_Wat,425.2100538
29,Sample_S19S_0087_Wat,426.0467067
61,Sample_S19S_0087_Wat,426.1405881
21,Sample_S19S_0087_Wat,427.0154789
18,Sample_S19S_0087_Wat,427.0307487
26,Sample_S19S_0087_Wat,427.0518808
14,Sample_S19S_0087_Wat,427.0669702
10,Sample_S19S_0087_Wat,427.0801714
45,Sample_S19S_0087_Wat,427.088175
40,Sample_S19S_0087_Wat,427.1035014
19,Sample_S19S_0087_Wat,427.1165345
76,Sample_S19S_0087_Wat,427.1245871
7,Sample_S19S_0087_Wat,427.1399769
7,Sample_S19S_0087_Wat,427.1610597
30,Sample_S19S_0087_Wat,427.1973395
9,Sample_S19S_0087_Wat,428.0259138
23,Sample_S19S_0087_Wat,428.0470647
28,Sample_S19S_0087_Wat,428.1562791
14,Sample_S19S_0087_Wat,429.0099567
32,Sample_S19S_0087_Wat,429.0310878
35,Sample_S19S_0087_Wat,429.0463286
50,Sample_S19S_0087_Wat,429.067488
2,Sample_S19S_0087_Wat,429.0829209
7,Sample_S19S_0087_Wat,429.0861392
12,Sample_S19S_0087_Wat,429.1039457
6,Sample_S19S_0087_Wat,429.1192381
4,Sample_S19S_0087_Wat,429.1224523
65,Sample_S19S_0087_Wat,429.1402424
28,Sample_S19S_0087_Wat,429.1555582
30,Sample_S19S_0087_Wat,429.1685491
23,Sample_S19S_0087_Wat,429.1765924
38,Sample_S19S_0087_Wat,429.1919036
29,Sample_S19S_0087_Wat,430.0416122
23,Sample_S19S_0087_Wat,430.0627483
14,Sample_S19S_0087_Wat,430.0780537
34,Sample_S19S_0087_Wat,430.0991542
75,Sample_S19S_0087_Wat,430.1143962
4,Sample_S19S_0087_Wat,430.1273505
45,Sample_S19S_0087_Wat,430.1354817
23,Sample_S19S_0087_Wat,431.0256563
6,Sample_S19S_0087_Wat,431.0386601
13,Sample_S19S_0087_Wat,431.04681
72,Sample_S19S_0087_Wat,431.0620177
3,Sample_S19S_0087_Wat,431.0653523
47,Sample_S19S_0087_Wat,431.083125
77,Sample_S19S_0087_Wat,431.098388
2,Sample_S19S_0087_Wat,431.1016424
19,Sample_S19S_0087_Wat,431.1113826
27,Sample_S19S_0087_Wat,431.1194411
30,Sample_S19S_0087_Wat,431.1347291
26,Sample_S19S_0087_Wat,431.1477957
23,Sample_S19S_0087_Wat,431.1558407
32,Sample_S19S_0087_Wat,431.1711879
14,Sample_S19S_0087_Wat,431.1922364
15,Sample_S19S_0087_Wat,431.2076023
15,Sample_S19S_0087_Wat,432.020878
10,Sample_S19S_0087_Wat,432.0573233
22,Sample_S19S_0087_Wat,432.078404
85,Sample_S19S_0087_Wat,432.093661
76,Sample_S19S_0087_Wat,432.1300404
50,Sample_S19S_0087_Wat,433.0412948
3,Sample_S19S_0087_Wat,433.0543356
26,Sample_S19S_0087_Wat,433.0624271
81,Sample_S19S_0087_Wat,433.077665
16,Sample_S19S_0087_Wat,433.0906617
15,Sample_S19S_0087_Wat,433.0986887
28,Sample_S19S_0087_Wat,433.1139658
10,Sample_S19S_0087_Wat,433.1269982
3,Sample_S19S_0087_Wat,433.13501
29,Sample_S19S_0087_Wat,433.1503758
27,Sample_S19S_0087_Wat,433.1634586
39,Sample_S19S_0087_Wat,433.1868494
12,Sample_S19S_0087_Wat,433.1998888
28,Sample_S19S_0087_Wat,433.223189
12,Sample_S19S_0087_Wat,434.072975
22,Sample_S19S_0087_Wat,434.1093421
17,Sample_S19S_0087_Wat,435.0204588
52,Sample_S19S_0087_Wat,435.0569041
79,Sample_S19S_0087_Wat,435.093324
15,Sample_S19S_0087_Wat,435.1062764
30,Sample_S19S_0087_Wat,435.1296329
6,Sample_S19S_0087_Wat,435.1426364
1,Sample_S19S_0087_Wat,435.160379
28,Sample_S19S_0087_Wat,435.1659973
12,Sample_S19S_0087_Wat,435.1790631
48,Sample_S19S_0087_Wat,435.2024665
26,Sample_S19S_0087_Wat,436.0521427
29,Sample_S19S_0087_Wat,436.0886111
8,Sample_S19S_0087_Wat,436.1250197
40,Sample_S19S_0087_Wat,437.0361523
27,Sample_S19S_0087_Wat,437.072483
14,Sample_S19S_0087_Wat,437.0837898
7,Sample_S19S_0087_Wat,437.1009114
27,Sample_S19S_0087_Wat,437.1088959
2,Sample_S19S_0087_Wat,437.1219003
63,Sample_S19S_0087_Wat,437.1453651
19,Sample_S19S_0087_Wat,437.158378
1,Sample_S19S_0087_Wat,437.1737814
50,Sample_S19S_0087_Wat,437.1817485
11,Sample_S19S_0087_Wat,437.2180272
13,Sample_S19S_0087_Wat,438.031465
20,Sample_S19S_0087_Wat,438.0678822
69,Sample_S19S_0087_Wat,438.1405683
11,Sample_S19S_0087_Wat,439.0153758
19,Sample_S19S_0087_Wat,439.051737
72,Sample_S19S_0087_Wat,439.0882098
84,Sample_S19S_0087_Wat,439.1246064
18,Sample_S19S_0087_Wat,439.1529344
36,Sample_S19S_0087_Wat,439.1609425
23,Sample_S19S_0087_Wat,439.1892886
19,Sample_S19S_0087_Wat,439.1973056
13,Sample_S19S_0087_Wat,439.2256709
45,Sample_S19S_0087_Wat,440.0834468
35,Sample_S19S_0087_Wat,440.1198163
18,Sample_S19S_0087_Wat,441.0310268
12,Sample_S19S_0087_Wat,441.0462365
3,Sample_S19S_0087_Wat,441.0593601
35,Sample_S19S_0087_Wat,441.0674409
39,Sample_S19S_0087_Wat,441.0827166
40,Sample_S19S_0087_Wat,441.1039049
19,Sample_S19S_0087_Wat,441.1191742
55,Sample_S19S_0087_Wat,441.1402285
12,Sample_S19S_0087_Wat,441.1554489
19,Sample_S19S_0087_Wat,441.168514
22,Sample_S19S_0087_Wat,441.1765589
16,Sample_S19S_0087_Wat,441.2049192
10,Sample_S19S_0087_Wat,441.2129575
11,Sample_S19S_0087_Wat,442.0779366
14,Sample_S19S_0087_Wat,442.0990637
8,Sample_S19S_0087_Wat,442.114299
21,Sample_S19S_0087_Wat,442.135461
18,Sample_S19S_0087_Wat,443.0255061
23,Sample_S19S_0087_Wat,443.0466588
17,Sample_S19S_0087_Wat,443.061884
2,Sample_S19S_0087_Wat,443.0652174
13,Sample_S19S_0087_Wat,443.0749837
36,Sample_S19S_0087_Wat,443.0830557
43,Sample_S19S_0087_Wat,443.0984287
1,Sample_S19S_0087_Wat,443.1016577
19,Sample_S19S_0087_Wat,443.1114516
65,Sample_S19S_0087_Wat,443.119518
7,Sample_S19S_0087_Wat,443.1348538
5,Sample_S19S_0087_Wat,443.1380667
23,Sample_S19S_0087_Wat,443.1478565
53,Sample_S19S_0087_Wat,443.1558944
27,Sample_S19S_0087_Wat,443.1711201
23,Sample_S19S_0087_Wat,443.1841796
16,Sample_S19S_0087_Wat,443.1922057
7,Sample_S19S_0087_Wat,443.2074098
8,Sample_S19S_0087_Wat,443.2205255
55,Sample_S19S_0087_Wat,444.0572726
24,Sample_S19S_0087_Wat,444.093696
13,Sample_S19S_0087_Wat,445.0048403
45,Sample_S19S_0087_Wat,445.0412697
6,Sample_S19S_0087_Wat,445.054308
40,Sample_S19S_0087_Wat,445.0623769
37,Sample_S19S_0087_Wat,445.0776178
2,Sample_S19S_0087_Wat,445.0808638
14,Sample_S19S_0087_Wat,445.0986624
4,Sample_S19S_0087_Wat,445.1083593
18,Sample_S19S_0087_Wat,445.1139537
1,Sample_S19S_0087_Wat,445.1171907
21,Sample_S19S_0087_Wat,445.127011
12,Sample_S19S_0087_Wat,445.1350548
37,Sample_S19S_0087_Wat,445.1503907
35,Sample_S19S_0087_Wat,445.1634705
44,Sample_S19S_0087_Wat,445.1715289
39,Sample_S19S_0087_Wat,445.1868428
29,Sample_S19S_0087_Wat,445.223207
21,Sample_S19S_0087_Wat,446.0364887
23,Sample_S19S_0087_Wat,446.0728598
2,Sample_S19S_0087_Wat,446.0939418
54,Sample_S19S_0087_Wat,446.1092739
31,Sample_S19S_0087_Wat,446.1457127
18,Sample_S19S_0087_Wat,447.0204695
9,Sample_S19S_0087_Wat,447.056785
6,Sample_S19S_0087_Wat,447.0698296
7,Sample_S19S_0087_Wat,447.0779114
19,Sample_S19S_0087_Wat,447.09323
18,Sample_S19S_0087_Wat,447.114388
82,Sample_S19S_0087_Wat,447.1297048
29,Sample_S19S_0087_Wat,447.1427418
78,Sample_S19S_0087_Wat,447.1660641
25,Sample_S19S_0087_Wat,447.179104
17,Sample_S19S_0087_Wat,447.2023724
16,Sample_S19S_0087_Wat,447.2388005
7,Sample_S19S_0087_Wat,448.0520882
73,Sample_S19S_0087_Wat,448.088573
19,Sample_S19S_0087_Wat,448.1096972
21,Sample_S19S_0087_Wat,449.0360637
25,Sample_S19S_0087_Wat,449.0724952
97,Sample_S19S_0087_Wat,449.1089599
17,Sample_S19S_0087_Wat,449.1219859
83,Sample_S19S_0087_Wat,449.1453221
24,Sample_S19S_0087_Wat,449.1583358
28,Sample_S19S_0087_Wat,449.1816462
4,Sample_S19S_0087_Wat,449.1946593
13,Sample_S19S_0087_Wat,449.2180299
11,Sample_S19S_0087_Wat,451.0153576
20,Sample_S19S_0087_Wat,451.0517204
36,Sample_S19S_0087_Wat,451.0881744
64,Sample_S19S_0087_Wat,451.124616
18,Sample_S19S_0087_Wat,451.1376081
1,Sample_S19S_0087_Wat,451.1530256
38,Sample_S19S_0087_Wat,451.1609528
10,Sample_S19S_0087_Wat,451.1739524
11,Sample_S19S_0087_Wat,451.189303
6,Sample_S19S_0087_Wat,451.1972791
11,Sample_S19S_0087_Wat,451.2336787
5,Sample_S19S_0087_Wat,452.0469724
45,Sample_S19S_0087_Wat,452.0834394
19,Sample_S19S_0087_Wat,452.1199139
26,Sample_S19S_0087_Wat,453.0310814
13,Sample_S19S_0087_Wat,453.0462824
26,Sample_S19S_0087_Wat,453.0673983
11,Sample_S19S_0087_Wat,453.0957146
17,Sample_S19S_0087_Wat,453.1037558
17,Sample_S19S_0087_Wat,453.1321972
46,Sample_S19S_0087_Wat,453.140211
5,Sample_S19S_0087_Wat,453.1686448
62,Sample_S19S_0087_Wat,453.1766436
5,Sample_S19S_0087_Wat,454.04154
35,Sample_S19S_0087_Wat,454.0627542
16,Sample_S19S_0087_Wat,455.025566
44,Sample_S19S_0087_Wat,455.0467468
46,Sample_S19S_0087_Wat,455.0620251
12,Sample_S19S_0087_Wat,455.0750667
53,Sample_S19S_0087_Wat,455.0831528
45,Sample_S19S_0087_Wat,455.0984121
16,Sample_S19S_0087_Wat,455.111472
40,Sample_S19S_0087_Wat,455.1194736
2,Sample_S19S_0087_Wat,455.1290278
11,Sample_S19S_0087_Wat,455.1346803
22,Sample_S19S_0087_Wat,455.14777
14,Sample_S19S_0087_Wat,455.1558023
1,Sample_S19S_0087_Wat,455.1654128
16,Sample_S19S_0087_Wat,455.1841535
15,Sample_S19S_0087_Wat,455.1921775
20,Sample_S19S_0087_Wat,455.2205892
13,Sample_S19S_0087_Wat,456.0935705
9,Sample_S19S_0087_Wat,457.0049305
9,Sample_S19S_0087_Wat,457.0260917
35,Sample_S19S_0087_Wat,457.0412916
45,Sample_S19S_0087_Wat,457.0624071
18,Sample_S19S_0087_Wat,457.0776174
10,Sample_S19S_0087_Wat,457.0906483
20,Sample_S19S_0087_Wat,457.0986905
21,Sample_S19S_0087_Wat,457.1139922
2,Sample_S19S_0087_Wat,457.1172314
14,Sample_S19S_0087_Wat,457.1270095
18,Sample_S19S_0087_Wat,457.1350642
3,Sample_S19S_0087_Wat,457.1447412
17,Sample_S19S_0087_Wat,457.150377
23,Sample_S19S_0087_Wat,457.1634444
26,Sample_S19S_0087_Wat,457.1715231
51,Sample_S19S_0087_Wat,457.1868094
17,Sample_S19S_0087_Wat,457.1998933
29,Sample_S19S_0087_Wat,457.2079257
14,Sample_S19S_0087_Wat,457.2362399
47,Sample_S19S_0087_Wat,458.0729028
41,Sample_S19S_0087_Wat,458.1093241
27,Sample_S19S_0087_Wat,459.0416602
27,Sample_S19S_0087_Wat,459.0568713
8,Sample_S19S_0087_Wat,459.069913
26,Sample_S19S_0087_Wat,459.0779746
22,Sample_S19S_0087_Wat,459.0932353
17,Sample_S19S_0087_Wat,459.1062882
29,Sample_S19S_0087_Wat,459.1143457
56,Sample_S19S_0087_Wat,459.1296693
3,Sample_S19S_0087_Wat,459.1328714
30,Sample_S19S_0087_Wat,459.142719
37,Sample_S19S_0087_Wat,459.1508169
41,Sample_S19S_0087_Wat,459.1661042
31,Sample_S19S_0087_Wat,459.1872169
25,Sample_S19S_0087_Wat,459.2025048
7,Sample_S19S_0087_Wat,460.0521036
59,Sample_S19S_0087_Wat,460.0885829
51,Sample_S19S_0087_Wat,460.1249704
39,Sample_S19S_0087_Wat,461.036196
7,Sample_S19S_0087_Wat,461.0492316
28,Sample_S19S_0087_Wat,461.0572822
28,Sample_S19S_0087_Wat,461.0725007
12,Sample_S19S_0087_Wat,461.0855391
7,Sample_S19S_0087_Wat,461.0935699
13,Sample_S19S_0087_Wat,461.1088271
4,Sample_S19S_0087_Wat,461.1218899
12,Sample_S19S_0087_Wat,461.1299458
4,Sample_S19S_0087_Wat,461.1396751
23,Sample_S19S_0087_Wat,461.1452647
23,Sample_S19S_0087_Wat,461.1583343
35,Sample_S19S_0087_Wat,461.1817537
14,Sample_S19S_0087_Wat,461.1948089
27,Sample_S19S_0087_Wat,461.218132
36,Sample_S19S_0087_Wat,462.067799
21,Sample_S19S_0087_Wat,462.1042629
12,Sample_S19S_0087_Wat,463.015396
47,Sample_S19S_0087_Wat,463.0518315
49,Sample_S19S_0087_Wat,463.0881954
4,Sample_S19S_0087_Wat,463.1189274
18,Sample_S19S_0087_Wat,463.124491
4,Sample_S19S_0087_Wat,463.1375144
10,Sample_S19S_0087_Wat,463.1608564
6,Sample_S19S_0087_Wat,463.1739081
19,Sample_S19S_0087_Wat,463.1972938
30,Sample_S19S_0087_Wat,463.2337601
27,Sample_S19S_0087_Wat,464.1198095
17,Sample_S19S_0087_Wat,465.0310055
15,Sample_S19S_0087_Wat,465.06738
5,Sample_S19S_0087_Wat,465.0786706
35,Sample_S19S_0087_Wat,465.1038259
17,Sample_S19S_0087_Wat,465.1168704
25,Sample_S19S_0087_Wat,465.1532935
5,Sample_S19S_0087_Wat,465.1686035
64,Sample_S19S_0087_Wat,465.1766182
12,Sample_S19S_0087_Wat,465.2049695
15,Sample_S19S_0087_Wat,465.2129596
54,Sample_S19S_0087_Wat,466.1355201
1,Sample_S19S_0087_Wat,466.1435867
46,Sample_S19S_0087_Wat,467.0467531
54,Sample_S19S_0087_Wat,467.0831629
1,Sample_S19S_0087_Wat,467.0945031
54,Sample_S19S_0087_Wat,467.1195422
26,Sample_S19S_0087_Wat,467.1478261
31,Sample_S19S_0087_Wat,467.1558326
25,Sample_S19S_0087_Wat,467.184209
9,Sample_S19S_0087_Wat,467.1921933
13,Sample_S19S_0087_Wat,467.220621
20,Sample_S19S_0087_Wat,467.2286363
28,Sample_S19S_0087_Wat,468.1147294
14,Sample_S19S_0087_Wat,469.0260039
26,Sample_S19S_0087_Wat,469.0412947
39,Sample_S19S_0087_Wat,469.062394
13,Sample_S19S_0087_Wat,469.0776006
11,Sample_S19S_0087_Wat,469.0906533
28,Sample_S19S_0087_Wat,469.0986993
13,Sample_S19S_0087_Wat,469.1139603
22,Sample_S19S_0087_Wat,469.1270251
18,Sample_S19S_0087_Wat,469.1350525
9,Sample_S19S_0087_Wat,469.1503074
12,Sample_S19S_0087_Wat,469.1633964
1,Sample_S19S_0087_Wat,469.1811109
23,Sample_S19S_0087_Wat,469.199861
21,Sample_S19S_0087_Wat,469.2078959
18,Sample_S19S_0087_Wat,470.0365241
17,Sample_S19S_0087_Wat,470.0728507
20,Sample_S19S_0087_Wat,471.0205509
19,Sample_S19S_0087_Wat,471.0416901
36,Sample_S19S_0087_Wat,471.0569384
9,Sample_S19S_0087_Wat,471.069939
37,Sample_S19S_0087_Wat,471.0780166
19,Sample_S19S_0087_Wat,471.093255
14,Sample_S19S_0087_Wat,471.106291
7,Sample_S19S_0087_Wat,471.1295835
10,Sample_S19S_0087_Wat,471.1426129
14,Sample_S19S_0087_Wat,471.1506882
11,Sample_S19S_0087_Wat,471.16598
22,Sample_S19S_0087_Wat,471.1790652
19,Sample_S19S_0087_Wat,471.1871307
17,Sample_S19S_0087_Wat,471.2155389
22,Sample_S19S_0087_Wat,473.0361823
12,Sample_S19S_0087_Wat,473.0573502
39,Sample_S19S_0087_Wat,473.0726032
39,Sample_S19S_0087_Wat,473.0937108
67,Sample_S19S_0087_Wat,473.1089772
22,Sample_S19S_0087_Wat,473.121993
22,Sample_S19S_0087_Wat,473.1300234
6,Sample_S19S_0087_Wat,473.139667
25,Sample_S19S_0087_Wat,473.1452829
11,Sample_S19S_0087_Wat,473.1582831
15,Sample_S19S_0087_Wat,473.1663521
24,Sample_S19S_0087_Wat,473.1816622
12,Sample_S19S_0087_Wat,473.1946924
30,Sample_S19S_0087_Wat,473.2180738
19,Sample_S19S_0087_Wat,473.2311386
37,Sample_S19S_0087_Wat,474.067818
13,Sample_S19S_0087_Wat,474.0889636
27,Sample_S19S_0087_Wat,474.1042477
56,Sample_S19S_0087_Wat,474.1405956
3,Sample_S19S_0087_Wat,475.0152769
15,Sample_S19S_0087_Wat,475.0517049
8,Sample_S19S_0087_Wat,475.0648516
20,Sample_S19S_0087_Wat,475.0728791
31,Sample_S19S_0087_Wat,475.0881586
14,Sample_S19S_0087_Wat,475.1012806
19,Sample_S19S_0087_Wat,475.1092833
66,Sample_S19S_0087_Wat,475.1245966
27,Sample_S19S_0087_Wat,475.1376596
16,Sample_S19S_0087_Wat,475.1456774
64,Sample_S19S_0087_Wat,475.1609843
24,Sample_S19S_0087_Wat,475.1739813
16,Sample_S19S_0087_Wat,475.1973043
3,Sample_S19S_0087_Wat,475.2103074
5,Sample_S19S_0087_Wat,475.2336051
8,Sample_S19S_0087_Wat,476.0833408
29,Sample_S19S_0087_Wat,476.1198125
33,Sample_S19S_0087_Wat,477.0311319
52,Sample_S19S_0087_Wat,477.0674882
3,Sample_S19S_0087_Wat,477.0805777
1,Sample_S19S_0087_Wat,477.0981716
21,Sample_S19S_0087_Wat,477.1037802
18,Sample_S19S_0087_Wat,477.1168599
1,Sample_S19S_0087_Wat,477.1344651
7,Sample_S19S_0087_Wat,477.1401075
7,Sample_S19S_0087_Wat,477.1531747
21,Sample_S19S_0087_Wat,477.1765167
38,Sample_S19S_0087_Wat,477.2130039
10,Sample_S19S_0087_Wat,477.2493418
67,Sample_S19S_0087_Wat,478.0991507
10,Sample_S19S_0087_Wat,479.0102478
7,Sample_S19S_0087_Wat,479.0466033
18,Sample_S19S_0087_Wat,479.0830028
37,Sample_S19S_0087_Wat,479.1194663
69,Sample_S19S_0087_Wat,479.1559168
10,Sample_S19S_0087_Wat,479.1689644
48,Sample_S19S_0087_Wat,479.1923063
14,Sample_S19S_0087_Wat,479.2286027
11,Sample_S19S_0087_Wat,480.151082
9,Sample_S19S_0087_Wat,481.025885
1,Sample_S19S_0087_Wat,481.0410867
21,Sample_S19S_0087_Wat,481.0623379
5,Sample_S19S_0087_Wat,481.077508
54,Sample_S19S_0087_Wat,481.0987747
71,Sample_S19S_0087_Wat,481.1351677
16,Sample_S19S_0087_Wat,481.1634867
49,Sample_S19S_0087_Wat,481.1715313
22,Sample_S19S_0087_Wat,481.199847
18,Sample_S19S_0087_Wat,481.2078283
6,Sample_S19S_0087_Wat,482.1302914
2,Sample_S19S_0087_Wat,483.0203756
18,Sample_S19S_0087_Wat,483.0415833
15,Sample_S19S_0087_Wat,483.0568081
30,Sample_S19S_0087_Wat,483.0780208
28,Sample_S19S_0087_Wat,483.0933003
4,Sample_S19S_0087_Wat,483.1064043
51,Sample_S19S_0087_Wat,483.1144642
24,Sample_S19S_0087_Wat,483.1297323
35,Sample_S19S_0087_Wat,483.1508531
18,Sample_S19S_0087_Wat,483.1660394
15,Sample_S19S_0087_Wat,483.1791639
30,Sample_S19S_0087_Wat,483.1871699
17,Sample_S19S_0087_Wat,483.2154832
13,Sample_S19S_0087_Wat,483.2234722
20,Sample_S19S_0087_Wat,484.0521229
11,Sample_S19S_0087_Wat,484.1459881
13,Sample_S19S_0087_Wat,485.0208342
1,Sample_S19S_0087_Wat,485.0360155
12,Sample_S19S_0087_Wat,485.057196
18,Sample_S19S_0087_Wat,485.0724465
10,Sample_S19S_0087_Wat,485.0855526
31,Sample_S19S_0087_Wat,485.0936172
44,Sample_S19S_0087_Wat,485.1089501
15,Sample_S19S_0087_Wat,485.1220307
46,Sample_S19S_0087_Wat,485.1300644
1,Sample_S19S_0087_Wat,485.139617
29,Sample_S19S_0087_Wat,485.1453846
17,Sample_S19S_0087_Wat,485.1584131
36,Sample_S19S_0087_Wat,485.1664901
2,Sample_S19S_0087_Wat,485.1760615
42,Sample_S19S_0087_Wat,485.181737
18,Sample_S19S_0087_Wat,485.1948096
12,Sample_S19S_0087_Wat,485.2179932
1,Sample_S19S_0087_Wat,485.2310607
11,Sample_S19S_0087_Wat,487.0154217
15,Sample_S19S_0087_Wat,487.0365498
22,Sample_S19S_0087_Wat,487.051792
7,Sample_S19S_0087_Wat,487.0648683
24,Sample_S19S_0087_Wat,487.072871
14,Sample_S19S_0087_Wat,487.088118
14,Sample_S19S_0087_Wat,487.1011949
11,Sample_S19S_0087_Wat,487.1092152
14,Sample_S19S_0087_Wat,487.1244947
16,Sample_S19S_0087_Wat,487.1375846
13,Sample_S19S_0087_Wat,487.1456408
1,Sample_S19S_0087_Wat,487.1552674
53,Sample_S19S_0087_Wat,487.1609704
22,Sample_S19S_0087_Wat,487.1740711
29,Sample_S19S_0087_Wat,487.18211
34,Sample_S19S_0087_Wat,487.1974177
5,Sample_S19S_0087_Wat,487.2104698
21,Sample_S19S_0087_Wat,487.2337958
37,Sample_S19S_0087_Wat,488.0834359
11,Sample_S19S_0087_Wat,489.0310445
15,Sample_S19S_0087_Wat,489.0522438
54,Sample_S19S_0087_Wat,489.067487
24,Sample_S19S_0087_Wat,489.0886429
3,Sample_S19S_0087_Wat,489.0982045
38,Sample_S19S_0087_Wat,489.1039118
33,Sample_S19S_0087_Wat,489.1249814
27,Sample_S19S_0087_Wat,489.1402055
17,Sample_S19S_0087_Wat,489.1532671
13,Sample_S19S_0087_Wat,489.1612651
1,Sample_S19S_0087_Wat,489.1708695
11,Sample_S19S_0087_Wat,489.1765226
6,Sample_S19S_0087_Wat,489.1895365
10,Sample_S19S_0087_Wat,489.2128864
7,Sample_S19S_0087_Wat,489.2492677
19,Sample_S19S_0087_Wat,490.0990621
14,Sample_S19S_0087_Wat,491.0103745
17,Sample_S19S_0087_Wat,491.0466906
23,Sample_S19S_0087_Wat,491.0830123
5,Sample_S19S_0087_Wat,491.1041079
11,Sample_S19S_0087_Wat,491.1193786
13,Sample_S19S_0087_Wat,491.1325378
28,Sample_S19S_0087_Wat,491.1558203
19,Sample_S19S_0087_Wat,491.1689084
50,Sample_S19S_0087_Wat,491.1922945
8,Sample_S19S_0087_Wat,491.2053832
9,Sample_S19S_0087_Wat,491.2287423
13,Sample_S19S_0087_Wat,491.2650776
1,Sample_S19S_0087_Wat,492.0421673
44,Sample_S19S_0087_Wat,492.1147512
13,Sample_S19S_0087_Wat,493.0259042
18,Sample_S19S_0087_Wat,493.0622921
24,Sample_S19S_0087_Wat,493.098712
70,Sample_S19S_0087_Wat,493.1351653
49,Sample_S19S_0087_Wat,493.1715856
5,Sample_S19S_0087_Wat,493.1999507
4,Sample_S19S_0087_Wat,493.2361897
13,Sample_S19S_0087_Wat,493.2442171
1,Sample_S19S_0087_Wat,494.0574822
2,Sample_S19S_0087_Wat,495.0203756
17,Sample_S19S_0087_Wat,495.0415683
8,Sample_S19S_0087_Wat,495.0568418
40,Sample_S19S_0087_Wat,495.0780179
47,Sample_S19S_0087_Wat,495.1144449
9,Sample_S19S_0087_Wat,495.1427989
59,Sample_S19S_0087_Wat,495.1507984
20,Sample_S19S_0087_Wat,495.1791573
10,Sample_S19S_0087_Wat,495.2154488
2,Sample_S19S_0087_Wat,496.1905351
11,Sample_S19S_0087_Wat,497.036113
25,Sample_S19S_0087_Wat,497.0572968
33,Sample_S19S_0087_Wat,497.0725711
17,Sample_S19S_0087_Wat,497.0937782
36,Sample_S19S_0087_Wat,497.1089508
15,Sample_S19S_0087_Wat,497.1301476
22,Sample_S19S_0087_Wat,497.1453801
26,Sample_S19S_0087_Wat,497.1947705
3,Sample_S19S_0087_Wat,497.2390455
34,Sample_S19S_0087_Wat,498.0889479
12,Sample_S19S_0087_Wat,498.1253978
34,Sample_S19S_0087_Wat,498.1617513
4,Sample_S19S_0087_Wat,498.1698072
2,Sample_S19S_0087_Wat,499.0152537
9,Sample_S19S_0087_Wat,499.036451
8,Sample_S19S_0087_Wat,499.0516924
24,Sample_S19S_0087_Wat,499.0728848
8,Sample_S19S_0087_Wat,499.1012958
37,Sample_S19S_0087_Wat,499.1093112
49,Sample_S19S_0087_Wat,499.1246232
15,Sample_S19S_0087_Wat,499.1377212
48,Sample_S19S_0087_Wat,499.1457371
5,Sample_S19S_0087_Wat,499.1553132
15,Sample_S19S_0087_Wat,499.1610424
20,Sample_S19S_0087_Wat,499.1740741
34,Sample_S19S_0087_Wat,499.1973555
23,Sample_S19S_0087_Wat,499.2104255
2,Sample_S19S_0087_Wat,500.046979
13,Sample_S19S_0087_Wat,501.0310269
11,Sample_S19S_0087_Wat,501.0521674
24,Sample_S19S_0087_Wat,501.0673678
13,Sample_S19S_0087_Wat,501.080502
16,Sample_S19S_0087_Wat,501.0885018
14,Sample_S19S_0087_Wat,501.1037301
13,Sample_S19S_0087_Wat,501.116864
7,Sample_S19S_0087_Wat,501.1248479
1,Sample_S19S_0087_Wat,501.1344245
22,Sample_S19S_0087_Wat,501.1401768
31,Sample_S19S_0087_Wat,501.1532967
20,Sample_S19S_0087_Wat,501.1612956
49,Sample_S19S_0087_Wat,501.1766253
29,Sample_S19S_0087_Wat,501.1896846
28,Sample_S19S_0087_Wat,501.2130646
17,Sample_S19S_0087_Wat,503.0468089
3,Sample_S19S_0087_Wat,503.0679918
4,Sample_S19S_0087_Wat,503.0832459
21,Sample_S19S_0087_Wat,503.1042984
60,Sample_S19S_0087_Wat,503.1195309
5,Sample_S19S_0087_Wat,503.1326318
18,Sample_S19S_0087_Wat,503.1405906
1,Sample_S19S_0087_Wat,503.1502092
25,Sample_S19S_0087_Wat,503.1558462
17,Sample_S19S_0087_Wat,503.1921795
3,Sample_S19S_0087_Wat,503.2051842
18,Sample_S19S_0087_Wat,503.2285615
3,Sample_S19S_0087_Wat,503.2415628
8,Sample_S19S_0087_Wat,503.2649518
8,Sample_S19S_0087_Wat,504.1512304
10,Sample_S19S_0087_Wat,505.0259469
13,Sample_S19S_0087_Wat,505.0622503
22,Sample_S19S_0087_Wat,505.098662
5,Sample_S19S_0087_Wat,505.1197488
19,Sample_S19S_0087_Wat,505.1350781
4,Sample_S19S_0087_Wat,505.1482794
67,Sample_S19S_0087_Wat,505.1715425
31,Sample_S19S_0087_Wat,505.2079802
27,Sample_S19S_0087_Wat,505.2443315
21,Sample_S19S_0087_Wat,506.0576414
6,Sample_S19S_0087_Wat,506.1303153
9,Sample_S19S_0087_Wat,506.1666811
15,Sample_S19S_0087_Wat,507.0415912
33,Sample_S19S_0087_Wat,507.0780238
50,Sample_S19S_0087_Wat,507.1144464
61,Sample_S19S_0087_Wat,507.1508255
5,Sample_S19S_0087_Wat,507.179192
10,Sample_S19S_0087_Wat,507.2154676
6,Sample_S19S_0087_Wat,507.2598181
9,Sample_S19S_0087_Wat,509.0209945
19,Sample_S19S_0087_Wat,509.0573918
13,Sample_S19S_0087_Wat,509.0726169
41,Sample_S19S_0087_Wat,509.0937287
8,Sample_S19S_0087_Wat,509.1088534
43,Sample_S19S_0087_Wat,509.1300451
11,Sample_S19S_0087_Wat,509.1583575
14,Sample_S19S_0087_Wat,509.1947371
11,Sample_S19S_0087_Wat,509.2311267
6,Sample_S19S_0087_Wat,509.2391011
7,Sample_S19S_0087_Wat,509.2675212
1,Sample_S19S_0087_Wat,510.0523785
11,Sample_S19S_0087_Wat,510.0888729
5,Sample_S19S_0087_Wat,511.0155089
12,Sample_S19S_0087_Wat,511.0366348
16,Sample_S19S_0087_Wat,511.0518749
40,Sample_S19S_0087_Wat,511.0729714
13,Sample_S19S_0087_Wat,511.0881435
28,Sample_S19S_0087_Wat,511.1092846
3,Sample_S19S_0087_Wat,511.1375472
3,Sample_S19S_0087_Wat,511.1455592
9,Sample_S19S_0087_Wat,511.1739404
14,Sample_S19S_0087_Wat,511.2103696
10,Sample_S19S_0087_Wat,511.2183807
15,Sample_S19S_0087_Wat,511.2467945
24,Sample_S19S_0087_Wat,512.0834476
1,Sample_S19S_0087_Wat,512.1854652
12,Sample_S19S_0087_Wat,513.0311674
10,Sample_S19S_0087_Wat,513.0522762
26,Sample_S19S_0087_Wat,513.0674942
26,Sample_S19S_0087_Wat,513.0885835
20,Sample_S19S_0087_Wat,513.1169162
19,Sample_S19S_0087_Wat,513.1248843
8,Sample_S19S_0087_Wat,513.1401059
6,Sample_S19S_0087_Wat,513.1531789
5,Sample_S19S_0087_Wat,513.1612236
4,Sample_S19S_0087_Wat,513.1764786
9,Sample_S19S_0087_Wat,513.1895585
2,Sample_S19S_0087_Wat,513.2127989
4,Sample_S19S_0087_Wat,515.0102066
12,Sample_S19S_0087_Wat,515.0467951
14,Sample_S19S_0087_Wat,515.0679477
40,Sample_S19S_0087_Wat,515.083157
29,Sample_S19S_0087_Wat,515.1042917
39,Sample_S19S_0087_Wat,515.1194964
5,Sample_S19S_0087_Wat,515.1326297
23,Sample_S19S_0087_Wat,515.1405768
16,Sample_S19S_0087_Wat,515.155816
15,Sample_S19S_0087_Wat,515.1688778
1,Sample_S19S_0087_Wat,515.1864986
11,Sample_S19S_0087_Wat,515.1921599
8,Sample_S19S_0087_Wat,515.2052029
1,Sample_S19S_0087_Wat,515.213195
5,Sample_S19S_0087_Wat,515.2285302
12,Sample_S19S_0087_Wat,516.1146459
33,Sample_S19S_0087_Wat,517.0624113
11,Sample_S19S_0087_Wat,517.0835974
14,Sample_S19S_0087_Wat,517.098859
8,Sample_S19S_0087_Wat,517.1199999
9,Sample_S19S_0087_Wat,517.1352552
10,Sample_S19S_0087_Wat,517.1563614
12,Sample_S19S_0087_Wat,517.171616
16,Sample_S19S_0087_Wat,517.1846401
40,Sample_S19S_0087_Wat,517.2079237
10,Sample_S19S_0087_Wat,517.2442337
23,Sample_S19S_0087_Wat,518.0939924
8,Sample_S19S_0087_Wat,519.041577
15,Sample_S19S_0087_Wat,519.0779454
10,Sample_S19S_0087_Wat,519.0990767
15,Sample_S19S_0087_Wat,519.1143103
7,Sample_S19S_0087_Wat,519.1275578
28,Sample_S19S_0087_Wat,519.1507584
6,Sample_S19S_0087_Wat,519.1639413
54,Sample_S19S_0087_Wat,519.1872205
15,Sample_S19S_0087_Wat,519.2002386
17,Sample_S19S_0087_Wat,519.2236508
11,Sample_S19S_0087_Wat,519.2600027
25,Sample_S19S_0087_Wat,520.1461126
27,Sample_S19S_0087_Wat,521.0573462
34,Sample_S19S_0087_Wat,521.0937324
52,Sample_S19S_0087_Wat,521.1301011
2,Sample_S19S_0087_Wat,521.1584978
29,Sample_S19S_0087_Wat,521.1663968
3,Sample_S19S_0087_Wat,521.1946636
13,Sample_S19S_0087_Wat,521.2027235
7,Sample_S19S_0087_Wat,521.2390738
7,Sample_S19S_0087_Wat,522.0888396
2,Sample_S19S_0087_Wat,522.1251732
17,Sample_S19S_0087_Wat,523.0365285
10,Sample_S19S_0087_Wat,523.0517619
12,Sample_S19S_0087_Wat,523.0728235
8,Sample_S19S_0087_Wat,523.0881098
6,Sample_S19S_0087_Wat,523.1091901
8,Sample_S19S_0087_Wat,523.1376337
16,Sample_S19S_0087_Wat,523.1456062
15,Sample_S19S_0087_Wat,523.1739853
24,Sample_S19S_0087_Wat,523.1820717
21,Sample_S19S_0087_Wat,523.2104573
6,Sample_S19S_0087_Wat,523.2468227
11,Sample_S19S_0087_Wat,525.0521307
24,Sample_S19S_0087_Wat,525.0885729
24,Sample_S19S_0087_Wat,525.1038625
4,Sample_S19S_0087_Wat,525.1169923
35,Sample_S19S_0087_Wat,525.1250197
39,Sample_S19S_0087_Wat,525.1614051
12,Sample_S19S_0087_Wat,525.2340332
19,Sample_S19S_0087_Wat,526.0626977
24,Sample_S19S_0087_Wat,526.1566707
11,Sample_S19S_0087_Wat,527.0315131
14,Sample_S19S_0087_Wat,527.0467883
15,Sample_S19S_0087_Wat,527.0679337
13,Sample_S19S_0087_Wat,527.0832056
12,Sample_S19S_0087_Wat,527.1043114
19,Sample_S19S_0087_Wat,527.119585
38,Sample_S19S_0087_Wat,527.1406475
34,Sample_S19S_0087_Wat,527.1558917
21,Sample_S19S_0087_Wat,527.1689685
28,Sample_S19S_0087_Wat,527.1769645
7,Sample_S19S_0087_Wat,527.1922169
21,Sample_S19S_0087_Wat,527.2052882
5,Sample_S19S_0087_Wat,527.2415754
16,Sample_S19S_0087_Wat,528.0995056
26,Sample_S19S_0087_Wat,528.135922
4,Sample_S19S_0087_Wat,529.0260908
16,Sample_S19S_0087_Wat,529.0624704
10,Sample_S19S_0087_Wat,529.0836238
19,Sample_S19S_0087_Wat,529.0988481
21,Sample_S19S_0087_Wat,529.119899
40,Sample_S19S_0087_Wat,529.1351825
11,Sample_S19S_0087_Wat,529.1482589
21,Sample_S19S_0087_Wat,529.1562352
19,Sample_S19S_0087_Wat,529.1714748
19,Sample_S19S_0087_Wat,529.184567
9,Sample_S19S_0087_Wat,529.1925822
12,Sample_S19S_0087_Wat,529.2078283
10,Sample_S19S_0087_Wat,529.2442413
11,Sample_S19S_0087_Wat,530.1152024
33,Sample_S19S_0087_Wat,530.1304284
10,Sample_S19S_0087_Wat,531.0417642
8,Sample_S19S_0087_Wat,531.0629135
8,Sample_S19S_0087_Wat,531.0781475
12,Sample_S19S_0087_Wat,531.0992322
19,Sample_S19S_0087_Wat,531.1144803
23,Sample_S19S_0087_Wat,531.1355514
27,Sample_S19S_0087_Wat,531.1507766
15,Sample_S19S_0087_Wat,531.1638843
18,Sample_S19S_0087_Wat,531.1871077
12,Sample_S19S_0087_Wat,531.2001725
24,Sample_S19S_0087_Wat,531.2234777
2,Sample_S19S_0087_Wat,531.236471
16,Sample_S19S_0087_Wat,532.0733598
7,Sample_S19S_0087_Wat,533.0209267
12,Sample_S19S_0087_Wat,533.0574115
19,Sample_S19S_0087_Wat,533.0937827
29,Sample_S19S_0087_Wat,533.1301236
54,Sample_S19S_0087_Wat,533.166456
13,Sample_S19S_0087_Wat,533.1795306
16,Sample_S19S_0087_Wat,533.2027587
7,Sample_S19S_0087_Wat,533.2390944
2,Sample_S19S_0087_Wat,533.275424
12,Sample_S19S_0087_Wat,534.0525763
12,Sample_S19S_0087_Wat,535.0365569
24,Sample_S19S_0087_Wat,535.0730261
20,Sample_S19S_0087_Wat,535.1094222
12,Sample_S19S_0087_Wat,535.1458132
22,Sample_S19S_0087_Wat,535.1821751
14,Sample_S19S_0087_Wat,535.2547783
37,Sample_S19S_0087_Wat,536.1045749
8,Sample_S19S_0087_Wat,537.0520931
18,Sample_S19S_0087_Wat,537.0884904
18,Sample_S19S_0087_Wat,537.1039147
34,Sample_S19S_0087_Wat,537.1249315
43,Sample_S19S_0087_Wat,537.161382
5,Sample_S19S_0087_Wat,537.1897464
16,Sample_S19S_0087_Wat,537.1978101
10,Sample_S19S_0087_Wat,537.2342192
7,Sample_S19S_0087_Wat,537.2624882
21,Sample_S19S_0087_Wat,539.0679143
9,Sample_S19S_0087_Wat,539.0832338
23,Sample_S19S_0087_Wat,539.1042196
11,Sample_S19S_0087_Wat,539.1325679
30,Sample_S19S_0087_Wat,539.1405618
12,Sample_S19S_0087_Wat,539.1558152
8,Sample_S19S_0087_Wat,539.1688297
4,Sample_S19S_0087_Wat,539.1768779
3,Sample_S19S_0087_Wat,539.2051955
2,Sample_S19S_0087_Wat,539.2132409
3,Sample_S19S_0087_Wat,539.2416063
24,Sample_S19S_0087_Wat,540.0995053
6,Sample_S19S_0087_Wat,541.0258665
10,Sample_S19S_0087_Wat,541.0470414
24,Sample_S19S_0087_Wat,541.0834882
28,Sample_S19S_0087_Wat,541.0988161
28,Sample_S19S_0087_Wat,541.1199147
7,Sample_S19S_0087_Wat,541.1352769
18,Sample_S19S_0087_Wat,541.1563515
5,Sample_S19S_0087_Wat,541.1927684
23,Sample_S19S_0087_Wat,541.2290565
8,Sample_S19S_0087_Wat,541.2573331
8,Sample_S19S_0087_Wat,542.1878502
7,Sample_S19S_0087_Wat,543.0418148
6,Sample_S19S_0087_Wat,543.0629181
14,Sample_S19S_0087_Wat,543.0781158
26,Sample_S19S_0087_Wat,543.09918
23,Sample_S19S_0087_Wat,543.1355017
28,Sample_S19S_0087_Wat,543.1507543
14,Sample_S19S_0087_Wat,543.1638009
13,Sample_S19S_0087_Wat,543.1718262
1,Sample_S19S_0087_Wat,543.1813791
10,Sample_S19S_0087_Wat,543.1870791
8,Sample_S19S_0087_Wat,543.2001267
1,Sample_S19S_0087_Wat,543.208077
3,Sample_S19S_0087_Wat,543.2234029
3,Sample_S19S_0087_Wat,543.236535
2,Sample_S19S_0087_Wat,543.2597894
2,Sample_S19S_0087_Wat,545.0207927
13,Sample_S19S_0087_Wat,545.0571838
7,Sample_S19S_0087_Wat,545.0783592
11,Sample_S19S_0087_Wat,545.0935509
16,Sample_S19S_0087_Wat,545.1299664
7,Sample_S19S_0087_Wat,545.1432084
23,Sample_S19S_0087_Wat,545.1511507
30,Sample_S19S_0087_Wat,545.1664409
7,Sample_S19S_0087_Wat,545.1795929
34,Sample_S19S_0087_Wat,545.2028931
12,Sample_S19S_0087_Wat,545.2159419
6,Sample_S19S_0087_Wat,545.2393178
20,Sample_S19S_0087_Wat,545.2756552
12,Sample_S19S_0087_Wat,547.0364584
18,Sample_S19S_0087_Wat,547.0729547
19,Sample_S19S_0087_Wat,547.109415
19,Sample_S19S_0087_Wat,547.145805
4,Sample_S19S_0087_Wat,547.1822164
2,Sample_S19S_0087_Wat,547.1952584
17,Sample_S19S_0087_Wat,547.2185618
18,Sample_S19S_0087_Wat,547.2548518
15,Sample_S19S_0087_Wat,549.0523077
14,Sample_S19S_0087_Wat,549.0887119
15,Sample_S19S_0087_Wat,549.1250923
20,Sample_S19S_0087_Wat,549.1614413
11,Sample_S19S_0087_Wat,549.1896683
37,Sample_S19S_0087_Wat,549.1977663
1,Sample_S19S_0087_Wat,549.2259034
15,Sample_S19S_0087_Wat,549.2340464
1,Sample_S19S_0087_Wat,549.2702581
18,Sample_S19S_0087_Wat,551.10435
27,Sample_S19S_0087_Wat,551.140683
14,Sample_S19S_0087_Wat,551.1689448
27,Sample_S19S_0087_Wat,551.1769906
9,Sample_S19S_0087_Wat,551.2052511
19,Sample_S19S_0087_Wat,551.2133063
4,Sample_S19S_0087_Wat,551.2496307
1,Sample_S19S_0087_Wat,551.277811
2,Sample_S19S_0087_Wat,552.0993353
1,Sample_S19S_0087_Wat,553.0626357
8,Sample_S19S_0087_Wat,553.0836572
21,Sample_S19S_0087_Wat,553.1199748
3,Sample_S19S_0087_Wat,553.1483118
47,Sample_S19S_0087_Wat,553.1562956
21,Sample_S19S_0087_Wat,553.1925971
5,Sample_S19S_0087_Wat,553.2288832
1,Sample_S19S_0087_Wat,553.257072
6,Sample_S19S_0087_Wat,555.0417548
10,Sample_S19S_0087_Wat,555.0781485
5,Sample_S19S_0087_Wat,555.0993123
4,Sample_S19S_0087_Wat,555.1145859
6,Sample_S19S_0087_Wat,555.1356619
2,Sample_S19S_0087_Wat,555.1639967
16,Sample_S19S_0087_Wat,555.1720029
22,Sample_S19S_0087_Wat,555.2082923
1,Sample_S19S_0087_Wat,556.167018
10,Sample_S19S_0087_Wat,557.0572783
9,Sample_S19S_0087_Wat,557.0785258
22,Sample_S19S_0087_Wat,557.0937315
18,Sample_S19S_0087_Wat,557.1149049
3,Sample_S19S_0087_Wat,557.1513467
6,Sample_S19S_0087_Wat,557.2029722
8,Sample_S19S_0087_Wat,557.2391841
2,Sample_S19S_0087_Wat,559.0727284
11,Sample_S19S_0087_Wat,559.1092427
2,Sample_S19S_0087_Wat,559.1670376
13,Sample_S19S_0087_Wat,559.1951961
21,Sample_S19S_0087_Wat,559.2185569
15,Sample_S19S_0087_Wat,559.2549341
18,Sample_S19S_0087_Wat,561.0522506
21,Sample_S19S_0087_Wat,561.0885432
7,Sample_S19S_0087_Wat,561.1248442
13,Sample_S19S_0087_Wat,561.1380479
4,Sample_S19S_0087_Wat,561.1611805
9,Sample_S19S_0087_Wat,561.1743368
3,Sample_S19S_0087_Wat,561.1975534
7,Sample_S19S_0087_Wat,561.2339983
6,Sample_S19S_0087_Wat,561.2703823
6,Sample_S19S_0087_Wat,563.0313809
23,Sample_S19S_0087_Wat,563.0679011
10,Sample_S19S_0087_Wat,563.1043787
9,Sample_S19S_0087_Wat,563.140767
5,Sample_S19S_0087_Wat,563.1771352
23,Sample_S19S_0087_Wat,563.2134586
18,Sample_S19S_0087_Wat,563.2497644
8,Sample_S19S_0087_Wat,564.099606
1,Sample_S19S_0087_Wat,564.1801741
9,Sample_S19S_0087_Wat,565.0470587
11,Sample_S19S_0087_Wat,565.0833841
3,Sample_S19S_0087_Wat,565.1196921
3,Sample_S19S_0087_Wat,565.1561141
4,Sample_S19S_0087_Wat,565.2208348
15,Sample_S19S_0087_Wat,565.2290122
12,Sample_S19S_0087_Wat,567.0628477
18,Sample_S19S_0087_Wat,567.0992538
9,Sample_S19S_0087_Wat,567.1356587
16,Sample_S19S_0087_Wat,567.2083955
10,Sample_S19S_0087_Wat,567.2366591
17,Sample_S19S_0087_Wat,567.2446704
1,Sample_S19S_0087_Wat,568.17508
1,Sample_S19S_0087_Wat,568.2113701
6,Sample_S19S_0087_Wat,569.0421066
6,Sample_S19S_0087_Wat,569.0573971
15,Sample_S19S_0087_Wat,569.0784551
10,Sample_S19S_0087_Wat,569.0937538
14,Sample_S19S_0087_Wat,569.1147778
10,Sample_S19S_0087_Wat,569.1510794
10,Sample_S19S_0087_Wat,569.17943
2,Sample_S19S_0087_Wat,569.1874013
2,Sample_S19S_0087_Wat,569.2025994
3,Sample_S19S_0087_Wat,569.2157305
1,Sample_S19S_0087_Wat,569.223732
2,Sample_S19S_0087_Wat,571.0363946
2,Sample_S19S_0087_Wat,571.0575531
3,Sample_S19S_0087_Wat,571.0939164
22,Sample_S19S_0087_Wat,571.1303995
28,Sample_S19S_0087_Wat,571.1457131
18,Sample_S19S_0087_Wat,571.1668216
29,Sample_S19S_0087_Wat,571.1821369
7,Sample_S19S_0087_Wat,571.1952621
14,Sample_S19S_0087_Wat,571.2032768
11,Sample_S19S_0087_Wat,571.2185728
12,Sample_S19S_0087_Wat,573.0521883
24,Sample_S19S_0087_Wat,573.0886509
15,Sample_S19S_0087_Wat,573.1250609
14,Sample_S19S_0087_Wat,573.1461913
5,Sample_S19S_0087_Wat,573.1978706
4,Sample_S19S_0087_Wat,573.2342462
6,Sample_S19S_0087_Wat,575.0680122
9,Sample_S19S_0087_Wat,575.1043617
7,Sample_S19S_0087_Wat,575.1407714
26,Sample_S19S_0087_Wat,575.1770756
32,Sample_S19S_0087_Wat,575.213398
15,Sample_S19S_0087_Wat,575.2497017
21,Sample_S19S_0087_Wat,576.0995238
5,Sample_S19S_0087_Wat,577.0472834
5,Sample_S19S_0087_Wat,577.0836723
40,Sample_S19S_0087_Wat,577.1563035
24,Sample_S19S_0087_Wat,577.1926143
1,Sample_S19S_0087_Wat,577.2207572
7,Sample_S19S_0087_Wat,577.228924
1,Sample_S19S_0087_Wat,577.2651743
8,Sample_S19S_0087_Wat,579.0629358
15,Sample_S19S_0087_Wat,579.0992643
29,Sample_S19S_0087_Wat,579.1355972
33,Sample_S19S_0087_Wat,579.1719274
19,Sample_S19S_0087_Wat,579.2082488
4,Sample_S19S_0087_Wat,579.2445526
2,Sample_S19S_0087_Wat,581.0421606
1,Sample_S19S_0087_Wat,581.0575294
8,Sample_S19S_0087_Wat,581.0785526
2,Sample_S19S_0087_Wat,581.0939403
37,Sample_S19S_0087_Wat,581.1512226
25,Sample_S19S_0087_Wat,581.1875335
22,Sample_S19S_0087_Wat,581.2238624
3,Sample_S19S_0087_Wat,583.0366871
1,Sample_S19S_0087_Wat,583.057864
3,Sample_S19S_0087_Wat,583.0731247
3,Sample_S19S_0087_Wat,583.094266
3,Sample_S19S_0087_Wat,583.1095053
8,Sample_S19S_0087_Wat,583.1306046
1,Sample_S19S_0087_Wat,583.1589175
12,Sample_S19S_0087_Wat,583.1820308
7,Sample_S19S_0087_Wat,583.1952442
19,Sample_S19S_0087_Wat,583.2032587
11,Sample_S19S_0087_Wat,583.2314722
1,Sample_S19S_0087_Wat,583.267704
7,Sample_S19S_0087_Wat,585.0734724
9,Sample_S19S_0087_Wat,585.0886953
6,Sample_S19S_0087_Wat,585.1098543
9,Sample_S19S_0087_Wat,585.1615059
2,Sample_S19S_0087_Wat,585.1826784
7,Sample_S19S_0087_Wat,585.197889
3,Sample_S19S_0087_Wat,585.2190128
4,Sample_S19S_0087_Wat,585.2472737
1,Sample_S19S_0087_Wat,587.0312669
6,Sample_S19S_0087_Wat,587.06769
12,Sample_S19S_0087_Wat,587.1254376
15,Sample_S19S_0087_Wat,587.1405809
27,Sample_S19S_0087_Wat,587.1770783
10,Sample_S19S_0087_Wat,587.1982185
18,Sample_S19S_0087_Wat,587.2134744
11,Sample_S19S_0087_Wat,589.047112
8,Sample_S19S_0087_Wat,589.0833727
6,Sample_S19S_0087_Wat,589.119725
2,Sample_S19S_0087_Wat,589.1924321
2,Sample_S19S_0087_Wat,589.2288053
7,Sample_S19S_0087_Wat,591.0629191
6,Sample_S19S_0087_Wat,591.0993225
3,Sample_S19S_0087_Wat,591.135742
11,Sample_S19S_0087_Wat,591.1720289
16,Sample_S19S_0087_Wat,591.2083514
14,Sample_S19S_0087_Wat,591.2446301
2,Sample_S19S_0087_Wat,592.0945933
6,Sample_S19S_0087_Wat,593.078251
2,Sample_S19S_0087_Wat,593.1146582
11,Sample_S19S_0087_Wat,593.1511079
25,Sample_S19S_0087_Wat,593.1875846
19,Sample_S19S_0087_Wat,593.2240288
7,Sample_S19S_0087_Wat,593.2604417
1,Sample_S19S_0087_Wat,594.1906307
7,Sample_S19S_0087_Wat,595.0578225
17,Sample_S19S_0087_Wat,595.130396
17,Sample_S19S_0087_Wat,595.1667494
4,Sample_S19S_0087_Wat,597.0731946
14,Sample_S19S_0087_Wat,597.1460191
19,Sample_S19S_0087_Wat,597.2107701
27,Sample_S19S_0087_Wat,597.2188862
4,Sample_S19S_0087_Wat,597.2472943
1,Sample_S19S_0087_Wat,599.0681022
9,Sample_S19S_0087_Wat,599.104376
15,Sample_S19S_0087_Wat,599.1254651
25,Sample_S19S_0087_Wat,599.1770211
1,Sample_S19S_0087_Wat,599.2624936
5,Sample_S19S_0087_Wat,601.0833482
2,Sample_S19S_0087_Wat,601.1043657
7,Sample_S19S_0087_Wat,603.0625968
18,Sample_S19S_0087_Wat,603.2083804
11,Sample_S19S_0087_Wat,605.0785609
3,Sample_S19S_0087_Wat,605.1513953
9,Sample_S19S_0087_Wat,605.1877226
7,Sample_S19S_0087_Wat,605.2240726
12,Sample_S19S_0087_Wat,605.2602478
4,Sample_S19S_0087_Wat,607.0578335
18,Sample_S19S_0087_Wat,607.094164
27,Sample_S19S_0087_Wat,607.1304892
29,Sample_S19S_0087_Wat,607.1667845
4,Sample_S19S_0087_Wat,607.2030678
2,Sample_S19S_0087_Wat,607.2394004
17,Sample_S19S_0087_Wat,609.1096597
4,Sample_S19S_0087_Wat,609.1459321
2,Sample_S19S_0087_Wat,609.1822447
5,Sample_S19S_0087_Wat,611.0524368
2,Sample_S19S_0087_Wat,611.0887789
2,Sample_S19S_0087_Wat,611.125099
2,Sample_S19S_0087_Wat,611.1898292
2,Sample_S19S_0087_Wat,611.226191
4,Sample_S19S_0087_Wat,613.0681488
3,Sample_S19S_0087_Wat,613.2054697
4,Sample_S19S_0087_Wat,615.0625943
7,Sample_S19S_0087_Wat,617.0782506
1,Sample_S19S_0087_Wat,617.223552
2,Sample_S19S_0087_Wat,619.1666544
9,Sample_S19S_0087_Wat,621.073506
14,Sample_S19S_0087_Wat,621.1098264
15,Sample_S19S_0087_Wat,621.1461897
27,Sample_S19S_0087_Wat,621.1825214
18,Sample_S19S_0087_Wat,621.218773
1,Sample_S19S_0087_Wat,623.162005
1,Sample_S19S_0087_Wat,625.1044435
6,Sample_S19S_0087_Wat,625.1408979
11,Sample_S19S_0087_Wat,625.1773321
16,Sample_S19S_0087_Wat,625.2137878
1,Sample_S19S_0087_Wat,627.1352883
3,Sample_S19S_0087_Wat,627.1564046
10,Sample_S19S_0087_Wat,627.2294547
1,Sample_S19S_0087_Wat,629.0786184
13,Sample_S19S_0087_Wat,629.1510747
16,Sample_S19S_0087_Wat,629.1876222
2,Sample_S19S_0087_Wat,631.1302004
17,Sample_S19S_0087_Wat,631.1667917
16,Sample_S19S_0087_Wat,631.2031269
13,Sample_S19S_0087_Wat,631.2395415
3,Sample_S19S_0087_Wat,631.2761072
9,Sample_S19S_0087_Wat,633.1459928
2,Sample_S19S_0087_Wat,633.1822488
7,Sample_S19S_0087_Wat,635.1252433
17,Sample_S19S_0087_Wat,635.1617901
8,Sample_S19S_0087_Wat,635.1982777
6,Sample_S19S_0087_Wat,635.2346553
11,Sample_S19S_0087_Wat,637.1408976
4,Sample_S19S_0087_Wat,637.1771558
2,Sample_S19S_0087_Wat,639.1200807
9,Sample_S19S_0087_Wat,641.1358442
9,Sample_S19S_0087_Wat,641.2085914
8,Sample_S19S_0087_Wat,645.1462149
16,Sample_S19S_0087_Wat,647.1981103
8,Sample_S19S_0087_Wat,649.1046018
1,Sample_S19S_0087_Wat,649.1769109
1,Sample_S19S_0087_Wat,649.2133728
1,Sample_S19S_0087_Wat,651.2289465
17,Sample_S19S_0087_Wat,661.2138611
7,Sample_S19S_0087_Wat,663.0840336
14,Sample_S19S_0087_Wat,663.1567617
7,Sample_S19S_0087_Wat,663.1931909
19,Sample_S19S_0087_Wat,663.2295158
7,Sample_S19S_0087_Wat,665.0996001
2,Sample_S19S_0087_Wat,665.1724893
1,Sample_S19S_0087_Wat,665.2452775
3,Sample_S19S_0087_Wat,667.1153995
12,Sample_S19S_0087_Wat,667.1515045
1,Sample_S19S_0087_Wat,669.2402052
13,Sample_S19S_0087_Wat,675.1566338
9,Sample_S19S_0087_Wat,677.1360814
3,Sample_S19S_0087_Wat,679.1877778
1,Sample_S19S_0087_Wat,685.1400926
2,Sample_S19S_0087_Wat,691.187714
