num.trans.involved.in,sample,peak
32,Sample_S19S_0078_Wat,201.0404313
31,Sample_S19S_0078_Wat,201.0768122
25,Sample_S19S_0078_Wat,201.1131969
13,Sample_S19S_0078_Wat,203.0924536
26,Sample_S19S_0078_Wat,205.0142188
25,Sample_S19S_0078_Wat,205.0505947
36,Sample_S19S_0078_Wat,207.0298709
37,Sample_S19S_0078_Wat,207.066249
15,Sample_S19S_0078_Wat,209.0091207
35,Sample_S19S_0078_Wat,209.0455114
35,Sample_S19S_0078_Wat,209.0818981
13,Sample_S19S_0078_Wat,209.1546803
49,Sample_S19S_0078_Wat,211.0247874
49,Sample_S19S_0078_Wat,211.0611736
32,Sample_S19S_0078_Wat,211.097555
9,Sample_S19S_0078_Wat,212.0564229
30,Sample_S19S_0078_Wat,213.0404285
43,Sample_S19S_0078_Wat,213.0768216
28,Sample_S19S_0078_Wat,213.1132092
37,Sample_S19S_0078_Wat,215.0560786
38,Sample_S19S_0078_Wat,215.0924726
20,Sample_S19S_0078_Wat,215.1288446
37,Sample_S19S_0078_Wat,217.0717431
32,Sample_S19S_0078_Wat,217.1081169
39,Sample_S19S_0078_Wat,219.0298823
14,Sample_S19S_0078_Wat,219.0662407
24,Sample_S19S_0078_Wat,221.0091259
40,Sample_S19S_0078_Wat,221.0455191
21,Sample_S19S_0078_Wat,221.0818912
47,Sample_S19S_0078_Wat,223.0247931
18,Sample_S19S_0078_Wat,223.0611523
44,Sample_S19S_0078_Wat,223.0975605
12,Sample_S19S_0078_Wat,225.0040321
70,Sample_S19S_0078_Wat,225.0404494
54,Sample_S19S_0078_Wat,225.0768195
16,Sample_S19S_0078_Wat,225.1131873
23,Sample_S19S_0078_Wat,227.0196895
38,Sample_S19S_0078_Wat,227.056079
48,Sample_S19S_0078_Wat,227.092466
30,Sample_S19S_0078_Wat,227.1288722
42,Sample_S19S_0078_Wat,229.0353497
42,Sample_S19S_0078_Wat,229.0717413
33,Sample_S19S_0078_Wat,229.1081151
23,Sample_S19S_0078_Wat,229.14452
39,Sample_S19S_0078_Wat,231.051012
43,Sample_S19S_0078_Wat,231.0873835
15,Sample_S19S_0078_Wat,231.1237543
42,Sample_S19S_0078_Wat,233.0091463
40,Sample_S19S_0078_Wat,233.0455307
10,Sample_S19S_0078_Wat,233.1546845
44,Sample_S19S_0078_Wat,235.0247912
54,Sample_S19S_0078_Wat,235.0611873
36,Sample_S19S_0078_Wat,235.0975749
37,Sample_S19S_0078_Wat,237.0040579
52,Sample_S19S_0078_Wat,237.0404421
59,Sample_S19S_0078_Wat,237.0768351
39,Sample_S19S_0078_Wat,237.1132227
68,Sample_S19S_0078_Wat,239.0197221
82,Sample_S19S_0078_Wat,239.0561117
5,Sample_S19S_0078_Wat,239.0673352
85,Sample_S19S_0078_Wat,239.092497
44,Sample_S19S_0078_Wat,239.1288753
74,Sample_S19S_0078_Wat,241.03537
48,Sample_S19S_0078_Wat,241.0717422
36,Sample_S19S_0078_Wat,241.1081087
22,Sample_S19S_0078_Wat,241.1445007
34,Sample_S19S_0078_Wat,242.0670034
14,Sample_S19S_0078_Wat,242.139775
6,Sample_S19S_0078_Wat,242.1761465
74,Sample_S19S_0078_Wat,243.0510224
45,Sample_S19S_0078_Wat,243.0873816
21,Sample_S19S_0078_Wat,243.1237626
70,Sample_S19S_0078_Wat,245.0455587
5,Sample_S19S_0078_Wat,245.0489119
84,Sample_S19S_0078_Wat,245.0666847
63,Sample_S19S_0078_Wat,245.1030642
26,Sample_S19S_0078_Wat,245.1394342
47,Sample_S19S_0078_Wat,247.024801
67,Sample_S19S_0078_Wat,247.0612011
69,Sample_S19S_0078_Wat,247.0823368
67,Sample_S19S_0078_Wat,247.0975945
49,Sample_S19S_0078_Wat,249.0040636
78,Sample_S19S_0078_Wat,249.0404675
80,Sample_S19S_0078_Wat,249.0768527
34,Sample_S19S_0078_Wat,249.1132224
72,Sample_S19S_0078_Wat,251.0197332
68,Sample_S19S_0078_Wat,251.0560986
5,Sample_S19S_0078_Wat,251.0594793
104,Sample_S19S_0078_Wat,251.0925063
44,Sample_S19S_0078_Wat,251.1289035
56,Sample_S19S_0078_Wat,252.9989785
94,Sample_S19S_0078_Wat,253.0353983
113,Sample_S19S_0078_Wat,253.0717756
42,Sample_S19S_0078_Wat,253.1081345
42,Sample_S19S_0078_Wat,253.1445337
25,Sample_S19S_0078_Wat,254.0670222
62,Sample_S19S_0078_Wat,255.0146298
91,Sample_S19S_0078_Wat,255.0510433
105,Sample_S19S_0078_Wat,255.0874163
45,Sample_S19S_0078_Wat,255.1237776
27,Sample_S19S_0078_Wat,256.0826837
76,Sample_S19S_0078_Wat,257.030304
93,Sample_S19S_0078_Wat,257.0666765
63,Sample_S19S_0078_Wat,257.1030521
46,Sample_S19S_0078_Wat,257.1394516
12,Sample_S19S_0078_Wat,258.1347123
52,Sample_S19S_0078_Wat,259.0248281
83,Sample_S19S_0078_Wat,259.0459547
61,Sample_S19S_0078_Wat,259.0612028
85,Sample_S19S_0078_Wat,259.0823405
61,Sample_S19S_0078_Wat,259.1187072
15,Sample_S19S_0078_Wat,260.1139812
41,Sample_S19S_0078_Wat,261.0040785
62,Sample_S19S_0078_Wat,261.040468
66,Sample_S19S_0078_Wat,261.061588
89,Sample_S19S_0078_Wat,261.0768598
45,Sample_S19S_0078_Wat,261.0980071
57,Sample_S19S_0078_Wat,261.1132477
54,Sample_S19S_0078_Wat,263.019721
84,Sample_S19S_0078_Wat,263.0561329
45,Sample_S19S_0078_Wat,263.0924815
42,Sample_S19S_0078_Wat,263.128908
36,Sample_S19S_0078_Wat,264.0513612
60,Sample_S19S_0078_Wat,264.9989861
85,Sample_S19S_0078_Wat,265.0353938
80,Sample_S19S_0078_Wat,265.0717855
90,Sample_S19S_0078_Wat,265.1081545
35,Sample_S19S_0078_Wat,265.1445692
1,Sample_S19S_0078_Wat,265.1479151
34,Sample_S19S_0078_Wat,266.0670361
71,Sample_S19S_0078_Wat,267.0146829
111,Sample_S19S_0078_Wat,267.0510336
98,Sample_S19S_0078_Wat,267.0874299
84,Sample_S19S_0078_Wat,267.123805
38,Sample_S19S_0078_Wat,267.1601848
40,Sample_S19S_0078_Wat,268.08266
77,Sample_S19S_0078_Wat,269.0303205
116,Sample_S19S_0078_Wat,269.0666802
94,Sample_S19S_0078_Wat,269.1030627
47,Sample_S19S_0078_Wat,269.1394657
66,Sample_S19S_0078_Wat,271.0095529
74,Sample_S19S_0078_Wat,271.0459737
91,Sample_S19S_0078_Wat,271.0823212
81,Sample_S19S_0078_Wat,271.118718
65,Sample_S19S_0078_Wat,273.0252099
61,Sample_S19S_0078_Wat,273.040478
76,Sample_S19S_0078_Wat,273.061591
74,Sample_S19S_0078_Wat,273.0768603
76,Sample_S19S_0078_Wat,273.0979879
31,Sample_S19S_0078_Wat,273.1343844
64,Sample_S19S_0078_Wat,275.0197425
7,Sample_S19S_0078_Wat,275.0231068
71,Sample_S19S_0078_Wat,275.0561155
78,Sample_S19S_0078_Wat,275.0772487
78,Sample_S19S_0078_Wat,275.0925149
65,Sample_S19S_0078_Wat,275.1136274
50,Sample_S19S_0078_Wat,275.1288873
59,Sample_S19S_0078_Wat,276.9990278
88,Sample_S19S_0078_Wat,277.0354157
87,Sample_S19S_0078_Wat,277.0717892
84,Sample_S19S_0078_Wat,277.1081544
51,Sample_S19S_0078_Wat,277.1445377
51,Sample_S19S_0078_Wat,279.0146331
94,Sample_S19S_0078_Wat,279.0510516
60,Sample_S19S_0078_Wat,279.0874539
60,Sample_S19S_0078_Wat,279.1238221
40,Sample_S19S_0078_Wat,279.160186
33,Sample_S19S_0078_Wat,280.0463018
39,Sample_S19S_0078_Wat,280.0826921
88,Sample_S19S_0078_Wat,281.0303339
111,Sample_S19S_0078_Wat,281.0666829
66,Sample_S19S_0078_Wat,281.1030502
71,Sample_S19S_0078_Wat,281.1394597
70,Sample_S19S_0078_Wat,283.0095898
105,Sample_S19S_0078_Wat,283.0459554
42,Sample_S19S_0078_Wat,283.0612062
74,Sample_S19S_0078_Wat,283.0823169
103,Sample_S19S_0078_Wat,283.118715
39,Sample_S19S_0078_Wat,283.1551309
42,Sample_S19S_0078_Wat,284.0776208
72,Sample_S19S_0078_Wat,285.025228
48,Sample_S19S_0078_Wat,285.0404866
78,Sample_S19S_0078_Wat,285.0616357
47,Sample_S19S_0078_Wat,285.0768513
10,Sample_S19S_0078_Wat,285.0802217
35,Sample_S19S_0078_Wat,285.0980306
8,Sample_S19S_0078_Wat,285.1262347
53,Sample_S19S_0078_Wat,285.1343948
57,Sample_S19S_0078_Wat,287.0197477
61,Sample_S19S_0078_Wat,287.0408776
62,Sample_S19S_0078_Wat,287.0561351
3,Sample_S19S_0078_Wat,287.0673913
85,Sample_S19S_0078_Wat,287.0772537
66,Sample_S19S_0078_Wat,287.0925228
83,Sample_S19S_0078_Wat,287.1136282
53,Sample_S19S_0078_Wat,287.150015
72,Sample_S19S_0078_Wat,289.0354029
70,Sample_S19S_0078_Wat,289.0565242
93,Sample_S19S_0078_Wat,289.0717704
68,Sample_S19S_0078_Wat,289.0929075
61,Sample_S19S_0078_Wat,289.1081489
3,Sample_S19S_0078_Wat,290.1245994
63,Sample_S19S_0078_Wat,291.0146759
92,Sample_S19S_0078_Wat,291.0510416
78,Sample_S19S_0078_Wat,291.0874132
64,Sample_S19S_0078_Wat,291.1237966
28,Sample_S19S_0078_Wat,292.0462633
2,Sample_S19S_0078_Wat,292.2129776
51,Sample_S19S_0078_Wat,292.9939323
85,Sample_S19S_0078_Wat,293.0303357
94,Sample_S19S_0078_Wat,293.0667099
103,Sample_S19S_0078_Wat,293.1030793
78,Sample_S19S_0078_Wat,293.1394564
13,Sample_S19S_0078_Wat,293.1757942
2,Sample_S19S_0078_Wat,293.179192
36,Sample_S19S_0078_Wat,294.0619153
55,Sample_S19S_0078_Wat,295.0095496
91,Sample_S19S_0078_Wat,295.0459444
116,Sample_S19S_0078_Wat,295.0823376
113,Sample_S19S_0078_Wat,295.1187213
56,Sample_S19S_0078_Wat,295.1550986
30,Sample_S19S_0078_Wat,296.0411763
38,Sample_S19S_0078_Wat,296.0775656
84,Sample_S19S_0078_Wat,297.025237
95,Sample_S19S_0078_Wat,297.0616262
65,Sample_S19S_0078_Wat,297.0980154
40,Sample_S19S_0078_Wat,297.1344063
4,Sample_S19S_0078_Wat,297.1529844
21,Sample_S19S_0078_Wat,297.1707937
46,Sample_S19S_0078_Wat,298.0568737
39,Sample_S19S_0078_Wat,298.0932671
28,Sample_S19S_0078_Wat,298.1296449
76,Sample_S19S_0078_Wat,299.0408894
59,Sample_S19S_0078_Wat,299.05613
96,Sample_S19S_0078_Wat,299.0772616
10,Sample_S19S_0078_Wat,299.0902587
81,Sample_S19S_0078_Wat,299.1136455
1,Sample_S19S_0078_Wat,299.1488351
68,Sample_S19S_0078_Wat,299.1500243
45,Sample_S19S_0078_Wat,300.0725
32,Sample_S19S_0078_Wat,300.1089049
28,Sample_S19S_0078_Wat,300.9989926
61,Sample_S19S_0078_Wat,301.0201601
62,Sample_S19S_0078_Wat,301.0353903
73,Sample_S19S_0078_Wat,301.0565488
52,Sample_S19S_0078_Wat,301.071792
59,Sample_S19S_0078_Wat,301.092932
35,Sample_S19S_0078_Wat,301.1081829
48,Sample_S19S_0078_Wat,301.129318
33,Sample_S19S_0078_Wat,301.1656955
27,Sample_S19S_0078_Wat,302.0881947
21,Sample_S19S_0078_Wat,302.1245742
54,Sample_S19S_0078_Wat,303.0146906
58,Sample_S19S_0078_Wat,303.0357821
74,Sample_S19S_0078_Wat,303.0510433
80,Sample_S19S_0078_Wat,303.0721573
70,Sample_S19S_0078_Wat,303.0874395
12,Sample_S19S_0078_Wat,303.0907893
84,Sample_S19S_0078_Wat,303.1085414
56,Sample_S19S_0078_Wat,303.1238249
55,Sample_S19S_0078_Wat,303.1449308
33,Sample_S19S_0078_Wat,303.1602155
32,Sample_S19S_0078_Wat,304.0826613
22,Sample_S19S_0078_Wat,304.1038383
86,Sample_S19S_0078_Wat,305.0303157
100,Sample_S19S_0078_Wat,305.0666877
82,Sample_S19S_0078_Wat,305.1030852
59,Sample_S19S_0078_Wat,305.1394662
45,Sample_S19S_0078_Wat,306.0983427
54,Sample_S19S_0078_Wat,307.0095853
98,Sample_S19S_0078_Wat,307.0459779
67,Sample_S19S_0078_Wat,307.0823737
9,Sample_S19S_0078_Wat,307.0936059
50,Sample_S19S_0078_Wat,307.1187572
38,Sample_S19S_0078_Wat,307.1551342
44,Sample_S19S_0078_Wat,308.0775973
90,Sample_S19S_0078_Wat,309.0252469
117,Sample_S19S_0078_Wat,309.0616036
104,Sample_S19S_0078_Wat,309.0979773
87,Sample_S19S_0078_Wat,309.1343649
3,Sample_S19S_0078_Wat,309.1530159
37,Sample_S19S_0078_Wat,309.1707647
3,Sample_S19S_0078_Wat,309.1741269
45,Sample_S19S_0078_Wat,310.0568411
46,Sample_S19S_0078_Wat,310.0932206
65,Sample_S19S_0078_Wat,311.0045073
89,Sample_S19S_0078_Wat,311.0408991
100,Sample_S19S_0078_Wat,311.0772659
127,Sample_S19S_0078_Wat,311.1136352
75,Sample_S19S_0078_Wat,311.1500195
3,Sample_S19S_0078_Wat,311.1686157
64,Sample_S19S_0078_Wat,313.0201379
39,Sample_S19S_0078_Wat,313.0353909
82,Sample_S19S_0078_Wat,313.0565398
34,Sample_S19S_0078_Wat,313.071764
81,Sample_S19S_0078_Wat,313.0929245
71,Sample_S19S_0078_Wat,313.1293014
47,Sample_S19S_0078_Wat,314.0881771
45,Sample_S19S_0078_Wat,315.0146824
71,Sample_S19S_0078_Wat,315.035781
63,Sample_S19S_0078_Wat,315.0510397
72,Sample_S19S_0078_Wat,315.0721791
30,Sample_S19S_0078_Wat,315.0873994
63,Sample_S19S_0078_Wat,315.1085755
56,Sample_S19S_0078_Wat,315.1238052
2,Sample_S19S_0078_Wat,315.1271409
46,Sample_S19S_0078_Wat,315.1449559
33,Sample_S19S_0078_Wat,316.0674166
43,Sample_S19S_0078_Wat,316.1038062
29,Sample_S19S_0078_Wat,316.9939621
68,Sample_S19S_0078_Wat,317.0303382
70,Sample_S19S_0078_Wat,317.0514233
81,Sample_S19S_0078_Wat,317.0666936
88,Sample_S19S_0078_Wat,317.0878157
56,Sample_S19S_0078_Wat,317.1030588
47,Sample_S19S_0078_Wat,317.124227
58,Sample_S19S_0078_Wat,317.1394552
3,Sample_S19S_0078_Wat,317.1427951
32,Sample_S19S_0078_Wat,317.1606071
19,Sample_S19S_0078_Wat,318.0255948
40,Sample_S19S_0078_Wat,318.0619419
16,Sample_S19S_0078_Wat,318.0831173
30,Sample_S19S_0078_Wat,318.0982984
18,Sample_S19S_0078_Wat,318.1194966
45,Sample_S19S_0078_Wat,319.009608
25,Sample_S19S_0078_Wat,319.0460069
42,Sample_S19S_0078_Wat,319.0670953
83,Sample_S19S_0078_Wat,319.0823624
1,Sample_S19S_0078_Wat,319.0936659
36,Sample_S19S_0078_Wat,319.103481
82,Sample_S19S_0078_Wat,319.1187158
53,Sample_S19S_0078_Wat,319.1551015
42,Sample_S19S_0078_Wat,320.0412195
40,Sample_S19S_0078_Wat,320.0776287
17,Sample_S19S_0078_Wat,320.0987676
15,Sample_S19S_0078_Wat,320.1351354
76,Sample_S19S_0078_Wat,321.0252313
76,Sample_S19S_0078_Wat,321.0616406
5,Sample_S19S_0078_Wat,321.0728956
47,Sample_S19S_0078_Wat,321.0980285
69,Sample_S19S_0078_Wat,321.1343949
37,Sample_S19S_0078_Wat,321.1707672
49,Sample_S19S_0078_Wat,322.0568903
52,Sample_S19S_0078_Wat,322.0932669
60,Sample_S19S_0078_Wat,323.0044879
85,Sample_S19S_0078_Wat,323.0408542
109,Sample_S19S_0078_Wat,323.0772527
14,Sample_S19S_0078_Wat,323.0884973
61,Sample_S19S_0078_Wat,323.1136726
57,Sample_S19S_0078_Wat,323.1500462
2,Sample_S19S_0078_Wat,323.1686736
30,Sample_S19S_0078_Wat,323.1864241
54,Sample_S19S_0078_Wat,324.0725027
47,Sample_S19S_0078_Wat,324.108871
22,Sample_S19S_0078_Wat,325.0201894
96,Sample_S19S_0078_Wat,325.0565425
112,Sample_S19S_0078_Wat,325.0928926
27,Sample_S19S_0078_Wat,325.1081822
79,Sample_S19S_0078_Wat,325.1292996
40,Sample_S19S_0078_Wat,325.1657004
1,Sample_S19S_0078_Wat,325.1842438
36,Sample_S19S_0078_Wat,326.0518083
52,Sample_S19S_0078_Wat,326.0881656
36,Sample_S19S_0078_Wat,327.0146798
79,Sample_S19S_0078_Wat,327.035782
48,Sample_S19S_0078_Wat,327.0510536
77,Sample_S19S_0078_Wat,327.0722018
54,Sample_S19S_0078_Wat,327.0874372
75,Sample_S19S_0078_Wat,327.1085831
27,Sample_S19S_0078_Wat,327.1238447
68,Sample_S19S_0078_Wat,327.1449492
40,Sample_S19S_0078_Wat,328.067419
55,Sample_S19S_0078_Wat,328.1037984
20,Sample_S19S_0078_Wat,329.0151141
56,Sample_S19S_0078_Wat,329.0303285
46,Sample_S19S_0078_Wat,329.0514722
27,Sample_S19S_0078_Wat,329.0667319
105,Sample_S19S_0078_Wat,329.0878075
54,Sample_S19S_0078_Wat,329.1030905
64,Sample_S19S_0078_Wat,329.1242163
16,Sample_S19S_0078_Wat,329.1394079
2,Sample_S19S_0078_Wat,329.152419
53,Sample_S19S_0078_Wat,329.1605843
24,Sample_S19S_0078_Wat,330.0831155
40,Sample_S19S_0078_Wat,330.1194763
35,Sample_S19S_0078_Wat,331.0095615
58,Sample_S19S_0078_Wat,331.0307044
44,Sample_S19S_0078_Wat,331.0459941
65,Sample_S19S_0078_Wat,331.0670688
67,Sample_S19S_0078_Wat,331.0823608
1,Sample_S19S_0078_Wat,331.0937101
50,Sample_S19S_0078_Wat,331.1034998
72,Sample_S19S_0078_Wat,331.1187275
24,Sample_S19S_0078_Wat,331.1399002
17,Sample_S19S_0078_Wat,331.155166
14,Sample_S19S_0078_Wat,331.1915481
25,Sample_S19S_0078_Wat,332.0623668
51,Sample_S19S_0078_Wat,332.0775831
33,Sample_S19S_0078_Wat,332.0987468
32,Sample_S19S_0078_Wat,332.1139958
22,Sample_S19S_0078_Wat,332.1351167
33,Sample_S19S_0078_Wat,333.0252702
37,Sample_S19S_0078_Wat,333.0463704
44,Sample_S19S_0078_Wat,333.0616512
1,Sample_S19S_0078_Wat,333.0729806
40,Sample_S19S_0078_Wat,333.08277
83,Sample_S19S_0078_Wat,333.0980074
11,Sample_S19S_0078_Wat,333.1191757
38,Sample_S19S_0078_Wat,333.1344131
8,Sample_S19S_0078_Wat,333.137741
29,Sample_S19S_0078_Wat,333.1707943
45,Sample_S19S_0078_Wat,334.0568812
38,Sample_S19S_0078_Wat,334.0932769
9,Sample_S19S_0078_Wat,334.1144217
48,Sample_S19S_0078_Wat,335.004499
58,Sample_S19S_0078_Wat,335.0409093
92,Sample_S19S_0078_Wat,335.0772597
57,Sample_S19S_0078_Wat,335.1136067
62,Sample_S19S_0078_Wat,335.150042
34,Sample_S19S_0078_Wat,335.1864245
2,Sample_S19S_0078_Wat,335.2358032
20,Sample_S19S_0078_Wat,336.0361684
26,Sample_S19S_0078_Wat,336.0725571
52,Sample_S19S_0078_Wat,336.1089144
74,Sample_S19S_0078_Wat,337.0201415
66,Sample_S19S_0078_Wat,337.0564852
16,Sample_S19S_0078_Wat,337.0695448
107,Sample_S19S_0078_Wat,337.0929176
6,Sample_S19S_0078_Wat,337.1041904
104,Sample_S19S_0078_Wat,337.1292866
54,Sample_S19S_0078_Wat,337.1656867
1,Sample_S19S_0078_Wat,337.1842796
8,Sample_S19S_0078_Wat,337.2021218
13,Sample_S19S_0078_Wat,338.0518396
62,Sample_S19S_0078_Wat,338.0881798
39,Sample_S19S_0078_Wat,338.1245766
78,Sample_S19S_0078_Wat,339.0357996
113,Sample_S19S_0078_Wat,339.0721726
118,Sample_S19S_0078_Wat,339.1085453
36,Sample_S19S_0078_Wat,339.1449816
38,Sample_S19S_0078_Wat,339.1813533
1,Sample_S19S_0078_Wat,339.1999929
16,Sample_S19S_0078_Wat,340.0674792
45,Sample_S19S_0078_Wat,340.1038147
63,Sample_S19S_0078_Wat,341.0150623
28,Sample_S19S_0078_Wat,341.0302897
78,Sample_S19S_0078_Wat,341.0514621
33,Sample_S19S_0078_Wat,341.0667303
113,Sample_S19S_0078_Wat,341.0878109
26,Sample_S19S_0078_Wat,341.1031062
38,Sample_S19S_0078_Wat,341.12425
50,Sample_S19S_0078_Wat,341.1606173
1,Sample_S19S_0078_Wat,341.1957794
33,Sample_S19S_0078_Wat,342.0467143
47,Sample_S19S_0078_Wat,342.0830768
41,Sample_S19S_0078_Wat,342.1194926
23,Sample_S19S_0078_Wat,343.0096148
63,Sample_S19S_0078_Wat,343.0307124
47,Sample_S19S_0078_Wat,343.0459579
57,Sample_S19S_0078_Wat,343.067113
18,Sample_S19S_0078_Wat,343.0823925
16,Sample_S19S_0078_Wat,343.0857039
101,Sample_S19S_0078_Wat,343.1034685
42,Sample_S19S_0078_Wat,343.1187422
15,Sample_S19S_0078_Wat,343.1399075
32,Sample_S19S_0078_Wat,343.1551386
40,Sample_S19S_0078_Wat,343.1762631
34,Sample_S19S_0078_Wat,344.0987606
2,Sample_S19S_0078_Wat,344.1350437
57,Sample_S19S_0078_Wat,345.0252491
55,Sample_S19S_0078_Wat,345.0463327
72,Sample_S19S_0078_Wat,345.0616254
55,Sample_S19S_0078_Wat,345.0827674
66,Sample_S19S_0078_Wat,345.0980089
4,Sample_S19S_0078_Wat,345.1013399
52,Sample_S19S_0078_Wat,345.1191373
22,Sample_S19S_0078_Wat,345.1344288
31,Sample_S19S_0078_Wat,345.1555412
43,Sample_S19S_0078_Wat,345.170772
31,Sample_S19S_0078_Wat,346.0569005
45,Sample_S19S_0078_Wat,346.0932318
38,Sample_S19S_0078_Wat,346.1143644
19,Sample_S19S_0078_Wat,346.1507606
3,Sample_S19S_0078_Wat,346.2154294
48,Sample_S19S_0078_Wat,347.0045152
76,Sample_S19S_0078_Wat,347.0408756
40,Sample_S19S_0078_Wat,347.0620279
96,Sample_S19S_0078_Wat,347.0772564
3,Sample_S19S_0078_Wat,347.0805924
27,Sample_S19S_0078_Wat,347.0903002
64,Sample_S19S_0078_Wat,347.0983726
46,Sample_S19S_0078_Wat,347.1136821
11,Sample_S19S_0078_Wat,347.1170036
25,Sample_S19S_0078_Wat,347.1348045
68,Sample_S19S_0078_Wat,347.1500262
12,Sample_S19S_0078_Wat,347.1864695
29,Sample_S19S_0078_Wat,348.0361356
23,Sample_S19S_0078_Wat,348.0725611
55,Sample_S19S_0078_Wat,348.1089104
8,Sample_S19S_0078_Wat,348.1300774
4,Sample_S19S_0078_Wat,348.231087
66,Sample_S19S_0078_Wat,349.0201636
24,Sample_S19S_0078_Wat,349.0564693
81,Sample_S19S_0078_Wat,349.0929209
1,Sample_S19S_0078_Wat,349.1042255
24,Sample_S19S_0078_Wat,349.1059291
84,Sample_S19S_0078_Wat,349.129303
61,Sample_S19S_0078_Wat,349.1656793
14,Sample_S19S_0078_Wat,349.2021049
17,Sample_S19S_0078_Wat,350.0518357
65,Sample_S19S_0078_Wat,350.0881844
17,Sample_S19S_0078_Wat,350.1245924
77,Sample_S19S_0078_Wat,351.0357871
86,Sample_S19S_0078_Wat,351.0721501
49,Sample_S19S_0078_Wat,351.1085115
25,Sample_S19S_0078_Wat,351.121581
48,Sample_S19S_0078_Wat,351.1449775
40,Sample_S19S_0078_Wat,351.1813076
16,Sample_S19S_0078_Wat,351.2177372
1,Sample_S19S_0078_Wat,351.2500934
23,Sample_S19S_0078_Wat,352.0674721
48,Sample_S19S_0078_Wat,352.1038206
27,Sample_S19S_0078_Wat,352.140233
66,Sample_S19S_0078_Wat,353.0150696
53,Sample_S19S_0078_Wat,353.0514753
113,Sample_S19S_0078_Wat,353.0878166
11,Sample_S19S_0078_Wat,353.0990962
78,Sample_S19S_0078_Wat,353.124233
48,Sample_S19S_0078_Wat,353.1605629
30,Sample_S19S_0078_Wat,353.1970034
1,Sample_S19S_0078_Wat,353.2003494
3,Sample_S19S_0078_Wat,353.2155648
37,Sample_S19S_0078_Wat,354.0467104
57,Sample_S19S_0078_Wat,354.0830704
50,Sample_S19S_0078_Wat,354.1194893
43,Sample_S19S_0078_Wat,354.1558443
67,Sample_S19S_0078_Wat,355.0306981
38,Sample_S19S_0078_Wat,355.0459559
78,Sample_S19S_0078_Wat,355.0671162
5,Sample_S19S_0078_Wat,355.0824171
102,Sample_S19S_0078_Wat,355.1034699
24,Sample_S19S_0078_Wat,355.1399086
42,Sample_S19S_0078_Wat,355.1762476
54,Sample_S19S_0078_Wat,356.0623586
26,Sample_S19S_0078_Wat,356.0987693
43,Sample_S19S_0078_Wat,356.1350838
27,Sample_S19S_0078_Wat,356.1715182
32,Sample_S19S_0078_Wat,357.0251986
62,Sample_S19S_0078_Wat,357.046323
53,Sample_S19S_0078_Wat,357.061636
94,Sample_S19S_0078_Wat,357.0827228
47,Sample_S19S_0078_Wat,357.0979761
1,Sample_S19S_0078_Wat,357.1012479
25,Sample_S19S_0078_Wat,357.1110353
100,Sample_S19S_0078_Wat,357.1191097
32,Sample_S19S_0078_Wat,357.134414
66,Sample_S19S_0078_Wat,357.1554992
42,Sample_S19S_0078_Wat,358.0568909
43,Sample_S19S_0078_Wat,358.077999
41,Sample_S19S_0078_Wat,358.0932734
17,Sample_S19S_0078_Wat,358.1507103
9,Sample_S19S_0078_Wat,358.2235211
48,Sample_S19S_0078_Wat,359.0045133
11,Sample_S19S_0078_Wat,359.0256737
18,Sample_S19S_0078_Wat,359.0409252
63,Sample_S19S_0078_Wat,359.0619959
61,Sample_S19S_0078_Wat,359.077285
15,Sample_S19S_0078_Wat,359.0806207
33,Sample_S19S_0078_Wat,359.0984239
55,Sample_S19S_0078_Wat,359.1347452
62,Sample_S19S_0078_Wat,359.1500213
39,Sample_S19S_0078_Wat,359.1711775
26,Sample_S19S_0078_Wat,360.093678
40,Sample_S19S_0078_Wat,360.108919
3,Sample_S19S_0078_Wat,360.1299489
15,Sample_S19S_0078_Wat,360.1664452
52,Sample_S19S_0078_Wat,361.0201475
53,Sample_S19S_0078_Wat,361.0412698
60,Sample_S19S_0078_Wat,361.056505
23,Sample_S19S_0078_Wat,361.069538
38,Sample_S19S_0078_Wat,361.077621
76,Sample_S19S_0078_Wat,361.0929312
14,Sample_S19S_0078_Wat,361.0962708
44,Sample_S19S_0078_Wat,361.1140532
95,Sample_S19S_0078_Wat,361.1292859
36,Sample_S19S_0078_Wat,361.1423317
52,Sample_S19S_0078_Wat,361.1504109
45,Sample_S19S_0078_Wat,361.1657046
57,Sample_S19S_0078_Wat,362.0881611
14,Sample_S19S_0078_Wat,362.1093336
11,Sample_S19S_0078_Wat,362.9994703
71,Sample_S19S_0078_Wat,363.0357881
51,Sample_S19S_0078_Wat,363.0722122
88,Sample_S19S_0078_Wat,363.108539
24,Sample_S19S_0078_Wat,363.1215932
38,Sample_S19S_0078_Wat,363.1449786
26,Sample_S19S_0078_Wat,363.1812892
7,Sample_S19S_0078_Wat,363.1943423
52,Sample_S19S_0078_Wat,364.0674047
14,Sample_S19S_0078_Wat,364.0885367
56,Sample_S19S_0078_Wat,364.1038292
4,Sample_S19S_0078_Wat,364.1531819
1,Sample_S19S_0078_Wat,364.2259804
60,Sample_S19S_0078_Wat,365.015069
28,Sample_S19S_0078_Wat,365.0513776
14,Sample_S19S_0078_Wat,365.0644569
97,Sample_S19S_0078_Wat,365.0878382
2,Sample_S19S_0078_Wat,365.0991282
29,Sample_S19S_0078_Wat,365.1008669
47,Sample_S19S_0078_Wat,365.1241727
22,Sample_S19S_0078_Wat,365.137244
24,Sample_S19S_0078_Wat,365.1606438
35,Sample_S19S_0078_Wat,365.1969623
13,Sample_S19S_0078_Wat,365.2100088
65,Sample_S19S_0078_Wat,366.0830912
55,Sample_S19S_0078_Wat,366.1194629
8,Sample_S19S_0078_Wat,366.1558943
65,Sample_S19S_0078_Wat,367.0306865
101,Sample_S19S_0078_Wat,367.0671094
115,Sample_S19S_0078_Wat,367.1034613
22,Sample_S19S_0078_Wat,367.1165264
15,Sample_S19S_0078_Wat,367.1399195
48,Sample_S19S_0078_Wat,367.1762158
26,Sample_S19S_0078_Wat,367.2126519
21,Sample_S19S_0078_Wat,368.0623951
72,Sample_S19S_0078_Wat,368.0987097
49,Sample_S19S_0078_Wat,368.1351331
44,Sample_S19S_0078_Wat,368.1714856
55,Sample_S19S_0078_Wat,369.0099679
21,Sample_S19S_0078_Wat,369.0252119
10,Sample_S19S_0078_Wat,369.0382289
55,Sample_S19S_0078_Wat,369.0463181
51,Sample_S19S_0078_Wat,369.061629
87,Sample_S19S_0078_Wat,369.0827443
42,Sample_S19S_0078_Wat,369.0980102
24,Sample_S19S_0078_Wat,369.111039
28,Sample_S19S_0078_Wat,369.1190631
61,Sample_S19S_0078_Wat,369.1555194
19,Sample_S19S_0078_Wat,369.1837969
17,Sample_S19S_0078_Wat,369.1918398
53,Sample_S19S_0078_Wat,370.0779692
36,Sample_S19S_0078_Wat,370.1507341
24,Sample_S19S_0078_Wat,371.0255725
39,Sample_S19S_0078_Wat,371.0408802
77,Sample_S19S_0078_Wat,371.0620102
20,Sample_S19S_0078_Wat,371.0902981
46,Sample_S19S_0078_Wat,371.0983408
48,Sample_S19S_0078_Wat,371.1136558
59,Sample_S19S_0078_Wat,371.1347918
52,Sample_S19S_0078_Wat,371.1500297
48,Sample_S19S_0078_Wat,371.171134
32,Sample_S19S_0078_Wat,372.0572277
53,Sample_S19S_0078_Wat,372.1300076
37,Sample_S19S_0078_Wat,372.1663973
11,Sample_S19S_0078_Wat,372.2028242
33,Sample_S19S_0078_Wat,373.0201141
9,Sample_S19S_0078_Wat,373.0331394
50,Sample_S19S_0078_Wat,373.0412407
70,Sample_S19S_0078_Wat,373.0565482
35,Sample_S19S_0078_Wat,373.0776886
46,Sample_S19S_0078_Wat,373.09294
30,Sample_S19S_0078_Wat,373.1059583
61,Sample_S19S_0078_Wat,373.1140108
17,Sample_S19S_0078_Wat,373.1504711
17,Sample_S19S_0078_Wat,373.1657318
34,Sample_S19S_0078_Wat,373.1867821
6,Sample_S19S_0078_Wat,374.0729636
36,Sample_S19S_0078_Wat,374.1456527
13,Sample_S19S_0078_Wat,374.1820296
25,Sample_S19S_0078_Wat,375.0358416
19,Sample_S19S_0078_Wat,375.0569615
73,Sample_S19S_0078_Wat,375.0721973
28,Sample_S19S_0078_Wat,375.0852221
44,Sample_S19S_0078_Wat,375.0932745
33,Sample_S19S_0078_Wat,375.1297066
80,Sample_S19S_0078_Wat,375.1449442
33,Sample_S19S_0078_Wat,375.1579842
31,Sample_S19S_0078_Wat,375.1812892
25,Sample_S19S_0078_Wat,375.194367
46,Sample_S19S_0078_Wat,376.0674564
27,Sample_S19S_0078_Wat,376.1249335
38,Sample_S19S_0078_Wat,377.0150486
84,Sample_S19S_0078_Wat,377.0514538
34,Sample_S19S_0078_Wat,377.0725712
65,Sample_S19S_0078_Wat,377.0877952
22,Sample_S19S_0078_Wat,377.100823
97,Sample_S19S_0078_Wat,377.1241915
29,Sample_S19S_0078_Wat,377.1372608
60,Sample_S19S_0078_Wat,377.1606102
22,Sample_S19S_0078_Wat,377.1735945
23,Sample_S19S_0078_Wat,377.1969233
17,Sample_S19S_0078_Wat,378.0466478
45,Sample_S19S_0078_Wat,378.0831073
64,Sample_S19S_0078_Wat,378.1194361
4,Sample_S19S_0078_Wat,378.2052199
2,Sample_S19S_0078_Wat,378.2416575
70,Sample_S19S_0078_Wat,379.0307221
30,Sample_S19S_0078_Wat,379.0670295
18,Sample_S19S_0078_Wat,379.0800689
115,Sample_S19S_0078_Wat,379.1034645
30,Sample_S19S_0078_Wat,379.1165229
92,Sample_S19S_0078_Wat,379.1398402
27,Sample_S19S_0078_Wat,379.1528588
60,Sample_S19S_0078_Wat,379.1762343
22,Sample_S19S_0078_Wat,379.1892722
21,Sample_S19S_0078_Wat,379.2126518
65,Sample_S19S_0078_Wat,380.0987084
71,Sample_S19S_0078_Wat,380.1350974
17,Sample_S19S_0078_Wat,381.0099072
76,Sample_S19S_0078_Wat,381.0463502
33,Sample_S19S_0078_Wat,381.0826619
21,Sample_S19S_0078_Wat,381.0939738
105,Sample_S19S_0078_Wat,381.1191186
25,Sample_S19S_0078_Wat,381.1321708
88,Sample_S19S_0078_Wat,381.1555031
38,Sample_S19S_0078_Wat,381.1918695
1,Sample_S19S_0078_Wat,381.2316122
33,Sample_S19S_0078_Wat,382.0415806
60,Sample_S19S_0078_Wat,382.0779661
65,Sample_S19S_0078_Wat,382.1143936
14,Sample_S19S_0078_Wat,382.1507159
31,Sample_S19S_0078_Wat,383.0255766
13,Sample_S19S_0078_Wat,383.040804
48,Sample_S19S_0078_Wat,383.0619616
49,Sample_S19S_0078_Wat,383.0772634
106,Sample_S19S_0078_Wat,383.0983806
37,Sample_S19S_0078_Wat,383.1136188
27,Sample_S19S_0078_Wat,383.1266887
35,Sample_S19S_0078_Wat,383.1347075
38,Sample_S19S_0078_Wat,383.1711132
38,Sample_S19S_0078_Wat,383.2075249
30,Sample_S19S_0078_Wat,384.0572385
57,Sample_S19S_0078_Wat,384.0936599
34,Sample_S19S_0078_Wat,384.1664077
16,Sample_S19S_0078_Wat,385.0201172
13,Sample_S19S_0078_Wat,385.0331631
28,Sample_S19S_0078_Wat,385.0412026
41,Sample_S19S_0078_Wat,385.0564963
86,Sample_S19S_0078_Wat,385.0776412
61,Sample_S19S_0078_Wat,385.0929264
40,Sample_S19S_0078_Wat,385.1139909
34,Sample_S19S_0078_Wat,385.1292595
26,Sample_S19S_0078_Wat,385.1423072
40,Sample_S19S_0078_Wat,385.1503825
45,Sample_S19S_0078_Wat,385.1656784
34,Sample_S19S_0078_Wat,385.1868285
5,Sample_S19S_0078_Wat,386.0517072
40,Sample_S19S_0078_Wat,386.0728862
46,Sample_S19S_0078_Wat,386.1093009
36,Sample_S19S_0078_Wat,386.1820531
33,Sample_S19S_0078_Wat,387.0205032
59,Sample_S19S_0078_Wat,387.0358113
27,Sample_S19S_0078_Wat,387.0568488
20,Sample_S19S_0078_Wat,387.0721252
24,Sample_S19S_0078_Wat,387.0851909
33,Sample_S19S_0078_Wat,387.0932457
85,Sample_S19S_0078_Wat,387.1085636
85,Sample_S19S_0078_Wat,387.1296791
27,Sample_S19S_0078_Wat,387.1579654
13,Sample_S19S_0078_Wat,387.1659841
28,Sample_S19S_0078_Wat,387.1812925
22,Sample_S19S_0078_Wat,387.19436
58,Sample_S19S_0078_Wat,388.0674506
32,Sample_S19S_0078_Wat,388.1037783
48,Sample_S19S_0078_Wat,388.1249219
32,Sample_S19S_0078_Wat,389.0150297
12,Sample_S19S_0078_Wat,389.0280824
30,Sample_S19S_0078_Wat,389.036144
56,Sample_S19S_0078_Wat,389.051417
17,Sample_S19S_0078_Wat,389.0644457
25,Sample_S19S_0078_Wat,389.0724972
80,Sample_S19S_0078_Wat,389.0878118
28,Sample_S19S_0078_Wat,389.1008827
35,Sample_S19S_0078_Wat,389.108981
95,Sample_S19S_0078_Wat,389.1242045
25,Sample_S19S_0078_Wat,389.1372295
18,Sample_S19S_0078_Wat,389.1452618
31,Sample_S19S_0078_Wat,389.1605387
23,Sample_S19S_0078_Wat,389.1736085
40,Sample_S19S_0078_Wat,389.1969883
26,Sample_S19S_0078_Wat,390.0466839
71,Sample_S19S_0078_Wat,390.083092
32,Sample_S19S_0078_Wat,391.0307447
50,Sample_S19S_0078_Wat,391.0670531
15,Sample_S19S_0078_Wat,391.0881255
49,Sample_S19S_0078_Wat,391.1034381
51,Sample_S19S_0078_Wat,391.1398852
17,Sample_S19S_0078_Wat,391.1528412
36,Sample_S19S_0078_Wat,391.1762035
14,Sample_S19S_0078_Wat,391.1892281
30,Sample_S19S_0078_Wat,391.212612
6,Sample_S19S_0078_Wat,391.2256863
46,Sample_S19S_0078_Wat,392.06231
13,Sample_S19S_0078_Wat,392.0834684
68,Sample_S19S_0078_Wat,392.098752
18,Sample_S19S_0078_Wat,392.1198706
57,Sample_S19S_0078_Wat,392.1351125
5,Sample_S19S_0078_Wat,392.2209084
13,Sample_S19S_0078_Wat,393.010021
48,Sample_S19S_0078_Wat,393.0463154
19,Sample_S19S_0078_Wat,393.0593644
82,Sample_S19S_0078_Wat,393.0827628
91,Sample_S19S_0078_Wat,393.1191285
23,Sample_S19S_0078_Wat,393.1321265
2,Sample_S19S_0078_Wat,393.1475032
45,Sample_S19S_0078_Wat,393.1554711
19,Sample_S19S_0078_Wat,393.1685262
23,Sample_S19S_0078_Wat,393.1919402
31,Sample_S19S_0078_Wat,394.0415806
32,Sample_S19S_0078_Wat,394.078026
43,Sample_S19S_0078_Wat,394.1144108
38,Sample_S19S_0078_Wat,395.0255818
64,Sample_S19S_0078_Wat,395.0619708
54,Sample_S19S_0078_Wat,395.0984243
19,Sample_S19S_0078_Wat,395.1114167
118,Sample_S19S_0078_Wat,395.1347697
21,Sample_S19S_0078_Wat,395.1477706
47,Sample_S19S_0078_Wat,395.171191
15,Sample_S19S_0078_Wat,395.2075813
59,Sample_S19S_0078_Wat,396.0936653
35,Sample_S19S_0078_Wat,396.13006
57,Sample_S19S_0078_Wat,396.1664019
8,Sample_S19S_0078_Wat,397.0200883
54,Sample_S19S_0078_Wat,397.0412485
40,Sample_S19S_0078_Wat,397.0565368
33,Sample_S19S_0078_Wat,397.0775828
21,Sample_S19S_0078_Wat,397.1059758
70,Sample_S19S_0078_Wat,397.1140135
87,Sample_S19S_0078_Wat,397.1504225
25,Sample_S19S_0078_Wat,397.1867602
49,Sample_S19S_0078_Wat,398.0729329
55,Sample_S19S_0078_Wat,398.1456531
34,Sample_S19S_0078_Wat,399.0205105
12,Sample_S19S_0078_Wat,399.0356696
12,Sample_S19S_0078_Wat,399.0488349
21,Sample_S19S_0078_Wat,399.0568344
34,Sample_S19S_0078_Wat,399.0721389
27,Sample_S19S_0078_Wat,399.085227
69,Sample_S19S_0078_Wat,399.0932727
22,Sample_S19S_0078_Wat,399.1086044
63,Sample_S19S_0078_Wat,399.1296635
41,Sample_S19S_0078_Wat,399.1449193
16,Sample_S19S_0078_Wat,399.1579458
4,Sample_S19S_0078_Wat,399.1659287
19,Sample_S19S_0078_Wat,399.1943775
33,Sample_S19S_0078_Wat,399.2024375
15,Sample_S19S_0078_Wat,400.0674729
26,Sample_S19S_0078_Wat,400.1249077
35,Sample_S19S_0078_Wat,401.0150794
27,Sample_S19S_0078_Wat,401.0362034
66,Sample_S19S_0078_Wat,401.0514549
19,Sample_S19S_0078_Wat,401.0644945
28,Sample_S19S_0078_Wat,401.0725084
69,Sample_S19S_0078_Wat,401.0878209
1,Sample_S19S_0078_Wat,401.0910681
57,Sample_S19S_0078_Wat,401.1089631
68,Sample_S19S_0078_Wat,401.1453284
58,Sample_S19S_0078_Wat,401.1605804
19,Sample_S19S_0078_Wat,401.1736033
15,Sample_S19S_0078_Wat,401.1816514
20,Sample_S19S_0078_Wat,401.1969344
25,Sample_S19S_0078_Wat,401.2100146
25,Sample_S19S_0078_Wat,402.0466811
14,Sample_S19S_0078_Wat,402.0831391
3,Sample_S19S_0078_Wat,402.1042761
24,Sample_S19S_0078_Wat,402.1405573
15,Sample_S19S_0078_Wat,403.0305846
14,Sample_S19S_0078_Wat,403.0437271
21,Sample_S19S_0078_Wat,403.0517845
79,Sample_S19S_0078_Wat,403.0671122
60,Sample_S19S_0078_Wat,403.0881974
72,Sample_S19S_0078_Wat,403.1034476
1,Sample_S19S_0078_Wat,403.1066431
26,Sample_S19S_0078_Wat,403.1164656
17,Sample_S19S_0078_Wat,403.1245163
81,Sample_S19S_0078_Wat,403.1398463
29,Sample_S19S_0078_Wat,403.1529106
26,Sample_S19S_0078_Wat,403.1609357
31,Sample_S19S_0078_Wat,403.1762826
28,Sample_S19S_0078_Wat,403.2126282
63,Sample_S19S_0078_Wat,404.0623618
28,Sample_S19S_0078_Wat,404.0834492
62,Sample_S19S_0078_Wat,404.1351085
18,Sample_S19S_0078_Wat,404.1926065
12,Sample_S19S_0078_Wat,405.0098791
71,Sample_S19S_0078_Wat,405.0463718
33,Sample_S19S_0078_Wat,405.0674473
51,Sample_S19S_0078_Wat,405.0827082
7,Sample_S19S_0078_Wat,405.103722
31,Sample_S19S_0078_Wat,405.1190623
31,Sample_S19S_0078_Wat,405.1321292
51,Sample_S19S_0078_Wat,405.1555362
29,Sample_S19S_0078_Wat,405.1685606
38,Sample_S19S_0078_Wat,405.1918632
4,Sample_S19S_0078_Wat,405.2048711
20,Sample_S19S_0078_Wat,406.041642
68,Sample_S19S_0078_Wat,406.1143545
24,Sample_S19S_0078_Wat,407.0255705
68,Sample_S19S_0078_Wat,407.0620299
18,Sample_S19S_0078_Wat,407.0750599
97,Sample_S19S_0078_Wat,407.0983755
17,Sample_S19S_0078_Wat,407.1113661
80,Sample_S19S_0078_Wat,407.1347505
25,Sample_S19S_0078_Wat,407.1477958
1,Sample_S19S_0078_Wat,407.1632455
11,Sample_S19S_0078_Wat,407.1712237
20,Sample_S19S_0078_Wat,407.2075913
66,Sample_S19S_0078_Wat,408.0936661
77,Sample_S19S_0078_Wat,408.1300077
32,Sample_S19S_0078_Wat,409.0412228
30,Sample_S19S_0078_Wat,409.07757
95,Sample_S19S_0078_Wat,409.1140221
17,Sample_S19S_0078_Wat,409.1270356
91,Sample_S19S_0078_Wat,409.1504235
8,Sample_S19S_0078_Wat,409.1633923
12,Sample_S19S_0078_Wat,409.1787026
17,Sample_S19S_0078_Wat,409.1867344
36,Sample_S19S_0078_Wat,409.2231724
55,Sample_S19S_0078_Wat,410.0729191
18,Sample_S19S_0078_Wat,410.1092388
53,Sample_S19S_0078_Wat,410.1456867
34,Sample_S19S_0078_Wat,411.0205049
11,Sample_S19S_0078_Wat,411.0357156
24,Sample_S19S_0078_Wat,411.0568579
79,Sample_S19S_0078_Wat,411.0933142
83,Sample_S19S_0078_Wat,411.1296933
31,Sample_S19S_0078_Wat,411.1579879
50,Sample_S19S_0078_Wat,411.1660419
5,Sample_S19S_0078_Wat,411.2022993
23,Sample_S19S_0078_Wat,412.0521769
40,Sample_S19S_0078_Wat,412.0885256
53,Sample_S19S_0078_Wat,412.1249118
31,Sample_S19S_0078_Wat,413.0361429
6,Sample_S19S_0078_Wat,413.0513424
16,Sample_S19S_0078_Wat,413.06446
10,Sample_S19S_0078_Wat,413.072442
40,Sample_S19S_0078_Wat,413.087795
30,Sample_S19S_0078_Wat,413.1008794
82,Sample_S19S_0078_Wat,413.1089345
60,Sample_S19S_0078_Wat,413.12421
19,Sample_S19S_0078_Wat,413.1372735
24,Sample_S19S_0078_Wat,413.1452768
23,Sample_S19S_0078_Wat,413.1736056
15,Sample_S19S_0078_Wat,413.1816156
3,Sample_S19S_0078_Wat,413.1912682
20,Sample_S19S_0078_Wat,413.2100122
26,Sample_S19S_0078_Wat,415.0306688
25,Sample_S19S_0078_Wat,415.0518724
6,Sample_S19S_0078_Wat,415.0671726
12,Sample_S19S_0078_Wat,415.080159
61,Sample_S19S_0078_Wat,415.0881916
65,Sample_S19S_0078_Wat,415.1034568
22,Sample_S19S_0078_Wat,415.1164835
37,Sample_S19S_0078_Wat,415.1245406
24,Sample_S19S_0078_Wat,415.1529316
55,Sample_S19S_0078_Wat,415.1609859
9,Sample_S19S_0078_Wat,415.1763155
28,Sample_S19S_0078_Wat,415.1973464
10,Sample_S19S_0078_Wat,415.2125416
30,Sample_S19S_0078_Wat,416.0623295
13,Sample_S19S_0078_Wat,416.1925804
31,Sample_S19S_0078_Wat,417.009975
30,Sample_S19S_0078_Wat,417.0310977
43,Sample_S19S_0078_Wat,417.0463346
16,Sample_S19S_0078_Wat,417.0593749
22,Sample_S19S_0078_Wat,417.0674105
27,Sample_S19S_0078_Wat,417.0826722
19,Sample_S19S_0078_Wat,417.0957124
22,Sample_S19S_0078_Wat,417.1037889
83,Sample_S19S_0078_Wat,417.1191101
1,Sample_S19S_0078_Wat,417.1223013
38,Sample_S19S_0078_Wat,417.1321667
38,Sample_S19S_0078_Wat,417.1402188
72,Sample_S19S_0078_Wat,417.1555165
42,Sample_S19S_0078_Wat,417.1685514
13,Sample_S19S_0078_Wat,417.1765666
6,Sample_S19S_0078_Wat,417.2048604
8,Sample_S19S_0078_Wat,417.2281724
14,Sample_S19S_0078_Wat,418.0416648
51,Sample_S19S_0078_Wat,418.0779721
16,Sample_S19S_0078_Wat,418.1144292
34,Sample_S19S_0078_Wat,419.0256123
18,Sample_S19S_0078_Wat,419.0466741
42,Sample_S19S_0078_Wat,419.0619721
11,Sample_S19S_0078_Wat,419.0829959
19,Sample_S19S_0078_Wat,419.0982983
7,Sample_S19S_0078_Wat,419.1113471
11,Sample_S19S_0078_Wat,419.1194106
92,Sample_S19S_0078_Wat,419.1347745
25,Sample_S19S_0078_Wat,419.1478319
44,Sample_S19S_0078_Wat,419.1711927
28,Sample_S19S_0078_Wat,419.1842051
42,Sample_S19S_0078_Wat,419.207525
42,Sample_S19S_0078_Wat,420.0572817
51,Sample_S19S_0078_Wat,421.0412704
24,Sample_S19S_0078_Wat,421.0777047
21,Sample_S19S_0078_Wat,421.0906648
102,Sample_S19S_0078_Wat,421.1140346
18,Sample_S19S_0078_Wat,421.1270174
2,Sample_S19S_0078_Wat,421.1424748
84,Sample_S19S_0078_Wat,421.1504292
1,Sample_S19S_0078_Wat,421.1552081
25,Sample_S19S_0078_Wat,421.1634511
23,Sample_S19S_0078_Wat,421.1868654
3,Sample_S19S_0078_Wat,421.2232692
1,Sample_S19S_0078_Wat,421.2265386
6,Sample_S19S_0078_Wat,422.0364426
51,Sample_S19S_0078_Wat,422.0728802
28,Sample_S19S_0078_Wat,422.1093338
24,Sample_S19S_0078_Wat,423.0205894
58,Sample_S19S_0078_Wat,423.0569089
30,Sample_S19S_0078_Wat,423.093231
2,Sample_S19S_0078_Wat,423.1061645
107,Sample_S19S_0078_Wat,423.1296813
15,Sample_S19S_0078_Wat,423.1426961
34,Sample_S19S_0078_Wat,423.1661225
19,Sample_S19S_0078_Wat,423.179095
46,Sample_S19S_0078_Wat,423.2024382
15,Sample_S19S_0078_Wat,424.0522173
37,Sample_S19S_0078_Wat,424.1249783
52,Sample_S19S_0078_Wat,425.0361852
19,Sample_S19S_0078_Wat,425.0724714
15,Sample_S19S_0078_Wat,425.0877557
17,Sample_S19S_0078_Wat,425.1008972
54,Sample_S19S_0078_Wat,425.1089252
21,Sample_S19S_0078_Wat,425.1453873
46,Sample_S19S_0078_Wat,425.1816982
13,Sample_S19S_0078_Wat,425.2100538
63,Sample_S19S_0078_Wat,426.1405881
54,Sample_S19S_0078_Wat,426.1769689
20,Sample_S19S_0078_Wat,427.0154789
19,Sample_S19S_0078_Wat,427.0307487
25,Sample_S19S_0078_Wat,427.0518808
11,Sample_S19S_0078_Wat,427.0669702
14,Sample_S19S_0078_Wat,427.0801714
45,Sample_S19S_0078_Wat,427.088175
41,Sample_S19S_0078_Wat,427.1035014
20,Sample_S19S_0078_Wat,427.1165345
77,Sample_S19S_0078_Wat,427.1245871
6,Sample_S19S_0078_Wat,427.1399769
6,Sample_S19S_0078_Wat,427.1610597
32,Sample_S19S_0078_Wat,427.1973395
10,Sample_S19S_0078_Wat,427.22569
23,Sample_S19S_0078_Wat,428.0470647
30,Sample_S19S_0078_Wat,428.1562791
10,Sample_S19S_0078_Wat,428.1925676
33,Sample_S19S_0078_Wat,429.0310878
32,Sample_S19S_0078_Wat,429.0463286
49,Sample_S19S_0078_Wat,429.067488
3,Sample_S19S_0078_Wat,429.0829209
6,Sample_S19S_0078_Wat,429.0861392
9,Sample_S19S_0078_Wat,429.1039457
10,Sample_S19S_0078_Wat,429.1192381
63,Sample_S19S_0078_Wat,429.1402424
28,Sample_S19S_0078_Wat,429.1555582
32,Sample_S19S_0078_Wat,429.1685491
25,Sample_S19S_0078_Wat,429.1765924
39,Sample_S19S_0078_Wat,429.1919036
10,Sample_S19S_0078_Wat,430.0780537
31,Sample_S19S_0078_Wat,430.0991542
63,Sample_S19S_0078_Wat,430.1143962
5,Sample_S19S_0078_Wat,430.1273505
44,Sample_S19S_0078_Wat,430.1354817
25,Sample_S19S_0078_Wat,431.0256563
8,Sample_S19S_0078_Wat,431.0386601
14,Sample_S19S_0078_Wat,431.04681
71,Sample_S19S_0078_Wat,431.0620177
48,Sample_S19S_0078_Wat,431.083125
77,Sample_S19S_0078_Wat,431.098388
21,Sample_S19S_0078_Wat,431.1113826
27,Sample_S19S_0078_Wat,431.1194411
32,Sample_S19S_0078_Wat,431.1347291
28,Sample_S19S_0078_Wat,431.1477957
24,Sample_S19S_0078_Wat,431.1558407
35,Sample_S19S_0078_Wat,431.1711879
20,Sample_S19S_0078_Wat,431.2076023
8,Sample_S19S_0078_Wat,431.2206124
9,Sample_S19S_0078_Wat,432.0573233
20,Sample_S19S_0078_Wat,432.078404
72,Sample_S19S_0078_Wat,432.093661
2,Sample_S19S_0078_Wat,432.1876103
51,Sample_S19S_0078_Wat,433.0412948
5,Sample_S19S_0078_Wat,433.0543356
27,Sample_S19S_0078_Wat,433.0624271
78,Sample_S19S_0078_Wat,433.077665
20,Sample_S19S_0078_Wat,433.0906617
17,Sample_S19S_0078_Wat,433.0986887
28,Sample_S19S_0078_Wat,433.1139658
8,Sample_S19S_0078_Wat,433.1269982
33,Sample_S19S_0078_Wat,433.1503758
32,Sample_S19S_0078_Wat,433.1634586
39,Sample_S19S_0078_Wat,433.1868494
15,Sample_S19S_0078_Wat,433.1998888
29,Sample_S19S_0078_Wat,433.223189
11,Sample_S19S_0078_Wat,434.072975
16,Sample_S19S_0078_Wat,434.1093421
16,Sample_S19S_0078_Wat,435.0204588
50,Sample_S19S_0078_Wat,435.0569041
18,Sample_S19S_0078_Wat,435.0698968
79,Sample_S19S_0078_Wat,435.093324
18,Sample_S19S_0078_Wat,435.1062764
33,Sample_S19S_0078_Wat,435.1296329
6,Sample_S19S_0078_Wat,435.1426364
1,Sample_S19S_0078_Wat,435.160379
28,Sample_S19S_0078_Wat,435.1659973
17,Sample_S19S_0078_Wat,435.1790631
51,Sample_S19S_0078_Wat,435.2024665
8,Sample_S19S_0078_Wat,435.238903
20,Sample_S19S_0078_Wat,436.0521427
22,Sample_S19S_0078_Wat,436.0886111
4,Sample_S19S_0078_Wat,436.1250197
41,Sample_S19S_0078_Wat,437.0361523
29,Sample_S19S_0078_Wat,437.072483
7,Sample_S19S_0078_Wat,437.1009114
30,Sample_S19S_0078_Wat,437.1088959
3,Sample_S19S_0078_Wat,437.1219003
60,Sample_S19S_0078_Wat,437.1453651
20,Sample_S19S_0078_Wat,437.158378
2,Sample_S19S_0078_Wat,437.1737814
51,Sample_S19S_0078_Wat,437.1817485
13,Sample_S19S_0078_Wat,437.2100538
11,Sample_S19S_0078_Wat,437.2180272
17,Sample_S19S_0078_Wat,438.0678822
65,Sample_S19S_0078_Wat,438.1405683
14,Sample_S19S_0078_Wat,439.0153758
20,Sample_S19S_0078_Wat,439.051737
71,Sample_S19S_0078_Wat,439.0882098
82,Sample_S19S_0078_Wat,439.1246064
20,Sample_S19S_0078_Wat,439.1529344
35,Sample_S19S_0078_Wat,439.1609425
25,Sample_S19S_0078_Wat,439.1892886
20,Sample_S19S_0078_Wat,439.1973056
15,Sample_S19S_0078_Wat,439.2256709
42,Sample_S19S_0078_Wat,440.0834468
32,Sample_S19S_0078_Wat,440.1198163
20,Sample_S19S_0078_Wat,441.0310268
11,Sample_S19S_0078_Wat,441.0462365
8,Sample_S19S_0078_Wat,441.0593601
37,Sample_S19S_0078_Wat,441.0674409
40,Sample_S19S_0078_Wat,441.0827166
37,Sample_S19S_0078_Wat,441.1039049
54,Sample_S19S_0078_Wat,441.1402285
14,Sample_S19S_0078_Wat,441.1554489
18,Sample_S19S_0078_Wat,441.168514
23,Sample_S19S_0078_Wat,441.1765589
2,Sample_S19S_0078_Wat,441.1895875
16,Sample_S19S_0078_Wat,441.2049192
13,Sample_S19S_0078_Wat,441.2129575
13,Sample_S19S_0078_Wat,442.0990637
19,Sample_S19S_0078_Wat,442.135461
17,Sample_S19S_0078_Wat,443.0255061
7,Sample_S19S_0078_Wat,443.0385296
23,Sample_S19S_0078_Wat,443.0466588
16,Sample_S19S_0078_Wat,443.061884
16,Sample_S19S_0078_Wat,443.0749837
37,Sample_S19S_0078_Wat,443.0830557
41,Sample_S19S_0078_Wat,443.0984287
21,Sample_S19S_0078_Wat,443.1114516
63,Sample_S19S_0078_Wat,443.119518
6,Sample_S19S_0078_Wat,443.1348538
26,Sample_S19S_0078_Wat,443.1478565
56,Sample_S19S_0078_Wat,443.1558944
28,Sample_S19S_0078_Wat,443.1711201
25,Sample_S19S_0078_Wat,443.1841796
17,Sample_S19S_0078_Wat,443.1922057
11,Sample_S19S_0078_Wat,443.2205255
43,Sample_S19S_0078_Wat,444.0572726
19,Sample_S19S_0078_Wat,444.093696
24,Sample_S19S_0078_Wat,445.0260024
42,Sample_S19S_0078_Wat,445.0412697
9,Sample_S19S_0078_Wat,445.054308
44,Sample_S19S_0078_Wat,445.0623769
38,Sample_S19S_0078_Wat,445.0776178
14,Sample_S19S_0078_Wat,445.0986624
3,Sample_S19S_0078_Wat,445.1083593
18,Sample_S19S_0078_Wat,445.1139537
21,Sample_S19S_0078_Wat,445.127011
13,Sample_S19S_0078_Wat,445.1350548
36,Sample_S19S_0078_Wat,445.1503907
35,Sample_S19S_0078_Wat,445.1634705
44,Sample_S19S_0078_Wat,445.1715289
42,Sample_S19S_0078_Wat,445.1868428
33,Sample_S19S_0078_Wat,445.223207
15,Sample_S19S_0078_Wat,446.0728598
2,Sample_S19S_0078_Wat,446.0939418
47,Sample_S19S_0078_Wat,446.1092739
16,Sample_S19S_0078_Wat,447.0204695
5,Sample_S19S_0078_Wat,447.0415023
9,Sample_S19S_0078_Wat,447.056785
7,Sample_S19S_0078_Wat,447.0698296
8,Sample_S19S_0078_Wat,447.0779114
18,Sample_S19S_0078_Wat,447.09323
18,Sample_S19S_0078_Wat,447.114388
81,Sample_S19S_0078_Wat,447.1297048
33,Sample_S19S_0078_Wat,447.1427418
72,Sample_S19S_0078_Wat,447.1660641
29,Sample_S19S_0078_Wat,447.179104
17,Sample_S19S_0078_Wat,447.2023724
5,Sample_S19S_0078_Wat,447.2154152
19,Sample_S19S_0078_Wat,447.2388005
7,Sample_S19S_0078_Wat,448.0520882
62,Sample_S19S_0078_Wat,448.088573
16,Sample_S19S_0078_Wat,448.1096972
19,Sample_S19S_0078_Wat,449.0360637
3,Sample_S19S_0078_Wat,449.0491393
26,Sample_S19S_0078_Wat,449.0724952
18,Sample_S19S_0078_Wat,449.0855556
97,Sample_S19S_0078_Wat,449.1089599
18,Sample_S19S_0078_Wat,449.1219859
83,Sample_S19S_0078_Wat,449.1453221
27,Sample_S19S_0078_Wat,449.1583358
26,Sample_S19S_0078_Wat,449.1816462
4,Sample_S19S_0078_Wat,449.1946593
13,Sample_S19S_0078_Wat,449.2180299
12,Sample_S19S_0078_Wat,451.0153576
20,Sample_S19S_0078_Wat,451.0517204
1,Sample_S19S_0078_Wat,451.0647647
37,Sample_S19S_0078_Wat,451.0881744
7,Sample_S19S_0078_Wat,451.1011798
63,Sample_S19S_0078_Wat,451.124616
20,Sample_S19S_0078_Wat,451.1376081
1,Sample_S19S_0078_Wat,451.1530256
37,Sample_S19S_0078_Wat,451.1609528
10,Sample_S19S_0078_Wat,451.1739524
13,Sample_S19S_0078_Wat,451.189303
8,Sample_S19S_0078_Wat,451.1972791
14,Sample_S19S_0078_Wat,451.2336787
4,Sample_S19S_0078_Wat,452.0469724
42,Sample_S19S_0078_Wat,452.0834394
15,Sample_S19S_0078_Wat,452.1199139
27,Sample_S19S_0078_Wat,453.0310814
27,Sample_S19S_0078_Wat,453.0673983
11,Sample_S19S_0078_Wat,453.0957146
17,Sample_S19S_0078_Wat,453.1037558
18,Sample_S19S_0078_Wat,453.1321972
44,Sample_S19S_0078_Wat,453.140211
9,Sample_S19S_0078_Wat,453.1532352
5,Sample_S19S_0078_Wat,453.1686448
62,Sample_S19S_0078_Wat,453.1766436
19,Sample_S19S_0078_Wat,453.2049759
9,Sample_S19S_0078_Wat,453.2412767
28,Sample_S19S_0078_Wat,454.0627542
44,Sample_S19S_0078_Wat,455.0467468
48,Sample_S19S_0078_Wat,455.0620251
13,Sample_S19S_0078_Wat,455.0750667
52,Sample_S19S_0078_Wat,455.0831528
44,Sample_S19S_0078_Wat,455.0984121
19,Sample_S19S_0078_Wat,455.111472
38,Sample_S19S_0078_Wat,455.1194736
10,Sample_S19S_0078_Wat,455.1346803
23,Sample_S19S_0078_Wat,455.14777
14,Sample_S19S_0078_Wat,455.1558023
18,Sample_S19S_0078_Wat,455.1841535
15,Sample_S19S_0078_Wat,455.1921775
22,Sample_S19S_0078_Wat,455.2205892
9,Sample_S19S_0078_Wat,457.0260917
38,Sample_S19S_0078_Wat,457.0412916
13,Sample_S19S_0078_Wat,457.0542979
43,Sample_S19S_0078_Wat,457.0624071
18,Sample_S19S_0078_Wat,457.0776174
14,Sample_S19S_0078_Wat,457.0906483
21,Sample_S19S_0078_Wat,457.0986905
24,Sample_S19S_0078_Wat,457.1139922
14,Sample_S19S_0078_Wat,457.1270095
20,Sample_S19S_0078_Wat,457.1350642
2,Sample_S19S_0078_Wat,457.1447412
19,Sample_S19S_0078_Wat,457.150377
25,Sample_S19S_0078_Wat,457.1634444
28,Sample_S19S_0078_Wat,457.1715231
51,Sample_S19S_0078_Wat,457.1868094
22,Sample_S19S_0078_Wat,457.1998933
35,Sample_S19S_0078_Wat,457.2079257
15,Sample_S19S_0078_Wat,457.2362399
25,Sample_S19S_0078_Wat,459.0205561
11,Sample_S19S_0078_Wat,459.033569
25,Sample_S19S_0078_Wat,459.0416602
23,Sample_S19S_0078_Wat,459.0568713
11,Sample_S19S_0078_Wat,459.069913
27,Sample_S19S_0078_Wat,459.0779746
1,Sample_S19S_0078_Wat,459.0875624
20,Sample_S19S_0078_Wat,459.0932353
20,Sample_S19S_0078_Wat,459.1062882
27,Sample_S19S_0078_Wat,459.1143457
57,Sample_S19S_0078_Wat,459.1296693
33,Sample_S19S_0078_Wat,459.142719
37,Sample_S19S_0078_Wat,459.1508169
43,Sample_S19S_0078_Wat,459.1661042
33,Sample_S19S_0078_Wat,459.1872169
25,Sample_S19S_0078_Wat,459.2025048
12,Sample_S19S_0078_Wat,459.2155229
11,Sample_S19S_0078_Wat,459.2387931
5,Sample_S19S_0078_Wat,460.0521036
49,Sample_S19S_0078_Wat,460.0885829
36,Sample_S19S_0078_Wat,461.036196
6,Sample_S19S_0078_Wat,461.0492316
27,Sample_S19S_0078_Wat,461.0572822
27,Sample_S19S_0078_Wat,461.0725007
15,Sample_S19S_0078_Wat,461.0855391
8,Sample_S19S_0078_Wat,461.0935699
12,Sample_S19S_0078_Wat,461.1088271
4,Sample_S19S_0078_Wat,461.1218899
12,Sample_S19S_0078_Wat,461.1299458
4,Sample_S19S_0078_Wat,461.1396751
22,Sample_S19S_0078_Wat,461.1452647
26,Sample_S19S_0078_Wat,461.1583343
40,Sample_S19S_0078_Wat,461.1817537
17,Sample_S19S_0078_Wat,461.1948089
29,Sample_S19S_0078_Wat,461.218132
23,Sample_S19S_0078_Wat,461.2311454
30,Sample_S19S_0078_Wat,462.067799
9,Sample_S19S_0078_Wat,463.015396
45,Sample_S19S_0078_Wat,463.0518315
5,Sample_S19S_0078_Wat,463.064914
49,Sample_S19S_0078_Wat,463.0881954
17,Sample_S19S_0078_Wat,463.124491
4,Sample_S19S_0078_Wat,463.1375144
9,Sample_S19S_0078_Wat,463.1608564
10,Sample_S19S_0078_Wat,463.1739081
21,Sample_S19S_0078_Wat,463.1972938
17,Sample_S19S_0078_Wat,463.210366
31,Sample_S19S_0078_Wat,463.2337601
24,Sample_S19S_0078_Wat,464.1198095
17,Sample_S19S_0078_Wat,465.0310055
15,Sample_S19S_0078_Wat,465.06738
1,Sample_S19S_0078_Wat,465.0804256
34,Sample_S19S_0078_Wat,465.1038259
20,Sample_S19S_0078_Wat,465.1168704
27,Sample_S19S_0078_Wat,465.1532935
7,Sample_S19S_0078_Wat,465.1686035
62,Sample_S19S_0078_Wat,465.1766182
15,Sample_S19S_0078_Wat,465.2049695
15,Sample_S19S_0078_Wat,465.2129596
47,Sample_S19S_0078_Wat,466.1355201
1,Sample_S19S_0078_Wat,466.1435867
45,Sample_S19S_0078_Wat,467.0467531
22,Sample_S19S_0078_Wat,467.0620397
4,Sample_S19S_0078_Wat,467.0751037
55,Sample_S19S_0078_Wat,467.0831629
53,Sample_S19S_0078_Wat,467.1195422
27,Sample_S19S_0078_Wat,467.1478261
31,Sample_S19S_0078_Wat,467.1558326
24,Sample_S19S_0078_Wat,467.184209
9,Sample_S19S_0078_Wat,467.1921933
18,Sample_S19S_0078_Wat,467.220621
23,Sample_S19S_0078_Wat,467.2286363
26,Sample_S19S_0078_Wat,468.1147294
15,Sample_S19S_0078_Wat,469.0260039
27,Sample_S19S_0078_Wat,469.0412947
40,Sample_S19S_0078_Wat,469.062394
10,Sample_S19S_0078_Wat,469.0776006
15,Sample_S19S_0078_Wat,469.0906533
28,Sample_S19S_0078_Wat,469.0986993
10,Sample_S19S_0078_Wat,469.1139603
23,Sample_S19S_0078_Wat,469.1270251
17,Sample_S19S_0078_Wat,469.1350525
10,Sample_S19S_0078_Wat,469.1633964
27,Sample_S19S_0078_Wat,469.199861
22,Sample_S19S_0078_Wat,469.2078959
14,Sample_S19S_0078_Wat,469.2362772
19,Sample_S19S_0078_Wat,471.0205509
21,Sample_S19S_0078_Wat,471.0416901
39,Sample_S19S_0078_Wat,471.0569384
11,Sample_S19S_0078_Wat,471.069939
36,Sample_S19S_0078_Wat,471.0780166
20,Sample_S19S_0078_Wat,471.093255
16,Sample_S19S_0078_Wat,471.106291
8,Sample_S19S_0078_Wat,471.1295835
11,Sample_S19S_0078_Wat,471.1426129
13,Sample_S19S_0078_Wat,471.1506882
9,Sample_S19S_0078_Wat,471.16598
23,Sample_S19S_0078_Wat,471.1790652
20,Sample_S19S_0078_Wat,471.1871307
1,Sample_S19S_0078_Wat,471.1968006
13,Sample_S19S_0078_Wat,471.2024048
21,Sample_S19S_0078_Wat,471.2155389
17,Sample_S19S_0078_Wat,471.2235442
5,Sample_S19S_0078_Wat,471.2519375
3,Sample_S19S_0078_Wat,472.9996373
21,Sample_S19S_0078_Wat,473.0361823
11,Sample_S19S_0078_Wat,473.0573502
43,Sample_S19S_0078_Wat,473.0726032
39,Sample_S19S_0078_Wat,473.0937108
64,Sample_S19S_0078_Wat,473.1089772
25,Sample_S19S_0078_Wat,473.121993
22,Sample_S19S_0078_Wat,473.1300234
5,Sample_S19S_0078_Wat,473.139667
25,Sample_S19S_0078_Wat,473.1452829
12,Sample_S19S_0078_Wat,473.1582831
15,Sample_S19S_0078_Wat,473.1663521
2,Sample_S19S_0078_Wat,473.1760299
22,Sample_S19S_0078_Wat,473.1816622
13,Sample_S19S_0078_Wat,473.1946924
12,Sample_S19S_0078_Wat,473.2027392
30,Sample_S19S_0078_Wat,473.2180738
22,Sample_S19S_0078_Wat,473.2311386
27,Sample_S19S_0078_Wat,474.067818
3,Sample_S19S_0078_Wat,475.0152769
15,Sample_S19S_0078_Wat,475.0517049
12,Sample_S19S_0078_Wat,475.0648516
20,Sample_S19S_0078_Wat,475.0728791
30,Sample_S19S_0078_Wat,475.0881586
16,Sample_S19S_0078_Wat,475.1012806
18,Sample_S19S_0078_Wat,475.1092833
68,Sample_S19S_0078_Wat,475.1245966
29,Sample_S19S_0078_Wat,475.1376596
16,Sample_S19S_0078_Wat,475.1456774
66,Sample_S19S_0078_Wat,475.1609843
24,Sample_S19S_0078_Wat,475.1739813
13,Sample_S19S_0078_Wat,475.1973043
4,Sample_S19S_0078_Wat,475.2103074
4,Sample_S19S_0078_Wat,475.2336051
7,Sample_S19S_0078_Wat,476.0833408
28,Sample_S19S_0078_Wat,476.1198125
38,Sample_S19S_0078_Wat,477.0311319
51,Sample_S19S_0078_Wat,477.0674882
4,Sample_S19S_0078_Wat,477.0805777
9,Sample_S19S_0078_Wat,477.0885024
2,Sample_S19S_0078_Wat,477.0981716
21,Sample_S19S_0078_Wat,477.1037802
20,Sample_S19S_0078_Wat,477.1168599
1,Sample_S19S_0078_Wat,477.1344651
6,Sample_S19S_0078_Wat,477.1401075
10,Sample_S19S_0078_Wat,477.1531747
18,Sample_S19S_0078_Wat,477.1765167
7,Sample_S19S_0078_Wat,477.1895617
37,Sample_S19S_0078_Wat,477.2130039
11,Sample_S19S_0078_Wat,477.2493418
58,Sample_S19S_0078_Wat,478.0991507
6,Sample_S19S_0078_Wat,479.0466033
17,Sample_S19S_0078_Wat,479.0830028
13,Sample_S19S_0078_Wat,479.0961506
41,Sample_S19S_0078_Wat,479.1194663
22,Sample_S19S_0078_Wat,479.1325629
66,Sample_S19S_0078_Wat,479.1559168
11,Sample_S19S_0078_Wat,479.1689644
3,Sample_S19S_0078_Wat,479.1843315
51,Sample_S19S_0078_Wat,479.1923063
7,Sample_S19S_0078_Wat,479.2206471
15,Sample_S19S_0078_Wat,479.2286027
9,Sample_S19S_0078_Wat,480.151082
10,Sample_S19S_0078_Wat,481.025885
2,Sample_S19S_0078_Wat,481.0410867
23,Sample_S19S_0078_Wat,481.0623379
6,Sample_S19S_0078_Wat,481.077508
15,Sample_S19S_0078_Wat,481.0906559
52,Sample_S19S_0078_Wat,481.0987747
71,Sample_S19S_0078_Wat,481.1351677
18,Sample_S19S_0078_Wat,481.1634867
47,Sample_S19S_0078_Wat,481.1715313
22,Sample_S19S_0078_Wat,481.199847
20,Sample_S19S_0078_Wat,481.2078283
6,Sample_S19S_0078_Wat,481.2361059
5,Sample_S19S_0078_Wat,482.1302914
20,Sample_S19S_0078_Wat,483.0415833
16,Sample_S19S_0078_Wat,483.0568081
6,Sample_S19S_0078_Wat,483.0698136
31,Sample_S19S_0078_Wat,483.0780208
30,Sample_S19S_0078_Wat,483.0933003
8,Sample_S19S_0078_Wat,483.1064043
48,Sample_S19S_0078_Wat,483.1144642
23,Sample_S19S_0078_Wat,483.1297323
33,Sample_S19S_0078_Wat,483.1508531
18,Sample_S19S_0078_Wat,483.1660394
18,Sample_S19S_0078_Wat,483.1791639
29,Sample_S19S_0078_Wat,483.1871699
18,Sample_S19S_0078_Wat,483.2154832
13,Sample_S19S_0078_Wat,483.2234722
4,Sample_S19S_0078_Wat,483.2517613
11,Sample_S19S_0078_Wat,484.1459881
3,Sample_S19S_0078_Wat,485.0360155
12,Sample_S19S_0078_Wat,485.057196
3,Sample_S19S_0078_Wat,485.0668176
16,Sample_S19S_0078_Wat,485.0724465
12,Sample_S19S_0078_Wat,485.0855526
33,Sample_S19S_0078_Wat,485.0936172
45,Sample_S19S_0078_Wat,485.1089501
17,Sample_S19S_0078_Wat,485.1220307
46,Sample_S19S_0078_Wat,485.1300644
1,Sample_S19S_0078_Wat,485.139617
27,Sample_S19S_0078_Wat,485.1453846
19,Sample_S19S_0078_Wat,485.1584131
36,Sample_S19S_0078_Wat,485.1664901
3,Sample_S19S_0078_Wat,485.1760615
42,Sample_S19S_0078_Wat,485.181737
22,Sample_S19S_0078_Wat,485.1948096
1,Sample_S19S_0078_Wat,485.2123812
6,Sample_S19S_0078_Wat,485.2310607
11,Sample_S19S_0078_Wat,487.0154217
17,Sample_S19S_0078_Wat,487.0365498
20,Sample_S19S_0078_Wat,487.051792
10,Sample_S19S_0078_Wat,487.0648683
24,Sample_S19S_0078_Wat,487.072871
13,Sample_S19S_0078_Wat,487.088118
16,Sample_S19S_0078_Wat,487.1011949
11,Sample_S19S_0078_Wat,487.1092152
14,Sample_S19S_0078_Wat,487.1244947
19,Sample_S19S_0078_Wat,487.1375846
13,Sample_S19S_0078_Wat,487.1456408
1,Sample_S19S_0078_Wat,487.1552674
53,Sample_S19S_0078_Wat,487.1609704
23,Sample_S19S_0078_Wat,487.1740711
30,Sample_S19S_0078_Wat,487.18211
32,Sample_S19S_0078_Wat,487.1974177
7,Sample_S19S_0078_Wat,487.2104698
19,Sample_S19S_0078_Wat,487.2337958
9,Sample_S19S_0078_Wat,487.2468303
33,Sample_S19S_0078_Wat,488.0834359
12,Sample_S19S_0078_Wat,489.0310445
16,Sample_S19S_0078_Wat,489.0522438
49,Sample_S19S_0078_Wat,489.067487
24,Sample_S19S_0078_Wat,489.0886429
3,Sample_S19S_0078_Wat,489.0982045
32,Sample_S19S_0078_Wat,489.1039118
33,Sample_S19S_0078_Wat,489.1249814
28,Sample_S19S_0078_Wat,489.1402055
19,Sample_S19S_0078_Wat,489.1532671
12,Sample_S19S_0078_Wat,489.1612651
1,Sample_S19S_0078_Wat,489.1708695
10,Sample_S19S_0078_Wat,489.1765226
6,Sample_S19S_0078_Wat,489.1895365
8,Sample_S19S_0078_Wat,489.2128864
7,Sample_S19S_0078_Wat,489.2259164
6,Sample_S19S_0078_Wat,489.2492677
14,Sample_S19S_0078_Wat,490.0990621
3,Sample_S19S_0078_Wat,490.1201406
18,Sample_S19S_0078_Wat,491.0466906
14,Sample_S19S_0078_Wat,491.0677984
21,Sample_S19S_0078_Wat,491.0830123
13,Sample_S19S_0078_Wat,491.0961728
5,Sample_S19S_0078_Wat,491.1041079
10,Sample_S19S_0078_Wat,491.1193786
20,Sample_S19S_0078_Wat,491.1325378
26,Sample_S19S_0078_Wat,491.1558203
23,Sample_S19S_0078_Wat,491.1689084
50,Sample_S19S_0078_Wat,491.1922945
8,Sample_S19S_0078_Wat,491.2053832
9,Sample_S19S_0078_Wat,491.2287423
16,Sample_S19S_0078_Wat,491.2650776
39,Sample_S19S_0078_Wat,492.1147512
11,Sample_S19S_0078_Wat,493.0259042
15,Sample_S19S_0078_Wat,493.0622921
23,Sample_S19S_0078_Wat,493.098712
70,Sample_S19S_0078_Wat,493.1351653
2,Sample_S19S_0078_Wat,493.1636569
49,Sample_S19S_0078_Wat,493.1715856
4,Sample_S19S_0078_Wat,493.1999507
7,Sample_S19S_0078_Wat,493.2361897
12,Sample_S19S_0078_Wat,493.2442171
1,Sample_S19S_0078_Wat,494.0574822
17,Sample_S19S_0078_Wat,495.0415683
6,Sample_S19S_0078_Wat,495.0568418
40,Sample_S19S_0078_Wat,495.0780179
8,Sample_S19S_0078_Wat,495.0932012
3,Sample_S19S_0078_Wat,495.106406
47,Sample_S19S_0078_Wat,495.1144449
10,Sample_S19S_0078_Wat,495.1427989
57,Sample_S19S_0078_Wat,495.1507984
14,Sample_S19S_0078_Wat,495.1638346
23,Sample_S19S_0078_Wat,495.1791573
13,Sample_S19S_0078_Wat,495.2154488
3,Sample_S19S_0078_Wat,495.2517612
2,Sample_S19S_0078_Wat,496.1905351
4,Sample_S19S_0078_Wat,497.0207701
10,Sample_S19S_0078_Wat,497.036113
25,Sample_S19S_0078_Wat,497.0572968
32,Sample_S19S_0078_Wat,497.0725711
17,Sample_S19S_0078_Wat,497.0937782
34,Sample_S19S_0078_Wat,497.1089508
16,Sample_S19S_0078_Wat,497.1301476
20,Sample_S19S_0078_Wat,497.1453801
27,Sample_S19S_0078_Wat,497.1947705
7,Sample_S19S_0078_Wat,497.2310629
3,Sample_S19S_0078_Wat,497.2390455
1,Sample_S19S_0078_Wat,497.2673797
31,Sample_S19S_0078_Wat,498.0889479
11,Sample_S19S_0078_Wat,498.1253978
32,Sample_S19S_0078_Wat,498.1617513
3,Sample_S19S_0078_Wat,498.1698072
10,Sample_S19S_0078_Wat,499.036451
7,Sample_S19S_0078_Wat,499.0516924
4,Sample_S19S_0078_Wat,499.0647876
26,Sample_S19S_0078_Wat,499.0728848
12,Sample_S19S_0078_Wat,499.1012958
37,Sample_S19S_0078_Wat,499.1093112
49,Sample_S19S_0078_Wat,499.1246232
13,Sample_S19S_0078_Wat,499.1377212
49,Sample_S19S_0078_Wat,499.1457371
3,Sample_S19S_0078_Wat,499.1553132
12,Sample_S19S_0078_Wat,499.1610424
24,Sample_S19S_0078_Wat,499.1740741
27,Sample_S19S_0078_Wat,499.2104255
15,Sample_S19S_0078_Wat,499.2184243
7,Sample_S19S_0078_Wat,499.2466801
14,Sample_S19S_0078_Wat,501.0310269
12,Sample_S19S_0078_Wat,501.0521674
22,Sample_S19S_0078_Wat,501.0673678
16,Sample_S19S_0078_Wat,501.080502
16,Sample_S19S_0078_Wat,501.0885018
15,Sample_S19S_0078_Wat,501.1037301
15,Sample_S19S_0078_Wat,501.116864
6,Sample_S19S_0078_Wat,501.1248479
22,Sample_S19S_0078_Wat,501.1401768
35,Sample_S19S_0078_Wat,501.1532967
19,Sample_S19S_0078_Wat,501.1612956
46,Sample_S19S_0078_Wat,501.1766253
31,Sample_S19S_0078_Wat,501.1896846
29,Sample_S19S_0078_Wat,501.2130646
21,Sample_S19S_0078_Wat,501.2494293
15,Sample_S19S_0078_Wat,503.0468089
6,Sample_S19S_0078_Wat,503.0679918
6,Sample_S19S_0078_Wat,503.0832459
19,Sample_S19S_0078_Wat,503.1042984
60,Sample_S19S_0078_Wat,503.1195309
7,Sample_S19S_0078_Wat,503.1326318
17,Sample_S19S_0078_Wat,503.1405906
2,Sample_S19S_0078_Wat,503.1502092
25,Sample_S19S_0078_Wat,503.1558462
15,Sample_S19S_0078_Wat,503.1921795
5,Sample_S19S_0078_Wat,503.2051842
17,Sample_S19S_0078_Wat,503.2285615
10,Sample_S19S_0078_Wat,505.0259469
11,Sample_S19S_0078_Wat,505.0622503
9,Sample_S19S_0078_Wat,505.0754693
8,Sample_S19S_0078_Wat,505.0833896
20,Sample_S19S_0078_Wat,505.098662
10,Sample_S19S_0078_Wat,505.1118569
19,Sample_S19S_0078_Wat,505.1350781
5,Sample_S19S_0078_Wat,505.1482794
64,Sample_S19S_0078_Wat,505.1715425
15,Sample_S19S_0078_Wat,505.1846129
32,Sample_S19S_0078_Wat,505.2079802
28,Sample_S19S_0078_Wat,505.2443315
19,Sample_S19S_0078_Wat,506.0576414
16,Sample_S19S_0078_Wat,507.0415912
33,Sample_S19S_0078_Wat,507.0780238
50,Sample_S19S_0078_Wat,507.1144464
62,Sample_S19S_0078_Wat,507.1508255
6,Sample_S19S_0078_Wat,507.179192
11,Sample_S19S_0078_Wat,507.2154676
5,Sample_S19S_0078_Wat,507.251798
6,Sample_S19S_0078_Wat,507.2598181
7,Sample_S19S_0078_Wat,509.0209945
19,Sample_S19S_0078_Wat,509.0573918
13,Sample_S19S_0078_Wat,509.0726169
42,Sample_S19S_0078_Wat,509.0937287
8,Sample_S19S_0078_Wat,509.1088534
11,Sample_S19S_0078_Wat,509.1219812
44,Sample_S19S_0078_Wat,509.1300451
11,Sample_S19S_0078_Wat,509.1583575
14,Sample_S19S_0078_Wat,509.1947371
13,Sample_S19S_0078_Wat,509.2311267
6,Sample_S19S_0078_Wat,509.2391011
10,Sample_S19S_0078_Wat,509.2675212
13,Sample_S19S_0078_Wat,510.0888729
10,Sample_S19S_0078_Wat,511.0366348
16,Sample_S19S_0078_Wat,511.0518749
41,Sample_S19S_0078_Wat,511.0729714
11,Sample_S19S_0078_Wat,511.0881435
16,Sample_S19S_0078_Wat,511.1012674
30,Sample_S19S_0078_Wat,511.1092846
1,Sample_S19S_0078_Wat,511.1244303
3,Sample_S19S_0078_Wat,511.1375472
2,Sample_S19S_0078_Wat,511.1455592
10,Sample_S19S_0078_Wat,511.1739404
18,Sample_S19S_0078_Wat,511.2103696
10,Sample_S19S_0078_Wat,511.2183807
19,Sample_S19S_0078_Wat,511.2467945
1,Sample_S19S_0078_Wat,512.1854652
9,Sample_S19S_0078_Wat,513.0311674
13,Sample_S19S_0078_Wat,513.0522762
28,Sample_S19S_0078_Wat,513.0674942
8,Sample_S19S_0078_Wat,513.0804898
27,Sample_S19S_0078_Wat,513.0885835
22,Sample_S19S_0078_Wat,513.1169162
19,Sample_S19S_0078_Wat,513.1248843
1,Sample_S19S_0078_Wat,513.1344354
8,Sample_S19S_0078_Wat,513.1401059
6,Sample_S19S_0078_Wat,513.1531789
5,Sample_S19S_0078_Wat,513.1612236
4,Sample_S19S_0078_Wat,513.1764786
12,Sample_S19S_0078_Wat,513.1895585
7,Sample_S19S_0078_Wat,513.2623964
13,Sample_S19S_0078_Wat,515.0467951
15,Sample_S19S_0078_Wat,515.0679477
41,Sample_S19S_0078_Wat,515.083157
29,Sample_S19S_0078_Wat,515.1042917
40,Sample_S19S_0078_Wat,515.1194964
8,Sample_S19S_0078_Wat,515.1326297
22,Sample_S19S_0078_Wat,515.1405768
1,Sample_S19S_0078_Wat,515.1500928
14,Sample_S19S_0078_Wat,515.155816
15,Sample_S19S_0078_Wat,515.1688778
10,Sample_S19S_0078_Wat,515.1768835
1,Sample_S19S_0078_Wat,515.1864986
9,Sample_S19S_0078_Wat,515.1921599
12,Sample_S19S_0078_Wat,515.2052029
4,Sample_S19S_0078_Wat,515.2416147
9,Sample_S19S_0078_Wat,517.0258857
33,Sample_S19S_0078_Wat,517.0624113
13,Sample_S19S_0078_Wat,517.0835974
14,Sample_S19S_0078_Wat,517.098859
10,Sample_S19S_0078_Wat,517.1199999
9,Sample_S19S_0078_Wat,517.1352552
14,Sample_S19S_0078_Wat,517.171616
18,Sample_S19S_0078_Wat,517.1846401
42,Sample_S19S_0078_Wat,517.2079237
9,Sample_S19S_0078_Wat,517.2208996
11,Sample_S19S_0078_Wat,517.2442337
20,Sample_S19S_0078_Wat,518.0939924
9,Sample_S19S_0078_Wat,519.041577
3,Sample_S19S_0078_Wat,519.0626692
16,Sample_S19S_0078_Wat,519.0779454
4,Sample_S19S_0078_Wat,519.0911551
10,Sample_S19S_0078_Wat,519.0990767
15,Sample_S19S_0078_Wat,519.1143103
28,Sample_S19S_0078_Wat,519.1507584
4,Sample_S19S_0078_Wat,519.1639413
54,Sample_S19S_0078_Wat,519.1872205
20,Sample_S19S_0078_Wat,519.2002386
18,Sample_S19S_0078_Wat,519.2236508
9,Sample_S19S_0078_Wat,521.020886
27,Sample_S19S_0078_Wat,521.0573462
33,Sample_S19S_0078_Wat,521.0937324
49,Sample_S19S_0078_Wat,521.1301011
28,Sample_S19S_0078_Wat,521.1663968
3,Sample_S19S_0078_Wat,521.1946636
12,Sample_S19S_0078_Wat,521.2027235
8,Sample_S19S_0078_Wat,521.2390738
6,Sample_S19S_0078_Wat,522.0888396
1,Sample_S19S_0078_Wat,522.1251732
18,Sample_S19S_0078_Wat,523.0365285
13,Sample_S19S_0078_Wat,523.0728235
6,Sample_S19S_0078_Wat,523.1091901
14,Sample_S19S_0078_Wat,523.1456062
22,Sample_S19S_0078_Wat,523.1820717
24,Sample_S19S_0078_Wat,523.2104573
11,Sample_S19S_0078_Wat,523.2468227
4,Sample_S19S_0078_Wat,525.0309309
11,Sample_S19S_0078_Wat,525.0521307
19,Sample_S19S_0078_Wat,525.0674542
26,Sample_S19S_0078_Wat,525.0885729
24,Sample_S19S_0078_Wat,525.1038625
2,Sample_S19S_0078_Wat,525.1169923
36,Sample_S19S_0078_Wat,525.1250197
12,Sample_S19S_0078_Wat,525.1403116
38,Sample_S19S_0078_Wat,525.1614051
12,Sample_S19S_0078_Wat,525.2340332
13,Sample_S19S_0078_Wat,527.0315131
14,Sample_S19S_0078_Wat,527.0467883
18,Sample_S19S_0078_Wat,527.0679337
13,Sample_S19S_0078_Wat,527.0832056
12,Sample_S19S_0078_Wat,527.1043114
17,Sample_S19S_0078_Wat,527.119585
39,Sample_S19S_0078_Wat,527.1406475
35,Sample_S19S_0078_Wat,527.1558917
22,Sample_S19S_0078_Wat,527.1689685
29,Sample_S19S_0078_Wat,527.1769645
7,Sample_S19S_0078_Wat,527.1922169
22,Sample_S19S_0078_Wat,527.2052882
8,Sample_S19S_0078_Wat,527.2132606
6,Sample_S19S_0078_Wat,527.2415754
25,Sample_S19S_0078_Wat,528.135922
4,Sample_S19S_0078_Wat,529.0260908
9,Sample_S19S_0078_Wat,529.047257
16,Sample_S19S_0078_Wat,529.0624704
10,Sample_S19S_0078_Wat,529.0836238
20,Sample_S19S_0078_Wat,529.0988481
21,Sample_S19S_0078_Wat,529.119899
40,Sample_S19S_0078_Wat,529.1351825
12,Sample_S19S_0078_Wat,529.1482589
21,Sample_S19S_0078_Wat,529.1562352
15,Sample_S19S_0078_Wat,529.1714748
23,Sample_S19S_0078_Wat,529.184567
9,Sample_S19S_0078_Wat,529.1925822
10,Sample_S19S_0078_Wat,529.2078283
6,Sample_S19S_0078_Wat,529.2208396
10,Sample_S19S_0078_Wat,529.2573138
8,Sample_S19S_0078_Wat,531.0417642
10,Sample_S19S_0078_Wat,531.0629135
7,Sample_S19S_0078_Wat,531.0781475
14,Sample_S19S_0078_Wat,531.0992322
18,Sample_S19S_0078_Wat,531.1144803
24,Sample_S19S_0078_Wat,531.1355514
29,Sample_S19S_0078_Wat,531.1507766
17,Sample_S19S_0078_Wat,531.1638843
14,Sample_S19S_0078_Wat,531.1871077
12,Sample_S19S_0078_Wat,531.2001725
21,Sample_S19S_0078_Wat,531.2234777
3,Sample_S19S_0078_Wat,531.236471
5,Sample_S19S_0078_Wat,531.2598778
10,Sample_S19S_0078_Wat,533.0574115
17,Sample_S19S_0078_Wat,533.0937827
30,Sample_S19S_0078_Wat,533.1301236
56,Sample_S19S_0078_Wat,533.166456
17,Sample_S19S_0078_Wat,533.1795306
16,Sample_S19S_0078_Wat,533.2027587
6,Sample_S19S_0078_Wat,533.2390944
1,Sample_S19S_0078_Wat,533.275424
14,Sample_S19S_0078_Wat,535.0365569
22,Sample_S19S_0078_Wat,535.0730261
17,Sample_S19S_0078_Wat,535.1094222
12,Sample_S19S_0078_Wat,535.1458132
21,Sample_S19S_0078_Wat,535.1821751
13,Sample_S19S_0078_Wat,535.2547783
8,Sample_S19S_0078_Wat,537.0520931
18,Sample_S19S_0078_Wat,537.0884904
34,Sample_S19S_0078_Wat,537.1249315
16,Sample_S19S_0078_Wat,537.1533456
43,Sample_S19S_0078_Wat,537.161382
7,Sample_S19S_0078_Wat,537.1897464
19,Sample_S19S_0078_Wat,537.1978101
5,Sample_S19S_0078_Wat,537.2261348
9,Sample_S19S_0078_Wat,537.2342192
11,Sample_S19S_0078_Wat,537.2624882
11,Sample_S19S_0078_Wat,539.0315044
18,Sample_S19S_0078_Wat,539.0679143
22,Sample_S19S_0078_Wat,539.1042196
24,Sample_S19S_0078_Wat,539.1195331
12,Sample_S19S_0078_Wat,539.1325679
28,Sample_S19S_0078_Wat,539.1405618
8,Sample_S19S_0078_Wat,539.1688297
6,Sample_S19S_0078_Wat,539.1768779
6,Sample_S19S_0078_Wat,539.2051955
2,Sample_S19S_0078_Wat,539.2132409
5,Sample_S19S_0078_Wat,539.2416063
2,Sample_S19S_0078_Wat,539.2779882
9,Sample_S19S_0078_Wat,541.0470414
22,Sample_S19S_0078_Wat,541.0623672
24,Sample_S19S_0078_Wat,541.0834882
31,Sample_S19S_0078_Wat,541.0988161
28,Sample_S19S_0078_Wat,541.1199147
10,Sample_S19S_0078_Wat,541.1352769
16,Sample_S19S_0078_Wat,541.1563515
8,Sample_S19S_0078_Wat,541.1716527
5,Sample_S19S_0078_Wat,541.1927684
22,Sample_S19S_0078_Wat,541.2290565
10,Sample_S19S_0078_Wat,541.2573331
5,Sample_S19S_0078_Wat,543.0418148
10,Sample_S19S_0078_Wat,543.0629181
14,Sample_S19S_0078_Wat,543.0781158
24,Sample_S19S_0078_Wat,543.09918
30,Sample_S19S_0078_Wat,543.1144211
21,Sample_S19S_0078_Wat,543.1355017
28,Sample_S19S_0078_Wat,543.1507543
16,Sample_S19S_0078_Wat,543.1638009
13,Sample_S19S_0078_Wat,543.1718262
8,Sample_S19S_0078_Wat,543.1870791
10,Sample_S19S_0078_Wat,543.2001267
6,Sample_S19S_0078_Wat,543.236535
13,Sample_S19S_0078_Wat,545.0571838
9,Sample_S19S_0078_Wat,545.0783592
11,Sample_S19S_0078_Wat,545.0935509
17,Sample_S19S_0078_Wat,545.1299664
23,Sample_S19S_0078_Wat,545.1511507
29,Sample_S19S_0078_Wat,545.1664409
4,Sample_S19S_0078_Wat,545.1795929
32,Sample_S19S_0078_Wat,545.2028931
14,Sample_S19S_0078_Wat,545.2159419
4,Sample_S19S_0078_Wat,545.2393178
11,Sample_S19S_0078_Wat,547.0364584
16,Sample_S19S_0078_Wat,547.0729547
5,Sample_S19S_0078_Wat,547.0941431
17,Sample_S19S_0078_Wat,547.109415
16,Sample_S19S_0078_Wat,547.145805
8,Sample_S19S_0078_Wat,547.1822164
16,Sample_S19S_0078_Wat,547.2185618
22,Sample_S19S_0078_Wat,547.2548518
15,Sample_S19S_0078_Wat,549.0523077
12,Sample_S19S_0078_Wat,549.0887119
15,Sample_S19S_0078_Wat,549.1250923
18,Sample_S19S_0078_Wat,549.1614413
13,Sample_S19S_0078_Wat,549.1896683
38,Sample_S19S_0078_Wat,549.1977663
13,Sample_S19S_0078_Wat,549.2340464
5,Sample_S19S_0078_Wat,549.2623662
5,Sample_S19S_0078_Wat,551.0316023
18,Sample_S19S_0078_Wat,551.0679996
18,Sample_S19S_0078_Wat,551.10435
26,Sample_S19S_0078_Wat,551.140683
15,Sample_S19S_0078_Wat,551.1689448
23,Sample_S19S_0078_Wat,551.1769906
16,Sample_S19S_0078_Wat,551.2133063
4,Sample_S19S_0078_Wat,551.2496307
13,Sample_S19S_0078_Wat,553.0472596
1,Sample_S19S_0078_Wat,553.0626357
10,Sample_S19S_0078_Wat,553.0836572
7,Sample_S19S_0078_Wat,553.0988926
21,Sample_S19S_0078_Wat,553.1199748
3,Sample_S19S_0078_Wat,553.1483118
46,Sample_S19S_0078_Wat,553.1562956
6,Sample_S19S_0078_Wat,553.1716546
21,Sample_S19S_0078_Wat,553.1925971
3,Sample_S19S_0078_Wat,553.2288832
5,Sample_S19S_0078_Wat,555.0417548
12,Sample_S19S_0078_Wat,555.0629131
9,Sample_S19S_0078_Wat,555.0781485
5,Sample_S19S_0078_Wat,555.0993123
3,Sample_S19S_0078_Wat,555.1145859
6,Sample_S19S_0078_Wat,555.1356619
10,Sample_S19S_0078_Wat,555.1509252
1,Sample_S19S_0078_Wat,555.1639967
14,Sample_S19S_0078_Wat,555.1720029
21,Sample_S19S_0078_Wat,555.2082923
10,Sample_S19S_0078_Wat,555.2365023
4,Sample_S19S_0078_Wat,555.2728474
12,Sample_S19S_0078_Wat,557.0572783
9,Sample_S19S_0078_Wat,557.0785258
23,Sample_S19S_0078_Wat,557.0937315
18,Sample_S19S_0078_Wat,557.1149049
2,Sample_S19S_0078_Wat,557.1302225
4,Sample_S19S_0078_Wat,557.1513467
1,Sample_S19S_0078_Wat,557.1797008
3,Sample_S19S_0078_Wat,557.1877224
6,Sample_S19S_0078_Wat,557.2029722
10,Sample_S19S_0078_Wat,557.2522397
1,Sample_S19S_0078_Wat,559.0362955
1,Sample_S19S_0078_Wat,559.0727284
12,Sample_S19S_0078_Wat,559.1092427
26,Sample_S19S_0078_Wat,559.1456819
14,Sample_S19S_0078_Wat,559.1951961
19,Sample_S19S_0078_Wat,559.2185569
3,Sample_S19S_0078_Wat,559.2316115
15,Sample_S19S_0078_Wat,559.2549341
19,Sample_S19S_0078_Wat,561.0522506
24,Sample_S19S_0078_Wat,561.0885432
9,Sample_S19S_0078_Wat,561.1248442
17,Sample_S19S_0078_Wat,561.1380479
3,Sample_S19S_0078_Wat,561.1611805
1,Sample_S19S_0078_Wat,561.1975534
8,Sample_S19S_0078_Wat,561.2339983
27,Sample_S19S_0078_Wat,563.0679011
11,Sample_S19S_0078_Wat,563.1043787
8,Sample_S19S_0078_Wat,563.140767
9,Sample_S19S_0078_Wat,563.1771352
22,Sample_S19S_0078_Wat,563.2134586
19,Sample_S19S_0078_Wat,563.2497644
20,Sample_S19S_0078_Wat,563.28616
10,Sample_S19S_0078_Wat,565.0470587
11,Sample_S19S_0078_Wat,565.0833841
3,Sample_S19S_0078_Wat,565.1561141
15,Sample_S19S_0078_Wat,565.2290122
8,Sample_S19S_0078_Wat,565.2573399
13,Sample_S19S_0078_Wat,567.0628477
17,Sample_S19S_0078_Wat,567.0992538
4,Sample_S19S_0078_Wat,567.1146187
9,Sample_S19S_0078_Wat,567.1356587
15,Sample_S19S_0078_Wat,567.2083955
13,Sample_S19S_0078_Wat,567.2366591
5,Sample_S19S_0078_Wat,569.0573971
17,Sample_S19S_0078_Wat,569.0784551
9,Sample_S19S_0078_Wat,569.0937538
16,Sample_S19S_0078_Wat,569.1147778
6,Sample_S19S_0078_Wat,569.1299391
9,Sample_S19S_0078_Wat,569.1510794
9,Sample_S19S_0078_Wat,569.17943
1,Sample_S19S_0078_Wat,569.1874013
4,Sample_S19S_0078_Wat,569.2157305
7,Sample_S19S_0078_Wat,569.2603907
3,Sample_S19S_0078_Wat,571.0575531
7,Sample_S19S_0078_Wat,571.0727742
1,Sample_S19S_0078_Wat,571.0939164
22,Sample_S19S_0078_Wat,571.1303995
29,Sample_S19S_0078_Wat,571.1457131
6,Sample_S19S_0078_Wat,571.1588445
29,Sample_S19S_0078_Wat,571.1821369
6,Sample_S19S_0078_Wat,571.1952621
9,Sample_S19S_0078_Wat,571.2185728
14,Sample_S19S_0078_Wat,573.0521883
12,Sample_S19S_0078_Wat,573.073421
24,Sample_S19S_0078_Wat,573.0886509
16,Sample_S19S_0078_Wat,573.1250609
13,Sample_S19S_0078_Wat,573.1461913
9,Sample_S19S_0078_Wat,573.1615077
8,Sample_S19S_0078_Wat,573.1978706
4,Sample_S19S_0078_Wat,573.2342462
2,Sample_S19S_0078_Wat,573.247282
13,Sample_S19S_0078_Wat,575.0315205
7,Sample_S19S_0078_Wat,575.0680122
3,Sample_S19S_0078_Wat,575.0891871
9,Sample_S19S_0078_Wat,575.1043617
7,Sample_S19S_0078_Wat,575.1407714
24,Sample_S19S_0078_Wat,575.1770756
29,Sample_S19S_0078_Wat,575.213398
16,Sample_S19S_0078_Wat,575.2497017
5,Sample_S19S_0078_Wat,577.0472834
5,Sample_S19S_0078_Wat,577.0836723
42,Sample_S19S_0078_Wat,577.1563035
23,Sample_S19S_0078_Wat,577.1926143
5,Sample_S19S_0078_Wat,577.228924
7,Sample_S19S_0078_Wat,579.0629358
14,Sample_S19S_0078_Wat,579.0992643
29,Sample_S19S_0078_Wat,579.1355972
34,Sample_S19S_0078_Wat,579.1719274
18,Sample_S19S_0078_Wat,579.2082488
5,Sample_S19S_0078_Wat,579.2445526
2,Sample_S19S_0078_Wat,581.0421606
8,Sample_S19S_0078_Wat,581.0785526
22,Sample_S19S_0078_Wat,581.1148894
40,Sample_S19S_0078_Wat,581.1512226
24,Sample_S19S_0078_Wat,581.1875335
21,Sample_S19S_0078_Wat,581.2238624
7,Sample_S19S_0078_Wat,581.2602074
3,Sample_S19S_0078_Wat,583.0731247
4,Sample_S19S_0078_Wat,583.094266
3,Sample_S19S_0078_Wat,583.1095053
10,Sample_S19S_0078_Wat,583.1306046
15,Sample_S19S_0078_Wat,583.1669172
19,Sample_S19S_0078_Wat,583.2032587
11,Sample_S19S_0078_Wat,585.052268
10,Sample_S19S_0078_Wat,585.0734724
8,Sample_S19S_0078_Wat,585.0886953
6,Sample_S19S_0078_Wat,585.1098543
8,Sample_S19S_0078_Wat,585.1615059
6,Sample_S19S_0078_Wat,585.197889
3,Sample_S19S_0078_Wat,585.2190128
5,Sample_S19S_0078_Wat,585.2472737
3,Sample_S19S_0078_Wat,585.2834097
7,Sample_S19S_0078_Wat,587.06769
6,Sample_S19S_0078_Wat,587.088865
16,Sample_S19S_0078_Wat,587.1041571
15,Sample_S19S_0078_Wat,587.1405809
11,Sample_S19S_0078_Wat,587.161795
24,Sample_S19S_0078_Wat,587.1770783
15,Sample_S19S_0078_Wat,587.2134744
13,Sample_S19S_0078_Wat,589.047112
8,Sample_S19S_0078_Wat,589.0833727
7,Sample_S19S_0078_Wat,589.119725
1,Sample_S19S_0078_Wat,589.1924321
1,Sample_S19S_0078_Wat,589.2288053
10,Sample_S19S_0078_Wat,591.0629191
7,Sample_S19S_0078_Wat,591.0993225
5,Sample_S19S_0078_Wat,591.135742
13,Sample_S19S_0078_Wat,591.1720289
15,Sample_S19S_0078_Wat,591.2083514
14,Sample_S19S_0078_Wat,591.2446301
5,Sample_S19S_0078_Wat,593.078251
4,Sample_S19S_0078_Wat,593.1146582
10,Sample_S19S_0078_Wat,593.1511079
24,Sample_S19S_0078_Wat,593.1875846
16,Sample_S19S_0078_Wat,593.2240288
18,Sample_S19S_0078_Wat,595.0941069
19,Sample_S19S_0078_Wat,595.130396
17,Sample_S19S_0078_Wat,595.1667494
6,Sample_S19S_0078_Wat,597.0731946
4,Sample_S19S_0078_Wat,597.1095532
3,Sample_S19S_0078_Wat,597.1251354
13,Sample_S19S_0078_Wat,597.1460191
23,Sample_S19S_0078_Wat,597.1824999
5,Sample_S19S_0078_Wat,597.2472943
2,Sample_S19S_0078_Wat,599.0891922
15,Sample_S19S_0078_Wat,599.1254651
16,Sample_S19S_0078_Wat,599.1618335
19,Sample_S19S_0078_Wat,599.1901116
10,Sample_S19S_0078_Wat,601.0470688
4,Sample_S19S_0078_Wat,601.0833482
2,Sample_S19S_0078_Wat,601.1043657
5,Sample_S19S_0078_Wat,603.0625968
16,Sample_S19S_0078_Wat,603.0990962
15,Sample_S19S_0078_Wat,603.135473
11,Sample_S19S_0078_Wat,605.0785609
5,Sample_S19S_0078_Wat,605.1149751
4,Sample_S19S_0078_Wat,605.1513953
11,Sample_S19S_0078_Wat,605.1877226
6,Sample_S19S_0078_Wat,605.2240726
8,Sample_S19S_0078_Wat,607.0578335
20,Sample_S19S_0078_Wat,607.094164
28,Sample_S19S_0078_Wat,607.1304892
3,Sample_S19S_0078_Wat,607.2030678
8,Sample_S19S_0078_Wat,609.0733165
22,Sample_S19S_0078_Wat,609.1096597
1,Sample_S19S_0078_Wat,609.1822447
2,Sample_S19S_0078_Wat,611.125099
1,Sample_S19S_0078_Wat,615.0988834
5,Sample_S19S_0078_Wat,617.0782506
9,Sample_S19S_0078_Wat,619.0940393
4,Sample_S19S_0078_Wat,619.130318
15,Sample_S19S_0078_Wat,621.1098264
28,Sample_S19S_0078_Wat,621.1825214
17,Sample_S19S_0078_Wat,621.218773
10,Sample_S19S_0078_Wat,623.0891397
3,Sample_S19S_0078_Wat,623.1255649
2,Sample_S19S_0078_Wat,623.162005
2,Sample_S19S_0078_Wat,623.1983716
1,Sample_S19S_0078_Wat,623.2347542
1,Sample_S19S_0078_Wat,625.1044435
11,Sample_S19S_0078_Wat,625.1773321
2,Sample_S19S_0078_Wat,627.1564046
2,Sample_S19S_0078_Wat,629.0786184
1,Sample_S19S_0078_Wat,629.1150559
8,Sample_S19S_0078_Wat,631.0576448
17,Sample_S19S_0078_Wat,631.1667917
15,Sample_S19S_0078_Wat,631.2031269
12,Sample_S19S_0078_Wat,631.2395415
13,Sample_S19S_0078_Wat,633.0732797
21,Sample_S19S_0078_Wat,633.1097626
6,Sample_S19S_0078_Wat,633.1459928
1,Sample_S19S_0078_Wat,633.1822488
21,Sample_S19S_0078_Wat,635.1617901
7,Sample_S19S_0078_Wat,635.1982777
5,Sample_S19S_0078_Wat,637.1045624
9,Sample_S19S_0078_Wat,637.1408976
1,Sample_S19S_0078_Wat,639.156929
2,Sample_S19S_0078_Wat,641.1150525
9,Sample_S19S_0078_Wat,645.1462149
9,Sample_S19S_0078_Wat,649.1046018
13,Sample_S19S_0078_Wat,651.1930461
10,Sample_S19S_0078_Wat,659.1618432
9,Sample_S19S_0078_Wat,661.1775206
9,Sample_S19S_0078_Wat,663.1202883
6,Sample_S19S_0078_Wat,667.1153995
8,Sample_S19S_0078_Wat,667.1880672
