num.trans.involved.in,sample,peak
6,Sample_S19S_0031_Wat,201.1131969
6,Sample_S19S_0031_Wat,205.1597578
3,Sample_S19S_0031_Wat,215.1288446
5,Sample_S19S_0031_Wat,221.0818912
3,Sample_S19S_0031_Wat,221.1546776
6,Sample_S19S_0031_Wat,233.1546845
1,Sample_S19S_0031_Wat,238.9629644
1,Sample_S19S_0031_Wat,239.0673352
16,Sample_S19S_0031_Wat,239.1288753
2,Sample_S19S_0031_Wat,242.139775
1,Sample_S19S_0031_Wat,242.1761465
2,Sample_S19S_0031_Wat,245.0489119
1,Sample_S19S_0031_Wat,249.0227066
54,Sample_S19S_0031_Wat,257.0666765
48,Sample_S19S_0031_Wat,265.0717855
2,Sample_S19S_0031_Wat,265.1479151
1,Sample_S19S_0031_Wat,266.9942715
58,Sample_S19S_0031_Wat,267.0510336
63,Sample_S19S_0031_Wat,267.0874299
62,Sample_S19S_0031_Wat,269.0666802
52,Sample_S19S_0031_Wat,269.1030627
29,Sample_S19S_0031_Wat,269.1394657
49,Sample_S19S_0031_Wat,271.0823212
42,Sample_S19S_0031_Wat,271.118718
41,Sample_S19S_0031_Wat,273.0979879
47,Sample_S19S_0031_Wat,275.0925149
48,Sample_S19S_0031_Wat,279.0874539
39,Sample_S19S_0031_Wat,279.1238221
51,Sample_S19S_0031_Wat,281.0303339
63,Sample_S19S_0031_Wat,281.0666829
53,Sample_S19S_0031_Wat,283.0459554
34,Sample_S19S_0031_Wat,283.0823169
55,Sample_S19S_0031_Wat,283.118715
47,Sample_S19S_0031_Wat,285.0616357
26,Sample_S19S_0031_Wat,285.0980306
33,Sample_S19S_0031_Wat,285.1343948
47,Sample_S19S_0031_Wat,291.0874132
34,Sample_S19S_0031_Wat,291.1237966
48,Sample_S19S_0031_Wat,293.0303357
60,Sample_S19S_0031_Wat,293.0667099
70,Sample_S19S_0031_Wat,293.1030793
5,Sample_S19S_0031_Wat,293.1757942
1,Sample_S19S_0031_Wat,293.179192
49,Sample_S19S_0031_Wat,295.0459444
69,Sample_S19S_0031_Wat,295.0823376
63,Sample_S19S_0031_Wat,295.1187213
55,Sample_S19S_0031_Wat,297.0616262
45,Sample_S19S_0031_Wat,297.0980154
29,Sample_S19S_0031_Wat,297.1344063
1,Sample_S19S_0031_Wat,297.1529844
37,Sample_S19S_0031_Wat,299.0408894
61,Sample_S19S_0031_Wat,299.0772616
54,Sample_S19S_0031_Wat,299.1136455
31,Sample_S19S_0031_Wat,301.071792
35,Sample_S19S_0031_Wat,301.092932
28,Sample_S19S_0031_Wat,301.1081829
29,Sample_S19S_0031_Wat,301.129318
37,Sample_S19S_0031_Wat,303.0510433
48,Sample_S19S_0031_Wat,303.0874395
41,Sample_S19S_0031_Wat,303.1238249
42,Sample_S19S_0031_Wat,305.0303157
55,Sample_S19S_0031_Wat,305.0666877
57,Sample_S19S_0031_Wat,305.1030852
41,Sample_S19S_0031_Wat,305.1394662
64,Sample_S19S_0031_Wat,307.0459779
53,Sample_S19S_0031_Wat,307.0823737
38,Sample_S19S_0031_Wat,307.1187572
24,Sample_S19S_0031_Wat,307.1551342
51,Sample_S19S_0031_Wat,309.0252469
73,Sample_S19S_0031_Wat,309.0616036
65,Sample_S19S_0031_Wat,309.0979773
48,Sample_S19S_0031_Wat,309.1343649
20,Sample_S19S_0031_Wat,309.1707647
2,Sample_S19S_0031_Wat,309.1741269
52,Sample_S19S_0031_Wat,311.0408991
63,Sample_S19S_0031_Wat,311.0772659
75,Sample_S19S_0031_Wat,311.1136352
44,Sample_S19S_0031_Wat,313.0565398
55,Sample_S19S_0031_Wat,313.0929245
46,Sample_S19S_0031_Wat,313.1293014
41,Sample_S19S_0031_Wat,315.0721791
17,Sample_S19S_0031_Wat,315.0873994
40,Sample_S19S_0031_Wat,315.1085755
28,Sample_S19S_0031_Wat,315.1449559
27,Sample_S19S_0031_Wat,317.0303382
44,Sample_S19S_0031_Wat,317.0666936
32,Sample_S19S_0031_Wat,317.1030588
37,Sample_S19S_0031_Wat,317.1394552
12,Sample_S19S_0031_Wat,319.0460069
60,Sample_S19S_0031_Wat,319.0823624
52,Sample_S19S_0031_Wat,319.1187158
29,Sample_S19S_0031_Wat,319.1551015
2,Sample_S19S_0031_Wat,320.0623999
37,Sample_S19S_0031_Wat,321.0252313
53,Sample_S19S_0031_Wat,321.0616406
38,Sample_S19S_0031_Wat,321.0980285
49,Sample_S19S_0031_Wat,321.1343949
43,Sample_S19S_0031_Wat,323.0408542
70,Sample_S19S_0031_Wat,323.0772527
48,Sample_S19S_0031_Wat,323.1136726
37,Sample_S19S_0031_Wat,323.1500462
22,Sample_S19S_0031_Wat,324.108871
10,Sample_S19S_0031_Wat,325.0201894
56,Sample_S19S_0031_Wat,325.0565425
69,Sample_S19S_0031_Wat,325.0928926
60,Sample_S19S_0031_Wat,325.1292996
22,Sample_S19S_0031_Wat,325.1657004
1,Sample_S19S_0031_Wat,325.1842438
40,Sample_S19S_0031_Wat,327.035782
47,Sample_S19S_0031_Wat,327.0722018
52,Sample_S19S_0031_Wat,327.1085831
43,Sample_S19S_0031_Wat,327.1449492
26,Sample_S19S_0031_Wat,329.0514722
18,Sample_S19S_0031_Wat,329.0667319
60,Sample_S19S_0031_Wat,329.0878075
40,Sample_S19S_0031_Wat,329.1030905
41,Sample_S19S_0031_Wat,329.1242163
1,Sample_S19S_0031_Wat,329.152419
25,Sample_S19S_0031_Wat,331.0459941
46,Sample_S19S_0031_Wat,331.0823608
43,Sample_S19S_0031_Wat,331.1187275
13,Sample_S19S_0031_Wat,331.155166
26,Sample_S19S_0031_Wat,333.0616512
56,Sample_S19S_0031_Wat,333.0980074
30,Sample_S19S_0031_Wat,333.1344131
22,Sample_S19S_0031_Wat,333.1707943
31,Sample_S19S_0031_Wat,335.0409093
60,Sample_S19S_0031_Wat,335.0772597
29,Sample_S19S_0031_Wat,335.1136067
42,Sample_S19S_0031_Wat,335.150042
1,Sample_S19S_0031_Wat,335.2358032
34,Sample_S19S_0031_Wat,337.0201415
35,Sample_S19S_0031_Wat,337.0564852
78,Sample_S19S_0031_Wat,337.0929176
68,Sample_S19S_0031_Wat,337.1292866
39,Sample_S19S_0031_Wat,337.1656867
41,Sample_S19S_0031_Wat,339.0357996
70,Sample_S19S_0031_Wat,339.0721726
78,Sample_S19S_0031_Wat,339.1085453
25,Sample_S19S_0031_Wat,339.1449816
1,Sample_S19S_0031_Wat,339.1660725
1,Sample_S19S_0031_Wat,339.1999929
46,Sample_S19S_0031_Wat,341.0514621
75,Sample_S19S_0031_Wat,341.0878109
18,Sample_S19S_0031_Wat,341.1031062
29,Sample_S19S_0031_Wat,341.12425
33,Sample_S19S_0031_Wat,341.1606173
36,Sample_S19S_0031_Wat,343.067113
15,Sample_S19S_0031_Wat,343.0823925
66,Sample_S19S_0031_Wat,343.1034685
31,Sample_S19S_0031_Wat,343.1187422
12,Sample_S19S_0031_Wat,343.1399075
26,Sample_S19S_0031_Wat,343.1551386
3,Sample_S19S_0031_Wat,344.1715382
45,Sample_S19S_0031_Wat,345.0616254
35,Sample_S19S_0031_Wat,345.0827674
49,Sample_S19S_0031_Wat,345.0980089
18,Sample_S19S_0031_Wat,345.1344288
29,Sample_S19S_0031_Wat,345.170772
6,Sample_S19S_0031_Wat,346.1507606
2,Sample_S19S_0031_Wat,346.2154294
38,Sample_S19S_0031_Wat,347.0408756
55,Sample_S19S_0031_Wat,347.0772564
23,Sample_S19S_0031_Wat,347.0903002
35,Sample_S19S_0031_Wat,347.1136821
43,Sample_S19S_0031_Wat,347.1500262
9,Sample_S19S_0031_Wat,347.1864695
3,Sample_S19S_0031_Wat,348.231087
1,Sample_S19S_0031_Wat,349.0551349
60,Sample_S19S_0031_Wat,349.0929209
19,Sample_S19S_0031_Wat,349.1059291
67,Sample_S19S_0031_Wat,349.129303
35,Sample_S19S_0031_Wat,349.1656793
27,Sample_S19S_0031_Wat,350.0881844
42,Sample_S19S_0031_Wat,351.0357871
51,Sample_S19S_0031_Wat,351.0721501
29,Sample_S19S_0031_Wat,351.1085115
22,Sample_S19S_0031_Wat,351.121581
34,Sample_S19S_0031_Wat,351.1449775
20,Sample_S19S_0031_Wat,351.1813076
2,Sample_S19S_0031_Wat,351.2307319
32,Sample_S19S_0031_Wat,353.0514753
81,Sample_S19S_0031_Wat,353.0878166
53,Sample_S19S_0031_Wat,353.124233
26,Sample_S19S_0031_Wat,353.1605629
1,Sample_S19S_0031_Wat,353.2003494
32,Sample_S19S_0031_Wat,355.0306981
50,Sample_S19S_0031_Wat,355.0671162
72,Sample_S19S_0031_Wat,355.1034699
16,Sample_S19S_0031_Wat,355.1399086
8,Sample_S19S_0031_Wat,356.0987693
10,Sample_S19S_0031_Wat,356.1715182
32,Sample_S19S_0031_Wat,357.046323
32,Sample_S19S_0031_Wat,357.061636
63,Sample_S19S_0031_Wat,357.0827228
29,Sample_S19S_0031_Wat,357.0979761
23,Sample_S19S_0031_Wat,357.1110353
64,Sample_S19S_0031_Wat,357.1191097
28,Sample_S19S_0031_Wat,357.134414
39,Sample_S19S_0031_Wat,357.1554992
33,Sample_S19S_0031_Wat,359.0619959
40,Sample_S19S_0031_Wat,359.077285
22,Sample_S19S_0031_Wat,359.0984239
28,Sample_S19S_0031_Wat,359.1347452
42,Sample_S19S_0031_Wat,359.1500213
31,Sample_S19S_0031_Wat,361.056505
14,Sample_S19S_0031_Wat,361.069538
59,Sample_S19S_0031_Wat,361.0929312
68,Sample_S19S_0031_Wat,361.1292859
28,Sample_S19S_0031_Wat,361.1423317
23,Sample_S19S_0031_Wat,361.1504109
34,Sample_S19S_0031_Wat,361.1657046
2,Sample_S19S_0031_Wat,362.1093336
3,Sample_S19S_0031_Wat,362.1246138
39,Sample_S19S_0031_Wat,363.0357881
58,Sample_S19S_0031_Wat,363.108539
21,Sample_S19S_0031_Wat,363.1215932
32,Sample_S19S_0031_Wat,363.1449786
11,Sample_S19S_0031_Wat,363.1812892
7,Sample_S19S_0031_Wat,363.1943423
2,Sample_S19S_0031_Wat,364.2259804
20,Sample_S19S_0031_Wat,365.0513776
8,Sample_S19S_0031_Wat,365.0644569
75,Sample_S19S_0031_Wat,365.0878382
28,Sample_S19S_0031_Wat,365.1008669
24,Sample_S19S_0031_Wat,365.1241727
18,Sample_S19S_0031_Wat,365.137244
15,Sample_S19S_0031_Wat,365.1606438
15,Sample_S19S_0031_Wat,365.1969623
4,Sample_S19S_0031_Wat,365.2100088
29,Sample_S19S_0031_Wat,366.0830912
24,Sample_S19S_0031_Wat,366.1194629
33,Sample_S19S_0031_Wat,367.0306865
72,Sample_S19S_0031_Wat,367.0671094
88,Sample_S19S_0031_Wat,367.1034613
11,Sample_S19S_0031_Wat,367.1399195
25,Sample_S19S_0031_Wat,367.1762158
37,Sample_S19S_0031_Wat,368.0987097
27,Sample_S19S_0031_Wat,368.1351331
31,Sample_S19S_0031_Wat,369.0463181
61,Sample_S19S_0031_Wat,369.0827443
22,Sample_S19S_0031_Wat,369.111039
19,Sample_S19S_0031_Wat,369.1190631
38,Sample_S19S_0031_Wat,369.1555194
12,Sample_S19S_0031_Wat,369.1837969
22,Sample_S19S_0031_Wat,370.0779692
47,Sample_S19S_0031_Wat,371.0620102
18,Sample_S19S_0031_Wat,371.0902981
24,Sample_S19S_0031_Wat,371.0983408
33,Sample_S19S_0031_Wat,371.1136558
40,Sample_S19S_0031_Wat,371.1347918
27,Sample_S19S_0031_Wat,372.1300076
14,Sample_S19S_0031_Wat,373.0201141
35,Sample_S19S_0031_Wat,373.0565482
21,Sample_S19S_0031_Wat,373.0776886
34,Sample_S19S_0031_Wat,373.09294
28,Sample_S19S_0031_Wat,373.1059583
40,Sample_S19S_0031_Wat,373.1140108
12,Sample_S19S_0031_Wat,373.1657318
13,Sample_S19S_0031_Wat,375.0358416
45,Sample_S19S_0031_Wat,375.0721973
25,Sample_S19S_0031_Wat,375.0852221
57,Sample_S19S_0031_Wat,375.1449442
26,Sample_S19S_0031_Wat,375.1579842
15,Sample_S19S_0031_Wat,375.1812892
46,Sample_S19S_0031_Wat,377.0514538
42,Sample_S19S_0031_Wat,377.0877952
18,Sample_S19S_0031_Wat,377.100823
66,Sample_S19S_0031_Wat,377.1241915
25,Sample_S19S_0031_Wat,377.1372608
42,Sample_S19S_0031_Wat,377.1606102
15,Sample_S19S_0031_Wat,377.1735945
17,Sample_S19S_0031_Wat,378.0831073
31,Sample_S19S_0031_Wat,378.1194361
1,Sample_S19S_0031_Wat,378.2416575
33,Sample_S19S_0031_Wat,379.0307221
23,Sample_S19S_0031_Wat,379.0670295
16,Sample_S19S_0031_Wat,379.0800689
84,Sample_S19S_0031_Wat,379.1034645
26,Sample_S19S_0031_Wat,379.1165229
65,Sample_S19S_0031_Wat,379.1398402
20,Sample_S19S_0031_Wat,379.1528588
33,Sample_S19S_0031_Wat,379.1762343
29,Sample_S19S_0031_Wat,380.0987084
38,Sample_S19S_0031_Wat,380.1350974
45,Sample_S19S_0031_Wat,381.0463502
28,Sample_S19S_0031_Wat,381.0826619
80,Sample_S19S_0031_Wat,381.1191186
24,Sample_S19S_0031_Wat,381.1321708
57,Sample_S19S_0031_Wat,381.1555031
17,Sample_S19S_0031_Wat,381.1918695
21,Sample_S19S_0031_Wat,382.0779661
27,Sample_S19S_0031_Wat,382.1143936
4,Sample_S19S_0031_Wat,382.1507159
28,Sample_S19S_0031_Wat,383.0619616
80,Sample_S19S_0031_Wat,383.0983806
27,Sample_S19S_0031_Wat,383.1266887
25,Sample_S19S_0031_Wat,383.1347075
10,Sample_S19S_0031_Wat,383.1477567
19,Sample_S19S_0031_Wat,383.1711132
22,Sample_S19S_0031_Wat,384.0936599
19,Sample_S19S_0031_Wat,384.1664077
20,Sample_S19S_0031_Wat,385.0412026
21,Sample_S19S_0031_Wat,385.0564963
60,Sample_S19S_0031_Wat,385.0776412
42,Sample_S19S_0031_Wat,385.0929264
24,Sample_S19S_0031_Wat,385.1139909
15,Sample_S19S_0031_Wat,385.1292595
26,Sample_S19S_0031_Wat,385.1423072
20,Sample_S19S_0031_Wat,385.1503825
26,Sample_S19S_0031_Wat,385.1656784
18,Sample_S19S_0031_Wat,386.1093009
17,Sample_S19S_0031_Wat,386.1820531
21,Sample_S19S_0031_Wat,387.0568488
10,Sample_S19S_0031_Wat,387.0721252
18,Sample_S19S_0031_Wat,387.0851909
19,Sample_S19S_0031_Wat,387.0932457
52,Sample_S19S_0031_Wat,387.1085636
64,Sample_S19S_0031_Wat,387.1296791
22,Sample_S19S_0031_Wat,387.1579654
14,Sample_S19S_0031_Wat,387.19436
23,Sample_S19S_0031_Wat,388.1249219
28,Sample_S19S_0031_Wat,389.051417
11,Sample_S19S_0031_Wat,389.0644457
52,Sample_S19S_0031_Wat,389.0878118
24,Sample_S19S_0031_Wat,389.1008827
64,Sample_S19S_0031_Wat,389.1242045
21,Sample_S19S_0031_Wat,389.1372295
17,Sample_S19S_0031_Wat,389.1605387
21,Sample_S19S_0031_Wat,389.1736085
12,Sample_S19S_0031_Wat,391.0307447
34,Sample_S19S_0031_Wat,391.0670531
34,Sample_S19S_0031_Wat,391.1034381
48,Sample_S19S_0031_Wat,391.1398852
12,Sample_S19S_0031_Wat,391.1528412
20,Sample_S19S_0031_Wat,391.1762035
32,Sample_S19S_0031_Wat,393.0463154
60,Sample_S19S_0031_Wat,393.0827628
69,Sample_S19S_0031_Wat,393.1191285
21,Sample_S19S_0031_Wat,393.1321265
1,Sample_S19S_0031_Wat,393.1475032
27,Sample_S19S_0031_Wat,393.1554711
17,Sample_S19S_0031_Wat,393.1685262
18,Sample_S19S_0031_Wat,393.1919402
21,Sample_S19S_0031_Wat,394.1144108
19,Sample_S19S_0031_Wat,395.0255818
36,Sample_S19S_0031_Wat,395.0619708
45,Sample_S19S_0031_Wat,395.0984243
89,Sample_S19S_0031_Wat,395.1347697
35,Sample_S19S_0031_Wat,395.171191
22,Sample_S19S_0031_Wat,396.0936653
17,Sample_S19S_0031_Wat,396.13006
31,Sample_S19S_0031_Wat,397.0412485
26,Sample_S19S_0031_Wat,397.0775828
21,Sample_S19S_0031_Wat,397.1059758
47,Sample_S19S_0031_Wat,397.1140135
62,Sample_S19S_0031_Wat,397.1504225
12,Sample_S19S_0031_Wat,397.1867602
36,Sample_S19S_0031_Wat,398.1456531
16,Sample_S19S_0031_Wat,399.0568344
17,Sample_S19S_0031_Wat,399.0721389
24,Sample_S19S_0031_Wat,399.085227
42,Sample_S19S_0031_Wat,399.0932727
13,Sample_S19S_0031_Wat,399.1086044
40,Sample_S19S_0031_Wat,399.1296635
21,Sample_S19S_0031_Wat,399.1449193
14,Sample_S19S_0031_Wat,399.1579458
1,Sample_S19S_0031_Wat,399.1659287
15,Sample_S19S_0031_Wat,399.1943775
15,Sample_S19S_0031_Wat,400.1249077
29,Sample_S19S_0031_Wat,401.0514549
13,Sample_S19S_0031_Wat,401.0644945
16,Sample_S19S_0031_Wat,401.0725084
35,Sample_S19S_0031_Wat,401.0878209
39,Sample_S19S_0031_Wat,401.1089631
48,Sample_S19S_0031_Wat,401.1453284
39,Sample_S19S_0031_Wat,401.1605804
16,Sample_S19S_0031_Wat,401.1736033
4,Sample_S19S_0031_Wat,402.1042761
12,Sample_S19S_0031_Wat,402.1405573
7,Sample_S19S_0031_Wat,403.0305846
50,Sample_S19S_0031_Wat,403.0671122
38,Sample_S19S_0031_Wat,403.0881974
50,Sample_S19S_0031_Wat,403.1034476
21,Sample_S19S_0031_Wat,403.1164656
12,Sample_S19S_0031_Wat,403.1245163
59,Sample_S19S_0031_Wat,403.1398463
27,Sample_S19S_0031_Wat,403.1529106
27,Sample_S19S_0031_Wat,403.1762826
11,Sample_S19S_0031_Wat,404.0834492
6,Sample_S19S_0031_Wat,404.1926065
33,Sample_S19S_0031_Wat,405.0463718
35,Sample_S19S_0031_Wat,405.0827082
26,Sample_S19S_0031_Wat,405.1190623
27,Sample_S19S_0031_Wat,405.1321292
45,Sample_S19S_0031_Wat,405.1555362
23,Sample_S19S_0031_Wat,405.1685606
18,Sample_S19S_0031_Wat,405.1918632
2,Sample_S19S_0031_Wat,405.2048711
3,Sample_S19S_0031_Wat,406.0990792
33,Sample_S19S_0031_Wat,406.1143545
14,Sample_S19S_0031_Wat,407.0255705
41,Sample_S19S_0031_Wat,407.0620299
66,Sample_S19S_0031_Wat,407.0983755
13,Sample_S19S_0031_Wat,407.1113661
55,Sample_S19S_0031_Wat,407.1347505
21,Sample_S19S_0031_Wat,407.1477958
1,Sample_S19S_0031_Wat,407.1632455
9,Sample_S19S_0031_Wat,407.1712237
30,Sample_S19S_0031_Wat,408.0936661
42,Sample_S19S_0031_Wat,408.1300077
21,Sample_S19S_0031_Wat,409.0412228
25,Sample_S19S_0031_Wat,409.07757
3,Sample_S19S_0031_Wat,409.0930287
71,Sample_S19S_0031_Wat,409.1140221
14,Sample_S19S_0031_Wat,409.1270356
67,Sample_S19S_0031_Wat,409.1504235
8,Sample_S19S_0031_Wat,409.1787026
8,Sample_S19S_0031_Wat,409.1867344
18,Sample_S19S_0031_Wat,410.0729191
11,Sample_S19S_0031_Wat,410.1092388
25,Sample_S19S_0031_Wat,410.1456867
21,Sample_S19S_0031_Wat,411.0568579
63,Sample_S19S_0031_Wat,411.0933142
67,Sample_S19S_0031_Wat,411.1296933
30,Sample_S19S_0031_Wat,411.1579879
30,Sample_S19S_0031_Wat,411.1660419
23,Sample_S19S_0031_Wat,412.0885256
25,Sample_S19S_0031_Wat,412.1249118
21,Sample_S19S_0031_Wat,413.0361429
9,Sample_S19S_0031_Wat,413.06446
7,Sample_S19S_0031_Wat,413.072442
25,Sample_S19S_0031_Wat,413.087795
24,Sample_S19S_0031_Wat,413.1008794
57,Sample_S19S_0031_Wat,413.1089345
41,Sample_S19S_0031_Wat,413.12421
19,Sample_S19S_0031_Wat,413.1372735
21,Sample_S19S_0031_Wat,413.1452768
20,Sample_S19S_0031_Wat,413.1736056
8,Sample_S19S_0031_Wat,413.1816156
5,Sample_S19S_0031_Wat,415.0671726
11,Sample_S19S_0031_Wat,415.080159
40,Sample_S19S_0031_Wat,415.0881916
46,Sample_S19S_0031_Wat,415.1034568
21,Sample_S19S_0031_Wat,415.1164835
25,Sample_S19S_0031_Wat,415.1245406
18,Sample_S19S_0031_Wat,415.1529316
41,Sample_S19S_0031_Wat,415.1609859
7,Sample_S19S_0031_Wat,415.1763155
22,Sample_S19S_0031_Wat,417.0463346
9,Sample_S19S_0031_Wat,417.0593749
13,Sample_S19S_0031_Wat,417.0674105
19,Sample_S19S_0031_Wat,417.0826722
17,Sample_S19S_0031_Wat,417.0957124
16,Sample_S19S_0031_Wat,417.1037889
58,Sample_S19S_0031_Wat,417.1191101
35,Sample_S19S_0031_Wat,417.1321667
60,Sample_S19S_0031_Wat,417.1555165
34,Sample_S19S_0031_Wat,417.1685514
28,Sample_S19S_0031_Wat,419.0619721
12,Sample_S19S_0031_Wat,419.0982983
6,Sample_S19S_0031_Wat,419.1113471
67,Sample_S19S_0031_Wat,419.1347745
22,Sample_S19S_0031_Wat,419.1478319
39,Sample_S19S_0031_Wat,419.1711927
24,Sample_S19S_0031_Wat,419.1842051
28,Sample_S19S_0031_Wat,421.0412704
17,Sample_S19S_0031_Wat,421.0777047
16,Sample_S19S_0031_Wat,421.0906648
66,Sample_S19S_0031_Wat,421.1140346
16,Sample_S19S_0031_Wat,421.1270174
64,Sample_S19S_0031_Wat,421.1504292
1,Sample_S19S_0031_Wat,421.1552081
19,Sample_S19S_0031_Wat,421.1634511
17,Sample_S19S_0031_Wat,421.1868654
1,Sample_S19S_0031_Wat,421.2265386
13,Sample_S19S_0031_Wat,422.1093338
33,Sample_S19S_0031_Wat,423.0569089
26,Sample_S19S_0031_Wat,423.093231
2,Sample_S19S_0031_Wat,423.1061645
79,Sample_S19S_0031_Wat,423.1296813
14,Sample_S19S_0031_Wat,423.1426961
26,Sample_S19S_0031_Wat,423.1661225
15,Sample_S19S_0031_Wat,423.179095
20,Sample_S19S_0031_Wat,423.2024382
14,Sample_S19S_0031_Wat,424.1249783
30,Sample_S19S_0031_Wat,425.0361852
16,Sample_S19S_0031_Wat,425.1008972
38,Sample_S19S_0031_Wat,425.1089252
17,Sample_S19S_0031_Wat,425.1453873
29,Sample_S19S_0031_Wat,425.1816982
31,Sample_S19S_0031_Wat,426.1405881
31,Sample_S19S_0031_Wat,426.1769689
14,Sample_S19S_0031_Wat,427.0518808
12,Sample_S19S_0031_Wat,427.0801714
33,Sample_S19S_0031_Wat,427.088175
30,Sample_S19S_0031_Wat,427.1035014
19,Sample_S19S_0031_Wat,427.1165345
60,Sample_S19S_0031_Wat,427.1245871
3,Sample_S19S_0031_Wat,427.1399769
2,Sample_S19S_0031_Wat,427.1610597
12,Sample_S19S_0031_Wat,428.1562791
15,Sample_S19S_0031_Wat,429.0463286
31,Sample_S19S_0031_Wat,429.067488
2,Sample_S19S_0031_Wat,429.0829209
7,Sample_S19S_0031_Wat,429.1039457
5,Sample_S19S_0031_Wat,429.1192381
48,Sample_S19S_0031_Wat,429.1402424
22,Sample_S19S_0031_Wat,429.1555582
26,Sample_S19S_0031_Wat,429.1685491
13,Sample_S19S_0031_Wat,429.1765924
26,Sample_S19S_0031_Wat,429.1919036
14,Sample_S19S_0031_Wat,430.0991542
5,Sample_S19S_0031_Wat,430.1273505
29,Sample_S19S_0031_Wat,430.1354817
9,Sample_S19S_0031_Wat,431.04681
37,Sample_S19S_0031_Wat,431.0620177
24,Sample_S19S_0031_Wat,431.083125
46,Sample_S19S_0031_Wat,431.098388
20,Sample_S19S_0031_Wat,431.1113826
23,Sample_S19S_0031_Wat,431.1347291
24,Sample_S19S_0031_Wat,431.1477957
17,Sample_S19S_0031_Wat,431.1558407
32,Sample_S19S_0031_Wat,431.1711879
21,Sample_S19S_0031_Wat,433.0412948
4,Sample_S19S_0031_Wat,433.0543356
49,Sample_S19S_0031_Wat,433.077665
14,Sample_S19S_0031_Wat,433.0906617
25,Sample_S19S_0031_Wat,433.1139658
7,Sample_S19S_0031_Wat,433.1269982
23,Sample_S19S_0031_Wat,433.1503758
25,Sample_S19S_0031_Wat,433.1634586
31,Sample_S19S_0031_Wat,433.1868494
11,Sample_S19S_0031_Wat,433.1998888
5,Sample_S19S_0031_Wat,434.1093421
23,Sample_S19S_0031_Wat,435.0569041
58,Sample_S19S_0031_Wat,435.093324
15,Sample_S19S_0031_Wat,435.1062764
27,Sample_S19S_0031_Wat,435.1296329
4,Sample_S19S_0031_Wat,435.1426364
1,Sample_S19S_0031_Wat,435.160379
20,Sample_S19S_0031_Wat,435.1659973
12,Sample_S19S_0031_Wat,435.1790631
33,Sample_S19S_0031_Wat,435.2024665
5,Sample_S19S_0031_Wat,436.0886111
2,Sample_S19S_0031_Wat,436.1250197
21,Sample_S19S_0031_Wat,437.0361523
20,Sample_S19S_0031_Wat,437.072483
8,Sample_S19S_0031_Wat,437.1009114
25,Sample_S19S_0031_Wat,437.1088959
2,Sample_S19S_0031_Wat,437.1219003
53,Sample_S19S_0031_Wat,437.1453651
18,Sample_S19S_0031_Wat,437.158378
1,Sample_S19S_0031_Wat,437.1737814
41,Sample_S19S_0031_Wat,437.1817485
9,Sample_S19S_0031_Wat,437.2100538
5,Sample_S19S_0031_Wat,437.2180272
40,Sample_S19S_0031_Wat,438.1405683
14,Sample_S19S_0031_Wat,439.051737
62,Sample_S19S_0031_Wat,439.1246064
18,Sample_S19S_0031_Wat,439.1529344
24,Sample_S19S_0031_Wat,439.1609425
20,Sample_S19S_0031_Wat,439.1892886
13,Sample_S19S_0031_Wat,439.1973056
19,Sample_S19S_0031_Wat,440.1198163
27,Sample_S19S_0031_Wat,441.0674409
29,Sample_S19S_0031_Wat,441.1039049
41,Sample_S19S_0031_Wat,441.1402285
17,Sample_S19S_0031_Wat,441.168514
13,Sample_S19S_0031_Wat,441.1765589
11,Sample_S19S_0031_Wat,441.2049192
5,Sample_S19S_0031_Wat,442.0990637
13,Sample_S19S_0031_Wat,442.135461
16,Sample_S19S_0031_Wat,443.0466588
11,Sample_S19S_0031_Wat,443.061884
13,Sample_S19S_0031_Wat,443.0749837
29,Sample_S19S_0031_Wat,443.0830557
29,Sample_S19S_0031_Wat,443.0984287
19,Sample_S19S_0031_Wat,443.1114516
55,Sample_S19S_0031_Wat,443.119518
5,Sample_S19S_0031_Wat,443.1348538
23,Sample_S19S_0031_Wat,443.1478565
41,Sample_S19S_0031_Wat,443.1558944
19,Sample_S19S_0031_Wat,443.1711201
23,Sample_S19S_0031_Wat,443.1841796
18,Sample_S19S_0031_Wat,445.0412697
20,Sample_S19S_0031_Wat,445.0623769
26,Sample_S19S_0031_Wat,445.0776178
7,Sample_S19S_0031_Wat,445.0986624
4,Sample_S19S_0031_Wat,445.1083593
16,Sample_S19S_0031_Wat,445.1139537
20,Sample_S19S_0031_Wat,445.127011
6,Sample_S19S_0031_Wat,445.1350548
28,Sample_S19S_0031_Wat,445.1503907
34,Sample_S19S_0031_Wat,445.1634705
36,Sample_S19S_0031_Wat,445.1868428
7,Sample_S19S_0031_Wat,447.056785
15,Sample_S19S_0031_Wat,447.09323
67,Sample_S19S_0031_Wat,447.1297048
27,Sample_S19S_0031_Wat,447.1427418
56,Sample_S19S_0031_Wat,447.1660641
22,Sample_S19S_0031_Wat,447.179104
12,Sample_S19S_0031_Wat,447.2023724
11,Sample_S19S_0031_Wat,449.0360637
17,Sample_S19S_0031_Wat,449.0724952
74,Sample_S19S_0031_Wat,449.1089599
17,Sample_S19S_0031_Wat,449.1219859
63,Sample_S19S_0031_Wat,449.1453221
24,Sample_S19S_0031_Wat,449.1583358
21,Sample_S19S_0031_Wat,449.1816462
12,Sample_S19S_0031_Wat,451.0517204
32,Sample_S19S_0031_Wat,451.0881744
6,Sample_S19S_0031_Wat,451.1011798
46,Sample_S19S_0031_Wat,451.124616
18,Sample_S19S_0031_Wat,451.1376081
1,Sample_S19S_0031_Wat,451.1530256
26,Sample_S19S_0031_Wat,451.1609528
10,Sample_S19S_0031_Wat,451.189303
4,Sample_S19S_0031_Wat,451.1972791
18,Sample_S19S_0031_Wat,452.0834394
7,Sample_S19S_0031_Wat,452.1199139
10,Sample_S19S_0031_Wat,453.0310814
21,Sample_S19S_0031_Wat,453.0673983
11,Sample_S19S_0031_Wat,453.0957146
14,Sample_S19S_0031_Wat,453.1037558
16,Sample_S19S_0031_Wat,453.1321972
32,Sample_S19S_0031_Wat,453.140211
4,Sample_S19S_0031_Wat,453.1686448
47,Sample_S19S_0031_Wat,453.1766436
15,Sample_S19S_0031_Wat,453.2049759
27,Sample_S19S_0031_Wat,455.0467468
12,Sample_S19S_0031_Wat,455.0750667
36,Sample_S19S_0031_Wat,455.0831528
31,Sample_S19S_0031_Wat,455.0984121
17,Sample_S19S_0031_Wat,455.111472
34,Sample_S19S_0031_Wat,455.1194736
2,Sample_S19S_0031_Wat,455.1290278
20,Sample_S19S_0031_Wat,455.14777
12,Sample_S19S_0031_Wat,455.1558023
1,Sample_S19S_0031_Wat,455.1654128
15,Sample_S19S_0031_Wat,455.1841535
9,Sample_S19S_0031_Wat,455.1921775
16,Sample_S19S_0031_Wat,455.2205892
24,Sample_S19S_0031_Wat,457.0624071
12,Sample_S19S_0031_Wat,457.0776174
10,Sample_S19S_0031_Wat,457.0906483
16,Sample_S19S_0031_Wat,457.0986905
20,Sample_S19S_0031_Wat,457.1139922
15,Sample_S19S_0031_Wat,457.1270095
9,Sample_S19S_0031_Wat,457.1350642
3,Sample_S19S_0031_Wat,457.1447412
14,Sample_S19S_0031_Wat,457.150377
20,Sample_S19S_0031_Wat,457.1634444
16,Sample_S19S_0031_Wat,457.1715231
36,Sample_S19S_0031_Wat,457.1868094
16,Sample_S19S_0031_Wat,457.1998933
12,Sample_S19S_0031_Wat,459.0568713
8,Sample_S19S_0031_Wat,459.069913
17,Sample_S19S_0031_Wat,459.0779746
16,Sample_S19S_0031_Wat,459.0932353
18,Sample_S19S_0031_Wat,459.1062882
21,Sample_S19S_0031_Wat,459.1143457
43,Sample_S19S_0031_Wat,459.1296693
28,Sample_S19S_0031_Wat,459.142719
31,Sample_S19S_0031_Wat,459.1508169
41,Sample_S19S_0031_Wat,459.1661042
21,Sample_S19S_0031_Wat,459.2025048
7,Sample_S19S_0031_Wat,459.2155229
14,Sample_S19S_0031_Wat,461.036196
4,Sample_S19S_0031_Wat,461.0492316
20,Sample_S19S_0031_Wat,461.0725007
14,Sample_S19S_0031_Wat,461.0855391
11,Sample_S19S_0031_Wat,461.1088271
4,Sample_S19S_0031_Wat,461.1218899
3,Sample_S19S_0031_Wat,461.1396751
20,Sample_S19S_0031_Wat,461.1452647
21,Sample_S19S_0031_Wat,461.1583343
35,Sample_S19S_0031_Wat,461.1817537
14,Sample_S19S_0031_Wat,461.1948089
18,Sample_S19S_0031_Wat,461.218132
29,Sample_S19S_0031_Wat,463.0518315
34,Sample_S19S_0031_Wat,463.0881954
4,Sample_S19S_0031_Wat,463.1189274
14,Sample_S19S_0031_Wat,463.124491
2,Sample_S19S_0031_Wat,463.1375144
7,Sample_S19S_0031_Wat,463.1608564
6,Sample_S19S_0031_Wat,463.1739081
12,Sample_S19S_0031_Wat,463.1972938
17,Sample_S19S_0031_Wat,464.1198095
10,Sample_S19S_0031_Wat,465.0310055
10,Sample_S19S_0031_Wat,465.06738
33,Sample_S19S_0031_Wat,465.1038259
17,Sample_S19S_0031_Wat,465.1168704
24,Sample_S19S_0031_Wat,465.1532935
5,Sample_S19S_0031_Wat,465.1686035
48,Sample_S19S_0031_Wat,465.1766182
10,Sample_S19S_0031_Wat,465.2049695
7,Sample_S19S_0031_Wat,465.2129596
32,Sample_S19S_0031_Wat,467.0467531
41,Sample_S19S_0031_Wat,467.0831629
41,Sample_S19S_0031_Wat,467.1195422
25,Sample_S19S_0031_Wat,467.1478261
28,Sample_S19S_0031_Wat,467.1558326
3,Sample_S19S_0031_Wat,467.165495
20,Sample_S19S_0031_Wat,467.184209
7,Sample_S19S_0031_Wat,467.1921933
12,Sample_S19S_0031_Wat,467.220621
25,Sample_S19S_0031_Wat,469.062394
9,Sample_S19S_0031_Wat,469.0906533
23,Sample_S19S_0031_Wat,469.0986993
22,Sample_S19S_0031_Wat,469.1270251
11,Sample_S19S_0031_Wat,469.1350525
6,Sample_S19S_0031_Wat,469.1503074
11,Sample_S19S_0031_Wat,469.1633964
21,Sample_S19S_0031_Wat,469.199861
12,Sample_S19S_0031_Wat,471.0416901
20,Sample_S19S_0031_Wat,471.0569384
3,Sample_S19S_0031_Wat,471.069939
23,Sample_S19S_0031_Wat,471.0780166
15,Sample_S19S_0031_Wat,471.093255
15,Sample_S19S_0031_Wat,471.106291
6,Sample_S19S_0031_Wat,471.1295835
10,Sample_S19S_0031_Wat,471.1426129
7,Sample_S19S_0031_Wat,471.1506882
7,Sample_S19S_0031_Wat,471.16598
21,Sample_S19S_0031_Wat,471.1790652
12,Sample_S19S_0031_Wat,471.1871307
6,Sample_S19S_0031_Wat,471.2024048
18,Sample_S19S_0031_Wat,471.2155389
10,Sample_S19S_0031_Wat,473.0361823
6,Sample_S19S_0031_Wat,473.0573502
28,Sample_S19S_0031_Wat,473.0726032
27,Sample_S19S_0031_Wat,473.0937108
52,Sample_S19S_0031_Wat,473.1089772
22,Sample_S19S_0031_Wat,473.121993
16,Sample_S19S_0031_Wat,473.1300234
5,Sample_S19S_0031_Wat,473.139667
22,Sample_S19S_0031_Wat,473.1452829
9,Sample_S19S_0031_Wat,473.1582831
7,Sample_S19S_0031_Wat,473.1663521
2,Sample_S19S_0031_Wat,473.1760299
14,Sample_S19S_0031_Wat,473.1816622
9,Sample_S19S_0031_Wat,473.1946924
10,Sample_S19S_0031_Wat,475.0517049
16,Sample_S19S_0031_Wat,475.0728791
23,Sample_S19S_0031_Wat,475.0881586
14,Sample_S19S_0031_Wat,475.1012806
52,Sample_S19S_0031_Wat,475.1245966
25,Sample_S19S_0031_Wat,475.1376596
58,Sample_S19S_0031_Wat,475.1609843
23,Sample_S19S_0031_Wat,475.1739813
9,Sample_S19S_0031_Wat,475.1973043
34,Sample_S19S_0031_Wat,477.0674882
2,Sample_S19S_0031_Wat,477.0805777
17,Sample_S19S_0031_Wat,477.1037802
18,Sample_S19S_0031_Wat,477.1168599
3,Sample_S19S_0031_Wat,477.1401075
7,Sample_S19S_0031_Wat,477.1531747
11,Sample_S19S_0031_Wat,477.1765167
22,Sample_S19S_0031_Wat,477.2130039
6,Sample_S19S_0031_Wat,479.0466033
15,Sample_S19S_0031_Wat,479.0830028
35,Sample_S19S_0031_Wat,479.1194663
18,Sample_S19S_0031_Wat,479.1325629
55,Sample_S19S_0031_Wat,479.1559168
2,Sample_S19S_0031_Wat,479.1843315
36,Sample_S19S_0031_Wat,479.1923063
16,Sample_S19S_0031_Wat,481.0623379
38,Sample_S19S_0031_Wat,481.0987747
53,Sample_S19S_0031_Wat,481.1351677
16,Sample_S19S_0031_Wat,481.1634867
36,Sample_S19S_0031_Wat,481.1715313
15,Sample_S19S_0031_Wat,481.199847
12,Sample_S19S_0031_Wat,481.2078283
3,Sample_S19S_0031_Wat,482.1302914
13,Sample_S19S_0031_Wat,483.0415833
22,Sample_S19S_0031_Wat,483.0780208
6,Sample_S19S_0031_Wat,483.1064043
37,Sample_S19S_0031_Wat,483.1144642
28,Sample_S19S_0031_Wat,483.1508531
17,Sample_S19S_0031_Wat,483.1791639
18,Sample_S19S_0031_Wat,483.1871699
13,Sample_S19S_0031_Wat,483.2154832
9,Sample_S19S_0031_Wat,484.1459881
7,Sample_S19S_0031_Wat,485.057196
11,Sample_S19S_0031_Wat,485.0724465
10,Sample_S19S_0031_Wat,485.0855526
22,Sample_S19S_0031_Wat,485.0936172
31,Sample_S19S_0031_Wat,485.1089501
16,Sample_S19S_0031_Wat,485.1220307
38,Sample_S19S_0031_Wat,485.1300644
1,Sample_S19S_0031_Wat,485.139617
19,Sample_S19S_0031_Wat,485.1453846
17,Sample_S19S_0031_Wat,485.1584131
28,Sample_S19S_0031_Wat,485.1664901
34,Sample_S19S_0031_Wat,485.181737
16,Sample_S19S_0031_Wat,485.1948096
12,Sample_S19S_0031_Wat,487.051792
3,Sample_S19S_0031_Wat,487.0648683
16,Sample_S19S_0031_Wat,487.072871
7,Sample_S19S_0031_Wat,487.088118
14,Sample_S19S_0031_Wat,487.1011949
4,Sample_S19S_0031_Wat,487.1092152
11,Sample_S19S_0031_Wat,487.1244947
18,Sample_S19S_0031_Wat,487.1375846
8,Sample_S19S_0031_Wat,487.1456408
1,Sample_S19S_0031_Wat,487.1552674
44,Sample_S19S_0031_Wat,487.1609704
20,Sample_S19S_0031_Wat,487.1740711
28,Sample_S19S_0031_Wat,487.1974177
4,Sample_S19S_0031_Wat,487.2104698
28,Sample_S19S_0031_Wat,489.067487
20,Sample_S19S_0031_Wat,489.0886429
24,Sample_S19S_0031_Wat,489.1039118
26,Sample_S19S_0031_Wat,489.1402055
18,Sample_S19S_0031_Wat,489.1532671
1,Sample_S19S_0031_Wat,489.1708695
10,Sample_S19S_0031_Wat,489.1765226
4,Sample_S19S_0031_Wat,489.2128864
2,Sample_S19S_0031_Wat,489.2259164
6,Sample_S19S_0031_Wat,491.0466906
18,Sample_S19S_0031_Wat,491.0830123
7,Sample_S19S_0031_Wat,491.0961728
7,Sample_S19S_0031_Wat,491.1193786
13,Sample_S19S_0031_Wat,491.1325378
19,Sample_S19S_0031_Wat,491.1558203
20,Sample_S19S_0031_Wat,491.1689084
38,Sample_S19S_0031_Wat,491.1922945
8,Sample_S19S_0031_Wat,491.2053832
7,Sample_S19S_0031_Wat,491.2287423
9,Sample_S19S_0031_Wat,493.0622921
21,Sample_S19S_0031_Wat,493.098712
58,Sample_S19S_0031_Wat,493.1351653
2,Sample_S19S_0031_Wat,493.1636569
43,Sample_S19S_0031_Wat,493.1715856
4,Sample_S19S_0031_Wat,493.1999507
11,Sample_S19S_0031_Wat,495.0415683
28,Sample_S19S_0031_Wat,495.0780179
2,Sample_S19S_0031_Wat,495.106406
40,Sample_S19S_0031_Wat,495.1144449
9,Sample_S19S_0031_Wat,495.1427989
41,Sample_S19S_0031_Wat,495.1507984
19,Sample_S19S_0031_Wat,495.1791573
7,Sample_S19S_0031_Wat,495.2154488
12,Sample_S19S_0031_Wat,497.0572968
11,Sample_S19S_0031_Wat,497.1301476
25,Sample_S19S_0031_Wat,497.1947705
1,Sample_S19S_0031_Wat,497.2310629
5,Sample_S19S_0031_Wat,498.1253978
18,Sample_S19S_0031_Wat,498.1617513
4,Sample_S19S_0031_Wat,499.0516924
19,Sample_S19S_0031_Wat,499.0728848
10,Sample_S19S_0031_Wat,499.1012958
29,Sample_S19S_0031_Wat,499.1093112
35,Sample_S19S_0031_Wat,499.1246232
13,Sample_S19S_0031_Wat,499.1377212
40,Sample_S19S_0031_Wat,499.1457371
4,Sample_S19S_0031_Wat,499.1553132
11,Sample_S19S_0031_Wat,499.1610424
22,Sample_S19S_0031_Wat,499.1740741
23,Sample_S19S_0031_Wat,499.2104255
8,Sample_S19S_0031_Wat,501.0521674
14,Sample_S19S_0031_Wat,501.0673678
11,Sample_S19S_0031_Wat,501.0885018
8,Sample_S19S_0031_Wat,501.1037301
13,Sample_S19S_0031_Wat,501.116864
2,Sample_S19S_0031_Wat,501.1248479
17,Sample_S19S_0031_Wat,501.1401768
28,Sample_S19S_0031_Wat,501.1532967
41,Sample_S19S_0031_Wat,501.1766253
28,Sample_S19S_0031_Wat,501.1896846
22,Sample_S19S_0031_Wat,501.2130646
9,Sample_S19S_0031_Wat,503.0468089
3,Sample_S19S_0031_Wat,503.0832459
43,Sample_S19S_0031_Wat,503.1195309
6,Sample_S19S_0031_Wat,503.1326318
1,Sample_S19S_0031_Wat,503.1502092
23,Sample_S19S_0031_Wat,503.1558462
10,Sample_S19S_0031_Wat,503.1921795
2,Sample_S19S_0031_Wat,503.2051842
8,Sample_S19S_0031_Wat,503.2285615
6,Sample_S19S_0031_Wat,505.0622503
17,Sample_S19S_0031_Wat,505.098662
8,Sample_S19S_0031_Wat,505.1118569
14,Sample_S19S_0031_Wat,505.1350781
4,Sample_S19S_0031_Wat,505.1482794
53,Sample_S19S_0031_Wat,505.1715425
15,Sample_S19S_0031_Wat,505.1846129
23,Sample_S19S_0031_Wat,505.2079802
8,Sample_S19S_0031_Wat,507.0415912
19,Sample_S19S_0031_Wat,507.0780238
39,Sample_S19S_0031_Wat,507.1144464
49,Sample_S19S_0031_Wat,507.1508255
6,Sample_S19S_0031_Wat,507.179192
6,Sample_S19S_0031_Wat,507.2154676
10,Sample_S19S_0031_Wat,509.0573918
32,Sample_S19S_0031_Wat,509.0937287
35,Sample_S19S_0031_Wat,509.1300451
10,Sample_S19S_0031_Wat,509.1583575
11,Sample_S19S_0031_Wat,509.1947371
6,Sample_S19S_0031_Wat,511.0366348
27,Sample_S19S_0031_Wat,511.0729714
3,Sample_S19S_0031_Wat,511.1375472
7,Sample_S19S_0031_Wat,511.1739404
11,Sample_S19S_0031_Wat,511.2103696
6,Sample_S19S_0031_Wat,511.2183807
1,Sample_S19S_0031_Wat,512.1079158
7,Sample_S19S_0031_Wat,513.0522762
18,Sample_S19S_0031_Wat,513.0885835
17,Sample_S19S_0031_Wat,513.1169162
12,Sample_S19S_0031_Wat,513.1248843
4,Sample_S19S_0031_Wat,513.1401059
6,Sample_S19S_0031_Wat,513.1531789
3,Sample_S19S_0031_Wat,513.1612236
9,Sample_S19S_0031_Wat,513.1895585
4,Sample_S19S_0031_Wat,515.0467951
7,Sample_S19S_0031_Wat,515.0679477
27,Sample_S19S_0031_Wat,515.083157
22,Sample_S19S_0031_Wat,515.1042917
29,Sample_S19S_0031_Wat,515.1194964
6,Sample_S19S_0031_Wat,515.1326297
19,Sample_S19S_0031_Wat,515.1405768
11,Sample_S19S_0031_Wat,515.155816
16,Sample_S19S_0031_Wat,515.1688778
6,Sample_S19S_0031_Wat,515.2052029
19,Sample_S19S_0031_Wat,517.0624113
12,Sample_S19S_0031_Wat,517.098859
7,Sample_S19S_0031_Wat,517.1352552
12,Sample_S19S_0031_Wat,517.171616
16,Sample_S19S_0031_Wat,517.1846401
31,Sample_S19S_0031_Wat,517.2079237
4,Sample_S19S_0031_Wat,519.041577
8,Sample_S19S_0031_Wat,519.0779454
12,Sample_S19S_0031_Wat,519.1143103
26,Sample_S19S_0031_Wat,519.1507584
5,Sample_S19S_0031_Wat,519.1639413
44,Sample_S19S_0031_Wat,519.1872205
11,Sample_S19S_0031_Wat,519.2236508
16,Sample_S19S_0031_Wat,521.0573462
23,Sample_S19S_0031_Wat,521.0937324
38,Sample_S19S_0031_Wat,521.1301011
22,Sample_S19S_0031_Wat,521.1663968
2,Sample_S19S_0031_Wat,521.1946636
6,Sample_S19S_0031_Wat,521.2027235
7,Sample_S19S_0031_Wat,523.0728235
2,Sample_S19S_0031_Wat,523.1091901
10,Sample_S19S_0031_Wat,523.1456062
14,Sample_S19S_0031_Wat,523.1739853
16,Sample_S19S_0031_Wat,523.1820717
19,Sample_S19S_0031_Wat,523.2104573
8,Sample_S19S_0031_Wat,525.0521307
18,Sample_S19S_0031_Wat,525.0885729
3,Sample_S19S_0031_Wat,525.1169923
27,Sample_S19S_0031_Wat,525.1250197
32,Sample_S19S_0031_Wat,525.1614051
6,Sample_S19S_0031_Wat,526.1929575
12,Sample_S19S_0031_Wat,527.0679337
10,Sample_S19S_0031_Wat,527.0832056
8,Sample_S19S_0031_Wat,527.1043114
15,Sample_S19S_0031_Wat,527.119585
33,Sample_S19S_0031_Wat,527.1406475
21,Sample_S19S_0031_Wat,527.1689685
21,Sample_S19S_0031_Wat,527.1769645
18,Sample_S19S_0031_Wat,527.2052882
1,Sample_S19S_0031_Wat,527.2132606
12,Sample_S19S_0031_Wat,529.0624704
6,Sample_S19S_0031_Wat,529.0836238
14,Sample_S19S_0031_Wat,529.0988481
15,Sample_S19S_0031_Wat,529.119899
29,Sample_S19S_0031_Wat,529.1351825
12,Sample_S19S_0031_Wat,529.1482589
15,Sample_S19S_0031_Wat,529.1562352
15,Sample_S19S_0031_Wat,529.1714748
18,Sample_S19S_0031_Wat,529.184567
5,Sample_S19S_0031_Wat,529.2078283
3,Sample_S19S_0031_Wat,529.2208396
4,Sample_S19S_0031_Wat,531.0417642
5,Sample_S19S_0031_Wat,531.0781475
11,Sample_S19S_0031_Wat,531.0992322
13,Sample_S19S_0031_Wat,531.1144803
24,Sample_S19S_0031_Wat,531.1507766
16,Sample_S19S_0031_Wat,531.1638843
10,Sample_S19S_0031_Wat,531.1871077
9,Sample_S19S_0031_Wat,531.2001725
11,Sample_S19S_0031_Wat,531.2234777
7,Sample_S19S_0031_Wat,533.0574115
15,Sample_S19S_0031_Wat,533.0937827
21,Sample_S19S_0031_Wat,533.1301236
47,Sample_S19S_0031_Wat,533.166456
12,Sample_S19S_0031_Wat,533.1795306
9,Sample_S19S_0031_Wat,533.2027587
2,Sample_S19S_0031_Wat,533.2390944
19,Sample_S19S_0031_Wat,535.0730261
13,Sample_S19S_0031_Wat,535.1094222
8,Sample_S19S_0031_Wat,535.1458132
18,Sample_S19S_0031_Wat,535.1821751
5,Sample_S19S_0031_Wat,537.0520931
15,Sample_S19S_0031_Wat,537.0884904
28,Sample_S19S_0031_Wat,537.1249315
15,Sample_S19S_0031_Wat,537.1533456
36,Sample_S19S_0031_Wat,537.161382
14,Sample_S19S_0031_Wat,537.1978101
13,Sample_S19S_0031_Wat,539.0679143
16,Sample_S19S_0031_Wat,539.1042196
23,Sample_S19S_0031_Wat,539.1405618
8,Sample_S19S_0031_Wat,539.1688297
1,Sample_S19S_0031_Wat,539.2416063
18,Sample_S19S_0031_Wat,541.0834882
22,Sample_S19S_0031_Wat,541.1199147
12,Sample_S19S_0031_Wat,541.1563515
2,Sample_S19S_0031_Wat,541.1927684
6,Sample_S19S_0031_Wat,543.0629181
12,Sample_S19S_0031_Wat,543.0781158
17,Sample_S19S_0031_Wat,543.09918
16,Sample_S19S_0031_Wat,543.1144211
15,Sample_S19S_0031_Wat,543.1355017
22,Sample_S19S_0031_Wat,543.1507543
15,Sample_S19S_0031_Wat,543.1638009
5,Sample_S19S_0031_Wat,543.1870791
7,Sample_S19S_0031_Wat,543.2001267
8,Sample_S19S_0031_Wat,545.0571838
12,Sample_S19S_0031_Wat,545.1299664
6,Sample_S19S_0031_Wat,545.1432084
5,Sample_S19S_0031_Wat,545.1795929
26,Sample_S19S_0031_Wat,545.2028931
14,Sample_S19S_0031_Wat,545.2159419
8,Sample_S19S_0031_Wat,547.0729547
17,Sample_S19S_0031_Wat,547.109415
14,Sample_S19S_0031_Wat,547.145805
2,Sample_S19S_0031_Wat,547.1822164
14,Sample_S19S_0031_Wat,547.2185618
9,Sample_S19S_0031_Wat,549.0523077
9,Sample_S19S_0031_Wat,549.0887119
13,Sample_S19S_0031_Wat,549.1250923
16,Sample_S19S_0031_Wat,549.1614413
30,Sample_S19S_0031_Wat,549.1977663
9,Sample_S19S_0031_Wat,551.0679996
15,Sample_S19S_0031_Wat,551.10435
19,Sample_S19S_0031_Wat,551.140683
11,Sample_S19S_0031_Wat,551.1689448
18,Sample_S19S_0031_Wat,551.1769906
7,Sample_S19S_0031_Wat,553.0836572
17,Sample_S19S_0031_Wat,553.1199748
35,Sample_S19S_0031_Wat,553.1562956
17,Sample_S19S_0031_Wat,553.1925971
7,Sample_S19S_0031_Wat,555.0629131
5,Sample_S19S_0031_Wat,555.0993123
6,Sample_S19S_0031_Wat,555.1356619
1,Sample_S19S_0031_Wat,555.1639967
11,Sample_S19S_0031_Wat,555.1720029
2,Sample_S19S_0031_Wat,557.1513467
1,Sample_S19S_0031_Wat,557.1797008
22,Sample_S19S_0031_Wat,559.1456819
9,Sample_S19S_0031_Wat,561.0522506
12,Sample_S19S_0031_Wat,561.0885432
1,Sample_S19S_0031_Wat,561.1611805
1,Sample_S19S_0031_Wat,561.1975534
17,Sample_S19S_0031_Wat,563.0679011
8,Sample_S19S_0031_Wat,563.1043787
5,Sample_S19S_0031_Wat,563.140767
4,Sample_S19S_0031_Wat,563.1771352
20,Sample_S19S_0031_Wat,563.2134586
6,Sample_S19S_0031_Wat,565.0833841
1,Sample_S19S_0031_Wat,565.1561141
1,Sample_S19S_0031_Wat,565.1844084
9,Sample_S19S_0031_Wat,567.0628477
11,Sample_S19S_0031_Wat,567.0992538
8,Sample_S19S_0031_Wat,567.1356587
13,Sample_S19S_0031_Wat,567.2083955
8,Sample_S19S_0031_Wat,567.2366591
12,Sample_S19S_0031_Wat,569.0784551
13,Sample_S19S_0031_Wat,569.1147778
10,Sample_S19S_0031_Wat,569.17943
2,Sample_S19S_0031_Wat,571.0727742
17,Sample_S19S_0031_Wat,571.1303995
5,Sample_S19S_0031_Wat,571.1588445
4,Sample_S19S_0031_Wat,571.1952621
4,Sample_S19S_0031_Wat,573.0521883
12,Sample_S19S_0031_Wat,573.0886509
13,Sample_S19S_0031_Wat,573.1250609
5,Sample_S19S_0031_Wat,573.1615077
3,Sample_S19S_0031_Wat,573.1978706
4,Sample_S19S_0031_Wat,575.0680122
6,Sample_S19S_0031_Wat,575.1043617
5,Sample_S19S_0031_Wat,575.1407714
21,Sample_S19S_0031_Wat,575.1770756
3,Sample_S19S_0031_Wat,577.0836723
32,Sample_S19S_0031_Wat,577.1563035
19,Sample_S19S_0031_Wat,577.1926143
5,Sample_S19S_0031_Wat,579.0629358
9,Sample_S19S_0031_Wat,579.0992643
22,Sample_S19S_0031_Wat,579.1355972
25,Sample_S19S_0031_Wat,579.1719274
14,Sample_S19S_0031_Wat,579.2082488
5,Sample_S19S_0031_Wat,581.0785526
19,Sample_S19S_0031_Wat,581.1148894
26,Sample_S19S_0031_Wat,581.1512226
20,Sample_S19S_0031_Wat,581.1875335
2,Sample_S19S_0031_Wat,583.094266
8,Sample_S19S_0031_Wat,583.1306046
13,Sample_S19S_0031_Wat,583.1669172
7,Sample_S19S_0031_Wat,583.1952442
9,Sample_S19S_0031_Wat,583.2314722
4,Sample_S19S_0031_Wat,585.0734724
2,Sample_S19S_0031_Wat,587.06769
18,Sample_S19S_0031_Wat,587.1770783
13,Sample_S19S_0031_Wat,587.2134744
9,Sample_S19S_0031_Wat,587.2498677
7,Sample_S19S_0031_Wat,591.0629191
3,Sample_S19S_0031_Wat,591.0993225
4,Sample_S19S_0031_Wat,591.135742
7,Sample_S19S_0031_Wat,591.1720289
3,Sample_S19S_0031_Wat,593.078251
5,Sample_S19S_0031_Wat,593.1511079
18,Sample_S19S_0031_Wat,593.1875846
2,Sample_S19S_0031_Wat,597.1095532
8,Sample_S19S_0031_Wat,605.0785609
3,Sample_S19S_0031_Wat,605.1149751
2,Sample_S19S_0031_Wat,605.1513953
14,Sample_S19S_0031_Wat,607.094164
24,Sample_S19S_0031_Wat,607.1667845
13,Sample_S19S_0031_Wat,609.1096597
4,Sample_S19S_0031_Wat,619.0940393
9,Sample_S19S_0031_Wat,621.1098264
12,Sample_S19S_0031_Wat,621.1461897
2,Sample_S19S_0031_Wat,623.1255649
9,Sample_S19S_0031_Wat,633.1097626
4,Sample_S19S_0031_Wat,635.0889363
