num.trans.involved.in,sample,peak
26,Sample_S19S_0043_Wat,201.0768122
24,Sample_S19S_0043_Wat,201.1131969
11,Sample_S19S_0043_Wat,203.0924536
6,Sample_S19S_0043_Wat,205.1597578
27,Sample_S19S_0043_Wat,209.0818981
9,Sample_S19S_0043_Wat,210.0407624
36,Sample_S19S_0043_Wat,211.0247874
48,Sample_S19S_0043_Wat,211.0611736
30,Sample_S19S_0043_Wat,211.097555
5,Sample_S19S_0043_Wat,212.0200182
18,Sample_S19S_0043_Wat,212.0564229
1,Sample_S19S_0043_Wat,213.0152775
38,Sample_S19S_0043_Wat,213.0768216
27,Sample_S19S_0043_Wat,213.1132092
32,Sample_S19S_0043_Wat,215.0924726
19,Sample_S19S_0043_Wat,215.1288446
25,Sample_S19S_0043_Wat,217.1081169
34,Sample_S19S_0043_Wat,221.0455191
15,Sample_S19S_0043_Wat,221.0818912
5,Sample_S19S_0043_Wat,221.1546776
6,Sample_S19S_0043_Wat,222.0407486
10,Sample_S19S_0043_Wat,222.0771399
16,Sample_S19S_0043_Wat,223.0611523
42,Sample_S19S_0043_Wat,223.0975605
26,Sample_S19S_0043_Wat,224.0564233
7,Sample_S19S_0043_Wat,224.092781
65,Sample_S19S_0043_Wat,225.0404494
45,Sample_S19S_0043_Wat,225.0768195
15,Sample_S19S_0043_Wat,225.1131873
11,Sample_S19S_0043_Wat,226.0356785
33,Sample_S19S_0043_Wat,226.072077
26,Sample_S19S_0043_Wat,227.056079
41,Sample_S19S_0043_Wat,227.092466
28,Sample_S19S_0043_Wat,227.1288722
43,Sample_S19S_0043_Wat,229.0717413
30,Sample_S19S_0043_Wat,229.1081151
23,Sample_S19S_0043_Wat,229.14452
39,Sample_S19S_0043_Wat,231.0873835
15,Sample_S19S_0043_Wat,231.1237543
41,Sample_S19S_0043_Wat,233.0455307
42,Sample_S19S_0043_Wat,233.0819208
13,Sample_S19S_0043_Wat,233.1546845
2,Sample_S19S_0043_Wat,234.0771258
40,Sample_S19S_0043_Wat,235.0247912
60,Sample_S19S_0043_Wat,235.0611873
47,Sample_S19S_0043_Wat,235.0975749
55,Sample_S19S_0043_Wat,236.0564412
42,Sample_S19S_0043_Wat,237.0404421
66,Sample_S19S_0043_Wat,237.0768351
45,Sample_S19S_0043_Wat,237.1132227
26,Sample_S19S_0043_Wat,238.0720655
1,Sample_S19S_0043_Wat,238.9629644
96,Sample_S19S_0043_Wat,239.0561117
12,Sample_S19S_0043_Wat,239.0673352
102,Sample_S19S_0043_Wat,239.092497
50,Sample_S19S_0043_Wat,239.1288753
29,Sample_S19S_0043_Wat,240.0513448
38,Sample_S19S_0043_Wat,240.0877319
47,Sample_S19S_0043_Wat,241.0717422
30,Sample_S19S_0043_Wat,241.1081087
45,Sample_S19S_0043_Wat,242.0670034
20,Sample_S19S_0043_Wat,242.139775
6,Sample_S19S_0043_Wat,242.1761465
38,Sample_S19S_0043_Wat,243.0873816
22,Sample_S19S_0043_Wat,243.1237626
21,Sample_S19S_0043_Wat,243.1601665
76,Sample_S19S_0043_Wat,245.0455587
15,Sample_S19S_0043_Wat,245.0489119
56,Sample_S19S_0043_Wat,245.0819342
63,Sample_S19S_0043_Wat,245.1030642
23,Sample_S19S_0043_Wat,245.1394342
40,Sample_S19S_0043_Wat,247.024801
74,Sample_S19S_0043_Wat,247.0612011
74,Sample_S19S_0043_Wat,247.0975945
40,Sample_S19S_0043_Wat,248.0564361
26,Sample_S19S_0043_Wat,248.0928093
79,Sample_S19S_0043_Wat,249.0404675
97,Sample_S19S_0043_Wat,249.0768527
42,Sample_S19S_0043_Wat,249.1132224
42,Sample_S19S_0043_Wat,249.1496147
58,Sample_S19S_0043_Wat,250.07209
67,Sample_S19S_0043_Wat,251.0560986
121,Sample_S19S_0043_Wat,251.0925063
50,Sample_S19S_0043_Wat,251.1289035
52,Sample_S19S_0043_Wat,252.0513612
48,Sample_S19S_0043_Wat,252.0877348
116,Sample_S19S_0043_Wat,253.0717756
12,Sample_S19S_0043_Wat,253.0829986
49,Sample_S19S_0043_Wat,253.1081345
49,Sample_S19S_0043_Wat,253.1445337
41,Sample_S19S_0043_Wat,254.0670222
46,Sample_S19S_0043_Wat,254.1033853
85,Sample_S19S_0043_Wat,255.0510433
37,Sample_S19S_0043_Wat,255.0663123
115,Sample_S19S_0043_Wat,255.0874163
43,Sample_S19S_0043_Wat,255.1237776
44,Sample_S19S_0043_Wat,256.0826837
33,Sample_S19S_0043_Wat,257.048925
88,Sample_S19S_0043_Wat,257.0666765
64,Sample_S19S_0043_Wat,257.1030521
53,Sample_S19S_0043_Wat,257.1394516
21,Sample_S19S_0043_Wat,257.175834
41,Sample_S19S_0043_Wat,258.0619166
20,Sample_S19S_0043_Wat,258.1347123
68,Sample_S19S_0043_Wat,259.0612028
81,Sample_S19S_0043_Wat,259.0823405
65,Sample_S19S_0043_Wat,259.0975861
24,Sample_S19S_0043_Wat,259.1009624
62,Sample_S19S_0043_Wat,259.1187072
14,Sample_S19S_0043_Wat,260.0564172
61,Sample_S19S_0043_Wat,261.040468
12,Sample_S19S_0043_Wat,261.04386
96,Sample_S19S_0043_Wat,261.0768598
44,Sample_S19S_0043_Wat,261.0980071
64,Sample_S19S_0043_Wat,261.1132477
50,Sample_S19S_0043_Wat,261.1343647
30,Sample_S19S_0043_Wat,262.0357323
46,Sample_S19S_0043_Wat,262.0721008
39,Sample_S19S_0043_Wat,263.019721
86,Sample_S19S_0043_Wat,263.0561329
4,Sample_S19S_0043_Wat,263.0673138
49,Sample_S19S_0043_Wat,263.0924815
53,Sample_S19S_0043_Wat,263.128908
50,Sample_S19S_0043_Wat,264.0513612
53,Sample_S19S_0043_Wat,264.087752
32,Sample_S19S_0043_Wat,264.1241638
70,Sample_S19S_0043_Wat,265.0353938
94,Sample_S19S_0043_Wat,265.0717855
27,Sample_S19S_0043_Wat,265.07514
24,Sample_S19S_0043_Wat,265.0829943
105,Sample_S19S_0043_Wat,265.1081545
38,Sample_S19S_0043_Wat,265.1445692
5,Sample_S19S_0043_Wat,265.1479151
61,Sample_S19S_0043_Wat,266.0670361
49,Sample_S19S_0043_Wat,266.1034196
1,Sample_S19S_0043_Wat,266.9942715
103,Sample_S19S_0043_Wat,267.0510336
109,Sample_S19S_0043_Wat,267.0874299
16,Sample_S19S_0043_Wat,267.0986455
101,Sample_S19S_0043_Wat,267.123805
43,Sample_S19S_0043_Wat,267.1601848
63,Sample_S19S_0043_Wat,268.08266
46,Sample_S19S_0043_Wat,268.1190514
7,Sample_S19S_0043_Wat,269.0455202
111,Sample_S19S_0043_Wat,269.0666802
103,Sample_S19S_0043_Wat,269.1030627
19,Sample_S19S_0043_Wat,269.1143357
58,Sample_S19S_0043_Wat,269.1394657
9,Sample_S19S_0043_Wat,270.0441717
5,Sample_S19S_0043_Wat,270.0805893
54,Sample_S19S_0043_Wat,270.0983057
20,Sample_S19S_0043_Wat,271.061176
32,Sample_S19S_0043_Wat,271.0645721
92,Sample_S19S_0043_Wat,271.0823212
93,Sample_S19S_0043_Wat,271.118718
26,Sample_S19S_0043_Wat,271.1551343
39,Sample_S19S_0043_Wat,272.0775888
58,Sample_S19S_0043_Wat,273.040478
20,Sample_S19S_0043_Wat,273.0438577
9,Sample_S19S_0043_Wat,273.0517491
59,Sample_S19S_0043_Wat,273.061591
82,Sample_S19S_0043_Wat,273.0768603
13,Sample_S19S_0043_Wat,273.0802466
74,Sample_S19S_0043_Wat,273.0979879
58,Sample_S19S_0043_Wat,273.1132445
38,Sample_S19S_0043_Wat,273.1343844
45,Sample_S19S_0043_Wat,274.0720917
36,Sample_S19S_0043_Wat,274.0932637
53,Sample_S19S_0043_Wat,275.0197425
80,Sample_S19S_0043_Wat,275.0561155
29,Sample_S19S_0043_Wat,275.0594984
14,Sample_S19S_0043_Wat,275.0673647
86,Sample_S19S_0043_Wat,275.0925149
12,Sample_S19S_0043_Wat,275.0958927
19,Sample_S19S_0043_Wat,275.1037747
61,Sample_S19S_0043_Wat,275.1136274
58,Sample_S19S_0043_Wat,275.1288873
40,Sample_S19S_0043_Wat,276.0513913
18,Sample_S19S_0043_Wat,276.0877174
67,Sample_S19S_0043_Wat,277.0354157
92,Sample_S19S_0043_Wat,277.0717892
30,Sample_S19S_0043_Wat,277.0830242
96,Sample_S19S_0043_Wat,277.1081544
15,Sample_S19S_0043_Wat,277.1194289
59,Sample_S19S_0043_Wat,277.1445377
49,Sample_S19S_0043_Wat,278.0670289
14,Sample_S19S_0043_Wat,278.0782465
50,Sample_S19S_0043_Wat,278.1034322
36,Sample_S19S_0043_Wat,278.1397966
25,Sample_S19S_0043_Wat,279.0146331
78,Sample_S19S_0043_Wat,279.0510516
21,Sample_S19S_0043_Wat,279.0622836
68,Sample_S19S_0043_Wat,279.0874539
26,Sample_S19S_0043_Wat,279.0986672
71,Sample_S19S_0043_Wat,279.1238221
45,Sample_S19S_0043_Wat,280.0463018
75,Sample_S19S_0043_Wat,280.0826921
56,Sample_S19S_0043_Wat,280.1190492
111,Sample_S19S_0043_Wat,281.0666829
26,Sample_S19S_0043_Wat,281.0779309
75,Sample_S19S_0043_Wat,281.1030502
20,Sample_S19S_0043_Wat,281.1143409
80,Sample_S19S_0043_Wat,281.1394597
58,Sample_S19S_0043_Wat,282.0983548
25,Sample_S19S_0043_Wat,282.1347472
82,Sample_S19S_0043_Wat,283.0459554
43,Sample_S19S_0043_Wat,283.0612062
3,Sample_S19S_0043_Wat,283.064623
74,Sample_S19S_0043_Wat,283.0823169
25,Sample_S19S_0043_Wat,283.0935869
114,Sample_S19S_0043_Wat,283.118715
39,Sample_S19S_0043_Wat,283.1551309
62,Sample_S19S_0043_Wat,284.0776208
49,Sample_S19S_0043_Wat,284.1139788
46,Sample_S19S_0043_Wat,285.0404866
71,Sample_S19S_0043_Wat,285.0616357
54,Sample_S19S_0043_Wat,285.0768513
30,Sample_S19S_0043_Wat,285.0802217
15,Sample_S19S_0043_Wat,285.0881085
43,Sample_S19S_0043_Wat,285.0980306
14,Sample_S19S_0043_Wat,285.1092216
9,Sample_S19S_0043_Wat,285.1262347
60,Sample_S19S_0043_Wat,285.1343948
40,Sample_S19S_0043_Wat,285.17075
28,Sample_S19S_0043_Wat,286.0568589
42,Sample_S19S_0043_Wat,286.0720931
48,Sample_S19S_0043_Wat,286.0932539
61,Sample_S19S_0043_Wat,287.0561351
6,Sample_S19S_0043_Wat,287.0595327
10,Sample_S19S_0043_Wat,287.0673913
78,Sample_S19S_0043_Wat,287.0772537
72,Sample_S19S_0043_Wat,287.0925228
32,Sample_S19S_0043_Wat,287.0958808
82,Sample_S19S_0043_Wat,287.1136282
46,Sample_S19S_0043_Wat,287.1289021
52,Sample_S19S_0043_Wat,287.150015
38,Sample_S19S_0043_Wat,288.0513962
45,Sample_S19S_0043_Wat,288.0877815
35,Sample_S19S_0043_Wat,288.1089115
56,Sample_S19S_0043_Wat,289.0354029
98,Sample_S19S_0043_Wat,289.0717704
33,Sample_S19S_0043_Wat,289.0751476
23,Sample_S19S_0043_Wat,289.0830287
59,Sample_S19S_0043_Wat,289.0929075
71,Sample_S19S_0043_Wat,289.1081489
31,Sample_S19S_0043_Wat,289.1115236
9,Sample_S19S_0043_Wat,289.1194516
58,Sample_S19S_0043_Wat,289.1292776
52,Sample_S19S_0043_Wat,289.1445478
9,Sample_S19S_0043_Wat,290.0305978
20,Sample_S19S_0043_Wat,290.0669883
5,Sample_S19S_0043_Wat,290.078297
13,Sample_S19S_0043_Wat,290.0882083
61,Sample_S19S_0043_Wat,290.1033932
31,Sample_S19S_0043_Wat,291.0146759
81,Sample_S19S_0043_Wat,291.0510416
26,Sample_S19S_0043_Wat,291.0622947
92,Sample_S19S_0043_Wat,291.0874132
27,Sample_S19S_0043_Wat,291.0986884
72,Sample_S19S_0043_Wat,291.1237966
47,Sample_S19S_0043_Wat,291.1601932
37,Sample_S19S_0043_Wat,292.0462633
57,Sample_S19S_0043_Wat,292.1190716
1,Sample_S19S_0043_Wat,292.2129776
83,Sample_S19S_0043_Wat,293.0667099
31,Sample_S19S_0043_Wat,293.0779374
108,Sample_S19S_0043_Wat,293.1030793
20,Sample_S19S_0043_Wat,293.1064492
31,Sample_S19S_0043_Wat,293.1143295
84,Sample_S19S_0043_Wat,293.1394564
11,Sample_S19S_0043_Wat,293.1757942
43,Sample_S19S_0043_Wat,294.0619153
6,Sample_S19S_0043_Wat,294.0731563
64,Sample_S19S_0043_Wat,294.098304
49,Sample_S19S_0043_Wat,294.1347046
70,Sample_S19S_0043_Wat,295.0459444
115,Sample_S19S_0043_Wat,295.0823376
15,Sample_S19S_0043_Wat,295.093638
121,Sample_S19S_0043_Wat,295.1187213
10,Sample_S19S_0043_Wat,295.1221028
8,Sample_S19S_0043_Wat,295.1300362
62,Sample_S19S_0043_Wat,295.1550986
56,Sample_S19S_0043_Wat,296.0775656
5,Sample_S19S_0043_Wat,296.0888474
47,Sample_S19S_0043_Wat,296.1139469
31,Sample_S19S_0043_Wat,296.1503354
82,Sample_S19S_0043_Wat,297.0616262
27,Sample_S19S_0043_Wat,297.080232
71,Sample_S19S_0043_Wat,297.0980154
29,Sample_S19S_0043_Wat,297.109248
45,Sample_S19S_0043_Wat,297.1344063
2,Sample_S19S_0043_Wat,297.1377915
7,Sample_S19S_0043_Wat,297.1529844
21,Sample_S19S_0043_Wat,297.1707937
65,Sample_S19S_0043_Wat,298.0932671
48,Sample_S19S_0043_Wat,298.1296449
56,Sample_S19S_0043_Wat,299.05613
28,Sample_S19S_0043_Wat,299.0595
90,Sample_S19S_0043_Wat,299.0772616
18,Sample_S19S_0043_Wat,299.0884889
51,Sample_S19S_0043_Wat,299.0924991
17,Sample_S19S_0043_Wat,299.0958611
86,Sample_S19S_0043_Wat,299.1136455
70,Sample_S19S_0043_Wat,299.1500243
13,Sample_S19S_0043_Wat,300.0547441
42,Sample_S19S_0043_Wat,300.0725
37,Sample_S19S_0043_Wat,300.0877696
19,Sample_S19S_0043_Wat,300.0911175
46,Sample_S19S_0043_Wat,300.1089049
53,Sample_S19S_0043_Wat,301.0353903
53,Sample_S19S_0043_Wat,301.0565488
56,Sample_S19S_0043_Wat,301.071792
34,Sample_S19S_0043_Wat,301.0751454
6,Sample_S19S_0043_Wat,301.0830694
61,Sample_S19S_0043_Wat,301.092932
39,Sample_S19S_0043_Wat,301.1081829
51,Sample_S19S_0043_Wat,301.129318
40,Sample_S19S_0043_Wat,301.1445638
35,Sample_S19S_0043_Wat,301.1656955
44,Sample_S19S_0043_Wat,302.0670162
32,Sample_S19S_0043_Wat,302.0881947
29,Sample_S19S_0043_Wat,302.1245742
70,Sample_S19S_0043_Wat,303.0510433
37,Sample_S19S_0043_Wat,303.0544081
11,Sample_S19S_0043_Wat,303.0623453
79,Sample_S19S_0043_Wat,303.0874395
38,Sample_S19S_0043_Wat,303.0907893
74,Sample_S19S_0043_Wat,303.1085414
63,Sample_S19S_0043_Wat,303.1238249
55,Sample_S19S_0043_Wat,303.1449308
34,Sample_S19S_0043_Wat,303.1602155
32,Sample_S19S_0043_Wat,304.0462877
55,Sample_S19S_0043_Wat,304.0826613
31,Sample_S19S_0043_Wat,304.1038383
64,Sample_S19S_0043_Wat,304.119049
8,Sample_S19S_0043_Wat,304.1402446
53,Sample_S19S_0043_Wat,305.0303157
6,Sample_S19S_0043_Wat,305.0416206
99,Sample_S19S_0043_Wat,305.0666877
36,Sample_S19S_0043_Wat,305.0700613
18,Sample_S19S_0043_Wat,305.0779953
89,Sample_S19S_0043_Wat,305.1030852
15,Sample_S19S_0043_Wat,305.1064563
11,Sample_S19S_0043_Wat,305.1143903
67,Sample_S19S_0043_Wat,305.1394662
6,Sample_S19S_0043_Wat,306.0732435
66,Sample_S19S_0043_Wat,306.0983427
3,Sample_S19S_0043_Wat,306.1195211
56,Sample_S19S_0043_Wat,306.1347087
77,Sample_S19S_0043_Wat,307.0459779
15,Sample_S19S_0043_Wat,307.0572343
66,Sample_S19S_0043_Wat,307.0823737
16,Sample_S19S_0043_Wat,307.0857227
33,Sample_S19S_0043_Wat,307.0936059
53,Sample_S19S_0043_Wat,307.1187572
28,Sample_S19S_0043_Wat,307.1299781
40,Sample_S19S_0043_Wat,307.1551342
45,Sample_S19S_0043_Wat,308.0412303
64,Sample_S19S_0043_Wat,308.0775973
8,Sample_S19S_0043_Wat,308.0888546
63,Sample_S19S_0043_Wat,308.1139545
42,Sample_S19S_0043_Wat,308.1503432
98,Sample_S19S_0043_Wat,309.0616036
32,Sample_S19S_0043_Wat,309.0728691
115,Sample_S19S_0043_Wat,309.0979773
14,Sample_S19S_0043_Wat,309.1092661
99,Sample_S19S_0043_Wat,309.1343649
42,Sample_S19S_0043_Wat,309.1707647
4,Sample_S19S_0043_Wat,309.1741269
47,Sample_S19S_0043_Wat,310.0568411
66,Sample_S19S_0043_Wat,310.0932206
7,Sample_S19S_0043_Wat,310.1044419
63,Sample_S19S_0043_Wat,310.1296176
90,Sample_S19S_0043_Wat,311.0772659
35,Sample_S19S_0043_Wat,311.0885065
13,Sample_S19S_0043_Wat,311.0958599
133,Sample_S19S_0043_Wat,311.1136352
33,Sample_S19S_0043_Wat,311.1248899
82,Sample_S19S_0043_Wat,311.1500195
52,Sample_S19S_0043_Wat,312.0725103
24,Sample_S19S_0043_Wat,312.1453188
62,Sample_S19S_0043_Wat,313.0565398
36,Sample_S19S_0043_Wat,313.071764
10,Sample_S19S_0043_Wat,313.075094
74,Sample_S19S_0043_Wat,313.0929245
13,Sample_S19S_0043_Wat,313.1115031
75,Sample_S19S_0043_Wat,313.1293014
53,Sample_S19S_0043_Wat,313.1656688
20,Sample_S19S_0043_Wat,314.0670019
58,Sample_S19S_0043_Wat,314.0881771
21,Sample_S19S_0043_Wat,314.1067669
52,Sample_S19S_0043_Wat,314.1245573
58,Sample_S19S_0043_Wat,315.0510397
36,Sample_S19S_0043_Wat,315.0544106
57,Sample_S19S_0043_Wat,315.0721791
32,Sample_S19S_0043_Wat,315.0873994
10,Sample_S19S_0043_Wat,315.0907452
4,Sample_S19S_0043_Wat,315.0987828
62,Sample_S19S_0043_Wat,315.1085755
63,Sample_S19S_0043_Wat,315.1238052
48,Sample_S19S_0043_Wat,315.1449559
54,Sample_S19S_0043_Wat,316.0826874
47,Sample_S19S_0043_Wat,316.1038062
27,Sample_S19S_0043_Wat,316.1402237
75,Sample_S19S_0043_Wat,317.0666936
31,Sample_S19S_0043_Wat,317.0700656
5,Sample_S19S_0043_Wat,317.0780371
74,Sample_S19S_0043_Wat,317.0878157
1,Sample_S19S_0043_Wat,317.0910686
66,Sample_S19S_0043_Wat,317.1030588
7,Sample_S19S_0043_Wat,317.1063977
11,Sample_S19S_0043_Wat,317.1143954
45,Sample_S19S_0043_Wat,317.124227
65,Sample_S19S_0043_Wat,317.1394552
35,Sample_S19S_0043_Wat,317.1606071
43,Sample_S19S_0043_Wat,318.0619419
3,Sample_S19S_0043_Wat,318.0732265
18,Sample_S19S_0043_Wat,318.0831173
49,Sample_S19S_0043_Wat,318.0982984
23,Sample_S19S_0043_Wat,318.1194966
53,Sample_S19S_0043_Wat,318.134695
24,Sample_S19S_0043_Wat,319.0460069
7,Sample_S19S_0043_Wat,319.0573003
77,Sample_S19S_0043_Wat,319.0823624
35,Sample_S19S_0043_Wat,319.0857041
7,Sample_S19S_0043_Wat,319.0936659
95,Sample_S19S_0043_Wat,319.1187158
53,Sample_S19S_0043_Wat,319.1551015
36,Sample_S19S_0043_Wat,320.0412195
48,Sample_S19S_0043_Wat,320.0776287
7,Sample_S19S_0043_Wat,320.0888976
20,Sample_S19S_0043_Wat,320.0987676
31,Sample_S19S_0043_Wat,320.1140206
17,Sample_S19S_0043_Wat,320.1252215
18,Sample_S19S_0043_Wat,320.1351354
21,Sample_S19S_0043_Wat,320.1503998
42,Sample_S19S_0043_Wat,321.0252313
65,Sample_S19S_0043_Wat,321.0616406
8,Sample_S19S_0043_Wat,321.0649964
19,Sample_S19S_0043_Wat,321.0728956
49,Sample_S19S_0043_Wat,321.0980285
6,Sample_S19S_0043_Wat,321.1013887
14,Sample_S19S_0043_Wat,321.1093021
76,Sample_S19S_0043_Wat,321.1343949
8,Sample_S19S_0043_Wat,321.1377596
6,Sample_S19S_0043_Wat,321.1457034
42,Sample_S19S_0043_Wat,321.1707672
52,Sample_S19S_0043_Wat,322.0568903
5,Sample_S19S_0043_Wat,322.0681484
67,Sample_S19S_0043_Wat,322.0932669
13,Sample_S19S_0043_Wat,322.1045081
6,Sample_S19S_0043_Wat,322.1144282
57,Sample_S19S_0043_Wat,323.0408542
101,Sample_S19S_0043_Wat,323.0772527
29,Sample_S19S_0043_Wat,323.0884973
64,Sample_S19S_0043_Wat,323.1136726
26,Sample_S19S_0043_Wat,323.1249109
60,Sample_S19S_0043_Wat,323.1500462
33,Sample_S19S_0043_Wat,323.1864241
3,Sample_S19S_0043_Wat,324.0546932
55,Sample_S19S_0043_Wat,324.0725027
68,Sample_S19S_0043_Wat,324.108871
40,Sample_S19S_0043_Wat,324.1453087
67,Sample_S19S_0043_Wat,325.0565425
14,Sample_S19S_0043_Wat,325.0678176
27,Sample_S19S_0043_Wat,325.0751326
102,Sample_S19S_0043_Wat,325.0928926
38,Sample_S19S_0043_Wat,325.1041654
82,Sample_S19S_0043_Wat,325.1292996
36,Sample_S19S_0043_Wat,325.1405449
41,Sample_S19S_0043_Wat,325.1657004
1,Sample_S19S_0043_Wat,325.1842438
40,Sample_S19S_0043_Wat,326.0518083
60,Sample_S19S_0043_Wat,326.0881656
63,Sample_S19S_0043_Wat,326.1245662
67,Sample_S19S_0043_Wat,327.0722018
25,Sample_S19S_0043_Wat,327.0834311
55,Sample_S19S_0043_Wat,327.0874372
11,Sample_S19S_0043_Wat,327.090737
73,Sample_S19S_0043_Wat,327.1085831
11,Sample_S19S_0043_Wat,327.1198419
25,Sample_S19S_0043_Wat,327.1238447
72,Sample_S19S_0043_Wat,327.1449492
10,Sample_S19S_0043_Wat,328.0860593
55,Sample_S19S_0043_Wat,328.1037984
36,Sample_S19S_0043_Wat,328.140231
27,Sample_S19S_0043_Wat,329.0667319
39,Sample_S19S_0043_Wat,329.0700573
8,Sample_S19S_0043_Wat,329.0780113
91,Sample_S19S_0043_Wat,329.0878075
62,Sample_S19S_0043_Wat,329.1030905
33,Sample_S19S_0043_Wat,329.1064332
61,Sample_S19S_0043_Wat,329.1242163
1,Sample_S19S_0043_Wat,329.152419
33,Sample_S19S_0043_Wat,330.0619755
8,Sample_S19S_0043_Wat,330.0653631
23,Sample_S19S_0043_Wat,330.0983753
22,Sample_S19S_0043_Wat,330.1016957
38,Sample_S19S_0043_Wat,331.0459941
66,Sample_S19S_0043_Wat,331.0823608
36,Sample_S19S_0043_Wat,331.0857029
3,Sample_S19S_0043_Wat,331.0937101
40,Sample_S19S_0043_Wat,331.1034998
78,Sample_S19S_0043_Wat,331.1187275
10,Sample_S19S_0043_Wat,331.122066
26,Sample_S19S_0043_Wat,331.1399002
16,Sample_S19S_0043_Wat,331.155166
28,Sample_S19S_0043_Wat,332.0412408
57,Sample_S19S_0043_Wat,332.0775831
9,Sample_S19S_0043_Wat,332.0809931
9,Sample_S19S_0043_Wat,332.0888882
34,Sample_S19S_0043_Wat,332.0987468
47,Sample_S19S_0043_Wat,332.1139958
38,Sample_S19S_0043_Wat,333.0616512
7,Sample_S19S_0043_Wat,333.0650225
3,Sample_S19S_0043_Wat,333.0729806
89,Sample_S19S_0043_Wat,333.0980074
28,Sample_S19S_0043_Wat,333.1013488
5,Sample_S19S_0043_Wat,333.109335
39,Sample_S19S_0043_Wat,333.1344131
23,Sample_S19S_0043_Wat,333.137741
29,Sample_S19S_0043_Wat,333.1707943
48,Sample_S19S_0043_Wat,334.0568812
2,Sample_S19S_0043_Wat,334.0681951
48,Sample_S19S_0043_Wat,334.0932769
11,Sample_S19S_0043_Wat,334.1144217
39,Sample_S19S_0043_Wat,335.0409093
9,Sample_S19S_0043_Wat,335.0521847
88,Sample_S19S_0043_Wat,335.0772597
28,Sample_S19S_0043_Wat,335.0806299
54,Sample_S19S_0043_Wat,335.1136067
4,Sample_S19S_0043_Wat,335.1169263
19,Sample_S19S_0043_Wat,335.124927
71,Sample_S19S_0043_Wat,335.150042
37,Sample_S19S_0043_Wat,335.1864245
1,Sample_S19S_0043_Wat,335.2358032
17,Sample_S19S_0043_Wat,336.0361684
36,Sample_S19S_0043_Wat,336.0725571
67,Sample_S19S_0043_Wat,336.1089144
2,Sample_S19S_0043_Wat,336.1453517
46,Sample_S19S_0043_Wat,337.0564852
22,Sample_S19S_0043_Wat,337.0677837
10,Sample_S19S_0043_Wat,337.0695448
102,Sample_S19S_0043_Wat,337.0929176
18,Sample_S19S_0043_Wat,337.1041904
107,Sample_S19S_0043_Wat,337.1292866
19,Sample_S19S_0043_Wat,337.1405715
62,Sample_S19S_0043_Wat,337.1656867
6,Sample_S19S_0043_Wat,337.2021218
1,Sample_S19S_0043_Wat,337.2054692
15,Sample_S19S_0043_Wat,338.0518396
66,Sample_S19S_0043_Wat,338.0881798
55,Sample_S19S_0043_Wat,338.1245766
21,Sample_S19S_0043_Wat,338.160969
4,Sample_S19S_0043_Wat,339.0543354
93,Sample_S19S_0043_Wat,339.0721726
12,Sample_S19S_0043_Wat,339.0834699
113,Sample_S19S_0043_Wat,339.1085453
30,Sample_S19S_0043_Wat,339.1198231
43,Sample_S19S_0043_Wat,339.1449816
39,Sample_S19S_0043_Wat,339.1813533
2,Sample_S19S_0043_Wat,339.1999929
10,Sample_S19S_0043_Wat,340.0496356
21,Sample_S19S_0043_Wat,340.0674792
58,Sample_S19S_0043_Wat,340.1038147
55,Sample_S19S_0043_Wat,340.1401964
16,Sample_S19S_0043_Wat,341.0302897
51,Sample_S19S_0043_Wat,341.0514621
14,Sample_S19S_0043_Wat,341.0700215
99,Sample_S19S_0043_Wat,341.0878109
25,Sample_S19S_0043_Wat,341.0990914
43,Sample_S19S_0043_Wat,341.12425
39,Sample_S19S_0043_Wat,341.1354562
50,Sample_S19S_0043_Wat,341.1606173
30,Sample_S19S_0043_Wat,341.1969848
6,Sample_S19S_0043_Wat,342.0653388
48,Sample_S19S_0043_Wat,342.0830768
24,Sample_S19S_0043_Wat,342.0983003
28,Sample_S19S_0043_Wat,342.1016758
50,Sample_S19S_0043_Wat,342.1194926
49,Sample_S19S_0043_Wat,342.155837
35,Sample_S19S_0043_Wat,343.0459579
11,Sample_S19S_0043_Wat,343.0492868
41,Sample_S19S_0043_Wat,343.067113
3,Sample_S19S_0043_Wat,343.0702855
20,Sample_S19S_0043_Wat,343.0823925
38,Sample_S19S_0043_Wat,343.0857039
91,Sample_S19S_0043_Wat,343.1034685
33,Sample_S19S_0043_Wat,343.1147254
47,Sample_S19S_0043_Wat,343.1187422
17,Sample_S19S_0043_Wat,343.1220769
19,Sample_S19S_0043_Wat,343.1399075
28,Sample_S19S_0043_Wat,343.1551386
38,Sample_S19S_0043_Wat,343.1762631
3,Sample_S19S_0043_Wat,344.0446381
33,Sample_S19S_0043_Wat,344.0623517
44,Sample_S19S_0043_Wat,344.0775907
16,Sample_S19S_0043_Wat,344.0809341
36,Sample_S19S_0043_Wat,344.0987606
57,Sample_S19S_0043_Wat,344.1139904
21,Sample_S19S_0043_Wat,344.1173262
2,Sample_S19S_0043_Wat,344.1350437
15,Sample_S19S_0043_Wat,344.1715382
56,Sample_S19S_0043_Wat,345.0616254
26,Sample_S19S_0043_Wat,345.0649742
69,Sample_S19S_0043_Wat,345.0980089
18,Sample_S19S_0043_Wat,345.1013399
48,Sample_S19S_0043_Wat,345.1191373
23,Sample_S19S_0043_Wat,345.1344288
24,Sample_S19S_0043_Wat,345.1377389
31,Sample_S19S_0043_Wat,345.1555412
46,Sample_S19S_0043_Wat,345.170772
28,Sample_S19S_0043_Wat,346.0569005
26,Sample_S19S_0043_Wat,346.07802
61,Sample_S19S_0043_Wat,346.0932318
33,Sample_S19S_0043_Wat,346.1143644
50,Sample_S19S_0043_Wat,346.1296472
19,Sample_S19S_0043_Wat,346.1507606
1,Sample_S19S_0043_Wat,346.2154294
43,Sample_S19S_0043_Wat,347.0408756
91,Sample_S19S_0043_Wat,347.0772564
10,Sample_S19S_0043_Wat,347.0805924
6,Sample_S19S_0043_Wat,347.0885951
26,Sample_S19S_0043_Wat,347.0903002
44,Sample_S19S_0043_Wat,347.1136821
29,Sample_S19S_0043_Wat,347.1170036
3,Sample_S19S_0043_Wat,347.1250187
24,Sample_S19S_0043_Wat,347.1348045
73,Sample_S19S_0043_Wat,347.1500262
11,Sample_S19S_0043_Wat,347.1864695
26,Sample_S19S_0043_Wat,348.0725611
70,Sample_S19S_0043_Wat,348.1089104
10,Sample_S19S_0043_Wat,348.1300774
58,Sample_S19S_0043_Wat,348.1452906
1,Sample_S19S_0043_Wat,348.231087
5,Sample_S19S_0043_Wat,349.0678584
83,Sample_S19S_0043_Wat,349.0929209
9,Sample_S19S_0043_Wat,349.0962266
11,Sample_S19S_0043_Wat,349.1042255
21,Sample_S19S_0043_Wat,349.1059291
88,Sample_S19S_0043_Wat,349.129303
6,Sample_S19S_0043_Wat,349.1325881
4,Sample_S19S_0043_Wat,349.1406431
64,Sample_S19S_0043_Wat,349.1656793
4,Sample_S19S_0043_Wat,349.1690154
13,Sample_S19S_0043_Wat,349.2021049
16,Sample_S19S_0043_Wat,350.0518357
72,Sample_S19S_0043_Wat,350.0881844
33,Sample_S19S_0043_Wat,350.1245924
6,Sample_S19S_0043_Wat,350.1609877
47,Sample_S19S_0043_Wat,351.0357871
68,Sample_S19S_0043_Wat,351.0721501
48,Sample_S19S_0043_Wat,351.1085115
17,Sample_S19S_0043_Wat,351.1198443
22,Sample_S19S_0043_Wat,351.121581
53,Sample_S19S_0043_Wat,351.1449775
42,Sample_S19S_0043_Wat,351.1813076
2,Sample_S19S_0043_Wat,351.1846476
23,Sample_S19S_0043_Wat,352.0674721
61,Sample_S19S_0043_Wat,352.1038206
43,Sample_S19S_0043_Wat,352.140233
40,Sample_S19S_0043_Wat,353.0514753
8,Sample_S19S_0043_Wat,353.0700048
96,Sample_S19S_0043_Wat,353.0878166
23,Sample_S19S_0043_Wat,353.0990962
74,Sample_S19S_0043_Wat,353.124233
12,Sample_S19S_0043_Wat,353.1354923
47,Sample_S19S_0043_Wat,353.1605629
30,Sample_S19S_0043_Wat,353.1970034
28,Sample_S19S_0043_Wat,354.0467104
21,Sample_S19S_0043_Wat,354.0653026
53,Sample_S19S_0043_Wat,354.0830704
9,Sample_S19S_0043_Wat,354.0942884
66,Sample_S19S_0043_Wat,354.1194893
54,Sample_S19S_0043_Wat,354.1558443
8,Sample_S19S_0043_Wat,355.0492579
55,Sample_S19S_0043_Wat,355.0671162
3,Sample_S19S_0043_Wat,355.0824171
9,Sample_S19S_0043_Wat,355.0856467
94,Sample_S19S_0043_Wat,355.1034699
32,Sample_S19S_0043_Wat,355.1147135
24,Sample_S19S_0043_Wat,355.1399086
2,Sample_S19S_0043_Wat,355.1512015
46,Sample_S19S_0043_Wat,355.1762476
5,Sample_S19S_0043_Wat,356.0446338
40,Sample_S19S_0043_Wat,356.0623586
44,Sample_S19S_0043_Wat,356.0776181
6,Sample_S19S_0043_Wat,356.080914
35,Sample_S19S_0043_Wat,356.0987693
10,Sample_S19S_0043_Wat,356.1270168
48,Sample_S19S_0043_Wat,356.1350838
32,Sample_S19S_0043_Wat,356.1715182
36,Sample_S19S_0043_Wat,357.061636
6,Sample_S19S_0043_Wat,357.0649448
73,Sample_S19S_0043_Wat,357.0827228
3,Sample_S19S_0043_Wat,357.0858552
53,Sample_S19S_0043_Wat,357.0979761
6,Sample_S19S_0043_Wat,357.1012479
26,Sample_S19S_0043_Wat,357.1110353
88,Sample_S19S_0043_Wat,357.1191097
31,Sample_S19S_0043_Wat,357.134414
71,Sample_S19S_0043_Wat,357.1554992
36,Sample_S19S_0043_Wat,358.0568909
6,Sample_S19S_0043_Wat,358.0602729
36,Sample_S19S_0043_Wat,358.077999
47,Sample_S19S_0043_Wat,358.0932734
12,Sample_S19S_0043_Wat,358.096629
18,Sample_S19S_0043_Wat,358.1507103
15,Sample_S19S_0043_Wat,359.0409252
35,Sample_S19S_0043_Wat,359.0619959
2,Sample_S19S_0043_Wat,359.0650839
49,Sample_S19S_0043_Wat,359.077285
37,Sample_S19S_0043_Wat,359.0806207
29,Sample_S19S_0043_Wat,359.0984239
8,Sample_S19S_0043_Wat,359.1169502
46,Sample_S19S_0043_Wat,359.1347452
63,Sample_S19S_0043_Wat,359.1500213
37,Sample_S19S_0043_Wat,359.1711775
35,Sample_S19S_0043_Wat,359.1864203
8,Sample_S19S_0043_Wat,360.0759181
28,Sample_S19S_0043_Wat,360.093678
53,Sample_S19S_0043_Wat,360.108919
5,Sample_S19S_0043_Wat,360.1299489
46,Sample_S19S_0043_Wat,361.056505
11,Sample_S19S_0043_Wat,361.0598496
13,Sample_S19S_0043_Wat,361.069538
5,Sample_S19S_0043_Wat,361.0807807
68,Sample_S19S_0043_Wat,361.0929312
39,Sample_S19S_0043_Wat,361.0962708
1,Sample_S19S_0043_Wat,361.1172839
101,Sample_S19S_0043_Wat,361.1292859
28,Sample_S19S_0043_Wat,361.1423317
45,Sample_S19S_0043_Wat,361.1504109
44,Sample_S19S_0043_Wat,361.1657046
65,Sample_S19S_0043_Wat,362.0881611
16,Sample_S19S_0043_Wat,362.1093336
8,Sample_S19S_0043_Wat,362.1246138
49,Sample_S19S_0043_Wat,362.1609376
44,Sample_S19S_0043_Wat,363.0722122
12,Sample_S19S_0043_Wat,363.0755589
3,Sample_S19S_0043_Wat,363.0835367
91,Sample_S19S_0043_Wat,363.108539
3,Sample_S19S_0043_Wat,363.1118361
9,Sample_S19S_0043_Wat,363.1198751
18,Sample_S19S_0043_Wat,363.1215932
39,Sample_S19S_0043_Wat,363.1449786
27,Sample_S19S_0043_Wat,363.1812892
45,Sample_S19S_0043_Wat,364.0674047
6,Sample_S19S_0043_Wat,364.0786949
66,Sample_S19S_0043_Wat,364.1038292
67,Sample_S19S_0043_Wat,364.1401707
25,Sample_S19S_0043_Wat,364.1766184
18,Sample_S19S_0043_Wat,365.0513776
12,Sample_S19S_0043_Wat,365.0627075
88,Sample_S19S_0043_Wat,365.0878382
11,Sample_S19S_0043_Wat,365.0991282
42,Sample_S19S_0043_Wat,365.1241727
27,Sample_S19S_0043_Wat,365.135482
14,Sample_S19S_0043_Wat,365.137244
27,Sample_S19S_0043_Wat,365.1606438
35,Sample_S19S_0043_Wat,365.1969623
62,Sample_S19S_0043_Wat,366.0830912
71,Sample_S19S_0043_Wat,366.1194629
12,Sample_S19S_0043_Wat,366.1558943
10,Sample_S19S_0043_Wat,367.0492837
67,Sample_S19S_0043_Wat,367.0671094
7,Sample_S19S_0043_Wat,367.0784012
103,Sample_S19S_0043_Wat,367.1034613
25,Sample_S19S_0043_Wat,367.1147643
14,Sample_S19S_0043_Wat,367.1399195
46,Sample_S19S_0043_Wat,367.1762158
2,Sample_S19S_0043_Wat,367.1948787
25,Sample_S19S_0043_Wat,367.2126519
17,Sample_S19S_0043_Wat,368.0623951
74,Sample_S19S_0043_Wat,368.0987097
62,Sample_S19S_0043_Wat,368.1351331
48,Sample_S19S_0043_Wat,368.1714856
6,Sample_S19S_0043_Wat,369.0648494
65,Sample_S19S_0043_Wat,369.0827443
24,Sample_S19S_0043_Wat,369.111039
22,Sample_S19S_0043_Wat,369.1190631
62,Sample_S19S_0043_Wat,369.1555194
15,Sample_S19S_0043_Wat,369.1837969
14,Sample_S19S_0043_Wat,369.1918398
6,Sample_S19S_0043_Wat,370.0698682
46,Sample_S19S_0043_Wat,370.0779692
45,Sample_S19S_0043_Wat,370.0932298
10,Sample_S19S_0043_Wat,370.1062898
42,Sample_S19S_0043_Wat,370.1507341
45,Sample_S19S_0043_Wat,371.0620102
2,Sample_S19S_0043_Wat,371.0651043
7,Sample_S19S_0043_Wat,371.0805043
23,Sample_S19S_0043_Wat,371.0902981
39,Sample_S19S_0043_Wat,371.0983408
48,Sample_S19S_0043_Wat,371.1136558
5,Sample_S19S_0043_Wat,371.1169082
56,Sample_S19S_0043_Wat,371.1347918
46,Sample_S19S_0043_Wat,371.171134
40,Sample_S19S_0043_Wat,372.0725108
10,Sample_S19S_0043_Wat,372.0855522
15,Sample_S19S_0043_Wat,372.1219416
49,Sample_S19S_0043_Wat,372.1300076
40,Sample_S19S_0043_Wat,372.145293
16,Sample_S19S_0043_Wat,372.2028242
9,Sample_S19S_0043_Wat,373.0599109
4,Sample_S19S_0043_Wat,373.0807779
44,Sample_S19S_0043_Wat,373.09294
14,Sample_S19S_0043_Wat,373.0962346
30,Sample_S19S_0043_Wat,373.1059583
49,Sample_S19S_0043_Wat,373.1140108
3,Sample_S19S_0043_Wat,373.1171335
3,Sample_S19S_0043_Wat,373.1325699
17,Sample_S19S_0043_Wat,373.1504711
16,Sample_S19S_0043_Wat,373.1657318
6,Sample_S19S_0043_Wat,374.0648054
6,Sample_S19S_0043_Wat,374.0729636
9,Sample_S19S_0043_Wat,374.091578
16,Sample_S19S_0043_Wat,374.1245961
15,Sample_S19S_0043_Wat,375.0358416
58,Sample_S19S_0043_Wat,375.0721973
27,Sample_S19S_0043_Wat,375.0755416
22,Sample_S19S_0043_Wat,375.0852221
3,Sample_S19S_0043_Wat,375.0964463
8,Sample_S19S_0043_Wat,375.1118457
86,Sample_S19S_0043_Wat,375.1449442
4,Sample_S19S_0043_Wat,375.1481846
27,Sample_S19S_0043_Wat,375.1579842
20,Sample_S19S_0043_Wat,375.1660121
32,Sample_S19S_0043_Wat,375.1812892
14,Sample_S19S_0043_Wat,375.194367
43,Sample_S19S_0043_Wat,376.0674564
22,Sample_S19S_0043_Wat,376.1249335
30,Sample_S19S_0043_Wat,376.1765432
48,Sample_S19S_0043_Wat,377.0514538
2,Sample_S19S_0043_Wat,377.0627857
55,Sample_S19S_0043_Wat,377.0877952
9,Sample_S19S_0043_Wat,377.0911145
15,Sample_S19S_0043_Wat,377.0991254
15,Sample_S19S_0043_Wat,377.100823
98,Sample_S19S_0043_Wat,377.1241915
7,Sample_S19S_0043_Wat,377.1274434
23,Sample_S19S_0043_Wat,377.1372608
67,Sample_S19S_0043_Wat,377.1606102
16,Sample_S19S_0043_Wat,377.1735945
18,Sample_S19S_0043_Wat,377.1969233
15,Sample_S19S_0043_Wat,378.0466478
49,Sample_S19S_0043_Wat,378.0831073
84,Sample_S19S_0043_Wat,378.1194361
1,Sample_S19S_0043_Wat,378.1306029
65,Sample_S19S_0043_Wat,378.1558494
24,Sample_S19S_0043_Wat,379.0670295
21,Sample_S19S_0043_Wat,379.0783458
107,Sample_S19S_0043_Wat,379.1034645
15,Sample_S19S_0043_Wat,379.1147799
96,Sample_S19S_0043_Wat,379.1398402
16,Sample_S19S_0043_Wat,379.1528588
63,Sample_S19S_0043_Wat,379.1762343
20,Sample_S19S_0043_Wat,379.2126518
70,Sample_S19S_0043_Wat,380.0987084
79,Sample_S19S_0043_Wat,380.1350974
31,Sample_S19S_0043_Wat,380.1715321
38,Sample_S19S_0043_Wat,381.0463502
24,Sample_S19S_0043_Wat,381.0826619
28,Sample_S19S_0043_Wat,381.0939738
100,Sample_S19S_0043_Wat,381.1191186
17,Sample_S19S_0043_Wat,381.1304071
1,Sample_S19S_0043_Wat,381.1433347
89,Sample_S19S_0043_Wat,381.1555031
36,Sample_S19S_0043_Wat,381.1918695
49,Sample_S19S_0043_Wat,382.0779661
77,Sample_S19S_0043_Wat,382.1143936
1,Sample_S19S_0043_Wat,382.1255235
17,Sample_S19S_0043_Wat,382.1507159
23,Sample_S19S_0043_Wat,383.0619616
36,Sample_S19S_0043_Wat,383.0772634
4,Sample_S19S_0043_Wat,383.0804294
94,Sample_S19S_0043_Wat,383.0983806
17,Sample_S19S_0043_Wat,383.1095949
29,Sample_S19S_0043_Wat,383.1266887
31,Sample_S19S_0043_Wat,383.1347075
36,Sample_S19S_0043_Wat,383.1711132
37,Sample_S19S_0043_Wat,383.2075249
18,Sample_S19S_0043_Wat,384.0572385
51,Sample_S19S_0043_Wat,384.0936599
6,Sample_S19S_0043_Wat,384.1219172
41,Sample_S19S_0043_Wat,384.1664077
23,Sample_S19S_0043_Wat,385.0564963
62,Sample_S19S_0043_Wat,385.0776412
51,Sample_S19S_0043_Wat,385.0929264
8,Sample_S19S_0043_Wat,385.0961706
34,Sample_S19S_0043_Wat,385.1139909
32,Sample_S19S_0043_Wat,385.1292595
23,Sample_S19S_0043_Wat,385.1423072
34,Sample_S19S_0043_Wat,385.1503825
46,Sample_S19S_0043_Wat,385.1656784
33,Sample_S19S_0043_Wat,385.1868285
2,Sample_S19S_0043_Wat,385.2053835
3,Sample_S19S_0043_Wat,386.0517072
4,Sample_S19S_0043_Wat,386.0647083
28,Sample_S19S_0043_Wat,386.0728862
45,Sample_S19S_0043_Wat,386.0881802
12,Sample_S19S_0043_Wat,386.1012164
46,Sample_S19S_0043_Wat,386.1093009
56,Sample_S19S_0043_Wat,386.1245256
4,Sample_S19S_0043_Wat,386.1375402
36,Sample_S19S_0043_Wat,386.1820531
17,Sample_S19S_0043_Wat,387.0721252
6,Sample_S19S_0043_Wat,387.075423
13,Sample_S19S_0043_Wat,387.0851909
22,Sample_S19S_0043_Wat,387.0932457
78,Sample_S19S_0043_Wat,387.1085636
5,Sample_S19S_0043_Wat,387.1118261
84,Sample_S19S_0043_Wat,387.1296791
5,Sample_S19S_0043_Wat,387.1481778
20,Sample_S19S_0043_Wat,387.1579654
13,Sample_S19S_0043_Wat,387.1659841
23,Sample_S19S_0043_Wat,387.1812925
12,Sample_S19S_0043_Wat,387.19436
47,Sample_S19S_0043_Wat,388.0674506
7,Sample_S19S_0043_Wat,388.0708456
7,Sample_S19S_0043_Wat,388.080429
43,Sample_S19S_0043_Wat,388.1037783
39,Sample_S19S_0043_Wat,388.1249219
65,Sample_S19S_0043_Wat,388.1401722
30,Sample_S19S_0043_Wat,389.051417
5,Sample_S19S_0043_Wat,389.054731
11,Sample_S19S_0043_Wat,389.0644457
71,Sample_S19S_0043_Wat,389.0878118
11,Sample_S19S_0043_Wat,389.0911204
25,Sample_S19S_0043_Wat,389.1008827
91,Sample_S19S_0043_Wat,389.1242045
9,Sample_S19S_0043_Wat,389.1274498
22,Sample_S19S_0043_Wat,389.1372295
11,Sample_S19S_0043_Wat,389.1452618
30,Sample_S19S_0043_Wat,389.1605387
19,Sample_S19S_0043_Wat,389.1736085
42,Sample_S19S_0043_Wat,389.1969883
56,Sample_S19S_0043_Wat,390.083092
36,Sample_S19S_0043_Wat,391.0670531
9,Sample_S19S_0043_Wat,391.070384
47,Sample_S19S_0043_Wat,391.1034381
5,Sample_S19S_0043_Wat,391.1066925
52,Sample_S19S_0043_Wat,391.1398852
7,Sample_S19S_0043_Wat,391.1430378
11,Sample_S19S_0043_Wat,391.1528412
37,Sample_S19S_0043_Wat,391.1762035
8,Sample_S19S_0043_Wat,391.1892281
35,Sample_S19S_0043_Wat,392.06231
74,Sample_S19S_0043_Wat,392.098752
21,Sample_S19S_0043_Wat,392.1198706
69,Sample_S19S_0043_Wat,392.1351125
26,Sample_S19S_0043_Wat,393.0463154
65,Sample_S19S_0043_Wat,393.0827628
86,Sample_S19S_0043_Wat,393.1191285
2,Sample_S19S_0043_Wat,393.1475032
45,Sample_S19S_0043_Wat,393.1554711
16,Sample_S19S_0043_Wat,393.1685262
23,Sample_S19S_0043_Wat,393.1919402
36,Sample_S19S_0043_Wat,394.078026
51,Sample_S19S_0043_Wat,394.1144108
41,Sample_S19S_0043_Wat,394.18716
42,Sample_S19S_0043_Wat,395.0619708
52,Sample_S19S_0043_Wat,395.0984243
115,Sample_S19S_0043_Wat,395.1347697
54,Sample_S19S_0043_Wat,395.171191
14,Sample_S19S_0043_Wat,395.2075813
59,Sample_S19S_0043_Wat,396.0936653
11,Sample_S19S_0043_Wat,396.1048469
43,Sample_S19S_0043_Wat,396.13006
62,Sample_S19S_0043_Wat,396.1664019
26,Sample_S19S_0043_Wat,397.0412485
5,Sample_S19S_0043_Wat,397.0597441
19,Sample_S19S_0043_Wat,397.0775828
22,Sample_S19S_0043_Wat,397.1059758
58,Sample_S19S_0043_Wat,397.1140135
46,Sample_S19S_0043_Wat,397.1252995
82,Sample_S19S_0043_Wat,397.1504225
24,Sample_S19S_0043_Wat,397.1867602
42,Sample_S19S_0043_Wat,398.0729329
6,Sample_S19S_0043_Wat,398.1375215
64,Sample_S19S_0043_Wat,398.1456531
10,Sample_S19S_0043_Wat,399.0488349
11,Sample_S19S_0043_Wat,399.0568344
3,Sample_S19S_0043_Wat,399.0753668
25,Sample_S19S_0043_Wat,399.085227
52,Sample_S19S_0043_Wat,399.0932727
18,Sample_S19S_0043_Wat,399.1086044
6,Sample_S19S_0043_Wat,399.1117451
58,Sample_S19S_0043_Wat,399.1296635
42,Sample_S19S_0043_Wat,399.1449193
13,Sample_S19S_0043_Wat,399.1579458
2,Sample_S19S_0043_Wat,399.1659287
9,Sample_S19S_0043_Wat,399.1812586
12,Sample_S19S_0043_Wat,399.1943775
32,Sample_S19S_0043_Wat,399.2024375
15,Sample_S19S_0043_Wat,400.0674729
37,Sample_S19S_0043_Wat,400.1037744
8,Sample_S19S_0043_Wat,400.1167843
35,Sample_S19S_0043_Wat,400.1249077
49,Sample_S19S_0043_Wat,400.1401965
29,Sample_S19S_0043_Wat,401.0514549
11,Sample_S19S_0043_Wat,401.0547584
13,Sample_S19S_0043_Wat,401.0644945
14,Sample_S19S_0043_Wat,401.0725084
58,Sample_S19S_0043_Wat,401.0878209
8,Sample_S19S_0043_Wat,401.0910681
44,Sample_S19S_0043_Wat,401.1089631
3,Sample_S19S_0043_Wat,401.1119991
7,Sample_S19S_0043_Wat,401.1273966
64,Sample_S19S_0043_Wat,401.1453284
64,Sample_S19S_0043_Wat,401.1605804
14,Sample_S19S_0043_Wat,401.1736033
15,Sample_S19S_0043_Wat,401.1816514
13,Sample_S19S_0043_Wat,401.2100146
13,Sample_S19S_0043_Wat,402.0831391
4,Sample_S19S_0043_Wat,402.1042761
10,Sample_S19S_0043_Wat,402.1195259
30,Sample_S19S_0043_Wat,402.1405573
49,Sample_S19S_0043_Wat,403.0671122
10,Sample_S19S_0043_Wat,403.0704072
3,Sample_S19S_0043_Wat,403.0913079
58,Sample_S19S_0043_Wat,403.1034476
6,Sample_S19S_0043_Wat,403.1066431
23,Sample_S19S_0043_Wat,403.1164656
4,Sample_S19S_0043_Wat,403.1276975
87,Sample_S19S_0043_Wat,403.1398463
20,Sample_S19S_0043_Wat,403.1529106
26,Sample_S19S_0043_Wat,403.1609357
32,Sample_S19S_0043_Wat,403.1762826
47,Sample_S19S_0043_Wat,404.0623618
19,Sample_S19S_0043_Wat,404.0834492
78,Sample_S19S_0043_Wat,404.1351085
38,Sample_S19S_0043_Wat,405.0827082
31,Sample_S19S_0043_Wat,405.1190623
2,Sample_S19S_0043_Wat,405.1221627
25,Sample_S19S_0043_Wat,405.1321292
49,Sample_S19S_0043_Wat,405.1555362
20,Sample_S19S_0043_Wat,405.1685606
35,Sample_S19S_0043_Wat,405.1918632
3,Sample_S19S_0043_Wat,405.2048711
75,Sample_S19S_0043_Wat,406.1143545
38,Sample_S19S_0043_Wat,407.0620299
79,Sample_S19S_0043_Wat,407.0983755
3,Sample_S19S_0043_Wat,407.1015177
76,Sample_S19S_0043_Wat,407.1347505
18,Sample_S19S_0043_Wat,407.1477958
11,Sample_S19S_0043_Wat,407.1712237
17,Sample_S19S_0043_Wat,407.2075913
67,Sample_S19S_0043_Wat,408.0936661
90,Sample_S19S_0043_Wat,408.1300077
21,Sample_S19S_0043_Wat,409.07757
18,Sample_S19S_0043_Wat,409.0889394
86,Sample_S19S_0043_Wat,409.1140221
91,Sample_S19S_0043_Wat,409.1504235
8,Sample_S19S_0043_Wat,409.1787026
15,Sample_S19S_0043_Wat,409.1867344
39,Sample_S19S_0043_Wat,410.0729191
16,Sample_S19S_0043_Wat,410.1092388
9,Sample_S19S_0043_Wat,410.1375999
66,Sample_S19S_0043_Wat,410.1456867
15,Sample_S19S_0043_Wat,411.0568579
61,Sample_S19S_0043_Wat,411.0933142
78,Sample_S19S_0043_Wat,411.1296933
28,Sample_S19S_0043_Wat,411.1579879
45,Sample_S19S_0043_Wat,411.1660419
4,Sample_S19S_0043_Wat,411.2022993
2,Sample_S19S_0043_Wat,412.0803603
26,Sample_S19S_0043_Wat,412.0885256
2,Sample_S19S_0043_Wat,412.1037183
5,Sample_S19S_0043_Wat,412.116775
54,Sample_S19S_0043_Wat,412.1249118
9,Sample_S19S_0043_Wat,413.06446
3,Sample_S19S_0043_Wat,413.072442
29,Sample_S19S_0043_Wat,413.087795
7,Sample_S19S_0043_Wat,413.0910377
27,Sample_S19S_0043_Wat,413.1008794
67,Sample_S19S_0043_Wat,413.1089345
4,Sample_S19S_0043_Wat,413.1119149
58,Sample_S19S_0043_Wat,413.12421
4,Sample_S19S_0043_Wat,413.127421
17,Sample_S19S_0043_Wat,413.1372735
23,Sample_S19S_0043_Wat,413.1452768
16,Sample_S19S_0043_Wat,413.1736056
13,Sample_S19S_0043_Wat,413.1816156
16,Sample_S19S_0043_Wat,414.0831299
8,Sample_S19S_0043_Wat,414.0961038
13,Sample_S19S_0043_Wat,414.1194124
3,Sample_S19S_0043_Wat,414.132396
4,Sample_S19S_0043_Wat,414.1688288
5,Sample_S19S_0043_Wat,415.0671726
11,Sample_S19S_0043_Wat,415.0704085
12,Sample_S19S_0043_Wat,415.080159
39,Sample_S19S_0043_Wat,415.0881916
59,Sample_S19S_0043_Wat,415.1034568
7,Sample_S19S_0043_Wat,415.1066895
14,Sample_S19S_0043_Wat,415.1164835
28,Sample_S19S_0043_Wat,415.1245406
3,Sample_S19S_0043_Wat,415.1430564
18,Sample_S19S_0043_Wat,415.1529316
52,Sample_S19S_0043_Wat,415.1609859
8,Sample_S19S_0043_Wat,415.1763155
14,Sample_S19S_0043_Wat,415.1795937
21,Sample_S19S_0043_Wat,415.1973464
7,Sample_S19S_0043_Wat,416.0986591
8,Sample_S19S_0043_Wat,416.1115895
70,Sample_S19S_0043_Wat,416.1351142
6,Sample_S19S_0043_Wat,417.0593749
4,Sample_S19S_0043_Wat,417.0706126
21,Sample_S19S_0043_Wat,417.0826722
5,Sample_S19S_0043_Wat,417.085967
17,Sample_S19S_0043_Wat,417.0957124
80,Sample_S19S_0043_Wat,417.1191101
7,Sample_S19S_0043_Wat,417.1223013
31,Sample_S19S_0043_Wat,417.1321667
36,Sample_S19S_0043_Wat,417.1402188
73,Sample_S19S_0043_Wat,417.1555165
31,Sample_S19S_0043_Wat,417.1685514
3,Sample_S19S_0043_Wat,417.2048604
34,Sample_S19S_0043_Wat,418.0779721
20,Sample_S19S_0043_Wat,418.1144292
3,Sample_S19S_0043_Wat,418.1508546
27,Sample_S19S_0043_Wat,419.0619721
14,Sample_S19S_0043_Wat,419.0982983
1,Sample_S19S_0043_Wat,419.1015327
7,Sample_S19S_0043_Wat,419.1113471
91,Sample_S19S_0043_Wat,419.1347745
2,Sample_S19S_0043_Wat,419.1379181
17,Sample_S19S_0043_Wat,419.1478319
42,Sample_S19S_0043_Wat,419.1711927
20,Sample_S19S_0043_Wat,419.1842051
40,Sample_S19S_0043_Wat,419.207525
32,Sample_S19S_0043_Wat,420.0572817
16,Sample_S19S_0043_Wat,421.0777047
90,Sample_S19S_0043_Wat,421.1140346
85,Sample_S19S_0043_Wat,421.1504292
1,Sample_S19S_0043_Wat,421.1552081
17,Sample_S19S_0043_Wat,421.1634511
22,Sample_S19S_0043_Wat,421.1868654
2,Sample_S19S_0043_Wat,421.2265386
37,Sample_S19S_0043_Wat,422.0728802
37,Sample_S19S_0043_Wat,422.1093338
22,Sample_S19S_0043_Wat,423.093231
99,Sample_S19S_0043_Wat,423.1296813
34,Sample_S19S_0043_Wat,423.1661225
45,Sample_S19S_0043_Wat,423.2024382
2,Sample_S19S_0043_Wat,424.0886497
48,Sample_S19S_0043_Wat,424.1249783
2,Sample_S19S_0043_Wat,424.1978108
17,Sample_S19S_0043_Wat,425.1008972
42,Sample_S19S_0043_Wat,425.1089252
2,Sample_S19S_0043_Wat,425.120287
20,Sample_S19S_0043_Wat,425.1453873
45,Sample_S19S_0043_Wat,425.1816982
1,Sample_S19S_0043_Wat,425.2178813
12,Sample_S19S_0043_Wat,426.1195161
8,Sample_S19S_0043_Wat,426.1324305
59,Sample_S19S_0043_Wat,426.1405881
62,Sample_S19S_0043_Wat,426.1769689
10,Sample_S19S_0043_Wat,427.0801714
35,Sample_S19S_0043_Wat,427.088175
25,Sample_S19S_0043_Wat,427.1035014
4,Sample_S19S_0043_Wat,427.106705
20,Sample_S19S_0043_Wat,427.1165345
70,Sample_S19S_0043_Wat,427.1245871
5,Sample_S19S_0043_Wat,427.1399769
5,Sample_S19S_0043_Wat,427.1431663
5,Sample_S19S_0043_Wat,427.1610597
2,Sample_S19S_0043_Wat,427.1763557
11,Sample_S19S_0043_Wat,428.0622933
42,Sample_S19S_0043_Wat,428.0987544
12,Sample_S19S_0043_Wat,428.1117671
4,Sample_S19S_0043_Wat,428.1352231
12,Sample_S19S_0043_Wat,428.1481747
34,Sample_S19S_0043_Wat,428.1562791
11,Sample_S19S_0043_Wat,428.1925676
7,Sample_S19S_0043_Wat,429.0861392
7,Sample_S19S_0043_Wat,429.1039457
3,Sample_S19S_0043_Wat,429.1192381
10,Sample_S19S_0043_Wat,429.1224523
57,Sample_S19S_0043_Wat,429.1402424
28,Sample_S19S_0043_Wat,429.1555582
4,Sample_S19S_0043_Wat,429.1587517
24,Sample_S19S_0043_Wat,429.1685491
22,Sample_S19S_0043_Wat,429.1765924
41,Sample_S19S_0043_Wat,429.1919036
26,Sample_S19S_0043_Wat,430.0991542
66,Sample_S19S_0043_Wat,430.1143962
9,Sample_S19S_0043_Wat,430.1273505
42,Sample_S19S_0043_Wat,430.1354817
35,Sample_S19S_0043_Wat,431.0620177
3,Sample_S19S_0043_Wat,431.0653523
60,Sample_S19S_0043_Wat,431.098388
6,Sample_S19S_0043_Wat,431.1016424
18,Sample_S19S_0043_Wat,431.1113826
33,Sample_S19S_0043_Wat,431.1347291
1,Sample_S19S_0043_Wat,431.1378968
23,Sample_S19S_0043_Wat,431.1477957
17,Sample_S19S_0043_Wat,431.1558407
35,Sample_S19S_0043_Wat,431.1711879
2,Sample_S19S_0043_Wat,431.1744536
16,Sample_S19S_0043_Wat,431.1922364
18,Sample_S19S_0043_Wat,431.2076023
63,Sample_S19S_0043_Wat,432.093661
78,Sample_S19S_0043_Wat,432.1300404
4,Sample_S19S_0043_Wat,432.1665051
3,Sample_S19S_0043_Wat,432.1876103
3,Sample_S19S_0043_Wat,433.0543356
47,Sample_S19S_0043_Wat,433.077665
11,Sample_S19S_0043_Wat,433.0906617
26,Sample_S19S_0043_Wat,433.1139658
6,Sample_S19S_0043_Wat,433.1269982
29,Sample_S19S_0043_Wat,433.1503758
21,Sample_S19S_0043_Wat,433.1634586
38,Sample_S19S_0043_Wat,433.1868494
8,Sample_S19S_0043_Wat,433.1998888
32,Sample_S19S_0043_Wat,433.223189
7,Sample_S19S_0043_Wat,434.072975
21,Sample_S19S_0043_Wat,434.1093421
65,Sample_S19S_0043_Wat,435.093324
31,Sample_S19S_0043_Wat,435.1296329
1,Sample_S19S_0043_Wat,435.1326997
3,Sample_S19S_0043_Wat,435.1426364
1,Sample_S19S_0043_Wat,435.160379
24,Sample_S19S_0043_Wat,435.1659973
13,Sample_S19S_0043_Wat,435.1790631
52,Sample_S19S_0043_Wat,435.2024665
22,Sample_S19S_0043_Wat,436.0886111
9,Sample_S19S_0043_Wat,436.1250197
14,Sample_S19S_0043_Wat,437.072483
7,Sample_S19S_0043_Wat,437.1009114
23,Sample_S19S_0043_Wat,437.1088959
58,Sample_S19S_0043_Wat,437.1453651
52,Sample_S19S_0043_Wat,437.1817485
9,Sample_S19S_0043_Wat,437.2180272
69,Sample_S19S_0043_Wat,438.1405683
51,Sample_S19S_0043_Wat,439.0882098
70,Sample_S19S_0043_Wat,439.1246064
49,Sample_S19S_0043_Wat,439.1358561
15,Sample_S19S_0043_Wat,439.1529344
34,Sample_S19S_0043_Wat,439.1609425
19,Sample_S19S_0043_Wat,439.1973056
29,Sample_S19S_0043_Wat,440.0834468
6,Sample_S19S_0043_Wat,440.1116284
30,Sample_S19S_0043_Wat,440.1198163
2,Sample_S19S_0043_Wat,441.0593601
20,Sample_S19S_0043_Wat,441.0674409
9,Sample_S19S_0043_Wat,441.0860426
29,Sample_S19S_0043_Wat,441.1039049
48,Sample_S19S_0043_Wat,441.1402285
11,Sample_S19S_0043_Wat,441.1554489
16,Sample_S19S_0043_Wat,441.168514
22,Sample_S19S_0043_Wat,441.1765589
12,Sample_S19S_0043_Wat,441.2049192
8,Sample_S19S_0043_Wat,441.2129575
6,Sample_S19S_0043_Wat,442.0990637
8,Sample_S19S_0043_Wat,442.114299
4,Sample_S19S_0043_Wat,442.127302
17,Sample_S19S_0043_Wat,442.135461
11,Sample_S19S_0043_Wat,442.1637834
5,Sample_S19S_0043_Wat,443.0652174
13,Sample_S19S_0043_Wat,443.0749837
20,Sample_S19S_0043_Wat,443.0830557
34,Sample_S19S_0043_Wat,443.0984287
4,Sample_S19S_0043_Wat,443.1016577
18,Sample_S19S_0043_Wat,443.1114516
59,Sample_S19S_0043_Wat,443.119518
4,Sample_S19S_0043_Wat,443.1348538
8,Sample_S19S_0043_Wat,443.1380667
18,Sample_S19S_0043_Wat,443.1478565
51,Sample_S19S_0043_Wat,443.1558944
24,Sample_S19S_0043_Wat,443.1711201
21,Sample_S19S_0043_Wat,443.1841796
15,Sample_S19S_0043_Wat,443.1922057
7,Sample_S19S_0043_Wat,443.2074098
16,Sample_S19S_0043_Wat,444.1299715
46,Sample_S19S_0043_Wat,444.1663872
4,Sample_S19S_0043_Wat,445.054308
28,Sample_S19S_0043_Wat,445.0776178
4,Sample_S19S_0043_Wat,445.0808638
4,Sample_S19S_0043_Wat,445.1083593
17,Sample_S19S_0043_Wat,445.1139537
19,Sample_S19S_0043_Wat,445.127011
34,Sample_S19S_0043_Wat,445.1503907
2,Sample_S19S_0043_Wat,445.1536246
29,Sample_S19S_0043_Wat,445.1634705
39,Sample_S19S_0043_Wat,445.1715289
42,Sample_S19S_0043_Wat,445.1868428
32,Sample_S19S_0043_Wat,445.223207
9,Sample_S19S_0043_Wat,446.0728598
44,Sample_S19S_0043_Wat,446.1092739
32,Sample_S19S_0043_Wat,446.1457127
5,Sample_S19S_0043_Wat,447.0698296
14,Sample_S19S_0043_Wat,447.09323
72,Sample_S19S_0043_Wat,447.1297048
23,Sample_S19S_0043_Wat,447.1427418
80,Sample_S19S_0043_Wat,447.1660641
20,Sample_S19S_0043_Wat,447.179104
14,Sample_S19S_0043_Wat,447.2023724
42,Sample_S19S_0043_Wat,448.088573
10,Sample_S19S_0043_Wat,448.1096972
14,Sample_S19S_0043_Wat,449.0724952
13,Sample_S19S_0043_Wat,449.0855556
81,Sample_S19S_0043_Wat,449.1089599
2,Sample_S19S_0043_Wat,449.1119667
14,Sample_S19S_0043_Wat,449.1219859
77,Sample_S19S_0043_Wat,449.1453221
19,Sample_S19S_0043_Wat,449.1583358
26,Sample_S19S_0043_Wat,449.1816462
4,Sample_S19S_0043_Wat,449.1946593
11,Sample_S19S_0043_Wat,449.2180299
29,Sample_S19S_0043_Wat,451.0881744
54,Sample_S19S_0043_Wat,451.124616
35,Sample_S19S_0043_Wat,451.1609528
8,Sample_S19S_0043_Wat,451.1739524
7,Sample_S19S_0043_Wat,451.1972791
28,Sample_S19S_0043_Wat,452.0834394
17,Sample_S19S_0043_Wat,452.1199139
13,Sample_S19S_0043_Wat,453.0673983
12,Sample_S19S_0043_Wat,453.0957146
8,Sample_S19S_0043_Wat,453.1037558
15,Sample_S19S_0043_Wat,453.1321972
38,Sample_S19S_0043_Wat,453.140211
2,Sample_S19S_0043_Wat,453.1686448
64,Sample_S19S_0043_Wat,453.1766436
11,Sample_S19S_0043_Wat,453.2049759
13,Sample_S19S_0043_Wat,454.1274333
12,Sample_S19S_0043_Wat,455.0750667
31,Sample_S19S_0043_Wat,455.0831528
15,Sample_S19S_0043_Wat,455.111472
36,Sample_S19S_0043_Wat,455.1194736
9,Sample_S19S_0043_Wat,455.1346803
18,Sample_S19S_0043_Wat,455.14777
14,Sample_S19S_0043_Wat,455.1558023
14,Sample_S19S_0043_Wat,455.1841535
13,Sample_S19S_0043_Wat,455.1921775
10,Sample_S19S_0043_Wat,456.0935705
6,Sample_S19S_0043_Wat,456.1431009
11,Sample_S19S_0043_Wat,457.0776174
10,Sample_S19S_0043_Wat,457.0906483
12,Sample_S19S_0043_Wat,457.0986905
23,Sample_S19S_0043_Wat,457.1139922
13,Sample_S19S_0043_Wat,457.1270095
13,Sample_S19S_0043_Wat,457.1350642
3,Sample_S19S_0043_Wat,457.1447412
18,Sample_S19S_0043_Wat,457.150377
21,Sample_S19S_0043_Wat,457.1634444
25,Sample_S19S_0043_Wat,457.1715231
49,Sample_S19S_0043_Wat,457.1868094
12,Sample_S19S_0043_Wat,457.1998933
26,Sample_S19S_0043_Wat,457.2079257
11,Sample_S19S_0043_Wat,457.2362399
19,Sample_S19S_0043_Wat,458.0729028
36,Sample_S19S_0043_Wat,458.1093241
8,Sample_S19S_0043_Wat,459.069913
17,Sample_S19S_0043_Wat,459.0932353
6,Sample_S19S_0043_Wat,459.0964817
17,Sample_S19S_0043_Wat,459.1062882
16,Sample_S19S_0043_Wat,459.1143457
51,Sample_S19S_0043_Wat,459.1296693
5,Sample_S19S_0043_Wat,459.1328714
26,Sample_S19S_0043_Wat,459.142719
34,Sample_S19S_0043_Wat,459.1508169
44,Sample_S19S_0043_Wat,459.1661042
32,Sample_S19S_0043_Wat,459.1872169
25,Sample_S19S_0043_Wat,459.2025048
40,Sample_S19S_0043_Wat,460.0885829
46,Sample_S19S_0043_Wat,460.1249704
16,Sample_S19S_0043_Wat,460.1612688
13,Sample_S19S_0043_Wat,461.0725007
8,Sample_S19S_0043_Wat,461.0855391
9,Sample_S19S_0043_Wat,461.1088271
2,Sample_S19S_0043_Wat,461.1119997
5,Sample_S19S_0043_Wat,461.1218899
2,Sample_S19S_0043_Wat,461.1396751
19,Sample_S19S_0043_Wat,461.1452647
20,Sample_S19S_0043_Wat,461.1583343
38,Sample_S19S_0043_Wat,461.1817537
9,Sample_S19S_0043_Wat,461.1948089
30,Sample_S19S_0043_Wat,461.218132
15,Sample_S19S_0043_Wat,462.067799
16,Sample_S19S_0043_Wat,462.1042629
66,Sample_S19S_0043_Wat,462.1769684
31,Sample_S19S_0043_Wat,463.0881954
4,Sample_S19S_0043_Wat,463.1189274
15,Sample_S19S_0043_Wat,463.124491
4,Sample_S19S_0043_Wat,463.1375144
1,Sample_S19S_0043_Wat,463.1551267
7,Sample_S19S_0043_Wat,463.1608564
9,Sample_S19S_0043_Wat,463.1739081
20,Sample_S19S_0043_Wat,463.1972938
29,Sample_S19S_0043_Wat,463.2337601
26,Sample_S19S_0043_Wat,464.1198095
4,Sample_S19S_0043_Wat,465.06738
30,Sample_S19S_0043_Wat,465.1038259
4,Sample_S19S_0043_Wat,465.1686035
64,Sample_S19S_0043_Wat,465.1766182
11,Sample_S19S_0043_Wat,465.1896305
15,Sample_S19S_0043_Wat,465.2129596
52,Sample_S19S_0043_Wat,466.1355201
1,Sample_S19S_0043_Wat,466.1435867
30,Sample_S19S_0043_Wat,467.0831629
44,Sample_S19S_0043_Wat,467.1195422
21,Sample_S19S_0043_Wat,467.1478261
30,Sample_S19S_0043_Wat,467.1558326
20,Sample_S19S_0043_Wat,467.184209
8,Sample_S19S_0043_Wat,467.1921933
17,Sample_S19S_0043_Wat,467.2286363
23,Sample_S19S_0043_Wat,468.1147294
13,Sample_S19S_0043_Wat,468.1429975
10,Sample_S19S_0043_Wat,469.0906533
17,Sample_S19S_0043_Wat,469.0986993
21,Sample_S19S_0043_Wat,469.1270251
11,Sample_S19S_0043_Wat,469.1350525
10,Sample_S19S_0043_Wat,469.1633964
19,Sample_S19S_0043_Wat,469.199861
20,Sample_S19S_0043_Wat,469.2078959
4,Sample_S19S_0043_Wat,470.1092077
21,Sample_S19S_0043_Wat,471.0780166
13,Sample_S19S_0043_Wat,471.093255
15,Sample_S19S_0043_Wat,471.106291
6,Sample_S19S_0043_Wat,471.1295835
10,Sample_S19S_0043_Wat,471.1426129
9,Sample_S19S_0043_Wat,471.1506882
8,Sample_S19S_0043_Wat,471.16598
20,Sample_S19S_0043_Wat,471.1790652
19,Sample_S19S_0043_Wat,471.1871307
10,Sample_S19S_0043_Wat,471.2024048
11,Sample_S19S_0043_Wat,471.2155389
2,Sample_S19S_0043_Wat,472.1247587
46,Sample_S19S_0043_Wat,473.1089772
5,Sample_S19S_0043_Wat,473.1122201
18,Sample_S19S_0043_Wat,473.121993
12,Sample_S19S_0043_Wat,473.1300234
5,Sample_S19S_0043_Wat,473.139667
23,Sample_S19S_0043_Wat,473.1452829
10,Sample_S19S_0043_Wat,473.1582831
8,Sample_S19S_0043_Wat,473.1663521
2,Sample_S19S_0043_Wat,473.1760299
17,Sample_S19S_0043_Wat,473.1816622
8,Sample_S19S_0043_Wat,473.1946924
24,Sample_S19S_0043_Wat,473.2180738
19,Sample_S19S_0043_Wat,474.1042477
58,Sample_S19S_0043_Wat,474.1405956
18,Sample_S19S_0043_Wat,475.0881586
14,Sample_S19S_0043_Wat,475.1012806
61,Sample_S19S_0043_Wat,475.1245966
5,Sample_S19S_0043_Wat,475.1278093
20,Sample_S19S_0043_Wat,475.1376596
65,Sample_S19S_0043_Wat,475.1609843
23,Sample_S19S_0043_Wat,475.1739813
14,Sample_S19S_0043_Wat,475.1973043
3,Sample_S19S_0043_Wat,475.2103074
4,Sample_S19S_0043_Wat,475.2336051
3,Sample_S19S_0043_Wat,476.0833408
24,Sample_S19S_0043_Wat,476.1198125
23,Sample_S19S_0043_Wat,477.0674882
13,Sample_S19S_0043_Wat,477.1037802
18,Sample_S19S_0043_Wat,477.1168599
6,Sample_S19S_0043_Wat,477.1401075
9,Sample_S19S_0043_Wat,477.1531747
17,Sample_S19S_0043_Wat,477.1765167
33,Sample_S19S_0043_Wat,477.2130039
51,Sample_S19S_0043_Wat,478.0991507
10,Sample_S19S_0043_Wat,479.0830028
35,Sample_S19S_0043_Wat,479.1194663
65,Sample_S19S_0043_Wat,479.1559168
49,Sample_S19S_0043_Wat,479.1923063
14,Sample_S19S_0043_Wat,479.2286027
11,Sample_S19S_0043_Wat,480.151082
35,Sample_S19S_0043_Wat,481.0987747
58,Sample_S19S_0043_Wat,481.1351677
13,Sample_S19S_0043_Wat,481.1634867
45,Sample_S19S_0043_Wat,481.1715313
17,Sample_S19S_0043_Wat,481.199847
18,Sample_S19S_0043_Wat,481.2078283
6,Sample_S19S_0043_Wat,482.1302914
18,Sample_S19S_0043_Wat,483.0780208
2,Sample_S19S_0043_Wat,483.1064043
35,Sample_S19S_0043_Wat,483.1144642
18,Sample_S19S_0043_Wat,483.1297323
1,Sample_S19S_0043_Wat,483.1331152
28,Sample_S19S_0043_Wat,483.1508531
12,Sample_S19S_0043_Wat,483.1791639
28,Sample_S19S_0043_Wat,483.1871699
13,Sample_S19S_0043_Wat,483.2154832
10,Sample_S19S_0043_Wat,483.2234722
10,Sample_S19S_0043_Wat,484.1459881
5,Sample_S19S_0043_Wat,485.0724465
11,Sample_S19S_0043_Wat,485.0855526
17,Sample_S19S_0043_Wat,485.0936172
32,Sample_S19S_0043_Wat,485.1089501
14,Sample_S19S_0043_Wat,485.1220307
35,Sample_S19S_0043_Wat,485.1300644
1,Sample_S19S_0043_Wat,485.139617
24,Sample_S19S_0043_Wat,485.1453846
13,Sample_S19S_0043_Wat,485.1584131
33,Sample_S19S_0043_Wat,485.1664901
2,Sample_S19S_0043_Wat,485.1760615
41,Sample_S19S_0043_Wat,485.181737
12,Sample_S19S_0043_Wat,485.1948096
9,Sample_S19S_0043_Wat,485.2179932
5,Sample_S19S_0043_Wat,486.140486
6,Sample_S19S_0043_Wat,487.088118
12,Sample_S19S_0043_Wat,487.1011949
8,Sample_S19S_0043_Wat,487.1244947
17,Sample_S19S_0043_Wat,487.1375846
9,Sample_S19S_0043_Wat,487.1456408
1,Sample_S19S_0043_Wat,487.1552674
49,Sample_S19S_0043_Wat,487.1609704
16,Sample_S19S_0043_Wat,487.1740711
30,Sample_S19S_0043_Wat,487.18211
32,Sample_S19S_0043_Wat,487.1974177
1,Sample_S19S_0043_Wat,487.2104698
18,Sample_S19S_0043_Wat,487.2337958
15,Sample_S19S_0043_Wat,488.0834359
30,Sample_S19S_0043_Wat,488.1926596
16,Sample_S19S_0043_Wat,489.067487
28,Sample_S19S_0043_Wat,489.1039118
29,Sample_S19S_0043_Wat,489.1402055
13,Sample_S19S_0043_Wat,489.1532671
1,Sample_S19S_0043_Wat,489.1708695
9,Sample_S19S_0043_Wat,489.1765226
6,Sample_S19S_0043_Wat,489.1895365
9,Sample_S19S_0043_Wat,489.2128864
5,Sample_S19S_0043_Wat,489.2259164
6,Sample_S19S_0043_Wat,489.2492677
12,Sample_S19S_0043_Wat,490.0990621
1,Sample_S19S_0043_Wat,490.1201406
11,Sample_S19S_0043_Wat,490.171809
17,Sample_S19S_0043_Wat,490.2082273
10,Sample_S19S_0043_Wat,491.0830123
8,Sample_S19S_0043_Wat,491.1193786
25,Sample_S19S_0043_Wat,491.1558203
47,Sample_S19S_0043_Wat,491.1922945
6,Sample_S19S_0043_Wat,491.2287423
31,Sample_S19S_0043_Wat,492.1147512
16,Sample_S19S_0043_Wat,493.098712
67,Sample_S19S_0043_Wat,493.1351653
3,Sample_S19S_0043_Wat,493.1636569
46,Sample_S19S_0043_Wat,493.1715856
2,Sample_S19S_0043_Wat,493.1999507
11,Sample_S19S_0043_Wat,493.2442171
17,Sample_S19S_0043_Wat,495.0780179
38,Sample_S19S_0043_Wat,495.1144449
49,Sample_S19S_0043_Wat,495.1507984
15,Sample_S19S_0043_Wat,495.1791573
1,Sample_S19S_0043_Wat,496.1905351
13,Sample_S19S_0043_Wat,497.0725711
7,Sample_S19S_0043_Wat,497.1301476
22,Sample_S19S_0043_Wat,497.1947705
11,Sample_S19S_0043_Wat,498.1253978
35,Sample_S19S_0043_Wat,498.1617513
3,Sample_S19S_0043_Wat,498.1698072
8,Sample_S19S_0043_Wat,499.1012958
27,Sample_S19S_0043_Wat,499.1093112
34,Sample_S19S_0043_Wat,499.1246232
7,Sample_S19S_0043_Wat,499.1377212
43,Sample_S19S_0043_Wat,499.1457371
4,Sample_S19S_0043_Wat,499.1553132
12,Sample_S19S_0043_Wat,499.1610424
15,Sample_S19S_0043_Wat,499.1740741
32,Sample_S19S_0043_Wat,499.1973555
18,Sample_S19S_0043_Wat,499.2104255
15,Sample_S19S_0043_Wat,499.2184243
6,Sample_S19S_0043_Wat,501.1037301
11,Sample_S19S_0043_Wat,501.116864
18,Sample_S19S_0043_Wat,501.1401768
25,Sample_S19S_0043_Wat,501.1532967
13,Sample_S19S_0043_Wat,501.1612956
46,Sample_S19S_0043_Wat,501.1766253
22,Sample_S19S_0043_Wat,501.1896846
27,Sample_S19S_0043_Wat,501.2130646
1,Sample_S19S_0043_Wat,503.0832459
45,Sample_S19S_0043_Wat,503.1195309
2,Sample_S19S_0043_Wat,503.1326318
1,Sample_S19S_0043_Wat,503.1502092
22,Sample_S19S_0043_Wat,503.1558462
15,Sample_S19S_0043_Wat,503.1921795
4,Sample_S19S_0043_Wat,503.2051842
14,Sample_S19S_0043_Wat,503.2285615
7,Sample_S19S_0043_Wat,504.1512304
5,Sample_S19S_0043_Wat,504.1876267
10,Sample_S19S_0043_Wat,505.098662
16,Sample_S19S_0043_Wat,505.1350781
63,Sample_S19S_0043_Wat,505.1715425
30,Sample_S19S_0043_Wat,505.2079802
26,Sample_S19S_0043_Wat,505.2443315
6,Sample_S19S_0043_Wat,506.1303153
7,Sample_S19S_0043_Wat,506.1666811
13,Sample_S19S_0043_Wat,507.0780238
36,Sample_S19S_0043_Wat,507.1144464
53,Sample_S19S_0043_Wat,507.1508255
3,Sample_S19S_0043_Wat,507.179192
7,Sample_S19S_0043_Wat,507.2154676
6,Sample_S19S_0043_Wat,507.2598181
2,Sample_S19S_0043_Wat,509.0726169
22,Sample_S19S_0043_Wat,509.0937287
34,Sample_S19S_0043_Wat,509.1300451
9,Sample_S19S_0043_Wat,509.1583575
11,Sample_S19S_0043_Wat,509.1947371
2,Sample_S19S_0043_Wat,511.1375472
1,Sample_S19S_0043_Wat,511.1455592
6,Sample_S19S_0043_Wat,511.1739404
9,Sample_S19S_0043_Wat,511.2103696
8,Sample_S19S_0043_Wat,511.2467945
1,Sample_S19S_0043_Wat,512.1854652
17,Sample_S19S_0043_Wat,513.1169162
9,Sample_S19S_0043_Wat,513.1248843
5,Sample_S19S_0043_Wat,513.1401059
6,Sample_S19S_0043_Wat,513.1531789
3,Sample_S19S_0043_Wat,513.1612236
10,Sample_S19S_0043_Wat,513.1895585
18,Sample_S19S_0043_Wat,515.083157
28,Sample_S19S_0043_Wat,515.1194964
2,Sample_S19S_0043_Wat,515.1326297
11,Sample_S19S_0043_Wat,515.155816
12,Sample_S19S_0043_Wat,515.1688778
4,Sample_S19S_0043_Wat,515.1768835
9,Sample_S19S_0043_Wat,515.1921599
9,Sample_S19S_0043_Wat,515.2052029
4,Sample_S19S_0043_Wat,515.2285302
3,Sample_S19S_0043_Wat,517.098859
7,Sample_S19S_0043_Wat,517.1352552
11,Sample_S19S_0043_Wat,517.171616
41,Sample_S19S_0043_Wat,517.2079237
8,Sample_S19S_0043_Wat,517.2442337
11,Sample_S19S_0043_Wat,519.1143103
24,Sample_S19S_0043_Wat,519.1507584
49,Sample_S19S_0043_Wat,519.1872205
17,Sample_S19S_0043_Wat,519.2236508
11,Sample_S19S_0043_Wat,519.2600027
27,Sample_S19S_0043_Wat,520.1461126
15,Sample_S19S_0043_Wat,521.0937324
40,Sample_S19S_0043_Wat,521.1301011
19,Sample_S19S_0043_Wat,521.1663968
9,Sample_S19S_0043_Wat,521.2027235
5,Sample_S19S_0043_Wat,521.2390738
3,Sample_S19S_0043_Wat,522.1251732
1,Sample_S19S_0043_Wat,522.1615064
6,Sample_S19S_0043_Wat,523.1091901
6,Sample_S19S_0043_Wat,523.1376337
13,Sample_S19S_0043_Wat,523.1456062
12,Sample_S19S_0043_Wat,523.1739853
25,Sample_S19S_0043_Wat,523.1820717
4,Sample_S19S_0043_Wat,523.2468227
11,Sample_S19S_0043_Wat,525.0885729
24,Sample_S19S_0043_Wat,525.1250197
31,Sample_S19S_0043_Wat,525.1614051
25,Sample_S19S_0043_Wat,526.1566707
30,Sample_S19S_0043_Wat,527.1406475
32,Sample_S19S_0043_Wat,527.1558917
23,Sample_S19S_0043_Wat,527.1769645
16,Sample_S19S_0043_Wat,527.2052882
5,Sample_S19S_0043_Wat,527.2415754
30,Sample_S19S_0043_Wat,529.1351825
1,Sample_S19S_0043_Wat,529.1657121
6,Sample_S19S_0043_Wat,529.1925822
11,Sample_S19S_0043_Wat,529.2078283
6,Sample_S19S_0043_Wat,529.2208396
26,Sample_S19S_0043_Wat,530.1304284
28,Sample_S19S_0043_Wat,530.1667605
12,Sample_S19S_0043_Wat,531.1144803
25,Sample_S19S_0043_Wat,531.1507766
13,Sample_S19S_0043_Wat,531.1871077
9,Sample_S19S_0043_Wat,531.2001725
19,Sample_S19S_0043_Wat,531.2234777
20,Sample_S19S_0043_Wat,532.1097212
10,Sample_S19S_0043_Wat,532.1459364
1,Sample_S19S_0043_Wat,532.1822518
8,Sample_S19S_0043_Wat,533.0937827
21,Sample_S19S_0043_Wat,533.1301236
52,Sample_S19S_0043_Wat,533.166456
12,Sample_S19S_0043_Wat,533.2027587
6,Sample_S19S_0043_Wat,533.2390944
8,Sample_S19S_0043_Wat,535.1458132
21,Sample_S19S_0043_Wat,535.1821751
12,Sample_S19S_0043_Wat,535.2547783
20,Sample_S19S_0043_Wat,537.1249315
38,Sample_S19S_0043_Wat,537.161382
4,Sample_S19S_0043_Wat,537.1897464
18,Sample_S19S_0043_Wat,537.1978101
9,Sample_S19S_0043_Wat,537.2342192
13,Sample_S19S_0043_Wat,539.1042196
8,Sample_S19S_0043_Wat,539.1325679
17,Sample_S19S_0043_Wat,539.1405618
9,Sample_S19S_0043_Wat,539.1688297
4,Sample_S19S_0043_Wat,539.1768779
5,Sample_S19S_0043_Wat,539.2051955
2,Sample_S19S_0043_Wat,539.2132409
2,Sample_S19S_0043_Wat,539.2416063
2,Sample_S19S_0043_Wat,539.2496267
18,Sample_S19S_0043_Wat,541.1199147
11,Sample_S19S_0043_Wat,541.1563515
4,Sample_S19S_0043_Wat,541.1927684
20,Sample_S19S_0043_Wat,541.2290565
7,Sample_S19S_0043_Wat,541.2573331
4,Sample_S19S_0043_Wat,542.1514443
17,Sample_S19S_0043_Wat,543.1144211
11,Sample_S19S_0043_Wat,543.1638009
7,Sample_S19S_0043_Wat,543.1718262
8,Sample_S19S_0043_Wat,543.2001267
2,Sample_S19S_0043_Wat,543.2234029
3,Sample_S19S_0043_Wat,545.0935509
2,Sample_S19S_0043_Wat,545.1432084
26,Sample_S19S_0043_Wat,545.1664409
30,Sample_S19S_0043_Wat,545.2028931
4,Sample_S19S_0043_Wat,547.1822164
15,Sample_S19S_0043_Wat,547.2185618
8,Sample_S19S_0043_Wat,549.1250923
15,Sample_S19S_0043_Wat,549.1614413
33,Sample_S19S_0043_Wat,549.1977663
13,Sample_S19S_0043_Wat,549.2340464
10,Sample_S19S_0043_Wat,551.10435
19,Sample_S19S_0043_Wat,551.140683
13,Sample_S19S_0043_Wat,551.1689448
25,Sample_S19S_0043_Wat,551.1769906
5,Sample_S19S_0043_Wat,551.2052511
15,Sample_S19S_0043_Wat,551.2133063
2,Sample_S19S_0043_Wat,552.1357425
40,Sample_S19S_0043_Wat,553.1562956
18,Sample_S19S_0043_Wat,553.1925971
4,Sample_S19S_0043_Wat,553.2288832
21,Sample_S19S_0043_Wat,554.1878947
4,Sample_S19S_0043_Wat,555.1356619
13,Sample_S19S_0043_Wat,555.1720029
18,Sample_S19S_0043_Wat,555.2082923
7,Sample_S19S_0043_Wat,555.2365023
1,Sample_S19S_0043_Wat,557.1797008
1,Sample_S19S_0043_Wat,557.1877224
21,Sample_S19S_0043_Wat,559.1456819
18,Sample_S19S_0043_Wat,559.2185569
4,Sample_S19S_0043_Wat,561.1248442
3,Sample_S19S_0043_Wat,561.1611805
1,Sample_S19S_0043_Wat,561.1975534
5,Sample_S19S_0043_Wat,561.2339983
9,Sample_S19S_0043_Wat,562.1929231
5,Sample_S19S_0043_Wat,563.1043787
5,Sample_S19S_0043_Wat,563.140767
4,Sample_S19S_0043_Wat,563.1771352
22,Sample_S19S_0043_Wat,563.2134586
14,Sample_S19S_0043_Wat,563.2497644
2,Sample_S19S_0043_Wat,564.172115
1,Sample_S19S_0043_Wat,564.1801741
2,Sample_S19S_0043_Wat,565.1561141
16,Sample_S19S_0043_Wat,565.2290122
4,Sample_S19S_0043_Wat,567.1356587
15,Sample_S19S_0043_Wat,567.2083955
14,Sample_S19S_0043_Wat,567.2446704
1,Sample_S19S_0043_Wat,568.17508
3,Sample_S19S_0043_Wat,569.1510794
1,Sample_S19S_0043_Wat,569.1874013
16,Sample_S19S_0043_Wat,571.1668216
20,Sample_S19S_0043_Wat,571.1821369
13,Sample_S19S_0043_Wat,571.2032768
6,Sample_S19S_0043_Wat,571.2185728
4,Sample_S19S_0043_Wat,573.1978706
4,Sample_S19S_0043_Wat,573.2342462
28,Sample_S19S_0043_Wat,574.1930393
3,Sample_S19S_0043_Wat,575.1407714
21,Sample_S19S_0043_Wat,575.1770756
28,Sample_S19S_0043_Wat,575.213398
34,Sample_S19S_0043_Wat,577.1563035
21,Sample_S19S_0043_Wat,577.1926143
6,Sample_S19S_0043_Wat,577.228924
14,Sample_S19S_0043_Wat,579.1355972
30,Sample_S19S_0043_Wat,579.1719274
17,Sample_S19S_0043_Wat,579.2082488
3,Sample_S19S_0043_Wat,579.2445526
27,Sample_S19S_0043_Wat,581.1512226
19,Sample_S19S_0043_Wat,581.1875335
13,Sample_S19S_0043_Wat,581.2238624
6,Sample_S19S_0043_Wat,581.2602074
14,Sample_S19S_0043_Wat,582.1828966
10,Sample_S19S_0043_Wat,583.1669172
15,Sample_S19S_0043_Wat,583.2032587
23,Sample_S19S_0043_Wat,587.1770783
15,Sample_S19S_0043_Wat,587.2134744
1,Sample_S19S_0043_Wat,589.1924321
1,Sample_S19S_0043_Wat,589.2288053
8,Sample_S19S_0043_Wat,591.1720289
10,Sample_S19S_0043_Wat,591.2083514
12,Sample_S19S_0043_Wat,591.2446301
3,Sample_S19S_0043_Wat,593.1511079
25,Sample_S19S_0043_Wat,593.1875846
16,Sample_S19S_0043_Wat,593.2240288
23,Sample_S19S_0043_Wat,597.2188862
21,Sample_S19S_0043_Wat,603.1719444
13,Sample_S19S_0043_Wat,603.2083804
6,Sample_S19S_0043_Wat,605.1877226
7,Sample_S19S_0043_Wat,605.2240726
16,Sample_S19S_0043_Wat,607.1304892
17,Sample_S19S_0043_Wat,607.1667845
4,Sample_S19S_0043_Wat,607.2030678
1,Sample_S19S_0043_Wat,607.2394004
2,Sample_S19S_0043_Wat,609.1822447
1,Sample_S19S_0043_Wat,609.2185999
1,Sample_S19S_0043_Wat,609.2548435
1,Sample_S19S_0043_Wat,611.1978745
2,Sample_S19S_0043_Wat,619.1666544
12,Sample_S19S_0043_Wat,621.218773
1,Sample_S19S_0043_Wat,623.162005
2,Sample_S19S_0043_Wat,623.1983716
1,Sample_S19S_0043_Wat,623.2347542
9,Sample_S19S_0043_Wat,631.1667917
2,Sample_S19S_0043_Wat,631.2761072
2,Sample_S19S_0043_Wat,633.1822488
2,Sample_S19S_0043_Wat,637.1771558
11,Sample_S19S_0043_Wat,647.2344756
1,Sample_S19S_0043_Wat,649.2133728
2,Sample_S19S_0043_Wat,679.2241398
