num.trans.involved.in,sample,peak
5,Sample_S19S_0016_Wat,205.1597578
12,Sample_S19S_0016_Wat,209.0455114
3,Sample_S19S_0016_Wat,210.0407624
18,Sample_S19S_0016_Wat,213.0768216
17,Sample_S19S_0016_Wat,213.1132092
18,Sample_S19S_0016_Wat,215.0924726
4,Sample_S19S_0016_Wat,221.1546776
25,Sample_S19S_0016_Wat,225.0768195
20,Sample_S19S_0016_Wat,227.092466
20,Sample_S19S_0016_Wat,227.1288722
9,Sample_S19S_0016_Wat,233.1546845
31,Sample_S19S_0016_Wat,235.0611873
37,Sample_S19S_0016_Wat,237.0768351
1,Sample_S19S_0016_Wat,238.9629644
8,Sample_S19S_0016_Wat,239.0349883
63,Sample_S19S_0016_Wat,239.092497
33,Sample_S19S_0016_Wat,239.1288753
8,Sample_S19S_0016_Wat,242.139775
3,Sample_S19S_0016_Wat,242.1761465
21,Sample_S19S_0016_Wat,243.0873816
6,Sample_S19S_0016_Wat,243.1237626
2,Sample_S19S_0016_Wat,245.0489119
42,Sample_S19S_0016_Wat,245.1030642
1,Sample_S19S_0016_Wat,249.0227066
79,Sample_S19S_0016_Wat,251.0925063
33,Sample_S19S_0016_Wat,251.1289035
73,Sample_S19S_0016_Wat,253.0717756
32,Sample_S19S_0016_Wat,253.1081345
33,Sample_S19S_0016_Wat,253.1445337
42,Sample_S19S_0016_Wat,255.0510433
73,Sample_S19S_0016_Wat,255.0874163
26,Sample_S19S_0016_Wat,255.1237776
65,Sample_S19S_0016_Wat,257.0666765
41,Sample_S19S_0016_Wat,257.1030521
34,Sample_S19S_0016_Wat,257.1394516
44,Sample_S19S_0016_Wat,259.1187072
30,Sample_S19S_0016_Wat,263.0924815
57,Sample_S19S_0016_Wat,265.0717855
66,Sample_S19S_0016_Wat,265.1081545
29,Sample_S19S_0016_Wat,265.1445692
3,Sample_S19S_0016_Wat,265.1479151
1,Sample_S19S_0016_Wat,266.9942715
62,Sample_S19S_0016_Wat,267.0510336
75,Sample_S19S_0016_Wat,267.0874299
64,Sample_S19S_0016_Wat,267.123805
27,Sample_S19S_0016_Wat,267.1601848
72,Sample_S19S_0016_Wat,269.0666802
73,Sample_S19S_0016_Wat,269.1030627
43,Sample_S19S_0016_Wat,269.1394657
66,Sample_S19S_0016_Wat,271.0823212
58,Sample_S19S_0016_Wat,271.118718
18,Sample_S19S_0016_Wat,271.1551343
52,Sample_S19S_0016_Wat,273.0979879
26,Sample_S19S_0016_Wat,273.1343844
61,Sample_S19S_0016_Wat,275.0925149
65,Sample_S19S_0016_Wat,277.0717892
63,Sample_S19S_0016_Wat,277.1081544
41,Sample_S19S_0016_Wat,277.1445377
53,Sample_S19S_0016_Wat,279.0874539
50,Sample_S19S_0016_Wat,279.1238221
3,Sample_S19S_0016_Wat,279.1635618
70,Sample_S19S_0016_Wat,281.0666829
48,Sample_S19S_0016_Wat,281.1030502
56,Sample_S19S_0016_Wat,281.1394597
51,Sample_S19S_0016_Wat,283.0823169
80,Sample_S19S_0016_Wat,283.118715
30,Sample_S19S_0016_Wat,283.1551309
29,Sample_S19S_0016_Wat,285.0980306
7,Sample_S19S_0016_Wat,285.1262347
45,Sample_S19S_0016_Wat,285.1343948
64,Sample_S19S_0016_Wat,287.1136282
37,Sample_S19S_0016_Wat,287.150015
60,Sample_S19S_0016_Wat,291.0874132
60,Sample_S19S_0016_Wat,293.0667099
84,Sample_S19S_0016_Wat,293.1030793
54,Sample_S19S_0016_Wat,293.1394564
6,Sample_S19S_0016_Wat,293.1757942
84,Sample_S19S_0016_Wat,295.0823376
87,Sample_S19S_0016_Wat,295.1187213
40,Sample_S19S_0016_Wat,295.1550986
56,Sample_S19S_0016_Wat,297.0616262
50,Sample_S19S_0016_Wat,297.0980154
34,Sample_S19S_0016_Wat,297.1344063
1,Sample_S19S_0016_Wat,297.1529844
16,Sample_S19S_0016_Wat,297.1707937
61,Sample_S19S_0016_Wat,299.0772616
64,Sample_S19S_0016_Wat,299.1136455
35,Sample_S19S_0016_Wat,301.092932
34,Sample_S19S_0016_Wat,301.129318
27,Sample_S19S_0016_Wat,301.1656955
64,Sample_S19S_0016_Wat,303.0874395
52,Sample_S19S_0016_Wat,303.1238249
62,Sample_S19S_0016_Wat,305.0666877
68,Sample_S19S_0016_Wat,305.1030852
51,Sample_S19S_0016_Wat,305.1394662
54,Sample_S19S_0016_Wat,307.0459779
55,Sample_S19S_0016_Wat,307.0823737
48,Sample_S19S_0016_Wat,307.1187572
1,Sample_S19S_0016_Wat,307.1585022
1,Sample_S19S_0016_Wat,307.194883
66,Sample_S19S_0016_Wat,309.0616036
81,Sample_S19S_0016_Wat,309.0979773
72,Sample_S19S_0016_Wat,309.1343649
29,Sample_S19S_0016_Wat,309.1707647
3,Sample_S19S_0016_Wat,309.1741269
61,Sample_S19S_0016_Wat,311.0772659
97,Sample_S19S_0016_Wat,311.1136352
57,Sample_S19S_0016_Wat,311.1500195
59,Sample_S19S_0016_Wat,313.0929245
60,Sample_S19S_0016_Wat,313.1293014
23,Sample_S19S_0016_Wat,315.0873994
46,Sample_S19S_0016_Wat,315.1085755
40,Sample_S19S_0016_Wat,315.1449559
45,Sample_S19S_0016_Wat,317.0666936
43,Sample_S19S_0016_Wat,317.1030588
45,Sample_S19S_0016_Wat,317.1394552
16,Sample_S19S_0016_Wat,318.0982984
64,Sample_S19S_0016_Wat,319.0823624
70,Sample_S19S_0016_Wat,319.1187158
41,Sample_S19S_0016_Wat,319.1551015
49,Sample_S19S_0016_Wat,321.0616406
39,Sample_S19S_0016_Wat,321.0980285
7,Sample_S19S_0016_Wat,321.1093021
61,Sample_S19S_0016_Wat,321.1343949
31,Sample_S19S_0016_Wat,321.1707672
37,Sample_S19S_0016_Wat,322.0932669
40,Sample_S19S_0016_Wat,323.0408542
71,Sample_S19S_0016_Wat,323.0772527
55,Sample_S19S_0016_Wat,323.1136726
46,Sample_S19S_0016_Wat,323.1500462
33,Sample_S19S_0016_Wat,324.108871
54,Sample_S19S_0016_Wat,325.0565425
81,Sample_S19S_0016_Wat,325.0928926
69,Sample_S19S_0016_Wat,325.1292996
32,Sample_S19S_0016_Wat,325.1657004
1,Sample_S19S_0016_Wat,325.1842438
53,Sample_S19S_0016_Wat,327.0722018
40,Sample_S19S_0016_Wat,327.0874372
57,Sample_S19S_0016_Wat,327.1085831
57,Sample_S19S_0016_Wat,327.1449492
72,Sample_S19S_0016_Wat,329.0878075
47,Sample_S19S_0016_Wat,329.1030905
49,Sample_S19S_0016_Wat,329.1242163
1,Sample_S19S_0016_Wat,329.152419
16,Sample_S19S_0016_Wat,330.0983753
49,Sample_S19S_0016_Wat,331.0823608
1,Sample_S19S_0016_Wat,331.0937101
58,Sample_S19S_0016_Wat,331.1187275
21,Sample_S19S_0016_Wat,332.0775831
29,Sample_S19S_0016_Wat,332.1139958
30,Sample_S19S_0016_Wat,333.0616512
71,Sample_S19S_0016_Wat,333.0980074
3,Sample_S19S_0016_Wat,333.109335
37,Sample_S19S_0016_Wat,333.1344131
25,Sample_S19S_0016_Wat,333.1707943
32,Sample_S19S_0016_Wat,334.0932769
61,Sample_S19S_0016_Wat,335.0772597
41,Sample_S19S_0016_Wat,335.1136067
8,Sample_S19S_0016_Wat,335.124927
52,Sample_S19S_0016_Wat,335.150042
1,Sample_S19S_0016_Wat,335.2358032
40,Sample_S19S_0016_Wat,336.1089144
2,Sample_S19S_0016_Wat,336.1453517
30,Sample_S19S_0016_Wat,337.0564852
84,Sample_S19S_0016_Wat,337.0929176
9,Sample_S19S_0016_Wat,337.1041904
86,Sample_S19S_0016_Wat,337.1292866
48,Sample_S19S_0016_Wat,337.1656867
40,Sample_S19S_0016_Wat,338.0881798
34,Sample_S19S_0016_Wat,338.1245766
63,Sample_S19S_0016_Wat,339.0721726
93,Sample_S19S_0016_Wat,339.1085453
12,Sample_S19S_0016_Wat,339.1198231
32,Sample_S19S_0016_Wat,339.1449816
2,Sample_S19S_0016_Wat,339.1660725
32,Sample_S19S_0016_Wat,339.1813533
28,Sample_S19S_0016_Wat,340.1038147
79,Sample_S19S_0016_Wat,341.0878109
19,Sample_S19S_0016_Wat,341.1031062
39,Sample_S19S_0016_Wat,341.12425
41,Sample_S19S_0016_Wat,341.1606173
26,Sample_S19S_0016_Wat,342.1194926
33,Sample_S19S_0016_Wat,343.067113
74,Sample_S19S_0016_Wat,343.1034685
40,Sample_S19S_0016_Wat,343.1187422
16,Sample_S19S_0016_Wat,343.1399075
25,Sample_S19S_0016_Wat,343.1551386
12,Sample_S19S_0016_Wat,343.2126496
17,Sample_S19S_0016_Wat,344.0987606
34,Sample_S19S_0016_Wat,344.1139904
45,Sample_S19S_0016_Wat,345.0616254
57,Sample_S19S_0016_Wat,345.0980089
43,Sample_S19S_0016_Wat,345.1191373
22,Sample_S19S_0016_Wat,345.1344288
35,Sample_S19S_0016_Wat,345.170772
22,Sample_S19S_0016_Wat,346.0932318
9,Sample_S19S_0016_Wat,346.1507606
2,Sample_S19S_0016_Wat,346.2154294
62,Sample_S19S_0016_Wat,347.0772564
4,Sample_S19S_0016_Wat,347.0885951
21,Sample_S19S_0016_Wat,347.0903002
37,Sample_S19S_0016_Wat,347.1136821
7,Sample_S19S_0016_Wat,347.1170036
57,Sample_S19S_0016_Wat,347.1500262
12,Sample_S19S_0016_Wat,347.1864695
17,Sample_S19S_0016_Wat,348.0725611
41,Sample_S19S_0016_Wat,348.1089104
3,Sample_S19S_0016_Wat,348.231087
1,Sample_S19S_0016_Wat,349.0551349
68,Sample_S19S_0016_Wat,349.0929209
4,Sample_S19S_0016_Wat,349.1042255
18,Sample_S19S_0016_Wat,349.1059291
80,Sample_S19S_0016_Wat,349.129303
52,Sample_S19S_0016_Wat,349.1656793
1,Sample_S19S_0016_Wat,349.1690154
48,Sample_S19S_0016_Wat,350.0881844
27,Sample_S19S_0016_Wat,350.1245924
49,Sample_S19S_0016_Wat,351.0721501
40,Sample_S19S_0016_Wat,351.1085115
6,Sample_S19S_0016_Wat,351.1198443
20,Sample_S19S_0016_Wat,351.121581
44,Sample_S19S_0016_Wat,351.1449775
30,Sample_S19S_0016_Wat,351.1813076
2,Sample_S19S_0016_Wat,351.2307319
35,Sample_S19S_0016_Wat,352.1038206
26,Sample_S19S_0016_Wat,352.140233
74,Sample_S19S_0016_Wat,353.0878166
7,Sample_S19S_0016_Wat,353.0990962
57,Sample_S19S_0016_Wat,353.124233
38,Sample_S19S_0016_Wat,353.1605629
2,Sample_S19S_0016_Wat,353.2003494
43,Sample_S19S_0016_Wat,354.1194893
43,Sample_S19S_0016_Wat,355.0671162
76,Sample_S19S_0016_Wat,355.1034699
35,Sample_S19S_0016_Wat,355.1187368
22,Sample_S19S_0016_Wat,355.1399086
38,Sample_S19S_0016_Wat,355.1762476
18,Sample_S19S_0016_Wat,356.0987693
31,Sample_S19S_0016_Wat,356.1350838
28,Sample_S19S_0016_Wat,357.061636
62,Sample_S19S_0016_Wat,357.0827228
35,Sample_S19S_0016_Wat,357.0979761
22,Sample_S19S_0016_Wat,357.1110353
76,Sample_S19S_0016_Wat,357.1191097
31,Sample_S19S_0016_Wat,357.134414
51,Sample_S19S_0016_Wat,357.1554992
32,Sample_S19S_0016_Wat,358.0932734
45,Sample_S19S_0016_Wat,359.077285
12,Sample_S19S_0016_Wat,359.0806207
21,Sample_S19S_0016_Wat,359.0984239
43,Sample_S19S_0016_Wat,359.1347452
50,Sample_S19S_0016_Wat,359.1500213
30,Sample_S19S_0016_Wat,359.1711775
38,Sample_S19S_0016_Wat,360.108919
31,Sample_S19S_0016_Wat,361.056505
14,Sample_S19S_0016_Wat,361.069538
61,Sample_S19S_0016_Wat,361.0929312
8,Sample_S19S_0016_Wat,361.0962708
79,Sample_S19S_0016_Wat,361.1292859
23,Sample_S19S_0016_Wat,361.1423317
37,Sample_S19S_0016_Wat,361.1657046
24,Sample_S19S_0016_Wat,362.0881611
8,Sample_S19S_0016_Wat,362.1246138
33,Sample_S19S_0016_Wat,362.1609376
1,Sample_S19S_0016_Wat,363.0835367
71,Sample_S19S_0016_Wat,363.108539
4,Sample_S19S_0016_Wat,363.1198751
18,Sample_S19S_0016_Wat,363.1215932
34,Sample_S19S_0016_Wat,363.1449786
20,Sample_S19S_0016_Wat,363.1812892
7,Sample_S19S_0016_Wat,363.1943423
46,Sample_S19S_0016_Wat,364.1038292
44,Sample_S19S_0016_Wat,364.1401707
2,Sample_S19S_0016_Wat,364.2259804
74,Sample_S19S_0016_Wat,365.0878382
6,Sample_S19S_0016_Wat,365.0991282
23,Sample_S19S_0016_Wat,365.1008669
36,Sample_S19S_0016_Wat,365.1241727
14,Sample_S19S_0016_Wat,365.135482
14,Sample_S19S_0016_Wat,365.137244
22,Sample_S19S_0016_Wat,365.1606438
28,Sample_S19S_0016_Wat,365.1969623
3,Sample_S19S_0016_Wat,365.2100088
38,Sample_S19S_0016_Wat,366.0830912
38,Sample_S19S_0016_Wat,366.1194629
8,Sample_S19S_0016_Wat,366.1558943
56,Sample_S19S_0016_Wat,367.0671094
90,Sample_S19S_0016_Wat,367.1034613
6,Sample_S19S_0016_Wat,367.1147643
13,Sample_S19S_0016_Wat,367.1399195
37,Sample_S19S_0016_Wat,367.1762158
40,Sample_S19S_0016_Wat,368.0987097
38,Sample_S19S_0016_Wat,368.1351331
51,Sample_S19S_0016_Wat,369.0827443
20,Sample_S19S_0016_Wat,369.111039
21,Sample_S19S_0016_Wat,369.1190631
53,Sample_S19S_0016_Wat,369.1555194
11,Sample_S19S_0016_Wat,369.1837969
9,Sample_S19S_0016_Wat,369.1918398
30,Sample_S19S_0016_Wat,370.1507341
20,Sample_S19S_0016_Wat,371.0902981
32,Sample_S19S_0016_Wat,371.0983408
1,Sample_S19S_0016_Wat,371.1014586
40,Sample_S19S_0016_Wat,371.1136558
49,Sample_S19S_0016_Wat,371.1347918
40,Sample_S19S_0016_Wat,371.1500297
39,Sample_S19S_0016_Wat,371.171134
30,Sample_S19S_0016_Wat,372.1300076
33,Sample_S19S_0016_Wat,373.09294
1,Sample_S19S_0016_Wat,373.0962346
28,Sample_S19S_0016_Wat,373.1059583
44,Sample_S19S_0016_Wat,373.1140108
12,Sample_S19S_0016_Wat,373.1504711
15,Sample_S19S_0016_Wat,373.1657318
14,Sample_S19S_0016_Wat,374.1245961
45,Sample_S19S_0016_Wat,375.0721973
9,Sample_S19S_0016_Wat,375.0755416
21,Sample_S19S_0016_Wat,375.0852221
3,Sample_S19S_0016_Wat,375.1118457
72,Sample_S19S_0016_Wat,375.1449442
22,Sample_S19S_0016_Wat,375.1579842
24,Sample_S19S_0016_Wat,375.1812892
26,Sample_S19S_0016_Wat,376.0674564
42,Sample_S19S_0016_Wat,377.0877952
3,Sample_S19S_0016_Wat,377.0911145
4,Sample_S19S_0016_Wat,377.0991254
15,Sample_S19S_0016_Wat,377.100823
85,Sample_S19S_0016_Wat,377.1241915
8,Sample_S19S_0016_Wat,377.1355192
24,Sample_S19S_0016_Wat,377.1372608
56,Sample_S19S_0016_Wat,377.1606102
12,Sample_S19S_0016_Wat,377.1735945
31,Sample_S19S_0016_Wat,378.0831073
47,Sample_S19S_0016_Wat,378.1194361
45,Sample_S19S_0016_Wat,378.1558494
1,Sample_S19S_0016_Wat,378.2416575
20,Sample_S19S_0016_Wat,379.0670295
8,Sample_S19S_0016_Wat,379.0783458
89,Sample_S19S_0016_Wat,379.1034645
7,Sample_S19S_0016_Wat,379.1147799
2,Sample_S19S_0016_Wat,379.1277178
82,Sample_S19S_0016_Wat,379.1398402
49,Sample_S19S_0016_Wat,379.1762343
39,Sample_S19S_0016_Wat,380.0987084
49,Sample_S19S_0016_Wat,380.1350974
17,Sample_S19S_0016_Wat,380.1715321
24,Sample_S19S_0016_Wat,381.0826619
5,Sample_S19S_0016_Wat,381.0939738
88,Sample_S19S_0016_Wat,381.1191186
6,Sample_S19S_0016_Wat,381.1304071
74,Sample_S19S_0016_Wat,381.1555031
28,Sample_S19S_0016_Wat,381.1918695
25,Sample_S19S_0016_Wat,382.0779661
37,Sample_S19S_0016_Wat,382.1143936
9,Sample_S19S_0016_Wat,382.1507159
19,Sample_S19S_0016_Wat,383.0619616
18,Sample_S19S_0016_Wat,383.0772634
83,Sample_S19S_0016_Wat,383.0983806
30,Sample_S19S_0016_Wat,383.1136188
27,Sample_S19S_0016_Wat,383.1266887
29,Sample_S19S_0016_Wat,383.1347075
27,Sample_S19S_0016_Wat,383.1711132
34,Sample_S19S_0016_Wat,384.0936599
25,Sample_S19S_0016_Wat,384.1664077
17,Sample_S19S_0016_Wat,385.0564963
49,Sample_S19S_0016_Wat,385.0776412
39,Sample_S19S_0016_Wat,385.0929264
6,Sample_S19S_0016_Wat,385.0961706
26,Sample_S19S_0016_Wat,385.1139909
25,Sample_S19S_0016_Wat,385.1292595
23,Sample_S19S_0016_Wat,385.1423072
28,Sample_S19S_0016_Wat,385.1503825
27,Sample_S19S_0016_Wat,385.1868285
31,Sample_S19S_0016_Wat,386.0881802
25,Sample_S19S_0016_Wat,386.1093009
29,Sample_S19S_0016_Wat,386.1245256
13,Sample_S19S_0016_Wat,387.0721252
16,Sample_S19S_0016_Wat,387.0851909
19,Sample_S19S_0016_Wat,387.0932457
60,Sample_S19S_0016_Wat,387.1085636
4,Sample_S19S_0016_Wat,387.1118261
70,Sample_S19S_0016_Wat,387.1296791
21,Sample_S19S_0016_Wat,387.1579654
13,Sample_S19S_0016_Wat,387.1659841
12,Sample_S19S_0016_Wat,387.19436
30,Sample_S19S_0016_Wat,388.0674506
19,Sample_S19S_0016_Wat,388.1037783
24,Sample_S19S_0016_Wat,388.1249219
35,Sample_S19S_0016_Wat,388.1401722
12,Sample_S19S_0016_Wat,389.0644457
59,Sample_S19S_0016_Wat,389.0878118
3,Sample_S19S_0016_Wat,389.0911204
25,Sample_S19S_0016_Wat,389.1008827
2,Sample_S19S_0016_Wat,389.1120281
78,Sample_S19S_0016_Wat,389.1242045
20,Sample_S19S_0016_Wat,389.1372295
23,Sample_S19S_0016_Wat,389.1605387
18,Sample_S19S_0016_Wat,389.1736085
34,Sample_S19S_0016_Wat,389.1969883
36,Sample_S19S_0016_Wat,390.083092
28,Sample_S19S_0016_Wat,391.0670531
41,Sample_S19S_0016_Wat,391.1034381
48,Sample_S19S_0016_Wat,391.1398852
9,Sample_S19S_0016_Wat,391.1528412
30,Sample_S19S_0016_Wat,391.1762035
17,Sample_S19S_0016_Wat,392.06231
48,Sample_S19S_0016_Wat,392.098752
6,Sample_S19S_0016_Wat,392.1198706
45,Sample_S19S_0016_Wat,392.1351125
52,Sample_S19S_0016_Wat,393.0827628
5,Sample_S19S_0016_Wat,393.0940727
76,Sample_S19S_0016_Wat,393.1191285
14,Sample_S19S_0016_Wat,393.1303971
37,Sample_S19S_0016_Wat,393.1554711
16,Sample_S19S_0016_Wat,393.1685262
19,Sample_S19S_0016_Wat,393.1919402
22,Sample_S19S_0016_Wat,394.078026
39,Sample_S19S_0016_Wat,394.1144108
30,Sample_S19S_0016_Wat,395.0619708
47,Sample_S19S_0016_Wat,395.0984243
1,Sample_S19S_0016_Wat,395.1226264
101,Sample_S19S_0016_Wat,395.1347697
42,Sample_S19S_0016_Wat,395.171191
36,Sample_S19S_0016_Wat,396.0936653
32,Sample_S19S_0016_Wat,396.13006
21,Sample_S19S_0016_Wat,397.0775828
24,Sample_S19S_0016_Wat,397.1059758
53,Sample_S19S_0016_Wat,397.1140135
1,Sample_S19S_0016_Wat,397.1382388
74,Sample_S19S_0016_Wat,397.1504225
20,Sample_S19S_0016_Wat,397.1867602
14,Sample_S19S_0016_Wat,398.0881509
45,Sample_S19S_0016_Wat,398.1456531
15,Sample_S19S_0016_Wat,399.0721389
5,Sample_S19S_0016_Wat,399.0753668
28,Sample_S19S_0016_Wat,399.085227
44,Sample_S19S_0016_Wat,399.0932727
14,Sample_S19S_0016_Wat,399.1086044
7,Sample_S19S_0016_Wat,399.1117451
51,Sample_S19S_0016_Wat,399.1296635
33,Sample_S19S_0016_Wat,399.1449193
10,Sample_S19S_0016_Wat,399.1579458
3,Sample_S19S_0016_Wat,399.1659287
11,Sample_S19S_0016_Wat,399.1812586
25,Sample_S19S_0016_Wat,399.2024375
17,Sample_S19S_0016_Wat,400.1037744
8,Sample_S19S_0016_Wat,400.1167843
19,Sample_S19S_0016_Wat,400.1249077
33,Sample_S19S_0016_Wat,400.1401965
14,Sample_S19S_0016_Wat,401.0644945
41,Sample_S19S_0016_Wat,401.0878209
2,Sample_S19S_0016_Wat,401.0910681
39,Sample_S19S_0016_Wat,401.1089631
8,Sample_S19S_0016_Wat,401.1273966
55,Sample_S19S_0016_Wat,401.1453284
53,Sample_S19S_0016_Wat,401.1605804
15,Sample_S19S_0016_Wat,401.1736033
13,Sample_S19S_0016_Wat,401.1816514
9,Sample_S19S_0016_Wat,402.0831391
4,Sample_S19S_0016_Wat,402.1042761
9,Sample_S19S_0016_Wat,402.1195259
17,Sample_S19S_0016_Wat,402.1405573
56,Sample_S19S_0016_Wat,403.1034476
2,Sample_S19S_0016_Wat,403.1066431
21,Sample_S19S_0016_Wat,403.1164656
68,Sample_S19S_0016_Wat,403.1398463
23,Sample_S19S_0016_Wat,403.1529106
31,Sample_S19S_0016_Wat,403.1762826
48,Sample_S19S_0016_Wat,404.1351085
37,Sample_S19S_0016_Wat,404.1715089
31,Sample_S19S_0016_Wat,405.0827082
33,Sample_S19S_0016_Wat,405.1190623
23,Sample_S19S_0016_Wat,405.1321292
45,Sample_S19S_0016_Wat,405.1555362
19,Sample_S19S_0016_Wat,405.1685606
31,Sample_S19S_0016_Wat,405.1918632
4,Sample_S19S_0016_Wat,406.0990792
46,Sample_S19S_0016_Wat,406.1143545
31,Sample_S19S_0016_Wat,407.0620299
62,Sample_S19S_0016_Wat,407.0983755
5,Sample_S19S_0016_Wat,407.1097304
67,Sample_S19S_0016_Wat,407.1347505
20,Sample_S19S_0016_Wat,407.1477958
14,Sample_S19S_0016_Wat,407.1712237
16,Sample_S19S_0016_Wat,407.2075913
46,Sample_S19S_0016_Wat,408.0936661
53,Sample_S19S_0016_Wat,408.1300077
21,Sample_S19S_0016_Wat,409.07757
75,Sample_S19S_0016_Wat,409.1140221
78,Sample_S19S_0016_Wat,409.1504235
15,Sample_S19S_0016_Wat,409.1867344
20,Sample_S19S_0016_Wat,410.0729191
14,Sample_S19S_0016_Wat,410.1092388
42,Sample_S19S_0016_Wat,410.1456867
13,Sample_S19S_0016_Wat,411.0568579
53,Sample_S19S_0016_Wat,411.0933142
69,Sample_S19S_0016_Wat,411.1296933
27,Sample_S19S_0016_Wat,411.1579879
42,Sample_S19S_0016_Wat,411.1660419
7,Sample_S19S_0016_Wat,411.2022993
17,Sample_S19S_0016_Wat,412.0885256
8,Sample_S19S_0016_Wat,412.116775
29,Sample_S19S_0016_Wat,412.1249118
13,Sample_S19S_0016_Wat,413.06446
4,Sample_S19S_0016_Wat,413.072442
24,Sample_S19S_0016_Wat,413.087795
4,Sample_S19S_0016_Wat,413.0910377
28,Sample_S19S_0016_Wat,413.1008794
63,Sample_S19S_0016_Wat,413.1089345
45,Sample_S19S_0016_Wat,413.12421
3,Sample_S19S_0016_Wat,413.127421
19,Sample_S19S_0016_Wat,413.1372735
21,Sample_S19S_0016_Wat,413.1452768
7,Sample_S19S_0016_Wat,413.1605228
18,Sample_S19S_0016_Wat,413.1736056
14,Sample_S19S_0016_Wat,413.1816156
10,Sample_S19S_0016_Wat,414.0831299
2,Sample_S19S_0016_Wat,414.132396
5,Sample_S19S_0016_Wat,415.0671726
14,Sample_S19S_0016_Wat,415.080159
33,Sample_S19S_0016_Wat,415.0881916
50,Sample_S19S_0016_Wat,415.1034568
5,Sample_S19S_0016_Wat,415.1066895
18,Sample_S19S_0016_Wat,415.1164835
26,Sample_S19S_0016_Wat,415.1245406
5,Sample_S19S_0016_Wat,415.1430564
17,Sample_S19S_0016_Wat,415.1529316
49,Sample_S19S_0016_Wat,415.1609859
10,Sample_S19S_0016_Wat,415.1763155
5,Sample_S19S_0016_Wat,416.0986591
4,Sample_S19S_0016_Wat,416.1115895
42,Sample_S19S_0016_Wat,416.1351142
10,Sample_S19S_0016_Wat,417.0593749
21,Sample_S19S_0016_Wat,417.0826722
2,Sample_S19S_0016_Wat,417.085967
21,Sample_S19S_0016_Wat,417.0957124
70,Sample_S19S_0016_Wat,417.1191101
5,Sample_S19S_0016_Wat,417.1223013
31,Sample_S19S_0016_Wat,417.1321667
34,Sample_S19S_0016_Wat,417.1402188
64,Sample_S19S_0016_Wat,417.1555165
27,Sample_S19S_0016_Wat,417.1685514
23,Sample_S19S_0016_Wat,418.0779721
18,Sample_S19S_0016_Wat,418.1144292
3,Sample_S19S_0016_Wat,418.1508546
16,Sample_S19S_0016_Wat,419.0982983
2,Sample_S19S_0016_Wat,419.1015327
9,Sample_S19S_0016_Wat,419.1113471
80,Sample_S19S_0016_Wat,419.1347745
21,Sample_S19S_0016_Wat,419.1478319
43,Sample_S19S_0016_Wat,419.1711927
36,Sample_S19S_0016_Wat,419.207525
15,Sample_S19S_0016_Wat,421.0777047
75,Sample_S19S_0016_Wat,421.1140346
71,Sample_S19S_0016_Wat,421.1504292
1,Sample_S19S_0016_Wat,421.1552081
18,Sample_S19S_0016_Wat,421.1634511
22,Sample_S19S_0016_Wat,421.1868654
1,Sample_S19S_0016_Wat,421.2265386
24,Sample_S19S_0016_Wat,422.1093338
22,Sample_S19S_0016_Wat,423.093231
5,Sample_S19S_0016_Wat,423.1046157
85,Sample_S19S_0016_Wat,423.1296813
33,Sample_S19S_0016_Wat,423.1661225
35,Sample_S19S_0016_Wat,423.2024382
2,Sample_S19S_0016_Wat,424.0886497
33,Sample_S19S_0016_Wat,424.1249783
20,Sample_S19S_0016_Wat,425.1008972
36,Sample_S19S_0016_Wat,425.1089252
4,Sample_S19S_0016_Wat,425.120287
19,Sample_S19S_0016_Wat,425.1453873
37,Sample_S19S_0016_Wat,425.1816982
7,Sample_S19S_0016_Wat,426.0961464
9,Sample_S19S_0016_Wat,426.1324305
40,Sample_S19S_0016_Wat,426.1405881
40,Sample_S19S_0016_Wat,426.1769689
14,Sample_S19S_0016_Wat,427.0801714
30,Sample_S19S_0016_Wat,427.088175
25,Sample_S19S_0016_Wat,427.1035014
1,Sample_S19S_0016_Wat,427.106705
23,Sample_S19S_0016_Wat,427.1165345
62,Sample_S19S_0016_Wat,427.1245871
8,Sample_S19S_0016_Wat,427.1399769
6,Sample_S19S_0016_Wat,427.1610597
4,Sample_S19S_0016_Wat,427.1763557
28,Sample_S19S_0016_Wat,427.1973395
28,Sample_S19S_0016_Wat,428.0987544
8,Sample_S19S_0016_Wat,428.1117671
3,Sample_S19S_0016_Wat,428.1352231
11,Sample_S19S_0016_Wat,428.1481747
21,Sample_S19S_0016_Wat,428.1562791
3,Sample_S19S_0016_Wat,429.0829209
6,Sample_S19S_0016_Wat,429.0861392
9,Sample_S19S_0016_Wat,429.1039457
1,Sample_S19S_0016_Wat,429.107041
8,Sample_S19S_0016_Wat,429.1192381
3,Sample_S19S_0016_Wat,429.1224523
52,Sample_S19S_0016_Wat,429.1402424
27,Sample_S19S_0016_Wat,429.1555582
1,Sample_S19S_0016_Wat,429.1587517
22,Sample_S19S_0016_Wat,429.1685491
18,Sample_S19S_0016_Wat,429.1765924
37,Sample_S19S_0016_Wat,429.1919036
9,Sample_S19S_0016_Wat,430.0780537
10,Sample_S19S_0016_Wat,430.0909545
16,Sample_S19S_0016_Wat,430.0991542
43,Sample_S19S_0016_Wat,430.1143962
7,Sample_S19S_0016_Wat,430.1273505
29,Sample_S19S_0016_Wat,430.1354817
42,Sample_S19S_0016_Wat,431.098388
2,Sample_S19S_0016_Wat,431.1016424
17,Sample_S19S_0016_Wat,431.1113826
15,Sample_S19S_0016_Wat,431.1194411
31,Sample_S19S_0016_Wat,431.1347291
23,Sample_S19S_0016_Wat,431.1477957
19,Sample_S19S_0016_Wat,431.1558407
33,Sample_S19S_0016_Wat,431.1711879
16,Sample_S19S_0016_Wat,431.2076023
39,Sample_S19S_0016_Wat,432.093661
55,Sample_S19S_0016_Wat,432.1300404
2,Sample_S19S_0016_Wat,432.1665051
32,Sample_S19S_0016_Wat,433.077665
12,Sample_S19S_0016_Wat,433.0906617
28,Sample_S19S_0016_Wat,433.1139658
1,Sample_S19S_0016_Wat,433.1171258
8,Sample_S19S_0016_Wat,433.1269982
30,Sample_S19S_0016_Wat,433.1503758
22,Sample_S19S_0016_Wat,433.1634586
35,Sample_S19S_0016_Wat,433.1868494
24,Sample_S19S_0016_Wat,433.223189
5,Sample_S19S_0016_Wat,434.072975
16,Sample_S19S_0016_Wat,434.1093421
13,Sample_S19S_0016_Wat,435.0569041
52,Sample_S19S_0016_Wat,435.093324
12,Sample_S19S_0016_Wat,435.1062764
33,Sample_S19S_0016_Wat,435.1296329
5,Sample_S19S_0016_Wat,435.1426364
26,Sample_S19S_0016_Wat,435.1659973
11,Sample_S19S_0016_Wat,435.1790631
42,Sample_S19S_0016_Wat,435.2024665
14,Sample_S19S_0016_Wat,436.0886111
7,Sample_S19S_0016_Wat,436.1250197
13,Sample_S19S_0016_Wat,437.072483
10,Sample_S19S_0016_Wat,437.1009114
22,Sample_S19S_0016_Wat,437.1088959
9,Sample_S19S_0016_Wat,437.120251
57,Sample_S19S_0016_Wat,437.1453651
1,Sample_S19S_0016_Wat,437.1737814
43,Sample_S19S_0016_Wat,437.1817485
10,Sample_S19S_0016_Wat,437.2180272
48,Sample_S19S_0016_Wat,438.1405683
62,Sample_S19S_0016_Wat,439.1246064
23,Sample_S19S_0016_Wat,439.1358561
19,Sample_S19S_0016_Wat,439.1529344
31,Sample_S19S_0016_Wat,439.1609425
17,Sample_S19S_0016_Wat,439.1892886
15,Sample_S19S_0016_Wat,439.1973056
15,Sample_S19S_0016_Wat,440.0834468
6,Sample_S19S_0016_Wat,440.1116284
24,Sample_S19S_0016_Wat,440.1198163
18,Sample_S19S_0016_Wat,441.0674409
25,Sample_S19S_0016_Wat,441.1039049
18,Sample_S19S_0016_Wat,441.1191742
47,Sample_S19S_0016_Wat,441.1402285
11,Sample_S19S_0016_Wat,441.1554489
17,Sample_S19S_0016_Wat,441.168514
23,Sample_S19S_0016_Wat,441.1765589
10,Sample_S19S_0016_Wat,441.2049192
9,Sample_S19S_0016_Wat,442.0909524
5,Sample_S19S_0016_Wat,442.0990637
10,Sample_S19S_0016_Wat,442.114299
4,Sample_S19S_0016_Wat,442.127302
17,Sample_S19S_0016_Wat,442.135461
15,Sample_S19S_0016_Wat,443.0749837
34,Sample_S19S_0016_Wat,443.0984287
3,Sample_S19S_0016_Wat,443.1016577
20,Sample_S19S_0016_Wat,443.1114516
51,Sample_S19S_0016_Wat,443.119518
7,Sample_S19S_0016_Wat,443.1348538
4,Sample_S19S_0016_Wat,443.1380667
26,Sample_S19S_0016_Wat,443.1478565
49,Sample_S19S_0016_Wat,443.1558944
22,Sample_S19S_0016_Wat,443.1711201
22,Sample_S19S_0016_Wat,443.1841796
14,Sample_S19S_0016_Wat,443.1922057
6,Sample_S19S_0016_Wat,443.2074098
15,Sample_S19S_0016_Wat,444.093696
12,Sample_S19S_0016_Wat,444.1299715
5,Sample_S19S_0016_Wat,444.1429281
32,Sample_S19S_0016_Wat,444.1663872
20,Sample_S19S_0016_Wat,445.0776178
2,Sample_S19S_0016_Wat,445.0808638
4,Sample_S19S_0016_Wat,445.1083593
21,Sample_S19S_0016_Wat,445.1139537
3,Sample_S19S_0016_Wat,445.1171907
21,Sample_S19S_0016_Wat,445.127011
12,Sample_S19S_0016_Wat,445.1350548
36,Sample_S19S_0016_Wat,445.1503907
3,Sample_S19S_0016_Wat,445.1536246
29,Sample_S19S_0016_Wat,445.1634705
34,Sample_S19S_0016_Wat,445.1715289
41,Sample_S19S_0016_Wat,445.1868428
26,Sample_S19S_0016_Wat,445.223207
30,Sample_S19S_0016_Wat,446.1092739
28,Sample_S19S_0016_Wat,446.1457127
6,Sample_S19S_0016_Wat,447.0698296
20,Sample_S19S_0016_Wat,447.09323
2,Sample_S19S_0016_Wat,447.0964519
64,Sample_S19S_0016_Wat,447.1297048
28,Sample_S19S_0016_Wat,447.1427418
63,Sample_S19S_0016_Wat,447.1660641
18,Sample_S19S_0016_Wat,447.179104
17,Sample_S19S_0016_Wat,447.2023724
26,Sample_S19S_0016_Wat,448.088573
7,Sample_S19S_0016_Wat,448.1096972
13,Sample_S19S_0016_Wat,449.0724952
63,Sample_S19S_0016_Wat,449.1089599
15,Sample_S19S_0016_Wat,449.1219859
69,Sample_S19S_0016_Wat,449.1453221
19,Sample_S19S_0016_Wat,449.1583358
30,Sample_S19S_0016_Wat,449.1816462
12,Sample_S19S_0016_Wat,449.2180299
25,Sample_S19S_0016_Wat,451.0881744
49,Sample_S19S_0016_Wat,451.124616
2,Sample_S19S_0016_Wat,451.1530256
35,Sample_S19S_0016_Wat,451.1609528
8,Sample_S19S_0016_Wat,451.189303
7,Sample_S19S_0016_Wat,451.1972791
16,Sample_S19S_0016_Wat,452.0834394
15,Sample_S19S_0016_Wat,452.1199139
12,Sample_S19S_0016_Wat,453.0673983
13,Sample_S19S_0016_Wat,453.0957146
12,Sample_S19S_0016_Wat,453.1037558
17,Sample_S19S_0016_Wat,453.1321972
38,Sample_S19S_0016_Wat,453.140211
4,Sample_S19S_0016_Wat,453.1686448
55,Sample_S19S_0016_Wat,453.1766436
12,Sample_S19S_0016_Wat,453.2049759
9,Sample_S19S_0016_Wat,454.1274333
12,Sample_S19S_0016_Wat,455.0750667
26,Sample_S19S_0016_Wat,455.0831528
26,Sample_S19S_0016_Wat,455.0984121
20,Sample_S19S_0016_Wat,455.111472
35,Sample_S19S_0016_Wat,455.1194736
12,Sample_S19S_0016_Wat,455.1346803
2,Sample_S19S_0016_Wat,455.1380162
20,Sample_S19S_0016_Wat,455.14777
13,Sample_S19S_0016_Wat,455.1558023
14,Sample_S19S_0016_Wat,455.1841535
15,Sample_S19S_0016_Wat,455.1921775
10,Sample_S19S_0016_Wat,456.0935705
3,Sample_S19S_0016_Wat,456.1065963
7,Sample_S19S_0016_Wat,456.1431009
9,Sample_S19S_0016_Wat,457.0776174
11,Sample_S19S_0016_Wat,457.0906483
11,Sample_S19S_0016_Wat,457.0986905
22,Sample_S19S_0016_Wat,457.1139922
7,Sample_S19S_0016_Wat,457.1172314
16,Sample_S19S_0016_Wat,457.1270095
17,Sample_S19S_0016_Wat,457.1350642
3,Sample_S19S_0016_Wat,457.1447412
17,Sample_S19S_0016_Wat,457.150377
21,Sample_S19S_0016_Wat,457.1634444
25,Sample_S19S_0016_Wat,457.1715231
46,Sample_S19S_0016_Wat,457.1868094
11,Sample_S19S_0016_Wat,457.1998933
8,Sample_S19S_0016_Wat,458.0858184
26,Sample_S19S_0016_Wat,458.1093241
3,Sample_S19S_0016_Wat,458.1222242
8,Sample_S19S_0016_Wat,459.069913
1,Sample_S19S_0016_Wat,459.0875624
21,Sample_S19S_0016_Wat,459.0932353
5,Sample_S19S_0016_Wat,459.0964817
16,Sample_S19S_0016_Wat,459.1062882
16,Sample_S19S_0016_Wat,459.1143457
49,Sample_S19S_0016_Wat,459.1296693
7,Sample_S19S_0016_Wat,459.1328714
26,Sample_S19S_0016_Wat,459.142719
35,Sample_S19S_0016_Wat,459.1508169
41,Sample_S19S_0016_Wat,459.1661042
3,Sample_S19S_0016_Wat,459.1692924
30,Sample_S19S_0016_Wat,459.1872169
24,Sample_S19S_0016_Wat,459.2025048
22,Sample_S19S_0016_Wat,460.0885829
34,Sample_S19S_0016_Wat,460.1249704
15,Sample_S19S_0016_Wat,460.1612688
13,Sample_S19S_0016_Wat,461.0725007
12,Sample_S19S_0016_Wat,461.0855391
9,Sample_S19S_0016_Wat,461.1088271
6,Sample_S19S_0016_Wat,461.1218899
3,Sample_S19S_0016_Wat,461.1396751
25,Sample_S19S_0016_Wat,461.1452647
20,Sample_S19S_0016_Wat,461.1583343
39,Sample_S19S_0016_Wat,461.1817537
11,Sample_S19S_0016_Wat,461.1948089
22,Sample_S19S_0016_Wat,461.218132
14,Sample_S19S_0016_Wat,462.1042629
50,Sample_S19S_0016_Wat,462.1769684
30,Sample_S19S_0016_Wat,463.0881954
4,Sample_S19S_0016_Wat,463.1189274
19,Sample_S19S_0016_Wat,463.124491
5,Sample_S19S_0016_Wat,463.1375144
8,Sample_S19S_0016_Wat,463.1608564
9,Sample_S19S_0016_Wat,463.1739081
21,Sample_S19S_0016_Wat,463.1972938
22,Sample_S19S_0016_Wat,463.2337601
20,Sample_S19S_0016_Wat,464.1198095
4,Sample_S19S_0016_Wat,465.06738
29,Sample_S19S_0016_Wat,465.1038259
6,Sample_S19S_0016_Wat,465.1686035
56,Sample_S19S_0016_Wat,465.1766182
10,Sample_S19S_0016_Wat,465.2129596
37,Sample_S19S_0016_Wat,466.1355201
1,Sample_S19S_0016_Wat,466.1435867
3,Sample_S19S_0016_Wat,467.0751037
25,Sample_S19S_0016_Wat,467.0831629
44,Sample_S19S_0016_Wat,467.1195422
25,Sample_S19S_0016_Wat,467.1478261
34,Sample_S19S_0016_Wat,467.1558326
20,Sample_S19S_0016_Wat,467.184209
9,Sample_S19S_0016_Wat,467.1921933
18,Sample_S19S_0016_Wat,467.2286363
10,Sample_S19S_0016_Wat,468.1066079
21,Sample_S19S_0016_Wat,468.1147294
11,Sample_S19S_0016_Wat,469.0906533
17,Sample_S19S_0016_Wat,469.0986993
9,Sample_S19S_0016_Wat,469.1139603
22,Sample_S19S_0016_Wat,469.1270251
14,Sample_S19S_0016_Wat,469.1350525
7,Sample_S19S_0016_Wat,469.1503074
12,Sample_S19S_0016_Wat,469.1633964
19,Sample_S19S_0016_Wat,469.199861
20,Sample_S19S_0016_Wat,469.2078959
10,Sample_S19S_0016_Wat,470.1222794
15,Sample_S19S_0016_Wat,470.1457253
7,Sample_S19S_0016_Wat,471.069939
13,Sample_S19S_0016_Wat,471.093255
16,Sample_S19S_0016_Wat,471.106291
6,Sample_S19S_0016_Wat,471.1295835
11,Sample_S19S_0016_Wat,471.1426129
9,Sample_S19S_0016_Wat,471.1506882
11,Sample_S19S_0016_Wat,471.16598
20,Sample_S19S_0016_Wat,471.1790652
19,Sample_S19S_0016_Wat,471.1871307
10,Sample_S19S_0016_Wat,471.2024048
14,Sample_S19S_0016_Wat,471.2155389
13,Sample_S19S_0016_Wat,472.1379108
20,Sample_S19S_0016_Wat,473.0726032
41,Sample_S19S_0016_Wat,473.1089772
5,Sample_S19S_0016_Wat,473.1122201
22,Sample_S19S_0016_Wat,473.121993
14,Sample_S19S_0016_Wat,473.1300234
5,Sample_S19S_0016_Wat,473.139667
23,Sample_S19S_0016_Wat,473.1452829
1,Sample_S19S_0016_Wat,473.1484285
9,Sample_S19S_0016_Wat,473.1582831
11,Sample_S19S_0016_Wat,473.1663521
2,Sample_S19S_0016_Wat,473.1760299
20,Sample_S19S_0016_Wat,473.1816622
8,Sample_S19S_0016_Wat,473.1946924
23,Sample_S19S_0016_Wat,473.2180738
11,Sample_S19S_0016_Wat,474.1042477
39,Sample_S19S_0016_Wat,474.1405956
8,Sample_S19S_0016_Wat,474.1768894
18,Sample_S19S_0016_Wat,475.0881586
13,Sample_S19S_0016_Wat,475.1012806
53,Sample_S19S_0016_Wat,475.1245966
3,Sample_S19S_0016_Wat,475.1278093
25,Sample_S19S_0016_Wat,475.1376596
62,Sample_S19S_0016_Wat,475.1609843
21,Sample_S19S_0016_Wat,475.1739813
15,Sample_S19S_0016_Wat,475.1973043
5,Sample_S19S_0016_Wat,475.2336051
19,Sample_S19S_0016_Wat,476.1198125
36,Sample_S19S_0016_Wat,476.1926344
16,Sample_S19S_0016_Wat,477.1037802
17,Sample_S19S_0016_Wat,477.1168599
2,Sample_S19S_0016_Wat,477.1344651
6,Sample_S19S_0016_Wat,477.1401075
8,Sample_S19S_0016_Wat,477.1531747
21,Sample_S19S_0016_Wat,477.1765167
5,Sample_S19S_0016_Wat,477.1895617
28,Sample_S19S_0016_Wat,477.2130039
30,Sample_S19S_0016_Wat,478.0991507
9,Sample_S19S_0016_Wat,479.0830028
33,Sample_S19S_0016_Wat,479.1194663
55,Sample_S19S_0016_Wat,479.1559168
11,Sample_S19S_0016_Wat,479.1689644
3,Sample_S19S_0016_Wat,479.1843315
46,Sample_S19S_0016_Wat,479.1923063
12,Sample_S19S_0016_Wat,479.2286027
11,Sample_S19S_0016_Wat,480.151082
11,Sample_S19S_0016_Wat,481.0906559
25,Sample_S19S_0016_Wat,481.0987747
52,Sample_S19S_0016_Wat,481.1351677
17,Sample_S19S_0016_Wat,481.1634867
42,Sample_S19S_0016_Wat,481.1715313
15,Sample_S19S_0016_Wat,481.199847
19,Sample_S19S_0016_Wat,481.2078283
5,Sample_S19S_0016_Wat,482.1302914
14,Sample_S19S_0016_Wat,483.0780208
14,Sample_S19S_0016_Wat,483.0933003
6,Sample_S19S_0016_Wat,483.1064043
31,Sample_S19S_0016_Wat,483.1144642
17,Sample_S19S_0016_Wat,483.1297323
28,Sample_S19S_0016_Wat,483.1508531
15,Sample_S19S_0016_Wat,483.1660394
16,Sample_S19S_0016_Wat,483.1791639
29,Sample_S19S_0016_Wat,483.1871699
12,Sample_S19S_0016_Wat,483.2154832
13,Sample_S19S_0016_Wat,483.2234722
11,Sample_S19S_0016_Wat,484.1459881
7,Sample_S19S_0016_Wat,485.0724465
10,Sample_S19S_0016_Wat,485.0855526
16,Sample_S19S_0016_Wat,485.0936172
30,Sample_S19S_0016_Wat,485.1089501
1,Sample_S19S_0016_Wat,485.1122354
18,Sample_S19S_0016_Wat,485.1220307
35,Sample_S19S_0016_Wat,485.1300644
1,Sample_S19S_0016_Wat,485.139617
25,Sample_S19S_0016_Wat,485.1453846
19,Sample_S19S_0016_Wat,485.1584131
31,Sample_S19S_0016_Wat,485.1664901
3,Sample_S19S_0016_Wat,485.1760615
42,Sample_S19S_0016_Wat,485.181737
15,Sample_S19S_0016_Wat,485.1948096
11,Sample_S19S_0016_Wat,485.2179932
7,Sample_S19S_0016_Wat,486.1172138
6,Sample_S19S_0016_Wat,487.088118
14,Sample_S19S_0016_Wat,487.1011949
12,Sample_S19S_0016_Wat,487.1244947
7,Sample_S19S_0016_Wat,487.1277922
16,Sample_S19S_0016_Wat,487.1375846
9,Sample_S19S_0016_Wat,487.1456408
1,Sample_S19S_0016_Wat,487.1552674
50,Sample_S19S_0016_Wat,487.1609704
21,Sample_S19S_0016_Wat,487.1740711
29,Sample_S19S_0016_Wat,487.18211
34,Sample_S19S_0016_Wat,487.1974177
3,Sample_S19S_0016_Wat,487.2104698
16,Sample_S19S_0016_Wat,487.2337958
23,Sample_S19S_0016_Wat,488.1562868
26,Sample_S19S_0016_Wat,488.1926596
27,Sample_S19S_0016_Wat,489.1039118
30,Sample_S19S_0016_Wat,489.1402055
16,Sample_S19S_0016_Wat,489.1532671
1,Sample_S19S_0016_Wat,489.1708695
10,Sample_S19S_0016_Wat,489.1765226
4,Sample_S19S_0016_Wat,489.1895365
10,Sample_S19S_0016_Wat,489.2128864
9,Sample_S19S_0016_Wat,490.0990621
2,Sample_S19S_0016_Wat,490.1201406
12,Sample_S19S_0016_Wat,490.171809
15,Sample_S19S_0016_Wat,490.2082273
12,Sample_S19S_0016_Wat,491.0830123
7,Sample_S19S_0016_Wat,491.0961728
8,Sample_S19S_0016_Wat,491.1193786
12,Sample_S19S_0016_Wat,491.1325378
31,Sample_S19S_0016_Wat,491.1558203
15,Sample_S19S_0016_Wat,491.1689084
48,Sample_S19S_0016_Wat,491.1922945
9,Sample_S19S_0016_Wat,491.2287423
23,Sample_S19S_0016_Wat,492.1147512
16,Sample_S19S_0016_Wat,493.098712
59,Sample_S19S_0016_Wat,493.1351653
1,Sample_S19S_0016_Wat,493.1636569
44,Sample_S19S_0016_Wat,493.1715856
12,Sample_S19S_0016_Wat,493.2442171
13,Sample_S19S_0016_Wat,495.0780179
3,Sample_S19S_0016_Wat,495.106406
32,Sample_S19S_0016_Wat,495.1144449
10,Sample_S19S_0016_Wat,495.1427989
48,Sample_S19S_0016_Wat,495.1507984
19,Sample_S19S_0016_Wat,495.1791573
7,Sample_S19S_0016_Wat,495.2154488
1,Sample_S19S_0016_Wat,496.1905351
19,Sample_S19S_0016_Wat,497.1089508
11,Sample_S19S_0016_Wat,497.1301476
2,Sample_S19S_0016_Wat,497.1396908
19,Sample_S19S_0016_Wat,497.1453801
10,Sample_S19S_0016_Wat,497.1816335
22,Sample_S19S_0016_Wat,497.1947705
3,Sample_S19S_0016_Wat,497.2390455
7,Sample_S19S_0016_Wat,498.1253978
33,Sample_S19S_0016_Wat,498.1617513
3,Sample_S19S_0016_Wat,498.1698072
9,Sample_S19S_0016_Wat,499.1012958
26,Sample_S19S_0016_Wat,499.1093112
32,Sample_S19S_0016_Wat,499.1246232
17,Sample_S19S_0016_Wat,499.1377212
42,Sample_S19S_0016_Wat,499.1457371
5,Sample_S19S_0016_Wat,499.1553132
17,Sample_S19S_0016_Wat,499.1610424
22,Sample_S19S_0016_Wat,499.1740741
29,Sample_S19S_0016_Wat,499.1973555
18,Sample_S19S_0016_Wat,499.2104255
14,Sample_S19S_0016_Wat,499.2184243
11,Sample_S19S_0016_Wat,500.1693218
8,Sample_S19S_0016_Wat,501.0673678
9,Sample_S19S_0016_Wat,501.080502
5,Sample_S19S_0016_Wat,501.1037301
14,Sample_S19S_0016_Wat,501.116864
5,Sample_S19S_0016_Wat,501.1248479
1,Sample_S19S_0016_Wat,501.1344245
22,Sample_S19S_0016_Wat,501.1401768
27,Sample_S19S_0016_Wat,501.1532967
13,Sample_S19S_0016_Wat,501.1612956
45,Sample_S19S_0016_Wat,501.1766253
22,Sample_S19S_0016_Wat,501.1896846
25,Sample_S19S_0016_Wat,501.2130646
3,Sample_S19S_0016_Wat,503.0832459
36,Sample_S19S_0016_Wat,503.1195309
7,Sample_S19S_0016_Wat,503.1326318
2,Sample_S19S_0016_Wat,503.1502092
23,Sample_S19S_0016_Wat,503.1558462
17,Sample_S19S_0016_Wat,503.1921795
3,Sample_S19S_0016_Wat,503.2051842
17,Sample_S19S_0016_Wat,503.2285615
8,Sample_S19S_0016_Wat,504.1512304
8,Sample_S19S_0016_Wat,504.1722947
5,Sample_S19S_0016_Wat,504.1876267
14,Sample_S19S_0016_Wat,505.098662
7,Sample_S19S_0016_Wat,505.1118569
2,Sample_S19S_0016_Wat,505.1293863
17,Sample_S19S_0016_Wat,505.1350781
4,Sample_S19S_0016_Wat,505.1482794
62,Sample_S19S_0016_Wat,505.1715425
15,Sample_S19S_0016_Wat,505.1846129
31,Sample_S19S_0016_Wat,505.2079802
22,Sample_S19S_0016_Wat,505.2443315
4,Sample_S19S_0016_Wat,506.1303153
8,Sample_S19S_0016_Wat,506.1666811
7,Sample_S19S_0016_Wat,507.0780238
32,Sample_S19S_0016_Wat,507.1144464
48,Sample_S19S_0016_Wat,507.1508255
5,Sample_S19S_0016_Wat,507.179192
7,Sample_S19S_0016_Wat,507.2598181
19,Sample_S19S_0016_Wat,509.0937287
9,Sample_S19S_0016_Wat,509.1219812
34,Sample_S19S_0016_Wat,509.1300451
12,Sample_S19S_0016_Wat,509.1583575
10,Sample_S19S_0016_Wat,509.1947371
5,Sample_S19S_0016_Wat,509.2391011
14,Sample_S19S_0016_Wat,511.1012674
1,Sample_S19S_0016_Wat,511.1244303
3,Sample_S19S_0016_Wat,511.1375472
1,Sample_S19S_0016_Wat,511.1455592
9,Sample_S19S_0016_Wat,511.1739404
10,Sample_S19S_0016_Wat,511.2103696
9,Sample_S19S_0016_Wat,511.2183807
1,Sample_S19S_0016_Wat,512.1854652
19,Sample_S19S_0016_Wat,513.1169162
12,Sample_S19S_0016_Wat,513.1248843
1,Sample_S19S_0016_Wat,513.1344354
6,Sample_S19S_0016_Wat,513.1401059
6,Sample_S19S_0016_Wat,513.1531789
5,Sample_S19S_0016_Wat,513.1612236
3,Sample_S19S_0016_Wat,513.1764786
11,Sample_S19S_0016_Wat,513.1895585
15,Sample_S19S_0016_Wat,514.1354317
3,Sample_S19S_0016_Wat,515.1137376
26,Sample_S19S_0016_Wat,515.1194964
8,Sample_S19S_0016_Wat,515.1326297
16,Sample_S19S_0016_Wat,515.1405768
1,Sample_S19S_0016_Wat,515.1500928
16,Sample_S19S_0016_Wat,515.155816
14,Sample_S19S_0016_Wat,515.1688778
7,Sample_S19S_0016_Wat,515.1768835
10,Sample_S19S_0016_Wat,515.1921599
9,Sample_S19S_0016_Wat,515.2052029
5,Sample_S19S_0016_Wat,515.2285302
8,Sample_S19S_0016_Wat,516.1146459
38,Sample_S19S_0016_Wat,516.1511394
7,Sample_S19S_0016_Wat,517.098859
7,Sample_S19S_0016_Wat,517.1352552
15,Sample_S19S_0016_Wat,517.171616
16,Sample_S19S_0016_Wat,517.1846401
40,Sample_S19S_0016_Wat,517.2079237
9,Sample_S19S_0016_Wat,517.2442337
6,Sample_S19S_0016_Wat,518.1514949
1,Sample_S19S_0016_Wat,518.1666211
12,Sample_S19S_0016_Wat,519.1143103
7,Sample_S19S_0016_Wat,519.1275578
26,Sample_S19S_0016_Wat,519.1507584
6,Sample_S19S_0016_Wat,519.1639413
50,Sample_S19S_0016_Wat,519.1872205
20,Sample_S19S_0016_Wat,519.2236508
10,Sample_S19S_0016_Wat,519.2600027
20,Sample_S19S_0016_Wat,520.1461126
16,Sample_S19S_0016_Wat,521.0937324
37,Sample_S19S_0016_Wat,521.1301011
4,Sample_S19S_0016_Wat,521.1584978
25,Sample_S19S_0016_Wat,521.1663968
2,Sample_S19S_0016_Wat,521.1946636
11,Sample_S19S_0016_Wat,521.2027235
9,Sample_S19S_0016_Wat,521.2390738
5,Sample_S19S_0016_Wat,523.1091901
9,Sample_S19S_0016_Wat,523.1376337
12,Sample_S19S_0016_Wat,523.1456062
15,Sample_S19S_0016_Wat,523.1739853
24,Sample_S19S_0016_Wat,523.1820717
16,Sample_S19S_0016_Wat,523.2104573
12,Sample_S19S_0016_Wat,525.1038625
5,Sample_S19S_0016_Wat,525.1169923
23,Sample_S19S_0016_Wat,525.1250197
11,Sample_S19S_0016_Wat,525.1403116
30,Sample_S19S_0016_Wat,525.1614051
22,Sample_S19S_0016_Wat,525.1766596
11,Sample_S19S_0016_Wat,525.2340332
21,Sample_S19S_0016_Wat,526.1566707
7,Sample_S19S_0016_Wat,526.1929575
4,Sample_S19S_0016_Wat,527.1043114
16,Sample_S19S_0016_Wat,527.119585
30,Sample_S19S_0016_Wat,527.1406475
31,Sample_S19S_0016_Wat,527.1558917
22,Sample_S19S_0016_Wat,527.1689685
23,Sample_S19S_0016_Wat,527.1769645
8,Sample_S19S_0016_Wat,527.1922169
15,Sample_S19S_0016_Wat,527.2052882
7,Sample_S19S_0016_Wat,527.2132606
2,Sample_S19S_0016_Wat,527.2284939
4,Sample_S19S_0016_Wat,527.2415754
17,Sample_S19S_0016_Wat,528.135922
8,Sample_S19S_0016_Wat,529.0988481
12,Sample_S19S_0016_Wat,529.119899
26,Sample_S19S_0016_Wat,529.1351825
11,Sample_S19S_0016_Wat,529.1482589
16,Sample_S19S_0016_Wat,529.1562352
19,Sample_S19S_0016_Wat,529.1714748
17,Sample_S19S_0016_Wat,529.184567
8,Sample_S19S_0016_Wat,529.1925822
11,Sample_S19S_0016_Wat,529.2078283
5,Sample_S19S_0016_Wat,529.2208396
13,Sample_S19S_0016_Wat,529.2442413
26,Sample_S19S_0016_Wat,530.1667605
12,Sample_S19S_0016_Wat,531.1144803
25,Sample_S19S_0016_Wat,531.1507766
16,Sample_S19S_0016_Wat,531.1638843
15,Sample_S19S_0016_Wat,531.1871077
9,Sample_S19S_0016_Wat,531.2001725
21,Sample_S19S_0016_Wat,531.2234777
16,Sample_S19S_0016_Wat,532.1097212
1,Sample_S19S_0016_Wat,532.1463381
8,Sample_S19S_0016_Wat,533.0937827
23,Sample_S19S_0016_Wat,533.1301236
53,Sample_S19S_0016_Wat,533.166456
14,Sample_S19S_0016_Wat,533.1795306
16,Sample_S19S_0016_Wat,533.2027587
6,Sample_S19S_0016_Wat,533.2390944
6,Sample_S19S_0016_Wat,535.1094222
4,Sample_S19S_0016_Wat,535.1377541
8,Sample_S19S_0016_Wat,535.1458132
26,Sample_S19S_0016_Wat,535.1821751
14,Sample_S19S_0016_Wat,535.2547783
22,Sample_S19S_0016_Wat,536.2137771
22,Sample_S19S_0016_Wat,537.1249315
16,Sample_S19S_0016_Wat,537.1533456
36,Sample_S19S_0016_Wat,537.161382
7,Sample_S19S_0016_Wat,537.1897464
19,Sample_S19S_0016_Wat,537.1978101
3,Sample_S19S_0016_Wat,537.2261348
12,Sample_S19S_0016_Wat,537.2342192
11,Sample_S19S_0016_Wat,539.1042196
10,Sample_S19S_0016_Wat,539.1325679
21,Sample_S19S_0016_Wat,539.1405618
10,Sample_S19S_0016_Wat,539.1558152
8,Sample_S19S_0016_Wat,539.1688297
6,Sample_S19S_0016_Wat,539.1768779
4,Sample_S19S_0016_Wat,539.2132409
1,Sample_S19S_0016_Wat,539.2416063
4,Sample_S19S_0016_Wat,539.2496267
13,Sample_S19S_0016_Wat,541.0988161
18,Sample_S19S_0016_Wat,541.1199147
8,Sample_S19S_0016_Wat,541.1352769
16,Sample_S19S_0016_Wat,541.1563515
8,Sample_S19S_0016_Wat,541.1716527
4,Sample_S19S_0016_Wat,541.1927684
2,Sample_S19S_0016_Wat,541.2022438
16,Sample_S19S_0016_Wat,541.2079962
19,Sample_S19S_0016_Wat,541.2290565
4,Sample_S19S_0016_Wat,542.1514443
7,Sample_S19S_0016_Wat,542.1878502
14,Sample_S19S_0016_Wat,543.1355017
26,Sample_S19S_0016_Wat,543.1507543
12,Sample_S19S_0016_Wat,543.1638009
9,Sample_S19S_0016_Wat,543.1718262
1,Sample_S19S_0016_Wat,543.1813791
8,Sample_S19S_0016_Wat,543.1870791
9,Sample_S19S_0016_Wat,543.2001267
4,Sample_S19S_0016_Wat,543.2234029
2,Sample_S19S_0016_Wat,543.236535
3,Sample_S19S_0016_Wat,545.0935509
11,Sample_S19S_0016_Wat,545.1299664
8,Sample_S19S_0016_Wat,545.1432084
1,Sample_S19S_0016_Wat,545.1607324
27,Sample_S19S_0016_Wat,545.1664409
7,Sample_S19S_0016_Wat,545.1795929
30,Sample_S19S_0016_Wat,545.2028931
12,Sample_S19S_0016_Wat,545.2159419
5,Sample_S19S_0016_Wat,545.2393178
11,Sample_S19S_0016_Wat,547.109415
16,Sample_S19S_0016_Wat,547.145805
7,Sample_S19S_0016_Wat,547.1822164
19,Sample_S19S_0016_Wat,547.2185618
14,Sample_S19S_0016_Wat,547.2548518
2,Sample_S19S_0016_Wat,548.1771882
7,Sample_S19S_0016_Wat,549.1250923
19,Sample_S19S_0016_Wat,549.1614413
11,Sample_S19S_0016_Wat,549.1896683
36,Sample_S19S_0016_Wat,549.1977663
15,Sample_S19S_0016_Wat,549.2340464
1,Sample_S19S_0016_Wat,549.2702581
9,Sample_S19S_0016_Wat,551.10435
3,Sample_S19S_0016_Wat,551.1327017
18,Sample_S19S_0016_Wat,551.140683
14,Sample_S19S_0016_Wat,551.1689448
25,Sample_S19S_0016_Wat,551.1769906
8,Sample_S19S_0016_Wat,551.2052511
17,Sample_S19S_0016_Wat,551.2133063
7,Sample_S19S_0016_Wat,551.2496307
1,Sample_S19S_0016_Wat,552.1357425
9,Sample_S19S_0016_Wat,553.1199748
18,Sample_S19S_0016_Wat,553.1351718
3,Sample_S19S_0016_Wat,553.1483118
32,Sample_S19S_0016_Wat,553.1562956
7,Sample_S19S_0016_Wat,553.1716546
19,Sample_S19S_0016_Wat,553.1925971
6,Sample_S19S_0016_Wat,553.2288832
22,Sample_S19S_0016_Wat,554.1878947
8,Sample_S19S_0016_Wat,555.1509252
3,Sample_S19S_0016_Wat,555.1639967
14,Sample_S19S_0016_Wat,555.1720029
15,Sample_S19S_0016_Wat,555.1871424
19,Sample_S19S_0016_Wat,555.2082923
5,Sample_S19S_0016_Wat,555.2365023
1,Sample_S19S_0016_Wat,556.1749807
15,Sample_S19S_0016_Wat,556.2035902
2,Sample_S19S_0016_Wat,557.1513467
2,Sample_S19S_0016_Wat,557.1608163
1,Sample_S19S_0016_Wat,557.1797008
2,Sample_S19S_0016_Wat,557.1877224
7,Sample_S19S_0016_Wat,557.2029722
5,Sample_S19S_0016_Wat,559.1092427
20,Sample_S19S_0016_Wat,559.1456819
20,Sample_S19S_0016_Wat,559.2185569
3,Sample_S19S_0016_Wat,559.2316115
2,Sample_S19S_0016_Wat,560.1852678
4,Sample_S19S_0016_Wat,561.1248442
12,Sample_S19S_0016_Wat,561.1380479
5,Sample_S19S_0016_Wat,561.1611805
9,Sample_S19S_0016_Wat,561.1743368
2,Sample_S19S_0016_Wat,561.1975534
9,Sample_S19S_0016_Wat,561.2339983
7,Sample_S19S_0016_Wat,561.2703823
4,Sample_S19S_0016_Wat,563.1043787
9,Sample_S19S_0016_Wat,563.140767
7,Sample_S19S_0016_Wat,563.1771352
25,Sample_S19S_0016_Wat,563.2134586
16,Sample_S19S_0016_Wat,563.2497644
6,Sample_S19S_0016_Wat,564.1357791
2,Sample_S19S_0016_Wat,564.1801741
3,Sample_S19S_0016_Wat,565.1561141
5,Sample_S19S_0016_Wat,565.2208348
12,Sample_S19S_0016_Wat,565.2290122
4,Sample_S19S_0016_Wat,565.2573399
12,Sample_S19S_0016_Wat,565.2654316
3,Sample_S19S_0016_Wat,567.1146187
3,Sample_S19S_0016_Wat,567.1356587
15,Sample_S19S_0016_Wat,567.2083955
3,Sample_S19S_0016_Wat,567.2366591
13,Sample_S19S_0016_Wat,567.2446704
1,Sample_S19S_0016_Wat,568.17508
1,Sample_S19S_0016_Wat,568.2113701
2,Sample_S19S_0016_Wat,569.1510794
10,Sample_S19S_0016_Wat,569.17943
2,Sample_S19S_0016_Wat,569.1874013
2,Sample_S19S_0016_Wat,569.2157305
5,Sample_S19S_0016_Wat,571.122475
23,Sample_S19S_0016_Wat,571.1457131
5,Sample_S19S_0016_Wat,571.1588445
17,Sample_S19S_0016_Wat,571.1668216
25,Sample_S19S_0016_Wat,571.1821369
6,Sample_S19S_0016_Wat,571.1952621
14,Sample_S19S_0016_Wat,571.2032768
12,Sample_S19S_0016_Wat,571.2185728
1,Sample_S19S_0016_Wat,571.2316576
8,Sample_S19S_0016_Wat,571.2549558
10,Sample_S19S_0016_Wat,573.1250609
1,Sample_S19S_0016_Wat,573.1558085
8,Sample_S19S_0016_Wat,573.1615077
8,Sample_S19S_0016_Wat,573.1978706
4,Sample_S19S_0016_Wat,573.2342462
8,Sample_S19S_0016_Wat,574.1778007
6,Sample_S19S_0016_Wat,575.1407714
26,Sample_S19S_0016_Wat,575.1770756
29,Sample_S19S_0016_Wat,575.213398
13,Sample_S19S_0016_Wat,575.2497017
37,Sample_S19S_0016_Wat,577.1563035
22,Sample_S19S_0016_Wat,577.1926143
6,Sample_S19S_0016_Wat,577.228924
1,Sample_S19S_0016_Wat,577.2651743
15,Sample_S19S_0016_Wat,579.1355972
31,Sample_S19S_0016_Wat,579.1719274
18,Sample_S19S_0016_Wat,579.2082488
5,Sample_S19S_0016_Wat,579.2445526
10,Sample_S19S_0016_Wat,581.1148894
27,Sample_S19S_0016_Wat,581.1512226
22,Sample_S19S_0016_Wat,581.1875335
17,Sample_S19S_0016_Wat,581.2238624
14,Sample_S19S_0016_Wat,582.1828966
4,Sample_S19S_0016_Wat,583.1306046
2,Sample_S19S_0016_Wat,583.1589175
13,Sample_S19S_0016_Wat,583.1669172
7,Sample_S19S_0016_Wat,583.1952442
16,Sample_S19S_0016_Wat,583.2032587
10,Sample_S19S_0016_Wat,583.2314722
15,Sample_S19S_0016_Wat,583.2395225
1,Sample_S19S_0016_Wat,585.1826784
8,Sample_S19S_0016_Wat,585.197889
5,Sample_S19S_0016_Wat,585.2472737
27,Sample_S19S_0016_Wat,587.1770783
17,Sample_S19S_0016_Wat,587.2134744
3,Sample_S19S_0016_Wat,587.2265632
15,Sample_S19S_0016_Wat,587.2498677
2,Sample_S19S_0016_Wat,589.1560644
1,Sample_S19S_0016_Wat,589.1924321
1,Sample_S19S_0016_Wat,589.2288053
6,Sample_S19S_0016_Wat,589.2652893
10,Sample_S19S_0016_Wat,590.1514739
3,Sample_S19S_0016_Wat,591.135742
11,Sample_S19S_0016_Wat,591.1720289
12,Sample_S19S_0016_Wat,591.2083514
13,Sample_S19S_0016_Wat,591.2446301
8,Sample_S19S_0016_Wat,593.1511079
22,Sample_S19S_0016_Wat,593.1875846
18,Sample_S19S_0016_Wat,593.2240288
9,Sample_S19S_0016_Wat,593.2604417
10,Sample_S19S_0016_Wat,595.130396
12,Sample_S19S_0016_Wat,595.1667494
27,Sample_S19S_0016_Wat,595.2032478
1,Sample_S19S_0016_Wat,595.2312495
11,Sample_S19S_0016_Wat,597.1460191
20,Sample_S19S_0016_Wat,597.1824999
15,Sample_S19S_0016_Wat,597.2107701
17,Sample_S19S_0016_Wat,599.1901116
16,Sample_S19S_0016_Wat,599.2133344
20,Sample_S19S_0016_Wat,603.1719444
20,Sample_S19S_0016_Wat,603.2083804
3,Sample_S19S_0016_Wat,605.1513953
10,Sample_S19S_0016_Wat,605.1877226
6,Sample_S19S_0016_Wat,605.2240726
14,Sample_S19S_0016_Wat,607.1304892
20,Sample_S19S_0016_Wat,607.1667845
4,Sample_S19S_0016_Wat,607.2030678
2,Sample_S19S_0016_Wat,609.1459321
1,Sample_S19S_0016_Wat,609.2185999
9,Sample_S19S_0016_Wat,609.2553142
1,Sample_S19S_0016_Wat,611.226191
2,Sample_S19S_0016_Wat,613.2054697
1,Sample_S19S_0016_Wat,619.1666544
1,Sample_S19S_0016_Wat,619.2029535
9,Sample_S19S_0016_Wat,621.1461897
21,Sample_S19S_0016_Wat,621.1825214
1,Sample_S19S_0016_Wat,623.162005
2,Sample_S19S_0016_Wat,623.1983716
1,Sample_S19S_0016_Wat,623.2347542
9,Sample_S19S_0016_Wat,625.1773321
10,Sample_S19S_0016_Wat,625.2137878
2,Sample_S19S_0016_Wat,627.1848232
16,Sample_S19S_0016_Wat,629.1876222
2,Sample_S19S_0016_Wat,633.1822488
14,Sample_S19S_0016_Wat,635.1617901
9,Sample_S19S_0016_Wat,635.1982777
5,Sample_S19S_0016_Wat,635.2346553
9,Sample_S19S_0016_Wat,635.2709215
2,Sample_S19S_0016_Wat,637.1771558
5,Sample_S19S_0016_Wat,637.250012
14,Sample_S19S_0016_Wat,647.2344756
3,Sample_S19S_0016_Wat,659.197939
15,Sample_S19S_0016_Wat,659.2345903
17,Sample_S19S_0016_Wat,661.2138611
6,Sample_S19S_0016_Wat,663.1931909
19,Sample_S19S_0016_Wat,663.2295158
8,Sample_S19S_0016_Wat,667.2244188
6,Sample_S19S_0016_Wat,675.193045
1,Sample_S19S_0016_Wat,677.2088861
2,Sample_S19S_0016_Wat,687.2292358
2,Sample_S19S_0016_Wat,691.2241082
