num.trans.involved.in,sample,peak
20,Sample_S19S_0077_Wat,201.0768122
24,Sample_S19S_0077_Wat,209.0455114
36,Sample_S19S_0077_Wat,211.0247874
36,Sample_S19S_0077_Wat,211.0611736
23,Sample_S19S_0077_Wat,211.097555
19,Sample_S19S_0077_Wat,213.0404285
31,Sample_S19S_0077_Wat,213.0768216
25,Sample_S19S_0077_Wat,215.0560786
25,Sample_S19S_0077_Wat,215.0924726
9,Sample_S19S_0077_Wat,215.1288446
30,Sample_S19S_0077_Wat,221.0455191
14,Sample_S19S_0077_Wat,221.0818912
33,Sample_S19S_0077_Wat,223.0247931
11,Sample_S19S_0077_Wat,223.0611523
34,Sample_S19S_0077_Wat,223.0975605
8,Sample_S19S_0077_Wat,225.0040321
55,Sample_S19S_0077_Wat,225.0404494
39,Sample_S19S_0077_Wat,225.0768195
24,Sample_S19S_0077_Wat,227.056079
33,Sample_S19S_0077_Wat,227.092466
33,Sample_S19S_0077_Wat,229.0353497
31,Sample_S19S_0077_Wat,229.0717413
29,Sample_S19S_0077_Wat,231.0873835
34,Sample_S19S_0077_Wat,233.0455307
7,Sample_S19S_0077_Wat,233.1546845
35,Sample_S19S_0077_Wat,235.0247912
45,Sample_S19S_0077_Wat,235.0611873
32,Sample_S19S_0077_Wat,235.0975749
41,Sample_S19S_0077_Wat,237.0404421
50,Sample_S19S_0077_Wat,237.0768351
33,Sample_S19S_0077_Wat,237.1132227
55,Sample_S19S_0077_Wat,239.0197221
73,Sample_S19S_0077_Wat,239.0561117
4,Sample_S19S_0077_Wat,239.0673352
73,Sample_S19S_0077_Wat,239.092497
33,Sample_S19S_0077_Wat,239.1288753
57,Sample_S19S_0077_Wat,241.03537
41,Sample_S19S_0077_Wat,241.0717422
20,Sample_S19S_0077_Wat,241.1081087
4,Sample_S19S_0077_Wat,242.139775
1,Sample_S19S_0077_Wat,242.1761465
61,Sample_S19S_0077_Wat,243.0510224
33,Sample_S19S_0077_Wat,243.0873816
4,Sample_S19S_0077_Wat,245.0489119
74,Sample_S19S_0077_Wat,245.0666847
50,Sample_S19S_0077_Wat,245.1030642
36,Sample_S19S_0077_Wat,247.024801
56,Sample_S19S_0077_Wat,247.0612011
61,Sample_S19S_0077_Wat,247.0975945
37,Sample_S19S_0077_Wat,249.0040636
70,Sample_S19S_0077_Wat,249.0404675
70,Sample_S19S_0077_Wat,249.0768527
31,Sample_S19S_0077_Wat,249.1132224
61,Sample_S19S_0077_Wat,251.0197332
53,Sample_S19S_0077_Wat,251.0560986
89,Sample_S19S_0077_Wat,251.0925063
35,Sample_S19S_0077_Wat,251.1289035
81,Sample_S19S_0077_Wat,253.0353983
94,Sample_S19S_0077_Wat,253.0717756
37,Sample_S19S_0077_Wat,253.1081345
33,Sample_S19S_0077_Wat,253.1445337
17,Sample_S19S_0077_Wat,254.0670222
49,Sample_S19S_0077_Wat,255.0146298
76,Sample_S19S_0077_Wat,255.0510433
92,Sample_S19S_0077_Wat,255.0874163
31,Sample_S19S_0077_Wat,255.1237776
66,Sample_S19S_0077_Wat,257.030304
81,Sample_S19S_0077_Wat,257.0666765
52,Sample_S19S_0077_Wat,257.1030521
32,Sample_S19S_0077_Wat,257.1394516
73,Sample_S19S_0077_Wat,259.0459547
72,Sample_S19S_0077_Wat,259.0823405
45,Sample_S19S_0077_Wat,259.1187072
49,Sample_S19S_0077_Wat,261.040468
74,Sample_S19S_0077_Wat,261.0768598
40,Sample_S19S_0077_Wat,263.019721
68,Sample_S19S_0077_Wat,263.0561329
42,Sample_S19S_0077_Wat,263.0924815
35,Sample_S19S_0077_Wat,263.128908
76,Sample_S19S_0077_Wat,265.1081545
60,Sample_S19S_0077_Wat,267.0146829
97,Sample_S19S_0077_Wat,267.0510336
84,Sample_S19S_0077_Wat,267.0874299
64,Sample_S19S_0077_Wat,267.123805
33,Sample_S19S_0077_Wat,268.08266
72,Sample_S19S_0077_Wat,269.0303205
97,Sample_S19S_0077_Wat,269.0666802
80,Sample_S19S_0077_Wat,269.1030627
36,Sample_S19S_0077_Wat,269.1394657
63,Sample_S19S_0077_Wat,271.0459737
79,Sample_S19S_0077_Wat,271.0823212
65,Sample_S19S_0077_Wat,271.118718
43,Sample_S19S_0077_Wat,273.040478
65,Sample_S19S_0077_Wat,273.061591
59,Sample_S19S_0077_Wat,273.0768603
64,Sample_S19S_0077_Wat,273.0979879
45,Sample_S19S_0077_Wat,275.0197425
60,Sample_S19S_0077_Wat,275.0561155
69,Sample_S19S_0077_Wat,275.0772487
65,Sample_S19S_0077_Wat,275.0925149
77,Sample_S19S_0077_Wat,277.0354157
72,Sample_S19S_0077_Wat,277.0717892
71,Sample_S19S_0077_Wat,277.1081544
75,Sample_S19S_0077_Wat,279.0510516
55,Sample_S19S_0077_Wat,279.0874539
48,Sample_S19S_0077_Wat,279.1238221
22,Sample_S19S_0077_Wat,280.0463018
77,Sample_S19S_0077_Wat,281.0303339
104,Sample_S19S_0077_Wat,281.0666829
56,Sample_S19S_0077_Wat,281.1030502
54,Sample_S19S_0077_Wat,281.1394597
64,Sample_S19S_0077_Wat,283.0095898
96,Sample_S19S_0077_Wat,283.0459554
66,Sample_S19S_0077_Wat,283.0823169
83,Sample_S19S_0077_Wat,283.118715
28,Sample_S19S_0077_Wat,283.1551309
67,Sample_S19S_0077_Wat,285.025228
67,Sample_S19S_0077_Wat,285.0616357
32,Sample_S19S_0077_Wat,285.0980306
38,Sample_S19S_0077_Wat,285.1343948
56,Sample_S19S_0077_Wat,287.0408776
47,Sample_S19S_0077_Wat,287.0561351
75,Sample_S19S_0077_Wat,287.0772537
69,Sample_S19S_0077_Wat,287.1136282
33,Sample_S19S_0077_Wat,287.1289021
57,Sample_S19S_0077_Wat,289.0354029
62,Sample_S19S_0077_Wat,289.0565242
75,Sample_S19S_0077_Wat,289.0717704
55,Sample_S19S_0077_Wat,289.0929075
53,Sample_S19S_0077_Wat,289.1081489
53,Sample_S19S_0077_Wat,291.0146759
74,Sample_S19S_0077_Wat,291.0510416
67,Sample_S19S_0077_Wat,291.0874132
56,Sample_S19S_0077_Wat,291.1237966
79,Sample_S19S_0077_Wat,293.0303357
77,Sample_S19S_0077_Wat,293.0667099
94,Sample_S19S_0077_Wat,293.1030793
60,Sample_S19S_0077_Wat,293.1394564
26,Sample_S19S_0077_Wat,294.0619153
46,Sample_S19S_0077_Wat,295.0095496
79,Sample_S19S_0077_Wat,295.0459444
108,Sample_S19S_0077_Wat,295.0823376
94,Sample_S19S_0077_Wat,295.1187213
40,Sample_S19S_0077_Wat,295.1550986
28,Sample_S19S_0077_Wat,296.0775656
76,Sample_S19S_0077_Wat,297.025237
85,Sample_S19S_0077_Wat,297.0616262
55,Sample_S19S_0077_Wat,297.0980154
36,Sample_S19S_0077_Wat,297.1344063
1,Sample_S19S_0077_Wat,297.1529844
16,Sample_S19S_0077_Wat,297.1707937
36,Sample_S19S_0077_Wat,298.0568737
29,Sample_S19S_0077_Wat,298.0932671
70,Sample_S19S_0077_Wat,299.0408894
88,Sample_S19S_0077_Wat,299.0772616
67,Sample_S19S_0077_Wat,299.1136455
44,Sample_S19S_0077_Wat,301.0353903
67,Sample_S19S_0077_Wat,301.0565488
38,Sample_S19S_0077_Wat,301.071792
52,Sample_S19S_0077_Wat,301.092932
29,Sample_S19S_0077_Wat,301.1081829
37,Sample_S19S_0077_Wat,301.129318
47,Sample_S19S_0077_Wat,303.0146906
57,Sample_S19S_0077_Wat,303.0510433
71,Sample_S19S_0077_Wat,303.0721573
57,Sample_S19S_0077_Wat,303.0874395
73,Sample_S19S_0077_Wat,303.1085414
47,Sample_S19S_0077_Wat,303.1238249
67,Sample_S19S_0077_Wat,305.0303157
83,Sample_S19S_0077_Wat,305.0666877
72,Sample_S19S_0077_Wat,305.1030852
50,Sample_S19S_0077_Wat,305.1394662
42,Sample_S19S_0077_Wat,307.0095853
91,Sample_S19S_0077_Wat,307.0459779
66,Sample_S19S_0077_Wat,307.0823737
43,Sample_S19S_0077_Wat,307.1187572
27,Sample_S19S_0077_Wat,307.1551342
35,Sample_S19S_0077_Wat,308.0412303
32,Sample_S19S_0077_Wat,308.0775973
80,Sample_S19S_0077_Wat,309.0252469
108,Sample_S19S_0077_Wat,309.0616036
96,Sample_S19S_0077_Wat,309.0979773
73,Sample_S19S_0077_Wat,309.1343649
29,Sample_S19S_0077_Wat,309.1707647
30,Sample_S19S_0077_Wat,310.0568411
32,Sample_S19S_0077_Wat,310.0932206
80,Sample_S19S_0077_Wat,311.0408991
90,Sample_S19S_0077_Wat,311.0772659
114,Sample_S19S_0077_Wat,311.1136352
54,Sample_S19S_0077_Wat,311.1500195
34,Sample_S19S_0077_Wat,312.0725103
57,Sample_S19S_0077_Wat,313.0201379
73,Sample_S19S_0077_Wat,313.0565398
26,Sample_S19S_0077_Wat,313.071764
71,Sample_S19S_0077_Wat,313.0929245
56,Sample_S19S_0077_Wat,313.1293014
34,Sample_S19S_0077_Wat,314.0881771
64,Sample_S19S_0077_Wat,315.035781
46,Sample_S19S_0077_Wat,315.0510397
65,Sample_S19S_0077_Wat,315.0721791
28,Sample_S19S_0077_Wat,315.0873994
52,Sample_S19S_0077_Wat,315.1085755
47,Sample_S19S_0077_Wat,315.1238052
39,Sample_S19S_0077_Wat,315.1449559
30,Sample_S19S_0077_Wat,316.1038062
57,Sample_S19S_0077_Wat,317.0303382
58,Sample_S19S_0077_Wat,317.0514233
63,Sample_S19S_0077_Wat,317.0666936
81,Sample_S19S_0077_Wat,317.0878157
46,Sample_S19S_0077_Wat,317.1030588
39,Sample_S19S_0077_Wat,317.124227
49,Sample_S19S_0077_Wat,317.1394552
11,Sample_S19S_0077_Wat,318.0831173
38,Sample_S19S_0077_Wat,319.009608
22,Sample_S19S_0077_Wat,319.0460069
68,Sample_S19S_0077_Wat,319.0823624
76,Sample_S19S_0077_Wat,319.1187158
44,Sample_S19S_0077_Wat,319.1551015
28,Sample_S19S_0077_Wat,320.0776287
65,Sample_S19S_0077_Wat,321.0252313
72,Sample_S19S_0077_Wat,321.0616406
42,Sample_S19S_0077_Wat,321.0980285
58,Sample_S19S_0077_Wat,321.1343949
32,Sample_S19S_0077_Wat,321.1707672
38,Sample_S19S_0077_Wat,322.0568903
40,Sample_S19S_0077_Wat,322.0932669
48,Sample_S19S_0077_Wat,323.0044879
72,Sample_S19S_0077_Wat,323.0408542
99,Sample_S19S_0077_Wat,323.0772527
55,Sample_S19S_0077_Wat,323.1136726
45,Sample_S19S_0077_Wat,323.1500462
39,Sample_S19S_0077_Wat,324.0725027
18,Sample_S19S_0077_Wat,325.0201894
83,Sample_S19S_0077_Wat,325.0565425
104,Sample_S19S_0077_Wat,325.0928926
71,Sample_S19S_0077_Wat,325.1292996
29,Sample_S19S_0077_Wat,325.1657004
37,Sample_S19S_0077_Wat,326.0881656
70,Sample_S19S_0077_Wat,327.035782
67,Sample_S19S_0077_Wat,327.0722018
67,Sample_S19S_0077_Wat,327.1085831
53,Sample_S19S_0077_Wat,327.1449492
31,Sample_S19S_0077_Wat,328.067419
45,Sample_S19S_0077_Wat,328.1037984
47,Sample_S19S_0077_Wat,329.0303285
43,Sample_S19S_0077_Wat,329.0514722
24,Sample_S19S_0077_Wat,329.0667319
13,Sample_S19S_0077_Wat,329.0700573
94,Sample_S19S_0077_Wat,329.0878075
45,Sample_S19S_0077_Wat,329.1030905
51,Sample_S19S_0077_Wat,329.1242163
1,Sample_S19S_0077_Wat,329.152419
39,Sample_S19S_0077_Wat,329.1605843
20,Sample_S19S_0077_Wat,330.0831155
50,Sample_S19S_0077_Wat,331.0307044
37,Sample_S19S_0077_Wat,331.0459941
58,Sample_S19S_0077_Wat,331.0670688
54,Sample_S19S_0077_Wat,331.0823608
44,Sample_S19S_0077_Wat,331.1034998
61,Sample_S19S_0077_Wat,331.1187275
22,Sample_S19S_0077_Wat,331.1399002
15,Sample_S19S_0077_Wat,331.155166
21,Sample_S19S_0077_Wat,332.0987468
25,Sample_S19S_0077_Wat,333.0252702
40,Sample_S19S_0077_Wat,333.0616512
2,Sample_S19S_0077_Wat,333.0650225
36,Sample_S19S_0077_Wat,333.08277
70,Sample_S19S_0077_Wat,333.0980074
9,Sample_S19S_0077_Wat,333.1191757
29,Sample_S19S_0077_Wat,333.1344131
22,Sample_S19S_0077_Wat,333.1707943
32,Sample_S19S_0077_Wat,334.0568812
29,Sample_S19S_0077_Wat,334.0932769
6,Sample_S19S_0077_Wat,334.1144217
40,Sample_S19S_0077_Wat,335.004499
52,Sample_S19S_0077_Wat,335.0409093
78,Sample_S19S_0077_Wat,335.0772597
47,Sample_S19S_0077_Wat,335.1136067
52,Sample_S19S_0077_Wat,335.150042
15,Sample_S19S_0077_Wat,336.0361684
17,Sample_S19S_0077_Wat,336.0725571
39,Sample_S19S_0077_Wat,336.1089144
64,Sample_S19S_0077_Wat,337.0201415
52,Sample_S19S_0077_Wat,337.0564852
14,Sample_S19S_0077_Wat,337.0695448
95,Sample_S19S_0077_Wat,337.0929176
92,Sample_S19S_0077_Wat,337.1292866
42,Sample_S19S_0077_Wat,337.1656867
7,Sample_S19S_0077_Wat,338.0518396
45,Sample_S19S_0077_Wat,338.0881798
31,Sample_S19S_0077_Wat,338.1245766
69,Sample_S19S_0077_Wat,339.0357996
106,Sample_S19S_0077_Wat,339.0721726
105,Sample_S19S_0077_Wat,339.1085453
30,Sample_S19S_0077_Wat,339.1449816
28,Sample_S19S_0077_Wat,339.1813533
1,Sample_S19S_0077_Wat,339.1999929
13,Sample_S19S_0077_Wat,340.0674792
34,Sample_S19S_0077_Wat,340.1038147
55,Sample_S19S_0077_Wat,341.0150623
66,Sample_S19S_0077_Wat,341.0514621
29,Sample_S19S_0077_Wat,341.0667303
104,Sample_S19S_0077_Wat,341.0878109
35,Sample_S19S_0077_Wat,341.12425
40,Sample_S19S_0077_Wat,341.1606173
39,Sample_S19S_0077_Wat,342.0830768
28,Sample_S19S_0077_Wat,342.1194926
17,Sample_S19S_0077_Wat,343.0096148
56,Sample_S19S_0077_Wat,343.0307124
35,Sample_S19S_0077_Wat,343.0459579
51,Sample_S19S_0077_Wat,343.067113
15,Sample_S19S_0077_Wat,343.0823925
13,Sample_S19S_0077_Wat,343.0857039
91,Sample_S19S_0077_Wat,343.1034685
34,Sample_S19S_0077_Wat,343.1187422
14,Sample_S19S_0077_Wat,343.1399075
27,Sample_S19S_0077_Wat,343.1762631
25,Sample_S19S_0077_Wat,344.0987606
49,Sample_S19S_0077_Wat,345.0252491
49,Sample_S19S_0077_Wat,345.0463327
59,Sample_S19S_0077_Wat,345.0616254
9,Sample_S19S_0077_Wat,345.0649742
53,Sample_S19S_0077_Wat,345.0827674
56,Sample_S19S_0077_Wat,345.0980089
4,Sample_S19S_0077_Wat,345.1013399
43,Sample_S19S_0077_Wat,345.1191373
20,Sample_S19S_0077_Wat,345.1344288
25,Sample_S19S_0077_Wat,345.1555412
33,Sample_S19S_0077_Wat,345.170772
20,Sample_S19S_0077_Wat,346.07802
28,Sample_S19S_0077_Wat,346.1143644
6,Sample_S19S_0077_Wat,346.1507606
41,Sample_S19S_0077_Wat,347.0045152
62,Sample_S19S_0077_Wat,347.0408756
32,Sample_S19S_0077_Wat,347.0620279
79,Sample_S19S_0077_Wat,347.0772564
2,Sample_S19S_0077_Wat,347.0805924
23,Sample_S19S_0077_Wat,347.0903002
57,Sample_S19S_0077_Wat,347.0983726
39,Sample_S19S_0077_Wat,347.1136821
60,Sample_S19S_0077_Wat,347.1500262
11,Sample_S19S_0077_Wat,347.1864695
16,Sample_S19S_0077_Wat,348.0725611
56,Sample_S19S_0077_Wat,349.0201636
19,Sample_S19S_0077_Wat,349.0564693
74,Sample_S19S_0077_Wat,349.0929209
21,Sample_S19S_0077_Wat,349.1059291
74,Sample_S19S_0077_Wat,349.129303
51,Sample_S19S_0077_Wat,349.1656793
12,Sample_S19S_0077_Wat,350.0518357
55,Sample_S19S_0077_Wat,350.0881844
69,Sample_S19S_0077_Wat,351.0357871
75,Sample_S19S_0077_Wat,351.0721501
45,Sample_S19S_0077_Wat,351.1085115
22,Sample_S19S_0077_Wat,351.121581
42,Sample_S19S_0077_Wat,351.1449775
29,Sample_S19S_0077_Wat,351.1813076
17,Sample_S19S_0077_Wat,352.0674721
38,Sample_S19S_0077_Wat,352.1038206
56,Sample_S19S_0077_Wat,353.0150696
46,Sample_S19S_0077_Wat,353.0514753
104,Sample_S19S_0077_Wat,353.0878166
71,Sample_S19S_0077_Wat,353.124233
41,Sample_S19S_0077_Wat,353.1605629
43,Sample_S19S_0077_Wat,354.0830704
42,Sample_S19S_0077_Wat,354.1194893
59,Sample_S19S_0077_Wat,355.0306981
26,Sample_S19S_0077_Wat,355.0459559
72,Sample_S19S_0077_Wat,355.0671162
92,Sample_S19S_0077_Wat,355.1034699
19,Sample_S19S_0077_Wat,355.1399086
32,Sample_S19S_0077_Wat,355.1762476
18,Sample_S19S_0077_Wat,356.0987693
25,Sample_S19S_0077_Wat,357.0251986
52,Sample_S19S_0077_Wat,357.046323
44,Sample_S19S_0077_Wat,357.061636
85,Sample_S19S_0077_Wat,357.0827228
42,Sample_S19S_0077_Wat,357.0979761
22,Sample_S19S_0077_Wat,357.1110353
86,Sample_S19S_0077_Wat,357.1191097
27,Sample_S19S_0077_Wat,357.134414
53,Sample_S19S_0077_Wat,357.1554992
34,Sample_S19S_0077_Wat,358.077999
9,Sample_S19S_0077_Wat,359.0256737
13,Sample_S19S_0077_Wat,359.0409252
57,Sample_S19S_0077_Wat,359.0619959
53,Sample_S19S_0077_Wat,359.077285
15,Sample_S19S_0077_Wat,359.0806207
33,Sample_S19S_0077_Wat,359.0984239
45,Sample_S19S_0077_Wat,359.1347452
53,Sample_S19S_0077_Wat,359.1500213
29,Sample_S19S_0077_Wat,359.1711775
21,Sample_S19S_0077_Wat,360.093678
44,Sample_S19S_0077_Wat,361.0201475
45,Sample_S19S_0077_Wat,361.0412698
49,Sample_S19S_0077_Wat,361.056505
2,Sample_S19S_0077_Wat,361.0598496
16,Sample_S19S_0077_Wat,361.069538
36,Sample_S19S_0077_Wat,361.077621
69,Sample_S19S_0077_Wat,361.0929312
12,Sample_S19S_0077_Wat,361.0962708
39,Sample_S19S_0077_Wat,361.1140532
23,Sample_S19S_0077_Wat,361.1423317
8,Sample_S19S_0077_Wat,362.1093336
62,Sample_S19S_0077_Wat,363.0357881
46,Sample_S19S_0077_Wat,363.0722122
80,Sample_S19S_0077_Wat,363.108539
20,Sample_S19S_0077_Wat,363.1215932
33,Sample_S19S_0077_Wat,363.1449786
17,Sample_S19S_0077_Wat,363.1812892
35,Sample_S19S_0077_Wat,364.0674047
10,Sample_S19S_0077_Wat,364.0885367
43,Sample_S19S_0077_Wat,364.1038292
53,Sample_S19S_0077_Wat,365.015069
23,Sample_S19S_0077_Wat,365.0513776
11,Sample_S19S_0077_Wat,365.0644569
89,Sample_S19S_0077_Wat,365.0878382
26,Sample_S19S_0077_Wat,365.1008669
39,Sample_S19S_0077_Wat,365.1241727
16,Sample_S19S_0077_Wat,365.137244
18,Sample_S19S_0077_Wat,365.1606438
26,Sample_S19S_0077_Wat,365.1969623
54,Sample_S19S_0077_Wat,366.0830912
44,Sample_S19S_0077_Wat,366.1194629
54,Sample_S19S_0077_Wat,367.0306865
94,Sample_S19S_0077_Wat,367.0671094
111,Sample_S19S_0077_Wat,367.1034613
19,Sample_S19S_0077_Wat,367.1165264
11,Sample_S19S_0077_Wat,367.1399195
36,Sample_S19S_0077_Wat,367.1762158
17,Sample_S19S_0077_Wat,368.0623951
61,Sample_S19S_0077_Wat,368.0987097
38,Sample_S19S_0077_Wat,368.1351331
15,Sample_S19S_0077_Wat,369.0252119
44,Sample_S19S_0077_Wat,369.0463181
40,Sample_S19S_0077_Wat,369.061629
81,Sample_S19S_0077_Wat,369.0827443
22,Sample_S19S_0077_Wat,369.111039
24,Sample_S19S_0077_Wat,369.1190631
52,Sample_S19S_0077_Wat,369.1555194
9,Sample_S19S_0077_Wat,369.1837969
9,Sample_S19S_0077_Wat,369.1918398
39,Sample_S19S_0077_Wat,370.0779692
30,Sample_S19S_0077_Wat,370.1507341
22,Sample_S19S_0077_Wat,371.0255725
32,Sample_S19S_0077_Wat,371.0408802
73,Sample_S19S_0077_Wat,371.0620102
17,Sample_S19S_0077_Wat,371.0902981
40,Sample_S19S_0077_Wat,371.0983408
38,Sample_S19S_0077_Wat,371.1136558
53,Sample_S19S_0077_Wat,371.1347918
37,Sample_S19S_0077_Wat,371.171134
42,Sample_S19S_0077_Wat,372.1300076
23,Sample_S19S_0077_Wat,373.0201141
5,Sample_S19S_0077_Wat,373.0331394
42,Sample_S19S_0077_Wat,373.0412407
60,Sample_S19S_0077_Wat,373.0565482
34,Sample_S19S_0077_Wat,373.0776886
38,Sample_S19S_0077_Wat,373.09294
27,Sample_S19S_0077_Wat,373.1059583
55,Sample_S19S_0077_Wat,373.1140108
13,Sample_S19S_0077_Wat,373.1504711
14,Sample_S19S_0077_Wat,373.1657318
5,Sample_S19S_0077_Wat,374.0729636
17,Sample_S19S_0077_Wat,375.0358416
19,Sample_S19S_0077_Wat,375.0569615
67,Sample_S19S_0077_Wat,375.0721973
12,Sample_S19S_0077_Wat,375.0755416
27,Sample_S19S_0077_Wat,375.0852221
39,Sample_S19S_0077_Wat,375.0932745
30,Sample_S19S_0077_Wat,375.1297066
71,Sample_S19S_0077_Wat,375.1449442
21,Sample_S19S_0077_Wat,375.1579842
22,Sample_S19S_0077_Wat,375.1812892
35,Sample_S19S_0077_Wat,376.0674564
20,Sample_S19S_0077_Wat,376.1249335
29,Sample_S19S_0077_Wat,377.0150486
73,Sample_S19S_0077_Wat,377.0514538
58,Sample_S19S_0077_Wat,377.0877952
3,Sample_S19S_0077_Wat,377.0911145
18,Sample_S19S_0077_Wat,377.100823
92,Sample_S19S_0077_Wat,377.1241915
25,Sample_S19S_0077_Wat,377.1372608
46,Sample_S19S_0077_Wat,377.1606102
14,Sample_S19S_0077_Wat,377.1969233
10,Sample_S19S_0077_Wat,378.0466478
36,Sample_S19S_0077_Wat,378.0831073
51,Sample_S19S_0077_Wat,378.1194361
63,Sample_S19S_0077_Wat,379.0307221
25,Sample_S19S_0077_Wat,379.0670295
16,Sample_S19S_0077_Wat,379.0800689
104,Sample_S19S_0077_Wat,379.1034645
26,Sample_S19S_0077_Wat,379.1165229
86,Sample_S19S_0077_Wat,379.1398402
44,Sample_S19S_0077_Wat,379.1762343
47,Sample_S19S_0077_Wat,380.0987084
14,Sample_S19S_0077_Wat,381.0099072
69,Sample_S19S_0077_Wat,381.0463502
33,Sample_S19S_0077_Wat,381.0826619
95,Sample_S19S_0077_Wat,381.1191186
77,Sample_S19S_0077_Wat,381.1555031
27,Sample_S19S_0077_Wat,381.1918695
42,Sample_S19S_0077_Wat,382.0779661
48,Sample_S19S_0077_Wat,382.1143936
9,Sample_S19S_0077_Wat,382.1507159
27,Sample_S19S_0077_Wat,383.0255766
38,Sample_S19S_0077_Wat,383.0619616
101,Sample_S19S_0077_Wat,383.0983806
24,Sample_S19S_0077_Wat,383.1266887
30,Sample_S19S_0077_Wat,383.1347075
27,Sample_S19S_0077_Wat,383.1711132
25,Sample_S19S_0077_Wat,384.0572385
44,Sample_S19S_0077_Wat,384.0936599
14,Sample_S19S_0077_Wat,385.0201172
9,Sample_S19S_0077_Wat,385.0331631
24,Sample_S19S_0077_Wat,385.0412026
34,Sample_S19S_0077_Wat,385.0564963
83,Sample_S19S_0077_Wat,385.0776412
48,Sample_S19S_0077_Wat,385.0929264
1,Sample_S19S_0077_Wat,385.0961706
33,Sample_S19S_0077_Wat,385.1139909
28,Sample_S19S_0077_Wat,385.1292595
22,Sample_S19S_0077_Wat,385.1423072
32,Sample_S19S_0077_Wat,385.1503825
26,Sample_S19S_0077_Wat,385.1868285
34,Sample_S19S_0077_Wat,386.0728862
37,Sample_S19S_0077_Wat,386.1093009
51,Sample_S19S_0077_Wat,387.0358113
26,Sample_S19S_0077_Wat,387.0568488
14,Sample_S19S_0077_Wat,387.0721252
1,Sample_S19S_0077_Wat,387.075423
21,Sample_S19S_0077_Wat,387.0851909
31,Sample_S19S_0077_Wat,387.0932457
70,Sample_S19S_0077_Wat,387.1085636
77,Sample_S19S_0077_Wat,387.1296791
17,Sample_S19S_0077_Wat,387.1579654
12,Sample_S19S_0077_Wat,387.1659841
8,Sample_S19S_0077_Wat,387.19436
49,Sample_S19S_0077_Wat,388.0674506
37,Sample_S19S_0077_Wat,388.1249219
27,Sample_S19S_0077_Wat,389.0150297
26,Sample_S19S_0077_Wat,389.036144
48,Sample_S19S_0077_Wat,389.051417
12,Sample_S19S_0077_Wat,389.0644457
23,Sample_S19S_0077_Wat,389.0724972
68,Sample_S19S_0077_Wat,389.0878118
2,Sample_S19S_0077_Wat,389.0911204
26,Sample_S19S_0077_Wat,389.1008827
34,Sample_S19S_0077_Wat,389.108981
82,Sample_S19S_0077_Wat,389.1242045
21,Sample_S19S_0077_Wat,389.1372295
15,Sample_S19S_0077_Wat,389.1452618
19,Sample_S19S_0077_Wat,389.1605387
17,Sample_S19S_0077_Wat,389.1736085
20,Sample_S19S_0077_Wat,390.0466839
60,Sample_S19S_0077_Wat,390.083092
27,Sample_S19S_0077_Wat,391.0307447
44,Sample_S19S_0077_Wat,391.0670531
3,Sample_S19S_0077_Wat,391.070384
43,Sample_S19S_0077_Wat,391.1034381
1,Sample_S19S_0077_Wat,391.1066925
46,Sample_S19S_0077_Wat,391.1398852
11,Sample_S19S_0077_Wat,391.1528412
30,Sample_S19S_0077_Wat,391.1762035
6,Sample_S19S_0077_Wat,391.1892281
35,Sample_S19S_0077_Wat,392.06231
60,Sample_S19S_0077_Wat,392.098752
13,Sample_S19S_0077_Wat,392.1198706
48,Sample_S19S_0077_Wat,392.1351125
9,Sample_S19S_0077_Wat,393.010021
38,Sample_S19S_0077_Wat,393.0463154
10,Sample_S19S_0077_Wat,393.0593644
77,Sample_S19S_0077_Wat,393.0827628
83,Sample_S19S_0077_Wat,393.1191285
20,Sample_S19S_0077_Wat,393.1321265
38,Sample_S19S_0077_Wat,393.1554711
15,Sample_S19S_0077_Wat,393.1685262
20,Sample_S19S_0077_Wat,393.1919402
23,Sample_S19S_0077_Wat,394.0415806
28,Sample_S19S_0077_Wat,394.078026
36,Sample_S19S_0077_Wat,394.1144108
30,Sample_S19S_0077_Wat,395.0255818
54,Sample_S19S_0077_Wat,395.0619708
50,Sample_S19S_0077_Wat,395.0984243
15,Sample_S19S_0077_Wat,395.1114167
107,Sample_S19S_0077_Wat,395.1347697
15,Sample_S19S_0077_Wat,395.1477706
42,Sample_S19S_0077_Wat,395.171191
10,Sample_S19S_0077_Wat,395.2075813
45,Sample_S19S_0077_Wat,396.0936653
28,Sample_S19S_0077_Wat,396.13006
46,Sample_S19S_0077_Wat,397.0412485
32,Sample_S19S_0077_Wat,397.0775828
20,Sample_S19S_0077_Wat,397.1059758
65,Sample_S19S_0077_Wat,397.1140135
79,Sample_S19S_0077_Wat,397.1504225
40,Sample_S19S_0077_Wat,398.0729329
47,Sample_S19S_0077_Wat,398.1456531
26,Sample_S19S_0077_Wat,399.0205105
11,Sample_S19S_0077_Wat,399.0356696
7,Sample_S19S_0077_Wat,399.0488349
17,Sample_S19S_0077_Wat,399.0568344
26,Sample_S19S_0077_Wat,399.0721389
24,Sample_S19S_0077_Wat,399.085227
66,Sample_S19S_0077_Wat,399.0932727
20,Sample_S19S_0077_Wat,399.1086044
61,Sample_S19S_0077_Wat,399.1296635
38,Sample_S19S_0077_Wat,399.1449193
12,Sample_S19S_0077_Wat,399.1579458
4,Sample_S19S_0077_Wat,399.1659287
20,Sample_S19S_0077_Wat,399.2024375
24,Sample_S19S_0077_Wat,400.1249077
30,Sample_S19S_0077_Wat,401.0150794
22,Sample_S19S_0077_Wat,401.0362034
58,Sample_S19S_0077_Wat,401.0514549
15,Sample_S19S_0077_Wat,401.0644945
21,Sample_S19S_0077_Wat,401.0725084
55,Sample_S19S_0077_Wat,401.0878209
1,Sample_S19S_0077_Wat,401.0910681
49,Sample_S19S_0077_Wat,401.1089631
60,Sample_S19S_0077_Wat,401.1453284
55,Sample_S19S_0077_Wat,401.1605804
12,Sample_S19S_0077_Wat,401.1736033
13,Sample_S19S_0077_Wat,401.1816514
2,Sample_S19S_0077_Wat,402.1042761
21,Sample_S19S_0077_Wat,402.1405573
14,Sample_S19S_0077_Wat,403.0305846
10,Sample_S19S_0077_Wat,403.0437271
18,Sample_S19S_0077_Wat,403.0517845
70,Sample_S19S_0077_Wat,403.0671122
3,Sample_S19S_0077_Wat,403.0704072
55,Sample_S19S_0077_Wat,403.0881974
63,Sample_S19S_0077_Wat,403.1034476
1,Sample_S19S_0077_Wat,403.1066431
22,Sample_S19S_0077_Wat,403.1164656
17,Sample_S19S_0077_Wat,403.1245163
76,Sample_S19S_0077_Wat,403.1398463
25,Sample_S19S_0077_Wat,403.1529106
18,Sample_S19S_0077_Wat,403.1609357
27,Sample_S19S_0077_Wat,403.1762826
52,Sample_S19S_0077_Wat,404.0623618
27,Sample_S19S_0077_Wat,404.0834492
63,Sample_S19S_0077_Wat,405.0463718
28,Sample_S19S_0077_Wat,405.0674473
49,Sample_S19S_0077_Wat,405.0827082
28,Sample_S19S_0077_Wat,405.1190623
25,Sample_S19S_0077_Wat,405.1321292
44,Sample_S19S_0077_Wat,405.1555362
20,Sample_S19S_0077_Wat,405.1685606
22,Sample_S19S_0077_Wat,407.0255705
62,Sample_S19S_0077_Wat,407.0620299
16,Sample_S19S_0077_Wat,407.0750599
88,Sample_S19S_0077_Wat,407.0983755
15,Sample_S19S_0077_Wat,407.1113661
74,Sample_S19S_0077_Wat,407.1347505
21,Sample_S19S_0077_Wat,407.1477958
9,Sample_S19S_0077_Wat,407.1712237
15,Sample_S19S_0077_Wat,407.2075913
58,Sample_S19S_0077_Wat,408.0936661
61,Sample_S19S_0077_Wat,408.1300077
30,Sample_S19S_0077_Wat,409.0412228
25,Sample_S19S_0077_Wat,409.07757
10,Sample_S19S_0077_Wat,409.0905208
87,Sample_S19S_0077_Wat,409.1140221
14,Sample_S19S_0077_Wat,409.1270356
83,Sample_S19S_0077_Wat,409.1504235
11,Sample_S19S_0077_Wat,409.1867344
48,Sample_S19S_0077_Wat,410.0729191
14,Sample_S19S_0077_Wat,410.1092388
45,Sample_S19S_0077_Wat,410.1456867
28,Sample_S19S_0077_Wat,411.0205049
22,Sample_S19S_0077_Wat,411.0568579
72,Sample_S19S_0077_Wat,411.0933142
79,Sample_S19S_0077_Wat,411.1296933
24,Sample_S19S_0077_Wat,411.1579879
42,Sample_S19S_0077_Wat,411.1660419
20,Sample_S19S_0077_Wat,412.0521769
33,Sample_S19S_0077_Wat,412.0885256
43,Sample_S19S_0077_Wat,412.1249118
14,Sample_S19S_0077_Wat,413.0150329
27,Sample_S19S_0077_Wat,413.0361429
3,Sample_S19S_0077_Wat,413.0513424
12,Sample_S19S_0077_Wat,413.06446
7,Sample_S19S_0077_Wat,413.072442
33,Sample_S19S_0077_Wat,413.087795
26,Sample_S19S_0077_Wat,413.1008794
76,Sample_S19S_0077_Wat,413.1089345
47,Sample_S19S_0077_Wat,413.12421
17,Sample_S19S_0077_Wat,413.1372735
24,Sample_S19S_0077_Wat,413.1452768
18,Sample_S19S_0077_Wat,413.1736056
8,Sample_S19S_0077_Wat,413.1816156
19,Sample_S19S_0077_Wat,415.0306688
21,Sample_S19S_0077_Wat,415.0518724
5,Sample_S19S_0077_Wat,415.0671726
11,Sample_S19S_0077_Wat,415.080159
59,Sample_S19S_0077_Wat,415.0881916
56,Sample_S19S_0077_Wat,415.1034568
18,Sample_S19S_0077_Wat,415.1164835
32,Sample_S19S_0077_Wat,415.1245406
15,Sample_S19S_0077_Wat,415.1529316
50,Sample_S19S_0077_Wat,415.1609859
4,Sample_S19S_0077_Wat,415.1763155
27,Sample_S19S_0077_Wat,417.009975
26,Sample_S19S_0077_Wat,417.0310977
34,Sample_S19S_0077_Wat,417.0463346
12,Sample_S19S_0077_Wat,417.0593749
18,Sample_S19S_0077_Wat,417.0674105
23,Sample_S19S_0077_Wat,417.0826722
2,Sample_S19S_0077_Wat,417.085967
16,Sample_S19S_0077_Wat,417.0957124
21,Sample_S19S_0077_Wat,417.1037889
73,Sample_S19S_0077_Wat,417.1191101
1,Sample_S19S_0077_Wat,417.1223013
31,Sample_S19S_0077_Wat,417.1321667
38,Sample_S19S_0077_Wat,417.1402188
62,Sample_S19S_0077_Wat,417.1555165
29,Sample_S19S_0077_Wat,417.1685514
10,Sample_S19S_0077_Wat,418.1144292
27,Sample_S19S_0077_Wat,419.0256123
38,Sample_S19S_0077_Wat,419.0619721
7,Sample_S19S_0077_Wat,419.0829959
12,Sample_S19S_0077_Wat,419.0982983
6,Sample_S19S_0077_Wat,419.1113471
7,Sample_S19S_0077_Wat,419.1194106
82,Sample_S19S_0077_Wat,419.1347745
23,Sample_S19S_0077_Wat,419.1478319
37,Sample_S19S_0077_Wat,419.1711927
21,Sample_S19S_0077_Wat,419.1842051
35,Sample_S19S_0077_Wat,420.0572817
47,Sample_S19S_0077_Wat,421.0412704
19,Sample_S19S_0077_Wat,421.0777047
92,Sample_S19S_0077_Wat,421.1140346
15,Sample_S19S_0077_Wat,421.1270174
77,Sample_S19S_0077_Wat,421.1504292
1,Sample_S19S_0077_Wat,421.1552081
20,Sample_S19S_0077_Wat,421.1634511
16,Sample_S19S_0077_Wat,421.1868654
36,Sample_S19S_0077_Wat,422.0728802
23,Sample_S19S_0077_Wat,422.1093338
19,Sample_S19S_0077_Wat,423.0205894
52,Sample_S19S_0077_Wat,423.0569089
29,Sample_S19S_0077_Wat,423.093231
3,Sample_S19S_0077_Wat,423.1061645
100,Sample_S19S_0077_Wat,423.1296813
9,Sample_S19S_0077_Wat,423.1426961
33,Sample_S19S_0077_Wat,423.1661225
33,Sample_S19S_0077_Wat,423.2024382
14,Sample_S19S_0077_Wat,424.0522173
1,Sample_S19S_0077_Wat,424.0886497
30,Sample_S19S_0077_Wat,424.1249783
48,Sample_S19S_0077_Wat,425.0361852
15,Sample_S19S_0077_Wat,425.0724714
15,Sample_S19S_0077_Wat,425.1008972
52,Sample_S19S_0077_Wat,425.1089252
17,Sample_S19S_0077_Wat,425.1453873
38,Sample_S19S_0077_Wat,425.1816982
45,Sample_S19S_0077_Wat,426.1405881
14,Sample_S19S_0077_Wat,427.0307487
22,Sample_S19S_0077_Wat,427.0518808
11,Sample_S19S_0077_Wat,427.0669702
39,Sample_S19S_0077_Wat,427.088175
34,Sample_S19S_0077_Wat,427.1035014
18,Sample_S19S_0077_Wat,427.1165345
72,Sample_S19S_0077_Wat,427.1245871
3,Sample_S19S_0077_Wat,427.1399769
2,Sample_S19S_0077_Wat,427.1610597
24,Sample_S19S_0077_Wat,427.1973395
22,Sample_S19S_0077_Wat,428.1562791
11,Sample_S19S_0077_Wat,429.0099567
27,Sample_S19S_0077_Wat,429.0310878
27,Sample_S19S_0077_Wat,429.0463286
45,Sample_S19S_0077_Wat,429.067488
2,Sample_S19S_0077_Wat,429.0829209
8,Sample_S19S_0077_Wat,429.1039457
5,Sample_S19S_0077_Wat,429.1192381
61,Sample_S19S_0077_Wat,429.1402424
23,Sample_S19S_0077_Wat,429.1555582
23,Sample_S19S_0077_Wat,429.1685491
19,Sample_S19S_0077_Wat,429.1765924
33,Sample_S19S_0077_Wat,429.1919036
12,Sample_S19S_0077_Wat,430.0627483
28,Sample_S19S_0077_Wat,430.0991542
39,Sample_S19S_0077_Wat,430.1354817
19,Sample_S19S_0077_Wat,431.0256563
59,Sample_S19S_0077_Wat,431.0620177
3,Sample_S19S_0077_Wat,431.0653523
42,Sample_S19S_0077_Wat,431.083125
65,Sample_S19S_0077_Wat,431.098388
21,Sample_S19S_0077_Wat,431.1113826
25,Sample_S19S_0077_Wat,431.1194411
26,Sample_S19S_0077_Wat,431.1347291
24,Sample_S19S_0077_Wat,431.1477957
23,Sample_S19S_0077_Wat,431.1558407
31,Sample_S19S_0077_Wat,431.1711879
12,Sample_S19S_0077_Wat,431.2076023
58,Sample_S19S_0077_Wat,432.093661
41,Sample_S19S_0077_Wat,433.0412948
3,Sample_S19S_0077_Wat,433.0543356
23,Sample_S19S_0077_Wat,433.0624271
69,Sample_S19S_0077_Wat,433.077665
14,Sample_S19S_0077_Wat,433.0906617
12,Sample_S19S_0077_Wat,433.0986887
28,Sample_S19S_0077_Wat,433.1139658
5,Sample_S19S_0077_Wat,433.1269982
3,Sample_S19S_0077_Wat,433.13501
25,Sample_S19S_0077_Wat,433.1503758
24,Sample_S19S_0077_Wat,433.1634586
36,Sample_S19S_0077_Wat,433.1868494
23,Sample_S19S_0077_Wat,433.223189
5,Sample_S19S_0077_Wat,434.072975
11,Sample_S19S_0077_Wat,434.1093421
12,Sample_S19S_0077_Wat,435.0204588
44,Sample_S19S_0077_Wat,435.0569041
17,Sample_S19S_0077_Wat,435.0698968
73,Sample_S19S_0077_Wat,435.093324
16,Sample_S19S_0077_Wat,435.1062764
30,Sample_S19S_0077_Wat,435.1296329
3,Sample_S19S_0077_Wat,435.1426364
1,Sample_S19S_0077_Wat,435.160379
23,Sample_S19S_0077_Wat,435.1659973
14,Sample_S19S_0077_Wat,435.1790631
40,Sample_S19S_0077_Wat,435.2024665
15,Sample_S19S_0077_Wat,436.0521427
15,Sample_S19S_0077_Wat,436.0886111
32,Sample_S19S_0077_Wat,437.0361523
25,Sample_S19S_0077_Wat,437.072483
28,Sample_S19S_0077_Wat,437.1088959
57,Sample_S19S_0077_Wat,437.1453651
16,Sample_S19S_0077_Wat,437.158378
45,Sample_S19S_0077_Wat,437.1817485
7,Sample_S19S_0077_Wat,437.2180272
10,Sample_S19S_0077_Wat,438.0678822
57,Sample_S19S_0077_Wat,438.1405683
15,Sample_S19S_0077_Wat,439.051737
69,Sample_S19S_0077_Wat,439.0882098
72,Sample_S19S_0077_Wat,439.1246064
14,Sample_S19S_0077_Wat,439.1529344
29,Sample_S19S_0077_Wat,439.1609425
16,Sample_S19S_0077_Wat,439.1892886
16,Sample_S19S_0077_Wat,439.1973056
33,Sample_S19S_0077_Wat,440.0834468
27,Sample_S19S_0077_Wat,440.1198163
15,Sample_S19S_0077_Wat,441.0310268
11,Sample_S19S_0077_Wat,441.0462365
32,Sample_S19S_0077_Wat,441.0674409
32,Sample_S19S_0077_Wat,441.0827166
36,Sample_S19S_0077_Wat,441.1039049
15,Sample_S19S_0077_Wat,441.1191742
53,Sample_S19S_0077_Wat,441.1402285
15,Sample_S19S_0077_Wat,441.168514
17,Sample_S19S_0077_Wat,441.1765589
7,Sample_S19S_0077_Wat,441.2129575
10,Sample_S19S_0077_Wat,442.0990637
18,Sample_S19S_0077_Wat,442.135461
14,Sample_S19S_0077_Wat,443.0255061
19,Sample_S19S_0077_Wat,443.0466588
16,Sample_S19S_0077_Wat,443.061884
14,Sample_S19S_0077_Wat,443.0749837
33,Sample_S19S_0077_Wat,443.0830557
34,Sample_S19S_0077_Wat,443.0984287
18,Sample_S19S_0077_Wat,443.1114516
61,Sample_S19S_0077_Wat,443.119518
4,Sample_S19S_0077_Wat,443.1348538
14,Sample_S19S_0077_Wat,443.1478565
50,Sample_S19S_0077_Wat,443.1558944
22,Sample_S19S_0077_Wat,443.1711201
20,Sample_S19S_0077_Wat,443.1841796
12,Sample_S19S_0077_Wat,443.1922057
37,Sample_S19S_0077_Wat,444.0572726
9,Sample_S19S_0077_Wat,445.0048403
20,Sample_S19S_0077_Wat,445.0260024
34,Sample_S19S_0077_Wat,445.0412697
34,Sample_S19S_0077_Wat,445.0623769
30,Sample_S19S_0077_Wat,445.0776178
10,Sample_S19S_0077_Wat,445.0986624
4,Sample_S19S_0077_Wat,445.1083593
17,Sample_S19S_0077_Wat,445.1139537
18,Sample_S19S_0077_Wat,445.127011
10,Sample_S19S_0077_Wat,445.1350548
30,Sample_S19S_0077_Wat,445.1503907
29,Sample_S19S_0077_Wat,445.1634705
41,Sample_S19S_0077_Wat,445.1715289
34,Sample_S19S_0077_Wat,445.1868428
22,Sample_S19S_0077_Wat,445.223207
11,Sample_S19S_0077_Wat,446.0728598
12,Sample_S19S_0077_Wat,447.0204695
8,Sample_S19S_0077_Wat,447.056785
6,Sample_S19S_0077_Wat,447.0779114
17,Sample_S19S_0077_Wat,447.09323
74,Sample_S19S_0077_Wat,447.1297048
30,Sample_S19S_0077_Wat,447.1427418
67,Sample_S19S_0077_Wat,447.1660641
19,Sample_S19S_0077_Wat,447.179104
10,Sample_S19S_0077_Wat,447.2023724
52,Sample_S19S_0077_Wat,448.088573
17,Sample_S19S_0077_Wat,449.0360637
21,Sample_S19S_0077_Wat,449.0724952
18,Sample_S19S_0077_Wat,449.0855556
90,Sample_S19S_0077_Wat,449.1089599
18,Sample_S19S_0077_Wat,449.1219859
77,Sample_S19S_0077_Wat,449.1453221
21,Sample_S19S_0077_Wat,449.1583358
23,Sample_S19S_0077_Wat,449.1816462
10,Sample_S19S_0077_Wat,451.0153576
16,Sample_S19S_0077_Wat,451.0517204
32,Sample_S19S_0077_Wat,451.0881744
5,Sample_S19S_0077_Wat,451.1011798
56,Sample_S19S_0077_Wat,451.124616
32,Sample_S19S_0077_Wat,451.1609528
7,Sample_S19S_0077_Wat,451.1739524
6,Sample_S19S_0077_Wat,451.1972791
3,Sample_S19S_0077_Wat,452.0469724
36,Sample_S19S_0077_Wat,452.0834394
25,Sample_S19S_0077_Wat,453.0310814
22,Sample_S19S_0077_Wat,453.0673983
10,Sample_S19S_0077_Wat,453.0957146
16,Sample_S19S_0077_Wat,453.1037558
14,Sample_S19S_0077_Wat,453.1321972
42,Sample_S19S_0077_Wat,453.140211
2,Sample_S19S_0077_Wat,453.1686448
54,Sample_S19S_0077_Wat,453.1766436
8,Sample_S19S_0077_Wat,453.2049759
21,Sample_S19S_0077_Wat,454.0627542
40,Sample_S19S_0077_Wat,455.0467468
40,Sample_S19S_0077_Wat,455.0620251
47,Sample_S19S_0077_Wat,455.0831528
41,Sample_S19S_0077_Wat,455.0984121
14,Sample_S19S_0077_Wat,455.111472
34,Sample_S19S_0077_Wat,455.1194736
20,Sample_S19S_0077_Wat,455.14777
12,Sample_S19S_0077_Wat,455.1558023
13,Sample_S19S_0077_Wat,455.1841535
10,Sample_S19S_0077_Wat,455.1921775
28,Sample_S19S_0077_Wat,457.0412916
39,Sample_S19S_0077_Wat,457.0624071
12,Sample_S19S_0077_Wat,457.0906483
18,Sample_S19S_0077_Wat,457.0986905
19,Sample_S19S_0077_Wat,457.1139922
13,Sample_S19S_0077_Wat,457.1270095
16,Sample_S19S_0077_Wat,457.1350642
3,Sample_S19S_0077_Wat,457.1447412
16,Sample_S19S_0077_Wat,457.150377
17,Sample_S19S_0077_Wat,457.1634444
26,Sample_S19S_0077_Wat,457.1715231
41,Sample_S19S_0077_Wat,457.1868094
8,Sample_S19S_0077_Wat,457.1998933
16,Sample_S19S_0077_Wat,459.0205561
23,Sample_S19S_0077_Wat,459.0416602
18,Sample_S19S_0077_Wat,459.0568713
10,Sample_S19S_0077_Wat,459.069913
22,Sample_S19S_0077_Wat,459.0779746
18,Sample_S19S_0077_Wat,459.0932353
19,Sample_S19S_0077_Wat,459.1062882
25,Sample_S19S_0077_Wat,459.1143457
52,Sample_S19S_0077_Wat,459.1296693
30,Sample_S19S_0077_Wat,459.142719
37,Sample_S19S_0077_Wat,459.1508169
31,Sample_S19S_0077_Wat,459.1872169
19,Sample_S19S_0077_Wat,459.2025048
29,Sample_S19S_0077_Wat,461.036196
4,Sample_S19S_0077_Wat,461.0492316
24,Sample_S19S_0077_Wat,461.0725007
13,Sample_S19S_0077_Wat,461.0855391
7,Sample_S19S_0077_Wat,461.0935699
12,Sample_S19S_0077_Wat,461.1088271
4,Sample_S19S_0077_Wat,461.1218899
11,Sample_S19S_0077_Wat,461.1299458
2,Sample_S19S_0077_Wat,461.1396751
22,Sample_S19S_0077_Wat,461.1452647
20,Sample_S19S_0077_Wat,461.1583343
32,Sample_S19S_0077_Wat,461.1817537
7,Sample_S19S_0077_Wat,461.1948089
20,Sample_S19S_0077_Wat,461.218132
24,Sample_S19S_0077_Wat,462.067799
9,Sample_S19S_0077_Wat,463.015396
44,Sample_S19S_0077_Wat,463.0518315
43,Sample_S19S_0077_Wat,463.0881954
4,Sample_S19S_0077_Wat,463.1189274
13,Sample_S19S_0077_Wat,463.124491
2,Sample_S19S_0077_Wat,463.1375144
6,Sample_S19S_0077_Wat,463.1608564
5,Sample_S19S_0077_Wat,463.1739081
12,Sample_S19S_0077_Wat,463.1972938
22,Sample_S19S_0077_Wat,463.2337601
14,Sample_S19S_0077_Wat,465.0310055
13,Sample_S19S_0077_Wat,465.06738
30,Sample_S19S_0077_Wat,465.1038259
18,Sample_S19S_0077_Wat,465.1168704
58,Sample_S19S_0077_Wat,465.1766182
11,Sample_S19S_0077_Wat,465.2129596
42,Sample_S19S_0077_Wat,466.1355201
1,Sample_S19S_0077_Wat,466.1435867
42,Sample_S19S_0077_Wat,467.0467531
19,Sample_S19S_0077_Wat,467.0620397
51,Sample_S19S_0077_Wat,467.0831629
48,Sample_S19S_0077_Wat,467.1195422
24,Sample_S19S_0077_Wat,467.1478261
30,Sample_S19S_0077_Wat,467.1558326
17,Sample_S19S_0077_Wat,467.184209
7,Sample_S19S_0077_Wat,467.1921933
22,Sample_S19S_0077_Wat,468.1147294
15,Sample_S19S_0077_Wat,469.0260039
21,Sample_S19S_0077_Wat,469.0412947
36,Sample_S19S_0077_Wat,469.062394
11,Sample_S19S_0077_Wat,469.0906533
25,Sample_S19S_0077_Wat,469.0986993
9,Sample_S19S_0077_Wat,469.1139603
21,Sample_S19S_0077_Wat,469.1270251
14,Sample_S19S_0077_Wat,469.1350525
10,Sample_S19S_0077_Wat,469.1633964
18,Sample_S19S_0077_Wat,469.199861
15,Sample_S19S_0077_Wat,469.2078959
15,Sample_S19S_0077_Wat,471.0205509
15,Sample_S19S_0077_Wat,471.0416901
35,Sample_S19S_0077_Wat,471.0569384
7,Sample_S19S_0077_Wat,471.069939
31,Sample_S19S_0077_Wat,471.0780166
17,Sample_S19S_0077_Wat,471.093255
16,Sample_S19S_0077_Wat,471.106291
6,Sample_S19S_0077_Wat,471.1295835
10,Sample_S19S_0077_Wat,471.1506882
5,Sample_S19S_0077_Wat,471.16598
18,Sample_S19S_0077_Wat,471.1790652
17,Sample_S19S_0077_Wat,471.1871307
19,Sample_S19S_0077_Wat,473.0361823
10,Sample_S19S_0077_Wat,473.0573502
33,Sample_S19S_0077_Wat,473.0726032
34,Sample_S19S_0077_Wat,473.0937108
59,Sample_S19S_0077_Wat,473.1089772
21,Sample_S19S_0077_Wat,473.121993
21,Sample_S19S_0077_Wat,473.1300234
4,Sample_S19S_0077_Wat,473.139667
22,Sample_S19S_0077_Wat,473.1452829
8,Sample_S19S_0077_Wat,473.1582831
11,Sample_S19S_0077_Wat,473.1663521
1,Sample_S19S_0077_Wat,473.1760299
16,Sample_S19S_0077_Wat,473.1816622
7,Sample_S19S_0077_Wat,473.1946924
19,Sample_S19S_0077_Wat,473.2180738
25,Sample_S19S_0077_Wat,474.067818
13,Sample_S19S_0077_Wat,475.0517049
16,Sample_S19S_0077_Wat,475.0728791
28,Sample_S19S_0077_Wat,475.0881586
14,Sample_S19S_0077_Wat,475.1012806
16,Sample_S19S_0077_Wat,475.1092833
62,Sample_S19S_0077_Wat,475.1245966
27,Sample_S19S_0077_Wat,475.1376596
17,Sample_S19S_0077_Wat,475.1456774
62,Sample_S19S_0077_Wat,475.1609843
20,Sample_S19S_0077_Wat,475.1739813
9,Sample_S19S_0077_Wat,475.1973043
6,Sample_S19S_0077_Wat,476.0833408
29,Sample_S19S_0077_Wat,477.0311319
49,Sample_S19S_0077_Wat,477.0674882
3,Sample_S19S_0077_Wat,477.0805777
18,Sample_S19S_0077_Wat,477.1168599
4,Sample_S19S_0077_Wat,477.1401075
4,Sample_S19S_0077_Wat,477.1531747
13,Sample_S19S_0077_Wat,477.1765167
30,Sample_S19S_0077_Wat,477.2130039
47,Sample_S19S_0077_Wat,478.0991507
6,Sample_S19S_0077_Wat,479.0466033
15,Sample_S19S_0077_Wat,479.0830028
36,Sample_S19S_0077_Wat,479.1194663
18,Sample_S19S_0077_Wat,479.1325629
62,Sample_S19S_0077_Wat,479.1559168
10,Sample_S19S_0077_Wat,479.1689644
45,Sample_S19S_0077_Wat,479.1923063
8,Sample_S19S_0077_Wat,480.151082
7,Sample_S19S_0077_Wat,481.025885
22,Sample_S19S_0077_Wat,481.0623379
50,Sample_S19S_0077_Wat,481.0987747
66,Sample_S19S_0077_Wat,481.1351677
15,Sample_S19S_0077_Wat,481.1634867
41,Sample_S19S_0077_Wat,481.1715313
13,Sample_S19S_0077_Wat,481.2078283
16,Sample_S19S_0077_Wat,483.0415833
13,Sample_S19S_0077_Wat,483.0568081
28,Sample_S19S_0077_Wat,483.0780208
25,Sample_S19S_0077_Wat,483.0933003
3,Sample_S19S_0077_Wat,483.1064043
45,Sample_S19S_0077_Wat,483.1144642
18,Sample_S19S_0077_Wat,483.1297323
33,Sample_S19S_0077_Wat,483.1508531
10,Sample_S19S_0077_Wat,483.1791639
26,Sample_S19S_0077_Wat,483.1871699
11,Sample_S19S_0077_Wat,483.2154832
8,Sample_S19S_0077_Wat,483.2234722
10,Sample_S19S_0077_Wat,484.1459881
10,Sample_S19S_0077_Wat,485.057196
15,Sample_S19S_0077_Wat,485.0724465
28,Sample_S19S_0077_Wat,485.0936172
39,Sample_S19S_0077_Wat,485.1089501
13,Sample_S19S_0077_Wat,485.1220307
43,Sample_S19S_0077_Wat,485.1300644
13,Sample_S19S_0077_Wat,485.1584131
33,Sample_S19S_0077_Wat,485.1664901
7,Sample_S19S_0077_Wat,485.1948096
10,Sample_S19S_0077_Wat,487.0154217
15,Sample_S19S_0077_Wat,487.051792
17,Sample_S19S_0077_Wat,487.072871
8,Sample_S19S_0077_Wat,487.088118
13,Sample_S19S_0077_Wat,487.1011949
9,Sample_S19S_0077_Wat,487.1092152
9,Sample_S19S_0077_Wat,487.1244947
18,Sample_S19S_0077_Wat,487.1375846
11,Sample_S19S_0077_Wat,487.1456408
51,Sample_S19S_0077_Wat,487.1609704
28,Sample_S19S_0077_Wat,487.18211
28,Sample_S19S_0077_Wat,487.1974177
2,Sample_S19S_0077_Wat,487.2104698
10,Sample_S19S_0077_Wat,489.0310445
45,Sample_S19S_0077_Wat,489.067487
23,Sample_S19S_0077_Wat,489.0886429
28,Sample_S19S_0077_Wat,489.1039118
26,Sample_S19S_0077_Wat,489.1402055
15,Sample_S19S_0077_Wat,489.1532671
6,Sample_S19S_0077_Wat,489.1765226
5,Sample_S19S_0077_Wat,489.2128864
13,Sample_S19S_0077_Wat,490.0990621
15,Sample_S19S_0077_Wat,491.0466906
21,Sample_S19S_0077_Wat,491.0830123
6,Sample_S19S_0077_Wat,491.0961728
7,Sample_S19S_0077_Wat,491.1193786
21,Sample_S19S_0077_Wat,491.1558203
17,Sample_S19S_0077_Wat,491.1689084
47,Sample_S19S_0077_Wat,491.1922945
3,Sample_S19S_0077_Wat,491.2287423
33,Sample_S19S_0077_Wat,492.1147512
10,Sample_S19S_0077_Wat,493.0259042
12,Sample_S19S_0077_Wat,493.0622921
24,Sample_S19S_0077_Wat,493.098712
67,Sample_S19S_0077_Wat,493.1351653
46,Sample_S19S_0077_Wat,493.1715856
14,Sample_S19S_0077_Wat,495.0415683
36,Sample_S19S_0077_Wat,495.0780179
42,Sample_S19S_0077_Wat,495.1144449
55,Sample_S19S_0077_Wat,495.1507984
13,Sample_S19S_0077_Wat,495.1791573
1,Sample_S19S_0077_Wat,496.1905351
7,Sample_S19S_0077_Wat,497.036113
20,Sample_S19S_0077_Wat,497.0572968
30,Sample_S19S_0077_Wat,497.0725711
13,Sample_S19S_0077_Wat,497.0937782
12,Sample_S19S_0077_Wat,497.1301476
9,Sample_S19S_0077_Wat,498.1253978
28,Sample_S19S_0077_Wat,498.1617513
3,Sample_S19S_0077_Wat,498.1698072
8,Sample_S19S_0077_Wat,499.036451
6,Sample_S19S_0077_Wat,499.0516924
20,Sample_S19S_0077_Wat,499.0728848
7,Sample_S19S_0077_Wat,499.1012958
34,Sample_S19S_0077_Wat,499.1093112
39,Sample_S19S_0077_Wat,499.1246232
6,Sample_S19S_0077_Wat,499.1377212
47,Sample_S19S_0077_Wat,499.1457371
4,Sample_S19S_0077_Wat,499.1553132
11,Sample_S19S_0077_Wat,499.1610424
13,Sample_S19S_0077_Wat,499.1740741
32,Sample_S19S_0077_Wat,499.1973555
17,Sample_S19S_0077_Wat,499.2104255
11,Sample_S19S_0077_Wat,501.0310269
12,Sample_S19S_0077_Wat,501.0521674
19,Sample_S19S_0077_Wat,501.0673678
12,Sample_S19S_0077_Wat,501.080502
14,Sample_S19S_0077_Wat,501.0885018
9,Sample_S19S_0077_Wat,501.1037301
14,Sample_S19S_0077_Wat,501.116864
6,Sample_S19S_0077_Wat,501.1248479
20,Sample_S19S_0077_Wat,501.1401768
29,Sample_S19S_0077_Wat,501.1532967
16,Sample_S19S_0077_Wat,501.1612956
45,Sample_S19S_0077_Wat,501.1766253
23,Sample_S19S_0077_Wat,501.1896846
23,Sample_S19S_0077_Wat,501.2130646
12,Sample_S19S_0077_Wat,503.0468089
3,Sample_S19S_0077_Wat,503.0679918
5,Sample_S19S_0077_Wat,503.0832459
19,Sample_S19S_0077_Wat,503.1042984
53,Sample_S19S_0077_Wat,503.1195309
2,Sample_S19S_0077_Wat,503.1326318
15,Sample_S19S_0077_Wat,503.1405906
22,Sample_S19S_0077_Wat,503.1558462
8,Sample_S19S_0077_Wat,503.1921795
8,Sample_S19S_0077_Wat,503.2285615
8,Sample_S19S_0077_Wat,505.0259469
8,Sample_S19S_0077_Wat,505.0622503
18,Sample_S19S_0077_Wat,505.098662
7,Sample_S19S_0077_Wat,505.1118569
14,Sample_S19S_0077_Wat,505.1350781
60,Sample_S19S_0077_Wat,505.1715425
27,Sample_S19S_0077_Wat,505.2079802
16,Sample_S19S_0077_Wat,506.0576414
13,Sample_S19S_0077_Wat,507.0415912
28,Sample_S19S_0077_Wat,507.0780238
47,Sample_S19S_0077_Wat,507.1144464
55,Sample_S19S_0077_Wat,507.1508255
15,Sample_S19S_0077_Wat,509.0573918
8,Sample_S19S_0077_Wat,509.0726169
38,Sample_S19S_0077_Wat,509.0937287
40,Sample_S19S_0077_Wat,509.1300451
9,Sample_S19S_0077_Wat,509.1583575
3,Sample_S19S_0077_Wat,509.2391011
8,Sample_S19S_0077_Wat,511.0366348
12,Sample_S19S_0077_Wat,511.0518749
36,Sample_S19S_0077_Wat,511.0729714
9,Sample_S19S_0077_Wat,511.0881435
27,Sample_S19S_0077_Wat,511.1092846
3,Sample_S19S_0077_Wat,511.1375472
1,Sample_S19S_0077_Wat,511.1455592
6,Sample_S19S_0077_Wat,511.1739404
8,Sample_S19S_0077_Wat,511.2103696
1,Sample_S19S_0077_Wat,512.1854652
7,Sample_S19S_0077_Wat,513.0311674
8,Sample_S19S_0077_Wat,513.0522762
26,Sample_S19S_0077_Wat,513.0674942
23,Sample_S19S_0077_Wat,513.0885835
18,Sample_S19S_0077_Wat,513.1169162
15,Sample_S19S_0077_Wat,513.1248843
4,Sample_S19S_0077_Wat,513.1531789
5,Sample_S19S_0077_Wat,513.1612236
7,Sample_S19S_0077_Wat,513.1895585
8,Sample_S19S_0077_Wat,515.0679477
34,Sample_S19S_0077_Wat,515.083157
27,Sample_S19S_0077_Wat,515.1042917
37,Sample_S19S_0077_Wat,515.1194964
22,Sample_S19S_0077_Wat,515.1405768
11,Sample_S19S_0077_Wat,515.155816
14,Sample_S19S_0077_Wat,515.1688778
8,Sample_S19S_0077_Wat,515.1768835
5,Sample_S19S_0077_Wat,515.1921599
27,Sample_S19S_0077_Wat,517.0624113
7,Sample_S19S_0077_Wat,517.0835974
11,Sample_S19S_0077_Wat,517.098859
7,Sample_S19S_0077_Wat,517.1199999
7,Sample_S19S_0077_Wat,517.1563614
8,Sample_S19S_0077_Wat,517.171616
39,Sample_S19S_0077_Wat,517.2079237
7,Sample_S19S_0077_Wat,519.041577
12,Sample_S19S_0077_Wat,519.0779454
12,Sample_S19S_0077_Wat,519.1143103
26,Sample_S19S_0077_Wat,519.1507584
5,Sample_S19S_0077_Wat,519.1639413
46,Sample_S19S_0077_Wat,519.1872205
21,Sample_S19S_0077_Wat,521.0573462
29,Sample_S19S_0077_Wat,521.0937324
45,Sample_S19S_0077_Wat,521.1301011
26,Sample_S19S_0077_Wat,521.1663968
12,Sample_S19S_0077_Wat,521.1794927
7,Sample_S19S_0077_Wat,521.2027235
16,Sample_S19S_0077_Wat,523.0365285
6,Sample_S19S_0077_Wat,523.0517619
11,Sample_S19S_0077_Wat,523.0728235
3,Sample_S19S_0077_Wat,523.1091901
12,Sample_S19S_0077_Wat,523.1456062
13,Sample_S19S_0077_Wat,523.1739853
20,Sample_S19S_0077_Wat,523.1820717
10,Sample_S19S_0077_Wat,525.0521307
24,Sample_S19S_0077_Wat,525.0885729
21,Sample_S19S_0077_Wat,525.1038625
30,Sample_S19S_0077_Wat,525.1250197
36,Sample_S19S_0077_Wat,525.1614051
8,Sample_S19S_0077_Wat,525.2340332
7,Sample_S19S_0077_Wat,526.1929575
12,Sample_S19S_0077_Wat,527.0679337
10,Sample_S19S_0077_Wat,527.0832056
9,Sample_S19S_0077_Wat,527.1043114
15,Sample_S19S_0077_Wat,527.119585
36,Sample_S19S_0077_Wat,527.1406475
18,Sample_S19S_0077_Wat,527.1689685
26,Sample_S19S_0077_Wat,527.1769645
15,Sample_S19S_0077_Wat,527.2052882
3,Sample_S19S_0077_Wat,529.0260908
6,Sample_S19S_0077_Wat,529.047257
13,Sample_S19S_0077_Wat,529.0624704
8,Sample_S19S_0077_Wat,529.0836238
16,Sample_S19S_0077_Wat,529.0988481
18,Sample_S19S_0077_Wat,529.119899
34,Sample_S19S_0077_Wat,529.1351825
5,Sample_S19S_0077_Wat,529.1482589
19,Sample_S19S_0077_Wat,529.1562352
13,Sample_S19S_0077_Wat,529.1714748
17,Sample_S19S_0077_Wat,529.184567
8,Sample_S19S_0077_Wat,529.1925822
3,Sample_S19S_0077_Wat,531.0781475
15,Sample_S19S_0077_Wat,531.1144803
15,Sample_S19S_0077_Wat,531.1638843
6,Sample_S19S_0077_Wat,533.0574115
13,Sample_S19S_0077_Wat,533.0937827
23,Sample_S19S_0077_Wat,533.1301236
54,Sample_S19S_0077_Wat,533.166456
14,Sample_S19S_0077_Wat,533.1795306
9,Sample_S19S_0077_Wat,533.2027587
18,Sample_S19S_0077_Wat,535.0730261
14,Sample_S19S_0077_Wat,535.1094222
16,Sample_S19S_0077_Wat,535.1821751
29,Sample_S19S_0077_Wat,536.1045749
7,Sample_S19S_0077_Wat,537.0520931
17,Sample_S19S_0077_Wat,537.0884904
32,Sample_S19S_0077_Wat,537.1249315
39,Sample_S19S_0077_Wat,537.161382
17,Sample_S19S_0077_Wat,537.1978101
10,Sample_S19S_0077_Wat,539.0315044
16,Sample_S19S_0077_Wat,539.0679143
22,Sample_S19S_0077_Wat,539.1042196
8,Sample_S19S_0077_Wat,539.1325679
24,Sample_S19S_0077_Wat,539.1405618
5,Sample_S19S_0077_Wat,539.1768779
8,Sample_S19S_0077_Wat,541.0470414
15,Sample_S19S_0077_Wat,541.0623672
22,Sample_S19S_0077_Wat,541.0834882
25,Sample_S19S_0077_Wat,541.1199147
4,Sample_S19S_0077_Wat,541.1352769
15,Sample_S19S_0077_Wat,541.1563515
3,Sample_S19S_0077_Wat,541.1927684
18,Sample_S19S_0077_Wat,541.2290565
4,Sample_S19S_0077_Wat,542.1514443
4,Sample_S19S_0077_Wat,543.0418148
7,Sample_S19S_0077_Wat,543.0629181
12,Sample_S19S_0077_Wat,543.0781158
20,Sample_S19S_0077_Wat,543.09918
28,Sample_S19S_0077_Wat,543.1144211
24,Sample_S19S_0077_Wat,543.1507543
16,Sample_S19S_0077_Wat,543.1638009
10,Sample_S19S_0077_Wat,543.1718262
6,Sample_S19S_0077_Wat,543.2001267
11,Sample_S19S_0077_Wat,545.0571838
6,Sample_S19S_0077_Wat,545.0783592
7,Sample_S19S_0077_Wat,545.0935509
13,Sample_S19S_0077_Wat,545.1299664
3,Sample_S19S_0077_Wat,545.1432084
21,Sample_S19S_0077_Wat,545.1511507
29,Sample_S19S_0077_Wat,545.1664409
29,Sample_S19S_0077_Wat,545.2028931
16,Sample_S19S_0077_Wat,547.0729547
17,Sample_S19S_0077_Wat,547.109415
14,Sample_S19S_0077_Wat,547.145805
2,Sample_S19S_0077_Wat,547.1822164
11,Sample_S19S_0077_Wat,549.0523077
7,Sample_S19S_0077_Wat,549.0887119
10,Sample_S19S_0077_Wat,549.1250923
35,Sample_S19S_0077_Wat,549.1977663
13,Sample_S19S_0077_Wat,551.0679996
14,Sample_S19S_0077_Wat,551.10435
25,Sample_S19S_0077_Wat,551.140683
20,Sample_S19S_0077_Wat,551.1769906
9,Sample_S19S_0077_Wat,553.0836572
5,Sample_S19S_0077_Wat,553.0988926
14,Sample_S19S_0077_Wat,553.1199748
44,Sample_S19S_0077_Wat,553.1562956
18,Sample_S19S_0077_Wat,554.1878947
10,Sample_S19S_0077_Wat,555.0629131
4,Sample_S19S_0077_Wat,555.0993123
13,Sample_S19S_0077_Wat,555.1720029
15,Sample_S19S_0077_Wat,555.2082923
3,Sample_S19S_0077_Wat,555.2365023
7,Sample_S19S_0077_Wat,557.0572783
7,Sample_S19S_0077_Wat,557.0785258
15,Sample_S19S_0077_Wat,557.1149049
2,Sample_S19S_0077_Wat,557.1513467
1,Sample_S19S_0077_Wat,557.1666319
2,Sample_S19S_0077_Wat,557.1877224
17,Sample_S19S_0077_Wat,561.0885432
2,Sample_S19S_0077_Wat,561.1611805
1,Sample_S19S_0077_Wat,561.1975534
10,Sample_S19S_0077_Wat,563.1043787
5,Sample_S19S_0077_Wat,563.140767
3,Sample_S19S_0077_Wat,563.1771352
21,Sample_S19S_0077_Wat,563.2134586
6,Sample_S19S_0077_Wat,565.0470587
9,Sample_S19S_0077_Wat,565.0833841
2,Sample_S19S_0077_Wat,565.1561141
13,Sample_S19S_0077_Wat,567.0992538
7,Sample_S19S_0077_Wat,567.1356587
8,Sample_S19S_0077_Wat,567.2083955
13,Sample_S19S_0077_Wat,569.0784551
9,Sample_S19S_0077_Wat,569.0937538
15,Sample_S19S_0077_Wat,569.1147778
8,Sample_S19S_0077_Wat,569.1510794
20,Sample_S19S_0077_Wat,571.1303995
28,Sample_S19S_0077_Wat,571.1457131
2,Sample_S19S_0077_Wat,571.1952621
14,Sample_S19S_0077_Wat,571.2032768
13,Sample_S19S_0077_Wat,573.1250609
4,Sample_S19S_0077_Wat,575.0680122
5,Sample_S19S_0077_Wat,575.1407714
21,Sample_S19S_0077_Wat,575.1770756
26,Sample_S19S_0077_Wat,575.213398
22,Sample_S19S_0077_Wat,577.1926143
5,Sample_S19S_0077_Wat,579.0629358
10,Sample_S19S_0077_Wat,579.0992643
26,Sample_S19S_0077_Wat,579.1355972
30,Sample_S19S_0077_Wat,579.1719274
14,Sample_S19S_0077_Wat,579.2082488
2,Sample_S19S_0077_Wat,581.0421606
6,Sample_S19S_0077_Wat,581.0785526
16,Sample_S19S_0077_Wat,581.1148894
33,Sample_S19S_0077_Wat,581.1512226
21,Sample_S19S_0077_Wat,581.1875335
12,Sample_S19S_0077_Wat,581.2238624
1,Sample_S19S_0077_Wat,583.094266
1,Sample_S19S_0077_Wat,583.1095053
3,Sample_S19S_0077_Wat,583.1952442
18,Sample_S19S_0077_Wat,583.2032587
10,Sample_S19S_0077_Wat,583.2395225
6,Sample_S19S_0077_Wat,585.052268
3,Sample_S19S_0077_Wat,585.2190128
2,Sample_S19S_0077_Wat,587.06769
5,Sample_S19S_0077_Wat,587.088865
13,Sample_S19S_0077_Wat,587.1405809
4,Sample_S19S_0077_Wat,589.119725
8,Sample_S19S_0077_Wat,591.0629191
3,Sample_S19S_0077_Wat,591.0993225
3,Sample_S19S_0077_Wat,591.135742
14,Sample_S19S_0077_Wat,591.2083514
3,Sample_S19S_0077_Wat,593.078251
5,Sample_S19S_0077_Wat,593.1511079
13,Sample_S19S_0077_Wat,593.2240288
2,Sample_S19S_0077_Wat,597.0731946
5,Sample_S19S_0077_Wat,597.1095532
22,Sample_S19S_0077_Wat,597.1824999
22,Sample_S19S_0077_Wat,597.2188862
12,Sample_S19S_0077_Wat,599.1405633
14,Sample_S19S_0077_Wat,599.1618335
12,Sample_S19S_0077_Wat,603.135473
20,Sample_S19S_0077_Wat,603.1719444
9,Sample_S19S_0077_Wat,605.0785609
2,Sample_S19S_0077_Wat,605.1513953
2,Sample_S19S_0077_Wat,605.2240726
22,Sample_S19S_0077_Wat,607.1304892
24,Sample_S19S_0077_Wat,607.1667845
2,Sample_S19S_0077_Wat,607.2030678
7,Sample_S19S_0077_Wat,609.0733165
4,Sample_S19S_0077_Wat,609.1459321
1,Sample_S19S_0077_Wat,611.125099
1,Sample_S19S_0077_Wat,611.1978745
8,Sample_S19S_0077_Wat,619.0940393
1,Sample_S19S_0077_Wat,619.2029535
5,Sample_S19S_0077_Wat,621.073506
11,Sample_S19S_0077_Wat,621.1461897
21,Sample_S19S_0077_Wat,621.1825214
6,Sample_S19S_0077_Wat,623.0891397
1,Sample_S19S_0077_Wat,623.1983716
1,Sample_S19S_0077_Wat,627.1200117
10,Sample_S19S_0077_Wat,633.0732797
1,Sample_S19S_0077_Wat,633.1822488
4,Sample_S19S_0077_Wat,635.1982777
1,Sample_S19S_0077_Wat,639.1564278
7,Sample_S19S_0077_Wat,649.1046018
3,Sample_S19S_0077_Wat,659.0890965
4,Sample_S19S_0077_Wat,661.1046389
10,Sample_S19S_0077_Wat,661.2138611
5,Sample_S19S_0077_Wat,663.0840336
5,Sample_S19S_0077_Wat,663.1931909
12,Sample_S19S_0077_Wat,663.2295158
1,Sample_S19S_0077_Wat,665.2089152
