num.trans.involved.in,sample,peak
5,Sample_S19S_0084_Wat,205.1597578
26,Sample_S19S_0084_Wat,211.0247874
26,Sample_S19S_0084_Wat,211.0611736
13,Sample_S19S_0084_Wat,215.0560786
17,Sample_S19S_0084_Wat,215.0924726
5,Sample_S19S_0084_Wat,215.1288446
10,Sample_S19S_0084_Wat,221.0818912
8,Sample_S19S_0084_Wat,223.0611523
46,Sample_S19S_0084_Wat,225.0404494
15,Sample_S19S_0084_Wat,227.056079
24,Sample_S19S_0084_Wat,227.092466
18,Sample_S19S_0084_Wat,231.0873835
7,Sample_S19S_0084_Wat,233.1546845
26,Sample_S19S_0084_Wat,235.0247912
30,Sample_S19S_0084_Wat,237.0404421
38,Sample_S19S_0084_Wat,237.0768351
1,Sample_S19S_0084_Wat,238.9629644
50,Sample_S19S_0084_Wat,239.0197221
64,Sample_S19S_0084_Wat,239.0561117
3,Sample_S19S_0084_Wat,239.0673352
59,Sample_S19S_0084_Wat,239.092497
29,Sample_S19S_0084_Wat,239.1288753
28,Sample_S19S_0084_Wat,241.0717422
4,Sample_S19S_0084_Wat,242.139775
1,Sample_S19S_0084_Wat,242.1761465
58,Sample_S19S_0084_Wat,243.0510224
2,Sample_S19S_0084_Wat,245.0489119
42,Sample_S19S_0084_Wat,245.1030642
63,Sample_S19S_0084_Wat,249.0768527
42,Sample_S19S_0084_Wat,251.0560986
82,Sample_S19S_0084_Wat,251.0925063
72,Sample_S19S_0084_Wat,253.0353983
85,Sample_S19S_0084_Wat,253.0717756
28,Sample_S19S_0084_Wat,253.1081345
70,Sample_S19S_0084_Wat,255.0510433
79,Sample_S19S_0084_Wat,255.0874163
54,Sample_S19S_0084_Wat,257.030304
70,Sample_S19S_0084_Wat,257.0666765
43,Sample_S19S_0084_Wat,257.1030521
41,Sample_S19S_0084_Wat,259.1187072
36,Sample_S19S_0084_Wat,263.019721
68,Sample_S19S_0084_Wat,263.0561329
32,Sample_S19S_0084_Wat,263.0924815
65,Sample_S19S_0084_Wat,265.0353938
69,Sample_S19S_0084_Wat,265.0717855
69,Sample_S19S_0084_Wat,265.1081545
1,Sample_S19S_0084_Wat,265.1479151
1,Sample_S19S_0084_Wat,266.9942715
51,Sample_S19S_0084_Wat,267.0146829
81,Sample_S19S_0084_Wat,267.0510336
83,Sample_S19S_0084_Wat,267.0874299
59,Sample_S19S_0084_Wat,267.123805
66,Sample_S19S_0084_Wat,269.0303205
85,Sample_S19S_0084_Wat,269.0666802
73,Sample_S19S_0084_Wat,269.1030627
35,Sample_S19S_0084_Wat,269.1394657
58,Sample_S19S_0084_Wat,271.0459737
73,Sample_S19S_0084_Wat,271.0823212
59,Sample_S19S_0084_Wat,271.118718
59,Sample_S19S_0084_Wat,273.061591
59,Sample_S19S_0084_Wat,273.0979879
21,Sample_S19S_0084_Wat,273.1343844
52,Sample_S19S_0084_Wat,275.0561155
61,Sample_S19S_0084_Wat,275.0925149
75,Sample_S19S_0084_Wat,277.0354157
76,Sample_S19S_0084_Wat,277.0717892
66,Sample_S19S_0084_Wat,277.1081544
37,Sample_S19S_0084_Wat,277.1445377
34,Sample_S19S_0084_Wat,279.0146331
76,Sample_S19S_0084_Wat,279.0510516
55,Sample_S19S_0084_Wat,279.0874539
45,Sample_S19S_0084_Wat,279.1238221
68,Sample_S19S_0084_Wat,281.0303339
86,Sample_S19S_0084_Wat,281.0666829
45,Sample_S19S_0084_Wat,281.1030502
53,Sample_S19S_0084_Wat,281.1394597
57,Sample_S19S_0084_Wat,283.0095898
79,Sample_S19S_0084_Wat,283.0459554
56,Sample_S19S_0084_Wat,283.0823169
78,Sample_S19S_0084_Wat,283.118715
59,Sample_S19S_0084_Wat,285.025228
32,Sample_S19S_0084_Wat,285.0404866
64,Sample_S19S_0084_Wat,285.0616357
30,Sample_S19S_0084_Wat,285.0980306
36,Sample_S19S_0084_Wat,285.1343948
47,Sample_S19S_0084_Wat,287.0408776
66,Sample_S19S_0084_Wat,287.0772537
64,Sample_S19S_0084_Wat,287.1136282
32,Sample_S19S_0084_Wat,287.150015
57,Sample_S19S_0084_Wat,289.0354029
66,Sample_S19S_0084_Wat,289.0717704
71,Sample_S19S_0084_Wat,291.0510416
63,Sample_S19S_0084_Wat,291.0874132
48,Sample_S19S_0084_Wat,291.1237966
69,Sample_S19S_0084_Wat,293.0303357
83,Sample_S19S_0084_Wat,293.0667099
91,Sample_S19S_0084_Wat,293.1030793
53,Sample_S19S_0084_Wat,293.1394564
5,Sample_S19S_0084_Wat,293.1757942
37,Sample_S19S_0084_Wat,295.0095496
69,Sample_S19S_0084_Wat,295.0459444
98,Sample_S19S_0084_Wat,295.0823376
87,Sample_S19S_0084_Wat,295.1187213
70,Sample_S19S_0084_Wat,297.025237
81,Sample_S19S_0084_Wat,297.0616262
52,Sample_S19S_0084_Wat,297.0980154
29,Sample_S19S_0084_Wat,297.1344063
1,Sample_S19S_0084_Wat,297.1529844
62,Sample_S19S_0084_Wat,299.0408894
82,Sample_S19S_0084_Wat,299.0772616
67,Sample_S19S_0084_Wat,299.1136455
48,Sample_S19S_0084_Wat,299.1500243
14,Sample_S19S_0084_Wat,300.9989926
35,Sample_S19S_0084_Wat,301.0353903
58,Sample_S19S_0084_Wat,301.0565488
42,Sample_S19S_0084_Wat,301.071792
45,Sample_S19S_0084_Wat,301.092932
29,Sample_S19S_0084_Wat,301.1081829
31,Sample_S19S_0084_Wat,301.129318
16,Sample_S19S_0084_Wat,302.0670162
40,Sample_S19S_0084_Wat,303.0146906
53,Sample_S19S_0084_Wat,303.0510433
61,Sample_S19S_0084_Wat,303.0874395
46,Sample_S19S_0084_Wat,303.1238249
64,Sample_S19S_0084_Wat,305.0303157
75,Sample_S19S_0084_Wat,305.0666877
71,Sample_S19S_0084_Wat,305.1030852
46,Sample_S19S_0084_Wat,305.1394662
36,Sample_S19S_0084_Wat,307.0095853
83,Sample_S19S_0084_Wat,307.0459779
63,Sample_S19S_0084_Wat,307.0823737
46,Sample_S19S_0084_Wat,307.1187572
23,Sample_S19S_0084_Wat,307.1551342
34,Sample_S19S_0084_Wat,308.0775973
75,Sample_S19S_0084_Wat,309.0252469
99,Sample_S19S_0084_Wat,309.0616036
86,Sample_S19S_0084_Wat,309.0979773
67,Sample_S19S_0084_Wat,309.1343649
29,Sample_S19S_0084_Wat,309.1707647
2,Sample_S19S_0084_Wat,309.1741269
29,Sample_S19S_0084_Wat,310.0932206
79,Sample_S19S_0084_Wat,311.0408991
87,Sample_S19S_0084_Wat,311.0772659
101,Sample_S19S_0084_Wat,311.1136352
50,Sample_S19S_0084_Wat,311.1500195
46,Sample_S19S_0084_Wat,313.0201379
69,Sample_S19S_0084_Wat,313.0565398
70,Sample_S19S_0084_Wat,313.0929245
53,Sample_S19S_0084_Wat,313.1293014
55,Sample_S19S_0084_Wat,315.035781
57,Sample_S19S_0084_Wat,315.0721791
22,Sample_S19S_0084_Wat,315.0873994
49,Sample_S19S_0084_Wat,315.1085755
49,Sample_S19S_0084_Wat,317.0303382
52,Sample_S19S_0084_Wat,317.0514233
57,Sample_S19S_0084_Wat,317.0666936
63,Sample_S19S_0084_Wat,317.0878157
40,Sample_S19S_0084_Wat,317.1030588
46,Sample_S19S_0084_Wat,317.1394552
26,Sample_S19S_0084_Wat,319.0460069
73,Sample_S19S_0084_Wat,319.0823624
69,Sample_S19S_0084_Wat,319.1187158
42,Sample_S19S_0084_Wat,319.1551015
26,Sample_S19S_0084_Wat,320.0776287
58,Sample_S19S_0084_Wat,321.0252313
66,Sample_S19S_0084_Wat,321.0616406
43,Sample_S19S_0084_Wat,321.0980285
53,Sample_S19S_0084_Wat,321.1343949
28,Sample_S19S_0084_Wat,321.1707672
65,Sample_S19S_0084_Wat,323.0408542
94,Sample_S19S_0084_Wat,323.0772527
11,Sample_S19S_0084_Wat,323.0884973
55,Sample_S19S_0084_Wat,323.1136726
40,Sample_S19S_0084_Wat,323.1500462
38,Sample_S19S_0084_Wat,324.0725027
20,Sample_S19S_0084_Wat,325.0201894
81,Sample_S19S_0084_Wat,325.0565425
94,Sample_S19S_0084_Wat,325.0928926
64,Sample_S19S_0084_Wat,325.1292996
23,Sample_S19S_0084_Wat,325.1657004
1,Sample_S19S_0084_Wat,325.1842438
41,Sample_S19S_0084_Wat,326.0881656
58,Sample_S19S_0084_Wat,327.035782
66,Sample_S19S_0084_Wat,327.0722018
63,Sample_S19S_0084_Wat,327.1085831
50,Sample_S19S_0084_Wat,327.1449492
39,Sample_S19S_0084_Wat,329.0514722
25,Sample_S19S_0084_Wat,329.0667319
81,Sample_S19S_0084_Wat,329.0878075
46,Sample_S19S_0084_Wat,329.1030905
45,Sample_S19S_0084_Wat,329.1242163
10,Sample_S19S_0084_Wat,329.1394079
1,Sample_S19S_0084_Wat,329.152419
34,Sample_S19S_0084_Wat,331.0459941
52,Sample_S19S_0084_Wat,331.0670688
57,Sample_S19S_0084_Wat,331.0823608
40,Sample_S19S_0084_Wat,331.1034998
58,Sample_S19S_0084_Wat,331.1187275
14,Sample_S19S_0084_Wat,331.155166
26,Sample_S19S_0084_Wat,333.0252702
40,Sample_S19S_0084_Wat,333.0616512
70,Sample_S19S_0084_Wat,333.0980074
32,Sample_S19S_0084_Wat,333.1344131
22,Sample_S19S_0084_Wat,333.1707943
46,Sample_S19S_0084_Wat,335.0409093
79,Sample_S19S_0084_Wat,335.0772597
44,Sample_S19S_0084_Wat,335.1136067
45,Sample_S19S_0084_Wat,335.150042
25,Sample_S19S_0084_Wat,336.0725571
36,Sample_S19S_0084_Wat,336.1089144
53,Sample_S19S_0084_Wat,337.0201415
51,Sample_S19S_0084_Wat,337.0564852
5,Sample_S19S_0084_Wat,337.0677837
103,Sample_S19S_0084_Wat,337.0929176
7,Sample_S19S_0084_Wat,337.1041904
84,Sample_S19S_0084_Wat,337.1292866
41,Sample_S19S_0084_Wat,337.1656867
14,Sample_S19S_0084_Wat,338.0518396
43,Sample_S19S_0084_Wat,338.0881798
24,Sample_S19S_0084_Wat,338.1245766
62,Sample_S19S_0084_Wat,339.0357996
102,Sample_S19S_0084_Wat,339.0721726
5,Sample_S19S_0084_Wat,339.0834699
100,Sample_S19S_0084_Wat,339.1085453
28,Sample_S19S_0084_Wat,339.1449816
18,Sample_S19S_0084_Wat,340.0674792
35,Sample_S19S_0084_Wat,340.1038147
16,Sample_S19S_0084_Wat,341.0302897
65,Sample_S19S_0084_Wat,341.0514621
100,Sample_S19S_0084_Wat,341.0878109
32,Sample_S19S_0084_Wat,341.12425
34,Sample_S19S_0084_Wat,341.1606173
37,Sample_S19S_0084_Wat,342.0830768
51,Sample_S19S_0084_Wat,343.0307124
51,Sample_S19S_0084_Wat,343.067113
20,Sample_S19S_0084_Wat,343.0823925
10,Sample_S19S_0084_Wat,343.0857039
81,Sample_S19S_0084_Wat,343.1034685
35,Sample_S19S_0084_Wat,343.1187422
12,Sample_S19S_0084_Wat,343.1399075
25,Sample_S19S_0084_Wat,343.1551386
18,Sample_S19S_0084_Wat,344.0987606
42,Sample_S19S_0084_Wat,345.0252491
44,Sample_S19S_0084_Wat,345.0463327
63,Sample_S19S_0084_Wat,345.0616254
50,Sample_S19S_0084_Wat,345.0827674
58,Sample_S19S_0084_Wat,345.0980089
37,Sample_S19S_0084_Wat,345.1191373
23,Sample_S19S_0084_Wat,345.1344288
24,Sample_S19S_0084_Wat,346.0569005
6,Sample_S19S_0084_Wat,346.1507606
1,Sample_S19S_0084_Wat,346.2154294
54,Sample_S19S_0084_Wat,347.0408756
34,Sample_S19S_0084_Wat,347.0620279
73,Sample_S19S_0084_Wat,347.0772564
23,Sample_S19S_0084_Wat,347.0903002
41,Sample_S19S_0084_Wat,347.1136821
57,Sample_S19S_0084_Wat,347.1500262
11,Sample_S19S_0084_Wat,347.1864695
24,Sample_S19S_0084_Wat,348.0725611
44,Sample_S19S_0084_Wat,348.1089104
1,Sample_S19S_0084_Wat,348.231087
50,Sample_S19S_0084_Wat,349.0201636
76,Sample_S19S_0084_Wat,349.0929209
17,Sample_S19S_0084_Wat,349.1059291
77,Sample_S19S_0084_Wat,349.129303
49,Sample_S19S_0084_Wat,349.1656793
17,Sample_S19S_0084_Wat,350.0518357
51,Sample_S19S_0084_Wat,350.0881844
15,Sample_S19S_0084_Wat,350.1245924
60,Sample_S19S_0084_Wat,351.0357871
70,Sample_S19S_0084_Wat,351.0721501
34,Sample_S19S_0084_Wat,351.1085115
18,Sample_S19S_0084_Wat,351.121581
38,Sample_S19S_0084_Wat,351.1449775
26,Sample_S19S_0084_Wat,351.1813076
1,Sample_S19S_0084_Wat,351.2307319
23,Sample_S19S_0084_Wat,352.0674721
39,Sample_S19S_0084_Wat,352.1038206
53,Sample_S19S_0084_Wat,353.0150696
49,Sample_S19S_0084_Wat,353.0514753
102,Sample_S19S_0084_Wat,353.0878166
8,Sample_S19S_0084_Wat,353.0990962
66,Sample_S19S_0084_Wat,353.124233
36,Sample_S19S_0084_Wat,353.1605629
1,Sample_S19S_0084_Wat,353.2003494
42,Sample_S19S_0084_Wat,354.0830704
35,Sample_S19S_0084_Wat,354.1194893
50,Sample_S19S_0084_Wat,355.0306981
70,Sample_S19S_0084_Wat,355.0671162
2,Sample_S19S_0084_Wat,355.0784081
5,Sample_S19S_0084_Wat,355.0824171
88,Sample_S19S_0084_Wat,355.1034699
14,Sample_S19S_0084_Wat,355.1147135
19,Sample_S19S_0084_Wat,355.1399086
32,Sample_S19S_0084_Wat,355.1762476
43,Sample_S19S_0084_Wat,356.0623586
17,Sample_S19S_0084_Wat,356.0987693
13,Sample_S19S_0084_Wat,356.1715182
51,Sample_S19S_0084_Wat,357.046323
81,Sample_S19S_0084_Wat,357.0827228
36,Sample_S19S_0084_Wat,357.0979761
22,Sample_S19S_0084_Wat,357.1110353
80,Sample_S19S_0084_Wat,357.1191097
29,Sample_S19S_0084_Wat,357.134414
50,Sample_S19S_0084_Wat,357.1554992
33,Sample_S19S_0084_Wat,358.077999
16,Sample_S19S_0084_Wat,359.0409252
50,Sample_S19S_0084_Wat,359.0619959
53,Sample_S19S_0084_Wat,359.077285
12,Sample_S19S_0084_Wat,359.0806207
28,Sample_S19S_0084_Wat,359.0984239
39,Sample_S19S_0084_Wat,359.1347452
52,Sample_S19S_0084_Wat,359.1500213
37,Sample_S19S_0084_Wat,361.0201475
41,Sample_S19S_0084_Wat,361.056505
19,Sample_S19S_0084_Wat,361.069538
34,Sample_S19S_0084_Wat,361.077621
70,Sample_S19S_0084_Wat,361.0929312
35,Sample_S19S_0084_Wat,361.1140532
81,Sample_S19S_0084_Wat,361.1292859
28,Sample_S19S_0084_Wat,361.1423317
34,Sample_S19S_0084_Wat,361.1657046
42,Sample_S19S_0084_Wat,362.0881611
55,Sample_S19S_0084_Wat,363.0357881
46,Sample_S19S_0084_Wat,363.0722122
70,Sample_S19S_0084_Wat,363.108539
20,Sample_S19S_0084_Wat,363.1215932
34,Sample_S19S_0084_Wat,363.1449786
19,Sample_S19S_0084_Wat,363.1812892
32,Sample_S19S_0084_Wat,364.0674047
46,Sample_S19S_0084_Wat,364.1038292
1,Sample_S19S_0084_Wat,364.2259804
24,Sample_S19S_0084_Wat,365.0513776
91,Sample_S19S_0084_Wat,365.0878382
5,Sample_S19S_0084_Wat,365.0991282
27,Sample_S19S_0084_Wat,365.1008669
34,Sample_S19S_0084_Wat,365.1241727
17,Sample_S19S_0084_Wat,365.137244
19,Sample_S19S_0084_Wat,365.1606438
24,Sample_S19S_0084_Wat,365.1969623
54,Sample_S19S_0084_Wat,366.0830912
42,Sample_S19S_0084_Wat,366.1194629
50,Sample_S19S_0084_Wat,367.0306865
89,Sample_S19S_0084_Wat,367.0671094
3,Sample_S19S_0084_Wat,367.0784012
105,Sample_S19S_0084_Wat,367.1034613
10,Sample_S19S_0084_Wat,367.1147643
12,Sample_S19S_0084_Wat,367.1399195
36,Sample_S19S_0084_Wat,367.1762158
22,Sample_S19S_0084_Wat,368.0623951
50,Sample_S19S_0084_Wat,368.0987097
34,Sample_S19S_0084_Wat,368.1351331
44,Sample_S19S_0084_Wat,369.0463181
79,Sample_S19S_0084_Wat,369.0827443
33,Sample_S19S_0084_Wat,369.0980102
21,Sample_S19S_0084_Wat,369.111039
21,Sample_S19S_0084_Wat,369.1190631
45,Sample_S19S_0084_Wat,369.1555194
10,Sample_S19S_0084_Wat,369.1837969
37,Sample_S19S_0084_Wat,370.0779692
20,Sample_S19S_0084_Wat,371.0255725
68,Sample_S19S_0084_Wat,371.0620102
22,Sample_S19S_0084_Wat,371.0902981
38,Sample_S19S_0084_Wat,371.0983408
41,Sample_S19S_0084_Wat,371.1136558
49,Sample_S19S_0084_Wat,371.1347918
38,Sample_S19S_0084_Wat,371.1500297
34,Sample_S19S_0084_Wat,371.171134
41,Sample_S19S_0084_Wat,373.0412407
54,Sample_S19S_0084_Wat,373.0565482
33,Sample_S19S_0084_Wat,373.0776886
38,Sample_S19S_0084_Wat,373.09294
28,Sample_S19S_0084_Wat,373.1059583
53,Sample_S19S_0084_Wat,373.1140108
13,Sample_S19S_0084_Wat,373.1504711
15,Sample_S19S_0084_Wat,373.1657318
6,Sample_S19S_0084_Wat,374.0729636
11,Sample_S19S_0084_Wat,374.1245961
21,Sample_S19S_0084_Wat,375.0358416
19,Sample_S19S_0084_Wat,375.0569615
65,Sample_S19S_0084_Wat,375.0721973
8,Sample_S19S_0084_Wat,375.0755416
26,Sample_S19S_0084_Wat,375.0852221
39,Sample_S19S_0084_Wat,375.0932745
68,Sample_S19S_0084_Wat,375.1449442
23,Sample_S19S_0084_Wat,375.1579842
22,Sample_S19S_0084_Wat,375.1812892
32,Sample_S19S_0084_Wat,376.0674564
23,Sample_S19S_0084_Wat,377.0150486
67,Sample_S19S_0084_Wat,377.0514538
52,Sample_S19S_0084_Wat,377.0877952
16,Sample_S19S_0084_Wat,377.100823
86,Sample_S19S_0084_Wat,377.1241915
24,Sample_S19S_0084_Wat,377.1372608
47,Sample_S19S_0084_Wat,377.1606102
14,Sample_S19S_0084_Wat,377.1735945
35,Sample_S19S_0084_Wat,378.0831073
43,Sample_S19S_0084_Wat,378.1194361
55,Sample_S19S_0084_Wat,379.0307221
26,Sample_S19S_0084_Wat,379.0670295
97,Sample_S19S_0084_Wat,379.1034645
26,Sample_S19S_0084_Wat,379.1165229
79,Sample_S19S_0084_Wat,379.1398402
18,Sample_S19S_0084_Wat,379.1528588
45,Sample_S19S_0084_Wat,379.1762343
40,Sample_S19S_0084_Wat,380.0987084
51,Sample_S19S_0084_Wat,380.1350974
16,Sample_S19S_0084_Wat,381.0099072
60,Sample_S19S_0084_Wat,381.0463502
9,Sample_S19S_0084_Wat,381.0576349
32,Sample_S19S_0084_Wat,381.0826619
15,Sample_S19S_0084_Wat,381.0939738
93,Sample_S19S_0084_Wat,381.1191186
72,Sample_S19S_0084_Wat,381.1555031
26,Sample_S19S_0084_Wat,381.1918695
40,Sample_S19S_0084_Wat,382.0779661
45,Sample_S19S_0084_Wat,382.1143936
26,Sample_S19S_0084_Wat,383.0255766
36,Sample_S19S_0084_Wat,383.0619616
95,Sample_S19S_0084_Wat,383.0983806
10,Sample_S19S_0084_Wat,383.1095949
26,Sample_S19S_0084_Wat,383.1266887
30,Sample_S19S_0084_Wat,383.1347075
24,Sample_S19S_0084_Wat,383.1711132
24,Sample_S19S_0084_Wat,384.0572385
45,Sample_S19S_0084_Wat,384.0936599
25,Sample_S19S_0084_Wat,385.0412026
26,Sample_S19S_0084_Wat,385.0564963
78,Sample_S19S_0084_Wat,385.0776412
50,Sample_S19S_0084_Wat,385.0929264
30,Sample_S19S_0084_Wat,385.1139909
24,Sample_S19S_0084_Wat,385.1292595
23,Sample_S19S_0084_Wat,385.1423072
28,Sample_S19S_0084_Wat,385.1503825
33,Sample_S19S_0084_Wat,385.1656784
26,Sample_S19S_0084_Wat,386.0728862
38,Sample_S19S_0084_Wat,386.0881802
37,Sample_S19S_0084_Wat,386.1093009
44,Sample_S19S_0084_Wat,387.0358113
25,Sample_S19S_0084_Wat,387.0568488
15,Sample_S19S_0084_Wat,387.0721252
20,Sample_S19S_0084_Wat,387.0851909
29,Sample_S19S_0084_Wat,387.0932457
68,Sample_S19S_0084_Wat,387.1085636
70,Sample_S19S_0084_Wat,387.1296791
17,Sample_S19S_0084_Wat,387.1579654
12,Sample_S19S_0084_Wat,387.1659841
10,Sample_S19S_0084_Wat,387.19436
42,Sample_S19S_0084_Wat,388.0674506
29,Sample_S19S_0084_Wat,388.1249219
40,Sample_S19S_0084_Wat,389.051417
14,Sample_S19S_0084_Wat,389.0644457
22,Sample_S19S_0084_Wat,389.0724972
65,Sample_S19S_0084_Wat,389.0878118
25,Sample_S19S_0084_Wat,389.1008827
31,Sample_S19S_0084_Wat,389.108981
78,Sample_S19S_0084_Wat,389.1242045
18,Sample_S19S_0084_Wat,389.1372295
21,Sample_S19S_0084_Wat,389.1605387
32,Sample_S19S_0084_Wat,389.1969883
17,Sample_S19S_0084_Wat,390.0466839
59,Sample_S19S_0084_Wat,390.083092
23,Sample_S19S_0084_Wat,391.0307447
41,Sample_S19S_0084_Wat,391.0670531
41,Sample_S19S_0084_Wat,391.1034381
51,Sample_S19S_0084_Wat,391.1398852
11,Sample_S19S_0084_Wat,391.1528412
29,Sample_S19S_0084_Wat,391.1762035
30,Sample_S19S_0084_Wat,392.06231
1,Sample_S19S_0084_Wat,392.0834684
58,Sample_S19S_0084_Wat,392.098752
11,Sample_S19S_0084_Wat,392.1198706
46,Sample_S19S_0084_Wat,392.1351125
39,Sample_S19S_0084_Wat,393.0463154
12,Sample_S19S_0084_Wat,393.0593644
79,Sample_S19S_0084_Wat,393.0827628
82,Sample_S19S_0084_Wat,393.1191285
19,Sample_S19S_0084_Wat,393.1321265
36,Sample_S19S_0084_Wat,393.1554711
20,Sample_S19S_0084_Wat,393.1919402
24,Sample_S19S_0084_Wat,394.0415806
30,Sample_S19S_0084_Wat,394.078026
34,Sample_S19S_0084_Wat,394.1144108
31,Sample_S19S_0084_Wat,395.0255818
51,Sample_S19S_0084_Wat,395.0619708
7,Sample_S19S_0084_Wat,395.0732837
53,Sample_S19S_0084_Wat,395.0984243
108,Sample_S19S_0084_Wat,395.1347697
37,Sample_S19S_0084_Wat,395.171191
47,Sample_S19S_0084_Wat,396.0936653
25,Sample_S19S_0084_Wat,396.13006
45,Sample_S19S_0084_Wat,397.0412485
31,Sample_S19S_0084_Wat,397.0775828
22,Sample_S19S_0084_Wat,397.1059758
64,Sample_S19S_0084_Wat,397.1140135
77,Sample_S19S_0084_Wat,397.1504225
17,Sample_S19S_0084_Wat,397.1867602
40,Sample_S19S_0084_Wat,398.0729329
42,Sample_S19S_0084_Wat,398.1456531
27,Sample_S19S_0084_Wat,399.0205105
12,Sample_S19S_0084_Wat,399.0488349
17,Sample_S19S_0084_Wat,399.0568344
23,Sample_S19S_0084_Wat,399.0721389
29,Sample_S19S_0084_Wat,399.085227
64,Sample_S19S_0084_Wat,399.0932727
20,Sample_S19S_0084_Wat,399.1086044
58,Sample_S19S_0084_Wat,399.1296635
32,Sample_S19S_0084_Wat,399.1449193
13,Sample_S19S_0084_Wat,399.1579458
3,Sample_S19S_0084_Wat,399.1659287
22,Sample_S19S_0084_Wat,400.1249077
24,Sample_S19S_0084_Wat,401.0362034
45,Sample_S19S_0084_Wat,401.0514549
18,Sample_S19S_0084_Wat,401.0644945
22,Sample_S19S_0084_Wat,401.0725084
48,Sample_S19S_0084_Wat,401.0878209
1,Sample_S19S_0084_Wat,401.0910681
49,Sample_S19S_0084_Wat,401.1089631
57,Sample_S19S_0084_Wat,401.1453284
52,Sample_S19S_0084_Wat,401.1605804
13,Sample_S19S_0084_Wat,401.1736033
10,Sample_S19S_0084_Wat,401.1816514
13,Sample_S19S_0084_Wat,401.1969344
13,Sample_S19S_0084_Wat,402.0831391
3,Sample_S19S_0084_Wat,402.1042761
20,Sample_S19S_0084_Wat,402.1405573
12,Sample_S19S_0084_Wat,403.0305846
12,Sample_S19S_0084_Wat,403.0437271
17,Sample_S19S_0084_Wat,403.0517845
66,Sample_S19S_0084_Wat,403.0671122
2,Sample_S19S_0084_Wat,403.0704072
55,Sample_S19S_0084_Wat,403.0881974
59,Sample_S19S_0084_Wat,403.1034476
21,Sample_S19S_0084_Wat,403.1164656
16,Sample_S19S_0084_Wat,403.1245163
71,Sample_S19S_0084_Wat,403.1398463
26,Sample_S19S_0084_Wat,403.1529106
18,Sample_S19S_0084_Wat,403.1609357
29,Sample_S19S_0084_Wat,403.1762826
43,Sample_S19S_0084_Wat,404.0623618
22,Sample_S19S_0084_Wat,404.0834492
50,Sample_S19S_0084_Wat,404.1351085
53,Sample_S19S_0084_Wat,405.0463718
42,Sample_S19S_0084_Wat,405.0827082
28,Sample_S19S_0084_Wat,405.1190623
26,Sample_S19S_0084_Wat,405.1321292
47,Sample_S19S_0084_Wat,405.1555362
21,Sample_S19S_0084_Wat,405.1685606
27,Sample_S19S_0084_Wat,405.1918632
7,Sample_S19S_0084_Wat,406.0990792
52,Sample_S19S_0084_Wat,406.1143545
21,Sample_S19S_0084_Wat,407.0255705
61,Sample_S19S_0084_Wat,407.0620299
16,Sample_S19S_0084_Wat,407.0750599
82,Sample_S19S_0084_Wat,407.0983755
13,Sample_S19S_0084_Wat,407.1113661
68,Sample_S19S_0084_Wat,407.1347505
18,Sample_S19S_0084_Wat,407.1477958
12,Sample_S19S_0084_Wat,407.1712237
15,Sample_S19S_0084_Wat,407.2075913
59,Sample_S19S_0084_Wat,408.0936661
57,Sample_S19S_0084_Wat,408.1300077
29,Sample_S19S_0084_Wat,409.0412228
27,Sample_S19S_0084_Wat,409.07757
13,Sample_S19S_0084_Wat,409.0889394
84,Sample_S19S_0084_Wat,409.1140221
78,Sample_S19S_0084_Wat,409.1504235
12,Sample_S19S_0084_Wat,409.1867344
45,Sample_S19S_0084_Wat,410.0729191
12,Sample_S19S_0084_Wat,410.1092388
42,Sample_S19S_0084_Wat,410.1456867
28,Sample_S19S_0084_Wat,411.0205049
23,Sample_S19S_0084_Wat,411.0568579
74,Sample_S19S_0084_Wat,411.0933142
74,Sample_S19S_0084_Wat,411.1296933
28,Sample_S19S_0084_Wat,411.1579879
42,Sample_S19S_0084_Wat,411.1660419
14,Sample_S19S_0084_Wat,412.0521769
31,Sample_S19S_0084_Wat,412.0885256
37,Sample_S19S_0084_Wat,412.1249118
25,Sample_S19S_0084_Wat,413.0361429
14,Sample_S19S_0084_Wat,413.06446
11,Sample_S19S_0084_Wat,413.072442
32,Sample_S19S_0084_Wat,413.087795
29,Sample_S19S_0084_Wat,413.1008794
76,Sample_S19S_0084_Wat,413.1089345
49,Sample_S19S_0084_Wat,413.12421
19,Sample_S19S_0084_Wat,413.1372735
22,Sample_S19S_0084_Wat,413.1452768
16,Sample_S19S_0084_Wat,413.1736056
13,Sample_S19S_0084_Wat,413.1816156
21,Sample_S19S_0084_Wat,415.0306688
23,Sample_S19S_0084_Wat,415.0518724
6,Sample_S19S_0084_Wat,415.0671726
12,Sample_S19S_0084_Wat,415.080159
57,Sample_S19S_0084_Wat,415.0881916
52,Sample_S19S_0084_Wat,415.1034568
20,Sample_S19S_0084_Wat,415.1164835
31,Sample_S19S_0084_Wat,415.1245406
16,Sample_S19S_0084_Wat,415.1529316
48,Sample_S19S_0084_Wat,415.1609859
8,Sample_S19S_0084_Wat,415.1763155
31,Sample_S19S_0084_Wat,417.0463346
13,Sample_S19S_0084_Wat,417.0593749
18,Sample_S19S_0084_Wat,417.0674105
22,Sample_S19S_0084_Wat,417.0826722
1,Sample_S19S_0084_Wat,417.085967
16,Sample_S19S_0084_Wat,417.0957124
20,Sample_S19S_0084_Wat,417.1037889
71,Sample_S19S_0084_Wat,417.1191101
34,Sample_S19S_0084_Wat,417.1321667
37,Sample_S19S_0084_Wat,417.1402188
67,Sample_S19S_0084_Wat,417.1555165
31,Sample_S19S_0084_Wat,417.1685514
36,Sample_S19S_0084_Wat,418.0779721
17,Sample_S19S_0084_Wat,418.1144292
23,Sample_S19S_0084_Wat,419.0256123
36,Sample_S19S_0084_Wat,419.0619721
9,Sample_S19S_0084_Wat,419.0829959
17,Sample_S19S_0084_Wat,419.0982983
1,Sample_S19S_0084_Wat,419.1015327
7,Sample_S19S_0084_Wat,419.1113471
81,Sample_S19S_0084_Wat,419.1347745
22,Sample_S19S_0084_Wat,419.1478319
41,Sample_S19S_0084_Wat,419.1711927
20,Sample_S19S_0084_Wat,419.1842051
29,Sample_S19S_0084_Wat,419.207525
30,Sample_S19S_0084_Wat,420.0572817
39,Sample_S19S_0084_Wat,421.0412704
10,Sample_S19S_0084_Wat,421.0543002
22,Sample_S19S_0084_Wat,421.0777047
16,Sample_S19S_0084_Wat,421.0906648
83,Sample_S19S_0084_Wat,421.1140346
14,Sample_S19S_0084_Wat,421.1270174
73,Sample_S19S_0084_Wat,421.1504292
1,Sample_S19S_0084_Wat,421.1552081
17,Sample_S19S_0084_Wat,421.1634511
22,Sample_S19S_0084_Wat,421.1868654
39,Sample_S19S_0084_Wat,422.0728802
24,Sample_S19S_0084_Wat,422.1093338
23,Sample_S19S_0084_Wat,423.0205894
46,Sample_S19S_0084_Wat,423.0569089
29,Sample_S19S_0084_Wat,423.093231
6,Sample_S19S_0084_Wat,423.1046157
93,Sample_S19S_0084_Wat,423.1296813
31,Sample_S19S_0084_Wat,423.1661225
29,Sample_S19S_0084_Wat,423.2024382
12,Sample_S19S_0084_Wat,424.0522173
1,Sample_S19S_0084_Wat,424.0886497
29,Sample_S19S_0084_Wat,424.1249783
43,Sample_S19S_0084_Wat,425.0361852
13,Sample_S19S_0084_Wat,425.0644881
19,Sample_S19S_0084_Wat,425.0724714
17,Sample_S19S_0084_Wat,425.1008972
51,Sample_S19S_0084_Wat,425.1089252
1,Sample_S19S_0084_Wat,425.120287
19,Sample_S19S_0084_Wat,425.1453873
39,Sample_S19S_0084_Wat,425.1816982
43,Sample_S19S_0084_Wat,426.1405881
38,Sample_S19S_0084_Wat,426.1769689
23,Sample_S19S_0084_Wat,427.0518808
13,Sample_S19S_0084_Wat,427.0801714
41,Sample_S19S_0084_Wat,427.088175
34,Sample_S19S_0084_Wat,427.1035014
21,Sample_S19S_0084_Wat,427.1165345
71,Sample_S19S_0084_Wat,427.1245871
7,Sample_S19S_0084_Wat,427.1399769
4,Sample_S19S_0084_Wat,427.1610597
27,Sample_S19S_0084_Wat,427.1973395
17,Sample_S19S_0084_Wat,428.1562791
26,Sample_S19S_0084_Wat,429.0310878
22,Sample_S19S_0084_Wat,429.0463286
44,Sample_S19S_0084_Wat,429.067488
2,Sample_S19S_0084_Wat,429.0829209
6,Sample_S19S_0084_Wat,429.0861392
10,Sample_S19S_0084_Wat,429.1039457
7,Sample_S19S_0084_Wat,429.1192381
59,Sample_S19S_0084_Wat,429.1402424
29,Sample_S19S_0084_Wat,429.1555582
24,Sample_S19S_0084_Wat,429.1685491
19,Sample_S19S_0084_Wat,429.1765924
33,Sample_S19S_0084_Wat,429.1919036
15,Sample_S19S_0084_Wat,430.0627483
11,Sample_S19S_0084_Wat,430.0780537
26,Sample_S19S_0084_Wat,430.0991542
36,Sample_S19S_0084_Wat,430.1354817
17,Sample_S19S_0084_Wat,431.0256563
9,Sample_S19S_0084_Wat,431.0386601
11,Sample_S19S_0084_Wat,431.04681
53,Sample_S19S_0084_Wat,431.0620177
39,Sample_S19S_0084_Wat,431.083125
60,Sample_S19S_0084_Wat,431.098388
1,Sample_S19S_0084_Wat,431.1016424
18,Sample_S19S_0084_Wat,431.1113826
27,Sample_S19S_0084_Wat,431.1347291
22,Sample_S19S_0084_Wat,431.1477957
19,Sample_S19S_0084_Wat,431.1558407
34,Sample_S19S_0084_Wat,431.1711879
16,Sample_S19S_0084_Wat,431.2076023
7,Sample_S19S_0084_Wat,432.0573233
16,Sample_S19S_0084_Wat,432.078404
57,Sample_S19S_0084_Wat,432.093661
54,Sample_S19S_0084_Wat,432.1300404
35,Sample_S19S_0084_Wat,433.0412948
6,Sample_S19S_0084_Wat,433.0543356
24,Sample_S19S_0084_Wat,433.0624271
67,Sample_S19S_0084_Wat,433.077665
17,Sample_S19S_0084_Wat,433.0906617
14,Sample_S19S_0084_Wat,433.0986887
28,Sample_S19S_0084_Wat,433.1139658
7,Sample_S19S_0084_Wat,433.1269982
27,Sample_S19S_0084_Wat,433.1503758
23,Sample_S19S_0084_Wat,433.1634586
36,Sample_S19S_0084_Wat,433.1868494
10,Sample_S19S_0084_Wat,434.072975
17,Sample_S19S_0084_Wat,434.1093421
13,Sample_S19S_0084_Wat,435.0204588
38,Sample_S19S_0084_Wat,435.0569041
16,Sample_S19S_0084_Wat,435.0698968
72,Sample_S19S_0084_Wat,435.093324
15,Sample_S19S_0084_Wat,435.1062764
28,Sample_S19S_0084_Wat,435.1296329
4,Sample_S19S_0084_Wat,435.1426364
1,Sample_S19S_0084_Wat,435.160379
24,Sample_S19S_0084_Wat,435.1659973
10,Sample_S19S_0084_Wat,435.1790631
40,Sample_S19S_0084_Wat,435.2024665
17,Sample_S19S_0084_Wat,436.0521427
22,Sample_S19S_0084_Wat,436.0886111
5,Sample_S19S_0084_Wat,436.1250197
34,Sample_S19S_0084_Wat,437.0361523
28,Sample_S19S_0084_Wat,437.072483
8,Sample_S19S_0084_Wat,437.1009114
28,Sample_S19S_0084_Wat,437.1088959
59,Sample_S19S_0084_Wat,437.1453651
1,Sample_S19S_0084_Wat,437.1737814
42,Sample_S19S_0084_Wat,437.1817485
9,Sample_S19S_0084_Wat,437.2180272
14,Sample_S19S_0084_Wat,438.0678822
52,Sample_S19S_0084_Wat,438.1405683
19,Sample_S19S_0084_Wat,439.051737
64,Sample_S19S_0084_Wat,439.0882098
75,Sample_S19S_0084_Wat,439.1246064
18,Sample_S19S_0084_Wat,439.1529344
32,Sample_S19S_0084_Wat,439.1609425
18,Sample_S19S_0084_Wat,439.1892886
14,Sample_S19S_0084_Wat,439.1973056
35,Sample_S19S_0084_Wat,440.0834468
29,Sample_S19S_0084_Wat,440.1198163
16,Sample_S19S_0084_Wat,441.0310268
8,Sample_S19S_0084_Wat,441.0462365
4,Sample_S19S_0084_Wat,441.0593601
32,Sample_S19S_0084_Wat,441.0674409
37,Sample_S19S_0084_Wat,441.1039049
18,Sample_S19S_0084_Wat,441.1191742
52,Sample_S19S_0084_Wat,441.1402285
11,Sample_S19S_0084_Wat,441.1554489
17,Sample_S19S_0084_Wat,441.168514
19,Sample_S19S_0084_Wat,441.1765589
10,Sample_S19S_0084_Wat,442.0990637
18,Sample_S19S_0084_Wat,442.135461
7,Sample_S19S_0084_Wat,443.0385296
21,Sample_S19S_0084_Wat,443.0466588
13,Sample_S19S_0084_Wat,443.061884
15,Sample_S19S_0084_Wat,443.0749837
34,Sample_S19S_0084_Wat,443.0830557
37,Sample_S19S_0084_Wat,443.0984287
22,Sample_S19S_0084_Wat,443.1114516
63,Sample_S19S_0084_Wat,443.119518
7,Sample_S19S_0084_Wat,443.1348538
23,Sample_S19S_0084_Wat,443.1478565
46,Sample_S19S_0084_Wat,443.1558944
23,Sample_S19S_0084_Wat,443.1711201
18,Sample_S19S_0084_Wat,443.1841796
14,Sample_S19S_0084_Wat,443.1922057
17,Sample_S19S_0084_Wat,444.093696
27,Sample_S19S_0084_Wat,445.0412697
10,Sample_S19S_0084_Wat,445.054308
36,Sample_S19S_0084_Wat,445.0623769
31,Sample_S19S_0084_Wat,445.0776178
15,Sample_S19S_0084_Wat,445.0986624
4,Sample_S19S_0084_Wat,445.1083593
19,Sample_S19S_0084_Wat,445.1139537
2,Sample_S19S_0084_Wat,445.1171907
18,Sample_S19S_0084_Wat,445.127011
12,Sample_S19S_0084_Wat,445.1350548
34,Sample_S19S_0084_Wat,445.1503907
31,Sample_S19S_0084_Wat,445.1634705
38,Sample_S19S_0084_Wat,445.1715289
39,Sample_S19S_0084_Wat,445.1868428
22,Sample_S19S_0084_Wat,445.223207
11,Sample_S19S_0084_Wat,446.0728598
2,Sample_S19S_0084_Wat,446.0939418
39,Sample_S19S_0084_Wat,446.1092739
10,Sample_S19S_0084_Wat,447.0204695
4,Sample_S19S_0084_Wat,447.0334964
9,Sample_S19S_0084_Wat,447.056785
7,Sample_S19S_0084_Wat,447.0698296
18,Sample_S19S_0084_Wat,447.09323
18,Sample_S19S_0084_Wat,447.114388
76,Sample_S19S_0084_Wat,447.1297048
31,Sample_S19S_0084_Wat,447.1427418
66,Sample_S19S_0084_Wat,447.1660641
18,Sample_S19S_0084_Wat,447.179104
13,Sample_S19S_0084_Wat,447.2023724
10,Sample_S19S_0084_Wat,447.2388005
3,Sample_S19S_0084_Wat,448.0520882
48,Sample_S19S_0084_Wat,448.088573
14,Sample_S19S_0084_Wat,448.1096972
19,Sample_S19S_0084_Wat,449.0360637
4,Sample_S19S_0084_Wat,449.0491393
24,Sample_S19S_0084_Wat,449.0724952
17,Sample_S19S_0084_Wat,449.0855556
88,Sample_S19S_0084_Wat,449.1089599
16,Sample_S19S_0084_Wat,449.1219859
75,Sample_S19S_0084_Wat,449.1453221
20,Sample_S19S_0084_Wat,449.1583358
24,Sample_S19S_0084_Wat,449.1816462
11,Sample_S19S_0084_Wat,449.2180299
11,Sample_S19S_0084_Wat,451.0153576
19,Sample_S19S_0084_Wat,451.0517204
37,Sample_S19S_0084_Wat,451.0881744
58,Sample_S19S_0084_Wat,451.124616
14,Sample_S19S_0084_Wat,451.1376081
2,Sample_S19S_0084_Wat,451.1530256
32,Sample_S19S_0084_Wat,451.1609528
8,Sample_S19S_0084_Wat,451.189303
5,Sample_S19S_0084_Wat,451.1972791
34,Sample_S19S_0084_Wat,452.0834394
14,Sample_S19S_0084_Wat,452.1199139
23,Sample_S19S_0084_Wat,453.0310814
25,Sample_S19S_0084_Wat,453.0673983
11,Sample_S19S_0084_Wat,453.0957146
18,Sample_S19S_0084_Wat,453.1037558
17,Sample_S19S_0084_Wat,453.1321972
42,Sample_S19S_0084_Wat,453.140211
4,Sample_S19S_0084_Wat,453.1686448
54,Sample_S19S_0084_Wat,453.1766436
12,Sample_S19S_0084_Wat,453.2049759
22,Sample_S19S_0084_Wat,454.0627542
33,Sample_S19S_0084_Wat,455.0467468
34,Sample_S19S_0084_Wat,455.0620251
14,Sample_S19S_0084_Wat,455.0750667
48,Sample_S19S_0084_Wat,455.0831528
38,Sample_S19S_0084_Wat,455.0984121
18,Sample_S19S_0084_Wat,455.111472
42,Sample_S19S_0084_Wat,455.1194736
2,Sample_S19S_0084_Wat,455.1290278
8,Sample_S19S_0084_Wat,455.1346803
19,Sample_S19S_0084_Wat,455.14777
12,Sample_S19S_0084_Wat,455.1558023
1,Sample_S19S_0084_Wat,455.1654128
15,Sample_S19S_0084_Wat,455.1841535
14,Sample_S19S_0084_Wat,455.1921775
9,Sample_S19S_0084_Wat,457.0260917
23,Sample_S19S_0084_Wat,457.0412916
12,Sample_S19S_0084_Wat,457.0542979
37,Sample_S19S_0084_Wat,457.0624071
15,Sample_S19S_0084_Wat,457.0776174
10,Sample_S19S_0084_Wat,457.0906483
21,Sample_S19S_0084_Wat,457.0986905
22,Sample_S19S_0084_Wat,457.1139922
13,Sample_S19S_0084_Wat,457.1270095
17,Sample_S19S_0084_Wat,457.1350642
3,Sample_S19S_0084_Wat,457.1447412
16,Sample_S19S_0084_Wat,457.150377
18,Sample_S19S_0084_Wat,457.1634444
25,Sample_S19S_0084_Wat,457.1715231
43,Sample_S19S_0084_Wat,457.1868094
11,Sample_S19S_0084_Wat,457.1998933
15,Sample_S19S_0084_Wat,459.0205561
17,Sample_S19S_0084_Wat,459.0416602
19,Sample_S19S_0084_Wat,459.0568713
8,Sample_S19S_0084_Wat,459.069913
24,Sample_S19S_0084_Wat,459.0779746
18,Sample_S19S_0084_Wat,459.0932353
19,Sample_S19S_0084_Wat,459.1062882
27,Sample_S19S_0084_Wat,459.1143457
49,Sample_S19S_0084_Wat,459.1296693
27,Sample_S19S_0084_Wat,459.142719
37,Sample_S19S_0084_Wat,459.1508169
40,Sample_S19S_0084_Wat,459.1661042
24,Sample_S19S_0084_Wat,459.2025048
4,Sample_S19S_0084_Wat,460.0521036
35,Sample_S19S_0084_Wat,460.1249704
25,Sample_S19S_0084_Wat,461.036196
7,Sample_S19S_0084_Wat,461.0492316
23,Sample_S19S_0084_Wat,461.0572822
23,Sample_S19S_0084_Wat,461.0725007
13,Sample_S19S_0084_Wat,461.0855391
9,Sample_S19S_0084_Wat,461.0935699
12,Sample_S19S_0084_Wat,461.1088271
4,Sample_S19S_0084_Wat,461.1218899
10,Sample_S19S_0084_Wat,461.1299458
4,Sample_S19S_0084_Wat,461.1396751
22,Sample_S19S_0084_Wat,461.1452647
21,Sample_S19S_0084_Wat,461.1583343
37,Sample_S19S_0084_Wat,461.1817537
10,Sample_S19S_0084_Wat,461.1948089
21,Sample_S19S_0084_Wat,461.218132
24,Sample_S19S_0084_Wat,462.067799
16,Sample_S19S_0084_Wat,462.1042629
8,Sample_S19S_0084_Wat,463.015396
36,Sample_S19S_0084_Wat,463.0518315
4,Sample_S19S_0084_Wat,463.064914
47,Sample_S19S_0084_Wat,463.0881954
4,Sample_S19S_0084_Wat,463.1189274
18,Sample_S19S_0084_Wat,463.124491
3,Sample_S19S_0084_Wat,463.1375144
8,Sample_S19S_0084_Wat,463.1608564
6,Sample_S19S_0084_Wat,463.1739081
16,Sample_S19S_0084_Wat,463.1972938
22,Sample_S19S_0084_Wat,464.1198095
17,Sample_S19S_0084_Wat,465.0310055
16,Sample_S19S_0084_Wat,465.06738
34,Sample_S19S_0084_Wat,465.1038259
23,Sample_S19S_0084_Wat,465.1532935
7,Sample_S19S_0084_Wat,465.1686035
58,Sample_S19S_0084_Wat,465.1766182
7,Sample_S19S_0084_Wat,465.2049695
11,Sample_S19S_0084_Wat,465.2129596
44,Sample_S19S_0084_Wat,466.1355201
1,Sample_S19S_0084_Wat,466.1435867
39,Sample_S19S_0084_Wat,467.0467531
3,Sample_S19S_0084_Wat,467.0751037
52,Sample_S19S_0084_Wat,467.0831629
49,Sample_S19S_0084_Wat,467.1195422
27,Sample_S19S_0084_Wat,467.1478261
29,Sample_S19S_0084_Wat,467.1558326
21,Sample_S19S_0084_Wat,467.184209
9,Sample_S19S_0084_Wat,467.1921933
27,Sample_S19S_0084_Wat,468.1147294
19,Sample_S19S_0084_Wat,469.0412947
31,Sample_S19S_0084_Wat,469.062394
8,Sample_S19S_0084_Wat,469.0776006
11,Sample_S19S_0084_Wat,469.0906533
27,Sample_S19S_0084_Wat,469.0986993
8,Sample_S19S_0084_Wat,469.1139603
21,Sample_S19S_0084_Wat,469.1270251
15,Sample_S19S_0084_Wat,469.1350525
12,Sample_S19S_0084_Wat,469.1633964
20,Sample_S19S_0084_Wat,469.199861
18,Sample_S19S_0084_Wat,469.2078959
18,Sample_S19S_0084_Wat,471.0416901
31,Sample_S19S_0084_Wat,471.0569384
10,Sample_S19S_0084_Wat,471.069939
33,Sample_S19S_0084_Wat,471.0780166
18,Sample_S19S_0084_Wat,471.093255
17,Sample_S19S_0084_Wat,471.106291
6,Sample_S19S_0084_Wat,471.1295835
10,Sample_S19S_0084_Wat,471.1426129
13,Sample_S19S_0084_Wat,471.1506882
9,Sample_S19S_0084_Wat,471.16598
20,Sample_S19S_0084_Wat,471.1790652
11,Sample_S19S_0084_Wat,471.2024048
15,Sample_S19S_0084_Wat,471.2155389
15,Sample_S19S_0084_Wat,473.0361823
10,Sample_S19S_0084_Wat,473.0573502
33,Sample_S19S_0084_Wat,473.0726032
37,Sample_S19S_0084_Wat,473.0937108
59,Sample_S19S_0084_Wat,473.1089772
27,Sample_S19S_0084_Wat,473.121993
21,Sample_S19S_0084_Wat,473.1300234
6,Sample_S19S_0084_Wat,473.139667
24,Sample_S19S_0084_Wat,473.1452829
9,Sample_S19S_0084_Wat,473.1582831
11,Sample_S19S_0084_Wat,473.1663521
1,Sample_S19S_0084_Wat,473.1760299
20,Sample_S19S_0084_Wat,473.1816622
8,Sample_S19S_0084_Wat,473.1946924
23,Sample_S19S_0084_Wat,473.2180738
12,Sample_S19S_0084_Wat,474.0889636
17,Sample_S19S_0084_Wat,474.1042477
38,Sample_S19S_0084_Wat,474.1405956
13,Sample_S19S_0084_Wat,475.0517049
11,Sample_S19S_0084_Wat,475.0648516
19,Sample_S19S_0084_Wat,475.0728791
29,Sample_S19S_0084_Wat,475.0881586
16,Sample_S19S_0084_Wat,475.1012806
17,Sample_S19S_0084_Wat,475.1092833
59,Sample_S19S_0084_Wat,475.1245966
27,Sample_S19S_0084_Wat,475.1376596
15,Sample_S19S_0084_Wat,475.1456774
64,Sample_S19S_0084_Wat,475.1609843
21,Sample_S19S_0084_Wat,475.1739813
14,Sample_S19S_0084_Wat,475.1973043
8,Sample_S19S_0084_Wat,476.0833408
22,Sample_S19S_0084_Wat,476.1198125
25,Sample_S19S_0084_Wat,477.0311319
46,Sample_S19S_0084_Wat,477.0674882
3,Sample_S19S_0084_Wat,477.0805777
22,Sample_S19S_0084_Wat,477.1037802
19,Sample_S19S_0084_Wat,477.1168599
1,Sample_S19S_0084_Wat,477.1344651
6,Sample_S19S_0084_Wat,477.1401075
7,Sample_S19S_0084_Wat,477.1531747
17,Sample_S19S_0084_Wat,477.1765167
30,Sample_S19S_0084_Wat,477.2130039
46,Sample_S19S_0084_Wat,478.0991507
6,Sample_S19S_0084_Wat,479.0466033
19,Sample_S19S_0084_Wat,479.0830028
10,Sample_S19S_0084_Wat,479.0961506
39,Sample_S19S_0084_Wat,479.1194663
16,Sample_S19S_0084_Wat,479.1325629
64,Sample_S19S_0084_Wat,479.1559168
11,Sample_S19S_0084_Wat,479.1689644
2,Sample_S19S_0084_Wat,479.1843315
43,Sample_S19S_0084_Wat,479.1923063
3,Sample_S19S_0084_Wat,479.2206471
10,Sample_S19S_0084_Wat,479.2286027
8,Sample_S19S_0084_Wat,480.151082
8,Sample_S19S_0084_Wat,481.025885
21,Sample_S19S_0084_Wat,481.0623379
47,Sample_S19S_0084_Wat,481.0987747
62,Sample_S19S_0084_Wat,481.1351677
17,Sample_S19S_0084_Wat,481.1634867
45,Sample_S19S_0084_Wat,481.1715313
14,Sample_S19S_0084_Wat,481.199847
17,Sample_S19S_0084_Wat,481.2078283
7,Sample_S19S_0084_Wat,482.1302914
17,Sample_S19S_0084_Wat,483.0415833
11,Sample_S19S_0084_Wat,483.0568081
3,Sample_S19S_0084_Wat,483.0698136
29,Sample_S19S_0084_Wat,483.0780208
6,Sample_S19S_0084_Wat,483.1064043
47,Sample_S19S_0084_Wat,483.1144642
1,Sample_S19S_0084_Wat,483.1237984
22,Sample_S19S_0084_Wat,483.1297323
33,Sample_S19S_0084_Wat,483.1508531
14,Sample_S19S_0084_Wat,483.1660394
16,Sample_S19S_0084_Wat,483.1791639
29,Sample_S19S_0084_Wat,483.1871699
10,Sample_S19S_0084_Wat,483.2154832
10,Sample_S19S_0084_Wat,484.1459881
10,Sample_S19S_0084_Wat,485.057196
12,Sample_S19S_0084_Wat,485.0724465
12,Sample_S19S_0084_Wat,485.0855526
31,Sample_S19S_0084_Wat,485.0936172
40,Sample_S19S_0084_Wat,485.1089501
16,Sample_S19S_0084_Wat,485.1220307
45,Sample_S19S_0084_Wat,485.1300644
1,Sample_S19S_0084_Wat,485.139617
27,Sample_S19S_0084_Wat,485.1453846
17,Sample_S19S_0084_Wat,485.1584131
32,Sample_S19S_0084_Wat,485.1664901
2,Sample_S19S_0084_Wat,485.1760615
40,Sample_S19S_0084_Wat,485.181737
13,Sample_S19S_0084_Wat,485.1948096
9,Sample_S19S_0084_Wat,485.2179932
15,Sample_S19S_0084_Wat,487.0365498
16,Sample_S19S_0084_Wat,487.051792
9,Sample_S19S_0084_Wat,487.0648683
21,Sample_S19S_0084_Wat,487.072871
11,Sample_S19S_0084_Wat,487.088118
14,Sample_S19S_0084_Wat,487.1011949
10,Sample_S19S_0084_Wat,487.1092152
11,Sample_S19S_0084_Wat,487.1244947
18,Sample_S19S_0084_Wat,487.1375846
11,Sample_S19S_0084_Wat,487.1456408
1,Sample_S19S_0084_Wat,487.1552674
51,Sample_S19S_0084_Wat,487.1609704
18,Sample_S19S_0084_Wat,487.1740711
32,Sample_S19S_0084_Wat,487.1974177
4,Sample_S19S_0084_Wat,487.2104698
15,Sample_S19S_0084_Wat,487.2337958
10,Sample_S19S_0084_Wat,489.0310445
12,Sample_S19S_0084_Wat,489.0522438
38,Sample_S19S_0084_Wat,489.067487
24,Sample_S19S_0084_Wat,489.0886429
4,Sample_S19S_0084_Wat,489.0982045
32,Sample_S19S_0084_Wat,489.1039118
33,Sample_S19S_0084_Wat,489.1249814
29,Sample_S19S_0084_Wat,489.1402055
17,Sample_S19S_0084_Wat,489.1532671
2,Sample_S19S_0084_Wat,489.1708695
9,Sample_S19S_0084_Wat,489.1765226
3,Sample_S19S_0084_Wat,489.1895365
7,Sample_S19S_0084_Wat,489.2128864
13,Sample_S19S_0084_Wat,490.0990621
2,Sample_S19S_0084_Wat,490.1201406
14,Sample_S19S_0084_Wat,491.0466906
10,Sample_S19S_0084_Wat,491.0597843
21,Sample_S19S_0084_Wat,491.0830123
13,Sample_S19S_0084_Wat,491.0961728
10,Sample_S19S_0084_Wat,491.1193786
15,Sample_S19S_0084_Wat,491.1325378
26,Sample_S19S_0084_Wat,491.1558203
17,Sample_S19S_0084_Wat,491.1689084
45,Sample_S19S_0084_Wat,491.1922945
7,Sample_S19S_0084_Wat,491.2287423
35,Sample_S19S_0084_Wat,492.1147512
13,Sample_S19S_0084_Wat,493.0259042
15,Sample_S19S_0084_Wat,493.0622921
25,Sample_S19S_0084_Wat,493.098712
67,Sample_S19S_0084_Wat,493.1351653
1,Sample_S19S_0084_Wat,493.1636569
47,Sample_S19S_0084_Wat,493.1715856
4,Sample_S19S_0084_Wat,493.1999507
11,Sample_S19S_0084_Wat,493.2442171
16,Sample_S19S_0084_Wat,495.0415683
1,Sample_S19S_0084_Wat,495.0568418
38,Sample_S19S_0084_Wat,495.0780179
43,Sample_S19S_0084_Wat,495.1144449
11,Sample_S19S_0084_Wat,495.1427989
55,Sample_S19S_0084_Wat,495.1507984
18,Sample_S19S_0084_Wat,495.1791573
7,Sample_S19S_0084_Wat,495.2154488
4,Sample_S19S_0084_Wat,497.0207701
20,Sample_S19S_0084_Wat,497.0572968
27,Sample_S19S_0084_Wat,497.0725711
16,Sample_S19S_0084_Wat,497.0937782
30,Sample_S19S_0084_Wat,497.1089508
13,Sample_S19S_0084_Wat,497.1301476
1,Sample_S19S_0084_Wat,497.1396908
18,Sample_S19S_0084_Wat,497.1453801
23,Sample_S19S_0084_Wat,497.1947705
2,Sample_S19S_0084_Wat,497.2310629
12,Sample_S19S_0084_Wat,498.1253978
27,Sample_S19S_0084_Wat,498.1617513
2,Sample_S19S_0084_Wat,498.1698072
8,Sample_S19S_0084_Wat,499.036451
6,Sample_S19S_0084_Wat,499.0516924
5,Sample_S19S_0084_Wat,499.0647876
24,Sample_S19S_0084_Wat,499.0728848
13,Sample_S19S_0084_Wat,499.1012958
36,Sample_S19S_0084_Wat,499.1093112
41,Sample_S19S_0084_Wat,499.1246232
17,Sample_S19S_0084_Wat,499.1377212
43,Sample_S19S_0084_Wat,499.1457371
5,Sample_S19S_0084_Wat,499.1553132
14,Sample_S19S_0084_Wat,499.1610424
19,Sample_S19S_0084_Wat,499.1740741
30,Sample_S19S_0084_Wat,499.1973555
19,Sample_S19S_0084_Wat,499.2104255
9,Sample_S19S_0084_Wat,501.0521674
19,Sample_S19S_0084_Wat,501.0673678
15,Sample_S19S_0084_Wat,501.080502
16,Sample_S19S_0084_Wat,501.0885018
11,Sample_S19S_0084_Wat,501.1037301
13,Sample_S19S_0084_Wat,501.116864
5,Sample_S19S_0084_Wat,501.1248479
21,Sample_S19S_0084_Wat,501.1401768
31,Sample_S19S_0084_Wat,501.1532967
18,Sample_S19S_0084_Wat,501.1612956
49,Sample_S19S_0084_Wat,501.1766253
25,Sample_S19S_0084_Wat,501.1896846
25,Sample_S19S_0084_Wat,501.2130646
14,Sample_S19S_0084_Wat,503.0468089
6,Sample_S19S_0084_Wat,503.0679918
6,Sample_S19S_0084_Wat,503.0832459
20,Sample_S19S_0084_Wat,503.1042984
51,Sample_S19S_0084_Wat,503.1195309
7,Sample_S19S_0084_Wat,503.1326318
16,Sample_S19S_0084_Wat,503.1405906
26,Sample_S19S_0084_Wat,503.1558462
16,Sample_S19S_0084_Wat,503.1921795
14,Sample_S19S_0084_Wat,503.2285615
7,Sample_S19S_0084_Wat,504.1512304
6,Sample_S19S_0084_Wat,505.0259469
12,Sample_S19S_0084_Wat,505.0622503
8,Sample_S19S_0084_Wat,505.0754693
8,Sample_S19S_0084_Wat,505.0833896
21,Sample_S19S_0084_Wat,505.098662
10,Sample_S19S_0084_Wat,505.1118569
1,Sample_S19S_0084_Wat,505.1293863
18,Sample_S19S_0084_Wat,505.1350781
6,Sample_S19S_0084_Wat,505.1482794
66,Sample_S19S_0084_Wat,505.1715425
15,Sample_S19S_0084_Wat,505.1846129
30,Sample_S19S_0084_Wat,505.2079802
22,Sample_S19S_0084_Wat,505.2443315
6,Sample_S19S_0084_Wat,506.1303153
7,Sample_S19S_0084_Wat,506.1666811
12,Sample_S19S_0084_Wat,507.0415912
27,Sample_S19S_0084_Wat,507.0780238
44,Sample_S19S_0084_Wat,507.1144464
55,Sample_S19S_0084_Wat,507.1508255
5,Sample_S19S_0084_Wat,507.179192
5,Sample_S19S_0084_Wat,507.2154676
8,Sample_S19S_0084_Wat,509.0209945
18,Sample_S19S_0084_Wat,509.0573918
41,Sample_S19S_0084_Wat,509.0937287
10,Sample_S19S_0084_Wat,509.1219812
41,Sample_S19S_0084_Wat,509.1300451
11,Sample_S19S_0084_Wat,509.1583575
10,Sample_S19S_0084_Wat,509.1947371
10,Sample_S19S_0084_Wat,510.0888729
8,Sample_S19S_0084_Wat,511.0366348
9,Sample_S19S_0084_Wat,511.0518749
35,Sample_S19S_0084_Wat,511.0729714
17,Sample_S19S_0084_Wat,511.1012674
27,Sample_S19S_0084_Wat,511.1092846
1,Sample_S19S_0084_Wat,511.1244303
3,Sample_S19S_0084_Wat,511.1375472
1,Sample_S19S_0084_Wat,511.1455592
8,Sample_S19S_0084_Wat,511.1739404
11,Sample_S19S_0084_Wat,511.2103696
7,Sample_S19S_0084_Wat,511.2183807
6,Sample_S19S_0084_Wat,513.0311674
11,Sample_S19S_0084_Wat,513.0522762
23,Sample_S19S_0084_Wat,513.0674942
23,Sample_S19S_0084_Wat,513.0885835
21,Sample_S19S_0084_Wat,513.1169162
18,Sample_S19S_0084_Wat,513.1248843
6,Sample_S19S_0084_Wat,513.1401059
6,Sample_S19S_0084_Wat,513.1531789
4,Sample_S19S_0084_Wat,513.1612236
3,Sample_S19S_0084_Wat,513.1764786
10,Sample_S19S_0084_Wat,513.1895585
1,Sample_S19S_0084_Wat,513.2072615
9,Sample_S19S_0084_Wat,515.0467951
14,Sample_S19S_0084_Wat,515.0679477
33,Sample_S19S_0084_Wat,515.083157
27,Sample_S19S_0084_Wat,515.1042917
36,Sample_S19S_0084_Wat,515.1194964
7,Sample_S19S_0084_Wat,515.1326297
22,Sample_S19S_0084_Wat,515.1405768
13,Sample_S19S_0084_Wat,515.155816
13,Sample_S19S_0084_Wat,515.1688778
8,Sample_S19S_0084_Wat,515.1768835
10,Sample_S19S_0084_Wat,515.1921599
9,Sample_S19S_0084_Wat,515.2052029
3,Sample_S19S_0084_Wat,515.2285302
4,Sample_S19S_0084_Wat,516.0993717
6,Sample_S19S_0084_Wat,517.0258857
26,Sample_S19S_0084_Wat,517.0624113
12,Sample_S19S_0084_Wat,517.0835974
13,Sample_S19S_0084_Wat,517.098859
9,Sample_S19S_0084_Wat,517.1199999
8,Sample_S19S_0084_Wat,517.1352552
14,Sample_S19S_0084_Wat,517.171616
14,Sample_S19S_0084_Wat,517.1846401
39,Sample_S19S_0084_Wat,517.2079237
8,Sample_S19S_0084_Wat,517.2442337
9,Sample_S19S_0084_Wat,518.1514949
7,Sample_S19S_0084_Wat,519.041577
13,Sample_S19S_0084_Wat,519.0779454
16,Sample_S19S_0084_Wat,519.1143103
7,Sample_S19S_0084_Wat,519.1275578
29,Sample_S19S_0084_Wat,519.1507584
7,Sample_S19S_0084_Wat,519.1639413
49,Sample_S19S_0084_Wat,519.1872205
17,Sample_S19S_0084_Wat,519.2236508
9,Sample_S19S_0084_Wat,519.2600027
20,Sample_S19S_0084_Wat,520.1461126
21,Sample_S19S_0084_Wat,521.0573462
30,Sample_S19S_0084_Wat,521.0937324
43,Sample_S19S_0084_Wat,521.1301011
2,Sample_S19S_0084_Wat,521.1584978
26,Sample_S19S_0084_Wat,521.1663968
8,Sample_S19S_0084_Wat,521.2027235
4,Sample_S19S_0084_Wat,521.2390738
6,Sample_S19S_0084_Wat,522.0888396
16,Sample_S19S_0084_Wat,523.0365285
11,Sample_S19S_0084_Wat,523.0728235
6,Sample_S19S_0084_Wat,523.1091901
9,Sample_S19S_0084_Wat,523.1376337
14,Sample_S19S_0084_Wat,523.1456062
15,Sample_S19S_0084_Wat,523.1739853
25,Sample_S19S_0084_Wat,523.1820717
16,Sample_S19S_0084_Wat,523.2104573
12,Sample_S19S_0084_Wat,525.0521307
23,Sample_S19S_0084_Wat,525.0885729
21,Sample_S19S_0084_Wat,525.1038625
4,Sample_S19S_0084_Wat,525.1169923
33,Sample_S19S_0084_Wat,525.1250197
35,Sample_S19S_0084_Wat,525.1614051
25,Sample_S19S_0084_Wat,525.1766596
19,Sample_S19S_0084_Wat,526.1566707
11,Sample_S19S_0084_Wat,527.0315131
11,Sample_S19S_0084_Wat,527.0467883
14,Sample_S19S_0084_Wat,527.0679337
11,Sample_S19S_0084_Wat,527.0832056
12,Sample_S19S_0084_Wat,527.1043114
16,Sample_S19S_0084_Wat,527.119585
37,Sample_S19S_0084_Wat,527.1406475
34,Sample_S19S_0084_Wat,527.1558917
23,Sample_S19S_0084_Wat,527.1689685
24,Sample_S19S_0084_Wat,527.1769645
6,Sample_S19S_0084_Wat,527.1922169
16,Sample_S19S_0084_Wat,527.2052882
3,Sample_S19S_0084_Wat,527.2415754
23,Sample_S19S_0084_Wat,528.135922
8,Sample_S19S_0084_Wat,529.047257
13,Sample_S19S_0084_Wat,529.0624704
7,Sample_S19S_0084_Wat,529.0836238
18,Sample_S19S_0084_Wat,529.0988481
19,Sample_S19S_0084_Wat,529.119899
35,Sample_S19S_0084_Wat,529.1351825
11,Sample_S19S_0084_Wat,529.1482589
20,Sample_S19S_0084_Wat,529.1562352
16,Sample_S19S_0084_Wat,529.1714748
18,Sample_S19S_0084_Wat,529.184567
10,Sample_S19S_0084_Wat,529.2078283
11,Sample_S19S_0084_Wat,530.1152024
6,Sample_S19S_0084_Wat,531.0417642
10,Sample_S19S_0084_Wat,531.0629135
5,Sample_S19S_0084_Wat,531.0781475
14,Sample_S19S_0084_Wat,531.0992322
17,Sample_S19S_0084_Wat,531.1144803
23,Sample_S19S_0084_Wat,531.1355514
26,Sample_S19S_0084_Wat,531.1507766
17,Sample_S19S_0084_Wat,531.1638843
14,Sample_S19S_0084_Wat,531.1871077
18,Sample_S19S_0084_Wat,531.2234777
7,Sample_S19S_0084_Wat,533.0574115
18,Sample_S19S_0084_Wat,533.0937827
27,Sample_S19S_0084_Wat,533.1301236
54,Sample_S19S_0084_Wat,533.166456
14,Sample_S19S_0084_Wat,533.1795306
14,Sample_S19S_0084_Wat,533.2027587
4,Sample_S19S_0084_Wat,533.2390944
11,Sample_S19S_0084_Wat,535.0365569
21,Sample_S19S_0084_Wat,535.0730261
17,Sample_S19S_0084_Wat,535.1094222
12,Sample_S19S_0084_Wat,535.1458132
23,Sample_S19S_0084_Wat,535.1821751
12,Sample_S19S_0084_Wat,535.2547783
31,Sample_S19S_0084_Wat,536.1045749
8,Sample_S19S_0084_Wat,537.0520931
20,Sample_S19S_0084_Wat,537.0884904
12,Sample_S19S_0084_Wat,537.1169413
32,Sample_S19S_0084_Wat,537.1249315
14,Sample_S19S_0084_Wat,537.1533456
40,Sample_S19S_0084_Wat,537.161382
7,Sample_S19S_0084_Wat,537.1897464
15,Sample_S19S_0084_Wat,537.1978101
3,Sample_S19S_0084_Wat,537.2261348
9,Sample_S19S_0084_Wat,537.2342192
10,Sample_S19S_0084_Wat,539.0315044
4,Sample_S19S_0084_Wat,539.0468046
15,Sample_S19S_0084_Wat,539.0679143
22,Sample_S19S_0084_Wat,539.1042196
27,Sample_S19S_0084_Wat,539.1405618
8,Sample_S19S_0084_Wat,539.1688297
5,Sample_S19S_0084_Wat,539.1768779
4,Sample_S19S_0084_Wat,539.2051955
2,Sample_S19S_0084_Wat,539.2132409
8,Sample_S19S_0084_Wat,541.0470414
16,Sample_S19S_0084_Wat,541.0623672
23,Sample_S19S_0084_Wat,541.0834882
27,Sample_S19S_0084_Wat,541.0988161
26,Sample_S19S_0084_Wat,541.1199147
8,Sample_S19S_0084_Wat,541.1352769
15,Sample_S19S_0084_Wat,541.1563515
7,Sample_S19S_0084_Wat,541.1716527
5,Sample_S19S_0084_Wat,541.1927684
14,Sample_S19S_0084_Wat,541.2079962
6,Sample_S19S_0084_Wat,542.1514443
6,Sample_S19S_0084_Wat,543.0418148
10,Sample_S19S_0084_Wat,543.0629181
12,Sample_S19S_0084_Wat,543.0781158
20,Sample_S19S_0084_Wat,543.09918
23,Sample_S19S_0084_Wat,543.1144211
21,Sample_S19S_0084_Wat,543.1355017
2,Sample_S19S_0084_Wat,543.144924
26,Sample_S19S_0084_Wat,543.1507543
15,Sample_S19S_0084_Wat,543.1638009
12,Sample_S19S_0084_Wat,543.1718262
8,Sample_S19S_0084_Wat,543.1870791
8,Sample_S19S_0084_Wat,543.2001267
1,Sample_S19S_0084_Wat,543.2234029
12,Sample_S19S_0084_Wat,545.0571838
7,Sample_S19S_0084_Wat,545.0783592
9,Sample_S19S_0084_Wat,545.0935509
10,Sample_S19S_0084_Wat,545.1147104
14,Sample_S19S_0084_Wat,545.1299664
8,Sample_S19S_0084_Wat,545.1432084
29,Sample_S19S_0084_Wat,545.1664409
8,Sample_S19S_0084_Wat,545.1795929
29,Sample_S19S_0084_Wat,545.2028931
4,Sample_S19S_0084_Wat,545.2393178
13,Sample_S19S_0084_Wat,547.0729547
18,Sample_S19S_0084_Wat,547.109415
18,Sample_S19S_0084_Wat,547.145805
6,Sample_S19S_0084_Wat,547.1822164
1,Sample_S19S_0084_Wat,547.1952584
17,Sample_S19S_0084_Wat,547.2185618
15,Sample_S19S_0084_Wat,547.2548518
2,Sample_S19S_0084_Wat,548.1771882
12,Sample_S19S_0084_Wat,549.0523077
11,Sample_S19S_0084_Wat,549.0887119
13,Sample_S19S_0084_Wat,549.1250923
18,Sample_S19S_0084_Wat,549.1614413
7,Sample_S19S_0084_Wat,549.1744876
11,Sample_S19S_0084_Wat,549.1896683
33,Sample_S19S_0084_Wat,549.1977663
13,Sample_S19S_0084_Wat,549.2340464
16,Sample_S19S_0084_Wat,550.1201251
5,Sample_S19S_0084_Wat,551.0316023
18,Sample_S19S_0084_Wat,551.0679996
17,Sample_S19S_0084_Wat,551.10435
2,Sample_S19S_0084_Wat,551.1327017
24,Sample_S19S_0084_Wat,551.140683
15,Sample_S19S_0084_Wat,551.1689448
25,Sample_S19S_0084_Wat,551.1769906
8,Sample_S19S_0084_Wat,551.2052511
15,Sample_S19S_0084_Wat,551.2133063
4,Sample_S19S_0084_Wat,551.2496307
13,Sample_S19S_0084_Wat,553.0472596
11,Sample_S19S_0084_Wat,553.0836572
21,Sample_S19S_0084_Wat,553.1199748
2,Sample_S19S_0084_Wat,553.1483118
41,Sample_S19S_0084_Wat,553.1562956
19,Sample_S19S_0084_Wat,553.1925971
2,Sample_S19S_0084_Wat,553.2288832
21,Sample_S19S_0084_Wat,554.1878947
16,Sample_S19S_0084_Wat,554.2242887
13,Sample_S19S_0084_Wat,555.0629131
7,Sample_S19S_0084_Wat,555.0781485
5,Sample_S19S_0084_Wat,555.0993123
2,Sample_S19S_0084_Wat,555.1145859
6,Sample_S19S_0084_Wat,555.1356619
7,Sample_S19S_0084_Wat,555.1509252
2,Sample_S19S_0084_Wat,555.1639967
15,Sample_S19S_0084_Wat,555.1720029
20,Sample_S19S_0084_Wat,555.2082923
6,Sample_S19S_0084_Wat,555.2365023
2,Sample_S19S_0084_Wat,556.167018
13,Sample_S19S_0084_Wat,556.2035902
8,Sample_S19S_0084_Wat,557.0572783
9,Sample_S19S_0084_Wat,557.0785258
16,Sample_S19S_0084_Wat,557.1149049
1,Sample_S19S_0084_Wat,557.1302225
4,Sample_S19S_0084_Wat,557.1513467
1,Sample_S19S_0084_Wat,557.1797008
3,Sample_S19S_0084_Wat,557.1877224
7,Sample_S19S_0084_Wat,557.2029722
9,Sample_S19S_0084_Wat,557.2391841
10,Sample_S19S_0084_Wat,559.1092427
26,Sample_S19S_0084_Wat,559.1456819
20,Sample_S19S_0084_Wat,559.2185569
18,Sample_S19S_0084_Wat,561.0885432
7,Sample_S19S_0084_Wat,561.1248442
5,Sample_S19S_0084_Wat,561.1611805
10,Sample_S19S_0084_Wat,561.1743368
1,Sample_S19S_0084_Wat,561.1975534
2,Sample_S19S_0084_Wat,561.2339983
3,Sample_S19S_0084_Wat,563.0313809
21,Sample_S19S_0084_Wat,563.0679011
10,Sample_S19S_0084_Wat,563.1043787
9,Sample_S19S_0084_Wat,563.140767
7,Sample_S19S_0084_Wat,563.1771352
22,Sample_S19S_0084_Wat,563.2134586
16,Sample_S19S_0084_Wat,563.2497644
10,Sample_S19S_0084_Wat,564.1357791
7,Sample_S19S_0084_Wat,565.0470587
10,Sample_S19S_0084_Wat,565.0833841
1,Sample_S19S_0084_Wat,565.1196921
2,Sample_S19S_0084_Wat,565.1480351
3,Sample_S19S_0084_Wat,565.1561141
1,Sample_S19S_0084_Wat,565.1844084
3,Sample_S19S_0084_Wat,565.2208348
15,Sample_S19S_0084_Wat,565.2290122
12,Sample_S19S_0084_Wat,567.0628477
17,Sample_S19S_0084_Wat,567.0992538
8,Sample_S19S_0084_Wat,567.1356587
15,Sample_S19S_0084_Wat,567.2083955
4,Sample_S19S_0084_Wat,567.2366591
14,Sample_S19S_0084_Wat,567.2446704
18,Sample_S19S_0084_Wat,569.0784551
8,Sample_S19S_0084_Wat,569.0937538
16,Sample_S19S_0084_Wat,569.1147778
8,Sample_S19S_0084_Wat,569.1510794
10,Sample_S19S_0084_Wat,569.17943
2,Sample_S19S_0084_Wat,569.1874013
2,Sample_S19S_0084_Wat,569.2025994
1,Sample_S19S_0084_Wat,569.2157305
3,Sample_S19S_0084_Wat,571.0575531
6,Sample_S19S_0084_Wat,571.0727742
1,Sample_S19S_0084_Wat,571.0939164
22,Sample_S19S_0084_Wat,571.1303995
26,Sample_S19S_0084_Wat,571.1457131
6,Sample_S19S_0084_Wat,571.1588445
17,Sample_S19S_0084_Wat,571.1668216
26,Sample_S19S_0084_Wat,571.1821369
7,Sample_S19S_0084_Wat,571.1952621
14,Sample_S19S_0084_Wat,571.2032768
11,Sample_S19S_0084_Wat,573.0521883
12,Sample_S19S_0084_Wat,573.073421
19,Sample_S19S_0084_Wat,573.0886509
15,Sample_S19S_0084_Wat,573.1250609
14,Sample_S19S_0084_Wat,573.1461913
9,Sample_S19S_0084_Wat,573.1615077
7,Sample_S19S_0084_Wat,573.1978706
4,Sample_S19S_0084_Wat,573.2342462
7,Sample_S19S_0084_Wat,575.0680122
8,Sample_S19S_0084_Wat,575.1407714
25,Sample_S19S_0084_Wat,575.1770756
30,Sample_S19S_0084_Wat,575.213398
15,Sample_S19S_0084_Wat,575.2497017
6,Sample_S19S_0084_Wat,577.0472834
6,Sample_S19S_0084_Wat,577.0836723
39,Sample_S19S_0084_Wat,577.1563035
23,Sample_S19S_0084_Wat,577.1926143
5,Sample_S19S_0084_Wat,577.228924
8,Sample_S19S_0084_Wat,579.0629358
13,Sample_S19S_0084_Wat,579.0992643
28,Sample_S19S_0084_Wat,579.1355972
13,Sample_S19S_0084_Wat,579.1638659
34,Sample_S19S_0084_Wat,579.1719274
17,Sample_S19S_0084_Wat,579.2082488
2,Sample_S19S_0084_Wat,579.2445526
8,Sample_S19S_0084_Wat,581.0785526
23,Sample_S19S_0084_Wat,581.1148894
34,Sample_S19S_0084_Wat,581.1512226
25,Sample_S19S_0084_Wat,581.1875335
16,Sample_S19S_0084_Wat,581.2238624
1,Sample_S19S_0084_Wat,583.057864
2,Sample_S19S_0084_Wat,583.0731247
1,Sample_S19S_0084_Wat,583.094266
10,Sample_S19S_0084_Wat,583.1306046
16,Sample_S19S_0084_Wat,583.1669172
9,Sample_S19S_0084_Wat,583.1952442
19,Sample_S19S_0084_Wat,583.2032587
9,Sample_S19S_0084_Wat,583.2314722
12,Sample_S19S_0084_Wat,583.2395225
10,Sample_S19S_0084_Wat,585.0734724
7,Sample_S19S_0084_Wat,585.1098543
10,Sample_S19S_0084_Wat,585.1615059
1,Sample_S19S_0084_Wat,585.1826784
8,Sample_S19S_0084_Wat,585.197889
4,Sample_S19S_0084_Wat,585.2190128
5,Sample_S19S_0084_Wat,585.2472737
6,Sample_S19S_0084_Wat,587.06769
6,Sample_S19S_0084_Wat,587.088865
13,Sample_S19S_0084_Wat,587.1041571
13,Sample_S19S_0084_Wat,587.1405809
11,Sample_S19S_0084_Wat,587.161795
26,Sample_S19S_0084_Wat,587.1770783
8,Sample_S19S_0084_Wat,587.19016
17,Sample_S19S_0084_Wat,587.2134744
9,Sample_S19S_0084_Wat,589.047112
6,Sample_S19S_0084_Wat,589.0833727
7,Sample_S19S_0084_Wat,589.119725
2,Sample_S19S_0084_Wat,589.1924321
2,Sample_S19S_0084_Wat,589.2288053
9,Sample_S19S_0084_Wat,591.0629191
7,Sample_S19S_0084_Wat,591.0993225
3,Sample_S19S_0084_Wat,591.135742
11,Sample_S19S_0084_Wat,591.1720289
13,Sample_S19S_0084_Wat,591.2083514
5,Sample_S19S_0084_Wat,593.078251
2,Sample_S19S_0084_Wat,593.1146582
10,Sample_S19S_0084_Wat,593.1511079
26,Sample_S19S_0084_Wat,593.1875846
17,Sample_S19S_0084_Wat,593.2240288
9,Sample_S19S_0084_Wat,595.0578225
16,Sample_S19S_0084_Wat,595.0941069
18,Sample_S19S_0084_Wat,595.130396
16,Sample_S19S_0084_Wat,595.1667494
5,Sample_S19S_0084_Wat,597.0731946
5,Sample_S19S_0084_Wat,597.0884232
13,Sample_S19S_0084_Wat,597.1460191
25,Sample_S19S_0084_Wat,597.1824999
20,Sample_S19S_0084_Wat,597.2188862
6,Sample_S19S_0084_Wat,599.104376
14,Sample_S19S_0084_Wat,599.1254651
16,Sample_S19S_0084_Wat,599.1618335
25,Sample_S19S_0084_Wat,599.1770211
1,Sample_S19S_0084_Wat,601.1043657
2,Sample_S19S_0084_Wat,601.1560091
6,Sample_S19S_0084_Wat,603.0625968
14,Sample_S19S_0084_Wat,603.135473
24,Sample_S19S_0084_Wat,603.1719444
16,Sample_S19S_0084_Wat,603.2083804
5,Sample_S19S_0084_Wat,605.1149751
2,Sample_S19S_0084_Wat,605.1513953
11,Sample_S19S_0084_Wat,605.1877226
6,Sample_S19S_0084_Wat,605.2240726
7,Sample_S19S_0084_Wat,607.0578335
19,Sample_S19S_0084_Wat,607.094164
27,Sample_S19S_0084_Wat,607.1304892
27,Sample_S19S_0084_Wat,607.1667845
5,Sample_S19S_0084_Wat,609.0733165
19,Sample_S19S_0084_Wat,609.1096597
4,Sample_S19S_0084_Wat,609.1459321
1,Sample_S19S_0084_Wat,609.1822447
2,Sample_S19S_0084_Wat,609.2185999
2,Sample_S19S_0084_Wat,611.125099
1,Sample_S19S_0084_Wat,611.1978745
6,Sample_S19S_0084_Wat,617.0782506
4,Sample_S19S_0084_Wat,619.0576145
3,Sample_S19S_0084_Wat,619.130318
1,Sample_S19S_0084_Wat,619.1666544
9,Sample_S19S_0084_Wat,621.073506
12,Sample_S19S_0084_Wat,621.1098264
16,Sample_S19S_0084_Wat,621.1461897
24,Sample_S19S_0084_Wat,621.1825214
10,Sample_S19S_0084_Wat,623.0891397
1,Sample_S19S_0084_Wat,623.162005
1,Sample_S19S_0084_Wat,623.1983716
5,Sample_S19S_0084_Wat,625.1408979
10,Sample_S19S_0084_Wat,625.1773321
9,Sample_S19S_0084_Wat,627.083828
1,Sample_S19S_0084_Wat,627.1352883
1,Sample_S19S_0084_Wat,631.1302004
17,Sample_S19S_0084_Wat,631.1667917
13,Sample_S19S_0084_Wat,631.2031269
11,Sample_S19S_0084_Wat,631.2395415
17,Sample_S19S_0084_Wat,633.1097626
1,Sample_S19S_0084_Wat,633.1822488
5,Sample_S19S_0084_Wat,635.0889363
7,Sample_S19S_0084_Wat,635.1252433
9,Sample_S19S_0084_Wat,635.1982777
6,Sample_S19S_0084_Wat,635.2346553
1,Sample_S19S_0084_Wat,639.1200807
16,Sample_S19S_0084_Wat,643.1668657
15,Sample_S19S_0084_Wat,647.1981103
14,Sample_S19S_0084_Wat,647.2344756
8,Sample_S19S_0084_Wat,663.1931909
1,Sample_S19S_0084_Wat,677.2088861
