num.trans.involved.in,sample,peak
35,Sample_S19S_0010_Wat,201.0404313
31,Sample_S19S_0010_Wat,201.0768122
25,Sample_S19S_0010_Wat,203.0349506
30,Sample_S19S_0010_Wat,205.0142188
30,Sample_S19S_0010_Wat,205.0505947
40,Sample_S19S_0010_Wat,207.0298709
40,Sample_S19S_0010_Wat,207.066249
25,Sample_S19S_0010_Wat,207.1026321
20,Sample_S19S_0010_Wat,209.0091207
39,Sample_S19S_0010_Wat,209.0455114
34,Sample_S19S_0010_Wat,209.0818981
56,Sample_S19S_0010_Wat,211.0247874
58,Sample_S19S_0010_Wat,211.0611736
33,Sample_S19S_0010_Wat,211.097555
20,Sample_S19S_0010_Wat,212.0564229
1,Sample_S19S_0010_Wat,213.0152775
33,Sample_S19S_0010_Wat,213.0404285
46,Sample_S19S_0010_Wat,213.0768216
26,Sample_S19S_0010_Wat,213.1132092
17,Sample_S19S_0010_Wat,214.0720739
36,Sample_S19S_0010_Wat,215.0560786
40,Sample_S19S_0010_Wat,215.0924726
18,Sample_S19S_0010_Wat,215.1288446
14,Sample_S19S_0010_Wat,217.0505866
40,Sample_S19S_0010_Wat,217.0717431
46,Sample_S19S_0010_Wat,219.0298823
17,Sample_S19S_0010_Wat,219.0662407
26,Sample_S19S_0010_Wat,221.0091259
42,Sample_S19S_0010_Wat,221.0455191
24,Sample_S19S_0010_Wat,221.0818912
5,Sample_S19S_0010_Wat,222.0407486
55,Sample_S19S_0010_Wat,223.0247931
22,Sample_S19S_0010_Wat,223.0611523
44,Sample_S19S_0010_Wat,223.0975605
28,Sample_S19S_0010_Wat,224.0564233
79,Sample_S19S_0010_Wat,225.0404494
57,Sample_S19S_0010_Wat,225.0768195
16,Sample_S19S_0010_Wat,225.1131873
17,Sample_S19S_0010_Wat,226.0356785
32,Sample_S19S_0010_Wat,226.072077
40,Sample_S19S_0010_Wat,227.056079
48,Sample_S19S_0010_Wat,227.092466
31,Sample_S19S_0010_Wat,227.1288722
45,Sample_S19S_0010_Wat,229.0353497
47,Sample_S19S_0010_Wat,229.0717413
31,Sample_S19S_0010_Wat,229.1081151
21,Sample_S19S_0010_Wat,229.14452
45,Sample_S19S_0010_Wat,231.051012
28,Sample_S19S_0010_Wat,231.0662593
44,Sample_S19S_0010_Wat,231.0873835
43,Sample_S19S_0010_Wat,233.0091463
45,Sample_S19S_0010_Wat,233.0455307
39,Sample_S19S_0010_Wat,233.0819208
12,Sample_S19S_0010_Wat,233.1546845
4,Sample_S19S_0010_Wat,234.0407445
49,Sample_S19S_0010_Wat,235.0247912
62,Sample_S19S_0010_Wat,235.0611873
43,Sample_S19S_0010_Wat,235.0975749
47,Sample_S19S_0010_Wat,236.0564412
55,Sample_S19S_0010_Wat,237.0404421
68,Sample_S19S_0010_Wat,237.0768351
43,Sample_S19S_0010_Wat,237.1132227
10,Sample_S19S_0010_Wat,238.0356696
28,Sample_S19S_0010_Wat,238.0720655
72,Sample_S19S_0010_Wat,239.0197221
103,Sample_S19S_0010_Wat,239.0561117
11,Sample_S19S_0010_Wat,239.0673352
96,Sample_S19S_0010_Wat,239.092497
48,Sample_S19S_0010_Wat,239.1288753
33,Sample_S19S_0010_Wat,240.0513448
80,Sample_S19S_0010_Wat,241.03537
56,Sample_S19S_0010_Wat,241.0717422
34,Sample_S19S_0010_Wat,241.1081087
21,Sample_S19S_0010_Wat,241.1445007
48,Sample_S19S_0010_Wat,242.0670034
18,Sample_S19S_0010_Wat,242.139775
5,Sample_S19S_0010_Wat,242.1761465
79,Sample_S19S_0010_Wat,243.0510224
44,Sample_S19S_0010_Wat,243.0873816
19,Sample_S19S_0010_Wat,243.1237626
19,Sample_S19S_0010_Wat,243.1601665
78,Sample_S19S_0010_Wat,245.0455587
15,Sample_S19S_0010_Wat,245.0489119
90,Sample_S19S_0010_Wat,245.0666847
50,Sample_S19S_0010_Wat,245.0819342
69,Sample_S19S_0010_Wat,245.1030642
24,Sample_S19S_0010_Wat,245.1394342
47,Sample_S19S_0010_Wat,247.024801
74,Sample_S19S_0010_Wat,247.0612011
74,Sample_S19S_0010_Wat,247.0823368
73,Sample_S19S_0010_Wat,247.0975945
40,Sample_S19S_0010_Wat,248.0564361
46,Sample_S19S_0010_Wat,249.0040636
83,Sample_S19S_0010_Wat,249.0404675
92,Sample_S19S_0010_Wat,249.0768527
38,Sample_S19S_0010_Wat,249.1132224
50,Sample_S19S_0010_Wat,250.07209
84,Sample_S19S_0010_Wat,251.0197332
78,Sample_S19S_0010_Wat,251.0560986
119,Sample_S19S_0010_Wat,251.0925063
48,Sample_S19S_0010_Wat,251.1289035
48,Sample_S19S_0010_Wat,252.0513612
43,Sample_S19S_0010_Wat,252.0877348
108,Sample_S19S_0010_Wat,253.0353983
127,Sample_S19S_0010_Wat,253.0717756
7,Sample_S19S_0010_Wat,253.0829986
45,Sample_S19S_0010_Wat,253.1081345
46,Sample_S19S_0010_Wat,253.1445337
44,Sample_S19S_0010_Wat,254.0670222
64,Sample_S19S_0010_Wat,255.0146298
19,Sample_S19S_0010_Wat,255.0332681
111,Sample_S19S_0010_Wat,255.0510433
121,Sample_S19S_0010_Wat,255.0874163
43,Sample_S19S_0010_Wat,255.1237776
47,Sample_S19S_0010_Wat,256.0826837
85,Sample_S19S_0010_Wat,257.030304
59,Sample_S19S_0010_Wat,257.0455598
33,Sample_S19S_0010_Wat,257.048925
103,Sample_S19S_0010_Wat,257.0666765
70,Sample_S19S_0010_Wat,257.1030521
49,Sample_S19S_0010_Wat,257.1394516
47,Sample_S19S_0010_Wat,258.0619166
91,Sample_S19S_0010_Wat,259.0459547
67,Sample_S19S_0010_Wat,259.0612028
98,Sample_S19S_0010_Wat,259.0823405
60,Sample_S19S_0010_Wat,259.0975861
63,Sample_S19S_0010_Wat,259.1187072
18,Sample_S19S_0010_Wat,260.0564172
66,Sample_S19S_0010_Wat,261.040468
66,Sample_S19S_0010_Wat,261.061588
94,Sample_S19S_0010_Wat,261.0768598
53,Sample_S19S_0010_Wat,261.0980071
64,Sample_S19S_0010_Wat,261.1132477
34,Sample_S19S_0010_Wat,262.0357323
40,Sample_S19S_0010_Wat,262.0721008
51,Sample_S19S_0010_Wat,263.019721
92,Sample_S19S_0010_Wat,263.0561329
51,Sample_S19S_0010_Wat,263.0924815
10,Sample_S19S_0010_Wat,263.0958535
49,Sample_S19S_0010_Wat,263.128908
48,Sample_S19S_0010_Wat,264.0513612
45,Sample_S19S_0010_Wat,264.087752
98,Sample_S19S_0010_Wat,265.0353938
94,Sample_S19S_0010_Wat,265.0717855
104,Sample_S19S_0010_Wat,265.1081545
35,Sample_S19S_0010_Wat,265.1445692
1,Sample_S19S_0010_Wat,265.1479151
43,Sample_S19S_0010_Wat,266.0306266
63,Sample_S19S_0010_Wat,266.0670361
40,Sample_S19S_0010_Wat,266.1034196
79,Sample_S19S_0010_Wat,267.0146829
119,Sample_S19S_0010_Wat,267.0510336
16,Sample_S19S_0010_Wat,267.0622941
110,Sample_S19S_0010_Wat,267.0874299
96,Sample_S19S_0010_Wat,267.123805
40,Sample_S19S_0010_Wat,267.1601848
62,Sample_S19S_0010_Wat,268.0462977
58,Sample_S19S_0010_Wat,268.08266
84,Sample_S19S_0010_Wat,269.0303205
33,Sample_S19S_0010_Wat,269.0489342
126,Sample_S19S_0010_Wat,269.0666802
20,Sample_S19S_0010_Wat,269.0779259
107,Sample_S19S_0010_Wat,269.1030627
54,Sample_S19S_0010_Wat,269.1394657
56,Sample_S19S_0010_Wat,270.0619439
50,Sample_S19S_0010_Wat,270.0983057
24,Sample_S19S_0010_Wat,271.0281864
85,Sample_S19S_0010_Wat,271.0459737
29,Sample_S19S_0010_Wat,271.0645721
98,Sample_S19S_0010_Wat,271.0823212
89,Sample_S19S_0010_Wat,271.118718
24,Sample_S19S_0010_Wat,271.1551343
55,Sample_S19S_0010_Wat,272.0775888
66,Sample_S19S_0010_Wat,273.0252099
65,Sample_S19S_0010_Wat,273.040478
29,Sample_S19S_0010_Wat,273.0438577
80,Sample_S19S_0010_Wat,273.061591
82,Sample_S19S_0010_Wat,273.0768603
84,Sample_S19S_0010_Wat,273.0979879
58,Sample_S19S_0010_Wat,273.1132445
34,Sample_S19S_0010_Wat,273.1343844
36,Sample_S19S_0010_Wat,274.0357454
71,Sample_S19S_0010_Wat,275.0197425
75,Sample_S19S_0010_Wat,275.0408652
77,Sample_S19S_0010_Wat,275.0561155
36,Sample_S19S_0010_Wat,275.0594984
85,Sample_S19S_0010_Wat,275.0772487
83,Sample_S19S_0010_Wat,275.0925149
69,Sample_S19S_0010_Wat,275.1136274
55,Sample_S19S_0010_Wat,275.1288873
39,Sample_S19S_0010_Wat,276.0513913
22,Sample_S19S_0010_Wat,276.0877174
96,Sample_S19S_0010_Wat,277.0354157
94,Sample_S19S_0010_Wat,277.0717892
28,Sample_S19S_0010_Wat,277.0751477
21,Sample_S19S_0010_Wat,277.0830242
92,Sample_S19S_0010_Wat,277.1081544
59,Sample_S19S_0010_Wat,277.1445377
38,Sample_S19S_0010_Wat,278.0306345
50,Sample_S19S_0010_Wat,278.0670289
42,Sample_S19S_0010_Wat,278.1034322
50,Sample_S19S_0010_Wat,279.0146331
98,Sample_S19S_0010_Wat,279.0510516
28,Sample_S19S_0010_Wat,279.0544147
20,Sample_S19S_0010_Wat,279.0622836
64,Sample_S19S_0010_Wat,279.0874539
66,Sample_S19S_0010_Wat,279.1238221
44,Sample_S19S_0010_Wat,279.160186
56,Sample_S19S_0010_Wat,280.0463018
64,Sample_S19S_0010_Wat,280.0826921
46,Sample_S19S_0010_Wat,280.1190492
94,Sample_S19S_0010_Wat,281.0303339
128,Sample_S19S_0010_Wat,281.0666829
26,Sample_S19S_0010_Wat,281.0779309
72,Sample_S19S_0010_Wat,281.1030502
75,Sample_S19S_0010_Wat,281.1394597
36,Sample_S19S_0010_Wat,282.025533
48,Sample_S19S_0010_Wat,282.0983548
75,Sample_S19S_0010_Wat,283.0095898
120,Sample_S19S_0010_Wat,283.0459554
14,Sample_S19S_0010_Wat,283.0571681
45,Sample_S19S_0010_Wat,283.0612062
4,Sample_S19S_0010_Wat,283.064623
80,Sample_S19S_0010_Wat,283.0823169
115,Sample_S19S_0010_Wat,283.118715
37,Sample_S19S_0010_Wat,283.1551309
49,Sample_S19S_0010_Wat,284.0412345
61,Sample_S19S_0010_Wat,284.0776208
46,Sample_S19S_0010_Wat,284.1139788
20,Sample_S19S_0010_Wat,285.0074703
78,Sample_S19S_0010_Wat,285.025228
50,Sample_S19S_0010_Wat,285.0404866
13,Sample_S19S_0010_Wat,285.0438689
86,Sample_S19S_0010_Wat,285.0616357
28,Sample_S19S_0010_Wat,285.0802217
42,Sample_S19S_0010_Wat,285.0980306
8,Sample_S19S_0010_Wat,285.1262347
57,Sample_S19S_0010_Wat,285.1343948
38,Sample_S19S_0010_Wat,285.17075
45,Sample_S19S_0010_Wat,286.0568589
49,Sample_S19S_0010_Wat,286.0932539
61,Sample_S19S_0010_Wat,287.0197477
72,Sample_S19S_0010_Wat,287.0408776
65,Sample_S19S_0010_Wat,287.0561351
7,Sample_S19S_0010_Wat,287.0595327
95,Sample_S19S_0010_Wat,287.0772537
69,Sample_S19S_0010_Wat,287.0925228
31,Sample_S19S_0010_Wat,287.0958808
85,Sample_S19S_0010_Wat,287.1136282
44,Sample_S19S_0010_Wat,287.1289021
57,Sample_S19S_0010_Wat,287.150015
40,Sample_S19S_0010_Wat,288.0513962
49,Sample_S19S_0010_Wat,288.0725046
35,Sample_S19S_0010_Wat,288.1089115
75,Sample_S19S_0010_Wat,289.0354029
21,Sample_S19S_0010_Wat,289.0387746
78,Sample_S19S_0010_Wat,289.0565242
101,Sample_S19S_0010_Wat,289.0717704
36,Sample_S19S_0010_Wat,289.0751476
76,Sample_S19S_0010_Wat,289.0929075
67,Sample_S19S_0010_Wat,289.1081489
64,Sample_S19S_0010_Wat,289.1292776
53,Sample_S19S_0010_Wat,289.1445478
12,Sample_S19S_0010_Wat,290.0305978
22,Sample_S19S_0010_Wat,290.0669883
66,Sample_S19S_0010_Wat,291.0146759
94,Sample_S19S_0010_Wat,291.0510416
18,Sample_S19S_0010_Wat,291.0622947
71,Sample_S19S_0010_Wat,291.0721692
86,Sample_S19S_0010_Wat,291.0874132
17,Sample_S19S_0010_Wat,291.0986884
68,Sample_S19S_0010_Wat,291.1237966
48,Sample_S19S_0010_Wat,291.1601932
36,Sample_S19S_0010_Wat,292.0462633
28,Sample_S19S_0010_Wat,292.1038307
42,Sample_S19S_0010_Wat,292.1190716
92,Sample_S19S_0010_Wat,293.0303357
94,Sample_S19S_0010_Wat,293.0667099
20,Sample_S19S_0010_Wat,293.0700724
23,Sample_S19S_0010_Wat,293.0779374
106,Sample_S19S_0010_Wat,293.1030793
82,Sample_S19S_0010_Wat,293.1394564
14,Sample_S19S_0010_Wat,293.1757942
1,Sample_S19S_0010_Wat,293.179192
18,Sample_S19S_0010_Wat,294.0255165
47,Sample_S19S_0010_Wat,294.0619153
52,Sample_S19S_0010_Wat,294.098304
58,Sample_S19S_0010_Wat,295.0095496
93,Sample_S19S_0010_Wat,295.0459444
15,Sample_S19S_0010_Wat,295.0572284
123,Sample_S19S_0010_Wat,295.0823376
6,Sample_S19S_0010_Wat,295.093638
120,Sample_S19S_0010_Wat,295.1187213
58,Sample_S19S_0010_Wat,295.1550986
39,Sample_S19S_0010_Wat,296.0411763
54,Sample_S19S_0010_Wat,296.0775656
43,Sample_S19S_0010_Wat,296.1139469
90,Sample_S19S_0010_Wat,297.025237
13,Sample_S19S_0010_Wat,297.0438655
100,Sample_S19S_0010_Wat,297.0616262
23,Sample_S19S_0010_Wat,297.0728378
27,Sample_S19S_0010_Wat,297.080232
73,Sample_S19S_0010_Wat,297.0980154
18,Sample_S19S_0010_Wat,297.109248
43,Sample_S19S_0010_Wat,297.1344063
5,Sample_S19S_0010_Wat,297.1529844
20,Sample_S19S_0010_Wat,297.1707937
64,Sample_S19S_0010_Wat,298.0568737
60,Sample_S19S_0010_Wat,298.0932671
39,Sample_S19S_0010_Wat,298.1296449
19,Sample_S19S_0010_Wat,299.0231228
79,Sample_S19S_0010_Wat,299.0408894
60,Sample_S19S_0010_Wat,299.05613
34,Sample_S19S_0010_Wat,299.0595
113,Sample_S19S_0010_Wat,299.0772616
21,Sample_S19S_0010_Wat,299.0884889
48,Sample_S19S_0010_Wat,299.0924991
17,Sample_S19S_0010_Wat,299.0958611
88,Sample_S19S_0010_Wat,299.1136455
72,Sample_S19S_0010_Wat,299.1500243
62,Sample_S19S_0010_Wat,300.0725
45,Sample_S19S_0010_Wat,300.1089049
65,Sample_S19S_0010_Wat,301.0201601
67,Sample_S19S_0010_Wat,301.0353903
31,Sample_S19S_0010_Wat,301.0387674
76,Sample_S19S_0010_Wat,301.0565488
56,Sample_S19S_0010_Wat,301.071792
39,Sample_S19S_0010_Wat,301.0751454
66,Sample_S19S_0010_Wat,301.092932
36,Sample_S19S_0010_Wat,301.1081829
51,Sample_S19S_0010_Wat,301.129318
38,Sample_S19S_0010_Wat,301.1445638
33,Sample_S19S_0010_Wat,301.1656955
44,Sample_S19S_0010_Wat,302.0670162
34,Sample_S19S_0010_Wat,302.0881947
25,Sample_S19S_0010_Wat,302.1245742
57,Sample_S19S_0010_Wat,303.0146906
64,Sample_S19S_0010_Wat,303.0357821
78,Sample_S19S_0010_Wat,303.0510433
43,Sample_S19S_0010_Wat,303.0544081
8,Sample_S19S_0010_Wat,303.0623453
82,Sample_S19S_0010_Wat,303.0721573
75,Sample_S19S_0010_Wat,303.0874395
37,Sample_S19S_0010_Wat,303.0907893
85,Sample_S19S_0010_Wat,303.1085414
61,Sample_S19S_0010_Wat,303.1238249
58,Sample_S19S_0010_Wat,303.1449308
34,Sample_S19S_0010_Wat,303.1602155
43,Sample_S19S_0010_Wat,304.0462877
48,Sample_S19S_0010_Wat,304.0826613
30,Sample_S19S_0010_Wat,304.1038383
6,Sample_S19S_0010_Wat,304.1402446
83,Sample_S19S_0010_Wat,305.0303157
104,Sample_S19S_0010_Wat,305.0666877
37,Sample_S19S_0010_Wat,305.0700613
8,Sample_S19S_0010_Wat,305.0779953
47,Sample_S19S_0010_Wat,305.087829
87,Sample_S19S_0010_Wat,305.1030852
1,Sample_S19S_0010_Wat,305.1143903
30,Sample_S19S_0010_Wat,305.1242388
65,Sample_S19S_0010_Wat,305.1394662
19,Sample_S19S_0010_Wat,306.0831168
61,Sample_S19S_0010_Wat,306.0983427
3,Sample_S19S_0010_Wat,306.1195211
51,Sample_S19S_0010_Wat,307.0095853
107,Sample_S19S_0010_Wat,307.0459779
12,Sample_S19S_0010_Wat,307.0572343
70,Sample_S19S_0010_Wat,307.0823737
22,Sample_S19S_0010_Wat,307.0936059
50,Sample_S19S_0010_Wat,307.1187572
37,Sample_S19S_0010_Wat,307.1551342
64,Sample_S19S_0010_Wat,308.0412303
69,Sample_S19S_0010_Wat,308.0775973
53,Sample_S19S_0010_Wat,308.1139545
91,Sample_S19S_0010_Wat,309.0252469
121,Sample_S19S_0010_Wat,309.0616036
21,Sample_S19S_0010_Wat,309.0728691
113,Sample_S19S_0010_Wat,309.0979773
11,Sample_S19S_0010_Wat,309.1092661
94,Sample_S19S_0010_Wat,309.1343649
41,Sample_S19S_0010_Wat,309.1707647
2,Sample_S19S_0010_Wat,309.1741269
59,Sample_S19S_0010_Wat,310.0568411
61,Sample_S19S_0010_Wat,310.0932206
55,Sample_S19S_0010_Wat,310.1296176
101,Sample_S19S_0010_Wat,311.0408991
12,Sample_S19S_0010_Wat,311.0594676
105,Sample_S19S_0010_Wat,311.0772659
26,Sample_S19S_0010_Wat,311.0885065
13,Sample_S19S_0010_Wat,311.0958599
134,Sample_S19S_0010_Wat,311.1136352
80,Sample_S19S_0010_Wat,311.1500195
24,Sample_S19S_0010_Wat,311.186419
44,Sample_S19S_0010_Wat,312.0361043
65,Sample_S19S_0010_Wat,312.0725103
9,Sample_S19S_0010_Wat,313.0024017
66,Sample_S19S_0010_Wat,313.0201379
41,Sample_S19S_0010_Wat,313.0353909
34,Sample_S19S_0010_Wat,313.0387549
87,Sample_S19S_0010_Wat,313.0565398
34,Sample_S19S_0010_Wat,313.071764
9,Sample_S19S_0010_Wat,313.075094
85,Sample_S19S_0010_Wat,313.0929245
29,Sample_S19S_0010_Wat,313.1041391
13,Sample_S19S_0010_Wat,313.1115031
76,Sample_S19S_0010_Wat,313.1293014
50,Sample_S19S_0010_Wat,313.1656688
57,Sample_S19S_0010_Wat,314.0517902
67,Sample_S19S_0010_Wat,314.0881771
50,Sample_S19S_0010_Wat,314.1245573
49,Sample_S19S_0010_Wat,315.0146824
21,Sample_S19S_0010_Wat,315.0180328
73,Sample_S19S_0010_Wat,315.035781
65,Sample_S19S_0010_Wat,315.0510397
45,Sample_S19S_0010_Wat,315.0544106
84,Sample_S19S_0010_Wat,315.0721791
33,Sample_S19S_0010_Wat,315.0873994
8,Sample_S19S_0010_Wat,315.0907452
67,Sample_S19S_0010_Wat,315.1085755
62,Sample_S19S_0010_Wat,315.1238052
47,Sample_S19S_0010_Wat,315.1449559
40,Sample_S19S_0010_Wat,316.0463145
43,Sample_S19S_0010_Wat,316.0674166
49,Sample_S19S_0010_Wat,316.0826874
58,Sample_S19S_0010_Wat,316.1038062
73,Sample_S19S_0010_Wat,317.0303382
6,Sample_S19S_0010_Wat,317.0337185
72,Sample_S19S_0010_Wat,317.0514233
84,Sample_S19S_0010_Wat,317.0666936
36,Sample_S19S_0010_Wat,317.0700656
2,Sample_S19S_0010_Wat,317.0780371
95,Sample_S19S_0010_Wat,317.0878157
62,Sample_S19S_0010_Wat,317.1030588
7,Sample_S19S_0010_Wat,317.1063977
50,Sample_S19S_0010_Wat,317.124227
64,Sample_S19S_0010_Wat,317.1394552
26,Sample_S19S_0010_Wat,318.0255948
55,Sample_S19S_0010_Wat,318.0619419
22,Sample_S19S_0010_Wat,318.0831173
42,Sample_S19S_0010_Wat,318.0982984
22,Sample_S19S_0010_Wat,318.1194966
48,Sample_S19S_0010_Wat,319.009608
27,Sample_S19S_0010_Wat,319.0460069
7,Sample_S19S_0010_Wat,319.0493681
45,Sample_S19S_0010_Wat,319.0670953
84,Sample_S19S_0010_Wat,319.0823624
36,Sample_S19S_0010_Wat,319.0857041
2,Sample_S19S_0010_Wat,319.0936659
40,Sample_S19S_0010_Wat,319.103481
90,Sample_S19S_0010_Wat,319.1187158
56,Sample_S19S_0010_Wat,319.1551015
49,Sample_S19S_0010_Wat,320.0412195
51,Sample_S19S_0010_Wat,320.0776287
20,Sample_S19S_0010_Wat,320.0987676
19,Sample_S19S_0010_Wat,320.1140206
19,Sample_S19S_0010_Wat,320.1351354
76,Sample_S19S_0010_Wat,321.0252313
81,Sample_S19S_0010_Wat,321.0616406
12,Sample_S19S_0010_Wat,321.0649964
10,Sample_S19S_0010_Wat,321.0728956
46,Sample_S19S_0010_Wat,321.0980285
7,Sample_S19S_0010_Wat,321.1013887
4,Sample_S19S_0010_Wat,321.1093021
75,Sample_S19S_0010_Wat,321.1343949
42,Sample_S19S_0010_Wat,321.1707672
28,Sample_S19S_0010_Wat,322.0204668
69,Sample_S19S_0010_Wat,322.0568903
70,Sample_S19S_0010_Wat,322.0932669
5,Sample_S19S_0010_Wat,322.1144282
60,Sample_S19S_0010_Wat,323.0044879
82,Sample_S19S_0010_Wat,323.0408542
10,Sample_S19S_0010_Wat,323.0521494
115,Sample_S19S_0010_Wat,323.0772527
29,Sample_S19S_0010_Wat,323.0884973
62,Sample_S19S_0010_Wat,323.1136726
20,Sample_S19S_0010_Wat,323.1249109
58,Sample_S19S_0010_Wat,323.1500462
31,Sample_S19S_0010_Wat,323.1864241
55,Sample_S19S_0010_Wat,324.0361498
73,Sample_S19S_0010_Wat,324.0725027
58,Sample_S19S_0010_Wat,324.108871
23,Sample_S19S_0010_Wat,325.0201894
95,Sample_S19S_0010_Wat,325.0565425
7,Sample_S19S_0010_Wat,325.0678176
30,Sample_S19S_0010_Wat,325.0751326
117,Sample_S19S_0010_Wat,325.0928926
28,Sample_S19S_0010_Wat,325.1041654
27,Sample_S19S_0010_Wat,325.111525
83,Sample_S19S_0010_Wat,325.1292996
39,Sample_S19S_0010_Wat,325.1657004
1,Sample_S19S_0010_Wat,325.1842438
54,Sample_S19S_0010_Wat,326.0518083
69,Sample_S19S_0010_Wat,326.0881656
54,Sample_S19S_0010_Wat,326.1245662
11,Sample_S19S_0010_Wat,327.0180623
78,Sample_S19S_0010_Wat,327.035782
49,Sample_S19S_0010_Wat,327.0510536
12,Sample_S19S_0010_Wat,327.0543882
81,Sample_S19S_0010_Wat,327.0722018
28,Sample_S19S_0010_Wat,327.0834311
57,Sample_S19S_0010_Wat,327.0874372
8,Sample_S19S_0010_Wat,327.090737
80,Sample_S19S_0010_Wat,327.1085831
3,Sample_S19S_0010_Wat,327.1198419
5,Sample_S19S_0010_Wat,327.1271924
69,Sample_S19S_0010_Wat,327.1449492
52,Sample_S19S_0010_Wat,328.067419
66,Sample_S19S_0010_Wat,328.1037984
18,Sample_S19S_0010_Wat,329.0151141
54,Sample_S19S_0010_Wat,329.0303285
35,Sample_S19S_0010_Wat,329.0336784
53,Sample_S19S_0010_Wat,329.0514722
30,Sample_S19S_0010_Wat,329.0667319
44,Sample_S19S_0010_Wat,329.0700573
109,Sample_S19S_0010_Wat,329.0878075
57,Sample_S19S_0010_Wat,329.1030905
29,Sample_S19S_0010_Wat,329.1064332
68,Sample_S19S_0010_Wat,329.1242163
1,Sample_S19S_0010_Wat,329.152419
22,Sample_S19S_0010_Wat,330.0467323
39,Sample_S19S_0010_Wat,330.0619755
30,Sample_S19S_0010_Wat,330.0831155
49,Sample_S19S_0010_Wat,330.1194763
34,Sample_S19S_0010_Wat,331.0095615
58,Sample_S19S_0010_Wat,331.0307044
48,Sample_S19S_0010_Wat,331.0459941
31,Sample_S19S_0010_Wat,331.0493372
68,Sample_S19S_0010_Wat,331.0670688
69,Sample_S19S_0010_Wat,331.0823608
38,Sample_S19S_0010_Wat,331.0857029
52,Sample_S19S_0010_Wat,331.1034998
80,Sample_S19S_0010_Wat,331.1187275
8,Sample_S19S_0010_Wat,331.122066
22,Sample_S19S_0010_Wat,331.1399002
15,Sample_S19S_0010_Wat,331.155166
46,Sample_S19S_0010_Wat,332.0412408
36,Sample_S19S_0010_Wat,332.0623668
56,Sample_S19S_0010_Wat,332.0775831
44,Sample_S19S_0010_Wat,332.0987468
44,Sample_S19S_0010_Wat,332.1139958
29,Sample_S19S_0010_Wat,332.1351167
32,Sample_S19S_0010_Wat,333.0252702
41,Sample_S19S_0010_Wat,333.0463704
44,Sample_S19S_0010_Wat,333.0616512
5,Sample_S19S_0010_Wat,333.0650225
43,Sample_S19S_0010_Wat,333.08277
84,Sample_S19S_0010_Wat,333.0980074
24,Sample_S19S_0010_Wat,333.1013488
11,Sample_S19S_0010_Wat,333.1191757
38,Sample_S19S_0010_Wat,333.1344131
21,Sample_S19S_0010_Wat,333.137741
26,Sample_S19S_0010_Wat,333.1707943
64,Sample_S19S_0010_Wat,334.0568812
25,Sample_S19S_0010_Wat,334.0780188
47,Sample_S19S_0010_Wat,334.0932769
11,Sample_S19S_0010_Wat,334.1144217
47,Sample_S19S_0010_Wat,335.004499
59,Sample_S19S_0010_Wat,335.0409093
7,Sample_S19S_0010_Wat,335.0442667
4,Sample_S19S_0010_Wat,335.0521847
96,Sample_S19S_0010_Wat,335.0772597
32,Sample_S19S_0010_Wat,335.0806299
58,Sample_S19S_0010_Wat,335.1136067
68,Sample_S19S_0010_Wat,335.150042
37,Sample_S19S_0010_Wat,335.1864245
1,Sample_S19S_0010_Wat,335.2358032
26,Sample_S19S_0010_Wat,336.0361684
32,Sample_S19S_0010_Wat,336.0725571
1,Sample_S19S_0010_Wat,336.0937181
64,Sample_S19S_0010_Wat,336.1089144
1,Sample_S19S_0010_Wat,336.1301036
3,Sample_S19S_0010_Wat,336.1453517
73,Sample_S19S_0010_Wat,337.0201415
63,Sample_S19S_0010_Wat,337.0564852
22,Sample_S19S_0010_Wat,337.0677837
16,Sample_S19S_0010_Wat,337.0695448
112,Sample_S19S_0010_Wat,337.0929176
9,Sample_S19S_0010_Wat,337.1041904
110,Sample_S19S_0010_Wat,337.1292866
59,Sample_S19S_0010_Wat,337.1656867
14,Sample_S19S_0010_Wat,338.0518396
75,Sample_S19S_0010_Wat,338.0881798
44,Sample_S19S_0010_Wat,338.1245766
6,Sample_S19S_0010_Wat,339.0180613
74,Sample_S19S_0010_Wat,339.0357996
119,Sample_S19S_0010_Wat,339.0721726
7,Sample_S19S_0010_Wat,339.0834699
123,Sample_S19S_0010_Wat,339.1085453
26,Sample_S19S_0010_Wat,339.1198231
18,Sample_S19S_0010_Wat,339.1271705
36,Sample_S19S_0010_Wat,339.1449816
39,Sample_S19S_0010_Wat,339.1813533
1,Sample_S19S_0010_Wat,339.1999929
44,Sample_S19S_0010_Wat,340.0310651
19,Sample_S19S_0010_Wat,340.0674792
67,Sample_S19S_0010_Wat,340.1038147
53,Sample_S19S_0010_Wat,340.1401964
62,Sample_S19S_0010_Wat,341.0150623
27,Sample_S19S_0010_Wat,341.0302897
12,Sample_S19S_0010_Wat,341.0336306
80,Sample_S19S_0010_Wat,341.0514621
32,Sample_S19S_0010_Wat,341.0667303
13,Sample_S19S_0010_Wat,341.0700215
119,Sample_S19S_0010_Wat,341.0878109
24,Sample_S19S_0010_Wat,341.0990914
26,Sample_S19S_0010_Wat,341.1031062
8,Sample_S19S_0010_Wat,341.1064053
37,Sample_S19S_0010_Wat,341.12425
18,Sample_S19S_0010_Wat,341.1428161
52,Sample_S19S_0010_Wat,341.1606173
44,Sample_S19S_0010_Wat,342.0467143
61,Sample_S19S_0010_Wat,342.0830768
48,Sample_S19S_0010_Wat,342.1194926
63,Sample_S19S_0010_Wat,343.0307124
49,Sample_S19S_0010_Wat,343.0459579
11,Sample_S19S_0010_Wat,343.0492868
58,Sample_S19S_0010_Wat,343.067113
19,Sample_S19S_0010_Wat,343.0823925
36,Sample_S19S_0010_Wat,343.0857039
105,Sample_S19S_0010_Wat,343.1034685
44,Sample_S19S_0010_Wat,343.1187422
16,Sample_S19S_0010_Wat,343.1399075
30,Sample_S19S_0010_Wat,343.1551386
39,Sample_S19S_0010_Wat,343.1762631
24,Sample_S19S_0010_Wat,344.0412523
47,Sample_S19S_0010_Wat,344.0623517
53,Sample_S19S_0010_Wat,344.0775907
42,Sample_S19S_0010_Wat,344.0987606
2,Sample_S19S_0010_Wat,344.1350437
57,Sample_S19S_0010_Wat,345.0252491
25,Sample_S19S_0010_Wat,345.0286059
55,Sample_S19S_0010_Wat,345.0463327
71,Sample_S19S_0010_Wat,345.0616254
33,Sample_S19S_0010_Wat,345.0649742
59,Sample_S19S_0010_Wat,345.0827674
68,Sample_S19S_0010_Wat,345.0980089
17,Sample_S19S_0010_Wat,345.1013399
54,Sample_S19S_0010_Wat,345.1191373
22,Sample_S19S_0010_Wat,345.1344288
30,Sample_S19S_0010_Wat,345.1555412
47,Sample_S19S_0010_Wat,345.170772
36,Sample_S19S_0010_Wat,346.0569005
38,Sample_S19S_0010_Wat,346.07802
55,Sample_S19S_0010_Wat,346.0932318
46,Sample_S19S_0010_Wat,346.1143644
41,Sample_S19S_0010_Wat,346.1296472
20,Sample_S19S_0010_Wat,346.1507606
1,Sample_S19S_0010_Wat,346.2154294
74,Sample_S19S_0010_Wat,347.0408756
38,Sample_S19S_0010_Wat,347.0442381
41,Sample_S19S_0010_Wat,347.0620279
99,Sample_S19S_0010_Wat,347.0772564
12,Sample_S19S_0010_Wat,347.0805924
28,Sample_S19S_0010_Wat,347.0903002
65,Sample_S19S_0010_Wat,347.0983726
43,Sample_S19S_0010_Wat,347.1136821
27,Sample_S19S_0010_Wat,347.1170036
26,Sample_S19S_0010_Wat,347.1348045
74,Sample_S19S_0010_Wat,347.1500262
11,Sample_S19S_0010_Wat,347.1864695
37,Sample_S19S_0010_Wat,348.0361356
29,Sample_S19S_0010_Wat,348.0725611
66,Sample_S19S_0010_Wat,348.1089104
10,Sample_S19S_0010_Wat,348.1300774
52,Sample_S19S_0010_Wat,348.1452906
1,Sample_S19S_0010_Wat,348.231087
64,Sample_S19S_0010_Wat,349.0201636
27,Sample_S19S_0010_Wat,349.0564693
10,Sample_S19S_0010_Wat,349.0598406
1,Sample_S19S_0010_Wat,349.0678584
85,Sample_S19S_0010_Wat,349.0929209
11,Sample_S19S_0010_Wat,349.0962266
22,Sample_S19S_0010_Wat,349.1059291
85,Sample_S19S_0010_Wat,349.129303
4,Sample_S19S_0010_Wat,349.1325881
65,Sample_S19S_0010_Wat,349.1656793
12,Sample_S19S_0010_Wat,349.2021049
16,Sample_S19S_0010_Wat,350.0518357
18,Sample_S19S_0010_Wat,350.072928
77,Sample_S19S_0010_Wat,350.0881844
20,Sample_S19S_0010_Wat,350.1245924
16,Sample_S19S_0010_Wat,350.1457077
75,Sample_S19S_0010_Wat,351.0357871
14,Sample_S19S_0010_Wat,351.0488144
84,Sample_S19S_0010_Wat,351.0721501
55,Sample_S19S_0010_Wat,351.1085115
24,Sample_S19S_0010_Wat,351.121581
47,Sample_S19S_0010_Wat,351.1449775
43,Sample_S19S_0010_Wat,351.1813076
31,Sample_S19S_0010_Wat,352.0310225
29,Sample_S19S_0010_Wat,352.0674721
66,Sample_S19S_0010_Wat,352.1038206
28,Sample_S19S_0010_Wat,352.140233
62,Sample_S19S_0010_Wat,353.0150696
29,Sample_S19S_0010_Wat,353.0303338
22,Sample_S19S_0010_Wat,353.0336695
58,Sample_S19S_0010_Wat,353.0514753
2,Sample_S19S_0010_Wat,353.0627608
116,Sample_S19S_0010_Wat,353.0878166
17,Sample_S19S_0010_Wat,353.0990962
13,Sample_S19S_0010_Wat,353.1008561
81,Sample_S19S_0010_Wat,353.124233
49,Sample_S19S_0010_Wat,353.1605629
30,Sample_S19S_0010_Wat,353.1970034
53,Sample_S19S_0010_Wat,354.0467104
75,Sample_S19S_0010_Wat,354.0830704
57,Sample_S19S_0010_Wat,354.1194893
51,Sample_S19S_0010_Wat,354.1558443
6,Sample_S19S_0010_Wat,355.0129751
65,Sample_S19S_0010_Wat,355.0306981
40,Sample_S19S_0010_Wat,355.0459559
76,Sample_S19S_0010_Wat,355.0671162
3,Sample_S19S_0010_Wat,355.0784081
5,Sample_S19S_0010_Wat,355.0824171
8,Sample_S19S_0010_Wat,355.0856467
108,Sample_S19S_0010_Wat,355.1034699
36,Sample_S19S_0010_Wat,355.1147135
23,Sample_S19S_0010_Wat,355.1399086
44,Sample_S19S_0010_Wat,355.1762476
2,Sample_S19S_0010_Wat,356.0412949
67,Sample_S19S_0010_Wat,356.0623586
52,Sample_S19S_0010_Wat,356.0776181
31,Sample_S19S_0010_Wat,356.0987693
49,Sample_S19S_0010_Wat,356.1350838
30,Sample_S19S_0010_Wat,356.1715182
30,Sample_S19S_0010_Wat,357.0251986
12,Sample_S19S_0010_Wat,357.028543
60,Sample_S19S_0010_Wat,357.046323
56,Sample_S19S_0010_Wat,357.061636
8,Sample_S19S_0010_Wat,357.0649448
92,Sample_S19S_0010_Wat,357.0827228
50,Sample_S19S_0010_Wat,357.0979761
7,Sample_S19S_0010_Wat,357.1012479
25,Sample_S19S_0010_Wat,357.1110353
102,Sample_S19S_0010_Wat,357.1191097
31,Sample_S19S_0010_Wat,357.134414
71,Sample_S19S_0010_Wat,357.1554992
19,Sample_S19S_0010_Wat,358.0416411
51,Sample_S19S_0010_Wat,358.0568909
53,Sample_S19S_0010_Wat,358.077999
50,Sample_S19S_0010_Wat,358.0932734
18,Sample_S19S_0010_Wat,358.1507103
43,Sample_S19S_0010_Wat,359.0045133
12,Sample_S19S_0010_Wat,359.0256737
19,Sample_S19S_0010_Wat,359.0409252
19,Sample_S19S_0010_Wat,359.0442657
66,Sample_S19S_0010_Wat,359.0619959
64,Sample_S19S_0010_Wat,359.077285
44,Sample_S19S_0010_Wat,359.0806207
36,Sample_S19S_0010_Wat,359.0984239
6,Sample_S19S_0010_Wat,359.1169502
53,Sample_S19S_0010_Wat,359.1347452
66,Sample_S19S_0010_Wat,359.1500213
41,Sample_S19S_0010_Wat,359.1711775
38,Sample_S19S_0010_Wat,359.1864203
47,Sample_S19S_0010_Wat,360.0361542
35,Sample_S19S_0010_Wat,360.093678
52,Sample_S19S_0010_Wat,360.108919
5,Sample_S19S_0010_Wat,360.1299489
52,Sample_S19S_0010_Wat,361.0201475
51,Sample_S19S_0010_Wat,361.0412698
57,Sample_S19S_0010_Wat,361.056505
15,Sample_S19S_0010_Wat,361.0598496
18,Sample_S19S_0010_Wat,361.069538
40,Sample_S19S_0010_Wat,361.077621
80,Sample_S19S_0010_Wat,361.0929312
43,Sample_S19S_0010_Wat,361.0962708
45,Sample_S19S_0010_Wat,361.1140532
101,Sample_S19S_0010_Wat,361.1292859
4,Sample_S19S_0010_Wat,361.132556
32,Sample_S19S_0010_Wat,361.1423317
56,Sample_S19S_0010_Wat,361.1504109
42,Sample_S19S_0010_Wat,361.1657046
75,Sample_S19S_0010_Wat,362.0881611
18,Sample_S19S_0010_Wat,362.1093336
8,Sample_S19S_0010_Wat,362.1246138
73,Sample_S19S_0010_Wat,363.0357881
53,Sample_S19S_0010_Wat,363.0722122
20,Sample_S19S_0010_Wat,363.0755589
30,Sample_S19S_0010_Wat,363.0932688
93,Sample_S19S_0010_Wat,363.108539
3,Sample_S19S_0010_Wat,363.1118361
21,Sample_S19S_0010_Wat,363.1215932
37,Sample_S19S_0010_Wat,363.1449786
25,Sample_S19S_0010_Wat,363.1812892
43,Sample_S19S_0010_Wat,364.0310639
62,Sample_S19S_0010_Wat,364.0674047
19,Sample_S19S_0010_Wat,364.0885367
69,Sample_S19S_0010_Wat,364.1038292
62,Sample_S19S_0010_Wat,364.1401707
60,Sample_S19S_0010_Wat,365.015069
29,Sample_S19S_0010_Wat,365.0513776
14,Sample_S19S_0010_Wat,365.0644569
98,Sample_S19S_0010_Wat,365.0878382
28,Sample_S19S_0010_Wat,365.1008669
47,Sample_S19S_0010_Wat,365.1241727
19,Sample_S19S_0010_Wat,365.137244
23,Sample_S19S_0010_Wat,365.1606438
36,Sample_S19S_0010_Wat,365.1969623
79,Sample_S19S_0010_Wat,366.0830912
72,Sample_S19S_0010_Wat,366.1194629
8,Sample_S19S_0010_Wat,366.1558943
63,Sample_S19S_0010_Wat,367.0306865
100,Sample_S19S_0010_Wat,367.0671094
118,Sample_S19S_0010_Wat,367.1034613
19,Sample_S19S_0010_Wat,367.1165264
14,Sample_S19S_0010_Wat,367.1399195
50,Sample_S19S_0010_Wat,367.1762158
25,Sample_S19S_0010_Wat,367.2126519
21,Sample_S19S_0010_Wat,368.0623951
90,Sample_S19S_0010_Wat,368.0987097
58,Sample_S19S_0010_Wat,368.1351331
19,Sample_S19S_0010_Wat,369.0252119
7,Sample_S19S_0010_Wat,369.0285398
55,Sample_S19S_0010_Wat,369.0463181
50,Sample_S19S_0010_Wat,369.061629
6,Sample_S19S_0010_Wat,369.0648494
87,Sample_S19S_0010_Wat,369.0827443
24,Sample_S19S_0010_Wat,369.111039
30,Sample_S19S_0010_Wat,369.1190631
64,Sample_S19S_0010_Wat,369.1555194
16,Sample_S19S_0010_Wat,369.1837969
18,Sample_S19S_0010_Wat,369.1918398
21,Sample_S19S_0010_Wat,370.0568279
62,Sample_S19S_0010_Wat,370.0779692
39,Sample_S19S_0010_Wat,370.1507341
26,Sample_S19S_0010_Wat,371.0255725
40,Sample_S19S_0010_Wat,371.0408802
8,Sample_S19S_0010_Wat,371.0441824
78,Sample_S19S_0010_Wat,371.0620102
8,Sample_S19S_0010_Wat,371.0805043
20,Sample_S19S_0010_Wat,371.0902981
48,Sample_S19S_0010_Wat,371.0983408
48,Sample_S19S_0010_Wat,371.1136558
7,Sample_S19S_0010_Wat,371.1169082
61,Sample_S19S_0010_Wat,371.1347918
55,Sample_S19S_0010_Wat,371.1500297
50,Sample_S19S_0010_Wat,371.171134
33,Sample_S19S_0010_Wat,372.0361265
40,Sample_S19S_0010_Wat,372.0572277
49,Sample_S19S_0010_Wat,372.0725108
7,Sample_S19S_0010_Wat,372.0855522
57,Sample_S19S_0010_Wat,372.1300076
36,Sample_S19S_0010_Wat,372.1663973
30,Sample_S19S_0010_Wat,373.0201141
6,Sample_S19S_0010_Wat,373.0331394
49,Sample_S19S_0010_Wat,373.0412407
70,Sample_S19S_0010_Wat,373.0565482
17,Sample_S19S_0010_Wat,373.0599109
36,Sample_S19S_0010_Wat,373.0776886
46,Sample_S19S_0010_Wat,373.09294
19,Sample_S19S_0010_Wat,373.0962346
31,Sample_S19S_0010_Wat,373.1059583
62,Sample_S19S_0010_Wat,373.1140108
2,Sample_S19S_0010_Wat,373.1325699
15,Sample_S19S_0010_Wat,373.1504711
16,Sample_S19S_0010_Wat,373.1657318
8,Sample_S19S_0010_Wat,374.0729636
1,Sample_S19S_0010_Wat,374.1011509
13,Sample_S19S_0010_Wat,374.1245961
43,Sample_S19S_0010_Wat,374.1456527
10,Sample_S19S_0010_Wat,374.9994641
28,Sample_S19S_0010_Wat,375.0358416
22,Sample_S19S_0010_Wat,375.0569615
75,Sample_S19S_0010_Wat,375.0721973
35,Sample_S19S_0010_Wat,375.0755416
29,Sample_S19S_0010_Wat,375.0852221
45,Sample_S19S_0010_Wat,375.0932745
8,Sample_S19S_0010_Wat,375.1118457
34,Sample_S19S_0010_Wat,375.1297066
84,Sample_S19S_0010_Wat,375.1449442
30,Sample_S19S_0010_Wat,375.1579842
21,Sample_S19S_0010_Wat,375.1660121
33,Sample_S19S_0010_Wat,375.1812892
16,Sample_S19S_0010_Wat,375.194367
24,Sample_S19S_0010_Wat,376.031082
58,Sample_S19S_0010_Wat,376.0674564
32,Sample_S19S_0010_Wat,376.1249335
37,Sample_S19S_0010_Wat,377.0150486
81,Sample_S19S_0010_Wat,377.0514538
26,Sample_S19S_0010_Wat,377.0548048
36,Sample_S19S_0010_Wat,377.0725712
65,Sample_S19S_0010_Wat,377.0877952
8,Sample_S19S_0010_Wat,377.0911145
21,Sample_S19S_0010_Wat,377.100823
11,Sample_S19S_0010_Wat,377.1088705
101,Sample_S19S_0010_Wat,377.1241915
5,Sample_S19S_0010_Wat,377.1274434
27,Sample_S19S_0010_Wat,377.1372608
64,Sample_S19S_0010_Wat,377.1606102
21,Sample_S19S_0010_Wat,377.1735945
22,Sample_S19S_0010_Wat,377.1969233
25,Sample_S19S_0010_Wat,378.0466478
14,Sample_S19S_0010_Wat,378.0678072
61,Sample_S19S_0010_Wat,378.0831073
79,Sample_S19S_0010_Wat,378.1194361
55,Sample_S19S_0010_Wat,378.1558494
67,Sample_S19S_0010_Wat,379.0307221
29,Sample_S19S_0010_Wat,379.0670295
6,Sample_S19S_0010_Wat,379.0703337
18,Sample_S19S_0010_Wat,379.0800689
119,Sample_S19S_0010_Wat,379.1034645
30,Sample_S19S_0010_Wat,379.1165229
99,Sample_S19S_0010_Wat,379.1398402
23,Sample_S19S_0010_Wat,379.1528588
63,Sample_S19S_0010_Wat,379.1762343
11,Sample_S19S_0010_Wat,380.0259079
78,Sample_S19S_0010_Wat,380.0987084
81,Sample_S19S_0010_Wat,380.1350974
18,Sample_S19S_0010_Wat,381.0099072
76,Sample_S19S_0010_Wat,381.0463502
33,Sample_S19S_0010_Wat,381.0826619
33,Sample_S19S_0010_Wat,381.0939738
109,Sample_S19S_0010_Wat,381.1191186
24,Sample_S19S_0010_Wat,381.1321708
89,Sample_S19S_0010_Wat,381.1555031
37,Sample_S19S_0010_Wat,381.1918695
36,Sample_S19S_0010_Wat,382.0415806
67,Sample_S19S_0010_Wat,382.0779661
76,Sample_S19S_0010_Wat,382.1143936
15,Sample_S19S_0010_Wat,382.1507159
11,Sample_S19S_0010_Wat,383.0078699
32,Sample_S19S_0010_Wat,383.0255766
10,Sample_S19S_0010_Wat,383.040804
47,Sample_S19S_0010_Wat,383.0619616
44,Sample_S19S_0010_Wat,383.0772634
3,Sample_S19S_0010_Wat,383.0804294
108,Sample_S19S_0010_Wat,383.0983806
22,Sample_S19S_0010_Wat,383.1095949
40,Sample_S19S_0010_Wat,383.1136188
27,Sample_S19S_0010_Wat,383.1266887
37,Sample_S19S_0010_Wat,383.1347075
36,Sample_S19S_0010_Wat,383.1711132
37,Sample_S19S_0010_Wat,383.2075249
36,Sample_S19S_0010_Wat,384.0572385
68,Sample_S19S_0010_Wat,384.0936599
36,Sample_S19S_0010_Wat,384.1664077
17,Sample_S19S_0010_Wat,385.0201172
7,Sample_S19S_0010_Wat,385.0234761
11,Sample_S19S_0010_Wat,385.0331631
25,Sample_S19S_0010_Wat,385.0412026
40,Sample_S19S_0010_Wat,385.0564963
3,Sample_S19S_0010_Wat,385.0597522
87,Sample_S19S_0010_Wat,385.0776412
59,Sample_S19S_0010_Wat,385.0929264
10,Sample_S19S_0010_Wat,385.0961706
39,Sample_S19S_0010_Wat,385.1139909
35,Sample_S19S_0010_Wat,385.1292595
25,Sample_S19S_0010_Wat,385.1423072
40,Sample_S19S_0010_Wat,385.1503825
34,Sample_S19S_0010_Wat,385.1868285
7,Sample_S19S_0010_Wat,386.0517072
45,Sample_S19S_0010_Wat,386.0728862
58,Sample_S19S_0010_Wat,386.0881802
9,Sample_S19S_0010_Wat,386.1012164
56,Sample_S19S_0010_Wat,386.1093009
37,Sample_S19S_0010_Wat,386.1820531
33,Sample_S19S_0010_Wat,387.0205032
59,Sample_S19S_0010_Wat,387.0358113
24,Sample_S19S_0010_Wat,387.0391593
27,Sample_S19S_0010_Wat,387.0568488
18,Sample_S19S_0010_Wat,387.0721252
8,Sample_S19S_0010_Wat,387.075423
22,Sample_S19S_0010_Wat,387.0851909
32,Sample_S19S_0010_Wat,387.0932457
85,Sample_S19S_0010_Wat,387.1085636
6,Sample_S19S_0010_Wat,387.1118261
88,Sample_S19S_0010_Wat,387.1296791
22,Sample_S19S_0010_Wat,387.1579654
15,Sample_S19S_0010_Wat,387.1659841
28,Sample_S19S_0010_Wat,387.1812925
16,Sample_S19S_0010_Wat,387.19436
9,Sample_S19S_0010_Wat,388.0309868
69,Sample_S19S_0010_Wat,388.0674506
7,Sample_S19S_0010_Wat,388.080429
44,Sample_S19S_0010_Wat,388.1037783
51,Sample_S19S_0010_Wat,388.1249219
30,Sample_S19S_0010_Wat,389.0150297
10,Sample_S19S_0010_Wat,389.0280824
28,Sample_S19S_0010_Wat,389.036144
54,Sample_S19S_0010_Wat,389.051417
4,Sample_S19S_0010_Wat,389.054731
14,Sample_S19S_0010_Wat,389.0644457
22,Sample_S19S_0010_Wat,389.0724972
79,Sample_S19S_0010_Wat,389.0878118
10,Sample_S19S_0010_Wat,389.0911204
29,Sample_S19S_0010_Wat,389.1008827
37,Sample_S19S_0010_Wat,389.108981
98,Sample_S19S_0010_Wat,389.1242045
6,Sample_S19S_0010_Wat,389.1274498
23,Sample_S19S_0010_Wat,389.1372295
19,Sample_S19S_0010_Wat,389.1452618
29,Sample_S19S_0010_Wat,389.1605387
21,Sample_S19S_0010_Wat,389.1736085
42,Sample_S19S_0010_Wat,389.1969883
36,Sample_S19S_0010_Wat,390.0466839
81,Sample_S19S_0010_Wat,390.083092
31,Sample_S19S_0010_Wat,391.0307447
49,Sample_S19S_0010_Wat,391.0670531
9,Sample_S19S_0010_Wat,391.070384
16,Sample_S19S_0010_Wat,391.0881255
51,Sample_S19S_0010_Wat,391.1034381
3,Sample_S19S_0010_Wat,391.1066925
25,Sample_S19S_0010_Wat,391.1245591
52,Sample_S19S_0010_Wat,391.1398852
14,Sample_S19S_0010_Wat,391.1528412
38,Sample_S19S_0010_Wat,391.1762035
9,Sample_S19S_0010_Wat,391.1892281
31,Sample_S19S_0010_Wat,391.212612
20,Sample_S19S_0010_Wat,392.0259958
53,Sample_S19S_0010_Wat,392.06231
17,Sample_S19S_0010_Wat,392.0834684
81,Sample_S19S_0010_Wat,392.098752
24,Sample_S19S_0010_Wat,392.1198706
68,Sample_S19S_0010_Wat,392.1351125
47,Sample_S19S_0010_Wat,393.0463154
12,Sample_S19S_0010_Wat,393.0593644
86,Sample_S19S_0010_Wat,393.0827628
92,Sample_S19S_0010_Wat,393.1191285
23,Sample_S19S_0010_Wat,393.1321265
2,Sample_S19S_0010_Wat,393.1475032
45,Sample_S19S_0010_Wat,393.1554711
17,Sample_S19S_0010_Wat,393.1685262
22,Sample_S19S_0010_Wat,393.1919402
36,Sample_S19S_0010_Wat,394.0415806
44,Sample_S19S_0010_Wat,394.078026
48,Sample_S19S_0010_Wat,394.1144108
35,Sample_S19S_0010_Wat,395.0255818
62,Sample_S19S_0010_Wat,395.0619708
55,Sample_S19S_0010_Wat,395.0984243
19,Sample_S19S_0010_Wat,395.1114167
121,Sample_S19S_0010_Wat,395.1347697
19,Sample_S19S_0010_Wat,395.1477706
49,Sample_S19S_0010_Wat,395.171191
13,Sample_S19S_0010_Wat,395.2075813
71,Sample_S19S_0010_Wat,396.0936653
39,Sample_S19S_0010_Wat,396.13006
60,Sample_S19S_0010_Wat,396.1664019
51,Sample_S19S_0010_Wat,397.0412485
35,Sample_S19S_0010_Wat,397.0565368
4,Sample_S19S_0010_Wat,397.0597441
32,Sample_S19S_0010_Wat,397.0775828
3,Sample_S19S_0010_Wat,397.0960818
20,Sample_S19S_0010_Wat,397.1059758
72,Sample_S19S_0010_Wat,397.1140135
89,Sample_S19S_0010_Wat,397.1504225
24,Sample_S19S_0010_Wat,397.1867602
5,Sample_S19S_0010_Wat,398.0364549
28,Sample_S19S_0010_Wat,398.0517674
62,Sample_S19S_0010_Wat,398.0729329
68,Sample_S19S_0010_Wat,398.1456531
43,Sample_S19S_0010_Wat,398.182038
31,Sample_S19S_0010_Wat,399.0205105
13,Sample_S19S_0010_Wat,399.0356696
4,Sample_S19S_0010_Wat,399.0390544
9,Sample_S19S_0010_Wat,399.0488349
20,Sample_S19S_0010_Wat,399.0568344
35,Sample_S19S_0010_Wat,399.0721389
28,Sample_S19S_0010_Wat,399.085227
70,Sample_S19S_0010_Wat,399.0932727
21,Sample_S19S_0010_Wat,399.1086044
5,Sample_S19S_0010_Wat,399.1117451
66,Sample_S19S_0010_Wat,399.1296635
44,Sample_S19S_0010_Wat,399.1449193
1,Sample_S19S_0010_Wat,399.1480952
16,Sample_S19S_0010_Wat,399.1579458
4,Sample_S19S_0010_Wat,399.1659287
11,Sample_S19S_0010_Wat,399.1812586
15,Sample_S19S_0010_Wat,399.1943775
33,Sample_S19S_0010_Wat,399.2024375
20,Sample_S19S_0010_Wat,400.0674729
3,Sample_S19S_0010_Wat,400.1167843
39,Sample_S19S_0010_Wat,400.1249077
34,Sample_S19S_0010_Wat,401.0150794
27,Sample_S19S_0010_Wat,401.0362034
64,Sample_S19S_0010_Wat,401.0514549
14,Sample_S19S_0010_Wat,401.0547584
18,Sample_S19S_0010_Wat,401.0644945
24,Sample_S19S_0010_Wat,401.0725084
68,Sample_S19S_0010_Wat,401.0878209
8,Sample_S19S_0010_Wat,401.0910681
60,Sample_S19S_0010_Wat,401.1089631
5,Sample_S19S_0010_Wat,401.1273966
70,Sample_S19S_0010_Wat,401.1453284
64,Sample_S19S_0010_Wat,401.1605804
17,Sample_S19S_0010_Wat,401.1736033
17,Sample_S19S_0010_Wat,401.1816514
18,Sample_S19S_0010_Wat,401.1969344
31,Sample_S19S_0010_Wat,402.0466811
15,Sample_S19S_0010_Wat,402.0831391
10,Sample_S19S_0010_Wat,402.0961225
5,Sample_S19S_0010_Wat,402.1042761
3,Sample_S19S_0010_Wat,402.1324119
30,Sample_S19S_0010_Wat,402.1405573
16,Sample_S19S_0010_Wat,403.0305846
11,Sample_S19S_0010_Wat,403.0437271
20,Sample_S19S_0010_Wat,403.0517845
78,Sample_S19S_0010_Wat,403.0671122
15,Sample_S19S_0010_Wat,403.0704072
60,Sample_S19S_0010_Wat,403.0881974
68,Sample_S19S_0010_Wat,403.1034476
4,Sample_S19S_0010_Wat,403.1066431
24,Sample_S19S_0010_Wat,403.1164656
20,Sample_S19S_0010_Wat,403.1245163
87,Sample_S19S_0010_Wat,403.1398463
29,Sample_S19S_0010_Wat,403.1529106
29,Sample_S19S_0010_Wat,403.1609357
30,Sample_S19S_0010_Wat,403.1762826
31,Sample_S19S_0010_Wat,403.2126282
18,Sample_S19S_0010_Wat,404.025924
75,Sample_S19S_0010_Wat,404.0623618
31,Sample_S19S_0010_Wat,404.0834492
76,Sample_S19S_0010_Wat,404.1351085
17,Sample_S19S_0010_Wat,404.1926065
11,Sample_S19S_0010_Wat,405.0098791
69,Sample_S19S_0010_Wat,405.0463718
35,Sample_S19S_0010_Wat,405.0674473
52,Sample_S19S_0010_Wat,405.0827082
4,Sample_S19S_0010_Wat,405.0859264
7,Sample_S19S_0010_Wat,405.103722
31,Sample_S19S_0010_Wat,405.1190623
2,Sample_S19S_0010_Wat,405.1221627
32,Sample_S19S_0010_Wat,405.1321292
11,Sample_S19S_0010_Wat,405.1401404
52,Sample_S19S_0010_Wat,405.1555362
26,Sample_S19S_0010_Wat,405.1685606
40,Sample_S19S_0010_Wat,405.1918632
13,Sample_S19S_0010_Wat,405.2282192
25,Sample_S19S_0010_Wat,406.041642
9,Sample_S19S_0010_Wat,406.0990792
77,Sample_S19S_0010_Wat,406.1143545
24,Sample_S19S_0010_Wat,407.0255705
65,Sample_S19S_0010_Wat,407.0620299
17,Sample_S19S_0010_Wat,407.0750599
98,Sample_S19S_0010_Wat,407.0983755
14,Sample_S19S_0010_Wat,407.1113661
81,Sample_S19S_0010_Wat,407.1347505
22,Sample_S19S_0010_Wat,407.1477958
1,Sample_S19S_0010_Wat,407.1632455
11,Sample_S19S_0010_Wat,407.1712237
17,Sample_S19S_0010_Wat,407.2075913
76,Sample_S19S_0010_Wat,408.0936661
89,Sample_S19S_0010_Wat,408.1300077
31,Sample_S19S_0010_Wat,409.0048805
31,Sample_S19S_0010_Wat,409.0412228
28,Sample_S19S_0010_Wat,409.07757
11,Sample_S19S_0010_Wat,409.0905208
95,Sample_S19S_0010_Wat,409.1140221
16,Sample_S19S_0010_Wat,409.1270356
97,Sample_S19S_0010_Wat,409.1504235
7,Sample_S19S_0010_Wat,409.1633923
11,Sample_S19S_0010_Wat,409.1787026
20,Sample_S19S_0010_Wat,409.1867344
34,Sample_S19S_0010_Wat,409.2231724
28,Sample_S19S_0010_Wat,410.0365413
64,Sample_S19S_0010_Wat,410.0729191
20,Sample_S19S_0010_Wat,410.1092388
65,Sample_S19S_0010_Wat,410.1456867
31,Sample_S19S_0010_Wat,411.0205049
23,Sample_S19S_0010_Wat,411.0568579
78,Sample_S19S_0010_Wat,411.0933142
86,Sample_S19S_0010_Wat,411.1296933
29,Sample_S19S_0010_Wat,411.1579879
50,Sample_S19S_0010_Wat,411.1660419
5,Sample_S19S_0010_Wat,411.2022993
23,Sample_S19S_0010_Wat,412.0521769
28,Sample_S19S_0010_Wat,412.0673926
44,Sample_S19S_0010_Wat,412.0885256
63,Sample_S19S_0010_Wat,412.1249118
16,Sample_S19S_0010_Wat,413.0150329
29,Sample_S19S_0010_Wat,413.0361429
6,Sample_S19S_0010_Wat,413.0513424
14,Sample_S19S_0010_Wat,413.06446
9,Sample_S19S_0010_Wat,413.072442
37,Sample_S19S_0010_Wat,413.087795
29,Sample_S19S_0010_Wat,413.1008794
82,Sample_S19S_0010_Wat,413.1089345
59,Sample_S19S_0010_Wat,413.12421
19,Sample_S19S_0010_Wat,413.1372735
27,Sample_S19S_0010_Wat,413.1452768
8,Sample_S19S_0010_Wat,413.1605228
21,Sample_S19S_0010_Wat,413.1736056
15,Sample_S19S_0010_Wat,413.1816156
14,Sample_S19S_0010_Wat,413.2100122
17,Sample_S19S_0010_Wat,413.2180661
23,Sample_S19S_0010_Wat,415.0306688
26,Sample_S19S_0010_Wat,415.0518724
5,Sample_S19S_0010_Wat,415.0671726
13,Sample_S19S_0010_Wat,415.0704085
11,Sample_S19S_0010_Wat,415.080159
62,Sample_S19S_0010_Wat,415.0881916
64,Sample_S19S_0010_Wat,415.1034568
3,Sample_S19S_0010_Wat,415.1066895
21,Sample_S19S_0010_Wat,415.1164835
38,Sample_S19S_0010_Wat,415.1245406
3,Sample_S19S_0010_Wat,415.1430564
20,Sample_S19S_0010_Wat,415.1529316
55,Sample_S19S_0010_Wat,415.1609859
10,Sample_S19S_0010_Wat,415.1763155
27,Sample_S19S_0010_Wat,415.1973464
10,Sample_S19S_0010_Wat,415.2125416
36,Sample_S19S_0010_Wat,416.0623295
6,Sample_S19S_0010_Wat,416.0986591
5,Sample_S19S_0010_Wat,416.1115895
67,Sample_S19S_0010_Wat,416.1351142
32,Sample_S19S_0010_Wat,417.009975
29,Sample_S19S_0010_Wat,417.0310977
41,Sample_S19S_0010_Wat,417.0463346
13,Sample_S19S_0010_Wat,417.0593749
22,Sample_S19S_0010_Wat,417.0674105
25,Sample_S19S_0010_Wat,417.0826722
6,Sample_S19S_0010_Wat,417.085967
18,Sample_S19S_0010_Wat,417.0957124
22,Sample_S19S_0010_Wat,417.1037889
85,Sample_S19S_0010_Wat,417.1191101
6,Sample_S19S_0010_Wat,417.1223013
36,Sample_S19S_0010_Wat,417.1321667
39,Sample_S19S_0010_Wat,417.1402188
73,Sample_S19S_0010_Wat,417.1555165
38,Sample_S19S_0010_Wat,417.1685514
14,Sample_S19S_0010_Wat,417.1765666
4,Sample_S19S_0010_Wat,417.2048604
10,Sample_S19S_0010_Wat,417.2281724
17,Sample_S19S_0010_Wat,418.0416648
54,Sample_S19S_0010_Wat,418.0779721
20,Sample_S19S_0010_Wat,418.1144292
32,Sample_S19S_0010_Wat,419.0256123
5,Sample_S19S_0010_Wat,419.0386764
41,Sample_S19S_0010_Wat,419.0619721
10,Sample_S19S_0010_Wat,419.0829959
18,Sample_S19S_0010_Wat,419.0982983
2,Sample_S19S_0010_Wat,419.1015327
9,Sample_S19S_0010_Wat,419.1113471
11,Sample_S19S_0010_Wat,419.1194106
93,Sample_S19S_0010_Wat,419.1347745
3,Sample_S19S_0010_Wat,419.1379181
23,Sample_S19S_0010_Wat,419.1478319
21,Sample_S19S_0010_Wat,419.1558387
44,Sample_S19S_0010_Wat,419.1711927
26,Sample_S19S_0010_Wat,419.1842051
42,Sample_S19S_0010_Wat,419.207525
52,Sample_S19S_0010_Wat,420.0572817
49,Sample_S19S_0010_Wat,421.0412704
10,Sample_S19S_0010_Wat,421.0543002
21,Sample_S19S_0010_Wat,421.0777047
19,Sample_S19S_0010_Wat,421.0906648
105,Sample_S19S_0010_Wat,421.1140346
15,Sample_S19S_0010_Wat,421.1270174
88,Sample_S19S_0010_Wat,421.1504292
1,Sample_S19S_0010_Wat,421.1552081
23,Sample_S19S_0010_Wat,421.1634511
22,Sample_S19S_0010_Wat,421.1868654
3,Sample_S19S_0010_Wat,421.2232692
1,Sample_S19S_0010_Wat,421.2265386
4,Sample_S19S_0010_Wat,422.0364426
58,Sample_S19S_0010_Wat,422.0728802
36,Sample_S19S_0010_Wat,422.1093338
22,Sample_S19S_0010_Wat,423.0205894
59,Sample_S19S_0010_Wat,423.0569089
6,Sample_S19S_0010_Wat,423.0698171
29,Sample_S19S_0010_Wat,423.093231
3,Sample_S19S_0010_Wat,423.1061645
112,Sample_S19S_0010_Wat,423.1296813
14,Sample_S19S_0010_Wat,423.1426961
32,Sample_S19S_0010_Wat,423.1661225
47,Sample_S19S_0010_Wat,423.2024382
18,Sample_S19S_0010_Wat,424.0522173
1,Sample_S19S_0010_Wat,424.0886497
46,Sample_S19S_0010_Wat,424.1249783
50,Sample_S19S_0010_Wat,425.0361852
11,Sample_S19S_0010_Wat,425.0513214
20,Sample_S19S_0010_Wat,425.0724714
17,Sample_S19S_0010_Wat,425.1008972
53,Sample_S19S_0010_Wat,425.1089252
20,Sample_S19S_0010_Wat,425.1453873
50,Sample_S19S_0010_Wat,425.1816982
9,Sample_S19S_0010_Wat,425.2100538
71,Sample_S19S_0010_Wat,426.1405881
59,Sample_S19S_0010_Wat,426.1769689
13,Sample_S19S_0010_Wat,427.0307487
21,Sample_S19S_0010_Wat,427.0518808
13,Sample_S19S_0010_Wat,427.0669702
12,Sample_S19S_0010_Wat,427.0801714
47,Sample_S19S_0010_Wat,427.088175
41,Sample_S19S_0010_Wat,427.1035014
19,Sample_S19S_0010_Wat,427.1165345
76,Sample_S19S_0010_Wat,427.1245871
4,Sample_S19S_0010_Wat,427.1399769
4,Sample_S19S_0010_Wat,427.1431663
6,Sample_S19S_0010_Wat,427.1610597
3,Sample_S19S_0010_Wat,427.1763557
33,Sample_S19S_0010_Wat,427.1973395
24,Sample_S19S_0010_Wat,428.0470647
16,Sample_S19S_0010_Wat,428.0622933
53,Sample_S19S_0010_Wat,428.0987544
33,Sample_S19S_0010_Wat,428.1562791
13,Sample_S19S_0010_Wat,428.1925676
30,Sample_S19S_0010_Wat,429.0310878
28,Sample_S19S_0010_Wat,429.0463286
50,Sample_S19S_0010_Wat,429.067488
2,Sample_S19S_0010_Wat,429.0829209
10,Sample_S19S_0010_Wat,429.0861392
10,Sample_S19S_0010_Wat,429.1039457
4,Sample_S19S_0010_Wat,429.1192381
65,Sample_S19S_0010_Wat,429.1402424
28,Sample_S19S_0010_Wat,429.1555582
2,Sample_S19S_0010_Wat,429.1587517
30,Sample_S19S_0010_Wat,429.1685491
25,Sample_S19S_0010_Wat,429.1765924
43,Sample_S19S_0010_Wat,429.1919036
20,Sample_S19S_0010_Wat,430.0416122
22,Sample_S19S_0010_Wat,430.0627483
12,Sample_S19S_0010_Wat,430.0780537
38,Sample_S19S_0010_Wat,430.0991542
6,Sample_S19S_0010_Wat,430.1273505
50,Sample_S19S_0010_Wat,430.1354817
22,Sample_S19S_0010_Wat,431.0256563
11,Sample_S19S_0010_Wat,431.04681
68,Sample_S19S_0010_Wat,431.0620177
7,Sample_S19S_0010_Wat,431.0653523
49,Sample_S19S_0010_Wat,431.083125
75,Sample_S19S_0010_Wat,431.098388
7,Sample_S19S_0010_Wat,431.1016424
20,Sample_S19S_0010_Wat,431.1113826
28,Sample_S19S_0010_Wat,431.1194411
33,Sample_S19S_0010_Wat,431.1347291
25,Sample_S19S_0010_Wat,431.1477957
26,Sample_S19S_0010_Wat,431.1558407
35,Sample_S19S_0010_Wat,431.1711879
18,Sample_S19S_0010_Wat,431.2076023
8,Sample_S19S_0010_Wat,432.0573233
27,Sample_S19S_0010_Wat,432.078404
88,Sample_S19S_0010_Wat,432.093661
77,Sample_S19S_0010_Wat,432.1300404
47,Sample_S19S_0010_Wat,433.0412948
25,Sample_S19S_0010_Wat,433.0624271
77,Sample_S19S_0010_Wat,433.077665
7,Sample_S19S_0010_Wat,433.0809249
17,Sample_S19S_0010_Wat,433.0906617
16,Sample_S19S_0010_Wat,433.0986887
28,Sample_S19S_0010_Wat,433.1139658
10,Sample_S19S_0010_Wat,433.1269982
4,Sample_S19S_0010_Wat,433.13501
32,Sample_S19S_0010_Wat,433.1503758
30,Sample_S19S_0010_Wat,433.1634586
38,Sample_S19S_0010_Wat,433.1868494
32,Sample_S19S_0010_Wat,433.223189
12,Sample_S19S_0010_Wat,434.072975
21,Sample_S19S_0010_Wat,434.1093421
13,Sample_S19S_0010_Wat,435.0204588
48,Sample_S19S_0010_Wat,435.0569041
77,Sample_S19S_0010_Wat,435.093324
16,Sample_S19S_0010_Wat,435.1062764
33,Sample_S19S_0010_Wat,435.1296329
5,Sample_S19S_0010_Wat,435.1426364
28,Sample_S19S_0010_Wat,435.1659973
16,Sample_S19S_0010_Wat,435.1790631
54,Sample_S19S_0010_Wat,435.2024665
7,Sample_S19S_0010_Wat,435.238903
24,Sample_S19S_0010_Wat,436.0521427
26,Sample_S19S_0010_Wat,436.0886111
8,Sample_S19S_0010_Wat,436.1250197
37,Sample_S19S_0010_Wat,437.0361523
25,Sample_S19S_0010_Wat,437.072483
7,Sample_S19S_0010_Wat,437.1009114
30,Sample_S19S_0010_Wat,437.1088959
2,Sample_S19S_0010_Wat,437.1219003
65,Sample_S19S_0010_Wat,437.1453651
20,Sample_S19S_0010_Wat,437.158378
1,Sample_S19S_0010_Wat,437.1737814
54,Sample_S19S_0010_Wat,437.1817485
12,Sample_S19S_0010_Wat,437.2180272
19,Sample_S19S_0010_Wat,438.0678822
77,Sample_S19S_0010_Wat,438.1405683
20,Sample_S19S_0010_Wat,439.051737
70,Sample_S19S_0010_Wat,439.0882098
82,Sample_S19S_0010_Wat,439.1246064
19,Sample_S19S_0010_Wat,439.1529344
33,Sample_S19S_0010_Wat,439.1609425
21,Sample_S19S_0010_Wat,439.1892886
21,Sample_S19S_0010_Wat,439.1973056
44,Sample_S19S_0010_Wat,440.0834468
38,Sample_S19S_0010_Wat,440.1198163
17,Sample_S19S_0010_Wat,441.0310268
12,Sample_S19S_0010_Wat,441.0462365
5,Sample_S19S_0010_Wat,441.0593601
38,Sample_S19S_0010_Wat,441.0674409
36,Sample_S19S_0010_Wat,441.0827166
38,Sample_S19S_0010_Wat,441.1039049
17,Sample_S19S_0010_Wat,441.1191742
58,Sample_S19S_0010_Wat,441.1402285
13,Sample_S19S_0010_Wat,441.1554489
18,Sample_S19S_0010_Wat,441.168514
22,Sample_S19S_0010_Wat,441.1765589
15,Sample_S19S_0010_Wat,441.2049192
13,Sample_S19S_0010_Wat,441.2129575
21,Sample_S19S_0010_Wat,442.0416289
14,Sample_S19S_0010_Wat,442.0990637
21,Sample_S19S_0010_Wat,442.135461
16,Sample_S19S_0010_Wat,443.0255061
22,Sample_S19S_0010_Wat,443.0466588
18,Sample_S19S_0010_Wat,443.061884
13,Sample_S19S_0010_Wat,443.0749837
33,Sample_S19S_0010_Wat,443.0830557
41,Sample_S19S_0010_Wat,443.0984287
6,Sample_S19S_0010_Wat,443.1016577
20,Sample_S19S_0010_Wat,443.1114516
66,Sample_S19S_0010_Wat,443.119518
7,Sample_S19S_0010_Wat,443.1348538
8,Sample_S19S_0010_Wat,443.1380667
22,Sample_S19S_0010_Wat,443.1478565
55,Sample_S19S_0010_Wat,443.1558944
27,Sample_S19S_0010_Wat,443.1711201
23,Sample_S19S_0010_Wat,443.1841796
16,Sample_S19S_0010_Wat,443.1922057
7,Sample_S19S_0010_Wat,443.2074098
8,Sample_S19S_0010_Wat,443.2205255
46,Sample_S19S_0010_Wat,444.0572726
20,Sample_S19S_0010_Wat,444.093696
14,Sample_S19S_0010_Wat,444.1299715
42,Sample_S19S_0010_Wat,445.0412697
7,Sample_S19S_0010_Wat,445.054308
38,Sample_S19S_0010_Wat,445.0623769
36,Sample_S19S_0010_Wat,445.0776178
2,Sample_S19S_0010_Wat,445.0808638
16,Sample_S19S_0010_Wat,445.0986624
4,Sample_S19S_0010_Wat,445.1083593
20,Sample_S19S_0010_Wat,445.1139537
23,Sample_S19S_0010_Wat,445.127011
14,Sample_S19S_0010_Wat,445.1350548
37,Sample_S19S_0010_Wat,445.1503907
2,Sample_S19S_0010_Wat,445.1536246
36,Sample_S19S_0010_Wat,445.1634705
46,Sample_S19S_0010_Wat,445.1715289
42,Sample_S19S_0010_Wat,445.1868428
36,Sample_S19S_0010_Wat,445.223207
19,Sample_S19S_0010_Wat,446.0364887
20,Sample_S19S_0010_Wat,446.0728598
2,Sample_S19S_0010_Wat,446.0939418
52,Sample_S19S_0010_Wat,446.1092739
13,Sample_S19S_0010_Wat,447.0204695
3,Sample_S19S_0010_Wat,447.0415023
8,Sample_S19S_0010_Wat,447.056785
6,Sample_S19S_0010_Wat,447.0698296
6,Sample_S19S_0010_Wat,447.0779114
16,Sample_S19S_0010_Wat,447.09323
19,Sample_S19S_0010_Wat,447.114388
80,Sample_S19S_0010_Wat,447.1297048
30,Sample_S19S_0010_Wat,447.1427418
9,Sample_S19S_0010_Wat,447.1507185
78,Sample_S19S_0010_Wat,447.1660641
24,Sample_S19S_0010_Wat,447.179104
2,Sample_S19S_0010_Wat,447.1967099
18,Sample_S19S_0010_Wat,447.2023724
72,Sample_S19S_0010_Wat,448.088573
20,Sample_S19S_0010_Wat,448.1096972
17,Sample_S19S_0010_Wat,449.0360637
22,Sample_S19S_0010_Wat,449.0724952
95,Sample_S19S_0010_Wat,449.1089599
20,Sample_S19S_0010_Wat,449.1219859
85,Sample_S19S_0010_Wat,449.1453221
26,Sample_S19S_0010_Wat,449.1583358
29,Sample_S19S_0010_Wat,449.1816462
5,Sample_S19S_0010_Wat,449.1946593
14,Sample_S19S_0010_Wat,449.2180299
11,Sample_S19S_0010_Wat,451.0153576
17,Sample_S19S_0010_Wat,451.0517204
37,Sample_S19S_0010_Wat,451.0881744
6,Sample_S19S_0010_Wat,451.1011798
64,Sample_S19S_0010_Wat,451.124616
20,Sample_S19S_0010_Wat,451.1376081
2,Sample_S19S_0010_Wat,451.1530256
38,Sample_S19S_0010_Wat,451.1609528
11,Sample_S19S_0010_Wat,451.1739524
12,Sample_S19S_0010_Wat,451.189303
8,Sample_S19S_0010_Wat,451.1972791
12,Sample_S19S_0010_Wat,451.2336787
43,Sample_S19S_0010_Wat,452.0834394
18,Sample_S19S_0010_Wat,452.1199139
24,Sample_S19S_0010_Wat,453.0310814
25,Sample_S19S_0010_Wat,453.0673983
11,Sample_S19S_0010_Wat,453.0957146
17,Sample_S19S_0010_Wat,453.1037558
18,Sample_S19S_0010_Wat,453.1321972
46,Sample_S19S_0010_Wat,453.140211
4,Sample_S19S_0010_Wat,453.1686448
66,Sample_S19S_0010_Wat,453.1766436
15,Sample_S19S_0010_Wat,453.2049759
36,Sample_S19S_0010_Wat,454.0627542
11,Sample_S19S_0010_Wat,455.025566
42,Sample_S19S_0010_Wat,455.0467468
45,Sample_S19S_0010_Wat,455.0620251
13,Sample_S19S_0010_Wat,455.0750667
49,Sample_S19S_0010_Wat,455.0831528
43,Sample_S19S_0010_Wat,455.0984121
6,Sample_S19S_0010_Wat,455.1016835
18,Sample_S19S_0010_Wat,455.111472
39,Sample_S19S_0010_Wat,455.1194736
10,Sample_S19S_0010_Wat,455.1346803
22,Sample_S19S_0010_Wat,455.14777
15,Sample_S19S_0010_Wat,455.1558023
1,Sample_S19S_0010_Wat,455.1654128
17,Sample_S19S_0010_Wat,455.1841535
17,Sample_S19S_0010_Wat,455.1921775
18,Sample_S19S_0010_Wat,455.2205892
7,Sample_S19S_0010_Wat,457.0260917
34,Sample_S19S_0010_Wat,457.0412916
40,Sample_S19S_0010_Wat,457.0624071
18,Sample_S19S_0010_Wat,457.0776174
11,Sample_S19S_0010_Wat,457.0906483
22,Sample_S19S_0010_Wat,457.0986905
25,Sample_S19S_0010_Wat,457.1139922
7,Sample_S19S_0010_Wat,457.1172314
15,Sample_S19S_0010_Wat,457.1270095
21,Sample_S19S_0010_Wat,457.1350642
3,Sample_S19S_0010_Wat,457.1447412
18,Sample_S19S_0010_Wat,457.150377
22,Sample_S19S_0010_Wat,457.1634444
27,Sample_S19S_0010_Wat,457.1715231
52,Sample_S19S_0010_Wat,457.1868094
18,Sample_S19S_0010_Wat,457.1998933
34,Sample_S19S_0010_Wat,457.2079257
42,Sample_S19S_0010_Wat,458.0729028
20,Sample_S19S_0010_Wat,459.0205561
25,Sample_S19S_0010_Wat,459.0416602
21,Sample_S19S_0010_Wat,459.0568713
9,Sample_S19S_0010_Wat,459.069913
24,Sample_S19S_0010_Wat,459.0779746
17,Sample_S19S_0010_Wat,459.0932353
18,Sample_S19S_0010_Wat,459.1062882
28,Sample_S19S_0010_Wat,459.1143457
58,Sample_S19S_0010_Wat,459.1296693
6,Sample_S19S_0010_Wat,459.1328714
32,Sample_S19S_0010_Wat,459.142719
37,Sample_S19S_0010_Wat,459.1508169
43,Sample_S19S_0010_Wat,459.1661042
33,Sample_S19S_0010_Wat,459.1872169
21,Sample_S19S_0010_Wat,459.2025048
8,Sample_S19S_0010_Wat,459.2155229
11,Sample_S19S_0010_Wat,459.2387931
5,Sample_S19S_0010_Wat,460.0521036
60,Sample_S19S_0010_Wat,460.0885829
52,Sample_S19S_0010_Wat,460.1249704
34,Sample_S19S_0010_Wat,461.036196
6,Sample_S19S_0010_Wat,461.0492316
27,Sample_S19S_0010_Wat,461.0572822
25,Sample_S19S_0010_Wat,461.0725007
14,Sample_S19S_0010_Wat,461.0855391
9,Sample_S19S_0010_Wat,461.0935699
13,Sample_S19S_0010_Wat,461.1088271
1,Sample_S19S_0010_Wat,461.1119997
4,Sample_S19S_0010_Wat,461.1218899
11,Sample_S19S_0010_Wat,461.1299458
2,Sample_S19S_0010_Wat,461.1396751
24,Sample_S19S_0010_Wat,461.1452647
25,Sample_S19S_0010_Wat,461.1583343
38,Sample_S19S_0010_Wat,461.1817537
14,Sample_S19S_0010_Wat,461.1948089
29,Sample_S19S_0010_Wat,461.218132
34,Sample_S19S_0010_Wat,462.067799
19,Sample_S19S_0010_Wat,462.1042629
60,Sample_S19S_0010_Wat,462.1769684
46,Sample_S19S_0010_Wat,463.0518315
46,Sample_S19S_0010_Wat,463.0881954
4,Sample_S19S_0010_Wat,463.1189274
18,Sample_S19S_0010_Wat,463.124491
4,Sample_S19S_0010_Wat,463.1375144
8,Sample_S19S_0010_Wat,463.1608564
9,Sample_S19S_0010_Wat,463.1739081
21,Sample_S19S_0010_Wat,463.1972938
34,Sample_S19S_0010_Wat,463.2337601
28,Sample_S19S_0010_Wat,464.1198095
15,Sample_S19S_0010_Wat,465.0310055
15,Sample_S19S_0010_Wat,465.06738
35,Sample_S19S_0010_Wat,465.1038259
20,Sample_S19S_0010_Wat,465.1168704
26,Sample_S19S_0010_Wat,465.1532935
5,Sample_S19S_0010_Wat,465.1686035
66,Sample_S19S_0010_Wat,465.1766182
15,Sample_S19S_0010_Wat,465.1896305
12,Sample_S19S_0010_Wat,465.2049695
18,Sample_S19S_0010_Wat,465.2129596
1,Sample_S19S_0010_Wat,465.2491835
56,Sample_S19S_0010_Wat,466.1355201
1,Sample_S19S_0010_Wat,466.1435867
43,Sample_S19S_0010_Wat,467.0467531
18,Sample_S19S_0010_Wat,467.0620397
54,Sample_S19S_0010_Wat,467.0831629
52,Sample_S19S_0010_Wat,467.1195422
25,Sample_S19S_0010_Wat,467.1478261
33,Sample_S19S_0010_Wat,467.1558326
22,Sample_S19S_0010_Wat,467.184209
9,Sample_S19S_0010_Wat,467.1921933
21,Sample_S19S_0010_Wat,467.2286363
30,Sample_S19S_0010_Wat,468.1147294
14,Sample_S19S_0010_Wat,469.0260039
24,Sample_S19S_0010_Wat,469.0412947
37,Sample_S19S_0010_Wat,469.062394
11,Sample_S19S_0010_Wat,469.0776006
12,Sample_S19S_0010_Wat,469.0906533
26,Sample_S19S_0010_Wat,469.0986993
9,Sample_S19S_0010_Wat,469.1139603
23,Sample_S19S_0010_Wat,469.1270251
17,Sample_S19S_0010_Wat,469.1350525
9,Sample_S19S_0010_Wat,469.1503074
11,Sample_S19S_0010_Wat,469.1633964
1,Sample_S19S_0010_Wat,469.1811109
23,Sample_S19S_0010_Wat,469.199861
23,Sample_S19S_0010_Wat,469.2078959
10,Sample_S19S_0010_Wat,469.2362772
17,Sample_S19S_0010_Wat,470.0728507
19,Sample_S19S_0010_Wat,471.0205509
15,Sample_S19S_0010_Wat,471.0416901
37,Sample_S19S_0010_Wat,471.0569384
9,Sample_S19S_0010_Wat,471.069939
35,Sample_S19S_0010_Wat,471.0780166
21,Sample_S19S_0010_Wat,471.093255
15,Sample_S19S_0010_Wat,471.106291
7,Sample_S19S_0010_Wat,471.1295835
11,Sample_S19S_0010_Wat,471.1426129
13,Sample_S19S_0010_Wat,471.1506882
9,Sample_S19S_0010_Wat,471.16598
24,Sample_S19S_0010_Wat,471.1790652
21,Sample_S19S_0010_Wat,471.1871307
13,Sample_S19S_0010_Wat,471.2024048
17,Sample_S19S_0010_Wat,471.2155389
21,Sample_S19S_0010_Wat,473.0361823
11,Sample_S19S_0010_Wat,473.0573502
41,Sample_S19S_0010_Wat,473.0726032
37,Sample_S19S_0010_Wat,473.0937108
65,Sample_S19S_0010_Wat,473.1089772
24,Sample_S19S_0010_Wat,473.121993
23,Sample_S19S_0010_Wat,473.1300234
4,Sample_S19S_0010_Wat,473.139667
22,Sample_S19S_0010_Wat,473.1452829
11,Sample_S19S_0010_Wat,473.1582831
15,Sample_S19S_0010_Wat,473.1663521
2,Sample_S19S_0010_Wat,473.1760299
20,Sample_S19S_0010_Wat,473.1816622
13,Sample_S19S_0010_Wat,473.1946924
14,Sample_S19S_0010_Wat,473.2027392
28,Sample_S19S_0010_Wat,473.2180738
18,Sample_S19S_0010_Wat,473.2311386
10,Sample_S19S_0010_Wat,473.2544306
33,Sample_S19S_0010_Wat,474.067818
24,Sample_S19S_0010_Wat,474.1042477
2,Sample_S19S_0010_Wat,475.0152769
15,Sample_S19S_0010_Wat,475.0517049
17,Sample_S19S_0010_Wat,475.0728791
29,Sample_S19S_0010_Wat,475.0881586
15,Sample_S19S_0010_Wat,475.1012806
17,Sample_S19S_0010_Wat,475.1092833
67,Sample_S19S_0010_Wat,475.1245966
27,Sample_S19S_0010_Wat,475.1376596
18,Sample_S19S_0010_Wat,475.1456774
68,Sample_S19S_0010_Wat,475.1609843
24,Sample_S19S_0010_Wat,475.1739813
3,Sample_S19S_0010_Wat,475.1916559
16,Sample_S19S_0010_Wat,475.1973043
4,Sample_S19S_0010_Wat,475.2103074
5,Sample_S19S_0010_Wat,475.2336051
8,Sample_S19S_0010_Wat,476.0833408
28,Sample_S19S_0010_Wat,476.1198125
49,Sample_S19S_0010_Wat,477.0674882
2,Sample_S19S_0010_Wat,477.0805777
8,Sample_S19S_0010_Wat,477.0885024
1,Sample_S19S_0010_Wat,477.0981716
21,Sample_S19S_0010_Wat,477.1037802
18,Sample_S19S_0010_Wat,477.1168599
1,Sample_S19S_0010_Wat,477.1344651
6,Sample_S19S_0010_Wat,477.1401075
9,Sample_S19S_0010_Wat,477.1531747
18,Sample_S19S_0010_Wat,477.1765167
6,Sample_S19S_0010_Wat,477.1895617
40,Sample_S19S_0010_Wat,477.2130039
12,Sample_S19S_0010_Wat,477.2493418
67,Sample_S19S_0010_Wat,478.0991507
6,Sample_S19S_0010_Wat,479.0466033
17,Sample_S19S_0010_Wat,479.0830028
40,Sample_S19S_0010_Wat,479.1194663
67,Sample_S19S_0010_Wat,479.1559168
10,Sample_S19S_0010_Wat,479.1689644
2,Sample_S19S_0010_Wat,479.1843315
52,Sample_S19S_0010_Wat,479.1923063
18,Sample_S19S_0010_Wat,479.2286027
10,Sample_S19S_0010_Wat,480.151082
7,Sample_S19S_0010_Wat,481.025885
20,Sample_S19S_0010_Wat,481.0623379
53,Sample_S19S_0010_Wat,481.0987747
70,Sample_S19S_0010_Wat,481.1351677
18,Sample_S19S_0010_Wat,481.1634867
53,Sample_S19S_0010_Wat,481.1715313
19,Sample_S19S_0010_Wat,481.199847
20,Sample_S19S_0010_Wat,481.2078283
3,Sample_S19S_0010_Wat,481.2361059
6,Sample_S19S_0010_Wat,482.1302914
17,Sample_S19S_0010_Wat,483.0415833
15,Sample_S19S_0010_Wat,483.0568081
31,Sample_S19S_0010_Wat,483.0780208
30,Sample_S19S_0010_Wat,483.0933003
49,Sample_S19S_0010_Wat,483.1144642
23,Sample_S19S_0010_Wat,483.1297323
34,Sample_S19S_0010_Wat,483.1508531
19,Sample_S19S_0010_Wat,483.1660394
17,Sample_S19S_0010_Wat,483.1791639
31,Sample_S19S_0010_Wat,483.1871699
16,Sample_S19S_0010_Wat,483.2154832
14,Sample_S19S_0010_Wat,483.2234722
13,Sample_S19S_0010_Wat,484.1459881
1,Sample_S19S_0010_Wat,485.0360155
11,Sample_S19S_0010_Wat,485.057196
17,Sample_S19S_0010_Wat,485.0724465
10,Sample_S19S_0010_Wat,485.0855526
28,Sample_S19S_0010_Wat,485.0936172
43,Sample_S19S_0010_Wat,485.1089501
17,Sample_S19S_0010_Wat,485.1220307
45,Sample_S19S_0010_Wat,485.1300644
2,Sample_S19S_0010_Wat,485.139617
24,Sample_S19S_0010_Wat,485.1453846
17,Sample_S19S_0010_Wat,485.1584131
38,Sample_S19S_0010_Wat,485.1664901
43,Sample_S19S_0010_Wat,485.181737
19,Sample_S19S_0010_Wat,485.1948096
10,Sample_S19S_0010_Wat,485.2179932
3,Sample_S19S_0010_Wat,485.2310607
6,Sample_S19S_0010_Wat,485.2390821
16,Sample_S19S_0010_Wat,487.0365498
15,Sample_S19S_0010_Wat,487.051792
21,Sample_S19S_0010_Wat,487.072871
13,Sample_S19S_0010_Wat,487.088118
14,Sample_S19S_0010_Wat,487.1011949
9,Sample_S19S_0010_Wat,487.1092152
14,Sample_S19S_0010_Wat,487.1244947
17,Sample_S19S_0010_Wat,487.1375846
14,Sample_S19S_0010_Wat,487.1456408
2,Sample_S19S_0010_Wat,487.1552674
53,Sample_S19S_0010_Wat,487.1609704
21,Sample_S19S_0010_Wat,487.1740711
32,Sample_S19S_0010_Wat,487.18211
29,Sample_S19S_0010_Wat,487.1974177
6,Sample_S19S_0010_Wat,487.2104698
9,Sample_S19S_0010_Wat,489.0310445
48,Sample_S19S_0010_Wat,489.067487
24,Sample_S19S_0010_Wat,489.0886429
32,Sample_S19S_0010_Wat,489.1039118
34,Sample_S19S_0010_Wat,489.1249814
29,Sample_S19S_0010_Wat,489.1402055
18,Sample_S19S_0010_Wat,489.1532671
12,Sample_S19S_0010_Wat,489.1612651
1,Sample_S19S_0010_Wat,489.1708695
10,Sample_S19S_0010_Wat,489.1765226
7,Sample_S19S_0010_Wat,489.1895365
10,Sample_S19S_0010_Wat,489.2128864
6,Sample_S19S_0010_Wat,489.2259164
6,Sample_S19S_0010_Wat,489.2492677
18,Sample_S19S_0010_Wat,490.0990621
4,Sample_S19S_0010_Wat,490.1201406
10,Sample_S19S_0010_Wat,490.171809
12,Sample_S19S_0010_Wat,491.0466906
22,Sample_S19S_0010_Wat,491.0830123
8,Sample_S19S_0010_Wat,491.0961728
10,Sample_S19S_0010_Wat,491.1193786
16,Sample_S19S_0010_Wat,491.1325378
27,Sample_S19S_0010_Wat,491.1558203
21,Sample_S19S_0010_Wat,491.1689084
51,Sample_S19S_0010_Wat,491.1922945
9,Sample_S19S_0010_Wat,491.2053832
10,Sample_S19S_0010_Wat,491.2287423
16,Sample_S19S_0010_Wat,491.2650776
42,Sample_S19S_0010_Wat,492.1147512
9,Sample_S19S_0010_Wat,493.0259042
12,Sample_S19S_0010_Wat,493.0622921
23,Sample_S19S_0010_Wat,493.098712
71,Sample_S19S_0010_Wat,493.1351653
2,Sample_S19S_0010_Wat,493.1636569
51,Sample_S19S_0010_Wat,493.1715856
4,Sample_S19S_0010_Wat,493.1999507
15,Sample_S19S_0010_Wat,493.2442171
1,Sample_S19S_0010_Wat,494.0574822
15,Sample_S19S_0010_Wat,495.0415683
5,Sample_S19S_0010_Wat,495.0568418
39,Sample_S19S_0010_Wat,495.0780179
1,Sample_S19S_0010_Wat,495.106406
46,Sample_S19S_0010_Wat,495.1144449
9,Sample_S19S_0010_Wat,495.1427989
60,Sample_S19S_0010_Wat,495.1507984
20,Sample_S19S_0010_Wat,495.1791573
10,Sample_S19S_0010_Wat,495.2154488
1,Sample_S19S_0010_Wat,496.1905351
7,Sample_S19S_0010_Wat,497.036113
21,Sample_S19S_0010_Wat,497.0572968
15,Sample_S19S_0010_Wat,497.0937782
15,Sample_S19S_0010_Wat,497.1301476
25,Sample_S19S_0010_Wat,497.1947705
4,Sample_S19S_0010_Wat,497.2310629
2,Sample_S19S_0010_Wat,497.2390455
32,Sample_S19S_0010_Wat,498.0889479
12,Sample_S19S_0010_Wat,498.1253978
42,Sample_S19S_0010_Wat,498.1617513
3,Sample_S19S_0010_Wat,498.1698072
2,Sample_S19S_0010_Wat,498.206115
7,Sample_S19S_0010_Wat,499.036451
6,Sample_S19S_0010_Wat,499.0516924
22,Sample_S19S_0010_Wat,499.0728848
10,Sample_S19S_0010_Wat,499.1012958
37,Sample_S19S_0010_Wat,499.1093112
45,Sample_S19S_0010_Wat,499.1246232
15,Sample_S19S_0010_Wat,499.1377212
49,Sample_S19S_0010_Wat,499.1457371
4,Sample_S19S_0010_Wat,499.1553132
14,Sample_S19S_0010_Wat,499.1610424
22,Sample_S19S_0010_Wat,499.1740741
34,Sample_S19S_0010_Wat,499.1973555
24,Sample_S19S_0010_Wat,499.2104255
14,Sample_S19S_0010_Wat,499.2184243
1,Sample_S19S_0010_Wat,499.2335814
10,Sample_S19S_0010_Wat,501.0310269
9,Sample_S19S_0010_Wat,501.0521674
23,Sample_S19S_0010_Wat,501.0673678
16,Sample_S19S_0010_Wat,501.0885018
12,Sample_S19S_0010_Wat,501.1037301
13,Sample_S19S_0010_Wat,501.116864
7,Sample_S19S_0010_Wat,501.1248479
21,Sample_S19S_0010_Wat,501.1401768
31,Sample_S19S_0010_Wat,501.1532967
18,Sample_S19S_0010_Wat,501.1612956
47,Sample_S19S_0010_Wat,501.1766253
29,Sample_S19S_0010_Wat,501.1896846
26,Sample_S19S_0010_Wat,501.2130646
20,Sample_S19S_0010_Wat,501.2494293
11,Sample_S19S_0010_Wat,503.0468089
6,Sample_S19S_0010_Wat,503.0679918
2,Sample_S19S_0010_Wat,503.0832459
20,Sample_S19S_0010_Wat,503.1042984
57,Sample_S19S_0010_Wat,503.1195309
6,Sample_S19S_0010_Wat,503.1326318
18,Sample_S19S_0010_Wat,503.1405906
2,Sample_S19S_0010_Wat,503.1502092
23,Sample_S19S_0010_Wat,503.1558462
3,Sample_S19S_0010_Wat,503.1768678
18,Sample_S19S_0010_Wat,503.1921795
5,Sample_S19S_0010_Wat,503.2051842
18,Sample_S19S_0010_Wat,503.2285615
8,Sample_S19S_0010_Wat,504.1512304
8,Sample_S19S_0010_Wat,505.0259469
11,Sample_S19S_0010_Wat,505.0622503
20,Sample_S19S_0010_Wat,505.098662
7,Sample_S19S_0010_Wat,505.1118569
1,Sample_S19S_0010_Wat,505.1293863
18,Sample_S19S_0010_Wat,505.1350781
4,Sample_S19S_0010_Wat,505.1482794
65,Sample_S19S_0010_Wat,505.1715425
15,Sample_S19S_0010_Wat,505.1846129
28,Sample_S19S_0010_Wat,505.2079802
8,Sample_S19S_0010_Wat,505.221033
28,Sample_S19S_0010_Wat,505.2443315
8,Sample_S19S_0010_Wat,505.2805994
20,Sample_S19S_0010_Wat,506.0576414
6,Sample_S19S_0010_Wat,506.1303153
8,Sample_S19S_0010_Wat,506.1666811
13,Sample_S19S_0010_Wat,507.0415912
1,Sample_S19S_0010_Wat,507.0571947
30,Sample_S19S_0010_Wat,507.0780238
50,Sample_S19S_0010_Wat,507.1144464
1,Sample_S19S_0010_Wat,507.1428505
62,Sample_S19S_0010_Wat,507.1508255
6,Sample_S19S_0010_Wat,507.179192
9,Sample_S19S_0010_Wat,507.2154676
4,Sample_S19S_0010_Wat,507.251798
6,Sample_S19S_0010_Wat,507.2598181
9,Sample_S19S_0010_Wat,509.036191
15,Sample_S19S_0010_Wat,509.0573918
41,Sample_S19S_0010_Wat,509.0937287
7,Sample_S19S_0010_Wat,509.1088534
9,Sample_S19S_0010_Wat,509.1219812
44,Sample_S19S_0010_Wat,509.1300451
11,Sample_S19S_0010_Wat,509.1583575
14,Sample_S19S_0010_Wat,509.1947371
11,Sample_S19S_0010_Wat,509.2311267
7,Sample_S19S_0010_Wat,509.2391011
11,Sample_S19S_0010_Wat,510.0888729
8,Sample_S19S_0010_Wat,511.0366348
13,Sample_S19S_0010_Wat,511.0518749
37,Sample_S19S_0010_Wat,511.0729714
10,Sample_S19S_0010_Wat,511.0881435
28,Sample_S19S_0010_Wat,511.1092846
1,Sample_S19S_0010_Wat,511.1244303
3,Sample_S19S_0010_Wat,511.1375472
2,Sample_S19S_0010_Wat,511.1455592
10,Sample_S19S_0010_Wat,511.1739404
13,Sample_S19S_0010_Wat,511.2103696
9,Sample_S19S_0010_Wat,511.2183807
13,Sample_S19S_0010_Wat,511.2467945
1,Sample_S19S_0010_Wat,512.1854652
6,Sample_S19S_0010_Wat,513.0311674
9,Sample_S19S_0010_Wat,513.0522762
27,Sample_S19S_0010_Wat,513.0674942
26,Sample_S19S_0010_Wat,513.0885835
19,Sample_S19S_0010_Wat,513.1169162
19,Sample_S19S_0010_Wat,513.1248843
5,Sample_S19S_0010_Wat,513.1401059
6,Sample_S19S_0010_Wat,513.1531789
6,Sample_S19S_0010_Wat,513.1612236
11,Sample_S19S_0010_Wat,513.1895585
8,Sample_S19S_0010_Wat,515.0467951
10,Sample_S19S_0010_Wat,515.0679477
39,Sample_S19S_0010_Wat,515.083157
29,Sample_S19S_0010_Wat,515.1042917
40,Sample_S19S_0010_Wat,515.1194964
7,Sample_S19S_0010_Wat,515.1326297
23,Sample_S19S_0010_Wat,515.1405768
14,Sample_S19S_0010_Wat,515.155816
16,Sample_S19S_0010_Wat,515.1688778
11,Sample_S19S_0010_Wat,515.1768835
10,Sample_S19S_0010_Wat,515.1921599
10,Sample_S19S_0010_Wat,515.2052029
5,Sample_S19S_0010_Wat,515.2285302
4,Sample_S19S_0010_Wat,515.2416147
12,Sample_S19S_0010_Wat,516.1146459
30,Sample_S19S_0010_Wat,517.0624113
8,Sample_S19S_0010_Wat,517.0835974
11,Sample_S19S_0010_Wat,517.098859
7,Sample_S19S_0010_Wat,517.1199999
7,Sample_S19S_0010_Wat,517.1352552
12,Sample_S19S_0010_Wat,517.171616
18,Sample_S19S_0010_Wat,517.1846401
43,Sample_S19S_0010_Wat,517.2079237
11,Sample_S19S_0010_Wat,517.2442337
20,Sample_S19S_0010_Wat,518.0939924
8,Sample_S19S_0010_Wat,519.041577
14,Sample_S19S_0010_Wat,519.0779454
14,Sample_S19S_0010_Wat,519.1143103
6,Sample_S19S_0010_Wat,519.1275578
27,Sample_S19S_0010_Wat,519.1507584
7,Sample_S19S_0010_Wat,519.1639413
55,Sample_S19S_0010_Wat,519.1872205
17,Sample_S19S_0010_Wat,519.2002386
17,Sample_S19S_0010_Wat,519.2236508
12,Sample_S19S_0010_Wat,519.2600027
24,Sample_S19S_0010_Wat,521.0573462
33,Sample_S19S_0010_Wat,521.0937324
49,Sample_S19S_0010_Wat,521.1301011
29,Sample_S19S_0010_Wat,521.1663968
11,Sample_S19S_0010_Wat,521.2027235
6,Sample_S19S_0010_Wat,521.2390738
11,Sample_S19S_0010_Wat,523.0728235
5,Sample_S19S_0010_Wat,523.1091901
9,Sample_S19S_0010_Wat,523.1376337
14,Sample_S19S_0010_Wat,523.1456062
14,Sample_S19S_0010_Wat,523.1739853
26,Sample_S19S_0010_Wat,523.1820717
21,Sample_S19S_0010_Wat,523.2104573
6,Sample_S19S_0010_Wat,523.2468227
2,Sample_S19S_0010_Wat,524.2217713
10,Sample_S19S_0010_Wat,525.0521307
23,Sample_S19S_0010_Wat,525.0885729
22,Sample_S19S_0010_Wat,525.1038625
34,Sample_S19S_0010_Wat,525.1250197
11,Sample_S19S_0010_Wat,525.1403116
38,Sample_S19S_0010_Wat,525.1614051
28,Sample_S19S_0010_Wat,525.1766596
24,Sample_S19S_0010_Wat,526.1566707
10,Sample_S19S_0010_Wat,526.1929575
2,Sample_S19S_0010_Wat,526.2010349
11,Sample_S19S_0010_Wat,527.0467883
11,Sample_S19S_0010_Wat,527.0679337
10,Sample_S19S_0010_Wat,527.1043114
17,Sample_S19S_0010_Wat,527.119585
40,Sample_S19S_0010_Wat,527.1406475
36,Sample_S19S_0010_Wat,527.1558917
21,Sample_S19S_0010_Wat,527.1689685
31,Sample_S19S_0010_Wat,527.1769645
7,Sample_S19S_0010_Wat,527.1922169
22,Sample_S19S_0010_Wat,527.2052882
6,Sample_S19S_0010_Wat,527.2415754
25,Sample_S19S_0010_Wat,528.135922
6,Sample_S19S_0010_Wat,529.047257
12,Sample_S19S_0010_Wat,529.0624704
8,Sample_S19S_0010_Wat,529.0836238
14,Sample_S19S_0010_Wat,529.0988481
20,Sample_S19S_0010_Wat,529.119899
37,Sample_S19S_0010_Wat,529.1351825
11,Sample_S19S_0010_Wat,529.1482589
22,Sample_S19S_0010_Wat,529.1562352
17,Sample_S19S_0010_Wat,529.1714748
23,Sample_S19S_0010_Wat,529.184567
11,Sample_S19S_0010_Wat,529.2078283
11,Sample_S19S_0010_Wat,529.2442413
6,Sample_S19S_0010_Wat,531.0417642
10,Sample_S19S_0010_Wat,531.0629135
16,Sample_S19S_0010_Wat,531.1144803
28,Sample_S19S_0010_Wat,531.1507766
17,Sample_S19S_0010_Wat,531.1638843
14,Sample_S19S_0010_Wat,531.1871077
12,Sample_S19S_0010_Wat,531.2001725
21,Sample_S19S_0010_Wat,531.2234777
3,Sample_S19S_0010_Wat,531.236471
6,Sample_S19S_0010_Wat,531.2598778
26,Sample_S19S_0010_Wat,532.1097212
6,Sample_S19S_0010_Wat,533.0574115
27,Sample_S19S_0010_Wat,533.1301236
55,Sample_S19S_0010_Wat,533.166456
16,Sample_S19S_0010_Wat,533.2027587
7,Sample_S19S_0010_Wat,533.2390944
12,Sample_S19S_0010_Wat,535.0365569
18,Sample_S19S_0010_Wat,535.0730261
14,Sample_S19S_0010_Wat,535.1094222
9,Sample_S19S_0010_Wat,535.1458132
22,Sample_S19S_0010_Wat,535.1821751
17,Sample_S19S_0010_Wat,535.2547783
24,Sample_S19S_0010_Wat,536.2137771
7,Sample_S19S_0010_Wat,537.0520931
17,Sample_S19S_0010_Wat,537.0884904
32,Sample_S19S_0010_Wat,537.1249315
44,Sample_S19S_0010_Wat,537.161382
6,Sample_S19S_0010_Wat,537.1897464
19,Sample_S19S_0010_Wat,537.1978101
2,Sample_S19S_0010_Wat,537.2261348
11,Sample_S19S_0010_Wat,537.2342192
7,Sample_S19S_0010_Wat,537.2624882
17,Sample_S19S_0010_Wat,539.0679143
6,Sample_S19S_0010_Wat,539.0832338
21,Sample_S19S_0010_Wat,539.1042196
8,Sample_S19S_0010_Wat,539.1325679
29,Sample_S19S_0010_Wat,539.1405618
9,Sample_S19S_0010_Wat,539.1688297
5,Sample_S19S_0010_Wat,539.1768779
6,Sample_S19S_0010_Wat,539.2051955
3,Sample_S19S_0010_Wat,539.2132409
4,Sample_S19S_0010_Wat,539.2416063
3,Sample_S19S_0010_Wat,539.2496267
17,Sample_S19S_0010_Wat,541.0623672
23,Sample_S19S_0010_Wat,541.0834882
29,Sample_S19S_0010_Wat,541.0988161
27,Sample_S19S_0010_Wat,541.1199147
17,Sample_S19S_0010_Wat,541.1563515
4,Sample_S19S_0010_Wat,541.1716527
4,Sample_S19S_0010_Wat,541.1927684
24,Sample_S19S_0010_Wat,541.2290565
9,Sample_S19S_0010_Wat,541.2573331
6,Sample_S19S_0010_Wat,542.1514443
14,Sample_S19S_0010_Wat,542.224289
4,Sample_S19S_0010_Wat,543.0418148
9,Sample_S19S_0010_Wat,543.0629181
12,Sample_S19S_0010_Wat,543.0781158
23,Sample_S19S_0010_Wat,543.09918
30,Sample_S19S_0010_Wat,543.1144211
20,Sample_S19S_0010_Wat,543.1355017
15,Sample_S19S_0010_Wat,543.1638009
12,Sample_S19S_0010_Wat,543.1718262
8,Sample_S19S_0010_Wat,543.1870791
9,Sample_S19S_0010_Wat,543.2001267
3,Sample_S19S_0010_Wat,543.2234029
6,Sample_S19S_0010_Wat,543.236535
10,Sample_S19S_0010_Wat,545.0571838
6,Sample_S19S_0010_Wat,545.0783592
10,Sample_S19S_0010_Wat,545.0935509
10,Sample_S19S_0010_Wat,545.1147104
15,Sample_S19S_0010_Wat,545.1299664
6,Sample_S19S_0010_Wat,545.1432084
24,Sample_S19S_0010_Wat,545.1511507
31,Sample_S19S_0010_Wat,545.1664409
7,Sample_S19S_0010_Wat,545.1795929
30,Sample_S19S_0010_Wat,545.2028931
13,Sample_S19S_0010_Wat,545.2159419
5,Sample_S19S_0010_Wat,545.2393178
16,Sample_S19S_0010_Wat,547.0729547
17,Sample_S19S_0010_Wat,547.109415
17,Sample_S19S_0010_Wat,547.145805
4,Sample_S19S_0010_Wat,547.1822164
1,Sample_S19S_0010_Wat,547.1952584
15,Sample_S19S_0010_Wat,547.2185618
20,Sample_S19S_0010_Wat,547.2548518
8,Sample_S19S_0010_Wat,547.2911729
10,Sample_S19S_0010_Wat,549.0523077
11,Sample_S19S_0010_Wat,549.0887119
11,Sample_S19S_0010_Wat,549.1250923
18,Sample_S19S_0010_Wat,549.1614413
38,Sample_S19S_0010_Wat,549.1977663
2,Sample_S19S_0010_Wat,549.2259034
15,Sample_S19S_0010_Wat,549.2340464
1,Sample_S19S_0010_Wat,549.2702581
14,Sample_S19S_0010_Wat,551.0679996
16,Sample_S19S_0010_Wat,551.10435
26,Sample_S19S_0010_Wat,551.140683
26,Sample_S19S_0010_Wat,551.1769906
19,Sample_S19S_0010_Wat,551.2133063
5,Sample_S19S_0010_Wat,551.2496307
9,Sample_S19S_0010_Wat,553.0472596
8,Sample_S19S_0010_Wat,553.0836572
15,Sample_S19S_0010_Wat,553.1199748
46,Sample_S19S_0010_Wat,553.1562956
21,Sample_S19S_0010_Wat,553.1925971
5,Sample_S19S_0010_Wat,553.2288832
20,Sample_S19S_0010_Wat,554.2242887
10,Sample_S19S_0010_Wat,555.0629131
6,Sample_S19S_0010_Wat,555.0781485
5,Sample_S19S_0010_Wat,555.0993123
6,Sample_S19S_0010_Wat,555.1356619
2,Sample_S19S_0010_Wat,555.1639967
15,Sample_S19S_0010_Wat,555.1720029
23,Sample_S19S_0010_Wat,555.2082923
9,Sample_S19S_0010_Wat,555.2365023
1,Sample_S19S_0010_Wat,555.244468
5,Sample_S19S_0010_Wat,555.2728474
8,Sample_S19S_0010_Wat,557.0785258
21,Sample_S19S_0010_Wat,557.0937315
15,Sample_S19S_0010_Wat,557.1149049
1,Sample_S19S_0010_Wat,557.1302225
2,Sample_S19S_0010_Wat,557.1513467
1,Sample_S19S_0010_Wat,557.1797008
5,Sample_S19S_0010_Wat,557.2029722
10,Sample_S19S_0010_Wat,557.2522397
1,Sample_S19S_0010_Wat,559.0727284
11,Sample_S19S_0010_Wat,559.1092427
25,Sample_S19S_0010_Wat,559.1456819
14,Sample_S19S_0010_Wat,561.0522506
18,Sample_S19S_0010_Wat,561.0885432
7,Sample_S19S_0010_Wat,561.1248442
4,Sample_S19S_0010_Wat,561.1611805
1,Sample_S19S_0010_Wat,561.1975534
5,Sample_S19S_0010_Wat,561.2106672
5,Sample_S19S_0010_Wat,561.2339983
21,Sample_S19S_0010_Wat,563.0679011
8,Sample_S19S_0010_Wat,563.1043787
7,Sample_S19S_0010_Wat,563.140767
5,Sample_S19S_0010_Wat,563.1771352
23,Sample_S19S_0010_Wat,563.2134586
19,Sample_S19S_0010_Wat,563.2497644
8,Sample_S19S_0010_Wat,565.0470587
10,Sample_S19S_0010_Wat,565.0833841
3,Sample_S19S_0010_Wat,565.1561141
4,Sample_S19S_0010_Wat,565.2208348
18,Sample_S19S_0010_Wat,565.2290122
14,Sample_S19S_0010_Wat,567.0992538
9,Sample_S19S_0010_Wat,567.1356587
13,Sample_S19S_0010_Wat,567.2083955
8,Sample_S19S_0010_Wat,567.2366591
15,Sample_S19S_0010_Wat,567.2446704
9,Sample_S19S_0010_Wat,568.13089
13,Sample_S19S_0010_Wat,569.0784551
16,Sample_S19S_0010_Wat,569.1147778
8,Sample_S19S_0010_Wat,569.1510794
9,Sample_S19S_0010_Wat,569.17943
1,Sample_S19S_0010_Wat,569.1874013
5,Sample_S19S_0010_Wat,569.2157305
1,Sample_S19S_0010_Wat,571.0575531
3,Sample_S19S_0010_Wat,571.0727742
29,Sample_S19S_0010_Wat,571.1457131
5,Sample_S19S_0010_Wat,571.1588445
20,Sample_S19S_0010_Wat,571.1668216
28,Sample_S19S_0010_Wat,571.1821369
5,Sample_S19S_0010_Wat,571.1952621
14,Sample_S19S_0010_Wat,571.2032768
9,Sample_S19S_0010_Wat,571.2185728
8,Sample_S19S_0010_Wat,573.0521883
20,Sample_S19S_0010_Wat,573.0886509
13,Sample_S19S_0010_Wat,573.1250609
6,Sample_S19S_0010_Wat,573.1615077
3,Sample_S19S_0010_Wat,573.2342462
4,Sample_S19S_0010_Wat,575.0680122
8,Sample_S19S_0010_Wat,575.1043617
6,Sample_S19S_0010_Wat,575.1407714
31,Sample_S19S_0010_Wat,575.213398
18,Sample_S19S_0010_Wat,575.2497017
4,Sample_S19S_0010_Wat,577.0836723
42,Sample_S19S_0010_Wat,577.1563035
24,Sample_S19S_0010_Wat,577.1926143
6,Sample_S19S_0010_Wat,577.228924
1,Sample_S19S_0010_Wat,577.2651743
6,Sample_S19S_0010_Wat,579.0629358
12,Sample_S19S_0010_Wat,579.0992643
27,Sample_S19S_0010_Wat,579.1355972
35,Sample_S19S_0010_Wat,579.1719274
18,Sample_S19S_0010_Wat,579.2082488
4,Sample_S19S_0010_Wat,579.2445526
17,Sample_S19S_0010_Wat,581.1148894
36,Sample_S19S_0010_Wat,581.1512226
26,Sample_S19S_0010_Wat,581.1875335
19,Sample_S19S_0010_Wat,581.2238624
12,Sample_S19S_0010_Wat,582.1828966
2,Sample_S19S_0010_Wat,583.094266
1,Sample_S19S_0010_Wat,583.1095053
9,Sample_S19S_0010_Wat,583.1306046
1,Sample_S19S_0010_Wat,583.1589175
14,Sample_S19S_0010_Wat,583.1669172
8,Sample_S19S_0010_Wat,583.1952442
19,Sample_S19S_0010_Wat,583.2032587
10,Sample_S19S_0010_Wat,583.2314722
14,Sample_S19S_0010_Wat,583.2395225
7,Sample_S19S_0010_Wat,585.0734724
5,Sample_S19S_0010_Wat,585.0886953
5,Sample_S19S_0010_Wat,585.1098543
1,Sample_S19S_0010_Wat,585.1826784
3,Sample_S19S_0010_Wat,585.2190128
5,Sample_S19S_0010_Wat,585.2472737
3,Sample_S19S_0010_Wat,585.2834097
14,Sample_S19S_0010_Wat,587.1041571
10,Sample_S19S_0010_Wat,587.1254376
12,Sample_S19S_0010_Wat,587.1405809
23,Sample_S19S_0010_Wat,587.1770783
14,Sample_S19S_0010_Wat,587.2498677
6,Sample_S19S_0010_Wat,589.0833727
4,Sample_S19S_0010_Wat,589.119725
7,Sample_S19S_0010_Wat,591.0629191
4,Sample_S19S_0010_Wat,591.0993225
4,Sample_S19S_0010_Wat,591.135742
10,Sample_S19S_0010_Wat,591.1720289
15,Sample_S19S_0010_Wat,591.2083514
2,Sample_S19S_0010_Wat,593.078251
2,Sample_S19S_0010_Wat,593.1146582
9,Sample_S19S_0010_Wat,593.1511079
27,Sample_S19S_0010_Wat,593.1875846
16,Sample_S19S_0010_Wat,593.2240288
7,Sample_S19S_0010_Wat,593.2604417
4,Sample_S19S_0010_Wat,597.1095532
13,Sample_S19S_0010_Wat,597.1460191
24,Sample_S19S_0010_Wat,597.1824999
28,Sample_S19S_0010_Wat,597.2188862
14,Sample_S19S_0010_Wat,599.1618335
15,Sample_S19S_0010_Wat,599.1901116
8,Sample_S19S_0010_Wat,599.1981029
3,Sample_S19S_0010_Wat,601.0833482
1,Sample_S19S_0010_Wat,601.1560091
11,Sample_S19S_0010_Wat,603.0990962
14,Sample_S19S_0010_Wat,603.135473
13,Sample_S19S_0010_Wat,603.2083804
4,Sample_S19S_0010_Wat,605.1149751
2,Sample_S19S_0010_Wat,605.1513953
6,Sample_S19S_0010_Wat,605.2240726
13,Sample_S19S_0010_Wat,605.2602478
25,Sample_S19S_0010_Wat,607.1304892
23,Sample_S19S_0010_Wat,607.1667845
4,Sample_S19S_0010_Wat,607.2030678
18,Sample_S19S_0010_Wat,609.1096597
1,Sample_S19S_0010_Wat,609.1822447
2,Sample_S19S_0010_Wat,609.2185999
1,Sample_S19S_0010_Wat,611.1978745
1,Sample_S19S_0010_Wat,619.1666544
27,Sample_S19S_0010_Wat,621.1825214
2,Sample_S19S_0010_Wat,623.1255649
2,Sample_S19S_0010_Wat,623.1983716
1,Sample_S19S_0010_Wat,623.2347542
1,Sample_S19S_0010_Wat,625.1044435
4,Sample_S19S_0010_Wat,625.1408979
10,Sample_S19S_0010_Wat,625.1773321
16,Sample_S19S_0010_Wat,625.2137878
11,Sample_S19S_0010_Wat,631.2395415
7,Sample_S19S_0010_Wat,635.1252433
18,Sample_S19S_0010_Wat,635.1617901
6,Sample_S19S_0010_Wat,635.1982777
4,Sample_S19S_0010_Wat,635.2346553
9,Sample_S19S_0010_Wat,637.1408976
1,Sample_S19S_0010_Wat,639.1564278
2,Sample_S19S_0010_Wat,665.2452775
8,Sample_S19S_0010_Wat,667.2244188
8,Sample_S19S_0010_Wat,693.2036433
