num.trans.involved.in,sample,peak
34,Sample_S19S_0005_Wat,201.0404313
29,Sample_S19S_0005_Wat,201.0768122
23,Sample_S19S_0005_Wat,205.0505947
5,Sample_S19S_0005_Wat,205.1597578
35,Sample_S19S_0005_Wat,207.0298709
15,Sample_S19S_0005_Wat,209.0091207
37,Sample_S19S_0005_Wat,209.0455114
31,Sample_S19S_0005_Wat,209.0818981
18,Sample_S19S_0005_Wat,210.0771409
52,Sample_S19S_0005_Wat,211.0611736
28,Sample_S19S_0005_Wat,211.097555
20,Sample_S19S_0005_Wat,212.0564229
28,Sample_S19S_0005_Wat,213.0404285
41,Sample_S19S_0005_Wat,213.0768216
17,Sample_S19S_0005_Wat,214.0720739
33,Sample_S19S_0005_Wat,215.0560786
37,Sample_S19S_0005_Wat,215.0924726
41,Sample_S19S_0005_Wat,217.0717431
13,Sample_S19S_0005_Wat,219.0662407
38,Sample_S19S_0005_Wat,221.0455191
20,Sample_S19S_0005_Wat,221.0818912
6,Sample_S19S_0005_Wat,222.0407486
13,Sample_S19S_0005_Wat,222.0771399
45,Sample_S19S_0005_Wat,223.0247931
19,Sample_S19S_0005_Wat,223.0611523
37,Sample_S19S_0005_Wat,223.0975605
27,Sample_S19S_0005_Wat,224.0564233
80,Sample_S19S_0005_Wat,225.0404494
49,Sample_S19S_0005_Wat,225.0768195
10,Sample_S19S_0005_Wat,225.1131873
16,Sample_S19S_0005_Wat,226.0356785
35,Sample_S19S_0005_Wat,226.072077
37,Sample_S19S_0005_Wat,227.056079
42,Sample_S19S_0005_Wat,227.092466
7,Sample_S19S_0005_Wat,228.0513116
41,Sample_S19S_0005_Wat,229.0353497
48,Sample_S19S_0005_Wat,229.0717413
29,Sample_S19S_0005_Wat,229.1081151
45,Sample_S19S_0005_Wat,231.051012
39,Sample_S19S_0005_Wat,231.0873835
38,Sample_S19S_0005_Wat,233.0455307
34,Sample_S19S_0005_Wat,233.0819208
7,Sample_S19S_0005_Wat,233.1546845
42,Sample_S19S_0005_Wat,235.0247912
57,Sample_S19S_0005_Wat,235.0611873
37,Sample_S19S_0005_Wat,235.0975749
50,Sample_S19S_0005_Wat,236.0564412
46,Sample_S19S_0005_Wat,237.0404421
60,Sample_S19S_0005_Wat,237.0768351
36,Sample_S19S_0005_Wat,237.1132227
12,Sample_S19S_0005_Wat,238.0356696
24,Sample_S19S_0005_Wat,238.0720655
69,Sample_S19S_0005_Wat,239.0197221
102,Sample_S19S_0005_Wat,239.0561117
15,Sample_S19S_0005_Wat,239.0673352
91,Sample_S19S_0005_Wat,239.092497
41,Sample_S19S_0005_Wat,239.1288753
35,Sample_S19S_0005_Wat,240.0513448
39,Sample_S19S_0005_Wat,240.0877319
80,Sample_S19S_0005_Wat,241.03537
56,Sample_S19S_0005_Wat,241.0717422
28,Sample_S19S_0005_Wat,241.1081087
18,Sample_S19S_0005_Wat,241.1445007
52,Sample_S19S_0005_Wat,242.0670034
14,Sample_S19S_0005_Wat,242.139775
1,Sample_S19S_0005_Wat,242.1761465
83,Sample_S19S_0005_Wat,243.0510224
39,Sample_S19S_0005_Wat,243.0873816
18,Sample_S19S_0005_Wat,243.1237626
34,Sample_S19S_0005_Wat,244.0826525
45,Sample_S19S_0005_Wat,245.0302737
12,Sample_S19S_0005_Wat,245.0489119
93,Sample_S19S_0005_Wat,245.0666847
67,Sample_S19S_0005_Wat,245.1030642
40,Sample_S19S_0005_Wat,247.024801
64,Sample_S19S_0005_Wat,247.0612011
74,Sample_S19S_0005_Wat,247.0823368
64,Sample_S19S_0005_Wat,247.0975945
42,Sample_S19S_0005_Wat,248.0564361
38,Sample_S19S_0005_Wat,249.0040636
81,Sample_S19S_0005_Wat,249.0404675
84,Sample_S19S_0005_Wat,249.0768527
34,Sample_S19S_0005_Wat,249.1132224
54,Sample_S19S_0005_Wat,250.07209
79,Sample_S19S_0005_Wat,251.0197332
73,Sample_S19S_0005_Wat,251.0560986
19,Sample_S19S_0005_Wat,251.0673594
108,Sample_S19S_0005_Wat,251.0925063
39,Sample_S19S_0005_Wat,251.1289035
50,Sample_S19S_0005_Wat,252.0513612
47,Sample_S19S_0005_Wat,252.0877348
112,Sample_S19S_0005_Wat,253.0353983
125,Sample_S19S_0005_Wat,253.0717756
11,Sample_S19S_0005_Wat,253.0829986
39,Sample_S19S_0005_Wat,253.1081345
42,Sample_S19S_0005_Wat,253.1445337
46,Sample_S19S_0005_Wat,254.0670222
43,Sample_S19S_0005_Wat,254.1033853
62,Sample_S19S_0005_Wat,255.0146298
109,Sample_S19S_0005_Wat,255.0510433
15,Sample_S19S_0005_Wat,255.0622462
117,Sample_S19S_0005_Wat,255.0874163
35,Sample_S19S_0005_Wat,255.1237776
53,Sample_S19S_0005_Wat,256.0826837
90,Sample_S19S_0005_Wat,257.030304
33,Sample_S19S_0005_Wat,257.048925
105,Sample_S19S_0005_Wat,257.0666765
62,Sample_S19S_0005_Wat,257.1030521
48,Sample_S19S_0005_Wat,257.1394516
51,Sample_S19S_0005_Wat,258.0619166
48,Sample_S19S_0005_Wat,259.0248281
30,Sample_S19S_0005_Wat,259.0282061
94,Sample_S19S_0005_Wat,259.0459547
56,Sample_S19S_0005_Wat,259.0612028
96,Sample_S19S_0005_Wat,259.0823405
58,Sample_S19S_0005_Wat,259.1187072
55,Sample_S19S_0005_Wat,261.040468
21,Sample_S19S_0005_Wat,261.04386
70,Sample_S19S_0005_Wat,261.061588
83,Sample_S19S_0005_Wat,261.0768598
54,Sample_S19S_0005_Wat,261.0980071
53,Sample_S19S_0005_Wat,261.1132477
35,Sample_S19S_0005_Wat,262.0357323
40,Sample_S19S_0005_Wat,262.0721008
43,Sample_S19S_0005_Wat,263.019721
85,Sample_S19S_0005_Wat,263.0561329
43,Sample_S19S_0005_Wat,263.0924815
38,Sample_S19S_0005_Wat,263.128908
50,Sample_S19S_0005_Wat,264.0513612
45,Sample_S19S_0005_Wat,264.087752
90,Sample_S19S_0005_Wat,265.0353938
91,Sample_S19S_0005_Wat,265.0717855
22,Sample_S19S_0005_Wat,265.0829943
92,Sample_S19S_0005_Wat,265.1081545
28,Sample_S19S_0005_Wat,265.1445692
1,Sample_S19S_0005_Wat,265.1479151
45,Sample_S19S_0005_Wat,266.0306266
66,Sample_S19S_0005_Wat,266.0670361
41,Sample_S19S_0005_Wat,266.1034196
77,Sample_S19S_0005_Wat,267.0146829
119,Sample_S19S_0005_Wat,267.0510336
23,Sample_S19S_0005_Wat,267.0622941
104,Sample_S19S_0005_Wat,267.0874299
85,Sample_S19S_0005_Wat,267.123805
34,Sample_S19S_0005_Wat,267.1601848
69,Sample_S19S_0005_Wat,268.0462977
62,Sample_S19S_0005_Wat,268.08266
36,Sample_S19S_0005_Wat,268.1190514
24,Sample_S19S_0005_Wat,269.01256
88,Sample_S19S_0005_Wat,269.0303205
32,Sample_S19S_0005_Wat,269.0489342
124,Sample_S19S_0005_Wat,269.0666802
28,Sample_S19S_0005_Wat,269.0779259
103,Sample_S19S_0005_Wat,269.1030627
45,Sample_S19S_0005_Wat,269.1394657
61,Sample_S19S_0005_Wat,270.0619439
53,Sample_S19S_0005_Wat,270.0983057
28,Sample_S19S_0005_Wat,271.0281864
91,Sample_S19S_0005_Wat,271.0459737
27,Sample_S19S_0005_Wat,271.0645721
100,Sample_S19S_0005_Wat,271.0823212
87,Sample_S19S_0005_Wat,271.118718
56,Sample_S19S_0005_Wat,272.0412153
58,Sample_S19S_0005_Wat,272.0775888
25,Sample_S19S_0005_Wat,273.0074568
68,Sample_S19S_0005_Wat,273.0252099
57,Sample_S19S_0005_Wat,273.040478
83,Sample_S19S_0005_Wat,273.061591
84,Sample_S19S_0005_Wat,273.0979879
31,Sample_S19S_0005_Wat,273.1343844
36,Sample_S19S_0005_Wat,274.0357454
38,Sample_S19S_0005_Wat,274.0720917
41,Sample_S19S_0005_Wat,274.0932637
60,Sample_S19S_0005_Wat,275.0197425
74,Sample_S19S_0005_Wat,275.0408652
68,Sample_S19S_0005_Wat,275.0561155
36,Sample_S19S_0005_Wat,275.0594984
19,Sample_S19S_0005_Wat,275.0673647
85,Sample_S19S_0005_Wat,275.0772487
70,Sample_S19S_0005_Wat,275.0925149
66,Sample_S19S_0005_Wat,275.1136274
48,Sample_S19S_0005_Wat,275.1288873
41,Sample_S19S_0005_Wat,276.0513913
18,Sample_S19S_0005_Wat,276.0877174
96,Sample_S19S_0005_Wat,277.0354157
19,Sample_S19S_0005_Wat,277.0387785
85,Sample_S19S_0005_Wat,277.0717892
26,Sample_S19S_0005_Wat,277.0751477
31,Sample_S19S_0005_Wat,277.0830242
76,Sample_S19S_0005_Wat,277.1081544
49,Sample_S19S_0005_Wat,277.1445377
38,Sample_S19S_0005_Wat,278.0306345
54,Sample_S19S_0005_Wat,278.0670289
39,Sample_S19S_0005_Wat,278.1034322
44,Sample_S19S_0005_Wat,279.0146331
95,Sample_S19S_0005_Wat,279.0510516
32,Sample_S19S_0005_Wat,279.0544147
28,Sample_S19S_0005_Wat,279.0622836
63,Sample_S19S_0005_Wat,279.0874539
30,Sample_S19S_0005_Wat,279.0986672
54,Sample_S19S_0005_Wat,279.1238221
39,Sample_S19S_0005_Wat,279.160186
60,Sample_S19S_0005_Wat,280.0463018
68,Sample_S19S_0005_Wat,280.0826921
47,Sample_S19S_0005_Wat,280.1190492
92,Sample_S19S_0005_Wat,281.0303339
121,Sample_S19S_0005_Wat,281.0666829
34,Sample_S19S_0005_Wat,281.0779309
68,Sample_S19S_0005_Wat,281.1030502
17,Sample_S19S_0005_Wat,281.1143409
68,Sample_S19S_0005_Wat,281.1394597
50,Sample_S19S_0005_Wat,282.0983548
75,Sample_S19S_0005_Wat,283.0095898
119,Sample_S19S_0005_Wat,283.0459554
16,Sample_S19S_0005_Wat,283.0571681
80,Sample_S19S_0005_Wat,283.0823169
29,Sample_S19S_0005_Wat,283.0935869
106,Sample_S19S_0005_Wat,283.118715
29,Sample_S19S_0005_Wat,283.1551309
52,Sample_S19S_0005_Wat,284.0412345
65,Sample_S19S_0005_Wat,284.0776208
47,Sample_S19S_0005_Wat,284.1139788
82,Sample_S19S_0005_Wat,285.025228
44,Sample_S19S_0005_Wat,285.0404866
85,Sample_S19S_0005_Wat,285.0616357
25,Sample_S19S_0005_Wat,285.0728595
23,Sample_S19S_0005_Wat,285.0802217
39,Sample_S19S_0005_Wat,285.0980306
50,Sample_S19S_0005_Wat,285.1343948
51,Sample_S19S_0005_Wat,286.0568589
57,Sample_S19S_0005_Wat,286.0932539
25,Sample_S19S_0005_Wat,287.0231311
76,Sample_S19S_0005_Wat,287.0408776
57,Sample_S19S_0005_Wat,287.0561351
7,Sample_S19S_0005_Wat,287.0595327
96,Sample_S19S_0005_Wat,287.0772537
56,Sample_S19S_0005_Wat,287.0925228
85,Sample_S19S_0005_Wat,287.1136282
52,Sample_S19S_0005_Wat,287.150015
51,Sample_S19S_0005_Wat,288.0725046
38,Sample_S19S_0005_Wat,288.1089115
26,Sample_S19S_0005_Wat,289.0023755
71,Sample_S19S_0005_Wat,289.0354029
29,Sample_S19S_0005_Wat,289.0387746
11,Sample_S19S_0005_Wat,289.0466597
82,Sample_S19S_0005_Wat,289.0565242
85,Sample_S19S_0005_Wat,289.0717704
33,Sample_S19S_0005_Wat,289.0751476
77,Sample_S19S_0005_Wat,289.0929075
55,Sample_S19S_0005_Wat,289.1081489
61,Sample_S19S_0005_Wat,289.1292776
12,Sample_S19S_0005_Wat,290.0305978
18,Sample_S19S_0005_Wat,290.0669883
12,Sample_S19S_0005_Wat,290.0882083
50,Sample_S19S_0005_Wat,290.1033932
64,Sample_S19S_0005_Wat,291.0146759
84,Sample_S19S_0005_Wat,291.0510416
30,Sample_S19S_0005_Wat,291.0543989
23,Sample_S19S_0005_Wat,291.0622947
73,Sample_S19S_0005_Wat,291.0721692
77,Sample_S19S_0005_Wat,291.0874132
9,Sample_S19S_0005_Wat,291.0907683
23,Sample_S19S_0005_Wat,291.0986884
61,Sample_S19S_0005_Wat,291.1237966
34,Sample_S19S_0005_Wat,292.0462633
41,Sample_S19S_0005_Wat,292.1190716
92,Sample_S19S_0005_Wat,293.0303357
30,Sample_S19S_0005_Wat,293.0336884
22,Sample_S19S_0005_Wat,293.0415474
89,Sample_S19S_0005_Wat,293.0667099
26,Sample_S19S_0005_Wat,293.0700724
34,Sample_S19S_0005_Wat,293.0779374
98,Sample_S19S_0005_Wat,293.1030793
25,Sample_S19S_0005_Wat,293.1143295
70,Sample_S19S_0005_Wat,293.1394564
11,Sample_S19S_0005_Wat,293.1757942
1,Sample_S19S_0005_Wat,293.179192
17,Sample_S19S_0005_Wat,294.0255165
48,Sample_S19S_0005_Wat,294.0619153
57,Sample_S19S_0005_Wat,294.098304
51,Sample_S19S_0005_Wat,295.0095496
93,Sample_S19S_0005_Wat,295.0459444
20,Sample_S19S_0005_Wat,295.0572284
120,Sample_S19S_0005_Wat,295.0823376
10,Sample_S19S_0005_Wat,295.093638
112,Sample_S19S_0005_Wat,295.1187213
50,Sample_S19S_0005_Wat,295.1550986
39,Sample_S19S_0005_Wat,296.0411763
60,Sample_S19S_0005_Wat,296.0775656
43,Sample_S19S_0005_Wat,296.1139469
17,Sample_S19S_0005_Wat,297.0074532
90,Sample_S19S_0005_Wat,297.025237
100,Sample_S19S_0005_Wat,297.0616262
31,Sample_S19S_0005_Wat,297.0728378
70,Sample_S19S_0005_Wat,297.0980154
26,Sample_S19S_0005_Wat,297.109248
39,Sample_S19S_0005_Wat,297.1344063
2,Sample_S19S_0005_Wat,297.1529844
18,Sample_S19S_0005_Wat,297.1707937
70,Sample_S19S_0005_Wat,298.0568737
63,Sample_S19S_0005_Wat,298.0932671
40,Sample_S19S_0005_Wat,298.1296449
27,Sample_S19S_0005_Wat,299.0231228
82,Sample_S19S_0005_Wat,299.0408894
50,Sample_S19S_0005_Wat,299.05613
37,Sample_S19S_0005_Wat,299.0595
108,Sample_S19S_0005_Wat,299.0772616
28,Sample_S19S_0005_Wat,299.0884889
85,Sample_S19S_0005_Wat,299.1136455
66,Sample_S19S_0005_Wat,299.1500243
64,Sample_S19S_0005_Wat,300.0725
51,Sample_S19S_0005_Wat,300.1089049
13,Sample_S19S_0005_Wat,301.0023572
66,Sample_S19S_0005_Wat,301.0201601
58,Sample_S19S_0005_Wat,301.0353903
37,Sample_S19S_0005_Wat,301.0387674
78,Sample_S19S_0005_Wat,301.0565488
45,Sample_S19S_0005_Wat,301.071792
34,Sample_S19S_0005_Wat,301.0751454
65,Sample_S19S_0005_Wat,301.092932
26,Sample_S19S_0005_Wat,301.1041695
46,Sample_S19S_0005_Wat,301.129318
28,Sample_S19S_0005_Wat,301.1656955
26,Sample_S19S_0005_Wat,302.0306578
44,Sample_S19S_0005_Wat,302.0518004
34,Sample_S19S_0005_Wat,302.0881947
55,Sample_S19S_0005_Wat,303.0146906
25,Sample_S19S_0005_Wat,303.0180437
61,Sample_S19S_0005_Wat,303.0357821
66,Sample_S19S_0005_Wat,303.0510433
47,Sample_S19S_0005_Wat,303.0544081
9,Sample_S19S_0005_Wat,303.0623453
80,Sample_S19S_0005_Wat,303.0721573
60,Sample_S19S_0005_Wat,303.0874395
31,Sample_S19S_0005_Wat,303.0907893
83,Sample_S19S_0005_Wat,303.1085414
52,Sample_S19S_0005_Wat,303.1238249
53,Sample_S19S_0005_Wat,303.1449308
45,Sample_S19S_0005_Wat,304.0462877
34,Sample_S19S_0005_Wat,304.0674332
48,Sample_S19S_0005_Wat,304.0826613
30,Sample_S19S_0005_Wat,304.1038383
79,Sample_S19S_0005_Wat,305.0303157
37,Sample_S19S_0005_Wat,305.0336873
42,Sample_S19S_0005_Wat,305.0514118
91,Sample_S19S_0005_Wat,305.0666877
40,Sample_S19S_0005_Wat,305.0700613
11,Sample_S19S_0005_Wat,305.0779953
49,Sample_S19S_0005_Wat,305.087829
78,Sample_S19S_0005_Wat,305.1030852
6,Sample_S19S_0005_Wat,305.1143903
52,Sample_S19S_0005_Wat,305.1394662
20,Sample_S19S_0005_Wat,306.0831168
57,Sample_S19S_0005_Wat,306.0983427
46,Sample_S19S_0005_Wat,307.0095853
101,Sample_S19S_0005_Wat,307.0459779
20,Sample_S19S_0005_Wat,307.0493115
15,Sample_S19S_0005_Wat,307.0572343
67,Sample_S19S_0005_Wat,307.0823737
19,Sample_S19S_0005_Wat,307.0857227
27,Sample_S19S_0005_Wat,307.0936059
46,Sample_S19S_0005_Wat,307.1187572
31,Sample_S19S_0005_Wat,307.1551342
67,Sample_S19S_0005_Wat,308.0412303
71,Sample_S19S_0005_Wat,308.0775973
58,Sample_S19S_0005_Wat,308.1139545
92,Sample_S19S_0005_Wat,309.0252469
117,Sample_S19S_0005_Wat,309.0616036
14,Sample_S19S_0005_Wat,309.0649579
30,Sample_S19S_0005_Wat,309.0728691
105,Sample_S19S_0005_Wat,309.0979773
11,Sample_S19S_0005_Wat,309.1092661
88,Sample_S19S_0005_Wat,309.1343649
33,Sample_S19S_0005_Wat,309.1707647
1,Sample_S19S_0005_Wat,309.1741269
61,Sample_S19S_0005_Wat,310.0568411
66,Sample_S19S_0005_Wat,310.0932206
53,Sample_S19S_0005_Wat,310.1296176
29,Sample_S19S_0005_Wat,311.0231058
102,Sample_S19S_0005_Wat,311.0408991
26,Sample_S19S_0005_Wat,311.0521121
104,Sample_S19S_0005_Wat,311.0772659
36,Sample_S19S_0005_Wat,311.0885065
131,Sample_S19S_0005_Wat,311.1136352
33,Sample_S19S_0005_Wat,311.1248899
69,Sample_S19S_0005_Wat,311.1500195
42,Sample_S19S_0005_Wat,312.0361043
66,Sample_S19S_0005_Wat,312.0725103
12,Sample_S19S_0005_Wat,313.0024017
64,Sample_S19S_0005_Wat,313.0201379
38,Sample_S19S_0005_Wat,313.0387549
89,Sample_S19S_0005_Wat,313.0565398
86,Sample_S19S_0005_Wat,313.0929245
36,Sample_S19S_0005_Wat,313.1041391
70,Sample_S19S_0005_Wat,313.1293014
44,Sample_S19S_0005_Wat,313.1656688
62,Sample_S19S_0005_Wat,314.0517902
72,Sample_S19S_0005_Wat,314.0881771
52,Sample_S19S_0005_Wat,314.1245573
30,Sample_S19S_0005_Wat,315.0180328
76,Sample_S19S_0005_Wat,315.035781
55,Sample_S19S_0005_Wat,315.0510397
47,Sample_S19S_0005_Wat,315.0544106
85,Sample_S19S_0005_Wat,315.0721791
27,Sample_S19S_0005_Wat,315.0873994
7,Sample_S19S_0005_Wat,315.0907452
65,Sample_S19S_0005_Wat,315.1085755
43,Sample_S19S_0005_Wat,315.1449559
39,Sample_S19S_0005_Wat,316.0463145
46,Sample_S19S_0005_Wat,316.0674166
60,Sample_S19S_0005_Wat,316.1038062
66,Sample_S19S_0005_Wat,317.0303382
10,Sample_S19S_0005_Wat,317.0337185
70,Sample_S19S_0005_Wat,317.0514233
72,Sample_S19S_0005_Wat,317.0666936
40,Sample_S19S_0005_Wat,317.0700656
5,Sample_S19S_0005_Wat,317.0780371
96,Sample_S19S_0005_Wat,317.0878157
55,Sample_S19S_0005_Wat,317.1030588
8,Sample_S19S_0005_Wat,317.1063977
47,Sample_S19S_0005_Wat,317.124227
51,Sample_S19S_0005_Wat,317.1394552
26,Sample_S19S_0005_Wat,318.0255948
52,Sample_S19S_0005_Wat,318.0619419
21,Sample_S19S_0005_Wat,318.0831173
41,Sample_S19S_0005_Wat,318.0982984
19,Sample_S19S_0005_Wat,318.1194966
45,Sample_S19S_0005_Wat,319.009608
23,Sample_S19S_0005_Wat,319.0460069
10,Sample_S19S_0005_Wat,319.0493681
5,Sample_S19S_0005_Wat,319.0573003
47,Sample_S19S_0005_Wat,319.0670953
73,Sample_S19S_0005_Wat,319.0823624
35,Sample_S19S_0005_Wat,319.0857041
4,Sample_S19S_0005_Wat,319.0936659
40,Sample_S19S_0005_Wat,319.103481
77,Sample_S19S_0005_Wat,319.1187158
50,Sample_S19S_0005_Wat,319.1551015
52,Sample_S19S_0005_Wat,320.0412195
51,Sample_S19S_0005_Wat,320.0776287
20,Sample_S19S_0005_Wat,320.0987676
22,Sample_S19S_0005_Wat,320.1140206
74,Sample_S19S_0005_Wat,321.0252313
14,Sample_S19S_0005_Wat,321.028557
77,Sample_S19S_0005_Wat,321.0616406
18,Sample_S19S_0005_Wat,321.0649964
13,Sample_S19S_0005_Wat,321.0728956
43,Sample_S19S_0005_Wat,321.0980285
6,Sample_S19S_0005_Wat,321.1013887
8,Sample_S19S_0005_Wat,321.1093021
63,Sample_S19S_0005_Wat,321.1343949
33,Sample_S19S_0005_Wat,321.1707672
71,Sample_S19S_0005_Wat,322.0568903
72,Sample_S19S_0005_Wat,322.0932669
57,Sample_S19S_0005_Wat,323.0044879
78,Sample_S19S_0005_Wat,323.0408542
12,Sample_S19S_0005_Wat,323.0521494
106,Sample_S19S_0005_Wat,323.0772527
10,Sample_S19S_0005_Wat,323.0805863
40,Sample_S19S_0005_Wat,323.0884973
58,Sample_S19S_0005_Wat,323.1136726
23,Sample_S19S_0005_Wat,323.1249109
48,Sample_S19S_0005_Wat,323.1500462
58,Sample_S19S_0005_Wat,324.0361498
72,Sample_S19S_0005_Wat,324.0725027
62,Sample_S19S_0005_Wat,324.108871
14,Sample_S19S_0005_Wat,325.0024079
24,Sample_S19S_0005_Wat,325.0201894
21,Sample_S19S_0005_Wat,325.0387758
96,Sample_S19S_0005_Wat,325.0565425
9,Sample_S19S_0005_Wat,325.0678176
115,Sample_S19S_0005_Wat,325.0928926
37,Sample_S19S_0005_Wat,325.1041654
76,Sample_S19S_0005_Wat,325.1292996
31,Sample_S19S_0005_Wat,325.1657004
1,Sample_S19S_0005_Wat,325.1842438
56,Sample_S19S_0005_Wat,326.0518083
72,Sample_S19S_0005_Wat,326.0881656
54,Sample_S19S_0005_Wat,326.1245662
17,Sample_S19S_0005_Wat,327.0180623
81,Sample_S19S_0005_Wat,327.035782
10,Sample_S19S_0005_Wat,327.0543882
82,Sample_S19S_0005_Wat,327.0722018
37,Sample_S19S_0005_Wat,327.0834311
78,Sample_S19S_0005_Wat,327.1085831
8,Sample_S19S_0005_Wat,327.1198419
65,Sample_S19S_0005_Wat,327.1449492
53,Sample_S19S_0005_Wat,328.067419
69,Sample_S19S_0005_Wat,328.1037984
10,Sample_S19S_0005_Wat,328.997322
19,Sample_S19S_0005_Wat,329.0151141
50,Sample_S19S_0005_Wat,329.0303285
38,Sample_S19S_0005_Wat,329.0336784
54,Sample_S19S_0005_Wat,329.0514722
27,Sample_S19S_0005_Wat,329.0667319
45,Sample_S19S_0005_Wat,329.0700573
107,Sample_S19S_0005_Wat,329.0878075
32,Sample_S19S_0005_Wat,329.0990585
48,Sample_S19S_0005_Wat,329.1030905
21,Sample_S19S_0005_Wat,329.1064332
67,Sample_S19S_0005_Wat,329.1242163
1,Sample_S19S_0005_Wat,329.152419
50,Sample_S19S_0005_Wat,329.1605843
18,Sample_S19S_0005_Wat,330.0255466
24,Sample_S19S_0005_Wat,330.0467323
38,Sample_S19S_0005_Wat,330.0619755
31,Sample_S19S_0005_Wat,330.0831155
53,Sample_S19S_0005_Wat,330.1194763
18,Sample_S19S_0005_Wat,331.012931
60,Sample_S19S_0005_Wat,331.0307044
47,Sample_S19S_0005_Wat,331.0459941
40,Sample_S19S_0005_Wat,331.0493372
69,Sample_S19S_0005_Wat,331.0670688
62,Sample_S19S_0005_Wat,331.0823608
34,Sample_S19S_0005_Wat,331.0857029
49,Sample_S19S_0005_Wat,331.1034998
64,Sample_S19S_0005_Wat,331.1187275
8,Sample_S19S_0005_Wat,331.122066
21,Sample_S19S_0005_Wat,331.1399002
44,Sample_S19S_0005_Wat,332.0412408
35,Sample_S19S_0005_Wat,332.0623668
55,Sample_S19S_0005_Wat,332.0775831
46,Sample_S19S_0005_Wat,332.0987468
31,Sample_S19S_0005_Wat,332.1351167
30,Sample_S19S_0005_Wat,333.0252702
13,Sample_S19S_0005_Wat,333.0286322
39,Sample_S19S_0005_Wat,333.0463704
41,Sample_S19S_0005_Wat,333.0616512
6,Sample_S19S_0005_Wat,333.0650225
2,Sample_S19S_0005_Wat,333.0729806
42,Sample_S19S_0005_Wat,333.08277
77,Sample_S19S_0005_Wat,333.0980074
20,Sample_S19S_0005_Wat,333.1013488
4,Sample_S19S_0005_Wat,333.109335
11,Sample_S19S_0005_Wat,333.1191757
33,Sample_S19S_0005_Wat,333.1344131
22,Sample_S19S_0005_Wat,333.1707943
23,Sample_S19S_0005_Wat,334.0204647
67,Sample_S19S_0005_Wat,334.0568812
22,Sample_S19S_0005_Wat,334.0780188
44,Sample_S19S_0005_Wat,334.0932769
11,Sample_S19S_0005_Wat,334.1144217
46,Sample_S19S_0005_Wat,335.004499
54,Sample_S19S_0005_Wat,335.0409093
13,Sample_S19S_0005_Wat,335.0442667
7,Sample_S19S_0005_Wat,335.0521847
86,Sample_S19S_0005_Wat,335.0772597
29,Sample_S19S_0005_Wat,335.0806299
52,Sample_S19S_0005_Wat,335.1136067
3,Sample_S19S_0005_Wat,335.1169263
12,Sample_S19S_0005_Wat,335.124927
52,Sample_S19S_0005_Wat,335.150042
25,Sample_S19S_0005_Wat,335.1864245
28,Sample_S19S_0005_Wat,336.0361684
36,Sample_S19S_0005_Wat,336.0725571
62,Sample_S19S_0005_Wat,336.1089144
2,Sample_S19S_0005_Wat,336.1453517
68,Sample_S19S_0005_Wat,337.0201415
57,Sample_S19S_0005_Wat,337.0564852
29,Sample_S19S_0005_Wat,337.0677837
16,Sample_S19S_0005_Wat,337.0695448
106,Sample_S19S_0005_Wat,337.0929176
13,Sample_S19S_0005_Wat,337.1041904
103,Sample_S19S_0005_Wat,337.1292866
43,Sample_S19S_0005_Wat,337.1656867
19,Sample_S19S_0005_Wat,338.0518396
78,Sample_S19S_0005_Wat,338.0881798
44,Sample_S19S_0005_Wat,338.1245766
74,Sample_S19S_0005_Wat,339.0357996
23,Sample_S19S_0005_Wat,339.0470361
117,Sample_S19S_0005_Wat,339.0721726
10,Sample_S19S_0005_Wat,339.0834699
117,Sample_S19S_0005_Wat,339.1085453
29,Sample_S19S_0005_Wat,339.1198231
32,Sample_S19S_0005_Wat,339.1449816
31,Sample_S19S_0005_Wat,339.1813533
2,Sample_S19S_0005_Wat,339.1999929
49,Sample_S19S_0005_Wat,340.0310651
20,Sample_S19S_0005_Wat,340.0674792
67,Sample_S19S_0005_Wat,340.1038147
53,Sample_S19S_0005_Wat,340.1401964
16,Sample_S19S_0005_Wat,340.9973236
63,Sample_S19S_0005_Wat,341.0150623
19,Sample_S19S_0005_Wat,341.0302897
14,Sample_S19S_0005_Wat,341.0336306
78,Sample_S19S_0005_Wat,341.0514621
4,Sample_S19S_0005_Wat,341.0627609
13,Sample_S19S_0005_Wat,341.0700215
117,Sample_S19S_0005_Wat,341.0878109
27,Sample_S19S_0005_Wat,341.0990914
38,Sample_S19S_0005_Wat,341.12425
38,Sample_S19S_0005_Wat,341.1354562
45,Sample_S19S_0005_Wat,341.1606173
24,Sample_S19S_0005_Wat,342.0255847
47,Sample_S19S_0005_Wat,342.0467143
66,Sample_S19S_0005_Wat,342.0830768
46,Sample_S19S_0005_Wat,342.1194926
16,Sample_S19S_0005_Wat,343.0129774
65,Sample_S19S_0005_Wat,343.0307124
42,Sample_S19S_0005_Wat,343.0459579
17,Sample_S19S_0005_Wat,343.0492868
58,Sample_S19S_0005_Wat,343.067113
16,Sample_S19S_0005_Wat,343.0823925
35,Sample_S19S_0005_Wat,343.0857039
106,Sample_S19S_0005_Wat,343.1034685
40,Sample_S19S_0005_Wat,343.1147254
32,Sample_S19S_0005_Wat,343.1187422
17,Sample_S19S_0005_Wat,343.1399075
25,Sample_S19S_0005_Wat,344.0412523
54,Sample_S19S_0005_Wat,344.0623517
47,Sample_S19S_0005_Wat,344.0775907
39,Sample_S19S_0005_Wat,344.0987606
2,Sample_S19S_0005_Wat,344.1350437
56,Sample_S19S_0005_Wat,345.0252491
31,Sample_S19S_0005_Wat,345.0286059
56,Sample_S19S_0005_Wat,345.0463327
65,Sample_S19S_0005_Wat,345.0616254
37,Sample_S19S_0005_Wat,345.0649742
58,Sample_S19S_0005_Wat,345.0827674
60,Sample_S19S_0005_Wat,345.0980089
15,Sample_S19S_0005_Wat,345.1013399
55,Sample_S19S_0005_Wat,345.1191373
18,Sample_S19S_0005_Wat,345.1344288
26,Sample_S19S_0005_Wat,345.1555412
33,Sample_S19S_0005_Wat,345.170772
28,Sample_S19S_0005_Wat,346.0204903
35,Sample_S19S_0005_Wat,346.0569005
37,Sample_S19S_0005_Wat,346.07802
52,Sample_S19S_0005_Wat,346.0932318
49,Sample_S19S_0005_Wat,346.1143644
21,Sample_S19S_0005_Wat,346.1507606
44,Sample_S19S_0005_Wat,347.0045152
68,Sample_S19S_0005_Wat,347.0408756
41,Sample_S19S_0005_Wat,347.0442381
43,Sample_S19S_0005_Wat,347.0620279
91,Sample_S19S_0005_Wat,347.0772564
13,Sample_S19S_0005_Wat,347.0805924
5,Sample_S19S_0005_Wat,347.0885951
27,Sample_S19S_0005_Wat,347.0903002
64,Sample_S19S_0005_Wat,347.0983726
40,Sample_S19S_0005_Wat,347.1136821
23,Sample_S19S_0005_Wat,347.1170036
22,Sample_S19S_0005_Wat,347.1348045
62,Sample_S19S_0005_Wat,347.1500262
7,Sample_S19S_0005_Wat,347.1864695
39,Sample_S19S_0005_Wat,348.0361356
32,Sample_S19S_0005_Wat,348.0725611
61,Sample_S19S_0005_Wat,348.1089104
8,Sample_S19S_0005_Wat,348.1300774
64,Sample_S19S_0005_Wat,349.0201636
22,Sample_S19S_0005_Wat,349.0564693
13,Sample_S19S_0005_Wat,349.0598406
4,Sample_S19S_0005_Wat,349.0678584
76,Sample_S19S_0005_Wat,349.0929209
11,Sample_S19S_0005_Wat,349.0962266
7,Sample_S19S_0005_Wat,349.1042255
22,Sample_S19S_0005_Wat,349.1059291
75,Sample_S19S_0005_Wat,349.129303
52,Sample_S19S_0005_Wat,349.1656793
12,Sample_S19S_0005_Wat,349.2021049
20,Sample_S19S_0005_Wat,350.0518357
79,Sample_S19S_0005_Wat,350.0881844
24,Sample_S19S_0005_Wat,350.1245924
73,Sample_S19S_0005_Wat,351.0357871
11,Sample_S19S_0005_Wat,351.0488144
80,Sample_S19S_0005_Wat,351.0721501
52,Sample_S19S_0005_Wat,351.1085115
15,Sample_S19S_0005_Wat,351.1198443
22,Sample_S19S_0005_Wat,351.121581
44,Sample_S19S_0005_Wat,351.1449775
35,Sample_S19S_0005_Wat,351.1813076
31,Sample_S19S_0005_Wat,352.0310225
31,Sample_S19S_0005_Wat,352.0674721
65,Sample_S19S_0005_Wat,352.1038206
29,Sample_S19S_0005_Wat,352.140233
60,Sample_S19S_0005_Wat,353.0150696
50,Sample_S19S_0005_Wat,353.0514753
116,Sample_S19S_0005_Wat,353.0878166
19,Sample_S19S_0005_Wat,353.0990962
12,Sample_S19S_0005_Wat,353.1008561
75,Sample_S19S_0005_Wat,353.124233
9,Sample_S19S_0005_Wat,353.1354923
44,Sample_S19S_0005_Wat,353.1605629
25,Sample_S19S_0005_Wat,353.1970034
53,Sample_S19S_0005_Wat,354.0467104
73,Sample_S19S_0005_Wat,354.0830704
10,Sample_S19S_0005_Wat,354.0942884
58,Sample_S19S_0005_Wat,354.1194893
50,Sample_S19S_0005_Wat,354.1558443
13,Sample_S19S_0005_Wat,355.0129751
62,Sample_S19S_0005_Wat,355.0306981
33,Sample_S19S_0005_Wat,355.0459559
9,Sample_S19S_0005_Wat,355.0492579
76,Sample_S19S_0005_Wat,355.0671162
5,Sample_S19S_0005_Wat,355.0784081
108,Sample_S19S_0005_Wat,355.1034699
48,Sample_S19S_0005_Wat,355.1147135
24,Sample_S19S_0005_Wat,355.1399086
38,Sample_S19S_0005_Wat,355.1762476
2,Sample_S19S_0005_Wat,356.0412949
72,Sample_S19S_0005_Wat,356.0623586
31,Sample_S19S_0005_Wat,356.0987693
48,Sample_S19S_0005_Wat,356.1350838
29,Sample_S19S_0005_Wat,357.0251986
15,Sample_S19S_0005_Wat,357.028543
63,Sample_S19S_0005_Wat,357.046323
47,Sample_S19S_0005_Wat,357.061636
11,Sample_S19S_0005_Wat,357.0649448
91,Sample_S19S_0005_Wat,357.0827228
25,Sample_S19S_0005_Wat,357.093958
9,Sample_S19S_0005_Wat,357.1012479
23,Sample_S19S_0005_Wat,357.1110353
101,Sample_S19S_0005_Wat,357.1191097
67,Sample_S19S_0005_Wat,357.1554992
20,Sample_S19S_0005_Wat,358.0416411
48,Sample_S19S_0005_Wat,358.0568909
59,Sample_S19S_0005_Wat,358.077999
47,Sample_S19S_0005_Wat,358.0932734
18,Sample_S19S_0005_Wat,358.1507103
16,Sample_S19S_0005_Wat,359.007892
13,Sample_S19S_0005_Wat,359.0256737
18,Sample_S19S_0005_Wat,359.0409252
28,Sample_S19S_0005_Wat,359.0442657
68,Sample_S19S_0005_Wat,359.0619959
56,Sample_S19S_0005_Wat,359.077285
47,Sample_S19S_0005_Wat,359.0806207
34,Sample_S19S_0005_Wat,359.0984239
3,Sample_S19S_0005_Wat,359.1169502
48,Sample_S19S_0005_Wat,359.1347452
54,Sample_S19S_0005_Wat,359.1500213
32,Sample_S19S_0005_Wat,359.1711775
47,Sample_S19S_0005_Wat,360.0361542
12,Sample_S19S_0005_Wat,360.0395184
35,Sample_S19S_0005_Wat,360.093678
48,Sample_S19S_0005_Wat,360.108919
4,Sample_S19S_0005_Wat,360.1299489
52,Sample_S19S_0005_Wat,361.0201475
4,Sample_S19S_0005_Wat,361.0235551
53,Sample_S19S_0005_Wat,361.0412698
53,Sample_S19S_0005_Wat,361.056505
20,Sample_S19S_0005_Wat,361.0598496
17,Sample_S19S_0005_Wat,361.069538
42,Sample_S19S_0005_Wat,361.077621
74,Sample_S19S_0005_Wat,361.0929312
37,Sample_S19S_0005_Wat,361.0962708
45,Sample_S19S_0005_Wat,361.1140532
87,Sample_S19S_0005_Wat,361.1292859
27,Sample_S19S_0005_Wat,361.1423317
52,Sample_S19S_0005_Wat,361.1504109
38,Sample_S19S_0005_Wat,361.1657046
70,Sample_S19S_0005_Wat,362.0881611
17,Sample_S19S_0005_Wat,362.1093336
8,Sample_S19S_0005_Wat,362.1246138
69,Sample_S19S_0005_Wat,363.0357881
9,Sample_S19S_0005_Wat,363.0390813
49,Sample_S19S_0005_Wat,363.0569193
46,Sample_S19S_0005_Wat,363.0722122
27,Sample_S19S_0005_Wat,363.0755589
2,Sample_S19S_0005_Wat,363.0835367
82,Sample_S19S_0005_Wat,363.108539
4,Sample_S19S_0005_Wat,363.1118361
21,Sample_S19S_0005_Wat,363.1215932
35,Sample_S19S_0005_Wat,363.1449786
21,Sample_S19S_0005_Wat,363.1812892
47,Sample_S19S_0005_Wat,364.0310639
61,Sample_S19S_0005_Wat,364.0674047
18,Sample_S19S_0005_Wat,364.0885367
65,Sample_S19S_0005_Wat,364.1038292
62,Sample_S19S_0005_Wat,364.1401707
57,Sample_S19S_0005_Wat,365.015069
27,Sample_S19S_0005_Wat,365.0513776
6,Sample_S19S_0005_Wat,365.05464
20,Sample_S19S_0005_Wat,365.0627075
13,Sample_S19S_0005_Wat,365.0644569
95,Sample_S19S_0005_Wat,365.0878382
9,Sample_S19S_0005_Wat,365.0911348
8,Sample_S19S_0005_Wat,365.0991282
28,Sample_S19S_0005_Wat,365.1008669
43,Sample_S19S_0005_Wat,365.1241727
18,Sample_S19S_0005_Wat,365.137244
22,Sample_S19S_0005_Wat,365.1606438
32,Sample_S19S_0005_Wat,365.1969623
81,Sample_S19S_0005_Wat,366.0830912
71,Sample_S19S_0005_Wat,366.1194629
8,Sample_S19S_0005_Wat,366.1558943
63,Sample_S19S_0005_Wat,367.0306865
96,Sample_S19S_0005_Wat,367.0671094
9,Sample_S19S_0005_Wat,367.0784012
10,Sample_S19S_0005_Wat,367.0801169
113,Sample_S19S_0005_Wat,367.1034613
21,Sample_S19S_0005_Wat,367.1147643
20,Sample_S19S_0005_Wat,367.1165264
14,Sample_S19S_0005_Wat,367.1399195
41,Sample_S19S_0005_Wat,367.1762158
23,Sample_S19S_0005_Wat,368.0623951
88,Sample_S19S_0005_Wat,368.0987097
56,Sample_S19S_0005_Wat,368.1351331
14,Sample_S19S_0005_Wat,369.0252119
9,Sample_S19S_0005_Wat,369.0285398
52,Sample_S19S_0005_Wat,369.0463181
40,Sample_S19S_0005_Wat,369.061629
8,Sample_S19S_0005_Wat,369.0648494
88,Sample_S19S_0005_Wat,369.0827443
25,Sample_S19S_0005_Wat,369.111039
27,Sample_S19S_0005_Wat,369.1190631
57,Sample_S19S_0005_Wat,369.1555194
10,Sample_S19S_0005_Wat,369.1837969
13,Sample_S19S_0005_Wat,369.1918398
64,Sample_S19S_0005_Wat,370.0779692
39,Sample_S19S_0005_Wat,370.1507341
25,Sample_S19S_0005_Wat,371.0255725
37,Sample_S19S_0005_Wat,371.0408802
9,Sample_S19S_0005_Wat,371.0441824
82,Sample_S19S_0005_Wat,371.0620102
11,Sample_S19S_0005_Wat,371.0805043
20,Sample_S19S_0005_Wat,371.0902981
47,Sample_S19S_0005_Wat,371.0983408
38,Sample_S19S_0005_Wat,371.1136558
56,Sample_S19S_0005_Wat,371.1347918
44,Sample_S19S_0005_Wat,371.171134
29,Sample_S19S_0005_Wat,372.0361265
39,Sample_S19S_0005_Wat,372.0572277
45,Sample_S19S_0005_Wat,372.0725108
9,Sample_S19S_0005_Wat,372.1219416
55,Sample_S19S_0005_Wat,372.1300076
35,Sample_S19S_0005_Wat,372.1663973
26,Sample_S19S_0005_Wat,373.0201141
12,Sample_S19S_0005_Wat,373.02348
50,Sample_S19S_0005_Wat,373.0412407
63,Sample_S19S_0005_Wat,373.0565482
24,Sample_S19S_0005_Wat,373.0599109
36,Sample_S19S_0005_Wat,373.0776886
1,Sample_S19S_0005_Wat,373.0807779
40,Sample_S19S_0005_Wat,373.09294
20,Sample_S19S_0005_Wat,373.0962346
31,Sample_S19S_0005_Wat,373.1059583
59,Sample_S19S_0005_Wat,373.1140108
16,Sample_S19S_0005_Wat,373.1504711
13,Sample_S19S_0005_Wat,373.1657318
30,Sample_S19S_0005_Wat,374.0551463
8,Sample_S19S_0005_Wat,374.0729636
14,Sample_S19S_0005_Wat,374.1245961
26,Sample_S19S_0005_Wat,375.0358416
20,Sample_S19S_0005_Wat,375.0569615
71,Sample_S19S_0005_Wat,375.0721973
42,Sample_S19S_0005_Wat,375.0755416
26,Sample_S19S_0005_Wat,375.0852221
46,Sample_S19S_0005_Wat,375.0932745
3,Sample_S19S_0005_Wat,375.0964463
8,Sample_S19S_0005_Wat,375.1118457
33,Sample_S19S_0005_Wat,375.1297066
71,Sample_S19S_0005_Wat,375.1449442
24,Sample_S19S_0005_Wat,375.1579842
24,Sample_S19S_0005_Wat,375.1812892
26,Sample_S19S_0005_Wat,376.031082
58,Sample_S19S_0005_Wat,376.0674564
32,Sample_S19S_0005_Wat,376.1249335
30,Sample_S19S_0005_Wat,377.0150486
74,Sample_S19S_0005_Wat,377.0514538
32,Sample_S19S_0005_Wat,377.0548048
38,Sample_S19S_0005_Wat,377.0725712
57,Sample_S19S_0005_Wat,377.0877952
8,Sample_S19S_0005_Wat,377.0911145
16,Sample_S19S_0005_Wat,377.100823
13,Sample_S19S_0005_Wat,377.1088705
90,Sample_S19S_0005_Wat,377.1241915
4,Sample_S19S_0005_Wat,377.1274434
27,Sample_S19S_0005_Wat,377.1372608
49,Sample_S19S_0005_Wat,377.1606102
15,Sample_S19S_0005_Wat,377.1735945
17,Sample_S19S_0005_Wat,377.1969233
24,Sample_S19S_0005_Wat,378.0466478
62,Sample_S19S_0005_Wat,378.0831073
82,Sample_S19S_0005_Wat,378.1194361
56,Sample_S19S_0005_Wat,378.1558494
64,Sample_S19S_0005_Wat,379.0307221
26,Sample_S19S_0005_Wat,379.0670295
10,Sample_S19S_0005_Wat,379.0703337
21,Sample_S19S_0005_Wat,379.0800689
110,Sample_S19S_0005_Wat,379.1034645
7,Sample_S19S_0005_Wat,379.1067259
10,Sample_S19S_0005_Wat,379.1147799
29,Sample_S19S_0005_Wat,379.1165229
90,Sample_S19S_0005_Wat,379.1398402
20,Sample_S19S_0005_Wat,379.1528588
56,Sample_S19S_0005_Wat,379.1762343
11,Sample_S19S_0005_Wat,380.0259079
77,Sample_S19S_0005_Wat,380.0987084
80,Sample_S19S_0005_Wat,380.1350974
17,Sample_S19S_0005_Wat,381.0099072
72,Sample_S19S_0005_Wat,381.0463502
33,Sample_S19S_0005_Wat,381.0826619
40,Sample_S19S_0005_Wat,381.0939738
102,Sample_S19S_0005_Wat,381.1191186
82,Sample_S19S_0005_Wat,381.1555031
32,Sample_S19S_0005_Wat,381.1918695
35,Sample_S19S_0005_Wat,382.0415806
67,Sample_S19S_0005_Wat,382.0779661
81,Sample_S19S_0005_Wat,382.1143936
14,Sample_S19S_0005_Wat,382.1507159
30,Sample_S19S_0005_Wat,383.0255766
7,Sample_S19S_0005_Wat,383.040804
45,Sample_S19S_0005_Wat,383.0619616
3,Sample_S19S_0005_Wat,383.0804294
107,Sample_S19S_0005_Wat,383.0983806
23,Sample_S19S_0005_Wat,383.1095949
25,Sample_S19S_0005_Wat,383.1266887
34,Sample_S19S_0005_Wat,383.1347075
30,Sample_S19S_0005_Wat,383.1711132
33,Sample_S19S_0005_Wat,383.2075249
37,Sample_S19S_0005_Wat,384.0572385
69,Sample_S19S_0005_Wat,384.0936599
37,Sample_S19S_0005_Wat,384.1664077
13,Sample_S19S_0005_Wat,385.0201172
11,Sample_S19S_0005_Wat,385.0234761
28,Sample_S19S_0005_Wat,385.0412026
33,Sample_S19S_0005_Wat,385.0564963
5,Sample_S19S_0005_Wat,385.0597522
84,Sample_S19S_0005_Wat,385.0776412
33,Sample_S19S_0005_Wat,385.0888784
49,Sample_S19S_0005_Wat,385.0929264
12,Sample_S19S_0005_Wat,385.0961706
37,Sample_S19S_0005_Wat,385.1139909
24,Sample_S19S_0005_Wat,385.1423072
39,Sample_S19S_0005_Wat,385.1503825
30,Sample_S19S_0005_Wat,385.1868285
45,Sample_S19S_0005_Wat,386.0728862
57,Sample_S19S_0005_Wat,386.0881802
9,Sample_S19S_0005_Wat,386.1012164
59,Sample_S19S_0005_Wat,386.1093009
37,Sample_S19S_0005_Wat,386.1820531
1,Sample_S19S_0005_Wat,387.002686
32,Sample_S19S_0005_Wat,387.0205032
52,Sample_S19S_0005_Wat,387.0358113
30,Sample_S19S_0005_Wat,387.0391593
27,Sample_S19S_0005_Wat,387.0568488
14,Sample_S19S_0005_Wat,387.0721252
10,Sample_S19S_0005_Wat,387.075423
19,Sample_S19S_0005_Wat,387.0851909
33,Sample_S19S_0005_Wat,387.0932457
72,Sample_S19S_0005_Wat,387.1085636
4,Sample_S19S_0005_Wat,387.1118261
87,Sample_S19S_0005_Wat,387.1296791
19,Sample_S19S_0005_Wat,387.1579654
14,Sample_S19S_0005_Wat,387.1659841
9,Sample_S19S_0005_Wat,388.0309868
65,Sample_S19S_0005_Wat,388.0674506
42,Sample_S19S_0005_Wat,388.1037783
50,Sample_S19S_0005_Wat,388.1249219
28,Sample_S19S_0005_Wat,389.0150297
30,Sample_S19S_0005_Wat,389.036144
46,Sample_S19S_0005_Wat,389.051417
9,Sample_S19S_0005_Wat,389.054731
11,Sample_S19S_0005_Wat,389.0644457
25,Sample_S19S_0005_Wat,389.0724972
70,Sample_S19S_0005_Wat,389.0878118
10,Sample_S19S_0005_Wat,389.0911204
26,Sample_S19S_0005_Wat,389.1008827
36,Sample_S19S_0005_Wat,389.108981
83,Sample_S19S_0005_Wat,389.1242045
5,Sample_S19S_0005_Wat,389.1274498
21,Sample_S19S_0005_Wat,389.1372295
19,Sample_S19S_0005_Wat,389.1452618
26,Sample_S19S_0005_Wat,389.1605387
19,Sample_S19S_0005_Wat,389.1736085
38,Sample_S19S_0005_Wat,390.0466839
83,Sample_S19S_0005_Wat,390.083092
30,Sample_S19S_0005_Wat,391.0307447
22,Sample_S19S_0005_Wat,391.0340748
36,Sample_S19S_0005_Wat,391.0518108
48,Sample_S19S_0005_Wat,391.0670531
11,Sample_S19S_0005_Wat,391.070384
18,Sample_S19S_0005_Wat,391.0881255
46,Sample_S19S_0005_Wat,391.1034381
5,Sample_S19S_0005_Wat,391.1066925
25,Sample_S19S_0005_Wat,391.1245591
46,Sample_S19S_0005_Wat,391.1398852
11,Sample_S19S_0005_Wat,391.1528412
34,Sample_S19S_0005_Wat,391.1762035
19,Sample_S19S_0005_Wat,392.0259958
53,Sample_S19S_0005_Wat,392.06231
20,Sample_S19S_0005_Wat,392.0834684
79,Sample_S19S_0005_Wat,392.098752
21,Sample_S19S_0005_Wat,392.1198706
67,Sample_S19S_0005_Wat,392.1351125
46,Sample_S19S_0005_Wat,393.0463154
20,Sample_S19S_0005_Wat,393.0497362
12,Sample_S19S_0005_Wat,393.0593644
80,Sample_S19S_0005_Wat,393.0827628
13,Sample_S19S_0005_Wat,393.0860569
88,Sample_S19S_0005_Wat,393.1191285
3,Sample_S19S_0005_Wat,393.1223142
20,Sample_S19S_0005_Wat,393.1321265
1,Sample_S19S_0005_Wat,393.1475032
40,Sample_S19S_0005_Wat,393.1554711
14,Sample_S19S_0005_Wat,393.1685262
19,Sample_S19S_0005_Wat,393.1919402
37,Sample_S19S_0005_Wat,394.0415806
43,Sample_S19S_0005_Wat,394.078026
49,Sample_S19S_0005_Wat,394.1144108
35,Sample_S19S_0005_Wat,395.0255818
61,Sample_S19S_0005_Wat,395.0619708
54,Sample_S19S_0005_Wat,395.0984243
118,Sample_S19S_0005_Wat,395.1347697
17,Sample_S19S_0005_Wat,395.1477706
40,Sample_S19S_0005_Wat,395.171191
11,Sample_S19S_0005_Wat,395.2075813
72,Sample_S19S_0005_Wat,396.0936653
39,Sample_S19S_0005_Wat,396.13006
60,Sample_S19S_0005_Wat,396.1664019
49,Sample_S19S_0005_Wat,397.0412485
26,Sample_S19S_0005_Wat,397.0565368
9,Sample_S19S_0005_Wat,397.0597441
32,Sample_S19S_0005_Wat,397.0775828
18,Sample_S19S_0005_Wat,397.1059758
71,Sample_S19S_0005_Wat,397.1140135
48,Sample_S19S_0005_Wat,397.1252995
89,Sample_S19S_0005_Wat,397.1504225
20,Sample_S19S_0005_Wat,397.1867602
6,Sample_S19S_0005_Wat,398.0364549
27,Sample_S19S_0005_Wat,398.0517674
63,Sample_S19S_0005_Wat,398.0729329
3,Sample_S19S_0005_Wat,398.1011943
65,Sample_S19S_0005_Wat,398.1456531
5,Sample_S19S_0005_Wat,399.0028319
32,Sample_S19S_0005_Wat,399.0205105
8,Sample_S19S_0005_Wat,399.0356696
5,Sample_S19S_0005_Wat,399.0390544
20,Sample_S19S_0005_Wat,399.0568344
30,Sample_S19S_0005_Wat,399.0721389
5,Sample_S19S_0005_Wat,399.0753668
26,Sample_S19S_0005_Wat,399.085227
69,Sample_S19S_0005_Wat,399.0932727
63,Sample_S19S_0005_Wat,399.1296635
13,Sample_S19S_0005_Wat,399.1579458
5,Sample_S19S_0005_Wat,399.1659287
30,Sample_S19S_0005_Wat,399.2024375
20,Sample_S19S_0005_Wat,400.0310423
21,Sample_S19S_0005_Wat,400.0674729
3,Sample_S19S_0005_Wat,400.1167843
41,Sample_S19S_0005_Wat,400.1249077
30,Sample_S19S_0005_Wat,401.0150794
1,Sample_S19S_0005_Wat,401.0185019
29,Sample_S19S_0005_Wat,401.0362034
58,Sample_S19S_0005_Wat,401.0514549
17,Sample_S19S_0005_Wat,401.0547584
15,Sample_S19S_0005_Wat,401.0644945
24,Sample_S19S_0005_Wat,401.0725084
56,Sample_S19S_0005_Wat,401.0878209
13,Sample_S19S_0005_Wat,401.0910681
61,Sample_S19S_0005_Wat,401.1089631
6,Sample_S19S_0005_Wat,401.1273966
69,Sample_S19S_0005_Wat,401.1453284
53,Sample_S19S_0005_Wat,401.1605804
15,Sample_S19S_0005_Wat,401.1736033
17,Sample_S19S_0005_Wat,401.1816514
30,Sample_S19S_0005_Wat,402.0466811
16,Sample_S19S_0005_Wat,402.0831391
3,Sample_S19S_0005_Wat,402.1042761
11,Sample_S19S_0005_Wat,402.1195259
34,Sample_S19S_0005_Wat,402.1405573
12,Sample_S19S_0005_Wat,403.0305846
6,Sample_S19S_0005_Wat,403.033958
7,Sample_S19S_0005_Wat,403.0437271
20,Sample_S19S_0005_Wat,403.0517845
70,Sample_S19S_0005_Wat,403.0671122
17,Sample_S19S_0005_Wat,403.0704072
62,Sample_S19S_0005_Wat,403.0881974
1,Sample_S19S_0005_Wat,403.0913079
61,Sample_S19S_0005_Wat,403.1034476
3,Sample_S19S_0005_Wat,403.1066431
21,Sample_S19S_0005_Wat,403.1164656
21,Sample_S19S_0005_Wat,403.1245163
78,Sample_S19S_0005_Wat,403.1398463
28,Sample_S19S_0005_Wat,403.1529106
26,Sample_S19S_0005_Wat,403.1609357
28,Sample_S19S_0005_Wat,403.1762826
17,Sample_S19S_0005_Wat,404.025924
74,Sample_S19S_0005_Wat,404.0623618
34,Sample_S19S_0005_Wat,404.0834492
75,Sample_S19S_0005_Wat,404.1351085
10,Sample_S19S_0005_Wat,405.0098791
66,Sample_S19S_0005_Wat,405.0463718
13,Sample_S19S_0005_Wat,405.0496661
36,Sample_S19S_0005_Wat,405.0674473
46,Sample_S19S_0005_Wat,405.0827082
5,Sample_S19S_0005_Wat,405.0859264
7,Sample_S19S_0005_Wat,405.103722
28,Sample_S19S_0005_Wat,405.1190623
27,Sample_S19S_0005_Wat,405.1321292
47,Sample_S19S_0005_Wat,405.1555362
22,Sample_S19S_0005_Wat,405.1685606
32,Sample_S19S_0005_Wat,405.1918632
26,Sample_S19S_0005_Wat,406.041642
9,Sample_S19S_0005_Wat,406.0990792
80,Sample_S19S_0005_Wat,406.1143545
23,Sample_S19S_0005_Wat,407.0255705
61,Sample_S19S_0005_Wat,407.0620299
8,Sample_S19S_0005_Wat,407.0652661
15,Sample_S19S_0005_Wat,407.0750599
93,Sample_S19S_0005_Wat,407.0983755
3,Sample_S19S_0005_Wat,407.1015177
16,Sample_S19S_0005_Wat,407.1113661
75,Sample_S19S_0005_Wat,407.1347505
21,Sample_S19S_0005_Wat,407.1477958
8,Sample_S19S_0005_Wat,407.1712237
19,Sample_S19S_0005_Wat,407.2075913
77,Sample_S19S_0005_Wat,408.0936661
90,Sample_S19S_0005_Wat,408.1300077
30,Sample_S19S_0005_Wat,409.0412228
1,Sample_S19S_0005_Wat,409.0541003
28,Sample_S19S_0005_Wat,409.07757
91,Sample_S19S_0005_Wat,409.1140221
94,Sample_S19S_0005_Wat,409.1504235
5,Sample_S19S_0005_Wat,409.1633923
6,Sample_S19S_0005_Wat,409.1787026
17,Sample_S19S_0005_Wat,409.1867344
29,Sample_S19S_0005_Wat,410.0365413
66,Sample_S19S_0005_Wat,410.0729191
18,Sample_S19S_0005_Wat,410.1092388
65,Sample_S19S_0005_Wat,410.1456867
29,Sample_S19S_0005_Wat,411.0205049
6,Sample_S19S_0005_Wat,411.0390774
22,Sample_S19S_0005_Wat,411.0568579
76,Sample_S19S_0005_Wat,411.0933142
85,Sample_S19S_0005_Wat,411.1296933
27,Sample_S19S_0005_Wat,411.1579879
45,Sample_S19S_0005_Wat,411.1660419
24,Sample_S19S_0005_Wat,412.0521769
44,Sample_S19S_0005_Wat,412.0885256
64,Sample_S19S_0005_Wat,412.1249118
13,Sample_S19S_0005_Wat,413.0150329
7,Sample_S19S_0005_Wat,413.018396
30,Sample_S19S_0005_Wat,413.0361429
4,Sample_S19S_0005_Wat,413.0513424
6,Sample_S19S_0005_Wat,413.0546664
8,Sample_S19S_0005_Wat,413.072442
25,Sample_S19S_0005_Wat,413.1008794
83,Sample_S19S_0005_Wat,413.1089345
16,Sample_S19S_0005_Wat,413.1372735
24,Sample_S19S_0005_Wat,413.1452768
17,Sample_S19S_0005_Wat,413.1736056
12,Sample_S19S_0005_Wat,413.1816156
23,Sample_S19S_0005_Wat,414.0831299
2,Sample_S19S_0005_Wat,414.132396
21,Sample_S19S_0005_Wat,415.0306688
24,Sample_S19S_0005_Wat,415.0518724
6,Sample_S19S_0005_Wat,415.0671726
18,Sample_S19S_0005_Wat,415.0704085
10,Sample_S19S_0005_Wat,415.080159
63,Sample_S19S_0005_Wat,415.0881916
53,Sample_S19S_0005_Wat,415.1034568
8,Sample_S19S_0005_Wat,415.1066895
19,Sample_S19S_0005_Wat,415.1164835
37,Sample_S19S_0005_Wat,415.1245406
18,Sample_S19S_0005_Wat,415.1529316
55,Sample_S19S_0005_Wat,415.1609859
23,Sample_S19S_0005_Wat,415.1973464
37,Sample_S19S_0005_Wat,416.0623295
7,Sample_S19S_0005_Wat,416.0986591
29,Sample_S19S_0005_Wat,417.009975
38,Sample_S19S_0005_Wat,417.0463346
9,Sample_S19S_0005_Wat,417.0496555
10,Sample_S19S_0005_Wat,417.0593749
23,Sample_S19S_0005_Wat,417.0674105
23,Sample_S19S_0005_Wat,417.0826722
8,Sample_S19S_0005_Wat,417.085967
18,Sample_S19S_0005_Wat,417.0957124
23,Sample_S19S_0005_Wat,417.1037889
71,Sample_S19S_0005_Wat,417.1191101
4,Sample_S19S_0005_Wat,417.1223013
34,Sample_S19S_0005_Wat,417.1321667
40,Sample_S19S_0005_Wat,417.1402188
62,Sample_S19S_0005_Wat,417.1555165
31,Sample_S19S_0005_Wat,417.1685514
14,Sample_S19S_0005_Wat,417.1765666
18,Sample_S19S_0005_Wat,418.0416648
53,Sample_S19S_0005_Wat,418.0779721
20,Sample_S19S_0005_Wat,418.1144292
30,Sample_S19S_0005_Wat,419.0256123
5,Sample_S19S_0005_Wat,419.0386764
17,Sample_S19S_0005_Wat,419.0466741
39,Sample_S19S_0005_Wat,419.0619721
12,Sample_S19S_0005_Wat,419.0652534
9,Sample_S19S_0005_Wat,419.0829959
13,Sample_S19S_0005_Wat,419.0982983
4,Sample_S19S_0005_Wat,419.1015327
6,Sample_S19S_0005_Wat,419.1113471
11,Sample_S19S_0005_Wat,419.1194106
84,Sample_S19S_0005_Wat,419.1347745
5,Sample_S19S_0005_Wat,419.1379181
24,Sample_S19S_0005_Wat,419.1478319
18,Sample_S19S_0005_Wat,419.1558387
39,Sample_S19S_0005_Wat,419.1711927
23,Sample_S19S_0005_Wat,419.1842051
39,Sample_S19S_0005_Wat,419.207525
52,Sample_S19S_0005_Wat,420.0572817
46,Sample_S19S_0005_Wat,421.0412704
21,Sample_S19S_0005_Wat,421.0777047
18,Sample_S19S_0005_Wat,421.0906648
97,Sample_S19S_0005_Wat,421.1140346
5,Sample_S19S_0005_Wat,421.117183
16,Sample_S19S_0005_Wat,421.1270174
78,Sample_S19S_0005_Wat,421.1504292
1,Sample_S19S_0005_Wat,421.1552081
20,Sample_S19S_0005_Wat,421.1634511
18,Sample_S19S_0005_Wat,421.1868654
1,Sample_S19S_0005_Wat,421.2265386
4,Sample_S19S_0005_Wat,422.0364426
59,Sample_S19S_0005_Wat,422.0728802
35,Sample_S19S_0005_Wat,422.1093338
21,Sample_S19S_0005_Wat,423.0205894
57,Sample_S19S_0005_Wat,423.0569089
29,Sample_S19S_0005_Wat,423.093231
105,Sample_S19S_0005_Wat,423.1296813
31,Sample_S19S_0005_Wat,423.1661225
42,Sample_S19S_0005_Wat,423.2024382
19,Sample_S19S_0005_Wat,424.0522173
2,Sample_S19S_0005_Wat,424.0886497
47,Sample_S19S_0005_Wat,424.1249783
5,Sample_S19S_0005_Wat,425.0184778
49,Sample_S19S_0005_Wat,425.0361852
5,Sample_S19S_0005_Wat,425.054654
19,Sample_S19S_0005_Wat,425.0724714
54,Sample_S19S_0005_Wat,425.1089252
2,Sample_S19S_0005_Wat,425.120287
19,Sample_S19S_0005_Wat,425.1453873
44,Sample_S19S_0005_Wat,425.1816982
69,Sample_S19S_0005_Wat,426.1405881
59,Sample_S19S_0005_Wat,426.1769689
12,Sample_S19S_0005_Wat,427.0307487
19,Sample_S19S_0005_Wat,427.0340833
21,Sample_S19S_0005_Wat,427.0518808
10,Sample_S19S_0005_Wat,427.0801714
45,Sample_S19S_0005_Wat,427.088175
17,Sample_S19S_0005_Wat,427.1165345
77,Sample_S19S_0005_Wat,427.1245871
6,Sample_S19S_0005_Wat,427.1610597
28,Sample_S19S_0005_Wat,427.1973395
5,Sample_S19S_0005_Wat,428.0259138
27,Sample_S19S_0005_Wat,428.0470647
16,Sample_S19S_0005_Wat,428.0622933
32,Sample_S19S_0005_Wat,428.1562791
29,Sample_S19S_0005_Wat,429.0310878
24,Sample_S19S_0005_Wat,429.0463286
48,Sample_S19S_0005_Wat,429.067488
12,Sample_S19S_0005_Wat,429.0861392
12,Sample_S19S_0005_Wat,429.1039457
3,Sample_S19S_0005_Wat,429.1192381
13,Sample_S19S_0005_Wat,429.1224523
66,Sample_S19S_0005_Wat,429.1402424
18,Sample_S19S_0005_Wat,429.1555582
24,Sample_S19S_0005_Wat,429.1685491
20,Sample_S19S_0005_Wat,429.1765924
24,Sample_S19S_0005_Wat,430.0416122
24,Sample_S19S_0005_Wat,430.0627483
14,Sample_S19S_0005_Wat,430.0780537
39,Sample_S19S_0005_Wat,430.0991542
72,Sample_S19S_0005_Wat,430.1143962
6,Sample_S19S_0005_Wat,430.1273505
51,Sample_S19S_0005_Wat,430.1354817
21,Sample_S19S_0005_Wat,431.0256563
13,Sample_S19S_0005_Wat,431.04681
58,Sample_S19S_0005_Wat,431.0620177
10,Sample_S19S_0005_Wat,431.0653523
50,Sample_S19S_0005_Wat,431.083125
67,Sample_S19S_0005_Wat,431.098388
9,Sample_S19S_0005_Wat,431.1016424
17,Sample_S19S_0005_Wat,431.1113826
28,Sample_S19S_0005_Wat,431.1194411
29,Sample_S19S_0005_Wat,431.1347291
1,Sample_S19S_0005_Wat,431.1378968
22,Sample_S19S_0005_Wat,431.1477957
24,Sample_S19S_0005_Wat,431.1558407
32,Sample_S19S_0005_Wat,431.1711879
9,Sample_S19S_0005_Wat,432.0573233
28,Sample_S19S_0005_Wat,432.078404
88,Sample_S19S_0005_Wat,432.093661
75,Sample_S19S_0005_Wat,432.1300404
42,Sample_S19S_0005_Wat,433.0412948
11,Sample_S19S_0005_Wat,433.0445678
4,Sample_S19S_0005_Wat,433.0543356
25,Sample_S19S_0005_Wat,433.0624271
73,Sample_S19S_0005_Wat,433.077665
8,Sample_S19S_0005_Wat,433.0809249
14,Sample_S19S_0005_Wat,433.0906617
17,Sample_S19S_0005_Wat,433.0986887
23,Sample_S19S_0005_Wat,433.1139658
5,Sample_S19S_0005_Wat,433.1269982
6,Sample_S19S_0005_Wat,433.13501
27,Sample_S19S_0005_Wat,433.1503758
26,Sample_S19S_0005_Wat,433.1634586
36,Sample_S19S_0005_Wat,433.1868494
12,Sample_S19S_0005_Wat,434.072975
21,Sample_S19S_0005_Wat,434.1093421
13,Sample_S19S_0005_Wat,435.0204588
41,Sample_S19S_0005_Wat,435.0569041
3,Sample_S19S_0005_Wat,435.0603636
16,Sample_S19S_0005_Wat,435.0698968
72,Sample_S19S_0005_Wat,435.093324
17,Sample_S19S_0005_Wat,435.1062764
29,Sample_S19S_0005_Wat,435.1296329
3,Sample_S19S_0005_Wat,435.1426364
2,Sample_S19S_0005_Wat,435.160379
25,Sample_S19S_0005_Wat,435.1659973
12,Sample_S19S_0005_Wat,435.1790631
43,Sample_S19S_0005_Wat,435.2024665
25,Sample_S19S_0005_Wat,436.0521427
28,Sample_S19S_0005_Wat,436.0886111
7,Sample_S19S_0005_Wat,436.1250197
38,Sample_S19S_0005_Wat,437.0361523
27,Sample_S19S_0005_Wat,437.072483
28,Sample_S19S_0005_Wat,437.1088959
60,Sample_S19S_0005_Wat,437.1453651
19,Sample_S19S_0005_Wat,437.158378
47,Sample_S19S_0005_Wat,437.1817485
9,Sample_S19S_0005_Wat,437.2180272
13,Sample_S19S_0005_Wat,438.031465
20,Sample_S19S_0005_Wat,438.0678822
78,Sample_S19S_0005_Wat,438.1405683
1,Sample_S19S_0005_Wat,439.030563
3,Sample_S19S_0005_Wat,439.0339499
18,Sample_S19S_0005_Wat,439.051737
73,Sample_S19S_0005_Wat,439.0882098
84,Sample_S19S_0005_Wat,439.1246064
55,Sample_S19S_0005_Wat,439.1358561
15,Sample_S19S_0005_Wat,439.1529344
33,Sample_S19S_0005_Wat,439.1609425
18,Sample_S19S_0005_Wat,439.1892886
18,Sample_S19S_0005_Wat,439.1973056
45,Sample_S19S_0005_Wat,440.0834468
36,Sample_S19S_0005_Wat,440.1198163
18,Sample_S19S_0005_Wat,441.0310268
9,Sample_S19S_0005_Wat,441.0462365
7,Sample_S19S_0005_Wat,441.0495906
36,Sample_S19S_0005_Wat,441.0674409
37,Sample_S19S_0005_Wat,441.1039049
56,Sample_S19S_0005_Wat,441.1402285
15,Sample_S19S_0005_Wat,441.168514
24,Sample_S19S_0005_Wat,441.1765589
10,Sample_S19S_0005_Wat,441.2049192
10,Sample_S19S_0005_Wat,441.2129575
22,Sample_S19S_0005_Wat,442.0416289
12,Sample_S19S_0005_Wat,442.0779366
13,Sample_S19S_0005_Wat,442.0990637
3,Sample_S19S_0005_Wat,442.127302
20,Sample_S19S_0005_Wat,442.135461
13,Sample_S19S_0005_Wat,443.0255061
21,Sample_S19S_0005_Wat,443.0466588
13,Sample_S19S_0005_Wat,443.061884
7,Sample_S19S_0005_Wat,443.0652174
13,Sample_S19S_0005_Wat,443.0749837
35,Sample_S19S_0005_Wat,443.0830557
32,Sample_S19S_0005_Wat,443.0984287
7,Sample_S19S_0005_Wat,443.1016577
18,Sample_S19S_0005_Wat,443.1114516
67,Sample_S19S_0005_Wat,443.119518
4,Sample_S19S_0005_Wat,443.1348538
5,Sample_S19S_0005_Wat,443.1380667
20,Sample_S19S_0005_Wat,443.1478565
55,Sample_S19S_0005_Wat,443.1558944
23,Sample_S19S_0005_Wat,443.1711201
20,Sample_S19S_0005_Wat,443.1841796
16,Sample_S19S_0005_Wat,443.1922057
49,Sample_S19S_0005_Wat,444.0572726
22,Sample_S19S_0005_Wat,444.093696
33,Sample_S19S_0005_Wat,445.0412697
5,Sample_S19S_0005_Wat,445.054308
41,Sample_S19S_0005_Wat,445.0623769
35,Sample_S19S_0005_Wat,445.0776178
7,Sample_S19S_0005_Wat,445.0808638
15,Sample_S19S_0005_Wat,445.0986624
3,Sample_S19S_0005_Wat,445.1083593
13,Sample_S19S_0005_Wat,445.1139537
5,Sample_S19S_0005_Wat,445.1171907
19,Sample_S19S_0005_Wat,445.127011
13,Sample_S19S_0005_Wat,445.1350548
28,Sample_S19S_0005_Wat,445.1503907
2,Sample_S19S_0005_Wat,445.1536246
31,Sample_S19S_0005_Wat,445.1634705
44,Sample_S19S_0005_Wat,445.1715289
37,Sample_S19S_0005_Wat,445.1868428
20,Sample_S19S_0005_Wat,446.0364887
21,Sample_S19S_0005_Wat,446.0728598
2,Sample_S19S_0005_Wat,446.0939418
52,Sample_S19S_0005_Wat,446.1092739
30,Sample_S19S_0005_Wat,446.1457127
13,Sample_S19S_0005_Wat,447.0204695
8,Sample_S19S_0005_Wat,447.056785
13,Sample_S19S_0005_Wat,447.0602475
6,Sample_S19S_0005_Wat,447.0698296
6,Sample_S19S_0005_Wat,447.0779114
13,Sample_S19S_0005_Wat,447.09323
4,Sample_S19S_0005_Wat,447.0964519
21,Sample_S19S_0005_Wat,447.114388
75,Sample_S19S_0005_Wat,447.1297048
31,Sample_S19S_0005_Wat,447.1427418
11,Sample_S19S_0005_Wat,447.1507185
66,Sample_S19S_0005_Wat,447.1660641
18,Sample_S19S_0005_Wat,447.179104
12,Sample_S19S_0005_Wat,447.2023724
5,Sample_S19S_0005_Wat,448.0520882
77,Sample_S19S_0005_Wat,448.088573
24,Sample_S19S_0005_Wat,448.1096972
16,Sample_S19S_0005_Wat,449.0360637
22,Sample_S19S_0005_Wat,449.0724952
10,Sample_S19S_0005_Wat,449.075822
16,Sample_S19S_0005_Wat,449.0855556
91,Sample_S19S_0005_Wat,449.1089599
20,Sample_S19S_0005_Wat,449.1219859
81,Sample_S19S_0005_Wat,449.1453221
23,Sample_S19S_0005_Wat,449.1583358
26,Sample_S19S_0005_Wat,449.1816462
2,Sample_S19S_0005_Wat,449.1946593
12,Sample_S19S_0005_Wat,449.2180299
8,Sample_S19S_0005_Wat,451.0153576
19,Sample_S19S_0005_Wat,451.0517204
1,Sample_S19S_0005_Wat,451.0647647
36,Sample_S19S_0005_Wat,451.0881744
61,Sample_S19S_0005_Wat,451.124616
15,Sample_S19S_0005_Wat,451.1376081
36,Sample_S19S_0005_Wat,451.1609528
8,Sample_S19S_0005_Wat,451.1739524
7,Sample_S19S_0005_Wat,451.1972791
11,Sample_S19S_0005_Wat,451.2336787
4,Sample_S19S_0005_Wat,452.0469724
47,Sample_S19S_0005_Wat,452.0834394
20,Sample_S19S_0005_Wat,452.1199139
26,Sample_S19S_0005_Wat,453.0310814
23,Sample_S19S_0005_Wat,453.0673983
17,Sample_S19S_0005_Wat,453.1037558
15,Sample_S19S_0005_Wat,453.1321972
46,Sample_S19S_0005_Wat,453.140211
2,Sample_S19S_0005_Wat,453.1686448
61,Sample_S19S_0005_Wat,453.1766436
10,Sample_S19S_0005_Wat,453.2049759
37,Sample_S19S_0005_Wat,454.0627542
9,Sample_S19S_0005_Wat,455.025566
41,Sample_S19S_0005_Wat,455.0467468
49,Sample_S19S_0005_Wat,455.0831528
15,Sample_S19S_0005_Wat,455.111472
40,Sample_S19S_0005_Wat,455.1194736
17,Sample_S19S_0005_Wat,455.14777
16,Sample_S19S_0005_Wat,455.1558023
15,Sample_S19S_0005_Wat,455.1841535
12,Sample_S19S_0005_Wat,455.1921775
14,Sample_S19S_0005_Wat,455.2205892
1,Sample_S19S_0005_Wat,455.2285132
28,Sample_S19S_0005_Wat,457.0412916
42,Sample_S19S_0005_Wat,457.0624071
16,Sample_S19S_0005_Wat,457.0776174
7,Sample_S19S_0005_Wat,457.0808688
9,Sample_S19S_0005_Wat,457.0906483
19,Sample_S19S_0005_Wat,457.0986905
21,Sample_S19S_0005_Wat,457.1139922
8,Sample_S19S_0005_Wat,457.1172314
12,Sample_S19S_0005_Wat,457.1270095
22,Sample_S19S_0005_Wat,457.1350642
2,Sample_S19S_0005_Wat,457.1447412
15,Sample_S19S_0005_Wat,457.150377
18,Sample_S19S_0005_Wat,457.1634444
29,Sample_S19S_0005_Wat,457.1715231
12,Sample_S19S_0005_Wat,457.1998933
31,Sample_S19S_0005_Wat,457.2079257
42,Sample_S19S_0005_Wat,458.0729028
17,Sample_S19S_0005_Wat,459.0205561
26,Sample_S19S_0005_Wat,459.0416602
19,Sample_S19S_0005_Wat,459.0568713
7,Sample_S19S_0005_Wat,459.069913
24,Sample_S19S_0005_Wat,459.0779746
16,Sample_S19S_0005_Wat,459.0932353
18,Sample_S19S_0005_Wat,459.1062882
28,Sample_S19S_0005_Wat,459.1143457
47,Sample_S19S_0005_Wat,459.1296693
5,Sample_S19S_0005_Wat,459.1328714
31,Sample_S19S_0005_Wat,459.142719
36,Sample_S19S_0005_Wat,459.1508169
36,Sample_S19S_0005_Wat,459.1661042
31,Sample_S19S_0005_Wat,459.1872169
17,Sample_S19S_0005_Wat,459.2025048
4,Sample_S19S_0005_Wat,460.0521036
60,Sample_S19S_0005_Wat,460.0885829
51,Sample_S19S_0005_Wat,460.1249704
29,Sample_S19S_0005_Wat,461.036196
6,Sample_S19S_0005_Wat,461.0492316
28,Sample_S19S_0005_Wat,461.0572822
23,Sample_S19S_0005_Wat,461.0725007
1,Sample_S19S_0005_Wat,461.0756976
11,Sample_S19S_0005_Wat,461.0855391
8,Sample_S19S_0005_Wat,461.0935699
1,Sample_S19S_0005_Wat,461.1032458
11,Sample_S19S_0005_Wat,461.1088271
5,Sample_S19S_0005_Wat,461.1218899
12,Sample_S19S_0005_Wat,461.1299458
2,Sample_S19S_0005_Wat,461.1396751
18,Sample_S19S_0005_Wat,461.1452647
22,Sample_S19S_0005_Wat,461.1583343
33,Sample_S19S_0005_Wat,461.1817537
12,Sample_S19S_0005_Wat,461.1948089
23,Sample_S19S_0005_Wat,461.218132
35,Sample_S19S_0005_Wat,462.067799
21,Sample_S19S_0005_Wat,462.1042629
8,Sample_S19S_0005_Wat,463.015396
42,Sample_S19S_0005_Wat,463.0518315
3,Sample_S19S_0005_Wat,463.064914
45,Sample_S19S_0005_Wat,463.0881954
3,Sample_S19S_0005_Wat,463.1189274
14,Sample_S19S_0005_Wat,463.124491
4,Sample_S19S_0005_Wat,463.1375144
7,Sample_S19S_0005_Wat,463.1608564
7,Sample_S19S_0005_Wat,463.1739081
17,Sample_S19S_0005_Wat,463.1972938
24,Sample_S19S_0005_Wat,463.2337601
27,Sample_S19S_0005_Wat,464.1198095
13,Sample_S19S_0005_Wat,465.0310055
16,Sample_S19S_0005_Wat,465.06738
35,Sample_S19S_0005_Wat,465.1038259
5,Sample_S19S_0005_Wat,465.1345539
23,Sample_S19S_0005_Wat,465.1532935
62,Sample_S19S_0005_Wat,465.1766182
12,Sample_S19S_0005_Wat,465.1896305
13,Sample_S19S_0005_Wat,465.2129596
59,Sample_S19S_0005_Wat,466.1355201
1,Sample_S19S_0005_Wat,466.1435867
40,Sample_S19S_0005_Wat,467.0467531
54,Sample_S19S_0005_Wat,467.0831629
52,Sample_S19S_0005_Wat,467.1195422
25,Sample_S19S_0005_Wat,467.1478261
33,Sample_S19S_0005_Wat,467.1558326
18,Sample_S19S_0005_Wat,467.184209
9,Sample_S19S_0005_Wat,467.1921933
30,Sample_S19S_0005_Wat,468.1147294
13,Sample_S19S_0005_Wat,469.0260039
20,Sample_S19S_0005_Wat,469.0412947
37,Sample_S19S_0005_Wat,469.062394
25,Sample_S19S_0005_Wat,469.0986993
20,Sample_S19S_0005_Wat,469.1270251
17,Sample_S19S_0005_Wat,469.1350525
9,Sample_S19S_0005_Wat,469.1633964
20,Sample_S19S_0005_Wat,469.199861
19,Sample_S19S_0005_Wat,469.2078959
16,Sample_S19S_0005_Wat,471.0416901
32,Sample_S19S_0005_Wat,471.0569384
37,Sample_S19S_0005_Wat,471.0780166
19,Sample_S19S_0005_Wat,471.093255
15,Sample_S19S_0005_Wat,471.106291
9,Sample_S19S_0005_Wat,471.1426129
13,Sample_S19S_0005_Wat,471.1506882
20,Sample_S19S_0005_Wat,471.1790652
22,Sample_S19S_0005_Wat,471.1871307
18,Sample_S19S_0005_Wat,473.0361823
10,Sample_S19S_0005_Wat,473.0573502
33,Sample_S19S_0005_Wat,473.0726032
37,Sample_S19S_0005_Wat,473.0937108
56,Sample_S19S_0005_Wat,473.1089772
6,Sample_S19S_0005_Wat,473.1122201
23,Sample_S19S_0005_Wat,473.121993
23,Sample_S19S_0005_Wat,473.1300234
3,Sample_S19S_0005_Wat,473.139667
19,Sample_S19S_0005_Wat,473.1452829
9,Sample_S19S_0005_Wat,473.1582831
12,Sample_S19S_0005_Wat,473.1663521
3,Sample_S19S_0005_Wat,473.1760299
15,Sample_S19S_0005_Wat,473.1816622
8,Sample_S19S_0005_Wat,473.1946924
22,Sample_S19S_0005_Wat,473.2180738
34,Sample_S19S_0005_Wat,474.067818
17,Sample_S19S_0005_Wat,474.0889636
24,Sample_S19S_0005_Wat,474.1042477
54,Sample_S19S_0005_Wat,474.1405956
1,Sample_S19S_0005_Wat,475.0152769
13,Sample_S19S_0005_Wat,475.0517049
9,Sample_S19S_0005_Wat,475.0648516
17,Sample_S19S_0005_Wat,475.0728791
26,Sample_S19S_0005_Wat,475.0881586
10,Sample_S19S_0005_Wat,475.0914266
14,Sample_S19S_0005_Wat,475.1012806
17,Sample_S19S_0005_Wat,475.1092833
60,Sample_S19S_0005_Wat,475.1245966
6,Sample_S19S_0005_Wat,475.1278093
25,Sample_S19S_0005_Wat,475.1376596
17,Sample_S19S_0005_Wat,475.1456774
59,Sample_S19S_0005_Wat,475.1609843
23,Sample_S19S_0005_Wat,475.1739813
5,Sample_S19S_0005_Wat,475.1819356
12,Sample_S19S_0005_Wat,475.1973043
7,Sample_S19S_0005_Wat,476.0833408
29,Sample_S19S_0005_Wat,476.1198125
27,Sample_S19S_0005_Wat,477.0311319
44,Sample_S19S_0005_Wat,477.0674882
4,Sample_S19S_0005_Wat,477.0805777
3,Sample_S19S_0005_Wat,477.0981716
15,Sample_S19S_0005_Wat,477.1037802
17,Sample_S19S_0005_Wat,477.1168599
5,Sample_S19S_0005_Wat,477.1401075
8,Sample_S19S_0005_Wat,477.1531747
18,Sample_S19S_0005_Wat,477.1765167
6,Sample_S19S_0005_Wat,477.1895617
36,Sample_S19S_0005_Wat,477.2130039
69,Sample_S19S_0005_Wat,478.0991507
4,Sample_S19S_0005_Wat,479.0466033
17,Sample_S19S_0005_Wat,479.0830028
39,Sample_S19S_0005_Wat,479.1194663
18,Sample_S19S_0005_Wat,479.1325629
65,Sample_S19S_0005_Wat,479.1559168
11,Sample_S19S_0005_Wat,479.1689644
46,Sample_S19S_0005_Wat,479.1923063
14,Sample_S19S_0005_Wat,479.2286027
9,Sample_S19S_0005_Wat,480.151082
7,Sample_S19S_0005_Wat,481.025885
21,Sample_S19S_0005_Wat,481.0623379
53,Sample_S19S_0005_Wat,481.0987747
72,Sample_S19S_0005_Wat,481.1351677
50,Sample_S19S_0005_Wat,481.1715313
14,Sample_S19S_0005_Wat,481.2078283
6,Sample_S19S_0005_Wat,482.1302914
14,Sample_S19S_0005_Wat,483.0415833
32,Sample_S19S_0005_Wat,483.0780208
3,Sample_S19S_0005_Wat,483.1064043
49,Sample_S19S_0005_Wat,483.1144642
36,Sample_S19S_0005_Wat,483.1508531
14,Sample_S19S_0005_Wat,483.1791639
27,Sample_S19S_0005_Wat,483.1871699
11,Sample_S19S_0005_Wat,483.2234722
11,Sample_S19S_0005_Wat,484.1459881
1,Sample_S19S_0005_Wat,485.0360155
10,Sample_S19S_0005_Wat,485.057196
14,Sample_S19S_0005_Wat,485.0724465
29,Sample_S19S_0005_Wat,485.0936172
16,Sample_S19S_0005_Wat,485.1220307
47,Sample_S19S_0005_Wat,485.1300644
17,Sample_S19S_0005_Wat,485.1584131
37,Sample_S19S_0005_Wat,485.1664901
14,Sample_S19S_0005_Wat,485.1948096
15,Sample_S19S_0005_Wat,487.051792
20,Sample_S19S_0005_Wat,487.072871
9,Sample_S19S_0005_Wat,487.088118
14,Sample_S19S_0005_Wat,487.0915407
12,Sample_S19S_0005_Wat,487.1011949
10,Sample_S19S_0005_Wat,487.1092152
8,Sample_S19S_0005_Wat,487.1244947
6,Sample_S19S_0005_Wat,487.1277922
17,Sample_S19S_0005_Wat,487.1375846
15,Sample_S19S_0005_Wat,487.1456408
44,Sample_S19S_0005_Wat,487.1609704
20,Sample_S19S_0005_Wat,487.1740711
30,Sample_S19S_0005_Wat,487.18211
23,Sample_S19S_0005_Wat,487.1974177
5,Sample_S19S_0005_Wat,487.2104698
34,Sample_S19S_0005_Wat,488.0834359
8,Sample_S19S_0005_Wat,489.0310445
11,Sample_S19S_0005_Wat,489.0522438
44,Sample_S19S_0005_Wat,489.067487
24,Sample_S19S_0005_Wat,489.0886429
27,Sample_S19S_0005_Wat,489.1039118
35,Sample_S19S_0005_Wat,489.1249814
26,Sample_S19S_0005_Wat,489.1402055
17,Sample_S19S_0005_Wat,489.1532671
10,Sample_S19S_0005_Wat,489.1612651
7,Sample_S19S_0005_Wat,489.1765226
4,Sample_S19S_0005_Wat,489.1895365
7,Sample_S19S_0005_Wat,489.2128864
16,Sample_S19S_0005_Wat,490.0990621
3,Sample_S19S_0005_Wat,490.1201406
13,Sample_S19S_0005_Wat,491.0466906
19,Sample_S19S_0005_Wat,491.0830123
8,Sample_S19S_0005_Wat,491.0961728
9,Sample_S19S_0005_Wat,491.1193786
15,Sample_S19S_0005_Wat,491.1325378
22,Sample_S19S_0005_Wat,491.1558203
18,Sample_S19S_0005_Wat,491.1689084
45,Sample_S19S_0005_Wat,491.1922945
8,Sample_S19S_0005_Wat,491.2053832
6,Sample_S19S_0005_Wat,491.2287423
44,Sample_S19S_0005_Wat,492.1147512
10,Sample_S19S_0005_Wat,493.0259042
14,Sample_S19S_0005_Wat,493.0622921
23,Sample_S19S_0005_Wat,493.098712
68,Sample_S19S_0005_Wat,493.1351653
47,Sample_S19S_0005_Wat,493.1715856
8,Sample_S19S_0005_Wat,493.1846305
9,Sample_S19S_0005_Wat,493.2442171
13,Sample_S19S_0005_Wat,495.0415683
40,Sample_S19S_0005_Wat,495.0780179
46,Sample_S19S_0005_Wat,495.1144449
58,Sample_S19S_0005_Wat,495.1507984
17,Sample_S19S_0005_Wat,495.1791573
1,Sample_S19S_0005_Wat,496.1905351
5,Sample_S19S_0005_Wat,497.036113
21,Sample_S19S_0005_Wat,497.0572968
14,Sample_S19S_0005_Wat,497.0937782
15,Sample_S19S_0005_Wat,497.1301476
3,Sample_S19S_0005_Wat,497.141453
23,Sample_S19S_0005_Wat,497.1947705
2,Sample_S19S_0005_Wat,497.2390455
34,Sample_S19S_0005_Wat,498.0889479
12,Sample_S19S_0005_Wat,498.1253978
37,Sample_S19S_0005_Wat,498.1617513
3,Sample_S19S_0005_Wat,498.1698072
8,Sample_S19S_0005_Wat,499.036451
21,Sample_S19S_0005_Wat,499.0728848
10,Sample_S19S_0005_Wat,499.1012958
37,Sample_S19S_0005_Wat,499.1093112
10,Sample_S19S_0005_Wat,499.1377212
48,Sample_S19S_0005_Wat,499.1457371
19,Sample_S19S_0005_Wat,499.1740741
20,Sample_S19S_0005_Wat,499.2104255
15,Sample_S19S_0005_Wat,499.2184243
8,Sample_S19S_0005_Wat,501.0310269
10,Sample_S19S_0005_Wat,501.0521674
18,Sample_S19S_0005_Wat,501.0673678
12,Sample_S19S_0005_Wat,501.080502
16,Sample_S19S_0005_Wat,501.0885018
10,Sample_S19S_0005_Wat,501.1037301
12,Sample_S19S_0005_Wat,501.116864
7,Sample_S19S_0005_Wat,501.1248479
16,Sample_S19S_0005_Wat,501.1401768
28,Sample_S19S_0005_Wat,501.1532967
20,Sample_S19S_0005_Wat,501.1612956
39,Sample_S19S_0005_Wat,501.1766253
25,Sample_S19S_0005_Wat,501.1896846
21,Sample_S19S_0005_Wat,501.2130646
11,Sample_S19S_0005_Wat,503.0468089
4,Sample_S19S_0005_Wat,503.0679918
3,Sample_S19S_0005_Wat,503.0832459
19,Sample_S19S_0005_Wat,503.1042984
50,Sample_S19S_0005_Wat,503.1195309
4,Sample_S19S_0005_Wat,503.1326318
18,Sample_S19S_0005_Wat,503.1405906
3,Sample_S19S_0005_Wat,503.1502092
22,Sample_S19S_0005_Wat,503.1558462
3,Sample_S19S_0005_Wat,503.1768678
11,Sample_S19S_0005_Wat,503.1921795
2,Sample_S19S_0005_Wat,503.2051842
12,Sample_S19S_0005_Wat,503.2285615
9,Sample_S19S_0005_Wat,504.1512304
8,Sample_S19S_0005_Wat,505.0259469
7,Sample_S19S_0005_Wat,505.0622503
16,Sample_S19S_0005_Wat,505.098662
9,Sample_S19S_0005_Wat,505.1118569
3,Sample_S19S_0005_Wat,505.1197488
16,Sample_S19S_0005_Wat,505.1350781
3,Sample_S19S_0005_Wat,505.1482794
59,Sample_S19S_0005_Wat,505.1715425
14,Sample_S19S_0005_Wat,505.1846129
23,Sample_S19S_0005_Wat,505.2079802
22,Sample_S19S_0005_Wat,505.2443315
20,Sample_S19S_0005_Wat,506.0576414
7,Sample_S19S_0005_Wat,506.1303153
8,Sample_S19S_0005_Wat,506.1666811
13,Sample_S19S_0005_Wat,507.0415912
30,Sample_S19S_0005_Wat,507.0780238
44,Sample_S19S_0005_Wat,507.1144464
57,Sample_S19S_0005_Wat,507.1508255
13,Sample_S19S_0005_Wat,509.0573918
41,Sample_S19S_0005_Wat,509.0937287
43,Sample_S19S_0005_Wat,509.1300451
9,Sample_S19S_0005_Wat,509.1947371
4,Sample_S19S_0005_Wat,509.2391011
12,Sample_S19S_0005_Wat,510.0888729
7,Sample_S19S_0005_Wat,511.0366348
11,Sample_S19S_0005_Wat,511.0518749
40,Sample_S19S_0005_Wat,511.0729714
28,Sample_S19S_0005_Wat,511.1092846
3,Sample_S19S_0005_Wat,511.1375472
4,Sample_S19S_0005_Wat,511.1455592
6,Sample_S19S_0005_Wat,511.1739404
9,Sample_S19S_0005_Wat,511.2103696
9,Sample_S19S_0005_Wat,511.2183807
9,Sample_S19S_0005_Wat,511.2467945
1,Sample_S19S_0005_Wat,512.1854652
7,Sample_S19S_0005_Wat,513.0311674
11,Sample_S19S_0005_Wat,513.0522762
22,Sample_S19S_0005_Wat,513.0674942
26,Sample_S19S_0005_Wat,513.0885835
11,Sample_S19S_0005_Wat,513.1072555
17,Sample_S19S_0005_Wat,513.1169162
18,Sample_S19S_0005_Wat,513.1248843
5,Sample_S19S_0005_Wat,513.1531789
7,Sample_S19S_0005_Wat,513.1612236
8,Sample_S19S_0005_Wat,513.1895585
8,Sample_S19S_0005_Wat,515.0467951
10,Sample_S19S_0005_Wat,515.0679477
32,Sample_S19S_0005_Wat,515.083157
30,Sample_S19S_0005_Wat,515.1042917
3,Sample_S19S_0005_Wat,515.1326297
23,Sample_S19S_0005_Wat,515.1405768
10,Sample_S19S_0005_Wat,515.155816
14,Sample_S19S_0005_Wat,515.1688778
8,Sample_S19S_0005_Wat,515.1768835
6,Sample_S19S_0005_Wat,515.1921599
8,Sample_S19S_0005_Wat,515.2052029
26,Sample_S19S_0005_Wat,517.0624113
9,Sample_S19S_0005_Wat,517.0835974
11,Sample_S19S_0005_Wat,517.098859
7,Sample_S19S_0005_Wat,517.1199999
7,Sample_S19S_0005_Wat,517.1352552
11,Sample_S19S_0005_Wat,517.1563614
10,Sample_S19S_0005_Wat,517.171616
17,Sample_S19S_0005_Wat,517.1846401
12,Sample_S19S_0005_Wat,517.1925985
40,Sample_S19S_0005_Wat,517.2079237
21,Sample_S19S_0005_Wat,518.0939924
12,Sample_S19S_0005_Wat,519.0779454
12,Sample_S19S_0005_Wat,519.1143103
7,Sample_S19S_0005_Wat,519.1275578
25,Sample_S19S_0005_Wat,519.1507584
7,Sample_S19S_0005_Wat,519.1639413
50,Sample_S19S_0005_Wat,519.1872205
12,Sample_S19S_0005_Wat,519.2236508
23,Sample_S19S_0005_Wat,521.0573462
29,Sample_S19S_0005_Wat,521.0937324
44,Sample_S19S_0005_Wat,521.1301011
23,Sample_S19S_0005_Wat,521.1663968
8,Sample_S19S_0005_Wat,521.2027235
1,Sample_S19S_0005_Wat,521.2390738
7,Sample_S19S_0005_Wat,522.0888396
9,Sample_S19S_0005_Wat,523.0728235
5,Sample_S19S_0005_Wat,523.1091901
13,Sample_S19S_0005_Wat,523.1456062
25,Sample_S19S_0005_Wat,523.1820717
15,Sample_S19S_0005_Wat,523.2104573
10,Sample_S19S_0005_Wat,525.0521307
23,Sample_S19S_0005_Wat,525.0885729
33,Sample_S19S_0005_Wat,525.1250197
38,Sample_S19S_0005_Wat,525.1614051
9,Sample_S19S_0005_Wat,525.2340332
24,Sample_S19S_0005_Wat,526.1566707
11,Sample_S19S_0005_Wat,527.0467883
13,Sample_S19S_0005_Wat,527.0679337
10,Sample_S19S_0005_Wat,527.0832056
12,Sample_S19S_0005_Wat,527.1043114
40,Sample_S19S_0005_Wat,527.1406475
18,Sample_S19S_0005_Wat,527.1689685
29,Sample_S19S_0005_Wat,527.1769645
16,Sample_S19S_0005_Wat,527.2052882
27,Sample_S19S_0005_Wat,528.135922
12,Sample_S19S_0005_Wat,529.0624704
8,Sample_S19S_0005_Wat,529.0836238
13,Sample_S19S_0005_Wat,529.0988481
22,Sample_S19S_0005_Wat,529.119899
9,Sample_S19S_0005_Wat,529.1482589
22,Sample_S19S_0005_Wat,529.1562352
21,Sample_S19S_0005_Wat,529.184567
10,Sample_S19S_0005_Wat,529.1925822
4,Sample_S19S_0005_Wat,529.2208396
5,Sample_S19S_0005_Wat,531.0781475
14,Sample_S19S_0005_Wat,531.0992322
13,Sample_S19S_0005_Wat,531.1144803
24,Sample_S19S_0005_Wat,531.1355514
25,Sample_S19S_0005_Wat,531.1507766
18,Sample_S19S_0005_Wat,531.1638843
15,Sample_S19S_0005_Wat,531.1718519
10,Sample_S19S_0005_Wat,531.1871077
15,Sample_S19S_0005_Wat,531.2234777
15,Sample_S19S_0005_Wat,532.0733598
5,Sample_S19S_0005_Wat,533.0574115
14,Sample_S19S_0005_Wat,533.0937827
22,Sample_S19S_0005_Wat,533.1301236
48,Sample_S19S_0005_Wat,533.166456
16,Sample_S19S_0005_Wat,533.1795306
10,Sample_S19S_0005_Wat,533.2027587
4,Sample_S19S_0005_Wat,533.2390944
10,Sample_S19S_0005_Wat,535.0365569
19,Sample_S19S_0005_Wat,535.0730261
13,Sample_S19S_0005_Wat,535.1094222
11,Sample_S19S_0005_Wat,535.1458132
19,Sample_S19S_0005_Wat,535.1821751
36,Sample_S19S_0005_Wat,536.1045749
6,Sample_S19S_0005_Wat,537.0520931
16,Sample_S19S_0005_Wat,537.0884904
33,Sample_S19S_0005_Wat,537.1249315
40,Sample_S19S_0005_Wat,537.161382
15,Sample_S19S_0005_Wat,537.1978101
10,Sample_S19S_0005_Wat,537.2342192
17,Sample_S19S_0005_Wat,539.0679143
21,Sample_S19S_0005_Wat,539.1042196
26,Sample_S19S_0005_Wat,539.1405618
6,Sample_S19S_0005_Wat,539.1768779
3,Sample_S19S_0005_Wat,539.2051955
5,Sample_S19S_0005_Wat,539.2132409
4,Sample_S19S_0005_Wat,539.2496267
25,Sample_S19S_0005_Wat,540.0995053
8,Sample_S19S_0005_Wat,541.0470414
22,Sample_S19S_0005_Wat,541.0834882
26,Sample_S19S_0005_Wat,541.1199147
17,Sample_S19S_0005_Wat,541.1563515
5,Sample_S19S_0005_Wat,541.1927684
7,Sample_S19S_0005_Wat,542.1514443
12,Sample_S19S_0005_Wat,543.0781158
23,Sample_S19S_0005_Wat,543.09918
20,Sample_S19S_0005_Wat,543.1355017
16,Sample_S19S_0005_Wat,543.1638009
12,Sample_S19S_0005_Wat,543.1718262
1,Sample_S19S_0005_Wat,543.208077
7,Sample_S19S_0005_Wat,545.0783592
7,Sample_S19S_0005_Wat,545.0935509
8,Sample_S19S_0005_Wat,545.1147104
5,Sample_S19S_0005_Wat,545.1432084
24,Sample_S19S_0005_Wat,545.1511507
25,Sample_S19S_0005_Wat,545.1664409
6,Sample_S19S_0005_Wat,545.1795929
11,Sample_S19S_0005_Wat,545.2159419
4,Sample_S19S_0005_Wat,545.2393178
8,Sample_S19S_0005_Wat,547.0364584
12,Sample_S19S_0005_Wat,547.0729547
5,Sample_S19S_0005_Wat,547.0941431
16,Sample_S19S_0005_Wat,547.109415
13,Sample_S19S_0005_Wat,547.145805
2,Sample_S19S_0005_Wat,547.1822164
13,Sample_S19S_0005_Wat,547.2185618
9,Sample_S19S_0005_Wat,549.0523077
9,Sample_S19S_0005_Wat,549.0887119
12,Sample_S19S_0005_Wat,549.1250923
16,Sample_S19S_0005_Wat,549.1614413
35,Sample_S19S_0005_Wat,549.1977663
8,Sample_S19S_0005_Wat,549.2340464
9,Sample_S19S_0005_Wat,551.0679996
16,Sample_S19S_0005_Wat,551.10435
26,Sample_S19S_0005_Wat,551.140683
25,Sample_S19S_0005_Wat,551.1769906
14,Sample_S19S_0005_Wat,551.2133063
3,Sample_S19S_0005_Wat,551.2496307
2,Sample_S19S_0005_Wat,552.1357425
4,Sample_S19S_0005_Wat,553.0836572
17,Sample_S19S_0005_Wat,553.1199748
44,Sample_S19S_0005_Wat,553.1562956
19,Sample_S19S_0005_Wat,553.1925971
5,Sample_S19S_0005_Wat,553.2288832
22,Sample_S19S_0005_Wat,554.1878947
5,Sample_S19S_0005_Wat,555.0629131
3,Sample_S19S_0005_Wat,555.0993123
7,Sample_S19S_0005_Wat,555.1356619
16,Sample_S19S_0005_Wat,555.1720029
21,Sample_S19S_0005_Wat,555.2082923
1,Sample_S19S_0005_Wat,556.167018
6,Sample_S19S_0005_Wat,557.0785258
15,Sample_S19S_0005_Wat,557.1149049
4,Sample_S19S_0005_Wat,557.1513467
3,Sample_S19S_0005_Wat,557.1877224
11,Sample_S19S_0005_Wat,559.1951961
14,Sample_S19S_0005_Wat,559.2185569
17,Sample_S19S_0005_Wat,561.0885432
4,Sample_S19S_0005_Wat,561.1248442
4,Sample_S19S_0005_Wat,561.1611805
1,Sample_S19S_0005_Wat,561.1975534
19,Sample_S19S_0005_Wat,563.0679011
8,Sample_S19S_0005_Wat,563.1043787
7,Sample_S19S_0005_Wat,563.140767
4,Sample_S19S_0005_Wat,563.1771352
17,Sample_S19S_0005_Wat,563.2134586
9,Sample_S19S_0005_Wat,565.0833841
2,Sample_S19S_0005_Wat,565.1561141
16,Sample_S19S_0005_Wat,565.2290122
14,Sample_S19S_0005_Wat,567.0992538
8,Sample_S19S_0005_Wat,567.1356587
14,Sample_S19S_0005_Wat,567.2083955
14,Sample_S19S_0005_Wat,567.2446704
9,Sample_S19S_0005_Wat,568.13089
14,Sample_S19S_0005_Wat,569.0784551
15,Sample_S19S_0005_Wat,569.1147778
8,Sample_S19S_0005_Wat,569.1510794
2,Sample_S19S_0005_Wat,569.1874013
1,Sample_S19S_0005_Wat,569.223732
1,Sample_S19S_0005_Wat,571.0939164
20,Sample_S19S_0005_Wat,571.1303995
20,Sample_S19S_0005_Wat,571.1668216
14,Sample_S19S_0005_Wat,571.2032768
19,Sample_S19S_0005_Wat,573.0886509
12,Sample_S19S_0005_Wat,573.1250609
14,Sample_S19S_0005_Wat,573.1461913
6,Sample_S19S_0005_Wat,573.1615077
5,Sample_S19S_0005_Wat,575.1043617
6,Sample_S19S_0005_Wat,575.1407714
18,Sample_S19S_0005_Wat,575.1770756
25,Sample_S19S_0005_Wat,575.213398
2,Sample_S19S_0005_Wat,577.0836723
36,Sample_S19S_0005_Wat,577.1563035
20,Sample_S19S_0005_Wat,577.1926143
4,Sample_S19S_0005_Wat,577.228924
26,Sample_S19S_0005_Wat,579.1355972
32,Sample_S19S_0005_Wat,579.1719274
15,Sample_S19S_0005_Wat,579.2082488
5,Sample_S19S_0005_Wat,581.0785526
19,Sample_S19S_0005_Wat,581.1148894
33,Sample_S19S_0005_Wat,581.1512226
25,Sample_S19S_0005_Wat,581.1875335
18,Sample_S19S_0005_Wat,581.2238624
1,Sample_S19S_0005_Wat,583.094266
6,Sample_S19S_0005_Wat,583.1306046
16,Sample_S19S_0005_Wat,583.1669172
5,Sample_S19S_0005_Wat,583.1952442
19,Sample_S19S_0005_Wat,583.2032587
5,Sample_S19S_0005_Wat,585.0734724
4,Sample_S19S_0005_Wat,585.1098543
1,Sample_S19S_0005_Wat,585.1826784
3,Sample_S19S_0005_Wat,585.2190128
12,Sample_S19S_0005_Wat,587.1041571
12,Sample_S19S_0005_Wat,587.1405809
10,Sample_S19S_0005_Wat,587.1982185
3,Sample_S19S_0005_Wat,589.119725
2,Sample_S19S_0005_Wat,591.0993225
7,Sample_S19S_0005_Wat,591.1720289
13,Sample_S19S_0005_Wat,591.2083514
2,Sample_S19S_0005_Wat,593.078251
1,Sample_S19S_0005_Wat,593.1146582
8,Sample_S19S_0005_Wat,593.1511079
25,Sample_S19S_0005_Wat,593.1875846
6,Sample_S19S_0005_Wat,593.2604417
16,Sample_S19S_0005_Wat,595.1667494
5,Sample_S19S_0005_Wat,597.1095532
12,Sample_S19S_0005_Wat,597.1460191
23,Sample_S19S_0005_Wat,597.1824999
18,Sample_S19S_0005_Wat,599.1618335
9,Sample_S19S_0005_Wat,599.1981029
2,Sample_S19S_0005_Wat,605.1149751
6,Sample_S19S_0005_Wat,605.1877226
4,Sample_S19S_0005_Wat,605.2240726
22,Sample_S19S_0005_Wat,607.1304892
4,Sample_S19S_0005_Wat,607.2030678
5,Sample_S19S_0005_Wat,609.1459321
9,Sample_S19S_0005_Wat,613.2138544
1,Sample_S19S_0005_Wat,619.1666544
2,Sample_S19S_0005_Wat,623.1255649
1,Sample_S19S_0005_Wat,623.1983716
16,Sample_S19S_0005_Wat,625.2137878
3,Sample_S19S_0005_Wat,627.1931772
6,Sample_S19S_0005_Wat,633.1459928
5,Sample_S19S_0005_Wat,635.1982777
5,Sample_S19S_0005_Wat,637.250012
2,Sample_S19S_0005_Wat,639.1932429
