num.trans.involved.in,sample,peak
23,Sample_S19S_0047_Wat,205.0142188
25,Sample_S19S_0047_Wat,205.0505947
8,Sample_S19S_0047_Wat,205.1597578
33,Sample_S19S_0047_Wat,207.0298709
35,Sample_S19S_0047_Wat,207.066249
14,Sample_S19S_0047_Wat,209.0091207
29,Sample_S19S_0047_Wat,209.0455114
30,Sample_S19S_0047_Wat,209.0818981
45,Sample_S19S_0047_Wat,211.0247874
43,Sample_S19S_0047_Wat,211.0611736
28,Sample_S19S_0047_Wat,211.097555
24,Sample_S19S_0047_Wat,213.0404285
35,Sample_S19S_0047_Wat,213.0768216
31,Sample_S19S_0047_Wat,215.0560786
16,Sample_S19S_0047_Wat,215.1288446
41,Sample_S19S_0047_Wat,219.0298823
23,Sample_S19S_0047_Wat,221.0091259
37,Sample_S19S_0047_Wat,221.0455191
19,Sample_S19S_0047_Wat,221.0818912
24,Sample_S19S_0047_Wat,221.1182865
45,Sample_S19S_0047_Wat,223.0247931
15,Sample_S19S_0047_Wat,223.0611523
40,Sample_S19S_0047_Wat,223.0975605
11,Sample_S19S_0047_Wat,225.0040321
69,Sample_S19S_0047_Wat,225.0404494
47,Sample_S19S_0047_Wat,225.0768195
12,Sample_S19S_0047_Wat,225.1131873
31,Sample_S19S_0047_Wat,227.056079
43,Sample_S19S_0047_Wat,227.092466
38,Sample_S19S_0047_Wat,229.0353497
33,Sample_S19S_0047_Wat,229.0717413
29,Sample_S19S_0047_Wat,229.1081151
36,Sample_S19S_0047_Wat,231.0873835
41,Sample_S19S_0047_Wat,233.0091463
42,Sample_S19S_0047_Wat,233.0455307
37,Sample_S19S_0047_Wat,233.0819208
9,Sample_S19S_0047_Wat,233.1546845
44,Sample_S19S_0047_Wat,235.0247912
55,Sample_S19S_0047_Wat,235.0611873
37,Sample_S19S_0047_Wat,235.0975749
22,Sample_S19S_0047_Wat,235.1339408
35,Sample_S19S_0047_Wat,237.0040579
49,Sample_S19S_0047_Wat,237.0404421
58,Sample_S19S_0047_Wat,237.0768351
39,Sample_S19S_0047_Wat,237.1132227
63,Sample_S19S_0047_Wat,239.0197221
82,Sample_S19S_0047_Wat,239.0561117
5,Sample_S19S_0047_Wat,239.0673352
82,Sample_S19S_0047_Wat,239.092497
37,Sample_S19S_0047_Wat,239.1288753
70,Sample_S19S_0047_Wat,241.03537
44,Sample_S19S_0047_Wat,241.0717422
31,Sample_S19S_0047_Wat,241.1081087
19,Sample_S19S_0047_Wat,241.1445007
8,Sample_S19S_0047_Wat,242.139775
1,Sample_S19S_0047_Wat,242.1761465
71,Sample_S19S_0047_Wat,243.0510224
37,Sample_S19S_0047_Wat,243.0873816
18,Sample_S19S_0047_Wat,243.1237626
70,Sample_S19S_0047_Wat,245.0455587
7,Sample_S19S_0047_Wat,245.0489119
78,Sample_S19S_0047_Wat,245.0666847
58,Sample_S19S_0047_Wat,245.1030642
45,Sample_S19S_0047_Wat,247.024801
68,Sample_S19S_0047_Wat,247.0612011
73,Sample_S19S_0047_Wat,247.0975945
47,Sample_S19S_0047_Wat,249.0040636
75,Sample_S19S_0047_Wat,249.0404675
80,Sample_S19S_0047_Wat,249.0768527
35,Sample_S19S_0047_Wat,249.1132224
73,Sample_S19S_0047_Wat,251.0197332
69,Sample_S19S_0047_Wat,251.0560986
108,Sample_S19S_0047_Wat,251.0925063
46,Sample_S19S_0047_Wat,251.1289035
30,Sample_S19S_0047_Wat,252.0513612
96,Sample_S19S_0047_Wat,253.0353983
113,Sample_S19S_0047_Wat,253.0717756
39,Sample_S19S_0047_Wat,253.1081345
40,Sample_S19S_0047_Wat,253.1445337
28,Sample_S19S_0047_Wat,254.0670222
60,Sample_S19S_0047_Wat,255.0146298
93,Sample_S19S_0047_Wat,255.0510433
103,Sample_S19S_0047_Wat,255.0874163
35,Sample_S19S_0047_Wat,255.1237776
74,Sample_S19S_0047_Wat,257.030304
55,Sample_S19S_0047_Wat,257.0455598
93,Sample_S19S_0047_Wat,257.0666765
61,Sample_S19S_0047_Wat,257.1030521
40,Sample_S19S_0047_Wat,257.1394516
52,Sample_S19S_0047_Wat,259.0248281
82,Sample_S19S_0047_Wat,259.0459547
63,Sample_S19S_0047_Wat,259.0612028
81,Sample_S19S_0047_Wat,259.0823405
56,Sample_S19S_0047_Wat,259.0975861
55,Sample_S19S_0047_Wat,259.1187072
60,Sample_S19S_0047_Wat,261.040468
60,Sample_S19S_0047_Wat,261.061588
90,Sample_S19S_0047_Wat,261.0768598
44,Sample_S19S_0047_Wat,261.0980071
61,Sample_S19S_0047_Wat,261.1132477
49,Sample_S19S_0047_Wat,263.019721
87,Sample_S19S_0047_Wat,263.0561329
47,Sample_S19S_0047_Wat,263.0924815
39,Sample_S19S_0047_Wat,263.128908
54,Sample_S19S_0047_Wat,264.9989861
87,Sample_S19S_0047_Wat,265.0353938
85,Sample_S19S_0047_Wat,265.0717855
96,Sample_S19S_0047_Wat,265.1081545
30,Sample_S19S_0047_Wat,265.1445692
1,Sample_S19S_0047_Wat,265.1479151
40,Sample_S19S_0047_Wat,266.0670361
73,Sample_S19S_0047_Wat,267.0146829
109,Sample_S19S_0047_Wat,267.0510336
101,Sample_S19S_0047_Wat,267.0874299
85,Sample_S19S_0047_Wat,267.123805
35,Sample_S19S_0047_Wat,267.1601848
42,Sample_S19S_0047_Wat,268.0462977
41,Sample_S19S_0047_Wat,268.08266
81,Sample_S19S_0047_Wat,269.0303205
114,Sample_S19S_0047_Wat,269.0666802
10,Sample_S19S_0047_Wat,269.0779259
91,Sample_S19S_0047_Wat,269.1030627
45,Sample_S19S_0047_Wat,269.1394657
42,Sample_S19S_0047_Wat,270.0619439
78,Sample_S19S_0047_Wat,271.0459737
23,Sample_S19S_0047_Wat,271.061176
86,Sample_S19S_0047_Wat,271.0823212
74,Sample_S19S_0047_Wat,271.118718
21,Sample_S19S_0047_Wat,271.1551343
57,Sample_S19S_0047_Wat,273.040478
72,Sample_S19S_0047_Wat,273.061591
76,Sample_S19S_0047_Wat,273.0768603
71,Sample_S19S_0047_Wat,273.0979879
57,Sample_S19S_0047_Wat,273.1132445
29,Sample_S19S_0047_Wat,273.1343844
62,Sample_S19S_0047_Wat,275.0197425
71,Sample_S19S_0047_Wat,275.0561155
74,Sample_S19S_0047_Wat,275.0772487
82,Sample_S19S_0047_Wat,275.0925149
53,Sample_S19S_0047_Wat,275.1288873
60,Sample_S19S_0047_Wat,276.9990278
84,Sample_S19S_0047_Wat,277.0354157
85,Sample_S19S_0047_Wat,277.0717892
87,Sample_S19S_0047_Wat,277.1081544
52,Sample_S19S_0047_Wat,277.1445377
38,Sample_S19S_0047_Wat,278.0670289
28,Sample_S19S_0047_Wat,278.1034322
47,Sample_S19S_0047_Wat,279.0146331
90,Sample_S19S_0047_Wat,279.0510516
60,Sample_S19S_0047_Wat,279.0874539
57,Sample_S19S_0047_Wat,279.1238221
40,Sample_S19S_0047_Wat,279.160186
35,Sample_S19S_0047_Wat,280.0463018
41,Sample_S19S_0047_Wat,280.0826921
85,Sample_S19S_0047_Wat,281.0303339
110,Sample_S19S_0047_Wat,281.0666829
15,Sample_S19S_0047_Wat,281.0779309
65,Sample_S19S_0047_Wat,281.1030502
69,Sample_S19S_0047_Wat,281.1394597
31,Sample_S19S_0047_Wat,282.0983548
73,Sample_S19S_0047_Wat,283.0095898
109,Sample_S19S_0047_Wat,283.0459554
73,Sample_S19S_0047_Wat,283.0823169
102,Sample_S19S_0047_Wat,283.118715
31,Sample_S19S_0047_Wat,283.1551309
37,Sample_S19S_0047_Wat,284.0412345
52,Sample_S19S_0047_Wat,284.0776208
32,Sample_S19S_0047_Wat,284.1139788
77,Sample_S19S_0047_Wat,285.025228
47,Sample_S19S_0047_Wat,285.0404866
80,Sample_S19S_0047_Wat,285.0616357
46,Sample_S19S_0047_Wat,285.0768513
38,Sample_S19S_0047_Wat,285.0980306
48,Sample_S19S_0047_Wat,285.1343948
57,Sample_S19S_0047_Wat,287.0197477
66,Sample_S19S_0047_Wat,287.0408776
60,Sample_S19S_0047_Wat,287.0561351
82,Sample_S19S_0047_Wat,287.0772537
62,Sample_S19S_0047_Wat,287.0925228
78,Sample_S19S_0047_Wat,287.1136282
44,Sample_S19S_0047_Wat,287.1289021
69,Sample_S19S_0047_Wat,289.0354029
70,Sample_S19S_0047_Wat,289.0565242
90,Sample_S19S_0047_Wat,289.0717704
65,Sample_S19S_0047_Wat,289.0929075
64,Sample_S19S_0047_Wat,289.1081489
52,Sample_S19S_0047_Wat,289.1445478
12,Sample_S19S_0047_Wat,290.0669883
13,Sample_S19S_0047_Wat,290.0882083
65,Sample_S19S_0047_Wat,291.0146759
88,Sample_S19S_0047_Wat,291.0510416
78,Sample_S19S_0047_Wat,291.0874132
66,Sample_S19S_0047_Wat,291.1237966
46,Sample_S19S_0047_Wat,291.1601932
27,Sample_S19S_0047_Wat,292.0462633
88,Sample_S19S_0047_Wat,293.0303357
89,Sample_S19S_0047_Wat,293.0667099
13,Sample_S19S_0047_Wat,293.0779374
104,Sample_S19S_0047_Wat,293.1030793
76,Sample_S19S_0047_Wat,293.1394564
13,Sample_S19S_0047_Wat,293.1757942
1,Sample_S19S_0047_Wat,293.179192
35,Sample_S19S_0047_Wat,294.0619153
41,Sample_S19S_0047_Wat,294.098304
52,Sample_S19S_0047_Wat,295.0095496
88,Sample_S19S_0047_Wat,295.0459444
116,Sample_S19S_0047_Wat,295.0823376
109,Sample_S19S_0047_Wat,295.1187213
51,Sample_S19S_0047_Wat,295.1550986
27,Sample_S19S_0047_Wat,296.0411763
38,Sample_S19S_0047_Wat,296.0775656
88,Sample_S19S_0047_Wat,297.025237
93,Sample_S19S_0047_Wat,297.0616262
66,Sample_S19S_0047_Wat,297.0980154
41,Sample_S19S_0047_Wat,297.1344063
2,Sample_S19S_0047_Wat,297.1529844
19,Sample_S19S_0047_Wat,297.1707937
48,Sample_S19S_0047_Wat,298.0568737
44,Sample_S19S_0047_Wat,298.0932671
28,Sample_S19S_0047_Wat,298.1296449
34,Sample_S19S_0047_Wat,299.0197546
77,Sample_S19S_0047_Wat,299.0408894
57,Sample_S19S_0047_Wat,299.05613
98,Sample_S19S_0047_Wat,299.0772616
77,Sample_S19S_0047_Wat,299.1136455
61,Sample_S19S_0047_Wat,299.1500243
47,Sample_S19S_0047_Wat,300.0725
32,Sample_S19S_0047_Wat,300.1089049
61,Sample_S19S_0047_Wat,301.0201601
61,Sample_S19S_0047_Wat,301.0353903
74,Sample_S19S_0047_Wat,301.0565488
50,Sample_S19S_0047_Wat,301.071792
59,Sample_S19S_0047_Wat,301.092932
31,Sample_S19S_0047_Wat,301.1081829
46,Sample_S19S_0047_Wat,301.129318
30,Sample_S19S_0047_Wat,302.0670162
32,Sample_S19S_0047_Wat,302.0881947
20,Sample_S19S_0047_Wat,302.1245742
56,Sample_S19S_0047_Wat,303.0146906
54,Sample_S19S_0047_Wat,303.0357821
73,Sample_S19S_0047_Wat,303.0510433
76,Sample_S19S_0047_Wat,303.0721573
68,Sample_S19S_0047_Wat,303.0874395
79,Sample_S19S_0047_Wat,303.1085414
54,Sample_S19S_0047_Wat,303.1238249
48,Sample_S19S_0047_Wat,303.1449308
31,Sample_S19S_0047_Wat,304.0462877
21,Sample_S19S_0047_Wat,304.0674332
36,Sample_S19S_0047_Wat,304.0826613
26,Sample_S19S_0047_Wat,304.1038383
81,Sample_S19S_0047_Wat,305.0303157
96,Sample_S19S_0047_Wat,305.0666877
4,Sample_S19S_0047_Wat,305.0779953
37,Sample_S19S_0047_Wat,305.087829
84,Sample_S19S_0047_Wat,305.1030852
61,Sample_S19S_0047_Wat,305.1394662
20,Sample_S19S_0047_Wat,306.0831168
44,Sample_S19S_0047_Wat,306.0983427
2,Sample_S19S_0047_Wat,306.1195211
51,Sample_S19S_0047_Wat,307.0095853
100,Sample_S19S_0047_Wat,307.0459779
69,Sample_S19S_0047_Wat,307.0823737
48,Sample_S19S_0047_Wat,307.1187572
34,Sample_S19S_0047_Wat,307.1551342
51,Sample_S19S_0047_Wat,308.0412303
51,Sample_S19S_0047_Wat,308.0775973
43,Sample_S19S_0047_Wat,308.1139545
87,Sample_S19S_0047_Wat,309.0252469
114,Sample_S19S_0047_Wat,309.0616036
12,Sample_S19S_0047_Wat,309.0728691
105,Sample_S19S_0047_Wat,309.0979773
84,Sample_S19S_0047_Wat,309.1343649
37,Sample_S19S_0047_Wat,309.1707647
2,Sample_S19S_0047_Wat,309.1741269
43,Sample_S19S_0047_Wat,310.0568411
43,Sample_S19S_0047_Wat,310.0932206
93,Sample_S19S_0047_Wat,311.0408991
99,Sample_S19S_0047_Wat,311.0772659
122,Sample_S19S_0047_Wat,311.1136352
68,Sample_S19S_0047_Wat,311.1500195
51,Sample_S19S_0047_Wat,312.0725103
64,Sample_S19S_0047_Wat,313.0201379
83,Sample_S19S_0047_Wat,313.0565398
32,Sample_S19S_0047_Wat,313.071764
79,Sample_S19S_0047_Wat,313.0929245
64,Sample_S19S_0047_Wat,313.1293014
50,Sample_S19S_0047_Wat,314.0517902
54,Sample_S19S_0047_Wat,314.0881771
46,Sample_S19S_0047_Wat,315.0146824
71,Sample_S19S_0047_Wat,315.035781
62,Sample_S19S_0047_Wat,315.0510397
24,Sample_S19S_0047_Wat,315.0544106
73,Sample_S19S_0047_Wat,315.0721791
31,Sample_S19S_0047_Wat,315.0873994
3,Sample_S19S_0047_Wat,315.0907452
59,Sample_S19S_0047_Wat,315.1085755
59,Sample_S19S_0047_Wat,315.1238052
43,Sample_S19S_0047_Wat,315.1449559
30,Sample_S19S_0047_Wat,316.0674166
42,Sample_S19S_0047_Wat,316.1038062
67,Sample_S19S_0047_Wat,317.0303382
68,Sample_S19S_0047_Wat,317.0514233
77,Sample_S19S_0047_Wat,317.0666936
16,Sample_S19S_0047_Wat,317.0700656
86,Sample_S19S_0047_Wat,317.0878157
57,Sample_S19S_0047_Wat,317.1030588
44,Sample_S19S_0047_Wat,317.124227
62,Sample_S19S_0047_Wat,317.1394552
18,Sample_S19S_0047_Wat,318.0255948
19,Sample_S19S_0047_Wat,318.0831173
20,Sample_S19S_0047_Wat,318.1194966
46,Sample_S19S_0047_Wat,319.009608
24,Sample_S19S_0047_Wat,319.0460069
3,Sample_S19S_0047_Wat,319.0493681
43,Sample_S19S_0047_Wat,319.0670953
76,Sample_S19S_0047_Wat,319.0823624
18,Sample_S19S_0047_Wat,319.0857041
36,Sample_S19S_0047_Wat,319.103481
86,Sample_S19S_0047_Wat,319.1187158
56,Sample_S19S_0047_Wat,319.1551015
42,Sample_S19S_0047_Wat,320.0412195
6,Sample_S19S_0047_Wat,320.0623999
38,Sample_S19S_0047_Wat,320.0776287
18,Sample_S19S_0047_Wat,320.0987676
78,Sample_S19S_0047_Wat,321.0252313
75,Sample_S19S_0047_Wat,321.0616406
4,Sample_S19S_0047_Wat,321.0649964
45,Sample_S19S_0047_Wat,321.0980285
66,Sample_S19S_0047_Wat,321.1343949
39,Sample_S19S_0047_Wat,321.1707672
55,Sample_S19S_0047_Wat,322.0568903
15,Sample_S19S_0047_Wat,322.0780206
52,Sample_S19S_0047_Wat,322.0932669
58,Sample_S19S_0047_Wat,323.0044879
80,Sample_S19S_0047_Wat,323.0408542
107,Sample_S19S_0047_Wat,323.0772527
19,Sample_S19S_0047_Wat,323.0884973
60,Sample_S19S_0047_Wat,323.1136726
51,Sample_S19S_0047_Wat,323.1500462
43,Sample_S19S_0047_Wat,324.0361498
53,Sample_S19S_0047_Wat,324.0725027
49,Sample_S19S_0047_Wat,324.108871
20,Sample_S19S_0047_Wat,325.0201894
97,Sample_S19S_0047_Wat,325.0565425
4,Sample_S19S_0047_Wat,325.0678176
114,Sample_S19S_0047_Wat,325.0928926
78,Sample_S19S_0047_Wat,325.1292996
34,Sample_S19S_0047_Wat,325.1657004
1,Sample_S19S_0047_Wat,325.1842438
43,Sample_S19S_0047_Wat,326.0518083
57,Sample_S19S_0047_Wat,326.0881656
45,Sample_S19S_0047_Wat,326.1245662
37,Sample_S19S_0047_Wat,327.0146798
77,Sample_S19S_0047_Wat,327.035782
46,Sample_S19S_0047_Wat,327.0510536
5,Sample_S19S_0047_Wat,327.0543882
80,Sample_S19S_0047_Wat,327.0722018
55,Sample_S19S_0047_Wat,327.0874372
76,Sample_S19S_0047_Wat,327.1085831
61,Sample_S19S_0047_Wat,327.1449492
40,Sample_S19S_0047_Wat,328.067419
53,Sample_S19S_0047_Wat,328.1037984
55,Sample_S19S_0047_Wat,329.0303285
47,Sample_S19S_0047_Wat,329.0514722
27,Sample_S19S_0047_Wat,329.0667319
23,Sample_S19S_0047_Wat,329.0700573
101,Sample_S19S_0047_Wat,329.0878075
54,Sample_S19S_0047_Wat,329.1030905
12,Sample_S19S_0047_Wat,329.1064332
58,Sample_S19S_0047_Wat,329.1242163
16,Sample_S19S_0047_Wat,329.1394079
1,Sample_S19S_0047_Wat,329.152419
47,Sample_S19S_0047_Wat,329.1605843
29,Sample_S19S_0047_Wat,330.0831155
41,Sample_S19S_0047_Wat,330.1194763
33,Sample_S19S_0047_Wat,331.0095615
5,Sample_S19S_0047_Wat,331.0225732
55,Sample_S19S_0047_Wat,331.0307044
42,Sample_S19S_0047_Wat,331.0459941
16,Sample_S19S_0047_Wat,331.0493372
63,Sample_S19S_0047_Wat,331.0670688
62,Sample_S19S_0047_Wat,331.0823608
19,Sample_S19S_0047_Wat,331.0857029
49,Sample_S19S_0047_Wat,331.1034998
77,Sample_S19S_0047_Wat,331.1187275
4,Sample_S19S_0047_Wat,331.122066
22,Sample_S19S_0047_Wat,331.1399002
15,Sample_S19S_0047_Wat,331.155166
35,Sample_S19S_0047_Wat,332.0412408
30,Sample_S19S_0047_Wat,332.0623668
49,Sample_S19S_0047_Wat,332.0775831
36,Sample_S19S_0047_Wat,332.0987468
33,Sample_S19S_0047_Wat,333.0252702
39,Sample_S19S_0047_Wat,333.0463704
41,Sample_S19S_0047_Wat,333.0616512
3,Sample_S19S_0047_Wat,333.0650225
41,Sample_S19S_0047_Wat,333.08277
79,Sample_S19S_0047_Wat,333.0980074
15,Sample_S19S_0047_Wat,333.1013488
11,Sample_S19S_0047_Wat,333.1191757
37,Sample_S19S_0047_Wat,333.1344131
25,Sample_S19S_0047_Wat,333.1707943
48,Sample_S19S_0047_Wat,334.0568812
19,Sample_S19S_0047_Wat,334.0780188
36,Sample_S19S_0047_Wat,334.0932769
11,Sample_S19S_0047_Wat,334.1144217
48,Sample_S19S_0047_Wat,335.004499
55,Sample_S19S_0047_Wat,335.0409093
90,Sample_S19S_0047_Wat,335.0772597
15,Sample_S19S_0047_Wat,335.0806299
54,Sample_S19S_0047_Wat,335.1136067
58,Sample_S19S_0047_Wat,335.150042
30,Sample_S19S_0047_Wat,335.1864245
23,Sample_S19S_0047_Wat,336.0361684
23,Sample_S19S_0047_Wat,336.0725571
51,Sample_S19S_0047_Wat,336.1089144
67,Sample_S19S_0047_Wat,337.0201415
63,Sample_S19S_0047_Wat,337.0564852
15,Sample_S19S_0047_Wat,337.0695448
105,Sample_S19S_0047_Wat,337.0929176
103,Sample_S19S_0047_Wat,337.1292866
51,Sample_S19S_0047_Wat,337.1656867
13,Sample_S19S_0047_Wat,338.0518396
61,Sample_S19S_0047_Wat,338.0881798
37,Sample_S19S_0047_Wat,338.1245766
75,Sample_S19S_0047_Wat,339.0357996
21,Sample_S19S_0047_Wat,339.0510159
110,Sample_S19S_0047_Wat,339.0721726
4,Sample_S19S_0047_Wat,339.0834699
115,Sample_S19S_0047_Wat,339.1085453
35,Sample_S19S_0047_Wat,339.1449816
32,Sample_S19S_0047_Wat,339.1813533
18,Sample_S19S_0047_Wat,340.0674792
48,Sample_S19S_0047_Wat,340.1038147
38,Sample_S19S_0047_Wat,340.1401964
64,Sample_S19S_0047_Wat,341.0150623
28,Sample_S19S_0047_Wat,341.0302897
76,Sample_S19S_0047_Wat,341.0514621
32,Sample_S19S_0047_Wat,341.0667303
8,Sample_S19S_0047_Wat,341.0700215
112,Sample_S19S_0047_Wat,341.0878109
12,Sample_S19S_0047_Wat,341.0990914
23,Sample_S19S_0047_Wat,341.1031062
36,Sample_S19S_0047_Wat,341.12425
48,Sample_S19S_0047_Wat,341.1606173
50,Sample_S19S_0047_Wat,342.0830768
40,Sample_S19S_0047_Wat,342.1194926
20,Sample_S19S_0047_Wat,343.0096148
64,Sample_S19S_0047_Wat,343.0307124
46,Sample_S19S_0047_Wat,343.0459579
56,Sample_S19S_0047_Wat,343.067113
17,Sample_S19S_0047_Wat,343.0823925
19,Sample_S19S_0047_Wat,343.0857039
5,Sample_S19S_0047_Wat,343.0922054
97,Sample_S19S_0047_Wat,343.1034685
41,Sample_S19S_0047_Wat,343.1187422
16,Sample_S19S_0047_Wat,343.1399075
28,Sample_S19S_0047_Wat,343.1551386
33,Sample_S19S_0047_Wat,343.1762631
46,Sample_S19S_0047_Wat,344.0623517
37,Sample_S19S_0047_Wat,344.0987606
57,Sample_S19S_0047_Wat,345.0252491
54,Sample_S19S_0047_Wat,345.0463327
70,Sample_S19S_0047_Wat,345.0616254
18,Sample_S19S_0047_Wat,345.0649742
58,Sample_S19S_0047_Wat,345.0827674
63,Sample_S19S_0047_Wat,345.0980089
9,Sample_S19S_0047_Wat,345.1013399
52,Sample_S19S_0047_Wat,345.1191373
21,Sample_S19S_0047_Wat,345.1344288
28,Sample_S19S_0047_Wat,345.1555412
44,Sample_S19S_0047_Wat,345.170772
32,Sample_S19S_0047_Wat,346.0569005
31,Sample_S19S_0047_Wat,346.07802
31,Sample_S19S_0047_Wat,346.1143644
47,Sample_S19S_0047_Wat,347.0045152
71,Sample_S19S_0047_Wat,347.0408756
20,Sample_S19S_0047_Wat,347.0442381
38,Sample_S19S_0047_Wat,347.0620279
93,Sample_S19S_0047_Wat,347.0772564
6,Sample_S19S_0047_Wat,347.0805924
25,Sample_S19S_0047_Wat,347.0903002
63,Sample_S19S_0047_Wat,347.0983726
42,Sample_S19S_0047_Wat,347.1136821
16,Sample_S19S_0047_Wat,347.1170036
21,Sample_S19S_0047_Wat,347.1348045
72,Sample_S19S_0047_Wat,347.1500262
11,Sample_S19S_0047_Wat,347.1864695
31,Sample_S19S_0047_Wat,348.0361356
17,Sample_S19S_0047_Wat,348.0572934
24,Sample_S19S_0047_Wat,348.0725611
10,Sample_S19S_0047_Wat,348.1300774
63,Sample_S19S_0047_Wat,349.0201636
4,Sample_S19S_0047_Wat,349.0598406
80,Sample_S19S_0047_Wat,349.0929209
21,Sample_S19S_0047_Wat,349.1059291
83,Sample_S19S_0047_Wat,349.129303
60,Sample_S19S_0047_Wat,349.1656793
13,Sample_S19S_0047_Wat,349.2021049
16,Sample_S19S_0047_Wat,350.0518357
16,Sample_S19S_0047_Wat,350.072928
65,Sample_S19S_0047_Wat,350.0881844
16,Sample_S19S_0047_Wat,350.1245924
75,Sample_S19S_0047_Wat,351.0357871
83,Sample_S19S_0047_Wat,351.0721501
47,Sample_S19S_0047_Wat,351.1085115
20,Sample_S19S_0047_Wat,351.121581
48,Sample_S19S_0047_Wat,351.1449775
37,Sample_S19S_0047_Wat,351.1813076
22,Sample_S19S_0047_Wat,352.0674721
53,Sample_S19S_0047_Wat,352.1038206
26,Sample_S19S_0047_Wat,352.140233
64,Sample_S19S_0047_Wat,353.0150696
30,Sample_S19S_0047_Wat,353.0303338
52,Sample_S19S_0047_Wat,353.0514753
108,Sample_S19S_0047_Wat,353.0878166
10,Sample_S19S_0047_Wat,353.1008561
76,Sample_S19S_0047_Wat,353.124233
45,Sample_S19S_0047_Wat,353.1605629
26,Sample_S19S_0047_Wat,353.1970034
1,Sample_S19S_0047_Wat,353.2003494
43,Sample_S19S_0047_Wat,354.0467104
60,Sample_S19S_0047_Wat,354.0830704
50,Sample_S19S_0047_Wat,354.1194893
60,Sample_S19S_0047_Wat,355.0306981
35,Sample_S19S_0047_Wat,355.0459559
3,Sample_S19S_0047_Wat,355.0492579
73,Sample_S19S_0047_Wat,355.0671162
5,Sample_S19S_0047_Wat,355.0824171
98,Sample_S19S_0047_Wat,355.1034699
44,Sample_S19S_0047_Wat,355.1187368
23,Sample_S19S_0047_Wat,355.1399086
38,Sample_S19S_0047_Wat,355.1762476
61,Sample_S19S_0047_Wat,356.0623586
26,Sample_S19S_0047_Wat,356.0987693
40,Sample_S19S_0047_Wat,356.1350838
48,Sample_S19S_0047_Wat,357.009976
29,Sample_S19S_0047_Wat,357.0251986
1,Sample_S19S_0047_Wat,357.0357541
59,Sample_S19S_0047_Wat,357.046323
50,Sample_S19S_0047_Wat,357.061636
4,Sample_S19S_0047_Wat,357.0649448
91,Sample_S19S_0047_Wat,357.0827228
48,Sample_S19S_0047_Wat,357.0979761
24,Sample_S19S_0047_Wat,357.1110353
94,Sample_S19S_0047_Wat,357.1191097
30,Sample_S19S_0047_Wat,357.134414
61,Sample_S19S_0047_Wat,357.1554992
48,Sample_S19S_0047_Wat,358.077999
12,Sample_S19S_0047_Wat,358.1507103
44,Sample_S19S_0047_Wat,359.0045133
11,Sample_S19S_0047_Wat,359.0256737
16,Sample_S19S_0047_Wat,359.0409252
14,Sample_S19S_0047_Wat,359.0442657
62,Sample_S19S_0047_Wat,359.0619959
58,Sample_S19S_0047_Wat,359.077285
26,Sample_S19S_0047_Wat,359.0806207
34,Sample_S19S_0047_Wat,359.0984239
49,Sample_S19S_0047_Wat,359.1347452
65,Sample_S19S_0047_Wat,359.1500213
32,Sample_S19S_0047_Wat,359.1711775
26,Sample_S19S_0047_Wat,360.0572322
33,Sample_S19S_0047_Wat,360.093678
1,Sample_S19S_0047_Wat,360.1299489
51,Sample_S19S_0047_Wat,361.0201475
49,Sample_S19S_0047_Wat,361.0412698
56,Sample_S19S_0047_Wat,361.056505
9,Sample_S19S_0047_Wat,361.0598496
19,Sample_S19S_0047_Wat,361.069538
38,Sample_S19S_0047_Wat,361.077621
73,Sample_S19S_0047_Wat,361.0929312
22,Sample_S19S_0047_Wat,361.0962708
44,Sample_S19S_0047_Wat,361.1140532
98,Sample_S19S_0047_Wat,361.1292859
30,Sample_S19S_0047_Wat,361.1423317
44,Sample_S19S_0047_Wat,361.1504109
40,Sample_S19S_0047_Wat,361.1657046
60,Sample_S19S_0047_Wat,362.0881611
17,Sample_S19S_0047_Wat,362.1093336
69,Sample_S19S_0047_Wat,363.0357881
51,Sample_S19S_0047_Wat,363.0722122
8,Sample_S19S_0047_Wat,363.0755589
89,Sample_S19S_0047_Wat,363.108539
1,Sample_S19S_0047_Wat,363.1118361
21,Sample_S19S_0047_Wat,363.1215932
37,Sample_S19S_0047_Wat,363.1449786
25,Sample_S19S_0047_Wat,363.1812892
38,Sample_S19S_0047_Wat,364.0310639
48,Sample_S19S_0047_Wat,364.0674047
17,Sample_S19S_0047_Wat,364.0885367
58,Sample_S19S_0047_Wat,364.1038292
54,Sample_S19S_0047_Wat,364.1401707
60,Sample_S19S_0047_Wat,365.015069
26,Sample_S19S_0047_Wat,365.0513776
13,Sample_S19S_0047_Wat,365.0644569
96,Sample_S19S_0047_Wat,365.0878382
29,Sample_S19S_0047_Wat,365.1008669
44,Sample_S19S_0047_Wat,365.1241727
17,Sample_S19S_0047_Wat,365.137244
20,Sample_S19S_0047_Wat,365.1606438
33,Sample_S19S_0047_Wat,365.1969623
69,Sample_S19S_0047_Wat,366.0830912
55,Sample_S19S_0047_Wat,366.1194629
61,Sample_S19S_0047_Wat,367.0306865
99,Sample_S19S_0047_Wat,367.0671094
11,Sample_S19S_0047_Wat,367.0801169
113,Sample_S19S_0047_Wat,367.1034613
20,Sample_S19S_0047_Wat,367.1165264
13,Sample_S19S_0047_Wat,367.1399195
42,Sample_S19S_0047_Wat,367.1762158
20,Sample_S19S_0047_Wat,368.0623951
74,Sample_S19S_0047_Wat,368.0987097
46,Sample_S19S_0047_Wat,368.1351331
50,Sample_S19S_0047_Wat,369.0099679
15,Sample_S19S_0047_Wat,369.0252119
51,Sample_S19S_0047_Wat,369.0463181
49,Sample_S19S_0047_Wat,369.061629
2,Sample_S19S_0047_Wat,369.0648494
85,Sample_S19S_0047_Wat,369.0827443
23,Sample_S19S_0047_Wat,369.111039
27,Sample_S19S_0047_Wat,369.1190631
56,Sample_S19S_0047_Wat,369.1555194
12,Sample_S19S_0047_Wat,369.1837969
15,Sample_S19S_0047_Wat,369.1918398
54,Sample_S19S_0047_Wat,370.0779692
34,Sample_S19S_0047_Wat,370.1507341
26,Sample_S19S_0047_Wat,371.0255725
40,Sample_S19S_0047_Wat,371.0408802
78,Sample_S19S_0047_Wat,371.0620102
3,Sample_S19S_0047_Wat,371.0805043
18,Sample_S19S_0047_Wat,371.0902981
41,Sample_S19S_0047_Wat,371.0983408
47,Sample_S19S_0047_Wat,371.1136558
57,Sample_S19S_0047_Wat,371.1347918
56,Sample_S19S_0047_Wat,371.1500297
42,Sample_S19S_0047_Wat,371.171134
30,Sample_S19S_0047_Wat,372.0572277
49,Sample_S19S_0047_Wat,372.1300076
30,Sample_S19S_0047_Wat,373.0201141
6,Sample_S19S_0047_Wat,373.0331394
50,Sample_S19S_0047_Wat,373.0412407
67,Sample_S19S_0047_Wat,373.0565482
7,Sample_S19S_0047_Wat,373.0599109
35,Sample_S19S_0047_Wat,373.0776886
45,Sample_S19S_0047_Wat,373.09294
10,Sample_S19S_0047_Wat,373.0962346
29,Sample_S19S_0047_Wat,373.1059583
56,Sample_S19S_0047_Wat,373.1140108
15,Sample_S19S_0047_Wat,373.1504711
16,Sample_S19S_0047_Wat,373.1657318
8,Sample_S19S_0047_Wat,374.0729636
34,Sample_S19S_0047_Wat,374.1456527
25,Sample_S19S_0047_Wat,375.0358416
20,Sample_S19S_0047_Wat,375.0569615
70,Sample_S19S_0047_Wat,375.0721973
21,Sample_S19S_0047_Wat,375.0755416
27,Sample_S19S_0047_Wat,375.0852221
43,Sample_S19S_0047_Wat,375.0932745
5,Sample_S19S_0047_Wat,375.1118457
33,Sample_S19S_0047_Wat,375.1297066
81,Sample_S19S_0047_Wat,375.1449442
26,Sample_S19S_0047_Wat,375.1579842
30,Sample_S19S_0047_Wat,375.1812892
22,Sample_S19S_0047_Wat,376.031082
49,Sample_S19S_0047_Wat,376.0674564
22,Sample_S19S_0047_Wat,376.1249335
33,Sample_S19S_0047_Wat,377.0150486
80,Sample_S19S_0047_Wat,377.0514538
13,Sample_S19S_0047_Wat,377.0548048
64,Sample_S19S_0047_Wat,377.0877952
5,Sample_S19S_0047_Wat,377.0911145
20,Sample_S19S_0047_Wat,377.100823
97,Sample_S19S_0047_Wat,377.1241915
25,Sample_S19S_0047_Wat,377.1372608
56,Sample_S19S_0047_Wat,377.1606102
15,Sample_S19S_0047_Wat,377.1735945
21,Sample_S19S_0047_Wat,377.1969233
14,Sample_S19S_0047_Wat,378.0466478
12,Sample_S19S_0047_Wat,378.0678072
48,Sample_S19S_0047_Wat,378.0831073
64,Sample_S19S_0047_Wat,378.1194361
66,Sample_S19S_0047_Wat,379.0307221
26,Sample_S19S_0047_Wat,379.0670295
18,Sample_S19S_0047_Wat,379.0800689
110,Sample_S19S_0047_Wat,379.1034645
30,Sample_S19S_0047_Wat,379.1165229
92,Sample_S19S_0047_Wat,379.1398402
22,Sample_S19S_0047_Wat,379.1528588
60,Sample_S19S_0047_Wat,379.1762343
61,Sample_S19S_0047_Wat,380.0987084
17,Sample_S19S_0047_Wat,381.0099072
71,Sample_S19S_0047_Wat,381.0463502
31,Sample_S19S_0047_Wat,381.0826619
98,Sample_S19S_0047_Wat,381.1191186
25,Sample_S19S_0047_Wat,381.1321708
83,Sample_S19S_0047_Wat,381.1555031
31,Sample_S19S_0047_Wat,381.1918695
29,Sample_S19S_0047_Wat,382.0415806
56,Sample_S19S_0047_Wat,382.0779661
65,Sample_S19S_0047_Wat,382.1143936
12,Sample_S19S_0047_Wat,382.1507159
30,Sample_S19S_0047_Wat,383.0255766
10,Sample_S19S_0047_Wat,383.040804
43,Sample_S19S_0047_Wat,383.0619616
45,Sample_S19S_0047_Wat,383.0772634
104,Sample_S19S_0047_Wat,383.0983806
26,Sample_S19S_0047_Wat,383.1266887
30,Sample_S19S_0047_Wat,383.1347075
35,Sample_S19S_0047_Wat,383.1711132
32,Sample_S19S_0047_Wat,383.2075249
32,Sample_S19S_0047_Wat,384.0572385
61,Sample_S19S_0047_Wat,384.0936599
20,Sample_S19S_0047_Wat,385.0201172
25,Sample_S19S_0047_Wat,385.0412026
42,Sample_S19S_0047_Wat,385.0564963
1,Sample_S19S_0047_Wat,385.0597522
81,Sample_S19S_0047_Wat,385.0776412
58,Sample_S19S_0047_Wat,385.0929264
3,Sample_S19S_0047_Wat,385.0961706
37,Sample_S19S_0047_Wat,385.1139909
34,Sample_S19S_0047_Wat,385.1292595
23,Sample_S19S_0047_Wat,385.1423072
38,Sample_S19S_0047_Wat,385.1503825
46,Sample_S19S_0047_Wat,385.1656784
30,Sample_S19S_0047_Wat,385.1868285
40,Sample_S19S_0047_Wat,386.0728862
48,Sample_S19S_0047_Wat,386.1093009
33,Sample_S19S_0047_Wat,387.0205032
57,Sample_S19S_0047_Wat,387.0358113
15,Sample_S19S_0047_Wat,387.0391593
26,Sample_S19S_0047_Wat,387.0568488
16,Sample_S19S_0047_Wat,387.0721252
2,Sample_S19S_0047_Wat,387.075423
21,Sample_S19S_0047_Wat,387.0851909
27,Sample_S19S_0047_Wat,387.0932457
82,Sample_S19S_0047_Wat,387.1085636
2,Sample_S19S_0047_Wat,387.1118261
78,Sample_S19S_0047_Wat,387.1296791
18,Sample_S19S_0047_Wat,387.1579654
13,Sample_S19S_0047_Wat,387.1659841
27,Sample_S19S_0047_Wat,387.1812925
11,Sample_S19S_0047_Wat,387.19436
5,Sample_S19S_0047_Wat,388.0309868
61,Sample_S19S_0047_Wat,388.0674506
32,Sample_S19S_0047_Wat,388.1037783
43,Sample_S19S_0047_Wat,388.1249219
32,Sample_S19S_0047_Wat,389.0150297
28,Sample_S19S_0047_Wat,389.036144
53,Sample_S19S_0047_Wat,389.051417
13,Sample_S19S_0047_Wat,389.0644457
21,Sample_S19S_0047_Wat,389.0724972
77,Sample_S19S_0047_Wat,389.0878118
6,Sample_S19S_0047_Wat,389.0911204
24,Sample_S19S_0047_Wat,389.1008827
36,Sample_S19S_0047_Wat,389.108981
93,Sample_S19S_0047_Wat,389.1242045
21,Sample_S19S_0047_Wat,389.1372295
16,Sample_S19S_0047_Wat,389.1452618
29,Sample_S19S_0047_Wat,389.1605387
19,Sample_S19S_0047_Wat,389.1736085
39,Sample_S19S_0047_Wat,389.1969883
25,Sample_S19S_0047_Wat,390.0466839
72,Sample_S19S_0047_Wat,390.083092
32,Sample_S19S_0047_Wat,391.0307447
46,Sample_S19S_0047_Wat,391.0670531
6,Sample_S19S_0047_Wat,391.070384
13,Sample_S19S_0047_Wat,391.0881255
47,Sample_S19S_0047_Wat,391.1034381
50,Sample_S19S_0047_Wat,391.1398852
11,Sample_S19S_0047_Wat,391.1528412
38,Sample_S19S_0047_Wat,391.1762035
28,Sample_S19S_0047_Wat,391.212612
18,Sample_S19S_0047_Wat,392.0259958
46,Sample_S19S_0047_Wat,392.06231
69,Sample_S19S_0047_Wat,392.098752
19,Sample_S19S_0047_Wat,392.1198706
55,Sample_S19S_0047_Wat,392.1351125
17,Sample_S19S_0047_Wat,393.010021
44,Sample_S19S_0047_Wat,393.0463154
13,Sample_S19S_0047_Wat,393.0593644
80,Sample_S19S_0047_Wat,393.0827628
90,Sample_S19S_0047_Wat,393.1191285
23,Sample_S19S_0047_Wat,393.1321265
42,Sample_S19S_0047_Wat,393.1554711
21,Sample_S19S_0047_Wat,393.1919402
30,Sample_S19S_0047_Wat,394.0415806
36,Sample_S19S_0047_Wat,394.078026
8,Sample_S19S_0047_Wat,394.0991655
44,Sample_S19S_0047_Wat,394.1144108
35,Sample_S19S_0047_Wat,395.0255818
60,Sample_S19S_0047_Wat,395.0619708
52,Sample_S19S_0047_Wat,395.0984243
115,Sample_S19S_0047_Wat,395.1347697
46,Sample_S19S_0047_Wat,395.171191
12,Sample_S19S_0047_Wat,395.2075813
58,Sample_S19S_0047_Wat,396.0936653
33,Sample_S19S_0047_Wat,396.13006
48,Sample_S19S_0047_Wat,397.0412485
30,Sample_S19S_0047_Wat,397.0775828
18,Sample_S19S_0047_Wat,397.1059758
69,Sample_S19S_0047_Wat,397.1140135
85,Sample_S19S_0047_Wat,397.1504225
23,Sample_S19S_0047_Wat,397.1867602
55,Sample_S19S_0047_Wat,398.0729329
55,Sample_S19S_0047_Wat,398.1456531
31,Sample_S19S_0047_Wat,399.0205105
15,Sample_S19S_0047_Wat,399.0356696
7,Sample_S19S_0047_Wat,399.0488349
19,Sample_S19S_0047_Wat,399.0568344
34,Sample_S19S_0047_Wat,399.0721389
21,Sample_S19S_0047_Wat,399.085227
66,Sample_S19S_0047_Wat,399.0932727
21,Sample_S19S_0047_Wat,399.1086044
61,Sample_S19S_0047_Wat,399.1296635
42,Sample_S19S_0047_Wat,399.1449193
14,Sample_S19S_0047_Wat,399.1579458
3,Sample_S19S_0047_Wat,399.1659287
17,Sample_S19S_0047_Wat,400.0674729
29,Sample_S19S_0047_Wat,400.1249077
34,Sample_S19S_0047_Wat,401.0150794
26,Sample_S19S_0047_Wat,401.0362034
63,Sample_S19S_0047_Wat,401.0514549
8,Sample_S19S_0047_Wat,401.0547584
14,Sample_S19S_0047_Wat,401.0644945
25,Sample_S19S_0047_Wat,401.0725084
64,Sample_S19S_0047_Wat,401.0878209
59,Sample_S19S_0047_Wat,401.1089631
63,Sample_S19S_0047_Wat,401.1453284
61,Sample_S19S_0047_Wat,401.1605804
15,Sample_S19S_0047_Wat,401.1736033
15,Sample_S19S_0047_Wat,401.1816514
20,Sample_S19S_0047_Wat,401.1969344
23,Sample_S19S_0047_Wat,402.0466811
13,Sample_S19S_0047_Wat,402.0831391
23,Sample_S19S_0047_Wat,402.1405573
18,Sample_S19S_0047_Wat,403.0305846
9,Sample_S19S_0047_Wat,403.0437271
20,Sample_S19S_0047_Wat,403.0517845
73,Sample_S19S_0047_Wat,403.0671122
59,Sample_S19S_0047_Wat,403.0881974
67,Sample_S19S_0047_Wat,403.1034476
1,Sample_S19S_0047_Wat,403.1066431
22,Sample_S19S_0047_Wat,403.1164656
19,Sample_S19S_0047_Wat,403.1245163
83,Sample_S19S_0047_Wat,403.1398463
27,Sample_S19S_0047_Wat,403.1529106
24,Sample_S19S_0047_Wat,403.1609357
30,Sample_S19S_0047_Wat,403.1762826
29,Sample_S19S_0047_Wat,403.2126282
63,Sample_S19S_0047_Wat,404.0623618
29,Sample_S19S_0047_Wat,404.0834492
14,Sample_S19S_0047_Wat,405.0098791
70,Sample_S19S_0047_Wat,405.0463718
31,Sample_S19S_0047_Wat,405.0674473
47,Sample_S19S_0047_Wat,405.0827082
1,Sample_S19S_0047_Wat,405.0859264
6,Sample_S19S_0047_Wat,405.103722
27,Sample_S19S_0047_Wat,405.1190623
1,Sample_S19S_0047_Wat,405.1221627
31,Sample_S19S_0047_Wat,405.1321292
50,Sample_S19S_0047_Wat,405.1555362
23,Sample_S19S_0047_Wat,405.1685606
36,Sample_S19S_0047_Wat,405.1918632
22,Sample_S19S_0047_Wat,406.041642
7,Sample_S19S_0047_Wat,406.0990792
68,Sample_S19S_0047_Wat,406.1143545
26,Sample_S19S_0047_Wat,407.0255705
64,Sample_S19S_0047_Wat,407.0620299
14,Sample_S19S_0047_Wat,407.0750599
96,Sample_S19S_0047_Wat,407.0983755
15,Sample_S19S_0047_Wat,407.1113661
78,Sample_S19S_0047_Wat,407.1347505
21,Sample_S19S_0047_Wat,407.1477958
9,Sample_S19S_0047_Wat,407.1712237
16,Sample_S19S_0047_Wat,407.2075913
69,Sample_S19S_0047_Wat,408.0936661
74,Sample_S19S_0047_Wat,408.1300077
31,Sample_S19S_0047_Wat,409.0412228
26,Sample_S19S_0047_Wat,409.07757
10,Sample_S19S_0047_Wat,409.0905208
91,Sample_S19S_0047_Wat,409.1140221
16,Sample_S19S_0047_Wat,409.1270356
91,Sample_S19S_0047_Wat,409.1504235
9,Sample_S19S_0047_Wat,409.1787026
15,Sample_S19S_0047_Wat,409.1867344
29,Sample_S19S_0047_Wat,409.2231724
58,Sample_S19S_0047_Wat,410.0729191
15,Sample_S19S_0047_Wat,410.1092388
56,Sample_S19S_0047_Wat,410.1456867
32,Sample_S19S_0047_Wat,411.0205049
8,Sample_S19S_0047_Wat,411.0357156
21,Sample_S19S_0047_Wat,411.0568579
75,Sample_S19S_0047_Wat,411.0933142
81,Sample_S19S_0047_Wat,411.1296933
28,Sample_S19S_0047_Wat,411.1579879
46,Sample_S19S_0047_Wat,411.1660419
3,Sample_S19S_0047_Wat,411.2022993
24,Sample_S19S_0047_Wat,412.0521769
39,Sample_S19S_0047_Wat,412.0885256
54,Sample_S19S_0047_Wat,412.1249118
19,Sample_S19S_0047_Wat,413.0150329
31,Sample_S19S_0047_Wat,413.0361429
4,Sample_S19S_0047_Wat,413.0513424
11,Sample_S19S_0047_Wat,413.06446
8,Sample_S19S_0047_Wat,413.072442
38,Sample_S19S_0047_Wat,413.087795
25,Sample_S19S_0047_Wat,413.1008794
82,Sample_S19S_0047_Wat,413.1089345
59,Sample_S19S_0047_Wat,413.12421
19,Sample_S19S_0047_Wat,413.1372735
23,Sample_S19S_0047_Wat,413.1452768
7,Sample_S19S_0047_Wat,413.1605228
19,Sample_S19S_0047_Wat,413.1736056
12,Sample_S19S_0047_Wat,413.1816156
17,Sample_S19S_0047_Wat,415.0153981
24,Sample_S19S_0047_Wat,415.0306688
25,Sample_S19S_0047_Wat,415.0518724
6,Sample_S19S_0047_Wat,415.0671726
9,Sample_S19S_0047_Wat,415.0704085
9,Sample_S19S_0047_Wat,415.080159
59,Sample_S19S_0047_Wat,415.0881916
60,Sample_S19S_0047_Wat,415.1034568
22,Sample_S19S_0047_Wat,415.1164835
29,Sample_S19S_0047_Wat,415.1245406
19,Sample_S19S_0047_Wat,415.1529316
52,Sample_S19S_0047_Wat,415.1609859
8,Sample_S19S_0047_Wat,415.1763155
8,Sample_S19S_0047_Wat,415.2125416
27,Sample_S19S_0047_Wat,416.0623295
36,Sample_S19S_0047_Wat,417.009975
28,Sample_S19S_0047_Wat,417.0310977
44,Sample_S19S_0047_Wat,417.0463346
11,Sample_S19S_0047_Wat,417.0593749
19,Sample_S19S_0047_Wat,417.0674105
24,Sample_S19S_0047_Wat,417.0826722
2,Sample_S19S_0047_Wat,417.085967
16,Sample_S19S_0047_Wat,417.0957124
22,Sample_S19S_0047_Wat,417.1037889
78,Sample_S19S_0047_Wat,417.1191101
1,Sample_S19S_0047_Wat,417.1223013
35,Sample_S19S_0047_Wat,417.1321667
37,Sample_S19S_0047_Wat,417.1402188
72,Sample_S19S_0047_Wat,417.1555165
33,Sample_S19S_0047_Wat,417.1685514
13,Sample_S19S_0047_Wat,418.0416648
49,Sample_S19S_0047_Wat,418.0779721
16,Sample_S19S_0047_Wat,418.1144292
33,Sample_S19S_0047_Wat,419.0256123
40,Sample_S19S_0047_Wat,419.0619721
9,Sample_S19S_0047_Wat,419.0829959
16,Sample_S19S_0047_Wat,419.0982983
5,Sample_S19S_0047_Wat,419.1113471
8,Sample_S19S_0047_Wat,419.1194106
90,Sample_S19S_0047_Wat,419.1347745
21,Sample_S19S_0047_Wat,419.1478319
44,Sample_S19S_0047_Wat,419.1711927
24,Sample_S19S_0047_Wat,419.1842051
39,Sample_S19S_0047_Wat,419.207525
48,Sample_S19S_0047_Wat,420.0572817
50,Sample_S19S_0047_Wat,421.0412704
23,Sample_S19S_0047_Wat,421.0777047
19,Sample_S19S_0047_Wat,421.0906648
98,Sample_S19S_0047_Wat,421.1140346
14,Sample_S19S_0047_Wat,421.1270174
84,Sample_S19S_0047_Wat,421.1504292
1,Sample_S19S_0047_Wat,421.1552081
17,Sample_S19S_0047_Wat,421.1634511
20,Sample_S19S_0047_Wat,421.1868654
2,Sample_S19S_0047_Wat,421.2232692
1,Sample_S19S_0047_Wat,421.2265386
4,Sample_S19S_0047_Wat,422.0364426
48,Sample_S19S_0047_Wat,422.0728802
30,Sample_S19S_0047_Wat,422.1093338
22,Sample_S19S_0047_Wat,423.0205894
56,Sample_S19S_0047_Wat,423.0569089
28,Sample_S19S_0047_Wat,423.093231
3,Sample_S19S_0047_Wat,423.1061645
100,Sample_S19S_0047_Wat,423.1296813
15,Sample_S19S_0047_Wat,423.1426961
32,Sample_S19S_0047_Wat,423.1661225
42,Sample_S19S_0047_Wat,423.2024382
17,Sample_S19S_0047_Wat,424.0522173
1,Sample_S19S_0047_Wat,424.0886497
39,Sample_S19S_0047_Wat,424.1249783
50,Sample_S19S_0047_Wat,425.0361852
13,Sample_S19S_0047_Wat,425.0513214
17,Sample_S19S_0047_Wat,425.0724714
17,Sample_S19S_0047_Wat,425.1008972
52,Sample_S19S_0047_Wat,425.1089252
17,Sample_S19S_0047_Wat,425.1453873
42,Sample_S19S_0047_Wat,425.1816982
56,Sample_S19S_0047_Wat,426.1405881
48,Sample_S19S_0047_Wat,426.1769689
20,Sample_S19S_0047_Wat,427.0154789
17,Sample_S19S_0047_Wat,427.0307487
22,Sample_S19S_0047_Wat,427.0518808
13,Sample_S19S_0047_Wat,427.0669702
10,Sample_S19S_0047_Wat,427.0801714
45,Sample_S19S_0047_Wat,427.088175
39,Sample_S19S_0047_Wat,427.1035014
18,Sample_S19S_0047_Wat,427.1165345
74,Sample_S19S_0047_Wat,427.1245871
4,Sample_S19S_0047_Wat,427.1399769
4,Sample_S19S_0047_Wat,427.1610597
2,Sample_S19S_0047_Wat,427.1763557
29,Sample_S19S_0047_Wat,427.1973395
29,Sample_S19S_0047_Wat,428.1562791
9,Sample_S19S_0047_Wat,428.1925676
13,Sample_S19S_0047_Wat,429.0099567
30,Sample_S19S_0047_Wat,429.0310878
30,Sample_S19S_0047_Wat,429.0463286
48,Sample_S19S_0047_Wat,429.067488
2,Sample_S19S_0047_Wat,429.0829209
10,Sample_S19S_0047_Wat,429.0861392
7,Sample_S19S_0047_Wat,429.1039457
3,Sample_S19S_0047_Wat,429.1192381
8,Sample_S19S_0047_Wat,429.1224523
63,Sample_S19S_0047_Wat,429.1402424
27,Sample_S19S_0047_Wat,429.1555582
26,Sample_S19S_0047_Wat,429.1685491
21,Sample_S19S_0047_Wat,429.1765924
39,Sample_S19S_0047_Wat,429.1919036
20,Sample_S19S_0047_Wat,430.0416122
20,Sample_S19S_0047_Wat,430.0627483
10,Sample_S19S_0047_Wat,430.0780537
34,Sample_S19S_0047_Wat,430.0991542
44,Sample_S19S_0047_Wat,430.1354817
24,Sample_S19S_0047_Wat,431.0256563
9,Sample_S19S_0047_Wat,431.04681
67,Sample_S19S_0047_Wat,431.0620177
46,Sample_S19S_0047_Wat,431.083125
73,Sample_S19S_0047_Wat,431.098388
21,Sample_S19S_0047_Wat,431.1113826
26,Sample_S19S_0047_Wat,431.1194411
30,Sample_S19S_0047_Wat,431.1347291
21,Sample_S19S_0047_Wat,431.1477957
19,Sample_S19S_0047_Wat,431.1558407
34,Sample_S19S_0047_Wat,431.1711879
16,Sample_S19S_0047_Wat,431.2076023
8,Sample_S19S_0047_Wat,432.0573233
73,Sample_S19S_0047_Wat,432.093661
49,Sample_S19S_0047_Wat,433.0412948
2,Sample_S19S_0047_Wat,433.0543356
24,Sample_S19S_0047_Wat,433.0624271
73,Sample_S19S_0047_Wat,433.077665
17,Sample_S19S_0047_Wat,433.0906617
15,Sample_S19S_0047_Wat,433.0986887
25,Sample_S19S_0047_Wat,433.1139658
3,Sample_S19S_0047_Wat,433.1269982
3,Sample_S19S_0047_Wat,433.13501
30,Sample_S19S_0047_Wat,433.1503758
26,Sample_S19S_0047_Wat,433.1634586
39,Sample_S19S_0047_Wat,433.1868494
30,Sample_S19S_0047_Wat,433.223189
10,Sample_S19S_0047_Wat,434.072975
16,Sample_S19S_0047_Wat,434.1093421
15,Sample_S19S_0047_Wat,435.0204588
47,Sample_S19S_0047_Wat,435.0569041
18,Sample_S19S_0047_Wat,435.0698968
77,Sample_S19S_0047_Wat,435.093324
17,Sample_S19S_0047_Wat,435.1062764
29,Sample_S19S_0047_Wat,435.1296329
4,Sample_S19S_0047_Wat,435.1426364
26,Sample_S19S_0047_Wat,435.1659973
11,Sample_S19S_0047_Wat,435.1790631
49,Sample_S19S_0047_Wat,435.2024665
5,Sample_S19S_0047_Wat,435.238903
20,Sample_S19S_0047_Wat,436.0521427
21,Sample_S19S_0047_Wat,436.0886111
4,Sample_S19S_0047_Wat,436.1250197
38,Sample_S19S_0047_Wat,437.0361523
26,Sample_S19S_0047_Wat,437.072483
24,Sample_S19S_0047_Wat,437.1088959
2,Sample_S19S_0047_Wat,437.1219003
59,Sample_S19S_0047_Wat,437.1453651
19,Sample_S19S_0047_Wat,437.158378
1,Sample_S19S_0047_Wat,437.1737814
50,Sample_S19S_0047_Wat,437.1817485
11,Sample_S19S_0047_Wat,437.2180272
17,Sample_S19S_0047_Wat,438.0678822
65,Sample_S19S_0047_Wat,438.1405683
10,Sample_S19S_0047_Wat,439.0153758
3,Sample_S19S_0047_Wat,439.030563
19,Sample_S19S_0047_Wat,439.051737
69,Sample_S19S_0047_Wat,439.0882098
82,Sample_S19S_0047_Wat,439.1246064
17,Sample_S19S_0047_Wat,439.1529344
31,Sample_S19S_0047_Wat,439.1609425
20,Sample_S19S_0047_Wat,439.1892886
18,Sample_S19S_0047_Wat,439.1973056
40,Sample_S19S_0047_Wat,440.0834468
31,Sample_S19S_0047_Wat,440.1198163
9,Sample_S19S_0047_Wat,441.0098592
17,Sample_S19S_0047_Wat,441.0310268
14,Sample_S19S_0047_Wat,441.0462365
5,Sample_S19S_0047_Wat,441.0593601
36,Sample_S19S_0047_Wat,441.0674409
36,Sample_S19S_0047_Wat,441.0827166
36,Sample_S19S_0047_Wat,441.1039049
16,Sample_S19S_0047_Wat,441.1191742
53,Sample_S19S_0047_Wat,441.1402285
12,Sample_S19S_0047_Wat,441.1554489
18,Sample_S19S_0047_Wat,441.168514
23,Sample_S19S_0047_Wat,441.1765589
12,Sample_S19S_0047_Wat,441.2049192
10,Sample_S19S_0047_Wat,441.2129575
13,Sample_S19S_0047_Wat,442.0990637
19,Sample_S19S_0047_Wat,442.135461
19,Sample_S19S_0047_Wat,443.0255061
7,Sample_S19S_0047_Wat,443.0385296
19,Sample_S19S_0047_Wat,443.0466588
18,Sample_S19S_0047_Wat,443.061884
14,Sample_S19S_0047_Wat,443.0749837
34,Sample_S19S_0047_Wat,443.0830557
37,Sample_S19S_0047_Wat,443.0984287
3,Sample_S19S_0047_Wat,443.1016577
19,Sample_S19S_0047_Wat,443.1114516
64,Sample_S19S_0047_Wat,443.119518
5,Sample_S19S_0047_Wat,443.1348538
5,Sample_S19S_0047_Wat,443.1380667
22,Sample_S19S_0047_Wat,443.1478565
54,Sample_S19S_0047_Wat,443.1558944
28,Sample_S19S_0047_Wat,443.1711201
22,Sample_S19S_0047_Wat,443.1841796
15,Sample_S19S_0047_Wat,443.1922057
42,Sample_S19S_0047_Wat,444.0572726
12,Sample_S19S_0047_Wat,445.0048403
22,Sample_S19S_0047_Wat,445.0260024
39,Sample_S19S_0047_Wat,445.0412697
40,Sample_S19S_0047_Wat,445.0623769
34,Sample_S19S_0047_Wat,445.0776178
12,Sample_S19S_0047_Wat,445.0986624
4,Sample_S19S_0047_Wat,445.1083593
17,Sample_S19S_0047_Wat,445.1139537
18,Sample_S19S_0047_Wat,445.127011
10,Sample_S19S_0047_Wat,445.1350548
37,Sample_S19S_0047_Wat,445.1503907
33,Sample_S19S_0047_Wat,445.1634705
40,Sample_S19S_0047_Wat,445.1715289
40,Sample_S19S_0047_Wat,445.1868428
29,Sample_S19S_0047_Wat,445.223207
15,Sample_S19S_0047_Wat,446.0364887
15,Sample_S19S_0047_Wat,446.0728598
2,Sample_S19S_0047_Wat,446.0939418
50,Sample_S19S_0047_Wat,446.1092739
16,Sample_S19S_0047_Wat,447.0204695
10,Sample_S19S_0047_Wat,447.056785
7,Sample_S19S_0047_Wat,447.0698296
6,Sample_S19S_0047_Wat,447.0779114
14,Sample_S19S_0047_Wat,447.09323
16,Sample_S19S_0047_Wat,447.114388
78,Sample_S19S_0047_Wat,447.1297048
28,Sample_S19S_0047_Wat,447.1427418
74,Sample_S19S_0047_Wat,447.1660641
19,Sample_S19S_0047_Wat,447.179104
16,Sample_S19S_0047_Wat,447.2023724
6,Sample_S19S_0047_Wat,448.0520882
63,Sample_S19S_0047_Wat,448.088573
20,Sample_S19S_0047_Wat,448.1096972
18,Sample_S19S_0047_Wat,449.0360637
22,Sample_S19S_0047_Wat,449.0724952
19,Sample_S19S_0047_Wat,449.0855556
91,Sample_S19S_0047_Wat,449.1089599
80,Sample_S19S_0047_Wat,449.1453221
24,Sample_S19S_0047_Wat,449.1583358
25,Sample_S19S_0047_Wat,449.1816462
13,Sample_S19S_0047_Wat,449.2180299
12,Sample_S19S_0047_Wat,451.0153576
18,Sample_S19S_0047_Wat,451.0517204
34,Sample_S19S_0047_Wat,451.0881744
61,Sample_S19S_0047_Wat,451.124616
18,Sample_S19S_0047_Wat,451.1376081
1,Sample_S19S_0047_Wat,451.1530256
36,Sample_S19S_0047_Wat,451.1609528
5,Sample_S19S_0047_Wat,451.1739524
10,Sample_S19S_0047_Wat,451.189303
8,Sample_S19S_0047_Wat,451.1972791
15,Sample_S19S_0047_Wat,452.1199139
28,Sample_S19S_0047_Wat,453.0310814
9,Sample_S19S_0047_Wat,453.0462824
23,Sample_S19S_0047_Wat,453.0673983
15,Sample_S19S_0047_Wat,453.1037558
17,Sample_S19S_0047_Wat,453.1321972
40,Sample_S19S_0047_Wat,453.140211
2,Sample_S19S_0047_Wat,453.1686448
62,Sample_S19S_0047_Wat,453.1766436
10,Sample_S19S_0047_Wat,453.2049759
32,Sample_S19S_0047_Wat,454.0627542
14,Sample_S19S_0047_Wat,455.025566
43,Sample_S19S_0047_Wat,455.0467468
44,Sample_S19S_0047_Wat,455.0620251
48,Sample_S19S_0047_Wat,455.0831528
44,Sample_S19S_0047_Wat,455.0984121
16,Sample_S19S_0047_Wat,455.111472
39,Sample_S19S_0047_Wat,455.1194736
2,Sample_S19S_0047_Wat,455.1290278
7,Sample_S19S_0047_Wat,455.1346803
21,Sample_S19S_0047_Wat,455.14777
14,Sample_S19S_0047_Wat,455.1558023
1,Sample_S19S_0047_Wat,455.1654128
15,Sample_S19S_0047_Wat,455.1841535
14,Sample_S19S_0047_Wat,455.1921775
16,Sample_S19S_0047_Wat,455.2205892
12,Sample_S19S_0047_Wat,457.0049305
6,Sample_S19S_0047_Wat,457.0260917
33,Sample_S19S_0047_Wat,457.0412916
39,Sample_S19S_0047_Wat,457.0624071
16,Sample_S19S_0047_Wat,457.0776174
11,Sample_S19S_0047_Wat,457.0906483
19,Sample_S19S_0047_Wat,457.0986905
21,Sample_S19S_0047_Wat,457.1139922
10,Sample_S19S_0047_Wat,457.1270095
18,Sample_S19S_0047_Wat,457.1350642
3,Sample_S19S_0047_Wat,457.1447412
18,Sample_S19S_0047_Wat,457.150377
21,Sample_S19S_0047_Wat,457.1634444
26,Sample_S19S_0047_Wat,457.1715231
50,Sample_S19S_0047_Wat,457.1868094
11,Sample_S19S_0047_Wat,457.1998933
31,Sample_S19S_0047_Wat,457.2079257
34,Sample_S19S_0047_Wat,458.0729028
33,Sample_S19S_0047_Wat,458.1093241
22,Sample_S19S_0047_Wat,459.0205561
23,Sample_S19S_0047_Wat,459.0416602
25,Sample_S19S_0047_Wat,459.0568713
10,Sample_S19S_0047_Wat,459.069913
22,Sample_S19S_0047_Wat,459.0779746
19,Sample_S19S_0047_Wat,459.0932353
19,Sample_S19S_0047_Wat,459.1062882
26,Sample_S19S_0047_Wat,459.1143457
55,Sample_S19S_0047_Wat,459.1296693
29,Sample_S19S_0047_Wat,459.142719
42,Sample_S19S_0047_Wat,459.1661042
21,Sample_S19S_0047_Wat,459.2025048
12,Sample_S19S_0047_Wat,459.2387931
4,Sample_S19S_0047_Wat,460.0521036
52,Sample_S19S_0047_Wat,460.0885829
43,Sample_S19S_0047_Wat,460.1249704
35,Sample_S19S_0047_Wat,461.036196
28,Sample_S19S_0047_Wat,461.0572822
25,Sample_S19S_0047_Wat,461.0725007
11,Sample_S19S_0047_Wat,461.0855391
7,Sample_S19S_0047_Wat,461.0935699
12,Sample_S19S_0047_Wat,461.1088271
4,Sample_S19S_0047_Wat,461.1218899
11,Sample_S19S_0047_Wat,461.1299458
3,Sample_S19S_0047_Wat,461.1396751
22,Sample_S19S_0047_Wat,461.1452647
23,Sample_S19S_0047_Wat,461.1583343
38,Sample_S19S_0047_Wat,461.1817537
10,Sample_S19S_0047_Wat,461.1948089
24,Sample_S19S_0047_Wat,461.218132
6,Sample_S19S_0047_Wat,461.2544198
27,Sample_S19S_0047_Wat,462.067799
19,Sample_S19S_0047_Wat,462.1042629
11,Sample_S19S_0047_Wat,463.015396
47,Sample_S19S_0047_Wat,463.0518315
46,Sample_S19S_0047_Wat,463.0881954
4,Sample_S19S_0047_Wat,463.1189274
15,Sample_S19S_0047_Wat,463.124491
3,Sample_S19S_0047_Wat,463.1375144
7,Sample_S19S_0047_Wat,463.1608564
8,Sample_S19S_0047_Wat,463.1739081
18,Sample_S19S_0047_Wat,463.1972938
30,Sample_S19S_0047_Wat,463.2337601
17,Sample_S19S_0047_Wat,465.0310055
15,Sample_S19S_0047_Wat,465.06738
33,Sample_S19S_0047_Wat,465.1038259
20,Sample_S19S_0047_Wat,465.1168704
23,Sample_S19S_0047_Wat,465.1532935
5,Sample_S19S_0047_Wat,465.1686035
61,Sample_S19S_0047_Wat,465.1766182
14,Sample_S19S_0047_Wat,465.2129596
50,Sample_S19S_0047_Wat,466.1355201
9,Sample_S19S_0047_Wat,467.0102613
42,Sample_S19S_0047_Wat,467.0467531
53,Sample_S19S_0047_Wat,467.0831629
51,Sample_S19S_0047_Wat,467.1195422
24,Sample_S19S_0047_Wat,467.1478261
31,Sample_S19S_0047_Wat,467.1558326
22,Sample_S19S_0047_Wat,467.184209
10,Sample_S19S_0047_Wat,467.1921933
20,Sample_S19S_0047_Wat,467.2286363
26,Sample_S19S_0047_Wat,468.1147294
13,Sample_S19S_0047_Wat,469.0260039
24,Sample_S19S_0047_Wat,469.0412947
37,Sample_S19S_0047_Wat,469.062394
9,Sample_S19S_0047_Wat,469.0776006
23,Sample_S19S_0047_Wat,469.0986993
21,Sample_S19S_0047_Wat,469.1270251
15,Sample_S19S_0047_Wat,469.1350525
7,Sample_S19S_0047_Wat,469.1503074
8,Sample_S19S_0047_Wat,469.1633964
1,Sample_S19S_0047_Wat,469.1811109
18,Sample_S19S_0047_Wat,469.199861
21,Sample_S19S_0047_Wat,469.2078959
12,Sample_S19S_0047_Wat,470.0728507
20,Sample_S19S_0047_Wat,471.0205509
15,Sample_S19S_0047_Wat,471.0416901
38,Sample_S19S_0047_Wat,471.0569384
8,Sample_S19S_0047_Wat,471.069939
36,Sample_S19S_0047_Wat,471.0780166
17,Sample_S19S_0047_Wat,471.093255
17,Sample_S19S_0047_Wat,471.106291
6,Sample_S19S_0047_Wat,471.1295835
10,Sample_S19S_0047_Wat,471.1426129
11,Sample_S19S_0047_Wat,471.1506882
8,Sample_S19S_0047_Wat,471.16598
21,Sample_S19S_0047_Wat,471.1790652
21,Sample_S19S_0047_Wat,471.1871307
13,Sample_S19S_0047_Wat,471.2024048
13,Sample_S19S_0047_Wat,471.2155389
21,Sample_S19S_0047_Wat,473.0361823
11,Sample_S19S_0047_Wat,473.0573502
40,Sample_S19S_0047_Wat,473.0726032
34,Sample_S19S_0047_Wat,473.0937108
62,Sample_S19S_0047_Wat,473.1089772
23,Sample_S19S_0047_Wat,473.121993
18,Sample_S19S_0047_Wat,473.1300234
5,Sample_S19S_0047_Wat,473.139667
22,Sample_S19S_0047_Wat,473.1452829
9,Sample_S19S_0047_Wat,473.1582831
13,Sample_S19S_0047_Wat,473.1663521
2,Sample_S19S_0047_Wat,473.1760299
23,Sample_S19S_0047_Wat,473.1816622
11,Sample_S19S_0047_Wat,473.2027392
29,Sample_S19S_0047_Wat,473.2180738
30,Sample_S19S_0047_Wat,474.067818
2,Sample_S19S_0047_Wat,475.0152769
15,Sample_S19S_0047_Wat,475.0517049
9,Sample_S19S_0047_Wat,475.0648516
16,Sample_S19S_0047_Wat,475.0728791
27,Sample_S19S_0047_Wat,475.0881586
14,Sample_S19S_0047_Wat,475.1012806
15,Sample_S19S_0047_Wat,475.1092833
63,Sample_S19S_0047_Wat,475.1245966
26,Sample_S19S_0047_Wat,475.1376596
63,Sample_S19S_0047_Wat,475.1609843
22,Sample_S19S_0047_Wat,475.1739813
14,Sample_S19S_0047_Wat,475.1973043
3,Sample_S19S_0047_Wat,475.2336051
7,Sample_S19S_0047_Wat,476.0833408
35,Sample_S19S_0047_Wat,477.0311319
49,Sample_S19S_0047_Wat,477.0674882
3,Sample_S19S_0047_Wat,477.0805777
1,Sample_S19S_0047_Wat,477.0981716
18,Sample_S19S_0047_Wat,477.1037802
18,Sample_S19S_0047_Wat,477.1168599
5,Sample_S19S_0047_Wat,477.1401075
8,Sample_S19S_0047_Wat,477.1531747
14,Sample_S19S_0047_Wat,477.1765167
5,Sample_S19S_0047_Wat,477.1895617
37,Sample_S19S_0047_Wat,477.2130039
62,Sample_S19S_0047_Wat,478.0991507
8,Sample_S19S_0047_Wat,479.0102478
6,Sample_S19S_0047_Wat,479.0466033
16,Sample_S19S_0047_Wat,479.0830028
35,Sample_S19S_0047_Wat,479.1194663
18,Sample_S19S_0047_Wat,479.1325629
67,Sample_S19S_0047_Wat,479.1559168
1,Sample_S19S_0047_Wat,479.1843315
48,Sample_S19S_0047_Wat,479.1923063
13,Sample_S19S_0047_Wat,479.2286027
8,Sample_S19S_0047_Wat,481.025885
23,Sample_S19S_0047_Wat,481.0623379
51,Sample_S19S_0047_Wat,481.0987747
68,Sample_S19S_0047_Wat,481.1351677
16,Sample_S19S_0047_Wat,481.1634867
43,Sample_S19S_0047_Wat,481.1715313
16,Sample_S19S_0047_Wat,481.199847
16,Sample_S19S_0047_Wat,481.2078283
5,Sample_S19S_0047_Wat,482.1302914
17,Sample_S19S_0047_Wat,483.0415833
17,Sample_S19S_0047_Wat,483.0568081
30,Sample_S19S_0047_Wat,483.0780208
46,Sample_S19S_0047_Wat,483.1144642
21,Sample_S19S_0047_Wat,483.1297323
31,Sample_S19S_0047_Wat,483.1508531
17,Sample_S19S_0047_Wat,483.1660394
15,Sample_S19S_0047_Wat,483.1791639
26,Sample_S19S_0047_Wat,483.1871699
11,Sample_S19S_0047_Wat,483.2234722
10,Sample_S19S_0047_Wat,484.1459881
11,Sample_S19S_0047_Wat,485.057196
17,Sample_S19S_0047_Wat,485.0724465
11,Sample_S19S_0047_Wat,485.0855526
27,Sample_S19S_0047_Wat,485.0936172
15,Sample_S19S_0047_Wat,485.1220307
45,Sample_S19S_0047_Wat,485.1300644
23,Sample_S19S_0047_Wat,485.1453846
18,Sample_S19S_0047_Wat,485.1584131
35,Sample_S19S_0047_Wat,485.1664901
2,Sample_S19S_0047_Wat,485.1760615
40,Sample_S19S_0047_Wat,485.181737
2,Sample_S19S_0047_Wat,485.2310607
12,Sample_S19S_0047_Wat,487.0154217
16,Sample_S19S_0047_Wat,487.0365498
19,Sample_S19S_0047_Wat,487.051792
3,Sample_S19S_0047_Wat,487.0648683
21,Sample_S19S_0047_Wat,487.072871
10,Sample_S19S_0047_Wat,487.088118
13,Sample_S19S_0047_Wat,487.1011949
9,Sample_S19S_0047_Wat,487.1092152
11,Sample_S19S_0047_Wat,487.1244947
18,Sample_S19S_0047_Wat,487.1375846
51,Sample_S19S_0047_Wat,487.1609704
20,Sample_S19S_0047_Wat,487.1740711
29,Sample_S19S_0047_Wat,487.18211
31,Sample_S19S_0047_Wat,487.1974177
3,Sample_S19S_0047_Wat,487.2104698
18,Sample_S19S_0047_Wat,487.2337958
11,Sample_S19S_0047_Wat,489.0310445
12,Sample_S19S_0047_Wat,489.0522438
47,Sample_S19S_0047_Wat,489.067487
23,Sample_S19S_0047_Wat,489.0886429
30,Sample_S19S_0047_Wat,489.1039118
30,Sample_S19S_0047_Wat,489.1249814
27,Sample_S19S_0047_Wat,489.1402055
17,Sample_S19S_0047_Wat,489.1532671
10,Sample_S19S_0047_Wat,489.1612651
1,Sample_S19S_0047_Wat,489.1708695
10,Sample_S19S_0047_Wat,489.1765226
5,Sample_S19S_0047_Wat,489.1895365
6,Sample_S19S_0047_Wat,489.2128864
5,Sample_S19S_0047_Wat,489.2492677
15,Sample_S19S_0047_Wat,490.0990621
2,Sample_S19S_0047_Wat,490.1201406
17,Sample_S19S_0047_Wat,491.0466906
21,Sample_S19S_0047_Wat,491.0830123
7,Sample_S19S_0047_Wat,491.1193786
15,Sample_S19S_0047_Wat,491.1325378
25,Sample_S19S_0047_Wat,491.1558203
20,Sample_S19S_0047_Wat,491.1689084
51,Sample_S19S_0047_Wat,491.1922945
7,Sample_S19S_0047_Wat,491.2287423
15,Sample_S19S_0047_Wat,491.2650776
43,Sample_S19S_0047_Wat,492.1147512
12,Sample_S19S_0047_Wat,493.0259042
3,Sample_S19S_0047_Wat,493.0411327
15,Sample_S19S_0047_Wat,493.0622921
24,Sample_S19S_0047_Wat,493.098712
68,Sample_S19S_0047_Wat,493.1351653
48,Sample_S19S_0047_Wat,493.1715856
1,Sample_S19S_0047_Wat,494.0574822
17,Sample_S19S_0047_Wat,495.0415683
6,Sample_S19S_0047_Wat,495.0568418
40,Sample_S19S_0047_Wat,495.0780179
42,Sample_S19S_0047_Wat,495.1144449
7,Sample_S19S_0047_Wat,495.1427989
54,Sample_S19S_0047_Wat,495.1507984
19,Sample_S19S_0047_Wat,495.1791573
7,Sample_S19S_0047_Wat,495.2154488
22,Sample_S19S_0047_Wat,497.0572968
30,Sample_S19S_0047_Wat,497.0725711
13,Sample_S19S_0047_Wat,497.0937782
13,Sample_S19S_0047_Wat,497.1301476
24,Sample_S19S_0047_Wat,497.1947705
3,Sample_S19S_0047_Wat,497.2310629
11,Sample_S19S_0047_Wat,498.1253978
1,Sample_S19S_0047_Wat,498.206115
3,Sample_S19S_0047_Wat,499.0152537
7,Sample_S19S_0047_Wat,499.036451
8,Sample_S19S_0047_Wat,499.0516924
19,Sample_S19S_0047_Wat,499.0728848
36,Sample_S19S_0047_Wat,499.1093112
44,Sample_S19S_0047_Wat,499.1246232
11,Sample_S19S_0047_Wat,499.1377212
44,Sample_S19S_0047_Wat,499.1457371
4,Sample_S19S_0047_Wat,499.1553132
14,Sample_S19S_0047_Wat,499.1610424
21,Sample_S19S_0047_Wat,499.1740741
32,Sample_S19S_0047_Wat,499.1973555
21,Sample_S19S_0047_Wat,499.2104255
14,Sample_S19S_0047_Wat,499.2184243
11,Sample_S19S_0047_Wat,501.0310269
10,Sample_S19S_0047_Wat,501.0521674
22,Sample_S19S_0047_Wat,501.0673678
12,Sample_S19S_0047_Wat,501.0885018
12,Sample_S19S_0047_Wat,501.1037301
13,Sample_S19S_0047_Wat,501.116864
7,Sample_S19S_0047_Wat,501.1248479
19,Sample_S19S_0047_Wat,501.1401768
30,Sample_S19S_0047_Wat,501.1532967
17,Sample_S19S_0047_Wat,501.1612956
44,Sample_S19S_0047_Wat,501.1766253
28,Sample_S19S_0047_Wat,501.1896846
27,Sample_S19S_0047_Wat,501.2130646
11,Sample_S19S_0047_Wat,503.01033
15,Sample_S19S_0047_Wat,503.0468089
4,Sample_S19S_0047_Wat,503.0679918
4,Sample_S19S_0047_Wat,503.0832459
18,Sample_S19S_0047_Wat,503.1042984
56,Sample_S19S_0047_Wat,503.1195309
5,Sample_S19S_0047_Wat,503.1326318
2,Sample_S19S_0047_Wat,503.1502092
24,Sample_S19S_0047_Wat,503.1558462
13,Sample_S19S_0047_Wat,503.1921795
3,Sample_S19S_0047_Wat,503.2051842
13,Sample_S19S_0047_Wat,503.2285615
5,Sample_S19S_0047_Wat,503.2649518
9,Sample_S19S_0047_Wat,504.1722947
7,Sample_S19S_0047_Wat,505.0259469
10,Sample_S19S_0047_Wat,505.0622503
18,Sample_S19S_0047_Wat,505.098662
15,Sample_S19S_0047_Wat,505.1350781
3,Sample_S19S_0047_Wat,505.1482794
60,Sample_S19S_0047_Wat,505.1715425
29,Sample_S19S_0047_Wat,505.2079802
26,Sample_S19S_0047_Wat,505.2443315
12,Sample_S19S_0047_Wat,507.0415912
31,Sample_S19S_0047_Wat,507.0780238
48,Sample_S19S_0047_Wat,507.1144464
58,Sample_S19S_0047_Wat,507.1508255
10,Sample_S19S_0047_Wat,509.036191
12,Sample_S19S_0047_Wat,509.0573918
13,Sample_S19S_0047_Wat,509.0726169
38,Sample_S19S_0047_Wat,509.0937287
40,Sample_S19S_0047_Wat,509.1300451
12,Sample_S19S_0047_Wat,509.1583575
12,Sample_S19S_0047_Wat,509.1947371
10,Sample_S19S_0047_Wat,509.2311267
9,Sample_S19S_0047_Wat,511.0366348
17,Sample_S19S_0047_Wat,511.0518749
37,Sample_S19S_0047_Wat,511.0729714
3,Sample_S19S_0047_Wat,511.1375472
8,Sample_S19S_0047_Wat,511.1739404
12,Sample_S19S_0047_Wat,511.2103696
10,Sample_S19S_0047_Wat,511.2183807
10,Sample_S19S_0047_Wat,511.2467945
8,Sample_S19S_0047_Wat,513.0311674
8,Sample_S19S_0047_Wat,513.0522762
28,Sample_S19S_0047_Wat,513.0674942
27,Sample_S19S_0047_Wat,513.0885835
15,Sample_S19S_0047_Wat,513.1169162
16,Sample_S19S_0047_Wat,513.1248843
6,Sample_S19S_0047_Wat,513.1531789
5,Sample_S19S_0047_Wat,513.1612236
10,Sample_S19S_0047_Wat,513.1895585
1,Sample_S19S_0047_Wat,515.0316554
13,Sample_S19S_0047_Wat,515.0467951
10,Sample_S19S_0047_Wat,515.0679477
26,Sample_S19S_0047_Wat,515.1042917
39,Sample_S19S_0047_Wat,515.1194964
22,Sample_S19S_0047_Wat,515.1405768
13,Sample_S19S_0047_Wat,515.155816
13,Sample_S19S_0047_Wat,515.1688778
11,Sample_S19S_0047_Wat,515.1768835
3,Sample_S19S_0047_Wat,515.2285302
8,Sample_S19S_0047_Wat,517.0258857
31,Sample_S19S_0047_Wat,517.0624113
8,Sample_S19S_0047_Wat,517.0835974
13,Sample_S19S_0047_Wat,517.098859
6,Sample_S19S_0047_Wat,517.1352552
10,Sample_S19S_0047_Wat,517.171616
16,Sample_S19S_0047_Wat,517.1846401
42,Sample_S19S_0047_Wat,517.2079237
3,Sample_S19S_0047_Wat,517.2208996
9,Sample_S19S_0047_Wat,517.2442337
13,Sample_S19S_0047_Wat,518.0576863
9,Sample_S19S_0047_Wat,519.041577
13,Sample_S19S_0047_Wat,519.0779454
13,Sample_S19S_0047_Wat,519.1143103
5,Sample_S19S_0047_Wat,519.1275578
27,Sample_S19S_0047_Wat,519.1507584
5,Sample_S19S_0047_Wat,519.1639413
53,Sample_S19S_0047_Wat,519.1872205
15,Sample_S19S_0047_Wat,519.2236508
12,Sample_S19S_0047_Wat,521.020886
27,Sample_S19S_0047_Wat,521.0573462
29,Sample_S19S_0047_Wat,521.0937324
45,Sample_S19S_0047_Wat,521.1301011
27,Sample_S19S_0047_Wat,521.1663968
2,Sample_S19S_0047_Wat,521.1946636
8,Sample_S19S_0047_Wat,521.2027235
3,Sample_S19S_0047_Wat,521.2390738
5,Sample_S19S_0047_Wat,522.0888396
18,Sample_S19S_0047_Wat,523.0365285
8,Sample_S19S_0047_Wat,523.0517619
11,Sample_S19S_0047_Wat,523.0728235
4,Sample_S19S_0047_Wat,523.1091901
7,Sample_S19S_0047_Wat,523.1376337
11,Sample_S19S_0047_Wat,523.1456062
15,Sample_S19S_0047_Wat,523.1739853
21,Sample_S19S_0047_Wat,523.1820717
16,Sample_S19S_0047_Wat,523.2104573
5,Sample_S19S_0047_Wat,523.2468227
12,Sample_S19S_0047_Wat,525.0521307
18,Sample_S19S_0047_Wat,525.0674542
25,Sample_S19S_0047_Wat,525.0885729
34,Sample_S19S_0047_Wat,525.1250197
36,Sample_S19S_0047_Wat,525.1614051
1,Sample_S19S_0047_Wat,526.2010349
1,Sample_S19S_0047_Wat,527.0102033
14,Sample_S19S_0047_Wat,527.0467883
13,Sample_S19S_0047_Wat,527.0679337
10,Sample_S19S_0047_Wat,527.0832056
9,Sample_S19S_0047_Wat,527.1043114
14,Sample_S19S_0047_Wat,527.119585
36,Sample_S19S_0047_Wat,527.1406475
19,Sample_S19S_0047_Wat,527.1689685
26,Sample_S19S_0047_Wat,527.1769645
7,Sample_S19S_0047_Wat,527.1922169
19,Sample_S19S_0047_Wat,527.2052882
1,Sample_S19S_0047_Wat,527.2284939
5,Sample_S19S_0047_Wat,527.2415754
25,Sample_S19S_0047_Wat,528.135922
4,Sample_S19S_0047_Wat,529.0260908
6,Sample_S19S_0047_Wat,529.047257
11,Sample_S19S_0047_Wat,529.0624704
7,Sample_S19S_0047_Wat,529.0836238
16,Sample_S19S_0047_Wat,529.0988481
19,Sample_S19S_0047_Wat,529.119899
38,Sample_S19S_0047_Wat,529.1351825
11,Sample_S19S_0047_Wat,529.1482589
18,Sample_S19S_0047_Wat,529.1562352
17,Sample_S19S_0047_Wat,529.1714748
20,Sample_S19S_0047_Wat,529.184567
9,Sample_S19S_0047_Wat,529.1925822
7,Sample_S19S_0047_Wat,529.2078283
5,Sample_S19S_0047_Wat,529.2208396
6,Sample_S19S_0047_Wat,531.0417642
4,Sample_S19S_0047_Wat,531.0781475
17,Sample_S19S_0047_Wat,531.1144803
23,Sample_S19S_0047_Wat,531.1355514
26,Sample_S19S_0047_Wat,531.1507766
13,Sample_S19S_0047_Wat,531.1638843
13,Sample_S19S_0047_Wat,531.1718519
13,Sample_S19S_0047_Wat,531.1871077
18,Sample_S19S_0047_Wat,531.2234777
5,Sample_S19S_0047_Wat,531.2598778
6,Sample_S19S_0047_Wat,533.0209267
6,Sample_S19S_0047_Wat,533.0574115
15,Sample_S19S_0047_Wat,533.0937827
24,Sample_S19S_0047_Wat,533.1301236
48,Sample_S19S_0047_Wat,533.166456
13,Sample_S19S_0047_Wat,533.2027587
5,Sample_S19S_0047_Wat,533.2390944
14,Sample_S19S_0047_Wat,535.0365569
18,Sample_S19S_0047_Wat,535.0730261
15,Sample_S19S_0047_Wat,535.1094222
11,Sample_S19S_0047_Wat,535.1458132
18,Sample_S19S_0047_Wat,535.1821751
10,Sample_S19S_0047_Wat,535.2547783
34,Sample_S19S_0047_Wat,536.1045749
10,Sample_S19S_0047_Wat,537.0157551
4,Sample_S19S_0047_Wat,537.0310299
8,Sample_S19S_0047_Wat,537.0520931
11,Sample_S19S_0047_Wat,537.0673737
16,Sample_S19S_0047_Wat,537.0884904
29,Sample_S19S_0047_Wat,537.1249315
14,Sample_S19S_0047_Wat,537.1533456
42,Sample_S19S_0047_Wat,537.161382
5,Sample_S19S_0047_Wat,537.1897464
17,Sample_S19S_0047_Wat,537.1978101
1,Sample_S19S_0047_Wat,537.2261348
5,Sample_S19S_0047_Wat,537.2706002
10,Sample_S19S_0047_Wat,539.0315044
7,Sample_S19S_0047_Wat,539.0468046
22,Sample_S19S_0047_Wat,539.1042196
22,Sample_S19S_0047_Wat,539.1195331
27,Sample_S19S_0047_Wat,539.1405618
9,Sample_S19S_0047_Wat,539.1688297
5,Sample_S19S_0047_Wat,539.1768779
4,Sample_S19S_0047_Wat,539.2051955
2,Sample_S19S_0047_Wat,539.2132409
2,Sample_S19S_0047_Wat,539.2496267
21,Sample_S19S_0047_Wat,541.0623672
24,Sample_S19S_0047_Wat,541.0834882
25,Sample_S19S_0047_Wat,541.1199147
14,Sample_S19S_0047_Wat,541.1563515
3,Sample_S19S_0047_Wat,541.1927684
23,Sample_S19S_0047_Wat,541.2290565
7,Sample_S19S_0047_Wat,541.2573331
4,Sample_S19S_0047_Wat,543.0418148
8,Sample_S19S_0047_Wat,543.0629181
11,Sample_S19S_0047_Wat,543.0781158
18,Sample_S19S_0047_Wat,543.1355017
24,Sample_S19S_0047_Wat,543.1507543
15,Sample_S19S_0047_Wat,543.1638009
7,Sample_S19S_0047_Wat,543.2001267
1,Sample_S19S_0047_Wat,543.208077
2,Sample_S19S_0047_Wat,543.2234029
12,Sample_S19S_0047_Wat,545.0571838
8,Sample_S19S_0047_Wat,545.0935509
16,Sample_S19S_0047_Wat,545.1299664
4,Sample_S19S_0047_Wat,545.1432084
27,Sample_S19S_0047_Wat,545.1664409
30,Sample_S19S_0047_Wat,545.2028931
10,Sample_S19S_0047_Wat,545.2159419
4,Sample_S19S_0047_Wat,545.2393178
16,Sample_S19S_0047_Wat,547.0729547
15,Sample_S19S_0047_Wat,547.109415
16,Sample_S19S_0047_Wat,547.145805
3,Sample_S19S_0047_Wat,547.1822164
1,Sample_S19S_0047_Wat,547.1952584
15,Sample_S19S_0047_Wat,547.2185618
17,Sample_S19S_0047_Wat,547.2548518
12,Sample_S19S_0047_Wat,549.0523077
10,Sample_S19S_0047_Wat,549.0887119
12,Sample_S19S_0047_Wat,549.1250923
15,Sample_S19S_0047_Wat,549.1614413
36,Sample_S19S_0047_Wat,549.1977663
3,Sample_S19S_0047_Wat,551.0316023
13,Sample_S19S_0047_Wat,551.0679996
16,Sample_S19S_0047_Wat,551.10435
24,Sample_S19S_0047_Wat,551.140683
24,Sample_S19S_0047_Wat,551.1769906
9,Sample_S19S_0047_Wat,553.0472596
1,Sample_S19S_0047_Wat,553.0626357
8,Sample_S19S_0047_Wat,553.0836572
15,Sample_S19S_0047_Wat,553.1199748
1,Sample_S19S_0047_Wat,553.1483118
44,Sample_S19S_0047_Wat,553.1562956
22,Sample_S19S_0047_Wat,553.1925971
3,Sample_S19S_0047_Wat,553.2288832
8,Sample_S19S_0047_Wat,555.0629131
5,Sample_S19S_0047_Wat,555.0993123
6,Sample_S19S_0047_Wat,555.1356619
1,Sample_S19S_0047_Wat,555.1639967
15,Sample_S19S_0047_Wat,555.1720029
5,Sample_S19S_0047_Wat,555.2365023
11,Sample_S19S_0047_Wat,557.0572783
6,Sample_S19S_0047_Wat,557.0785258
20,Sample_S19S_0047_Wat,557.0937315
13,Sample_S19S_0047_Wat,557.1149049
3,Sample_S19S_0047_Wat,557.1513467
12,Sample_S19S_0047_Wat,559.1951961
14,Sample_S19S_0047_Wat,561.0522506
6,Sample_S19S_0047_Wat,561.1248442
3,Sample_S19S_0047_Wat,561.2339983
23,Sample_S19S_0047_Wat,563.0679011
10,Sample_S19S_0047_Wat,563.1043787
7,Sample_S19S_0047_Wat,563.140767
4,Sample_S19S_0047_Wat,563.1771352
22,Sample_S19S_0047_Wat,563.2134586
17,Sample_S19S_0047_Wat,563.2497644
9,Sample_S19S_0047_Wat,565.0470587
9,Sample_S19S_0047_Wat,565.0833841
1,Sample_S19S_0047_Wat,565.1196921
1,Sample_S19S_0047_Wat,565.1561141
16,Sample_S19S_0047_Wat,565.2290122
6,Sample_S19S_0047_Wat,565.2573399
17,Sample_S19S_0047_Wat,565.2654316
12,Sample_S19S_0047_Wat,567.0628477
6,Sample_S19S_0047_Wat,567.1356587
12,Sample_S19S_0047_Wat,567.2083955
6,Sample_S19S_0047_Wat,567.2366591
13,Sample_S19S_0047_Wat,567.2446704
4,Sample_S19S_0047_Wat,569.0573971
13,Sample_S19S_0047_Wat,569.0784551
8,Sample_S19S_0047_Wat,569.0937538
13,Sample_S19S_0047_Wat,569.1147778
8,Sample_S19S_0047_Wat,569.1510794
1,Sample_S19S_0047_Wat,569.1874013
1,Sample_S19S_0047_Wat,569.223732
2,Sample_S19S_0047_Wat,571.0363946
7,Sample_S19S_0047_Wat,571.0727742
1,Sample_S19S_0047_Wat,571.0939164
20,Sample_S19S_0047_Wat,571.1303995
25,Sample_S19S_0047_Wat,571.1457131
3,Sample_S19S_0047_Wat,571.1588445
26,Sample_S19S_0047_Wat,571.1821369
14,Sample_S19S_0047_Wat,571.2032768
8,Sample_S19S_0047_Wat,571.2185728
13,Sample_S19S_0047_Wat,573.0521883
22,Sample_S19S_0047_Wat,573.0886509
9,Sample_S19S_0047_Wat,573.1461913
5,Sample_S19S_0047_Wat,573.1615077
4,Sample_S19S_0047_Wat,573.1978706
2,Sample_S19S_0047_Wat,573.2342462
5,Sample_S19S_0047_Wat,575.0680122
6,Sample_S19S_0047_Wat,575.1407714
29,Sample_S19S_0047_Wat,575.213398
12,Sample_S19S_0047_Wat,575.2497017
3,Sample_S19S_0047_Wat,577.0836723
40,Sample_S19S_0047_Wat,577.1563035
23,Sample_S19S_0047_Wat,577.1926143
5,Sample_S19S_0047_Wat,579.0629358
16,Sample_S19S_0047_Wat,579.2082488
2,Sample_S19S_0047_Wat,579.2445526
2,Sample_S19S_0047_Wat,581.0575294
6,Sample_S19S_0047_Wat,581.0785526
2,Sample_S19S_0047_Wat,581.0939403
16,Sample_S19S_0047_Wat,581.1148894
25,Sample_S19S_0047_Wat,581.1875335
16,Sample_S19S_0047_Wat,581.2238624
2,Sample_S19S_0047_Wat,583.0366871
1,Sample_S19S_0047_Wat,583.0731247
9,Sample_S19S_0047_Wat,583.1306046
3,Sample_S19S_0047_Wat,583.1952442
19,Sample_S19S_0047_Wat,583.2032587
13,Sample_S19S_0047_Wat,585.052268
4,Sample_S19S_0047_Wat,585.1098543
2,Sample_S19S_0047_Wat,585.1462879
6,Sample_S19S_0047_Wat,585.1615059
13,Sample_S19S_0047_Wat,587.1041571
22,Sample_S19S_0047_Wat,587.1770783
3,Sample_S19S_0047_Wat,587.2265632
5,Sample_S19S_0047_Wat,589.0833727
4,Sample_S19S_0047_Wat,589.119725
3,Sample_S19S_0047_Wat,589.1691978
4,Sample_S19S_0047_Wat,591.0993225
2,Sample_S19S_0047_Wat,591.135742
8,Sample_S19S_0047_Wat,591.1720289
14,Sample_S19S_0047_Wat,591.2083514
5,Sample_S19S_0047_Wat,593.078251
1,Sample_S19S_0047_Wat,593.1146582
7,Sample_S19S_0047_Wat,593.1511079
17,Sample_S19S_0047_Wat,593.2240288
19,Sample_S19S_0047_Wat,597.2107701
1,Sample_S19S_0047_Wat,599.0681022
7,Sample_S19S_0047_Wat,599.104376
11,Sample_S19S_0047_Wat,599.1254651
16,Sample_S19S_0047_Wat,599.1901116
14,Sample_S19S_0047_Wat,603.2083804
3,Sample_S19S_0047_Wat,605.1513953
10,Sample_S19S_0047_Wat,605.2602478
6,Sample_S19S_0047_Wat,607.0578335
26,Sample_S19S_0047_Wat,607.1667845
10,Sample_S19S_0047_Wat,609.0886479
3,Sample_S19S_0047_Wat,609.1459321
1,Sample_S19S_0047_Wat,611.0887789
2,Sample_S19S_0047_Wat,611.226191
5,Sample_S19S_0047_Wat,615.0625943
5,Sample_S19S_0047_Wat,617.0418645
6,Sample_S19S_0047_Wat,617.0782506
8,Sample_S19S_0047_Wat,619.0940393
9,Sample_S19S_0047_Wat,621.1098264
23,Sample_S19S_0047_Wat,621.1825214
8,Sample_S19S_0047_Wat,623.0891397
1,Sample_S19S_0047_Wat,623.162005
11,Sample_S19S_0047_Wat,625.1773321
15,Sample_S19S_0047_Wat,625.2137878
8,Sample_S19S_0047_Wat,627.083828
1,Sample_S19S_0047_Wat,629.0422648
9,Sample_S19S_0047_Wat,633.0732797
6,Sample_S19S_0047_Wat,635.0526502
7,Sample_S19S_0047_Wat,637.1408976
2,Sample_S19S_0047_Wat,639.1932429
9,Sample_S19S_0047_Wat,639.2293408
2,Sample_S19S_0047_Wat,645.0732088
13,Sample_S19S_0047_Wat,647.1981103
12,Sample_S19S_0047_Wat,647.2344756
1,Sample_S19S_0047_Wat,659.1985048
15,Sample_S19S_0047_Wat,663.2295158
2,Sample_S19S_0047_Wat,665.2452775
2,Sample_S19S_0047_Wat,667.1153995
2,Sample_S19S_0047_Wat,677.0997495
