num.trans.involved.in,sample,peak
31,Sample_S19S_0092_Wat,200.0564158
21,Sample_S19S_0092_Wat,200.092796
32,Sample_S19S_0092_Wat,201.0226766
46,Sample_S19S_0092_Wat,201.0404313
43,Sample_S19S_0092_Wat,201.0768122
29,Sample_S19S_0092_Wat,201.1131969
20,Sample_S19S_0092_Wat,202.0720568
52,Sample_S19S_0092_Wat,203.0560881
15,Sample_S19S_0092_Wat,203.0924536
4,Sample_S19S_0092_Wat,205.0254303
24,Sample_S19S_0092_Wat,205.0505947
41,Sample_S19S_0092_Wat,205.0717289
16,Sample_S19S_0092_Wat,205.086978
34,Sample_S19S_0092_Wat,205.1081166
8,Sample_S19S_0092_Wat,205.1597578
16,Sample_S19S_0092_Wat,207.0411023
38,Sample_S19S_0092_Wat,207.066249
31,Sample_S19S_0092_Wat,208.0615064
24,Sample_S19S_0092_Wat,208.0978901
39,Sample_S19S_0092_Wat,209.0455114
15,Sample_S19S_0092_Wat,209.0567588
41,Sample_S19S_0092_Wat,209.0818981
11,Sample_S19S_0092_Wat,209.0852551
17,Sample_S19S_0092_Wat,209.1546803
30,Sample_S19S_0092_Wat,210.0407624
28,Sample_S19S_0092_Wat,210.0771409
18,Sample_S19S_0092_Wat,211.0360077
64,Sample_S19S_0092_Wat,211.0611736
16,Sample_S19S_0092_Wat,211.0723904
2,Sample_S19S_0092_Wat,211.083621
40,Sample_S19S_0092_Wat,211.097555
31,Sample_S19S_0092_Wat,211.1339377
14,Sample_S19S_0092_Wat,212.0200182
35,Sample_S19S_0092_Wat,212.0564229
32,Sample_S19S_0092_Wat,212.0928177
9,Sample_S19S_0092_Wat,213.0152775
30,Sample_S19S_0092_Wat,213.0226817
40,Sample_S19S_0092_Wat,213.0404285
2,Sample_S19S_0092_Wat,213.0516315
52,Sample_S19S_0092_Wat,213.0768216
34,Sample_S19S_0092_Wat,213.1132092
35,Sample_S19S_0092_Wat,214.0720739
22,Sample_S19S_0092_Wat,215.0019358
42,Sample_S19S_0092_Wat,215.0383432
47,Sample_S19S_0092_Wat,215.0560786
49,Sample_S19S_0092_Wat,215.0924726
27,Sample_S19S_0092_Wat,215.1288446
26,Sample_S19S_0092_Wat,216.0877266
17,Sample_S19S_0092_Wat,216.1240952
53,Sample_S19S_0092_Wat,217.0717431
39,Sample_S19S_0092_Wat,217.1081169
21,Sample_S19S_0092_Wat,219.0332238
17,Sample_S19S_0092_Wat,219.0662407
46,Sample_S19S_0092_Wat,219.0873877
12,Sample_S19S_0092_Wat,220.0614803
7,Sample_S19S_0092_Wat,221.0203443
42,Sample_S19S_0092_Wat,221.0455191
36,Sample_S19S_0092_Wat,221.048891
24,Sample_S19S_0092_Wat,221.0818912
13,Sample_S19S_0092_Wat,222.0407486
21,Sample_S19S_0092_Wat,222.0771399
45,Sample_S19S_0092_Wat,223.0247931
17,Sample_S19S_0092_Wat,223.036013
25,Sample_S19S_0092_Wat,223.0611523
26,Sample_S19S_0092_Wat,223.0645431
16,Sample_S19S_0092_Wat,223.0723955
47,Sample_S19S_0092_Wat,223.0975605
22,Sample_S19S_0092_Wat,223.1009488
13,Sample_S19S_0092_Wat,224.0200135
40,Sample_S19S_0092_Wat,224.0564233
12,Sample_S19S_0092_Wat,224.092781
78,Sample_S19S_0092_Wat,225.0404494
28,Sample_S19S_0092_Wat,225.0438233
18,Sample_S19S_0092_Wat,225.0516605
2,Sample_S19S_0092_Wat,225.0628904
60,Sample_S19S_0092_Wat,225.0768195
22,Sample_S19S_0092_Wat,225.0880535
20,Sample_S19S_0092_Wat,225.1131873
30,Sample_S19S_0092_Wat,226.0356785
48,Sample_S19S_0092_Wat,226.072077
4,Sample_S19S_0092_Wat,227.0019215
10,Sample_S19S_0092_Wat,227.0309327
26,Sample_S19S_0092_Wat,227.0383214
45,Sample_S19S_0092_Wat,227.056079
7,Sample_S19S_0092_Wat,227.067293
57,Sample_S19S_0092_Wat,227.092466
38,Sample_S19S_0092_Wat,227.1288722
16,Sample_S19S_0092_Wat,228.0513116
30,Sample_S19S_0092_Wat,229.0175957
45,Sample_S19S_0092_Wat,229.0353497
41,Sample_S19S_0092_Wat,229.0539812
63,Sample_S19S_0092_Wat,229.0717413
42,Sample_S19S_0092_Wat,229.1081151
24,Sample_S19S_0092_Wat,229.14452
10,Sample_S19S_0092_Wat,230.0128488
28,Sample_S19S_0092_Wat,230.0669846
45,Sample_S19S_0092_Wat,231.0332653
54,Sample_S19S_0092_Wat,231.051012
24,Sample_S19S_0092_Wat,231.0662593
35,Sample_S19S_0092_Wat,231.0696453
55,Sample_S19S_0092_Wat,231.0873835
20,Sample_S19S_0092_Wat,231.1237543
5,Sample_S19S_0092_Wat,232.0284788
35,Sample_S19S_0092_Wat,232.0826607
30,Sample_S19S_0092_Wat,233.0125103
38,Sample_S19S_0092_Wat,233.0455307
76,Sample_S19S_0092_Wat,233.0666759
35,Sample_S19S_0092_Wat,233.0819208
35,Sample_S19S_0092_Wat,233.0852976
45,Sample_S19S_0092_Wat,233.1030488
11,Sample_S19S_0092_Wat,233.1546845
10,Sample_S19S_0092_Wat,234.0407445
5,Sample_S19S_0092_Wat,234.0771258
38,Sample_S19S_0092_Wat,235.0247912
15,Sample_S19S_0092_Wat,235.0434342
57,Sample_S19S_0092_Wat,235.0611873
37,Sample_S19S_0092_Wat,235.0645616
42,Sample_S19S_0092_Wat,235.0975749
24,Sample_S19S_0092_Wat,235.1009797
62,Sample_S19S_0092_Wat,236.0564412
44,Sample_S19S_0092_Wat,237.0404421
36,Sample_S19S_0092_Wat,237.0438231
7,Sample_S19S_0092_Wat,237.0516402
66,Sample_S19S_0092_Wat,237.0768351
18,Sample_S19S_0092_Wat,237.088034
46,Sample_S19S_0092_Wat,237.1132227
19,Sample_S19S_0092_Wat,238.0356696
41,Sample_S19S_0092_Wat,238.0720655
20,Sample_S19S_0092_Wat,239.0019507
15,Sample_S19S_0092_Wat,239.0309523
45,Sample_S19S_0092_Wat,239.0383585
101,Sample_S19S_0092_Wat,239.0561117
30,Sample_S19S_0092_Wat,239.0594649
21,Sample_S19S_0092_Wat,239.0673352
104,Sample_S19S_0092_Wat,239.092497
51,Sample_S19S_0092_Wat,239.1288753
2,Sample_S19S_0092_Wat,240.0261854
47,Sample_S19S_0092_Wat,240.0513448
48,Sample_S19S_0092_Wat,240.0877319
24,Sample_S19S_0092_Wat,241.0176131
72,Sample_S19S_0092_Wat,241.03537
27,Sample_S19S_0092_Wat,241.0466195
38,Sample_S19S_0092_Wat,241.0539901
61,Sample_S19S_0092_Wat,241.0717422
23,Sample_S19S_0092_Wat,241.0829909
20,Sample_S19S_0092_Wat,241.0903544
42,Sample_S19S_0092_Wat,241.1081087
30,Sample_S19S_0092_Wat,241.1445007
67,Sample_S19S_0092_Wat,242.0670034
38,Sample_S19S_0092_Wat,242.1033669
23,Sample_S19S_0092_Wat,242.139775
6,Sample_S19S_0092_Wat,242.1761465
54,Sample_S19S_0092_Wat,243.0332768
91,Sample_S19S_0092_Wat,243.0510224
27,Sample_S19S_0092_Wat,243.0622684
39,Sample_S19S_0092_Wat,243.0696352
50,Sample_S19S_0092_Wat,243.0873816
32,Sample_S19S_0092_Wat,243.1237626
21,Sample_S19S_0092_Wat,243.1601665
16,Sample_S19S_0092_Wat,244.0284895
47,Sample_S19S_0092_Wat,244.0462686
7,Sample_S19S_0092_Wat,244.0575155
47,Sample_S19S_0092_Wat,244.0826525
32,Sample_S19S_0092_Wat,244.1190458
30,Sample_S19S_0092_Wat,245.0125083
65,Sample_S19S_0092_Wat,245.0455587
42,Sample_S19S_0092_Wat,245.0489119
102,Sample_S19S_0092_Wat,245.0666847
80,Sample_S19S_0092_Wat,245.1030642
29,Sample_S19S_0092_Wat,245.1394342
23,Sample_S19S_0092_Wat,246.0771588
33,Sample_S19S_0092_Wat,246.098296
37,Sample_S19S_0092_Wat,247.0281631
28,Sample_S19S_0092_Wat,247.0459114
70,Sample_S19S_0092_Wat,247.0612011
17,Sample_S19S_0092_Wat,247.0645256
86,Sample_S19S_0092_Wat,247.0823368
72,Sample_S19S_0092_Wat,247.0975945
57,Sample_S19S_0092_Wat,247.118733
40,Sample_S19S_0092_Wat,248.0564361
42,Sample_S19S_0092_Wat,248.0775975
83,Sample_S19S_0092_Wat,249.0404675
44,Sample_S19S_0092_Wat,249.0438151
18,Sample_S19S_0092_Wat,249.0516664
22,Sample_S19S_0092_Wat,249.0591113
93,Sample_S19S_0092_Wat,249.0768527
43,Sample_S19S_0092_Wat,249.0802097
38,Sample_S19S_0092_Wat,249.1132224
39,Sample_S19S_0092_Wat,249.134357
64,Sample_S19S_0092_Wat,250.07209
72,Sample_S19S_0092_Wat,251.0197332
64,Sample_S19S_0092_Wat,251.0560986
35,Sample_S19S_0092_Wat,251.0594793
31,Sample_S19S_0092_Wat,251.0673594
29,Sample_S19S_0092_Wat,251.0772196
116,Sample_S19S_0092_Wat,251.0925063
34,Sample_S19S_0092_Wat,251.0958765
49,Sample_S19S_0092_Wat,251.1289035
59,Sample_S19S_0092_Wat,252.0513612
55,Sample_S19S_0092_Wat,252.0877348
37,Sample_S19S_0092_Wat,253.0176287
100,Sample_S19S_0092_Wat,253.0353983
27,Sample_S19S_0092_Wat,253.0466122
10,Sample_S19S_0092_Wat,253.0540606
127,Sample_S19S_0092_Wat,253.0717756
26,Sample_S19S_0092_Wat,253.0751557
25,Sample_S19S_0092_Wat,253.0829986
22,Sample_S19S_0092_Wat,253.0903635
47,Sample_S19S_0092_Wat,253.1081345
50,Sample_S19S_0092_Wat,253.1445337
42,Sample_S19S_0092_Wat,254.0306157
57,Sample_S19S_0092_Wat,254.0670222
52,Sample_S19S_0092_Wat,254.1033853
45,Sample_S19S_0092_Wat,255.0332681
108,Sample_S19S_0092_Wat,255.0510433
13,Sample_S19S_0092_Wat,255.054371
23,Sample_S19S_0092_Wat,255.0622462
25,Sample_S19S_0092_Wat,255.0696877
124,Sample_S19S_0092_Wat,255.0874163
28,Sample_S19S_0092_Wat,255.0986256
49,Sample_S19S_0092_Wat,255.1237776
40,Sample_S19S_0092_Wat,255.1602018
4,Sample_S19S_0092_Wat,255.2329705
18,Sample_S19S_0092_Wat,256.0284986
61,Sample_S19S_0092_Wat,256.0826837
37,Sample_S19S_0092_Wat,256.1190609
34,Sample_S19S_0092_Wat,257.012566
3,Sample_S19S_0092_Wat,257.02378
85,Sample_S19S_0092_Wat,257.030304
19,Sample_S19S_0092_Wat,257.0415582
62,Sample_S19S_0092_Wat,257.048925
108,Sample_S19S_0092_Wat,257.0666765
27,Sample_S19S_0092_Wat,257.0779166
56,Sample_S19S_0092_Wat,257.085313
77,Sample_S19S_0092_Wat,257.1030521
26,Sample_S19S_0092_Wat,257.1143128
62,Sample_S19S_0092_Wat,257.1394516
34,Sample_S19S_0092_Wat,257.175834
21,Sample_S19S_0092_Wat,258.0441616
58,Sample_S19S_0092_Wat,258.0619166
8,Sample_S19S_0092_Wat,258.0731641
55,Sample_S19S_0092_Wat,258.0983343
46,Sample_S19S_0092_Wat,259.0282061
90,Sample_S19S_0092_Wat,259.0459547
66,Sample_S19S_0092_Wat,259.0645754
106,Sample_S19S_0092_Wat,259.0823405
54,Sample_S19S_0092_Wat,259.0975861
51,Sample_S19S_0092_Wat,259.1009624
75,Sample_S19S_0092_Wat,259.1187072
41,Sample_S19S_0092_Wat,259.1551113
18,Sample_S19S_0092_Wat,260.0234343
17,Sample_S19S_0092_Wat,260.0564172
48,Sample_S19S_0092_Wat,260.0775722
34,Sample_S19S_0092_Wat,260.1139812
22,Sample_S19S_0092_Wat,261.0074429
52,Sample_S19S_0092_Wat,261.040468
41,Sample_S19S_0092_Wat,261.04386
10,Sample_S19S_0092_Wat,261.0590781
76,Sample_S19S_0092_Wat,261.061588
86,Sample_S19S_0092_Wat,261.0768598
42,Sample_S19S_0092_Wat,261.0801943
66,Sample_S19S_0092_Wat,261.0980071
62,Sample_S19S_0092_Wat,261.1132477
66,Sample_S19S_0092_Wat,261.1343647
33,Sample_S19S_0092_Wat,262.0357323
46,Sample_S19S_0092_Wat,262.0721008
39,Sample_S19S_0092_Wat,262.0932448
34,Sample_S19S_0092_Wat,263.0230946
82,Sample_S19S_0092_Wat,263.0561329
54,Sample_S19S_0092_Wat,263.0595
15,Sample_S19S_0092_Wat,263.0673138
17,Sample_S19S_0092_Wat,263.074735
67,Sample_S19S_0092_Wat,263.0772341
45,Sample_S19S_0092_Wat,263.0924815
40,Sample_S19S_0092_Wat,263.0958535
18,Sample_S19S_0092_Wat,263.1037599
58,Sample_S19S_0092_Wat,263.1136323
48,Sample_S19S_0092_Wat,263.128908
12,Sample_S19S_0092_Wat,263.1322936
32,Sample_S19S_0092_Wat,263.1500397
51,Sample_S19S_0092_Wat,264.0513612
54,Sample_S19S_0092_Wat,264.087752
11,Sample_S19S_0092_Wat,265.017661
78,Sample_S19S_0092_Wat,265.0353938
25,Sample_S19S_0092_Wat,265.046622
41,Sample_S19S_0092_Wat,265.0540149
43,Sample_S19S_0092_Wat,265.0565045
90,Sample_S19S_0092_Wat,265.0717855
45,Sample_S19S_0092_Wat,265.07514
32,Sample_S19S_0092_Wat,265.0829943
18,Sample_S19S_0092_Wat,265.0929432
99,Sample_S19S_0092_Wat,265.1081545
21,Sample_S19S_0092_Wat,265.1479151
9,Sample_S19S_0092_Wat,266.0128995
44,Sample_S19S_0092_Wat,266.0306266
65,Sample_S19S_0092_Wat,266.0670361
45,Sample_S19S_0092_Wat,266.1034196
35,Sample_S19S_0092_Wat,266.1397788
56,Sample_S19S_0092_Wat,267.0146829
17,Sample_S19S_0092_Wat,267.0258802
10,Sample_S19S_0092_Wat,267.03333
115,Sample_S19S_0092_Wat,267.0510336
28,Sample_S19S_0092_Wat,267.0622941
14,Sample_S19S_0092_Wat,267.0696979
109,Sample_S19S_0092_Wat,267.0874299
31,Sample_S19S_0092_Wat,267.0908069
26,Sample_S19S_0092_Wat,267.0986455
36,Sample_S19S_0092_Wat,267.1060484
96,Sample_S19S_0092_Wat,267.123805
44,Sample_S19S_0092_Wat,267.1601848
9,Sample_S19S_0092_Wat,267.9921556
14,Sample_S19S_0092_Wat,268.0285092
68,Sample_S19S_0092_Wat,268.0462977
74,Sample_S19S_0092_Wat,268.08266
49,Sample_S19S_0092_Wat,268.1190514
36,Sample_S19S_0092_Wat,269.01256
76,Sample_S19S_0092_Wat,269.0303205
63,Sample_S19S_0092_Wat,269.0489342
128,Sample_S19S_0092_Wat,269.0666802
27,Sample_S19S_0092_Wat,269.070065
38,Sample_S19S_0092_Wat,269.0779259
54,Sample_S19S_0092_Wat,269.0853155
107,Sample_S19S_0092_Wat,269.1030627
19,Sample_S19S_0092_Wat,269.1143357
32,Sample_S19S_0092_Wat,269.1217092
63,Sample_S19S_0092_Wat,269.1394657
26,Sample_S19S_0092_Wat,270.0441717
69,Sample_S19S_0092_Wat,270.0619439
11,Sample_S19S_0092_Wat,270.0731537
66,Sample_S19S_0092_Wat,270.0983057
52,Sample_S19S_0092_Wat,271.0281864
86,Sample_S19S_0092_Wat,271.0459737
13,Sample_S19S_0092_Wat,271.049316
16,Sample_S19S_0092_Wat,271.0571608
59,Sample_S19S_0092_Wat,271.0645721
103,Sample_S19S_0092_Wat,271.0823212
32,Sample_S19S_0092_Wat,271.0935785
15,Sample_S19S_0092_Wat,271.1009969
105,Sample_S19S_0092_Wat,271.118718
33,Sample_S19S_0092_Wat,271.1551343
19,Sample_S19S_0092_Wat,272.0234317
57,Sample_S19S_0092_Wat,272.0412153
65,Sample_S19S_0092_Wat,272.0775888
54,Sample_S19S_0092_Wat,272.1139554
5,Sample_S19S_0092_Wat,272.1867601
41,Sample_S19S_0092_Wat,273.0074568
51,Sample_S19S_0092_Wat,273.0438577
84,Sample_S19S_0092_Wat,273.061591
11,Sample_S19S_0092_Wat,273.0649488
14,Sample_S19S_0092_Wat,273.0728691
69,Sample_S19S_0092_Wat,273.0768603
41,Sample_S19S_0092_Wat,273.0802466
94,Sample_S19S_0092_Wat,273.0979879
46,Sample_S19S_0092_Wat,273.1166186
51,Sample_S19S_0092_Wat,273.1343844
19,Sample_S19S_0092_Wat,274.0391096
46,Sample_S19S_0092_Wat,274.0568533
42,Sample_S19S_0092_Wat,274.0720917
46,Sample_S19S_0092_Wat,274.0932637
36,Sample_S19S_0092_Wat,274.1296219
1,Sample_S19S_0092_Wat,274.9979967
52,Sample_S19S_0092_Wat,275.0231068
67,Sample_S19S_0092_Wat,275.0561155
67,Sample_S19S_0092_Wat,275.0594984
19,Sample_S19S_0092_Wat,275.0673647
11,Sample_S19S_0092_Wat,275.0747694
91,Sample_S19S_0092_Wat,275.0772487
77,Sample_S19S_0092_Wat,275.0925149
39,Sample_S19S_0092_Wat,275.0958927
81,Sample_S19S_0092_Wat,275.1136274
54,Sample_S19S_0092_Wat,275.1288873
40,Sample_S19S_0092_Wat,275.1500444
23,Sample_S19S_0092_Wat,275.1686428
7,Sample_S19S_0092_Wat,276.0183977
37,Sample_S19S_0092_Wat,276.0513913
23,Sample_S19S_0092_Wat,276.0725557
25,Sample_S19S_0092_Wat,276.0877174
25,Sample_S19S_0092_Wat,276.108923
1,Sample_S19S_0092_Wat,277.0135351
74,Sample_S19S_0092_Wat,277.0354157
32,Sample_S19S_0092_Wat,277.0387785
19,Sample_S19S_0092_Wat,277.046621
88,Sample_S19S_0092_Wat,277.0717892
61,Sample_S19S_0092_Wat,277.0751477
30,Sample_S19S_0092_Wat,277.0830242
11,Sample_S19S_0092_Wat,277.0904394
49,Sample_S19S_0092_Wat,277.0929294
90,Sample_S19S_0092_Wat,277.1081544
27,Sample_S19S_0092_Wat,277.1115453
40,Sample_S19S_0092_Wat,277.1293085
57,Sample_S19S_0092_Wat,277.1445377
28,Sample_S19S_0092_Wat,277.1479148
13,Sample_S19S_0092_Wat,277.1842949
33,Sample_S19S_0092_Wat,278.0306345
51,Sample_S19S_0092_Wat,278.0670289
13,Sample_S19S_0092_Wat,278.0856561
45,Sample_S19S_0092_Wat,278.1034322
29,Sample_S19S_0092_Wat,279.0146331
37,Sample_S19S_0092_Wat,279.0332802
82,Sample_S19S_0092_Wat,279.0510516
50,Sample_S19S_0092_Wat,279.0544147
30,Sample_S19S_0092_Wat,279.0622836
31,Sample_S19S_0092_Wat,279.0721384
61,Sample_S19S_0092_Wat,279.0874539
8,Sample_S19S_0092_Wat,279.0908266
34,Sample_S19S_0092_Wat,279.1060487
68,Sample_S19S_0092_Wat,279.1238221
45,Sample_S19S_0092_Wat,279.160186
19,Sample_S19S_0092_Wat,279.1635618
2,Sample_S19S_0092_Wat,280.0211724
58,Sample_S19S_0092_Wat,280.0463018
73,Sample_S19S_0092_Wat,280.0826921
58,Sample_S19S_0092_Wat,280.1190492
69,Sample_S19S_0092_Wat,281.0303339
21,Sample_S19S_0092_Wat,281.0415261
5,Sample_S19S_0092_Wat,281.0489881
122,Sample_S19S_0092_Wat,281.0666829
27,Sample_S19S_0092_Wat,281.0700358
40,Sample_S19S_0092_Wat,281.0779309
2,Sample_S19S_0092_Wat,281.0853812
74,Sample_S19S_0092_Wat,281.1030502
28,Sample_S19S_0092_Wat,281.106436
21,Sample_S19S_0092_Wat,281.1143409
31,Sample_S19S_0092_Wat,281.1217043
81,Sample_S19S_0092_Wat,281.1394597
19,Sample_S19S_0092_Wat,281.1428472
8,Sample_S19S_0092_Wat,282.0442345
6,Sample_S19S_0092_Wat,282.0732132
60,Sample_S19S_0092_Wat,282.0983548
23,Sample_S19S_0092_Wat,282.1347472
25,Sample_S19S_0092_Wat,283.0282193
107,Sample_S19S_0092_Wat,283.0459554
11,Sample_S19S_0092_Wat,283.064623
80,Sample_S19S_0092_Wat,283.0823169
18,Sample_S19S_0092_Wat,283.085683
36,Sample_S19S_0092_Wat,283.0935869
9,Sample_S19S_0092_Wat,283.1010031
118,Sample_S19S_0092_Wat,283.118715
21,Sample_S19S_0092_Wat,283.1299918
17,Sample_S19S_0092_Wat,283.1373752
44,Sample_S19S_0092_Wat,283.1551309
3,Sample_S19S_0092_Wat,283.2642602
25,Sample_S19S_0092_Wat,284.0234505
48,Sample_S19S_0092_Wat,284.0412345
5,Sample_S19S_0092_Wat,284.0524423
30,Sample_S19S_0092_Wat,284.0598272
72,Sample_S19S_0092_Wat,284.0776208
58,Sample_S19S_0092_Wat,284.1139788
31,Sample_S19S_0092_Wat,285.0074703
30,Sample_S19S_0092_Wat,285.0438689
9,Sample_S19S_0092_Wat,285.0550936
83,Sample_S19S_0092_Wat,285.0616357
59,Sample_S19S_0092_Wat,285.0802217
49,Sample_S19S_0092_Wat,285.0980306
32,Sample_S19S_0092_Wat,285.1092216
48,Sample_S19S_0092_Wat,285.1166168
8,Sample_S19S_0092_Wat,285.1262347
62,Sample_S19S_0092_Wat,285.1343948
51,Sample_S19S_0092_Wat,286.0568589
66,Sample_S19S_0092_Wat,286.0932539
9,Sample_S19S_0092_Wat,286.1044432
39,Sample_S19S_0092_Wat,287.0231311
72,Sample_S19S_0092_Wat,287.0408776
17,Sample_S19S_0092_Wat,287.0595327
100,Sample_S19S_0092_Wat,287.0772537
30,Sample_S19S_0092_Wat,287.0885054
56,Sample_S19S_0092_Wat,287.0925228
67,Sample_S19S_0092_Wat,287.0958808
95,Sample_S19S_0092_Wat,287.1136282
32,Sample_S19S_0092_Wat,287.1322824
64,Sample_S19S_0092_Wat,287.150015
28,Sample_S19S_0092_Wat,287.1864124
17,Sample_S19S_0092_Wat,288.0183628
38,Sample_S19S_0092_Wat,288.0513962
11,Sample_S19S_0092_Wat,288.0547736
57,Sample_S19S_0092_Wat,288.0725046
36,Sample_S19S_0092_Wat,288.0877815
44,Sample_S19S_0092_Wat,288.1089115
7,Sample_S19S_0092_Wat,288.1453272
56,Sample_S19S_0092_Wat,289.0354029
44,Sample_S19S_0092_Wat,289.0387746
77,Sample_S19S_0092_Wat,289.0565242
88,Sample_S19S_0092_Wat,289.0717704
69,Sample_S19S_0092_Wat,289.0751476
21,Sample_S19S_0092_Wat,289.0830287
5,Sample_S19S_0092_Wat,289.0904345
83,Sample_S19S_0092_Wat,289.0929075
62,Sample_S19S_0092_Wat,289.1081489
56,Sample_S19S_0092_Wat,289.1115236
73,Sample_S19S_0092_Wat,289.1292776
29,Sample_S19S_0092_Wat,289.147925
36,Sample_S19S_0092_Wat,289.1656738
8,Sample_S19S_0092_Wat,290.0305978
17,Sample_S19S_0092_Wat,290.0339824
22,Sample_S19S_0092_Wat,290.0669883
13,Sample_S19S_0092_Wat,290.0882083
55,Sample_S19S_0092_Wat,290.1033932
9,Sample_S19S_0092_Wat,290.1245994
79,Sample_S19S_0092_Wat,291.0510416
49,Sample_S19S_0092_Wat,291.0543989
22,Sample_S19S_0092_Wat,291.0622947
67,Sample_S19S_0092_Wat,291.0721692
82,Sample_S19S_0092_Wat,291.0874132
33,Sample_S19S_0092_Wat,291.0907683
27,Sample_S19S_0092_Wat,291.0986884
25,Sample_S19S_0092_Wat,291.1060509
64,Sample_S19S_0092_Wat,291.1237966
28,Sample_S19S_0092_Wat,291.1449729
50,Sample_S19S_0092_Wat,291.1601932
14,Sample_S19S_0092_Wat,291.1635897
7,Sample_S19S_0092_Wat,291.1999705
34,Sample_S19S_0092_Wat,292.0462633
37,Sample_S19S_0092_Wat,292.1038307
46,Sample_S19S_0092_Wat,292.1190716
3,Sample_S19S_0092_Wat,292.2129776
68,Sample_S19S_0092_Wat,293.0303357
38,Sample_S19S_0092_Wat,293.0336884
20,Sample_S19S_0092_Wat,293.0415474
13,Sample_S19S_0092_Wat,293.0489616
86,Sample_S19S_0092_Wat,293.0667099
43,Sample_S19S_0092_Wat,293.0700724
37,Sample_S19S_0092_Wat,293.0779374
38,Sample_S19S_0092_Wat,293.0853214
103,Sample_S19S_0092_Wat,293.1030793
40,Sample_S19S_0092_Wat,293.1064492
25,Sample_S19S_0092_Wat,293.121713
81,Sample_S19S_0092_Wat,293.1394564
32,Sample_S19S_0092_Wat,293.1428284
13,Sample_S19S_0092_Wat,293.1757942
4,Sample_S19S_0092_Wat,293.179192
44,Sample_S19S_0092_Wat,294.0619153
68,Sample_S19S_0092_Wat,294.098304
84,Sample_S19S_0092_Wat,295.0459444
36,Sample_S19S_0092_Wat,295.0493263
24,Sample_S19S_0092_Wat,295.0572284
5,Sample_S19S_0092_Wat,295.0646393
120,Sample_S19S_0092_Wat,295.0823376
44,Sample_S19S_0092_Wat,295.0857132
8,Sample_S19S_0092_Wat,295.093638
10,Sample_S19S_0092_Wat,295.1010171
120,Sample_S19S_0092_Wat,295.1187213
37,Sample_S19S_0092_Wat,295.1221028
6,Sample_S19S_0092_Wat,295.1300362
8,Sample_S19S_0092_Wat,295.137392
64,Sample_S19S_0092_Wat,295.1550986
29,Sample_S19S_0092_Wat,296.0411763
18,Sample_S19S_0092_Wat,296.0598483
64,Sample_S19S_0092_Wat,296.0775656
13,Sample_S19S_0092_Wat,296.0888474
50,Sample_S19S_0092_Wat,296.1139469
27,Sample_S19S_0092_Wat,297.0074532
68,Sample_S19S_0092_Wat,297.025237
17,Sample_S19S_0092_Wat,297.0286033
31,Sample_S19S_0092_Wat,297.0438655
94,Sample_S19S_0092_Wat,297.0616262
60,Sample_S19S_0092_Wat,297.080232
75,Sample_S19S_0092_Wat,297.0980154
34,Sample_S19S_0092_Wat,297.109248
31,Sample_S19S_0092_Wat,297.116632
46,Sample_S19S_0092_Wat,297.1344063
1,Sample_S19S_0092_Wat,297.1473271
23,Sample_S19S_0092_Wat,297.1529844
19,Sample_S19S_0092_Wat,297.1707937
29,Sample_S19S_0092_Wat,298.0390937
64,Sample_S19S_0092_Wat,298.0568737
14,Sample_S19S_0092_Wat,298.0680861
17,Sample_S19S_0092_Wat,298.0755091
68,Sample_S19S_0092_Wat,298.0932671
7,Sample_S19S_0092_Wat,298.104418
43,Sample_S19S_0092_Wat,298.1296449
36,Sample_S19S_0092_Wat,299.0231228
72,Sample_S19S_0092_Wat,299.0408894
29,Sample_S19S_0092_Wat,299.0521095
65,Sample_S19S_0092_Wat,299.0595
109,Sample_S19S_0092_Wat,299.0772616
45,Sample_S19S_0092_Wat,299.0958611
95,Sample_S19S_0092_Wat,299.1136455
28,Sample_S19S_0092_Wat,299.1248677
38,Sample_S19S_0092_Wat,299.1322536
1,Sample_S19S_0092_Wat,299.1488351
81,Sample_S19S_0092_Wat,299.1500243
2,Sample_S19S_0092_Wat,299.1572826
20,Sample_S19S_0092_Wat,300.018357
32,Sample_S19S_0092_Wat,300.0547441
65,Sample_S19S_0092_Wat,300.0725
54,Sample_S19S_0092_Wat,300.1089049
54,Sample_S19S_0092_Wat,301.0387674
72,Sample_S19S_0092_Wat,301.0565488
3,Sample_S19S_0092_Wat,301.059776
21,Sample_S19S_0092_Wat,301.0677875
69,Sample_S19S_0092_Wat,301.0751454
75,Sample_S19S_0092_Wat,301.092932
37,Sample_S19S_0092_Wat,301.1041695
35,Sample_S19S_0092_Wat,301.1081829
46,Sample_S19S_0092_Wat,301.1115398
56,Sample_S19S_0092_Wat,301.129318
33,Sample_S19S_0092_Wat,301.1445638
38,Sample_S19S_0092_Wat,301.1656955
12,Sample_S19S_0092_Wat,302.0340371
41,Sample_S19S_0092_Wat,302.0518004
4,Sample_S19S_0092_Wat,302.0629734
41,Sample_S19S_0092_Wat,302.0670162
38,Sample_S19S_0092_Wat,302.0881947
33,Sample_S19S_0092_Wat,302.1245742
32,Sample_S19S_0092_Wat,303.0180437
57,Sample_S19S_0092_Wat,303.0510433
69,Sample_S19S_0092_Wat,303.0544081
84,Sample_S19S_0092_Wat,303.0721573
64,Sample_S19S_0092_Wat,303.0874395
63,Sample_S19S_0092_Wat,303.0907893
10,Sample_S19S_0092_Wat,303.1060677
95,Sample_S19S_0092_Wat,303.1085414
55,Sample_S19S_0092_Wat,303.1238249
65,Sample_S19S_0092_Wat,303.1449308
32,Sample_S19S_0092_Wat,303.1602155
29,Sample_S19S_0092_Wat,303.1813306
5,Sample_S19S_0092_Wat,303.1999961
10,Sample_S19S_0092_Wat,304.0132772
34,Sample_S19S_0092_Wat,304.0462877
18,Sample_S19S_0092_Wat,304.0496456
38,Sample_S19S_0092_Wat,304.0674332
50,Sample_S19S_0092_Wat,304.0826613
37,Sample_S19S_0092_Wat,304.1038383
54,Sample_S19S_0092_Wat,304.119049
10,Sample_S19S_0092_Wat,304.1402446
1,Sample_S19S_0092_Wat,304.1587751
54,Sample_S19S_0092_Wat,305.0303157
45,Sample_S19S_0092_Wat,305.0336873
24,Sample_S19S_0092_Wat,305.0489365
88,Sample_S19S_0092_Wat,305.0666877
61,Sample_S19S_0092_Wat,305.0700613
12,Sample_S19S_0092_Wat,305.0779953
52,Sample_S19S_0092_Wat,305.087829
80,Sample_S19S_0092_Wat,305.1030852
40,Sample_S19S_0092_Wat,305.1064563
8,Sample_S19S_0092_Wat,305.1143903
13,Sample_S19S_0092_Wat,305.1217175
34,Sample_S19S_0092_Wat,305.1242388
61,Sample_S19S_0092_Wat,305.1394662
23,Sample_S19S_0092_Wat,305.1428533
6,Sample_S19S_0092_Wat,305.1507744
13,Sample_S19S_0092_Wat,305.160638
5,Sample_S19S_0092_Wat,306.0732435
20,Sample_S19S_0092_Wat,306.0831168
59,Sample_S19S_0092_Wat,306.0983427
3,Sample_S19S_0092_Wat,306.1195211
51,Sample_S19S_0092_Wat,306.1347087
7,Sample_S19S_0092_Wat,307.0282517
88,Sample_S19S_0092_Wat,307.0459779
37,Sample_S19S_0092_Wat,307.0493115
13,Sample_S19S_0092_Wat,307.0572343
40,Sample_S19S_0092_Wat,307.0645834
41,Sample_S19S_0092_Wat,307.0670824
64,Sample_S19S_0092_Wat,307.0823737
38,Sample_S19S_0092_Wat,307.0857227
32,Sample_S19S_0092_Wat,307.0936059
24,Sample_S19S_0092_Wat,307.1009424
44,Sample_S19S_0092_Wat,307.1187572
24,Sample_S19S_0092_Wat,307.1221115
21,Sample_S19S_0092_Wat,307.137328
38,Sample_S19S_0092_Wat,307.1551342
14,Sample_S19S_0092_Wat,307.1585022
23,Sample_S19S_0092_Wat,307.1762215
11,Sample_S19S_0092_Wat,307.194883
54,Sample_S19S_0092_Wat,308.0412303
71,Sample_S19S_0092_Wat,308.0775973
13,Sample_S19S_0092_Wat,308.0888546
68,Sample_S19S_0092_Wat,308.1139545
63,Sample_S19S_0092_Wat,309.0252469
105,Sample_S19S_0092_Wat,309.0616036
35,Sample_S19S_0092_Wat,309.0728691
45,Sample_S19S_0092_Wat,309.0802354
28,Sample_S19S_0092_Wat,309.0827414
110,Sample_S19S_0092_Wat,309.0979773
37,Sample_S19S_0092_Wat,309.1013433
17,Sample_S19S_0092_Wat,309.1092661
29,Sample_S19S_0092_Wat,309.1165856
20,Sample_S19S_0092_Wat,309.1191413
93,Sample_S19S_0092_Wat,309.1343649
12,Sample_S19S_0092_Wat,309.1377003
21,Sample_S19S_0092_Wat,309.1530159
49,Sample_S19S_0092_Wat,309.1707647
19,Sample_S19S_0092_Wat,309.1741269
52,Sample_S19S_0092_Wat,310.0568411
71,Sample_S19S_0092_Wat,310.0932206
63,Sample_S19S_0092_Wat,310.1296176
40,Sample_S19S_0092_Wat,311.0231058
78,Sample_S19S_0092_Wat,311.0408991
12,Sample_S19S_0092_Wat,311.0442627
27,Sample_S19S_0092_Wat,311.0521121
25,Sample_S19S_0092_Wat,311.0594676
98,Sample_S19S_0092_Wat,311.0772659
40,Sample_S19S_0092_Wat,311.0958599
13,Sample_S19S_0092_Wat,311.105537
131,Sample_S19S_0092_Wat,311.1136352
33,Sample_S19S_0092_Wat,311.1248899
24,Sample_S19S_0092_Wat,311.132285
89,Sample_S19S_0092_Wat,311.1500195
12,Sample_S19S_0092_Wat,311.1686157
1,Sample_S19S_0092_Wat,312.0109509
39,Sample_S19S_0092_Wat,312.0361043
64,Sample_S19S_0092_Wat,312.0725103
16,Sample_S19S_0092_Wat,312.0837209
33,Sample_S19S_0092_Wat,312.0911129
19,Sample_S19S_0092_Wat,312.1453188
55,Sample_S19S_0092_Wat,313.0387549
82,Sample_S19S_0092_Wat,313.0565398
24,Sample_S19S_0092_Wat,313.075094
5,Sample_S19S_0092_Wat,313.0830618
87,Sample_S19S_0092_Wat,313.0929245
9,Sample_S19S_0092_Wat,313.0961301
2,Sample_S19S_0092_Wat,313.1001001
48,Sample_S19S_0092_Wat,313.1041391
39,Sample_S19S_0092_Wat,313.1115031
82,Sample_S19S_0092_Wat,313.1293014
11,Sample_S19S_0092_Wat,313.1405754
22,Sample_S19S_0092_Wat,313.1479364
2,Sample_S19S_0092_Wat,313.1729347
21,Sample_S19S_0092_Wat,314.0340001
52,Sample_S19S_0092_Wat,314.0517902
76,Sample_S19S_0092_Wat,314.0881771
57,Sample_S19S_0092_Wat,314.1245573
35,Sample_S19S_0092_Wat,315.0180328
61,Sample_S19S_0092_Wat,315.035781
69,Sample_S19S_0092_Wat,315.0544106
82,Sample_S19S_0092_Wat,315.0721791
24,Sample_S19S_0092_Wat,315.0873994
24,Sample_S19S_0092_Wat,315.0907452
78,Sample_S19S_0092_Wat,315.1085755
2,Sample_S19S_0092_Wat,315.1157834
53,Sample_S19S_0092_Wat,315.1238052
26,Sample_S19S_0092_Wat,315.1271409
56,Sample_S19S_0092_Wat,315.1449559
35,Sample_S19S_0092_Wat,315.1813307
8,Sample_S19S_0092_Wat,316.0497023
42,Sample_S19S_0092_Wat,316.0674166
42,Sample_S19S_0092_Wat,316.0826874
75,Sample_S19S_0092_Wat,316.1038062
31,Sample_S19S_0092_Wat,316.1402237
9,Sample_S19S_0092_Wat,317.0337185
1,Sample_S19S_0092_Wat,317.0503118
63,Sample_S19S_0092_Wat,317.0666936
65,Sample_S19S_0092_Wat,317.0700656
96,Sample_S19S_0092_Wat,317.0878157
5,Sample_S19S_0092_Wat,317.0910686
58,Sample_S19S_0092_Wat,317.1030588
27,Sample_S19S_0092_Wat,317.1063977
3,Sample_S19S_0092_Wat,317.1217608
58,Sample_S19S_0092_Wat,317.124227
58,Sample_S19S_0092_Wat,317.1394552
43,Sample_S19S_0092_Wat,317.1606071
12,Sample_S19S_0092_Wat,318.0289877
44,Sample_S19S_0092_Wat,318.0619419
19,Sample_S19S_0092_Wat,318.0652889
20,Sample_S19S_0092_Wat,318.0831173
43,Sample_S19S_0092_Wat,318.0982984
29,Sample_S19S_0092_Wat,318.1194966
9,Sample_S19S_0092_Wat,318.1744533
15,Sample_S19S_0092_Wat,319.0460069
10,Sample_S19S_0092_Wat,319.0493681
1,Sample_S19S_0092_Wat,319.0573003
2,Sample_S19S_0092_Wat,319.0644839
43,Sample_S19S_0092_Wat,319.0670953
79,Sample_S19S_0092_Wat,319.0823624
60,Sample_S19S_0092_Wat,319.0857041
3,Sample_S19S_0092_Wat,319.0936659
43,Sample_S19S_0092_Wat,319.103481
85,Sample_S19S_0092_Wat,319.1187158
22,Sample_S19S_0092_Wat,319.1220501
18,Sample_S19S_0092_Wat,319.1373652
47,Sample_S19S_0092_Wat,319.139868
56,Sample_S19S_0092_Wat,319.1551015
13,Sample_S19S_0092_Wat,319.1663556
26,Sample_S19S_0092_Wat,319.1762558
14,Sample_S19S_0092_Wat,319.1948735
45,Sample_S19S_0092_Wat,320.0412195
44,Sample_S19S_0092_Wat,320.0776287
22,Sample_S19S_0092_Wat,320.0987676
28,Sample_S19S_0092_Wat,320.1140206
26,Sample_S19S_0092_Wat,320.1351354
1,Sample_S19S_0092_Wat,320.2442999
46,Sample_S19S_0092_Wat,321.0252313
65,Sample_S19S_0092_Wat,321.0616406
30,Sample_S19S_0092_Wat,321.0649964
17,Sample_S19S_0092_Wat,321.0728956
12,Sample_S19S_0092_Wat,321.0801765
38,Sample_S19S_0092_Wat,321.0827529
42,Sample_S19S_0092_Wat,321.0980285
14,Sample_S19S_0092_Wat,321.1013887
7,Sample_S19S_0092_Wat,321.1093021
23,Sample_S19S_0092_Wat,321.1165866
72,Sample_S19S_0092_Wat,321.1343949
4,Sample_S19S_0092_Wat,321.1530533
43,Sample_S19S_0092_Wat,321.1707672
24,Sample_S19S_0092_Wat,321.1741256
5,Sample_S19S_0092_Wat,321.1919373
15,Sample_S19S_0092_Wat,321.2105248
59,Sample_S19S_0092_Wat,322.0568903
4,Sample_S19S_0092_Wat,322.0681484
74,Sample_S19S_0092_Wat,322.0932669
13,Sample_S19S_0092_Wat,322.1045081
59,Sample_S19S_0092_Wat,323.0408542
13,Sample_S19S_0092_Wat,323.0521494
39,Sample_S19S_0092_Wat,323.0595051
104,Sample_S19S_0092_Wat,323.0772527
24,Sample_S19S_0092_Wat,323.0805863
43,Sample_S19S_0092_Wat,323.0884973
23,Sample_S19S_0092_Wat,323.0958413
47,Sample_S19S_0092_Wat,323.098376
60,Sample_S19S_0092_Wat,323.1136726
44,Sample_S19S_0092_Wat,323.1170088
28,Sample_S19S_0092_Wat,323.1322416
58,Sample_S19S_0092_Wat,323.1500462
15,Sample_S19S_0092_Wat,323.1534135
11,Sample_S19S_0092_Wat,323.1686736
33,Sample_S19S_0092_Wat,323.1864241
11,Sample_S19S_0092_Wat,323.1897708
46,Sample_S19S_0092_Wat,324.0361498
70,Sample_S19S_0092_Wat,324.0725027
72,Sample_S19S_0092_Wat,324.108871
37,Sample_S19S_0092_Wat,324.1453087
34,Sample_S19S_0092_Wat,325.0387758
87,Sample_S19S_0092_Wat,325.0565425
24,Sample_S19S_0092_Wat,325.0598684
11,Sample_S19S_0092_Wat,325.0678176
51,Sample_S19S_0092_Wat,325.0751326
113,Sample_S19S_0092_Wat,325.0928926
18,Sample_S19S_0092_Wat,325.0962248
43,Sample_S19S_0092_Wat,325.1041654
46,Sample_S19S_0092_Wat,325.111525
86,Sample_S19S_0092_Wat,325.1292996
37,Sample_S19S_0092_Wat,325.1405449
33,Sample_S19S_0092_Wat,325.1479013
12,Sample_S19S_0092_Wat,325.1503948
42,Sample_S19S_0092_Wat,325.1657004
14,Sample_S19S_0092_Wat,325.1690405
4,Sample_S19S_0092_Wat,325.1842438
48,Sample_S19S_0092_Wat,326.0518083
70,Sample_S19S_0092_Wat,326.0881656
14,Sample_S19S_0092_Wat,326.0994109
25,Sample_S19S_0092_Wat,326.103396
64,Sample_S19S_0092_Wat,326.1245662
17,Sample_S19S_0092_Wat,326.1358013
61,Sample_S19S_0092_Wat,327.035782
25,Sample_S19S_0092_Wat,327.0543882
74,Sample_S19S_0092_Wat,327.0722018
42,Sample_S19S_0092_Wat,327.0834311
40,Sample_S19S_0092_Wat,327.0874372
19,Sample_S19S_0092_Wat,327.090737
78,Sample_S19S_0092_Wat,327.1085831
36,Sample_S19S_0092_Wat,327.1271924
78,Sample_S19S_0092_Wat,327.1449492
8,Sample_S19S_0092_Wat,327.1636073
3,Sample_S19S_0092_Wat,327.2177565
18,Sample_S19S_0092_Wat,328.0496201
51,Sample_S19S_0092_Wat,328.067419
78,Sample_S19S_0092_Wat,328.1037984
14,Sample_S19S_0092_Wat,328.1150539
32,Sample_S19S_0092_Wat,328.140231
5,Sample_S19S_0092_Wat,328.1766323
51,Sample_S19S_0092_Wat,329.0336784
42,Sample_S19S_0092_Wat,329.0514722
66,Sample_S19S_0092_Wat,329.0700573
106,Sample_S19S_0092_Wat,329.0878075
38,Sample_S19S_0092_Wat,329.0990585
46,Sample_S19S_0092_Wat,329.1030905
56,Sample_S19S_0092_Wat,329.1064332
77,Sample_S19S_0092_Wat,329.1242163
14,Sample_S19S_0092_Wat,329.1394079
31,Sample_S19S_0092_Wat,329.1427997
1,Sample_S19S_0092_Wat,329.152419
61,Sample_S19S_0092_Wat,329.1605843
31,Sample_S19S_0092_Wat,329.1969687
10,Sample_S19S_0092_Wat,329.2333488
27,Sample_S19S_0092_Wat,330.0619755
13,Sample_S19S_0092_Wat,330.0653631
30,Sample_S19S_0092_Wat,330.0831155
19,Sample_S19S_0092_Wat,330.0983753
58,Sample_S19S_0092_Wat,330.1194763
32,Sample_S19S_0092_Wat,331.0459941
47,Sample_S19S_0092_Wat,331.0493372
64,Sample_S19S_0092_Wat,331.0670688
56,Sample_S19S_0092_Wat,331.0823608
58,Sample_S19S_0092_Wat,331.0857029
52,Sample_S19S_0092_Wat,331.1034998
67,Sample_S19S_0092_Wat,331.1187275
35,Sample_S19S_0092_Wat,331.122066
25,Sample_S19S_0092_Wat,331.1399002
12,Sample_S19S_0092_Wat,331.155166
46,Sample_S19S_0092_Wat,331.1762541
3,Sample_S19S_0092_Wat,331.2126721
29,Sample_S19S_0092_Wat,332.0412408
6,Sample_S19S_0092_Wat,332.0446462
34,Sample_S19S_0092_Wat,332.0623668
53,Sample_S19S_0092_Wat,332.0775831
48,Sample_S19S_0092_Wat,332.0987468
41,Sample_S19S_0092_Wat,332.1139958
37,Sample_S19S_0092_Wat,332.1351167
10,Sample_S19S_0092_Wat,333.0286322
31,Sample_S19S_0092_Wat,333.0616512
11,Sample_S19S_0092_Wat,333.0650225
39,Sample_S19S_0092_Wat,333.08277
78,Sample_S19S_0092_Wat,333.0980074
50,Sample_S19S_0092_Wat,333.1013488
12,Sample_S19S_0092_Wat,333.1191757
34,Sample_S19S_0092_Wat,333.1344131
47,Sample_S19S_0092_Wat,333.137741
5,Sample_S19S_0092_Wat,333.1529476
23,Sample_S19S_0092_Wat,333.1707943
51,Sample_S19S_0092_Wat,334.0568812
1,Sample_S19S_0092_Wat,334.0681951
23,Sample_S19S_0092_Wat,334.0780188
44,Sample_S19S_0092_Wat,334.0932769
14,Sample_S19S_0092_Wat,334.1144217
40,Sample_S19S_0092_Wat,335.0409093
18,Sample_S19S_0092_Wat,335.0442667
7,Sample_S19S_0092_Wat,335.0521847
85,Sample_S19S_0092_Wat,335.0772597
55,Sample_S19S_0092_Wat,335.0806299
53,Sample_S19S_0092_Wat,335.1136067
7,Sample_S19S_0092_Wat,335.1169263
14,Sample_S19S_0092_Wat,335.124927
26,Sample_S19S_0092_Wat,335.1322424
62,Sample_S19S_0092_Wat,335.150042
15,Sample_S19S_0092_Wat,335.1686629
31,Sample_S19S_0092_Wat,335.1711407
38,Sample_S19S_0092_Wat,335.1864245
18,Sample_S19S_0092_Wat,335.1897865
2,Sample_S19S_0092_Wat,335.2358032
18,Sample_S19S_0092_Wat,336.0361684
30,Sample_S19S_0092_Wat,336.0725571
1,Sample_S19S_0092_Wat,336.0937181
66,Sample_S19S_0092_Wat,336.1089144
2,Sample_S19S_0092_Wat,336.1301036
3,Sample_S19S_0092_Wat,336.1453517
38,Sample_S19S_0092_Wat,337.0201415
50,Sample_S19S_0092_Wat,337.0564852
7,Sample_S19S_0092_Wat,337.0598227
26,Sample_S19S_0092_Wat,337.0677837
18,Sample_S19S_0092_Wat,337.0695448
102,Sample_S19S_0092_Wat,337.0929176
23,Sample_S19S_0092_Wat,337.0962416
14,Sample_S19S_0092_Wat,337.1041904
24,Sample_S19S_0092_Wat,337.111496
105,Sample_S19S_0092_Wat,337.1292866
10,Sample_S19S_0092_Wat,337.1326102
14,Sample_S19S_0092_Wat,337.1405715
29,Sample_S19S_0092_Wat,337.1479222
57,Sample_S19S_0092_Wat,337.1656867
19,Sample_S19S_0092_Wat,337.1769093
15,Sample_S19S_0092_Wat,337.1842796
5,Sample_S19S_0092_Wat,337.2021218
2,Sample_S19S_0092_Wat,337.2054692
14,Sample_S19S_0092_Wat,338.0518396
78,Sample_S19S_0092_Wat,338.0881798
51,Sample_S19S_0092_Wat,338.1245766
52,Sample_S19S_0092_Wat,339.0357996
10,Sample_S19S_0092_Wat,339.0487586
6,Sample_S19S_0092_Wat,339.0543354
108,Sample_S19S_0092_Wat,339.0721726
8,Sample_S19S_0092_Wat,339.0754853
10,Sample_S19S_0092_Wat,339.0834699
13,Sample_S19S_0092_Wat,339.0907316
114,Sample_S19S_0092_Wat,339.1085453
33,Sample_S19S_0092_Wat,339.1198231
35,Sample_S19S_0092_Wat,339.1271705
34,Sample_S19S_0092_Wat,339.1449816
23,Sample_S19S_0092_Wat,339.1635623
9,Sample_S19S_0092_Wat,339.1660725
40,Sample_S19S_0092_Wat,339.1813533
7,Sample_S19S_0092_Wat,339.1999929
28,Sample_S19S_0092_Wat,340.0496356
20,Sample_S19S_0092_Wat,340.0674792
16,Sample_S19S_0092_Wat,340.0786492
71,Sample_S19S_0092_Wat,340.1038147
60,Sample_S19S_0092_Wat,340.1401964
16,Sample_S19S_0092_Wat,341.0336306
65,Sample_S19S_0092_Wat,341.0514621
3,Sample_S19S_0092_Wat,341.0627609
12,Sample_S19S_0092_Wat,341.0644368
24,Sample_S19S_0092_Wat,341.0700215
111,Sample_S19S_0092_Wat,341.0878109
29,Sample_S19S_0092_Wat,341.0990914
16,Sample_S19S_0092_Wat,341.1031062
30,Sample_S19S_0092_Wat,341.1064053
40,Sample_S19S_0092_Wat,341.12425
44,Sample_S19S_0092_Wat,341.1428161
53,Sample_S19S_0092_Wat,341.1606173
6,Sample_S19S_0092_Wat,341.179252
1,Sample_S19S_0092_Wat,341.1957794
2,Sample_S19S_0092_Wat,341.2042417
37,Sample_S19S_0092_Wat,342.0467143
15,Sample_S19S_0092_Wat,342.0653388
66,Sample_S19S_0092_Wat,342.0830768
20,Sample_S19S_0092_Wat,342.0983003
54,Sample_S19S_0092_Wat,342.1194926
21,Sample_S19S_0092_Wat,342.1306966
51,Sample_S19S_0092_Wat,342.155837
41,Sample_S19S_0092_Wat,343.0307124
21,Sample_S19S_0092_Wat,343.0492868
54,Sample_S19S_0092_Wat,343.067113
63,Sample_S19S_0092_Wat,343.0857039
109,Sample_S19S_0092_Wat,343.1034685
45,Sample_S19S_0092_Wat,343.1147254
36,Sample_S19S_0092_Wat,343.1187422
46,Sample_S19S_0092_Wat,343.1220769
20,Sample_S19S_0092_Wat,343.1399075
36,Sample_S19S_0092_Wat,343.1584698
44,Sample_S19S_0092_Wat,343.1762631
8,Sample_S19S_0092_Wat,344.0446381
45,Sample_S19S_0092_Wat,344.0623517
36,Sample_S19S_0092_Wat,344.0775907
45,Sample_S19S_0092_Wat,344.0987606
4,Sample_S19S_0092_Wat,344.1350437
35,Sample_S19S_0092_Wat,345.0286059
48,Sample_S19S_0092_Wat,345.0463327
50,Sample_S19S_0092_Wat,345.0616254
49,Sample_S19S_0092_Wat,345.0649742
56,Sample_S19S_0092_Wat,345.0827674
59,Sample_S19S_0092_Wat,345.0980089
45,Sample_S19S_0092_Wat,345.1013399
62,Sample_S19S_0092_Wat,345.1191373
16,Sample_S19S_0092_Wat,345.1344288
50,Sample_S19S_0092_Wat,345.1377389
31,Sample_S19S_0092_Wat,345.1555412
39,Sample_S19S_0092_Wat,345.170772
24,Sample_S19S_0092_Wat,346.0569005
8,Sample_S19S_0092_Wat,346.0602831
38,Sample_S19S_0092_Wat,346.07802
51,Sample_S19S_0092_Wat,346.0932318
54,Sample_S19S_0092_Wat,346.1143644
38,Sample_S19S_0092_Wat,346.1296472
33,Sample_S19S_0092_Wat,346.1507606
1,Sample_S19S_0092_Wat,346.2154294
43,Sample_S19S_0092_Wat,347.0408756
48,Sample_S19S_0092_Wat,347.0442381
36,Sample_S19S_0092_Wat,347.0620279
80,Sample_S19S_0092_Wat,347.0772564
32,Sample_S19S_0092_Wat,347.0805924
23,Sample_S19S_0092_Wat,347.0903002
68,Sample_S19S_0092_Wat,347.0983726
35,Sample_S19S_0092_Wat,347.1136821
52,Sample_S19S_0092_Wat,347.1170036
29,Sample_S19S_0092_Wat,347.1348045
67,Sample_S19S_0092_Wat,347.1500262
9,Sample_S19S_0092_Wat,347.1864695
25,Sample_S19S_0092_Wat,348.0725611
63,Sample_S19S_0092_Wat,348.1089104
12,Sample_S19S_0092_Wat,348.1300774
20,Sample_S19S_0092_Wat,349.0564693
18,Sample_S19S_0092_Wat,349.0598406
77,Sample_S19S_0092_Wat,349.0929209
26,Sample_S19S_0092_Wat,349.0962266
22,Sample_S19S_0092_Wat,349.1059291
81,Sample_S19S_0092_Wat,349.129303
10,Sample_S19S_0092_Wat,349.1325881
62,Sample_S19S_0092_Wat,349.1656793
10,Sample_S19S_0092_Wat,349.1769523
11,Sample_S19S_0092_Wat,349.2021049
9,Sample_S19S_0092_Wat,349.241819
16,Sample_S19S_0092_Wat,350.0518357
71,Sample_S19S_0092_Wat,350.0881844
28,Sample_S19S_0092_Wat,350.1245924
50,Sample_S19S_0092_Wat,351.0357871
12,Sample_S19S_0092_Wat,351.0488144
70,Sample_S19S_0092_Wat,351.0721501
24,Sample_S19S_0092_Wat,351.075514
52,Sample_S19S_0092_Wat,351.1085115
9,Sample_S19S_0092_Wat,351.1118012
24,Sample_S19S_0092_Wat,351.121581
7,Sample_S19S_0092_Wat,351.1271127
43,Sample_S19S_0092_Wat,351.1449775
23,Sample_S19S_0092_Wat,351.1635528
46,Sample_S19S_0092_Wat,351.1813076
1,Sample_S19S_0092_Wat,351.2025132
4,Sample_S19S_0092_Wat,351.2210572
2,Sample_S19S_0092_Wat,351.2307319
23,Sample_S19S_0092_Wat,352.0674721
73,Sample_S19S_0092_Wat,352.1038206
35,Sample_S19S_0092_Wat,352.140233
29,Sample_S19S_0092_Wat,353.0336695
39,Sample_S19S_0092_Wat,353.0514753
5,Sample_S19S_0092_Wat,353.0627608
12,Sample_S19S_0092_Wat,353.0700048
108,Sample_S19S_0092_Wat,353.0878166
7,Sample_S19S_0092_Wat,353.0911135
27,Sample_S19S_0092_Wat,353.0990962
12,Sample_S19S_0092_Wat,353.1008561
8,Sample_S19S_0092_Wat,353.1063571
26,Sample_S19S_0092_Wat,353.1089374
76,Sample_S19S_0092_Wat,353.124233
32,Sample_S19S_0092_Wat,353.1428017
11,Sample_S19S_0092_Wat,353.145294
53,Sample_S19S_0092_Wat,353.1605629
17,Sample_S19S_0092_Wat,353.1791877
30,Sample_S19S_0092_Wat,353.1970034
15,Sample_S19S_0092_Wat,353.2003494
9,Sample_S19S_0092_Wat,353.2155648
39,Sample_S19S_0092_Wat,354.0467104
42,Sample_S19S_0092_Wat,354.0653026
70,Sample_S19S_0092_Wat,354.0830704
22,Sample_S19S_0092_Wat,354.0942884
65,Sample_S19S_0092_Wat,354.1194893
60,Sample_S19S_0092_Wat,354.1558443
38,Sample_S19S_0092_Wat,355.0306981
12,Sample_S19S_0092_Wat,355.0492579
64,Sample_S19S_0092_Wat,355.0671162
6,Sample_S19S_0092_Wat,355.0784081
14,Sample_S19S_0092_Wat,355.0856467
104,Sample_S19S_0092_Wat,355.1034699
51,Sample_S19S_0092_Wat,355.1147135
19,Sample_S19S_0092_Wat,355.1220436
21,Sample_S19S_0092_Wat,355.1399086
3,Sample_S19S_0092_Wat,355.1431231
29,Sample_S19S_0092_Wat,355.1584835
52,Sample_S19S_0092_Wat,355.1762476
17,Sample_S19S_0092_Wat,355.194839
59,Sample_S19S_0092_Wat,356.0623586
36,Sample_S19S_0092_Wat,356.0987693
37,Sample_S19S_0092_Wat,356.1173256
57,Sample_S19S_0092_Wat,356.1350838
35,Sample_S19S_0092_Wat,356.1715182
45,Sample_S19S_0092_Wat,357.046323
30,Sample_S19S_0092_Wat,357.061636
23,Sample_S19S_0092_Wat,357.0649448
89,Sample_S19S_0092_Wat,357.0827228
33,Sample_S19S_0092_Wat,357.093958
35,Sample_S19S_0092_Wat,357.0979761
12,Sample_S19S_0092_Wat,357.1012479
23,Sample_S19S_0092_Wat,357.1110353
98,Sample_S19S_0092_Wat,357.1191097
1,Sample_S19S_0092_Wat,357.1223191
34,Sample_S19S_0092_Wat,357.1377249
71,Sample_S19S_0092_Wat,357.1554992
3,Sample_S19S_0092_Wat,357.1739556
41,Sample_S19S_0092_Wat,357.191896
6,Sample_S19S_0092_Wat,358.023896
14,Sample_S19S_0092_Wat,358.0602729
55,Sample_S19S_0092_Wat,358.077999
38,Sample_S19S_0092_Wat,358.0932734
27,Sample_S19S_0092_Wat,358.1507103
7,Sample_S19S_0092_Wat,359.0409252
34,Sample_S19S_0092_Wat,359.0442657
56,Sample_S19S_0092_Wat,359.0619959
43,Sample_S19S_0092_Wat,359.077285
66,Sample_S19S_0092_Wat,359.0806207
35,Sample_S19S_0092_Wat,359.0984239
17,Sample_S19S_0092_Wat,359.1169502
55,Sample_S19S_0092_Wat,359.1347452
55,Sample_S19S_0092_Wat,359.1500213
45,Sample_S19S_0092_Wat,359.1711775
14,Sample_S19S_0092_Wat,360.0395184
14,Sample_S19S_0092_Wat,360.0759181
36,Sample_S19S_0092_Wat,360.093678
47,Sample_S19S_0092_Wat,360.108919
6,Sample_S19S_0092_Wat,360.1299489
37,Sample_S19S_0092_Wat,361.056505
25,Sample_S19S_0092_Wat,361.0598496
17,Sample_S19S_0092_Wat,361.069538
37,Sample_S19S_0092_Wat,361.077621
67,Sample_S19S_0092_Wat,361.0929312
61,Sample_S19S_0092_Wat,361.0962708
50,Sample_S19S_0092_Wat,361.1140532
3,Sample_S19S_0092_Wat,361.1172839
90,Sample_S19S_0092_Wat,361.1292859
10,Sample_S19S_0092_Wat,361.132556
31,Sample_S19S_0092_Wat,361.1423317
59,Sample_S19S_0092_Wat,361.1504109
38,Sample_S19S_0092_Wat,361.1657046
5,Sample_S19S_0092_Wat,362.0552102
6,Sample_S19S_0092_Wat,362.0648049
63,Sample_S19S_0092_Wat,362.0881611
18,Sample_S19S_0092_Wat,362.1093336
8,Sample_S19S_0092_Wat,362.1246138
1,Sample_S19S_0092_Wat,363.014049
45,Sample_S19S_0092_Wat,363.0357881
41,Sample_S19S_0092_Wat,363.0722122
33,Sample_S19S_0092_Wat,363.0755589
84,Sample_S19S_0092_Wat,363.108539
6,Sample_S19S_0092_Wat,363.1118361
21,Sample_S19S_0092_Wat,363.1215932
34,Sample_S19S_0092_Wat,363.1449786
27,Sample_S19S_0092_Wat,363.1812892
9,Sample_S19S_0092_Wat,363.1943423
52,Sample_S19S_0092_Wat,364.0674047
4,Sample_S19S_0092_Wat,364.0803955
64,Sample_S19S_0092_Wat,364.1038292
74,Sample_S19S_0092_Wat,364.1401707
2,Sample_S19S_0092_Wat,364.2259804
22,Sample_S19S_0092_Wat,365.0513776
14,Sample_S19S_0092_Wat,365.0627075
14,Sample_S19S_0092_Wat,365.0644569
89,Sample_S19S_0092_Wat,365.0878382
15,Sample_S19S_0092_Wat,365.0911348
27,Sample_S19S_0092_Wat,365.1008669
47,Sample_S19S_0092_Wat,365.1241727
7,Sample_S19S_0092_Wat,365.1274365
19,Sample_S19S_0092_Wat,365.137244
24,Sample_S19S_0092_Wat,365.1427874
22,Sample_S19S_0092_Wat,365.1606438
8,Sample_S19S_0092_Wat,365.1639128
39,Sample_S19S_0092_Wat,365.1969623
10,Sample_S19S_0092_Wat,365.2100088
11,Sample_S19S_0092_Wat,365.2181231
9,Sample_S19S_0092_Wat,365.2367361
76,Sample_S19S_0092_Wat,366.0830912
73,Sample_S19S_0092_Wat,366.1194629
12,Sample_S19S_0092_Wat,366.1558943
40,Sample_S19S_0092_Wat,367.0306865
80,Sample_S19S_0092_Wat,367.0671094
7,Sample_S19S_0092_Wat,367.0703979
8,Sample_S19S_0092_Wat,367.0784012
11,Sample_S19S_0092_Wat,367.0801169
10,Sample_S19S_0092_Wat,367.0855977
112,Sample_S19S_0092_Wat,367.1034613
8,Sample_S19S_0092_Wat,367.106713
22,Sample_S19S_0092_Wat,367.1147643
34,Sample_S19S_0092_Wat,367.1220623
11,Sample_S19S_0092_Wat,367.1399195
22,Sample_S19S_0092_Wat,367.1584369
49,Sample_S19S_0092_Wat,367.1762158
6,Sample_S19S_0092_Wat,367.1795437
17,Sample_S19S_0092_Wat,367.1948787
24,Sample_S19S_0092_Wat,367.2126519
2,Sample_S19S_0092_Wat,367.2159253
4,Sample_S19S_0092_Wat,367.2312161
20,Sample_S19S_0092_Wat,368.0623951
89,Sample_S19S_0092_Wat,368.0987097
63,Sample_S19S_0092_Wat,368.1351331
51,Sample_S19S_0092_Wat,368.1714856
34,Sample_S19S_0092_Wat,369.0463181
7,Sample_S19S_0092_Wat,369.0648494
82,Sample_S19S_0092_Wat,369.0827443
5,Sample_S19S_0092_Wat,369.0858916
8,Sample_S19S_0092_Wat,369.1012127
24,Sample_S19S_0092_Wat,369.111039
28,Sample_S19S_0092_Wat,369.1190631
5,Sample_S19S_0092_Wat,369.1222192
3,Sample_S19S_0092_Wat,369.1376674
68,Sample_S19S_0092_Wat,369.1555194
16,Sample_S19S_0092_Wat,369.1740825
17,Sample_S19S_0092_Wat,369.1837969
19,Sample_S19S_0092_Wat,369.1918398
2,Sample_S19S_0092_Wat,369.195156
4,Sample_S19S_0092_Wat,370.0698682
56,Sample_S19S_0092_Wat,370.0779692
51,Sample_S19S_0092_Wat,370.1507341
8,Sample_S19S_0092_Wat,371.0441824
62,Sample_S19S_0092_Wat,371.0620102
13,Sample_S19S_0092_Wat,371.0805043
19,Sample_S19S_0092_Wat,371.0902981
42,Sample_S19S_0092_Wat,371.0983408
36,Sample_S19S_0092_Wat,371.1136558
13,Sample_S19S_0092_Wat,371.1169082
61,Sample_S19S_0092_Wat,371.1347918
2,Sample_S19S_0092_Wat,371.1380372
43,Sample_S19S_0092_Wat,371.1500297
28,Sample_S19S_0092_Wat,371.1533601
51,Sample_S19S_0092_Wat,371.171134
5,Sample_S19S_0092_Wat,371.1896859
25,Sample_S19S_0092_Wat,372.0395001
29,Sample_S19S_0092_Wat,372.0572277
29,Sample_S19S_0092_Wat,372.0725108
62,Sample_S19S_0092_Wat,372.1300076
44,Sample_S19S_0092_Wat,372.1663973
32,Sample_S19S_0092_Wat,373.0412407
37,Sample_S19S_0092_Wat,373.0565482
32,Sample_S19S_0092_Wat,373.0599109
33,Sample_S19S_0092_Wat,373.0776886
33,Sample_S19S_0092_Wat,373.09294
34,Sample_S19S_0092_Wat,373.0962346
25,Sample_S19S_0092_Wat,373.1059583
61,Sample_S19S_0092_Wat,373.1140108
3,Sample_S19S_0092_Wat,373.1171335
9,Sample_S19S_0092_Wat,373.1325699
16,Sample_S19S_0092_Wat,373.1504711
5,Sample_S19S_0092_Wat,373.153647
12,Sample_S19S_0092_Wat,373.1657318
27,Sample_S19S_0092_Wat,373.1690278
37,Sample_S19S_0092_Wat,373.1867821
6,Sample_S19S_0092_Wat,374.0729636
11,Sample_S19S_0092_Wat,374.091578
12,Sample_S19S_0092_Wat,374.1245961
47,Sample_S19S_0092_Wat,374.1456527
53,Sample_S19S_0092_Wat,375.0721973
49,Sample_S19S_0092_Wat,375.0755416
22,Sample_S19S_0092_Wat,375.0852221
45,Sample_S19S_0092_Wat,375.0932745
4,Sample_S19S_0092_Wat,375.0964463
12,Sample_S19S_0092_Wat,375.1118457
39,Sample_S19S_0092_Wat,375.1297066
3,Sample_S19S_0092_Wat,375.1329028
75,Sample_S19S_0092_Wat,375.1449442
30,Sample_S19S_0092_Wat,375.1579842
20,Sample_S19S_0092_Wat,375.1660121
27,Sample_S19S_0092_Wat,375.1812892
39,Sample_S19S_0092_Wat,376.0674564
5,Sample_S19S_0092_Wat,376.0804218
35,Sample_S19S_0092_Wat,376.1249335
51,Sample_S19S_0092_Wat,377.0514538
32,Sample_S19S_0092_Wat,377.0548048
2,Sample_S19S_0092_Wat,377.0699843
50,Sample_S19S_0092_Wat,377.0877952
12,Sample_S19S_0092_Wat,377.0911145
16,Sample_S19S_0092_Wat,377.100823
11,Sample_S19S_0092_Wat,377.1088705
89,Sample_S19S_0092_Wat,377.1241915
12,Sample_S19S_0092_Wat,377.1274434
11,Sample_S19S_0092_Wat,377.1355192
23,Sample_S19S_0092_Wat,377.1372608
57,Sample_S19S_0092_Wat,377.1606102
17,Sample_S19S_0092_Wat,377.1735945
23,Sample_S19S_0092_Wat,377.1969233
14,Sample_S19S_0092_Wat,378.0466478
50,Sample_S19S_0092_Wat,378.0831073
86,Sample_S19S_0092_Wat,378.1194361
63,Sample_S19S_0092_Wat,378.1558494
32,Sample_S19S_0092_Wat,379.0307221
24,Sample_S19S_0092_Wat,379.0670295
8,Sample_S19S_0092_Wat,379.0703337
16,Sample_S19S_0092_Wat,379.0800689
110,Sample_S19S_0092_Wat,379.1034645
9,Sample_S19S_0092_Wat,379.1067259
27,Sample_S19S_0092_Wat,379.1165229
7,Sample_S19S_0092_Wat,379.1219101
92,Sample_S19S_0092_Wat,379.1398402
19,Sample_S19S_0092_Wat,379.1528588
64,Sample_S19S_0092_Wat,379.1762343
19,Sample_S19S_0092_Wat,379.1892722
13,Sample_S19S_0092_Wat,379.1973729
21,Sample_S19S_0092_Wat,379.2126518
7,Sample_S19S_0092_Wat,379.2337456
82,Sample_S19S_0092_Wat,380.0987084
88,Sample_S19S_0092_Wat,380.1350974
50,Sample_S19S_0092_Wat,381.0463502
28,Sample_S19S_0092_Wat,381.0826619
2,Sample_S19S_0092_Wat,381.0859046
47,Sample_S19S_0092_Wat,381.0939738
5,Sample_S19S_0092_Wat,381.1011448
101,Sample_S19S_0092_Wat,381.1191186
4,Sample_S19S_0092_Wat,381.1224004
11,Sample_S19S_0092_Wat,381.137641
88,Sample_S19S_0092_Wat,381.1555031
8,Sample_S19S_0092_Wat,381.1684945
2,Sample_S19S_0092_Wat,381.1739965
39,Sample_S19S_0092_Wat,381.1918695
4,Sample_S19S_0092_Wat,381.2316122
57,Sample_S19S_0092_Wat,382.0779661
84,Sample_S19S_0092_Wat,382.1143936
24,Sample_S19S_0092_Wat,382.1507159
26,Sample_S19S_0092_Wat,383.0619616
102,Sample_S19S_0092_Wat,383.0983806
27,Sample_S19S_0092_Wat,383.1095949
8,Sample_S19S_0092_Wat,383.1168248
26,Sample_S19S_0092_Wat,383.1266887
33,Sample_S19S_0092_Wat,383.1347075
8,Sample_S19S_0092_Wat,383.1533024
40,Sample_S19S_0092_Wat,383.1711132
16,Sample_S19S_0092_Wat,383.1897381
43,Sample_S19S_0092_Wat,383.2075249
30,Sample_S19S_0092_Wat,384.0572385
60,Sample_S19S_0092_Wat,384.0936599
44,Sample_S19S_0092_Wat,384.1664077
18,Sample_S19S_0092_Wat,385.0412026
4,Sample_S19S_0092_Wat,385.0597522
76,Sample_S19S_0092_Wat,385.0776412
37,Sample_S19S_0092_Wat,385.0888784
13,Sample_S19S_0092_Wat,385.0961706
38,Sample_S19S_0092_Wat,385.1139909
5,Sample_S19S_0092_Wat,385.1171124
25,Sample_S19S_0092_Wat,385.1292595
5,Sample_S19S_0092_Wat,385.1324986
25,Sample_S19S_0092_Wat,385.1423072
43,Sample_S19S_0092_Wat,385.1503825
3,Sample_S19S_0092_Wat,385.1535289
22,Sample_S19S_0092_Wat,385.1690029
38,Sample_S19S_0092_Wat,385.1868285
11,Sample_S19S_0092_Wat,385.2053835
9,Sample_S19S_0092_Wat,385.2231361
40,Sample_S19S_0092_Wat,386.0728862
35,Sample_S19S_0092_Wat,386.0915448
61,Sample_S19S_0092_Wat,386.1093009
47,Sample_S19S_0092_Wat,386.1820531
33,Sample_S19S_0092_Wat,387.0391593
18,Sample_S19S_0092_Wat,387.0568488
11,Sample_S19S_0092_Wat,387.0721252
11,Sample_S19S_0092_Wat,387.075423
17,Sample_S19S_0092_Wat,387.0851909
22,Sample_S19S_0092_Wat,387.0932457
64,Sample_S19S_0092_Wat,387.1085636
10,Sample_S19S_0092_Wat,387.1118261
90,Sample_S19S_0092_Wat,387.1296791
1,Sample_S19S_0092_Wat,387.1328127
10,Sample_S19S_0092_Wat,387.1481778
25,Sample_S19S_0092_Wat,387.1579654
11,Sample_S19S_0092_Wat,387.1659841
21,Sample_S19S_0092_Wat,387.1812925
7,Sample_S19S_0092_Wat,387.1845404
18,Sample_S19S_0092_Wat,387.19436
40,Sample_S19S_0092_Wat,387.2024406
50,Sample_S19S_0092_Wat,388.0674506
10,Sample_S19S_0092_Wat,388.0708456
8,Sample_S19S_0092_Wat,388.080429
41,Sample_S19S_0092_Wat,388.1037783
23,Sample_S19S_0092_Wat,388.1071322
56,Sample_S19S_0092_Wat,388.1249219
40,Sample_S19S_0092_Wat,388.1435497
25,Sample_S19S_0092_Wat,389.051417
5,Sample_S19S_0092_Wat,389.054731
14,Sample_S19S_0092_Wat,389.0644457
18,Sample_S19S_0092_Wat,389.0724972
63,Sample_S19S_0092_Wat,389.0878118
13,Sample_S19S_0092_Wat,389.0911204
23,Sample_S19S_0092_Wat,389.1008827
35,Sample_S19S_0092_Wat,389.108981
4,Sample_S19S_0092_Wat,389.1120281
86,Sample_S19S_0092_Wat,389.1242045
11,Sample_S19S_0092_Wat,389.1274498
23,Sample_S19S_0092_Wat,389.1372295
14,Sample_S19S_0092_Wat,389.1452618
4,Sample_S19S_0092_Wat,389.1484344
30,Sample_S19S_0092_Wat,389.1605387
22,Sample_S19S_0092_Wat,389.1736085
19,Sample_S19S_0092_Wat,389.1816725
38,Sample_S19S_0092_Wat,389.1969883
19,Sample_S19S_0092_Wat,390.0466839
64,Sample_S19S_0092_Wat,390.083092
4,Sample_S19S_0092_Wat,390.086515
33,Sample_S19S_0092_Wat,391.0670531
11,Sample_S19S_0092_Wat,391.070384
41,Sample_S19S_0092_Wat,391.1034381
11,Sample_S19S_0092_Wat,391.1066925
1,Sample_S19S_0092_Wat,391.127927
45,Sample_S19S_0092_Wat,391.1398852
11,Sample_S19S_0092_Wat,391.1430378
15,Sample_S19S_0092_Wat,391.1528412
35,Sample_S19S_0092_Wat,391.1762035
10,Sample_S19S_0092_Wat,391.1892281
31,Sample_S19S_0092_Wat,391.212612
35,Sample_S19S_0092_Wat,392.06231
73,Sample_S19S_0092_Wat,392.098752
24,Sample_S19S_0092_Wat,392.1198706
71,Sample_S19S_0092_Wat,392.1351125
24,Sample_S19S_0092_Wat,393.0463154
11,Sample_S19S_0092_Wat,393.0593644
64,Sample_S19S_0092_Wat,393.0827628
16,Sample_S19S_0092_Wat,393.0860569
1,Sample_S19S_0092_Wat,393.1070308
86,Sample_S19S_0092_Wat,393.1191285
18,Sample_S19S_0092_Wat,393.1321265
43,Sample_S19S_0092_Wat,393.1554711
18,Sample_S19S_0092_Wat,393.1685262
20,Sample_S19S_0092_Wat,393.1919402
16,Sample_S19S_0092_Wat,393.2130193
34,Sample_S19S_0092_Wat,394.078026
52,Sample_S19S_0092_Wat,394.1144108
38,Sample_S19S_0092_Wat,395.0619708
13,Sample_S19S_0092_Wat,395.0732837
50,Sample_S19S_0092_Wat,395.0984243
12,Sample_S19S_0092_Wat,395.116912
121,Sample_S19S_0092_Wat,395.1347697
5,Sample_S19S_0092_Wat,395.1379432
14,Sample_S19S_0092_Wat,395.1477706
8,Sample_S19S_0092_Wat,395.153248
47,Sample_S19S_0092_Wat,395.171191
16,Sample_S19S_0092_Wat,395.2075813
11,Sample_S19S_0092_Wat,396.0870987
65,Sample_S19S_0092_Wat,396.0936653
45,Sample_S19S_0092_Wat,396.13006
68,Sample_S19S_0092_Wat,396.1664019
27,Sample_S19S_0092_Wat,397.0412485
26,Sample_S19S_0092_Wat,397.0775828
3,Sample_S19S_0092_Wat,397.0807351
6,Sample_S19S_0092_Wat,397.0960818
17,Sample_S19S_0092_Wat,397.1059758
68,Sample_S19S_0092_Wat,397.1140135
54,Sample_S19S_0092_Wat,397.1252995
9,Sample_S19S_0092_Wat,397.1325142
89,Sample_S19S_0092_Wat,397.1504225
8,Sample_S19S_0092_Wat,397.1689524
26,Sample_S19S_0092_Wat,397.1867602
7,Sample_S19S_0092_Wat,397.2053333
5,Sample_S19S_0092_Wat,397.2265763
50,Sample_S19S_0092_Wat,398.0729329
75,Sample_S19S_0092_Wat,398.1456531
12,Sample_S19S_0092_Wat,399.0568344
5,Sample_S19S_0092_Wat,399.0753668
19,Sample_S19S_0092_Wat,399.085227
60,Sample_S19S_0092_Wat,399.0932727
11,Sample_S19S_0092_Wat,399.1117451
62,Sample_S19S_0092_Wat,399.1296635
7,Sample_S19S_0092_Wat,399.1480952
14,Sample_S19S_0092_Wat,399.1579458
3,Sample_S19S_0092_Wat,399.1659287
7,Sample_S19S_0092_Wat,399.1845539
16,Sample_S19S_0092_Wat,399.1943775
42,Sample_S19S_0092_Wat,399.2024375
8,Sample_S19S_0092_Wat,400.0708567
42,Sample_S19S_0092_Wat,400.1249077
28,Sample_S19S_0092_Wat,401.0514549
16,Sample_S19S_0092_Wat,401.0547584
12,Sample_S19S_0092_Wat,401.0644945
15,Sample_S19S_0092_Wat,401.0725084
50,Sample_S19S_0092_Wat,401.0878209
14,Sample_S19S_0092_Wat,401.0910681
57,Sample_S19S_0092_Wat,401.1089631
70,Sample_S19S_0092_Wat,401.1453284
1,Sample_S19S_0092_Wat,401.1485197
52,Sample_S19S_0092_Wat,401.1605804
18,Sample_S19S_0092_Wat,401.1736033
15,Sample_S19S_0092_Wat,401.1816514
9,Sample_S19S_0092_Wat,401.200282
18,Sample_S19S_0092_Wat,401.2100146
11,Sample_S19S_0092_Wat,402.0831391
5,Sample_S19S_0092_Wat,402.1042761
8,Sample_S19S_0092_Wat,402.1195259
36,Sample_S19S_0092_Wat,402.1405573
47,Sample_S19S_0092_Wat,403.0671122
54,Sample_S19S_0092_Wat,403.0881974
51,Sample_S19S_0092_Wat,403.1034476
7,Sample_S19S_0092_Wat,403.1066431
22,Sample_S19S_0092_Wat,403.1164656
16,Sample_S19S_0092_Wat,403.1245163
5,Sample_S19S_0092_Wat,403.1276975
74,Sample_S19S_0092_Wat,403.1398463
28,Sample_S19S_0092_Wat,403.1529106
29,Sample_S19S_0092_Wat,403.1609357
21,Sample_S19S_0092_Wat,403.1762826
50,Sample_S19S_0092_Wat,404.0623618
27,Sample_S19S_0092_Wat,404.0834492
78,Sample_S19S_0092_Wat,404.1351085
35,Sample_S19S_0092_Wat,405.0463718
30,Sample_S19S_0092_Wat,405.0827082
7,Sample_S19S_0092_Wat,405.0859264
31,Sample_S19S_0092_Wat,405.1190623
27,Sample_S19S_0092_Wat,405.1321292
1,Sample_S19S_0092_Wat,405.1436148
44,Sample_S19S_0092_Wat,405.1555362
25,Sample_S19S_0092_Wat,405.1685606
5,Sample_S19S_0092_Wat,405.2048711
79,Sample_S19S_0092_Wat,406.1143545
41,Sample_S19S_0092_Wat,407.0620299
12,Sample_S19S_0092_Wat,407.0750599
87,Sample_S19S_0092_Wat,407.0983755
6,Sample_S19S_0092_Wat,407.1018037
15,Sample_S19S_0092_Wat,407.1113661
72,Sample_S19S_0092_Wat,407.1347505
25,Sample_S19S_0092_Wat,407.1477958
6,Sample_S19S_0092_Wat,407.1712237
16,Sample_S19S_0092_Wat,407.2075913
68,Sample_S19S_0092_Wat,408.0936661
96,Sample_S19S_0092_Wat,408.1300077
16,Sample_S19S_0092_Wat,409.0412228
20,Sample_S19S_0092_Wat,409.07757
88,Sample_S19S_0092_Wat,409.1140221
94,Sample_S19S_0092_Wat,409.1504235
7,Sample_S19S_0092_Wat,409.1633923
11,Sample_S19S_0092_Wat,409.1787026
15,Sample_S19S_0092_Wat,409.1867344
36,Sample_S19S_0092_Wat,409.2231724
49,Sample_S19S_0092_Wat,410.0729191
17,Sample_S19S_0092_Wat,410.1092388
76,Sample_S19S_0092_Wat,410.1456867
16,Sample_S19S_0092_Wat,411.0568579
70,Sample_S19S_0092_Wat,411.0933142
3,Sample_S19S_0092_Wat,411.0980765
84,Sample_S19S_0092_Wat,411.1296933
9,Sample_S19S_0092_Wat,411.1482057
27,Sample_S19S_0092_Wat,411.1579879
49,Sample_S19S_0092_Wat,411.1660419
3,Sample_S19S_0092_Wat,411.2022993
16,Sample_S19S_0092_Wat,412.0521769
40,Sample_S19S_0092_Wat,412.0885256
2,Sample_S19S_0092_Wat,412.116775
67,Sample_S19S_0092_Wat,412.1249118
18,Sample_S19S_0092_Wat,413.0361429
9,Sample_S19S_0092_Wat,413.06446
6,Sample_S19S_0092_Wat,413.072442
7,Sample_S19S_0092_Wat,413.0910377
21,Sample_S19S_0092_Wat,413.1008794
74,Sample_S19S_0092_Wat,413.1089345
8,Sample_S19S_0092_Wat,413.127421
14,Sample_S19S_0092_Wat,413.1372735
22,Sample_S19S_0092_Wat,413.1452768
5,Sample_S19S_0092_Wat,413.1637843
18,Sample_S19S_0092_Wat,413.1736056
7,Sample_S19S_0092_Wat,413.1816156
14,Sample_S19S_0092_Wat,413.2100122
4,Sample_S19S_0092_Wat,413.2214346
6,Sample_S19S_0092_Wat,414.0961038
2,Sample_S19S_0092_Wat,415.0671726
12,Sample_S19S_0092_Wat,415.0704085
8,Sample_S19S_0092_Wat,415.080159
53,Sample_S19S_0092_Wat,415.0881916
47,Sample_S19S_0092_Wat,415.1034568
7,Sample_S19S_0092_Wat,415.1066895
18,Sample_S19S_0092_Wat,415.1164835
31,Sample_S19S_0092_Wat,415.1245406
5,Sample_S19S_0092_Wat,415.1430564
18,Sample_S19S_0092_Wat,415.1529316
58,Sample_S19S_0092_Wat,415.1609859
27,Sample_S19S_0092_Wat,415.1795937
32,Sample_S19S_0092_Wat,415.1973464
9,Sample_S19S_0092_Wat,416.0986591
18,Sample_S19S_0092_Wat,417.0463346
9,Sample_S19S_0092_Wat,417.0593749
16,Sample_S19S_0092_Wat,417.0674105
22,Sample_S19S_0092_Wat,417.0826722
9,Sample_S19S_0092_Wat,417.085967
14,Sample_S19S_0092_Wat,417.0957124
20,Sample_S19S_0092_Wat,417.1037889
63,Sample_S19S_0092_Wat,417.1191101
10,Sample_S19S_0092_Wat,417.1223013
32,Sample_S19S_0092_Wat,417.1321667
38,Sample_S19S_0092_Wat,417.1402188
64,Sample_S19S_0092_Wat,417.1555165
35,Sample_S19S_0092_Wat,417.1685514
12,Sample_S19S_0092_Wat,417.1765666
4,Sample_S19S_0092_Wat,417.1951164
3,Sample_S19S_0092_Wat,417.2048604
3,Sample_S19S_0092_Wat,417.2281724
3,Sample_S19S_0092_Wat,418.0714781
37,Sample_S19S_0092_Wat,418.0779721
16,Sample_S19S_0092_Wat,418.1144292
22,Sample_S19S_0092_Wat,419.0619721
11,Sample_S19S_0092_Wat,419.0652534
8,Sample_S19S_0092_Wat,419.0982983
6,Sample_S19S_0092_Wat,419.1015327
5,Sample_S19S_0092_Wat,419.1113471
6,Sample_S19S_0092_Wat,419.1194106
86,Sample_S19S_0092_Wat,419.1347745
9,Sample_S19S_0092_Wat,419.1379181
22,Sample_S19S_0092_Wat,419.1478319
35,Sample_S19S_0092_Wat,419.1711927
26,Sample_S19S_0092_Wat,419.1842051
42,Sample_S19S_0092_Wat,419.207525
32,Sample_S19S_0092_Wat,420.0572817
25,Sample_S19S_0092_Wat,421.0412704
12,Sample_S19S_0092_Wat,421.0777047
16,Sample_S19S_0092_Wat,421.0906648
88,Sample_S19S_0092_Wat,421.1140346
8,Sample_S19S_0092_Wat,421.117183
13,Sample_S19S_0092_Wat,421.1270174
79,Sample_S19S_0092_Wat,421.1504292
1,Sample_S19S_0092_Wat,421.1552081
25,Sample_S19S_0092_Wat,421.1634511
16,Sample_S19S_0092_Wat,421.1868654
2,Sample_S19S_0092_Wat,421.2232692
7,Sample_S19S_0092_Wat,421.2265386
42,Sample_S19S_0092_Wat,422.0728802
35,Sample_S19S_0092_Wat,422.1093338
37,Sample_S19S_0092_Wat,423.0569089
5,Sample_S19S_0092_Wat,423.0698171
27,Sample_S19S_0092_Wat,423.093231
7,Sample_S19S_0092_Wat,423.1046157
101,Sample_S19S_0092_Wat,423.1296813
25,Sample_S19S_0092_Wat,423.1661225
18,Sample_S19S_0092_Wat,423.179095
47,Sample_S19S_0092_Wat,423.2024382
3,Sample_S19S_0092_Wat,423.2599889
1,Sample_S19S_0092_Wat,424.0886497
51,Sample_S19S_0092_Wat,424.1249783
26,Sample_S19S_0092_Wat,425.0361852
8,Sample_S19S_0092_Wat,425.0724714
11,Sample_S19S_0092_Wat,425.0838582
10,Sample_S19S_0092_Wat,425.091008
14,Sample_S19S_0092_Wat,425.1008972
48,Sample_S19S_0092_Wat,425.1089252
13,Sample_S19S_0092_Wat,425.1122932
11,Sample_S19S_0092_Wat,425.127471
14,Sample_S19S_0092_Wat,425.1453873
10,Sample_S19S_0092_Wat,425.1638972
49,Sample_S19S_0092_Wat,425.1816982
5,Sample_S19S_0092_Wat,425.257863
68,Sample_S19S_0092_Wat,426.1405881
70,Sample_S19S_0092_Wat,426.1769689
6,Sample_S19S_0092_Wat,427.0518808
7,Sample_S19S_0092_Wat,427.0801714
35,Sample_S19S_0092_Wat,427.088175
6,Sample_S19S_0092_Wat,427.106705
15,Sample_S19S_0092_Wat,427.1165345
74,Sample_S19S_0092_Wat,427.1245871
13,Sample_S19S_0092_Wat,427.1431663
3,Sample_S19S_0092_Wat,427.1610597
37,Sample_S19S_0092_Wat,427.1796099
5,Sample_S19S_0092_Wat,427.216037
17,Sample_S19S_0092_Wat,427.2337286
1,Sample_S19S_0092_Wat,427.2620734
37,Sample_S19S_0092_Wat,428.1562791
13,Sample_S19S_0092_Wat,428.1925676
34,Sample_S19S_0092_Wat,429.067488
16,Sample_S19S_0092_Wat,429.0861392
4,Sample_S19S_0092_Wat,429.1039457
62,Sample_S19S_0092_Wat,429.1402424
14,Sample_S19S_0092_Wat,429.1555582
6,Sample_S19S_0092_Wat,429.1587517
30,Sample_S19S_0092_Wat,429.1685491
23,Sample_S19S_0092_Wat,429.1765924
37,Sample_S19S_0092_Wat,429.1919036
5,Sample_S19S_0092_Wat,429.195138
23,Sample_S19S_0092_Wat,429.2129876
34,Sample_S19S_0092_Wat,430.0991542
53,Sample_S19S_0092_Wat,430.1354817
38,Sample_S19S_0092_Wat,431.083125
52,Sample_S19S_0092_Wat,431.098388
10,Sample_S19S_0092_Wat,431.1016424
16,Sample_S19S_0092_Wat,431.1113826
23,Sample_S19S_0092_Wat,431.1194411
24,Sample_S19S_0092_Wat,431.1347291
4,Sample_S19S_0092_Wat,431.1378968
25,Sample_S19S_0092_Wat,431.1477957
18,Sample_S19S_0092_Wat,431.1558407
27,Sample_S19S_0092_Wat,431.1711879
5,Sample_S19S_0092_Wat,431.1744536
18,Sample_S19S_0092_Wat,431.1922364
2,Sample_S19S_0092_Wat,431.2206124
65,Sample_S19S_0092_Wat,432.093661
74,Sample_S19S_0092_Wat,432.1300404
4,Sample_S19S_0092_Wat,432.1876103
45,Sample_S19S_0092_Wat,433.077665
13,Sample_S19S_0092_Wat,433.0906617
19,Sample_S19S_0092_Wat,433.1139658
2,Sample_S19S_0092_Wat,433.1171258
5,Sample_S19S_0092_Wat,433.1269982
28,Sample_S19S_0092_Wat,433.1503758
2,Sample_S19S_0092_Wat,433.1535318
28,Sample_S19S_0092_Wat,433.1634586
30,Sample_S19S_0092_Wat,433.1868494
6,Sample_S19S_0092_Wat,433.1900623
8,Sample_S19S_0092_Wat,433.1998888
33,Sample_S19S_0092_Wat,433.223189
8,Sample_S19S_0092_Wat,434.072975
1,Sample_S19S_0092_Wat,434.097107
15,Sample_S19S_0092_Wat,434.1093421
59,Sample_S19S_0092_Wat,435.093324
16,Sample_S19S_0092_Wat,435.1062764
30,Sample_S19S_0092_Wat,435.1296329
2,Sample_S19S_0092_Wat,435.1426364
4,Sample_S19S_0092_Wat,435.1539405
21,Sample_S19S_0092_Wat,435.1659973
16,Sample_S19S_0092_Wat,435.1790631
53,Sample_S19S_0092_Wat,435.2024665
11,Sample_S19S_0092_Wat,435.2155119
18,Sample_S19S_0092_Wat,436.0886111
7,Sample_S19S_0092_Wat,436.1250197
12,Sample_S19S_0092_Wat,437.072483
25,Sample_S19S_0092_Wat,437.1088959
56,Sample_S19S_0092_Wat,437.1453651
2,Sample_S19S_0092_Wat,437.1501127
18,Sample_S19S_0092_Wat,437.158378
51,Sample_S19S_0092_Wat,437.1817485
8,Sample_S19S_0092_Wat,437.2180272
12,Sample_S19S_0092_Wat,438.0678822
78,Sample_S19S_0092_Wat,438.1405683
7,Sample_S19S_0092_Wat,439.051737
60,Sample_S19S_0092_Wat,439.0882098
79,Sample_S19S_0092_Wat,439.1246064
59,Sample_S19S_0092_Wat,439.1358561
15,Sample_S19S_0092_Wat,439.1529344
31,Sample_S19S_0092_Wat,439.1609425
21,Sample_S19S_0092_Wat,439.1892886
19,Sample_S19S_0092_Wat,439.1973056
36,Sample_S19S_0092_Wat,440.0834468
34,Sample_S19S_0092_Wat,440.1198163
24,Sample_S19S_0092_Wat,441.0674409
26,Sample_S19S_0092_Wat,441.1039049
50,Sample_S19S_0092_Wat,441.1402285
9,Sample_S19S_0092_Wat,441.1586837
15,Sample_S19S_0092_Wat,441.168514
19,Sample_S19S_0092_Wat,441.1765589
13,Sample_S19S_0092_Wat,441.2049192
12,Sample_S19S_0092_Wat,441.2129575
2,Sample_S19S_0092_Wat,441.2527304
8,Sample_S19S_0092_Wat,442.0990637
2,Sample_S19S_0092_Wat,442.127302
19,Sample_S19S_0092_Wat,442.135461
11,Sample_S19S_0092_Wat,443.0749837
25,Sample_S19S_0092_Wat,443.0830557
17,Sample_S19S_0092_Wat,443.0984287
8,Sample_S19S_0092_Wat,443.1016577
16,Sample_S19S_0092_Wat,443.1114516
64,Sample_S19S_0092_Wat,443.119518
1,Sample_S19S_0092_Wat,443.1348538
11,Sample_S19S_0092_Wat,443.1380667
17,Sample_S19S_0092_Wat,443.1478565
55,Sample_S19S_0092_Wat,443.1558944
10,Sample_S19S_0092_Wat,443.1743827
25,Sample_S19S_0092_Wat,443.1841796
13,Sample_S19S_0092_Wat,443.1922057
3,Sample_S19S_0092_Wat,443.2107455
8,Sample_S19S_0092_Wat,443.2205255
5,Sample_S19S_0092_Wat,443.2569824
21,Sample_S19S_0092_Wat,445.0623769
22,Sample_S19S_0092_Wat,445.0776178
3,Sample_S19S_0092_Wat,445.0808638
9,Sample_S19S_0092_Wat,445.0986624
9,Sample_S19S_0092_Wat,445.1139537
9,Sample_S19S_0092_Wat,445.1171907
15,Sample_S19S_0092_Wat,445.127011
5,Sample_S19S_0092_Wat,445.1350548
26,Sample_S19S_0092_Wat,445.1503907
7,Sample_S19S_0092_Wat,445.1536246
31,Sample_S19S_0092_Wat,445.1634705
45,Sample_S19S_0092_Wat,445.1715289
7,Sample_S19S_0092_Wat,445.1900515
45,Sample_S19S_0092_Wat,446.1092739
26,Sample_S19S_0092_Wat,446.1457127
4,Sample_S19S_0092_Wat,447.056785
6,Sample_S19S_0092_Wat,447.0698296
11,Sample_S19S_0092_Wat,447.09323
9,Sample_S19S_0092_Wat,447.0964519
14,Sample_S19S_0092_Wat,447.114388
64,Sample_S19S_0092_Wat,447.1297048
26,Sample_S19S_0092_Wat,447.1427418
66,Sample_S19S_0092_Wat,447.1660641
6,Sample_S19S_0092_Wat,447.1692235
23,Sample_S19S_0092_Wat,447.179104
9,Sample_S19S_0092_Wat,447.2023724
2,Sample_S19S_0092_Wat,447.2154152
49,Sample_S19S_0092_Wat,448.088573
15,Sample_S19S_0092_Wat,449.0724952
71,Sample_S19S_0092_Wat,449.1089599
19,Sample_S19S_0092_Wat,449.1219859
70,Sample_S19S_0092_Wat,449.1453221
24,Sample_S19S_0092_Wat,449.1583358
20,Sample_S19S_0092_Wat,449.1816462
3,Sample_S19S_0092_Wat,449.1946593
5,Sample_S19S_0092_Wat,451.0517204
25,Sample_S19S_0092_Wat,451.0881744
25,Sample_S19S_0092_Wat,451.0994605
57,Sample_S19S_0092_Wat,451.124616
32,Sample_S19S_0092_Wat,451.1609528
10,Sample_S19S_0092_Wat,451.1739524
4,Sample_S19S_0092_Wat,451.1972791
8,Sample_S19S_0092_Wat,451.2336787
3,Sample_S19S_0092_Wat,451.2548993
17,Sample_S19S_0092_Wat,452.1199139
12,Sample_S19S_0092_Wat,453.0673983
11,Sample_S19S_0092_Wat,453.1037558
2,Sample_S19S_0092_Wat,453.1222475
13,Sample_S19S_0092_Wat,453.1321972
39,Sample_S19S_0092_Wat,453.140211
1,Sample_S19S_0092_Wat,453.1686448
67,Sample_S19S_0092_Wat,453.1766436
10,Sample_S19S_0092_Wat,453.2049759
25,Sample_S19S_0092_Wat,455.0467468
34,Sample_S19S_0092_Wat,455.0831528
13,Sample_S19S_0092_Wat,455.111472
35,Sample_S19S_0092_Wat,455.1194736
11,Sample_S19S_0092_Wat,455.1380162
18,Sample_S19S_0092_Wat,455.14777
11,Sample_S19S_0092_Wat,455.1558023
3,Sample_S19S_0092_Wat,455.1742756
16,Sample_S19S_0092_Wat,455.1841535
9,Sample_S19S_0092_Wat,455.1921775
18,Sample_S19S_0092_Wat,455.2205892
1,Sample_S19S_0092_Wat,455.2683545
21,Sample_S19S_0092_Wat,457.0624071
7,Sample_S19S_0092_Wat,457.0906483
12,Sample_S19S_0092_Wat,457.0986905
17,Sample_S19S_0092_Wat,457.1139922
7,Sample_S19S_0092_Wat,457.1172314
13,Sample_S19S_0092_Wat,457.1270095
11,Sample_S19S_0092_Wat,457.1350642
16,Sample_S19S_0092_Wat,457.150377
23,Sample_S19S_0092_Wat,457.1634444
28,Sample_S19S_0092_Wat,457.1715231
24,Sample_S19S_0092_Wat,457.1901515
12,Sample_S19S_0092_Wat,457.1998933
35,Sample_S19S_0092_Wat,457.2079257
7,Sample_S19S_0092_Wat,459.0568713
16,Sample_S19S_0092_Wat,459.0779746
13,Sample_S19S_0092_Wat,459.0932353
6,Sample_S19S_0092_Wat,459.0964817
14,Sample_S19S_0092_Wat,459.1062882
17,Sample_S19S_0092_Wat,459.1143457
10,Sample_S19S_0092_Wat,459.1328714
32,Sample_S19S_0092_Wat,459.142719
36,Sample_S19S_0092_Wat,459.1508169
10,Sample_S19S_0092_Wat,459.1692924
37,Sample_S19S_0092_Wat,459.1872169
9,Sample_S19S_0092_Wat,459.2057681
6,Sample_S19S_0092_Wat,459.2155229
43,Sample_S19S_0092_Wat,460.1249704
14,Sample_S19S_0092_Wat,460.1612688
14,Sample_S19S_0092_Wat,461.0725007
11,Sample_S19S_0092_Wat,461.0855391
4,Sample_S19S_0092_Wat,461.0935699
8,Sample_S19S_0092_Wat,461.1088271
4,Sample_S19S_0092_Wat,461.1218899
5,Sample_S19S_0092_Wat,461.1299458
1,Sample_S19S_0092_Wat,461.1396751
15,Sample_S19S_0092_Wat,461.1452647
21,Sample_S19S_0092_Wat,461.1583343
28,Sample_S19S_0092_Wat,461.1817537
9,Sample_S19S_0092_Wat,461.1948089
28,Sample_S19S_0092_Wat,461.218132
19,Sample_S19S_0092_Wat,461.2311454
13,Sample_S19S_0092_Wat,462.1042629
26,Sample_S19S_0092_Wat,463.0518315
35,Sample_S19S_0092_Wat,463.0881954
10,Sample_S19S_0092_Wat,463.124491
3,Sample_S19S_0092_Wat,463.1375144
6,Sample_S19S_0092_Wat,463.1608564
7,Sample_S19S_0092_Wat,463.1739081
13,Sample_S19S_0092_Wat,463.1972938
30,Sample_S19S_0092_Wat,463.2337601
22,Sample_S19S_0092_Wat,464.1198095
8,Sample_S19S_0092_Wat,465.06738
32,Sample_S19S_0092_Wat,465.1038259
23,Sample_S19S_0092_Wat,465.1532935
4,Sample_S19S_0092_Wat,465.1686035
54,Sample_S19S_0092_Wat,465.1766182
15,Sample_S19S_0092_Wat,465.1896305
14,Sample_S19S_0092_Wat,465.2129596
59,Sample_S19S_0092_Wat,466.1355201
33,Sample_S19S_0092_Wat,467.0831629
41,Sample_S19S_0092_Wat,467.1195422
21,Sample_S19S_0092_Wat,467.1478261
26,Sample_S19S_0092_Wat,467.1558326
18,Sample_S19S_0092_Wat,467.184209
8,Sample_S19S_0092_Wat,467.1921933
17,Sample_S19S_0092_Wat,467.2286363
25,Sample_S19S_0092_Wat,468.1147294
22,Sample_S19S_0092_Wat,469.062394
15,Sample_S19S_0092_Wat,469.0986993
20,Sample_S19S_0092_Wat,469.1270251
13,Sample_S19S_0092_Wat,469.1350525
9,Sample_S19S_0092_Wat,469.1633964
21,Sample_S19S_0092_Wat,469.2078959
24,Sample_S19S_0092_Wat,471.0780166
11,Sample_S19S_0092_Wat,471.106291
9,Sample_S19S_0092_Wat,471.1328376
8,Sample_S19S_0092_Wat,471.1426129
8,Sample_S19S_0092_Wat,471.1506882
22,Sample_S19S_0092_Wat,471.1790652
18,Sample_S19S_0092_Wat,471.1871307
11,Sample_S19S_0092_Wat,471.2155389
19,Sample_S19S_0092_Wat,471.2422146
28,Sample_S19S_0092_Wat,473.0937108
43,Sample_S19S_0092_Wat,473.1089772
20,Sample_S19S_0092_Wat,473.121993
18,Sample_S19S_0092_Wat,473.1452829
2,Sample_S19S_0092_Wat,473.1484285
8,Sample_S19S_0092_Wat,473.1582831
8,Sample_S19S_0092_Wat,473.1663521
14,Sample_S19S_0092_Wat,473.1816622
9,Sample_S19S_0092_Wat,473.1946924
19,Sample_S19S_0092_Wat,473.2311386
5,Sample_S19S_0092_Wat,475.0517049
20,Sample_S19S_0092_Wat,475.0881586
12,Sample_S19S_0092_Wat,475.1012806
53,Sample_S19S_0092_Wat,475.1245966
20,Sample_S19S_0092_Wat,475.1376596
58,Sample_S19S_0092_Wat,475.1609843
25,Sample_S19S_0092_Wat,475.1739813
9,Sample_S19S_0092_Wat,475.1973043
3,Sample_S19S_0092_Wat,475.2103074
1,Sample_S19S_0092_Wat,475.2336051
23,Sample_S19S_0092_Wat,477.0674882
15,Sample_S19S_0092_Wat,477.1168599
2,Sample_S19S_0092_Wat,477.1401075
7,Sample_S19S_0092_Wat,477.1531747
9,Sample_S19S_0092_Wat,477.1765167
5,Sample_S19S_0092_Wat,477.1895617
32,Sample_S19S_0092_Wat,477.2130039
16,Sample_S19S_0092_Wat,477.2260597
10,Sample_S19S_0092_Wat,477.2493418
54,Sample_S19S_0092_Wat,478.0991507
10,Sample_S19S_0092_Wat,479.0830028
32,Sample_S19S_0092_Wat,479.1194663
61,Sample_S19S_0092_Wat,479.1559168
48,Sample_S19S_0092_Wat,479.1923063
18,Sample_S19S_0092_Wat,479.2053091
9,Sample_S19S_0092_Wat,480.151082
11,Sample_S19S_0092_Wat,481.0623379
40,Sample_S19S_0092_Wat,481.0987747
65,Sample_S19S_0092_Wat,481.1351677
40,Sample_S19S_0092_Wat,481.1715313
10,Sample_S19S_0092_Wat,481.2078283
3,Sample_S19S_0092_Wat,482.1302914
22,Sample_S19S_0092_Wat,483.0780208
38,Sample_S19S_0092_Wat,483.1144642
30,Sample_S19S_0092_Wat,483.1508531
12,Sample_S19S_0092_Wat,483.1791639
27,Sample_S19S_0092_Wat,483.1871699
17,Sample_S19S_0092_Wat,483.2154832
5,Sample_S19S_0092_Wat,483.2234722
3,Sample_S19S_0092_Wat,483.2421172
12,Sample_S19S_0092_Wat,484.1459881
18,Sample_S19S_0092_Wat,485.0936172
13,Sample_S19S_0092_Wat,485.1220307
43,Sample_S19S_0092_Wat,485.1300644
15,Sample_S19S_0092_Wat,485.1486584
12,Sample_S19S_0092_Wat,485.1584131
36,Sample_S19S_0092_Wat,485.1664901
18,Sample_S19S_0092_Wat,485.1850793
11,Sample_S19S_0092_Wat,485.1948096
1,Sample_S19S_0092_Wat,485.2575951
1,Sample_S19S_0092_Wat,485.2788411
2,Sample_S19S_0092_Wat,487.088118
12,Sample_S19S_0092_Wat,487.1011949
6,Sample_S19S_0092_Wat,487.1092152
14,Sample_S19S_0092_Wat,487.1375846
7,Sample_S19S_0092_Wat,487.1641435
16,Sample_S19S_0092_Wat,487.1740711
19,Sample_S19S_0092_Wat,487.2007463
1,Sample_S19S_0092_Wat,487.2104698
14,Sample_S19S_0092_Wat,489.1039118
24,Sample_S19S_0092_Wat,489.1402055
17,Sample_S19S_0092_Wat,489.1532671
4,Sample_S19S_0092_Wat,489.1765226
4,Sample_S19S_0092_Wat,489.1895365
3,Sample_S19S_0092_Wat,489.2259164
10,Sample_S19S_0092_Wat,491.0830123
5,Sample_S19S_0092_Wat,491.1193786
12,Sample_S19S_0092_Wat,491.1325378
15,Sample_S19S_0092_Wat,491.1558203
44,Sample_S19S_0092_Wat,491.1922945
5,Sample_S19S_0092_Wat,491.2287423
38,Sample_S19S_0092_Wat,492.1147512
6,Sample_S19S_0092_Wat,493.0622921
18,Sample_S19S_0092_Wat,493.098712
64,Sample_S19S_0092_Wat,493.1351653
41,Sample_S19S_0092_Wat,493.1715856
1,Sample_S19S_0092_Wat,493.1959789
24,Sample_S19S_0092_Wat,495.0780179
36,Sample_S19S_0092_Wat,495.1144449
45,Sample_S19S_0092_Wat,495.1507984
15,Sample_S19S_0092_Wat,495.1791573
9,Sample_S19S_0092_Wat,495.2154488
4,Sample_S19S_0092_Wat,497.0937782
6,Sample_S19S_0092_Wat,497.1301476
22,Sample_S19S_0092_Wat,497.1947705
11,Sample_S19S_0092_Wat,498.1253978
37,Sample_S19S_0092_Wat,498.1617513
4,Sample_S19S_0092_Wat,499.049448
32,Sample_S19S_0092_Wat,499.1093112
4,Sample_S19S_0092_Wat,499.1377212
44,Sample_S19S_0092_Wat,499.1457371
15,Sample_S19S_0092_Wat,499.1740741
20,Sample_S19S_0092_Wat,499.2104255
9,Sample_S19S_0092_Wat,501.0885018
9,Sample_S19S_0092_Wat,501.116864
4,Sample_S19S_0092_Wat,501.1248479
25,Sample_S19S_0092_Wat,501.1532967
13,Sample_S19S_0092_Wat,501.1612956
27,Sample_S19S_0092_Wat,501.1896846
36,Sample_S19S_0092_Wat,503.1195309
2,Sample_S19S_0092_Wat,503.1326318
20,Sample_S19S_0092_Wat,503.1558462
5,Sample_S19S_0092_Wat,503.1921795
2,Sample_S19S_0092_Wat,503.2415628
1,Sample_S19S_0092_Wat,505.0622503
10,Sample_S19S_0092_Wat,505.098662
12,Sample_S19S_0092_Wat,505.1350781
52,Sample_S19S_0092_Wat,505.1715425
10,Sample_S19S_0092_Wat,505.1846129
18,Sample_S19S_0092_Wat,505.2079802
17,Sample_S19S_0092_Wat,507.0780238
34,Sample_S19S_0092_Wat,507.1144464
55,Sample_S19S_0092_Wat,507.1508255
18,Sample_S19S_0092_Wat,509.0937287
35,Sample_S19S_0092_Wat,509.1300451
10,Sample_S19S_0092_Wat,509.1947371
3,Sample_S19S_0092_Wat,509.2391011
20,Sample_S19S_0092_Wat,511.1092846
13,Sample_S19S_0092_Wat,511.2103696
7,Sample_S19S_0092_Wat,511.2183807
17,Sample_S19S_0092_Wat,513.0885835
12,Sample_S19S_0092_Wat,513.1248843
5,Sample_S19S_0092_Wat,513.1531789
3,Sample_S19S_0092_Wat,513.1612236
7,Sample_S19S_0092_Wat,513.1895585
2,Sample_S19S_0092_Wat,515.1326297
15,Sample_S19S_0092_Wat,515.1405768
13,Sample_S19S_0092_Wat,515.1688778
1,Sample_S19S_0092_Wat,515.2416147
3,Sample_S19S_0092_Wat,517.098859
1,Sample_S19S_0092_Wat,517.3147
8,Sample_S19S_0092_Wat,519.1143103
22,Sample_S19S_0092_Wat,519.1507584
46,Sample_S19S_0092_Wat,519.1872205
2,Sample_S19S_0092_Wat,519.1982987
5,Sample_S19S_0092_Wat,519.2236508
15,Sample_S19S_0092_Wat,521.0937324
35,Sample_S19S_0092_Wat,521.1301011
4,Sample_S19S_0092_Wat,521.2027235
1,Sample_S19S_0092_Wat,521.2390738
3,Sample_S19S_0092_Wat,523.1091901
9,Sample_S19S_0092_Wat,523.1456062
20,Sample_S19S_0092_Wat,523.1820717
14,Sample_S19S_0092_Wat,525.0885729
33,Sample_S19S_0092_Wat,525.1614051
25,Sample_S19S_0092_Wat,526.1566707
3,Sample_S19S_0092_Wat,527.1043114
33,Sample_S19S_0092_Wat,527.1406475
22,Sample_S19S_0092_Wat,527.1769645
16,Sample_S19S_0092_Wat,527.2052882
16,Sample_S19S_0092_Wat,529.119899
21,Sample_S19S_0092_Wat,529.184567
3,Sample_S19S_0092_Wat,529.2208396
9,Sample_S19S_0092_Wat,533.2027587
5,Sample_S19S_0092_Wat,535.1094222
23,Sample_S19S_0092_Wat,537.1249315
40,Sample_S19S_0092_Wat,537.161382
9,Sample_S19S_0092_Wat,537.1978101
13,Sample_S19S_0092_Wat,539.1042196
18,Sample_S19S_0092_Wat,539.1405618
4,Sample_S19S_0092_Wat,539.1768779
21,Sample_S19S_0092_Wat,541.1199147
7,Sample_S19S_0092_Wat,541.1563515
2,Sample_S19S_0092_Wat,541.1927684
6,Sample_S19S_0092_Wat,547.145805
8,Sample_S19S_0092_Wat,547.2185618
2,Sample_S19S_0092_Wat,549.1250923
7,Sample_S19S_0092_Wat,549.1614413
33,Sample_S19S_0092_Wat,549.1977663
5,Sample_S19S_0092_Wat,549.2340464
21,Sample_S19S_0092_Wat,551.1769906
39,Sample_S19S_0092_Wat,553.1562956
14,Sample_S19S_0092_Wat,553.1925971
8,Sample_S19S_0092_Wat,555.1720029
9,Sample_S19S_0092_Wat,557.2522397
14,Sample_S19S_0092_Wat,565.2290122
2,Sample_S19S_0092_Wat,567.1542047
1,Sample_S19S_0092_Wat,575.3565674
32,Sample_S19S_0092_Wat,577.1563035
1,Sample_S19S_0092_Wat,579.2630808
15,Sample_S19S_0092_Wat,581.1875335
1,Sample_S19S_0092_Wat,581.2482578
1,Sample_S19S_0092_Wat,581.3151588
