num.trans.involved.in,sample,peak
14,Sample_S19S_0069_Wat,201.0768122
11,Sample_S19S_0069_Wat,201.1131969
6,Sample_S19S_0069_Wat,205.1597578
14,Sample_S19S_0069_Wat,209.0455114
16,Sample_S19S_0069_Wat,209.0818981
20,Sample_S19S_0069_Wat,211.0247874
19,Sample_S19S_0069_Wat,211.0611736
12,Sample_S19S_0069_Wat,213.0404285
17,Sample_S19S_0069_Wat,215.0924726
11,Sample_S19S_0069_Wat,215.1288446
14,Sample_S19S_0069_Wat,217.1081169
10,Sample_S19S_0069_Wat,221.0818912
4,Sample_S19S_0069_Wat,221.1546776
36,Sample_S19S_0069_Wat,225.0404494
27,Sample_S19S_0069_Wat,227.092466
13,Sample_S19S_0069_Wat,229.14452
9,Sample_S19S_0069_Wat,233.1546845
36,Sample_S19S_0069_Wat,237.0768351
9,Sample_S19S_0069_Wat,239.0349883
57,Sample_S19S_0069_Wat,239.0561117
4,Sample_S19S_0069_Wat,239.0673352
55,Sample_S19S_0069_Wat,239.092497
29,Sample_S19S_0069_Wat,239.1288753
4,Sample_S19S_0069_Wat,242.139775
3,Sample_S19S_0069_Wat,242.1761465
24,Sample_S19S_0069_Wat,243.0873816
14,Sample_S19S_0069_Wat,243.1601665
2,Sample_S19S_0069_Wat,245.0489119
36,Sample_S19S_0069_Wat,245.1030642
62,Sample_S19S_0069_Wat,249.0768527
47,Sample_S19S_0069_Wat,251.0197332
36,Sample_S19S_0069_Wat,251.0560986
62,Sample_S19S_0069_Wat,253.0353983
79,Sample_S19S_0069_Wat,253.0717756
26,Sample_S19S_0069_Wat,253.1081345
57,Sample_S19S_0069_Wat,255.0510433
71,Sample_S19S_0069_Wat,255.0874163
26,Sample_S19S_0069_Wat,255.1237776
1,Sample_S19S_0069_Wat,255.2329705
64,Sample_S19S_0069_Wat,257.0666765
42,Sample_S19S_0069_Wat,257.1030521
27,Sample_S19S_0069_Wat,257.1394516
12,Sample_S19S_0069_Wat,258.0619166
3,Sample_S19S_0069_Wat,258.1347123
39,Sample_S19S_0069_Wat,259.1187072
66,Sample_S19S_0069_Wat,261.0768598
30,Sample_S19S_0069_Wat,263.019721
64,Sample_S19S_0069_Wat,263.0561329
56,Sample_S19S_0069_Wat,265.0353938
63,Sample_S19S_0069_Wat,265.0717855
66,Sample_S19S_0069_Wat,265.1081545
1,Sample_S19S_0069_Wat,265.1479151
48,Sample_S19S_0069_Wat,267.0146829
71,Sample_S19S_0069_Wat,267.0510336
17,Sample_S19S_0069_Wat,267.0663132
78,Sample_S19S_0069_Wat,267.0874299
57,Sample_S19S_0069_Wat,267.123805
53,Sample_S19S_0069_Wat,269.0303205
75,Sample_S19S_0069_Wat,269.0666802
66,Sample_S19S_0069_Wat,269.1030627
36,Sample_S19S_0069_Wat,269.1394657
50,Sample_S19S_0069_Wat,271.0459737
65,Sample_S19S_0069_Wat,271.0823212
71,Sample_S19S_0069_Wat,277.0354157
74,Sample_S19S_0069_Wat,277.0717892
62,Sample_S19S_0069_Wat,277.1081544
35,Sample_S19S_0069_Wat,277.1445377
69,Sample_S19S_0069_Wat,279.0510516
52,Sample_S19S_0069_Wat,279.0874539
45,Sample_S19S_0069_Wat,279.1238221
61,Sample_S19S_0069_Wat,281.0303339
76,Sample_S19S_0069_Wat,281.0666829
40,Sample_S19S_0069_Wat,281.1030502
47,Sample_S19S_0069_Wat,281.1394597
69,Sample_S19S_0069_Wat,283.0459554
46,Sample_S19S_0069_Wat,283.0823169
71,Sample_S19S_0069_Wat,283.118715
2,Sample_S19S_0069_Wat,283.1373752
58,Sample_S19S_0069_Wat,285.0616357
28,Sample_S19S_0069_Wat,285.0980306
7,Sample_S19S_0069_Wat,285.1262347
38,Sample_S19S_0069_Wat,285.1343948
59,Sample_S19S_0069_Wat,287.0925228
56,Sample_S19S_0069_Wat,287.1136282
53,Sample_S19S_0069_Wat,289.0354029
67,Sample_S19S_0069_Wat,289.0717704
45,Sample_S19S_0069_Wat,289.1081489
67,Sample_S19S_0069_Wat,291.0510416
60,Sample_S19S_0069_Wat,291.0874132
46,Sample_S19S_0069_Wat,291.1237966
1,Sample_S19S_0069_Wat,292.2129776
63,Sample_S19S_0069_Wat,293.0303357
77,Sample_S19S_0069_Wat,293.0667099
85,Sample_S19S_0069_Wat,293.1030793
7,Sample_S19S_0069_Wat,293.1757942
1,Sample_S19S_0069_Wat,293.179192
59,Sample_S19S_0069_Wat,295.0459444
84,Sample_S19S_0069_Wat,295.0823376
81,Sample_S19S_0069_Wat,295.1187213
55,Sample_S19S_0069_Wat,297.025237
74,Sample_S19S_0069_Wat,297.0616262
51,Sample_S19S_0069_Wat,297.0980154
29,Sample_S19S_0069_Wat,297.1344063
2,Sample_S19S_0069_Wat,297.1529844
53,Sample_S19S_0069_Wat,299.0408894
71,Sample_S19S_0069_Wat,299.0772616
59,Sample_S19S_0069_Wat,299.1136455
1,Sample_S19S_0069_Wat,299.1488351
39,Sample_S19S_0069_Wat,301.0353903
55,Sample_S19S_0069_Wat,301.0565488
44,Sample_S19S_0069_Wat,301.071792
41,Sample_S19S_0069_Wat,301.092932
32,Sample_S19S_0069_Wat,301.129318
17,Sample_S19S_0069_Wat,301.1656955
58,Sample_S19S_0069_Wat,303.0510433
61,Sample_S19S_0069_Wat,303.0874395
47,Sample_S19S_0069_Wat,303.1238249
54,Sample_S19S_0069_Wat,305.0303157
75,Sample_S19S_0069_Wat,305.0666877
75,Sample_S19S_0069_Wat,305.1030852
48,Sample_S19S_0069_Wat,305.1394662
79,Sample_S19S_0069_Wat,307.0459779
60,Sample_S19S_0069_Wat,307.0823737
41,Sample_S19S_0069_Wat,307.1187572
24,Sample_S19S_0069_Wat,307.1551342
1,Sample_S19S_0069_Wat,307.194883
68,Sample_S19S_0069_Wat,309.0252469
91,Sample_S19S_0069_Wat,309.0616036
77,Sample_S19S_0069_Wat,309.0979773
62,Sample_S19S_0069_Wat,309.1343649
3,Sample_S19S_0069_Wat,309.1530159
28,Sample_S19S_0069_Wat,309.1707647
2,Sample_S19S_0069_Wat,309.1741269
69,Sample_S19S_0069_Wat,311.0408991
82,Sample_S19S_0069_Wat,311.0772659
90,Sample_S19S_0069_Wat,311.1136352
50,Sample_S19S_0069_Wat,311.1500195
61,Sample_S19S_0069_Wat,313.0565398
68,Sample_S19S_0069_Wat,313.0929245
53,Sample_S19S_0069_Wat,313.1293014
45,Sample_S19S_0069_Wat,315.035781
41,Sample_S19S_0069_Wat,315.0510397
50,Sample_S19S_0069_Wat,315.0721791
22,Sample_S19S_0069_Wat,315.0873994
48,Sample_S19S_0069_Wat,315.1085755
33,Sample_S19S_0069_Wat,315.1449559
46,Sample_S19S_0069_Wat,317.0303382
64,Sample_S19S_0069_Wat,317.0666936
40,Sample_S19S_0069_Wat,317.1030588
45,Sample_S19S_0069_Wat,317.1394552
19,Sample_S19S_0069_Wat,319.0460069
74,Sample_S19S_0069_Wat,319.0823624
68,Sample_S19S_0069_Wat,319.1187158
39,Sample_S19S_0069_Wat,319.1551015
3,Sample_S19S_0069_Wat,320.1351354
52,Sample_S19S_0069_Wat,321.0252313
63,Sample_S19S_0069_Wat,321.0616406
42,Sample_S19S_0069_Wat,321.0980285
54,Sample_S19S_0069_Wat,321.1343949
29,Sample_S19S_0069_Wat,321.1707672
3,Sample_S19S_0069_Wat,321.2105248
55,Sample_S19S_0069_Wat,323.0408542
87,Sample_S19S_0069_Wat,323.0772527
52,Sample_S19S_0069_Wat,323.1136726
44,Sample_S19S_0069_Wat,323.1500462
2,Sample_S19S_0069_Wat,323.1686736
74,Sample_S19S_0069_Wat,325.0565425
86,Sample_S19S_0069_Wat,325.0928926
68,Sample_S19S_0069_Wat,325.1292996
25,Sample_S19S_0069_Wat,325.1657004
1,Sample_S19S_0069_Wat,325.1842438
50,Sample_S19S_0069_Wat,327.035782
60,Sample_S19S_0069_Wat,327.0722018
45,Sample_S19S_0069_Wat,327.0874372
58,Sample_S19S_0069_Wat,327.1085831
48,Sample_S19S_0069_Wat,327.1449492
2,Sample_S19S_0069_Wat,327.1636073
33,Sample_S19S_0069_Wat,329.0514722
24,Sample_S19S_0069_Wat,329.0667319
71,Sample_S19S_0069_Wat,329.0878075
48,Sample_S19S_0069_Wat,329.1030905
45,Sample_S19S_0069_Wat,329.1242163
1,Sample_S19S_0069_Wat,329.152419
31,Sample_S19S_0069_Wat,331.0459941
57,Sample_S19S_0069_Wat,331.0823608
61,Sample_S19S_0069_Wat,331.1187275
14,Sample_S19S_0069_Wat,331.155166
22,Sample_S19S_0069_Wat,333.0252702
37,Sample_S19S_0069_Wat,333.0616512
69,Sample_S19S_0069_Wat,333.0980074
34,Sample_S19S_0069_Wat,333.1344131
23,Sample_S19S_0069_Wat,333.1707943
45,Sample_S19S_0069_Wat,335.0409093
82,Sample_S19S_0069_Wat,335.0772597
39,Sample_S19S_0069_Wat,335.1136067
49,Sample_S19S_0069_Wat,335.150042
1,Sample_S19S_0069_Wat,335.2358032
49,Sample_S19S_0069_Wat,337.0201415
47,Sample_S19S_0069_Wat,337.0564852
100,Sample_S19S_0069_Wat,337.0929176
82,Sample_S19S_0069_Wat,337.1292866
44,Sample_S19S_0069_Wat,337.1656867
1,Sample_S19S_0069_Wat,337.1842796
40,Sample_S19S_0069_Wat,338.0881798
51,Sample_S19S_0069_Wat,339.0357996
88,Sample_S19S_0069_Wat,339.0721726
93,Sample_S19S_0069_Wat,339.1085453
27,Sample_S19S_0069_Wat,339.1449816
1,Sample_S19S_0069_Wat,339.1660725
3,Sample_S19S_0069_Wat,339.1999929
30,Sample_S19S_0069_Wat,340.1038147
59,Sample_S19S_0069_Wat,341.0514621
29,Sample_S19S_0069_Wat,341.0667303
88,Sample_S19S_0069_Wat,341.0878109
19,Sample_S19S_0069_Wat,341.1031062
31,Sample_S19S_0069_Wat,341.12425
36,Sample_S19S_0069_Wat,341.1606173
3,Sample_S19S_0069_Wat,341.179252
1,Sample_S19S_0069_Wat,341.1957794
31,Sample_S19S_0069_Wat,343.0459579
45,Sample_S19S_0069_Wat,343.067113
19,Sample_S19S_0069_Wat,343.0823925
75,Sample_S19S_0069_Wat,343.1034685
38,Sample_S19S_0069_Wat,343.1187422
12,Sample_S19S_0069_Wat,343.1399075
25,Sample_S19S_0069_Wat,343.1551386
58,Sample_S19S_0069_Wat,345.0616254
46,Sample_S19S_0069_Wat,345.0827674
59,Sample_S19S_0069_Wat,345.0980089
35,Sample_S19S_0069_Wat,345.1191373
23,Sample_S19S_0069_Wat,345.1344288
36,Sample_S19S_0069_Wat,345.170772
8,Sample_S19S_0069_Wat,346.1507606
2,Sample_S19S_0069_Wat,346.2154294
52,Sample_S19S_0069_Wat,347.0408756
73,Sample_S19S_0069_Wat,347.0772564
25,Sample_S19S_0069_Wat,347.0903002
41,Sample_S19S_0069_Wat,347.1136821
54,Sample_S19S_0069_Wat,347.1500262
10,Sample_S19S_0069_Wat,347.1864695
38,Sample_S19S_0069_Wat,348.1089104
2,Sample_S19S_0069_Wat,348.231087
44,Sample_S19S_0069_Wat,349.0201636
75,Sample_S19S_0069_Wat,349.0929209
21,Sample_S19S_0069_Wat,349.1059291
75,Sample_S19S_0069_Wat,349.129303
47,Sample_S19S_0069_Wat,349.1656793
10,Sample_S19S_0069_Wat,349.2021049
44,Sample_S19S_0069_Wat,350.0881844
12,Sample_S19S_0069_Wat,350.1245924
61,Sample_S19S_0069_Wat,351.0357871
64,Sample_S19S_0069_Wat,351.0721501
35,Sample_S19S_0069_Wat,351.1085115
23,Sample_S19S_0069_Wat,351.121581
38,Sample_S19S_0069_Wat,351.1449775
27,Sample_S19S_0069_Wat,351.1813076
1,Sample_S19S_0069_Wat,351.2307319
33,Sample_S19S_0069_Wat,352.1038206
46,Sample_S19S_0069_Wat,353.0514753
96,Sample_S19S_0069_Wat,353.0878166
1,Sample_S19S_0069_Wat,353.0990962
64,Sample_S19S_0069_Wat,353.124233
35,Sample_S19S_0069_Wat,353.1605629
2,Sample_S19S_0069_Wat,353.2003494
30,Sample_S19S_0069_Wat,354.0830704
31,Sample_S19S_0069_Wat,354.1194893
44,Sample_S19S_0069_Wat,355.0306981
65,Sample_S19S_0069_Wat,355.0671162
81,Sample_S19S_0069_Wat,355.1034699
39,Sample_S19S_0069_Wat,355.1187368
18,Sample_S19S_0069_Wat,355.1399086
33,Sample_S19S_0069_Wat,355.1762476
13,Sample_S19S_0069_Wat,356.1715182
43,Sample_S19S_0069_Wat,357.046323
41,Sample_S19S_0069_Wat,357.061636
73,Sample_S19S_0069_Wat,357.0827228
36,Sample_S19S_0069_Wat,357.0979761
23,Sample_S19S_0069_Wat,357.1110353
71,Sample_S19S_0069_Wat,357.1191097
31,Sample_S19S_0069_Wat,357.134414
45,Sample_S19S_0069_Wat,357.1554992
13,Sample_S19S_0069_Wat,359.0409252
44,Sample_S19S_0069_Wat,359.0619959
50,Sample_S19S_0069_Wat,359.077285
24,Sample_S19S_0069_Wat,359.0984239
36,Sample_S19S_0069_Wat,359.1347452
53,Sample_S19S_0069_Wat,359.1500213
39,Sample_S19S_0069_Wat,361.056505
18,Sample_S19S_0069_Wat,361.069538
68,Sample_S19S_0069_Wat,361.0929312
80,Sample_S19S_0069_Wat,361.1292859
29,Sample_S19S_0069_Wat,361.1423317
36,Sample_S19S_0069_Wat,361.1657046
39,Sample_S19S_0069_Wat,362.0881611
54,Sample_S19S_0069_Wat,363.0357881
49,Sample_S19S_0069_Wat,363.0722122
69,Sample_S19S_0069_Wat,363.108539
21,Sample_S19S_0069_Wat,363.1215932
33,Sample_S19S_0069_Wat,363.1449786
19,Sample_S19S_0069_Wat,363.1812892
41,Sample_S19S_0069_Wat,364.1038292
2,Sample_S19S_0069_Wat,364.2259804
22,Sample_S19S_0069_Wat,365.0513776
11,Sample_S19S_0069_Wat,365.0644569
91,Sample_S19S_0069_Wat,365.0878382
29,Sample_S19S_0069_Wat,365.1008669
33,Sample_S19S_0069_Wat,365.1241727
18,Sample_S19S_0069_Wat,365.137244
19,Sample_S19S_0069_Wat,365.1606438
22,Sample_S19S_0069_Wat,365.1969623
6,Sample_S19S_0069_Wat,365.2100088
45,Sample_S19S_0069_Wat,366.0830912
37,Sample_S19S_0069_Wat,366.1194629
1,Sample_S19S_0069_Wat,366.2497563
42,Sample_S19S_0069_Wat,367.0306865
85,Sample_S19S_0069_Wat,367.0671094
98,Sample_S19S_0069_Wat,367.1034613
21,Sample_S19S_0069_Wat,367.1165264
11,Sample_S19S_0069_Wat,367.1399195
34,Sample_S19S_0069_Wat,367.1762158
15,Sample_S19S_0069_Wat,367.2126519
8,Sample_S19S_0069_Wat,368.0623951
42,Sample_S19S_0069_Wat,368.0987097
33,Sample_S19S_0069_Wat,368.1351331
42,Sample_S19S_0069_Wat,369.0463181
72,Sample_S19S_0069_Wat,369.0827443
36,Sample_S19S_0069_Wat,369.0980102
22,Sample_S19S_0069_Wat,369.111039
20,Sample_S19S_0069_Wat,369.1190631
44,Sample_S19S_0069_Wat,369.1555194
13,Sample_S19S_0069_Wat,369.1837969
9,Sample_S19S_0069_Wat,369.1918398
27,Sample_S19S_0069_Wat,370.0779692
23,Sample_S19S_0069_Wat,371.0408802
59,Sample_S19S_0069_Wat,371.0620102
21,Sample_S19S_0069_Wat,371.0902981
33,Sample_S19S_0069_Wat,371.0983408
44,Sample_S19S_0069_Wat,371.1136558
47,Sample_S19S_0069_Wat,371.1347918
40,Sample_S19S_0069_Wat,371.1500297
32,Sample_S19S_0069_Wat,371.171134
26,Sample_S19S_0069_Wat,372.1300076
19,Sample_S19S_0069_Wat,373.0201141
32,Sample_S19S_0069_Wat,373.0412407
47,Sample_S19S_0069_Wat,373.0565482
30,Sample_S19S_0069_Wat,373.0776886
41,Sample_S19S_0069_Wat,373.09294
30,Sample_S19S_0069_Wat,373.1059583
47,Sample_S19S_0069_Wat,373.1140108
13,Sample_S19S_0069_Wat,373.1504711
14,Sample_S19S_0069_Wat,373.1657318
8,Sample_S19S_0069_Wat,374.1245961
18,Sample_S19S_0069_Wat,375.0358416
60,Sample_S19S_0069_Wat,375.0721973
28,Sample_S19S_0069_Wat,375.0852221
36,Sample_S19S_0069_Wat,375.0932745
72,Sample_S19S_0069_Wat,375.1449442
27,Sample_S19S_0069_Wat,375.1579842
22,Sample_S19S_0069_Wat,375.1812892
14,Sample_S19S_0069_Wat,375.194367
1,Sample_S19S_0069_Wat,375.2055729
26,Sample_S19S_0069_Wat,376.0674564
63,Sample_S19S_0069_Wat,377.0514538
50,Sample_S19S_0069_Wat,377.0877952
22,Sample_S19S_0069_Wat,377.100823
84,Sample_S19S_0069_Wat,377.1241915
26,Sample_S19S_0069_Wat,377.1372608
48,Sample_S19S_0069_Wat,377.1606102
17,Sample_S19S_0069_Wat,377.1735945
14,Sample_S19S_0069_Wat,377.1969233
5,Sample_S19S_0069_Wat,377.2463996
29,Sample_S19S_0069_Wat,378.0831073
41,Sample_S19S_0069_Wat,378.1194361
47,Sample_S19S_0069_Wat,379.0307221
24,Sample_S19S_0069_Wat,379.0670295
96,Sample_S19S_0069_Wat,379.1034645
28,Sample_S19S_0069_Wat,379.1165229
78,Sample_S19S_0069_Wat,379.1398402
22,Sample_S19S_0069_Wat,379.1528588
43,Sample_S19S_0069_Wat,379.1762343
33,Sample_S19S_0069_Wat,380.0987084
44,Sample_S19S_0069_Wat,380.1350974
58,Sample_S19S_0069_Wat,381.0463502
32,Sample_S19S_0069_Wat,381.0826619
91,Sample_S19S_0069_Wat,381.1191186
24,Sample_S19S_0069_Wat,381.1321708
66,Sample_S19S_0069_Wat,381.1555031
24,Sample_S19S_0069_Wat,381.1918695
30,Sample_S19S_0069_Wat,382.0779661
40,Sample_S19S_0069_Wat,382.1143936
5,Sample_S19S_0069_Wat,382.1507159
26,Sample_S19S_0069_Wat,383.0255766
32,Sample_S19S_0069_Wat,383.0619616
35,Sample_S19S_0069_Wat,383.0772634
91,Sample_S19S_0069_Wat,383.0983806
6,Sample_S19S_0069_Wat,383.1095949
29,Sample_S19S_0069_Wat,383.1136188
26,Sample_S19S_0069_Wat,383.1266887
29,Sample_S19S_0069_Wat,383.1347075
11,Sample_S19S_0069_Wat,383.1477567
29,Sample_S19S_0069_Wat,383.1711132
39,Sample_S19S_0069_Wat,384.0936599
25,Sample_S19S_0069_Wat,384.1664077
22,Sample_S19S_0069_Wat,385.0412026
24,Sample_S19S_0069_Wat,385.0564963
69,Sample_S19S_0069_Wat,385.0776412
52,Sample_S19S_0069_Wat,385.0929264
30,Sample_S19S_0069_Wat,385.1139909
21,Sample_S19S_0069_Wat,385.1292595
25,Sample_S19S_0069_Wat,385.1423072
29,Sample_S19S_0069_Wat,385.1503825
35,Sample_S19S_0069_Wat,385.1656784
21,Sample_S19S_0069_Wat,386.0728862
27,Sample_S19S_0069_Wat,386.1093009
18,Sample_S19S_0069_Wat,386.1820531
39,Sample_S19S_0069_Wat,387.0358113
23,Sample_S19S_0069_Wat,387.0568488
15,Sample_S19S_0069_Wat,387.0721252
20,Sample_S19S_0069_Wat,387.0851909
25,Sample_S19S_0069_Wat,387.0932457
71,Sample_S19S_0069_Wat,387.1085636
66,Sample_S19S_0069_Wat,387.1296791
21,Sample_S19S_0069_Wat,387.1579654
15,Sample_S19S_0069_Wat,387.19436
23,Sample_S19S_0069_Wat,388.1249219
34,Sample_S19S_0069_Wat,389.051417
14,Sample_S19S_0069_Wat,389.0644457
20,Sample_S19S_0069_Wat,389.0724972
63,Sample_S19S_0069_Wat,389.0878118
26,Sample_S19S_0069_Wat,389.1008827
29,Sample_S19S_0069_Wat,389.108981
79,Sample_S19S_0069_Wat,389.1242045
22,Sample_S19S_0069_Wat,389.1372295
24,Sample_S19S_0069_Wat,389.1605387
18,Sample_S19S_0069_Wat,389.1736085
34,Sample_S19S_0069_Wat,389.1969883
50,Sample_S19S_0069_Wat,390.083092
22,Sample_S19S_0069_Wat,391.0307447
40,Sample_S19S_0069_Wat,391.0670531
40,Sample_S19S_0069_Wat,391.1034381
49,Sample_S19S_0069_Wat,391.1398852
15,Sample_S19S_0069_Wat,391.1528412
27,Sample_S19S_0069_Wat,391.1762035
9,Sample_S19S_0069_Wat,391.1892281
2,Sample_S19S_0069_Wat,391.2256863
26,Sample_S19S_0069_Wat,392.06231
48,Sample_S19S_0069_Wat,392.098752
43,Sample_S19S_0069_Wat,392.1351125
38,Sample_S19S_0069_Wat,393.0463154
75,Sample_S19S_0069_Wat,393.0827628
76,Sample_S19S_0069_Wat,393.1191285
22,Sample_S19S_0069_Wat,393.1321265
34,Sample_S19S_0069_Wat,393.1554711
17,Sample_S19S_0069_Wat,393.1685262
20,Sample_S19S_0069_Wat,393.1919402
1,Sample_S19S_0069_Wat,393.2776995
23,Sample_S19S_0069_Wat,394.078026
29,Sample_S19S_0069_Wat,394.1144108
30,Sample_S19S_0069_Wat,395.0255818
48,Sample_S19S_0069_Wat,395.0619708
53,Sample_S19S_0069_Wat,395.0984243
100,Sample_S19S_0069_Wat,395.1347697
17,Sample_S19S_0069_Wat,395.1477706
38,Sample_S19S_0069_Wat,395.171191
40,Sample_S19S_0069_Wat,396.0936653
20,Sample_S19S_0069_Wat,396.13006
37,Sample_S19S_0069_Wat,397.0412485
29,Sample_S19S_0069_Wat,397.0775828
22,Sample_S19S_0069_Wat,397.1059758
58,Sample_S19S_0069_Wat,397.1140135
70,Sample_S19S_0069_Wat,397.1504225
19,Sample_S19S_0069_Wat,397.1867602
32,Sample_S19S_0069_Wat,398.0729329
39,Sample_S19S_0069_Wat,398.1456531
11,Sample_S19S_0069_Wat,399.0488349
16,Sample_S19S_0069_Wat,399.0568344
22,Sample_S19S_0069_Wat,399.0721389
29,Sample_S19S_0069_Wat,399.085227
54,Sample_S19S_0069_Wat,399.0932727
20,Sample_S19S_0069_Wat,399.1086044
53,Sample_S19S_0069_Wat,399.1296635
34,Sample_S19S_0069_Wat,399.1449193
13,Sample_S19S_0069_Wat,399.1579458
3,Sample_S19S_0069_Wat,399.1659287
19,Sample_S19S_0069_Wat,400.1249077
43,Sample_S19S_0069_Wat,401.0514549
17,Sample_S19S_0069_Wat,401.0644945
18,Sample_S19S_0069_Wat,401.0725084
54,Sample_S19S_0069_Wat,401.0878209
1,Sample_S19S_0069_Wat,401.0910681
46,Sample_S19S_0069_Wat,401.1089631
51,Sample_S19S_0069_Wat,401.1453284
49,Sample_S19S_0069_Wat,401.1605804
15,Sample_S19S_0069_Wat,401.1736033
3,Sample_S19S_0069_Wat,402.1042761
16,Sample_S19S_0069_Wat,402.1405573
10,Sample_S19S_0069_Wat,403.0305846
10,Sample_S19S_0069_Wat,403.0437271
16,Sample_S19S_0069_Wat,403.0517845
65,Sample_S19S_0069_Wat,403.0671122
44,Sample_S19S_0069_Wat,403.0881974
58,Sample_S19S_0069_Wat,403.1034476
24,Sample_S19S_0069_Wat,403.1164656
14,Sample_S19S_0069_Wat,403.1245163
70,Sample_S19S_0069_Wat,403.1398463
28,Sample_S19S_0069_Wat,403.1529106
28,Sample_S19S_0069_Wat,403.1762826
36,Sample_S19S_0069_Wat,404.0623618
46,Sample_S19S_0069_Wat,404.1351085
47,Sample_S19S_0069_Wat,405.0463718
41,Sample_S19S_0069_Wat,405.0827082
31,Sample_S19S_0069_Wat,405.1190623
31,Sample_S19S_0069_Wat,405.1321292
45,Sample_S19S_0069_Wat,405.1555362
24,Sample_S19S_0069_Wat,405.1685606
29,Sample_S19S_0069_Wat,405.1918632
3,Sample_S19S_0069_Wat,405.2048711
5,Sample_S19S_0069_Wat,406.0990792
44,Sample_S19S_0069_Wat,406.1143545
19,Sample_S19S_0069_Wat,407.0255705
56,Sample_S19S_0069_Wat,407.0620299
18,Sample_S19S_0069_Wat,407.0750599
75,Sample_S19S_0069_Wat,407.0983755
14,Sample_S19S_0069_Wat,407.1113661
67,Sample_S19S_0069_Wat,407.1347505
23,Sample_S19S_0069_Wat,407.1477958
12,Sample_S19S_0069_Wat,407.1712237
48,Sample_S19S_0069_Wat,408.0936661
48,Sample_S19S_0069_Wat,408.1300077
25,Sample_S19S_0069_Wat,409.0412228
26,Sample_S19S_0069_Wat,409.07757
78,Sample_S19S_0069_Wat,409.1140221
16,Sample_S19S_0069_Wat,409.1270356
72,Sample_S19S_0069_Wat,409.1504235
6,Sample_S19S_0069_Wat,409.1633923
11,Sample_S19S_0069_Wat,409.1867344
1,Sample_S19S_0069_Wat,409.2110293
34,Sample_S19S_0069_Wat,410.0729191
11,Sample_S19S_0069_Wat,410.1092388
35,Sample_S19S_0069_Wat,410.1456867
22,Sample_S19S_0069_Wat,411.0205049
21,Sample_S19S_0069_Wat,411.0568579
71,Sample_S19S_0069_Wat,411.0933142
71,Sample_S19S_0069_Wat,411.1296933
29,Sample_S19S_0069_Wat,411.1579879
39,Sample_S19S_0069_Wat,411.1660419
2,Sample_S19S_0069_Wat,411.2022993
26,Sample_S19S_0069_Wat,412.0885256
31,Sample_S19S_0069_Wat,412.1249118
24,Sample_S19S_0069_Wat,413.0361429
4,Sample_S19S_0069_Wat,413.0513424
14,Sample_S19S_0069_Wat,413.06446
9,Sample_S19S_0069_Wat,413.072442
32,Sample_S19S_0069_Wat,413.087795
30,Sample_S19S_0069_Wat,413.1008794
69,Sample_S19S_0069_Wat,413.1089345
50,Sample_S19S_0069_Wat,413.12421
19,Sample_S19S_0069_Wat,413.1372735
22,Sample_S19S_0069_Wat,413.1452768
20,Sample_S19S_0069_Wat,413.1736056
11,Sample_S19S_0069_Wat,413.1816156
20,Sample_S19S_0069_Wat,415.0306688
21,Sample_S19S_0069_Wat,415.0518724
5,Sample_S19S_0069_Wat,415.0671726
13,Sample_S19S_0069_Wat,415.080159
48,Sample_S19S_0069_Wat,415.0881916
56,Sample_S19S_0069_Wat,415.1034568
1,Sample_S19S_0069_Wat,415.1066895
23,Sample_S19S_0069_Wat,415.1164835
27,Sample_S19S_0069_Wat,415.1245406
19,Sample_S19S_0069_Wat,415.1529316
45,Sample_S19S_0069_Wat,415.1609859
9,Sample_S19S_0069_Wat,415.1763155
28,Sample_S19S_0069_Wat,417.0463346
12,Sample_S19S_0069_Wat,417.0593749
18,Sample_S19S_0069_Wat,417.0674105
22,Sample_S19S_0069_Wat,417.0826722
1,Sample_S19S_0069_Wat,417.085967
18,Sample_S19S_0069_Wat,417.0957124
18,Sample_S19S_0069_Wat,417.1037889
72,Sample_S19S_0069_Wat,417.1191101
36,Sample_S19S_0069_Wat,417.1321667
34,Sample_S19S_0069_Wat,417.1402188
69,Sample_S19S_0069_Wat,417.1555165
34,Sample_S19S_0069_Wat,417.1685514
5,Sample_S19S_0069_Wat,417.2281724
11,Sample_S19S_0069_Wat,418.1144292
23,Sample_S19S_0069_Wat,419.0256123
37,Sample_S19S_0069_Wat,419.0619721
16,Sample_S19S_0069_Wat,419.0982983
8,Sample_S19S_0069_Wat,419.1113471
81,Sample_S19S_0069_Wat,419.1347745
21,Sample_S19S_0069_Wat,419.1478319
40,Sample_S19S_0069_Wat,419.1711927
24,Sample_S19S_0069_Wat,419.1842051
28,Sample_S19S_0069_Wat,419.207525
35,Sample_S19S_0069_Wat,421.0412704
21,Sample_S19S_0069_Wat,421.0777047
17,Sample_S19S_0069_Wat,421.0906648
79,Sample_S19S_0069_Wat,421.1140346
16,Sample_S19S_0069_Wat,421.1270174
2,Sample_S19S_0069_Wat,421.1424748
73,Sample_S19S_0069_Wat,421.1504292
1,Sample_S19S_0069_Wat,421.1552081
19,Sample_S19S_0069_Wat,421.1634511
20,Sample_S19S_0069_Wat,421.1868654
1,Sample_S19S_0069_Wat,421.2265386
30,Sample_S19S_0069_Wat,422.0728802
20,Sample_S19S_0069_Wat,422.1093338
44,Sample_S19S_0069_Wat,423.0569089
28,Sample_S19S_0069_Wat,423.093231
87,Sample_S19S_0069_Wat,423.1296813
14,Sample_S19S_0069_Wat,423.1426961
30,Sample_S19S_0069_Wat,423.1661225
16,Sample_S19S_0069_Wat,423.179095
28,Sample_S19S_0069_Wat,423.2024382
6,Sample_S19S_0069_Wat,424.0522173
23,Sample_S19S_0069_Wat,424.1249783
36,Sample_S19S_0069_Wat,425.0361852
18,Sample_S19S_0069_Wat,425.0724714
18,Sample_S19S_0069_Wat,425.1008972
47,Sample_S19S_0069_Wat,425.1089252
19,Sample_S19S_0069_Wat,425.1453873
34,Sample_S19S_0069_Wat,425.1816982
38,Sample_S19S_0069_Wat,426.1405881
37,Sample_S19S_0069_Wat,426.1769689
19,Sample_S19S_0069_Wat,427.0518808
13,Sample_S19S_0069_Wat,427.0801714
40,Sample_S19S_0069_Wat,427.088175
36,Sample_S19S_0069_Wat,427.1035014
21,Sample_S19S_0069_Wat,427.1165345
64,Sample_S19S_0069_Wat,427.1245871
5,Sample_S19S_0069_Wat,427.1399769
5,Sample_S19S_0069_Wat,427.1610597
13,Sample_S19S_0069_Wat,428.1562791
27,Sample_S19S_0069_Wat,429.0310878
20,Sample_S19S_0069_Wat,429.0463286
40,Sample_S19S_0069_Wat,429.067488
2,Sample_S19S_0069_Wat,429.0829209
6,Sample_S19S_0069_Wat,429.0861392
9,Sample_S19S_0069_Wat,429.1039457
8,Sample_S19S_0069_Wat,429.1192381
53,Sample_S19S_0069_Wat,429.1402424
29,Sample_S19S_0069_Wat,429.1555582
25,Sample_S19S_0069_Wat,429.1685491
16,Sample_S19S_0069_Wat,429.1765924
34,Sample_S19S_0069_Wat,429.1919036
21,Sample_S19S_0069_Wat,430.0991542
4,Sample_S19S_0069_Wat,430.1273505
32,Sample_S19S_0069_Wat,430.1354817
16,Sample_S19S_0069_Wat,431.0256563
7,Sample_S19S_0069_Wat,431.0386601
10,Sample_S19S_0069_Wat,431.04681
52,Sample_S19S_0069_Wat,431.0620177
33,Sample_S19S_0069_Wat,431.083125
60,Sample_S19S_0069_Wat,431.098388
1,Sample_S19S_0069_Wat,431.1016424
21,Sample_S19S_0069_Wat,431.1113826
27,Sample_S19S_0069_Wat,431.1347291
27,Sample_S19S_0069_Wat,431.1477957
18,Sample_S19S_0069_Wat,431.1558407
34,Sample_S19S_0069_Wat,431.1711879
17,Sample_S19S_0069_Wat,431.2076023
10,Sample_S19S_0069_Wat,432.078404
50,Sample_S19S_0069_Wat,432.093661
51,Sample_S19S_0069_Wat,432.1300404
31,Sample_S19S_0069_Wat,433.0412948
7,Sample_S19S_0069_Wat,433.0543356
58,Sample_S19S_0069_Wat,433.077665
18,Sample_S19S_0069_Wat,433.0906617
26,Sample_S19S_0069_Wat,433.1139658
11,Sample_S19S_0069_Wat,433.1269982
29,Sample_S19S_0069_Wat,433.1503758
27,Sample_S19S_0069_Wat,433.1634586
35,Sample_S19S_0069_Wat,433.1868494
9,Sample_S19S_0069_Wat,433.1998888
21,Sample_S19S_0069_Wat,433.223189
10,Sample_S19S_0069_Wat,434.1093421
12,Sample_S19S_0069_Wat,435.0204588
36,Sample_S19S_0069_Wat,435.0569041
14,Sample_S19S_0069_Wat,435.0698968
72,Sample_S19S_0069_Wat,435.093324
15,Sample_S19S_0069_Wat,435.1062764
31,Sample_S19S_0069_Wat,435.1296329
5,Sample_S19S_0069_Wat,435.1426364
26,Sample_S19S_0069_Wat,435.1659973
15,Sample_S19S_0069_Wat,435.1790631
4,Sample_S19S_0069_Wat,435.1944635
40,Sample_S19S_0069_Wat,435.2024665
11,Sample_S19S_0069_Wat,436.0886111
3,Sample_S19S_0069_Wat,436.1250197
32,Sample_S19S_0069_Wat,437.0361523
23,Sample_S19S_0069_Wat,437.072483
7,Sample_S19S_0069_Wat,437.1009114
28,Sample_S19S_0069_Wat,437.1088959
58,Sample_S19S_0069_Wat,437.1453651
2,Sample_S19S_0069_Wat,437.1737814
44,Sample_S19S_0069_Wat,437.1817485
9,Sample_S19S_0069_Wat,437.2100538
8,Sample_S19S_0069_Wat,437.2180272
5,Sample_S19S_0069_Wat,438.0678822
47,Sample_S19S_0069_Wat,438.1405683
18,Sample_S19S_0069_Wat,439.051737
61,Sample_S19S_0069_Wat,439.0882098
70,Sample_S19S_0069_Wat,439.1246064
18,Sample_S19S_0069_Wat,439.1529344
29,Sample_S19S_0069_Wat,439.1609425
19,Sample_S19S_0069_Wat,439.1892886
15,Sample_S19S_0069_Wat,439.1973056
24,Sample_S19S_0069_Wat,440.0834468
25,Sample_S19S_0069_Wat,440.1198163
1,Sample_S19S_0069_Wat,440.947037
16,Sample_S19S_0069_Wat,441.0310268
5,Sample_S19S_0069_Wat,441.0593601
31,Sample_S19S_0069_Wat,441.0674409
26,Sample_S19S_0069_Wat,441.0827166
35,Sample_S19S_0069_Wat,441.1039049
19,Sample_S19S_0069_Wat,441.1191742
45,Sample_S19S_0069_Wat,441.1402285
11,Sample_S19S_0069_Wat,441.1554489
18,Sample_S19S_0069_Wat,441.168514
18,Sample_S19S_0069_Wat,441.1765589
10,Sample_S19S_0069_Wat,441.2049192
8,Sample_S19S_0069_Wat,442.0990637
16,Sample_S19S_0069_Wat,442.135461
10,Sample_S19S_0069_Wat,442.1637834
17,Sample_S19S_0069_Wat,443.0466588
12,Sample_S19S_0069_Wat,443.061884
14,Sample_S19S_0069_Wat,443.0749837
32,Sample_S19S_0069_Wat,443.0830557
38,Sample_S19S_0069_Wat,443.0984287
1,Sample_S19S_0069_Wat,443.1016577
22,Sample_S19S_0069_Wat,443.1114516
58,Sample_S19S_0069_Wat,443.119518
6,Sample_S19S_0069_Wat,443.1348538
22,Sample_S19S_0069_Wat,443.1478565
46,Sample_S19S_0069_Wat,443.1558944
22,Sample_S19S_0069_Wat,443.1711201
22,Sample_S19S_0069_Wat,443.1841796
11,Sample_S19S_0069_Wat,443.1922057
28,Sample_S19S_0069_Wat,445.0412697
8,Sample_S19S_0069_Wat,445.054308
28,Sample_S19S_0069_Wat,445.0623769
31,Sample_S19S_0069_Wat,445.0776178
1,Sample_S19S_0069_Wat,445.0808638
13,Sample_S19S_0069_Wat,445.0986624
4,Sample_S19S_0069_Wat,445.1083593
18,Sample_S19S_0069_Wat,445.1139537
2,Sample_S19S_0069_Wat,445.1171907
20,Sample_S19S_0069_Wat,445.127011
11,Sample_S19S_0069_Wat,445.1350548
35,Sample_S19S_0069_Wat,445.1503907
33,Sample_S19S_0069_Wat,445.1634705
39,Sample_S19S_0069_Wat,445.1868428
10,Sample_S19S_0069_Wat,446.0728598
1,Sample_S19S_0069_Wat,446.0939418
31,Sample_S19S_0069_Wat,446.1092739
11,Sample_S19S_0069_Wat,447.0204695
8,Sample_S19S_0069_Wat,447.056785
6,Sample_S19S_0069_Wat,447.0698296
17,Sample_S19S_0069_Wat,447.09323
1,Sample_S19S_0069_Wat,447.0964519
16,Sample_S19S_0069_Wat,447.114388
75,Sample_S19S_0069_Wat,447.1297048
31,Sample_S19S_0069_Wat,447.1427418
63,Sample_S19S_0069_Wat,447.1660641
23,Sample_S19S_0069_Wat,447.179104
13,Sample_S19S_0069_Wat,447.2023724
44,Sample_S19S_0069_Wat,448.088573
8,Sample_S19S_0069_Wat,448.1096972
15,Sample_S19S_0069_Wat,449.0360637
24,Sample_S19S_0069_Wat,449.0724952
80,Sample_S19S_0069_Wat,449.1089599
16,Sample_S19S_0069_Wat,449.1219859
71,Sample_S19S_0069_Wat,449.1453221
27,Sample_S19S_0069_Wat,449.1583358
24,Sample_S19S_0069_Wat,449.1816462
3,Sample_S19S_0069_Wat,449.1946593
11,Sample_S19S_0069_Wat,449.2180299
17,Sample_S19S_0069_Wat,451.0517204
36,Sample_S19S_0069_Wat,451.0881744
7,Sample_S19S_0069_Wat,451.1011798
53,Sample_S19S_0069_Wat,451.124616
21,Sample_S19S_0069_Wat,451.1376081
4,Sample_S19S_0069_Wat,451.1530256
31,Sample_S19S_0069_Wat,451.1609528
8,Sample_S19S_0069_Wat,451.189303
4,Sample_S19S_0069_Wat,451.1972791
1,Sample_S19S_0069_Wat,451.2103087
27,Sample_S19S_0069_Wat,452.0834394
10,Sample_S19S_0069_Wat,452.1199139
18,Sample_S19S_0069_Wat,453.0310814
21,Sample_S19S_0069_Wat,453.0673983
11,Sample_S19S_0069_Wat,453.0957146
17,Sample_S19S_0069_Wat,453.1037558
18,Sample_S19S_0069_Wat,453.1321972
38,Sample_S19S_0069_Wat,453.140211
6,Sample_S19S_0069_Wat,453.1686448
53,Sample_S19S_0069_Wat,453.1766436
14,Sample_S19S_0069_Wat,453.2049759
18,Sample_S19S_0069_Wat,454.0627542
33,Sample_S19S_0069_Wat,455.0467468
33,Sample_S19S_0069_Wat,455.0620251
14,Sample_S19S_0069_Wat,455.0750667
43,Sample_S19S_0069_Wat,455.0831528
37,Sample_S19S_0069_Wat,455.0984121
18,Sample_S19S_0069_Wat,455.111472
38,Sample_S19S_0069_Wat,455.1194736
1,Sample_S19S_0069_Wat,455.1290278
8,Sample_S19S_0069_Wat,455.1346803
22,Sample_S19S_0069_Wat,455.14777
11,Sample_S19S_0069_Wat,455.1558023
16,Sample_S19S_0069_Wat,455.1841535
12,Sample_S19S_0069_Wat,455.1921775
16,Sample_S19S_0069_Wat,455.2205892
8,Sample_S19S_0069_Wat,457.0260917
23,Sample_S19S_0069_Wat,457.0412916
29,Sample_S19S_0069_Wat,457.0624071
16,Sample_S19S_0069_Wat,457.0776174
12,Sample_S19S_0069_Wat,457.0906483
18,Sample_S19S_0069_Wat,457.0986905
22,Sample_S19S_0069_Wat,457.1139922
15,Sample_S19S_0069_Wat,457.1270095
13,Sample_S19S_0069_Wat,457.1350642
3,Sample_S19S_0069_Wat,457.1447412
16,Sample_S19S_0069_Wat,457.150377
21,Sample_S19S_0069_Wat,457.1634444
20,Sample_S19S_0069_Wat,457.1715231
44,Sample_S19S_0069_Wat,457.1868094
13,Sample_S19S_0069_Wat,457.1998933
23,Sample_S19S_0069_Wat,458.0729028
15,Sample_S19S_0069_Wat,459.0205561
19,Sample_S19S_0069_Wat,459.0416602
18,Sample_S19S_0069_Wat,459.0568713
10,Sample_S19S_0069_Wat,459.069913
21,Sample_S19S_0069_Wat,459.0779746
18,Sample_S19S_0069_Wat,459.0932353
19,Sample_S19S_0069_Wat,459.1062882
26,Sample_S19S_0069_Wat,459.1143457
52,Sample_S19S_0069_Wat,459.1296693
29,Sample_S19S_0069_Wat,459.142719
34,Sample_S19S_0069_Wat,459.1508169
43,Sample_S19S_0069_Wat,459.1661042
22,Sample_S19S_0069_Wat,459.2025048
3,Sample_S19S_0069_Wat,460.0521036
32,Sample_S19S_0069_Wat,460.1249704
22,Sample_S19S_0069_Wat,461.036196
6,Sample_S19S_0069_Wat,461.0492316
24,Sample_S19S_0069_Wat,461.0725007
14,Sample_S19S_0069_Wat,461.0855391
6,Sample_S19S_0069_Wat,461.0935699
11,Sample_S19S_0069_Wat,461.1088271
4,Sample_S19S_0069_Wat,461.1218899
9,Sample_S19S_0069_Wat,461.1299458
5,Sample_S19S_0069_Wat,461.1396751
21,Sample_S19S_0069_Wat,461.1452647
24,Sample_S19S_0069_Wat,461.1583343
35,Sample_S19S_0069_Wat,461.1817537
21,Sample_S19S_0069_Wat,461.218132
21,Sample_S19S_0069_Wat,462.067799
9,Sample_S19S_0069_Wat,462.1042629
36,Sample_S19S_0069_Wat,463.0518315
5,Sample_S19S_0069_Wat,463.064914
44,Sample_S19S_0069_Wat,463.0881954
4,Sample_S19S_0069_Wat,463.1189274
17,Sample_S19S_0069_Wat,463.124491
3,Sample_S19S_0069_Wat,463.1375144
7,Sample_S19S_0069_Wat,463.1608564
8,Sample_S19S_0069_Wat,463.1739081
16,Sample_S19S_0069_Wat,463.1972938
22,Sample_S19S_0069_Wat,464.1198095
14,Sample_S19S_0069_Wat,465.0310055
15,Sample_S19S_0069_Wat,465.06738
34,Sample_S19S_0069_Wat,465.1038259
19,Sample_S19S_0069_Wat,465.1168704
24,Sample_S19S_0069_Wat,465.1532935
5,Sample_S19S_0069_Wat,465.1686035
54,Sample_S19S_0069_Wat,465.1766182
9,Sample_S19S_0069_Wat,465.2049695
10,Sample_S19S_0069_Wat,465.2129596
37,Sample_S19S_0069_Wat,466.1355201
1,Sample_S19S_0069_Wat,466.1435867
34,Sample_S19S_0069_Wat,467.0467531
4,Sample_S19S_0069_Wat,467.0751037
49,Sample_S19S_0069_Wat,467.0831629
48,Sample_S19S_0069_Wat,467.1195422
27,Sample_S19S_0069_Wat,467.1478261
31,Sample_S19S_0069_Wat,467.1558326
4,Sample_S19S_0069_Wat,467.165495
22,Sample_S19S_0069_Wat,467.184209
8,Sample_S19S_0069_Wat,467.1921933
11,Sample_S19S_0069_Wat,467.220621
23,Sample_S19S_0069_Wat,468.1147294
14,Sample_S19S_0069_Wat,469.0260039
29,Sample_S19S_0069_Wat,469.062394
9,Sample_S19S_0069_Wat,469.0776006
13,Sample_S19S_0069_Wat,469.0906533
26,Sample_S19S_0069_Wat,469.0986993
22,Sample_S19S_0069_Wat,469.1270251
14,Sample_S19S_0069_Wat,469.1350525
7,Sample_S19S_0069_Wat,469.1503074
12,Sample_S19S_0069_Wat,469.1633964
1,Sample_S19S_0069_Wat,469.1811109
20,Sample_S19S_0069_Wat,469.199861
16,Sample_S19S_0069_Wat,469.2078959
16,Sample_S19S_0069_Wat,471.0416901
28,Sample_S19S_0069_Wat,471.0569384
8,Sample_S19S_0069_Wat,471.069939
28,Sample_S19S_0069_Wat,471.0780166
18,Sample_S19S_0069_Wat,471.093255
16,Sample_S19S_0069_Wat,471.106291
6,Sample_S19S_0069_Wat,471.1295835
11,Sample_S19S_0069_Wat,471.1426129
10,Sample_S19S_0069_Wat,471.1506882
7,Sample_S19S_0069_Wat,471.16598
24,Sample_S19S_0069_Wat,471.1790652
14,Sample_S19S_0069_Wat,471.1871307
10,Sample_S19S_0069_Wat,471.2024048
17,Sample_S19S_0069_Wat,471.2155389
14,Sample_S19S_0069_Wat,473.0361823
8,Sample_S19S_0069_Wat,473.0491772
7,Sample_S19S_0069_Wat,473.0573502
34,Sample_S19S_0069_Wat,473.0726032
35,Sample_S19S_0069_Wat,473.0937108
59,Sample_S19S_0069_Wat,473.1089772
27,Sample_S19S_0069_Wat,473.121993
19,Sample_S19S_0069_Wat,473.1300234
7,Sample_S19S_0069_Wat,473.139667
23,Sample_S19S_0069_Wat,473.1452829
10,Sample_S19S_0069_Wat,473.1582831
8,Sample_S19S_0069_Wat,473.1663521
20,Sample_S19S_0069_Wat,473.1816622
10,Sample_S19S_0069_Wat,473.1946924
20,Sample_S19S_0069_Wat,473.2180738
6,Sample_S19S_0069_Wat,474.0889636
13,Sample_S19S_0069_Wat,475.0517049
26,Sample_S19S_0069_Wat,475.0881586
17,Sample_S19S_0069_Wat,475.1012806
14,Sample_S19S_0069_Wat,475.1092833
57,Sample_S19S_0069_Wat,475.1245966
29,Sample_S19S_0069_Wat,475.1376596
62,Sample_S19S_0069_Wat,475.1609843
26,Sample_S19S_0069_Wat,475.1739813
12,Sample_S19S_0069_Wat,475.1973043
22,Sample_S19S_0069_Wat,476.1198125
23,Sample_S19S_0069_Wat,477.0311319
40,Sample_S19S_0069_Wat,477.0674882
3,Sample_S19S_0069_Wat,477.0805777
1,Sample_S19S_0069_Wat,477.0981716
19,Sample_S19S_0069_Wat,477.1037802
18,Sample_S19S_0069_Wat,477.1168599
1,Sample_S19S_0069_Wat,477.1344651
6,Sample_S19S_0069_Wat,477.1401075
8,Sample_S19S_0069_Wat,477.1531747
18,Sample_S19S_0069_Wat,477.1765167
5,Sample_S19S_0069_Wat,477.1895617
29,Sample_S19S_0069_Wat,477.2130039
39,Sample_S19S_0069_Wat,478.0991507
6,Sample_S19S_0069_Wat,479.0466033
16,Sample_S19S_0069_Wat,479.0830028
9,Sample_S19S_0069_Wat,479.0961506
36,Sample_S19S_0069_Wat,479.1194663
19,Sample_S19S_0069_Wat,479.1325629
60,Sample_S19S_0069_Wat,479.1559168
9,Sample_S19S_0069_Wat,479.1689644
4,Sample_S19S_0069_Wat,479.1843315
41,Sample_S19S_0069_Wat,479.1923063
11,Sample_S19S_0069_Wat,479.2286027
10,Sample_S19S_0069_Wat,480.151082
9,Sample_S19S_0069_Wat,481.025885
19,Sample_S19S_0069_Wat,481.0623379
14,Sample_S19S_0069_Wat,481.0906559
44,Sample_S19S_0069_Wat,481.0987747
60,Sample_S19S_0069_Wat,481.1351677
17,Sample_S19S_0069_Wat,481.1634867
39,Sample_S19S_0069_Wat,481.1715313
16,Sample_S19S_0069_Wat,481.199847
16,Sample_S19S_0069_Wat,481.2078283
3,Sample_S19S_0069_Wat,482.1302914
17,Sample_S19S_0069_Wat,483.0415833
11,Sample_S19S_0069_Wat,483.0568081
26,Sample_S19S_0069_Wat,483.0780208
26,Sample_S19S_0069_Wat,483.0933003
7,Sample_S19S_0069_Wat,483.1064043
45,Sample_S19S_0069_Wat,483.1144642
23,Sample_S19S_0069_Wat,483.1297323
31,Sample_S19S_0069_Wat,483.1508531
13,Sample_S19S_0069_Wat,483.1660394
14,Sample_S19S_0069_Wat,483.1791639
25,Sample_S19S_0069_Wat,483.1871699
2,Sample_S19S_0069_Wat,483.1967632
12,Sample_S19S_0069_Wat,483.2154832
8,Sample_S19S_0069_Wat,483.2234722
12,Sample_S19S_0069_Wat,484.1459881
10,Sample_S19S_0069_Wat,485.057196
12,Sample_S19S_0069_Wat,485.0724465
12,Sample_S19S_0069_Wat,485.0855526
29,Sample_S19S_0069_Wat,485.0936172
1,Sample_S19S_0069_Wat,485.1031533
39,Sample_S19S_0069_Wat,485.1089501
17,Sample_S19S_0069_Wat,485.1220307
42,Sample_S19S_0069_Wat,485.1300644
28,Sample_S19S_0069_Wat,485.1453846
18,Sample_S19S_0069_Wat,485.1584131
32,Sample_S19S_0069_Wat,485.1664901
3,Sample_S19S_0069_Wat,485.1760615
41,Sample_S19S_0069_Wat,485.181737
16,Sample_S19S_0069_Wat,485.1948096
9,Sample_S19S_0069_Wat,485.2179932
2,Sample_S19S_0069_Wat,485.2310607
17,Sample_S19S_0069_Wat,487.051792
7,Sample_S19S_0069_Wat,487.0648683
17,Sample_S19S_0069_Wat,487.072871
12,Sample_S19S_0069_Wat,487.088118
15,Sample_S19S_0069_Wat,487.1011949
8,Sample_S19S_0069_Wat,487.1092152
12,Sample_S19S_0069_Wat,487.1244947
18,Sample_S19S_0069_Wat,487.1375846
9,Sample_S19S_0069_Wat,487.1456408
51,Sample_S19S_0069_Wat,487.1609704
20,Sample_S19S_0069_Wat,487.1740711
30,Sample_S19S_0069_Wat,487.1974177
4,Sample_S19S_0069_Wat,487.2104698
24,Sample_S19S_0069_Wat,488.0834359
9,Sample_S19S_0069_Wat,489.0310445
10,Sample_S19S_0069_Wat,489.0522438
37,Sample_S19S_0069_Wat,489.067487
23,Sample_S19S_0069_Wat,489.0886429
4,Sample_S19S_0069_Wat,489.0982045
31,Sample_S19S_0069_Wat,489.1039118
29,Sample_S19S_0069_Wat,489.1249814
29,Sample_S19S_0069_Wat,489.1402055
18,Sample_S19S_0069_Wat,489.1532671
9,Sample_S19S_0069_Wat,489.1765226
3,Sample_S19S_0069_Wat,489.1895365
6,Sample_S19S_0069_Wat,489.2128864
2,Sample_S19S_0069_Wat,490.1201406
13,Sample_S19S_0069_Wat,491.0466906
18,Sample_S19S_0069_Wat,491.0830123
11,Sample_S19S_0069_Wat,491.0961728
10,Sample_S19S_0069_Wat,491.1193786
14,Sample_S19S_0069_Wat,491.1325378
25,Sample_S19S_0069_Wat,491.1558203
22,Sample_S19S_0069_Wat,491.1689084
43,Sample_S19S_0069_Wat,491.1922945
6,Sample_S19S_0069_Wat,491.2287423
27,Sample_S19S_0069_Wat,492.1147512
11,Sample_S19S_0069_Wat,493.0259042
14,Sample_S19S_0069_Wat,493.0622921
23,Sample_S19S_0069_Wat,493.098712
64,Sample_S19S_0069_Wat,493.1351653
1,Sample_S19S_0069_Wat,493.1636569
47,Sample_S19S_0069_Wat,493.1715856
6,Sample_S19S_0069_Wat,493.1999507
11,Sample_S19S_0069_Wat,493.2442171
15,Sample_S19S_0069_Wat,495.0415683
34,Sample_S19S_0069_Wat,495.0780179
3,Sample_S19S_0069_Wat,495.106406
42,Sample_S19S_0069_Wat,495.1144449
11,Sample_S19S_0069_Wat,495.1427989
51,Sample_S19S_0069_Wat,495.1507984
20,Sample_S19S_0069_Wat,495.1791573
8,Sample_S19S_0069_Wat,495.2154488
1,Sample_S19S_0069_Wat,496.1905351
3,Sample_S19S_0069_Wat,497.0207701
19,Sample_S19S_0069_Wat,497.0572968
26,Sample_S19S_0069_Wat,497.0725711
13,Sample_S19S_0069_Wat,497.1301476
1,Sample_S19S_0069_Wat,497.1396908
19,Sample_S19S_0069_Wat,497.1453801
25,Sample_S19S_0069_Wat,497.1947705
4,Sample_S19S_0069_Wat,497.2310629
9,Sample_S19S_0069_Wat,498.1253978
25,Sample_S19S_0069_Wat,498.1617513
4,Sample_S19S_0069_Wat,498.1698072
9,Sample_S19S_0069_Wat,499.036451
6,Sample_S19S_0069_Wat,499.0516924
21,Sample_S19S_0069_Wat,499.0728848
13,Sample_S19S_0069_Wat,499.1012958
33,Sample_S19S_0069_Wat,499.1093112
42,Sample_S19S_0069_Wat,499.1246232
16,Sample_S19S_0069_Wat,499.1377212
44,Sample_S19S_0069_Wat,499.1457371
5,Sample_S19S_0069_Wat,499.1553132
14,Sample_S19S_0069_Wat,499.1610424
20,Sample_S19S_0069_Wat,499.1740741
30,Sample_S19S_0069_Wat,499.1973555
22,Sample_S19S_0069_Wat,499.2104255
8,Sample_S19S_0069_Wat,501.0310269
10,Sample_S19S_0069_Wat,501.0521674
17,Sample_S19S_0069_Wat,501.0673678
13,Sample_S19S_0069_Wat,501.080502
16,Sample_S19S_0069_Wat,501.0885018
12,Sample_S19S_0069_Wat,501.1037301
14,Sample_S19S_0069_Wat,501.116864
5,Sample_S19S_0069_Wat,501.1248479
20,Sample_S19S_0069_Wat,501.1401768
34,Sample_S19S_0069_Wat,501.1532967
16,Sample_S19S_0069_Wat,501.1612956
46,Sample_S19S_0069_Wat,501.1766253
28,Sample_S19S_0069_Wat,501.1896846
24,Sample_S19S_0069_Wat,501.2130646
10,Sample_S19S_0069_Wat,503.0468089
6,Sample_S19S_0069_Wat,503.0679918
5,Sample_S19S_0069_Wat,503.0832459
18,Sample_S19S_0069_Wat,503.1042984
52,Sample_S19S_0069_Wat,503.1195309
8,Sample_S19S_0069_Wat,503.1326318
1,Sample_S19S_0069_Wat,503.1502092
25,Sample_S19S_0069_Wat,503.1558462
15,Sample_S19S_0069_Wat,503.1921795
2,Sample_S19S_0069_Wat,503.2051842
15,Sample_S19S_0069_Wat,503.2285615
6,Sample_S19S_0069_Wat,504.0995128
7,Sample_S19S_0069_Wat,505.0259469
11,Sample_S19S_0069_Wat,505.0622503
10,Sample_S19S_0069_Wat,505.0754693
18,Sample_S19S_0069_Wat,505.098662
11,Sample_S19S_0069_Wat,505.1118569
1,Sample_S19S_0069_Wat,505.1293863
17,Sample_S19S_0069_Wat,505.1350781
6,Sample_S19S_0069_Wat,505.1482794
62,Sample_S19S_0069_Wat,505.1715425
28,Sample_S19S_0069_Wat,505.2079802
22,Sample_S19S_0069_Wat,505.2443315
10,Sample_S19S_0069_Wat,506.0576414
6,Sample_S19S_0069_Wat,506.1303153
15,Sample_S19S_0069_Wat,507.0415912
26,Sample_S19S_0069_Wat,507.0780238
42,Sample_S19S_0069_Wat,507.1144464
3,Sample_S19S_0069_Wat,507.1428505
56,Sample_S19S_0069_Wat,507.1508255
6,Sample_S19S_0069_Wat,507.179192
19,Sample_S19S_0069_Wat,509.0573918
38,Sample_S19S_0069_Wat,509.0937287
10,Sample_S19S_0069_Wat,509.1219812
39,Sample_S19S_0069_Wat,509.1300451
12,Sample_S19S_0069_Wat,509.1583575
10,Sample_S19S_0069_Wat,509.1947371
9,Sample_S19S_0069_Wat,510.0888729
7,Sample_S19S_0069_Wat,511.0366348
10,Sample_S19S_0069_Wat,511.0518749
30,Sample_S19S_0069_Wat,511.0729714
4,Sample_S19S_0069_Wat,511.0881435
17,Sample_S19S_0069_Wat,511.1012674
3,Sample_S19S_0069_Wat,511.1375472
1,Sample_S19S_0069_Wat,511.1455592
10,Sample_S19S_0069_Wat,511.1739404
13,Sample_S19S_0069_Wat,511.2103696
1,Sample_S19S_0069_Wat,512.1854652
11,Sample_S19S_0069_Wat,513.0522762
21,Sample_S19S_0069_Wat,513.0674942
5,Sample_S19S_0069_Wat,513.0804898
19,Sample_S19S_0069_Wat,513.0885835
22,Sample_S19S_0069_Wat,513.1169162
16,Sample_S19S_0069_Wat,513.1248843
1,Sample_S19S_0069_Wat,513.1344354
6,Sample_S19S_0069_Wat,513.1401059
7,Sample_S19S_0069_Wat,513.1531789
4,Sample_S19S_0069_Wat,513.1612236
3,Sample_S19S_0069_Wat,513.1764786
11,Sample_S19S_0069_Wat,513.1895585
7,Sample_S19S_0069_Wat,515.0467951
12,Sample_S19S_0069_Wat,515.0679477
34,Sample_S19S_0069_Wat,515.083157
24,Sample_S19S_0069_Wat,515.1042917
34,Sample_S19S_0069_Wat,515.1194964
6,Sample_S19S_0069_Wat,515.1326297
20,Sample_S19S_0069_Wat,515.1405768
1,Sample_S19S_0069_Wat,515.1500928
13,Sample_S19S_0069_Wat,515.155816
16,Sample_S19S_0069_Wat,515.1688778
7,Sample_S19S_0069_Wat,515.1768835
8,Sample_S19S_0069_Wat,515.1921599
10,Sample_S19S_0069_Wat,515.2052029
7,Sample_S19S_0069_Wat,517.0258857
24,Sample_S19S_0069_Wat,517.0624113
8,Sample_S19S_0069_Wat,517.0835974
13,Sample_S19S_0069_Wat,517.098859
8,Sample_S19S_0069_Wat,517.1199999
7,Sample_S19S_0069_Wat,517.1352552
15,Sample_S19S_0069_Wat,517.171616
15,Sample_S19S_0069_Wat,517.1846401
39,Sample_S19S_0069_Wat,517.2079237
6,Sample_S19S_0069_Wat,517.2442337
6,Sample_S19S_0069_Wat,518.1514949
6,Sample_S19S_0069_Wat,519.041577
14,Sample_S19S_0069_Wat,519.0779454
4,Sample_S19S_0069_Wat,519.0911551
13,Sample_S19S_0069_Wat,519.1143103
8,Sample_S19S_0069_Wat,519.1275578
28,Sample_S19S_0069_Wat,519.1507584
8,Sample_S19S_0069_Wat,519.1639413
51,Sample_S19S_0069_Wat,519.1872205
18,Sample_S19S_0069_Wat,519.2236508
17,Sample_S19S_0069_Wat,520.1461126
8,Sample_S19S_0069_Wat,521.020886
22,Sample_S19S_0069_Wat,521.0573462
28,Sample_S19S_0069_Wat,521.0937324
46,Sample_S19S_0069_Wat,521.1301011
4,Sample_S19S_0069_Wat,521.1584978
27,Sample_S19S_0069_Wat,521.1663968
1,Sample_S19S_0069_Wat,521.1946636
7,Sample_S19S_0069_Wat,521.2027235
4,Sample_S19S_0069_Wat,521.2390738
6,Sample_S19S_0069_Wat,522.0888396
16,Sample_S19S_0069_Wat,523.0365285
12,Sample_S19S_0069_Wat,523.0728235
4,Sample_S19S_0069_Wat,523.101088
6,Sample_S19S_0069_Wat,523.1091901
9,Sample_S19S_0069_Wat,523.1376337
12,Sample_S19S_0069_Wat,523.1456062
15,Sample_S19S_0069_Wat,523.1739853
22,Sample_S19S_0069_Wat,523.1820717
18,Sample_S19S_0069_Wat,523.2104573
9,Sample_S19S_0069_Wat,525.0521307
22,Sample_S19S_0069_Wat,525.0885729
20,Sample_S19S_0069_Wat,525.1038625
5,Sample_S19S_0069_Wat,525.1169923
29,Sample_S19S_0069_Wat,525.1250197
13,Sample_S19S_0069_Wat,525.1403116
35,Sample_S19S_0069_Wat,525.1614051
1,Sample_S19S_0069_Wat,525.1708429
18,Sample_S19S_0069_Wat,526.1566707
9,Sample_S19S_0069_Wat,527.0315131
11,Sample_S19S_0069_Wat,527.0467883
15,Sample_S19S_0069_Wat,527.0679337
11,Sample_S19S_0069_Wat,527.0832056
10,Sample_S19S_0069_Wat,527.1043114
17,Sample_S19S_0069_Wat,527.119585
35,Sample_S19S_0069_Wat,527.1406475
33,Sample_S19S_0069_Wat,527.1558917
21,Sample_S19S_0069_Wat,527.1689685
22,Sample_S19S_0069_Wat,527.1769645
6,Sample_S19S_0069_Wat,527.1922169
20,Sample_S19S_0069_Wat,527.2052882
22,Sample_S19S_0069_Wat,528.135922
9,Sample_S19S_0069_Wat,529.047257
14,Sample_S19S_0069_Wat,529.0624704
7,Sample_S19S_0069_Wat,529.0836238
16,Sample_S19S_0069_Wat,529.0988481
18,Sample_S19S_0069_Wat,529.119899
36,Sample_S19S_0069_Wat,529.1351825
10,Sample_S19S_0069_Wat,529.1482589
16,Sample_S19S_0069_Wat,529.1562352
16,Sample_S19S_0069_Wat,529.1714748
18,Sample_S19S_0069_Wat,529.184567
8,Sample_S19S_0069_Wat,529.2078283
9,Sample_S19S_0069_Wat,530.1152024
6,Sample_S19S_0069_Wat,531.0417642
10,Sample_S19S_0069_Wat,531.0629135
5,Sample_S19S_0069_Wat,531.0781475
11,Sample_S19S_0069_Wat,531.0992322
16,Sample_S19S_0069_Wat,531.1144803
28,Sample_S19S_0069_Wat,531.1507766
15,Sample_S19S_0069_Wat,531.1638843
12,Sample_S19S_0069_Wat,531.1871077
11,Sample_S19S_0069_Wat,531.2001725
8,Sample_S19S_0069_Wat,533.0574115
16,Sample_S19S_0069_Wat,533.0937827
29,Sample_S19S_0069_Wat,533.1301236
53,Sample_S19S_0069_Wat,533.166456
11,Sample_S19S_0069_Wat,533.2027587
3,Sample_S19S_0069_Wat,533.2390944
10,Sample_S19S_0069_Wat,535.0365569
19,Sample_S19S_0069_Wat,535.0730261
14,Sample_S19S_0069_Wat,535.1094222
8,Sample_S19S_0069_Wat,535.1458132
22,Sample_S19S_0069_Wat,535.1821751
25,Sample_S19S_0069_Wat,536.1045749
8,Sample_S19S_0069_Wat,537.0520931
19,Sample_S19S_0069_Wat,537.0884904
13,Sample_S19S_0069_Wat,537.1169413
31,Sample_S19S_0069_Wat,537.1249315
40,Sample_S19S_0069_Wat,537.161382
7,Sample_S19S_0069_Wat,537.1897464
17,Sample_S19S_0069_Wat,537.1978101
1,Sample_S19S_0069_Wat,537.2261348
9,Sample_S19S_0069_Wat,537.2342192
14,Sample_S19S_0069_Wat,539.0679143
20,Sample_S19S_0069_Wat,539.1042196
13,Sample_S19S_0069_Wat,539.1325679
27,Sample_S19S_0069_Wat,539.1405618
8,Sample_S19S_0069_Wat,539.1688297
5,Sample_S19S_0069_Wat,539.1768779
3,Sample_S19S_0069_Wat,539.2051955
1,Sample_S19S_0069_Wat,539.2132409
8,Sample_S19S_0069_Wat,541.0470414
15,Sample_S19S_0069_Wat,541.0623672
21,Sample_S19S_0069_Wat,541.0834882
27,Sample_S19S_0069_Wat,541.0988161
26,Sample_S19S_0069_Wat,541.1199147
14,Sample_S19S_0069_Wat,541.1563515
6,Sample_S19S_0069_Wat,541.1716527
4,Sample_S19S_0069_Wat,541.1927684
14,Sample_S19S_0069_Wat,541.2079962
5,Sample_S19S_0069_Wat,542.1514443
8,Sample_S19S_0069_Wat,542.1878502
6,Sample_S19S_0069_Wat,543.0418148
9,Sample_S19S_0069_Wat,543.0629181
13,Sample_S19S_0069_Wat,543.0781158
20,Sample_S19S_0069_Wat,543.09918
26,Sample_S19S_0069_Wat,543.1144211
17,Sample_S19S_0069_Wat,543.1355017
25,Sample_S19S_0069_Wat,543.1507543
15,Sample_S19S_0069_Wat,543.1638009
11,Sample_S19S_0069_Wat,543.1718262
8,Sample_S19S_0069_Wat,543.1870791
8,Sample_S19S_0069_Wat,543.2001267
2,Sample_S19S_0069_Wat,543.2234029
4,Sample_S19S_0069_Wat,543.236535
12,Sample_S19S_0069_Wat,545.0571838
5,Sample_S19S_0069_Wat,545.0783592
10,Sample_S19S_0069_Wat,545.0935509
9,Sample_S19S_0069_Wat,545.1147104
14,Sample_S19S_0069_Wat,545.1299664
9,Sample_S19S_0069_Wat,545.1432084
30,Sample_S19S_0069_Wat,545.1664409
7,Sample_S19S_0069_Wat,545.1795929
28,Sample_S19S_0069_Wat,545.2028931
4,Sample_S19S_0069_Wat,545.2393178
10,Sample_S19S_0069_Wat,547.0364584
15,Sample_S19S_0069_Wat,547.0729547
7,Sample_S19S_0069_Wat,547.0860275
17,Sample_S19S_0069_Wat,547.109415
15,Sample_S19S_0069_Wat,547.145805
7,Sample_S19S_0069_Wat,547.1822164
3,Sample_S19S_0069_Wat,547.1952584
16,Sample_S19S_0069_Wat,547.2185618
12,Sample_S19S_0069_Wat,547.2548518
14,Sample_S19S_0069_Wat,549.0523077
9,Sample_S19S_0069_Wat,549.0887119
13,Sample_S19S_0069_Wat,549.1250923
6,Sample_S19S_0069_Wat,549.1534225
17,Sample_S19S_0069_Wat,549.1614413
11,Sample_S19S_0069_Wat,549.1896683
33,Sample_S19S_0069_Wat,549.1977663
11,Sample_S19S_0069_Wat,549.2340464
6,Sample_S19S_0069_Wat,551.0316023
19,Sample_S19S_0069_Wat,551.0679996
16,Sample_S19S_0069_Wat,551.10435
3,Sample_S19S_0069_Wat,551.1327017
23,Sample_S19S_0069_Wat,551.140683
16,Sample_S19S_0069_Wat,551.1689448
24,Sample_S19S_0069_Wat,551.1769906
11,Sample_S19S_0069_Wat,551.2052511
13,Sample_S19S_0069_Wat,551.2133063
14,Sample_S19S_0069_Wat,553.0472596
11,Sample_S19S_0069_Wat,553.0836572
5,Sample_S19S_0069_Wat,553.0988926
18,Sample_S19S_0069_Wat,553.1199748
2,Sample_S19S_0069_Wat,553.1483118
38,Sample_S19S_0069_Wat,553.1562956
18,Sample_S19S_0069_Wat,553.1925971
3,Sample_S19S_0069_Wat,553.2288832
14,Sample_S19S_0069_Wat,555.0629131
5,Sample_S19S_0069_Wat,555.0993123
2,Sample_S19S_0069_Wat,555.1145859
7,Sample_S19S_0069_Wat,555.1356619
7,Sample_S19S_0069_Wat,555.1509252
4,Sample_S19S_0069_Wat,555.1639967
13,Sample_S19S_0069_Wat,555.1720029
17,Sample_S19S_0069_Wat,555.1871424
17,Sample_S19S_0069_Wat,555.2082923
5,Sample_S19S_0069_Wat,555.2365023
4,Sample_S19S_0069_Wat,557.0420033
10,Sample_S19S_0069_Wat,557.0572783
9,Sample_S19S_0069_Wat,557.0785258
20,Sample_S19S_0069_Wat,557.0937315
14,Sample_S19S_0069_Wat,557.1149049
2,Sample_S19S_0069_Wat,557.1513467
1,Sample_S19S_0069_Wat,557.1797008
5,Sample_S19S_0069_Wat,557.2029722
9,Sample_S19S_0069_Wat,557.2522397
11,Sample_S19S_0069_Wat,559.1092427
24,Sample_S19S_0069_Wat,559.1456819
13,Sample_S19S_0069_Wat,559.1951961
18,Sample_S19S_0069_Wat,559.2185569
15,Sample_S19S_0069_Wat,561.0522506
17,Sample_S19S_0069_Wat,561.0885432
8,Sample_S19S_0069_Wat,561.1248442
17,Sample_S19S_0069_Wat,561.1380479
4,Sample_S19S_0069_Wat,561.1611805
11,Sample_S19S_0069_Wat,561.1743368
1,Sample_S19S_0069_Wat,561.1975534
3,Sample_S19S_0069_Wat,561.2339983
21,Sample_S19S_0069_Wat,563.0679011
11,Sample_S19S_0069_Wat,563.1043787
7,Sample_S19S_0069_Wat,563.140767
7,Sample_S19S_0069_Wat,563.1771352
21,Sample_S19S_0069_Wat,563.2134586
13,Sample_S19S_0069_Wat,563.2497644
5,Sample_S19S_0069_Wat,565.0470587
12,Sample_S19S_0069_Wat,565.0833841
1,Sample_S19S_0069_Wat,565.1196921
3,Sample_S19S_0069_Wat,565.1480351
3,Sample_S19S_0069_Wat,565.1561141
1,Sample_S19S_0069_Wat,565.1844084
3,Sample_S19S_0069_Wat,565.2208348
12,Sample_S19S_0069_Wat,565.2290122
12,Sample_S19S_0069_Wat,567.0628477
15,Sample_S19S_0069_Wat,567.0992538
9,Sample_S19S_0069_Wat,567.1356587
15,Sample_S19S_0069_Wat,567.2083955
8,Sample_S19S_0069_Wat,567.2366591
10,Sample_S19S_0069_Wat,568.1671174
5,Sample_S19S_0069_Wat,569.0421066
17,Sample_S19S_0069_Wat,569.0784551
6,Sample_S19S_0069_Wat,569.0937538
15,Sample_S19S_0069_Wat,569.1147778
6,Sample_S19S_0069_Wat,569.1510794
13,Sample_S19S_0069_Wat,569.17943
2,Sample_S19S_0069_Wat,569.1874013
2,Sample_S19S_0069_Wat,571.0575531
1,Sample_S19S_0069_Wat,571.0939164
6,Sample_S19S_0069_Wat,571.122475
19,Sample_S19S_0069_Wat,571.1303995
27,Sample_S19S_0069_Wat,571.1457131
6,Sample_S19S_0069_Wat,571.1588445
18,Sample_S19S_0069_Wat,571.1668216
25,Sample_S19S_0069_Wat,571.1821369
7,Sample_S19S_0069_Wat,571.1952621
14,Sample_S19S_0069_Wat,571.2032768
8,Sample_S19S_0069_Wat,571.2185728
1,Sample_S19S_0069_Wat,571.2316576
11,Sample_S19S_0069_Wat,573.0521883
10,Sample_S19S_0069_Wat,573.073421
19,Sample_S19S_0069_Wat,573.0886509
14,Sample_S19S_0069_Wat,573.1250609
8,Sample_S19S_0069_Wat,573.1615077
6,Sample_S19S_0069_Wat,573.1978706
4,Sample_S19S_0069_Wat,573.2342462
7,Sample_S19S_0069_Wat,575.0680122
7,Sample_S19S_0069_Wat,575.1043617
5,Sample_S19S_0069_Wat,575.1407714
25,Sample_S19S_0069_Wat,575.1770756
27,Sample_S19S_0069_Wat,575.213398
11,Sample_S19S_0069_Wat,575.2497017
6,Sample_S19S_0069_Wat,577.0472834
5,Sample_S19S_0069_Wat,577.0836723
39,Sample_S19S_0069_Wat,577.1563035
22,Sample_S19S_0069_Wat,577.1926143
5,Sample_S19S_0069_Wat,577.228924
7,Sample_S19S_0069_Wat,579.0629358
13,Sample_S19S_0069_Wat,579.0992643
27,Sample_S19S_0069_Wat,579.1355972
14,Sample_S19S_0069_Wat,579.1638659
32,Sample_S19S_0069_Wat,579.1719274
15,Sample_S19S_0069_Wat,579.2082488
1,Sample_S19S_0069_Wat,579.2445526
2,Sample_S19S_0069_Wat,581.0421606
9,Sample_S19S_0069_Wat,581.0785526
21,Sample_S19S_0069_Wat,581.1148894
33,Sample_S19S_0069_Wat,581.1512226
22,Sample_S19S_0069_Wat,581.1875335
15,Sample_S19S_0069_Wat,581.2238624
1,Sample_S19S_0069_Wat,583.057864
2,Sample_S19S_0069_Wat,583.094266
2,Sample_S19S_0069_Wat,583.1095053
10,Sample_S19S_0069_Wat,583.1306046
2,Sample_S19S_0069_Wat,583.1589175
13,Sample_S19S_0069_Wat,583.1669172
7,Sample_S19S_0069_Wat,583.1952442
16,Sample_S19S_0069_Wat,583.2032587
10,Sample_S19S_0069_Wat,583.2314722
11,Sample_S19S_0069_Wat,585.0734724
7,Sample_S19S_0069_Wat,585.0886953
7,Sample_S19S_0069_Wat,585.1098543
5,Sample_S19S_0069_Wat,585.197889
4,Sample_S19S_0069_Wat,587.088865
13,Sample_S19S_0069_Wat,587.1041571
12,Sample_S19S_0069_Wat,587.1405809
26,Sample_S19S_0069_Wat,587.1770783
9,Sample_S19S_0069_Wat,587.19016
16,Sample_S19S_0069_Wat,587.2134744
6,Sample_S19S_0069_Wat,587.2265632
9,Sample_S19S_0069_Wat,589.047112
6,Sample_S19S_0069_Wat,589.0833727
4,Sample_S19S_0069_Wat,589.119725
10,Sample_S19S_0069_Wat,591.0629191
6,Sample_S19S_0069_Wat,591.0993225
4,Sample_S19S_0069_Wat,591.135742
10,Sample_S19S_0069_Wat,591.1720289
12,Sample_S19S_0069_Wat,591.2083514
3,Sample_S19S_0069_Wat,593.078251
2,Sample_S19S_0069_Wat,593.1146582
9,Sample_S19S_0069_Wat,593.1511079
23,Sample_S19S_0069_Wat,593.1875846
15,Sample_S19S_0069_Wat,593.2240288
10,Sample_S19S_0069_Wat,595.0578225
16,Sample_S19S_0069_Wat,595.130396
14,Sample_S19S_0069_Wat,595.1667494
5,Sample_S19S_0069_Wat,595.1950744
24,Sample_S19S_0069_Wat,595.2032478
5,Sample_S19S_0069_Wat,597.1095532
13,Sample_S19S_0069_Wat,597.1460191
22,Sample_S19S_0069_Wat,597.1824999
20,Sample_S19S_0069_Wat,597.2107701
14,Sample_S19S_0069_Wat,599.1618335
16,Sample_S19S_0069_Wat,599.1901116
2,Sample_S19S_0069_Wat,601.1560091
2,Sample_S19S_0069_Wat,603.0625968
12,Sample_S19S_0069_Wat,603.135473
17,Sample_S19S_0069_Wat,603.2447417
12,Sample_S19S_0069_Wat,605.0785609
2,Sample_S19S_0069_Wat,605.1513953
9,Sample_S19S_0069_Wat,605.1877226
6,Sample_S19S_0069_Wat,605.2240726
8,Sample_S19S_0069_Wat,607.0578335
16,Sample_S19S_0069_Wat,607.094164
27,Sample_S19S_0069_Wat,607.1304892
24,Sample_S19S_0069_Wat,607.1667845
4,Sample_S19S_0069_Wat,607.2030678
5,Sample_S19S_0069_Wat,609.1459321
1,Sample_S19S_0069_Wat,609.1822447
1,Sample_S19S_0069_Wat,611.125099
2,Sample_S19S_0069_Wat,613.2419608
1,Sample_S19S_0069_Wat,615.0836945
7,Sample_S19S_0069_Wat,619.0940393
3,Sample_S19S_0069_Wat,619.130318
1,Sample_S19S_0069_Wat,619.1666544
1,Sample_S19S_0069_Wat,619.2029535
8,Sample_S19S_0069_Wat,621.073506
14,Sample_S19S_0069_Wat,621.1098264
24,Sample_S19S_0069_Wat,621.1825214
10,Sample_S19S_0069_Wat,623.0891397
2,Sample_S19S_0069_Wat,623.1255649
1,Sample_S19S_0069_Wat,623.162005
1,Sample_S19S_0069_Wat,623.1983716
1,Sample_S19S_0069_Wat,629.0786184
10,Sample_S19S_0069_Wat,633.0732797
18,Sample_S19S_0069_Wat,633.1097626
5,Sample_S19S_0069_Wat,633.1459928
1,Sample_S19S_0069_Wat,633.1822488
7,Sample_S19S_0069_Wat,635.0889363
7,Sample_S19S_0069_Wat,635.1252433
17,Sample_S19S_0069_Wat,635.1617901
7,Sample_S19S_0069_Wat,635.1982777
4,Sample_S19S_0069_Wat,637.1045624
7,Sample_S19S_0069_Wat,637.1408976
2,Sample_S19S_0069_Wat,639.1200807
10,Sample_S19S_0069_Wat,647.0890822
3,Sample_S19S_0069_Wat,661.1046389
7,Sample_S19S_0069_Wat,665.0996001
7,Sample_S19S_0069_Wat,675.193045
