num.trans.involved.in,sample,peak
37,Sample_S19S_0082_Wat,201.0404313
33,Sample_S19S_0082_Wat,201.0768122
26,Sample_S19S_0082_Wat,201.1131969
24,Sample_S19S_0082_Wat,203.0349506
38,Sample_S19S_0082_Wat,203.0560881
11,Sample_S19S_0082_Wat,203.0924536
29,Sample_S19S_0082_Wat,205.0142188
27,Sample_S19S_0082_Wat,205.0505947
16,Sample_S19S_0082_Wat,205.086978
42,Sample_S19S_0082_Wat,207.0298709
39,Sample_S19S_0082_Wat,207.066249
42,Sample_S19S_0082_Wat,209.0455114
37,Sample_S19S_0082_Wat,209.0818981
14,Sample_S19S_0082_Wat,210.0407624
16,Sample_S19S_0082_Wat,210.0771409
57,Sample_S19S_0082_Wat,211.0247874
59,Sample_S19S_0082_Wat,211.0611736
34,Sample_S19S_0082_Wat,211.097555
21,Sample_S19S_0082_Wat,212.0564229
2,Sample_S19S_0082_Wat,213.0152775
34,Sample_S19S_0082_Wat,213.0404285
48,Sample_S19S_0082_Wat,213.0768216
27,Sample_S19S_0082_Wat,213.1132092
19,Sample_S19S_0082_Wat,214.0720739
39,Sample_S19S_0082_Wat,215.0560786
41,Sample_S19S_0082_Wat,215.0924726
20,Sample_S19S_0082_Wat,215.1288446
42,Sample_S19S_0082_Wat,217.0717431
34,Sample_S19S_0082_Wat,217.1081169
46,Sample_S19S_0082_Wat,219.0298823
18,Sample_S19S_0082_Wat,219.0662407
5,Sample_S19S_0082_Wat,220.0614803
23,Sample_S19S_0082_Wat,221.0091259
44,Sample_S19S_0082_Wat,221.0455191
21,Sample_S19S_0082_Wat,221.0818912
5,Sample_S19S_0082_Wat,222.0407486
52,Sample_S19S_0082_Wat,223.0247931
20,Sample_S19S_0082_Wat,223.0611523
44,Sample_S19S_0082_Wat,223.0975605
28,Sample_S19S_0082_Wat,224.0564233
12,Sample_S19S_0082_Wat,225.0040321
81,Sample_S19S_0082_Wat,225.0404494
55,Sample_S19S_0082_Wat,225.0768195
16,Sample_S19S_0082_Wat,225.1131873
34,Sample_S19S_0082_Wat,226.072077
42,Sample_S19S_0082_Wat,227.056079
52,Sample_S19S_0082_Wat,227.092466
30,Sample_S19S_0082_Wat,227.1288722
46,Sample_S19S_0082_Wat,229.0353497
52,Sample_S19S_0082_Wat,229.0717413
34,Sample_S19S_0082_Wat,229.1081151
20,Sample_S19S_0082_Wat,229.14452
44,Sample_S19S_0082_Wat,231.051012
46,Sample_S19S_0082_Wat,231.0873835
43,Sample_S19S_0082_Wat,233.0091463
44,Sample_S19S_0082_Wat,233.0455307
37,Sample_S19S_0082_Wat,233.0819208
9,Sample_S19S_0082_Wat,233.1546845
49,Sample_S19S_0082_Wat,235.0247912
62,Sample_S19S_0082_Wat,235.0611873
40,Sample_S19S_0082_Wat,235.0975749
52,Sample_S19S_0082_Wat,236.0564412
53,Sample_S19S_0082_Wat,237.0404421
66,Sample_S19S_0082_Wat,237.0768351
40,Sample_S19S_0082_Wat,237.1132227
11,Sample_S19S_0082_Wat,238.0356696
29,Sample_S19S_0082_Wat,238.0720655
1,Sample_S19S_0082_Wat,238.9629644
71,Sample_S19S_0082_Wat,239.0197221
99,Sample_S19S_0082_Wat,239.0561117
10,Sample_S19S_0082_Wat,239.0673352
93,Sample_S19S_0082_Wat,239.092497
46,Sample_S19S_0082_Wat,239.1288753
33,Sample_S19S_0082_Wat,240.0513448
39,Sample_S19S_0082_Wat,240.0877319
9,Sample_S19S_0082_Wat,241.0176131
78,Sample_S19S_0082_Wat,241.03537
57,Sample_S19S_0082_Wat,241.0717422
35,Sample_S19S_0082_Wat,241.1081087
22,Sample_S19S_0082_Wat,241.1445007
49,Sample_S19S_0082_Wat,242.0670034
18,Sample_S19S_0082_Wat,242.139775
4,Sample_S19S_0082_Wat,242.1761465
34,Sample_S19S_0082_Wat,243.0332768
79,Sample_S19S_0082_Wat,243.0510224
46,Sample_S19S_0082_Wat,243.0873816
25,Sample_S19S_0082_Wat,243.1237626
16,Sample_S19S_0082_Wat,245.0125083
73,Sample_S19S_0082_Wat,245.0455587
16,Sample_S19S_0082_Wat,245.0489119
91,Sample_S19S_0082_Wat,245.0666847
68,Sample_S19S_0082_Wat,245.1030642
23,Sample_S19S_0082_Wat,245.1394342
26,Sample_S19S_0082_Wat,246.0407845
49,Sample_S19S_0082_Wat,247.024801
70,Sample_S19S_0082_Wat,247.0612011
73,Sample_S19S_0082_Wat,247.0823368
67,Sample_S19S_0082_Wat,247.0975945
42,Sample_S19S_0082_Wat,248.0564361
46,Sample_S19S_0082_Wat,249.0040636
86,Sample_S19S_0082_Wat,249.0404675
7,Sample_S19S_0082_Wat,249.0516664
86,Sample_S19S_0082_Wat,249.0768527
37,Sample_S19S_0082_Wat,249.1132224
55,Sample_S19S_0082_Wat,250.07209
81,Sample_S19S_0082_Wat,251.0197332
78,Sample_S19S_0082_Wat,251.0560986
14,Sample_S19S_0082_Wat,251.0594793
19,Sample_S19S_0082_Wat,251.0673594
110,Sample_S19S_0082_Wat,251.0925063
43,Sample_S19S_0082_Wat,251.1289035
47,Sample_S19S_0082_Wat,252.0513612
46,Sample_S19S_0082_Wat,252.0877348
106,Sample_S19S_0082_Wat,253.0353983
124,Sample_S19S_0082_Wat,253.0717756
9,Sample_S19S_0082_Wat,253.0829986
43,Sample_S19S_0082_Wat,253.1081345
43,Sample_S19S_0082_Wat,253.1445337
43,Sample_S19S_0082_Wat,254.0670222
43,Sample_S19S_0082_Wat,254.1033853
20,Sample_S19S_0082_Wat,254.9968923
109,Sample_S19S_0082_Wat,255.0510433
117,Sample_S19S_0082_Wat,255.0874163
44,Sample_S19S_0082_Wat,255.1237776
50,Sample_S19S_0082_Wat,256.0826837
24,Sample_S19S_0082_Wat,257.012566
87,Sample_S19S_0082_Wat,257.030304
38,Sample_S19S_0082_Wat,257.048925
101,Sample_S19S_0082_Wat,257.0666765
65,Sample_S19S_0082_Wat,257.1030521
47,Sample_S19S_0082_Wat,257.1394516
46,Sample_S19S_0082_Wat,258.0619166
44,Sample_S19S_0082_Wat,258.0983343
57,Sample_S19S_0082_Wat,259.0248281
31,Sample_S19S_0082_Wat,259.0282061
90,Sample_S19S_0082_Wat,259.0459547
63,Sample_S19S_0082_Wat,259.0612028
94,Sample_S19S_0082_Wat,259.0823405
65,Sample_S19S_0082_Wat,259.1187072
17,Sample_S19S_0082_Wat,260.0564172
64,Sample_S19S_0082_Wat,261.040468
28,Sample_S19S_0082_Wat,261.04386
65,Sample_S19S_0082_Wat,261.061588
89,Sample_S19S_0082_Wat,261.0768598
56,Sample_S19S_0082_Wat,261.0980071
58,Sample_S19S_0082_Wat,261.1132477
33,Sample_S19S_0082_Wat,262.0357323
40,Sample_S19S_0082_Wat,262.0721008
50,Sample_S19S_0082_Wat,263.019721
91,Sample_S19S_0082_Wat,263.0561329
35,Sample_S19S_0082_Wat,263.0595
47,Sample_S19S_0082_Wat,263.0924815
41,Sample_S19S_0082_Wat,263.128908
52,Sample_S19S_0082_Wat,264.0513612
45,Sample_S19S_0082_Wat,264.087752
57,Sample_S19S_0082_Wat,264.9989861
91,Sample_S19S_0082_Wat,265.0353938
92,Sample_S19S_0082_Wat,265.0717855
26,Sample_S19S_0082_Wat,265.07514
21,Sample_S19S_0082_Wat,265.0829943
94,Sample_S19S_0082_Wat,265.1081545
33,Sample_S19S_0082_Wat,265.1445692
46,Sample_S19S_0082_Wat,266.0306266
65,Sample_S19S_0082_Wat,266.0670361
40,Sample_S19S_0082_Wat,266.1034196
1,Sample_S19S_0082_Wat,266.9942715
76,Sample_S19S_0082_Wat,267.0146829
121,Sample_S19S_0082_Wat,267.0510336
23,Sample_S19S_0082_Wat,267.0622941
105,Sample_S19S_0082_Wat,267.0874299
86,Sample_S19S_0082_Wat,267.123805
37,Sample_S19S_0082_Wat,267.1601848
61,Sample_S19S_0082_Wat,268.0462977
60,Sample_S19S_0082_Wat,268.08266
31,Sample_S19S_0082_Wat,269.01256
84,Sample_S19S_0082_Wat,269.0303205
125,Sample_S19S_0082_Wat,269.0666802
25,Sample_S19S_0082_Wat,269.0779259
101,Sample_S19S_0082_Wat,269.1030627
47,Sample_S19S_0082_Wat,269.1394657
58,Sample_S19S_0082_Wat,270.0619439
53,Sample_S19S_0082_Wat,270.0983057
23,Sample_S19S_0082_Wat,270.9918312
30,Sample_S19S_0082_Wat,271.0281864
87,Sample_S19S_0082_Wat,271.0459737
25,Sample_S19S_0082_Wat,271.061176
31,Sample_S19S_0082_Wat,271.0645721
98,Sample_S19S_0082_Wat,271.0823212
87,Sample_S19S_0082_Wat,271.118718
25,Sample_S19S_0082_Wat,271.1551343
54,Sample_S19S_0082_Wat,272.0775888
40,Sample_S19S_0082_Wat,272.1139554
30,Sample_S19S_0082_Wat,273.0074568
67,Sample_S19S_0082_Wat,273.0252099
62,Sample_S19S_0082_Wat,273.040478
42,Sample_S19S_0082_Wat,273.0438577
80,Sample_S19S_0082_Wat,273.061591
75,Sample_S19S_0082_Wat,273.0768603
81,Sample_S19S_0082_Wat,273.0979879
33,Sample_S19S_0082_Wat,273.1343844
35,Sample_S19S_0082_Wat,274.0357454
39,Sample_S19S_0082_Wat,274.0720917
40,Sample_S19S_0082_Wat,274.0932637
65,Sample_S19S_0082_Wat,275.0197425
38,Sample_S19S_0082_Wat,275.0231068
73,Sample_S19S_0082_Wat,275.0561155
40,Sample_S19S_0082_Wat,275.0594984
18,Sample_S19S_0082_Wat,275.0673647
84,Sample_S19S_0082_Wat,275.0772487
74,Sample_S19S_0082_Wat,275.0925149
66,Sample_S19S_0082_Wat,275.1136274
50,Sample_S19S_0082_Wat,275.1288873
43,Sample_S19S_0082_Wat,276.0513913
21,Sample_S19S_0082_Wat,276.0877174
21,Sample_S19S_0082_Wat,276.108923
63,Sample_S19S_0082_Wat,276.9990278
95,Sample_S19S_0082_Wat,277.0354157
24,Sample_S19S_0082_Wat,277.0387785
11,Sample_S19S_0082_Wat,277.046621
89,Sample_S19S_0082_Wat,277.0717892
33,Sample_S19S_0082_Wat,277.0751477
27,Sample_S19S_0082_Wat,277.0830242
82,Sample_S19S_0082_Wat,277.1081544
52,Sample_S19S_0082_Wat,277.1445377
37,Sample_S19S_0082_Wat,278.0306345
54,Sample_S19S_0082_Wat,278.0670289
38,Sample_S19S_0082_Wat,278.1034322
48,Sample_S19S_0082_Wat,279.0146331
98,Sample_S19S_0082_Wat,279.0510516
36,Sample_S19S_0082_Wat,279.0544147
26,Sample_S19S_0082_Wat,279.0622836
62,Sample_S19S_0082_Wat,279.0874539
29,Sample_S19S_0082_Wat,279.0986672
61,Sample_S19S_0082_Wat,279.1238221
40,Sample_S19S_0082_Wat,279.160186
58,Sample_S19S_0082_Wat,280.0463018
64,Sample_S19S_0082_Wat,280.0826921
46,Sample_S19S_0082_Wat,280.1190492
88,Sample_S19S_0082_Wat,281.0303339
123,Sample_S19S_0082_Wat,281.0666829
31,Sample_S19S_0082_Wat,281.0779309
73,Sample_S19S_0082_Wat,281.1030502
67,Sample_S19S_0082_Wat,281.1394597
47,Sample_S19S_0082_Wat,282.0983548
20,Sample_S19S_0082_Wat,283.0247982
24,Sample_S19S_0082_Wat,283.0282193
116,Sample_S19S_0082_Wat,283.0459554
40,Sample_S19S_0082_Wat,283.0612062
4,Sample_S19S_0082_Wat,283.064623
80,Sample_S19S_0082_Wat,283.0823169
25,Sample_S19S_0082_Wat,283.0935869
108,Sample_S19S_0082_Wat,283.118715
37,Sample_S19S_0082_Wat,283.1551309
46,Sample_S19S_0082_Wat,284.0412345
59,Sample_S19S_0082_Wat,284.0776208
46,Sample_S19S_0082_Wat,284.1139788
30,Sample_S19S_0082_Wat,285.0074703
76,Sample_S19S_0082_Wat,285.025228
48,Sample_S19S_0082_Wat,285.0404866
24,Sample_S19S_0082_Wat,285.0438689
83,Sample_S19S_0082_Wat,285.0616357
22,Sample_S19S_0082_Wat,285.0728595
47,Sample_S19S_0082_Wat,285.0768513
30,Sample_S19S_0082_Wat,285.0802217
40,Sample_S19S_0082_Wat,285.0980306
8,Sample_S19S_0082_Wat,285.1262347
55,Sample_S19S_0082_Wat,285.1343948
37,Sample_S19S_0082_Wat,285.17075
43,Sample_S19S_0082_Wat,286.0568589
52,Sample_S19S_0082_Wat,286.0932539
55,Sample_S19S_0082_Wat,287.0197477
32,Sample_S19S_0082_Wat,287.0231311
71,Sample_S19S_0082_Wat,287.0408776
62,Sample_S19S_0082_Wat,287.0561351
8,Sample_S19S_0082_Wat,287.0595327
93,Sample_S19S_0082_Wat,287.0772537
57,Sample_S19S_0082_Wat,287.0925228
84,Sample_S19S_0082_Wat,287.1136282
54,Sample_S19S_0082_Wat,287.150015
34,Sample_S19S_0082_Wat,288.0513962
47,Sample_S19S_0082_Wat,288.0725046
35,Sample_S19S_0082_Wat,288.1089115
32,Sample_S19S_0082_Wat,289.0023755
76,Sample_S19S_0082_Wat,289.0354029
35,Sample_S19S_0082_Wat,289.0387746
75,Sample_S19S_0082_Wat,289.0565242
92,Sample_S19S_0082_Wat,289.0717704
38,Sample_S19S_0082_Wat,289.0751476
18,Sample_S19S_0082_Wat,289.0830287
77,Sample_S19S_0082_Wat,289.0929075
61,Sample_S19S_0082_Wat,289.1081489
59,Sample_S19S_0082_Wat,289.1292776
11,Sample_S19S_0082_Wat,290.0305978
21,Sample_S19S_0082_Wat,290.0669883
12,Sample_S19S_0082_Wat,290.0882083
7,Sample_S19S_0082_Wat,290.1245994
69,Sample_S19S_0082_Wat,291.0146759
91,Sample_S19S_0082_Wat,291.0510416
34,Sample_S19S_0082_Wat,291.0543989
22,Sample_S19S_0082_Wat,291.0622947
67,Sample_S19S_0082_Wat,291.0721692
81,Sample_S19S_0082_Wat,291.0874132
20,Sample_S19S_0082_Wat,291.0986884
64,Sample_S19S_0082_Wat,291.1237966
37,Sample_S19S_0082_Wat,292.0462633
31,Sample_S19S_0082_Wat,292.1038307
38,Sample_S19S_0082_Wat,292.1190716
1,Sample_S19S_0082_Wat,292.2129776
92,Sample_S19S_0082_Wat,293.0303357
93,Sample_S19S_0082_Wat,293.0667099
28,Sample_S19S_0082_Wat,293.0700724
28,Sample_S19S_0082_Wat,293.0779374
102,Sample_S19S_0082_Wat,293.1030793
23,Sample_S19S_0082_Wat,293.1143295
76,Sample_S19S_0082_Wat,293.1394564
12,Sample_S19S_0082_Wat,293.1757942
14,Sample_S19S_0082_Wat,294.0255165
50,Sample_S19S_0082_Wat,294.0619153
55,Sample_S19S_0082_Wat,294.098304
51,Sample_S19S_0082_Wat,295.0095496
94,Sample_S19S_0082_Wat,295.0459444
16,Sample_S19S_0082_Wat,295.0572284
119,Sample_S19S_0082_Wat,295.0823376
8,Sample_S19S_0082_Wat,295.093638
114,Sample_S19S_0082_Wat,295.1187213
56,Sample_S19S_0082_Wat,295.1550986
37,Sample_S19S_0082_Wat,296.0411763
56,Sample_S19S_0082_Wat,296.0775656
44,Sample_S19S_0082_Wat,296.1139469
23,Sample_S19S_0082_Wat,297.0074532
87,Sample_S19S_0082_Wat,297.025237
27,Sample_S19S_0082_Wat,297.0438655
96,Sample_S19S_0082_Wat,297.0616262
27,Sample_S19S_0082_Wat,297.0728378
70,Sample_S19S_0082_Wat,297.0980154
41,Sample_S19S_0082_Wat,297.1344063
4,Sample_S19S_0082_Wat,297.1529844
19,Sample_S19S_0082_Wat,297.1707937
62,Sample_S19S_0082_Wat,298.0568737
59,Sample_S19S_0082_Wat,298.0932671
40,Sample_S19S_0082_Wat,298.1296449
33,Sample_S19S_0082_Wat,299.0231228
76,Sample_S19S_0082_Wat,299.0408894
56,Sample_S19S_0082_Wat,299.05613
42,Sample_S19S_0082_Wat,299.0595
108,Sample_S19S_0082_Wat,299.0772616
24,Sample_S19S_0082_Wat,299.0884889
14,Sample_S19S_0082_Wat,299.0958611
84,Sample_S19S_0082_Wat,299.1136455
67,Sample_S19S_0082_Wat,299.1500243
32,Sample_S19S_0082_Wat,300.0513851
58,Sample_S19S_0082_Wat,300.0725
47,Sample_S19S_0082_Wat,300.1089049
14,Sample_S19S_0082_Wat,301.0023572
60,Sample_S19S_0082_Wat,301.0201601
65,Sample_S19S_0082_Wat,301.0353903
38,Sample_S19S_0082_Wat,301.0387674
75,Sample_S19S_0082_Wat,301.0565488
46,Sample_S19S_0082_Wat,301.071792
39,Sample_S19S_0082_Wat,301.0751454
66,Sample_S19S_0082_Wat,301.092932
30,Sample_S19S_0082_Wat,301.1081829
50,Sample_S19S_0082_Wat,301.129318
33,Sample_S19S_0082_Wat,301.1656955
27,Sample_S19S_0082_Wat,302.0306578
41,Sample_S19S_0082_Wat,302.0670162
35,Sample_S19S_0082_Wat,302.0881947
28,Sample_S19S_0082_Wat,302.1245742
56,Sample_S19S_0082_Wat,303.0146906
32,Sample_S19S_0082_Wat,303.0180437
55,Sample_S19S_0082_Wat,303.0357821
72,Sample_S19S_0082_Wat,303.0510433
50,Sample_S19S_0082_Wat,303.0544081
8,Sample_S19S_0082_Wat,303.0623453
80,Sample_S19S_0082_Wat,303.0721573
65,Sample_S19S_0082_Wat,303.0874395
32,Sample_S19S_0082_Wat,303.0907893
85,Sample_S19S_0082_Wat,303.1085414
55,Sample_S19S_0082_Wat,303.1238249
55,Sample_S19S_0082_Wat,303.1449308
43,Sample_S19S_0082_Wat,304.0462877
49,Sample_S19S_0082_Wat,304.0826613
33,Sample_S19S_0082_Wat,304.1038383
7,Sample_S19S_0082_Wat,304.1402446
79,Sample_S19S_0082_Wat,305.0303157
39,Sample_S19S_0082_Wat,305.0336873
97,Sample_S19S_0082_Wat,305.0666877
41,Sample_S19S_0082_Wat,305.0700613
10,Sample_S19S_0082_Wat,305.0779953
45,Sample_S19S_0082_Wat,305.087829
80,Sample_S19S_0082_Wat,305.1030852
14,Sample_S19S_0082_Wat,305.1064563
6,Sample_S19S_0082_Wat,305.1143903
56,Sample_S19S_0082_Wat,305.1394662
19,Sample_S19S_0082_Wat,306.0831168
58,Sample_S19S_0082_Wat,306.0983427
4,Sample_S19S_0082_Wat,306.1195211
48,Sample_S19S_0082_Wat,307.0095853
101,Sample_S19S_0082_Wat,307.0459779
22,Sample_S19S_0082_Wat,307.0493115
13,Sample_S19S_0082_Wat,307.0572343
67,Sample_S19S_0082_Wat,307.0823737
20,Sample_S19S_0082_Wat,307.0857227
22,Sample_S19S_0082_Wat,307.0936059
45,Sample_S19S_0082_Wat,307.1187572
35,Sample_S19S_0082_Wat,307.1551342
63,Sample_S19S_0082_Wat,308.0412303
66,Sample_S19S_0082_Wat,308.0775973
3,Sample_S19S_0082_Wat,308.098784
56,Sample_S19S_0082_Wat,308.1139545
21,Sample_S19S_0082_Wat,309.007479
88,Sample_S19S_0082_Wat,309.0252469
116,Sample_S19S_0082_Wat,309.0616036
24,Sample_S19S_0082_Wat,309.0728691
108,Sample_S19S_0082_Wat,309.0979773
12,Sample_S19S_0082_Wat,309.1092661
90,Sample_S19S_0082_Wat,309.1343649
36,Sample_S19S_0082_Wat,309.1707647
57,Sample_S19S_0082_Wat,310.0568411
64,Sample_S19S_0082_Wat,310.0932206
52,Sample_S19S_0082_Wat,310.1296176
33,Sample_S19S_0082_Wat,311.0231058
97,Sample_S19S_0082_Wat,311.0408991
101,Sample_S19S_0082_Wat,311.0772659
32,Sample_S19S_0082_Wat,311.0885065
11,Sample_S19S_0082_Wat,311.0958599
14,Sample_S19S_0082_Wat,311.105537
131,Sample_S19S_0082_Wat,311.1136352
28,Sample_S19S_0082_Wat,311.1248899
74,Sample_S19S_0082_Wat,311.1500195
1,Sample_S19S_0082_Wat,311.1686157
40,Sample_S19S_0082_Wat,312.0361043
62,Sample_S19S_0082_Wat,312.0725103
19,Sample_S19S_0082_Wat,313.0024017
60,Sample_S19S_0082_Wat,313.0201379
40,Sample_S19S_0082_Wat,313.0353909
42,Sample_S19S_0082_Wat,313.0387549
87,Sample_S19S_0082_Wat,313.0565398
32,Sample_S19S_0082_Wat,313.071764
8,Sample_S19S_0082_Wat,313.075094
82,Sample_S19S_0082_Wat,313.0929245
31,Sample_S19S_0082_Wat,313.1041391
13,Sample_S19S_0082_Wat,313.1115031
73,Sample_S19S_0082_Wat,313.1293014
50,Sample_S19S_0082_Wat,314.0517902
65,Sample_S19S_0082_Wat,314.0881771
52,Sample_S19S_0082_Wat,314.1245573
48,Sample_S19S_0082_Wat,315.0146824
29,Sample_S19S_0082_Wat,315.0180328
72,Sample_S19S_0082_Wat,315.035781
61,Sample_S19S_0082_Wat,315.0510397
49,Sample_S19S_0082_Wat,315.0544106
81,Sample_S19S_0082_Wat,315.0721791
32,Sample_S19S_0082_Wat,315.0873994
8,Sample_S19S_0082_Wat,315.0907452
66,Sample_S19S_0082_Wat,315.1085755
54,Sample_S19S_0082_Wat,315.1238052
4,Sample_S19S_0082_Wat,315.1271409
47,Sample_S19S_0082_Wat,315.1449559
37,Sample_S19S_0082_Wat,316.0463145
42,Sample_S19S_0082_Wat,316.0674166
55,Sample_S19S_0082_Wat,316.1038062
28,Sample_S19S_0082_Wat,316.1402237
65,Sample_S19S_0082_Wat,317.0303382
11,Sample_S19S_0082_Wat,317.0337185
68,Sample_S19S_0082_Wat,317.0514233
78,Sample_S19S_0082_Wat,317.0666936
47,Sample_S19S_0082_Wat,317.0700656
5,Sample_S19S_0082_Wat,317.0780371
93,Sample_S19S_0082_Wat,317.0878157
58,Sample_S19S_0082_Wat,317.1030588
49,Sample_S19S_0082_Wat,317.124227
57,Sample_S19S_0082_Wat,317.1394552
5,Sample_S19S_0082_Wat,317.1427951
32,Sample_S19S_0082_Wat,317.1606071
21,Sample_S19S_0082_Wat,318.0255948
53,Sample_S19S_0082_Wat,318.0619419
21,Sample_S19S_0082_Wat,318.0831173
43,Sample_S19S_0082_Wat,318.0982984
24,Sample_S19S_0082_Wat,318.1194966
43,Sample_S19S_0082_Wat,319.009608
22,Sample_S19S_0082_Wat,319.0460069
11,Sample_S19S_0082_Wat,319.0493681
5,Sample_S19S_0082_Wat,319.0573003
42,Sample_S19S_0082_Wat,319.0670953
73,Sample_S19S_0082_Wat,319.0823624
39,Sample_S19S_0082_Wat,319.0857041
4,Sample_S19S_0082_Wat,319.0936659
39,Sample_S19S_0082_Wat,319.103481
84,Sample_S19S_0082_Wat,319.1187158
53,Sample_S19S_0082_Wat,319.1551015
53,Sample_S19S_0082_Wat,320.0412195
47,Sample_S19S_0082_Wat,320.0776287
21,Sample_S19S_0082_Wat,320.0987676
22,Sample_S19S_0082_Wat,320.1140206
22,Sample_S19S_0082_Wat,320.1351354
73,Sample_S19S_0082_Wat,321.0252313
78,Sample_S19S_0082_Wat,321.0616406
19,Sample_S19S_0082_Wat,321.0649964
12,Sample_S19S_0082_Wat,321.0728956
44,Sample_S19S_0082_Wat,321.0980285
6,Sample_S19S_0082_Wat,321.1013887
7,Sample_S19S_0082_Wat,321.1093021
66,Sample_S19S_0082_Wat,321.1343949
37,Sample_S19S_0082_Wat,321.1707672
61,Sample_S19S_0082_Wat,322.0568903
62,Sample_S19S_0082_Wat,322.0932669
53,Sample_S19S_0082_Wat,323.0044879
82,Sample_S19S_0082_Wat,323.0408542
11,Sample_S19S_0082_Wat,323.0521494
109,Sample_S19S_0082_Wat,323.0772527
11,Sample_S19S_0082_Wat,323.0805863
34,Sample_S19S_0082_Wat,323.0884973
60,Sample_S19S_0082_Wat,323.1136726
21,Sample_S19S_0082_Wat,323.1249109
53,Sample_S19S_0082_Wat,323.1500462
28,Sample_S19S_0082_Wat,323.1864241
49,Sample_S19S_0082_Wat,324.0361498
68,Sample_S19S_0082_Wat,324.0725027
60,Sample_S19S_0082_Wat,324.108871
20,Sample_S19S_0082_Wat,325.0024079
18,Sample_S19S_0082_Wat,325.0201894
30,Sample_S19S_0082_Wat,325.0387758
93,Sample_S19S_0082_Wat,325.0565425
10,Sample_S19S_0082_Wat,325.0678176
115,Sample_S19S_0082_Wat,325.0928926
31,Sample_S19S_0082_Wat,325.1041654
80,Sample_S19S_0082_Wat,325.1292996
2,Sample_S19S_0082_Wat,325.1842438
47,Sample_S19S_0082_Wat,326.0518083
67,Sample_S19S_0082_Wat,326.0881656
55,Sample_S19S_0082_Wat,326.1245662
32,Sample_S19S_0082_Wat,327.0146798
18,Sample_S19S_0082_Wat,327.0180623
76,Sample_S19S_0082_Wat,327.035782
45,Sample_S19S_0082_Wat,327.0510536
15,Sample_S19S_0082_Wat,327.0543882
79,Sample_S19S_0082_Wat,327.0722018
28,Sample_S19S_0082_Wat,327.0834311
51,Sample_S19S_0082_Wat,327.0874372
11,Sample_S19S_0082_Wat,327.090737
76,Sample_S19S_0082_Wat,327.1085831
7,Sample_S19S_0082_Wat,327.1198419
66,Sample_S19S_0082_Wat,327.1449492
50,Sample_S19S_0082_Wat,328.067419
66,Sample_S19S_0082_Wat,328.1037984
28,Sample_S19S_0082_Wat,328.140231
12,Sample_S19S_0082_Wat,328.997322
55,Sample_S19S_0082_Wat,329.0303285
45,Sample_S19S_0082_Wat,329.0336784
52,Sample_S19S_0082_Wat,329.0514722
24,Sample_S19S_0082_Wat,329.0667319
47,Sample_S19S_0082_Wat,329.0700573
104,Sample_S19S_0082_Wat,329.0878075
50,Sample_S19S_0082_Wat,329.1030905
28,Sample_S19S_0082_Wat,329.1064332
68,Sample_S19S_0082_Wat,329.1242163
1,Sample_S19S_0082_Wat,329.152419
53,Sample_S19S_0082_Wat,329.1605843
19,Sample_S19S_0082_Wat,330.0255466
32,Sample_S19S_0082_Wat,330.0619755
29,Sample_S19S_0082_Wat,330.0831155
52,Sample_S19S_0082_Wat,330.1194763
35,Sample_S19S_0082_Wat,331.0095615
24,Sample_S19S_0082_Wat,331.012931
42,Sample_S19S_0082_Wat,331.0459941
44,Sample_S19S_0082_Wat,331.0493372
64,Sample_S19S_0082_Wat,331.0670688
63,Sample_S19S_0082_Wat,331.0823608
35,Sample_S19S_0082_Wat,331.0857029
2,Sample_S19S_0082_Wat,331.0937101
51,Sample_S19S_0082_Wat,331.1034998
71,Sample_S19S_0082_Wat,331.1187275
14,Sample_S19S_0082_Wat,331.122066
24,Sample_S19S_0082_Wat,331.1399002
16,Sample_S19S_0082_Wat,331.155166
39,Sample_S19S_0082_Wat,332.0412408
56,Sample_S19S_0082_Wat,332.0775831
44,Sample_S19S_0082_Wat,332.0987468
30,Sample_S19S_0082_Wat,332.1351167
28,Sample_S19S_0082_Wat,333.0252702
14,Sample_S19S_0082_Wat,333.0286322
36,Sample_S19S_0082_Wat,333.0463704
41,Sample_S19S_0082_Wat,333.0616512
6,Sample_S19S_0082_Wat,333.0650225
2,Sample_S19S_0082_Wat,333.0729806
38,Sample_S19S_0082_Wat,333.08277
80,Sample_S19S_0082_Wat,333.0980074
25,Sample_S19S_0082_Wat,333.1013488
4,Sample_S19S_0082_Wat,333.109335
11,Sample_S19S_0082_Wat,333.1191757
35,Sample_S19S_0082_Wat,333.1344131
16,Sample_S19S_0082_Wat,333.137741
24,Sample_S19S_0082_Wat,333.1707943
18,Sample_S19S_0082_Wat,334.0204647
58,Sample_S19S_0082_Wat,334.0568812
19,Sample_S19S_0082_Wat,334.0780188
38,Sample_S19S_0082_Wat,334.0932769
13,Sample_S19S_0082_Wat,334.1144217
45,Sample_S19S_0082_Wat,335.004499
56,Sample_S19S_0082_Wat,335.0409093
12,Sample_S19S_0082_Wat,335.0442667
6,Sample_S19S_0082_Wat,335.0521847
90,Sample_S19S_0082_Wat,335.0772597
34,Sample_S19S_0082_Wat,335.0806299
58,Sample_S19S_0082_Wat,335.1136067
3,Sample_S19S_0082_Wat,335.1169263
10,Sample_S19S_0082_Wat,335.124927
59,Sample_S19S_0082_Wat,335.150042
31,Sample_S19S_0082_Wat,335.1864245
22,Sample_S19S_0082_Wat,336.0361684
33,Sample_S19S_0082_Wat,336.0725571
1,Sample_S19S_0082_Wat,336.0937181
58,Sample_S19S_0082_Wat,336.1089144
1,Sample_S19S_0082_Wat,336.1301036
2,Sample_S19S_0082_Wat,336.1453517
12,Sample_S19S_0082_Wat,337.002367
62,Sample_S19S_0082_Wat,337.0201415
66,Sample_S19S_0082_Wat,337.0564852
25,Sample_S19S_0082_Wat,337.0677837
15,Sample_S19S_0082_Wat,337.0695448
104,Sample_S19S_0082_Wat,337.0929176
9,Sample_S19S_0082_Wat,337.0962416
12,Sample_S19S_0082_Wat,337.1041904
104,Sample_S19S_0082_Wat,337.1292866
51,Sample_S19S_0082_Wat,337.1656867
6,Sample_S19S_0082_Wat,337.2021218
16,Sample_S19S_0082_Wat,338.0518396
68,Sample_S19S_0082_Wat,338.0881798
45,Sample_S19S_0082_Wat,338.1245766
16,Sample_S19S_0082_Wat,339.0180613
70,Sample_S19S_0082_Wat,339.0357996
115,Sample_S19S_0082_Wat,339.0721726
5,Sample_S19S_0082_Wat,339.0754853
10,Sample_S19S_0082_Wat,339.0834699
117,Sample_S19S_0082_Wat,339.1085453
28,Sample_S19S_0082_Wat,339.1198231
36,Sample_S19S_0082_Wat,339.1449816
35,Sample_S19S_0082_Wat,339.1813533
21,Sample_S19S_0082_Wat,340.0674792
64,Sample_S19S_0082_Wat,340.1038147
52,Sample_S19S_0082_Wat,340.1401964
18,Sample_S19S_0082_Wat,340.9973236
56,Sample_S19S_0082_Wat,341.0150623
25,Sample_S19S_0082_Wat,341.0302897
15,Sample_S19S_0082_Wat,341.0336306
77,Sample_S19S_0082_Wat,341.0514621
14,Sample_S19S_0082_Wat,341.0700215
117,Sample_S19S_0082_Wat,341.0878109
23,Sample_S19S_0082_Wat,341.0990914
39,Sample_S19S_0082_Wat,341.12425
50,Sample_S19S_0082_Wat,341.1606173
38,Sample_S19S_0082_Wat,342.0467143
61,Sample_S19S_0082_Wat,342.0830768
51,Sample_S19S_0082_Wat,342.1194926
21,Sample_S19S_0082_Wat,343.0096148
17,Sample_S19S_0082_Wat,343.0129774
58,Sample_S19S_0082_Wat,343.0307124
47,Sample_S19S_0082_Wat,343.0459579
15,Sample_S19S_0082_Wat,343.0492868
55,Sample_S19S_0082_Wat,343.067113
15,Sample_S19S_0082_Wat,343.0823925
41,Sample_S19S_0082_Wat,343.0857039
104,Sample_S19S_0082_Wat,343.1034685
37,Sample_S19S_0082_Wat,343.1187422
18,Sample_S19S_0082_Wat,343.1220769
17,Sample_S19S_0082_Wat,343.1399075
39,Sample_S19S_0082_Wat,343.1762631
24,Sample_S19S_0082_Wat,344.0412523
44,Sample_S19S_0082_Wat,344.0623517
44,Sample_S19S_0082_Wat,344.0987606
3,Sample_S19S_0082_Wat,344.1350437
58,Sample_S19S_0082_Wat,345.0252491
36,Sample_S19S_0082_Wat,345.0286059
53,Sample_S19S_0082_Wat,345.0463327
69,Sample_S19S_0082_Wat,345.0616254
41,Sample_S19S_0082_Wat,345.0649742
54,Sample_S19S_0082_Wat,345.0827674
62,Sample_S19S_0082_Wat,345.0980089
17,Sample_S19S_0082_Wat,345.1013399
55,Sample_S19S_0082_Wat,345.1191373
18,Sample_S19S_0082_Wat,345.1344288
31,Sample_S19S_0082_Wat,345.1555412
39,Sample_S19S_0082_Wat,345.170772
24,Sample_S19S_0082_Wat,346.0204903
32,Sample_S19S_0082_Wat,346.0569005
32,Sample_S19S_0082_Wat,346.07802
53,Sample_S19S_0082_Wat,346.0932318
46,Sample_S19S_0082_Wat,346.1143644
22,Sample_S19S_0082_Wat,346.1507606
1,Sample_S19S_0082_Wat,346.2154294
48,Sample_S19S_0082_Wat,347.0045152
70,Sample_S19S_0082_Wat,347.0408756
48,Sample_S19S_0082_Wat,347.0442381
38,Sample_S19S_0082_Wat,347.0620279
96,Sample_S19S_0082_Wat,347.0772564
12,Sample_S19S_0082_Wat,347.0805924
5,Sample_S19S_0082_Wat,347.0885951
26,Sample_S19S_0082_Wat,347.0903002
63,Sample_S19S_0082_Wat,347.0983726
39,Sample_S19S_0082_Wat,347.1136821
26,Sample_S19S_0082_Wat,347.1170036
26,Sample_S19S_0082_Wat,347.1348045
67,Sample_S19S_0082_Wat,347.1500262
11,Sample_S19S_0082_Wat,347.1864695
36,Sample_S19S_0082_Wat,348.0361356
29,Sample_S19S_0082_Wat,348.0725611
59,Sample_S19S_0082_Wat,348.1089104
12,Sample_S19S_0082_Wat,348.1300774
1,Sample_S19S_0082_Wat,348.231087
64,Sample_S19S_0082_Wat,349.0201636
24,Sample_S19S_0082_Wat,349.0564693
13,Sample_S19S_0082_Wat,349.0598406
4,Sample_S19S_0082_Wat,349.0678584
78,Sample_S19S_0082_Wat,349.0929209
13,Sample_S19S_0082_Wat,349.0962266
6,Sample_S19S_0082_Wat,349.1042255
22,Sample_S19S_0082_Wat,349.1059291
80,Sample_S19S_0082_Wat,349.129303
4,Sample_S19S_0082_Wat,349.1325881
58,Sample_S19S_0082_Wat,349.1656793
13,Sample_S19S_0082_Wat,349.2021049
18,Sample_S19S_0082_Wat,350.0518357
69,Sample_S19S_0082_Wat,350.0881844
21,Sample_S19S_0082_Wat,350.1245924
19,Sample_S19S_0082_Wat,350.1457077
22,Sample_S19S_0082_Wat,351.0180535
70,Sample_S19S_0082_Wat,351.0357871
10,Sample_S19S_0082_Wat,351.0488144
82,Sample_S19S_0082_Wat,351.0721501
53,Sample_S19S_0082_Wat,351.1085115
6,Sample_S19S_0082_Wat,351.1118012
14,Sample_S19S_0082_Wat,351.1198443
23,Sample_S19S_0082_Wat,351.121581
45,Sample_S19S_0082_Wat,351.1449775
40,Sample_S19S_0082_Wat,351.1813076
32,Sample_S19S_0082_Wat,352.0310225
28,Sample_S19S_0082_Wat,352.0674721
62,Sample_S19S_0082_Wat,352.1038206
31,Sample_S19S_0082_Wat,352.140233
56,Sample_S19S_0082_Wat,353.0150696
26,Sample_S19S_0082_Wat,353.0336695
49,Sample_S19S_0082_Wat,353.0514753
3,Sample_S19S_0082_Wat,353.0627608
113,Sample_S19S_0082_Wat,353.0878166
6,Sample_S19S_0082_Wat,353.0911135
18,Sample_S19S_0082_Wat,353.0990962
11,Sample_S19S_0082_Wat,353.1008561
74,Sample_S19S_0082_Wat,353.124233
50,Sample_S19S_0082_Wat,353.1605629
28,Sample_S19S_0082_Wat,353.1970034
46,Sample_S19S_0082_Wat,354.0467104
72,Sample_S19S_0082_Wat,354.0830704
57,Sample_S19S_0082_Wat,354.1194893
49,Sample_S19S_0082_Wat,354.1558443
17,Sample_S19S_0082_Wat,355.0129751
56,Sample_S19S_0082_Wat,355.0306981
37,Sample_S19S_0082_Wat,355.0459559
11,Sample_S19S_0082_Wat,355.0492579
76,Sample_S19S_0082_Wat,355.0671162
5,Sample_S19S_0082_Wat,355.0784081
11,Sample_S19S_0082_Wat,355.0856467
107,Sample_S19S_0082_Wat,355.1034699
41,Sample_S19S_0082_Wat,355.1147135
23,Sample_S19S_0082_Wat,355.1399086
42,Sample_S19S_0082_Wat,355.1762476
59,Sample_S19S_0082_Wat,356.0623586
32,Sample_S19S_0082_Wat,356.0987693
49,Sample_S19S_0082_Wat,356.1350838
30,Sample_S19S_0082_Wat,356.1715182
30,Sample_S19S_0082_Wat,357.0251986
15,Sample_S19S_0082_Wat,357.028543
57,Sample_S19S_0082_Wat,357.046323
45,Sample_S19S_0082_Wat,357.061636
12,Sample_S19S_0082_Wat,357.0649448
89,Sample_S19S_0082_Wat,357.0827228
45,Sample_S19S_0082_Wat,357.0979761
10,Sample_S19S_0082_Wat,357.1012479
25,Sample_S19S_0082_Wat,357.1110353
100,Sample_S19S_0082_Wat,357.1191097
28,Sample_S19S_0082_Wat,357.134414
68,Sample_S19S_0082_Wat,357.1554992
51,Sample_S19S_0082_Wat,358.077999
21,Sample_S19S_0082_Wat,358.1507103
46,Sample_S19S_0082_Wat,359.0045133
16,Sample_S19S_0082_Wat,359.007892
13,Sample_S19S_0082_Wat,359.0409252
29,Sample_S19S_0082_Wat,359.0442657
63,Sample_S19S_0082_Wat,359.0619959
54,Sample_S19S_0082_Wat,359.077285
49,Sample_S19S_0082_Wat,359.0806207
33,Sample_S19S_0082_Wat,359.0984239
7,Sample_S19S_0082_Wat,359.1169502
50,Sample_S19S_0082_Wat,359.1347452
57,Sample_S19S_0082_Wat,359.1500213
38,Sample_S19S_0082_Wat,359.1711775
43,Sample_S19S_0082_Wat,360.0361542
34,Sample_S19S_0082_Wat,360.093678
3,Sample_S19S_0082_Wat,360.1299489
20,Sample_S19S_0082_Wat,360.1664452
50,Sample_S19S_0082_Wat,361.0201475
4,Sample_S19S_0082_Wat,361.0235551
43,Sample_S19S_0082_Wat,361.0412698
56,Sample_S19S_0082_Wat,361.056505
20,Sample_S19S_0082_Wat,361.0598496
17,Sample_S19S_0082_Wat,361.069538
39,Sample_S19S_0082_Wat,361.077621
72,Sample_S19S_0082_Wat,361.0929312
43,Sample_S19S_0082_Wat,361.0962708
45,Sample_S19S_0082_Wat,361.1140532
90,Sample_S19S_0082_Wat,361.1292859
4,Sample_S19S_0082_Wat,361.132556
33,Sample_S19S_0082_Wat,361.1423317
51,Sample_S19S_0082_Wat,361.1504109
40,Sample_S19S_0082_Wat,361.1657046
20,Sample_S19S_0082_Wat,362.0153701
68,Sample_S19S_0082_Wat,362.0881611
17,Sample_S19S_0082_Wat,362.1093336
7,Sample_S19S_0082_Wat,362.1246138
69,Sample_S19S_0082_Wat,363.0357881
44,Sample_S19S_0082_Wat,363.0722122
26,Sample_S19S_0082_Wat,363.0755589
2,Sample_S19S_0082_Wat,363.0835367
86,Sample_S19S_0082_Wat,363.108539
22,Sample_S19S_0082_Wat,363.1215932
37,Sample_S19S_0082_Wat,363.1449786
25,Sample_S19S_0082_Wat,363.1812892
44,Sample_S19S_0082_Wat,364.0310639
59,Sample_S19S_0082_Wat,364.0674047
17,Sample_S19S_0082_Wat,364.0885367
59,Sample_S19S_0082_Wat,364.1038292
61,Sample_S19S_0082_Wat,364.1401707
58,Sample_S19S_0082_Wat,365.015069
26,Sample_S19S_0082_Wat,365.0513776
15,Sample_S19S_0082_Wat,365.0627075
13,Sample_S19S_0082_Wat,365.0644569
94,Sample_S19S_0082_Wat,365.0878382
9,Sample_S19S_0082_Wat,365.0911348
8,Sample_S19S_0082_Wat,365.0991282
29,Sample_S19S_0082_Wat,365.1008669
48,Sample_S19S_0082_Wat,365.1241727
20,Sample_S19S_0082_Wat,365.137244
24,Sample_S19S_0082_Wat,365.1606438
34,Sample_S19S_0082_Wat,365.1969623
72,Sample_S19S_0082_Wat,366.0830912
69,Sample_S19S_0082_Wat,366.1194629
8,Sample_S19S_0082_Wat,366.1558943
9,Sample_S19S_0082_Wat,367.0129081
63,Sample_S19S_0082_Wat,367.0306865
96,Sample_S19S_0082_Wat,367.0671094
8,Sample_S19S_0082_Wat,367.0784012
115,Sample_S19S_0082_Wat,367.1034613
6,Sample_S19S_0082_Wat,367.106713
18,Sample_S19S_0082_Wat,367.1147643
19,Sample_S19S_0082_Wat,367.1165264
12,Sample_S19S_0082_Wat,367.1399195
48,Sample_S19S_0082_Wat,367.1762158
24,Sample_S19S_0082_Wat,367.2126519
21,Sample_S19S_0082_Wat,368.0623951
88,Sample_S19S_0082_Wat,368.0987097
54,Sample_S19S_0082_Wat,368.1351331
17,Sample_S19S_0082_Wat,369.0252119
9,Sample_S19S_0082_Wat,369.0285398
48,Sample_S19S_0082_Wat,369.0463181
45,Sample_S19S_0082_Wat,369.061629
8,Sample_S19S_0082_Wat,369.0648494
84,Sample_S19S_0082_Wat,369.0827443
25,Sample_S19S_0082_Wat,369.111039
28,Sample_S19S_0082_Wat,369.1190631
60,Sample_S19S_0082_Wat,369.1555194
18,Sample_S19S_0082_Wat,369.1837969
16,Sample_S19S_0082_Wat,369.1918398
60,Sample_S19S_0082_Wat,370.0779692
39,Sample_S19S_0082_Wat,370.1507341
22,Sample_S19S_0082_Wat,371.0255725
38,Sample_S19S_0082_Wat,371.0408802
10,Sample_S19S_0082_Wat,371.0441824
73,Sample_S19S_0082_Wat,371.0620102
10,Sample_S19S_0082_Wat,371.0805043
18,Sample_S19S_0082_Wat,371.0902981
46,Sample_S19S_0082_Wat,371.0983408
2,Sample_S19S_0082_Wat,371.1014586
42,Sample_S19S_0082_Wat,371.1136558
5,Sample_S19S_0082_Wat,371.1169082
58,Sample_S19S_0082_Wat,371.1347918
48,Sample_S19S_0082_Wat,371.1500297
48,Sample_S19S_0082_Wat,371.171134
33,Sample_S19S_0082_Wat,372.0572277
44,Sample_S19S_0082_Wat,372.0725108
55,Sample_S19S_0082_Wat,372.1300076
34,Sample_S19S_0082_Wat,372.1663973
30,Sample_S19S_0082_Wat,373.0201141
13,Sample_S19S_0082_Wat,373.02348
42,Sample_S19S_0082_Wat,373.0412407
64,Sample_S19S_0082_Wat,373.0565482
29,Sample_S19S_0082_Wat,373.0599109
36,Sample_S19S_0082_Wat,373.0776886
36,Sample_S19S_0082_Wat,373.09294
22,Sample_S19S_0082_Wat,373.0962346
32,Sample_S19S_0082_Wat,373.1059583
58,Sample_S19S_0082_Wat,373.1140108
17,Sample_S19S_0082_Wat,373.1504711
16,Sample_S19S_0082_Wat,373.1657318
33,Sample_S19S_0082_Wat,373.1867821
6,Sample_S19S_0082_Wat,374.0729636
22,Sample_S19S_0082_Wat,375.0358416
16,Sample_S19S_0082_Wat,375.0569615
70,Sample_S19S_0082_Wat,375.0721973
45,Sample_S19S_0082_Wat,375.0755416
26,Sample_S19S_0082_Wat,375.0852221
44,Sample_S19S_0082_Wat,375.0932745
8,Sample_S19S_0082_Wat,375.1118457
34,Sample_S19S_0082_Wat,375.1297066
75,Sample_S19S_0082_Wat,375.1449442
31,Sample_S19S_0082_Wat,375.1579842
20,Sample_S19S_0082_Wat,375.1660121
30,Sample_S19S_0082_Wat,375.1812892
18,Sample_S19S_0082_Wat,375.194367
23,Sample_S19S_0082_Wat,376.031082
49,Sample_S19S_0082_Wat,376.0674564
30,Sample_S19S_0082_Wat,376.1249335
34,Sample_S19S_0082_Wat,377.0150486
79,Sample_S19S_0082_Wat,377.0514538
33,Sample_S19S_0082_Wat,377.0548048
1,Sample_S19S_0082_Wat,377.0627857
62,Sample_S19S_0082_Wat,377.0877952
10,Sample_S19S_0082_Wat,377.0911145
19,Sample_S19S_0082_Wat,377.100823
12,Sample_S19S_0082_Wat,377.1088705
93,Sample_S19S_0082_Wat,377.1241915
9,Sample_S19S_0082_Wat,377.1274434
26,Sample_S19S_0082_Wat,377.1372608
55,Sample_S19S_0082_Wat,377.1606102
19,Sample_S19S_0082_Wat,377.1735945
20,Sample_S19S_0082_Wat,377.1969233
22,Sample_S19S_0082_Wat,378.0466478
53,Sample_S19S_0082_Wat,378.0831073
78,Sample_S19S_0082_Wat,378.1194361
53,Sample_S19S_0082_Wat,378.1558494
7,Sample_S19S_0082_Wat,379.012892
65,Sample_S19S_0082_Wat,379.0307221
27,Sample_S19S_0082_Wat,379.0670295
11,Sample_S19S_0082_Wat,379.0703337
27,Sample_S19S_0082_Wat,379.0783458
20,Sample_S19S_0082_Wat,379.0800689
115,Sample_S19S_0082_Wat,379.1034645
7,Sample_S19S_0082_Wat,379.1067259
29,Sample_S19S_0082_Wat,379.1165229
93,Sample_S19S_0082_Wat,379.1398402
23,Sample_S19S_0082_Wat,379.1528588
61,Sample_S19S_0082_Wat,379.1762343
19,Sample_S19S_0082_Wat,379.2126518
78,Sample_S19S_0082_Wat,380.0987084
77,Sample_S19S_0082_Wat,380.1350974
7,Sample_S19S_0082_Wat,381.0285164
68,Sample_S19S_0082_Wat,381.0463502
30,Sample_S19S_0082_Wat,381.0826619
2,Sample_S19S_0082_Wat,381.0859046
39,Sample_S19S_0082_Wat,381.0939738
104,Sample_S19S_0082_Wat,381.1191186
25,Sample_S19S_0082_Wat,381.1321708
87,Sample_S19S_0082_Wat,381.1555031
37,Sample_S19S_0082_Wat,381.1918695
34,Sample_S19S_0082_Wat,382.0415806
63,Sample_S19S_0082_Wat,382.0779661
74,Sample_S19S_0082_Wat,382.1143936
16,Sample_S19S_0082_Wat,382.1507159
18,Sample_S19S_0082_Wat,383.0078699
28,Sample_S19S_0082_Wat,383.0255766
9,Sample_S19S_0082_Wat,383.040804
42,Sample_S19S_0082_Wat,383.0619616
105,Sample_S19S_0082_Wat,383.0983806
6,Sample_S19S_0082_Wat,383.1016255
26,Sample_S19S_0082_Wat,383.1266887
33,Sample_S19S_0082_Wat,383.1347075
35,Sample_S19S_0082_Wat,383.1711132
37,Sample_S19S_0082_Wat,383.2075249
32,Sample_S19S_0082_Wat,384.0572385
61,Sample_S19S_0082_Wat,384.0936599
35,Sample_S19S_0082_Wat,384.1664077
16,Sample_S19S_0082_Wat,385.0201172
12,Sample_S19S_0082_Wat,385.0234761
22,Sample_S19S_0082_Wat,385.0412026
38,Sample_S19S_0082_Wat,385.0564963
6,Sample_S19S_0082_Wat,385.0597522
81,Sample_S19S_0082_Wat,385.0776412
53,Sample_S19S_0082_Wat,385.0929264
12,Sample_S19S_0082_Wat,385.0961706
40,Sample_S19S_0082_Wat,385.1139909
34,Sample_S19S_0082_Wat,385.1292595
26,Sample_S19S_0082_Wat,385.1423072
40,Sample_S19S_0082_Wat,385.1503825
34,Sample_S19S_0082_Wat,385.1868285
42,Sample_S19S_0082_Wat,386.0728862
9,Sample_S19S_0082_Wat,386.1012164
56,Sample_S19S_0082_Wat,386.1093009
38,Sample_S19S_0082_Wat,386.1820531
55,Sample_S19S_0082_Wat,387.0358113
35,Sample_S19S_0082_Wat,387.0391593
22,Sample_S19S_0082_Wat,387.0568488
17,Sample_S19S_0082_Wat,387.0721252
10,Sample_S19S_0082_Wat,387.075423
21,Sample_S19S_0082_Wat,387.0851909
30,Sample_S19S_0082_Wat,387.0932457
76,Sample_S19S_0082_Wat,387.1085636
4,Sample_S19S_0082_Wat,387.1118261
86,Sample_S19S_0082_Wat,387.1296791
22,Sample_S19S_0082_Wat,387.1579654
14,Sample_S19S_0082_Wat,387.1659841
26,Sample_S19S_0082_Wat,387.1812925
17,Sample_S19S_0082_Wat,387.19436
6,Sample_S19S_0082_Wat,388.0309868
61,Sample_S19S_0082_Wat,388.0674506
45,Sample_S19S_0082_Wat,388.1037783
1,Sample_S19S_0082_Wat,388.1167563
49,Sample_S19S_0082_Wat,388.1249219
30,Sample_S19S_0082_Wat,389.0150297
49,Sample_S19S_0082_Wat,389.051417
9,Sample_S19S_0082_Wat,389.054731
12,Sample_S19S_0082_Wat,389.0644457
19,Sample_S19S_0082_Wat,389.0724972
76,Sample_S19S_0082_Wat,389.0878118
16,Sample_S19S_0082_Wat,389.0911204
26,Sample_S19S_0082_Wat,389.1008827
32,Sample_S19S_0082_Wat,389.108981
90,Sample_S19S_0082_Wat,389.1242045
10,Sample_S19S_0082_Wat,389.1274498
23,Sample_S19S_0082_Wat,389.1372295
18,Sample_S19S_0082_Wat,389.1452618
28,Sample_S19S_0082_Wat,389.1605387
22,Sample_S19S_0082_Wat,389.1736085
37,Sample_S19S_0082_Wat,389.1969883
33,Sample_S19S_0082_Wat,390.0466839
76,Sample_S19S_0082_Wat,390.083092
27,Sample_S19S_0082_Wat,391.0307447
25,Sample_S19S_0082_Wat,391.0340748
48,Sample_S19S_0082_Wat,391.0670531
13,Sample_S19S_0082_Wat,391.070384
16,Sample_S19S_0082_Wat,391.0881255
47,Sample_S19S_0082_Wat,391.1034381
5,Sample_S19S_0082_Wat,391.1066925
25,Sample_S19S_0082_Wat,391.1245591
48,Sample_S19S_0082_Wat,391.1398852
15,Sample_S19S_0082_Wat,391.1528412
36,Sample_S19S_0082_Wat,391.1762035
10,Sample_S19S_0082_Wat,391.1892281
30,Sample_S19S_0082_Wat,391.212612
50,Sample_S19S_0082_Wat,392.06231
14,Sample_S19S_0082_Wat,392.0834684
68,Sample_S19S_0082_Wat,392.098752
23,Sample_S19S_0082_Wat,392.1198706
64,Sample_S19S_0082_Wat,392.1351125
11,Sample_S19S_0082_Wat,393.010021
46,Sample_S19S_0082_Wat,393.0463154
10,Sample_S19S_0082_Wat,393.0593644
78,Sample_S19S_0082_Wat,393.0827628
12,Sample_S19S_0082_Wat,393.0860569
88,Sample_S19S_0082_Wat,393.1191285
23,Sample_S19S_0082_Wat,393.1321265
44,Sample_S19S_0082_Wat,393.1554711
18,Sample_S19S_0082_Wat,393.1685262
21,Sample_S19S_0082_Wat,393.1919402
35,Sample_S19S_0082_Wat,394.0415806
36,Sample_S19S_0082_Wat,394.078026
46,Sample_S19S_0082_Wat,394.1144108
31,Sample_S19S_0082_Wat,395.0255818
58,Sample_S19S_0082_Wat,395.0619708
50,Sample_S19S_0082_Wat,395.0984243
117,Sample_S19S_0082_Wat,395.1347697
17,Sample_S19S_0082_Wat,395.1477706
48,Sample_S19S_0082_Wat,395.171191
13,Sample_S19S_0082_Wat,395.2075813
58,Sample_S19S_0082_Wat,396.0936653
37,Sample_S19S_0082_Wat,396.13006
58,Sample_S19S_0082_Wat,396.1664019
7,Sample_S19S_0082_Wat,397.0200883
46,Sample_S19S_0082_Wat,397.0412485
33,Sample_S19S_0082_Wat,397.0565368
6,Sample_S19S_0082_Wat,397.0597441
29,Sample_S19S_0082_Wat,397.0775828
21,Sample_S19S_0082_Wat,397.1059758
69,Sample_S19S_0082_Wat,397.1140135
89,Sample_S19S_0082_Wat,397.1504225
23,Sample_S19S_0082_Wat,397.1867602
55,Sample_S19S_0082_Wat,398.0729329
65,Sample_S19S_0082_Wat,398.1456531
28,Sample_S19S_0082_Wat,399.0205105
11,Sample_S19S_0082_Wat,399.0356696
3,Sample_S19S_0082_Wat,399.0390544
19,Sample_S19S_0082_Wat,399.0568344
33,Sample_S19S_0082_Wat,399.0721389
4,Sample_S19S_0082_Wat,399.0753668
25,Sample_S19S_0082_Wat,399.085227
65,Sample_S19S_0082_Wat,399.0932727
6,Sample_S19S_0082_Wat,399.1117451
62,Sample_S19S_0082_Wat,399.1296635
16,Sample_S19S_0082_Wat,399.1579458
5,Sample_S19S_0082_Wat,399.1659287
16,Sample_S19S_0082_Wat,399.1943775
34,Sample_S19S_0082_Wat,399.2024375
40,Sample_S19S_0082_Wat,400.1249077
32,Sample_S19S_0082_Wat,401.0150794
22,Sample_S19S_0082_Wat,401.0362034
59,Sample_S19S_0082_Wat,401.0514549
17,Sample_S19S_0082_Wat,401.0547584
13,Sample_S19S_0082_Wat,401.0644945
22,Sample_S19S_0082_Wat,401.0725084
63,Sample_S19S_0082_Wat,401.0878209
11,Sample_S19S_0082_Wat,401.0910681
59,Sample_S19S_0082_Wat,401.1089631
6,Sample_S19S_0082_Wat,401.1273966
67,Sample_S19S_0082_Wat,401.1453284
58,Sample_S19S_0082_Wat,401.1605804
16,Sample_S19S_0082_Wat,401.1736033
16,Sample_S19S_0082_Wat,401.1816514
21,Sample_S19S_0082_Wat,401.2100146
28,Sample_S19S_0082_Wat,402.0466811
14,Sample_S19S_0082_Wat,402.0831391
5,Sample_S19S_0082_Wat,402.1042761
32,Sample_S19S_0082_Wat,402.1405573
13,Sample_S19S_0082_Wat,403.0305846
3,Sample_S19S_0082_Wat,403.033958
8,Sample_S19S_0082_Wat,403.0437271
18,Sample_S19S_0082_Wat,403.0517845
70,Sample_S19S_0082_Wat,403.0671122
15,Sample_S19S_0082_Wat,403.0704072
56,Sample_S19S_0082_Wat,403.0881974
2,Sample_S19S_0082_Wat,403.0913079
64,Sample_S19S_0082_Wat,403.1034476
4,Sample_S19S_0082_Wat,403.1066431
25,Sample_S19S_0082_Wat,403.1164656
19,Sample_S19S_0082_Wat,403.1245163
82,Sample_S19S_0082_Wat,403.1398463
29,Sample_S19S_0082_Wat,403.1529106
28,Sample_S19S_0082_Wat,403.1609357
30,Sample_S19S_0082_Wat,403.1762826
71,Sample_S19S_0082_Wat,404.0623618
28,Sample_S19S_0082_Wat,404.0834492
10,Sample_S19S_0082_Wat,405.0098791
70,Sample_S19S_0082_Wat,405.0463718
29,Sample_S19S_0082_Wat,405.0674473
48,Sample_S19S_0082_Wat,405.0827082
4,Sample_S19S_0082_Wat,405.0859264
6,Sample_S19S_0082_Wat,405.103722
27,Sample_S19S_0082_Wat,405.1190623
32,Sample_S19S_0082_Wat,405.1321292
9,Sample_S19S_0082_Wat,405.1401404
50,Sample_S19S_0082_Wat,405.1555362
25,Sample_S19S_0082_Wat,405.1685606
38,Sample_S19S_0082_Wat,405.1918632
20,Sample_S19S_0082_Wat,406.041642
7,Sample_S19S_0082_Wat,406.0990792
80,Sample_S19S_0082_Wat,406.1143545
20,Sample_S19S_0082_Wat,407.0255705
62,Sample_S19S_0082_Wat,407.0620299
94,Sample_S19S_0082_Wat,407.0983755
17,Sample_S19S_0082_Wat,407.1113661
75,Sample_S19S_0082_Wat,407.1347505
21,Sample_S19S_0082_Wat,407.1477958
11,Sample_S19S_0082_Wat,407.1712237
16,Sample_S19S_0082_Wat,407.2075913
67,Sample_S19S_0082_Wat,408.0936661
85,Sample_S19S_0082_Wat,408.1300077
7,Sample_S19S_0082_Wat,409.0234633
27,Sample_S19S_0082_Wat,409.0412228
26,Sample_S19S_0082_Wat,409.07757
91,Sample_S19S_0082_Wat,409.1140221
6,Sample_S19S_0082_Wat,409.1172689
15,Sample_S19S_0082_Wat,409.1270356
93,Sample_S19S_0082_Wat,409.1504235
9,Sample_S19S_0082_Wat,409.1633923
12,Sample_S19S_0082_Wat,409.1787026
17,Sample_S19S_0082_Wat,409.1867344
59,Sample_S19S_0082_Wat,410.0729191
18,Sample_S19S_0082_Wat,410.1092388
63,Sample_S19S_0082_Wat,410.1456867
29,Sample_S19S_0082_Wat,411.0205049
8,Sample_S19S_0082_Wat,411.0357156
8,Sample_S19S_0082_Wat,411.0390774
22,Sample_S19S_0082_Wat,411.0568579
72,Sample_S19S_0082_Wat,411.0933142
85,Sample_S19S_0082_Wat,411.1296933
29,Sample_S19S_0082_Wat,411.1579879
48,Sample_S19S_0082_Wat,411.1660419
4,Sample_S19S_0082_Wat,411.2022993
39,Sample_S19S_0082_Wat,412.0885256
62,Sample_S19S_0082_Wat,412.1249118
14,Sample_S19S_0082_Wat,413.0150329
8,Sample_S19S_0082_Wat,413.018396
28,Sample_S19S_0082_Wat,413.0361429
5,Sample_S19S_0082_Wat,413.0513424
7,Sample_S19S_0082_Wat,413.0546664
10,Sample_S19S_0082_Wat,413.06446
9,Sample_S19S_0082_Wat,413.072442
34,Sample_S19S_0082_Wat,413.087795
6,Sample_S19S_0082_Wat,413.0910377
26,Sample_S19S_0082_Wat,413.1008794
79,Sample_S19S_0082_Wat,413.1089345
19,Sample_S19S_0082_Wat,413.1372735
24,Sample_S19S_0082_Wat,413.1452768
21,Sample_S19S_0082_Wat,413.1736056
13,Sample_S19S_0082_Wat,413.1816156
16,Sample_S19S_0082_Wat,413.2100122
21,Sample_S19S_0082_Wat,415.0306688
22,Sample_S19S_0082_Wat,415.0340778
21,Sample_S19S_0082_Wat,415.0518724
6,Sample_S19S_0082_Wat,415.0671726
17,Sample_S19S_0082_Wat,415.0704085
12,Sample_S19S_0082_Wat,415.080159
57,Sample_S19S_0082_Wat,415.0881916
58,Sample_S19S_0082_Wat,415.1034568
5,Sample_S19S_0082_Wat,415.1066895
20,Sample_S19S_0082_Wat,415.1164835
34,Sample_S19S_0082_Wat,415.1245406
4,Sample_S19S_0082_Wat,415.1430564
22,Sample_S19S_0082_Wat,415.1529316
55,Sample_S19S_0082_Wat,415.1609859
9,Sample_S19S_0082_Wat,415.1763155
27,Sample_S19S_0082_Wat,415.1973464
36,Sample_S19S_0082_Wat,416.0623295
5,Sample_S19S_0082_Wat,416.0986591
29,Sample_S19S_0082_Wat,417.009975
38,Sample_S19S_0082_Wat,417.0463346
10,Sample_S19S_0082_Wat,417.0593749
19,Sample_S19S_0082_Wat,417.0674105
27,Sample_S19S_0082_Wat,417.0826722
10,Sample_S19S_0082_Wat,417.085967
18,Sample_S19S_0082_Wat,417.0957124
23,Sample_S19S_0082_Wat,417.1037889
76,Sample_S19S_0082_Wat,417.1191101
4,Sample_S19S_0082_Wat,417.1223013
36,Sample_S19S_0082_Wat,417.1321667
38,Sample_S19S_0082_Wat,417.1402188
64,Sample_S19S_0082_Wat,417.1555165
40,Sample_S19S_0082_Wat,417.1685514
13,Sample_S19S_0082_Wat,417.1765666
5,Sample_S19S_0082_Wat,417.2048604
14,Sample_S19S_0082_Wat,418.0416648
51,Sample_S19S_0082_Wat,418.0779721
17,Sample_S19S_0082_Wat,418.1144292
31,Sample_S19S_0082_Wat,419.0256123
39,Sample_S19S_0082_Wat,419.0619721
7,Sample_S19S_0082_Wat,419.0829959
13,Sample_S19S_0082_Wat,419.0982983
3,Sample_S19S_0082_Wat,419.1015327
9,Sample_S19S_0082_Wat,419.1113471
9,Sample_S19S_0082_Wat,419.1194106
87,Sample_S19S_0082_Wat,419.1347745
4,Sample_S19S_0082_Wat,419.1379181
24,Sample_S19S_0082_Wat,419.1478319
43,Sample_S19S_0082_Wat,419.1711927
26,Sample_S19S_0082_Wat,419.1842051
42,Sample_S19S_0082_Wat,419.207525
46,Sample_S19S_0082_Wat,420.0572817
44,Sample_S19S_0082_Wat,421.0412704
18,Sample_S19S_0082_Wat,421.0777047
18,Sample_S19S_0082_Wat,421.0906648
96,Sample_S19S_0082_Wat,421.1140346
4,Sample_S19S_0082_Wat,421.117183
18,Sample_S19S_0082_Wat,421.1270174
81,Sample_S19S_0082_Wat,421.1504292
1,Sample_S19S_0082_Wat,421.1552081
22,Sample_S19S_0082_Wat,421.1634511
21,Sample_S19S_0082_Wat,421.1868654
3,Sample_S19S_0082_Wat,421.2232692
56,Sample_S19S_0082_Wat,422.0728802
32,Sample_S19S_0082_Wat,422.1093338
17,Sample_S19S_0082_Wat,423.0205894
51,Sample_S19S_0082_Wat,423.0569089
29,Sample_S19S_0082_Wat,423.093231
104,Sample_S19S_0082_Wat,423.1296813
13,Sample_S19S_0082_Wat,423.1426961
32,Sample_S19S_0082_Wat,423.1661225
47,Sample_S19S_0082_Wat,423.2024382
15,Sample_S19S_0082_Wat,424.0522173
2,Sample_S19S_0082_Wat,424.0886497
43,Sample_S19S_0082_Wat,424.1249783
42,Sample_S19S_0082_Wat,425.0361852
4,Sample_S19S_0082_Wat,425.054654
18,Sample_S19S_0082_Wat,425.0724714
13,Sample_S19S_0082_Wat,425.0838582
16,Sample_S19S_0082_Wat,425.1008972
51,Sample_S19S_0082_Wat,425.1089252
2,Sample_S19S_0082_Wat,425.1120366
3,Sample_S19S_0082_Wat,425.120287
17,Sample_S19S_0082_Wat,425.1453873
45,Sample_S19S_0082_Wat,425.1816982
10,Sample_S19S_0082_Wat,425.2100538
67,Sample_S19S_0082_Wat,426.1405881
58,Sample_S19S_0082_Wat,426.1769689
13,Sample_S19S_0082_Wat,427.0307487
21,Sample_S19S_0082_Wat,427.0340833
19,Sample_S19S_0082_Wat,427.0518808
11,Sample_S19S_0082_Wat,427.0669702
8,Sample_S19S_0082_Wat,427.0703757
11,Sample_S19S_0082_Wat,427.0801714
44,Sample_S19S_0082_Wat,427.088175
2,Sample_S19S_0082_Wat,427.0912966
6,Sample_S19S_0082_Wat,427.106705
19,Sample_S19S_0082_Wat,427.1165345
76,Sample_S19S_0082_Wat,427.1245871
5,Sample_S19S_0082_Wat,427.1431663
4,Sample_S19S_0082_Wat,427.1610597
31,Sample_S19S_0082_Wat,427.1973395
32,Sample_S19S_0082_Wat,428.1562791
10,Sample_S19S_0082_Wat,428.1925676
28,Sample_S19S_0082_Wat,429.0463286
12,Sample_S19S_0082_Wat,429.0496556
43,Sample_S19S_0082_Wat,429.067488
1,Sample_S19S_0082_Wat,429.0829209
13,Sample_S19S_0082_Wat,429.0861392
8,Sample_S19S_0082_Wat,429.1039457
13,Sample_S19S_0082_Wat,429.1224523
66,Sample_S19S_0082_Wat,429.1402424
20,Sample_S19S_0082_Wat,429.1555582
2,Sample_S19S_0082_Wat,429.1587517
31,Sample_S19S_0082_Wat,429.1685491
25,Sample_S19S_0082_Wat,429.1765924
35,Sample_S19S_0082_Wat,429.1919036
11,Sample_S19S_0082_Wat,430.0780537
32,Sample_S19S_0082_Wat,430.0991542
51,Sample_S19S_0082_Wat,430.1354817
21,Sample_S19S_0082_Wat,431.0256563
6,Sample_S19S_0082_Wat,431.04681
60,Sample_S19S_0082_Wat,431.0620177
43,Sample_S19S_0082_Wat,431.083125
71,Sample_S19S_0082_Wat,431.098388
9,Sample_S19S_0082_Wat,431.1016424
20,Sample_S19S_0082_Wat,431.1113826
28,Sample_S19S_0082_Wat,431.1194411
30,Sample_S19S_0082_Wat,431.1347291
1,Sample_S19S_0082_Wat,431.1378968
25,Sample_S19S_0082_Wat,431.1477957
23,Sample_S19S_0082_Wat,431.1558407
33,Sample_S19S_0082_Wat,431.1711879
16,Sample_S19S_0082_Wat,431.2076023
8,Sample_S19S_0082_Wat,432.0573233
80,Sample_S19S_0082_Wat,432.093661
1,Sample_S19S_0082_Wat,432.9695275
45,Sample_S19S_0082_Wat,433.0412948
4,Sample_S19S_0082_Wat,433.0543356
23,Sample_S19S_0082_Wat,433.0624271
70,Sample_S19S_0082_Wat,433.077665
14,Sample_S19S_0082_Wat,433.0906617
14,Sample_S19S_0082_Wat,433.0986887
19,Sample_S19S_0082_Wat,433.1139658
10,Sample_S19S_0082_Wat,433.1269982
3,Sample_S19S_0082_Wat,433.13501
29,Sample_S19S_0082_Wat,433.1503758
29,Sample_S19S_0082_Wat,433.1634586
37,Sample_S19S_0082_Wat,433.1868494
13,Sample_S19S_0082_Wat,433.1998888
27,Sample_S19S_0082_Wat,433.223189
10,Sample_S19S_0082_Wat,434.072975
17,Sample_S19S_0082_Wat,434.1093421
8,Sample_S19S_0082_Wat,435.0204588
40,Sample_S19S_0082_Wat,435.0569041
17,Sample_S19S_0082_Wat,435.0698968
73,Sample_S19S_0082_Wat,435.093324
18,Sample_S19S_0082_Wat,435.1062764
28,Sample_S19S_0082_Wat,435.1296329
4,Sample_S19S_0082_Wat,435.1426364
1,Sample_S19S_0082_Wat,435.160379
24,Sample_S19S_0082_Wat,435.1659973
16,Sample_S19S_0082_Wat,435.1790631
48,Sample_S19S_0082_Wat,435.2024665
23,Sample_S19S_0082_Wat,436.0521427
23,Sample_S19S_0082_Wat,436.0886111
5,Sample_S19S_0082_Wat,436.1250197
1,Sample_S19S_0082_Wat,436.9644408
33,Sample_S19S_0082_Wat,437.0361523
25,Sample_S19S_0082_Wat,437.072483
7,Sample_S19S_0082_Wat,437.1009114
25,Sample_S19S_0082_Wat,437.1088959
57,Sample_S19S_0082_Wat,437.1453651
21,Sample_S19S_0082_Wat,437.158378
1,Sample_S19S_0082_Wat,437.1737814
48,Sample_S19S_0082_Wat,437.1817485
10,Sample_S19S_0082_Wat,437.2100538
10,Sample_S19S_0082_Wat,437.2180272
18,Sample_S19S_0082_Wat,438.0678822
76,Sample_S19S_0082_Wat,438.1405683
15,Sample_S19S_0082_Wat,439.051737
9,Sample_S19S_0082_Wat,439.0670176
7,Sample_S19S_0082_Wat,439.0703504
68,Sample_S19S_0082_Wat,439.0882098
83,Sample_S19S_0082_Wat,439.1246064
16,Sample_S19S_0082_Wat,439.1529344
31,Sample_S19S_0082_Wat,439.1609425
24,Sample_S19S_0082_Wat,439.1892886
21,Sample_S19S_0082_Wat,439.1973056
13,Sample_S19S_0082_Wat,439.2256709
42,Sample_S19S_0082_Wat,440.0834468
36,Sample_S19S_0082_Wat,440.1198163
14,Sample_S19S_0082_Wat,441.0310268
11,Sample_S19S_0082_Wat,441.0462365
7,Sample_S19S_0082_Wat,441.0495906
33,Sample_S19S_0082_Wat,441.0674409
34,Sample_S19S_0082_Wat,441.0827166
10,Sample_S19S_0082_Wat,441.0860426
34,Sample_S19S_0082_Wat,441.1039049
53,Sample_S19S_0082_Wat,441.1402285
18,Sample_S19S_0082_Wat,441.168514
23,Sample_S19S_0082_Wat,441.1765589
16,Sample_S19S_0082_Wat,441.2049192
12,Sample_S19S_0082_Wat,441.2129575
13,Sample_S19S_0082_Wat,442.0990637
20,Sample_S19S_0082_Wat,442.135461
15,Sample_S19S_0082_Wat,443.0255061
18,Sample_S19S_0082_Wat,443.0466588
16,Sample_S19S_0082_Wat,443.061884
16,Sample_S19S_0082_Wat,443.0749837
33,Sample_S19S_0082_Wat,443.0830557
30,Sample_S19S_0082_Wat,443.0984287
19,Sample_S19S_0082_Wat,443.1114516
66,Sample_S19S_0082_Wat,443.119518
4,Sample_S19S_0082_Wat,443.1348538
9,Sample_S19S_0082_Wat,443.1380667
19,Sample_S19S_0082_Wat,443.1478565
54,Sample_S19S_0082_Wat,443.1558944
26,Sample_S19S_0082_Wat,443.1711201
23,Sample_S19S_0082_Wat,443.1841796
16,Sample_S19S_0082_Wat,443.1922057
10,Sample_S19S_0082_Wat,443.2205255
43,Sample_S19S_0082_Wat,444.0572726
17,Sample_S19S_0082_Wat,444.093696
34,Sample_S19S_0082_Wat,445.0412697
4,Sample_S19S_0082_Wat,445.054308
35,Sample_S19S_0082_Wat,445.0623769
38,Sample_S19S_0082_Wat,445.0776178
4,Sample_S19S_0082_Wat,445.0808638
12,Sample_S19S_0082_Wat,445.0986624
4,Sample_S19S_0082_Wat,445.1083593
13,Sample_S19S_0082_Wat,445.1139537
3,Sample_S19S_0082_Wat,445.1171907
21,Sample_S19S_0082_Wat,445.127011
11,Sample_S19S_0082_Wat,445.1350548
32,Sample_S19S_0082_Wat,445.1503907
2,Sample_S19S_0082_Wat,445.1536246
35,Sample_S19S_0082_Wat,445.1634705
44,Sample_S19S_0082_Wat,445.1715289
40,Sample_S19S_0082_Wat,445.1868428
28,Sample_S19S_0082_Wat,445.223207
16,Sample_S19S_0082_Wat,446.0364887
17,Sample_S19S_0082_Wat,446.0728598
2,Sample_S19S_0082_Wat,446.0939418
28,Sample_S19S_0082_Wat,446.1457127
11,Sample_S19S_0082_Wat,447.0204695
8,Sample_S19S_0082_Wat,447.056785
6,Sample_S19S_0082_Wat,447.0698296
5,Sample_S19S_0082_Wat,447.0779114
12,Sample_S19S_0082_Wat,447.09323
19,Sample_S19S_0082_Wat,447.114388
73,Sample_S19S_0082_Wat,447.1297048
29,Sample_S19S_0082_Wat,447.1427418
9,Sample_S19S_0082_Wat,447.1507185
73,Sample_S19S_0082_Wat,447.1660641
24,Sample_S19S_0082_Wat,447.179104
15,Sample_S19S_0082_Wat,447.2023724
5,Sample_S19S_0082_Wat,447.2154152
17,Sample_S19S_0082_Wat,447.2388005
4,Sample_S19S_0082_Wat,448.0520882
66,Sample_S19S_0082_Wat,448.088573
18,Sample_S19S_0082_Wat,448.1096972
15,Sample_S19S_0082_Wat,449.0360637
20,Sample_S19S_0082_Wat,449.0724952
19,Sample_S19S_0082_Wat,449.0855556
89,Sample_S19S_0082_Wat,449.1089599
19,Sample_S19S_0082_Wat,449.1219859
80,Sample_S19S_0082_Wat,449.1453221
23,Sample_S19S_0082_Wat,449.1583358
26,Sample_S19S_0082_Wat,449.1816462
4,Sample_S19S_0082_Wat,449.1946593
12,Sample_S19S_0082_Wat,449.2180299
16,Sample_S19S_0082_Wat,451.0517204
35,Sample_S19S_0082_Wat,451.0881744
60,Sample_S19S_0082_Wat,451.124616
18,Sample_S19S_0082_Wat,451.1376081
1,Sample_S19S_0082_Wat,451.1530256
36,Sample_S19S_0082_Wat,451.1609528
11,Sample_S19S_0082_Wat,451.1739524
12,Sample_S19S_0082_Wat,451.189303
6,Sample_S19S_0082_Wat,451.1972791
12,Sample_S19S_0082_Wat,451.2336787
44,Sample_S19S_0082_Wat,452.0834394
16,Sample_S19S_0082_Wat,452.1199139
19,Sample_S19S_0082_Wat,453.0310814
22,Sample_S19S_0082_Wat,453.0673983
11,Sample_S19S_0082_Wat,453.0957146
15,Sample_S19S_0082_Wat,453.1037558
17,Sample_S19S_0082_Wat,453.1321972
43,Sample_S19S_0082_Wat,453.140211
9,Sample_S19S_0082_Wat,453.1532352
5,Sample_S19S_0082_Wat,453.1686448
64,Sample_S19S_0082_Wat,453.1766436
15,Sample_S19S_0082_Wat,453.2049759
8,Sample_S19S_0082_Wat,455.025566
36,Sample_S19S_0082_Wat,455.0467468
42,Sample_S19S_0082_Wat,455.0620251
6,Sample_S19S_0082_Wat,455.0652945
12,Sample_S19S_0082_Wat,455.0750667
45,Sample_S19S_0082_Wat,455.0831528
38,Sample_S19S_0082_Wat,455.0984121
16,Sample_S19S_0082_Wat,455.111472
37,Sample_S19S_0082_Wat,455.1194736
20,Sample_S19S_0082_Wat,455.14777
16,Sample_S19S_0082_Wat,455.1558023
15,Sample_S19S_0082_Wat,455.1841535
12,Sample_S19S_0082_Wat,455.1921775
20,Sample_S19S_0082_Wat,455.2205892
31,Sample_S19S_0082_Wat,457.0412916
31,Sample_S19S_0082_Wat,457.0624071
17,Sample_S19S_0082_Wat,457.0776174
10,Sample_S19S_0082_Wat,457.0906483
19,Sample_S19S_0082_Wat,457.0986905
21,Sample_S19S_0082_Wat,457.1139922
13,Sample_S19S_0082_Wat,457.1270095
19,Sample_S19S_0082_Wat,457.1350642
3,Sample_S19S_0082_Wat,457.1447412
16,Sample_S19S_0082_Wat,457.150377
24,Sample_S19S_0082_Wat,457.1634444
28,Sample_S19S_0082_Wat,457.1715231
19,Sample_S19S_0082_Wat,457.1998933
33,Sample_S19S_0082_Wat,457.2079257
36,Sample_S19S_0082_Wat,458.0729028
18,Sample_S19S_0082_Wat,459.0205561
15,Sample_S19S_0082_Wat,459.0568713
8,Sample_S19S_0082_Wat,459.069913
20,Sample_S19S_0082_Wat,459.0779746
15,Sample_S19S_0082_Wat,459.0932353
5,Sample_S19S_0082_Wat,459.0964817
20,Sample_S19S_0082_Wat,459.1062882
25,Sample_S19S_0082_Wat,459.1143457
51,Sample_S19S_0082_Wat,459.1296693
31,Sample_S19S_0082_Wat,459.142719
36,Sample_S19S_0082_Wat,459.1508169
39,Sample_S19S_0082_Wat,459.1661042
32,Sample_S19S_0082_Wat,459.1872169
20,Sample_S19S_0082_Wat,459.2025048
7,Sample_S19S_0082_Wat,459.2155229
54,Sample_S19S_0082_Wat,460.0885829
1,Sample_S19S_0082_Wat,460.1823248
30,Sample_S19S_0082_Wat,461.036196
23,Sample_S19S_0082_Wat,461.0725007
14,Sample_S19S_0082_Wat,461.0855391
8,Sample_S19S_0082_Wat,461.0935699
12,Sample_S19S_0082_Wat,461.1088271
4,Sample_S19S_0082_Wat,461.1218899
11,Sample_S19S_0082_Wat,461.1299458
3,Sample_S19S_0082_Wat,461.1396751
17,Sample_S19S_0082_Wat,461.1452647
24,Sample_S19S_0082_Wat,461.1583343
36,Sample_S19S_0082_Wat,461.1817537
16,Sample_S19S_0082_Wat,461.1948089
26,Sample_S19S_0082_Wat,461.218132
32,Sample_S19S_0082_Wat,462.067799
17,Sample_S19S_0082_Wat,462.1042629
40,Sample_S19S_0082_Wat,463.0518315
45,Sample_S19S_0082_Wat,463.0881954
4,Sample_S19S_0082_Wat,463.1189274
15,Sample_S19S_0082_Wat,463.124491
4,Sample_S19S_0082_Wat,463.1375144
6,Sample_S19S_0082_Wat,463.1608564
9,Sample_S19S_0082_Wat,463.1739081
19,Sample_S19S_0082_Wat,463.1972938
27,Sample_S19S_0082_Wat,463.2337601
26,Sample_S19S_0082_Wat,464.1198095
10,Sample_S19S_0082_Wat,465.0310055
12,Sample_S19S_0082_Wat,465.06738
34,Sample_S19S_0082_Wat,465.1038259
24,Sample_S19S_0082_Wat,465.1532935
61,Sample_S19S_0082_Wat,465.1766182
12,Sample_S19S_0082_Wat,465.2049695
15,Sample_S19S_0082_Wat,465.2129596
53,Sample_S19S_0082_Wat,466.1355201
1,Sample_S19S_0082_Wat,466.1435867
36,Sample_S19S_0082_Wat,467.0467531
51,Sample_S19S_0082_Wat,467.0831629
46,Sample_S19S_0082_Wat,467.1195422
23,Sample_S19S_0082_Wat,467.1478261
29,Sample_S19S_0082_Wat,467.1558326
22,Sample_S19S_0082_Wat,467.184209
8,Sample_S19S_0082_Wat,467.1921933
13,Sample_S19S_0082_Wat,467.220621
20,Sample_S19S_0082_Wat,467.2286363
27,Sample_S19S_0082_Wat,468.1147294
23,Sample_S19S_0082_Wat,469.0412947
30,Sample_S19S_0082_Wat,469.062394
10,Sample_S19S_0082_Wat,469.0776006
10,Sample_S19S_0082_Wat,469.0906533
23,Sample_S19S_0082_Wat,469.0986993
23,Sample_S19S_0082_Wat,469.1270251
16,Sample_S19S_0082_Wat,469.1350525
12,Sample_S19S_0082_Wat,469.1633964
22,Sample_S19S_0082_Wat,469.199861
20,Sample_S19S_0082_Wat,469.2078959
12,Sample_S19S_0082_Wat,469.2362772
17,Sample_S19S_0082_Wat,471.0205509
13,Sample_S19S_0082_Wat,471.0416901
36,Sample_S19S_0082_Wat,471.0569384
6,Sample_S19S_0082_Wat,471.069939
31,Sample_S19S_0082_Wat,471.0780166
17,Sample_S19S_0082_Wat,471.106291
6,Sample_S19S_0082_Wat,471.1295835
10,Sample_S19S_0082_Wat,471.1426129
11,Sample_S19S_0082_Wat,471.1506882
7,Sample_S19S_0082_Wat,471.16598
22,Sample_S19S_0082_Wat,471.1790652
20,Sample_S19S_0082_Wat,471.1871307
18,Sample_S19S_0082_Wat,471.2155389
17,Sample_S19S_0082_Wat,473.0361823
10,Sample_S19S_0082_Wat,473.0573502
33,Sample_S19S_0082_Wat,473.0726032
32,Sample_S19S_0082_Wat,473.0937108
58,Sample_S19S_0082_Wat,473.1089772
6,Sample_S19S_0082_Wat,473.1122201
22,Sample_S19S_0082_Wat,473.121993
20,Sample_S19S_0082_Wat,473.1300234
5,Sample_S19S_0082_Wat,473.139667
19,Sample_S19S_0082_Wat,473.1452829
10,Sample_S19S_0082_Wat,473.1582831
13,Sample_S19S_0082_Wat,473.1663521
1,Sample_S19S_0082_Wat,473.1760299
18,Sample_S19S_0082_Wat,473.1816622
14,Sample_S19S_0082_Wat,473.1946924
28,Sample_S19S_0082_Wat,473.2180738
20,Sample_S19S_0082_Wat,473.2311386
28,Sample_S19S_0082_Wat,474.067818
12,Sample_S19S_0082_Wat,475.0517049
14,Sample_S19S_0082_Wat,475.0728791
24,Sample_S19S_0082_Wat,475.0881586
15,Sample_S19S_0082_Wat,475.1012806
15,Sample_S19S_0082_Wat,475.1092833
63,Sample_S19S_0082_Wat,475.1245966
26,Sample_S19S_0082_Wat,475.1376596
15,Sample_S19S_0082_Wat,475.1456774
61,Sample_S19S_0082_Wat,475.1609843
23,Sample_S19S_0082_Wat,475.1739813
13,Sample_S19S_0082_Wat,475.1973043
4,Sample_S19S_0082_Wat,475.2103074
3,Sample_S19S_0082_Wat,475.2336051
7,Sample_S19S_0082_Wat,476.0833408
27,Sample_S19S_0082_Wat,476.1198125
28,Sample_S19S_0082_Wat,477.0311319
42,Sample_S19S_0082_Wat,477.0674882
15,Sample_S19S_0082_Wat,477.1037802
20,Sample_S19S_0082_Wat,477.1168599
1,Sample_S19S_0082_Wat,477.1344651
4,Sample_S19S_0082_Wat,477.1401075
8,Sample_S19S_0082_Wat,477.1531747
13,Sample_S19S_0082_Wat,477.1765167
6,Sample_S19S_0082_Wat,477.1895617
40,Sample_S19S_0082_Wat,477.2130039
10,Sample_S19S_0082_Wat,477.2493418
59,Sample_S19S_0082_Wat,478.0991507
4,Sample_S19S_0082_Wat,479.0466033
17,Sample_S19S_0082_Wat,479.0830028
38,Sample_S19S_0082_Wat,479.1194663
19,Sample_S19S_0082_Wat,479.1325629
63,Sample_S19S_0082_Wat,479.1559168
9,Sample_S19S_0082_Wat,479.1689644
48,Sample_S19S_0082_Wat,479.1923063
13,Sample_S19S_0082_Wat,479.2053091
5,Sample_S19S_0082_Wat,479.2206471
16,Sample_S19S_0082_Wat,479.2286027
15,Sample_S19S_0082_Wat,481.0623379
49,Sample_S19S_0082_Wat,481.0987747
68,Sample_S19S_0082_Wat,481.1351677
15,Sample_S19S_0082_Wat,481.1634867
46,Sample_S19S_0082_Wat,481.1715313
20,Sample_S19S_0082_Wat,481.199847
15,Sample_S19S_0082_Wat,481.2078283
2,Sample_S19S_0082_Wat,481.2361059
4,Sample_S19S_0082_Wat,482.1302914
14,Sample_S19S_0082_Wat,483.0415833
13,Sample_S19S_0082_Wat,483.0568081
29,Sample_S19S_0082_Wat,483.0780208
3,Sample_S19S_0082_Wat,483.1064043
44,Sample_S19S_0082_Wat,483.1144642
32,Sample_S19S_0082_Wat,483.1508531
14,Sample_S19S_0082_Wat,483.1791639
28,Sample_S19S_0082_Wat,483.1871699
18,Sample_S19S_0082_Wat,483.2154832
11,Sample_S19S_0082_Wat,484.1459881
7,Sample_S19S_0082_Wat,485.057196
15,Sample_S19S_0082_Wat,485.0724465
12,Sample_S19S_0082_Wat,485.0855526
26,Sample_S19S_0082_Wat,485.0936172
36,Sample_S19S_0082_Wat,485.1089501
17,Sample_S19S_0082_Wat,485.1220307
45,Sample_S19S_0082_Wat,485.1300644
15,Sample_S19S_0082_Wat,485.1584131
36,Sample_S19S_0082_Wat,485.1664901
2,Sample_S19S_0082_Wat,485.1760615
15,Sample_S19S_0082_Wat,485.1948096
5,Sample_S19S_0082_Wat,485.2310607
14,Sample_S19S_0082_Wat,487.051792
17,Sample_S19S_0082_Wat,487.072871
11,Sample_S19S_0082_Wat,487.088118
15,Sample_S19S_0082_Wat,487.1011949
8,Sample_S19S_0082_Wat,487.1092152
11,Sample_S19S_0082_Wat,487.1244947
19,Sample_S19S_0082_Wat,487.1375846
14,Sample_S19S_0082_Wat,487.1456408
47,Sample_S19S_0082_Wat,487.1609704
20,Sample_S19S_0082_Wat,487.1740711
29,Sample_S19S_0082_Wat,487.18211
27,Sample_S19S_0082_Wat,487.1974177
5,Sample_S19S_0082_Wat,487.2104698
17,Sample_S19S_0082_Wat,487.2337958
32,Sample_S19S_0082_Wat,488.0834359
44,Sample_S19S_0082_Wat,489.067487
23,Sample_S19S_0082_Wat,489.0886429
23,Sample_S19S_0082_Wat,489.1039118
30,Sample_S19S_0082_Wat,489.1249814
24,Sample_S19S_0082_Wat,489.1402055
6,Sample_S19S_0082_Wat,489.1434446
20,Sample_S19S_0082_Wat,489.1532671
1,Sample_S19S_0082_Wat,489.1708695
8,Sample_S19S_0082_Wat,489.1765226
5,Sample_S19S_0082_Wat,489.1895365
6,Sample_S19S_0082_Wat,489.2128864
4,Sample_S19S_0082_Wat,489.2259164
13,Sample_S19S_0082_Wat,490.0990621
8,Sample_S19S_0082_Wat,491.0466906
20,Sample_S19S_0082_Wat,491.0830123
8,Sample_S19S_0082_Wat,491.0961728
8,Sample_S19S_0082_Wat,491.1193786
14,Sample_S19S_0082_Wat,491.1325378
20,Sample_S19S_0082_Wat,491.1558203
20,Sample_S19S_0082_Wat,491.1689084
46,Sample_S19S_0082_Wat,491.1922945
8,Sample_S19S_0082_Wat,491.2053832
7,Sample_S19S_0082_Wat,491.2287423
13,Sample_S19S_0082_Wat,491.2650776
41,Sample_S19S_0082_Wat,492.1147512
9,Sample_S19S_0082_Wat,493.0622921
20,Sample_S19S_0082_Wat,493.098712
68,Sample_S19S_0082_Wat,493.1351653
47,Sample_S19S_0082_Wat,493.1715856
9,Sample_S19S_0082_Wat,493.1846305
4,Sample_S19S_0082_Wat,493.1999507
8,Sample_S19S_0082_Wat,493.2442171
11,Sample_S19S_0082_Wat,495.0415683
32,Sample_S19S_0082_Wat,495.0780179
41,Sample_S19S_0082_Wat,495.1144449
8,Sample_S19S_0082_Wat,495.1427989
54,Sample_S19S_0082_Wat,495.1507984
11,Sample_S19S_0082_Wat,495.2154488
1,Sample_S19S_0082_Wat,496.1905351
15,Sample_S19S_0082_Wat,497.0572968
13,Sample_S19S_0082_Wat,497.0937782
9,Sample_S19S_0082_Wat,497.1301476
25,Sample_S19S_0082_Wat,497.1947705
7,Sample_S19S_0082_Wat,497.2310629
12,Sample_S19S_0082_Wat,498.1253978
3,Sample_S19S_0082_Wat,498.1698072
1,Sample_S19S_0082_Wat,498.2894392
18,Sample_S19S_0082_Wat,499.0728848
10,Sample_S19S_0082_Wat,499.1012958
34,Sample_S19S_0082_Wat,499.1093112
12,Sample_S19S_0082_Wat,499.1377212
47,Sample_S19S_0082_Wat,499.1457371
4,Sample_S19S_0082_Wat,499.1553132
19,Sample_S19S_0082_Wat,499.1740741
30,Sample_S19S_0082_Wat,499.1973555
24,Sample_S19S_0082_Wat,499.2104255
15,Sample_S19S_0082_Wat,499.2184243
19,Sample_S19S_0082_Wat,501.0673678
8,Sample_S19S_0082_Wat,501.1037301
13,Sample_S19S_0082_Wat,501.116864
7,Sample_S19S_0082_Wat,501.1248479
29,Sample_S19S_0082_Wat,501.1532967
18,Sample_S19S_0082_Wat,501.1612956
43,Sample_S19S_0082_Wat,501.1766253
30,Sample_S19S_0082_Wat,501.1896846
25,Sample_S19S_0082_Wat,501.2130646
10,Sample_S19S_0082_Wat,503.0468089
2,Sample_S19S_0082_Wat,503.0832459
19,Sample_S19S_0082_Wat,503.1042984
51,Sample_S19S_0082_Wat,503.1195309
5,Sample_S19S_0082_Wat,503.1326318
15,Sample_S19S_0082_Wat,503.1405906
20,Sample_S19S_0082_Wat,503.1558462
13,Sample_S19S_0082_Wat,503.1921795
3,Sample_S19S_0082_Wat,503.2051842
13,Sample_S19S_0082_Wat,503.2285615
5,Sample_S19S_0082_Wat,505.0622503
18,Sample_S19S_0082_Wat,505.098662
8,Sample_S19S_0082_Wat,505.1118569
1,Sample_S19S_0082_Wat,505.1293863
17,Sample_S19S_0082_Wat,505.1350781
4,Sample_S19S_0082_Wat,505.1482794
60,Sample_S19S_0082_Wat,505.1715425
28,Sample_S19S_0082_Wat,505.2079802
25,Sample_S19S_0082_Wat,505.2443315
9,Sample_S19S_0082_Wat,507.0415912
28,Sample_S19S_0082_Wat,507.0780238
42,Sample_S19S_0082_Wat,507.1144464
57,Sample_S19S_0082_Wat,507.1508255
3,Sample_S19S_0082_Wat,507.179192
8,Sample_S19S_0082_Wat,507.2001826
9,Sample_S19S_0082_Wat,507.2154676
4,Sample_S19S_0082_Wat,507.251798
10,Sample_S19S_0082_Wat,509.0573918
35,Sample_S19S_0082_Wat,509.0937287
42,Sample_S19S_0082_Wat,509.1300451
10,Sample_S19S_0082_Wat,509.1583575
14,Sample_S19S_0082_Wat,509.1947371
11,Sample_S19S_0082_Wat,509.2311267
5,Sample_S19S_0082_Wat,509.2391011
8,Sample_S19S_0082_Wat,509.2675212
33,Sample_S19S_0082_Wat,511.0729714
8,Sample_S19S_0082_Wat,511.0881435
3,Sample_S19S_0082_Wat,511.1375472
10,Sample_S19S_0082_Wat,511.1739404
14,Sample_S19S_0082_Wat,511.2103696
8,Sample_S19S_0082_Wat,511.2183807
16,Sample_S19S_0082_Wat,511.2467945
1,Sample_S19S_0082_Wat,512.1854652
5,Sample_S19S_0082_Wat,513.0311674
6,Sample_S19S_0082_Wat,513.0522762
24,Sample_S19S_0082_Wat,513.0674942
23,Sample_S19S_0082_Wat,513.0885835
16,Sample_S19S_0082_Wat,513.1169162
15,Sample_S19S_0082_Wat,513.1248843
6,Sample_S19S_0082_Wat,513.1531789
6,Sample_S19S_0082_Wat,513.1612236
10,Sample_S19S_0082_Wat,513.1895585
7,Sample_S19S_0082_Wat,515.0467951
7,Sample_S19S_0082_Wat,515.0679477
34,Sample_S19S_0082_Wat,515.083157
28,Sample_S19S_0082_Wat,515.1042917
12,Sample_S19S_0082_Wat,515.1228474
5,Sample_S19S_0082_Wat,515.1326297
19,Sample_S19S_0082_Wat,515.1405768
11,Sample_S19S_0082_Wat,515.155816
16,Sample_S19S_0082_Wat,515.1688778
9,Sample_S19S_0082_Wat,515.1768835
9,Sample_S19S_0082_Wat,515.2052029
3,Sample_S19S_0082_Wat,515.2285302
3,Sample_S19S_0082_Wat,515.2416147
26,Sample_S19S_0082_Wat,517.0624113
9,Sample_S19S_0082_Wat,517.098859
7,Sample_S19S_0082_Wat,517.1352552
8,Sample_S19S_0082_Wat,517.171616
15,Sample_S19S_0082_Wat,517.1846401
43,Sample_S19S_0082_Wat,517.2079237
9,Sample_S19S_0082_Wat,517.2208996
8,Sample_S19S_0082_Wat,517.2442337
5,Sample_S19S_0082_Wat,519.041577
11,Sample_S19S_0082_Wat,519.0779454
13,Sample_S19S_0082_Wat,519.1143103
6,Sample_S19S_0082_Wat,519.1275578
22,Sample_S19S_0082_Wat,519.1507584
6,Sample_S19S_0082_Wat,519.1639413
49,Sample_S19S_0082_Wat,519.1872205
13,Sample_S19S_0082_Wat,519.2236508
23,Sample_S19S_0082_Wat,521.0573462
31,Sample_S19S_0082_Wat,521.0937324
43,Sample_S19S_0082_Wat,521.1301011
21,Sample_S19S_0082_Wat,521.1663968
9,Sample_S19S_0082_Wat,521.2027235
5,Sample_S19S_0082_Wat,521.2390738
1,Sample_S19S_0082_Wat,522.1251732
7,Sample_S19S_0082_Wat,523.0728235
4,Sample_S19S_0082_Wat,523.1091901
11,Sample_S19S_0082_Wat,523.1456062
15,Sample_S19S_0082_Wat,523.1739853
24,Sample_S19S_0082_Wat,523.1820717
6,Sample_S19S_0082_Wat,523.2468227
21,Sample_S19S_0082_Wat,525.0885729
33,Sample_S19S_0082_Wat,525.1250197
37,Sample_S19S_0082_Wat,525.1614051
8,Sample_S19S_0082_Wat,525.2340332
2,Sample_S19S_0082_Wat,526.2292607
11,Sample_S19S_0082_Wat,527.0467883
10,Sample_S19S_0082_Wat,527.0679337
5,Sample_S19S_0082_Wat,527.1043114
36,Sample_S19S_0082_Wat,527.1406475
20,Sample_S19S_0082_Wat,527.1689685
26,Sample_S19S_0082_Wat,527.1769645
23,Sample_S19S_0082_Wat,527.2052882
7,Sample_S19S_0082_Wat,527.2132606
9,Sample_S19S_0082_Wat,529.0624704
6,Sample_S19S_0082_Wat,529.0836238
11,Sample_S19S_0082_Wat,529.0988481
20,Sample_S19S_0082_Wat,529.119899
9,Sample_S19S_0082_Wat,529.1482589
22,Sample_S19S_0082_Wat,529.184567
9,Sample_S19S_0082_Wat,529.1925822
7,Sample_S19S_0082_Wat,529.2078283
5,Sample_S19S_0082_Wat,529.2208396
7,Sample_S19S_0082_Wat,529.2573138
4,Sample_S19S_0082_Wat,531.0417642
6,Sample_S19S_0082_Wat,531.0781475
23,Sample_S19S_0082_Wat,531.1355514
27,Sample_S19S_0082_Wat,531.1507766
15,Sample_S19S_0082_Wat,531.1638843
12,Sample_S19S_0082_Wat,531.1871077
14,Sample_S19S_0082_Wat,531.2001725
17,Sample_S19S_0082_Wat,531.2234777
6,Sample_S19S_0082_Wat,533.0574115
14,Sample_S19S_0082_Wat,533.0937827
49,Sample_S19S_0082_Wat,533.166456
13,Sample_S19S_0082_Wat,533.2027587
5,Sample_S19S_0082_Wat,533.2390944
12,Sample_S19S_0082_Wat,535.0730261
11,Sample_S19S_0082_Wat,535.1094222
8,Sample_S19S_0082_Wat,535.1458132
15,Sample_S19S_0082_Wat,535.1821751
9,Sample_S19S_0082_Wat,535.2547783
4,Sample_S19S_0082_Wat,537.0520931
16,Sample_S19S_0082_Wat,537.0884904
41,Sample_S19S_0082_Wat,537.161382
16,Sample_S19S_0082_Wat,537.1978101
2,Sample_S19S_0082_Wat,537.2261348
9,Sample_S19S_0082_Wat,537.2342192
17,Sample_S19S_0082_Wat,539.0679143
19,Sample_S19S_0082_Wat,539.1042196
25,Sample_S19S_0082_Wat,539.1405618
7,Sample_S19S_0082_Wat,539.1688297
6,Sample_S19S_0082_Wat,539.1768779
5,Sample_S19S_0082_Wat,539.2051955
1,Sample_S19S_0082_Wat,539.2132409
3,Sample_S19S_0082_Wat,539.2416063
14,Sample_S19S_0082_Wat,541.0623672
20,Sample_S19S_0082_Wat,541.0834882
23,Sample_S19S_0082_Wat,541.0988161
24,Sample_S19S_0082_Wat,541.1199147
11,Sample_S19S_0082_Wat,541.1563515
3,Sample_S19S_0082_Wat,541.1927684
21,Sample_S19S_0082_Wat,541.2290565
8,Sample_S19S_0082_Wat,541.2573331
9,Sample_S19S_0082_Wat,543.0781158
17,Sample_S19S_0082_Wat,543.1355017
16,Sample_S19S_0082_Wat,543.1638009
11,Sample_S19S_0082_Wat,543.1718262
6,Sample_S19S_0082_Wat,543.236535
9,Sample_S19S_0082_Wat,545.0571838
4,Sample_S19S_0082_Wat,545.0935509
7,Sample_S19S_0082_Wat,545.1147104
13,Sample_S19S_0082_Wat,545.1299664
5,Sample_S19S_0082_Wat,545.1432084
19,Sample_S19S_0082_Wat,545.1511507
6,Sample_S19S_0082_Wat,545.1795929
29,Sample_S19S_0082_Wat,545.2028931
12,Sample_S19S_0082_Wat,545.2159419
12,Sample_S19S_0082_Wat,547.0729547
13,Sample_S19S_0082_Wat,547.109415
12,Sample_S19S_0082_Wat,547.145805
1,Sample_S19S_0082_Wat,547.1822164
2,Sample_S19S_0082_Wat,547.1952584
13,Sample_S19S_0082_Wat,547.2185618
19,Sample_S19S_0082_Wat,547.2548518
10,Sample_S19S_0082_Wat,549.0887119
13,Sample_S19S_0082_Wat,549.1250923
12,Sample_S19S_0082_Wat,549.1614413
36,Sample_S19S_0082_Wat,549.1977663
10,Sample_S19S_0082_Wat,549.2340464
6,Sample_S19S_0082_Wat,551.0679996
14,Sample_S19S_0082_Wat,551.10435
5,Sample_S19S_0082_Wat,551.1439781
23,Sample_S19S_0082_Wat,551.1769906
10,Sample_S19S_0082_Wat,551.2052511
3,Sample_S19S_0082_Wat,551.2496307
2,Sample_S19S_0082_Wat,553.0836572
10,Sample_S19S_0082_Wat,553.1199748
45,Sample_S19S_0082_Wat,553.1562956
19,Sample_S19S_0082_Wat,553.1925971
6,Sample_S19S_0082_Wat,555.1356619
1,Sample_S19S_0082_Wat,555.1639967
12,Sample_S19S_0082_Wat,555.1720029
21,Sample_S19S_0082_Wat,555.2082923
7,Sample_S19S_0082_Wat,555.2365023
11,Sample_S19S_0082_Wat,557.1149049
1,Sample_S19S_0082_Wat,557.1513467
11,Sample_S19S_0082_Wat,559.1092427
14,Sample_S19S_0082_Wat,561.0885432
2,Sample_S19S_0082_Wat,561.1611805
1,Sample_S19S_0082_Wat,561.1975534
4,Sample_S19S_0082_Wat,561.2339983
4,Sample_S19S_0082_Wat,563.1043787
3,Sample_S19S_0082_Wat,563.140767
3,Sample_S19S_0082_Wat,563.1771352
20,Sample_S19S_0082_Wat,563.2134586
17,Sample_S19S_0082_Wat,563.2497644
15,Sample_S19S_0082_Wat,565.2290122
18,Sample_S19S_0082_Wat,565.2654316
10,Sample_S19S_0082_Wat,567.0992538
8,Sample_S19S_0082_Wat,567.1356587
12,Sample_S19S_0082_Wat,567.2083955
10,Sample_S19S_0082_Wat,567.2366591
15,Sample_S19S_0082_Wat,567.2446704
14,Sample_S19S_0082_Wat,569.1147778
9,Sample_S19S_0082_Wat,569.17943
1,Sample_S19S_0082_Wat,569.1874013
19,Sample_S19S_0082_Wat,571.1303995
6,Sample_S19S_0082_Wat,571.1952621
1,Sample_S19S_0082_Wat,571.2316576
18,Sample_S19S_0082_Wat,573.0886509
7,Sample_S19S_0082_Wat,575.1043617
16,Sample_S19S_0082_Wat,575.1770756
27,Sample_S19S_0082_Wat,575.213398
1,Sample_S19S_0082_Wat,577.0836723
35,Sample_S19S_0082_Wat,577.1563035
17,Sample_S19S_0082_Wat,577.1926143
10,Sample_S19S_0082_Wat,579.0992643
25,Sample_S19S_0082_Wat,579.1355972
29,Sample_S19S_0082_Wat,579.1719274
17,Sample_S19S_0082_Wat,579.2082488
3,Sample_S19S_0082_Wat,579.2445526
31,Sample_S19S_0082_Wat,581.1512226
20,Sample_S19S_0082_Wat,581.1875335
14,Sample_S19S_0082_Wat,581.2238624
3,Sample_S19S_0082_Wat,583.1306046
17,Sample_S19S_0082_Wat,583.2032587
11,Sample_S19S_0082_Wat,583.2314722
4,Sample_S19S_0082_Wat,585.2472737
13,Sample_S19S_0082_Wat,587.1041571
6,Sample_S19S_0082_Wat,587.2265632
1,Sample_S19S_0082_Wat,591.0993225
1,Sample_S19S_0082_Wat,591.135742
6,Sample_S19S_0082_Wat,591.1720289
13,Sample_S19S_0082_Wat,591.2083514
12,Sample_S19S_0082_Wat,591.2446301
6,Sample_S19S_0082_Wat,593.1511079
13,Sample_S19S_0082_Wat,593.2240288
11,Sample_S19S_0082_Wat,597.1460191
9,Sample_S19S_0082_Wat,605.2602478
